0_x,0_y,0_z,0_vis,1_x,1_y,1_z,1_vis,2_x,2_y,2_z,2_vis,3_x,3_y,3_z,3_vis,4_x,4_y,4_z,4_vis,5_x,5_y,5_z,5_vis,6_x,6_y,6_z,6_vis,7_x,7_y,7_z,7_vis,8_x,8_y,8_z,8_vis,9_x,9_y,9_z,9_vis,10_x,10_y,10_z,10_vis,11_x,11_y,11_z,11_vis,12_x,12_y,12_z,12_vis,13_x,13_y,13_z,13_vis,14_x,14_y,14_z,14_vis,15_x,15_y,15_z,15_vis,16_x,16_y,16_z,16_vis,17_x,17_y,17_z,17_vis,18_x,18_y,18_z,18_vis,19_x,19_y,19_z,19_vis,20_x,20_y,20_z,20_vis,21_x,21_y,21_z,21_vis,22_x,22_y,22_z,22_vis,23_x,23_y,23_z,23_vis,24_x,24_y,24_z,24_vis,25_x,25_y,25_z,25_vis,26_x,26_y,26_z,26_vis,27_x,27_y,27_z,27_vis,28_x,28_y,28_z,28_vis,29_x,29_y,29_z,29_vis,30_x,30_y,30_z,30_vis,31_x,31_y,31_z,31_vis,32_x,32_y,32_z,32_vis
0.5406326651573181,0.5710344314575195,-1.9694898128509521,0.9976750016212463,0.5675854086875916,0.4546380937099457,-1.8876447677612305,0.995136559009552,0.5911194086074829,0.4500485360622406,-1.887969732284546,0.9955407381057739,0.6140034198760986,0.4455608129501343,-1.8879657983779907,0.9931704998016357,0.4823804497718811,0.4583370089530945,-1.8886750936508179,0.9956578612327576,0.4450984597206116,0.4569249749183655,-1.8877474069595337,0.9965317845344543,0.4133768081665039,0.45655614137649536,-1.8882659673690796,0.9960649013519287,0.6389597654342651,0.4645337164402008,-1.196581244468689,0.9951466917991638,0.3609364628791809,0.4855814278125763,-1.1023093461990356,0.997972846031189,0.582209587097168,0.6669855713844299,-1.6964426040649414,0.9980939626693726,0.4785728454589844,0.6822153925895691,-1.6844232082366943,0.9988152384757996,0.8719995617866516,0.8822600245475769,-0.7139037847518921,0.9882115125656128,0.16464141011238098,0.9409792423248291,-0.6080330610275269,0.9919915795326233,1.263238549232483,1.0692274570465088,-1.3580880165100098,0.20534300804138184,-0.06431970000267029,1.621544361114502,-0.312775194644928,0.4436434507369995,1.0561294555664062,1.0013431310653687,-2.4475998878479004,0.08232511579990387,-0.0664888471364975,2.2012994289398193,-0.6558365821838379,0.10890869051218033,1.1538926362991333,1.1321220397949219,-2.691584587097168,0.07009062170982361,-0.09611818194389343,2.408111810684204,-0.7534684538841248,0.10567223280668259,1.043919324874878,1.1185201406478882,-2.630347728729248,0.09805480390787125,-0.028468836098909378,2.3840529918670654,-0.9105867147445679,0.1642075628042221,1.003021001815796,1.1280144453048706,-2.470973491668701,0.09814060479402542,0.00287242466583848,2.3128201961517334,-0.7236009836196899,0.15067648887634277,0.7907096743583679,2.099108934402466,-0.17620742321014404,0.0006299514789134264,0.3186248540878296,2.1200454235076904,0.1840674728155136,0.0004550243611447513,0.821753978729248,3.097324848175049,-0.2889326810836792,0.0015118205919861794,0.38485196232795715,3.0930862426757812,0.08812416344881058,0.0008777460898272693,0.846510112285614,3.9577431678771973,0.6981308460235596,0.00011160371650476009,0.4264427721500397,3.9452731609344482,0.8987323045730591,2.3486203645006754e-05,0.8594889640808105,4.101380825042725,0.7189515829086304,6.259266956476495e-05,0.4251979887485504,4.08518648147583,0.946253776550293,0.00010489564010640606,0.7834240794181824,4.2615861892700195,-0.30595824122428894,8.638270810479298e-05,0.5125312209129333,4.265021324157715,-0.20004704594612122,0.00012102518667234108
0.5368987917900085,0.5677933096885681,-1.8485702276229858,0.9982900023460388,0.5673996210098267,0.450615793466568,-1.763513207435608,0.9961953163146973,0.5913938283920288,0.4459444284439087,-1.7638177871704102,0.9965860247612,0.6146652102470398,0.4416710436344147,-1.7639636993408203,0.9943477511405945,0.47997409105300903,0.4550379812717438,-1.7732187509536743,0.9967535138130188,0.4429872930049896,0.45420122146606445,-1.7720075845718384,0.9974880814552307,0.41233116388320923,0.4544923007488251,-1.7724615335464478,0.997092604637146,0.6409817337989807,0.4582752585411072,-1.0712345838546753,0.9959405064582825,0.3615375757217407,0.48050832748413086,-1.0759940147399902,0.9986400604248047,0.5817633271217346,0.6607518792152405,-1.5805240869522095,0.9984485507011414,0.4780009388923645,0.6810632944107056,-1.5811563730239868,0.9991201162338257,0.8727935552597046,0.8860223293304443,-0.5649340748786926,0.9855839610099792,0.16835616528987885,0.9437131881713867,-0.5440400838851929,0.9936751127243042,1.2402746677398682,1.0942755937576294,-1.2362991571426392,0.1827511191368103,-0.04529557004570961,1.6376469135284424,-0.2161288559436798,0.48836666345596313,1.0207509994506836,0.9793912172317505,-2.322327136993408,0.09542509913444519,-0.029766425490379333,2.2103989124298096,-0.5496805906295776,0.13587439060211182,1.103279709815979,1.0418963432312012,-2.553556442260742,0.07621186971664429,-0.05600707605481148,2.416029930114746,-0.6390103697776794,0.12592893838882446,0.9352360963821411,0.9443620443344116,-2.465369939804077,0.1016857773065567,0.009515060111880302,2.3914554119110107,-0.772692084312439,0.1916394978761673,0.9686547517776489,1.0727795362472534,-2.3355789184570312,0.10209951549768448,0.039107512682676315,2.318988561630249,-0.609291672706604,0.17708206176757812,0.791076123714447,2.0998566150665283,-0.16816934943199158,0.0007104099495336413,0.32073256373405457,2.120260000228882,0.17632855474948883,0.0005358555936254561,0.8169205784797668,3.097045660018921,-0.3743472099304199,0.0019907390233129263,0.38823065161705017,3.096435070037842,0.10525580495595932,0.0012139825848862529,0.8436684608459473,3.9604227542877197,0.6367506980895996,0.00015287929272744805,0.4276278614997864,3.9511046409606934,0.9303607940673828,3.0383742341655307e-05,0.8560084104537964,4.10368537902832,0.6692984700202942,7.907407416496426e-05,0.42674756050109863,4.091063022613525,0.977481484413147,0.00014433356409426779,0.7805191278457642,4.268405437469482,-0.37807589769363403,0.0001195292643387802,0.5115112066268921,4.271255970001221,-0.13280273973941803,0.0001762417668942362
0.5336863398551941,0.559727132320404,-1.8559467792510986,0.9985360503196716,0.5659236311912537,0.4391130805015564,-1.752617597579956,0.9965125918388367,0.5895098447799683,0.4347703158855438,-1.753330945968628,0.9969175457954407,0.6130622625350952,0.430996298789978,-1.7532336711883545,0.9945204854011536,0.4769151210784912,0.44672292470932007,-1.7444804906845093,0.9971831440925598,0.44018515944480896,0.4474579691886902,-1.7436996698379517,0.9978978037834167,0.4097927212715149,0.4489966034889221,-1.744365930557251,0.9975347518920898,0.6399465799331665,0.44881588220596313,-1.0627933740615845,0.995930552482605,0.36158305406570435,0.4768000841140747,-1.0236862897872925,0.9989709258079529,0.5813779234886169,0.6528422236442566,-1.5944762229919434,0.9985253810882568,0.47668999433517456,0.6765616536140442,-1.5784108638763428,0.9992493987083435,0.8766628503799438,0.8886282444000244,-0.6149908304214478,0.9821988940238953,0.1684214323759079,0.947182297706604,-0.5336042642593384,0.9942131638526917,1.2383304834365845,1.0785411596298218,-1.2636802196502686,0.17077958583831787,-0.05207497999072075,1.6399959325790405,-0.1801227182149887,0.5344155430793762,1.0351797342300415,0.9928808808326721,-2.3754382133483887,0.09738299250602722,-0.03970099613070488,2.21596622467041,-0.45508408546447754,0.15761761367321014,1.1593596935272217,1.0453038215637207,-2.61647367477417,0.07651568204164505,-0.06156887486577034,2.4211161136627197,-0.5482813119888306,0.14045867323875427,1.0838438272476196,1.077560305595398,-2.5635430812835693,0.10001032054424286,0.003513829316943884,2.3983542919158936,-0.6954711675643921,0.21100394427776337,1.0252752304077148,1.0249147415161133,-2.4025938510894775,0.10048989206552505,0.031289275735616684,2.327908754348755,-0.5197386145591736,0.19619320333003998,0.7935643792152405,2.119924783706665,-0.17833703756332397,0.0007707381155341864,0.32418325543403625,2.1395316123962402,0.18642953038215637,0.0005863180267624557,0.8163439035415649,3.112539529800415,-0.4326547682285309,0.0023817671462893486,0.391518771648407,3.1137077808380127,-0.018554728478193283,0.001593159046024084,0.851417064666748,3.9938719272613525,0.5267492532730103,0.00018970547534991056,0.4356181025505066,3.9845173358917236,0.6370480060577393,4.148247171542607e-05,0.8658231496810913,4.1424994468688965,0.5526575446128845,9.18693549465388e-05,0.43420475721359253,4.1276140213012695,0.6667715311050415,0.00019067635003011674,0.7917464971542358,4.29633092880249,-0.5487992763519287,0.00014866917626932263,0.5234788060188293,4.3046064376831055,-0.4645872116088867,0.00024670714628882706
0.5270000100135803,0.5396538972854614,-1.8195016384124756,0.9984666109085083,0.5625784397125244,0.4246135950088501,-1.729143500328064,0.9965668320655823,0.5867050886154175,0.42094865441322327,-1.7296491861343384,0.9969695210456848,0.6113461852073669,0.41740649938583374,-1.7297134399414062,0.99454665184021,0.4692736268043518,0.43476346135139465,-1.7291953563690186,0.9972927570343018,0.4340612292289734,0.437593013048172,-1.7280181646347046,0.9980044364929199,0.4037535786628723,0.44151049852371216,-1.7285327911376953,0.997683048248291,0.6405410170555115,0.439327597618103,-1.0585825443267822,0.9959163069725037,0.36165040731430054,0.4742688834667206,-1.0177812576293945,0.999129593372345,0.5803037285804749,0.6386817693710327,-1.563544750213623,0.998496949672699,0.47257137298583984,0.659061074256897,-1.5523762702941895,0.9992774724960327,0.8799392580986023,0.8879366517066956,-0.6124687790870667,0.9781012535095215,0.1731795370578766,0.9474259614944458,-0.4889148771762848,0.9937053918838501,1.2166621685028076,1.081983208656311,-1.2789725065231323,0.18037420511245728,-0.07190774381160736,1.610463261604309,-0.1829775869846344,0.5767985582351685,1.0276426076889038,0.9919726848602295,-2.4584882259368896,0.1021425649523735,-0.0655691921710968,2.148711919784546,-0.6018193960189819,0.16938893496990204,1.1346431970596313,1.153060793876648,-2.7199416160583496,0.07909734547138214,-0.08599840104579926,2.3475217819213867,-0.7196871638298035,0.14512990415096283,1.0596187114715576,1.1572744846343994,-2.671010732650757,0.1012335792183876,-0.019613763317465782,2.3141207695007324,-0.8613907694816589,0.21499210596084595,0.9250847697257996,0.9895045161247253,-2.4904770851135254,0.10076635330915451,0.006255148444324732,2.246201753616333,-0.6675698757171631,0.2006937712430954,0.7913008332252502,2.1340291500091553,-0.2003544270992279,0.000982796773314476,0.32563966512680054,2.147693395614624,0.20792722702026367,0.0007422608323395252,0.8074460029602051,3.1099255084991455,-0.379587858915329,0.0035186344757676125,0.3838023841381073,3.107269048690796,0.07251514494419098,0.002540006535127759,0.8494166135787964,4.002603054046631,0.6091783046722412,0.00031448504887521267,0.4309558868408203,3.9873111248016357,0.6873734593391418,8.660369348945096e-05,0.8719021081924438,4.1526875495910645,0.6402080655097961,0.00014071913028601557,0.4289640784263611,4.126534938812256,0.7184708714485168,0.0003550208348315209,0.7807102203369141,4.293453693389893,-0.43095725774765015,0.00022352111409418285,0.5149803161621094,4.31179666519165,-0.3698982298374176,0.0004286020412109792
0.5242478847503662,0.516067385673523,-1.776911735534668,0.9984768629074097,0.5599285960197449,0.4060709774494171,-1.674507737159729,0.9967510104179382,0.5832849144935608,0.4017871916294098,-1.6750648021697998,0.9971602559089661,0.6085876822471619,0.3971005082130432,-1.6752580404281616,0.9948863387107849,0.4661484658718109,0.4192577004432678,-1.684735655784607,0.9974101781845093,0.4316549301147461,0.42510440945625305,-1.6838083267211914,0.998116135597229,0.4020276665687561,0.4311068654060364,-1.6843324899673462,0.997811496257782,0.6395024061203003,0.4270663261413574,-0.9832156896591187,0.9961869716644287,0.3620914816856384,0.4691675305366516,-0.9821676015853882,0.9992384910583496,0.5795724987983704,0.6187353134155273,-1.5133417844772339,0.998607873916626,0.4711104929447174,0.6355445384979248,-1.5152993202209473,0.999331533908844,0.8781694173812866,0.8838250637054443,-0.5723758339881897,0.9790168404579163,0.1755305528640747,0.9455484747886658,-0.4384523928165436,0.9938438534736633,1.2254507541656494,1.0850342512130737,-1.4081053733825684,0.20333942770957947,-0.06929183006286621,1.5863209962844849,-0.1027921661734581,0.6015390157699585,0.9738215208053589,0.9534610509872437,-2.6535582542419434,0.12074144929647446,-0.058600373566150665,2.110438823699951,-0.42616525292396545,0.17249813675880432,0.9257854223251343,0.9170973300933838,-2.9228830337524414,0.09020776301622391,-0.07839179784059525,2.2998499870300293,-0.507949948310852,0.14460979402065277,0.8656145334243774,0.8796799182891846,-2.822263717651367,0.11280450224876404,-0.015571275725960732,2.277012586593628,-0.6441388726234436,0.21247638761997223,0.854773223400116,0.8814775943756104,-2.6658453941345215,0.1099863201379776,0.008075190708041191,2.20916485786438,-0.4864822030067444,0.19908329844474792,0.7884972095489502,2.1239373683929443,-0.19167068600654602,0.0013192504411563277,0.3257763385772705,2.139937400817871,0.19885972142219543,0.0009718433138914406,0.8035346269607544,3.093385934829712,-0.3200016915798187,0.00477149011567235,0.3745986819267273,3.0907232761383057,0.15897133946418762,0.0035720912273973227,0.8424975275993347,3.98884654045105,0.6917667388916016,0.0005157337873242795,0.42048993706703186,3.9780290126800537,0.9265658259391785,0.00013822157052345574,0.8585129976272583,4.13511848449707,0.7277434468269348,0.00022483592329081148,0.4193090498447418,4.116006374359131,0.968497633934021,0.0005861552781425416,0.7787973284721375,4.281139850616455,-0.34609752893447876,0.00032779076718725264,0.5052436590194702,4.296076774597168,-0.1402101069688797,0.000607217603828758
0.5211194753646851,0.4947032630443573,-1.712236762046814,0.9985362887382507,0.5546607971191406,0.39191481471061707,-1.6121841669082642,0.9970289468765259,0.5762220025062561,0.38918256759643555,-1.6126682758331299,0.9973512291908264,0.6000351309776306,0.3860875964164734,-1.6129302978515625,0.9954221844673157,0.4645673334598541,0.4010086953639984,-1.6160112619400024,0.9975891709327698,0.4311297833919525,0.40729856491088867,-1.615016222000122,0.9982048273086548,0.4020967483520508,0.4139208495616913,-1.6155879497528076,0.9979771375656128,0.6320038437843323,0.4217783510684967,-0.9377497434616089,0.9964584708213806,0.3643051087856293,0.45475438237190247,-0.9079219102859497,0.999265730381012,0.574463963508606,0.598132312297821,-1.459167242050171,0.9986974000930786,0.4679633677005768,0.6092827320098877,-1.4517269134521484,0.9993525147438049,0.8669163584709167,0.8810178637504578,-0.5271130204200745,0.9803892374038696,0.18128491938114166,0.9399541616439819,-0.4541073441505432,0.9935585260391235,1.198758840560913,1.0662232637405396,-1.0982773303985596,0.22846755385398865,-0.07243753969669342,1.5414263010025024,-0.19418354332447052,0.6138182878494263,1.060763955116272,0.9946718215942383,-2.1762938499450684,0.14716720581054688,-0.08660952746868134,2.05228328704834,-0.5211118459701538,0.17155027389526367,1.196319818496704,1.1449929475784302,-2.406702995300293,0.11012708395719528,-0.11449354887008667,2.241614580154419,-0.6155210137367249,0.1426757127046585,0.9761888384819031,0.9131231904029846,-2.388965368270874,0.13640083372592926,-0.05115430802106857,2.215233087539673,-0.7602668404579163,0.2093992382287979,1.0805468559265137,1.1519581079483032,-2.2174880504608154,0.1323140412569046,-0.026434827595949173,2.151216983795166,-0.5877379775047302,0.19865171611309052,0.7788790464401245,2.1061482429504395,-0.18323002755641937,0.0015196333406493068,0.32188019156455994,2.120007276535034,0.19078212976455688,0.00110319210216403,0.7966501712799072,3.08212947845459,-0.356281042098999,0.0046383654698729515,0.36040592193603516,3.0777647495269775,0.11826483905315399,0.0035066280979663134,0.8224676847457886,3.972839832305908,0.5933563709259033,0.00048526751925237477,0.39874011278152466,3.9444291591644287,0.7208927869796753,0.00012803870777133852,0.8374009132385254,4.115603446960449,0.6212156414985657,0.0002205176278948784,0.3925212323665619,4.076366901397705,0.7553386092185974,0.0005635428824461997,0.763176679611206,4.252472400665283,-0.45941266417503357,0.0003152197750750929,0.4745747447013855,4.251568794250488,-0.35287946462631226,0.000580736726988107
0.5205017924308777,0.48910239338874817,-1.7094370126724243,0.998627245426178,0.5529352426528931,0.38846713304519653,-1.6095609664916992,0.9973235130310059,0.5740965008735657,0.3863183557987213,-1.6100471019744873,0.997454047203064,0.5971324443817139,0.38360241055488586,-1.6102964878082275,0.995996356010437,0.464590460062027,0.39611712098121643,-1.6138986349105835,0.9978384971618652,0.4317777156829834,0.4022475779056549,-1.6128135919570923,0.9982994794845581,0.4038168787956238,0.4088369905948639,-1.6133174896240234,0.9982055425643921,0.6285768747329712,0.4202423393726349,-0.9414685964584351,0.9966007471084595,0.36833932995796204,0.4501396715641022,-0.9035463333129883,0.9992040991783142,0.572281539440155,0.5910352468490601,-1.4589766263961792,0.9987621903419495,0.4679974615573883,0.6021742224693298,-1.448699951171875,0.9993228912353516,0.8634563684463501,0.8772322535514832,-0.5127652883529663,0.981515109539032,0.1911618560552597,0.9368934631347656,-0.48381686210632324,0.9927493333816528,1.139811396598816,0.9389235973358154,-0.8958694338798523,0.22382327914237976,-0.06219315528869629,1.5314058065414429,-0.25491899251937866,0.6300582885742188,1.1635489463806152,1.1315498352050781,-1.8907861709594727,0.13817483186721802,-0.0959680825471878,2.025317907333374,-0.5623763799667358,0.17409424483776093,1.2826929092407227,1.3152225017547607,-2.115368366241455,0.11092183738946915,-0.12902948260307312,2.2080912590026855,-0.6767369508743286,0.1449369490146637,1.2004282474517822,1.3068127632141113,-2.1538429260253906,0.14201143383979797,-0.0659695714712143,2.1713974475860596,-0.8361231684684753,0.21290148794651031,1.1624743938446045,1.3017826080322266,-1.9543912410736084,0.14042434096336365,-0.0382293164730072,2.110233783721924,-0.637903094291687,0.20506934821605682,0.7762254476547241,2.0750043392181396,-0.17729057371616364,0.0013551447773352265,0.32209864258766174,2.0938010215759277,0.1854907125234604,0.0009496226557530463,0.7943651676177979,3.0521769523620605,-0.4434363842010498,0.0034697961527854204,0.36340463161468506,3.056918144226074,0.07404620945453644,0.0026890926528722048,0.8213394284248352,3.9406867027282715,0.4326303005218506,0.00037770846392959356,0.4052077829837799,3.9094138145446777,0.5814965963363647,9.42546539590694e-05,0.8383311033248901,4.08096170425415,0.4524845480918884,0.0001800762111088261,0.3964865803718567,4.035698890686035,0.6092013120651245,0.00042789094732142985,0.7596315741539001,4.2013397216796875,-0.6311729550361633,0.00024468134506605566,0.4872957766056061,4.2032084465026855,-0.47985440492630005,0.00044674184755422175
0.519598662853241,0.49521103501319885,-1.8483483791351318,0.998634934425354,0.553160548210144,0.3930297791957855,-1.7497670650482178,0.9974212050437927,0.5745455026626587,0.3910619914531708,-1.7502422332763672,0.9974274039268494,0.5981367230415344,0.3887348771095276,-1.7504161596298218,0.9962022304534912,0.4654037058353424,0.4012290835380554,-1.7527631521224976,0.9979456067085266,0.43271604180336,0.40677207708358765,-1.7518097162246704,0.9983213543891907,0.4052479863166809,0.412775456905365,-1.7523638010025024,0.9983212947845459,0.6306861639022827,0.4238812029361725,-1.061325192451477,0.9965446591377258,0.37122824788093567,0.454594224691391,-1.0280377864837646,0.9991880655288696,0.572038471698761,0.5972775816917419,-1.5874651670455933,0.9987790584564209,0.46824440360069275,0.6105993986129761,-1.5789378881454468,0.9993166327476501,0.8640645742416382,0.8774054646492004,-0.5903909206390381,0.981906533241272,0.19683611392974854,0.9330752491950989,-0.5780715942382812,0.9922820329666138,1.226062536239624,1.021973729133606,-1.0836765766143799,0.2485288828611374,-0.06402243673801422,1.5168381929397583,-0.29333022236824036,0.6546360850334167,1.178602695465088,1.0559070110321045,-2.159339666366577,0.15459010004997253,-0.09803043305873871,2.0482122898101807,-0.5575640201568604,0.1822448968887329,1.3194916248321533,1.249977707862854,-2.406345844268799,0.12491223216056824,-0.13062049448490143,2.2384636402130127,-0.6667990684509277,0.14880239963531494,1.2382453680038452,1.241244912147522,-2.4146435260772705,0.16027705371379852,-0.06556311994791031,2.2138283252716064,-0.8347374796867371,0.21761278808116913,1.1036933660507202,1.0520448684692383,-2.2125306129455566,0.1580275148153305,-0.037598155438899994,2.151045560836792,-0.6326180100440979,0.21144826710224152,0.7743905782699585,2.0748865604400635,-0.17424491047859192,0.0014527320163324475,0.32234206795692444,2.090994358062744,0.18207062780857086,0.0009916718117892742,0.7850371599197388,3.0464768409729004,-0.41881275177001953,0.003417822765186429,0.3593713641166687,3.046546697616577,-0.006284101866185665,0.002813126426190138,0.8100064992904663,3.9361469745635986,0.4927550256252289,0.0003863830934278667,0.4023614525794983,3.9070169925689697,0.5694761276245117,9.324873826699331e-05,0.8230327367782593,4.076381206512451,0.5155729055404663,0.00019485954544506967,0.39471834897994995,4.035068035125732,0.5863926410675049,0.0004429084074217826,0.7558303475379944,4.202464580535889,-0.5807030200958252,0.00024689885322004557,0.48797640204429626,4.202620506286621,-0.5246869325637817,0.00046007445780560374
0.5158241391181946,0.49720439314842224,-1.8081037998199463,0.9986817836761475,0.5511155128479004,0.39411935210227966,-1.7055641412734985,0.9976005554199219,0.5723842978477478,0.39210519194602966,-1.7060301303863525,0.9975652098655701,0.5946255922317505,0.38976022601127625,-1.7062304019927979,0.9965177774429321,0.4636722505092621,0.4031270146369934,-1.7132861614227295,0.9980804324150085,0.431370347738266,0.40855878591537476,-1.7124454975128174,0.9984031319618225,0.4037744998931885,0.41451746225357056,-1.7129528522491455,0.9984461665153503,0.6276131868362427,0.4250059723854065,-1.0098518133163452,0.9967520236968994,0.37126535177230835,0.4559117257595062,-1.0053786039352417,0.9992220401763916,0.5695400238037109,0.5991397500038147,-1.54647958278656,0.9988479018211365,0.46655577421188354,0.6132281422615051,-1.544758915901184,0.9993463754653931,0.8583514094352722,0.8762876987457275,-0.5752783417701721,0.9830643534660339,0.19660767912864685,0.9321651458740234,-0.562711775302887,0.9922144412994385,1.2191084623336792,1.0039820671081543,-1.1283334493637085,0.2867525517940521,-0.06585590541362762,1.511682152748108,-0.27363771200180054,0.6745272278785706,1.0690089464187622,1.0062395334243774,-2.2068257331848145,0.17695823311805725,-0.0980992466211319,2.012646198272705,-0.5225963592529297,0.18896445631980896,1.1907353401184082,1.112998127937317,-2.454394817352295,0.138841450214386,-0.13000988960266113,2.1902098655700684,-0.6217211484909058,0.15148159861564636,1.0864906311035156,1.033534288406372,-2.4557976722717285,0.17663037776947021,-0.06630639731884003,2.159635066986084,-0.7750163674354553,0.22009830176830292,1.057342767715454,1.0224435329437256,-2.2573435306549072,0.1719135344028473,-0.03929469734430313,2.101107120513916,-0.5911180973052979,0.2141716331243515,0.7685269713401794,2.0681638717651367,-0.166921004652977,0.001814181567169726,0.31986528635025024,2.085885763168335,0.17413826286792755,0.001215595519170165,0.778222382068634,3.042846918106079,-0.35419660806655884,0.004035383462905884,0.3574926257133484,3.035863161087036,0.003505552653223276,0.0033965441398322582,0.8113740682601929,3.930445909500122,0.5072499513626099,0.00045678296010009944,0.40786582231521606,3.9072110652923584,0.5701545476913452,0.00011033985356334597,0.8250576257705688,4.067474842071533,0.5265275239944458,0.00024248086265288293,0.40118566155433655,4.034663200378418,0.5940166711807251,0.0005263644852675498,0.7597876787185669,4.2023162841796875,-0.5593050718307495,0.0002860263339243829,0.49851149320602417,4.203883171081543,-0.5300933122634888,0.0005226364592090249
0.5156236886978149,0.5005053281784058,-1.8269726037979126,0.9988262057304382,0.5503886938095093,0.39586788415908813,-1.7254407405853271,0.9978644251823425,0.5715566873550415,0.39366278052330017,-1.7259187698364258,0.9978269338607788,0.5934038758277893,0.3911147713661194,-1.7261396646499634,0.9968961477279663,0.46366429328918457,0.4053190052509308,-1.7326714992523193,0.9982982873916626,0.43145841360092163,0.4104900658130646,-1.7317832708358765,0.9985817074775696,0.4039943218231201,0.41603609919548035,-1.7323291301727295,0.9986260533332825,0.626301109790802,0.4257277548313141,-1.015164852142334,0.99704509973526,0.37116366624832153,0.45713672041893005,-1.015982747077942,0.9993115663528442,0.5694718956947327,0.6014825105667114,-1.5612502098083496,0.9989641308784485,0.4667392671108246,0.6155440807342529,-1.5595877170562744,0.9994181394577026,0.859350860118866,0.875291109085083,-0.5606964826583862,0.9836258888244629,0.1947236955165863,0.9339934587478638,-0.5630009174346924,0.9926006197929382,1.20587158203125,1.0251500606536865,-1.1542878150939941,0.29357147216796875,-0.054355937987565994,1.5435899496078491,-0.3202665150165558,0.683917224407196,1.0876836776733398,1.0096039772033691,-2.3249785900115967,0.18015418946743011,-0.0747719556093216,2.0755603313446045,-0.6779607534408569,0.19225020706653595,1.2013423442840576,1.15968918800354,-2.584580898284912,0.14098277688026428,-0.10265929996967316,2.2647531032562256,-0.8014613389968872,0.15314336121082306,1.0184195041656494,0.993966281414032,-2.587493419647217,0.17908719182014465,-0.04014729708433151,2.2373924255371094,-0.9514423608779907,0.22179725766181946,1.084998607635498,1.1663472652435303,-2.378800392150879,0.17248280346393585,-0.01306595653295517,2.173736572265625,-0.7478658556938171,0.2148047238588333,0.7710345983505249,2.078359842300415,-0.16701573133468628,0.0019444527570158243,0.32109954953193665,2.095817804336548,0.17430104315280914,0.00132254627533257,0.7809590697288513,3.049396514892578,-0.3342123329639435,0.004353657364845276,0.36145564913749695,3.0441834926605225,0.028756793588399887,0.003803639905527234,0.8175382614135742,3.934304714202881,0.5969196557998657,0.0004965960397385061,0.41186314821243286,3.918137788772583,0.6653102040290833,0.0001254335220437497,0.8317142724990845,4.073037624359131,0.6251928806304932,0.0002671439724508673,0.4058759808540344,4.048186779022217,0.6938034296035767,0.0005797534249722958,0.7657048106193542,4.211026191711426,-0.4536862373352051,0.00031345253228209913,0.5003318786621094,4.218770503997803,-0.4281095564365387,0.0005979121779091656
0.5155917406082153,0.5074394345283508,-1.8096927404403687,0.9988234639167786,0.550369381904602,0.4015754163265228,-1.7071692943572998,0.9978219270706177,0.5714924931526184,0.3994862139225006,-1.7076581716537476,0.9978154897689819,0.5934139490127563,0.39751145243644714,-1.7078354358673096,0.9968268275260925,0.4641129970550537,0.41022029519081116,-1.717176079750061,0.9982793927192688,0.43187469244003296,0.4146963357925415,-1.716343879699707,0.9985933899879456,0.40462660789489746,0.4196464717388153,-1.7168877124786377,0.9986267685890198,0.6261943578720093,0.43101274967193604,-1.005430817604065,0.9970276951789856,0.37129712104797363,0.46043267846107483,-1.0021322965621948,0.9993389844894409,0.5693534016609192,0.6078779101371765,-1.542260766029358,0.9989804625511169,0.466849148273468,0.6215081810951233,-1.544572114944458,0.9994417428970337,0.8567471504211426,0.8742666840553284,-0.5543457269668579,0.9848145842552185,0.1929081529378891,0.9348967671394348,-0.5300831198692322,0.9930855631828308,1.2186996936798096,1.0301902294158936,-1.0760542154312134,0.3282274901866913,-0.052079785615205765,1.5381300449371338,-0.24239566922187805,0.688439667224884,1.1020395755767822,1.0465738773345947,-2.2134227752685547,0.2020665854215622,-0.07426381856203079,2.061427354812622,-0.542983889579773,0.19552601873874664,1.235926866531372,1.2228336334228516,-2.460505723953247,0.15261872112751007,-0.1040492057800293,2.246776580810547,-0.661729633808136,0.15477409958839417,1.143371343612671,1.2085188627243042,-2.4845364093780518,0.1911611109972,-0.03975521773099899,2.2217042446136475,-0.8166073560714722,0.22342386841773987,1.1037743091583252,1.207298755645752,-2.273069143295288,0.1826198548078537,-0.012699780985713005,2.158111810684204,-0.6161171793937683,0.21583698689937592,0.770193338394165,2.0799155235290527,-0.16158556938171387,0.002308580791577697,0.3210257291793823,2.096832752227783,0.16906538605690002,0.0016058316687121987,0.7812888026237488,3.054178476333618,-0.40770697593688965,0.005348464008420706,0.3624189496040344,3.0472517013549805,-0.04422060027718544,0.004613679368048906,0.8117324709892273,3.9374797344207764,0.45914381742477417,0.0005829252768307924,0.4097537100315094,3.923187494277954,0.5360137224197388,0.000151006956002675,0.8233345746994019,4.0766377449035645,0.47581252455711365,0.0003197258629370481,0.40484994649887085,4.055365562438965,0.5569068789482117,0.0007014391012489796,0.7612777948379517,4.2187042236328125,-0.6432792544364929,0.0003661047376226634,0.49629324674606323,4.223257064819336,-0.5853168964385986,0.00068854377605021
0.4802878499031067,0.5368295907974243,-1.755537748336792,0.9982830882072449,0.522456705570221,0.4247242510318756,-1.685044288635254,0.9967808127403259,0.552880585193634,0.4196169972419739,-1.685564637184143,0.9967373609542847,0.5741274356842041,0.417026549577713,-1.6859725713729858,0.9952952861785889,0.4301801323890686,0.436959832906723,-1.6684643030166626,0.9975147247314453,0.39981895685195923,0.4403055012226105,-1.6675093173980713,0.9979214072227478,0.3764652907848358,0.4448070526123047,-1.6680933237075806,0.9979811906814575,0.6108967065811157,0.43644067645072937,-1.0724031925201416,0.9958022236824036,0.3585665822029114,0.47368162870407104,-0.9452093243598938,0.9989984035491943,0.5465698838233948,0.6296173334121704,-1.5136606693267822,0.9985013008117676,0.4362607002258301,0.6519525051116943,-1.479434847831726,0.9991447925567627,0.8579389452934265,0.8755640387535095,-0.6065973043441772,0.976599395275116,0.19096407294273376,0.9319063425064087,-0.4571177363395691,0.9916518330574036,1.2000104188919067,1.0882484912872314,-1.0464608669281006,0.26304396986961365,-0.04141255095601082,1.5631784200668335,-0.2778078615665436,0.6319728493690491,1.134825348854065,1.134666085243225,-2.032003164291382,0.15623478591442108,-0.07071059197187424,2.0849080085754395,-0.7552673816680908,0.19280998408794403,1.2279961109161377,1.2996615171432495,-2.25496244430542,0.12435150146484375,-0.10426521301269531,2.272953987121582,-0.8929105997085571,0.15949486196041107,1.1508073806762695,1.2905851602554321,-2.2682759761810303,0.15846005082130432,-0.04241142421960831,2.238528251647949,-1.0365020036697388,0.23171715438365936,1.113532304763794,1.2932275533676147,-2.0833404064178467,0.15355364978313446,-0.010916722007095814,2.175625801086426,-0.8304038047790527,0.22106748819351196,0.770240843296051,2.0829179286956787,-0.21162092685699463,0.0017901788232848048,0.32392022013664246,2.0938494205474854,0.21926923096179962,0.0012624432565644383,0.7818101644515991,3.046381950378418,-0.4609007239341736,0.004705057013779879,0.3747877776622772,3.04420804977417,0.03823577240109444,0.003840336576104164,0.825529932975769,3.9368224143981934,0.3786710202693939,0.0005230254027992487,0.4273483157157898,3.915708065032959,0.5152556300163269,0.00013540394138544798,0.8565762639045715,4.080567359924316,0.39724892377853394,0.00027370089082978666,0.42529600858688354,4.0455121994018555,0.5338752269744873,0.0006143972859717906,0.7501665353775024,4.201387882232666,-0.6453635096549988,0.0003218606871087104,0.49929356575012207,4.21975564956665,-0.5096713304519653,0.000635678821709007
0.4784783720970154,0.5386878848075867,-1.8720731735229492,0.9978909492492676,0.5203895568847656,0.4266667664051056,-1.7976529598236084,0.9958312511444092,0.5504670143127441,0.4218755066394806,-1.7979618310928345,0.9958391785621643,0.5713441967964172,0.41959676146507263,-1.7981595993041992,0.9938285946846008,0.4291800856590271,0.43816864490509033,-1.7875826358795166,0.9968535900115967,0.3989521861076355,0.4414880573749542,-1.7868455648422241,0.9974188804626465,0.37509435415267944,0.4460555613040924,-1.7874507904052734,0.9974627494812012,0.607753336429596,0.4390181601047516,-1.155970811843872,0.9945972561836243,0.3569740355014801,0.4751614034175873,-1.0826635360717773,0.9987679719924927,0.5437139868736267,0.6322612762451172,-1.6229884624481201,0.9980757832527161,0.43422842025756836,0.6530088782310486,-1.5990809202194214,0.998940646648407,0.8546797633171082,0.8769158720970154,-0.696470320224762,0.9724826216697693,0.1864667534828186,0.9307230114936829,-0.5751767754554749,0.9909881949424744,1.2160100936889648,1.027992606163025,-1.3985140323638916,0.24698159098625183,-0.04457222670316696,1.552034616470337,-0.3974248766899109,0.6106773614883423,1.0569192171096802,1.0704213380813599,-2.498553514480591,0.13611972332000732,-0.07589931786060333,2.077695608139038,-0.8093209266662598,0.19652540981769562,1.0314236879348755,1.0249111652374268,-2.761352062225342,0.1100597009062767,-0.10952794551849365,2.257591962814331,-0.9378932118415833,0.16399875283241272,1.0582505464553833,1.0829662084579468,-2.693070888519287,0.1409367322921753,-0.05252991244196892,2.2315452098846436,-1.086419701576233,0.23752178251743317,0.9506046175956726,0.9816945791244507,-2.523014545440674,0.1374579668045044,-0.020953809842467308,2.173043966293335,-0.881085991859436,0.2242501974105835,0.7598305940628052,2.080904960632324,-0.19621941447257996,0.0016549566062167287,0.3226804733276367,2.087890148162842,0.20311275124549866,0.001172320218756795,0.7713884115219116,3.0414106845855713,-0.4420686364173889,0.005278342869132757,0.3709638714790344,3.0395545959472656,-0.008499480783939362,0.004124268423765898,0.8168719410896301,3.9341721534729004,0.4075236916542053,0.0005947149475105107,0.420332133769989,3.9123473167419434,0.5190600752830505,0.00015312744653783739,0.8455360531806946,4.077885627746582,0.42832642793655396,0.00030025438172742724,0.41749390959739685,4.04143762588501,0.5400326251983643,0.0006843547453172505,0.7413700819015503,4.198408603668213,-0.6008785367012024,0.00034777686232700944,0.4932175576686859,4.218612194061279,-0.521509051322937,0.0006936118006706238
0.476276159286499,0.5389966368675232,-1.7727234363555908,0.9977689981460571,0.5189934968948364,0.42738357186317444,-1.69350266456604,0.9955531358718872,0.5490140318870544,0.4227772355079651,-1.6941322088241577,0.9955794215202332,0.5700703859329224,0.4206673204898834,-1.6945321559906006,0.9933356046676636,0.42817187309265137,0.438569575548172,-1.674772024154663,0.9966875910758972,0.3980419635772705,0.44177645444869995,-1.6737892627716064,0.9973132014274597,0.3743074834346771,0.4462401270866394,-1.674346923828125,0.9973325729370117,0.6067928075790405,0.44038641452789307,-1.0641703605651855,0.9942224025726318,0.3563861548900604,0.47530287504196167,-0.9329368472099304,0.9987154006958008,0.5417224168777466,0.6324684023857117,-1.528436541557312,0.9979221224784851,0.4314607083797455,0.6528030633926392,-1.492177128791809,0.9988743662834167,0.8548938632011414,0.8783101439476013,-0.6340223550796509,0.9697986841201782,0.18426001071929932,0.929562509059906,-0.43011313676834106,0.9903942346572876,1.2107819318771362,1.0522024631500244,-1.1115751266479492,0.23806537687778473,-0.04998735338449478,1.548085331916809,-0.21741673350334167,0.6046968698501587,1.047558307647705,1.0484788417816162,-2.0732312202453613,0.12383711338043213,-0.08541940152645111,2.0632317066192627,-0.628199577331543,0.1964147537946701,1.210610032081604,1.2466861009597778,-2.286045789718628,0.10188993066549301,-0.11920175701379776,2.247074604034424,-0.7322045564651489,0.16459447145462036,1.134565830230713,1.240502953529358,-2.2945148944854736,0.1311301589012146,-0.05796057730913162,2.215818166732788,-0.8697766065597534,0.23734641075134277,1.100695013999939,1.2420419454574585,-2.119324207305908,0.12866725027561188,-0.026037704199552536,2.1560888290405273,-0.6949477195739746,0.22369223833084106,0.7569781541824341,2.0823962688446045,-0.21336345374584198,0.001591839361935854,0.3190334737300873,2.088494300842285,0.22066374123096466,0.0011228013318032026,0.7661595940589905,3.0294313430786133,-0.49284833669662476,0.005545852705836296,0.3618038296699524,3.0307908058166504,0.1153777465224266,0.004411245696246624,0.8135104179382324,3.9271492958068848,0.3544258177280426,0.0006457409472204745,0.41167816519737244,3.9007692337036133,0.6480106115341187,0.00018114833801519126,0.8427430987358093,4.073572635650635,0.37478601932525635,0.0003103470371570438,0.40829452872276306,4.028683662414551,0.6696247458457947,0.0007707306649535894,0.7374303936958313,4.1882004737854,-0.6685752272605896,0.0003748361486941576,0.4877753257751465,4.211226463317871,-0.3709098696708679,0.0007838510791771114
0.47589293122291565,0.5386641621589661,-1.7545976638793945,0.9976651072502136,0.5184542536735535,0.427248477935791,-1.6717250347137451,0.9952200651168823,0.5483525395393372,0.4227710962295532,-1.6723062992095947,0.9952774047851562,0.5694873332977295,0.42072203755378723,-1.6725775003433228,0.9927965402603149,0.42796915769577026,0.43804216384887695,-1.659714698791504,0.9964656233787537,0.3979519009590149,0.44117748737335205,-1.658797264099121,0.9971591830253601,0.3740420937538147,0.44561120867729187,-1.6593444347381592,0.9971456527709961,0.6063603758811951,0.44069793820381165,-1.038357138633728,0.9937595129013062,0.35622334480285645,0.47481805086135864,-0.9383766055107117,0.9986367225646973,0.5410239696502686,0.6322022080421448,-1.5100749731063843,0.9977747797966003,0.43094953894615173,0.6520607471466064,-1.4825230836868286,0.9988033771514893,0.8543382883071899,0.8791525959968567,-0.5957320332527161,0.9681582450866699,0.18319563567638397,0.9290173053741455,-0.4538354277610779,0.990278959274292,1.2083529233932495,1.0536271333694458,-1.1308729648590088,0.230610191822052,-0.0477273128926754,1.5484306812286377,-0.2278425395488739,0.5995233654975891,1.082595705986023,1.0474803447723389,-2.1219699382781982,0.11849022656679153,-0.08159681409597397,2.068026065826416,-0.5276526212692261,0.19711145758628845,1.2206447124481201,1.1937003135681152,-2.343449354171753,0.09910307079553604,-0.1153857484459877,2.2525718212127686,-0.629105806350708,0.1667490154504776,1.143240213394165,1.1891459226608276,-2.334772825241089,0.12777546048164368,-0.054809559136629105,2.2246787548065186,-0.7783631682395935,0.2399115115404129,1.1094918251037598,1.1991026401519775,-2.164152145385742,0.1263718158006668,-0.023152794688940048,2.164053440093994,-0.5974907875061035,0.22639113664627075,0.7571821212768555,2.0833489894866943,-0.2030823677778244,0.001539153978228569,0.3187870979309082,2.089264392852783,0.21044667065143585,0.0010790666565299034,0.7683137655258179,3.0360894203186035,-0.49026936292648315,0.0053218211978673935,0.3632865250110626,3.035877227783203,0.031473517417907715,0.004250232130289078,0.8166484832763672,3.932014226913452,0.35966700315475464,0.0006250355509109795,0.4161405563354492,3.904503345489502,0.5462730526924133,0.00017625784676056355,0.8440067172050476,4.07840633392334,0.3789564371109009,0.0003012843371834606,0.4119059443473816,4.032976150512695,0.5657789707183838,0.0007644835277460515,0.7438103556632996,4.195034503936768,-0.6715718507766724,0.00036309962160885334,0.49731677770614624,4.215214729309082,-0.4934086799621582,0.0007653821958228946
0.47551146149635315,0.5381410121917725,-1.7744190692901611,0.99756920337677,0.5180621147155762,0.4271015226840973,-1.696593999862671,0.9949657320976257,0.5478997230529785,0.4228345453739166,-1.6971336603164673,0.9949998259544373,0.5690845251083374,0.420951783657074,-1.697411298751831,0.9923635721206665,0.42771854996681213,0.4373866617679596,-1.685328722000122,0.9963194131851196,0.3978174924850464,0.44048336148262024,-1.6844409704208374,0.9970305562019348,0.3738698661327362,0.4449822008609772,-1.6850407123565674,0.9970314502716064,0.6057581305503845,0.4416230320930481,-1.0717370510101318,0.9932678937911987,0.3560064435005188,0.47477564215660095,-0.9915968775749207,0.9985572695732117,0.5406430959701538,0.6321614384651184,-1.5302021503448486,0.9976164698600769,0.4307745397090912,0.6516915559768677,-1.5060940980911255,0.9987366199493408,0.8530634045600891,0.8809994459152222,-0.6187461614608765,0.9635879993438721,0.18197061121463776,0.9296888709068298,-0.5321636199951172,0.9897351264953613,1.1888338327407837,1.082340121269226,-1.0929642915725708,0.20822958648204803,-0.05477261543273926,1.5446065664291382,-0.3301295340061188,0.5994340777397156,1.139655351638794,1.206170678138733,-2.0591726303100586,0.10801480710506439,-0.09557132422924042,2.0546538829803467,-0.7299124598503113,0.20289842784404755,1.2392524480819702,1.2919033765792847,-2.276015281677246,0.09350929409265518,-0.1320767104625702,2.2367308139801025,-0.8528207540512085,0.17201471328735352,1.1615092754364014,1.2848395109176636,-2.293914318084717,0.12147501111030579,-0.0706993043422699,2.2051644325256348,-1.0002591609954834,0.24764494597911835,1.1231439113616943,1.2875455617904663,-2.1116480827331543,0.12117949873209,-0.038081295788288116,2.146766185760498,-0.801274299621582,0.23358382284641266,0.7525978088378906,2.083803653717041,-0.19347277283668518,0.0013972879387438297,0.3163355886936188,2.089585304260254,0.2005045861005783,0.0009953960543498397,0.7633613348007202,3.0355324745178223,-0.4835417866706848,0.005266955122351646,0.3618012070655823,3.035168409347534,-0.02765611931681633,0.0041798437014222145,0.8129796981811523,3.929913282394409,0.3437640070915222,0.0006178694311529398,0.41307806968688965,3.903557777404785,0.45942339301109314,0.0001750061783241108,0.840161919593811,4.076270580291748,0.3598594665527344,0.0002941717393696308,0.4094577431678772,4.031986713409424,0.4766013026237488,0.0007485994719900191,0.7381577491760254,4.1927666664123535,-0.6810293197631836,0.00035291019594296813,0.4883783757686615,4.212714195251465,-0.5603684186935425,0.0007588813314214349
0.47663235664367676,0.5366467833518982,-1.7825472354888916,0.9977738261222839,0.5189648270606995,0.4260147511959076,-1.6975876092910767,0.9954631328582764,0.548552393913269,0.4218769967556,-1.698190689086914,0.9954256415367126,0.5694101452827454,0.4200957715511322,-1.6985633373260498,0.9930581450462341,0.4287644028663635,0.4355858862400055,-1.6881201267242432,0.9967001676559448,0.3991774916648865,0.43860262632369995,-1.6871490478515625,0.9973210096359253,0.3745342195034027,0.4433324635028839,-1.6876943111419678,0.9973398447036743,0.6064984202384949,0.4412311315536499,-1.0479953289031982,0.993796169757843,0.3561302423477173,0.47428300976753235,-0.9582322835922241,0.9986957311630249,0.5414572954177856,0.6316146850585938,-1.5311954021453857,0.99781334400177,0.4320935308933258,0.6505279541015625,-1.5062739849090576,0.9988352656364441,0.8562978506088257,0.8811506032943726,-0.5935393571853638,0.9628170132637024,0.18136057257652283,0.9325541257858276,-0.48801344633102417,0.9899148941040039,1.1922950744628906,1.0809886455535889,-1.0166480541229248,0.19280168414115906,-0.04906395822763443,1.5615228414535522,-0.3002238869667053,0.6107883453369141,1.1819099187850952,1.199572205543518,-1.9730863571166992,0.10410126298666,-0.08466993272304535,2.089083433151245,-0.7583309412002563,0.21098601818084717,1.2500087022781372,1.3169313669204712,-2.187136650085449,0.09232841432094574,-0.12031964957714081,2.277672529220581,-0.884486198425293,0.17979119718074799,1.1744693517684937,1.3028180599212646,-2.2052042484283447,0.12048526108264923,-0.057629697024822235,2.2463157176971436,-1.0320525169372559,0.258635014295578,1.1346079111099243,1.3021626472473145,-2.0254197120666504,0.12057600170373917,-0.024628866463899612,2.18418550491333,-0.8319720029830933,0.24378633499145508,0.761515736579895,2.09104323387146,-0.21536317467689514,0.0012877770932391286,0.3206268846988678,2.09975266456604,0.22263681888580322,0.0009264316176995635,0.7745288610458374,3.041236639022827,-0.4883139729499817,0.005076408386230469,0.3702993094921112,3.0471227169036865,0.12506017088890076,0.004045335575938225,0.8296686410903931,3.9376168251037598,0.40831080079078674,0.0006149915279820561,0.43140625953674316,3.914856433868408,0.6844652891159058,0.00016914917796384543,0.8583804965019226,4.085922718048096,0.4306412637233734,0.0002864579437300563,0.42950543761253357,4.043520927429199,0.7086011171340942,0.0007451870478689671,0.759546160697937,4.199475288391113,-0.6170789003372192,0.0003434367827139795,0.509063184261322,4.226079940795898,-0.33866098523139954,0.000762999290600419
0.47965583205223083,0.5223991870880127,-1.7772138118743896,0.9977076649665833,0.5206685662269592,0.41775253415107727,-1.6891849040985107,0.9954444766044617,0.549301028251648,0.41411128640174866,-1.689781904220581,0.9953903555870056,0.5698303580284119,0.4120538532733917,-1.690150499343872,0.9930087924003601,0.43250808119773865,0.4260856509208679,-1.6859248876571655,0.9966791868209839,0.4040400981903076,0.42884963750839233,-1.6850547790527344,0.9972996711730957,0.3780212998390198,0.4330519139766693,-1.685644507408142,0.997331976890564,0.607341468334198,0.4350854754447937,-1.0342724323272705,0.993701696395874,0.3582609295845032,0.46536505222320557,-0.9790487289428711,0.9986864328384399,0.5423580408096313,0.6188887357711792,-1.52461838722229,0.9977809190750122,0.43581199645996094,0.6369494795799255,-1.5079376697540283,0.9988241195678711,0.8584027290344238,0.879664421081543,-0.5969845056533813,0.9603820443153381,0.18344540894031525,0.9320980906486511,-0.5356506109237671,0.9895918965339661,1.181983232498169,1.0940589904785156,-1.1264903545379639,0.17586325109004974,-0.03765053302049637,1.560334324836731,-0.3865624964237213,0.6015704870223999,1.1153995990753174,1.1361438035964966,-2.2362020015716553,0.09830179065465927,-0.06472610682249069,2.0739004611968994,-0.8792896270751953,0.20726515352725983,1.1996607780456543,1.2790648937225342,-2.490002155303955,0.08957773447036743,-0.09714826941490173,2.2569799423217773,-1.0210745334625244,0.1780119389295578,1.1269819736480713,1.2628480195999146,-2.506154775619507,0.11717824637889862,-0.03617704659700394,2.2224326133728027,-1.1638010740280151,0.2569490671157837,1.0826146602630615,1.2635854482650757,-2.2930703163146973,0.1169813722372055,-0.004807774908840656,2.1604602336883545,-0.9519314765930176,0.24132703244686127,0.7638176679611206,2.0785176753997803,-0.19331733882427216,0.0012273418251425028,0.32338792085647583,2.089458465576172,0.20040731132030487,0.0009134325664490461,0.78255295753479,3.0371944904327393,-0.4043450951576233,0.0051673781126737595,0.3807688355445862,3.0401084423065186,0.017818881198763847,0.00405366625636816,0.8340166211128235,3.9313673973083496,0.4861576557159424,0.00062799226725474,0.4407362937927246,3.906097412109375,0.580309271812439,0.00017121054406743497,0.8593136668205261,4.078198432922363,0.5064367055892944,0.00028876576106995344,0.4381963312625885,4.034045219421387,0.6039028763771057,0.000745921628549695,0.7680080533027649,4.191247940063477,-0.5302306413650513,0.0003498717269394547,0.5189062356948853,4.212146282196045,-0.4654150903224945,0.0007650930201634765
0.4836645722389221,0.4929355978965759,-1.6796882152557373,0.9978321194648743,0.5231806635856628,0.39151403307914734,-1.5846620798110962,0.9958094954490662,0.550273060798645,0.3886680006980896,-1.5850828886032104,0.9957331418991089,0.5703616142272949,0.38624265789985657,-1.5852477550506592,0.9936488270759583,0.43627065420150757,0.40201854705810547,-1.5897345542907715,0.9969015121459961,0.4087614417076111,0.4067170023918152,-1.589067816734314,0.9974783658981323,0.3824158310890198,0.41179850697517395,-1.589792013168335,0.9975597262382507,0.6074663400650024,0.4181108772754669,-0.926275372505188,0.99418705701828,0.3616730570793152,0.44912469387054443,-0.9072462916374207,0.9987807273864746,0.543884813785553,0.5902587175369263,-1.4291465282440186,0.9979783892631531,0.44163528084754944,0.6075463891029358,-1.4252769947052002,0.9989332556724548,0.8508167266845703,0.8754090070724487,-0.5087519288063049,0.9636488556861877,0.19305916130542755,0.9237549304962158,-0.49248018860816956,0.9901854395866394,1.1775639057159424,1.0510687828063965,-1.2360177040100098,0.19278591871261597,-0.041523683816194534,1.5085567235946655,-0.4264753758907318,0.6239722371101379,0.9661008715629578,0.9770638346672058,-2.415081024169922,0.10703801363706589,-0.06842699646949768,2.0145702362060547,-0.9569379687309265,0.20889583230018616,0.9556409120559692,0.9634726643562317,-2.6884045600891113,0.09531338512897491,-0.10033611208200455,2.189636707305908,-1.1115227937698364,0.17782074213027954,0.837276816368103,0.9155238270759583,-2.6220433712005615,0.1232864111661911,-0.03842286393046379,2.1641435623168945,-1.2508224248886108,0.2557797431945801,0.8301563262939453,0.9159274697303772,-2.441460609436035,0.1223009005188942,-0.00986196007579565,2.1063873767852783,-1.0289629697799683,0.2417546957731247,0.7601640224456787,2.051117181777954,-0.15719778835773468,0.0014513497008010745,0.32391470670700073,2.0580544471740723,0.16384387016296387,0.001110269338823855,0.7768756151199341,3.022273540496826,-0.28685012459754944,0.005586156155914068,0.37380704283714294,3.017129421234131,-0.01927145943045616,0.0044381283223629,0.8201203346252441,3.9112956523895264,0.5747269988059998,0.0006339862011373043,0.42997804284095764,3.88724422454834,0.49928537011146545,0.00017442263197153807,0.838911235332489,4.050248146057129,0.5983422994613647,0.0003056011046282947,0.42627424001693726,4.013607501983643,0.5205596089363098,0.000756654713768512,0.7580466270446777,4.176417827606201,-0.41143035888671875,0.0003546994412317872,0.5110427737236023,4.1838154792785645,-0.5205707550048828,0.0007284304592758417
0.4927625060081482,0.43509894609451294,-1.6628707647323608,0.9977855086326599,0.5278763175010681,0.3377813398838043,-1.5636143684387207,0.995802104473114,0.5527020692825317,0.3361162543296814,-1.5640175342559814,0.995467483997345,0.5730842351913452,0.33678096532821655,-1.5643460750579834,0.9938592314720154,0.4459053575992584,0.34912434220314026,-1.5646743774414062,0.9969399571418762,0.419262558221817,0.3551477789878845,-1.5636794567108154,0.9973909854888916,0.39400142431259155,0.36304971575737,-1.5642504692077637,0.997649610042572,0.6119846701622009,0.38528865575790405,-0.9142372012138367,0.9937137961387634,0.3700695037841797,0.4168826937675476,-0.8753422498703003,0.9985787272453308,0.548700213432312,0.5325059294700623,-1.4227135181427002,0.9978452920913696,0.4524792730808258,0.5444744825363159,-1.4107693433761597,0.9988445043563843,0.8505934476852417,0.8576408624649048,-0.456139475107193,0.963862955570221,0.19750675559043884,0.9142412543296814,-0.5226466059684753,0.9905998706817627,1.0647327899932861,0.9234219193458557,-0.7510958909988403,0.1529379040002823,-0.042189620435237885,1.5035425424575806,-0.5212090611457825,0.6282283067703247,1.1693694591522217,1.2290961742401123,-1.7032506465911865,0.08700942993164062,-0.07298167049884796,1.990417718887329,-1.2613189220428467,0.21481621265411377,1.2544541358947754,1.4437566995620728,-1.9339529275894165,0.08329881727695465,-0.11044234037399292,2.162097692489624,-1.4669984579086304,0.1822415143251419,1.1827831268310547,1.43153715133667,-1.9911518096923828,0.11156224459409714,-0.04461232200264931,2.127139091491699,-1.6265684366226196,0.26415717601776123,1.1436082124710083,1.4174385070800781,-1.774672508239746,0.11215025931596756,-0.01485410612076521,2.0699961185455322,-1.3525351285934448,0.25191882252693176,0.7634283304214478,1.9850654602050781,-0.1280861347913742,0.0010821102187037468,0.3264180123806,2.014583110809326,0.13596126437187195,0.0008334781159646809,0.7998719811439514,2.9528234004974365,-0.4293721318244934,0.003777468577027321,0.3905622363090515,2.968966484069824,-0.15166637301445007,0.0029583380091935396,0.848042368888855,3.832737445831299,0.30550527572631836,0.00043528637615963817,0.4489043354988098,3.8306589126586914,0.2560725808143616,0.00011448022996773943,0.864427924156189,3.969573497772217,0.3141985535621643,0.00021575474238488823,0.4407191276550293,3.958388566970825,0.26405709981918335,0.0004988657892681658,0.7976565361022949,4.085893630981445,-0.7244302034378052,0.00024761457461863756,0.5384150147438049,4.101831912994385,-0.809636116027832,0.0004988866276107728
0.5047408938407898,0.40740764141082764,-1.593530297279358,0.9978727698326111,0.5361196994781494,0.31558480858802795,-1.4939578771591187,0.9958659410476685,0.557689905166626,0.31462720036506653,-1.4943561553955078,0.995420515537262,0.5786764621734619,0.3157791495323181,-1.494692087173462,0.9942092299461365,0.4582970142364502,0.32597455382347107,-1.4991395473480225,0.9970147013664246,0.43109631538391113,0.33127161860466003,-1.498070478439331,0.9974055886268616,0.4081467092037201,0.33830589056015015,-1.49863862991333,0.9977601170539856,0.618182361125946,0.36606648564338684,-0.8480138778686523,0.9937190413475037,0.3807693123817444,0.4001713991165161,-0.82713383436203,0.9984685778617859,0.5588721036911011,0.5029315948486328,-1.3544402122497559,0.9979937672615051,0.46512943506240845,0.5126891732215881,-1.3481364250183105,0.9988895654678345,0.85498046875,0.8306618928909302,-0.42551761865615845,0.9712814092636108,0.20942004024982452,0.910291850566864,-0.49425411224365234,0.9920685887336731,1.0472781658172607,0.9089480042457581,-0.6855882406234741,0.15735499560832977,0.006422309670597315,1.5017300844192505,-0.5510462522506714,0.6426731944084167,1.18783700466156,1.4444928169250488,-1.6461381912231445,0.08025795966386795,0.008812660351395607,2.0007071495056152,-1.2853522300720215,0.22792425751686096,1.26651930809021,1.5636508464813232,-1.8768556118011475,0.07842395454645157,-0.01991092413663864,2.1772994995117188,-1.4786709547042847,0.19075320661067963,1.2018407583236694,1.5565199851989746,-1.9556267261505127,0.10805764049291611,0.045700803399086,2.1377129554748535,-1.6278833150863647,0.2743400037288666,1.1593364477157593,1.5401160717010498,-1.7256929874420166,0.11009430140256882,0.07306947559118271,2.078986406326294,-1.3664522171020508,0.26204103231430054,0.780098021030426,1.9465358257293701,-0.1296120136976242,0.0009350865730084479,0.3456260859966278,1.9822453260421753,0.13697181642055511,0.0007271236390806735,0.8287202715873718,2.903743028640747,-0.24360904097557068,0.0026017739437520504,0.41895589232444763,2.9260993003845215,0.07319128513336182,0.0020598594564944506,0.8800279498100281,3.7621381282806396,0.6022994518280029,0.0003068012883886695,0.47872495651245117,3.7700958251953125,0.6355432271957397,7.907112740213051e-05,0.8977810740470886,3.89188814163208,0.6238805055618286,0.0001590036554262042,0.47096341848373413,3.8928184509277344,0.6609272360801697,0.0003404869930818677,0.8298996686935425,4.022944450378418,-0.373535692691803,0.00017780877533368766,0.5697720050811768,4.044301509857178,-0.39332547783851624,0.0003557796007953584
0.5133247375488281,0.40158140659332275,-1.5702745914459229,0.9984965324401855,0.5445765852928162,0.3141268789768219,-1.4629002809524536,0.9969636797904968,0.5636122226715088,0.31476885080337524,-1.4632152318954468,0.9966294765472412,0.586052656173706,0.317049115896225,-1.4632389545440674,0.9958090782165527,0.47158870100975037,0.3222120702266693,-1.4700230360031128,0.9978001713752747,0.4428016245365143,0.32801514863967896,-1.4688822031021118,0.9980767965316772,0.4207914471626282,0.33546510338783264,-1.469486117362976,0.9983391165733337,0.6254445314407349,0.36969175934791565,-0.7624667882919312,0.9951615333557129,0.38919925689697266,0.39864248037338257,-0.7610158920288086,0.9987795948982239,0.5643921494483948,0.4969671964645386,-1.3230550289154053,0.9985416531562805,0.4707152247428894,0.504411518573761,-1.3188087940216064,0.9991726279258728,0.8432134389877319,0.8293822407722473,-0.4076386094093323,0.9789222478866577,0.21443982422351837,0.919646143913269,-0.4481360912322998,0.9940255880355835,1.0509915351867676,0.9070135951042175,-0.9572502970695496,0.19376583397388458,0.08588629215955734,1.5180021524429321,-0.5283203721046448,0.6626818180084229,1.238903522491455,1.2869890928268433,-2.1219308376312256,0.0967286080121994,0.09085633605718613,2.0357472896575928,-1.2840588092803955,0.24987256526947021,1.313212513923645,1.369307041168213,-2.4018137454986572,0.09486357122659683,0.06824816763401031,2.224370241165161,-1.4875953197479248,0.2112611085176468,1.2466174364089966,1.3659616708755493,-2.4319934844970703,0.13111497461795807,0.12034402787685394,2.1931827068328857,-1.6655139923095703,0.2965069115161896,1.1987791061401367,1.348829746246338,-2.189058303833008,0.13489502668380737,0.14490920305252075,2.1320888996124268,-1.3784140348434448,0.2881053686141968,0.7967978715896606,1.9471580982208252,-0.1582833081483841,0.000842762237880379,0.3587220311164856,1.9863792657852173,0.16538891196250916,0.0006827463512308896,0.8401762843132019,2.898188829421997,-0.0658314973115921,0.001737405196763575,0.42828696966171265,2.923631429672241,0.3072757124900818,0.0014681594911962748,0.8846884965896606,3.7442939281463623,0.974280059337616,0.00021382453269325197,0.4774906635284424,3.7627954483032227,1.179779291152954,5.7735011068871245e-05,0.8992931246757507,3.8661601543426514,1.0105708837509155,0.00011175768304383382,0.46861475706100464,3.881354808807373,1.2386987209320068,0.00024096360721159726,0.8371807932853699,4.013689994812012,-0.028439125046133995,0.0001323754695476964,0.5721839666366577,4.035027980804443,0.1426754742860794,0.00027570294332690537
0.532625675201416,0.4040122628211975,-1.5044052600860596,0.9989782571792603,0.5563622713088989,0.3264324963092804,-1.3976390361785889,0.9978687763214111,0.5745590925216675,0.32925179600715637,-1.397902250289917,0.997616171836853,0.5963011980056763,0.3323572278022766,-1.3978288173675537,0.997116208076477,0.493048757314682,0.32929083704948425,-1.4037350416183472,0.9984432458877563,0.4661969542503357,0.3350796699523926,-1.402522087097168,0.9986124634742737,0.4409305453300476,0.34239882230758667,-1.4031522274017334,0.9988018274307251,0.6276659965515137,0.38196247816085815,-0.7203210592269897,0.9964614510536194,0.4031851887702942,0.40258488059043884,-0.71586012840271,0.9990315437316895,0.5728234052658081,0.4985544979572296,-1.262304425239563,0.9989824295043945,0.48868927359580994,0.5055832862854004,-1.259347915649414,0.9993920922279358,0.8336179852485657,0.8295343518257141,-0.3881671130657196,0.9852271676063538,0.22444207966327667,0.9251652359962463,-0.4083988070487976,0.9954038858413696,1.0057324171066284,0.9171750545501709,-0.7694700956344604,0.23507767915725708,0.10226349532604218,1.4978811740875244,-0.43259134888648987,0.6439602971076965,1.1352373361587524,1.5181249380111694,-1.8080419301986694,0.11030294746160507,0.1019572764635086,2.0160932540893555,-1.2106512784957886,0.24467679858207703,1.258569598197937,1.627070665359497,-2.0566883087158203,0.1119566410779953,0.07313299924135208,2.194072723388672,-1.4205987453460693,0.2156146764755249,1.195404291152954,1.6227821111679077,-2.1476082801818848,0.15606164932250977,0.12508586049079895,2.1718199253082275,-1.59666109085083,0.299883633852005,1.0993854999542236,1.6019418239593506,-1.8947255611419678,0.16065695881843567,0.15156427025794983,2.1110310554504395,-1.3104889392852783,0.29748767614364624,0.7969679832458496,1.9422974586486816,-0.16260786354541779,0.0007230627816170454,0.3635724186897278,1.9872090816497803,0.17011001706123352,0.0006043220637366176,0.8379058837890625,2.8878629207611084,-0.07366210222244263,0.0011608389904722571,0.42879819869995117,2.921616554260254,0.3681207001209259,0.0010494773741811514,0.8778215646743774,3.7272541522979736,0.8944330215454102,0.0001506702828919515,0.4751060903072357,3.756157875061035,1.2829334735870361,4.273779268260114e-05,0.8910654783248901,3.8463261127471924,0.9276568293571472,7.911819557193667e-05,0.46795520186424255,3.8721344470977783,1.346351146697998,0.00017388726701028645,0.8330297470092773,3.994654417037964,-0.08876358717679977,9.886408224701881e-05,0.5651144981384277,4.021574020385742,0.2833618223667145,0.00021171725529711694
0.537056028842926,0.4308334290981293,-1.3752601146697998,0.9993022680282593,0.5606129169464111,0.3633217215538025,-1.27984619140625,0.9984835982322693,0.578711748123169,0.36397072672843933,-1.2800132036209106,0.9983097910881042,0.6000844836235046,0.36555543541908264,-1.2798125743865967,0.9979977011680603,0.4992242753505707,0.36612072587013245,-1.2812577486038208,0.9988876581192017,0.473931223154068,0.3704242706298828,-1.2800300121307373,0.9989948272705078,0.4467344284057617,0.37606751918792725,-1.2806365489959717,0.9991312623023987,0.6286824941635132,0.40888920426368713,-0.6654820442199707,0.9974110722541809,0.4115025997161865,0.42508774995803833,-0.6395483613014221,0.9992589354515076,0.5754593014717102,0.5210810899734497,-1.156121015548706,0.999263346195221,0.4957044720649719,0.5259400606155396,-1.1463876962661743,0.9995453357696533,0.8330842852592468,0.8389914035797119,-0.34348493814468384,0.9889593124389648,0.2330055683851242,0.931444525718689,-0.3626984655857086,0.9965816736221313,0.9930303692817688,0.9344441294670105,-0.7692845463752747,0.22207531332969666,0.10313298553228378,1.4950693845748901,-0.33836597204208374,0.61033695936203,1.1583627462387085,1.446671724319458,-1.8504226207733154,0.11348046362400055,0.05618781968951225,1.9220097064971924,-1.0001788139343262,0.25358298420906067,1.235475778579712,1.521484136581421,-2.097761392593384,0.12581698596477509,0.06867717951536179,2.1684837341308594,-1.1866676807403564,0.23552654683589935,1.1769918203353882,1.5098727941513062,-2.1513617038726807,0.17713601887226105,0.11961555480957031,2.1454243659973145,-1.3531635999679565,0.3249163031578064,1.12986159324646,1.5076420307159424,-1.9238364696502686,0.18439534306526184,0.1459798514842987,2.0868515968322754,-1.0922424793243408,0.32798057794570923,0.7915369272232056,1.9215443134307861,-0.13789168000221252,0.00058208272093907,0.365970641374588,1.968268632888794,0.14578336477279663,0.0005117601249366999,0.8195438385009766,2.8554539680480957,-0.10745900869369507,0.0007591761532239616,0.4168921113014221,2.8907904624938965,0.2741462290287018,0.0007020334014669061,0.849107563495636,3.694340229034424,0.7515972852706909,0.00010241502604912966,0.4542101323604584,3.7258691787719727,1.0510939359664917,2.885819412767887e-05,0.8597599864006042,3.8134944438934326,0.7785021066665649,5.5928634537849575e-05,0.45003169775009155,3.8430981636047363,1.1032555103302002,0.00011460606037871912,0.8042243719100952,3.9579250812530518,-0.18867769837379456,7.51735715311952e-05,0.5326768159866333,3.9812700748443604,0.0837821364402771,0.00015291350428014994
0.5404067039489746,0.4618147909641266,-1.323859691619873,0.9994910955429077,0.5639863610267639,0.3899466097354889,-1.22677481174469,0.9988699555397034,0.5828353762626648,0.3918379843235016,-1.2270368337631226,0.9987365007400513,0.603873074054718,0.3949054479598999,-1.226989507675171,0.9985529184341431,0.5026482343673706,0.39255955815315247,-1.2243176698684692,0.9991607666015625,0.4781650900840759,0.39662817120552063,-1.2230958938598633,0.9992226362228394,0.4505760073661804,0.40315136313438416,-1.223726749420166,0.9993274807929993,0.6296557188034058,0.43598368763923645,-0.6368053555488586,0.9980172514915466,0.4197236895561218,0.45590612292289734,-0.5904496908187866,0.9993706345558167,0.5772417783737183,0.550569474697113,-1.1152158975601196,0.9994300603866577,0.4989476203918457,0.5594196915626526,-1.100855827331543,0.9996244311332703,0.8287437558174133,0.8490883111953735,-0.3278096318244934,0.99138343334198,0.25444021821022034,0.9348828196525574,-0.33249616622924805,0.9971266984939575,1.0461137294769287,1.1862602233886719,-0.5961595773696899,0.21960747241973877,0.13097958266735077,1.482370138168335,-0.24343204498291016,0.5571300387382507,1.1543076038360596,1.5424426794052124,-1.4926074743270874,0.10695377737283707,0.0723932534456253,1.8963570594787598,-0.8187573552131653,0.22444099187850952,1.2208317518234253,1.632669448852539,-1.7077052593231201,0.12558987736701965,0.0734504833817482,2.124014139175415,-0.9922506213188171,0.21674838662147522,1.1754505634307861,1.6224162578582764,-1.7859976291656494,0.18013180792331696,0.1212301105260849,2.098207950592041,-1.1569854021072388,0.30195292830467224,1.1363065242767334,1.610455870628357,-1.572274923324585,0.18658699095249176,0.14965255558490753,2.0440423488616943,-0.9115734100341797,0.3079177439212799,0.7883579730987549,1.8843286037445068,-0.13648644089698792,0.0005183076136745512,0.375710666179657,1.9314404726028442,0.14412088692188263,0.0004729933862108737,0.8152354955673218,2.795475482940674,-0.24073681235313416,0.0005198873113840818,0.42893552780151367,2.8314690589904785,0.24798250198364258,0.00048568026977591217,0.851223349571228,3.626676321029663,0.5740472078323364,7.48617312638089e-05,0.4742351174354553,3.6557528972625732,0.9739255905151367,2.07465018320363e-05,0.8653028607368469,3.740968942642212,0.5950199365615845,4.268148768460378e-05,0.47070828080177307,3.769134759902954,1.0206084251403809,7.940557406982407e-05,0.8097395896911621,3.882046699523926,-0.3620549142360687,6.137193850008771e-05,0.5504595637321472,3.9017884731292725,0.0003968709206674248,0.0001149656527559273
0.5452507734298706,0.47951847314834595,-1.4582103490829468,0.9994702935218811,0.571389377117157,0.4106396436691284,-1.3609832525253296,0.9987205862998962,0.5920053720474243,0.4125230610370636,-1.3612234592437744,0.9985575079917908,0.6118279099464417,0.4149376153945923,-1.3613007068634033,0.9984281063079834,0.5079805254936218,0.41227853298187256,-1.3584975004196167,0.999062180519104,0.48340925574302673,0.41672414541244507,-1.357660174369812,0.9991194605827332,0.4554075598716736,0.4236583411693573,-1.358431100845337,0.9992358088493347,0.6367214322090149,0.45047155022621155,-0.7499666213989258,0.997577965259552,0.4287830889225006,0.4679907560348511,-0.7093396782875061,0.9991872906684875,0.5821525454521179,0.5672570466995239,-1.238907814025879,0.9993665814399719,0.5048869848251343,0.5780841112136841,-1.225096344947815,0.999557614326477,0.8321833610534668,0.8509546518325806,-0.3765425384044647,0.9925041794776917,0.26580050587654114,0.9385830760002136,-0.37784188985824585,0.9974405765533447,1.0940684080123901,1.1901530027389526,-0.5210649967193604,0.25931644439697266,0.14623166620731354,1.4783076047897339,-0.2932504117488861,0.5488981604576111,1.2001138925552368,1.508514642715454,-1.3844343423843384,0.12112809717655182,0.10358969122171402,1.887087106704712,-0.9349319338798523,0.22193117439746857,1.2761385440826416,1.605972170829773,-1.599050760269165,0.13710083067417145,0.09460390359163284,2.1187877655029297,-1.1302926540374756,0.21353115141391754,1.2324304580688477,1.6090706586837769,-1.6960700750350952,0.1926908791065216,0.13761059939861298,2.099757194519043,-1.312609314918518,0.2957906723022461,1.1886286735534668,1.5924402475357056,-1.4707653522491455,0.19950255751609802,0.16339196264743805,2.0456764698028564,-1.0355217456817627,0.3043384552001953,0.7878290414810181,1.8688551187515259,-0.13520297408103943,0.0006327137816697359,0.3904343247413635,1.9070789813995361,0.1423749029636383,0.000595279794652015,0.8097052574157715,2.758406400680542,-0.16629436612129211,0.0003831131034530699,0.42770689725875854,2.7797634601593018,0.2164928913116455,0.00036334028118290007,0.833490252494812,3.5694916248321533,0.73631751537323,6.187253165990114e-05,0.4581097662448883,3.5842597484588623,0.9563385248184204,1.7021216990542598e-05,0.8438975214958191,3.6834142208099365,0.7743066549301147,3.7775513192173094e-05,0.453665167093277,3.6973421573638916,1.0014698505401611,6.259728979784995e-05,0.7900934219360352,3.813236951828003,-0.19965781271457672,5.74043660890311e-05,0.5260757207870483,3.820117950439453,-0.010390623472630978,9.611797577235848e-05
0.5459794402122498,0.4918932616710663,-1.4277821779251099,0.9994496703147888,0.5741022825241089,0.42640286684036255,-1.3358174562454224,0.9986093640327454,0.5949078798294067,0.42717844247817993,-1.3361823558807373,0.998423159122467,0.6148282885551453,0.4286753237247467,-1.3362847566604614,0.9983333945274353,0.5089449286460876,0.4284568130970001,-1.3320903778076172,0.9989686012268066,0.4838741719722748,0.43265199661254883,-1.331093430519104,0.999018132686615,0.45604878664016724,0.4385477602481842,-1.331719160079956,0.999146044254303,0.6403369307518005,0.4602699279785156,-0.7328724265098572,0.9973657131195068,0.4307097792625427,0.47508108615875244,-0.691554069519043,0.9990362524986267,0.583774209022522,0.5782851576805115,-1.2245886325836182,0.9993100166320801,0.5061272382736206,0.5907539129257202,-1.2091070413589478,0.9994924664497375,0.8326956033706665,0.8544712662696838,-0.38214603066444397,0.9928028583526611,0.2706374526023865,0.9398983120918274,-0.39790767431259155,0.9973143339157104,1.0891611576080322,1.191513180732727,-0.5053161978721619,0.2681316137313843,0.15769527852535248,1.4783192873001099,-0.31780311465263367,0.5347182750701904,1.2169240713119507,1.5332540273666382,-1.3382747173309326,0.11197703331708908,0.10496187210083008,1.8928742408752441,-0.8911677598953247,0.2149399369955063,1.2961686849594116,1.6292160749435425,-1.5527039766311646,0.13155746459960938,0.10012467950582504,2.1253843307495117,-1.069746494293213,0.20976799726486206,1.2532503604888916,1.6335433721542358,-1.6561286449432373,0.1890546679496765,0.14469608664512634,2.1111974716186523,-1.2439377307891846,0.2917766869068146,1.2076836824417114,1.6163268089294434,-1.4295207262039185,0.19644580781459808,0.17286351323127747,2.0567407608032227,-0.987181544303894,0.3015882670879364,0.7898823618888855,1.8644641637802124,-0.1312469244003296,0.0005598715506494045,0.40333491563796997,1.9060441255569458,0.13818910717964172,0.0005227139918133616,0.8229452967643738,2.7525064945220947,-0.2969503104686737,0.0003081682079937309,0.4582327902317047,2.7837040424346924,0.10001835972070694,0.0003002167504746467,0.8629525303840637,3.5685513019561768,0.4871578812599182,5.623222386930138e-05,0.5094737410545349,3.591895341873169,0.6412469744682312,1.5731793610029854e-05,0.8774323463439941,3.6837592124938965,0.5070622563362122,3.576615927158855e-05,0.5052180290222168,3.7053005695343018,0.6665558218955994,5.590536602539942e-05,0.8257132768630981,3.8057162761688232,-0.4343191683292389,5.542142753256485e-05,0.5841243863105774,3.8251821994781494,-0.3148238956928253,8.985366730485111e-05
0.545412003993988,0.4980798065662384,-1.342946171760559,0.9994564652442932,0.5742776989936829,0.42907971143722534,-1.2578060626983643,0.9986053705215454,0.5950058698654175,0.42938339710235596,-1.2579176425933838,0.9984284043312073,0.6149359941482544,0.43051591515541077,-1.2577848434448242,0.9983466863632202,0.5089837312698364,0.43256285786628723,-1.2642548084259033,0.9989614486694336,0.48375338315963745,0.4370965361595154,-1.263274073600769,0.9990075826644897,0.4563716948032379,0.44296714663505554,-1.2639148235321045,0.9991448521614075,0.6402556300163269,0.46201497316360474,-0.6930443644523621,0.9973574876785278,0.43168678879737854,0.4783186912536621,-0.6790044903755188,0.9990444183349609,0.5837868452072144,0.5813437104225159,-1.138232946395874,0.9993112087249756,0.5065582394599915,0.5969992876052856,-1.1356900930404663,0.9995031952857971,0.8308037519454956,0.8562238812446594,-0.3447055220603943,0.9933955073356628,0.27209562063217163,0.9399926066398621,-0.4023231863975525,0.9976103901863098,1.0827678442001343,1.1835708618164062,-0.5978567600250244,0.2666192650794983,0.15968546271324158,1.4769721031188965,-0.32367390394210815,0.5631268620491028,1.1732652187347412,1.4337276220321655,-1.5331332683563232,0.10388461500406265,0.1316705048084259,1.8971400260925293,-0.8287181854248047,0.21676389873027802,1.2407760620117188,1.5159333944320679,-1.7540464401245117,0.12226332724094391,0.11795862019062042,2.1171205043792725,-1.0149232149124146,0.2082129567861557,1.191975474357605,1.5100791454315186,-1.8214740753173828,0.1763056218624115,0.16221573948860168,2.101693868637085,-1.1829925775527954,0.2886420488357544,1.1538313627243042,1.4957114458084106,-1.6096372604370117,0.18418124318122864,0.18822383880615234,2.0458624362945557,-0.9248234629631042,0.2987085282802582,0.7890233993530273,1.8599364757537842,-0.12264759838581085,0.0005686398362740874,0.4048847258090973,1.9034215211868286,0.12972748279571533,0.0005375536275096238,0.824720025062561,2.73982572555542,-0.15694037079811096,0.00029736373107880354,0.4585196077823639,2.7722692489624023,0.12569499015808105,0.0003126220253761858,0.8665277361869812,3.546203851699829,0.6794835329055786,5.347565820557065e-05,0.5117002725601196,3.5718109607696533,0.7329627275466919,1.623230127734132e-05,0.8800299763679504,3.6596903800964355,0.7081903219223022,3.579785698093474e-05,0.5081009268760681,3.6834564208984375,0.7754549980163574,5.728307587560266e-05,0.8301776647567749,3.789855480194092,-0.19461475312709808,5.673978375853039e-05,0.5880736112594604,3.8059263229370117,-0.15683506429195404,9.078462608158588e-05
0.5347906351089478,0.49813172221183777,-1.3201096057891846,0.9995386600494385,0.5665999054908752,0.42866238951683044,-1.2363964319229126,0.9987612962722778,0.5870214104652405,0.42905953526496887,-1.2364566326141357,0.9986216425895691,0.6073979139328003,0.4301925003528595,-1.2362884283065796,0.9985403418540955,0.49916282296180725,0.4322514235973358,-1.2336609363555908,0.9990821480751038,0.47188591957092285,0.4368421137332916,-1.2325351238250732,0.9991278052330017,0.44939154386520386,0.4427860677242279,-1.2330398559570312,0.9992388486862183,0.6365718841552734,0.46199753880500793,-0.7020576596260071,0.997671365737915,0.42720451951026917,0.4784811735153198,-0.6556816101074219,0.9991602897644043,0.5788753032684326,0.5810385346412659,-1.1269270181655884,0.999384880065918,0.498563289642334,0.5962755084037781,-1.1128418445587158,0.9995576739311218,0.8317992091178894,0.8566247820854187,-0.3615580201148987,0.994219958782196,0.26992467045783997,0.9399213790893555,-0.40416812896728516,0.9979526996612549,1.0809208154678345,1.1965620517730713,-0.5421398878097534,0.2591097354888916,0.1541786640882492,1.471840739250183,-0.3174665570259094,0.5456625819206238,1.1902908086776733,1.4921807050704956,-1.3550779819488525,0.10173846036195755,0.11823949962854385,1.9255340099334717,-0.8297948837280273,0.22191910445690155,1.2666676044464111,1.5736476182937622,-1.5594549179077148,0.12383759021759033,0.10980576276779175,2.110520124435425,-0.9901010394096375,0.21683727204799652,1.2201919555664062,1.575919508934021,-1.640379548072815,0.1811923384666443,0.155609592795372,2.095506429672241,-1.1541045904159546,0.3010570704936981,1.177577257156372,1.561948537826538,-1.4272594451904297,0.18946297466754913,0.18252544105052948,2.041451930999756,-0.920047402381897,0.31132304668426514,0.7840820550918579,1.8471083641052246,-0.11800919473171234,0.00049640639917925,0.39846277236938477,1.8903597593307495,0.12536165118217468,0.0004711029469035566,0.8155783414840698,2.7242369651794434,-0.2756251096725464,0.00024111293896567076,0.44989246129989624,2.7593905925750732,0.07767606526613235,0.0002441507822368294,0.8557990193367004,3.530673027038574,0.46282142400741577,4.405045183375478e-05,0.4989108145236969,3.5548653602600098,0.5807939767837524,1.238812728843186e-05,0.8688057065010071,3.6474127769470215,0.48253482580184937,3.0434814107138664e-05,0.4954826235771179,3.6693029403686523,0.6027084589004517,4.2875697545241565e-05,0.8175311088562012,3.76609468460083,-0.4152708649635315,5.0461596401873976e-05,0.5720943808555603,3.782407522201538,-0.33927518129348755,7.33332708477974e-05
0.5145193934440613,0.4985315203666687,-1.319151520729065,0.9995967745780945,0.5500756502151489,0.4278370141983032,-1.2361791133880615,0.998900294303894,0.5718270540237427,0.4279194176197052,-1.2363569736480713,0.9987829923629761,0.591372549533844,0.4291079640388489,-1.2362573146820068,0.9987166523933411,0.47679004073143005,0.4322390556335449,-1.23409104347229,0.999184787273407,0.45218753814697266,0.4368962049484253,-1.233004093170166,0.9992232322692871,0.433666467666626,0.4428214430809021,-1.233617901802063,0.9993313550949097,0.6261662244796753,0.46059396862983704,-0.6646630167961121,0.9979115128517151,0.41281065344810486,0.4788447618484497,-0.6209844350814819,0.9992642402648926,0.5665664672851562,0.5814248323440552,-1.1094340085983276,0.9994632601737976,0.48138946294784546,0.5969088673591614,-1.096853256225586,0.9996193051338196,0.8313068151473999,0.8556807637214661,-0.331706702709198,0.994642436504364,0.2660031318664551,0.9408218264579773,-0.33268848061561584,0.9982239007949829,1.1010358333587646,1.1430323123931885,-0.8161677122116089,0.2732440233230591,0.15421254932880402,1.4727041721343994,-0.30408036708831787,0.5943896174430847,1.1212235689163208,1.2640336751937866,-1.9083194732666016,0.09684313833713531,0.14899232983589172,1.9553697109222412,-0.8667171597480774,0.2318449169397354,1.1648222208023071,1.304853916168213,-2.155470609664917,0.11266219615936279,0.12298598140478134,2.117957353591919,-1.0356168746948242,0.21713784337043762,1.1056220531463623,1.2915499210357666,-2.1556785106658936,0.16410040855407715,0.16712269186973572,2.1001062393188477,-1.196194052696228,0.2993960380554199,0.9589559435844421,1.0825870037078857,-1.9583278894424438,0.172185018658638,0.19213920831680298,2.0437045097351074,-0.9511181712150574,0.30946001410484314,0.7834804654121399,1.8518325090408325,-0.12180968374013901,0.0005337912007234991,0.397090882062912,1.896721363067627,0.12904402613639832,0.0005125660100020468,0.8210388422012329,2.7266571521759033,-0.15461087226867676,0.0002673441485967487,0.45096755027770996,2.7574431896209717,0.10771480947732925,0.0003016160917468369,0.8644922971725464,3.5237700939178467,0.6505087614059448,4.546844502328895e-05,0.5033384561538696,3.549713373184204,0.6848996877670288,1.5047818124003243e-05,0.8782175779342651,3.6362452507019043,0.6748737096786499,3.2457908673677593e-05,0.49966883659362793,3.6611056327819824,0.7167752981185913,5.0810212997021154e-05,0.8247281312942505,3.7691404819488525,-0.23077917098999023,5.3910542192170396e-05,0.5838996171951294,3.7855005264282227,-0.24689427018165588,8.877265645423904e-05
0.498236745595932,0.5097612142562866,-1.2789084911346436,0.9996761083602905,0.5329118371009827,0.434302419424057,-1.2121771574020386,0.9991224408149719,0.5571831464767456,0.4325030744075775,-1.2120722532272339,0.9990248084068298,0.5763393640518188,0.43203121423721313,-1.2120641469955444,0.9989706873893738,0.4604980945587158,0.44390153884887695,-1.1954748630523682,0.9993525743484497,0.44052258133888245,0.448387086391449,-1.1943323612213135,0.9993787407875061,0.4200131893157959,0.45376911759376526,-1.1947110891342163,0.9994691014289856,0.6127064228057861,0.4606168866157532,-0.6808522343635559,0.9983493089675903,0.40396007895469666,0.48306021094322205,-0.5835327506065369,0.9994325637817383,0.5560061931610107,0.5877951383590698,-1.084481954574585,0.9995800256729126,0.47009357810020447,0.6069949865341187,-1.0487056970596313,0.9997053742408752,0.829841136932373,0.8546144366264343,-0.3083304762840271,0.9953823089599609,0.26481813192367554,0.9402446746826172,-0.3222446143627167,0.9985752701759338,1.0301775932312012,1.0371342897415161,-0.5644503831863403,0.279003769159317,0.15426179766654968,1.4720637798309326,-0.34431880712509155,0.612128496170044,1.149216651916504,1.4641263484954834,-1.365121603012085,0.09733758121728897,0.1476629674434662,1.9611464738845825,-1.0237654447555542,0.25063464045524597,1.2094849348068237,1.545691967010498,-1.5571646690368652,0.1130330041050911,0.10920870304107666,2.1120471954345703,-1.2017533779144287,0.23561722040176392,1.1592377424240112,1.542784333229065,-1.6173410415649414,0.16477519273757935,0.16014042496681213,2.0960679054260254,-1.35257887840271,0.3210299015045166,1.1050509214401245,1.5343433618545532,-1.4306385517120361,0.171982541680336,0.1886419951915741,2.0405430793762207,-1.1105026006698608,0.330148309469223,0.7887595891952515,1.8524727821350098,-0.12242536246776581,0.0005671927356161177,0.40501078963279724,1.899727463722229,0.12956395745277405,0.0005616155103780329,0.8295370936393738,2.7256577014923096,-0.19874097406864166,0.0002962426806334406,0.46150273084640503,2.759965658187866,0.2632139325141907,0.00032232783269137144,0.8777458071708679,3.518822193145752,0.5525275468826294,5.155583858140744e-05,0.522593080997467,3.5481534004211426,0.9858992695808411,1.6133060853462666e-05,0.8919391632080078,3.6319000720977783,0.5744945406913757,3.757446029339917e-05,0.5208996534347534,3.6587753295898438,1.0327943563461304,5.522594437934458e-05,0.8386344909667969,3.7634761333465576,-0.32269033789634705,5.96417739870958e-05,0.6018880009651184,3.7859530448913574,0.08935133367776871,9.315939678344876e-05
0.483330100774765,0.5133234262466431,-1.314260721206665,0.9997541308403015,0.5182255506515503,0.4345364272594452,-1.2432491779327393,0.9993236660957336,0.5432566404342651,0.43218091130256653,-1.2432554960250854,0.9992576241493225,0.5642706155776978,0.4310603439807892,-1.2431128025054932,0.9992061853408813,0.4472537934780121,0.4450618028640747,-1.2253130674362183,0.9995038509368896,0.4282192587852478,0.44962021708488464,-1.2240240573883057,0.9995280504226685,0.4066707491874695,0.4549994468688965,-1.2244970798492432,0.9995932579040527,0.6002034544944763,0.4584048390388489,-0.7145955562591553,0.9987514019012451,0.39600157737731934,0.4845828711986542,-0.6047207117080688,0.9995788335800171,0.5417929887771606,0.5897623896598816,-1.120272159576416,0.9996809959411621,0.45579609274864197,0.6088535785675049,-1.0849412679672241,0.9997757077217102,0.8291193246841431,0.8544438481330872,-0.3306708037853241,0.9957588911056519,0.26155462861061096,0.9393165707588196,-0.33165624737739563,0.998887836933136,1.053656816482544,1.1787997484207153,-0.5641850233078003,0.25143224000930786,0.14227591454982758,1.471150517463684,-0.229618102312088,0.6302503943443298,1.1413460969924927,1.5051079988479614,-1.383167028427124,0.08925376087427139,0.14425548911094666,1.9581068754196167,-0.814481258392334,0.27856484055519104,1.2039387226104736,1.585928201675415,-1.5767831802368164,0.10731048882007599,0.10773155838251114,2.111912488937378,-0.9773156046867371,0.26219186186790466,1.154869556427002,1.5826722383499146,-1.6355600357055664,0.15860289335250854,0.15999813377857208,2.094273567199707,-1.1249350309371948,0.35338348150253296,1.1196820735931396,1.5677467584609985,-1.4493305683135986,0.16699033975601196,0.18785825371742249,2.038388252258301,-0.8980547189712524,0.36183953285217285,0.7936698794364929,1.852323055267334,-0.12686683237552643,0.000497999950312078,0.40352311730384827,1.9013382196426392,0.13434073328971863,0.0005121541325934231,0.8334835171699524,2.7219886779785156,-0.24392831325531006,0.00024400163965765387,0.45569705963134766,2.7608325481414795,0.25813204050064087,0.00026254841941408813,0.8802781105041504,3.5115487575531006,0.5182182788848877,4.4717886339640245e-05,0.518147885799408,3.544598340988159,0.9790813326835632,1.3195883184380364e-05,0.8955421447753906,3.6256701946258545,0.5383104085922241,3.3251679269596934e-05,0.5203102827072144,3.656244993209839,1.0252410173416138,4.49850813311059e-05,0.8387588262557983,3.755401849746704,-0.3882821798324585,5.275704461382702e-05,0.5937025547027588,3.7804086208343506,0.06620635092258453,8.099719707388431e-05
0.4772945046424866,0.5131223797798157,-1.3245271444320679,0.9998025298118591,0.5141149759292603,0.4329509437084198,-1.2446701526641846,0.9994546175003052,0.5398494601249695,0.4306758940219879,-1.244687557220459,0.999404788017273,0.5613884329795837,0.4297400116920471,-1.2445828914642334,0.9993603825569153,0.44246119260787964,0.4432360827922821,-1.231183409690857,0.9995989203453064,0.4218530058860779,0.44778138399124146,-1.2299439907073975,0.999620258808136,0.40080752968788147,0.45320242643356323,-1.2304284572601318,0.9996708631515503,0.5957820415496826,0.45781686902046204,-0.6949232816696167,0.9990137815475464,0.3921194076538086,0.4847409427165985,-0.5930241346359253,0.9996644854545593,0.5351977348327637,0.5899155139923096,-1.1229617595672607,0.9997437596321106,0.4468015730381012,0.6076492071151733,-1.0939404964447021,0.9998157024383545,0.8247042894363403,0.8544124960899353,-0.31592705845832825,0.9958327412605286,0.2584262490272522,0.9385051727294922,-0.3221380114555359,0.999026894569397,1.0242176055908203,1.0435463190078735,-0.48510780930519104,0.23586612939834595,0.1363711953163147,1.4620471000671387,-0.2661132216453552,0.6356298923492432,1.1597907543182373,1.5243051052093506,-1.2438956499099731,0.08888398855924606,0.12377148866653442,1.9011270999908447,-0.9095128178596497,0.28909265995025635,1.2260223627090454,1.612427830696106,-1.424396276473999,0.10819459706544876,0.10470762103796005,2.103226661682129,-1.0828938484191895,0.2744849622249603,1.177822470664978,1.6137727499008179,-1.4995509386062622,0.16099099814891815,0.1565726101398468,2.0845723152160645,-1.2346560955047607,0.3700762391090393,1.1389741897583008,1.5966283082962036,-1.3149758577346802,0.1703530251979828,0.18286465108394623,2.0282511711120605,-0.9956907033920288,0.3779986798763275,0.7928711175918579,1.853312611579895,-0.13067498803138733,0.0004422532510943711,0.400458961725235,1.9015716314315796,0.1383526772260666,0.00046662171371281147,0.8294165730476379,2.7192676067352295,-0.28365403413772583,0.00020337200840003788,0.4484163224697113,2.759921073913574,0.21848329901695251,0.00022119915229268372,0.8738448023796082,3.5068771839141846,0.4469270706176758,3.824168743449263e-05,0.5081079602241516,3.540452003479004,0.8795931935310364,1.0908290278166533e-05,0.8894484639167786,3.6217358112335205,0.465393602848053,2.8598929930012673e-05,0.5104405879974365,3.652798652648926,0.9195343255996704,3.715053026098758e-05,0.8306388854980469,3.7479820251464844,-0.4555348753929138,4.6768764150328934e-05,0.581925094127655,3.7742273807525635,-0.04064324125647545,7.267547334777191e-05
0.47993558645248413,0.5219060182571411,-1.2674168348312378,0.999832034111023,0.5150966644287109,0.4397839307785034,-1.1910340785980225,0.9995453357696533,0.540130078792572,0.43630534410476685,-1.1911224126815796,0.9995057582855225,0.5613449215888977,0.4340694844722748,-1.1911001205444336,0.9994680881500244,0.44279417395591736,0.4522499740123749,-1.1818758249282837,0.999663770198822,0.42216387391090393,0.45643359422683716,-1.1807186603546143,0.9996824264526367,0.40088286995887756,0.46127408742904663,-1.181199312210083,0.9997231960296631,0.5952972173690796,0.45851799845695496,-0.6451172232627869,0.9991992115974426,0.39152902364730835,0.4894925355911255,-0.566353976726532,0.9997225403785706,0.5381403565406799,0.5953546762466431,-1.066493272781372,0.9997866749763489,0.45109495520591736,0.6171934604644775,-1.0437737703323364,0.9998434782028198,0.8228772878646851,0.8534969687461853,-0.27830809354782104,0.9961994290351868,0.258303701877594,0.937965989112854,-0.2926328778266907,0.9991239309310913,0.983959972858429,0.9989004731178284,-0.5682142972946167,0.24672037363052368,0.12899623811244965,1.4582736492156982,-0.3105449080467224,0.6604167819023132,1.1230137348175049,1.40264892578125,-1.4465012550354004,0.09102883189916611,0.10432244837284088,1.8751227855682373,-1.008034348487854,0.28848060965538025,1.1715526580810547,1.4694879055023193,-1.6416566371917725,0.10690668225288391,0.09523056447505951,2.0774853229522705,-1.1774537563323975,0.2691139280796051,1.1181104183197021,1.4558025598526,-1.677311897277832,0.1584230363368988,0.14734205603599548,2.055630683898926,-1.308807611465454,0.36301296949386597,1.0874786376953125,1.445898413658142,-1.502886414527893,0.1668463796377182,0.1727028787136078,1.999158263206482,-1.0859016180038452,0.3694709539413452,0.7906533479690552,1.8513672351837158,-0.12544839084148407,0.0004680379934143275,0.3969976305961609,1.898508071899414,0.13295716047286987,0.0004915943718515337,0.8288353085517883,2.712435245513916,-0.2736997902393341,0.00020671750826295465,0.4476894438266754,2.751095771789551,0.16911928355693817,0.0002307465038029477,0.8735445737838745,3.500887632369995,0.42769289016723633,3.8687969208694994e-05,0.5137268304824829,3.5322041511535645,0.7226344347000122,1.1382550837879535e-05,0.8885630369186401,3.615563154220581,0.44235071539878845,2.8724034564220347e-05,0.5159977078437805,3.6447787284851074,0.7506777048110962,3.848695268970914e-05,0.8335561752319336,3.7440648078918457,-0.4654177725315094,4.9292593757854775e-05,0.5918806791305542,3.769451141357422,-0.19095692038536072,7.728023774689063e-05
0.4828115999698639,0.5285218358039856,-1.4147069454193115,0.9998438954353333,0.5166563987731934,0.44592174887657166,-1.3337947130203247,0.999579906463623,0.5411970019340515,0.44165611267089844,-1.333859920501709,0.9995474815368652,0.5618706941604614,0.4384955167770386,-1.3337316513061523,0.9995049238204956,0.4440423846244812,0.45944875478744507,-1.323434591293335,0.9996873736381531,0.42338499426841736,0.4634650647640228,-1.3222572803497314,0.9997074604034424,0.4015301764011383,0.46805042028427124,-1.3228152990341187,0.9997406601905823,0.595519483089447,0.459450900554657,-0.7558878064155579,0.9992818832397461,0.39127451181411743,0.4930095970630646,-0.6722838282585144,0.999749481678009,0.5412426590919495,0.6000149250030518,-1.2023828029632568,0.9998044967651367,0.45448532700538635,0.6240102052688599,-1.1773931980133057,0.999856173992157,0.8252131342887878,0.8541091084480286,-0.3453264534473419,0.9963374733924866,0.2586115598678589,0.937785267829895,-0.3747205138206482,0.9991428852081299,1.0001394748687744,1.0025882720947266,-0.5702870488166809,0.24830026924610138,0.12486640363931656,1.4610741138458252,-0.4144366681575775,0.6672675013542175,1.1373825073242188,1.4434148073196411,-1.4386769533157349,0.09316497296094894,0.11348409950733185,1.8971669673919678,-1.1588177680969238,0.2929541766643524,1.1960290670394897,1.5236340761184692,-1.6419206857681274,0.10811828076839447,0.09727425128221512,2.0784196853637695,-1.351332187652588,0.2714395523071289,1.1451857089996338,1.5114620923995972,-1.7097947597503662,0.15958070755004883,0.15041568875312805,2.051290512084961,-1.4979454278945923,0.36441323161125183,1.1086442470550537,1.50006103515625,-1.507731318473816,0.1674882471561432,0.17526057362556458,1.9950621128082275,-1.2443732023239136,0.37110739946365356,0.794750988483429,1.8519482612609863,-0.12161274999380112,0.00046572339488193393,0.3981478214263916,1.9016412496566772,0.1292961984872818,0.00048336698091588914,0.8342796564102173,2.713291645050049,-0.1519395411014557,0.0001969278382603079,0.45365723967552185,2.753455638885498,0.1734517514705658,0.00021553807891905308,0.8795207142829895,3.499533176422119,0.690478503704071,3.6559562431648374e-05,0.5166793465614319,3.534467935562134,0.8895821571350098,1.068623623723397e-05,0.8945590853691101,3.613426446914673,0.7152397036552429,2.6842879378818907e-05,0.5179411172866821,3.6475236415863037,0.9329966306686401,3.5266155464341864e-05,0.8393598794937134,3.7454371452331543,-0.22518570721149445,4.7334622649941593e-05,0.5965462923049927,3.7721521854400635,-0.06279516220092773,7.365069177467376e-05
0.4872909486293793,0.5307272672653198,-1.407714605331421,0.9998073577880859,0.5208159685134888,0.4502355456352234,-1.3257399797439575,0.9994828104972839,0.5450353622436523,0.44657573103904724,-1.325925350189209,0.9994397163391113,0.5649056434631348,0.4437858462333679,-1.3258064985275269,0.999380886554718,0.44696417450904846,0.4636901319026947,-1.3160784244537354,0.9996147155761719,0.42651891708374023,0.4685540795326233,-1.3149402141571045,0.9996415972709656,0.40424904227256775,0.4741925299167633,-1.3155235052108765,0.9996834993362427,0.5996779203414917,0.4641757607460022,-0.7494326829910278,0.9990988373756409,0.39176079630851746,0.4978106617927551,-0.6722692847251892,0.999691903591156,0.5462936758995056,0.604579508304596,-1.1965357065200806,0.9997602105140686,0.4586331248283386,0.6281570196151733,-1.1728578805923462,0.9998273849487305,0.8264777064323425,0.8555344343185425,-0.3471740782260895,0.9958761930465698,0.25966745615005493,0.9390371441841125,-0.3676331639289856,0.9990053176879883,1.039699912071228,1.042111873626709,-0.5504686236381531,0.24289581179618835,0.12627843022346497,1.4730526208877563,-0.3649599850177765,0.6871106624603271,1.1547825336456299,1.4686119556427002,-1.4427211284637451,0.09171541035175323,0.12328924238681793,1.9081690311431885,-1.0260893106460571,0.29637619853019714,1.2203584909439087,1.558627724647522,-1.6520555019378662,0.10511655360460281,0.11403395235538483,2.1149702072143555,-1.2043031454086304,0.26909139752388,1.1690394878387451,1.5544625520706177,-1.7286491394042969,0.15485678613185883,0.16365689039230347,2.0877978801727295,-1.3556238412857056,0.3611670434474945,1.1294188499450684,1.5391864776611328,-1.518066644668579,0.16296492516994476,0.18628652393817902,2.029059886932373,-1.109680414199829,0.3673435151576996,0.7959008812904358,1.8576037883758545,-0.12297167629003525,0.000488518679048866,0.40185731649398804,1.9077743291854858,0.13057836890220642,0.0004964213585481048,0.8363730311393738,2.7190053462982178,-0.21987104415893555,0.00022069002443458885,0.46083441376686096,2.7560439109802246,0.1172415018081665,0.0002484550350345671,0.8805955052375793,3.5025222301483154,0.5673070549964905,3.8651265640510246e-05,0.5220782160758972,3.535212755203247,0.6664414405822754,1.1905745850526728e-05,0.8952250480651855,3.6164019107818604,0.5869883894920349,2.7846954253618605e-05,0.5208795666694641,3.647793769836426,0.6884000301361084,4.011785858892836e-05,0.8410452604293823,3.747699737548828,-0.34352031350135803,4.8836038331501186e-05,0.6042571067810059,3.7731564044952393,-0.2863773703575134,8.032975893002003e-05
0.49073895812034607,0.5313742160797119,-1.3399488925933838,0.99977707862854,0.5257778167724609,0.45125553011894226,-1.2588598728179932,0.999413013458252,0.5492609739303589,0.44788992404937744,-1.258892297744751,0.9993674755096436,0.5688477754592896,0.4452537000179291,-1.258853554725647,0.9992926120758057,0.45046359300613403,0.4644133150577545,-1.2526590824127197,0.9995573163032532,0.4294600486755371,0.46934786438941956,-1.2516075372695923,0.999592661857605,0.4071708619594574,0.47506093978881836,-1.2521538734436035,0.9996363520622253,0.6030334234237671,0.4661999046802521,-0.6975027322769165,0.9990132451057434,0.39271432161331177,0.49902045726776123,-0.6342337131500244,0.9996556043624878,0.5489581823348999,0.6067588925361633,-1.1341967582702637,0.9997301697731018,0.4608483910560608,0.6296501159667969,-1.1155123710632324,0.9998042583465576,0.8258526921272278,0.8561118245124817,-0.30229562520980835,0.9958022236824036,0.2595508396625519,0.9385570287704468,-0.3330293595790863,0.9989162087440491,1.035558819770813,1.0118708610534668,-0.4796934723854065,0.263244092464447,0.12599709630012512,1.4662976264953613,-0.349963515996933,0.6829071044921875,1.1717063188552856,1.446913480758667,-1.2869569063186646,0.10972215235233307,0.10369332879781723,1.8858067989349365,-1.0198630094528198,0.29093748331069946,1.2350623607635498,1.5336188077926636,-1.4705995321273804,0.1175147145986557,0.085727758705616,2.0991790294647217,-1.1865113973617554,0.26292917132377625,1.1745383739471436,1.5219327211380005,-1.5356714725494385,0.16993506252765656,0.1334000527858734,2.0724947452545166,-1.3355518579483032,0.3543702960014343,1.132202386856079,1.501780390739441,-1.353973150253296,0.17743544280529022,0.15822790563106537,2.0169789791107178,-1.1037553548812866,0.3592718541622162,0.7884882092475891,1.8590424060821533,-0.11933132261037827,0.0005620532901957631,0.3966825604438782,1.9030263423919678,0.1266726851463318,0.0005453545018099248,0.8208783268928528,2.7198486328125,-0.26587072014808655,0.00025209994055330753,0.4433087408542633,2.751939296722412,0.11258921772241592,0.00027923594461753964,0.8578636050224304,3.502981424331665,0.46454906463623047,4.1749346564756706e-05,0.4959169030189514,3.529914617538452,0.7161806225776672,1.2355179933365434e-05,0.8711501359939575,3.6167099475860596,0.48087629675865173,2.992699774040375e-05,0.49417248368263245,3.6412360668182373,0.7486560344696045,4.2747440602397546e-05,0.8184096217155457,3.745638132095337,-0.428328275680542,5.259725367068313e-05,0.5726624727249146,3.768498182296753,-0.22854511439800262,8.177928975783288e-05
0.4922744631767273,0.5321154594421387,-1.3646234273910522,0.9997319579124451,0.5278708338737488,0.45146098732948303,-1.2837010622024536,0.9993020296096802,0.5510491728782654,0.44825518131256104,-1.283835530281067,0.9992431998252869,0.5706325173377991,0.44574499130249023,-1.2837902307510376,0.9991525411605835,0.45244652032852173,0.4644440710544586,-1.2778170108795166,0.999475359916687,0.4312836527824402,0.46936649084091187,-1.276706337928772,0.9995163679122925,0.40935999155044556,0.4749872386455536,-1.2773175239562988,0.9995718002319336,0.6044248342514038,0.4669446051120758,-0.7076919674873352,0.998814582824707,0.39444500207901,0.49928364157676697,-0.6447650194168091,0.9995988607406616,0.5497937202453613,0.6085329055786133,-1.1530450582504272,0.999689519405365,0.46245208382606506,0.6311900615692139,-1.1339147090911865,0.999777615070343,0.8263707160949707,0.8572439551353455,-0.3159494400024414,0.9953886270523071,0.2594496011734009,0.9370285272598267,-0.32951003313064575,0.9988051652908325,1.0208122730255127,0.9764280319213867,-0.6205155253410339,0.2793409824371338,0.12300606071949005,1.4646269083023071,-0.3011937737464905,0.6998400092124939,1.1640514135360718,1.3524901866912842,-1.5226033926010132,0.12044281512498856,0.11504022777080536,1.9379193782806396,-0.9200631380081177,0.3041834235191345,1.2236387729644775,1.4172475337982178,-1.7211706638336182,0.1258649080991745,0.09084279835224152,2.1137051582336426,-1.0798664093017578,0.2711990773677826,1.1757214069366455,1.4055712223052979,-1.7588376998901367,0.17953218519687653,0.14051316678524017,2.0895562171936035,-1.2284902334213257,0.3631552755832672,1.139594554901123,1.4020705223083496,-1.5795968770980835,0.18697519600391388,0.16537699103355408,2.0322623252868652,-1.0024073123931885,0.36794623732566833,0.789116382598877,1.8610895872116089,-0.12387720495462418,0.0005832341848872602,0.3980340361595154,1.9056938886642456,0.13126949965953827,0.0005632093525491655,0.8235687017440796,2.7217705249786377,-0.20540325343608856,0.0002826607378665358,0.4459165930747986,2.7536768913269043,0.1653965562582016,0.0003166377719026059,0.8635071516036987,3.5020487308502197,0.5771311521530151,4.798668305738829e-05,0.5043624639511108,3.5278050899505615,0.815201461315155,1.451410207664594e-05,0.8784109354019165,3.6152279376983643,0.5973164439201355,3.3154708944493905e-05,0.5022644996643066,3.6375794410705566,0.8522276878356934,5.097351095173508e-05,0.8253323435783386,3.7440900802612305,-0.32590052485466003,5.684431016561575e-05,0.5870388746261597,3.7677254676818848,-0.11118026077747345,9.249758295482025e-05
0.49329128861427307,0.5323924422264099,-1.2747704982757568,0.9997332692146301,0.5296385884284973,0.4519490599632263,-1.200135588645935,0.9992918968200684,0.5527676343917847,0.44910335540771484,-1.2000432014465332,0.9992483854293823,0.5724157094955444,0.44685664772987366,-1.1998779773712158,0.9991382956504822,0.45357322692871094,0.46417734026908875,-1.1971523761749268,0.9994654059410095,0.43213433027267456,0.469026118516922,-1.196032166481018,0.9995148777961731,0.4101863503456116,0.4745553731918335,-1.1965528726577759,0.9995633959770203,0.6054531931877136,0.46810856461524963,-0.655093789100647,0.9988270998001099,0.39487534761428833,0.4994318187236786,-0.6088401675224304,0.9996119141578674,0.5502036809921265,0.6099646091461182,-1.0721300840377808,0.999682605266571,0.4628714919090271,0.6314396262168884,-1.0576910972595215,0.9997789859771729,0.8240824937820435,0.8573258519172668,-0.2904895842075348,0.9955617189407349,0.2587202787399292,0.9356697797775269,-0.3280516266822815,0.9988269805908203,1.010483980178833,0.9601730108261108,-0.7121906876564026,0.292655885219574,0.12127275764942169,1.4636647701263428,-0.3338966965675354,0.6906189322471619,1.1285187005996704,1.2489104270935059,-1.7059962749481201,0.13668988645076752,0.12131700664758682,1.9433650970458984,-0.9651150703430176,0.29788312315940857,1.1761080026626587,1.2841333150863647,-1.9160419702529907,0.137971892952919,0.09412120282649994,2.113393545150757,-1.1129971742630005,0.26576417684555054,1.112809658050537,1.2746524810791016,-1.9237830638885498,0.1935335099697113,0.14445766806602478,2.0903704166412354,-1.2537122964859009,0.3576394319534302,0.9759249687194824,1.0713961124420166,-1.7542966604232788,0.20011872053146362,0.1690368801355362,2.0327727794647217,-1.0420215129852295,0.36152660846710205,0.7820688486099243,1.860614538192749,-0.11548902839422226,0.0006138546159490943,0.39291757345199585,1.9044746160507202,0.12277320772409439,0.000580210704356432,0.814029335975647,2.719722032546997,-0.18638625741004944,0.0003111585683654994,0.43889832496643066,2.7521743774414062,0.10143095254898071,0.0003400210989639163,0.8497149348258972,3.4993503093719482,0.5542925596237183,4.843389615416527e-05,0.4901532232761383,3.524895668029785,0.6657239198684692,1.4503563761536498e-05,0.8623032569885254,3.613773822784424,0.5735070109367371,3.361128256074153e-05,0.488237202167511,3.6361780166625977,0.6948881149291992,5.090556442155503e-05,0.8088043928146362,3.7422118186950684,-0.319890558719635,5.94868506595958e-05,0.5665070414543152,3.7627716064453125,-0.24670955538749695,9.134927677223459e-05
0.4935569763183594,0.5346161723136902,-1.3684120178222656,0.9996924996376038,0.5300272107124329,0.4544510841369629,-1.2958108186721802,0.9991493821144104,0.5532513856887817,0.45172083377838135,-1.2958800792694092,0.9991047382354736,0.5729150176048279,0.4493945240974426,-1.2958301305770874,0.9989527463912964,0.45397457480430603,0.4661698341369629,-1.2897744178771973,0.999372661113739,0.4325374662876129,0.47080865502357483,-1.2887301445007324,0.9994375109672546,0.410672664642334,0.47613969445228577,-1.289360761642456,0.9994938373565674,0.6061925888061523,0.4702117145061493,-0.7394527196884155,0.9985937476158142,0.3950675129890442,0.501049280166626,-0.6735703349113464,0.9995719790458679,0.5507758259773254,0.6139206290245056,-1.1590983867645264,0.999644935131073,0.4630416929721832,0.6345537304878235,-1.1390907764434814,0.9997617602348328,0.8243454098701477,0.8573963642120361,-0.33950942754745483,0.9952675700187683,0.25710391998291016,0.9376037120819092,-0.36572080850601196,0.9988309741020203,1.0246007442474365,0.9638108015060425,-0.6923288106918335,0.29198697209358215,0.12150038778781891,1.472675085067749,-0.3255654275417328,0.7005533576011658,1.1575212478637695,1.3190416097640991,-1.6410259008407593,0.13587868213653564,0.13020136952400208,1.9623757600784302,-0.8865997195243835,0.3082822561264038,1.2081396579742432,1.373788833618164,-1.8565044403076172,0.13641493022441864,0.107111856341362,2.1332924365997314,-1.0472825765609741,0.2720252573490143,1.1590508222579956,1.37198805809021,-1.8801610469818115,0.19098211824893951,0.1556285321712494,2.1104605197906494,-1.2001492977142334,0.3651431202888489,1.1167250871658325,1.36151123046875,-1.6948779821395874,0.19854360818862915,0.17915664613246918,2.051772356033325,-0.9709726572036743,0.3690139949321747,0.7885452508926392,1.8645912408828735,-0.12047082185745239,0.0005994054954499006,0.39689403772354126,1.9115252494812012,0.1277545690536499,0.0005702358903363347,0.823502242565155,2.723466396331787,-0.1491037905216217,0.00033154405537061393,0.4437708258628845,2.7569010257720947,0.1499069333076477,0.0003649263526313007,0.8663883209228516,3.5003039836883545,0.6644824743270874,5.041498661739752e-05,0.5033007860183716,3.525407075881958,0.7973498106002808,1.5081450328580104e-05,0.8812934160232544,3.613579511642456,0.6893817186355591,3.456311605987139e-05,0.5029851794242859,3.6347105503082275,0.8341426849365234,5.3789044613949955e-05,0.8262996673583984,3.744755268096924,-0.2194492071866989,6.0623868193943053e-05,0.5841947793960571,3.7662718296051025,-0.12461630254983902,9.386929013999179e-05
0.49379825592041016,0.5358397960662842,-1.2302825450897217,0.9997230172157288,0.5303369760513306,0.4558877944946289,-1.1621294021606445,0.9992057681083679,0.553646445274353,0.45327040553092957,-1.1619582176208496,0.9991776943206787,0.5731937885284424,0.4509555399417877,-1.1616629362106323,0.9990136027336121,0.4541857838630676,0.4670012593269348,-1.156205654144287,0.9994218349456787,0.43268829584121704,0.4714776277542114,-1.155063509941101,0.9994895458221436,0.41075199842453003,0.47665008902549744,-1.1556133031845093,0.999534547328949,0.6066713929176331,0.4714205861091614,-0.6508275270462036,0.9986878633499146,0.39508628845214844,0.5018442869186401,-0.5802781581878662,0.9996219277381897,0.5512560606002808,0.6155425310134888,-1.0362284183502197,0.9996611475944519,0.46280303597450256,0.6356996893882751,-1.0181342363357544,0.9997819066047668,0.8255622982978821,0.8582815527915955,-0.30175498127937317,0.9952763319015503,0.2562490999698639,0.9380826950073242,-0.3002435863018036,0.9989317655563354,1.1195710897445679,1.1525094509124756,-0.8604995012283325,0.28277137875556946,0.12074033915996552,1.4782761335372925,-0.28629425168037415,0.6885125637054443,1.033004879951477,1.0864871740341187,-1.9211750030517578,0.14077432453632355,0.13132044672966003,1.949533462524414,-0.8189622163772583,0.3084108829498291,1.0688855648040771,1.064003825187683,-2.1384215354919434,0.13970135152339935,0.10846729576587677,2.1355388164520264,-0.9423101544380188,0.27403032779693604,0.964372456073761,1.0215375423431396,-2.0912532806396484,0.19442136585712433,0.15817636251449585,2.114196300506592,-1.065285325050354,0.3691926598548889,0.9170225858688354,1.0182809829711914,-1.9490817785263062,0.20235024392604828,0.1817827671766281,2.0555942058563232,-0.8855085372924805,0.37200936675071716,0.7885571718215942,1.8675349950790405,-0.11854913085699081,0.0006036906852386892,0.397499144077301,1.9111686944961548,0.1258365511894226,0.0005746466340497136,0.8190991282463074,2.727678060531616,-0.240119069814682,0.0003434594254940748,0.4411187767982483,2.7583439350128174,0.15455569326877594,0.00035237547126598656,0.8566031455993652,3.5064873695373535,0.44792237877845764,4.828614692087285e-05,0.49576956033706665,3.5283100605010986,0.6591108441352844,1.3457155546348076e-05,0.8702138066291809,3.6220459938049316,0.4657623767852783,3.364516669535078e-05,0.4958205819129944,3.6402029991149902,0.6842867732048035,4.7836845624260604e-05,0.8117319941520691,3.754331350326538,-0.41278010606765747,6.062624743208289e-05,0.5704104900360107,3.77099871635437,-0.22781498730182648,8.54299942147918e-05
0.4934714734554291,0.5367265939712524,-1.2556536197662354,0.9996984004974365,0.5300869345664978,0.45700713992118835,-1.1924396753311157,0.9990988969802856,0.5536752343177795,0.45440948009490967,-1.192328691482544,0.9990836977958679,0.5733118653297424,0.452063649892807,-1.192015290260315,0.9988730549812317,0.4539116322994232,0.467315137386322,-1.1839847564697266,0.9993516802787781,0.43237414956092834,0.4714779257774353,-1.1828809976577759,0.9994362592697144,0.4102334976196289,0.47636887431144714,-1.1834290027618408,0.999481201171875,0.6071610450744629,0.47186654806137085,-0.6965160965919495,0.9985023736953735,0.39522266387939453,0.5019785165786743,-0.6154121160507202,0.9995818734169006,0.5511459112167358,0.6161468029022217,-1.068354606628418,0.9996181130409241,0.4623149335384369,0.6360958814620972,-1.0460855960845947,0.9997599720954895,0.8277413249015808,0.8593652248382568,-0.33885082602500916,0.9947464466094971,0.2565383315086365,0.9381452202796936,-0.33837175369262695,0.998957097530365,1.0572807788848877,1.047021746635437,-0.8012301325798035,0.25751739740371704,0.12505419552326202,1.4791529178619385,-0.31099745631217957,0.6909000873565674,1.1125375032424927,1.289163589477539,-1.7980775833129883,0.1284760683774948,0.1323772519826889,1.9650118350982666,-0.838172435760498,0.31594985723495483,1.1576820611953735,1.3148852586746216,-2.006842613220215,0.130277618765831,0.10811320692300797,2.1395504474639893,-0.9684947729110718,0.28085121512413025,1.0982210636138916,1.3054929971694946,-1.9820892810821533,0.18249458074569702,0.15648779273033142,2.1215217113494873,-1.1243609189987183,0.37799063324928284,0.9801896214485168,1.10161292552948,-1.8331019878387451,0.19133475422859192,0.18142959475517273,2.0628955364227295,-0.9098540544509888,0.3804212212562561,0.7889958620071411,1.869749903678894,-0.11947324126958847,0.000586005742661655,0.39906045794487,1.9109370708465576,0.12667711079120636,0.0005653815460391343,0.8209697008132935,2.726156711578369,-0.24752406775951385,0.0003518467419780791,0.4452643394470215,2.7565910816192627,0.17368991672992706,0.0003622348012868315,0.8600009679794312,3.5023293495178223,0.4447146952152252,4.818184970645234e-05,0.5010071992874146,3.526116371154785,0.7345070838928223,1.3168159966880921e-05,0.8741792440414429,3.6180741786956787,0.46258053183555603,3.396018655621447e-05,0.5013899803161621,3.638939380645752,0.7634686231613159,4.725584221887402e-05,0.8146550059318542,3.747525453567505,-0.4128372073173523,6.132162525318563e-05,0.5747150778770447,3.7659006118774414,-0.1299406737089157,8.3968072431162e-05
0.4935673177242279,0.5373016595840454,-1.3682576417922974,0.9997026324272156,0.5307632684707642,0.45787858963012695,-1.2992818355560303,0.9990875124931335,0.5545269846916199,0.4554692506790161,-1.2993543148040771,0.9990711212158203,0.5744349360466003,0.45322322845458984,-1.2991949319839478,0.9988340139389038,0.4540773332118988,0.467306911945343,-1.287712574005127,0.9993562698364258,0.4323646128177643,0.4711471498012543,-1.2867136001586914,0.9994444847106934,0.4100770950317383,0.4756995737552643,-1.2873508930206299,0.9994882941246033,0.608576238155365,0.4728998839855194,-0.7626100778579712,0.9984469413757324,0.3955852687358856,0.5019328594207764,-0.6724014282226562,0.999596893787384,0.5513792634010315,0.6167460083961487,-1.1662509441375732,0.9996208548545837,0.4620228707790375,0.6364173889160156,-1.1395859718322754,0.99977046251297,0.8301429748535156,0.8604304194450378,-0.3673214912414551,0.9941869378089905,0.2575737237930298,0.9382196068763733,-0.37311720848083496,0.999000072479248,1.0284748077392578,0.9859403371810913,-0.7637644410133362,0.2484278529882431,0.12817977368831635,1.480605959892273,-0.3262037932872772,0.6892088055610657,1.115329623222351,1.3662081956863403,-1.710262656211853,0.1306564211845398,0.13409750163555145,1.97263765335083,-0.849932074546814,0.34421077370643616,1.1773681640625,1.4625884294509888,-1.9220390319824219,0.13516035676002502,0.10742731392383575,2.1450648307800293,-1.0015822649002075,0.3112388849258423,1.092745065689087,1.4254193305969238,-1.9753353595733643,0.18712817132472992,0.15712162852287292,2.12538480758667,-1.1585460901260376,0.4108726978302002,1.0731050968170166,1.4295662641525269,-1.7738033533096313,0.1957838535308838,0.18340259790420532,2.0673828125,-0.9306601285934448,0.41293808817863464,0.7914972901344299,1.8745300769805908,-0.11889097839593887,0.0005798353813588619,0.39951109886169434,1.9154194593429565,0.1260589361190796,0.000574860256165266,0.8219445943832397,2.736504077911377,-0.1127656102180481,0.0003628947597462684,0.4472293257713318,2.765045642852783,0.16860711574554443,0.0003623544762376696,0.861079216003418,3.5066888332366943,0.7248403429985046,5.2716171921929345e-05,0.502975344657898,3.5303800106048584,0.7918837070465088,1.3632618902192917e-05,0.8752096891403198,3.6216769218444824,0.7512004971504211,3.635396569734439e-05,0.5026687979698181,3.6415867805480957,0.8256589770317078,4.801451723324135e-05,0.8172646760940552,3.754007577896118,-0.1212492361664772,6.473742541857064e-05,0.5784788727760315,3.776484966278076,-0.12072892487049103,8.514278306392953e-05
0.49427467584609985,0.5372436046600342,-1.310793399810791,0.9997162818908691,0.5316463112831116,0.4576348662376404,-1.239843726158142,0.9991251230239868,0.5553910732269287,0.45515647530555725,-1.2397546768188477,0.9991050958633423,0.5751255750656128,0.45318713784217834,-1.2394136190414429,0.9988678097724915,0.45486029982566833,0.46708160638809204,-1.2345420122146606,0.9993847012519836,0.4331074357032776,0.4708300530910492,-1.2335857152938843,0.9994690418243408,0.41077178716659546,0.47533974051475525,-1.2342376708984375,0.9995110034942627,0.6087428331375122,0.47353389859199524,-0.6936413049697876,0.9984855651855469,0.3957814872264862,0.5020503401756287,-0.6361152529716492,0.9996203780174255,0.5516833066940308,0.6164799332618713,-1.1062815189361572,0.9996396899223328,0.4620274603366852,0.6357489228248596,-1.0897358655929565,0.9997872114181519,0.8270421028137207,0.85950767993927,-0.32013341784477234,0.9944767951965332,0.2567456364631653,0.9382492303848267,-0.33036455512046814,0.9990515112876892,1.017072081565857,0.9683892130851746,-0.8889437913894653,0.27163827419281006,0.13556070625782013,1.482012152671814,-0.379271000623703,0.7007834911346436,1.0214134454727173,1.075571894645691,-1.9813077449798584,0.13764117658138275,0.14011318981647491,1.9700182676315308,-0.9761849641799927,0.34650880098342896,1.0695127248764038,1.0605015754699707,-2.2169907093048096,0.13703186810016632,0.11605946719646454,2.13999080657959,-1.1230159997940063,0.3092007040977478,0.9611452221870422,1.0236762762069702,-2.183981418609619,0.18759149312973022,0.16203239560127258,2.1216139793395996,-1.2643277645111084,0.40773603320121765,0.923954963684082,1.0273973941802979,-2.015990734100342,0.19537997245788574,0.18722158670425415,2.0635902881622314,-1.0499953031539917,0.40936005115509033,0.7864371538162231,1.8733315467834473,-0.11732874810695648,0.0007064047385938466,0.39960339665412903,1.9133803844451904,0.12429773807525635,0.0006980136968195438,0.8147805333137512,2.7321484088897705,-0.09957491606473923,0.00044531378080137074,0.441152960062027,2.7597343921661377,0.1754857748746872,0.0004474583547562361,0.8487347364425659,3.5031824111938477,0.7207673788070679,6.0095699154771864e-05,0.49210748076438904,3.5271308422088623,0.8176298141479492,1.698949017736595e-05,0.8613956570625305,3.6166367530822754,0.7498894929885864,4.143075420870446e-05,0.49071455001831055,3.638179063796997,0.8585125207901001,5.9264173614792526e-05,0.8053743243217468,3.7522048950195312,-0.11559512466192245,7.312134403036907e-05,0.5691428184509277,3.7721734046936035,-0.06508027762174606,9.726065036375076e-05
0.49463802576065063,0.5370762348175049,-1.2486636638641357,0.9997392892837524,0.5325114130973816,0.4575369954109192,-1.171933889389038,0.9991897344589233,0.5563548803329468,0.4551452696323395,-1.1719363927841187,0.9991851449012756,0.5759932398796082,0.45330551266670227,-1.1717331409454346,0.9989429712295532,0.4552617073059082,0.4666253924369812,-1.1664119958877563,0.9994187355041504,0.43336325883865356,0.4702743887901306,-1.1652909517288208,0.9995073676109314,0.41095250844955444,0.47473448514938354,-1.1659281253814697,0.9995369911193848,0.610357940196991,0.4746299684047699,-0.6072854399681091,0.9986231923103333,0.395757257938385,0.5023346543312073,-0.5529487729072571,0.9996593594551086,0.5521920323371887,0.6167608499526978,-1.039466381072998,0.9996616244316101,0.46165186166763306,0.6354465484619141,-1.023102045059204,0.9998032450675964,0.8233944773674011,0.8594284057617188,-0.28187647461891174,0.9949505925178528,0.2549426853656769,0.9387872219085693,-0.28633278608322144,0.9990954399108887,1.0154061317443848,0.9694194197654724,-0.8910109400749207,0.30181145668029785,0.1291879266500473,1.483951210975647,-0.2678391635417938,0.7030152678489685,0.9907090067863464,1.0328152179718018,-1.9561227560043335,0.18277224898338318,0.13998350501060486,1.9687360525131226,-0.8916769027709961,0.3438989520072937,1.0078144073486328,1.003000020980835,-2.1763622760772705,0.1611003875732422,0.11742383241653442,2.1386938095092773,-1.0312392711639404,0.3015297055244446,0.9203094244003296,0.9726951122283936,-2.1354284286499023,0.2123902142047882,0.1630227118730545,2.1217286586761475,-1.1641383171081543,0.4007595181465149,0.8915678262710571,0.9727579951286316,-1.9856436252593994,0.21970877051353455,0.18757402896881104,2.0638201236724854,-0.9623206853866577,0.3997136354446411,0.7837899327278137,1.876461386680603,-0.11932692676782608,0.0008217336726374924,0.39629167318344116,1.9128187894821167,0.12628208100795746,0.0007864516228437424,0.815021812915802,2.733901023864746,-0.18464091420173645,0.0005133458180353045,0.43925246596336365,2.7613158226013184,0.1492212414741516,0.0005006861174479127,0.8516022562980652,3.5124893188476562,0.5963039398193359,5.8180892665404826e-05,0.4888404309749603,3.5305683612823486,0.7613583207130432,1.6633686755085364e-05,0.8661394119262695,3.6280338764190674,0.6209760904312134,4.084392639924772e-05,0.4872584342956543,3.644991397857666,0.7977255582809448,6.062213287805207e-05,0.8048402667045593,3.7649805545806885,-0.2737816274166107,7.520646613556892e-05,0.5685571432113647,3.774204730987549,-0.14219345152378082,0.00010013751307269558
0.4964512884616852,0.5327656865119934,-1.155075192451477,0.9997645020484924,0.535740315914154,0.4527803957462311,-1.0855494737625122,0.999268114566803,0.5588778257369995,0.45107778906822205,-1.0853214263916016,0.999275267124176,0.5785301327705383,0.45105046033859253,-1.0848714113235474,0.9990259408950806,0.4581124186515808,0.4602845311164856,-1.0832850933074951,0.999464213848114,0.4352969229221344,0.46351951360702515,-1.0821669101715088,0.9995517134666443,0.41325125098228455,0.46760836243629456,-1.0826873779296875,0.999567985534668,0.6119135618209839,0.4746227562427521,-0.581281304359436,0.9987792372703552,0.3962174654006958,0.5011714696884155,-0.5396451950073242,0.9997054934501648,0.5531084537506104,0.6139612793922424,-0.9669087529182434,0.9996872544288635,0.46182185411453247,0.629087507724762,-0.9552429914474487,0.9998241662979126,0.8223714828491211,0.8594609498977661,-0.26203200221061707,0.9952700138092041,0.2544654905796051,0.9390342831611633,-0.2748546004295349,0.9991157054901123,1.0031402111053467,0.9571550488471985,-0.890550971031189,0.332066148519516,0.1342630535364151,1.486411213874817,-0.3043416142463684,0.7003164291381836,0.9850295186042786,0.9876700639724731,-1.8534561395645142,0.23260292410850525,0.14870712161064148,1.9652974605560303,-0.8358904123306274,0.34899595379829407,0.9686681628227234,0.9332758188247681,-2.0592758655548096,0.19561386108398438,0.1297331154346466,2.1331207752227783,-0.9497411847114563,0.3060970902442932,0.8817979097366333,0.9150384068489075,-1.9782320261001587,0.2483169585466385,0.17232061922550201,2.112816572189331,-1.0701406002044678,0.405607134103775,0.8618062734603882,0.928593099117279,-1.8657491207122803,0.25505706667900085,0.19587941467761993,2.0569069385528564,-0.9002224802970886,0.4025138318538666,0.7827413082122803,1.8693172931671143,-0.11223645508289337,0.0009852992370724678,0.3969734013080597,1.904052495956421,0.11884955316781998,0.0009268157882615924,0.8110383152961731,2.7310495376586914,-0.2631376385688782,0.0005990273784846067,0.43884721398353577,2.7585721015930176,0.11955370754003525,0.00057542062131688,0.8421106338500977,3.511174201965332,0.3954865336418152,6.07159236096777e-05,0.4878457188606262,3.5305540561676025,0.5668976306915283,1.7295822544838302e-05,0.8536368608474731,3.625070810317993,0.4132924973964691,4.289615753805265e-05,0.48612815141677856,3.6450185775756836,0.5859023928642273,6.442683661589399e-05,0.7992414236068726,3.765179395675659,-0.4302915930747986,8.321502537000924e-05,0.5625672936439514,3.7746195793151855,-0.3065594732761383,0.00010616175131872296
0.4993259906768799,0.5320929884910583,-1.2152992486953735,0.9998041987419128,0.5387809872627258,0.4517636299133301,-1.1460953950881958,0.999390184879303,0.5615731477737427,0.4500695466995239,-1.1459914445877075,0.9994052052497864,0.5817133188247681,0.4502629339694977,-1.145493745803833,0.9991814494132996,0.4608228802680969,0.4593498408794403,-1.143554449081421,0.9995443820953369,0.4372331202030182,0.46249881386756897,-1.1424763202667236,0.9996210336685181,0.41573819518089294,0.4663437604904175,-1.1431143283843994,0.9996268153190613,0.6143385767936707,0.4742272198200226,-0.6301658153533936,0.9990042448043823,0.39765968918800354,0.5007339715957642,-0.5863412618637085,0.9997586011886597,0.5551561117172241,0.6128699779510498,-1.023248314857483,0.9997317790985107,0.46284323930740356,0.6278669834136963,-1.0104702711105347,0.9998505711555481,0.826910674571991,0.8588368892669678,-0.298020601272583,0.9957448244094849,0.25559520721435547,0.939102292060852,-0.29367032647132874,0.9991640448570251,1.0600358247756958,1.0839449167251587,-1.0316520929336548,0.3491668403148651,0.12815473973751068,1.4855822324752808,-0.306408166885376,0.6947553753852844,0.9702678918838501,0.9845668077468872,-2.187760829925537,0.27866262197494507,0.14593352377414703,1.9582602977752686,-0.7944637537002563,0.3569663465023041,0.969870388507843,0.9265117645263672,-2.4242379665374756,0.23140764236450195,0.12594644725322723,2.1256296634674072,-0.9064202308654785,0.31571024656295776,0.8731082081794739,0.9076918363571167,-2.3323452472686768,0.2870578467845917,0.17092575132846832,2.1049349308013916,-1.0293606519699097,0.41700059175491333,0.8600127100944519,0.921539843082428,-2.201414108276367,0.2925858199596405,0.19341851770877838,2.0497546195983887,-0.8580710291862488,0.4132557511329651,0.7857388854026794,1.8676085472106934,-0.11305026710033417,0.0009913656394928694,0.400130033493042,1.9032777547836304,0.11989432573318481,0.0009275657939724624,0.8164979815483093,2.7326807975769043,-0.21444275975227356,0.000576118822209537,0.44481420516967773,2.758777141571045,0.13665887713432312,0.0005398772191256285,0.8519986867904663,3.5105743408203125,0.5168240666389465,5.601369048235938e-05,0.4944320321083069,3.5300140380859375,0.6662887334823608,1.497070388722932e-05,0.865874171257019,3.623887777328491,0.5387097597122192,4.0121700294548646e-05,0.4918864369392395,3.6442720890045166,0.6943656206130981,5.730918201152235e-05,0.8044797778129578,3.76544451713562,-0.3364400267601013,7.9650133557152e-05,0.5712271332740784,3.775456428527832,-0.2270653247833252,9.604208753444254e-05
0.5017036199569702,0.532588541507721,-1.33854079246521,0.9998050332069397,0.5409992933273315,0.45146480202674866,-1.2633428573608398,0.9993744492530823,0.5632858276367188,0.44982197880744934,-1.2632966041564941,0.9994102716445923,0.5835361480712891,0.4500979483127594,-1.2628707885742188,0.9991361498832703,0.46348586678504944,0.4587028920650482,-1.262427806854248,0.9995247721672058,0.4392545223236084,0.461605042219162,-1.26138174533844,0.9996174573898315,0.4182015061378479,0.4650272727012634,-1.2621114253997803,0.999605119228363,0.6165400743484497,0.47379305958747864,-0.7211298942565918,0.9989786744117737,0.3993549942970276,0.49912840127944946,-0.6758764386177063,0.9997665286064148,0.5558366775512695,0.6130324006080627,-1.1330586671829224,0.9997282028198242,0.4644790589809418,0.6275708079338074,-1.1212990283966064,0.9998541474342346,0.8300215601921082,0.8614396452903748,-0.3569483458995819,0.9954646229743958,0.25389596819877625,0.9382327795028687,-0.368208110332489,0.9991267919540405,1.129693627357483,1.149263620376587,-1.049220323562622,0.33468544483184814,0.12145377695560455,1.489247441291809,-0.3515242040157318,0.6918100714683533,0.9691991806030273,0.9945493936538696,-2.1874582767486572,0.2959446609020233,0.14690762758255005,1.9647525548934937,-0.8630692362785339,0.3632655143737793,0.957190990447998,0.9586254358291626,-2.4260473251342773,0.24707339704036713,0.13061746954917908,2.1353988647460938,-0.9884411096572876,0.32048675417900085,0.8749305009841919,0.9326031804084778,-2.3523077964782715,0.30348795652389526,0.17603076994419098,2.113638401031494,-1.1108696460723877,0.42407771944999695,0.8627794981002808,0.9365628957748413,-2.206681489944458,0.3073759078979492,0.19699890911579132,2.056305170059204,-0.9263477325439453,0.4188387393951416,0.7902129888534546,1.869949221611023,-0.11432524770498276,0.0009128751116804779,0.3994866907596588,1.9059948921203613,0.12126580625772476,0.0008444697014056146,0.8247441053390503,2.7341089248657227,-0.1690118908882141,0.0005714967846870422,0.45174986124038696,2.7592368125915527,0.15140880644321442,0.0005213400581851602,0.8642711639404297,3.509465217590332,0.6080012321472168,5.399869041866623e-05,0.5041754841804504,3.525731325149536,0.7727872133255005,1.345816326647764e-05,0.8786907196044922,3.6237688064575195,0.6327718496322632,3.774264041567221e-05,0.5022128820419312,3.6409072875976562,0.8087418675422668,5.285159932100214e-05,0.8175608515739441,3.7636537551879883,-0.24942544102668762,7.778147119097412e-05,0.5824142694473267,3.769707441329956,-0.12330307066440582,9.203634544974193e-05
0.5019276738166809,0.5319699645042419,-1.2455918788909912,0.9998261332511902,0.5415012240409851,0.4479741156101227,-1.1734939813613892,0.9994556307792664,0.5637534856796265,0.44615402817726135,-1.1733667850494385,0.9994848966598511,0.5839758515357971,0.4469079375267029,-1.172871470451355,0.9992450475692749,0.4638528823852539,0.45634350180625916,-1.16731858253479,0.9995788931846619,0.43979349732398987,0.4593987762928009,-1.1662428379058838,0.9996575117111206,0.418770968914032,0.46304354071617126,-1.1668379306793213,0.9996452331542969,0.616835355758667,0.4723628759384155,-0.6486042737960815,0.999106764793396,0.39992111921310425,0.49775245785713196,-0.5904380083084106,0.9997915625572205,0.5561717748641968,0.6128513216972351,-1.0514342784881592,0.9997580051422119,0.46494072675704956,0.62725830078125,-1.0342036485671997,0.9998692870140076,0.8334256410598755,0.8628710508346558,-0.3167617619037628,0.995590329170227,0.253801554441452,0.9345900416374207,-0.29910212755203247,0.99910968542099,1.0095956325531006,0.9714099764823914,-0.9397293925285339,0.35080045461654663,0.12251736223697662,1.4849064350128174,-0.3282019793987274,0.6845582723617554,1.0389578342437744,1.1664243936538696,-2.04831862449646,0.3329509496688843,0.14870060980319977,1.9490381479263306,-0.9881100654602051,0.37365490198135376,1.0673928260803223,1.1752325296401978,-2.2775979042053223,0.2835565209388733,0.13131006062030792,2.1228787899017334,-1.133634328842163,0.3355792462825775,0.9201850891113281,0.9693090319633484,-2.2356491088867188,0.34121906757354736,0.1797926425933838,2.089411497116089,-1.2545207738876343,0.4403988718986511,0.8793665170669556,0.9637261629104614,-2.0783274173736572,0.34136539697647095,0.20212343335151672,2.031059741973877,-1.0556992292404175,0.4339941143989563,0.7882186770439148,1.8719356060028076,-0.12293703854084015,0.0009792749769985676,0.3921521008014679,1.9058878421783447,0.1299733966588974,0.0009016005205921829,0.8144540786743164,2.7376291751861572,-0.17245334386825562,0.000580557796638459,0.44039255380630493,2.756537437438965,0.17517589032649994,0.0005249965470284224,0.8434212803840637,3.5092692375183105,0.58967125415802,5.296321978676133e-05,0.482069730758667,3.525568962097168,0.8364014625549316,1.2952010365552269e-05,0.8547639846801758,3.6240930557250977,0.611894428730011,3.6084667954128236e-05,0.48033228516578674,3.641474485397339,0.876969039440155,4.991179957869463e-05,0.7964518070220947,3.7622103691101074,-0.2747407853603363,7.604130951222032e-05,0.5567455291748047,3.768984317779541,-0.045614875853061676,9.145739022642374e-05
0.5022063255310059,0.5324093699455261,-1.1761932373046875,0.999855637550354,0.541830837726593,0.44789785146713257,-1.109073519706726,0.999552309513092,0.5643018484115601,0.4460681974887848,-1.1088718175888062,0.9995793104171753,0.5845422148704529,0.4469643533229828,-1.1083191633224487,0.9993776082992554,0.46393266320228577,0.4561454653739929,-1.100319266319275,0.9996508955955505,0.43997740745544434,0.4592023491859436,-1.0991668701171875,0.9997159242630005,0.41884976625442505,0.4629422426223755,-1.09971022605896,0.9997013807296753,0.6172212362289429,0.47247809171676636,-0.6108942031860352,0.9992760419845581,0.3999989628791809,0.49758180975914,-0.5404135584831238,0.9998285174369812,0.55684494972229,0.613842248916626,-0.9907547831535339,0.9997947812080383,0.4649980664253235,0.6288416385650635,-0.9714187383651733,0.9998887777328491,0.8331819772720337,0.8641790747642517,-0.30216285586357117,0.9957703351974487,0.25393590331077576,0.9341332912445068,-0.27038097381591797,0.9991548657417297,1.0139758586883545,0.9821334481239319,-1.0116642713546753,0.3371468782424927,0.11979056894779205,1.488540530204773,-0.31752270460128784,0.6563556790351868,0.9807688593864441,1.0323961973190308,-2.1279661655426025,0.35613110661506653,0.1449955403804779,1.9560446739196777,-0.981013298034668,0.3636202812194824,0.9712705612182617,0.9752808809280396,-2.3588874340057373,0.30647093057632446,0.12661875784397125,2.1313369274139404,-1.1163021326065063,0.3351300060749054,0.8842676877975464,0.9295112490653992,-2.264936685562134,0.36615368723869324,0.17642393708229065,2.1009228229522705,-1.2279484272003174,0.4413987994194031,0.8739215731620789,0.9437698721885681,-2.139110565185547,0.36556947231292725,0.1989368051290512,2.0426623821258545,-1.0452622175216675,0.43430858850479126,0.7899625897407532,1.8755316734313965,-0.122566357254982,0.0009426846518181264,0.39152398705482483,1.908001184463501,0.12960126996040344,0.0008750875131227076,0.8155501484870911,2.742671251296997,-0.2100701630115509,0.0005326003301888704,0.43980464339256287,2.763409376144409,0.20944854617118835,0.0004719837452284992,0.8458145260810852,3.5136914253234863,0.5626409649848938,4.8433761548949406e-05,0.4850262701511383,3.5282034873962402,0.8509560823440552,1.1089663530583493e-05,0.8581942319869995,3.629195213317871,0.5884039998054504,3.249866858823225e-05,0.48328322172164917,3.6433377265930176,0.8899778127670288,4.2634474084479734e-05,0.7967528104782104,3.767228364944458,-0.29124823212623596,7.180506509030238e-05,0.5603970885276794,3.776275873184204,-0.026704400777816772,8.226600766647607e-05
0.5012408494949341,0.5336258411407471,-1.242783546447754,0.9998626112937927,0.5410758852958679,0.4480345845222473,-1.1697213649749756,0.9995606541633606,0.5638827681541443,0.4460957944393158,-1.1694657802581787,0.9995880126953125,0.5838303565979004,0.4469658136367798,-1.1687462329864502,0.9993796348571777,0.4634246230125427,0.4563266336917877,-1.16237473487854,0.9996627569198608,0.4399794042110443,0.4593825042247772,-1.161263346672058,0.9997265338897705,0.4188178479671478,0.4631873369216919,-1.161747694015503,0.9997076988220215,0.616827130317688,0.4723990261554718,-0.6596392393112183,0.9992589354515076,0.4000738263130188,0.49733975529670715,-0.5945691466331482,0.9998313188552856,0.5566295385360718,0.6149458289146423,-1.0536187887191772,0.999794602394104,0.46428194642066956,0.6305399537086487,-1.0359179973602295,0.9998900294303894,0.8328157663345337,0.8654977679252625,-0.34308382868766785,0.9953018426895142,0.2517077326774597,0.9375413060188293,-0.30511200428009033,0.9990772604942322,1.0080697536468506,0.9568305611610413,-1.0528228282928467,0.30792638659477234,0.11969916522502899,1.5042141675949097,-0.3609364628791809,0.6436071991920471,1.0206890106201172,1.0359050035476685,-2.1828367710113525,0.34942519664764404,0.14752066135406494,1.973699688911438,-0.9692489504814148,0.3654576241970062,0.9910050630569458,0.9849324822425842,-2.418553113937378,0.31048351526260376,0.12992393970489502,2.149630069732666,-1.0940624475479126,0.34180977940559387,0.9242731928825378,0.9940089583396912,-2.348428726196289,0.3708420693874359,0.18153789639472961,2.119204521179199,-1.204153299331665,0.4502338767051697,0.9215027093887329,1.0119402408599854,-2.1968274116516113,0.3691994547843933,0.20427338778972626,2.0603249073028564,-1.0322957038879395,0.4427585303783417,0.7973531484603882,1.8828997611999512,-0.12450946867465973,0.0008608874632045627,0.39528316259384155,1.9203230142593384,0.13163788616657257,0.0008082609856501222,0.8260823488235474,2.75,-0.24760684370994568,0.000510342710185796,0.44907689094543457,2.77656626701355,0.1842314451932907,0.00044685794273391366,0.8612890243530273,3.516751766204834,0.4650856554508209,4.7402918426087126e-05,0.4989841878414154,3.533555746078491,0.7253469824790955,1.0745002327894326e-05,0.8750208616256714,3.633561134338379,0.4852094054222107,3.032428867300041e-05,0.49738043546676636,3.6484005451202393,0.7535187005996704,3.9822421967983246e-05,0.8120843172073364,3.7708919048309326,-0.3902661204338074,6.868510536151007e-05,0.5757896304130554,3.7867722511291504,-0.15840022265911102,7.992314931470901e-05
0.5014213919639587,0.5341067910194397,-1.270235538482666,0.999880313873291,0.540900468826294,0.447916179895401,-1.2036839723587036,0.9996091723442078,0.563703179359436,0.44585785269737244,-1.203424334526062,0.9996377825737,0.5834393501281738,0.44666722416877747,-1.2027488946914673,0.9994412660598755,0.4638175368309021,0.45644643902778625,-1.1965177059173584,0.9996978640556335,0.4406108260154724,0.45969513058662415,-1.1954175233840942,0.9997562170028687,0.4196503758430481,0.46371838450431824,-1.1959537267684937,0.9997341632843018,0.6163614392280579,0.4723062217235565,-0.6918714642524719,0.999336838722229,0.400416761636734,0.498036652803421,-0.6271127462387085,0.9998530149459839,0.5569115877151489,0.6155164837837219,-1.0783697366714478,0.9998157024383545,0.4647133946418762,0.6316460371017456,-1.0602186918258667,0.9999028444290161,0.8328396081924438,0.866063117980957,-0.3513020873069763,0.9954028129577637,0.2514696419239044,0.9372771382331848,-0.3345205783843994,0.99913489818573,1.049936294555664,1.0488096475601196,-1.1011388301849365,0.30994027853012085,0.11807791888713837,1.5014771223068237,-0.3615419268608093,0.6350982785224915,0.9790472984313965,1.0117695331573486,-2.317854642868042,0.3913310468196869,0.1443931609392166,1.9706940650939941,-0.9227471351623535,0.39193153381347656,0.9412498474121094,0.9535223841667175,-2.5659241676330566,0.35487014055252075,0.12547802925109863,2.1425514221191406,-1.0522735118865967,0.3734901547431946,0.8810864686965942,0.9219167232513428,-2.4752795696258545,0.41667062044143677,0.17535409331321716,2.1127140522003174,-1.1715967655181885,0.4833843410015106,0.864333987236023,0.9366955161094666,-2.3320634365081787,0.4135924279689789,0.19895710051059723,2.056419610977173,-0.987021803855896,0.47640782594680786,0.793305516242981,1.8873170614242554,-0.12049020826816559,0.000838539854157716,0.3930123746395111,1.9217662811279297,0.12752267718315125,0.0007972148014232516,0.8144471049308777,2.7580549716949463,-0.08774443715810776,0.00047612996422685683,0.4408129155635834,2.781475305557251,0.18595430254936218,0.00040762918069958687,0.844260036945343,3.5238325595855713,0.7684109210968018,4.353606345830485e-05,0.48506683111190796,3.5379090309143066,0.8828317523002625,9.266691449738573e-06,0.8558274507522583,3.6396260261535645,0.8007661700248718,2.7762571335188113e-05,0.4836544394493103,3.652912139892578,0.9279753565788269,3.411793295526877e-05,0.7968319654464722,3.7775802612304688,-0.08118407428264618,6.58586504869163e-05,0.5595903992652893,3.7881019115448,-0.0035339209716767073,7.300826837308705e-05
0.5021953582763672,0.5342700481414795,-1.190768837928772,0.9998875260353088,0.5409952998161316,0.44742318987846375,-1.1210734844207764,0.9996327757835388,0.5635932683944702,0.4452131688594818,-1.12078857421875,0.9996616840362549,0.5830048322677612,0.44585078954696655,-1.1202125549316406,0.999476969242096,0.46455883979797363,0.4562952220439911,-1.1214730739593506,0.9997128248214722,0.4413326382637024,0.45959344506263733,-1.1203367710113525,0.9997684359550476,0.420498788356781,0.4636974632740021,-1.1207804679870605,0.9997459650039673,0.6155752539634705,0.47177889943122864,-0.6176839470863342,0.9993835091590881,0.4005900025367737,0.49863290786743164,-0.58595210313797,0.9998610019683838,0.557122528553009,0.6154507994651794,-1.0023709535598755,0.9998245239257812,0.4655910134315491,0.6320217251777649,-0.9942534565925598,0.9999065399169922,0.8276690244674683,0.8654114007949829,-0.2960226237773895,0.9957636594772339,0.25073111057281494,0.9382262825965881,-0.3203140199184418,0.9991621971130371,1.0892444849014282,1.1058707237243652,-0.9969443082809448,0.3098089396953583,0.12581442296504974,1.5054867267608643,-0.3419169783592224,0.6346937417984009,0.9789096713066101,0.9979543089866638,-2.1001994609832764,0.3929300606250763,0.15424588322639465,1.9724900722503662,-0.898371696472168,0.38478124141693115,0.9537466168403625,0.9374122619628906,-2.3294730186462402,0.3522067666053772,0.13808317482471466,2.1424667835235596,-1.0172593593597412,0.3653244972229004,0.8852081298828125,0.9151372909545898,-2.2419848442077637,0.414875864982605,0.18501123785972595,2.11663556098938,-1.1328673362731934,0.47565537691116333,0.8714941740036011,0.9328421950340271,-2.114211320877075,0.4119662046432495,0.20709340274333954,2.0600666999816895,-0.9613435864448547,0.4677296280860901,0.7907584309577942,1.8806389570236206,-0.11794173717498779,0.0008420838275924325,0.3966040015220642,1.9181313514709473,0.12506450712680817,0.0007988472352735698,0.822177529335022,2.741290330886841,-0.2774824798107147,0.00046606568503193557,0.4506329596042633,2.772646427154541,0.1632748544216156,0.00040166600956581533,0.8593082427978516,3.5154387950897217,0.38777023553848267,4.112337774131447e-05,0.5010864734649658,3.532529592514038,0.6647616624832153,8.694692951394245e-06,0.8721423149108887,3.6312952041625977,0.4055163860321045,2.65823800873477e-05,0.4996589720249176,3.648933172225952,0.6905455589294434,3.261610254412517e-05,0.8138655424118042,3.7664175033569336,-0.44938725233078003,6.425582250813022e-05,0.5787931680679321,3.7747151851654053,-0.2011469304561615,7.056752656353638e-05
0.5035068392753601,0.5354368090629578,-1.2680013179779053,0.9998860359191895,0.5414867401123047,0.4478628933429718,-1.194119930267334,0.9996333718299866,0.5637954473495483,0.4456549286842346,-1.1938339471817017,0.9996615648269653,0.5830832123756409,0.44632115960121155,-1.1933835744857788,0.9994802474975586,0.46556583046913147,0.4568803012371063,-1.1947470903396606,0.9997151494026184,0.4421716332435608,0.46034005284309387,-1.1936825513839722,0.9997710585594177,0.42139869928359985,0.46450111269950867,-1.1941653490066528,0.9997511506080627,0.6152534484863281,0.47205591201782227,-0.6559720039367676,0.9993992447853088,0.4007314145565033,0.499274343252182,-0.6287350654602051,0.9998636245727539,0.5574015378952026,0.6164900660514832,-1.0650837421417236,0.9998220205307007,0.4673413634300232,0.6334025859832764,-1.0566413402557373,0.9999052882194519,0.822421669960022,0.8633260130882263,-0.3069912791252136,0.9960309267044067,0.2505064308643341,0.9379224181175232,-0.322722852230072,0.9991794228553772,1.051353931427002,0.9851283431053162,-1.0172080993652344,0.34271666407585144,0.12672820687294006,1.4992088079452515,-0.3273683190345764,0.6467040777206421,0.9815624356269836,0.9828192591667175,-2.1476552486419678,0.4011628031730652,0.15500959753990173,1.9608370065689087,-0.8642118573188782,0.3885183334350586,0.9662864804267883,0.9325326681137085,-2.3843257427215576,0.3481353521347046,0.13912005722522736,2.1263015270233154,-0.9846431612968445,0.3634333610534668,0.8889051675796509,0.9143210053443909,-2.2892985343933105,0.4097727835178375,0.18526782095432281,2.099672794342041,-1.1073445081710815,0.4720890522003174,0.8739964365959167,0.927032470703125,-2.1589455604553223,0.40852874517440796,0.20702998340129852,2.045135021209717,-0.9285944700241089,0.4634094536304474,0.7858032584190369,1.8726965188980103,-0.11520422995090485,0.0009931676322594285,0.39555928111076355,1.9078329801559448,0.12195175886154175,0.0009267330751754344,0.812597393989563,2.733827829360962,-0.20437705516815186,0.0005457040388137102,0.44517382979393005,2.761549234390259,0.13857002556324005,0.0004664981388486922,0.8425812721252441,3.507693290710449,0.5200111865997314,4.930234354105778e-05,0.4887332022190094,3.524897575378418,0.6915621161460876,1.0179895070905332e-05,0.8541908264160156,3.621527671813965,0.5415138602256775,3.333636777824722e-05,0.48633161187171936,3.639423131942749,0.7210264205932617,3.8931029848754406e-05,0.7982056140899658,3.757368326187134,-0.3270173668861389,7.493073644582182e-05,0.5623198747634888,3.766186237335205,-0.19618771970272064,8.006348070921376e-05
0.5044697523117065,0.5369861125946045,-1.2326674461364746,0.9998992085456848,0.5426084995269775,0.4493573307991028,-1.1592174768447876,0.9996808767318726,0.5646630525588989,0.44713619351387024,-1.1589826345443726,0.9997049570083618,0.5841451287269592,0.4477616548538208,-1.1583153009414673,0.999545156955719,0.46643757820129395,0.4578622877597809,-1.1581075191497803,0.9997477531433105,0.4427589476108551,0.4610477685928345,-1.157013177871704,0.9997966289520264,0.42201462388038635,0.4648849368095398,-1.1574510335922241,0.9997771382331848,0.6158644556999207,0.472895085811615,-0.6374629735946655,0.9994856715202332,0.40102285146713257,0.4996013343334198,-0.6036847233772278,0.9998783469200134,0.5578975081443787,0.6182115077972412,-1.0382843017578125,0.9998370409011841,0.4682353138923645,0.6348353028297424,-1.0288900136947632,0.9999120235443115,0.8253854513168335,0.8638604879379272,-0.3048115670681,0.996239423751831,0.25021910667419434,0.9384095072746277,-0.302552729845047,0.9991402626037598,1.1164753437042236,1.1294937133789062,-1.058884859085083,0.3505973517894745,0.12514270842075348,1.5021321773529053,-0.3212044835090637,0.6189361214637756,0.9796551465988159,0.978255033493042,-2.2106103897094727,0.45461007952690125,0.15354689955711365,1.969443678855896,-0.9047542810440063,0.38042423129081726,0.9595967531204224,0.9213663935661316,-2.454866886138916,0.3921394348144531,0.13597805798053741,2.136756181716919,-1.0308406352996826,0.362456738948822,0.8777705430984497,0.9019256234169006,-2.3672118186950684,0.45614129304885864,0.18428534269332886,2.1125667095184326,-1.1476144790649414,0.4764281213283539,0.8670438528060913,0.9177628755569458,-2.2246322631835938,0.45190662145614624,0.20690980553627014,2.056290864944458,-0.9699015617370605,0.46376538276672363,0.7873159646987915,1.8744038343429565,-0.12007369101047516,0.0009305812418460846,0.39714500308036804,1.909271001815796,0.12718451023101807,0.0008462384575977921,0.8155437707901001,2.735787868499756,-0.26845186948776245,0.0005524532753042877,0.45253095030784607,2.764739513397217,0.11265603452920914,0.00043287017615512013,0.8470476269721985,3.512972116470337,0.45457834005355835,4.610498217516579e-05,0.4975965619087219,3.5307416915893555,0.6400448083877563,8.505296136718243e-06,0.8598615527153015,3.6289398670196533,0.47565388679504395,3.114826904493384e-05,0.4954286217689514,3.6496469974517822,0.6672650575637817,3.392204598640092e-05,0.7991365790367126,3.7621877193450928,-0.39222827553749084,7.261220889631659e-05,0.5675208568572998,3.769411563873291,-0.24270686507225037,7.3284849349875e-05
0.5169191360473633,0.5367562174797058,-1.4344704151153564,0.9998955130577087,0.5518823862075806,0.44848787784576416,-1.3513327836990356,0.9996659159660339,0.5722216367721558,0.44654932618141174,-1.351365566253662,0.9996901154518127,0.5933364629745483,0.4467267692089081,-1.3509759902954102,0.9995157122612,0.4767955243587494,0.4574795067310333,-1.347712755203247,0.9997392296791077,0.449362576007843,0.4609795808792114,-1.3467166423797607,0.9997912645339966,0.42788761854171753,0.4648565948009491,-1.3473278284072876,0.9997700452804565,0.624193549156189,0.47294071316719055,-0.7646213173866272,0.9994253516197205,0.4033401906490326,0.5000964403152466,-0.7121585607528687,0.9998740553855896,0.5648104548454285,0.6182699203491211,-1.2170659303665161,0.9998329877853394,0.47709566354751587,0.6345564126968384,-1.2018934488296509,0.9999117255210876,0.8378957509994507,0.8684192299842834,-0.3735732138156891,0.9958573579788208,0.251179039478302,0.9408239126205444,-0.3979814350605011,0.9991299510002136,1.0472362041473389,1.0289173126220703,-0.907332718372345,0.33017683029174805,0.12823763489723206,1.5080612897872925,-0.4273771345615387,0.645862340927124,1.0717986822128296,1.2370706796646118,-2.0625128746032715,0.40752002596855164,0.1603683978319168,1.9748941659927368,-1.0999107360839844,0.3965708613395691,1.1194548606872559,1.2779040336608887,-2.3072667121887207,0.35921335220336914,0.14344991743564606,2.148179769515991,-1.2661051750183105,0.37410950660705566,1.0577160120010376,1.2580196857452393,-2.308690309524536,0.4209514260292053,0.1958792507648468,2.1174557209014893,-1.4024078845977783,0.4848773777484894,0.9340894818305969,1.0301207304000854,-2.1095688343048096,0.417461633682251,0.21862062811851501,2.059074878692627,-1.1723096370697021,0.4751644432544708,0.7974633574485779,1.8876193761825562,-0.11914627254009247,0.0009738720254972577,0.3988264799118042,1.9252454042434692,0.12609420716762543,0.0009096776484511793,0.8207256197929382,2.751127004623413,0.010793158784508705,0.0005723998183384538,0.45132240653038025,2.7770488262176514,0.2866758704185486,0.0004757824062835425,0.8509785532951355,3.512420654296875,0.9523783922195435,5.441397297545336e-05,0.4960300028324127,3.5291686058044434,1.1298233270645142,1.075065756594995e-05,0.8630527257919312,3.6267623901367188,0.9890578985214233,3.4451968531357124e-05,0.4929501414299011,3.642085075378418,1.1871025562286377,4.092537346878089e-05,0.8053015470504761,3.7648470401763916,0.08609392493963242,7.725085743004456e-05,0.5738994479179382,3.779700994491577,0.23134437203407288,8.421803067903966e-05
0.5243950486183167,0.5379012227058411,-1.400209665298462,0.9998311400413513,0.5589116215705872,0.4494600296020508,-1.3189817667007446,0.9994890689849854,0.5793395638465881,0.4477563798427582,-1.3190773725509644,0.9995145201683044,0.6005288362503052,0.4476490318775177,-1.3187066316604614,0.9992620348930359,0.48388299345970154,0.45818841457366943,-1.3200055360794067,0.9995924830436707,0.4551890790462494,0.4617482125759125,-1.3190034627914429,0.9996688961982727,0.43378767371177673,0.4653471112251282,-1.3196284770965576,0.9996429085731506,0.6297613382339478,0.47399911284446716,-0.7465606331825256,0.9990975856781006,0.4076448976993561,0.5002637505531311,-0.7143772840499878,0.9997945427894592,0.5706728100776672,0.6193035244941711,-1.1861903667449951,0.9997720718383789,0.482276976108551,0.634998619556427,-1.1784336566925049,0.9998769164085388,0.8427215814590454,0.8691930770874023,-0.37414124608039856,0.9953498840332031,0.25328806042671204,0.9417784810066223,-0.3914628326892853,0.9988555908203125,1.057999610900879,1.002970814704895,-0.9183101654052734,0.31402677297592163,0.13125112652778625,1.5114270448684692,-0.41913309693336487,0.6754900217056274,1.0916109085083008,1.2044943571090698,-2.0206379890441895,0.32655736804008484,0.15811683237552643,1.980978012084961,-1.0083802938461304,0.3586789667606354,1.1222317218780518,1.2115570306777954,-2.258620500564575,0.28742605447769165,0.14276745915412903,2.1586389541625977,-1.1607319116592407,0.3278368413448334,0.9721367955207825,0.9938730597496033,-2.244983196258545,0.3440208435058594,0.19116315245628357,2.125229835510254,-1.305724859237671,0.4300922155380249,0.9208232164382935,0.9914811849594116,-2.062633752822876,0.3414612114429474,0.21364958584308624,2.0656988620758057,-1.0814199447631836,0.42319580912590027,0.8041599988937378,1.8934909105300903,-0.12648075819015503,0.0009982752380892634,0.4046598970890045,1.9330774545669556,0.1334930956363678,0.0009027231717482209,0.8367035984992981,2.753122091293335,-0.1497608870267868,0.0006736518698744476,0.4597245752811432,2.779918909072876,0.16586926579475403,0.0006509674713015556,0.875440239906311,3.5106282234191895,0.687060534954071,6.17623227299191e-05,0.5151807069778442,3.528496503829956,0.8067846298217773,1.6536028851987794e-05,0.8893687129020691,3.6248891353607178,0.7125934958457947,3.733523772098124e-05,0.5105463266372681,3.6396000385284424,0.8464541435241699,6.344941357383505e-05,0.8302154541015625,3.7678375244140625,-0.20309463143348694,7.825990178389475e-05,0.6071032285690308,3.7822346687316895,-0.09318511188030243,0.00010676430974854156
0.5275410413742065,0.5402745604515076,-1.4569921493530273,0.9997694492340088,0.5617030262947083,0.4521874487400055,-1.3787964582443237,0.9992931485176086,0.5823181867599487,0.4509144127368927,-1.378841519355774,0.9993162751197815,0.6030719876289368,0.4507978558540344,-1.3784763813018799,0.9989705681800842,0.4870889186859131,0.4596749246120453,-1.37644624710083,0.9994640946388245,0.4579756259918213,0.4630049467086792,-1.375403642654419,0.9995673298835754,0.4363420605659485,0.46631816029548645,-1.37598717212677,0.9995426535606384,0.631792426109314,0.4763243496417999,-0.806643009185791,0.9986720681190491,0.40939441323280334,0.5004673600196838,-0.7577556371688843,0.9997269511222839,0.5727027654647827,0.6217467784881592,-1.2416654825210571,0.9997072815895081,0.4843311905860901,0.6366775035858154,-1.2282021045684814,0.9998458623886108,0.841863751411438,0.8696879744529724,-0.4143325686454773,0.994432270526886,0.2548304796218872,0.942091703414917,-0.42690834403038025,0.9987887740135193,1.010699987411499,0.9819824695587158,-0.9900426864624023,0.283616304397583,0.1331973373889923,1.503487229347229,-0.37461912631988525,0.6886741518974304,1.058088779449463,1.1736119985580444,-2.2094855308532715,0.27260297536849976,0.16005605459213257,1.9739093780517578,-0.8980043530464172,0.3584356904029846,1.100265622138977,1.2046890258789062,-2.469533681869507,0.24418729543685913,0.14541152119636536,2.1473641395568848,-1.0411369800567627,0.3215963840484619,0.9656020402908325,1.0209681987762451,-2.448158025741577,0.2967089116573334,0.1932460516691208,2.11678147315979,-1.1808325052261353,0.4221284091472626,0.9351819157600403,1.0156892538070679,-2.251389741897583,0.2962719202041626,0.21525588631629944,2.058807134628296,-0.9671831130981445,0.4173692464828491,0.8030577898025513,1.8856357336044312,-0.12334579229354858,0.0009140007896348834,0.40635043382644653,1.9237143993377686,0.13019959628582,0.0008397754281759262,0.8327814340591431,2.744896173477173,-0.07701437175273895,0.0006309220334514976,0.46035605669021606,2.770339012145996,0.1983833760023117,0.0006236088811419904,0.8664544820785522,3.4993743896484375,0.8207899332046509,6.87809515511617e-05,0.5083778500556946,3.5212557315826416,0.9233601689338684,1.7696504073683172e-05,0.8794299364089966,3.612194538116455,0.8530219793319702,4.1847655666060746e-05,0.5030347108840942,3.631527900695801,0.9695476293563843,6.883250898681581e-05,0.8215829133987427,3.7548303604125977,-0.05728761479258537,7.836190343368798e-05,0.5931236743927002,3.771925687789917,0.006086581852287054,0.00011207421630388126
0.5258612632751465,0.5398986339569092,-1.3875846862792969,0.9997715353965759,0.5610777735710144,0.45188555121421814,-1.3060696125030518,0.9993144869804382,0.5816513895988464,0.45057958364486694,-1.3061041831970215,0.9993330836296082,0.6024665832519531,0.45033618807792664,-1.305869698524475,0.9990074634552002,0.4856491982936859,0.45964476466178894,-1.3050800561904907,0.9994755387306213,0.457369327545166,0.4629652798175812,-1.3040357828140259,0.9995728135108948,0.435863196849823,0.4662037491798401,-1.3046329021453857,0.9995527267456055,0.6314573287963867,0.47634056210517883,-0.7316125631332397,0.9987013339996338,0.4095335602760315,0.5005561709403992,-0.6836370229721069,0.9997286200523376,0.5724619626998901,0.6215780377388,-1.1722911596298218,0.9997134208679199,0.4837976396083832,0.6361767649650574,-1.1609089374542236,0.9998471736907959,0.8429920077323914,0.8702534437179565,-0.3838166892528534,0.9944902658462524,0.2552434206008911,0.9431552290916443,-0.3753521740436554,0.9988093376159668,1.0722126960754395,1.1183420419692993,-1.0826969146728516,0.2747863829135895,0.13709402084350586,1.5064667463302612,-0.3961358368396759,0.7047100067138672,1.0662744045257568,1.1795125007629395,-2.3803913593292236,0.2479901760816574,0.16634061932563782,1.9703571796417236,-0.9764070510864258,0.3651418387889862,1.0501810312271118,1.0371088981628418,-2.6495614051818848,0.22552631795406342,0.15307381749153137,2.144835948944092,-1.116457223892212,0.32408490777015686,0.976514995098114,1.0193012952804565,-2.6161625385284424,0.27718788385391235,0.20281653106212616,2.1107430458068848,-1.2405893802642822,0.42355385422706604,0.9158207774162292,0.9694937467575073,-2.418867588043213,0.27693286538124084,0.22362343966960907,2.052561044692993,-1.0388370752334595,0.419808954000473,0.8057804107666016,1.8881863355636597,-0.12767602503299713,0.0009752457845024765,0.40646323561668396,1.9268708229064941,0.1346796452999115,0.0009149867692030966,0.8357256054878235,2.749191999435425,-0.04846721515059471,0.0006061157328076661,0.45921754837036133,2.772019624710083,0.18867899477481842,0.0006213156157173216,0.8677544593811035,3.5021605491638184,0.8595074415206909,6.84854167047888e-05,0.5031901597976685,3.5209121704101562,0.8870237469673157,1.8282038581673987e-05,0.8805328607559204,3.6141364574432373,0.8933165669441223,4.1493327444186434e-05,0.49762073159217834,3.630356550216675,0.930243194103241,6.935535202501342e-05,0.8218531608581543,3.758887529373169,-0.0020833988673985004,7.660586561542004e-05,0.5897080302238464,3.7727012634277344,-0.023890908807516098,0.00011617681593634188
0.5240222215652466,0.539592981338501,-1.4315959215164185,0.9997670650482178,0.5600601434707642,0.4514870047569275,-1.34821355342865,0.9992998838424683,0.5805956125259399,0.45012804865837097,-1.348326325416565,0.9993192553520203,0.6016732454299927,0.44972243905067444,-1.3479396104812622,0.9989850521087646,0.48397183418273926,0.4597947299480438,-1.348372220993042,0.999464213848114,0.4563787877559662,0.46328842639923096,-1.3473694324493408,0.9995643496513367,0.43512073159217834,0.466619610786438,-1.347993016242981,0.9995437860488892,0.6311606168746948,0.47635871171951294,-0.7668571472167969,0.9986673593521118,0.4094208776950836,0.5016487240791321,-0.7259626388549805,0.9997196197509766,0.5718851685523987,0.6215336322784424,-1.2144626379013062,0.9997068047523499,0.482697069644928,0.6360093951225281,-1.2045437097549438,0.9998422861099243,0.8433874249458313,0.8713076710700989,-0.3997274339199066,0.9941703081130981,0.2534016966819763,0.9450795650482178,-0.4023801386356354,0.9987311363220215,1.1023690700531006,1.1510874032974243,-0.9411165118217468,0.2569819390773773,0.13547095656394958,1.515722632408142,-0.3936554789543152,0.7074095010757446,1.0859798192977905,1.26058828830719,-2.166363000869751,0.2280825972557068,0.16717299818992615,1.9802353382110596,-1.0086973905563354,0.3637559711933136,1.1158465147018433,1.2847727537155151,-2.435014247894287,0.20985954999923706,0.15384481847286224,2.156848192214966,-1.172353982925415,0.3215528428554535,1.0031306743621826,1.0857700109481812,-2.4408507347106934,0.26049286127090454,0.2051912248134613,2.118513822555542,-1.3083220720291138,0.4215554893016815,0.9788863062858582,1.1030890941619873,-2.220672607421875,0.26088467240333557,0.22577419877052307,2.0587003231048584,-1.0795848369598389,0.417644739151001,0.8058429956436157,1.8904694318771362,-0.13115963339805603,0.0009186761453747749,0.4050354063510895,1.9313026666641235,0.13836994767189026,0.0008639027364552021,0.8357017636299133,2.7491812705993652,-0.09705693274736404,0.0005856876960024238,0.4589223265647888,2.776170015335083,0.21546593308448792,0.0005998932756483555,0.8679910898208618,3.5043394565582275,0.7879658937454224,6.773260975023732e-05,0.502510666847229,3.5249903202056885,0.9660121202468872,1.762810643413104e-05,0.8809329867362976,3.6177968978881836,0.8179718852043152,4.115495539736003e-05,0.49730807542800903,3.635864734649658,1.0135259628295898,6.756984657840803e-05,0.8202248811721802,3.7593069076538086,-0.11551579087972641,7.413269486278296e-05,0.5895222425460815,3.7762629985809326,0.0439511239528656,0.00011770953278755769
0.5208196043968201,0.5404278635978699,-1.407773494720459,0.9997726678848267,0.558127760887146,0.45197486877441406,-1.3287112712860107,0.9993181228637695,0.5790868401527405,0.45048046112060547,-1.328831672668457,0.9993448853492737,0.6002002954483032,0.45001521706581116,-1.328563928604126,0.9990124106407166,0.48133331537246704,0.46094220876693726,-1.3289883136749268,0.9994734525680542,0.4547843933105469,0.46460267901420593,-1.3278892040252686,0.9995772838592529,0.4336475729942322,0.4680827558040619,-1.3285038471221924,0.9995521903038025,0.6302071809768677,0.4770117998123169,-0.7554029226303101,0.998753011226654,0.40909165143966675,0.5031877160072327,-0.7143832445144653,0.9997326731681824,0.5702905654907227,0.6224901080131531,-1.1935778856277466,0.999718964099884,0.48121047019958496,0.6373672485351562,-1.1824952363967896,0.9998467564582825,0.8397771120071411,0.8713903427124023,-0.3761610984802246,0.9944122433662415,0.25473347306251526,0.9446280002593994,-0.3945696949958801,0.9987727999687195,1.099101185798645,1.0958328247070312,-0.9302176237106323,0.2624126374721527,0.13364048302173615,1.506268858909607,-0.40211382508277893,0.6995391249656677,1.0700639486312866,1.2176905870437622,-2.076673984527588,0.24584344029426575,0.16145849227905273,1.9669015407562256,-1.0267014503479004,0.3689088523387909,1.1007094383239746,1.283898949623108,-2.3316032886505127,0.2237793654203415,0.1449943482875824,2.139918327331543,-1.1992601156234741,0.32840046286582947,1.0380570888519287,1.2644226551055908,-2.336702823638916,0.2763873338699341,0.196979820728302,2.1043825149536133,-1.343337893486023,0.4299987256526947,1.0112196207046509,1.2675034999847412,-2.128587007522583,0.27599480748176575,0.21835510432720184,2.0458779335021973,-1.1026029586791992,0.42508465051651,0.8034296035766602,1.8852099180221558,-0.1289149820804596,0.0009221475920639932,0.40402358770370483,1.9266587495803833,0.13614077866077423,0.0008719247998669744,0.8355270624160767,2.7410519123077393,-0.08707386255264282,0.0005860886303707957,0.4612666070461273,2.7692654132843018,0.2313016653060913,0.0005972460494376719,0.8709349632263184,3.494182586669922,0.7852355241775513,6.842956645414233e-05,0.5085023641586304,3.516101360321045,0.9729568362236023,1.708963463897817e-05,0.8842273950576782,3.6077523231506348,0.8144143223762512,4.1218652768293396e-05,0.5047985911369324,3.6273484230041504,1.0184552669525146,6.691316957585514e-05,0.8237714767456055,3.7466726303100586,-0.10829637944698334,7.54840366425924e-05,0.5943814516067505,3.7639284133911133,0.04837069660425186,0.00011855801130877808
0.5204960107803345,0.5428440570831299,-1.381777286529541,0.9997793436050415,0.5575574636459351,0.4539913833141327,-1.3058655261993408,0.999335765838623,0.5786014795303345,0.4521632492542267,-1.30588698387146,0.999363899230957,0.5995157361030579,0.45180702209472656,-1.3055897951126099,0.9990484714508057,0.48107415437698364,0.4637218117713928,-1.3053920269012451,0.9994931817054749,0.45451149344444275,0.4677782952785492,-1.3042913675308228,0.9995928406715393,0.4334622323513031,0.47165295481681824,-1.304843783378601,0.9995692372322083,0.6295498609542847,0.47831881046295166,-0.7497551441192627,0.9988115429878235,0.408982515335083,0.5063349008560181,-0.7067722678184509,0.9997434616088867,0.5698294639587402,0.6244982481002808,-1.173637866973877,0.9997307658195496,0.48088398575782776,0.6414700150489807,-1.1621198654174805,0.9998530745506287,0.8400616645812988,0.8717322945594788,-0.38086554408073425,0.9945073127746582,0.25463810563087463,0.9447593688964844,-0.3909132480621338,0.9988552331924438,1.0302822589874268,1.0336984395980835,-0.8855060338973999,0.25668370723724365,0.13047215342521667,1.5007169246673584,-0.420917272567749,0.7038254141807556,1.0937747955322266,1.317384123802185,-2.0222976207733154,0.22276195883750916,0.16536098718643188,1.9592231512069702,-1.0958774089813232,0.38089463114738464,1.1281806230545044,1.317927598953247,-2.272761821746826,0.20687611401081085,0.15102912485599518,2.131617307662964,-1.2624006271362305,0.3413119316101074,1.0131272077560425,1.106364130973816,-2.2669029235839844,0.2598128914833069,0.2028999626636505,2.096355676651001,-1.3879098892211914,0.44314947724342346,0.9715229272842407,1.0821666717529297,-2.068695545196533,0.26147088408470154,0.22390994429588318,2.0376431941986084,-1.1651637554168701,0.4380653500556946,0.8030317425727844,1.8810337781906128,-0.12269417941570282,0.0009048755746334791,0.4029553532600403,1.9216997623443604,0.13001210987567902,0.000868595321662724,0.8330293893814087,2.733884334564209,-0.09154666215181351,0.0005539899575524032,0.4551602005958557,2.7620794773101807,0.2874586582183838,0.0005611944943666458,0.8628438115119934,3.4852137565612793,0.7559183835983276,6.881523586343974e-05,0.49730029702186584,3.5068140029907227,1.0424906015396118,1.703391899354756e-05,0.8751579523086548,3.5990827083587646,0.784282386302948,4.200634066364728e-05,0.49515748023986816,3.6184353828430176,1.088078260421753,6.441368168452755e-05,0.816252589225769,3.736477851867676,-0.1284477561712265,7.438969623763114e-05,0.578274130821228,3.755251169204712,0.14916446805000305,0.0001153525518020615
0.5187989473342896,0.5463728308677673,-1.465266227722168,0.9997580647468567,0.5551839470863342,0.45688092708587646,-1.386568546295166,0.9992924332618713,0.5764631628990173,0.4546247720718384,-1.386669397354126,0.9993059635162354,0.5969540476799011,0.4544013738632202,-1.3865725994110107,0.9990012645721436,0.4795921742916107,0.4670693576335907,-1.3824536800384521,0.9994677305221558,0.4536646902561188,0.4712083041667938,-1.381373643875122,0.9995644092559814,0.4327930808067322,0.4752659797668457,-1.3820087909698486,0.9995527863502502,0.6278303265571594,0.479659765958786,-0.79624342918396,0.9987360835075378,0.40869140625,0.5087001323699951,-0.7386187314987183,0.9997190833091736,0.5687533020973206,0.6272152066230774,-1.2436038255691528,0.9997313022613525,0.4798133373260498,0.646003007888794,-1.2265197038650513,0.9998480677604675,0.8432456851005554,0.8724457621574402,-0.40622711181640625,0.9944682121276855,0.25450393557548523,0.9442335963249207,-0.40899378061294556,0.9988744258880615,1.1178127527236938,1.188486099243164,-0.8290799856185913,0.2499619722366333,0.130854070186615,1.495102047920227,-0.4512784481048584,0.712962806224823,1.113752841949463,1.4200255870819092,-1.8797216415405273,0.18422968685626984,0.16574826836585999,1.9544899463653564,-1.2323542833328247,0.3961278796195984,1.1566152572631836,1.5035902261734009,-2.1174683570861816,0.1750447154045105,0.14827026426792145,2.1275129318237305,-1.4306520223617554,0.3522017002105713,1.0969183444976807,1.4926338195800781,-2.143232583999634,0.22545133531093597,0.20499737560749054,2.091157913208008,-1.5681220293045044,0.4535234272480011,1.0647034645080566,1.482221007347107,-1.9339420795440674,0.22783954441547394,0.22626101970672607,2.0324923992156982,-1.309401512145996,0.44795313477516174,0.8086627721786499,1.881844162940979,-0.12791799008846283,0.0008827398996800184,0.4057360589504242,1.9259040355682373,0.13484205305576324,0.0008735966985113919,0.8354388475418091,2.7326505184173584,0.05838187783956528,0.0005782757070846856,0.4552134573459625,2.7605416774749756,0.43049806356430054,0.0005593309178948402,0.8680140376091003,3.476975440979004,1.0144050121307373,8.767772669671103e-05,0.4985990524291992,3.4992880821228027,1.3626835346221924,2.0387442418723367e-05,0.8815064430236816,3.5892820358276367,1.0530304908752441,5.176807826501317e-05,0.4964677691459656,3.608808994293213,1.4314100742340088,7.349738734774292e-05,0.8199138641357422,3.7288312911987305,0.12543076276779175,8.126226748572662e-05,0.5836803913116455,3.752246379852295,0.46504440903663635,0.00013083907833788544
0.5171296000480652,0.5492448210716248,-1.4337272644042969,0.9997596740722656,0.553271472454071,0.4585455358028412,-1.357938528060913,0.9993141889572144,0.5750335454940796,0.4558953642845154,-1.358038067817688,0.9993170499801636,0.5954498052597046,0.4555024206638336,-1.3579506874084473,0.9990397691726685,0.4777698516845703,0.46906954050064087,-1.3520910739898682,0.9994862079620361,0.45265260338783264,0.4730842411518097,-1.3509231805801392,0.9995725154876709,0.43183645606040955,0.477218896150589,-1.3515033721923828,0.99956876039505,0.627040684223175,0.4799049496650696,-0.7859508395195007,0.9987925887107849,0.4081723093986511,0.5093344449996948,-0.7219248414039612,0.9997238516807556,0.5679810047149658,0.629280686378479,-1.21943199634552,0.9997474551200867,0.47851482033729553,0.6487095355987549,-1.2006425857543945,0.9998540282249451,0.8456782102584839,0.8732367157936096,-0.388204425573349,0.9944694638252258,0.2553730607032776,0.9426286816596985,-0.39562880992889404,0.9988933801651001,1.1195042133331299,1.203162431716919,-0.7667697668075562,0.2319016456604004,0.12805232405662537,1.4941304922103882,-0.40514105558395386,0.6954877972602844,1.1280286312103271,1.4598788022994995,-1.7997205257415771,0.1555069088935852,0.1536405235528946,1.957610011100769,-1.1729481220245361,0.381929874420166,1.178309440612793,1.5398496389389038,-2.0335285663604736,0.1521529108285904,0.13271676003932953,2.131117582321167,-1.355908989906311,0.34112805128097534,1.1043246984481812,1.487621545791626,-2.0556654930114746,0.20125046372413635,0.19080735743045807,2.0956199169158936,-1.492755651473999,0.4438774287700653,1.0788829326629639,1.496403455734253,-1.8536207675933838,0.2036169469356537,0.21387961506843567,2.0369555950164795,-1.2481162548065186,0.43711408972740173,0.8085732460021973,1.8823866844177246,-0.13239839673042297,0.000812849379144609,0.40573495626449585,1.9254647493362427,0.1394820660352707,0.0008088485919870436,0.8353613615036011,2.731722116470337,-0.10094916820526123,0.0005718415486626327,0.45399728417396545,2.7629523277282715,0.3719077706336975,0.0005119760171510279,0.8677056431770325,3.4768242835998535,0.7826871275901794,8.868482109392062e-05,0.49790501594543457,3.5028023719787598,1.2169023752212524,1.910551691253204e-05,0.8816960453987122,3.590503215789795,0.8137661814689636,5.317103932611644e-05,0.49642929434776306,3.6125504970550537,1.2754331827163696,6.846099131507799e-05,0.8173195123672485,3.7266998291015625,-0.11827065050601959,7.86361051723361e-05,0.5803874135017395,3.7542049884796143,0.31354886293411255,0.00012333817721810192
0.5158115029335022,0.5499874353408813,-1.4059432744979858,0.9997937679290771,0.5512647032737732,0.4589742422103882,-1.3327481746673584,0.9994152188301086,0.5732275247573853,0.4562152326107025,-1.3329025506973267,0.999417245388031,0.5932549238204956,0.45574063062667847,-1.3326858282089233,0.9991853833198547,0.4759010672569275,0.4694393277168274,-1.3264594078063965,0.999561071395874,0.4515763223171234,0.4732721149921417,-1.3252363204956055,0.9996339082717896,0.43071478605270386,0.47739550471305847,-1.3257482051849365,0.9996309280395508,0.6255544424057007,0.4798054099082947,-0.7887245416641235,0.9989860653877258,0.40781670808792114,0.5091309547424316,-0.7180885076522827,0.9997622966766357,0.5669834613800049,0.630040168762207,-1.2019991874694824,0.9997810125350952,0.47738295793533325,0.6495447158813477,-1.1820881366729736,0.999870777130127,0.8497031331062317,0.8751503825187683,-0.39580222964286804,0.9945886135101318,0.2544317841529846,0.9429101943969727,-0.40786686539649963,0.9989555478096008,1.069746732711792,1.190045714378357,-0.7094213366508484,0.20704559981822968,0.12643206119537354,1.495192050933838,-0.33866629004478455,0.6721528172492981,1.1220403909683228,1.5021915435791016,-1.6467698812484741,0.1340518444776535,0.14709165692329407,1.96414315700531,-0.9823082089424133,0.37623506784439087,1.1712225675582886,1.6007896661758423,-1.8679805994033813,0.1371539980173111,0.1222371831536293,2.139975070953369,-1.1617274284362793,0.34260094165802,1.0825717449188232,1.5662997961044312,-1.9272552728652954,0.18710777163505554,0.18350446224212646,2.107191562652588,-1.307440996170044,0.4495004713535309,1.0406324863433838,1.5342292785644531,-1.7148964405059814,0.1896979808807373,0.2081799954175949,2.0450308322906494,-1.063415288925171,0.44059646129608154,0.8117364048957825,1.8816698789596558,-0.13364773988723755,0.0006807510508224368,0.4053587317466736,1.9240565299987793,0.14102433621883392,0.0006829804624430835,0.8407025337219238,2.7311034202575684,-0.18224623799324036,0.0004968928406015038,0.4599539339542389,2.762634515762329,0.32174840569496155,0.0004160201351623982,0.8788615465164185,3.477006435394287,0.6566572785377502,8.320334745803848e-05,0.5138983726501465,3.50292706489563,1.0696080923080444,1.565547427162528e-05,0.8959530591964722,3.5922112464904785,0.6841531991958618,4.9803751608124e-05,0.5144939422607422,3.614459991455078,1.116471767425537,5.59669679205399e-05,0.8228474855422974,3.72575306892395,-0.25299519300460815,7.203675340861082e-05,0.5924748778343201,3.7527546882629395,0.16512581706047058,0.00010767486674012616
0.5158244967460632,0.5517999529838562,-1.4604963064193726,0.9997756481170654,0.5511613488197327,0.46021604537963867,-1.3844060897827148,0.999364972114563,0.5730780363082886,0.4574471414089203,-1.3845375776290894,0.9993626475334167,0.5930857062339783,0.45706164836883545,-1.3844629526138306,0.999119222164154,0.4755094051361084,0.47038188576698303,-1.3790518045425415,0.9995300769805908,0.45111745595932007,0.4739893078804016,-1.3779106140136719,0.9996070265769958,0.4299987256526947,0.4779290556907654,-1.378511667251587,0.9996074438095093,0.6250974535942078,0.48030611872673035,-0.8063947558403015,0.9988999366760254,0.40739792585372925,0.5089560151100159,-0.7410792112350464,0.9997419118881226,0.5669642090797424,0.6317000985145569,-1.2426321506500244,0.999771773815155,0.47729888558387756,0.6517125964164734,-1.2238059043884277,0.9998635053634644,0.8486217260360718,0.8757014870643616,-0.41234534978866577,0.9943444728851318,0.2512519955635071,0.9431531429290771,-0.41172537207603455,0.9989310503005981,1.126821756362915,1.223479986190796,-0.8255430459976196,0.19584162533283234,0.12668421864509583,1.4976009130477905,-0.4151948392391205,0.6677060723304749,1.126105546951294,1.45133638381958,-1.8964389562606812,0.11537683755159378,0.15148219466209412,1.9690520763397217,-1.1299192905426025,0.36963218450546265,1.1717520952224731,1.5325806140899658,-2.1393613815307617,0.12141159921884537,0.12935945391654968,2.1438887119293213,-1.3164392709732056,0.337279349565506,1.109545350074768,1.5386385917663574,-2.1693124771118164,0.1685582399368286,0.18741336464881897,2.1093149185180664,-1.4620939493179321,0.4437398910522461,1.0737636089324951,1.5257093906402588,-1.9544637203216553,0.17140516638755798,0.2116146981716156,2.048982620239258,-1.2092477083206177,0.43431803584098816,0.8101842999458313,1.88193678855896,-0.1338682919740677,0.0006319183739833534,0.4049646258354187,1.9247044324874878,0.14118656516075134,0.0006419333512894809,0.8346586227416992,2.7328076362609863,-0.0479416698217392,0.0005045153084211051,0.4535410404205322,2.763453722000122,0.3265703320503235,0.00041543482802808285,0.8664406538009644,3.4784739017486572,0.8403643369674683,8.582419832237065e-05,0.49966445565223694,3.504775047302246,1.1325523853302002,1.599460665602237e-05,0.8809233903884888,3.5930185317993164,0.871997058391571,5.120643618283793e-05,0.4988868832588196,3.61592698097229,1.1857049465179443,5.663693809765391e-05,0.8146244287490845,3.7291064262390137,-0.04981664568185806,7.293885573744774e-05,0.5801109671592712,3.756554365158081,0.22174127399921417,0.00010967206617351621
0.5161576867103577,0.5525417327880859,-1.425756812095642,0.999762773513794,0.5512322783470154,0.4606533646583557,-1.3536689281463623,0.999315083026886,0.5730674266815186,0.45785707235336304,-1.3537988662719727,0.9993225336074829,0.5930526852607727,0.45741620659828186,-1.3535377979278564,0.9990355372428894,0.47515249252319336,0.4707445800304413,-1.3473131656646729,0.999492883682251,0.45061564445495605,0.4742513597011566,-1.3461792469024658,0.9995802640914917,0.429185688495636,0.4781026542186737,-1.3467211723327637,0.9995704889297485,0.6245852708816528,0.4802992641925812,-0.8000264167785645,0.9988120794296265,0.4071204662322998,0.5085471868515015,-0.7309762239456177,0.9997265934944153,0.5670409798622131,0.6323758363723755,-1.217469334602356,0.9997479319572449,0.47767043113708496,0.6524502635002136,-1.198002576828003,0.9998534321784973,0.8464173078536987,0.8764744400978088,-0.42025336623191833,0.9937926530838013,0.2503238618373871,0.943157970905304,-0.4072346091270447,0.9988068342208862,1.0806877613067627,1.0437437295913696,-0.9696211814880371,0.18425928056240082,0.12633462250232697,1.5066696405410767,-0.43259620666503906,0.6580159068107605,1.0946872234344482,1.262338638305664,-2.1208584308624268,0.12140591442584991,0.14920689165592194,1.973758339881897,-1.0946307182312012,0.35570815205574036,1.0883164405822754,1.2552765607833862,-2.3714675903320312,0.12793894112110138,0.12923167645931244,2.148782253265381,-1.276700735092163,0.32519540190696716,0.9948747754096985,1.2261830568313599,-2.366738796234131,0.1756371408700943,0.18346551060676575,2.114023447036743,-1.414087176322937,0.431799978017807,0.9530302882194519,1.2196412086486816,-2.167092800140381,0.17748112976551056,0.2074732482433319,2.0538530349731445,-1.1746140718460083,0.42179256677627563,0.8087695837020874,1.885619044303894,-0.13324925303459167,0.0006038601277396083,0.40452995896339417,1.9271947145462036,0.1405753791332245,0.0006049264338798821,0.8368300199508667,2.737964630126953,-0.11359258741140366,0.0005185504560358822,0.459459125995636,2.766655206680298,0.30482611060142517,0.00043028598884120584,0.8750581741333008,3.484776020050049,0.7742379307746887,8.094618533505127e-05,0.5141083002090454,3.508873701095581,1.109985589981079,1.5126131074794102e-05,0.8898199200630188,3.5990099906921387,0.8053808212280273,4.8102923756232485e-05,0.5137081146240234,3.620231866836548,1.1645839214324951,5.434526246972382e-05,0.8233172297477722,3.7374770641326904,-0.11929639428853989,7.15402202331461e-05,0.5959006547927856,3.761475086212158,0.20682752132415771,0.00010638684034347534
0.5165424942970276,0.5535929203033447,-1.4285259246826172,0.9997656345367432,0.5516301393508911,0.4614039659500122,-1.3569086790084839,0.9993109703063965,0.5733271241188049,0.45869311690330505,-1.3569788932800293,0.999321699142456,0.5932776927947998,0.45826104283332825,-1.356770396232605,0.999027669429779,0.47516384720802307,0.47109928727149963,-1.3484402894973755,0.9994924664497375,0.45043259859085083,0.47446954250335693,-1.3472799062728882,0.9995797276496887,0.42890968918800354,0.478177011013031,-1.3478150367736816,0.9995667934417725,0.624537467956543,0.4806026518344879,-0.8049442172050476,0.9988018274307251,0.407048761844635,0.5080057382583618,-0.729657769203186,0.999723494052887,0.5671595931053162,0.6335245370864868,-1.2204266786575317,0.9997490644454956,0.4778863787651062,0.6530473828315735,-1.1979674100875854,0.9998535513877869,0.8463296890258789,0.8783698678016663,-0.43408137559890747,0.9936220049858093,0.24963533878326416,0.9437357783317566,-0.4107796549797058,0.9987806081771851,1.11091148853302,1.2268433570861816,-0.8158890604972839,0.18091051280498505,0.1283445507287979,1.5069154500961304,-0.39413806796073914,0.6481867432594299,1.1102110147476196,1.4866749048233032,-1.8040668964385986,0.11711513251066208,0.1493331491947174,1.9759697914123535,-1.1008635759353638,0.3678707778453827,1.1543086767196655,1.5796340703964233,-2.034169912338257,0.1276925653219223,0.12500447034835815,2.15048885345459,-1.2890050411224365,0.34211087226867676,1.0929464101791382,1.5663400888442993,-2.0755343437194824,0.17656569182872772,0.18183885514736176,2.115391969680786,-1.4312303066253662,0.45039844512939453,1.0566667318344116,1.550722360610962,-1.8644466400146484,0.17873328924179077,0.20763102173805237,2.055821180343628,-1.1816333532333374,0.4395902156829834,0.8060829043388367,1.8889210224151611,-0.1356780230998993,0.0005821043159812689,0.40220004320144653,1.9298335313796997,0.14291304349899292,0.000583174463827163,0.830025851726532,2.743647336959839,-0.06753339618444443,0.0005163872265256941,0.4541661739349365,2.7711281776428223,0.32710808515548706,0.0004222599964123219,0.8608373403549194,3.488635540008545,0.8031933903694153,8.137965778587386e-05,0.49920445680618286,3.5136101245880127,1.1146087646484375,1.4818391719018109e-05,0.8740846514701843,3.6027283668518066,0.8338854908943176,4.823139533982612e-05,0.4975830018520355,3.6245322227478027,1.1662334203720093,5.2990970289101824e-05,0.8103748559951782,3.741976261138916,-0.08312428742647171,7.120484951883554e-05,0.5774625539779663,3.7672829627990723,0.2198377549648285,0.0001039624257828109
0.5183883905410767,0.5541905164718628,-1.2900524139404297,0.9998153448104858,0.5526641011238098,0.4618591070175171,-1.2204735279083252,0.9994626641273499,0.5738447308540344,0.45923662185668945,-1.2203222513198853,0.9994704127311707,0.5936051607131958,0.458735853433609,-1.2199056148529053,0.9992472529411316,0.47655797004699707,0.471192330121994,-1.2159415483474731,0.9996063113212585,0.4511505961418152,0.474448025226593,-1.2147291898727417,0.9996713399887085,0.4294840395450592,0.4779350459575653,-1.2151621580123901,0.9996621012687683,0.6243211627006531,0.48060616850852966,-0.698085606098175,0.9990625381469727,0.4070979952812195,0.5068482756614685,-0.6384080648422241,0.999782145023346,0.5676852464675903,0.633918821811676,-1.0943336486816406,0.9997938871383667,0.4789610803127289,0.6530183553695679,-1.077872633934021,0.9998794198036194,0.8468534350395203,0.8802100419998169,-0.36916765570640564,0.9940976500511169,0.2489631623029709,0.9444084763526917,-0.3625028729438782,0.9989290833473206,1.0140196084976196,1.0320241451263428,-0.8725892901420593,0.16234023869037628,0.12675988674163818,1.5035897493362427,-0.3944667875766754,0.6218841671943665,1.0939191579818726,1.328307032585144,-1.9610464572906494,0.11165041476488113,0.15606090426445007,1.972165584564209,-1.1247025728225708,0.37118732929229736,1.136041522026062,1.3619115352630615,-2.1969144344329834,0.12844625115394592,0.13377821445465088,2.1426920890808105,-1.2908010482788086,0.35577526688575745,1.0758161544799805,1.3409055471420288,-2.1726670265197754,0.1792961061000824,0.19110627472400665,2.109086275100708,-1.4097932577133179,0.466394305229187,1.0425353050231934,1.350196361541748,-1.9985246658325195,0.1818898618221283,0.21582452952861786,2.0497987270355225,-1.194445013999939,0.45459356904029846,0.8040477633476257,1.8875762224197388,-0.13043378293514252,0.0005215934943407774,0.39893031120300293,1.9281045198440552,0.13787499070167542,0.0005316350725479424,0.8274935483932495,2.7420670986175537,-0.13326208293437958,0.00044205773156136274,0.45130419731140137,2.77054500579834,0.39310163259506226,0.0003439814317971468,0.8578850626945496,3.486135721206665,0.6715545654296875,7.315769471460953e-05,0.49446922540664673,3.512831449508667,1.206855058670044,1.2108796909160446e-05,0.8706879615783691,3.601083993911743,0.6989291906356812,4.3757907405961305e-05,0.494208425283432,3.6249313354492188,1.2636001110076904,4.2719973862404004e-05,0.8091238141059875,3.7361299991607666,-0.1963023990392685,6.682134699076414e-05,0.5711550116539001,3.764366626739502,0.3495689630508423,8.932729542721063e-05
