Timestep,IMU1_tick,IMU1_ax,IMU1_ay,IMU1_az,IMU1_gx,IMU1_gy,IMU1_gz,IMU2_tick,IMU2_ax,IMU2_ay,IMU2_az,IMU2_gx,IMU2_gy,IMU2_gz,IMU3_tick,IMU3_ax,IMU3_ay,IMU3_az,IMU3_gx,IMU3_gy,IMU3_gz,IMU4_tick,IMU4_ax,IMU4_ay,IMU4_az,IMU4_gx,IMU4_gy,IMU4_gz,IMU5_tick,IMU5_ax,IMU5_ay,IMU5_az,IMU5_gx,IMU5_gy,IMU5_gz,move,label
1,6040,0,0,0,0,0,0,6040,0,0,0,0,0,0,6040,0,0,0,0,0,0,6040,0,0,0,0,0,0,6041,0,0,0,0,0,0,1,0
2,6062,-1000,-436,0,0,0,0,6062,0,0,0,0,0,0,6062,0,0,0,0,0,0,6062,0,-1000,0,0,0,-30,6063,-714,0,0,0,0,0,1,0
3,6083,-2000,-763,877,-101,262,42,6083,228,944,-312,12,6,2,6084,-117,1000,1000,66,76,-51,6084,-595,-2000,1000,-2,95,-52,6084,-1249,1000,320,-34,72,50,1,0
4,6103,-2000,-763,877,-101,262,42,6103,228,944,-312,12,6,2,6105,-117,1000,1000,66,76,-51,6105,-595,-2000,1000,-2,95,-52,6105,-1249,1000,320,-34,72,50,1,0
5,6123,-3000,-1003,877,-170,262,42,6123,228,944,-546,12,6,2,6126,-203,1000,1000,66,76,-63,6126,-1006,-3000,1000,-4,95,-65,6126,-1650,1000,320,-52,72,50,1,0
6,6143,-4000,-1188,1541,-211,415,68,6143,406,1653,-720,21,11,1,6147,-269,2000,1872,98,133,-63,6147,-1350,-4000,2000,-28,158,-65,6147,-1976,2000,556,-65,73,70,1,0
7,6163,-4000,-1188,1543,-211,415,68,6163,406,1653,-720,21,12,1,6168,-269,2000,1872,98,133,-45,6168,-1350,-4000,2000,-28,158,-48,6168,-1976,2000,556,-65,73,70,1,0
8,6183,-5000,-1330,1543,-230,415,68,6183,406,1653,-847,21,12,0,6189,-343,2000,1872,98,133,-45,6189,-1599,-5000,2000,-61,158,-48,6189,-2232,2000,556,-75,73,70,1,0
9,6203,-6000,-1451,2024,-241,527,88,6203,537,2187,-943,26,19,0,6210,-399,3000,2564,118,216,-29,6210,-1796,-6000,2792,-102,197,-24,6210,-2427,3000,737,-107,86,86,1,0
10,6223,-6000,-1451,2024,-241,527,88,6223,537,2187,-943,26,21,0,6231,-399,3000,2779,118,224,-29,6231,-1796,-6000,2792,-102,197,-23,6231,-2427,3000,745,-107,91,93,1,0
11,6243,-7000,-1528,2024,-241,527,88,6243,537,2187,-1015,26,21,0,6252,-399,3000,2779,118,224,-29,6252,-1944,-7000,2792,-133,197,-23,6252,-2531,3000,745,-140,91,93,1,0
12,6263,-8000,-1600,2384,-220,625,115,6263,632,2588,-1069,29,33,-4,6273,-387,4000,3477,128,357,-4,6273,-2055,-8000,3361,-140,209,-5,6273,-2609,4000,892,-165,135,114,1,0
13,6283,-8000,-1600,2385,-220,625,116,6283,632,2588,-1069,29,33,-4,6294,-374,4000,3477,128,357,-4,6294,-2055,-8000,3361,-140,209,-5,6294,-2609,4000,892,-165,135,114,1,0
14,6303,-9000,-1654,2385,-222,625,116,6303,632,2588,-1111,29,33,-7,6315,-374,4000,3477,128,357,-4,6315,-2150,-9000,3361,-140,209,-5,6315,-2667,4000,892,-165,135,114,1,0
15,6323,-10000,-1736,2655,-253,691,131,6323,702,2889,-1140,31,37,-9,6336,-361,5000,4000,128,384,-2,6336,-2221,-10000,3771,-133,219,5,6336,-2736,5000,1003,-161,147,119,1,0
16,6343,-10000,-1736,2661,-253,691,131,6343,702,2890,-1140,31,37,-9,6357,-361,5000,4000,139,384,-2,6357,-2221,-10000,3771,-133,256,5,6357,-2736,5000,1004,-161,147,120,1,0
17,6363,-11000,-1798,2661,-285,691,131,6363,702,2890,-1162,31,37,-9,6378,-361,5000,4000,139,384,-2,6378,-2274,-11000,3771,-133,256,-2,6378,-2761,5000,1004,-165,147,120,1,0
18,6383,-12000,-1858,2868,-321,741,142,6383,755,3117,-1179,33,39,-9,6399,-351,6000,4393,162,383,-52,6399,-2316,-12000,4066,-123,273,-7,6399,-2770,6000,1093,-168,152,123,1,0
19,6403,-12000,-1858,2868,-321,741,142,6403,755,3117,-1179,33,39,-9,6420,-329,6000,4397,162,383,-52,6420,-2316,-12000,4066,-123,273,-7,6420,-2770,6000,1106,-168,152,123,1,0
20,6423,-13000,-1892,2868,-348,741,142,6423,755,3117,-1187,33,39,-9,6441,-329,6000,4397,160,383,-52,6441,-2346,-13000,4066,-123,269,-7,6441,-2777,6000,1106,-168,121,115,1,0
21,6443,-13812,-1918,3027,-376,786,139,6443,795,3285,-1192,34,37,-7,6462,-353,7000,4688,158,391,-50,6462,-2387,-13738,4295,-114,216,4,6462,-2806,7000,1183,-135,75,92,1,0
22,6463,-13812,-1918,3027,-376,789,139,6463,795,3285,-1192,35,37,-6,6484,-353,7000,4688,158,391,-50,6484,-2387,-13738,4318,-111,216,4,6483,-2806,7000,1183,-135,75,92,1,0
23,6485,-14407,-1937,3027,-397,789,137,6485,795,3285,-1196,35,35,-6,6506,-389,7000,4688,158,391,-50,6506,-2418,-14291,4318,-111,176,4,6503,-2850,7000,1183,-135,50,86,1,0
24,6507,-14853,-1951,3146,-413,830,134,6507,822,3413,-1202,36,34,-6,6528,-435,8000,4896,158,415,-49,6528,-2441,-14724,4500,-97,171,2,6523,-2914,8000,1228,-128,45,86,1,0
25,6529,-14853,-1951,3151,-413,830,134,6529,822,3414,-1202,36,34,-6,6550,-435,8000,4904,158,415,-49,6550,-2441,-14724,4500,-85,171,2,6543,-2914,8000,1228,-128,45,91,1,0
26,6551,-15177,-1956,3151,-413,830,129,6551,822,3414,-1207,36,34,-6,6572,-449,8000,4904,143,415,-60,6572,-2454,-15049,4500,-85,167,0,6563,-2951,8000,1228,-129,45,91,1,0
27,6573,-15437,-1960,3250,-384,865,125,6573,844,3511,-1210,37,35,-6,6594,-449,9000,5090,132,436,-68,6594,-2464,-15284,4615,-73,158,0,6583,-2951,9000,1263,-129,71,98,1,0
28,6595,-15437,-1960,3250,-384,865,125,6595,844,3511,-1210,37,35,-6,6616,-442,9000,5094,132,436,-68,6616,-2464,-15284,4615,-73,158,0,6603,-2951,9000,1263,-126,71,98,1,0
29,6617,-15632,-1963,3250,-384,865,122,6617,844,3511,-1210,37,35,-6,6638,-442,9000,5094,132,436,-74,6638,-2472,-15461,4615,-73,115,-1,6623,-2951,9000,1263,-126,71,98,1,0
30,6639,-15779,-1965,3302,-372,894,119,6639,858,3582,-1210,38,36,-8,6660,-426,10000,5236,152,443,-80,6660,-2476,-15596,4705,-61,83,-8,6643,-2951,10000,1288,-122,59,102,1,0
31,6661,-15779,-1965,3302,-372,900,119,6661,858,3582,-1210,39,36,-8,6682,-424,10000,5236,152,443,-80,6682,-2476,-15596,4705,-56,83,-8,6663,-2951,10000,1289,-115,59,102,1,0
32,6683,-15873,-1970,3302,-372,900,117,6683,858,3582,-1210,39,36,-9,6704,-424,10000,5236,152,443,-80,6704,-2479,-15698,4705,-56,72,-13,6684,-2951,10000,1289,-115,50,102,1,0
33,6705,-15943,-1970,3364,-379,928,117,6705,869,3636,-1212,41,35,-9,6726,-421,11000,5315,150,441,-82,6726,-2494,-15774,4781,-30,64,-22,6705,-2955,11000,1299,-104,25,95,1,0
34,6727,-15943,-1969,3364,-379,928,121,6727,870,3636,-1212,41,35,-9,6748,-421,11000,5315,150,441,-82,6748,-2494,-15774,4794,-24,64,-22,6727,-2955,11000,1299,-104,25,95,1,0
35,6749,-15996,-1969,3364,-385,928,121,6749,870,3636,-1213,41,32,-9,6770,-432,11000,5315,150,437,-85,6770,-2494,-15829,4794,-24,56,-29,6749,-2963,11000,1299,-104,25,95,1,0
36,6771,-16043,-1965,3407,-391,945,126,6771,877,3679,-1215,41,30,-8,6792,-459,12000,5372,160,434,-87,6792,-2468,-15870,4861,11,29,-34,6771,-2980,12000,1280,-96,26,96,1,0
37,6793,-16043,-1961,3407,-391,954,126,6793,879,3679,-1215,41,30,-8,6814,-459,12000,5372,160,434,-87,6814,-2467,-15870,4864,11,29,-34,6793,-2980,12000,1280,-96,30,96,1,0
38,6815,-16077,-1961,3407,-391,954,126,6815,879,3679,-1218,41,29,-8,6836,-482,12000,5372,160,434,-97,6836,-2467,-15885,4864,11,18,-38,6815,-2993,12000,1280,-96,30,96,1,0
39,6837,-16118,-1945,3398,-377,1005,132,6837,887,3704,-1220,42,28,-9,6858,-536,12894,5415,128,473,-105,6858,-2467,-15885,4928,38,15,-55,6837,-3009,12957,1322,-90,-161,43,1,0
40,6859,-16118,-1945,3398,-371,1023,136,6859,891,3704,-1220,42,28,-9,6880,-536,12894,5415,128,479,-105,6880,-2467,-15845,4937,64,15,-55,6859,-3009,12957,1322,-90,-161,43,1,0
41,6881,-16149,-1945,3391,-371,1023,136,6881,891,3704,-1220,42,27,-10,6902,-618,12894,5415,82,479,-173,6902,-2537,-15845,4937,64,15,-85,6881,-3015,12957,1322,-90,-304,3,1,0
42,6903,-16172,-1933,3373,-339,1116,148,6903,896,3720,-1218,43,22,-13,6924,-679,13551,5480,-7,581,-224,6924,-2631,-15811,5025,44,308,-227,6903,-3020,13674,1353,-82,-412,3,1,0
43,6925,-16172,-1933,3373,-301,1122,148,6925,896,3720,-1217,44,22,-13,6946,-679,13551,5480,-7,820,-224,6946,-2631,-15804,5091,44,308,-227,6925,-3020,13674,1353,-82,-412,104,1,0
44,6947,-16172,-1943,3355,-301,1122,148,6947,874,3720,-1217,44,11,-20,6968,-725,13551,5480,-193,820,-264,6968,-2763,-15804,5092,-4,308,-509,6947,-3024,13674,1353,-82,-493,104,1,0
45,6969,-16089,-1957,3232,-154,1313,156,6969,764,3763,-1218,59,-18,-58,6990,-769,14160,5374,-368,1436,-480,6990,-3000,-15877,5124,-302,210,-1007,6969,-3264,14139,1394,-76,-837,254,1,0
46,6991,-16022,-1957,3232,-154,1337,156,6991,764,3770,-1218,84,-18,-58,7012,-769,14160,5374,-368,1436,-480,7012,-3000,-15877,5124,-302,210,-1007,6991,-3264,14139,1394,-76,-837,258,1,0
47,7013,-16022,-2014,3115,-154,1337,156,7013,657,3770,-1218,84,-35,-127,7034,-867,14160,5263,-368,1393,-1195,7034,-3441,-15944,5033,-547,-25,-1706,7013,-3458,14139,1277,-96,-954,258,1,0
48,7035,-15701,-2183,2670,-305,1133,86,7035,520,3835,-1183,123,-35,-302,7056,-1341,14613,4860,-347,514,-3121,7056,-4076,-16073,4809,-730,-201,-3483,7035,-3647,14395,1026,-469,-1041,707,1,0
49,7057,-15653,-2183,2670,-305,1133,86,7057,520,3835,-1093,123,-12,-302,7078,-1341,14613,4860,-172,514,-3121,7078,-4076,-16073,4809,-730,-201,-3483,7057,-3647,14395,1026,-469,-1041,938,1,0
50,7079,-15653,-2338,2242,-507,295,-90,7079,327,3835,-1093,103,-12,-529,7100,-2043,14613,4558,-172,-491,-5121,7100,-4076,-16073,4623,-730,-201,-5483,7079,-3900,14395,686,-1071,-1041,938,1,0
51,7101,-14653,-2597,1921,-1173,-766,-407,7101,183,3853,-999,-3,170,-891,7122,-3043,14046,4294,81,-1244,-7121,7122,-3942,-15956,4387,-527,436,-7483,7101,-4199,14471,431,-2609,-855,2285,1,0
52,7123,-14653,-2597,1921,-1173,-766,-407,7123,183,3853,-968,-3,170,-891,7144,-3043,14046,4294,192,-1244,-7121,7144,-3084,-15736,4387,-411,870,-7483,7123,-4199,14471,431,-2609,-854,2938,1,0
53,7145,-14653,-2608,1737,-1929,-2633,-603,7145,183,3791,-968,-132,170,-1162,7166,-3043,13397,4294,192,-1244,-9121,7166,-3084,-15736,4387,-411,870,-8832,7145,-4199,14471,431,-4372,-854,2938,1,0
54,7167,-13653,-2608,1599,-2611,-4482,-603,7167,264,3630,-923,-230,159,-1350,7188,-2372,12610,3521,2192,756,-11121,7188,-2084,-16055,4497,-287,-121,-9551,7167,-3550,14378,1270,-5695,-253,4938,1,0
55,7189,-13653,-2304,1599,-2611,-4482,-239,7189,264,3630,-923,-230,159,-1350,7210,-2372,12610,3521,2192,756,-11121,7210,-2084,-16055,4497,-287,-121,-9551,7189,-3199,14378,1407,-5695,-253,4938,1,0
56,7211,-13653,-2304,1576,-2871,-5869,-239,7211,264,3509,-1029,-303,44,-1453,7232,-2372,12610,3521,2192,756,-12650,7232,-2084,-16294,4497,-540,-865,-10090,7211,-3199,14378,1407,-5695,-721,4938,1,0
57,7233,-12653,-1708,1576,-3066,-5869,136,7233,324,3313,-1109,-358,-242,-1530,7254,-2869,12677,3867,3042,1647,-13797,7254,-1084,-16418,4577,-823,-865,-10494,7233,-2472,14461,2407,-5598,-1876,5922,1,0
58,7255,-12653,-1644,1829,-3066,-5464,136,7255,324,3313,-1109,-358,-242,-1530,7276,-2869,12677,3867,3042,1647,-13797,7276,-1084,-16418,4577,-823,-707,-10494,7255,-2472,14461,2407,-5357,-1876,5922,1,0
59,7277,-12653,-1644,1829,-3066,-5464,-376,7277,216,3166,-1109,-493,-333,-1652,7298,-3404,12677,3580,3042,1647,-14657,7298,-1084,-16418,4542,-1152,-707,-10494,7277,-2472,14461,2407,-5357,-1876,5922,1,0
60,7299,-11653,-1149,2052,-3019,-4382,-760,7299,-41,3047,-935,-594,-383,-1743,7320,-4404,11677,3365,2369,2316,-15302,7320,-84,-16415,4490,-1282,-1046,-10342,7299,-1927,14523,3016,-5177,-1650,6991,1,0
61,7321,-11653,-1149,2102,-2680,-4382,-760,7321,-41,3047,-935,-594,-383,-1743,7342,-4404,11677,3365,2369,2316,-15302,7342,-84,-16415,4490,-1282,-1046,-10027,7321,-1472,14523,3016,-5177,-1650,6991,1,0
62,7343,-11653,-1149,2102,-2680,-4382,-760,7343,-472,3047,-935,-594,-383,-1810,7364,-5404,11677,3144,1515,2316,-15302,7364,-84,-16415,4210,-1282,-1300,-10027,7343,-1472,14523,3016,-5177,-1650,6991,1,0
63,7365,-10653,-1568,1973,-2114,-3570,-594,7365,-795,3127,-788,-371,-245,-1852,7386,-6404,11959,2976,874,3221,-15215,7386,916,-16086,3951,-911,-1300,-9468,7365,-472,14700,3446,-5042,-1620,7343,1,0
64,7387,-10653,-1568,1973,-1952,-3182,-594,7387,-795,3237,-788,-371,-245,-1852,7408,-6404,11959,2976,874,3221,-15194,7408,916,-16086,3951,-898,-1278,-9215,7387,-472,14700,3446,-4998,-1620,7343,1,0
65,7409,-11438,-1883,1876,-1952,-3182,-604,7409,-1075,3237,-788,-371,-245,-1892,7430,-7404,11959,2850,819,3221,-15194,7430,916,-16086,3821,-898,-1278,-9215,7409,-472,14700,3446,-4998,-1709,7292,1,0
66,7431,-12027,-1883,1542,-1457,-2862,-612,7431,-1464,3417,-761,-240,-142,-1914,7452,-8404,11620,2755,819,3420,-14866,7452,1916,-15635,3821,-139,-1296,-8204,7431,528,14754,4161,-4539,-1773,6673,1,0
67,7453,-12027,-1791,1542,-1406,-2862,-612,7453,-1464,3417,-761,-240,-110,-1914,7474,-8404,11620,2755,988,3420,-14846,7474,1916,-15635,3956,-139,-1296,-7841,7453,528,14754,4161,-4539,-1773,6673,1,0
68,7475,-12072,-1791,1225,-1406,-3253,-612,7475,-1791,3417,-834,-240,-110,-1914,7496,-9404,11245,2690,988,3218,-14846,7496,1916,-15635,3956,-139,-1310,-7841,7475,528,14754,4161,-4539,-1821,5816,1,0
69,7497,-12106,-1722,272,-994,-3773,-508,7497,-2106,3346,-921,-177,-9,-1867,7518,-10404,10529,2641,905,2828,-14214,7518,2916,-15498,4186,-49,-1310,-6640,7497,1528,14704,4800,-4021,-1860,5114,1,0
70,7519,-12106,-1622,272,-887,-3773,-404,7519,-2106,3346,-921,-177,-9,-1841,7540,-10404,10529,2641,905,2828,-14012,7540,2916,-15297,4193,-49,-1259,-6577,7519,1528,14704,4800,-3817,-1860,5114,1,0
71,7541,-12131,-1622,-461,-887,-4111,-404,7541,-2444,3288,-974,-177,-9,-1841,7562,-10404,9931,2345,905,1975,-14012,7562,2916,-15297,4193,-49,-1259,-6577,7541,1528,14667,4800,-3817,-1860,4453,1,0
72,7563,-12173,-1662,-1010,-586,-4111,-248,7563,-2736,3202,-1008,-120,46,-1732,7584,-9404,9326,2093,1133,1335,-12974,7584,3916,-15131,4286,104,-1106,-5476,7563,2528,14527,4926,-3023,-1531,3881,1,0
73,7585,-12173,-1662,-1010,-586,-3983,-218,7585,-2736,3202,-1008,-115,46,-1708,7606,-9404,9326,2093,1133,1335,-12862,7606,3916,-15074,4286,162,-1106,-5374,7585,2528,14527,4926,-3023,-1384,3881,1,0
74,7607,-12173,-1692,-1422,-586,-3983,-218,7607,-2955,3121,-1008,-115,46,-1708,7628,-9404,8685,1973,1133,1335,-12862,7628,3916,-15074,4286,162,-1106,-5374,7607,2528,14422,4926,-3023,-1384,3262,1,0
75,7629,-12152,-1864,-1834,-336,-3183,-159,7629,-3163,3059,-980,-73,76,-1565,7650,-8404,8155,1970,1616,1433,-11514,7650,4916,-14950,4356,375,-898,-4414,7629,3401,14279,5020,-2580,-586,2670,1,0
76,7651,-12043,-1864,-1834,-336,-3086,-159,7651,-3163,3059,-980,-73,76,-1549,7672,-8404,8155,1970,1616,1433,-11293,7672,4916,-14907,4356,375,-864,-4407,7651,3435,14279,5213,-2580,-586,2670,1,0
77,7673,-12043,-1993,-2143,-336,-3086,-159,7673,-3319,3002,-980,-73,76,-1549,7694,-8404,7729,1970,1616,1433,-11293,7694,4916,-14907,4356,375,-864,-4407,7673,3435,14166,5213,-2580,-586,2193,1,0
78,7695,-11739,-2094,-2441,-148,-2075,-74,7695,-3501,2914,-1033,-24,51,-1346,7716,-7404,7275,2030,1387,1263,-9507,7716,5818,-14803,4544,292,-741,-3603,7695,4113,14081,5603,-2101,-377,1835,1,0
79,7717,-11739,-2094,-2441,-148,-1825,-74,7717,-3501,2914,-1033,-24,51,-1304,7738,-7404,7275,2030,1387,1263,-9293,7738,5818,-14613,4544,292,-741,-3598,7717,4115,14081,5603,-2089,-377,1835,1,0
80,7739,-11739,-2170,-2598,-148,-1825,-74,7739,-3585,2855,-1052,-24,40,-1304,7760,-7404,6935,2030,1211,1056,-9293,7760,5818,-14613,4544,124,-741,-3598,7739,4115,14001,5603,-2089,-398,1594,1,0
81,7761,-11731,-2208,-2749,-109,-1218,-54,7761,-3648,2808,-1052,13,32,-1031,7782,-6404,6661,1786,933,902,-7293,7782,6477,-14535,4493,-11,-614,-2871,7761,4623,13941,5740,-1609,-414,1413,1,0
82,7783,-11731,-2208,-2749,-109,-1218,-54,7783,-3648,2808,-1026,13,32,-1002,7804,-6404,6661,1786,933,902,-7293,7804,6477,-14395,4493,-11,-614,-2829,7783,4623,13941,5740,-1609,-414,1413,1,0
83,7805,-11803,-2208,-2797,-109,-1218,-54,7805,-3672,2775,-1026,13,32,-1002,7826,-6404,6478,1664,695,787,-7293,7826,6477,-14392,4454,-94,-614,-2829,7805,4623,13896,5740,-1609,-414,1278,1,0
84,7827,-12368,-2127,-2851,-120,-999,-39,7827,-3690,2748,-987,19,35,-720,7848,-5404,6341,1583,472,596,-5293,7848,6941,-14379,4434,-157,-393,-2108,7827,4978,13834,5843,-1291,-210,991,1,0
85,7849,-12368,-2127,-2851,-120,-999,21,7849,-3690,2748,-970,19,35,-701,7870,-5404,6341,1583,472,596,-5293,7870,6941,-14288,4434,-157,-374,-2104,7849,4978,13834,5843,-1291,-207,991,1,0
86,7871,-12977,-2127,-2892,-128,-999,21,7871,-3690,2710,-970,7,27,-701,7892,-5404,6238,1583,301,429,-5293,7892,6941,-14288,4427,-204,-374,-2104,7871,4978,13787,5843,-1291,-207,776,1,0
87,7893,-13552,-2087,-2931,-134,-793,78,7893,-3651,2654,-957,-18,21,-448,7914,-4404,6175,1622,112,299,-3293,7914,7263,-14210,4427,-433,-120,-1518,7893,5191,13750,5985,-1162,218,654,1,0
88,7915,-13552,-2087,-2931,-134,-793,78,7915,-3649,2654,-957,-18,21,-427,7936,-4404,6175,1653,112,299,-3293,7936,7263,-14210,4510,-433,-120,-1507,7915,5191,13750,6001,-1162,224,654,1,0
89,7937,-13984,-2087,-3070,-213,-793,78,7937,-3649,2612,-957,-37,17,-427,7958,-4404,6130,1653,-102,75,-3293,7958,7263,-14210,4510,-605,-120,-1507,7937,5191,13722,6001,-1162,224,576,1,0
90,7959,-14025,-2088,-3174,-247,-91,124,7959,-3602,2586,-956,-50,17,-192,7980,-3404,6130,1705,-262,-188,-1293,7980,7505,-14214,4496,-719,-6,-1043,7959,5351,13697,6137,-1035,535,517,1,0
91,7981,-14025,-2088,-3174,-247,185,124,7981,-3602,2586,-956,-50,23,-177,8002,-3404,6223,1705,-262,-188,-1293,8002,7550,-14214,4496,-719,-6,-996,7981,5384,13697,6140,-1012,535,517,1,0
92,8003,-14025,-2129,-3174,-305,185,124,8003,-3602,2586,-956,-55,23,-177,8024,-3404,6223,1705,-262,-385,-1293,8024,7550,-14214,4458,-719,-6,-996,8003,5384,13697,6140,-1012,535,419,1,0
93,8025,-13956,-2169,-3056,-316,1024,131,8025,-3555,2632,-939,-59,27,38,8046,-2404,6503,1759,-193,-511,645,8046,7765,-14217,4429,-695,31,-530,8025,5600,13716,6260,-773,399,172,1,0
94,8047,-13950,-2169,-3056,-316,1058,131,8047,-3551,2675,-928,-59,27,50,8068,-2404,6681,1759,-152,-511,707,8068,7802,-14217,4429,-558,78,-427,8047,5602,13729,6261,-654,399,172,1,0
95,8069,-13950,-2189,-3056,-316,1058,131,8069,-3551,2675,-928,-62,27,50,8090,-2404,6681,1759,-152,-558,707,8090,7802,-14219,4405,-558,78,-427,8069,5602,13729,6261,-654,297,-79,1,0
96,8091,-13787,-2189,-2878,-274,1869,160,8091,-3504,2795,-897,-70,21,236,8112,-3404,7216,1824,-10,-593,2472,8112,7991,-14229,4387,-331,246,190,8091,5764,13740,6364,-269,292,-403,1,0
97,8113,-13787,-2182,-2878,-251,1869,179,8113,-3481,2821,-897,-70,21,242,8134,-3404,7282,1864,-10,-593,2587,8134,7991,-14229,4387,-247,264,307,8113,5765,13740,6364,-258,292,-403,1,0
98,8135,-13787,-2178,-2878,-251,1869,179,8135,-3481,2821,-897,-73,18,242,8156,-4404,7282,1864,-10,-738,2587,8156,7991,-14265,4387,-247,264,307,8135,5765,13740,6364,-258,292,-752,1,0
99,8157,-13779,-2177,-2576,-193,2443,257,8157,-3395,2951,-877,-75,15,425,8178,-5404,7887,2002,35,-847,4253,8178,7981,-14294,4402,-13,511,1066,8157,5755,13769,6366,94,355,-1075,1,0
100,8179,-13779,-2174,-2576,-182,2443,257,8179,-3344,2951,-877,-75,15,437,8200,-5404,7921,2002,35,-847,4394,8200,7981,-14294,4407,-13,562,1159,8179,5755,13794,6366,94,355,-1075,1,0
101,8201,-13895,-2174,-2576,-182,2443,257,8201,-3344,2951,-877,-75,15,437,8222,-6404,7921,2002,35,-847,4394,8222,7970,-14317,4407,-13,562,1159,8201,5755,13794,6366,94,355,-1332,1,0
102,8223,-14097,-2188,-2210,-131,2949,255,8223,-3179,3051,-848,-77,20,606,8244,-7404,8453,2110,121,-802,5911,8244,7890,-14418,4454,58,762,1979,8223,5612,13883,6416,394,494,-1659,1,0
103,8245,-14097,-2188,-1982,-131,3167,255,8245,-3171,3051,-848,-77,30,618,8266,-7404,8503,2110,136,-768,6072,8266,7890,-14418,4483,58,762,2093,8245,5612,13897,6428,414,582,-1659,1,0
104,8267,-14264,-2188,-1982,-131,3167,253,8267,-3171,3051,-848,-77,30,618,8288,-8404,8503,2110,136,-768,6072,8288,7807,-14528,4483,-61,762,2093,8267,5498,13897,6428,414,582,-2004,1,0
105,8289,-14424,-2158,-1435,-50,3734,211,8289,-3000,3138,-841,-77,50,776,8310,-8984,9308,2234,179,-851,7516,8310,7528,-14664,4602,-285,802,3034,8289,5347,14065,6475,832,933,-2588,1,0
106,8311,-14424,-2144,-1224,-50,3821,211,8311,-2941,3138,-841,-77,50,790,8332,-8984,9325,2235,179,-851,7663,8332,7528,-14664,4629,-285,802,3142,8311,5347,14126,6475,871,989,-2588,1,0
107,8333,-14634,-2144,-1224,-50,3821,144,8333,-2941,3138,-841,-77,47,790,8354,-9071,9325,2235,64,-960,7663,8354,7302,-14804,4629,-453,802,3142,8333,5234,14126,6475,871,989,-3145,1,0
108,8355,-14791,-2027,-604,10,4011,27,8355,-2672,3204,-836,-75,44,941,8376,-9071,9984,2419,-107,-1085,9207,8376,7035,-15027,4596,-554,832,4239,8355,5035,14307,6411,1539,1196,-3870,1,0
109,8377,-14791,-2007,-510,48,4011,27,8377,-2562,3220,-836,-45,44,967,8398,-8870,10026,2438,-107,-1085,9360,8398,7035,-15027,4596,-554,832,4379,8377,5035,14333,6411,1635,1238,-3870,1,0
110,8399,-14791,-2007,-510,48,3775,-49,8399,-2562,3220,-836,-45,44,967,8420,-8870,10026,2438,-308,-1179,9360,8420,6655,-15193,4571,-624,668,4379,8399,4758,14333,6363,1635,1238,-4551,1,0
111,8421,-13791,-1769,191,185,3513,-86,8421,-2139,3300,-799,3,59,1125,8442,-8337,10633,2636,-965,-1538,10753,8442,6234,-15317,4553,-624,318,5752,8421,4307,14481,6302,2451,1424,-5341,1,0
112,8443,-13791,-1731,215,198,3513,-86,8443,-2091,3300,-777,3,95,1137,8464,-8097,10633,2636,-965,-1538,10753,8464,6234,-15317,4553,-535,318,5931,8443,4307,14481,6302,2506,1443,-5341,1,0
113,8465,-13791,-1731,215,198,3316,-86,8465,-2091,3300,-777,3,95,1137,8486,-8097,10633,2636,-1646,-2057,10753,8486,5817,-15402,4538,-535,-165,5931,8465,3951,14481,5920,2506,1443,-5974,1,0
114,8487,-12791,-1522,666,543,3293,-68,8487,-1673,3317,-746,35,158,1277,8508,-7403,11044,2895,-2519,-2509,11618,8508,5020,-15402,4538,-468,-674,7312,8487,3373,14619,5616,3227,1551,-6588,1,0
115,8509,-12791,-1513,666,559,3293,-56,8509,-1670,3317,-746,35,162,1285,8530,-7323,11044,2980,-2519,-2509,11618,8530,5020,-15402,4570,-468,-674,7429,8509,3373,14619,5616,3266,1551,-6588,1,0
116,8531,-12791,-1513,666,559,3293,-56,8531,-1670,3279,-746,35,162,1285,8552,-7323,11044,2980,-3415,-2848,11618,8552,4332,-15466,4570,-468,-1239,7429,8531,2795,14619,5388,3266,1551,-7022,1,0
117,8553,-11791,-1377,857,867,3529,-11,8553,-1305,3227,-734,59,196,1428,8574,-6591,11021,3321,-4087,-2848,12107,8574,3332,-15466,4626,-465,-1676,8447,8553,2070,14723,4943,3797,1542,-7273,1,0
118,8575,-11791,-1377,857,884,3529,11,8575,-1305,3227,-734,93,196,1428,8596,-6591,11021,3410,-4087,-2675,12107,8596,3332,-15348,4626,-465,-1676,8447,8575,2070,14723,4943,3797,1542,-7273,1,0
119,8597,-11791,-1377,857,884,3529,11,8597,-1305,3184,-734,93,196,1428,8618,-6591,11021,3410,-4087,-2675,12107,8618,2332,-15348,4626,-465,-2004,8447,8597,1287,14629,4535,3797,1542,-7273,1,0
120,8619,-10791,-1423,796,881,3660,14,8619,-1116,3110,-725,186,82,1492,8640,-6042,11242,3643,-3276,-2162,11271,8640,1332,-15306,4502,-328,-2081,8195,8619,502,14558,4158,3736,1667,-7047,1,0
121,8641,-10791,-1423,796,881,3660,14,8641,-1116,3110,-713,186,82,1492,8662,-6042,11242,3643,-3276,-1947,11271,8662,1332,-15306,4502,-328,-2081,8195,8641,502,14558,4158,3736,1721,-6635,1,0
122,8663,-10791,-1517,751,785,3660,-60,8663,-1116,3110,-713,183,-3,1492,8684,-6042,11242,3643,-3276,-1947,10428,8684,468,-15414,4403,-328,-2081,7804,8663,46,14558,3875,3548,1721,-6635,1,0
123,8685,-9791,-1705,751,606,3881,-115,8685,-847,3228,-766,181,-62,1380,8706,-5091,12242,3884,-2811,-1481,8999,8706,-266,-15630,4335,-70,-1765,6994,8685,-295,14965,3386,3190,1381,-5654,1,0
124,8707,-9791,-1705,1056,606,3881,-115,8707,-740,3279,-766,181,-62,1380,8728,-5042,12242,3960,-2811,-1397,8999,8728,-266,-15630,4335,-16,-1765,6994,8707,-295,14983,3386,3190,1381,-5590,1,0
125,8729,-10749,-1910,1056,477,3881,-115,8729,-740,3279,-806,181,-62,1214,8750,-5042,12242,3960,-2811,-1397,7875,8750,-816,-15792,4335,-16,-1772,6311,8729,-551,14983,3146,2783,1126,-5590,1,0
126,8751,-11618,-2064,1329,386,3528,-108,8751,-378,3514,-882,212,-58,988,8772,-4076,12964,4521,-2391,-1094,6906,8772,-1455,-15891,4417,207,-1777,5480,8751,-786,15284,2966,2474,935,-4773,1,0
127,8773,-11618,-2064,1388,386,3528,-108,8773,-378,3514,-882,212,-5,988,8794,-4076,12964,4521,-2124,-1094,6906,8794,-1455,-15891,4417,207,-1777,5480,8773,-786,15284,2966,2474,935,-4773,1,0
128,8795,-11618,-2113,1388,329,3212,-110,8795,-378,3514,-932,212,-5,817,8816,-4076,12964,4521,-2124,-1094,6142,8816,-1975,-15891,4417,207,-1777,4590,8795,-1092,15284,2831,2246,791,-4773,1,0
129,8817,-10618,-2149,1596,286,2934,-126,8817,-214,3607,-953,212,48,654,8838,-3280,13394,4828,-1608,-703,5502,8838,-2324,-15820,4461,277,-1364,3394,8817,-1442,15343,2604,2057,553,-4138,1,0
130,8839,-10618,-2149,1596,286,2934,-126,8839,-214,3607,-953,212,48,654,8860,-3278,13394,4828,-1490,-547,5502,8860,-2324,-15820,4481,277,-1154,3394,8839,-1442,15343,2604,2057,553,-4076,1,0
131,8861,-10618,-2186,1596,98,2658,-126,8861,-214,3607,-978,182,48,518,8882,-3278,13394,4828,-1490,-547,4903,8882,-2324,-15820,4532,277,-1154,2469,8861,-1704,15343,2433,1915,499,-4076,1,0
132,8883,-11618,-2214,1752,-185,2347,-123,8883,-44,3676,-1004,137,37,409,8904,-2286,13937,4988,-857,-136,4200,8904,-2149,-15955,4580,278,-746,1776,8883,-1821,15387,2280,1649,459,-3445,1,0
133,8905,-11618,-2214,2158,-185,2347,-20,8905,31,3676,-1004,137,37,409,8926,-2286,13937,5038,-827,-136,4200,8926,-2149,-15955,4621,278,-746,1776,8905,-1821,15575,2280,1649,459,-3445,1,0
134,8927,-12540,-2214,2158,-412,2096,-20,8927,31,3676,-1024,98,26,318,8948,-2286,13937,5038,-827,-179,3440,8948,-2149,-16045,4621,278,-746,1433,8927,-1908,15575,2120,1449,429,-3445,1,0
135,8949,-13257,-2209,2470,-620,1768,54,8949,262,3723,-1065,69,18,249,8970,-2099,14317,5204,-350,-674,2384,8970,-2224,-16096,4669,166,-440,1175,8949,-2282,15697,1979,1268,201,-2959,1,0
136,8971,-13257,-2208,2470,-620,1768,54,8971,262,3723,-1065,69,18,249,8992,-2099,14317,5357,-350,-674,2384,8992,-2224,-16096,4669,166,-361,1175,8971,-2282,15697,1979,1268,201,-2945,1,0
137,8993,-13888,-2208,2470,-776,1507,54,8993,262,3723,-1085,45,12,229,9014,-2099,14317,5357,-350,-674,1592,9014,-2281,-16096,4637,82,-361,982,8993,-2562,15697,1873,1127,201,-2945,1,0
138,9015,-14393,-2138,2640,-837,1311,92,9015,371,3751,-1094,33,-33,214,9036,-1959,14608,5333,-237,-264,1081,9036,-2281,-16031,4637,82,179,708,9015,-2562,15751,1760,857,212,-2237,1,0
139,9037,-14393,-2104,2640,-837,1311,92,9037,371,3751,-1094,33,-33,214,9058,-1581,14608,5333,-237,-264,1081,9058,-2185,-16031,4681,94,179,708,9037,-2467,15751,1760,857,261,-2207,1,0
140,9059,-14771,-2104,2640,-837,1311,92,9059,371,3751,-1098,33,-70,203,9080,-1581,14608,5315,-237,-264,697,9080,-2185,-16031,4681,94,179,503,9059,-2467,15751,1702,667,261,-2207,1,0
141,9081,-15097,-1992,2816,-686,1321,112,9081,494,3772,-1101,39,-98,163,9102,-1192,14815,5254,-182,-162,316,9102,-2049,-16012,4738,109,106,370,9081,-2402,15726,1658,530,187,-1637,1,0
142,9103,-15097,-1992,2860,-686,1329,112,9103,494,3772,-1101,39,-98,163,9124,-1178,14815,5254,-182,-162,316,9124,-2049,-16012,4738,141,106,370,9103,-2402,15726,1658,530,187,-1637,1,0
143,9125,-15341,-1992,2860,-686,1329,112,9125,494,3772,-1101,39,-98,104,9146,-1178,14815,5254,-182,-162,30,9146,-2124,-16047,4738,141,51,291,9125,-2404,15726,1658,492,62,-1637,1,0
144,9147,-15524,-2046,3049,-557,1329,127,9147,561,3795,-1133,46,-48,60,9168,-902,14979,5285,-119,-85,-62,9168,-2181,-16047,4713,144,51,232,9147,-2489,15795,1633,463,-181,-1257,1,0
145,9169,-15524,-2046,3110,-557,1334,130,9169,561,3795,-1133,46,-48,60,9190,-902,14989,5285,-119,-85,-62,9190,-2181,-16024,4713,144,62,232,9169,-2489,15795,1633,463,-181,-1257,1,0
146,9191,-15681,-2086,3110,-557,1334,130,9191,561,3795,-1134,46,-48,37,9212,-902,14989,5285,-119,-85,-131,9212,-2224,-16024,4713,144,62,185,9191,-2555,15795,1612,442,-288,-1257,1,0
147,9213,-15760,-2101,3279,-520,1288,150,9213,601,3801,-1134,51,-37,24,9234,-746,15119,5381,-44,-63,-269,9234,-2257,-15982,4727,189,175,150,9213,-2633,15763,1597,328,-288,-972,1,0
148,9235,-15760,-2101,3279,-520,1288,150,9235,601,3801,-1134,51,-37,24,9256,-746,15119,5381,-44,-63,-269,9256,-2257,-15982,4735,210,175,150,9235,-2633,15763,1597,328,-221,-964,1,0
149,9257,-15850,-2101,3279,-531,1253,150,9257,601,3801,-1134,51,-37,15,9278,-746,15119,5381,-44,-66,-384,9278,-2281,-15982,4735,210,175,63,9257,-2683,15749,1588,243,-221,-964,1,0
150,9279,-15917,-2068,3391,-546,1227,159,9279,633,3790,-1134,59,-24,5,9300,-630,15186,5440,-29,-66,-470,9300,-2281,-15974,4779,262,202,-1,9279,-2695,15749,1582,184,-158,-679,1,0
151,9301,-15917,-2068,3391,-546,1227,159,9301,636,3790,-1134,59,-24,5,9322,-630,15186,5440,-29,1,-470,9322,-2220,-15974,4783,262,202,-1,9301,-2695,15753,1582,184,-158,-679,1,0
152,9323,-15917,-2068,3391,-546,1227,159,9323,636,3790,-1140,59,-24,-1,9344,-630,15186,5440,-29,1,-470,9344,-2220,-15974,4783,262,156,-22,9323,-2700,15753,1577,144,-158,-679,1,0
153,9345,-14917,-2024,3555,-524,1231,165,9345,670,3796,-1156,65,-23,-1,9366,-650,15245,5496,-18,143,-426,9366,-2179,-15968,4840,291,112,-24,9345,-2708,15803,1545,110,-132,-478,1,0
154,9367,-14917,-2024,3566,-504,1231,165,9367,670,3796,-1156,65,-23,0,9388,-650,15250,5496,-1,268,-394,9388,-2179,-15968,4845,291,112,-24,9367,-2708,15803,1545,110,-132,-478,1,0
155,9389,-14917,-2024,3566,-504,1231,158,9389,670,3796,-1168,65,-23,0,9410,-650,15250,5496,-1,268,-394,9410,-2213,-15968,4845,291,112,-26,9389,-2744,15803,1521,84,-132,-478,1,0
156,9411,-15135,-1990,3701,-414,1207,144,9411,690,3801,-1177,64,-22,-6,9432,-585,15309,5544,30,468,-300,9432,-2238,-15952,4891,233,130,-50,9411,-2771,15824,1498,50,-80,-330,1,0
157,9433,-15135,-1990,3701,-411,1207,144,9433,690,3801,-1177,64,-9,-6,9454,-551,15309,5544,30,468,-300,9454,-2238,-15952,4891,233,151,-50,9433,-2771,15824,1498,50,-37,-330,1,0
158,9455,-15299,-1999,3701,-411,1172,125,9455,690,3801,-1177,63,-9,-10,9476,-551,15309,5544,30,468,-300,9476,-2251,-15952,4891,189,151,-68,9455,-2771,15824,1498,28,-37,-330,1,0
159,9477,-15538,-2008,3758,-339,1124,110,9477,695,3804,-1177,62,1,-13,9498,-511,15353,5580,55,455,-263,9498,-2251,-15959,4908,146,187,-91,9477,-2752,15828,1521,11,31,-241,1,0
160,9499,-15538,-2008,3758,-339,1124,110,9499,705,3804,-1177,62,1,-13,9520,-511,15353,5583,55,455,-263,9520,-2231,-15959,4908,146,189,-91,9499,-2734,15828,1521,11,31,-241,1,0
161,9521,-15693,-2026,3758,-339,1096,84,9521,705,3804,-1177,57,1,-13,9542,-511,15353,5583,55,445,-263,9542,-2231,-15964,4907,117,189,-91,9521,-2728,15828,1521,-1,8,-241,1,0
162,9543,-15828,-2056,3827,-282,1075,65,9543,719,3811,-1187,53,0,-10,9564,-497,15383,5612,74,418,-250,9564,-2216,-15976,4906,97,216,-75,9543,-2738,15854,1529,-10,-28,-174,1,0
163,9565,-15828,-2056,3827,-282,1075,65,9565,722,3811,-1187,53,0,-10,9586,-497,15383,5642,74,418,-250,9586,-2216,-15976,4906,97,230,-52,9565,-2738,15854,1529,-10,-28,-174,1,0
164,9587,-15930,-2079,3827,-282,1059,51,9587,722,3811,-1191,50,-2,-10,9608,-497,15383,5642,74,418,-250,9608,-2216,-15985,4906,82,230,-52,9587,-2738,15854,1529,-10,-73,-174,1,0
165,9609,-16006,-2079,3889,-233,1040,37,9609,733,3811,-1193,48,-8,-1,9630,-498,15413,5637,89,422,-240,9630,-2220,-15993,4917,69,248,-38,9609,-2745,15873,1527,-9,-107,-123,1,0
166,9631,-16006,-2067,3889,-233,1040,37,9631,733,3811,-1193,48,-8,-1,9652,-498,15413,5637,96,422,-240,9652,-2220,-15993,4929,69,257,-38,9631,-2745,15873,1527,-9,-107,-122,1,0
167,9653,-16056,-2067,3889,-233,1037,27,9653,733,3811,-1194,47,-8,-1,9674,-499,15413,5637,96,422,-240,9674,-2239,-16004,4929,58,257,-38,9653,-2746,15873,1510,-9,-107,-122,1,0
168,9675,-16091,-2032,3938,-240,1037,20,9675,734,3821,-1195,47,-7,3,9696,-510,15432,5645,100,425,-246,9696,-2239,-16013,4939,46,250,-42,9675,-2747,15887,1487,-8,-90,-83,1,0
169,9697,-16091,-2032,3944,-240,1045,20,9697,734,3821,-1195,47,-7,3,9718,-510,15432,5645,113,425,-246,9718,-2222,-16013,4943,46,250,-42,9697,-2747,15887,1487,-6,-90,-83,1,0
170,9719,-16117,-2032,3944,-240,1045,20,9719,734,3821,-1195,47,-7,3,9740,-546,15432,5645,113,425,-264,9740,-2222,-16014,4943,41,236,-45,9719,-2750,15886,1470,-6,-102,-83,1,0
171,9741,-16136,-2006,3986,-238,1076,29,9741,736,3824,-1190,43,-6,1,9762,-604,15453,5661,123,433,-284,9762,-2226,-16015,4954,41,222,-47,9741,-2750,15886,1443,-11,-111,-46,1,0
172,9763,-16136,-2006,3986,-234,1076,30,9763,736,3824,-1190,43,-6,1,9784,-604,15453,5663,127,433,-284,9784,-2226,-16015,4954,43,222,-47,9763,-2747,15902,1443,-11,-111,-39,1,0
173,9785,-16151,-2006,3986,-234,1076,30,9785,736,3824,-1190,43,-6,0,9806,-617,15453,5664,127,433,-284,9806,-2229,-16016,4954,43,211,-51,9785,-2747,15902,1439,-20,-111,-39,1,0
174,9807,-16157,-1986,4013,-228,1093,43,9807,743,3826,-1197,43,-2,-1,9828,-657,15444,5664,133,468,-277,9828,-2237,-16030,4970,46,200,-51,9807,-2739,15915,1439,-22,-92,-1,1,0
175,9829,-16157,-1986,4013,-225,1093,53,9829,743,3828,-1197,43,-2,-1,9850,-657,15444,5687,133,475,-247,9850,-2237,-16030,4980,61,200,-46,9829,-2739,15915,1448,-22,-92,-1,1,0
176,9851,-16157,-1986,4013,-225,1093,53,9851,743,3828,-1202,43,-2,-3,9872,-657,15444,5687,133,475,-247,9872,-2258,-16036,4980,61,155,-46,9851,-2739,15915,1448,-23,-92,-1,1,0
177,9873,-16161,-1984,4042,-254,1111,55,9873,749,3832,-1202,44,3,-4,9894,-680,15478,5684,141,518,-219,9894,-2274,-16036,4997,74,83,-21,9873,-2756,15922,1443,-23,-82,1,1,0
178,9895,-16161,-1984,4047,-254,1123,55,9895,749,3832,-1202,44,3,-4,9916,-680,15478,5684,141,539,-219,9916,-2274,-16036,4997,83,83,-21,9895,-2756,15922,1443,-29,-82,1,1,0
179,9917,-16164,-1994,4047,-288,1123,55,9917,749,3832,-1202,44,3,-6,10338,-698,15478,5684,141,542,-219,10338,-2286,-16031,4997,83,42,-21,9917,-2769,15916,1424,-30,-82,1,2,0
180,10339,-16174,-2001,4078,-314,1162,54,10339,746,3834,-1202,43,8,-8,10360,-728,15457,5673,151,548,-202,10360,-2291,-16031,4999,100,38,-16,10339,-2782,15911,1410,-36,-62,-3,2,0
181,10361,-16174,-2001,4091,-314,1162,54,10361,746,3834,-1202,43,9,-8,10382,-728,15457,5673,151,548,-203,10382,-2291,-16027,4999,100,38,-16,10361,-2782,15911,1410,-36,-62,-3,2,0
182,10383,-16187,-2006,4091,-334,1162,53,10383,741,3834,-1204,42,9,-10,10404,-783,15457,5673,142,529,-203,10404,-2293,-16027,4999,91,38,-18,10383,-2809,15907,1402,-45,-62,-3,2,0
183,10405,-16207,-2010,4124,-355,1144,53,10405,731,3834,-1209,42,14,-10,10426,-832,15474,5664,142,529,-203,10426,-2296,-16020,5053,78,80,-26,10405,-2851,15907,1396,-57,-31,11,2,0
184,10427,-16207,-2010,4163,-355,1144,53,10427,731,3834,-1209,42,14,-10,10448,-832,15474,5664,142,543,-183,10448,-2296,-16015,5056,78,80,-26,10427,-2851,15907,1396,-57,-31,11,2,0
185,10449,-16221,-2010,4163,-359,1119,53,10449,725,3834,-1210,42,14,-10,10470,-856,15474,5664,135,543,-183,10470,-2296,-16015,5056,68,80,-32,10449,-2883,15907,1396,-66,-31,11,2,0
186,10471,-16226,-2017,4229,-362,1095,56,10471,721,3834,-1210,42,15,-11,10492,-874,15487,5679,135,531,-168,10492,-2294,-16018,5076,61,100,-32,10471,-2907,15907,1396,-70,-33,23,2,0
187,10493,-16226,-2017,4238,-362,1095,57,10493,721,3834,-1210,43,15,-11,10514,-874,15487,5679,138,531,-168,10514,-2294,-16018,5076,61,100,-23,10493,-2907,15907,1396,-70,-33,23,2,0
188,10515,-16230,-2022,4238,-362,1064,57,10515,720,3834,-1210,43,15,-12,10536,-891,15487,5679,138,522,-168,10536,-2297,-16021,5076,61,100,-23,10515,-2925,15890,1390,-70,-33,23,2,0
189,10537,-16230,-2022,4306,-362,1012,57,10537,719,3835,-1210,43,18,-13,10558,-904,15462,5707,150,517,-133,10558,-2301,-16023,5104,59,115,-16,10537,-2928,15877,1383,-70,-32,29,2,0
190,10559,-16227,-2018,4306,-362,1012,57,10559,719,3837,-1210,43,19,-13,10580,-904,15462,5707,150,517,-133,10580,-2301,-16023,5114,59,117,-16,10559,-2928,15877,1383,-70,-15,29,2,0
191,10581,-16227,-2018,4306,-362,972,57,10581,718,3837,-1210,43,19,-13,10602,-914,15446,5707,150,516,-133,10602,-2304,-16023,5114,58,117,-28,10581,-2931,15866,1378,-70,-15,29,2,0
192,10603,-16212,-2011,4330,-361,942,57,10603,718,3839,-1211,43,22,-11,10624,-921,15433,5728,159,515,-137,10624,-2304,-16012,5144,42,129,-37,10603,-2956,15859,1368,-83,9,35,2,0
193,10625,-16212,-2011,4330,-345,942,59,10625,718,3839,-1211,43,22,-11,10646,-921,15433,5728,159,515,-137,10646,-2285,-16006,5144,42,129,-37,10625,-2956,15859,1368,-83,14,48,2,0
194,10647,-16212,-2011,4330,-345,920,59,10647,714,3839,-1211,43,22,-11,10668,-921,15424,5728,159,514,-140,10668,-2285,-16006,5144,24,129,-43,10647,-2956,15854,1368,-96,14,48,2,0
195,10669,-16192,-2017,4361,-332,890,60,10669,707,3838,-1209,42,30,-14,10690,-898,15424,5718,148,514,-140,10690,-2270,-15999,5168,4,124,-43,10669,-2952,15854,1361,-106,36,54,2,0
196,10691,-16192,-2017,4361,-332,890,60,10691,707,3838,-1209,42,30,-14,10712,-888,15447,5718,148,531,-110,10712,-2270,-15999,5168,4,124,-34,10691,-2937,15854,1361,-106,38,54,2,0
197,10713,-16192,-2017,4361,-332,864,60,10713,706,3836,-1211,42,30,-14,10734,-888,15447,5718,148,531,-110,10734,-2292,-16000,5168,-1,120,-34,10713,-2937,15854,1356,-106,38,54,2,0
198,10735,-16184,-2018,4384,-343,845,61,10735,701,3834,-1212,42,32,-13,10756,-875,15447,5722,161,532,-85,10756,-2309,-16001,5186,-4,120,-27,10735,-2957,15860,1353,-101,46,53,2,0
199,10757,-16184,-2018,4384,-343,845,61,10757,701,3834,-1212,42,32,-11,10778,-869,15463,5722,161,532,-85,10778,-2309,-16001,5192,-4,121,-27,10757,-2957,15860,1353,-101,56,53,2,0
200,10779,-16191,-2019,4384,-351,836,61,10779,699,3834,-1213,42,32,-11,10800,-869,15464,5722,161,532,-95,10800,-2309,-16001,5192,-7,121,-28,10779,-2972,15860,1348,-106,56,53,2,0
201,10801,-16204,-2020,4379,-357,836,68,10801,698,3836,-1214,41,30,-7,10822,-854,15475,5725,173,491,-103,10822,-2302,-15997,5205,-13,125,-31,10801,-2977,15860,1345,-110,53,67,2,0
202,10823,-16204,-2020,4379,-357,856,68,10823,698,3836,-1214,41,30,-7,10844,-853,15484,5725,173,491,-103,10844,-2302,-15995,5204,-13,125,-31,10823,-2977,15860,1345,-110,53,67,2,0
203,10845,-16219,-2021,4375,-361,856,68,10845,697,3836,-1214,40,30,-7,10866,-853,15484,5714,173,491,-103,10866,-2317,-15995,5204,-14,125,-31,10845,-2978,15860,1335,-112,51,67,2,0
204,10867,-16238,-2040,4375,-372,872,67,10867,695,3837,-1217,40,31,-6,10888,-841,15508,5702,167,491,-98,10888,-2330,-15997,5199,-14,125,-33,10867,-2979,15860,1328,-113,51,80,2,0
205,10889,-16238,-2040,4377,-372,872,67,10889,695,3837,-1217,40,31,-6,10910,-833,15508,5702,167,491,-97,10910,-2330,-15997,5197,-13,128,-33,10889,-2979,15863,1328,-113,51,83,2,0
206,10911,-16245,-2055,4377,-374,872,67,10911,694,3837,-1218,40,31,-6,10932,-833,15508,5702,162,491,-97,10932,-2340,-15997,5195,-13,128,-38,10911,-2979,15863,1328,-114,51,83,2,0
207,10933,-16250,-2055,4363,-376,886,63,10933,694,3839,-1219,40,30,-5,10954,-810,15516,5710,159,510,-90,10954,-2350,-15995,5192,-8,138,-64,10933,-2978,15865,1338,-114,64,92,2,0
208,10955,-16250,-2039,4363,-376,888,63,10955,694,3839,-1219,40,30,-5,10976,-810,15516,5710,159,524,-90,10976,-2350,-15992,5192,-7,153,-64,10955,-2978,15865,1342,-111,64,96,2,0
209,10977,-16250,-2039,4353,-376,888,59,10977,694,3839,-1219,40,29,-5,10998,-810,15516,5710,159,524,-98,10998,-2357,-15992,5192,-7,153,-84,10977,-2978,15865,1342,-111,64,96,2,0
210,10999,-16245,-2035,4316,-378,915,48,10999,695,3836,-1219,40,27,-5,11020,-832,15517,5687,165,555,-117,11020,-2396,-15929,5227,24,250,-193,10999,-2977,15862,1336,-108,-21,98,2,0
211,11021,-16245,-2035,4316,-378,943,48,11021,695,3836,-1214,40,27,-5,11042,-832,15517,5687,165,555,-117,11042,-2396,-15929,5227,24,340,-193,11021,-2977,15862,1336,-108,-21,100,2,0
212,11043,-16245,-2037,4288,-388,943,36,11043,695,3833,-1214,40,27,-5,11064,-854,15502,5670,165,555,-131,11064,-2426,-15929,5227,24,340,-282,11043,-2977,15822,1336,-133,-174,100,2,0
213,11065,-16250,-2037,4268,-405,1080,27,11065,655,3831,-1207,40,29,-13,11086,-882,15502,5610,159,939,-142,11086,-2436,-15900,5253,-40,591,-484,11065,-2978,15792,1338,-193,-288,124,2,0
214,11087,-16250,-2033,4268,-405,1144,27,11087,655,3831,-1207,40,29,-13,11108,-882,15519,5610,159,1219,-142,11108,-2436,-15900,5253,-40,635,-484,11087,-2978,15792,1340,-193,-288,124,2,0
215,11109,-16250,-2033,4252,-443,1144,27,11109,612,3831,-1207,40,29,-26,11130,-903,15519,5565,-5,1219,-150,11130,-2436,-15979,5253,-137,635,-670,11109,-2979,15788,1340,-193,-374,124,2,0
216,11131,-16240,-2003,4200,-481,1377,40,11131,580,3838,-1202,48,-19,-47,11152,-1124,15548,5531,-187,1486,-480,11152,-2444,-15979,5315,-446,385,-842,11131,-3127,15785,1343,-192,-857,154,2,0
217,11153,-16096,-2003,4200,-481,1385,61,11153,580,3842,-1202,54,-19,-47,11174,-1124,15548,5531,-187,1486,-480,11174,-2444,-15979,5315,-446,385,-842,11153,-3127,15782,1343,-192,-857,191,2,0
218,11175,-16096,-2003,4105,-526,1385,61,11175,556,3842,-1202,54,-51,-76,11196,-1344,15548,5477,-187,1409,-1051,11196,-2810,-15998,5315,-677,198,-996,11175,-3335,15782,1288,-192,-982,191,2,0
219,11197,-15809,-2056,3936,-573,1592,27,11197,506,3865,-1138,54,-70,-184,11218,-1605,15468,5168,47,670,-2472,11218,-3508,-16012,4920,-821,69,-2037,11197,-3560,15600,1094,-418,-982,597,2,0
220,11219,-15809,-2056,3936,-573,1592,27,11219,506,3865,-1126,54,-70,-184,11240,-1605,15468,5168,47,670,-2472,11240,-3508,-16012,4920,-821,69,-2037,11219,-3560,15600,1094,-418,-965,799,2,0
221,11241,-15809,-2108,3667,-655,1173,-26,11241,385,3865,-1126,51,-70,-326,11262,-2021,15293,4937,47,-56,-4142,11262,-3964,-16023,4624,-821,69,-3502,11241,-3729,15464,847,-865,-965,799,2,0
222,11263,-15557,-2154,3137,-806,-248,-186,11263,158,3838,-1005,-29,26,-579,11284,-2774,14849,4763,102,-601,-6142,11284,-3964,-16026,4624,-595,753,-5502,11263,-3870,15362,662,-1982,-812,1712,2,0
223,11285,-14809,-2154,3137,-806,-248,-186,11285,158,3838,-1005,-29,26,-579,11306,-2774,14849,4763,102,-601,-6142,11306,-3879,-16026,4690,-499,1206,-5502,11285,-3870,15362,662,-1982,-348,2333,2,0
224,11307,-14809,-2255,2684,-1006,-1880,-306,11307,27,3818,-1005,-100,26,-839,11328,-2774,14516,4687,102,-601,-8142,11328,-3879,-16026,4690,-499,1206,-7386,11307,-3870,15285,662,-3322,-348,2333,2,0
225,11329,-13809,-2255,2345,-1320,-3512,-306,11329,-37,3767,-907,-184,15,-1109,11350,-2652,13529,4494,144,1285,-10142,11350,-2879,-15794,4871,-242,1440,-8284,11329,-3700,15144,1020,-4644,407,4333,2,0
226,11351,-13809,-2221,2345,-1320,-3512,-156,11351,-37,3767,-880,-184,15,-1109,11372,-2652,13529,4494,1848,1399,-10142,11372,-2879,-15794,4977,-242,1440,-8284,11351,-2872,15144,1390,-4644,407,4333,2,0
227,11373,-13809,-2221,2187,-1585,-5057,-156,11373,-85,3608,-880,-294,7,-1312,11394,-2652,12738,4244,1848,1399,-11774,11394,-2879,-15794,4977,-269,240,-8957,11373,-2872,14927,1390,-4950,407,4333,2,0
228,11395,-12809,-1678,2187,-2128,-6216,344,11395,-121,3268,-834,-399,-69,-1481,11416,-3652,12145,4244,2555,2114,-12417,11416,-1879,-15632,5112,-543,-660,-9558,11395,-2124,14764,2061,-4950,-819,5115,2,0
229,11417,-12809,-1671,2202,-2128,-6216,344,11417,-121,3268,-814,-399,-69,-1481,11438,-3652,12145,4344,2555,2114,-12417,11438,-1879,-15632,5112,-543,-660,-9558,11417,-2124,14764,2233,-4937,-819,5115,2,0
230,11439,-12809,-1671,2202,-2535,-6216,81,11439,-148,3013,-814,-455,-135,-1608,11460,-4544,11520,4419,2555,2114,-12900,11460,-1879,-15632,5112,-679,-660,-10009,11439,-2124,14622,2233,-4937,-1739,5115,2,0
231,11461,-11809,-1259,2244,-2535,-6017,-115,11461,-270,2903,-776,-466,-184,-1704,11482,-5544,10839,4419,948,2613,-13435,11482,-879,-15470,5052,-679,-264,-10009,11461,-1829,14622,3086,-4927,-1739,5702,2,0
232,11483,-11809,-1259,2305,-2514,-6017,-115,11483,-270,2903,-716,-466,-184,-1704,11504,-5544,10839,4419,948,2613,-13435,11504,-879,-15470,5052,-609,-264,-9927,11483,-1829,14907,3086,-4927,-1315,5766,2,0
233,11505,-11809,-1259,2305,-2514,-6017,-115,11505,-533,2861,-716,-466,-184,-1776,11526,-6544,10328,4268,948,2450,-13934,11526,-879,-15470,5052,-609,-264,-9927,11505,-1829,14907,3086,-4927,-1315,5766,2,0
234,11527,-10809,-1445,2186,-2308,-5296,74,11527,-816,2861,-633,-444,-166,-1821,11548,-7544,10328,3854,1557,2328,-14389,11548,121,-15037,4864,-507,-306,-9748,11527,-882,14907,3726,-4854,-1313,5899,2,0
235,11549,-10809,-1445,2186,-2305,-5098,74,11549,-816,2933,-633,-379,-94,-1821,11570,-7544,10399,3854,1557,2328,-14389,11570,121,-15037,4864,-255,-306,-9408,11549,-829,15412,3844,-4854,-1313,5899,2,0
236,11571,-10809,-1445,2023,-2305,-5098,-182,11571,-1076,2933,-675,-379,-94,-1828,11592,-8544,10399,3682,1448,2328,-14650,11592,121,-15037,4864,-255,-337,-9408,11571,-829,15412,3844,-4854,-1349,5899,2,0
237,11593,-11569,-1363,1901,-2083,-4417,-374,11593,-1595,3041,-731,-248,18,-1829,11614,-9078,10103,3553,1367,3758,-14650,11614,1121,-15004,4827,-94,-337,-8396,11593,171,15128,4495,-4608,-1349,5480,2,0
238,11615,-11569,-1363,1901,-1856,-4417,-374,11615,-1595,3056,-731,-205,18,-1829,11636,-9078,10103,3553,1367,3758,-14612,11636,1121,-15004,4827,-94,-301,-8325,11615,171,15128,4495,-4608,-1338,5480,2,0
239,11637,-11656,-1363,1801,-1856,-4417,-374,11637,-1984,3056,-773,-205,18,-1829,11658,-9078,9826,3456,1077,3282,-14612,11658,1121,-15004,4827,-94,-301,-8325,11637,171,14983,4495,-4608,-1338,4911,2,0
240,11659,-11722,-1680,1446,-1248,-3906,-119,11659,-2303,3067,-808,-77,41,-1754,11680,-8078,9357,3384,860,2619,-14312,11680,2121,-14980,4890,2,-377,-7227,11659,1131,14701,5020,-4364,-1404,4459,2,0
241,11681,-11722,-1680,1446,-1248,-3906,-119,11681,-2303,3067,-808,-77,41,-1719,11702,-8078,9357,3384,860,2619,-13482,11702,2121,-14966,4890,2,-377,-7142,11681,1171,14701,5029,-4240,-1404,4459,2,0
242,11703,-11722,-1915,889,-1248,-3906,-119,11703,-2542,3067,-835,-77,41,-1719,11724,-8078,9005,3150,781,1884,-13482,11724,2121,-14966,4846,2,-436,-7142,11703,1171,14584,5029,-4240,-1799,4120,2,0
243,11725,-11633,-2091,-6,-967,-3633,-114,11725,-2846,3060,-855,19,117,-1611,11746,-7078,8410,2888,781,1209,-13232,11746,3121,-14937,4791,-63,-511,-6138,11725,2171,14473,5314,-3901,-1802,3830,2,0
244,11747,-11633,-2091,-6,-967,-3633,-114,11747,-2846,3060,-855,19,117,-1589,11768,-7078,8410,2888,784,1209,-12635,11768,3121,-14915,4791,-63,-511,-6020,11747,2171,14473,5314,-3901,-1802,3830,2,0
245,11769,-11633,-2223,-674,-967,-3633,-114,11769,-3074,3058,-861,19,117,-1589,11790,-7078,7939,2744,784,703,-12635,11790,3121,-14905,4743,-63,-573,-6020,11769,2171,14389,5314,-3901,-1802,3613,2,0
246,11791,-11726,-2501,-1178,-857,-2921,-21,11791,-3290,3053,-885,60,161,-1437,11812,-6078,7518,2636,1106,703,-11217,11812,4121,-14867,4707,-112,-614,-4921,11791,2907,14313,5528,-3170,-1542,3159,2,0
247,11813,-11726,-2501,-1178,-786,-2921,-21,11813,-3290,3053,-885,60,161,-1419,11834,-6078,7518,2636,1106,809,-11018,11834,4121,-14677,4687,-112,-614,-4914,11813,2907,14313,5647,-3045,-939,3159,2,0
248,11835,-11808,-2501,-1610,-786,-2921,-21,11835,-3420,2995,-903,60,161,-1419,11856,-6078,6862,2555,1095,809,-11018,11856,4121,-14677,4707,-112,-614,-4914,11835,2907,14179,5647,-3045,-939,2808,2,0
249,11857,-11986,-2437,-2162,-650,-2462,-56,11857,-3518,2917,-939,69,161,-1245,11878,-5078,6326,2434,925,888,-9018,11878,5121,-14506,4732,-86,-477,-4062,11857,3464,14099,5847,-2366,-83,2462,2,0
250,11879,-11986,-2437,-2162,-629,-2462,-56,11879,-3518,2917,-939,69,161,-1218,11900,-5078,6326,2434,925,888,-9018,11900,5121,-14506,4747,-86,-467,-3998,11879,3579,14099,5847,-2364,-83,2462,2,0
251,11901,-12048,-2437,-2606,-629,-2462,-103,11901,-3584,2849,-965,69,120,-1218,11922,-5078,5924,2321,797,888,-9018,11922,5121,-14506,4747,-86,-467,-3998,11901,3579,14089,5847,-2364,-83,2199,2,0
252,11923,-12095,-2449,-3005,-511,-2028,-118,11923,-3633,2786,-985,76,90,-1004,11944,-4078,5619,2190,693,972,-7018,11944,5868,-14487,4720,-125,-357,-3211,11923,4146,14081,5968,-1793,149,1836,2,0
253,11945,-12095,-2449,-3005,-511,-2028,-118,11945,-3633,2786,-985,88,90,-975,11966,-4078,5619,2190,693,972,-7018,11966,5868,-14487,4720,-125,-357,-3193,11945,4146,14081,5968,-1784,149,1836,2,0
254,11967,-12130,-2449,-3297,-511,-2028,-118,11967,-3710,2738,-992,88,81,-975,11988,-4078,5438,2123,570,972,-7018,11988,5868,-14487,4697,-182,-357,-3193,11967,4146,14080,5968,-1784,149,1536,2,0
255,11989,-12276,-2386,-3468,-450,-1703,-55,11989,-3780,2707,-1005,86,75,-744,12010,-3078,5302,2119,431,849,-5018,12010,6439,-14454,4665,-304,-275,-2557,11989,4495,14056,6063,-1389,359,1265,2,0
256,12011,-12276,-2350,-3468,-450,-1703,18,12011,-3780,2707,-1005,86,75,-713,12032,-3078,5302,2119,431,849,-5018,12032,6439,-14439,4616,-304,-216,-2366,12011,4495,14056,6063,-1389,359,1265,2,0
257,12033,-12548,-2350,-3645,-454,-1703,18,12033,-3780,2702,-1005,75,46,-713,12054,-3078,5302,2119,327,709,-5018,12054,6439,-14439,4616,-373,-216,-2366,12033,4495,14038,6063,-1389,359,1059,2,0
258,12055,-12787,-2257,-3964,-457,-1281,120,12055,-3780,2702,-1002,45,25,-445,12076,-2078,5528,2140,186,604,-3018,12076,6881,-14383,4582,-425,-111,-1653,12055,4757,13913,6134,-1125,549,856,2,0
259,12077,-12787,-2234,-3964,-458,-1148,120,12077,-3774,2704,-1002,45,25,-426,12098,-2078,5544,2140,186,604,-3018,12098,6881,-14354,4580,-425,-94,-1615,12077,4757,13913,6134,-1125,549,856,2,0
260,12099,-12966,-2234,-4204,-485,-1148,120,12099,-3774,2704,-1002,23,8,-426,12120,-2078,5544,2140,90,526,-3018,12120,6881,-14354,4556,-453,-94,-1615,12099,4757,13913,6134,-1125,549,702,2,0
261,12121,-12966,-2147,-4304,-501,-414,156,12121,-3747,2717,-1014,-12,8,-165,12142,-1078,5713,2129,18,380,-1018,12142,7213,-14404,4556,-458,24,-952,12121,4871,13951,6195,-972,524,522,2,0
262,12143,-12957,-2147,-4304,-501,-113,156,12143,-3745,2720,-1014,-12,10,-143,12164,-1078,5806,2129,18,380,-1018,12164,7218,-14404,4560,-458,46,-894,12143,4871,13951,6294,-972,524,522,2,0
263,12165,-12957,-2212,-4304,-513,-113,156,12165,-3745,2720,-1024,-40,10,-143,12186,-1078,5806,2124,-35,380,-1018,12186,7218,-14404,4560,-458,46,-894,12165,4871,13951,6294,-972,410,335,2,0
264,12187,-12954,-2261,-4190,-513,994,167,12187,-3713,2788,-1032,-74,17,100,12208,-78,6298,2121,-75,271,982,12208,7471,-14393,4547,-427,162,-156,12187,5025,14002,6414,-629,358,-98,2,0
265,12209,-12954,-2261,-4099,-458,1185,167,12209,-3699,2831,-1032,-74,17,122,12230,-78,6437,2121,-75,271,982,12230,7471,-14393,4537,-375,208,-63,12209,5160,14002,6414,-417,358,-98,2,0
266,12231,-12968,-2261,-4099,-458,1185,167,12231,-3699,2831,-1032,-100,17,122,12252,-78,6437,2121,-75,-237,982,12252,7471,-14393,4537,-375,208,-63,12231,5160,14002,6414,-417,358,-543,2,0
267,12253,-12989,-2230,-3793,-361,2159,294,12253,-3616,2932,-1014,-142,21,352,12274,-1078,7082,2130,16,-665,2980,12274,7549,-14422,4529,-198,375,768,12253,5245,14040,6388,33,440,-963,2,0
268,12275,-12989,-2228,-3793,-343,2159,294,12275,-3545,2935,-1001,-142,21,377,12296,-1078,7082,2130,83,-665,2982,12296,7549,-14422,4529,-196,375,885,12275,5245,14040,6388,33,440,-963,2,0
269,12297,-13279,-2228,-3793,-343,2159,294,12297,-3545,2935,-1001,-176,21,377,12318,-2078,7082,2124,83,-992,2982,12318,7549,-14449,4529,-196,375,885,12297,5245,14040,6369,33,440,-1299,2,0
270,12319,-13497,-2206,-3219,-281,2767,352,12319,-3373,3008,-951,-205,12,594,12340,-3078,7566,2120,207,-1238,4548,12340,7433,-14493,4575,-44,535,1818,12319,5041,14088,6363,252,432,-1668,2,0
271,12341,-13497,-2203,-3044,-281,2767,352,12341,-3324,3008,-944,-205,12,601,12362,-3078,7566,2120,257,-1238,4548,12362,7433,-14493,4603,-44,547,1912,12341,5041,14105,6363,252,432,-1668,2,0
272,12363,-13497,-2203,-3044,-281,2767,352,12363,-3324,3008,-944,-223,1,601,12384,-4078,7566,2120,257,-1238,4548,12384,7265,-14526,4603,-44,547,1912,12363,4854,14105,6362,252,432,-2043,2,0
273,12385,-12497,-2074,-2353,-199,3552,305,12385,-3087,3027,-891,-226,-7,770,12406,-5078,7946,2366,292,-1148,5734,12406,7014,-14709,4698,-51,623,2805,12385,4630,14186,6362,530,524,-2500,2,0
274,12407,-12497,-2072,-2223,-175,3552,305,12407,-3061,3027,-891,-226,-7,770,12428,-5078,7946,2382,292,-1067,5857,12428,7014,-14709,4709,-51,623,2882,12407,4630,14207,6449,641,617,-2500,2,0
275,12429,-12497,-2072,-2223,-175,3552,245,12429,-3061,3027,-891,-226,-7,770,12450,-6078,7946,2382,187,-1019,5857,12450,6784,-14902,4709,-138,550,2882,12429,4462,14207,6449,641,617,-2866,2,0
276,12451,-11497,-1974,-1486,31,4175,105,12451,-2795,3072,-858,-186,6,908,12472,-6805,8297,2588,19,-1179,7516,12472,6502,-15157,4788,-422,411,3880,12451,4175,14342,6514,1161,809,-3323,2,0
277,12473,-11497,-1974,-1424,48,4175,105,12473,-2747,3078,-841,-170,11,914,12494,-6805,8297,2592,19,-1179,7600,12494,6502,-15157,4788,-422,411,4019,12473,4175,14398,6514,1334,934,-3323,2,0
278,12495,-11497,-2010,-1424,48,4175,24,12495,-2747,3078,-841,-170,11,914,12516,-6878,8297,2592,-453,-1377,7600,12516,6226,-15348,4765,-578,299,4019,12495,3984,14398,6514,1334,934,-3746,2,0
279,12517,-10497,-2037,-597,198,4519,-35,12517,-2375,3171,-794,-51,57,1059,12538,-6933,9297,2750,-1264,-2022,9012,12538,5845,-15492,4602,-579,148,5197,12517,3712,14541,6360,2021,1331,-4378,2,0
280,12539,-10497,-2037,-564,198,4519,-35,12539,-2314,3198,-775,-27,72,1073,12560,-6933,9297,2847,-1264,-2022,9012,12560,5845,-15492,4602,-579,148,5370,12539,3712,14707,6360,2176,1331,-4378,2,0
281,12561,-10497,-2037,-564,198,4519,-57,12561,-2314,3198,-775,-27,72,1073,12582,-6933,9297,2847,-1873,-2600,9012,12582,5550,-15622,4548,-579,20,5370,12561,3442,14707,6095,2176,1331,-4952,2,0
282,12583,-9497,-1932,196,341,4720,-57,12583,-1882,3300,-726,73,148,1213,12604,-6931,10245,3130,-2378,-3169,10079,12604,5001,-15719,4548,-512,-266,6743,12583,3170,14939,5753,3004,1563,-5684,2,0
283,12605,-9497,-1914,196,349,4720,-42,12605,-1813,3300,-726,73,159,1234,12626,-6859,10245,3187,-2378,-3169,10079,12626,5001,-15719,4555,-459,-266,7029,12605,3170,14995,5753,3023,1563,-5684,2,0
284,12627,-9497,-1914,196,349,4720,-42,12627,-1813,3300,-726,73,159,1234,12648,-6859,10245,3187,-2767,-3596,10079,12648,4436,-15792,4555,-459,-690,7029,12627,2729,14995,5486,3023,1563,-6378,2,0
285,12649,-8497,-1813,711,494,4574,42,12649,-1435,3295,-714,147,207,1400,12670,-6292,10500,3592,-3496,-3596,11046,12670,3501,-15792,4615,-385,-1452,8146,12649,2196,15111,5121,3676,1590,-7031,2,0
286,12671,-8497,-1788,711,494,4574,42,12671,-1435,3295,-714,147,207,1414,12692,-6199,10500,3628,-3496,-3479,11046,12692,3501,-15681,4642,-385,-1452,8146,12671,2196,15111,5121,3699,1590,-7031,2,0
287,12693,-8497,-1788,711,494,4465,42,12693,-1435,3246,-714,147,207,1414,12714,-6199,10500,3628,-3496,-3479,11046,12714,2593,-15681,4642,-451,-2314,8146,12693,1661,14969,4841,3699,1590,-7359,2,0
288,12715,-7497,-1708,656,546,4333,-54,12715,-1151,3163,-705,191,64,1549,12736,-5783,10692,3767,-3390,-3052,11325,12736,1593,-15444,4575,-451,-2961,8689,12715,730,14818,4434,4236,1610,-7404,2,0
289,12737,-7497,-1695,656,546,4333,-54,12737,-1151,3163,-705,191,64,1549,12758,-5783,10692,3767,-2835,-2948,11325,12758,1593,-15444,4575,-379,-2961,8689,12737,730,14818,4434,4236,1610,-7404,2,0
290,12759,-7497,-1695,615,546,4333,-156,12759,-1151,3140,-707,138,-43,1549,12780,-5783,10692,3767,-2835,-2948,11224,12780,593,-15444,4525,-379,-2961,8679,12759,32,14818,3830,4236,1578,-7404,2,0
291,12781,-6497,-1701,586,523,4268,-335,12781,-878,3140,-707,98,-100,1451,12802,-5445,11500,3868,-2559,-2213,10578,12802,-407,-15565,4495,184,-2464,7681,12781,-543,14850,3164,4183,1088,-6803,2,0
292,12803,-6497,-1701,586,523,4268,-335,12803,-855,3250,-707,98,-100,1451,12824,-4842,11634,3871,-2559,-2205,10578,12824,-407,-15565,4495,184,-2284,7681,12803,-543,14966,3164,4183,1088,-6726,2,0
293,12825,-6497,-1784,586,502,4268,-470,12825,-855,3250,-709,98,-100,1286,12846,-4842,11634,3871,-2559,-2205,9739,12846,-1179,-15838,4495,184,-2284,6728,12825,-1243,14966,2785,3746,720,-6726,2,0
294,12847,-7497,-1867,978,487,4220,-470,12847,-509,3483,-732,105,-50,1071,12868,-4136,12385,4040,-2361,-1647,8361,12868,-1758,-16043,4550,451,-2042,5993,12847,-1989,15018,2500,3158,557,-6002,2,0
295,12869,-7497,-1867,1088,487,4220,-438,12869,-503,3483,-732,121,-32,1071,12890,-4136,12385,4044,-2361,-1647,8361,12890,-1758,-16043,4580,451,-2042,5993,12869,-1989,15018,2500,3158,557,-5875,2,0
296,12891,-8497,-2023,1088,487,3722,-438,12891,-503,3483,-788,121,-32,893,12912,-4136,12385,4044,-2361,-1647,6587,12912,-2192,-16043,4580,451,-2042,5345,12891,-2512,15018,2287,2591,465,-5875,2,0
297,12913,-9497,-2170,1517,520,3110,-369,12913,-310,3627,-858,185,19,741,12934,-3516,12948,4885,-1990,-331,5257,12934,-2861,-15863,4808,431,-1860,4166,12913,-2898,14936,2127,2101,396,-4799,2,0
298,12935,-9497,-2170,1551,521,3110,-284,12935,-310,3627,-858,185,27,741,12956,-3511,12948,4885,-1640,-331,5257,12956,-2861,-15863,4808,431,-1451,4166,12935,-2898,14936,2127,2101,396,-4591,2,0
299,12957,-9497,-2170,1551,521,2792,-284,12957,-310,3627,-910,185,27,594,12978,-3511,12948,4823,-1640,-331,4143,12978,-2861,-15863,4808,416,-1451,2995,12957,-3078,14936,1972,1677,396,-4591,2,0
300,12979,-8497,-2199,1914,481,2554,-155,12979,-165,3734,-945,158,15,439,13000,-2865,13607,4777,-1099,267,3501,13000,-2772,-15848,4856,416,-721,2117,12979,-3213,15162,1870,1264,724,-3412,2,0
301,13001,-8497,-2199,1979,481,2554,-87,13001,-69,3734,-945,158,15,439,13022,-2511,13607,4777,-1099,267,3501,13022,-2724,-15848,4856,430,-721,2117,13001,-3213,15162,1870,1264,724,-3412,2,0
302,13023,-9497,-2221,1979,249,2375,-87,13023,-69,3734,-946,129,-10,322,13044,-2511,13607,4777,-1099,267,2753,13044,-2724,-15854,4856,430,-721,1667,13023,-3213,15162,1793,975,724,-3412,2,0
303,13045,-10497,-2252,2440,57,2147,60,13045,148,3774,-1001,102,-27,231,13066,-1771,14054,4810,-628,356,2062,13066,-2837,-15854,5003,423,-504,1330,13045,-2998,15430,1735,861,437,-2680,2,0
304,13067,-10497,-2252,2461,57,2147,63,13067,148,3774,-1001,102,-27,231,13088,-1771,14054,4810,-559,356,2062,13088,-2837,-15841,5003,423,-504,1330,13067,-2998,15430,1735,861,437,-2680,2,0
305,13089,-11497,-2252,2461,-135,1947,63,13089,148,3774,-1042,83,-27,176,13110,-1771,14054,4810,-559,356,1539,13110,-2921,-15841,5003,400,-504,1077,13089,-2998,15430,1705,850,39,-2680,2,0
306,13111,-12497,-2220,2780,-283,1786,112,13111,249,3796,-1073,75,-32,138,13132,-1584,14419,4771,-151,404,1146,13132,-2971,-15848,4993,383,-51,690,13111,-3153,15516,1638,842,-259,-2144,2,0
307,13133,-12497,-2214,2780,-283,1786,112,13133,249,3796,-1073,75,-32,138,13154,-1584,14419,4771,-151,404,1146,13154,-2971,-15848,4993,383,11,690,13133,-3153,15516,1638,842,-259,-2144,2,0
308,13155,-13404,-2214,2780,-390,1699,112,13155,249,3796,-1073,70,-36,102,13176,-1584,14419,4742,-151,404,739,13176,-2971,-15848,4993,383,11,400,13155,-3269,15516,1588,748,-259,-2144,2,0
309,13177,-14096,-2081,3020,-439,1652,117,13177,330,3805,-1072,67,-50,75,13198,-1395,14686,4720,-64,440,443,13198,-2835,-15912,5019,417,280,192,13177,-3269,15585,1531,549,-249,-1682,2,0
310,13199,-14096,-2081,3034,-439,1652,117,13199,366,3805,-1072,67,-50,75,13220,-1395,14686,4720,-64,443,443,13220,-2825,-15912,5055,422,280,192,13199,-3234,15585,1531,549,-249,-1682,2,0
311,13221,-14622,-2081,3034,-439,1598,117,13221,366,3805,-1072,67,-51,52,13242,-1395,14686,4720,-64,443,221,13242,-2825,-15912,5055,422,280,153,13221,-3234,15585,1496,399,-261,-1682,2,0
312,13243,-15020,-2054,3278,-430,1526,122,13243,451,3802,-1105,64,-51,27,13264,-1253,14871,4789,1,381,68,13264,-2725,-15913,5102,423,142,153,13243,-3126,15636,1462,351,-347,-1359,2,0
313,13265,-15020,-2054,3344,-410,1526,122,13265,451,3802,-1105,64,-32,27,13286,-1253,14885,4789,20,381,68,13286,-2725,-15913,5102,423,142,203,13265,-3094,15657,1462,351,-347,-1359,2,0
314,13287,-15319,-2060,3344,-410,1406,122,13287,451,3796,-1130,64,-32,8,13308,-1253,14885,4789,20,334,68,13308,-2728,-15913,5098,423,38,203,13287,-3094,15657,1444,315,-391,-1359,2,0
315,13309,-15547,-2072,3588,-338,1283,126,13309,498,3792,-1158,71,-3,8,13330,-1159,15024,4816,53,334,116,13330,-2798,-15913,5098,423,38,225,13309,-3082,15694,1424,259,-391,-1055,2,0
316,13331,-15547,-2072,3588,-331,1283,133,13331,498,3792,-1158,71,-3,11,13352,-1159,15034,4816,53,492,116,13352,-2798,-15913,5128,423,92,225,13331,-3082,15713,1424,259,-386,-1041,2,0
317,13353,-15664,-2072,3588,-331,1191,133,13353,498,3792,-1179,71,-3,11,13374,-1159,15034,4816,53,492,116,13374,-2829,-15913,5128,359,92,167,13353,-3139,15713,1413,216,-386,-1041,2,0
318,13375,-15762,-2070,3743,-211,1189,141,13375,504,3814,-1194,83,18,0,13396,-1101,15149,4837,90,576,153,13396,-2838,-15903,5160,267,160,69,13375,-3201,15716,1400,184,-29,-744,2,0
319,13397,-15762,-2070,3743,-211,1189,160,13397,504,3814,-1194,84,33,0,13418,-1101,15149,4837,90,576,163,13418,-2838,-15903,5185,267,160,69,13397,-3201,15716,1400,184,-29,-744,2,0
320,13419,-15835,-2070,3743,-211,1188,160,13419,504,3814,-1196,84,33,-16,13440,-1101,15149,4837,90,561,163,13440,-2838,-15903,5185,167,130,-3,13419,-3262,15716,1391,160,-29,-744,2,0
321,13441,-15890,-2120,3889,-241,1187,142,13441,515,3826,-1198,86,51,-28,13462,-1224,15236,4844,125,469,25,13462,-2775,-15938,5193,92,107,-52,13441,-3311,15716,1345,136,-10,-522,2,0
322,13463,-15890,-2120,3896,-241,1187,142,13463,523,3826,-1198,86,51,-28,13484,-1224,15236,4844,125,469,25,13484,-2775,-15938,5193,92,107,-52,13463,-3311,15716,1345,136,-10,-522,2,0
323,13485,-15890,-2158,3896,-320,1187,129,13485,523,3826,-1198,86,46,-28,13506,-1317,15236,4801,125,428,-91,13506,-2775,-15938,5155,85,107,-89,13485,-3344,15716,1308,95,-10,-522,2,0
324,13507,-14890,-2158,4031,-393,1195,115,13507,537,3834,-1202,86,39,-25,13528,-1374,15301,4801,158,397,-178,13528,-2798,-15951,5155,80,139,-166,13507,-3369,15717,1281,58,3,-312,2,0
325,13529,-14890,-2139,4031,-393,1195,115,13529,537,3834,-1202,86,39,-17,13550,-1374,15301,4855,168,397,-178,13550,-2798,-15951,5197,80,282,-166,13529,-3369,15717,1281,58,79,-308,2,0
326,13551,-15168,-2139,4031,-460,1195,104,13551,537,3834,-1210,86,25,-17,13572,-1374,15301,4855,168,375,-243,13572,-2798,-15951,5197,57,282,-301,13551,-3369,15717,1281,30,79,-308,2,0
327,13573,-15384,-2105,4091,-521,1212,76,13573,543,3840,-1217,76,-3,-3,13594,-1273,15352,4914,201,359,-282,13594,-2693,-15948,5237,16,433,-402,13573,-3327,15739,1286,5,178,-139,2,0
328,13595,-15384,-2105,4091,-521,1212,76,13595,543,3840,-1217,76,-3,-3,13616,-1273,15364,5051,201,359,-282,13616,-2693,-15948,5237,16,433,-402,13595,-3316,15739,1292,5,178,-139,2,0
329,13617,-15546,-2105,4091,-568,1209,55,13617,543,3840,-1222,69,-27,-3,13638,-1273,15364,5051,201,359,-282,13638,-2693,-15948,5237,-36,363,-402,13617,-3316,15739,1292,0,178,-139,2,0
330,13639,-15713,-2079,4136,-602,1207,40,13639,575,3845,-1222,57,-45,4,13660,-1155,15404,5223,212,371,-256,13660,-2683,-15946,5201,-75,200,-349,13639,-3261,15762,1301,0,99,-33,2,0
331,13661,-15713,-2074,4140,-602,1207,40,13661,575,3845,-1210,57,-45,4,13682,-1155,15404,5224,212,382,-242,13682,-2683,-15946,5201,-75,200,-342,13661,-3261,15762,1301,12,99,-33,2,0
332,13683,-15837,-2074,4140,-602,1141,31,13683,575,3845,-1210,48,-45,4,13704,-1155,15404,5224,181,384,-242,13704,-2683,-15952,5173,-75,188,-342,13683,-3261,15762,1301,12,29,-33,2,0
333,13705,-15909,-2044,4144,-547,1092,25,13705,584,3849,-1197,39,-33,0,13726,-1141,15434,5354,160,390,-201,13726,-2676,-15952,5173,-57,179,-333,13705,-3298,15785,1297,-40,-23,16,2,0
334,13727,-15909,-2044,4144,-517,1092,25,13727,584,3849,-1197,39,-32,0,13748,-1141,15434,5354,160,391,-201,13748,-2624,-15952,5201,-57,179,-333,13727,-3298,15785,1297,-40,-23,16,2,0
335,13749,-15963,-2044,4144,-517,1055,25,13749,584,3849,-1197,32,-32,-3,13770,-1141,15434,5354,144,391,-201,13770,-2624,-15957,5201,-57,172,-333,13749,-3298,15785,1297,-127,-23,16,2,0
336,13771,-16037,-2044,4147,-417,977,32,13771,591,3845,-1196,29,5,-19,13792,-1033,15458,5476,122,372,-190,13792,-2572,-15979,5195,-71,128,-332,13771,-3254,15802,1308,-192,80,93,2,0
337,13793,-16037,-2044,4147,-387,977,32,13793,594,3845,-1196,29,5,-19,13814,-1020,15458,5476,122,372,-190,13814,-2501,-15979,5195,-71,128,-332,13793,-3244,15807,1310,-192,80,93,2,0
338,13815,-16092,-2054,4147,-387,913,32,13815,594,3845,-1196,29,5,-31,13836,-1020,15453,5476,122,328,-190,13836,-2501,-15996,5174,-81,54,-332,13815,-3244,15807,1310,-192,80,93,2,0
339,13837,-16147,-2087,4159,-320,857,35,13837,621,3845,-1192,30,28,-40,13858,-965,15437,5561,99,295,-143,13858,-2453,-16013,5158,-84,-4,-243,13837,-3180,15824,1349,-171,-24,94,2,0
340,13859,-16147,-2087,4159,-320,857,35,13859,621,3845,-1190,30,28,-40,13880,-965,15437,5568,99,295,-142,13880,-2453,-16013,5158,-84,-4,-242,13859,-3180,15824,1349,-144,-24,94,2,0
341,13881,-16147,-2091,4159,-320,818,25,13881,621,3845,-1190,30,28,-40,13902,-965,15421,5568,99,295,-142,13902,-2503,-16013,5158,-84,-4,-242,13881,-3197,15807,1349,-144,-102,94,2,0
342,13903,-16109,-2095,4166,-285,800,17,13903,614,3850,-1185,32,30,-26,13924,-946,15413,5628,121,385,-88,13924,-2541,-16009,5172,-81,26,-214,13903,-3209,15794,1358,-159,-102,95,2,0
343,13925,-16109,-2097,4166,-285,800,17,13925,614,3850,-1185,32,30,-23,13946,-946,15413,5628,121,430,-83,13946,-2541,-16009,5172,-81,48,-214,13925,-3209,15794,1358,-159,-3,127,2,0
344,13947,-16123,-2095,4156,-285,800,17,13947,609,3850,-1185,32,26,-23,13968,-946,15413,5628,121,430,-83,13968,-2541,-16009,5172,-81,48,-214,13947,-3209,15794,1358,-170,-3,127,2,0
345,13969,-16162,-2098,4142,-259,812,39,13969,609,3859,-1180,32,22,-14,13990,-903,15433,5672,132,548,-58,13990,-2509,-16006,5173,-83,37,-193,13969,-3195,15801,1357,-170,44,152,2,0
346,13991,-16162,-2098,4142,-259,852,39,13991,613,3859,-1175,32,22,-14,14012,-903,15435,5672,137,548,-58,14012,-2509,-15993,5173,-83,37,-191,13991,-3195,15805,1357,-167,44,152,2,0
347,14013,-16204,-2100,4142,-259,852,39,14013,613,3859,-1175,32,22,-14,14034,-903,15435,5672,137,548,-58,14034,-2509,-15993,5160,-83,29,-191,14013,-3195,15805,1357,-167,18,152,2,0
348,14035,-16236,-2134,4154,-281,883,47,14035,620,3858,-1168,32,23,-15,14056,-884,15459,5705,164,555,-56,14056,-2485,-16000,5151,-71,29,-160,14035,-3195,15809,1367,-153,-1,169,2,0
349,14057,-16236,-2134,4159,-281,883,47,14057,620,3858,-1168,33,23,-15,14498,-884,15459,5705,164,555,-56,14498,-2485,-16000,5151,-46,56,-156,14057,-3195,15809,1367,-153,-1,169,3,0
350,14499,-16247,-2134,4159,-298,877,47,14499,620,3857,-1168,33,23,-15,14520,-884,15459,5705,164,555,-56,14520,-2485,-16006,5151,-46,56,-156,14499,-3195,15809,1367,-153,-1,169,3,0
351,14521,-16254,-2133,4187,-311,873,51,14521,620,3857,-1170,34,24,-12,14542,-942,15477,5717,167,558,-69,14542,-2484,-16006,5168,-20,100,-128,14521,-3208,15810,1333,-151,56,177,3,0
352,14543,-16254,-2118,4187,-311,873,53,14543,620,3857,-1170,34,24,-12,14564,-942,15477,5717,167,558,-69,14564,-2484,-16000,5169,-20,100,-128,14543,-3208,15810,1333,-151,56,177,3,0
353,14565,-16259,-2118,4187,-325,873,53,14565,619,3857,-1172,34,24,-12,14586,-985,15477,5717,166,558,-86,14586,-2484,-16000,5169,-20,100,-128,14565,-3213,15810,1307,-151,56,172,3,0
354,14587,-16264,-2103,4209,-336,889,61,14587,618,3857,-1176,35,23,-11,14608,-985,15495,5715,165,560,-99,14608,-2474,-15991,5190,-8,121,-103,14587,-3216,15817,1303,-150,94,159,3,0
355,14609,-16264,-2103,4211,-336,894,62,14609,618,3857,-1176,35,23,-11,14630,-969,15495,5715,165,569,-99,14630,-2474,-15991,5190,-8,121,-103,14609,-3216,15817,1303,-150,94,159,3,0
356,14631,-16267,-2103,4211,-336,894,62,14631,618,3856,-1178,35,23,-11,14652,-969,15495,5714,154,569,-99,14652,-2474,-15991,5190,-8,113,-103,14631,-3216,15817,1302,-150,94,149,3,0
357,14653,-16267,-2094,4235,-314,909,69,14653,621,3856,-1180,36,25,-13,14674,-957,15509,5714,147,573,-84,14674,-2478,-15984,5187,-6,107,-68,14653,-3205,15833,1300,-143,50,121,3,0
358,14675,-16262,-2094,4264,-314,909,69,14675,621,3858,-1180,36,27,-13,14696,-957,15509,5717,147,573,-81,14696,-2478,-15984,5187,-6,107,-68,14675,-3205,15833,1300,-136,50,121,3,0
359,14697,-16262,-2094,4264,-314,909,68,14697,621,3858,-1180,36,27,-14,14718,-957,15504,5717,147,573,-81,14718,-2486,-15984,5187,-6,107,-68,14697,-3205,15833,1299,-136,39,106,3,0
360,14719,-16259,-2108,4289,-319,909,65,14719,611,3858,-1184,36,32,-15,14740,-951,15497,5729,142,563,-78,14740,-2504,-15979,5212,-3,123,-52,14719,-3213,15834,1287,-129,39,94,3,0
361,14741,-16259,-2108,4289,-319,909,65,14741,611,3858,-1184,36,32,-15,14762,-951,15497,5742,142,563,-78,14762,-2504,-15979,5212,-3,127,-52,14741,-3213,15834,1287,-129,40,94,3,0
362,14763,-16259,-2119,4289,-328,909,63,14763,606,3858,-1184,36,32,-15,14784,-957,15494,5742,142,563,-79,14784,-2511,-15979,5212,-3,127,-52,14763,-3223,15834,1278,-129,40,88,3,0
363,14785,-16249,-2119,4297,-335,912,63,14785,606,3858,-1183,36,31,-14,14806,-976,15492,5756,132,539,-84,14806,-2511,-15981,5209,-1,189,-49,14785,-3241,15836,1271,-123,44,85,3,0
364,14807,-16249,-2118,4297,-335,928,70,14807,608,3858,-1183,36,31,-14,14828,-976,15492,5761,132,539,-84,14828,-2489,-15981,5209,-1,189,-49,14807,-3241,15838,1271,-123,44,85,3,0
365,14829,-16249,-2118,4297,-335,928,70,14829,608,3858,-1183,36,31,-15,14850,-991,15491,5761,132,520,-88,14850,-2489,-15981,5206,-1,189,-49,14829,-3254,15839,1269,-123,44,83,3,0
366,14851,-16241,-2117,4320,-327,932,62,14851,612,3856,-1185,36,32,-15,14872,-1007,15490,5770,148,505,-91,14872,-2485,-15972,5203,0,192,-39,14851,-3262,15837,1269,-120,47,81,3,0
367,14873,-16241,-2112,4320,-327,932,62,14873,612,3856,-1185,36,34,-15,14894,-1007,15490,5770,148,505,-91,14894,-2485,-15972,5203,1,192,-39,14873,-3262,15837,1269,-120,52,81,3,0
368,14895,-16241,-2112,4320,-328,911,53,14895,612,3854,-1186,36,34,-15,14916,-1007,15489,5770,141,505,-91,14916,-2485,-15976,5201,1,192,-39,14895,-3262,15837,1272,-120,52,75,3,0
369,14917,-16228,-2104,4325,-337,895,43,14917,606,3854,-1187,36,37,-13,14938,-1019,15486,5785,136,515,-66,14938,-2524,-15980,5201,5,194,-53,14917,-3268,15839,1272,-115,44,63,3,0
370,14939,-16216,-2104,4325,-337,895,43,14939,606,3858,-1187,36,37,-13,14960,-1019,15486,5785,136,515,-66,14960,-2524,-15980,5207,5,202,-53,14939,-3268,15830,1275,-104,44,63,3,0
371,14961,-16216,-2104,4325,-344,895,43,14961,601,3858,-1187,36,37,-13,14982,-1019,15486,5785,136,515,-66,14982,-2524,-15980,5207,3,202,-58,14961,-3279,15832,1275,-104,44,54,3,0
372,14983,-16207,-2114,4328,-354,915,48,14983,597,3864,-1187,36,34,-10,15004,-1016,15480,5801,144,503,-84,15004,-2511,-15977,5224,-10,160,-62,14983,-3287,15832,1275,-115,59,54,3,0
373,15005,-16216,-2114,4328,-354,916,50,15005,597,3864,-1187,36,34,-10,15026,-1016,15480,5801,144,503,-84,15026,-2511,-15975,5240,-10,160,-62,15005,-3287,15834,1277,-115,59,69,3,0
374,15027,-16216,-2114,4328,-354,916,50,15027,597,3864,-1187,36,32,-10,15048,-1032,15477,5792,144,503,-84,15048,-2511,-15975,5240,-20,114,-62,15027,-3292,15834,1277,-123,59,69,3,0
375,15049,-16230,-2108,4346,-342,901,61,15049,597,3863,-1186,36,31,-9,15070,-1049,15474,5783,144,504,-79,15070,-2501,-15973,5265,-27,79,-43,15049,-3292,15827,1279,-135,74,90,3,0
376,15071,-16230,-2108,4346,-337,901,61,15071,597,3863,-1186,36,31,-9,15092,-1049,15474,5783,144,509,-75,15092,-2501,-15973,5265,-27,79,-43,15071,-3286,15827,1279,-135,74,94,3,0
377,15093,-16240,-2108,4346,-337,889,61,15093,597,3863,-1186,36,30,-9,15114,-1061,15474,5773,144,509,-75,15114,-2501,-15973,5263,-32,79,-43,15093,-3286,15822,1279,-144,74,94,3,0
378,15115,-16242,-2124,4339,-333,889,63,15115,597,3863,-1185,38,29,-8,15136,-1061,15483,5765,129,557,-61,15136,-2516,-15960,5263,-36,115,-50,15115,-3284,15818,1287,-150,85,109,3,0
379,15137,-16242,-2124,4339,-333,896,63,15137,597,3863,-1185,38,29,-6,15158,-1025,15492,5765,129,557,-61,15158,-2516,-15936,5266,-36,140,-50,15137,-3284,15818,1295,-150,85,109,3,0
380,15159,-16242,-2136,4305,-333,896,62,15159,595,3863,-1185,38,29,-6,15180,-1025,15492,5759,121,557,-61,15180,-2528,-15936,5266,-42,140,-59,15159,-3284,15815,1295,-150,61,109,3,0
381,15181,-16231,-2145,4267,-339,946,61,15181,593,3863,-1185,39,29,-5,15202,-995,15507,5755,115,593,-72,15202,-2567,-15909,5268,-61,254,-115,15181,-3321,15793,1302,-141,-132,50,3,0
382,15203,-16230,-2145,4267,-339,969,61,15203,593,3863,-1185,39,31,-5,15224,-995,15507,5755,115,612,-72,15224,-2567,-15909,5268,-61,274,-115,15203,-3321,15793,1302,-134,-132,50,3,0
383,15225,-16230,-2151,4237,-378,969,61,15225,584,3863,-1185,39,31,-7,15246,-995,15507,5752,107,612,-80,15246,-2596,-15909,5268,-83,274,-191,15225,-3352,15773,1302,-134,-306,2,3,0
384,15247,-16219,-2156,4209,-449,1121,64,15247,568,3864,-1185,40,20,-14,15268,-1089,15494,5724,74,654,-243,15268,-2609,-15909,5290,-117,549,-374,15247,-3382,15699,1307,-130,-476,-33,3,0
385,15269,-16218,-2156,4209,-449,1253,64,15269,568,3864,-1159,40,20,-14,15290,-1089,15494,5724,74,821,-243,15290,-2609,-15909,5290,-117,549,-374,15269,-3382,15699,1301,-130,-476,-33,3,0
386,15291,-16218,-2156,4170,-502,1253,64,15291,554,3864,-1159,39,-1,-25,15312,-1192,15494,5656,48,821,-373,15312,-2714,-15927,5290,-182,549,-534,15291,-3405,15651,1295,-135,-644,-33,3,0
387,15313,-16112,-2153,4051,-560,1554,57,15313,494,3891,-1140,38,-29,-61,15334,-1309,15499,5593,0,1388,-807,15334,-2927,-15941,5287,-379,381,-796,15313,-3462,15615,1261,-200,-770,148,3,0
388,15335,-15959,-2138,4051,-560,1554,57,15335,494,3891,-1131,38,-29,-61,15356,-1309,15510,5593,0,1388,-807,15356,-2927,-15941,5287,-379,381,-796,15335,-3462,15615,1261,-200,-770,238,3,0
389,15357,-15959,-2138,3962,-629,1554,39,15357,432,3891,-1131,38,-36,-109,15378,-1467,15510,5557,0,1388,-1433,15378,-3368,-15953,5280,-527,343,-1269,15357,-3534,15562,1231,-249,-864,238,3,0
390,15379,-15755,-2124,3708,-765,1375,15,15379,344,3908,-1110,41,-41,-222,15400,-2028,15511,5514,76,-467,-3020,15400,-3827,-15988,5112,-648,343,-2508,15379,-3719,15501,1121,-572,-864,665,3,0
391,15401,-15755,-2124,3708,-765,1375,15,15401,344,3908,-1052,41,-41,-222,15422,-2028,15511,5514,77,-467,-3020,15422,-3827,-15988,5112,-648,530,-2508,15401,-3719,15501,1121,-572,-767,869,3,0
392,15423,-15755,-2124,3391,-874,1008,-93,15423,180,3908,-1052,35,-41,-359,15444,-2826,15395,5295,77,-1858,-4932,15444,-4036,-16111,4835,-648,530,-4040,15423,-3920,15442,924,-1063,-767,869,3,0
393,15445,-15602,-2324,3083,-1059,-276,-237,15445,-19,3887,-982,21,20,-599,15466,-3826,14798,4988,149,-1900,-6932,15466,-4036,-16111,4627,-589,997,-6040,15445,-4190,15358,682,-2226,-189,2015,3,0
394,15467,-14755,-2324,3083,-1059,-276,-237,15467,-19,3887,-975,21,20,-599,15488,-3826,14798,4988,158,-1900,-6932,15488,-3718,-16107,4627,-332,1298,-6040,15467,-4190,15358,682,-2226,13,2612,3,0
395,15489,-14755,-2385,2852,-1167,-1815,-266,15489,-19,3791,-975,-24,20,-851,15510,-3847,14350,4506,158,-1900,-8932,15510,-3718,-16107,4627,-332,1298,-7933,15489,-4190,15254,682,-3572,13,2612,3,0
396,15511,-13755,-2385,2679,-1248,-3506,-266,15511,50,3703,-930,-96,-2,-1185,15532,-3863,13350,4396,378,-5,-10932,15532,-2718,-15694,4764,-3,1082,-8867,15511,-3516,14922,1006,-4581,651,4612,3,0
397,15533,-13755,-2355,2679,-1248,-3506,178,15533,50,3703,-925,-96,-2,-1185,15554,-3863,13350,4396,1171,-5,-10932,15554,-2718,-15694,4764,-3,1082,-8867,15533,-3378,14922,1559,-4581,651,4612,3,0
398,15555,-13755,-2355,2679,-1431,-4774,178,15555,50,3532,-925,-206,-31,-1349,15576,-3863,13350,4396,1171,-5,-12165,15576,-2718,-15694,4764,-243,85,-9476,15555,-3378,14718,1559,-4621,561,4612,3,0
399,15577,-12755,-1886,2687,-2092,-5555,-72,15577,-40,3318,-937,-304,-85,-1472,15598,-3294,12991,4981,2194,1631,-13090,15598,-1718,-15871,4716,-423,-662,-9933,15577,-2560,14435,2304,-4621,-518,5340,3,0
400,15599,-12755,-1886,2785,-2092,-5555,-72,15599,-40,3318,-945,-304,-85,-1472,15620,-3294,12991,4981,2571,1631,-13090,15620,-1718,-15871,4716,-423,-662,-9933,15599,-2560,14435,2307,-4453,-518,5340,3,0
401,15621,-12755,-1886,2785,-2213,-5661,-259,15621,-153,3157,-946,-314,-110,-1559,15642,-4169,12722,4905,2571,1631,-14714,15642,-1718,-15908,4680,-463,-662,-10296,15621,-2560,14271,2307,-4453,-1327,5340,3,0
402,15643,-11755,-1777,2981,-2250,-5741,-259,15643,-278,3035,-946,-321,-156,-1634,15664,-5169,11722,4765,3244,2107,-15932,15664,-718,-15909,4542,-463,-601,-10548,15643,-2076,14148,2868,-4603,-1869,6275,3,0
403,15665,-11755,-1777,2981,-2250,-5741,-70,15665,-278,3035,-931,-321,-156,-1634,15686,-5169,11722,4765,3244,2107,-15932,15686,-718,-15909,4542,-421,-257,-10548,15665,-2076,14148,2868,-4603,-1869,6275,3,0
404,15687,-11755,-1777,2830,-2250,-5801,-70,15687,-434,2991,-931,-325,-187,-1703,15708,-6169,10843,4149,2609,1904,-15944,15708,-718,-15909,4542,-421,-257,-10548,15687,-2076,14148,2868,-4716,-2074,6275,3,0
405,15709,-10755,-1695,2601,-2187,-5801,-438,15709,-675,2958,-861,-328,-210,-1755,15730,-7169,10184,3687,2133,1752,-15944,15730,282,-15515,4549,-389,-615,-10278,15709,-1076,14640,3305,-4801,-2228,6342,3,0
406,15731,-10755,-1581,2601,-2187,-4904,-438,15731,-675,2958,-861,-328,-210,-1755,15752,-7169,10184,3687,2133,1752,-15936,15752,282,-15515,4549,-209,-615,-9899,15731,-1076,14640,3338,-4801,-2228,6342,3,0
407,15753,-11712,-1581,2429,-2187,-4904,-714,15753,-855,2958,-861,-328,-210,-1769,15774,-7648,9795,3373,1881,1638,-15936,15774,282,-15515,4549,-209,-883,-9899,15753,-1076,14640,3338,-4801,-2228,6342,3,0
408,15775,-12430,-1434,2116,-1953,-4124,-714,15775,-1313,3024,-850,-182,-65,-1774,15796,-8008,9503,3264,1692,1596,-15695,15796,1282,-15387,4592,-132,-883,-8895,15775,-76,14815,4013,-4599,-1996,6047,3,0
409,15797,-12430,-1434,2116,-1638,-4124,-577,15797,-1313,3024,-850,-180,-65,-1774,15818,-8008,9503,3264,1692,1596,-15695,15818,1282,-15387,4592,-74,-864,-8889,15797,-76,14815,4254,-4489,-1717,6047,3,0
410,15819,-12684,-1860,1501,-1638,-4124,-577,15819,-1657,3024,-858,-180,-65,-1774,15840,-9008,9245,3183,1374,1564,-15695,15840,1282,-15387,4592,-74,-864,-8889,15819,-76,14744,4254,-4489,-1717,5561,3,0
411,15841,-12875,-2180,857,-1326,-3924,-494,15841,-2048,3071,-871,-65,43,-1738,15862,-9008,8939,3106,958,707,-15037,15862,2282,-15291,4625,-187,-975,-7902,15841,924,14691,5004,-4086,-1361,5130,3,0
412,15863,-12875,-2180,857,-1326,-3924,-494,15863,-2048,3071,-871,-57,43,-1697,15884,-8008,8939,3106,958,707,-14755,15884,2282,-15070,4625,-187,-975,-7759,15863,924,14688,5004,-3950,-1361,5130,3,0
413,15885,-12902,-2192,339,-1326,-3924,-494,15885,-2317,3071,-880,-57,43,-1697,15906,-8008,8671,3036,771,534,-14755,15906,2282,-15044,4625,-198,-1132,-7759,15885,924,14669,5004,-3950,-1361,4806,3,0
414,15907,-12902,-2201,-102,-1092,-3521,-433,15907,-2640,3079,-898,35,114,-1592,15928,-7008,8286,2764,771,404,-13626,15928,3282,-14872,4607,-198,-1250,-6636,15907,1924,14652,5234,-3420,-1122,4452,3,0
415,15929,-12844,-2201,-102,-963,-3521,-433,15929,-2640,3079,-898,35,114,-1586,15950,-7008,8286,2764,811,404,-13525,15950,3282,-14787,4607,-170,-1250,-6493,15929,1924,14652,5234,-3351,-1094,4452,3,0
416,15951,-12844,-2201,-666,-963,-3521,-433,15951,-2882,3079,-912,35,114,-1586,15972,-7008,7670,2560,811,404,-13525,15972,3282,-14787,4607,-170,-1260,-6493,15951,1924,14640,5234,-3351,-1094,4006,3,0
417,15973,-12565,-2121,-1326,-690,-2883,-550,15973,-3125,2990,-935,70,149,-1476,15994,-6008,7164,2506,1078,534,-12278,15994,4282,-14614,4611,-37,-1263,-5469,15973,2816,14486,5406,-2805,-313,3514,3,0
418,15995,-12565,-2121,-1326,-690,-2669,-550,15995,-3125,2990,-935,70,149,-1474,16016,-6008,7164,2506,1078,626,-12084,16016,4282,-14597,4667,-37,-1263,-5437,15995,2816,14486,5455,-2776,-313,3514,3,0
419,16017,-12565,-2121,-1821,-690,-2669,-638,16017,-3315,2924,-989,70,149,-1474,16038,-6008,6785,2465,1078,626,-12084,16038,4282,-14597,4667,-37,-1263,-5437,16017,2816,14321,5455,-2776,-313,3128,3,0
420,16039,-12327,-2120,-2211,-482,-1957,-646,16039,-3486,2874,-1072,85,176,-1363,16060,-5008,6421,2339,1128,793,-10371,16060,5282,-14467,4656,-157,-1215,-4443,16039,3485,14246,5763,-2326,-97,2765,3,0
421,16061,-12126,-2120,-2211,-482,-1957,-646,16061,-3486,2874,-1072,85,176,-1316,16082,-5008,6421,2339,1128,793,-10084,16082,5282,-14458,4656,-157,-1120,-4424,16061,3547,14246,5763,-2273,-97,2765,3,0
422,16083,-12126,-2120,-2309,-482,-1957,-646,16083,-3619,2808,-1113,85,151,-1316,16104,-5008,5982,2232,1095,793,-10084,16104,5282,-14458,4539,-326,-1120,-4424,16083,3547,14232,5763,-2273,-97,2492,3,0
423,16105,-11886,-2120,-2486,-411,-1355,-547,16105,-3734,2744,-1115,101,133,-1111,16126,-4008,5651,2049,834,825,-8084,16126,6144,-14354,4354,-453,-981,-3561,16105,4095,14232,5821,-1724,-229,2273,3,0
424,16127,-11886,-2099,-2486,-411,-1355,-547,16127,-3734,2744,-1115,101,133,-1077,16148,-4008,5651,2049,834,825,-8084,16148,6144,-14354,4354,-453,-981,-3561,16127,4134,14232,5821,-1724,-229,2273,3,0
425,16149,-11886,-2099,-2582,-411,-1355,-547,16149,-3820,2652,-1115,101,121,-1077,16170,-4008,5367,1870,622,825,-8084,16170,6144,-14354,4235,-520,-981,-3561,16149,4134,14222,5821,-1724,-328,2050,3,0
426,16171,-11960,-2076,-2676,-317,-1110,-468,16171,-3869,2583,-1112,90,112,-847,16192,-3008,5154,1736,410,763,-6084,16192,6791,-14283,4146,-571,-837,-2877,16171,4636,14135,5848,-1361,-328,1765,3,0
427,16193,-11960,-2073,-2676,-270,-1110,-401,16193,-3869,2583,-1099,90,112,-816,16214,-3008,5154,1736,410,763,-6084,16214,6829,-14283,4146,-571,-752,-2792,16193,4636,14135,5848,-1361,-77,1765,3,0
428,16215,-12063,-2073,-2762,-270,-1110,-401,16215,-3869,2537,-1098,35,70,-816,16236,-3008,5037,1701,248,615,-6084,16236,6829,-14283,4079,-609,-752,-2792,16215,4636,14070,5848,-1361,-77,1544,3,0
429,16237,-12288,-2032,-2894,-198,-1205,-281,16237,-3869,2506,-1089,-5,39,-548,16258,-2008,4984,1674,35,504,-4084,16258,7430,-14181,4025,-631,-512,-2078,16237,4889,13984,5995,-1177,356,1349,3,0
430,16259,-12288,-2022,-2894,-198,-1205,-281,16259,-3869,2506,-1088,-5,39,-526,16280,-2008,4984,1674,35,504,-4084,16280,7449,-14181,4025,-631,-453,-2069,16259,4931,13984,5995,-1177,356,1349,3,0
431,16281,-12457,-2022,-3005,-198,-1205,-281,16281,-3869,2506,-1088,-41,24,-526,16302,-2008,4984,1674,-124,421,-4084,16302,7449,-14181,4017,-631,-453,-2069,16281,4931,13920,5995,-1177,356,1176,3,0
432,16303,-12490,-2025,-3076,-192,-856,-202,16303,-3869,2510,-1081,-70,13,-251,16324,-1008,5162,1710,-238,316,-2084,16324,7889,-14093,4017,-595,-182,-1400,16303,5189,13809,6127,-1015,525,995,3,0
433,16325,-12490,-2025,-3076,-192,-512,-202,16325,-3866,2513,-1081,-70,13,-225,16346,-1008,5261,1710,-238,316,-2084,16346,7889,-14093,4031,-539,-139,-1313,16325,5272,13809,6127,-952,525,995,3,0
434,16347,-12515,-2027,-3076,-192,-512,-202,16347,-3866,2513,-1081,-95,2,-225,16368,-1008,5261,1710,-293,190,-2084,16368,7889,-14093,4031,-539,-139,-1313,16347,5272,13809,6127,-952,525,789,3,0
435,16369,-12631,-2029,-3051,-185,708,-170,16369,-3827,2581,-1067,-122,-2,32,16390,-8,5666,1770,-335,-59,-84,16390,8108,-14104,4042,-380,104,-563,16369,5482,13769,6266,-589,496,461,3,0
436,16391,-12631,-2029,-3051,-165,708,-170,16391,-3819,2594,-1067,-122,-2,50,16412,-8,5669,1770,-335,-59,-84,16412,8108,-14104,4042,-371,109,-473,16391,5544,13769,6266,-573,496,461,3,0
437,16413,-12730,-2029,-3051,-165,708,-170,16413,-3819,2594,-1067,-141,-2,50,16434,-8,5669,1770,-335,-236,-84,16434,8108,-14113,4042,-371,109,-473,16413,5544,13769,6266,-573,470,165,3,0
438,16435,-12940,-2018,-2957,-132,1391,-83,16435,-3728,2678,-1033,-155,16,297,16456,-1008,6394,1835,-326,-368,1916,16456,8254,-14133,4102,-278,383,321,16435,5590,13818,6348,-259,445,-105,3,0
439,16457,-12940,-2018,-2864,-69,1391,-80,16457,-3708,2710,-1032,-155,17,309,16478,-1008,6480,1835,-267,-368,1916,16478,8254,-14133,4116,-278,419,440,16457,5590,13818,6348,-259,445,-105,3,0
440,16479,-13131,-2018,-2864,-22,1391,-80,16479,-3708,2710,-1032,-166,17,309,16500,-2008,6480,1835,-267,-599,1916,16500,8254,-14148,4116,-278,419,440,16479,5590,13818,6348,-259,426,-331,3,0
441,16501,-13632,-2082,-2647,-22,1936,75,16501,-3587,2806,-989,-170,34,530,16522,-3008,7128,1895,-135,-844,3916,16522,8273,-14242,4144,-248,754,1312,16501,5624,13855,6405,-134,426,-752,3,0
442,16523,-13632,-2082,-2536,-7,1989,86,16523,-3547,2812,-985,-170,34,540,16544,-3008,7168,1895,-116,-844,3916,16544,8273,-14242,4144,-248,754,1373,16523,5624,13855,6405,-134,626,-752,3,0
443,16545,-14081,-2082,-2536,-7,1989,86,16545,-3547,2812,-985,-170,34,540,16566,-4008,7168,1895,-116,-1028,3916,16566,8273,-14306,4144,-249,754,1373,16545,5624,13855,6405,-134,626,-1236,3,0
444,16567,-14465,-2045,-2008,-16,2774,152,16567,-3348,2895,-925,-170,41,729,16588,-5008,7812,2105,48,-1115,5898,16588,8130,-14363,4143,-287,908,2259,16567,5580,13902,6543,241,916,-1801,3,0
445,16589,-14465,-2045,-1942,-16,2938,152,16589,-3306,2895,-924,-164,41,736,16610,-5008,7853,2130,99,-1115,5916,16610,8130,-14363,4143,-287,908,2356,16589,5580,13902,6543,348,916,-1801,3,0
446,16611,-14465,-2045,-1942,-23,2938,152,16611,-3306,2895,-924,-164,41,736,16632,-6008,7853,2130,99,-1171,5916,16632,8002,-14406,4143,-287,908,2356,16611,5514,13902,6543,348,916,-2371,3,0
447,16633,-13465,-2017,-1245,-26,3672,147,16633,-3065,2957,-875,-158,57,888,16654,-6974,8527,2322,-60,-1213,7587,16654,7680,-14596,4157,-251,885,3356,16633,5317,13993,6533,1056,950,-2919,3,0
448,16655,-13465,-2017,-1236,-28,3691,147,16655,-2982,2974,-875,-156,59,888,16676,-6974,8619,2393,-60,-1213,7732,16676,7680,-14596,4266,-251,885,3485,16655,5317,13993,6533,1235,950,-2919,3,0
449,16677,-13465,-2017,-1236,-28,3691,137,16677,-2982,2974,-875,-156,59,888,16698,-7392,8619,2393,-180,-1253,7732,16698,7303,-14747,4266,-251,790,3485,16677,5131,13993,6508,1235,950,-3476,3,0
450,16699,-12465,-1992,-692,-30,3954,129,16699,-2632,3045,-838,-109,71,1030,16720,-7559,9290,2590,-569,-1779,9128,16720,7011,-15004,4248,-224,626,4568,16699,4904,14250,6453,2051,975,-4018,3,0
451,16721,-12465,-1952,-543,-30,3954,129,16721,-2564,3050,-826,-89,73,1038,16742,-7559,9619,2590,-569,-1779,9262,16742,7011,-15004,4248,-224,626,4708,16721,4904,14259,6453,2120,1042,-4018,3,0
452,16743,-12465,-1952,-543,-30,3946,122,16743,-2564,3050,-826,-89,73,1038,16764,-7559,9619,2590,-1005,-2196,9262,16764,6582,-15241,4211,-224,408,4708,16743,4644,14259,6147,2120,1042,-4609,3,0
453,16765,-11465,-1841,85,29,3926,117,16765,-2175,3181,-773,5,89,1165,16786,-7423,10618,2732,-1419,-2668,10504,16786,6095,-15442,4188,-95,131,5969,16765,4150,14637,5857,2933,1181,-5399,3,0
454,16787,-11465,-1699,135,118,3926,117,16787,-2116,3202,-773,5,118,1170,16808,-7348,10618,2732,-1419,-2668,10504,16808,6095,-15442,4188,-78,131,6154,16787,4150,14637,5857,2959,1181,-5399,3,0
455,16809,-11465,-1699,135,118,3774,117,16809,-2116,3202,-773,5,118,1170,16830,-7348,10618,2732,-1642,-3022,10504,16830,5660,-15507,4188,-78,-238,6154,16809,3672,14637,5574,2959,1181,-6169,3,0
456,16831,-10465,-1474,709,469,3628,170,16831,-1706,3325,-734,54,172,1289,16852,-6954,10989,2909,-1897,-3355,11430,16852,5174,-15556,4385,137,-802,7471,16831,3238,14843,5315,3613,1459,-6949,3,0
457,16853,-10465,-1474,709,581,3628,224,16853,-1669,3325,-734,54,172,1301,16874,-6926,10989,2941,-1897,-3355,11479,16874,5174,-15556,4385,137,-802,7571,16853,3238,14843,5315,3613,1479,-6949,3,0
458,16875,-10465,-1474,709,581,3547,224,16875,-1669,3325,-734,54,172,1301,16896,-6926,10989,2941,-3184,-3355,11479,16896,4234,-15593,4385,137,-1314,7571,16875,2759,14843,5033,3613,1479,-7539,3,0
459,16897,-9465,-1373,740,1003,3493,293,16897,-1334,3214,-753,97,171,1427,16918,-6255,11106,3360,-4149,-2820,12349,16918,3374,-15593,4532,86,-2142,8492,16897,1904,14998,4665,4189,1682,-7982,3,0
460,16919,-9465,-1373,740,1007,3493,293,16919,-1334,3214,-753,98,171,1437,16940,-6255,11106,3449,-4149,-2626,12349,16940,3374,-15284,4532,86,-2142,8492,16919,1904,14998,4665,4256,1682,-7982,3,0
461,16941,-9465,-1373,740,1007,3453,293,16941,-1334,3129,-761,98,165,1437,16962,-6255,11106,3449,-4149,-2626,12349,16962,2420,-15284,4532,78,-2763,8492,16941,1056,14975,4298,4256,1590,-7982,3,0
462,16963,-8465,-1344,760,1323,3453,345,16963,-1126,3067,-761,143,80,1506,16984,-5807,11194,3741,-3096,-1817,11836,16984,1420,-15053,4440,78,-2763,8392,16963,139,14723,3677,4606,1397,-7867,3,0
463,16985,-8465,-1344,760,1323,3523,345,16985,-1126,3067,-701,143,80,1506,17006,-5807,11288,3741,-3096,-1817,11836,17006,1420,-15053,4440,173,-2520,8392,16985,139,14723,3677,4606,1397,-7517,3,0
464,17007,-8465,-1354,760,1323,3523,345,17007,-1126,3067,-701,103,16,1506,17028,-5807,11288,3741,-3096,-1817,11162,17028,420,-15226,4440,173,-2520,7932,17007,-568,14680,2924,4565,1164,-7517,3,0
465,17029,-7465,-1562,793,1145,3982,139,17029,-857,3105,-717,73,-4,1337,17050,-5312,12288,4001,-2618,-1767,9496,17050,-441,-15507,4505,512,-2036,7068,17029,-1155,14680,2360,3809,719,-6723,3,0
466,17051,-7465,-1562,809,1145,3982,139,17051,-762,3299,-717,73,-4,1337,17072,-5123,12288,4260,-2618,-1767,9496,17072,-441,-15507,4515,512,-2036,7068,17051,-1155,14784,2360,3809,719,-6467,3,0
467,17073,-8465,-1853,809,999,3982,-23,17073,-762,3299,-733,73,-4,1117,17094,-5123,12288,4260,-2618,-1767,7865,17094,-1086,-15718,4515,512,-2036,6243,17073,-1595,14784,2140,3110,385,-6467,3,0
468,17095,-9465,-2097,1516,902,3481,-136,17095,-482,3508,-791,128,36,913,17116,-4123,13130,4650,-2218,-1317,6418,17116,-1631,-15742,4571,493,-1849,5455,17095,-1925,15115,2044,2488,134,-5327,3,0
469,17117,-9465,-2097,1516,902,3481,-136,17117,-482,3508,-791,146,44,913,17138,-4123,13130,4753,-2012,-1309,6418,17138,-1631,-15742,4743,493,-1849,5455,17117,-1925,15115,2044,2488,134,-5201,3,0
470,17139,-10427,-2205,1516,902,3092,-136,17139,-482,3508,-835,146,44,717,17160,-4123,13130,4753,-2012,-1309,5309,17160,-2028,-15753,4743,440,-1849,4665,17139,-2172,15115,1985,1981,134,-5201,3,0
471,17161,-11427,-2286,1865,1032,2746,-59,17161,-354,3628,-882,131,74,562,17182,-3320,13595,4950,-1308,-731,4442,17182,-2257,-15761,4785,400,-1302,3643,17161,-2391,15140,1927,1601,315,-4200,3,0
472,17183,-11427,-2286,1865,1032,2746,-59,17183,-354,3628,-882,131,80,562,17204,-3320,13660,4950,-1256,-731,4442,17204,-2257,-15761,4834,400,-1261,3643,17183,-2391,15140,1927,1601,315,-4172,3,0
473,17205,-12427,-2347,1865,766,2471,-59,17205,-354,3628,-914,104,80,431,17226,-3320,13660,4950,-1256,-731,3685,17226,-2287,-15853,4842,400,-1261,2744,17205,-2586,15140,1768,1218,315,-4172,3,0
474,17227,-13300,-2477,2126,214,2251,-59,17227,-216,3713,-941,84,80,327,17248,-2653,14114,5098,-957,-191,2783,17248,-2287,-15922,4871,441,-772,2069,17227,-2701,15159,1649,789,700,-3210,3,0
475,17249,-13300,-2477,2322,214,2251,-59,17249,-156,3713,-941,84,80,327,17270,-2650,14211,5098,-957,-178,2783,17270,-2138,-15922,4916,441,-772,2069,17249,-2701,15159,1649,789,783,-3128,3,0
476,17271,-13955,-2574,2322,-199,2085,-59,17271,-156,3713,-961,69,59,249,17292,-2650,14211,5098,-957,-178,2021,17292,-2138,-15974,4916,354,-772,1674,17271,-2701,15159,1638,468,783,-3128,3,0
477,17293,-14433,-2574,2813,-353,1921,-9,17293,25,3758,-993,52,35,192,17314,-2025,14536,5314,-732,29,1449,17314,-2356,-16010,4883,254,-495,1378,17293,-2572,15415,1630,458,673,-2417,3,0
478,17315,-14433,-2495,2813,-353,1921,-8,17315,25,3758,-993,52,35,192,17336,-2025,14536,5314,-495,29,1449,17336,-2356,-16010,4883,254,-495,1378,17315,-2572,15415,1630,458,673,-2417,3,0
479,17337,-14712,-2495,2813,-436,1782,-8,17337,25,3758,-1006,39,17,152,17358,-2025,14536,5314,-495,29,1196,17358,-2520,-16037,4843,184,-495,1152,17337,-2572,15415,1624,451,69,-2417,3,0
480,17359,-15024,-2342,3070,-498,1633,49,17359,157,3795,-1016,29,-23,129,17380,-1716,14776,5380,-261,184,1006,17380,-2520,-16037,4813,184,-126,920,17359,-2782,15505,1578,439,-383,-2004,3,0
481,17381,-15024,-2342,3070,-498,1633,49,17381,162,3795,-1016,29,-23,129,17402,-1716,14776,5380,-261,184,1006,17402,-2478,-15976,4813,187,-126,920,17381,-2782,15505,1578,439,-383,-2004,3,0
482,17403,-15258,-2342,3070,-585,1488,49,17403,162,3795,-1027,28,-53,112,17424,-1716,14776,5380,-261,184,863,17424,-2478,-15976,4813,187,-126,746,17403,-2939,15505,1543,398,-383,-2004,3,0
483,17425,-15486,-2344,3263,-650,1350,59,17425,246,3823,-1057,28,-53,93,17446,-1485,14949,5549,-151,268,652,17446,-2508,-16002,4889,214,-15,596,17425,-3013,15579,1530,364,-194,-1635,3,0
484,17447,-15486,-2344,3284,-650,1350,59,17447,246,3823,-1057,40,-53,93,17468,-1485,14949,5549,-85,268,652,17468,-2508,-16002,4889,228,-15,596,17447,-3013,15579,1530,364,-194,-1635,3,0
485,17469,-15657,-2344,3284,-692,1246,59,17469,246,3823,-1057,40,-53,76,17490,-1485,14949,5549,-85,268,457,17490,-2531,-16021,4889,228,-15,472,17469,-3068,15579,1516,363,-194,-1635,3,0
486,17491,-15785,-2281,3456,-723,1200,101,17491,300,3855,-1079,48,-52,58,17512,-1358,15080,5634,12,256,277,17512,-2531,-16029,4914,259,100,293,17491,-3133,15627,1506,362,-485,-1356,3,0
487,17513,-15785,-2281,3478,-723,1200,101,17513,300,3855,-1079,48,-52,58,17534,-1358,15086,5634,46,256,277,17534,-2522,-16029,4914,259,100,293,17513,-3133,15627,1506,362,-485,-1338,3,0
488,17535,-15785,-2281,3478,-723,1200,101,17535,300,3855,-1088,48,-52,45,17556,-1358,15086,5634,46,256,145,17556,-2522,-16029,4914,259,100,188,17535,-3182,15627,1472,361,-703,-1338,3,0
489,17557,-14785,-2233,3668,-719,1216,133,17557,354,3870,-1095,52,-52,35,17578,-1304,15210,5694,69,343,65,17578,-2515,-16019,4978,277,118,109,17557,-3235,15646,1447,258,-707,-1004,3,0
490,17579,-14785,-2233,3680,-693,1264,133,17579,354,3870,-1095,52,-52,35,17600,-1285,15210,5711,69,345,65,17600,-2485,-16019,4978,277,118,109,17579,-3235,15655,1447,258,-707,-999,3,0
491,17601,-15044,-2233,3680,-693,1264,133,17601,354,3870,-1117,52,-52,28,17622,-1285,15210,5711,69,345,5,17622,-2485,-16019,4978,254,118,50,17601,-3259,15655,1428,181,-707,-999,3,0
492,17623,-15252,-2164,3830,-637,1305,156,17623,394,3882,-1117,63,-50,23,17644,-1230,15318,5697,75,451,-25,17644,-2457,-16033,5026,200,99,-8,17623,-3259,15694,1395,123,-517,-712,3,0
493,17645,-15252,-2164,3868,-613,1305,156,17645,396,3882,-1117,63,-50,23,17666,-1156,15318,5697,75,451,-25,17666,-2457,-16033,5031,200,99,-8,17645,-3234,15708,1395,123,-517,-711,3,0
494,17667,-15408,-2164,3868,-613,1305,156,17667,396,3878,-1117,63,-50,16,17688,-1156,15318,5697,75,451,-68,17688,-2457,-16043,5031,185,99,-51,17667,-3234,15708,1366,80,-517,-711,3,0
495,17689,-15584,-2167,3976,-521,1263,141,17689,430,3870,-1133,66,-29,9,17710,-1081,15394,5703,82,441,-111,17710,-2449,-16056,5071,139,116,-72,17689,-3236,15748,1348,37,-374,-495,3,0
496,17711,-15584,-2167,3984,-521,1263,141,17711,438,3870,-1133,66,-29,9,17732,-1081,15394,5703,90,441,-111,17732,-2449,-16056,5078,139,116,-72,17711,-3236,15748,1348,37,-374,-495,3,0
497,17733,-15716,-2167,3984,-521,1221,129,17733,438,3870,-1142,66,-29,5,17754,-1081,15394,5703,90,434,-149,17754,-2449,-16066,5078,89,116,-85,17733,-3243,15748,1348,0,-374,-495,3,0
498,17755,-15824,-2167,4055,-451,1200,110,17755,454,3875,-1152,65,-26,5,17776,-1024,15445,5708,122,424,-201,17776,-2452,-16073,5109,45,135,-95,17755,-3243,15762,1348,-33,-288,-333,3,0
499,17777,-15824,-2165,4055,-421,1200,110,17777,454,3875,-1152,65,-26,7,17798,-1024,15445,5708,122,424,-201,17798,-2452,-16073,5109,45,150,-95,17777,-3243,15762,1348,-33,-288,-317,3,0
500,17799,-15920,-2165,4055,-421,1200,110,17799,454,3875,-1156,64,-26,7,17820,-1024,15445,5708,122,424,-244,17820,-2452,-16073,5109,16,161,-112,17799,-3243,15762,1348,-54,-288,-317,3,0
501,17821,-16024,-2145,4062,-323,1231,107,17821,466,3878,-1158,59,-24,0,17842,-972,15469,5712,136,471,-276,17842,-2422,-16064,5102,-4,160,-125,17821,-3220,15785,1348,-65,-231,-177,3,0
502,17843,-16024,-2130,4062,-323,1231,107,17843,466,3878,-1158,59,-23,0,17864,-954,15469,5723,136,473,-276,17864,-2422,-16064,5102,-4,160,-125,17843,-3220,15785,1362,-65,-231,-177,3,0
503,17865,-16085,-2130,4062,-323,1231,104,17865,466,3877,-1158,54,-23,-9,17886,-954,15469,5723,136,473,-276,17886,-2422,-16064,5102,-4,97,-125,17865,-3220,15785,1362,-65,-231,-177,3,0
504,17887,-16109,-2168,4116,-278,1131,104,17887,492,3877,-1157,50,-7,-16,17908,-901,15487,5734,151,510,-262,17908,-2393,-16056,5109,13,39,-66,17887,-3168,15807,1372,-62,-185,-103,3,0
505,17909,-16109,-2168,4116,-278,1131,104,17909,492,3877,-1149,50,-7,-16,17930,-901,15487,5734,151,510,-257,17930,-2393,-16036,5109,34,39,-66,17909,-3168,15807,1372,-58,-185,-103,3,0
506,17931,-16127,-2197,4116,-278,1056,104,17931,492,3877,-1149,47,-7,-16,17952,-901,15487,5734,151,510,-257,17952,-2416,-16036,5109,34,39,-66,17931,-3168,15807,1372,-58,-185,-103,3,0
507,17953,-16141,-2198,4150,-257,1020,104,17953,494,3877,-1144,47,4,-15,17974,-870,15504,5739,162,537,-219,17974,-2434,-16015,5114,79,53,-55,17953,-3157,15820,1367,-47,-121,-64,3,0
508,17975,-16141,-2198,4150,-257,1020,104,17975,494,3879,-1144,50,5,-12,17996,-870,15518,5739,172,537,-219,17996,-2434,-16015,5114,79,53,-55,17975,-3157,15820,1367,-43,-108,-64,3,0
509,17997,-16155,-2199,4150,-293,1020,104,17997,494,3879,-1144,50,5,-12,18018,-872,15518,5739,172,537,-219,18018,-2434,-16015,5114,79,53,-55,17997,-3157,15820,1358,-43,-108,-64,3,0
510,18019,-16166,-2200,4170,-320,1055,105,18019,499,3876,-1140,52,14,-12,18040,-874,15541,5743,187,557,-210,18040,-2409,-15994,5133,91,36,-47,18019,-3149,15826,1351,-23,-79,-35,3,0
511,18041,-16166,-2200,4175,-320,1062,105,18041,504,3876,-1140,53,14,-12,18062,-874,15541,5743,187,557,-210,18062,-2409,-15994,5133,91,36,-47,18041,-3149,15826,1351,-23,-79,-35,3,0
512,18063,-16180,-2201,4175,-337,1062,105,18063,504,3876,-1140,53,14,-12,18084,-875,15541,5703,187,557,-210,18084,-2423,-15994,5133,91,36,-47,18063,-3149,15826,1351,-23,-87,-35,3,0
513,18085,-16180,-2201,4206,-337,1069,115,18085,513,3881,-1136,56,18,-12,18106,-888,15551,5673,211,596,-203,18106,-2434,-15995,5138,104,61,-46,18085,-3150,15821,1357,-8,-93,-20,3,0
514,18107,-16180,-2190,4214,-333,1069,119,18107,513,3881,-1136,56,18,-12,18468,-888,15551,5673,211,596,-203,18468,-2434,-15995,5138,107,129,-46,18107,-3150,15821,1357,-8,-93,-20,4,0
515,18469,-16180,-2190,4214,-333,1069,119,18469,513,3881,-1136,56,18,-12,18490,-898,15551,5650,211,596,-203,18490,-2434,-16003,5138,107,129,-46,18469,-3158,15821,1353,-8,-93,-20,4,0
516,18491,-16180,-2182,4255,-330,1074,125,18491,516,3887,-1146,51,20,-14,18512,-949,15559,5636,227,625,-149,18512,-2414,-16003,5155,71,130,-29,18491,-3166,15829,1350,-4,-78,-10,4,0
517,18513,-16180,-2182,4281,-330,1074,125,18513,516,3887,-1146,51,24,-14,18534,-949,15559,5636,227,625,-149,18534,-2414,-15995,5155,71,130,3,18513,-3166,15829,1350,-4,-71,-10,4,0
518,18535,-16182,-2182,4281,-330,1074,110,18535,516,3887,-1154,46,24,-16,18556,-992,15559,5636,227,625,-149,18556,-2436,-15995,5155,44,130,3,18535,-3176,15824,1341,-24,-71,-10,4,0
519,18557,-16191,-2188,4366,-318,1043,98,18557,511,3888,-1157,40,30,-19,18578,-1039,15547,5671,201,611,-113,18578,-2537,-15987,5191,40,131,9,18557,-3211,15803,1341,-54,-10,0,4,0
520,18579,-16191,-2188,4366,-318,1043,98,18579,511,3888,-1159,40,35,-19,18600,-1039,15547,5671,200,611,-113,18600,-2537,-15981,5192,40,131,9,18579,-3211,15803,1341,-54,1,5,4,0
521,18601,-16201,-2194,4366,-318,1020,91,18601,494,3888,-1159,40,35,-20,18622,-1074,15547,5671,187,611,-113,18622,-2612,-15981,5192,37,131,-30,18601,-3237,15803,1346,-119,1,5,4,0
522,18623,-16216,-2218,4411,-299,1020,86,18623,482,3892,-1165,41,32,-21,18644,-1074,15552,5673,171,643,-101,18644,-2612,-15984,5220,30,93,-59,18623,-3304,15779,1346,-167,315,104,4,0
523,18645,-16216,-2218,4411,-299,1036,86,18645,482,3892,-1165,42,32,-21,18666,-1056,15552,5673,171,643,-101,18666,-2548,-15984,5225,30,93,-59,18645,-3304,15779,1351,-167,351,104,4,0
524,18667,-16248,-2221,4411,-312,1036,86,18667,481,3892,-1165,42,30,-21,18688,-1056,15552,5673,165,643,-102,18688,-2548,-15984,5225,24,93,-68,18667,-3304,15779,1351,-167,351,104,4,0
525,18689,-16272,-2237,4445,-332,1050,91,18689,480,3888,-1164,44,26,-21,18710,-1043,15550,5669,165,601,-109,18710,-2515,-15987,5255,14,111,-71,18689,-3355,15785,1355,-167,426,153,4,0
526,18711,-16272,-2237,4445,-332,1060,91,18711,480,3888,-1164,44,26,-20,18732,-1043,15550,5669,178,601,-109,18732,-2515,-15987,5255,14,156,-71,18711,-3355,15785,1358,-115,426,153,4,0
527,18733,-16272,-2237,4445,-364,1061,91,18733,479,3886,-1164,44,23,-20,18754,-1071,15548,5658,178,520,-143,18754,-2515,-15987,5255,14,156,-71,18733,-3448,15785,1358,-115,161,81,4,0
528,18755,-16272,-2237,4456,-407,1044,80,18755,479,3885,-1166,45,21,-15,18776,-1095,15546,5650,178,459,-175,18776,-2492,-15994,5278,15,233,-63,18755,-3518,15754,1332,-65,-37,27,4,0
529,18777,-16272,-2237,4456,-407,1044,80,18777,479,3885,-1166,45,20,-14,18798,-1095,15546,5650,178,459,-175,18798,-2492,-15994,5278,15,265,-63,18777,-3518,15754,1332,-65,-37,27,4,0
530,18799,-16272,-2237,4456,-433,1031,76,18799,474,3885,-1168,45,20,-14,18820,-1095,15546,5642,176,453,-175,18820,-2492,-15994,5278,15,265,-63,18799,-3518,15754,1313,-65,-52,19,4,0
531,18821,-16251,-2228,4513,-435,1016,73,18821,474,3886,-1168,46,20,-11,18842,-1079,15557,5636,176,448,-161,18842,-2487,-15997,5288,7,244,-54,18821,-3426,15772,1298,-67,-52,19,4,0
532,18843,-16251,-2219,4513,-435,1016,73,18843,474,3886,-1168,46,20,-9,18864,-1079,15557,5636,176,448,-148,18864,-2487,-15997,5288,7,244,-54,18843,-3426,15779,1298,-67,-39,20,4,0
533,18865,-16261,-2219,4513,-437,1004,71,18865,466,3884,-1171,46,20,-9,18886,-1079,15557,5636,175,429,-148,18886,-2487,-15999,5285,7,177,-54,18865,-3426,15779,1298,-67,-39,20,4,0
534,18887,-16275,-2217,4553,-441,950,65,18887,463,3883,-1174,46,25,-7,18908,-1115,15568,5656,175,407,-123,18908,-2535,-15999,5277,7,109,-35,18887,-3396,15788,1306,-60,-3,23,4,0
535,18909,-16275,-2217,4553,-441,950,65,18909,463,3883,-1174,47,25,-7,18930,-1115,15568,5656,180,407,-123,18930,-2535,-15987,5277,13,109,-35,18909,-3396,15788,1306,-60,12,32,4,0
536,18931,-16286,-2217,4553,-449,910,60,18931,461,3883,-1176,47,18,-7,18952,-1165,15568,5656,180,399,-123,18952,-2556,-15987,5277,13,92,-35,18931,-3396,15787,1306,-60,12,32,4,0
537,18953,-16286,-2215,4559,-456,906,53,18953,459,3887,-1178,47,13,0,18974,-1179,15569,5663,174,399,-140,18974,-2564,-15974,5295,18,92,-39,18953,-3432,15776,1312,-56,94,79,4,0
538,18975,-16277,-2215,4559,-456,906,53,18975,458,3887,-1178,47,13,0,18996,-1179,15569,5663,174,408,-140,18996,-2564,-15974,5305,18,97,-39,18975,-3432,15776,1312,-56,196,94,4,0
539,18997,-16277,-2215,4559,-470,906,51,18997,459,3887,-1179,47,11,0,19018,-1179,15562,5643,174,408,-140,19018,-2564,-15974,5305,-2,97,-42,18997,-3478,15776,1312,-56,196,94,4,0
540,19019,-16277,-2184,4570,-481,928,51,19019,466,3884,-1179,45,11,0,19040,-1170,15555,5628,162,425,-137,19040,-2514,-15959,5316,-17,103,-42,19019,-3512,15778,1335,-48,15,27,4,0
541,19041,-16276,-2184,4583,-481,945,51,19041,467,3884,-1179,45,12,0,19062,-1170,15555,5628,162,435,-137,19062,-2514,-15959,5316,-17,103,-34,19041,-3512,15788,1339,-48,15,27,4,0
542,19063,-16276,-2184,4583,-485,945,46,19063,467,3879,-1176,43,12,0,19084,-1213,15550,5626,151,435,-137,19084,-2559,-15959,5316,-29,103,-34,19063,-3514,15788,1339,-48,-176,-27,4,0
543,19085,-16276,-2183,4601,-485,988,41,19085,467,3875,-1176,42,14,-1,19106,-1245,15539,5624,139,464,-155,19106,-2619,-15929,5354,-54,200,-47,19085,-3515,15795,1334,-42,-263,-63,4,0
544,19107,-16273,-2183,4601,-484,991,41,19107,467,3875,-1176,42,14,-1,19128,-1245,15539,5624,139,481,-155,19128,-2619,-15929,5354,-54,322,-47,19107,-3515,15795,1334,-42,-263,-63,4,0
545,19129,-16273,-2189,4601,-484,991,38,19129,459,3875,-1183,42,14,-2,19150,-1245,15531,5623,129,481,-171,19150,-2653,-15929,5354,-91,322,-71,19129,-3516,15795,1322,-42,-311,-63,4,0
546,19151,-16252,-2194,4586,-468,1131,38,19151,451,3876,-1188,42,12,-9,19172,-1214,15522,5540,108,713,-183,19172,-2678,-15915,5382,-145,546,-172,19151,-3516,15800,1310,-38,-347,-32,4,0
547,19173,-16247,-2194,4586,-460,1132,47,19173,451,3876,-1188,42,12,-9,19194,-1214,15522,5540,108,816,-183,19194,-2678,-15915,5382,-145,546,-172,19173,-3514,15800,1310,-40,-347,-12,4,0
548,19195,-16247,-2198,4521,-460,1132,47,19195,439,3876,-1192,42,5,-17,19216,-1214,15522,5478,77,816,-192,19216,-2732,-15922,5382,-225,546,-263,19195,-3514,15791,1301,-40,-392,-12,4,0
549,19217,-16169,-2201,4369,-389,1307,99,19217,414,3879,-1197,47,0,-41,19238,-1304,15536,5413,0,1178,-436,19238,-2934,-15922,5347,-309,537,-459,19217,-3590,15735,1290,-56,-521,39,4,0
550,19239,-16117,-2201,4369,-389,1390,99,19239,414,3881,-1197,47,0,-41,19260,-1304,15567,5413,0,1178,-436,19260,-2934,-15835,5347,-309,537,-459,19239,-3590,15735,1290,-56,-521,93,4,0
551,19261,-16117,-2201,4199,-389,1390,99,19261,364,3881,-1197,47,0,-79,19282,-1450,15567,5364,-57,1178,-850,19282,-3085,-15835,5321,-372,537,-898,19261,-3665,15654,1276,-93,-615,93,4,0
552,19283,-15958,-2218,4009,-582,1523,43,19283,298,3880,-1186,61,15,-172,19304,-1698,15600,5224,-97,1039,-1836,19304,-3198,-15892,5292,-419,719,-1660,19283,-3801,15553,1230,-293,-684,361,4,0
553,19305,-15934,-2218,4009,-582,1523,43,19305,298,3880,-1186,61,15,-172,19326,-1698,15600,5224,-97,1039,-1836,19326,-3198,-15892,5292,-419,769,-1660,19305,-3801,15553,1230,-293,-684,503,4,0
554,19327,-15934,-2231,3866,-843,1462,-101,19327,215,3875,-1186,61,15,-256,19348,-2114,15600,5094,-97,441,-3126,19348,-3251,-15935,5181,-442,769,-2436,19327,-3930,15464,1160,-544,-684,503,4,0
555,19349,-15795,-2328,3479,-1202,1160,-271,19349,122,3847,-1156,38,-10,-408,19370,-3110,15032,4818,-70,-1509,-5126,19370,-3251,-15967,4962,-442,1070,-3646,19349,-4050,15384,777,-1211,-647,1192,4,0
556,19371,-15777,-2328,3479,-1202,1160,-271,19371,122,3847,-1129,38,-10,-408,19392,-3110,15032,4818,117,-1509,-5126,19392,-3238,-15967,4962,-408,1070,-3646,19371,-4050,15384,777,-1211,-647,1580,4,0
557,19393,-15777,-2388,3189,-1471,364,-303,19393,-38,3821,-1129,17,-37,-551,19414,-3857,14289,4611,117,-1509,-7126,19414,-3238,-15967,4908,-408,1070,-5088,19393,-4140,15287,489,-2019,-704,1580,4,0
558,19415,-14777,-2388,3097,-1471,-1636,-303,19415,-158,3791,-1086,5,-58,-771,19436,-4100,13678,3974,397,491,-9126,19436,-3171,-15827,4883,-6,2345,-6880,19415,-4140,15117,489,-3113,-746,3453,4,0
559,19437,-14777,-2363,3097,-1315,-1636,119,19437,-158,3791,-1086,5,-58,-771,19458,-4100,13678,3974,434,491,-9126,19458,-2636,-15827,4883,34,2345,-6880,19437,-4087,15117,793,-3113,-746,3580,4,0
560,19459,-14777,-2363,3028,-1315,-3245,119,19459,-173,3755,-1086,-8,-94,-998,19480,-4283,13220,3974,434,491,-10387,19480,-2636,-15827,4883,34,2345,-8224,19459,-4087,14833,793,-3926,-746,3580,4,0
561,19481,-13777,-1722,2945,-1565,-4564,746,19481,-173,3681,-1070,-70,-129,-1278,19502,-4288,12877,3998,761,2450,-11333,19502,-1656,-15660,5209,-154,909,-9193,19481,-3219,14776,1224,-4398,124,4623,4,0
562,19503,-13777,-1722,2945,-1565,-4564,746,19503,-125,3681,-1070,-70,-129,-1278,19524,-4288,12877,4220,1076,2491,-11333,19524,-1636,-15660,5209,-154,909,-9193,19503,-3219,14776,1224,-4398,124,4623,4,0
563,19525,-13777,-1722,2882,-1814,-5254,275,19525,-125,3555,-1070,-203,-154,-1523,19546,-4292,12619,4220,1076,2491,-12043,19546,-1636,-15808,5209,-364,-168,-9741,19525,-3219,14734,1224,-4398,-951,4623,4,0
564,19547,-12777,-1857,2882,-2001,-5772,-77,19547,-99,3332,-1133,-303,-164,-1707,19568,-4295,12361,4405,1703,2779,-13347,19568,-921,-15988,5267,-452,-740,-10102,19547,-2729,14734,1872,-4564,-1757,5405,4,0
565,19569,-12777,-1857,3017,-2001,-5772,-77,19569,-99,3332,-1133,-303,-164,-1707,19590,-4295,12361,4405,1703,2779,-13347,19590,-636,-15988,5267,-452,-740,-10102,19569,-2729,14964,1872,-4564,-1757,5619,4,0
566,19591,-12777,-1996,3017,-2124,-6089,-77,19591,-227,3165,-1133,-327,-181,-1786,19612,-4297,11361,4009,1703,2779,-14325,19612,-636,-16054,5235,-473,-740,-10372,19591,-2729,14964,1872,-4617,-1844,5619,4,0
567,19613,-11777,-2063,3122,-2216,-6254,-77,19613,-476,3040,-1066,-327,-227,-1828,19634,-5297,10422,3712,1456,2995,-15059,19634,364,-16263,5200,-485,-455,-10372,19613,-1729,15096,2383,-4657,-1910,6139,4,0
568,19635,-11777,-2063,3180,-2216,-6254,-77,19635,-476,3040,-1066,-320,-227,-1828,19656,-5297,10422,3712,1456,2995,-15059,19656,364,-16263,5200,-485,-455,-10258,19635,-1729,15096,2717,-4657,-1910,6139,4,0
569,19657,-11777,-2063,3180,-2285,-6254,-82,19657,-815,2956,-1066,-320,-262,-1844,19678,-6297,9957,3504,1270,2965,-15336,19678,364,-16263,5075,-494,-455,-10258,19657,-1729,15096,2717,-4657,-1959,6139,4,0
570,19679,-12321,-1973,2972,-2285,-4694,-145,19679,-1143,2894,-972,-314,-262,-1863,19700,-7297,9608,3415,1131,2942,-15544,19700,1364,-15913,4995,-501,-741,-9477,19679,-729,15171,3350,-4651,-1959,6003,4,0
571,19701,-12321,-1973,2972,-1975,-4694,-145,19701,-1143,2894,-972,-198,-176,-1863,19722,-7297,9608,3415,1131,2942,-15544,19722,1364,-15913,4995,-501,-741,-9089,19701,-729,15171,3356,-4637,-1733,6003,4,0
572,19723,-12834,-1973,2526,-1975,-4694,-225,19723,-1531,2873,-972,-198,-176,-1863,19744,-8070,9276,3415,1131,2925,-15544,19744,1364,-15913,4947,-501,-741,-9089,19723,-729,15171,3356,-4637,-1733,5693,4,0
573,19745,-13114,-2254,1664,-1690,-3316,-309,19745,-1899,2857,-949,-82,-111,-1863,19766,-9070,9067,3488,651,1993,-15382,19766,2364,-15631,4899,-384,-723,-8098,19745,271,15212,4088,-4542,-1544,5240,4,0
574,19767,-13114,-2254,1664,-1690,-3316,-309,19767,-1899,2857,-949,-82,-111,-1861,19788,-9070,9067,3488,651,1993,-15315,19788,2364,-15631,4899,-383,-723,-8045,19767,271,15212,4100,-4357,-1544,5240,4,0
575,19789,-13114,-2465,1018,-1690,-3316,-372,19789,-2176,2857,-956,-82,-111,-1861,19810,-10070,8910,3488,595,1843,-15315,19810,2364,-15631,4642,-383,-723,-8045,19789,271,15212,4100,-4357,-1544,4858,4,0
576,19811,-12955,-2538,488,-1438,-3126,-382,19811,-2535,2958,-961,26,-62,-1790,19832,-11070,8792,3258,553,1729,-14530,19832,3364,-15522,4423,-278,-994,-6684,19811,1271,15059,4683,-4050,-1866,4355,4,0
577,19833,-12731,-2538,488,-1308,-3126,-382,19833,-2535,2958,-961,26,-24,-1783,19854,-11070,8792,3258,553,1729,-14524,19854,3364,-15522,4423,-187,-994,-6561,19833,1271,15059,4683,-3976,-1866,4355,4,0
578,19855,-12731,-2593,83,-1308,-3135,-390,19855,-2890,2958,-965,26,-24,-1783,19876,-11070,8058,3085,553,1643,-14524,19876,3364,-15522,4423,-187,-1035,-6561,19855,1271,14944,4683,-3976,-2107,3910,4,0
579,19877,-12436,-2634,-917,-1002,-3135,-440,19877,-3194,2856,-1028,77,25,-1655,19898,-10070,7380,2953,796,1580,-13402,19898,4248,-15381,4521,15,-1035,-5278,19877,2172,14858,4951,-3526,-2107,3426,4,0
580,19899,-12436,-2634,-917,-1002,-2965,-440,19899,-3194,2856,-1028,77,25,-1647,19920,-10070,7380,2953,891,1580,-13289,19920,4362,-15381,4521,15,-1022,-5233,19899,2271,14858,4951,-3436,-1317,3426,4,0
581,19921,-12436,-2753,-1744,-1002,-2965,-477,19921,-3426,2730,-1075,77,25,-1647,19942,-10070,6692,2953,891,1553,-13289,19942,4362,-15381,4521,15,-1022,-5233,19921,2271,14768,4951,-3436,-1317,2807,4,0
582,19943,-12215,-2842,-2365,-773,-2837,-477,19943,-3629,2620,-1135,82,62,-1541,19964,-9070,6176,2971,1130,1533,-11840,19964,5189,-15267,4436,20,-902,-4221,19943,3012,14701,5159,-2692,-518,2240,4,0
583,19965,-12215,-2842,-2365,-757,-2533,-385,19965,-3629,2620,-1135,82,62,-1522,19986,-9070,6176,2971,1130,1533,-11549,19986,5310,-15267,4436,20,-816,-4175,19965,3012,14701,5388,-2651,-518,2240,4,0
584,19987,-12215,-2853,-2776,-757,-2533,-385,19987,-3788,2538,-1161,82,62,-1522,20008,-9070,5768,2914,1130,1518,-11549,20008,5310,-15267,4373,-68,-816,-4175,19987,3012,14643,5388,-2651,-518,1805,4,0
585,20009,-11954,-2853,-3085,-573,-1551,-263,20009,-3920,2476,-1180,87,65,-1336,20030,-8070,5319,2703,1053,1400,-9619,20030,5839,-15154,4325,-134,-617,-3269,20009,3497,14591,5716,-1913,-424,1400,4,0
586,20031,-11954,-2788,-3085,-573,-1551,-221,20031,-3920,2476,-1180,91,65,-1299,20052,-8070,5319,2703,1053,1400,-9549,20052,5839,-15154,4325,-134,-603,-3235,20031,3497,14552,5716,-1913,-424,1400,4,0
587,20053,-11954,-2788,-3156,-573,-1551,-221,20053,-4011,2401,-1180,91,65,-1299,20074,-8070,4739,2530,981,1386,-9549,20074,5839,-15154,4321,-134,-603,-3235,20053,3497,14552,5716,-1913,-424,1064,4,0
588,20075,-12127,-2644,-3199,-579,-1068,-92,20075,-4079,2300,-1177,100,67,-1024,20096,-7070,4241,2312,810,1179,-7549,20096,6220,-15069,4321,-10,-351,-2504,20075,3841,14481,5824,-1361,-354,799,4,0
589,20097,-12127,-2644,-3199,-579,-1068,-92,20097,-4079,2300,-1175,100,67,-993,20118,-7070,4241,2312,810,1179,-7549,20118,6236,-15069,4342,0,-351,-2486,20097,3841,14481,5824,-1361,-354,799,4,0
590,20119,-12505,-2644,-3215,-583,-1068,-92,20119,-4079,2213,-1175,81,38,-993,20140,-7070,3867,2149,671,1014,-7549,20140,6236,-15069,4342,0,-351,-2486,20119,3841,14469,5824,-1361,-354,604,4,0
591,20141,-12920,-2452,-3227,-583,-1073,-55,20141,-4041,2144,-1175,59,16,-722,20162,-6070,3755,2020,430,836,-5549,20162,6590,-14951,4424,25,-151,-1881,20141,4039,14418,5905,-1040,-171,457,4,0
592,20163,-12920,-2452,-3227,-583,-1073,-55,20163,-4001,2144,-1162,59,16,-702,20184,-6070,3755,2020,430,836,-5549,20184,6590,-14951,4424,25,-123,-1801,20163,4039,14418,5905,-1040,-120,457,4,0
593,20185,-13417,-2452,-3227,-576,-1076,-55,20185,-4001,2092,-1162,42,2,-702,20206,-6070,3755,1978,249,612,-5549,20206,6590,-14951,4424,25,-123,-1801,20185,4039,14418,5905,-1040,-120,347,4,0
594,20207,-13871,-2308,-3273,-576,-1076,-8,20207,-3938,2050,-1153,24,-4,-454,20228,-5070,3766,1978,148,565,-3549,20228,6752,-14891,4486,-45,47,-1260,20207,4188,14402,5935,-894,71,226,4,0
595,20229,-13871,-2308,-3273,-543,-971,-4,20229,-3932,2050,-1143,24,-4,-442,20250,-5070,3771,2006,148,565,-3549,20250,6752,-14863,4486,-45,92,-1235,20229,4188,14402,6008,-894,71,226,4,0
596,20251,-14181,-2308,-3454,-543,-971,-4,20251,-3932,2050,-1143,9,-10,-442,20272,-5070,3771,2006,148,401,-3549,20272,6752,-14863,4486,-98,92,-1235,20251,4188,14390,6008,-894,71,120,4,0
597,20273,-14396,-2223,-3652,-467,-893,52,20273,-3886,2055,-1129,-2,-11,-205,20294,-4070,3815,2131,151,267,-1549,20294,6874,-14818,4497,-181,286,-797,20273,4319,14366,6148,-785,208,-141,4,0
598,20295,-14396,-2223,-3652,-448,-893,71,20295,-3886,2059,-1129,-2,-11,-195,20316,-4070,3815,2173,260,267,-1549,20316,6874,-14802,4497,-181,286,-785,20295,4319,14366,6148,-785,208,-141,4,0
599,20317,-14558,-2223,-3800,-448,-1652,71,20317,-3886,2059,-1129,-10,-11,-195,20338,-4070,3815,2173,260,166,-1549,20338,6874,-14802,4438,-181,286,-785,20317,4319,14343,6148,-785,208,-351,4,0
600,20339,-14655,-2181,-4079,-396,-1652,127,20339,-3833,2089,-1112,-32,-6,27,20360,-3070,3848,2298,339,-57,203,20360,6959,-14756,4405,-135,351,-374,20339,4324,14331,6212,-584,140,-509,4,0
601,20361,-14655,-2181,-4079,-378,-496,127,20361,-3833,2108,-1106,-32,-4,34,20382,-3070,3987,2298,339,-57,436,20382,6959,-14756,4405,-135,351,-329,20361,4324,14331,6212,-565,140,-509,4,0
602,20383,-14655,-2210,-4088,-378,-496,127,20383,-3833,2108,-1106,-72,-4,34,20404,-3070,3987,2298,339,-224,436,20404,6959,-14756,4405,-135,351,-329,20383,4266,14317,6212,-565,89,-618,4,0
603,20405,-14581,-2278,-4088,-291,525,152,20405,-3797,2190,-1089,-114,0,218,20426,-2070,4341,2464,398,-389,2231,20426,7001,-14694,4441,-3,357,50,20405,4223,14317,6260,-359,89,-700,4,0
604,20427,-14581,-2278,-4050,-278,672,195,20427,-3797,2209,-1084,-114,0,231,20448,-2070,4433,2515,451,-389,2302,20448,7001,-14694,4441,100,357,116,20427,4223,14384,6269,-331,108,-700,4,0
605,20449,-14581,-2329,-4050,-278,672,195,20449,-3797,2209,-1084,-146,0,231,20470,-2070,4433,2515,451,-452,2302,20470,7001,-14739,4441,100,357,116,20449,4223,14384,6269,-331,108,-775,4,0
606,20471,-14454,-2376,-3870,-243,1679,260,20471,-3770,2333,-1067,-170,2,396,20492,-1070,5094,2705,515,-529,3897,20492,7133,-14773,4468,172,386,583,20471,4249,14408,6375,8,150,-899,4,0
607,20493,-14454,-2376,-3870,-243,1959,279,20493,-3728,2336,-1067,-170,2,400,20514,-1070,5297,2705,515,-529,4065,20514,7133,-14773,4468,172,406,665,20493,4277,14408,6389,101,202,-899,4,0
608,20515,-14454,-2412,-3870,-243,1959,279,20515,-3728,2336,-1067,-184,2,400,20536,-2070,5297,2705,507,-587,4065,20536,7133,-14798,4468,172,406,665,20515,4277,14408,6389,101,202,-993,4,0
609,20537,-14385,-2520,-3402,-224,2925,385,20537,-3621,2500,-1036,-194,3,578,20558,-3070,6082,2757,388,-750,5714,20558,6933,-14819,4564,144,545,1250,20537,4320,14414,6332,603,418,-1084,4,0
610,20559,-14385,-2520,-3284,-224,2925,385,20559,-3575,2502,-1030,-194,5,596,20580,-3070,6105,2757,388,-750,5843,20580,6933,-14819,4564,144,555,1366,20559,4323,14414,6332,612,439,-1084,4,0
611,20581,-14526,-2554,-3284,-224,2925,385,20581,-3575,2502,-1030,-194,5,596,20602,-4070,6105,2757,298,-956,5843,20602,6783,-14896,4564,66,555,1366,20581,4323,14414,6272,612,439,-1160,4,0
612,20603,-14640,-2579,-2682,-313,3953,431,20603,-3411,2626,-1005,-190,10,779,20624,-5070,6937,2796,248,-1199,7416,20624,6671,-14969,4612,-92,681,2084,20603,4177,14529,6195,1006,649,-1411,4,0
613,20625,-14640,-2579,-2600,-313,4217,431,20625,-3404,2627,-996,-182,34,787,20646,-5070,7105,2849,248,-1199,7554,20646,6671,-14969,4612,-92,681,2156,20625,4177,14613,6195,1039,657,-1411,4,0
614,20647,-14742,-2596,-2600,-372,4217,431,20647,-3404,2627,-996,-182,34,787,20668,-6070,7105,2849,225,-1377,7554,20668,6577,-15113,4612,-211,681,2156,20647,4067,14613,6137,1039,657,-1609,4,0
615,20669,-14884,-2609,-1757,-372,5299,361,20669,-3179,2791,-977,-144,44,960,20690,-7070,8057,2954,193,-1510,9012,20690,6427,-15314,4638,-309,630,3131,20669,3968,14814,6089,1417,820,-2181,4,0
616,20691,-14884,-2609,-1600,-370,5299,361,20691,-3146,2793,-961,-141,44,973,20712,-7070,8105,2954,193,-1510,9304,20712,6427,-15314,4638,-309,630,3334,20691,3968,14821,6089,1551,929,-2181,4,0
617,20713,-14884,-2609,-1600,-370,5299,309,20713,-3146,2793,-961,-141,44,973,20734,-7437,8105,2954,133,-1610,9304,20734,6286,-15502,4638,-441,514,3334,20713,3821,14821,6053,1551,929,-2891,4,0
618,20735,-13884,-2436,-650,-196,5341,270,20735,-2760,2968,-924,-74,51,1148,20756,-7460,9031,3003,-128,-1731,10859,20756,6056,-15643,4601,-467,142,4745,20735,3602,15032,5854,2135,1165,-3831,4,0
619,20757,-13884,-2369,-639,-185,5341,270,20757,-2669,2968,-918,-52,57,1169,20778,-7460,9105,3003,-128,-1731,10959,20778,6056,-15643,4601,-467,142,4987,20757,3602,15032,5854,2304,1234,-3831,4,0
620,20779,-13884,-2369,-639,-185,5009,240,20779,-2669,2968,-918,-52,57,1169,20800,-7460,9105,3003,-537,-1981,10959,20800,5511,-15713,4583,-467,-136,4987,20779,3245,15032,5679,2304,1234,-4655,4,0
621,20801,-12884,-2044,240,27,4760,204,20801,-2203,3042,-869,-13,95,1331,20822,-7382,9775,3217,-1186,-2398,12260,20822,4839,-15763,4570,-278,-503,6465,20801,2962,15159,5457,2982,1463,-5601,4,0
622,20823,-12884,-2044,256,193,4760,204,20823,-2198,3042,-853,-13,116,1335,20844,-7004,9775,3253,-1186,-2398,12260,20844,4839,-15763,4570,-178,-503,6554,20823,2962,15159,5457,3029,1463,-5601,4,0
623,20845,-12884,-2044,256,193,4574,204,20845,-2198,3040,-853,-13,116,1335,20866,-7004,9775,3253,-1735,-2842,12260,20866,4311,-15800,4570,-178,-778,6554,20845,2452,15159,5289,3029,1463,-6370,4,0
624,20867,-11884,-1801,884,570,4058,207,20867,-1788,3031,-804,-5,167,1468,20888,-6426,9952,3421,-2287,-3175,13066,20888,3512,-15800,4740,38,-1252,7701,20867,1452,15216,4855,3687,1546,-6947,4,0
625,20889,-11884,-1724,884,570,4058,207,20889,-1788,3031,-804,-5,170,1480,20910,-6426,9952,3421,-2287,-3175,13066,20910,3512,-15727,4770,38,-1252,7701,20889,1452,15216,4855,3687,1546,-6947,4,0
626,20911,-11884,-1724,884,570,3671,207,20911,-1788,3021,-804,-5,170,1480,20932,-6426,9952,3421,-2426,-3175,13066,20932,2741,-15727,4770,15,-1990,7701,20911,632,15216,4499,3687,1546,-7154,4,0
627,20933,-10884,-1449,1013,645,3601,65,20933,-1498,2979,-775,44,186,1610,20954,-6122,10035,3760,-2429,-2833,13430,20954,1741,-15626,4890,-84,-2543,8145,20933,-52,15124,4027,4136,1631,-7154,4,0
628,20955,-10884,-1449,1013,645,3601,65,20955,-1498,2979,-729,44,186,1610,20976,-6122,10035,3816,-2429,-2790,13430,20976,1741,-15626,4890,-84,-2543,8145,20955,-52,15124,4027,4136,1631,-7139,4,0
629,20977,-10884,-1449,1013,645,3601,-88,20977,-1498,2979,-729,44,126,1610,20998,-6122,10035,3816,-2429,-2790,13078,20998,741,-15626,4890,-84,-2543,8083,20977,-694,15055,3457,4136,1631,-7139,4,0
630,20999,-9884,-1424,972,544,3604,-293,20999,-1203,2991,-654,79,60,1527,21020,-5700,10853,4004,-2103,-2501,11682,21020,-118,-15741,4564,-72,-2159,7408,20999,-1295,15034,2817,3899,1325,-6798,4,0
631,21021,-9884,-1424,972,544,3604,-293,21021,-1140,3156,-654,79,60,1527,21042,-5574,11035,4004,-2099,-2486,11682,21042,-118,-15741,4564,223,-2019,7408,21021,-1295,15034,2817,3899,1325,-6429,4,0
632,21043,-9884,-1765,972,392,3551,-447,21043,-1140,3156,-654,79,36,1397,21064,-5574,11035,4004,-2099,-2486,10208,21064,-762,-15827,4564,223,-2019,6861,21043,-1746,15034,2337,3535,1265,-6429,4,0
633,21065,-10884,-2020,1102,272,3499,-447,21065,-736,3380,-663,152,18,1205,21086,-4982,12035,4291,-1852,-2156,8208,21086,-1429,-15829,4701,523,-1626,6199,21065,-2118,15145,1978,2823,1050,-5490,4,0
634,21087,-10884,-2020,1355,272,3499,-426,21087,-736,3393,-663,152,18,1205,21108,-4895,12035,4458,-1838,-1964,8208,21108,-1429,-15829,4727,523,-1626,6199,21087,-2118,15189,1978,2823,1050,-5249,4,0
635,21109,-11884,-2035,1355,272,3222,-426,21109,-736,3393,-670,152,7,1038,21130,-4895,12035,4458,-1838,-1964,6657,21130,-2163,-15829,4727,523,-1626,5358,21109,-2397,15189,1893,2248,797,-5249,4,0
636,21131,-12725,-2035,1565,297,2875,-376,21131,-494,3558,-797,208,7,872,21152,-4191,12693,4798,-1443,-1496,5779,21152,-2714,-15784,4854,576,-1145,4010,21131,-2606,15305,1829,1768,607,-4166,4,0
637,21153,-12725,-1896,1565,406,2875,-314,21153,-494,3558,-797,208,18,872,21174,-4175,12693,4798,-1443,-1047,5779,21174,-2714,-15784,4874,576,-836,4010,21153,-2606,15332,1829,1768,607,-4113,4,0
638,21175,-13355,-1896,1565,406,2607,-314,21175,-494,3558,-892,208,18,711,21196,-4175,12693,4798,-1443,-1047,5121,21196,-2714,-15784,4874,518,-836,2825,21175,-2780,15332,1781,1443,533,-4113,4,0
639,21197,-13903,-1907,1722,487,2355,-194,21197,-307,3655,-967,178,38,530,21218,-3338,13415,5078,-1161,-401,4370,21218,-2708,-15875,4956,365,-602,1936,21197,-2911,15361,1703,1199,478,-3217,4,0
640,21219,-13903,-1907,1868,487,2355,-162,21219,-218,3655,-967,178,38,530,21240,-3227,13415,5199,-1161,-401,4370,21240,-2620,-15875,4956,365,-602,1936,21219,-2911,15440,1703,1199,478,-3216,4,0
641,21241,-14257,-2004,1868,390,2217,-162,21241,-218,3655,-990,131,38,387,21262,-3227,13415,5199,-1161,-401,3477,21262,-2620,-15943,4956,243,-834,1534,21241,-3009,15440,1618,1032,436,-3216,4,0
642,21263,-14650,-2187,2266,190,2061,-48,21263,4,3727,-1037,95,53,278,21284,-2656,13927,5333,-585,-154,2683,21284,-2581,-15974,4970,126,-1008,1232,21263,-3076,15461,1554,857,204,-2506,4,0
643,21285,-14650,-2187,2283,190,2061,-48,21285,4,3727,-1037,95,59,278,21306,-2656,13927,5333,-585,-154,2683,21306,-2581,-15974,4970,126,-1008,1232,21285,-3087,15502,1554,857,204,-2486,4,0
644,21307,-14945,-2270,2283,32,1899,-48,21307,4,3727,-1037,68,59,197,21328,-2656,13927,5333,-585,-154,2017,21328,-2581,-15974,4923,38,-1008,1006,21307,-3127,15502,1548,726,172,-2486,4,0
645,21329,-15253,-2273,2608,-131,1736,35,21329,128,3763,-1028,52,56,160,21350,-2228,14311,5347,-293,79,1459,21350,-2581,-15941,4888,36,-736,659,21329,-3127,15548,1547,593,148,-1808,4,0
646,21351,-15253,-2273,2608,-131,1736,35,21351,128,3763,-1028,52,56,160,21372,-2223,14311,5347,-293,79,1459,21372,-2581,-15941,4888,36,-445,659,21351,-3110,15548,1547,593,148,-1808,4,0
647,21373,-15469,-2273,2608,-263,1613,35,21373,128,3763,-1031,50,8,148,21394,-2223,14311,5347,-293,79,1044,21394,-2581,-15941,4888,35,-445,399,21373,-3110,15548,1547,516,130,-1808,4,0
648,21395,-15631,-2208,2878,-362,1482,83,21395,224,3791,-1044,50,-30,139,21416,-1779,14615,5405,-52,234,767,21416,-2573,-15982,4978,30,-317,293,21395,-3041,15637,1543,462,59,-1372,4,0
649,21417,-15631,-2172,2878,-362,1482,83,21417,239,3802,-1044,50,-30,139,21438,-1779,14615,5405,-52,234,767,21438,-2573,-15982,4978,30,-317,293,21417,-3041,15637,1543,462,59,-1372,4,0
650,21439,-15737,-2172,2878,-369,1294,83,21439,239,3802,-1057,48,-56,122,21460,-1779,14615,5405,-52,234,645,21460,-2573,-15982,4978,26,-317,213,21439,-3041,15637,1528,422,-3,-1372,4,0
651,21461,-15816,-2133,3087,-374,1153,98,21461,311,3836,-1069,47,-56,93,21482,-1645,14851,5216,21,351,554,21482,-2579,-15955,4997,26,-265,150,21461,-3118,15701,1446,392,-49,-1074,4,0
652,21483,-15816,-2133,3087,-374,1153,98,21483,311,3836,-1069,46,-44,93,21504,-1645,14851,5216,21,351,554,21504,-2579,-15955,4997,33,-265,150,21483,-3118,15701,1446,392,-49,-1074,4,0
653,21505,-15822,-2133,3087,-378,1072,98,21505,311,3836,-1077,46,-44,71,21526,-1645,14851,5059,21,351,464,21526,-2579,-15955,4997,33,-265,46,21505,-3202,15696,1403,368,-55,-1074,4,0
654,21527,-15896,-2137,3216,-424,1052,71,21527,346,3855,-1084,45,-35,51,21548,-1544,15016,4950,72,389,298,21548,-2577,-15953,5035,74,-85,-78,21527,-3265,15693,1362,271,-59,-831,4,0
655,21549,-15896,-2137,3216,-424,1052,71,21549,346,3855,-1084,45,-18,51,21570,-1541,15016,4950,72,389,298,21570,-2521,-15953,5039,80,-41,-78,21549,-3265,15693,1362,271,-59,-790,4,0
656,21571,-15949,-2137,3216,-522,1052,50,21571,346,3855,-1100,45,-18,42,21592,-1541,15016,4868,72,360,125,21592,-2521,-15972,5039,80,-41,-168,21571,-3274,15693,1335,194,-62,-790,4,0
657,21593,-15998,-2132,3384,-610,1143,26,21593,393,3846,-1128,47,-9,29,21614,-1415,15120,4807,113,256,-4,21614,-2407,-15987,5080,64,17,-205,21593,-3281,15709,1315,139,-200,-565,4,0
658,21615,-15998,-2132,3398,-610,1143,26,21615,393,3846,-1128,47,-9,29,21636,-1415,15120,4807,113,256,-4,21636,-2407,-15987,5080,64,17,-205,21615,-3281,15719,1315,139,-200,-565,4,0
659,21637,-16004,-2132,3398,-629,1143,26,21637,393,3846,-1149,47,-9,20,21658,-1415,15120,4765,113,178,-32,21658,-2407,-16029,5080,52,17,-214,21637,-3286,15719,1296,98,-307,-565,4,0
660,21659,-16009,-2102,3577,-643,1042,28,21659,435,3856,-1149,49,-8,18,21680,-1369,15204,4744,109,120,-53,21680,-2396,-16044,5111,21,60,-214,21659,-3348,15739,1265,67,-387,-417,4,0
661,21681,-16009,-2102,3577,-643,1042,28,21681,435,3861,-1149,51,-8,18,21702,-1369,15204,4744,109,120,-53,21702,-2396,-16044,5111,21,64,-213,21681,-3348,15739,1265,67,-387,-417,4,0
662,21703,-16012,-2102,3577,-643,1033,28,21703,435,3861,-1143,51,-8,18,21724,-1369,15204,4729,106,120,-67,21724,-2396,-16056,5090,-33,64,-213,21703,-3384,15739,1241,34,-387,-417,4,0
663,21725,-16037,-2065,3643,-592,1027,26,21725,467,3869,-1141,51,-11,22,21746,-1311,15274,4706,106,188,-113,21746,-2372,-16056,5066,-85,73,-207,21725,-3384,15741,1241,-65,-170,-232,4,0
664,21747,-16037,-2060,3643,-583,1027,26,21747,476,3869,-1138,51,-11,22,21768,-1311,15274,4706,129,190,-113,21768,-2363,-16039,5066,-85,73,-181,21747,-3336,15741,1249,-65,-170,-232,4,0
665,21769,-16091,-2060,3643,-583,1027,25,21769,476,3869,-1138,50,-11,22,21790,-1311,15274,4687,129,190,-114,21790,-2363,-16039,5041,-108,73,-181,21769,-3336,15741,1249,-117,-170,-232,4,0
666,21791,-16126,-2035,3681,-494,1030,25,21791,494,3875,-1138,46,-1,7,21812,-1281,15331,4673,105,257,-115,21812,-2353,-16053,5029,-125,80,-179,21791,-3301,15747,1255,-156,-76,-93,4,0
667,21813,-16126,-2035,3681,-464,1030,28,21813,494,3875,-1135,46,2,7,21834,-1281,15331,4673,105,257,-115,21834,-2353,-16053,5029,-125,88,-179,21813,-3301,15762,1255,-156,-76,-93,4,0
668,21835,-16145,-2035,3681,-464,1025,28,21835,494,3875,-1135,41,2,-4,21856,-1281,15331,4662,105,257,-115,21856,-2353,-16063,5029,-139,88,-179,21835,-3301,15762,1255,-186,-76,-93,4,0
669,21857,-16166,-2024,3775,-336,956,30,21857,499,3880,-1134,35,20,-16,21878,-1223,15374,4649,97,391,-105,21878,-2345,-16074,5039,-155,152,-178,21857,-3293,15778,1288,-252,67,20,4,0
670,21879,-16166,-2024,3775,-336,956,30,21879,499,3880,-1134,35,20,-16,21900,-1223,15374,4649,97,399,-100,21900,-2345,-16074,5039,-155,156,-178,21879,-3293,15778,1288,-252,76,20,4,0
671,21901,-16175,-2024,3775,-336,905,29,21901,499,3880,-1134,32,20,-25,21922,-1223,15374,4639,97,399,-100,21922,-2345,-16074,5034,-167,156,-178,21901,-3293,15778,1288,-302,76,20,4,0
672,21923,-16207,-2021,3833,-240,895,29,21923,495,3878,-1131,28,37,-34,21944,-1319,15401,4632,97,503,-58,21944,-2319,-16060,5002,-173,189,-202,21923,-3284,15794,1316,-313,193,88,4,0
673,21945,-16207,-2021,3833,-230,895,32,21945,495,3878,-1131,28,41,-34,21966,-1319,15401,4632,97,503,-57,21966,-2277,-16060,5002,-173,189,-202,21945,-3284,15794,1316,-313,193,88,4,0
674,21967,-16207,-2021,3833,-230,887,32,21967,495,3878,-1131,26,41,-41,21988,-1391,15401,4627,97,503,-57,21988,-2277,-16060,4979,-173,163,-220,21967,-3284,15794,1316,-313,193,88,4,0
675,21989,-16205,-2058,3871,-125,840,32,21989,492,3877,-1117,25,52,-50,22010,-1445,15410,4622,123,581,-10,22010,-2208,-16041,4974,-162,119,-233,21989,-3223,15785,1324,-292,176,134,4,0
676,22011,-16201,-2058,3871,-125,840,36,22011,492,3877,-1117,25,53,-50,22032,-1445,15410,4622,123,626,-3,22032,-2208,-16041,4974,-156,119,-233,22011,-3223,15785,1324,-290,176,134,4,0
677,22033,-16201,-2086,3871,-125,804,36,22033,489,3877,-1117,25,53,-56,22054,-1483,15410,4622,123,626,-3,22054,-2208,-16041,4972,-156,61,-243,22033,-3223,15763,1324,-290,146,134,4,0
678,22055,-15201,-2107,3842,-54,804,39,22055,479,3875,-1106,27,57,-56,22076,-1512,15265,4642,149,758,37,22076,-2157,-16026,4971,-124,18,-287,22055,-3175,15744,1346,-261,96,168,4,0
679,22077,-15201,-2107,3842,-54,809,39,22077,479,3875,-1106,28,57,-56,22098,-1512,15265,4642,149,782,37,22098,-2157,-16026,4971,-124,18,-287,22077,-3169,15744,1377,-253,96,169,4,0
680,22099,-15201,-2125,3842,-54,809,39,22099,472,3873,-1106,28,49,-56,22120,-1512,15265,4642,144,782,37,22120,-2157,-16026,4971,-124,18,-320,22099,-3169,15744,1377,-253,44,169,4,0
681,22121,-14201,-2142,3906,-41,916,45,22121,472,3873,-1110,29,42,-50,22502,-1371,15324,4657,141,988,98,22502,-2118,-16048,5029,-91,105,-321,22121,-3137,15777,1403,-203,-14,205,5,0
682,22503,-14201,-2142,3915,-41,966,45,22503,475,3877,-1110,34,42,-49,22524,-1371,15324,4657,141,988,98,22524,-2118,-16048,5029,-91,123,-321,22503,-3128,15787,1403,-201,-14,205,5,0
683,22525,-14201,-2155,3915,-42,966,44,22525,475,3880,-1113,34,37,-49,22546,-1371,15324,4657,120,988,98,22546,-2118,-16065,5018,-91,123,-321,22525,-3128,15787,1403,-201,-58,205,5,0
684,22547,-14587,-2156,4000,-108,1024,41,22547,477,3880,-1121,38,31,-45,22568,-1297,15371,4657,104,814,-25,22568,-2058,-16076,5006,-88,157,-282,22547,-3103,15825,1423,-184,-62,194,5,0
685,22569,-14587,-2156,4000,-108,1024,41,22569,482,3885,-1121,39,31,-41,22590,-1297,15383,4657,104,814,-25,22590,-2058,-16076,5006,-88,157,-246,22569,-3103,15825,1423,-184,-62,194,5,0
686,22591,-14982,-2156,4000,-161,1024,35,22591,482,3885,-1121,39,26,-41,22612,-1372,15383,4657,104,683,-121,22612,-2058,-16076,5001,-88,157,-246,22591,-3103,15825,1423,-184,-62,186,5,0
687,22613,-15296,-2157,4062,-216,1053,29,22613,482,3883,-1117,42,24,-33,22634,-1429,15413,4647,107,585,-193,22634,-1982,-16078,4993,-86,104,-167,22613,-3084,15833,1441,-181,-28,183,5,0
688,22635,-15296,-2157,4062,-216,1053,29,22635,483,3883,-1117,42,24,-33,22656,-1429,15413,4647,107,585,-193,22656,-1982,-16078,4993,-78,104,-145,22635,-3076,15833,1441,-181,-28,183,5,0
689,22657,-15529,-2157,4062,-248,1053,29,22657,483,3883,-1117,42,22,-33,22678,-1429,15413,4640,107,516,-222,22678,-1982,-16078,4987,-78,64,-145,22657,-3076,15833,1441,-181,-39,171,5,0
690,22679,-15709,-2157,4133,-248,1040,45,22679,483,3882,-1111,40,21,-26,22700,-1388,15443,4640,111,499,-230,22700,-1947,-16089,4983,-47,26,-62,22679,-3046,15839,1465,-165,-50,142,5,0
691,22701,-15709,-2157,4141,-243,1040,50,22701,483,3882,-1111,40,21,-26,22722,-1346,15443,4674,111,499,-230,22722,-1947,-16089,4983,-38,26,-57,22701,-3046,15858,1466,-142,-50,142,5,0
692,22723,-15844,-2157,4141,-243,977,50,22723,483,3882,-1111,40,21,-26,22744,-1346,15443,4674,111,499,-230,22744,-1947,-16097,4977,-38,26,-57,22723,-3046,15858,1466,-142,-59,103,5,0
693,22745,-15946,-2149,4203,-227,910,68,22745,482,3890,-1120,44,22,-18,22766,-1296,15466,4909,124,516,-167,22766,-1966,-16097,4977,19,55,23,22745,-3025,15875,1471,-98,-59,53,5,0
694,22767,-15946,-2149,4203,-223,910,68,22767,482,3890,-1120,44,32,-18,22788,-1296,15466,4909,124,533,-165,22788,-1966,-16083,5014,40,66,23,22767,-3025,15875,1471,-98,-35,53,5,0
695,22789,-16022,-2149,4203,-223,892,68,22789,466,3891,-1127,44,32,-18,22810,-1296,15466,4909,124,533,-165,22810,-1972,-16083,5014,40,66,23,22789,-3064,15875,1471,-98,-35,14,5,0
696,22811,-16076,-2142,4225,-217,885,76,22811,454,3891,-1127,47,36,-16,22832,-1259,15479,5085,133,546,-116,22832,-1977,-16071,5022,62,98,55,22811,-3068,15873,1455,-64,21,-20,5,0
697,22833,-16076,-2142,4225,-217,885,76,22833,454,3892,-1127,47,36,-16,22854,-1259,15485,5085,137,546,-116,22854,-1977,-16071,5038,62,102,55,22833,-3068,15873,1455,-64,21,-20,5,0
698,22855,-16127,-2142,4225,-217,885,76,22855,449,3892,-1124,47,36,-17,22876,-1259,15485,5085,137,546,-116,22876,-1977,-16071,5038,62,102,55,22855,-3071,15871,1418,-64,21,-52,5,0
699,22877,-16170,-2140,4241,-267,902,84,22877,446,3892,-1124,49,39,-18,22898,-1229,15500,5215,130,556,-90,22898,-1990,-16068,5055,62,107,86,22877,-3073,15870,1376,-37,19,-77,5,0
700,22899,-16170,-2140,4251,-267,902,84,22899,446,3892,-1122,49,39,-18,22920,-1229,15500,5239,130,556,-90,22920,-1990,-16068,5055,62,107,91,22899,-3073,15869,1376,-34,19,-77,5,0
701,22921,-16170,-2140,4251,-306,902,84,22921,445,3892,-1122,49,39,-18,22942,-1229,15500,5239,130,556,-91,22942,-2017,-16068,5055,62,107,91,22921,-3100,15869,1359,-34,-1,-102,5,0
702,22943,-16164,-2139,4271,-347,927,76,22943,444,3892,-1126,52,36,-14,22964,-1222,15509,5330,130,587,-98,22964,-2073,-16066,5066,62,111,141,22943,-3143,15856,1343,0,-16,-115,5,0
703,22965,-16153,-2139,4271,-347,927,76,22965,444,3892,-1129,52,36,-12,22986,-1222,15509,5330,130,587,-98,22986,-2073,-16054,5066,67,111,141,22965,-3143,15856,1343,0,-16,-115,5,0
704,22987,-16153,-2139,4271,-367,927,58,22987,444,3892,-1129,52,31,-12,23008,-1229,15509,5330,130,587,-103,23008,-2086,-16054,5066,67,111,141,22987,-3175,15837,1336,-28,-16,-119,5,0
705,23009,-16151,-2115,4286,-373,954,47,23009,443,3898,-1135,54,31,-8,23030,-1229,15530,5399,130,610,-104,23030,-2111,-16033,5076,71,141,152,23009,-3193,15837,1336,-53,18,-119,5,0
706,23031,-16151,-2113,4286,-373,954,47,23031,443,3898,-1135,54,32,-8,23052,-1229,15530,5399,130,610,-104,23052,-2111,-16028,5130,78,157,152,23031,-3193,15837,1338,-53,19,-119,5,0
707,23053,-16151,-2113,4286,-373,954,40,23053,440,3898,-1138,53,32,-9,23074,-1234,15530,5399,117,610,-104,23074,-2130,-16028,5130,78,157,148,23053,-3193,15837,1349,-53,19,-122,5,0
708,23075,-16174,-2094,4296,-377,974,34,23075,431,3897,-1141,50,34,-13,23096,-1238,15531,5444,104,629,-101,23096,-2145,-16001,5195,88,226,110,23075,-3206,15837,1356,-50,7,-135,5,0
709,23097,-16174,-2094,4296,-377,977,34,23097,431,3897,-1141,50,34,-13,23118,-1238,15531,5444,104,674,-101,23118,-2145,-15991,5195,88,263,110,23097,-3206,15837,1368,-41,7,-135,5,0
710,23119,-16191,-2114,4294,-377,977,34,23119,424,3892,-1143,47,34,-18,23140,-1243,15523,5444,85,674,-101,23140,-2202,-15991,5195,88,263,47,23119,-3359,15822,1368,-41,-285,-209,5,0
711,23141,-16204,-2123,4286,-354,1019,35,23141,399,3886,-1143,45,34,-27,23162,-1384,15482,5456,34,808,-118,23162,-2415,-15910,5277,-2,724,-168,23141,-3474,15760,1386,-14,-504,-265,5,0
712,23163,-16204,-2123,4286,-352,1054,48,23163,399,3886,-1143,45,34,-27,23184,-1384,15482,5456,34,1274,-118,23184,-2415,-15907,5277,-2,724,-168,23163,-3474,15760,1399,-14,-504,-265,5,0
713,23185,-16204,-2130,4223,-352,1054,48,23185,355,3881,-1150,45,26,-34,23206,-1490,15451,5456,-192,1274,-145,23206,-2607,-15907,5251,-76,724,-400,23185,-3551,15714,1399,-82,-608,-265,5,0
714,23207,-16014,-2130,4114,-299,1298,63,23207,275,3881,-1155,54,6,-51,23228,-1603,15428,5519,-362,1356,-627,23228,-2827,-15889,5182,-368,726,-826,23207,-3609,15679,1336,-135,-686,-124,5,0
715,23229,-15976,-2089,4114,-263,1298,74,23229,275,3906,-1155,70,6,-51,23250,-1603,15428,5519,-362,1356,-627,23250,-2827,-15889,5182,-368,726,-826,23229,-3609,15679,1336,-135,-686,2,5,0
716,23251,-15976,-2089,4010,-263,1298,82,23251,178,3906,-1155,70,6,-104,23272,-1759,15406,5508,-362,1301,-1287,23272,-3346,-15919,5106,-587,726,-1569,23251,-3703,15588,1263,-187,-966,2,5,0
717,23273,-15805,-2114,3613,-223,1020,-10,23273,22,3924,-1119,57,11,-254,23294,-2665,15355,5246,-273,736,-3064,23294,-3852,-15966,4959,-668,728,-3263,23273,-4119,15464,1099,-510,-1176,411,5,0
718,23295,-15781,-2114,3613,-223,1020,-10,23295,22,3924,-1104,57,24,-254,23316,-2665,15355,5246,-197,736,-3064,23316,-3852,-15966,4959,-668,1011,-3263,23295,-4119,15464,1099,-510,-1176,735,5,0
719,23317,-15781,-2136,3184,-369,528,-248,23317,-153,3849,-1104,-5,24,-446,23338,-3665,14873,4935,-197,605,-5064,23338,-3852,-15966,4849,-668,1011,-5263,23317,-4436,15275,871,-1042,-1176,735,5,0
720,23339,-14781,-2404,2862,-961,-786,-587,23339,-284,3784,-1016,-51,62,-762,23360,-4526,13988,4217,92,605,-7064,23360,-3435,-15894,4849,-548,1864,-7263,23339,-4726,15069,557,-2215,-973,2237,5,0
721,23361,-14781,-2404,2862,-961,-786,-587,23361,-284,3784,-1016,-51,62,-762,23382,-4526,13988,4217,234,1526,-7064,23382,-2852,-15502,4966,-302,1864,-7263,23361,-4726,15069,557,-2215,-863,2735,5,0
722,23383,-14781,-2521,2766,-1405,-1930,-587,23383,-310,3735,-1016,-86,62,-1073,23404,-4526,13234,3678,234,1526,-9064,23404,-2852,-15502,4966,-302,1864,-8390,23383,-4726,14867,557,-3565,-863,2735,5,0
723,23405,-13781,-2521,2694,-1635,-3360,-371,23405,-330,3692,-1050,-138,-14,-1306,23426,-3994,12436,3678,1284,3140,-11064,23426,-1852,-15304,5134,-27,1616,-9125,23405,-3726,14703,1129,-4577,-529,4735,5,0
724,23427,-13781,-2012,2694,-1635,-3360,370,23427,-330,3692,-1050,-138,-14,-1306,23448,-3994,12436,3776,1490,3140,-11064,23448,-1852,-15304,5134,-27,1616,-9125,23427,-3726,14703,1129,-4577,-529,4735,5,0
725,23449,-13781,-2012,2640,-1807,-4432,370,23449,-345,3497,-1050,-218,-115,-1444,23470,-3994,12070,3776,1490,3140,-12584,23470,-1852,-15359,5134,-27,156,-9677,23449,-3726,14703,1129,-4997,-529,4735,5,0
726,23471,-12781,-1144,2604,-2133,-4898,397,23471,-356,3287,-957,-322,-201,-1548,23492,-4675,11914,4001,2432,4204,-13724,23492,-858,-15650,5082,-312,-938,-10169,23471,-2759,14921,1809,-5227,-2002,5831,5,0
727,23493,-12781,-1144,2604,-2133,-4898,397,23493,-356,3287,-957,-322,-201,-1548,23514,-4675,11914,4001,2432,4204,-13724,23514,-858,-15650,5082,-312,-938,-10169,23493,-2759,14921,2129,-5227,-2002,5831,5,0
728,23515,-12781,-1144,2604,-2377,-4898,-162,23515,-394,3092,-957,-400,-265,-1716,23536,-5412,11797,4001,2432,4204,-14579,23536,-858,-15650,5075,-312,-938,-10538,23515,-2759,14921,2129,-5392,-2002,5831,5,0
729,23537,-11781,-1355,2748,-2377,-4877,-581,23537,-423,2946,-860,-455,-284,-1842,23558,-6249,11709,3576,3392,4547,-15309,23558,142,-15618,5070,-286,-544,-10538,23537,-2034,15084,2942,-5392,-1580,6501,5,0
730,23559,-11781,-1355,2748,-2183,-4852,-581,23559,-423,2946,-860,-455,-284,-1842,23580,-6249,11709,3576,3392,4547,-15309,23580,142,-15431,5066,-286,-544,-10461,23559,-1861,15084,2942,-5303,-1580,6501,5,0
731,23581,-11781,-1535,2748,-2183,-4852,-581,23581,-790,2946,-860,-455,-284,-1870,23602,-6876,11643,3258,3392,4547,-15584,23602,142,-15431,5066,-286,-544,-10461,23581,-1861,15084,2942,-5303,-1580,6501,5,0
732,23603,-12640,-1670,2713,-2245,-4818,-518,23603,-1081,3001,-829,-337,-194,-1878,23624,-7876,10982,3134,3027,3970,-15785,23624,1142,-15220,4766,-394,-679,-9481,23603,-861,15243,3552,-5236,-1788,6250,5,0
733,23625,-12640,-1670,2713,-2245,-4818,-518,23625,-1081,3001,-829,-325,-124,-1878,23646,-7876,10982,3134,3027,3970,-15785,23646,1142,-15220,4766,-394,-679,-9226,23625,-861,15243,3573,-5174,-1788,6250,5,0
734,23647,-13285,-1847,2327,-2292,-4942,-518,23647,-1490,3001,-829,-325,-124,-1878,23668,-8876,10486,3134,2698,3130,-15785,23668,1142,-15220,4717,-394,-781,-9226,23647,-861,15212,3573,-5174,-1894,5693,5,0
735,23669,-13470,-1901,1816,-2292,-5259,-471,23669,-1883,3014,-831,-175,-42,-1832,23690,-9773,9791,3250,2177,2499,-15586,23690,2142,-15129,4680,-375,-857,-8218,23669,139,15104,4423,-5029,-1894,5102,5,0
736,23691,-13470,-1901,1816,-2075,-5259,-471,23691,-1883,3014,-831,-173,-42,-1812,23712,-9773,9791,3250,2177,2499,-15144,23712,2142,-15129,4680,-375,-857,-8149,23691,139,15087,4423,-5029,-1574,5102,5,0
737,23713,-13470,-2020,1343,-2075,-5259,-471,23713,-2205,3009,-833,-173,-42,-1812,23734,-9773,9122,3250,1696,2026,-15144,23734,2142,-15129,4653,-375,-936,-8149,23713,139,15023,4423,-5029,-1574,4605,5,0
738,23735,-13261,-2147,478,-1820,-4847,-470,23735,-2446,3009,-852,-39,19,-1722,23756,-8773,8516,3177,1286,1482,-14411,23756,3142,-15124,4600,-361,-1076,-6955,23735,1139,14908,4897,-4622,-1702,4223,5,0
739,23757,-13137,-2147,478,-1726,-4780,-364,23757,-2446,3017,-852,-39,19,-1693,23778,-8773,8516,3177,1286,1482,-14269,23778,3142,-15124,4600,-361,-1076,-6892,23757,1139,14855,4897,-4514,-1702,4223,5,0
740,23779,-13137,-2242,-430,-1726,-4780,-356,23779,-2760,3017,-866,-39,19,-1693,23800,-8773,8021,3110,1100,1482,-14269,23800,3142,-15124,4446,-361,-1188,-6892,23779,1139,14822,4897,-4514,-1915,3922,5,0
741,23801,-12863,-2338,-1111,-1456,-4430,-330,23801,-3031,2963,-892,61,114,-1574,23822,-7773,7330,2863,1100,1131,-13086,23822,4142,-15071,4330,-291,-1272,-5658,23801,2065,14744,5220,-3780,-2075,3690,5,0
742,23823,-12863,-2338,-1111,-1402,-4430,-318,23823,-3031,2963,-892,61,114,-1565,23844,-7773,7330,2863,1265,1131,-12900,23844,4142,-15071,4330,-291,-1272,-5658,23823,2065,14744,5220,-3775,-2075,3690,5,0
743,23845,-12863,-2357,-1622,-1402,-4430,-318,23845,-3276,2923,-918,61,114,-1565,23866,-7773,6812,2678,1265,1131,-12900,23866,4142,-15071,4243,-291,-1272,-5658,23845,2065,14686,5220,-3775,-2075,3290,5,0
744,23867,-12649,-2371,-2181,-1151,-4009,-296,23867,-3465,2811,-976,71,154,-1436,23888,-6773,6424,2518,1389,1059,-11577,23888,5142,-14945,4226,-159,-1118,-4700,23867,2887,14571,5633,-3048,-989,2844,5,0
745,23889,-12649,-2371,-2181,-1151,-4009,-296,23889,-3465,2811,-976,71,154,-1433,23910,-6773,6424,2518,1389,1059,-11366,23910,5142,-14945,4226,-150,-1056,-4700,23889,2974,14571,5688,-2897,-989,2844,5,0
746,23911,-12649,-2371,-2694,-1151,-4009,-296,23911,-3615,2717,-1035,71,154,-1433,23932,-6773,6133,2332,1389,1059,-11366,23932,5142,-14945,4226,-150,-1056,-4700,23911,2974,14490,5688,-2897,-989,2420,5,0
747,23933,-12598,-2320,-3168,-921,-3074,-251,23933,-3727,2620,-1086,79,109,-1260,23954,-5773,5602,2138,1345,1200,-9694,23954,5974,-14748,4237,-45,-801,-3902,23933,3588,14424,5912,-2152,-375,1995,5,0
748,23955,-12598,-2316,-3168,-921,-2623,-238,23955,-3727,2620,-1086,79,109,-1213,23976,-5773,5602,2138,1345,1200,-9488,23976,5974,-14748,4237,-45,-801,-3818,23955,3588,14424,5912,-2128,-375,1995,5,0
749,23977,-12598,-2316,-3524,-921,-2623,-238,23977,-3793,2547,-1115,79,75,-1213,23998,-5773,5202,1992,1297,1200,-9488,23998,5974,-14748,4237,-45,-801,-3818,23977,3588,14357,5912,-2128,-375,1632,5,0
750,23999,-12705,-2237,-3524,-670,-1736,-194,23999,-3842,2478,-1136,93,55,-1006,24020,-4773,4802,1852,1107,1422,-7527,24020,6495,-14711,4222,-122,-571,-3000,23999,4029,14299,6040,-1527,85,1332,5,0
751,24021,-12705,-2233,-3517,-640,-1736,-194,24021,-3842,2478,-1136,94,55,-986,24042,-4773,4802,1852,1107,1422,-7488,24042,6495,-14683,4222,-122,-571,-3000,24021,4029,14299,6040,-1527,97,1332,5,0
752,24043,-12951,-2233,-3517,-640,-1736,-194,24043,-3857,2385,-1152,94,51,-986,24064,-4773,4405,1781,914,1422,-7488,24064,6495,-14646,4219,-180,-571,-3000,24043,4029,14256,6040,-1527,97,1109,5,0
753,24065,-13203,-2145,-3484,-459,-1292,-145,24065,-3868,2288,-1152,102,48,-761,24086,-3773,4086,1727,585,1221,-5500,24086,6886,-14597,4217,-268,-398,-2357,24065,4192,14204,6156,-1269,420,962,5,0
754,24087,-13203,-2136,-3484,-459,-1292,-139,24087,-3868,2288,-1141,102,48,-742,24108,-3773,4086,1727,585,1221,-5488,24108,6967,-14542,4217,-268,-390,-2348,24087,4192,14204,6164,-1269,420,962,5,0
755,24109,-13546,-2136,-3484,-459,-1292,-139,24109,-3868,2216,-1141,87,40,-742,24130,-3773,3955,1696,323,974,-5488,24130,6967,-14542,4207,-338,-390,-2348,24109,4192,14165,6164,-1269,420,852,5,0
756,24131,-14045,-1999,-3469,-350,-971,-98,24131,-3830,2176,-1102,67,34,-520,24152,-2773,3955,1603,111,699,-3611,24152,7322,-14347,4132,-390,-239,-1759,24131,4315,14098,6301,-1076,347,737,5,0
757,24153,-14045,-1999,-3460,-350,-971,-90,24153,-3830,2176,-1095,67,34,-508,24174,-2773,3985,1603,111,699,-3535,24174,7322,-14347,4132,-390,-239,-1721,24153,4428,14098,6309,-1038,347,737,5,0
758,24175,-14440,-1999,-3460,-350,-971,-90,24175,-3830,2167,-1095,47,31,-508,24196,-2773,3985,1603,-47,491,-3535,24196,7322,-14347,4076,-390,-239,-1721,24175,4428,14036,6309,-1038,261,613,5,0
759,24197,-14750,-1895,-3465,-222,-486,-35,24197,-3787,2160,-1060,18,28,-307,24218,-1773,4007,1603,-145,285,-1993,24218,7558,-14354,4034,-336,-109,-1148,24197,4605,14002,6417,-850,169,389,5,0
760,24219,-14750,-1895,-3465,-222,-439,-35,24219,-3787,2160,-1060,18,28,-304,24240,-1773,4007,1781,-145,285,-1895,24240,7558,-14354,4034,-320,-100,-1121,24219,4605,14002,6417,-844,169,389,5,0
761,24241,-14758,-1895,-3468,-222,-439,-35,24241,-3787,2153,-1060,-12,26,-304,24262,-1773,4007,1781,-145,130,-1895,24262,7558,-14359,4034,-320,-100,-1121,24241,4605,13964,6417,-844,169,191,5,0
762,24263,-14758,-1876,-3584,-186,-6,-1,24263,-3770,2144,-1057,-40,14,-132,24284,-773,4019,1914,-107,114,-374,24284,7650,-14378,4074,-296,3,-654,24263,4649,13964,6496,-659,185,42,5,0
763,24285,-14727,-1876,-3584,-186,106,-1,24285,-3770,2144,-1057,-40,14,-115,24306,-773,4019,1914,-54,114,-215,24306,7650,-14378,4128,-296,3,-640,24285,4649,14019,6496,-659,185,42,5,0
764,24307,-14727,-1923,-3584,-186,106,-1,24307,-3770,2144,-1057,-66,14,-115,24328,-773,4019,1914,-54,114,-215,24328,7650,-14395,4128,-296,3,-640,24307,4649,14019,6496,-659,185,40,5,0
765,24329,-14526,-1974,-3543,-168,921,24,24329,-3757,2153,-1055,-94,5,51,24350,227,4222,2004,-5,-98,1384,24350,7772,-14405,4118,-278,63,-260,24329,4682,14018,6556,-516,215,38,5,0
766,24351,-14526,-1974,-3543,-168,956,30,24351,-3757,2154,-1055,-94,5,67,24372,227,4295,2004,-5,-98,1575,24372,7773,-14405,4118,-275,63,-221,24351,4682,14017,6556,-513,215,38,5,0
767,24373,-14526,-2014,-3543,-168,956,30,24373,-3757,2154,-1055,-115,-8,67,24394,227,4295,2004,-18,-365,1575,24394,7773,-14405,4086,-275,63,-221,24373,4682,14017,6556,-513,215,37,5,0
768,24395,-14336,-2044,-3499,-162,1765,88,24395,-3743,2274,-1023,-122,-13,253,24416,1227,4870,2099,-28,-565,3182,24416,7901,-14403,4008,-174,174,261,24395,4785,14016,6664,-367,188,-162,5,0
769,24417,-14336,-2044,-3457,-162,1765,88,24417,-3705,2298,-1006,-122,-13,262,24438,1227,5042,2110,-28,-565,3299,24438,7901,-14403,4008,-45,253,357,24417,4812,14016,6697,-262,188,-162,5,0
770,24439,-14336,-2044,-3457,-162,1765,88,24439,-3705,2298,-1006,-129,-13,262,24460,1227,5042,2110,-29,-573,3299,24460,7901,-14403,3950,-45,253,357,24439,4812,14016,6697,-262,188,-358,5,0
771,24461,-14146,-2015,-3391,-39,2372,150,24461,-3666,2481,-965,-134,-7,430,24482,227,5719,2257,-29,-579,4755,24482,7933,-14466,3950,201,492,952,24461,4840,14047,6799,58,203,-601,5,0
772,24483,-14146,-2015,-3391,16,2372,158,24483,-3655,2494,-965,-134,-6,441,24504,227,5770,2332,-29,-579,4882,24504,7933,-14466,3967,201,533,1068,24483,4840,14047,6799,220,203,-601,5,0
773,24505,-14146,-2062,-3391,16,2372,158,24505,-3655,2494,-965,-142,-6,441,24526,-773,5770,2332,-116,-626,4882,24526,7845,-14518,3967,201,533,1068,24505,4812,14047,6799,220,203,-783,5,0
774,24527,-14124,-2184,-3058,155,2794,218,24527,-3547,2640,-937,-154,3,599,24548,-1773,6410,2499,-231,-678,6419,24548,7750,-14584,4082,178,681,1803,24527,4791,14094,6846,592,477,-910,5,0
775,24549,-14124,-2184,-2982,185,2902,224,24549,-3526,2640,-937,-154,8,612,24570,-1773,6513,2499,-231,-678,6489,24570,7750,-14584,4133,178,681,1920,24549,4791,14094,6846,592,477,-910,5,0
776,24571,-14299,-2184,-2982,185,2902,224,24571,-3526,2640,-937,-166,8,612,24592,-2773,6513,2499,-317,-717,6489,24592,7637,-14634,4133,126,681,1920,24571,4777,14094,6797,592,477,-1005,5,0
777,24593,-14473,-2125,-2304,312,3497,273,24593,-3399,2749,-916,-172,45,767,24614,-3773,7335,2583,-386,-756,7847,24614,7434,-14736,4257,36,723,2741,24593,4766,14229,6689,846,562,-1278,5,0
778,24615,-14473,-2125,-2254,324,3540,273,24615,-3327,2752,-916,-172,48,782,24636,-3773,7348,2583,-386,-756,7980,24636,7434,-14736,4257,36,723,2810,24615,4766,14229,6689,846,562,-1278,5,0
779,24637,-14603,-2125,-2254,324,3540,273,24637,-3327,2752,-916,-172,48,782,24658,-4773,7348,2583,-437,-785,7980,24658,7212,-14905,4257,-33,699,2810,24637,4743,14229,6621,846,562,-1677,5,0
780,24659,-14603,-2176,-1470,471,4147,201,24659,-3081,2853,-893,-168,65,940,24680,-5773,8334,2672,-464,-929,9323,24680,6984,-15068,4359,-85,516,3756,24659,4584,14361,6557,1261,868,-2355,5,0
781,24681,-13603,-2176,-1388,471,4147,201,24681,-3029,2857,-893,-167,65,949,24702,-5773,8348,2789,-464,-929,9426,24702,6984,-15068,4359,-85,516,3906,24681,4584,14376,6557,1459,868,-2355,5,0
782,24703,-13603,-2176,-1388,471,4147,90,24703,-3029,2857,-893,-167,55,949,24724,-6444,8348,2789,-484,-1037,9426,24724,6723,-15216,4359,-88,373,3906,24703,4456,14376,6493,1459,868,-3075,5,0
783,24725,-12603,-2159,-672,534,4149,6,24725,-2662,2952,-856,-132,48,1087,24746,-6677,9235,2948,-636,-1236,10661,24746,6333,-15396,4290,-88,85,5053,24725,4116,14627,6408,2191,1020,-3867,5,0
784,24747,-12603,-2153,-672,534,4149,6,24747,-2626,2960,-818,-124,48,1095,24768,-6677,9257,2952,-636,-1236,10694,24768,6333,-15396,4290,-85,85,5251,24747,4116,14627,6408,2286,1020,-3867,5,0
785,24769,-12603,-2153,-672,534,4149,-9,24769,-2626,2960,-818,-124,48,1095,24790,-6677,9257,2952,-817,-1421,10694,24790,5890,-15485,4238,-85,-176,5251,24769,3752,14627,6283,2286,1020,-4605,5,0
786,24791,-11603,-2040,-20,562,4151,-14,24791,-2286,3037,-754,-79,110,1219,24812,-6539,10058,3246,-1353,-2124,11675,24812,5253,-15551,4199,57,-372,6443,24791,3401,14799,6038,2987,1112,-5417,5,0
787,24813,-11603,-2016,43,562,4195,-14,24813,-2211,3037,-754,-79,110,1225,24834,-6477,10058,3246,-1353,-2124,11675,24834,5253,-15551,4199,100,-372,6514,24813,3401,14799,6038,3149,1112,-5417,5,0
788,24835,-11603,-2016,43,562,4195,-14,24835,-2211,3037,-754,-79,110,1225,24856,-6477,10058,3246,-1789,-2737,11675,24856,4567,-15601,4199,100,-605,6514,24835,3104,14799,5743,3149,1112,-6071,5,0
789,24857,-10603,-1914,609,589,4452,24,24857,-1808,3095,-736,-54,152,1363,24878,-6065,10553,3466,-2974,-3196,12417,24878,3921,-15685,4302,239,-828,7593,24857,2500,14928,5350,3797,1151,-6703,5,0
790,24879,-10603,-1896,609,635,4452,37,24879,-1735,3095,-736,-54,152,1383,24900,-6065,10553,3466,-2974,-3196,12417,24900,3921,-15685,4321,239,-828,7593,24879,2500,15111,5350,3824,1151,-6703,5,0
791,24901,-10603,-1896,609,635,4452,37,24901,-1735,3095,-736,-54,152,1383,24922,-6065,10553,3466,-3862,-3414,12417,24922,3374,-15741,4321,74,-1581,7593,24901,2038,15111,4892,3824,1151,-7177,5,0
792,24923,-9603,-1674,909,596,4424,51,24923,-1385,3106,-754,28,173,1504,24944,-5750,10787,3608,-3862,-3414,12590,24944,2400,-15741,4497,-106,-2411,8221,24923,1083,14884,4492,4291,1238,-7330,5,0
793,24945,-9603,-1674,909,596,4424,51,24945,-1385,3106,-754,28,173,1504,24966,-5750,10787,3608,-3610,-2700,12590,24966,2400,-15600,4497,-106,-2411,8221,24945,1083,14884,4492,4291,1238,-7330,5,0
794,24967,-9603,-1674,909,567,4399,11,24967,-1385,3062,-754,28,77,1504,24988,-5750,10787,3608,-3610,-2700,12382,24988,1400,-15600,4497,-184,-2576,8221,24967,154,14714,4174,4291,1238,-7330,5,0
795,24989,-8603,-1553,965,497,4384,-136,24989,-1157,3029,-741,36,-7,1535,25010,-5514,11028,3707,-2851,-2145,11560,25010,400,-15668,4490,-184,-2576,7978,24989,-508,14714,3174,4374,1303,-6897,5,0
796,25011,-8603,-1553,965,497,4384,-136,25011,-1157,3029,-710,36,-7,1535,25032,-5463,11425,3888,-2851,-2145,11560,25032,400,-15668,4490,-147,-2520,7978,25011,-508,14841,3174,4374,1303,-6803,5,0
797,25033,-8603,-1553,965,444,4384,-298,25033,-1157,3029,-710,36,-54,1489,25054,-5463,11425,3888,-2851,-2145,10442,25054,-421,-15805,4485,-147,-2520,7390,25033,-1057,14841,2354,4182,1166,-6803,5,0
798,25055,-9603,-1832,1054,369,4425,-463,25055,-899,3216,-685,42,-77,1283,25076,-4766,12425,4143,-2309,-1728,8641,25076,-1173,-15911,4485,201,-2219,6430,25055,-1454,15002,2108,3496,879,-5947,5,0
799,25077,-9603,-1832,1314,369,4425,-463,25077,-788,3310,-685,127,-77,1283,25098,-4752,12425,4214,-2309,-1668,8641,25098,-1173,-15911,4500,201,-2219,6430,25077,-1454,15026,2108,3496,879,-5716,5,0
800,25099,-10603,-2042,1314,369,4326,-471,25099,-788,3310,-721,127,-77,1094,25120,-4752,12425,4214,-2309,-1668,7028,25120,-1737,-15987,4500,201,-2219,5615,25099,-1752,15026,1951,2777,293,-5716,5,0
801,25121,-11603,-2042,1812,416,3815,-471,25121,-546,3521,-756,167,-16,889,25142,-4140,13071,4830,-1832,-1231,5727,25142,-2231,-16009,4551,254,-1993,4587,25121,-2133,15165,1898,2187,224,-4597,5,0
802,25143,-11603,-2001,1812,542,3815,-354,25143,-546,3521,-756,167,-16,889,25164,-4045,13071,4878,-1832,-1029,5727,25164,-2231,-16009,4551,254,-1993,4587,25143,-2193,15165,1898,2187,224,-4490,5,0
803,25165,-12591,-2001,1812,542,3416,-354,25165,-546,3521,-782,167,-16,717,25186,-4045,13071,4878,-1832,-1029,4751,25186,-2602,-16009,4551,254,-1993,3477,25165,-2211,15165,1858,1731,224,-4490,5,0
804,25187,-13407,-2016,2149,507,2971,-209,25187,-424,3652,-802,164,19,547,25208,-3341,13613,5250,-1339,-474,3931,25208,-2602,-16009,4589,293,-1105,2402,25187,-2341,15260,1828,1363,610,-3403,5,0
805,25209,-13407,-2016,2149,507,2971,-203,25209,-424,3652,-802,164,19,547,25230,-3241,13613,5250,-1339,-474,3931,25230,-2500,-16009,4589,293,-1105,2402,25209,-2341,15260,1828,1363,610,-3403,5,0
806,25231,-14026,-2034,2149,397,2616,-203,25231,-424,3652,-802,125,19,391,25252,-3241,13613,5250,-1339,-474,3316,25252,-2500,-16009,4584,293,-1105,1709,25231,-2341,15260,1811,1087,610,-3403,5,0
807,25253,-14485,-2096,2530,207,2259,-80,25253,-202,3704,-872,96,35,273,25274,-2512,14001,5529,-1029,-553,2554,25274,-2291,-16009,4584,315,-730,1247,25253,-2408,15473,1720,894,535,-2730,5,0
808,25275,-14485,-2096,2581,207,2259,-80,25275,-202,3704,-872,96,35,273,25296,-2512,14001,5529,-969,-553,2554,25296,-2291,-16009,4664,315,-730,1247,25275,-2408,15473,1720,894,535,-2730,5,0
809,25297,-14829,-2096,2581,-73,1991,-80,25297,-202,3704,-924,71,35,185,25318,-2512,14001,5529,-969,-612,1982,25318,-2291,-16009,4724,314,-730,911,25297,-2459,15473,1720,858,413,-2730,5,0
810,25319,-15021,-2096,2989,-283,1784,11,25319,-35,3742,-965,60,44,126,25340,-2265,14305,5437,-409,-660,1495,25340,-2295,-16006,4724,313,-407,659,25319,-2615,15608,1723,831,255,-2293,5,0
811,25341,-15021,-2087,2989,-283,1784,17,25341,-35,3742,-965,60,44,126,25362,-2265,14401,5437,-409,-660,1495,25362,-2295,-15986,4815,313,-271,659,25341,-2615,15608,1723,831,255,-2293,5,0
812,25363,-15165,-2087,2989,-418,1680,17,25363,-35,3742,-981,57,44,89,25384,-2265,14401,5437,-409,-723,1084,25384,-2295,-15986,4815,313,-271,459,25363,-2818,15608,1723,811,136,-2293,5,0
813,25385,-15165,-2023,3326,-489,1472,64,25385,70,3784,-1001,57,17,68,25406,-2105,14665,5596,-248,-770,776,25406,-2282,-15995,4883,295,81,267,25385,-2970,15661,1613,628,136,-1924,5,0
814,25407,-15216,-2023,3326,-489,1472,67,25407,70,3784,-1001,67,17,68,25428,-2105,14665,5596,-248,-770,776,25428,-2282,-15995,4883,295,81,267,25407,-2970,15661,1613,628,138,-1838,5,0
815,25429,-15324,-2023,3326,-489,1382,67,25429,70,3784,-1008,67,-10,52,25450,-2105,14665,5596,-248,-770,717,25450,-2282,-16012,4883,252,81,123,25429,-3055,15661,1594,491,138,-1838,5,0
816,25451,-15494,-1962,3661,-438,1249,104,25451,149,3824,-1022,72,-29,37,25472,-1892,14863,5683,-180,-209,672,25472,-2258,-16037,4890,201,-16,123,25451,-3065,15721,1570,392,102,-1435,5,0
817,25473,-15494,-1962,3661,-379,1249,142,25473,176,3824,-1022,72,-29,37,25494,-1858,14889,5683,-180,-209,672,25494,-2258,-16043,4890,201,-16,128,25473,-3065,15721,1552,392,102,-1435,5,0
818,25495,-15633,-1962,3661,-379,1145,142,25495,176,3824,-1022,72,-29,25,25516,-1858,14889,5683,-180,-209,639,25516,-2258,-16043,4872,193,-89,128,25495,-3093,15721,1552,334,67,-1435,5,0
819,25517,-15751,-1992,3835,-262,1067,159,25517,223,3858,-1037,72,-10,14,25538,-1707,15057,5777,-91,-49,505,25538,-2287,-16043,4859,193,-89,100,25517,-3134,15730,1522,290,16,-1169,5,0
820,25539,-15751,-1992,3835,-262,1067,159,25539,223,3858,-1037,72,-9,14,25560,-1707,15057,5777,-91,-49,505,25560,-2287,-16032,4859,207,27,100,25539,-3134,15730,1522,290,16,-1169,5,0
821,25561,-15843,-2044,3835,-262,1022,159,25561,223,3858,-1042,72,-9,10,25582,-1707,15057,5777,-91,-49,403,25582,-2287,-16032,4859,207,27,57,25561,-3158,15730,1499,221,16,-1169,5,0
822,25583,-15920,-2083,3941,-227,988,163,25583,258,3874,-1046,77,4,7,25604,-1586,15151,5831,-28,91,286,25604,-2243,-16024,4892,222,152,25,25583,-3183,15737,1482,148,78,-886,5,0
823,25605,-15920,-2083,3941,-227,988,163,25605,275,3874,-1046,77,4,7,25626,-1586,15151,5831,-28,91,286,25626,-2243,-16024,4892,222,152,25,25605,-3183,15747,1482,148,84,-852,5,0
824,25627,-15978,-2083,3941,-227,983,163,25627,275,3874,-1053,77,4,6,25648,-1586,15151,5831,-28,91,199,25648,-2243,-16045,4892,222,152,25,25627,-3185,15747,1463,99,84,-852,5,0
825,25649,-16046,-2068,4066,-226,983,166,25649,308,3886,-1054,80,16,5,25670,-1505,15232,5872,29,227,168,25670,-2288,-16046,4917,220,140,62,25649,-3186,15777,1446,84,62,-628,5,0
826,25671,-16046,-2035,4081,-226,983,166,25671,308,3890,-1054,81,16,5,25692,-1505,15235,5872,29,233,168,25692,-2288,-16046,4941,220,140,62,25671,-3186,15777,1446,84,62,-628,5,0
827,25693,-16062,-2035,4081,-233,983,166,25693,308,3890,-1054,81,16,5,25714,-1505,15235,5872,29,233,145,25714,-2322,-16047,4941,219,131,57,25693,-3187,15777,1432,72,46,-628,5,0
828,25715,-16080,-2063,4186,-239,992,154,25715,332,3902,-1059,79,25,5,25736,-1446,15303,5895,88,429,127,25736,-2347,-16047,4994,183,124,39,25715,-3229,15802,1423,53,46,-460,5,0
829,25737,-16080,-2063,4196,-239,992,154,25737,332,3903,-1059,79,25,6,25758,-1446,15303,5895,102,429,127,25758,-2347,-16047,5001,183,124,39,25737,-3229,15802,1423,53,88,-460,5,0
830,25759,-16094,-2084,4196,-243,992,145,25759,332,3903,-1063,78,25,6,25780,-1446,15303,5895,102,429,96,25780,-2354,-16045,5001,146,110,20,25759,-3238,15799,1415,21,88,-460,5,0
831,25781,-16143,-2084,4254,-243,979,145,25781,344,3910,-1066,70,18,6,25802,-1405,15350,5869,143,503,61,25802,-2364,-16045,5042,117,99,-28,25781,-3267,15793,1415,7,119,-303,5,0
832,25803,-16143,-2072,4265,-231,979,146,25803,344,3910,-1066,70,18,6,25824,-1405,15350,5869,143,503,61,25824,-2364,-16043,5042,117,99,-28,25803,-3267,15793,1367,7,119,-291,5,0
833,25825,-16174,-2072,4265,-231,970,146,25825,344,3910,-1068,65,13,6,25846,-1405,15350,5854,143,503,29,25846,-2364,-16043,5042,96,99,-64,25825,-3267,15793,1361,-15,92,-291,5,0
834,25847,-16197,-2063,4337,-217,970,150,25847,363,3915,-1069,60,10,5,25868,-1370,15388,5838,168,570,11,25868,-2341,-16042,5073,56,112,-83,25847,-3267,15799,1356,-60,71,-157,5,0
835,25869,-16197,-2063,4337,-217,970,150,25869,363,3915,-1070,60,10,5,25890,-1360,15388,5838,168,595,11,25890,-2341,-16037,5073,56,112,-83,25869,-3267,15799,1356,-60,71,-157,5,0
836,25891,-16206,-2065,4337,-217,986,150,25891,363,3915,-1070,56,7,5,25912,-1360,15388,5838,168,595,11,25912,-2341,-16037,5073,21,107,-97,25891,-3225,15799,1356,-94,71,-157,5,0
837,25913,-16206,-2067,4338,-206,986,149,25913,371,3916,-1071,51,5,7,25934,-1307,15429,5823,182,639,-15,25934,-2329,-16029,5067,-5,97,-123,25913,-3217,15804,1355,-121,71,-43,5,0
838,25935,-16206,-2067,4338,-206,1015,149,25935,371,3918,-1071,51,5,7,25956,-1287,15429,5823,187,639,-15,25956,-2329,-16025,5067,-5,97,-123,25935,-3185,15812,1355,-121,79,-32,5,0
839,25957,-16221,-2069,4335,-206,1015,148,25957,371,3918,-1071,47,4,7,25978,-1287,15429,5812,187,589,-48,25978,-2329,-16025,5065,-19,97,-147,25957,-3185,15812,1354,-139,79,-32,5,0
840,25979,-16221,-2082,4321,-250,1015,137,25979,377,3920,-1065,44,4,5,26000,-1217,15464,5812,197,533,-86,26000,-2320,-16019,5063,-29,104,-176,25979,-3179,15826,1353,-152,77,50,5,0
841,26001,-16219,-2082,4321,-250,1036,137,26001,377,3922,-1065,44,4,5,26022,-1217,15464,5812,203,533,-86,26022,-2319,-16016,5063,-29,114,-176,26001,-3155,15826,1353,-152,77,50,5,0
842,26023,-16218,-2092,4310,-295,1036,128,26023,377,3922,-1065,43,4,4,26044,-1217,15464,5795,203,491,-117,26044,-2319,-16016,5063,-37,114,-176,26023,-3155,15826,1353,-152,73,50,5,0
843,26045,-16218,-2100,4302,-332,1048,121,26045,399,3921,-1056,42,0,4,26066,-1175,15472,5776,215,454,-140,26066,-2248,-16005,5058,-48,120,-175,26045,-3137,15827,1361,-139,38,88,5,0
844,26067,-16217,-2100,4302,-332,1048,121,26067,399,3921,-1056,42,0,5,26088,-1175,15472,5776,215,454,-140,26088,-2241,-16005,5058,-48,137,-169,26067,-3137,15827,1361,-127,38,88,5,0
845,26089,-16217,-2105,4302,-382,1048,114,26089,399,3920,-1056,42,-3,5,26110,-1175,15472,5762,215,389,-148,26110,-2241,-16005,5039,-48,137,-169,26089,-3137,15827,1361,-127,7,88,5,0
846,26111,-16215,-2105,4317,-419,1023,102,26111,416,3916,-1057,41,-3,2,26132,-1152,15478,5762,233,377,-150,26132,-2226,-16011,5025,-36,154,-163,26111,-3123,15828,1375,-95,-30,101,5,0
847,26133,-16215,-2091,4317,-419,1023,102,26133,416,3916,-1057,41,6,2,26154,-1152,15490,5795,233,377,-150,26154,-2226,-16011,5025,-34,157,-163,26133,-3123,15828,1375,-94,-30,101,5,0
848,26155,-16215,-2091,4317,-447,1002,90,26155,416,3914,-1058,41,6,0,26176,-1152,15490,5795,233,373,-150,26176,-2237,-16016,5025,-34,157,-163,26155,-3123,15828,1375,-94,-47,86,5,0
849,26177,-16206,-2080,4346,-473,987,68,26177,420,3912,-1062,42,16,-1,26198,-1176,15507,5829,241,370,-119,26198,-2245,-16016,5039,-25,184,-153,26177,-3150,15832,1344,-68,-49,72,5,0
850,26199,-16205,-2080,4356,-473,987,68,26199,420,3912,-1062,42,16,-1,26220,-1176,15507,5829,241,370,-119,26220,-2245,-15997,5053,-22,184,-153,26199,-3150,15832,1344,-68,-49,72,5,0
851,26221,-16205,-2080,4356,-497,987,50,26221,420,3911,-1062,42,16,-1,26622,-1202,15507,5829,241,370,-119,26622,-2245,-15997,5053,-22,184,-153,26221,-3170,15832,1321,-68,-49,64,6,0
852,26623,-16173,-2080,4395,-522,1000,38,26623,423,3911,-1062,41,16,-1,26644,-1205,15511,5806,212,415,-101,26644,-2242,-15982,5071,-42,136,-138,26623,-3170,15820,1321,-73,-36,64,6,0
853,26645,-16168,-2080,4395,-522,1000,38,26645,426,3913,-1062,41,16,-1,26666,-1205,15511,5790,212,415,-101,26666,-2218,-15982,5071,-42,136,-128,26645,-3170,15820,1338,-73,-36,75,6,0
854,26667,-16168,-2080,4395,-522,980,38,26667,426,3913,-1062,40,16,-1,26688,-1207,15511,5789,210,415,-108,26688,-2207,-15988,5071,-53,101,-128,26667,-3170,15820,1338,-76,-36,75,6,0
855,26689,-16166,-2091,4396,-489,965,41,26689,425,3914,-1062,40,17,-1,26710,-1207,15514,5772,189,460,-113,26710,-2187,-16002,5083,-56,75,-99,26689,-3153,15828,1361,-98,-9,98,6,0
856,26711,-16166,-2092,4396,-474,965,43,26711,425,3914,-1058,41,18,-1,26732,-1207,15527,5761,189,460,-113,26732,-2179,-16002,5083,-56,75,-99,26711,-3153,15837,1364,-98,-2,98,6,0
857,26733,-16185,-2092,4396,-474,965,43,26733,421,3914,-1056,41,18,-1,26754,-1209,15527,5760,172,460,-118,26754,-2179,-16012,5076,-56,55,-99,26733,-3153,15837,1364,-109,-2,98,6,0
858,26755,-16186,-2108,4412,-453,988,43,26755,417,3917,-1055,42,17,-2,26776,-1209,15533,5745,159,446,-140,26776,-2155,-16019,5058,-52,32,-77,26755,-3136,15843,1384,-127,25,115,6,0
859,26777,-16186,-2108,4412,-453,988,43,26777,417,3917,-1053,42,17,-2,26798,-1205,15533,5745,159,446,-140,26798,-2155,-16019,5058,-52,32,-75,26777,-3136,15850,1384,-127,30,115,6,0
860,26799,-16186,-2116,4412,-453,986,43,26799,415,3917,-1053,42,16,-2,26820,-1205,15533,5733,150,436,-156,26820,-2155,-16024,5044,-52,21,-75,26799,-3136,15850,1384,-140,30,115,6,0
861,26821,-16159,-2126,4426,-449,956,39,26821,413,3920,-1058,43,15,-2,26842,-1199,15531,5710,131,412,-156,26842,-2129,-16024,5044,-44,21,-44,26821,-3112,15864,1399,-149,44,110,6,0
862,26843,-16159,-2126,4426,-449,956,39,26843,413,3920,-1058,43,15,-2,26864,-1199,15531,5710,131,412,-145,26864,-2129,-16014,5049,-37,44,-44,26843,-3105,15864,1407,-149,44,110,6,0
863,26865,-16167,-2133,4426,-449,933,25,26865,411,3920,-1061,42,15,-3,26886,-1199,15528,5710,131,412,-145,26886,-2129,-16014,5049,-37,44,-44,26865,-3105,15864,1407,-149,44,89,6,0
864,26887,-16180,-2138,4450,-441,916,15,26887,410,3921,-1064,41,17,-9,26908,-1202,15525,5713,134,423,-131,26908,-2113,-16036,5055,-20,82,-31,26887,-3087,15860,1414,-138,55,62,6,0
865,26909,-16180,-2138,4450,-424,916,15,26909,410,3921,-1064,41,24,-9,26930,-1202,15525,5729,134,423,-131,26930,-2109,-16036,5055,-20,89,-31,26909,-3087,15860,1419,-137,55,62,6,0
866,26931,-16207,-2142,4450,-424,916,13,26931,409,3921,-1064,40,24,-13,26952,-1223,15522,5729,134,423,-131,26952,-2109,-16052,5055,-20,89,-31,26931,-3087,15857,1419,-137,54,38,6,0
867,26953,-16233,-2149,4451,-395,925,13,26953,409,3921,-1064,39,31,-16,26974,-1259,15520,5743,134,431,-128,26974,-2115,-16064,5044,-3,131,-13,26953,-3107,15853,1406,-115,33,18,6,0
868,26975,-16233,-2149,4451,-395,925,13,26975,411,3921,-1064,39,31,-16,26996,-1259,15520,5743,134,431,-128,26996,-2115,-16064,5044,-3,131,-10,26975,-3107,15853,1406,-115,33,18,6,0
869,26997,-16252,-2149,4451,-395,925,13,26997,411,3922,-1064,39,31,-16,27018,-1286,15515,5743,134,431,-128,27018,-2124,-16064,5044,-3,131,-10,26997,-3122,15843,1406,-115,17,14,6,0
870,27019,-16268,-2141,4464,-386,937,22,27019,409,3922,-1063,39,29,-14,27040,-1316,15511,5754,134,467,-119,27040,-2127,-16054,5047,12,157,7,27019,-3133,15825,1394,-111,17,12,6,0
871,27041,-16268,-2133,4478,-386,938,22,27041,409,3924,-1063,39,29,-14,27062,-1316,15511,5776,134,467,-115,27062,-2127,-16050,5053,16,157,7,27041,-3133,15825,1394,-111,38,12,6,0
872,27063,-16268,-2133,4478,-386,938,22,27063,409,3924,-1063,39,29,-14,27084,-1339,15508,5776,121,467,-115,27084,-2127,-16050,5053,16,157,7,27063,-3137,15821,1394,-111,38,12,6,0
873,27085,-16261,-2119,4484,-344,963,29,27085,407,3924,-1059,41,31,-17,27106,-1354,15506,5825,97,520,-103,27106,-2124,-16038,5069,14,153,23,27085,-3139,15821,1392,-117,63,22,6,0
874,27107,-16261,-2119,4484,-318,963,29,27107,407,3925,-1049,41,31,-17,27128,-1354,15506,5825,97,520,-88,27128,-2122,-16038,5069,14,153,23,27107,-3139,15824,1392,-117,77,25,6,0
875,27129,-16261,-2119,4484,-318,963,29,27129,406,3925,-1049,41,31,-19,27150,-1354,15501,5825,97,520,-88,27150,-2122,-16045,5069,13,153,23,27129,-3142,15824,1392,-117,80,25,6,0
876,27151,-16255,-2143,4476,-272,971,34,27151,404,3923,-1038,42,34,-23,27172,-1335,15476,5831,103,607,-67,27172,-2120,-16050,5087,13,156,27,27151,-3149,15827,1392,-115,73,30,6,0
877,27173,-16255,-2143,4476,-272,971,34,27173,404,3923,-1038,42,34,-23,27194,-1329,15476,5831,103,615,-64,27194,-2120,-16050,5087,14,180,27,27173,-3149,15827,1394,-110,73,30,6,0
878,27195,-16255,-2161,4450,-272,971,34,27195,401,3914,-1038,42,34,-23,27216,-1329,15451,5831,103,615,-64,27216,-2151,-16050,5087,14,180,27,27195,-3154,15813,1394,-110,65,30,6,0
879,27217,-16216,-2169,4404,-240,1014,41,27217,399,3907,-1031,42,22,-23,27238,-1310,15439,5732,71,947,-41,27238,-2438,-15980,5169,15,236,8,27217,-3197,15788,1395,-83,42,34,6,0
880,27239,-16216,-2169,4404,-237,1042,45,27239,399,3907,-1031,42,22,-23,27260,-1310,15439,5732,71,1288,-41,27260,-2438,-15970,5169,15,380,8,27239,-3197,15788,1395,-83,42,34,6,0
881,27261,-16216,-2175,4307,-237,1042,45,27261,388,3907,-1031,42,10,-23,27282,-1375,15439,5658,14,1288,-41,27282,-2718,-15970,5169,-50,380,-118,27261,-3256,15764,1383,-83,-21,34,6,0
882,27283,-16060,-2185,4123,-223,1411,20,27283,268,3912,-1012,48,1,-46,27304,-1505,15441,5602,-28,1494,-564,27304,-3015,-16012,5160,-188,637,-751,27283,-3438,15676,1361,-106,-228,76,6,0
883,27305,-15982,-2185,4123,-223,1411,20,27305,268,3914,-1012,49,1,-46,27326,-1505,15442,5602,-28,1494,-564,27326,-3015,-16012,5160,-188,674,-751,27305,-3438,15676,1361,-106,-228,81,6,0
884,27327,-15982,-2209,3929,-284,1411,0,27327,135,3914,-1012,49,-2,-126,27348,-1793,15442,5560,-28,1478,-1389,27348,-3327,-16044,5128,-291,674,-1604,27327,-3605,15610,1260,-194,-593,81,6,0
885,27349,-15778,-2238,3627,-542,1163,-90,27349,-4,3914,-994,36,-2,-270,27370,-2612,15342,5376,14,-177,-3389,27370,-3544,-16106,5024,-444,967,-3064,27349,-3802,15518,964,-599,-867,417,6,0
886,27371,-15778,-2238,3627,-542,1163,-90,27371,-4,3914,-984,36,0,-270,27392,-2612,15342,5376,43,-177,-3389,27392,-3544,-16106,5024,-444,1023,-3064,27371,-3802,15518,964,-599,-867,729,6,0
887,27393,-15778,-2401,3354,-737,665,-183,27393,-170,3865,-984,6,0,-434,27414,-3612,14899,5070,43,-522,-5389,27414,-3544,-16106,4932,-444,1023,-4666,27393,-3954,15331,694,-1129,-1004,729,6,0
888,27415,-14778,-2523,3083,-1046,-674,-252,27415,-316,3793,-915,-16,31,-701,27436,-4378,13979,4837,160,-522,-7389,27436,-3087,-16048,4863,-431,1638,-6666,27415,-4339,15128,491,-2310,-1010,2188,6,0
889,27437,-14778,-2523,3083,-1046,-674,-252,27437,-316,3793,-915,-16,31,-701,27458,-4378,13979,4837,260,512,-7389,27458,-2723,-15918,4863,-85,1882,-6666,27437,-4339,15128,491,-2310,-1010,2691,6,0
890,27459,-14778,-2523,2942,-1277,-1980,-252,27459,-316,3739,-915,-16,31,-963,27480,-4378,13289,4678,260,512,-9389,27480,-2723,-15918,4863,-85,1882,-8222,27459,-4339,14925,491,-3618,-1010,2691,6,0
891,27481,-13778,-2379,2836,-1641,-3429,170,27481,-276,3698,-865,-2,1,-1251,27502,-4193,12650,4678,1048,2512,-11389,27502,-1723,-15689,5189,-11,1680,-9172,27481,-3339,14707,907,-4599,-922,4573,6,0
892,27503,-13778,-1956,2836,-1641,-3429,170,27503,-276,3698,-865,-2,1,-1251,27524,-4193,12650,4848,1486,2512,-11389,27524,-1723,-15618,5189,-11,1680,-9172,27503,-3339,14707,1096,-4599,-922,4573,6,0
893,27525,-13778,-1956,2757,-2095,-4516,170,27525,-276,3627,-865,-98,-64,-1467,27546,-4193,12523,4848,1486,2512,-12575,27546,-1723,-15618,5189,-135,685,-9739,27525,-3339,14544,1096,-4780,-922,4573,6,0
894,27547,-12778,-1661,2757,-2436,-4854,226,27547,-317,3450,-864,-223,-155,-1644,27568,-4411,12003,4976,2661,3636,-13464,27568,-779,-15655,5150,-369,-60,-10165,27547,-2355,14487,1550,-4780,-1245,5480,6,0
895,27569,-12778,-1661,2757,-2436,-4854,226,27569,-317,3450,-872,-223,-155,-1644,27590,-4411,12003,4976,2661,3636,-13464,27590,-779,-15655,5150,-369,-60,-10165,27569,-2355,14487,2096,-4780,-1245,5480,6,0
896,27591,-12778,-1661,2690,-2458,-4854,226,27591,-353,3317,-872,-237,-223,-1715,27612,-4719,11613,4976,2661,3240,-14414,27612,-779,-15878,5041,-544,-60,-10460,27591,-2355,14487,2096,-4688,-1472,5480,6,0
897,27613,-11778,-1773,2690,-2473,-4692,268,27613,-540,3187,-872,-248,-274,-1765,27634,-5719,11077,4707,2928,2590,-15127,27634,221,-15878,5039,-703,427,-10578,27613,-1617,14553,2576,-4688,-1643,6135,6,0
898,27635,-11778,-1773,2613,-2473,-4692,349,27635,-540,3187,-791,-248,-274,-1765,27656,-5719,11077,4707,2928,2590,-15127,27656,221,-15783,5007,-703,427,-10578,27635,-1355,14553,2856,-4577,-1643,6135,6,0
899,27657,-11778,-1773,2563,-2484,-5043,349,27657,-721,3090,-791,-248,-289,-1791,27678,-6719,10675,4072,2656,2584,-15326,27678,221,-15783,4924,-703,427,-10578,27657,-1355,14553,2856,-4577,-1771,6135,6,0
900,27679,-10778,-1741,2223,-2492,-5306,286,27679,-933,3017,-730,-228,-300,-1811,27700,-7719,10326,3596,2197,2580,-15341,27700,1221,-15626,4689,-576,58,-10134,27679,-355,14603,3426,-4494,-1867,6170,6,0
901,27701,-10778,-1741,2223,-2492,-5306,286,27701,-933,3017,-730,-228,-300,-1811,27722,-7719,10326,3596,2197,2580,-15341,27722,1221,-15607,4689,-576,58,-9587,27701,-355,14603,3439,-4490,-1867,6170,6,0
902,27723,-11778,-1741,1818,-2492,-5306,159,27723,-1092,3017,-730,-228,-300,-1811,27744,-8719,10064,3206,1853,2577,-15341,27744,1221,-15607,4642,-576,-218,-9587,27723,-355,14603,3439,-4490,-1867,6044,6,0
903,27745,-12624,-2017,1500,-2279,-4861,48,27745,-1550,3056,-716,-101,-163,-1808,27766,-9719,9680,3120,1444,2077,-15304,27766,2221,-15434,4607,-393,-425,-8582,27745,645,14696,4040,-4385,-1450,5566,6,0
904,27767,-12624,-2017,1500,-2002,-4700,48,27767,-1550,3056,-716,-101,-163,-1804,27788,-9719,9680,3120,1444,2077,-15180,27788,2221,-15428,4607,-393,-425,-8493,27767,645,14696,4040,-4385,-1450,5566,6,0
905,27789,-12829,-2261,1354,-2002,-4700,-18,27789,-1959,3056,-719,-101,-163,-1804,27810,-10719,9193,3105,1137,1702,-15180,27810,2221,-15428,4607,-393,-690,-8493,27789,645,14696,4040,-4385,-1450,5086,6,0
906,27811,-12829,-2447,1244,-1451,-4245,-76,27811,-2354,3045,-784,-21,-28,-1751,27832,-10719,8769,3105,842,1414,-14655,27832,3221,-15286,4610,-270,-939,-7272,27811,1645,14663,4515,-3970,-1418,4649,6,0
907,27833,-12630,-2447,1244,-1451,-4245,-76,27833,-2354,3045,-784,-21,-28,-1721,27854,-9719,8769,3117,842,1414,-14317,27854,3221,-15239,4610,-270,-939,-7193,27833,1645,14663,4515,-3970,-1418,4649,6,0
908,27855,-12630,-2584,904,-1451,-4245,-128,27855,-2676,3034,-837,-21,-28,-1721,27876,-9719,8408,3117,708,1300,-14317,27876,3221,-15239,4553,-270,-1128,-7193,27855,1645,14633,4515,-3970,-1968,4246,6,0
909,27877,-12454,-2737,226,-1094,-3960,-205,27877,-2958,3014,-878,39,59,-1617,27898,-8719,8032,3038,648,992,-13212,27898,4221,-15054,4457,-178,-1269,-5902,27877,2520,14556,4829,-3342,-1968,3855,6,0
910,27899,-12267,-2737,226,-993,-3822,-205,27899,-2958,3014,-878,39,59,-1590,27920,-8719,8032,3038,648,992,-13153,27920,4221,-15018,4457,-86,-1269,-5786,27899,2556,14556,4829,-3342,-1921,3855,6,0
911,27921,-12267,-2770,-282,-993,-3822,-287,27921,-3206,2961,-908,39,59,-1590,27942,-8719,7648,2890,648,992,-13153,27942,4221,-15018,4348,-86,-1269,-5786,27921,2556,14499,4829,-3342,-1921,3415,6,0
912,27943,-11934,-2913,-920,-749,-3505,-373,27943,-3412,2886,-933,82,118,-1468,27964,-7719,6959,2705,895,1142,-11769,27964,5220,-14910,4267,51,-1138,-4545,27943,3243,14442,5119,-2614,-1034,2756,6,0
913,27965,-11923,-2913,-920,-744,-3421,-373,27965,-3412,2886,-933,82,118,-1459,27986,-7719,6959,2705,895,1142,-11474,27986,5220,-14906,4267,51,-1034,-4542,27965,3243,14442,5142,-2614,-716,2756,6,0
914,27987,-11923,-2913,-1495,-744,-3421,-438,27987,-3566,2811,-952,82,118,-1459,28008,-7719,6368,2705,895,1142,-11474,28008,5220,-14906,4267,51,-1034,-4542,27987,3243,14360,5142,-2614,-716,2171,6,0
915,28009,-11818,-2902,-1926,-557,-3121,-438,28009,-3726,2671,-998,96,106,-1298,28030,-6719,5605,2713,901,1111,-9733,28030,5944,-14827,4388,102,-793,-3544,28009,3719,14258,5436,-2013,161,1713,6,0
916,28031,-11818,-2823,-1926,-552,-2920,-430,28031,-3726,2671,-998,96,106,-1252,28052,-6719,5605,2713,901,1111,-9474,28052,5944,-14827,4388,102,-773,-3514,28031,3719,14258,5436,-2009,161,1713,6,0
917,28053,-11818,-2823,-2228,-552,-2920,-430,28053,-3846,2532,-1032,96,97,-1252,28074,-6719,5032,2713,842,1087,-9474,28074,5944,-14827,4388,36,-773,-3514,28053,3719,14258,5436,-2009,161,1382,6,0
918,28075,-11884,-2736,-2409,-408,-1982,-377,28075,-3917,2402,-1048,103,90,-1026,28096,-5719,4603,2634,702,1081,-7474,28096,6450,-14841,4376,-18,-591,-2746,28075,4043,14301,5654,-1499,330,1150,6,0
919,28097,-11884,-2694,-2409,-408,-1982,-329,28097,-3917,2402,-1048,103,90,-989,28118,-5719,4603,2634,702,1081,-7474,28118,6450,-14841,4376,-18,-591,-2746,28097,4043,14301,5654,-1499,330,1150,6,0
920,28119,-12190,-2694,-2544,-408,-1982,-329,28119,-3937,2299,-1059,103,85,-989,28140,-5719,4328,2575,502,1077,-7474,28140,6450,-14841,4376,-74,-591,-2746,28119,4043,14301,5654,-1499,330,1024,6,0
921,28141,-12485,-2590,-2646,-415,-1608,-213,28141,-3940,2222,-1059,87,66,-746,28162,-4719,4145,2439,352,1025,-5474,28162,6829,-14679,4367,-144,-400,-2174,28141,4286,14333,5722,-1161,415,929,6,0
922,28163,-12485,-2540,-2646,-415,-1608,-213,28163,-3940,2222,-1046,87,66,-719,28184,-4719,4145,2439,352,1025,-5474,28184,6850,-14679,4367,-144,-398,-2174,28163,4314,14333,5817,-1161,415,929,6,0
923,28185,-13040,-2540,-2671,-420,-1608,-213,28185,-3940,2174,-1046,71,49,-719,28206,-4719,4119,2337,257,954,-5474,28206,6850,-14679,4360,-197,-398,-2174,28185,4314,14331,5817,-1161,415,858,6,0
924,28207,-13714,-2420,-2671,-420,-1399,-140,28207,-3912,2148,-1032,54,36,-481,28228,-3719,4100,2181,195,822,-3474,28228,7150,-14581,4335,-278,-227,-1694,28207,4503,14328,6021,-907,372,746,6,0
925,28229,-13714,-2420,-2671,-395,-1327,-140,28229,-3884,2148,-1032,54,36,-473,28250,-3719,4100,2181,195,822,-3474,28250,7150,-14558,4335,-278,-131,-1662,28229,4503,14328,6021,-907,372,746,6,0
926,28251,-14219,-2420,-2690,-395,-1327,-140,28251,-3884,2140,-1032,37,25,-473,28272,-3719,4100,2168,149,723,-3474,28272,7150,-14558,4316,-339,-131,-1662,28251,4503,14229,6021,-907,372,646,6,0
927,28273,-14571,-2276,-2748,-389,-761,-58,28273,-3793,2140,-1026,7,17,-260,28294,-2719,4112,2168,123,704,-1789,28294,7333,-14484,4316,-432,-26,-1223,28273,4645,14154,6073,-719,419,503,6,0
928,28295,-14571,-2254,-2748,-389,-568,-58,28295,-3793,2142,-1026,7,17,-259,28316,-2719,4112,2241,123,704,-1667,28316,7333,-14460,4319,-432,-26,-1218,28295,4645,14154,6073,-719,419,503,6,0
929,28317,-14639,-2254,-2808,-416,-568,-58,28317,-3793,2142,-1026,-16,17,-259,28338,-2719,4112,2241,123,690,-1667,28338,7333,-14460,4319,-502,-26,-1218,28317,4645,14098,6073,-719,419,395,6,0
930,28339,-14690,-2284,-2998,-437,124,-91,28339,-3758,2143,-1026,-37,20,-78,28360,-1719,4229,2261,142,651,-31,28360,7541,-14454,4321,-504,9,-824,28339,4728,14066,6164,-543,416,264,6,0
931,28361,-14690,-2284,-2998,-438,146,-91,28361,-3758,2154,-1026,-37,24,-67,28382,-1719,4286,2261,144,651,127,28382,7630,-14454,4321,-504,9,-785,28361,4770,14066,6164,-539,416,264,6,0
932,28383,-14690,-2307,-3000,-474,146,-91,28383,-3758,2154,-1056,-70,24,-67,28404,-1719,4286,2226,144,352,127,28404,7630,-14484,4321,-504,9,-785,28383,4795,14066,6164,-539,405,115,6,0
933,28405,-14397,-2318,-3002,-496,972,-37,28405,-3775,2204,-1057,-97,25,103,28426,-719,4646,2200,209,27,1779,28426,7818,-14507,4277,-382,80,-403,28405,4819,14130,6220,-366,383,-77,6,0
934,28427,-14397,-2318,-3002,-496,1096,-6,28427,-3775,2222,-1057,-97,25,126,28448,-719,4690,2200,209,27,1890,28448,7818,-14507,4277,-348,122,-317,28427,4856,14130,6220,-307,383,-77,6,0
935,28449,-14397,-2318,-3002,-512,1096,-6,28449,-3781,2222,-1057,-118,6,126,28470,-719,4690,2144,209,-227,1890,28470,7818,-14507,4244,-348,122,-317,28449,4884,14130,6220,-307,346,-221,6,0
936,28471,-14224,-2154,-2866,-512,1866,69,28471,-3781,2338,-1034,-127,-13,300,28492,281,5360,2102,300,-417,3449,28492,7941,-14468,4240,-162,312,224,28471,4884,14208,6262,-90,338,-362,6,0
937,28493,-14224,-2154,-2760,-464,1866,69,28493,-3704,2401,-995,-127,-13,322,28514,281,5465,2102,300,-417,3549,28514,7941,-14468,4240,-116,380,329,28493,4957,14208,6262,-89,338,-362,6,0
938,28515,-14224,-2154,-2760,-464,1866,69,28515,-3704,2401,-995,-127,-19,322,28536,-719,5465,2102,300,-560,3549,28536,7941,-14468,4240,-116,380,329,28515,4957,14208,6262,-89,338,-481,6,0
939,28537,-14350,-2135,-2565,-428,2270,125,28537,-3608,2564,-949,-121,-19,494,28558,-1719,6177,2132,366,-700,4972,28558,7935,-14474,4287,58,624,1016,28537,4935,14227,6315,175,459,-800,6,0
940,28559,-14350,-2135,-2491,-355,2270,142,28559,-3597,2570,-941,-121,-11,503,28580,-1719,6177,2152,366,-700,5065,28580,7935,-14474,4287,58,624,1138,28559,4935,14227,6315,175,512,-800,6,0
941,28581,-14468,-2135,-2491,-355,2270,142,28581,-3597,2570,-941,-121,-11,503,28602,-2719,6177,2152,355,-805,5065,28602,7899,-14478,4287,58,624,1138,28581,4810,14227,6315,175,512,-1053,6,0
942,28603,-14835,-2121,-2139,-273,2688,205,28603,-3447,2690,-924,-132,0,656,28624,-3719,6725,2190,283,-805,6348,28624,7726,-14496,4322,94,737,1968,28603,4716,14242,6302,324,556,-1273,6,0
943,28625,-14835,-2075,-2031,-170,2797,205,28625,-3383,2690,-924,-132,0,662,28646,-3719,6774,2190,283,-697,6358,28646,7726,-14496,4322,94,737,2035,28625,4716,14242,6302,324,556,-1273,6,0
944,28647,-15110,-2075,-2031,-170,2797,205,28647,-3383,2690,-924,-141,0,662,28668,-4719,6774,2190,258,-697,6358,28668,7575,-14538,4322,-8,737,2035,28647,4646,14242,6292,324,470,-1569,6,0
945,28669,-15110,-2020,-1655,21,3379,179,28669,-3177,2758,-911,-143,14,790,28690,-5719,7378,2249,213,-588,7494,28690,7335,-14664,4422,-110,694,2845,28669,4480,14344,6285,603,405,-1975,6,0
946,28691,-14110,-1989,-1333,103,3650,179,28691,-3150,2758,-892,-143,24,793,28712,-5719,7545,2249,213,-588,7525,28712,7335,-14664,4422,-110,694,2892,28691,4480,14344,6285,718,405,-1975,6,0
947,28713,-14110,-1989,-1333,103,3650,145,28713,-3150,2758,-892,-143,24,793,28734,-6719,7545,2249,176,-588,7525,28734,7089,-14845,4417,-187,653,2892,28713,4356,14344,6279,718,405,-2365,6,0
948,28735,-13110,-1902,-770,353,4216,85,28735,-2900,2856,-833,-128,43,897,28756,-7627,8331,2475,-3,-673,8482,28756,6787,-15020,4389,-187,465,3721,28735,4186,14530,6217,1194,514,-2897,6,0
949,28757,-13110,-1902,-729,353,4216,85,28757,-2830,2863,-825,-117,43,900,28778,-7627,8429,2475,-3,-673,8507,28778,6787,-15020,4389,-141,465,3830,28757,4186,14562,6217,1277,531,-2897,6,0
950,28779,-13110,-1902,-729,353,4216,7,28779,-2830,2863,-825,-117,43,900,28800,-7962,8429,2475,-302,-736,8507,28800,6508,-15157,4381,-141,230,3830,28779,4058,14562,6159,1277,531,-3357,6,0
951,28801,-12110,-1870,-117,498,4222,-106,28801,-2540,3001,-764,-73,57,987,28822,-8113,9305,2684,-578,-833,9515,28822,5961,-15318,4375,47,-177,4806,28801,3697,14726,5995,1817,709,-3887,6,0
952,28823,-12110,-1870,-35,498,4222,-106,28823,-2508,3001,-764,-73,67,993,28844,-8113,9374,2684,-578,-833,9515,28844,5961,-15318,4375,97,-177,4916,28823,3697,14726,5995,1897,715,-3887,6,0
953,28845,-12110,-1870,-35,498,4222,-190,28845,-2508,3001,-764,-73,67,993,28866,-8113,9374,2684,-845,-905,9515,28866,5471,-15436,4375,97,-481,4916,28845,3326,14726,5864,1897,715,-4353,6,0
954,28867,-11110,-1793,551,619,4187,-190,28867,-2201,3089,-725,-73,90,1071,28888,-7813,10124,2882,-1146,-1602,10210,28888,4927,-15480,4421,328,-653,5814,28867,2872,14879,5573,2480,920,-4828,6,0
955,28889,-11110,-1786,552,738,4187,-175,28889,-2173,3089,-725,-73,91,1072,28910,-7780,10124,2961,-1146,-1602,10210,28910,4927,-15480,4446,328,-653,5857,28889,2872,14958,5573,2500,920,-4828,6,0
956,28911,-11110,-1786,552,738,4160,-175,28911,-2173,3089,-725,-73,91,1072,28932,-7780,10124,2961,-1523,-2125,10210,28932,4490,-15513,4446,328,-782,5857,28911,2479,14961,5354,2500,920,-5274,6,0
957,28933,-10110,-1671,1021,883,4160,-88,28933,-1866,3135,-748,-73,143,1150,28954,-7419,10628,3221,-2329,-2734,10670,28954,3879,-15565,4570,404,-782,6685,28933,1941,15069,5081,2941,938,-5625,6,0
958,28955,-10110,-1671,1095,883,4237,-88,28955,-1814,3156,-748,-73,170,1152,28976,-7123,10628,3316,-2329,-2734,10670,28976,3879,-15565,4603,404,-782,6685,28955,1941,15137,5081,2941,938,-5625,6,0
959,28977,-10110,-1671,1095,883,4237,-88,28977,-1814,3156,-765,-73,170,1152,28998,-7123,10628,3316,-3438,-3137,10670,28998,3329,-15604,4603,227,-885,6685,28977,1510,15137,4841,2941,938,-5858,6,0
960,28999,-9110,-1691,1547,985,4232,-11,28999,-1488,3222,-778,-10,210,1228,29020,-6630,11288,3621,-4269,-3439,10865,29020,2645,-15695,4670,-53,-1246,7222,28999,1038,15203,4537,3259,1054,-5981,6,0
961,29021,-9110,-1691,1547,985,4232,-11,29021,-1488,3222,-778,39,210,1251,29042,-6630,11288,3741,-4269,-3439,10865,29042,2645,-15695,4670,-53,-1246,7222,29021,1038,15203,4537,3259,1086,-5981,6,0
962,29043,-9110,-1706,1547,985,4158,-11,29043,-1488,3222,-778,39,210,1251,29064,-6630,11288,3741,-4269,-3439,10810,29064,1958,-15728,4670,-378,-1661,7222,29043,478,15203,4287,3259,1086,-5981,6,0
963,29065,-8110,-1731,1795,1065,4095,59,29065,-1243,3255,-755,115,132,1330,29086,-6137,11802,4214,-3821,-2961,10650,29086,1230,-15788,4720,-507,-2081,7485,29065,-75,15186,3941,3407,1181,-5777,6,0
964,29087,-8110,-1731,1795,1084,4095,59,29087,-1243,3255,-755,115,132,1330,29108,-5989,12020,4214,-3741,-2818,10650,29108,1230,-15788,4720,-507,-2081,7485,29087,-75,15186,3941,3407,1197,-5681,6,0
965,29109,-8110,-1766,1795,1084,3982,36,29109,-1243,3255,-755,115,70,1330,29130,-5989,12020,4214,-3741,-2818,10330,29130,434,-15833,4600,-507,-2365,7485,29109,-502,15186,3633,3407,1197,-5681,6,0
966,29131,-7110,-1807,1981,1165,3897,-30,29131,-999,3326,-724,146,27,1286,29152,-5407,12603,4412,-2991,-2067,9521,29152,-313,-15872,4473,-387,-2365,7109,29131,-926,15173,3020,3317,1228,-5359,6,0
967,29153,-7110,-1807,1981,1165,3897,-30,29153,-965,3362,-724,146,27,1286,29174,-5407,12603,4412,-2925,-1960,9521,29174,-313,-15872,4473,-200,-2263,7109,29153,-926,15173,3020,3317,1228,-5352,6,0
968,29175,-7110,-1839,1981,1165,3771,-79,29175,-965,3362,-724,146,27,1191,29196,-5407,12603,4412,-2925,-1960,8594,29196,-951,-15872,4473,-200,-2263,6648,29175,-1262,15160,2611,3113,939,-5352,6,0
969,29197,-8110,-1970,2147,917,3426,-116,29197,-706,3507,-714,206,32,1025,29218,-4911,13116,4802,-2282,-1323,7247,29218,-1564,-15864,4546,142,-2151,6060,29197,-1759,15151,2382,2586,723,-4767,6,0
970,29219,-8110,-1970,2197,917,3426,-116,29219,-706,3507,-714,206,39,1025,29240,-4859,13157,4871,-2282,-1323,7247,29240,-1564,-15810,4570,142,-2033,6060,29219,-1759,15151,2382,2586,723,-4576,6,0
971,29241,-9110,-2068,2197,703,3105,-147,29241,-706,3507,-738,206,39,891,29262,-4859,13157,4871,-2282,-1323,6128,29262,-2088,-15810,4570,142,-2033,5451,29241,-2132,15151,2210,2047,692,-4576,6,0
972,29263,-10110,-2126,2391,570,2751,-153,29263,-596,3635,-775,217,48,766,29284,-4223,13710,5173,-1808,-644,5153,29284,-2723,-15765,4674,278,-1854,4323,29263,-2264,15321,2081,1611,692,-3578,6,0
973,29285,-10110,-2126,2408,570,2751,-153,29285,-596,3644,-775,217,48,766,29306,-4051,13710,5173,-1808,-644,5153,29306,-2723,-15765,4674,278,-1480,4323,29285,-2264,15388,2081,1611,692,-3578,6,0
974,29307,-11110,-2126,2408,562,2485,-153,29307,-596,3644,-804,217,48,662,29328,-4051,13710,5173,-1808,-644,4558,29328,-2802,-15765,4674,278,-1480,3100,29307,-2332,15388,2081,1271,669,-3578,6,0
975,29329,-12110,-2074,2793,562,2284,-113,29329,-513,3753,-832,174,48,514,29350,-3203,14073,5388,-1411,90,4140,29350,-2802,-15843,4811,174,-583,2076,29329,-2339,15566,2083,1030,669,-2880,6,0
976,29351,-12110,-2074,2836,633,2284,3,29351,-448,3753,-832,174,48,514,29372,-3203,14073,5399,-1295,253,4140,29372,-2661,-15843,4811,174,-583,2076,29351,-2342,15566,2083,1030,711,-2880,6,0
977,29373,-13046,-2074,2836,633,2127,3,29373,-448,3753,-853,121,46,376,29394,-3203,14073,5399,-1295,253,3879,29394,-2661,-15902,4811,81,-583,1382,29373,-2344,15566,2083,989,711,-2880,6,0
978,29395,-13748,-2110,3067,480,1936,128,29395,-238,3805,-868,81,45,258,29416,-2729,14328,5618,-833,769,3683,29416,-2440,-15946,4839,11,-396,942,29395,-2464,15694,2048,979,743,-2593,6,0
979,29417,-13748,-2110,3067,480,1936,128,29417,-238,3805,-868,81,45,258,29438,-2729,14328,5618,-819,769,3683,29438,-2440,-15946,4839,11,-396,942,29417,-2464,15694,2048,979,743,-2593,6,0
980,29439,-14268,-2204,3067,271,1787,128,29439,-238,3805,-875,70,45,169,29460,-2729,14328,5618,-819,769,3329,29460,-2440,-15984,4772,11,-396,652,29439,-2659,15656,1967,971,743,-2593,6,0
981,29461,-14658,-2300,3222,-15,1597,154,29461,-83,3821,-894,70,57,119,29482,-2455,14648,5586,-372,504,2355,29482,-2350,-16013,4719,15,-256,451,29461,-2838,15628,1779,881,658,-2365,6,0
982,29483,-14658,-2300,3240,-15,1597,154,29483,-83,3821,-894,76,57,119,29504,-2455,14648,5586,-370,504,2355,29504,-2350,-16013,4719,65,13,451,29483,-2838,15628,1779,881,658,-2184,6,0
983,29505,-14955,-2307,3240,-229,1454,154,29505,-83,3821,-929,76,31,108,29526,-2455,14648,5562,-370,220,1535,29526,-2350,-16034,4719,65,13,301,29505,-2929,15628,1676,643,524,-2184,6,0
984,29527,-15173,-2307,3535,-267,1345,167,29527,32,3850,-935,84,-8,100,29548,-2142,14850,5562,-220,92,920,29548,-2286,-16042,4778,117,247,189,29527,-2991,15644,1603,464,400,-1574,6,0
985,29549,-15173,-2253,3535,-267,1345,167,29549,36,3867,-935,84,-8,100,29570,-2142,14850,5573,-220,92,920,29570,-2286,-16042,4792,117,247,189,29549,-2991,15653,1603,464,400,-1574,6,0
986,29571,-15173,-2253,3535,-267,1345,167,29571,36,3867,-960,84,-34,94,29592,-2142,14850,5573,-220,92,624,29592,-2286,-16042,4792,83,247,135,29571,-3023,15653,1578,330,242,-1574,6,0
987,29593,-14173,-2115,3756,-252,1349,150,29593,118,3876,-979,79,-34,67,29614,-1846,14977,5601,-188,241,545,29614,-2285,-16070,4847,41,119,94,29593,-3047,15682,1536,218,123,-1122,6,0
988,29615,-14173,-2115,3756,-241,1349,150,29615,120,3876,-979,79,-21,67,29636,-1846,14977,5601,-188,345,545,29636,-2309,-16070,4847,41,119,94,29615,-3047,15728,1536,218,123,-1122,6,0
989,29637,-14173,-2115,3756,-241,1321,138,29637,120,3876,-993,75,-21,35,29658,-1846,14977,5601,-188,345,486,29658,-2309,-16070,4847,26,26,59,29637,-3065,15728,1536,134,102,-1122,6,0
990,29659,-14632,-2175,3996,-281,1321,123,29659,155,3897,-1003,72,8,11,29680,-1518,15083,5649,-77,437,409,29680,-2327,-16091,4818,26,-29,32,29659,-3078,15780,1555,134,86,-875,6,0
991,29681,-14632,-2175,3996,-281,1323,123,29681,155,3897,-1003,72,8,11,29702,-1518,15105,5649,-77,437,409,29702,-2327,-16091,4818,71,-29,32,29681,-3078,15780,1555,150,86,-875,6,0
992,29703,-14977,-2220,3996,-333,1324,100,29703,155,3897,-1011,72,8,11,29724,-1518,15105,5649,-77,430,271,29724,-2327,-16091,4818,71,-29,-23,29703,-3130,15766,1510,150,-60,-875,6,0
993,29725,-15230,-2254,4112,-550,1324,93,29725,182,3906,-1025,75,6,11,29746,-1433,15185,5667,34,240,-8,29746,-2342,-16089,4839,107,196,-130,29725,-3172,15747,1510,164,-185,-689,6,0
994,29747,-15230,-2254,4112,-550,1326,93,29747,191,3906,-1025,75,6,19,29768,-1433,15201,5667,34,240,-8,29768,-2353,-16089,4839,122,197,-130,29747,-3172,15747,1518,164,-185,-634,6,0
995,29769,-15469,-2254,4112,-712,1326,75,29769,191,3906,-1035,75,-8,19,29790,-1433,15201,5667,34,145,-160,29790,-2353,-16089,4839,122,197,-236,29769,-3204,15747,1518,164,-273,-634,6,0
996,29791,-15649,-2227,4215,-794,1368,61,29791,214,3913,-1048,74,-8,23,29812,-1383,15277,5708,110,134,-223,29812,-2361,-16087,4892,113,325,-365,29791,-3226,15785,1480,135,-396,-430,6,0
997,29813,-15649,-2142,4271,-794,1368,61,29813,214,3913,-1048,74,-5,23,29834,-1383,15277,5708,149,134,-223,29834,-2361,-16087,4892,113,325,-365,29813,-3226,15785,1480,135,-396,-430,6,0
998,29835,-15801,-2142,4271,-839,1342,60,29835,214,3913,-1058,70,-5,11,29856,-1383,15277,5708,149,134,-223,29856,-2361,-16093,4892,79,290,-428,29835,-3252,15785,1452,107,-417,-430,6,0
999,29857,-15899,-2141,4467,-869,1280,59,29857,231,3911,-1061,66,2,-1,29878,-1385,15339,5756,163,233,-181,29878,-2304,-16093,4922,54,192,-428,29857,-3267,15808,1429,86,-417,-327,6,0
1000,29879,-15899,-2141,4467,-869,1280,59,29879,246,3911,-1061,66,2,-1,29900,-1385,15339,5756,164,237,-181,29900,-2304,-16081,4922,54,192,-409,29879,-3267,15808,1429,86,-394,-327,6,0
1001,29901,-15973,-2142,4467,-869,1186,58,29901,246,3900,-1063,61,2,-1,29922,-1385,15339,5756,164,237,-181,29922,-2304,-16081,4922,54,118,-409,29901,-3278,15802,1425,42,-394,-327,6,0
1002,29923,-16004,-2144,4520,-859,1116,47,29923,268,3892,-1065,57,-15,2,29944,-1369,15379,5775,162,302,-184,29944,-2270,-16071,4934,63,118,-375,29923,-3312,15787,1422,9,-205,-194,6,0
1003,29945,-16004,-2144,4520,-847,1116,47,29945,268,3892,-1065,57,-15,13,29966,-1366,15379,5775,162,302,-184,29966,-2270,-16071,4934,63,147,-375,29945,-3312,15787,1422,9,-205,-193,6,0
1004,29967,-16025,-2146,4520,-847,1107,35,29967,268,3892,-1067,57,-27,13,29988,-1366,15379,5775,162,302,-202,29988,-2270,-16091,4934,63,147,-375,29967,-3317,15787,1420,-15,-205,-193,6,0
1005,29989,-16065,-2146,4555,-824,1107,30,29989,284,3909,-1067,58,-36,24,30010,-1309,15409,5789,168,314,-220,30010,-2237,-16106,4952,53,102,-350,29989,-3320,15797,1419,-49,-189,-72,6,0
1006,30011,-16065,-2145,4555,-815,1125,30,30011,284,3909,-1067,58,-36,24,30032,-1294,15409,5798,189,314,-220,30032,-2217,-16106,4952,53,102,-344,30011,-3320,15798,1419,-49,-189,-72,6,0
1007,30033,-16095,-2145,4555,-815,1125,30,30033,284,3909,-1067,54,-40,24,30054,-1294,15409,5798,189,261,-244,30054,-2217,-16106,4952,44,58,-344,30033,-3320,15798,1419,-74,-189,-72,6,0
1008,30055,-16143,-2144,4579,-789,1135,34,30055,306,3915,-1067,50,-41,26,30076,-1238,15419,5771,210,261,-252,30076,-2177,-16060,4954,39,25,-331,30055,-3277,15806,1442,-89,-179,8,6,0
1009,30077,-16143,-2144,4579,-782,1135,34,30077,306,3915,-1067,50,-41,26,30098,-1238,15419,5771,210,261,-252,30098,-2177,-16060,4954,39,25,-331,30077,-3277,15806,1442,-89,-179,8,6,0
1010,30099,-16143,-2144,4579,-782,1135,34,30099,306,3911,-1068,48,-41,26,30120,-1238,15419,5771,210,220,-257,30120,-2177,-16065,4954,39,25,-331,30099,-3277,15806,1442,-89,-179,8,6,0
1011,30121,-16139,-2142,4597,-756,1074,45,30121,327,3911,-1079,48,-40,27,30142,-1200,15458,5772,223,214,-265,30142,-2128,-16068,4954,57,116,-321,30121,-3244,15816,1444,-81,-171,53,6,0
1012,30143,-16139,-2142,4601,-756,1074,47,30143,330,3918,-1079,49,-40,27,30164,-1200,15458,5772,231,214,-267,30164,-2128,-16068,4969,57,116,-316,30143,-3234,15822,1444,-77,-171,53,6,0
1013,30165,-16139,-2142,4601,-756,1028,47,30165,330,3918,-1079,49,-40,27,30186,-1200,15458,5772,231,214,-267,30186,-2128,-16068,4971,57,116,-316,30165,-3234,15822,1444,-77,-171,53,6,0
1014,30187,-16163,-2138,4609,-719,1003,64,30187,350,3921,-1070,46,-33,28,30208,-1179,15481,5761,246,220,-267,30208,-2120,-16064,4982,50,159,-304,30187,-3222,15834,1446,-57,-215,69,6,0
1015,30209,-16163,-2126,4609,-719,1003,64,30209,350,3921,-1070,46,-33,28,30230,-1179,15481,5761,246,221,-251,30230,-2120,-16064,4987,50,159,-286,30209,-3222,15834,1444,-49,-215,69,6,0
1016,30231,-16188,-2126,4609,-719,993,64,30231,350,3919,-1070,43,-33,28,30252,-1179,15481,5748,246,221,-251,30252,-2138,-16064,4987,44,159,-286,30231,-3222,15834,1444,-49,-215,69,6,0
1017,30253,-16207,-2105,4611,-708,985,69,30253,359,3917,-1065,41,-27,27,30274,-1197,15502,5722,240,238,-220,30274,-2138,-16084,4995,29,200,-264,30253,-3213,15834,1410,-24,-200,79,6,0
1018,30275,-16207,-2105,4611,-708,985,69,30275,359,3917,-1065,41,-27,27,30296,-1197,15502,5722,240,238,-220,30296,-2112,-16084,5007,29,200,-260,30275,-3212,15834,1410,-24,-200,79,6,0
1019,30297,-16220,-2105,4611,-708,979,69,30297,359,3909,-1065,40,-27,26,30318,-1221,15502,5705,240,238,-220,30318,-2093,-16091,5007,18,200,-260,30297,-3212,15834,1379,-24,-200,79,6,0
1020,30319,-16230,-2093,4613,-700,972,65,30319,373,3909,-1061,39,-27,26,30340,-1242,15506,5705,214,267,-194,30340,-2093,-16096,5022,4,162,-218,30319,-3205,15833,1349,-18,-180,85,6,0
1021,30341,-16230,-2093,4613,-684,972,65,30341,373,3918,-1061,39,-27,29,30362,-1242,15506,5707,214,267,-194,30362,-2054,-16096,5022,4,162,-215,30341,-3205,15833,1349,-18,-180,85,6,0
1022,30363,-16232,-2093,4613,-684,969,58,30363,373,3918,-1061,39,-27,29,30384,-1243,15506,5707,214,267,-194,30384,-2054,-16096,5022,-1,134,-215,30363,-3205,15833,1349,-34,-180,85,6,0
1023,30385,-16234,-2093,4601,-638,969,44,30385,386,3917,-1061,39,-21,26,30406,-1244,15509,5709,218,295,-175,30406,-2025,-16095,5044,-6,113,-168,30385,-3195,15825,1351,-46,-130,104,6,0
1024,30407,-16234,-2093,4601,-625,970,44,30407,386,3917,-1061,39,-21,26,30788,-1244,15510,5709,218,295,-175,30788,-2018,-16095,5044,-6,113,-168,30407,-3195,15825,1358,-46,-130,106,7,0
1025,30789,-16234,-2093,4592,-625,970,34,30789,386,3916,-1061,39,-21,24,30810,-1245,15510,5705,208,295,-175,30810,-2018,-16095,5044,-6,113,-168,30789,-3195,15820,1358,-53,-130,106,7,0
1026,30811,-16243,-2099,4582,-569,981,30,30811,396,3910,-1052,37,-15,22,30832,-1249,15513,5698,186,369,-129,30832,-1992,-16061,5066,-2,124,-134,30811,-3185,15817,1358,-58,-117,122,7,0
1027,30833,-16243,-2099,4582,-560,981,30,30833,396,3910,-1048,37,-15,22,30854,-1249,15513,5698,186,394,-129,30854,-1992,-16061,5066,-2,125,-133,30833,-3185,15817,1358,-58,-117,122,7,0
1028,30855,-16243,-2104,4578,-560,979,30,30855,396,3910,-1048,35,-15,21,30876,-1285,15513,5697,169,394,-129,30876,-1992,-16061,5066,-2,125,-133,30855,-3185,15817,1353,-61,-117,122,7,0
1029,30877,-16241,-2104,4574,-475,941,49,30877,404,3915,-1047,33,-9,18,30898,-1376,15507,5697,161,416,-103,30898,-1994,-16050,5073,9,134,-90,30877,-3177,15829,1331,-67,-82,127,7,0
1030,30899,-16241,-2104,4574,-475,941,49,30899,404,3915,-1047,33,-4,18,30920,-1376,15507,5697,161,416,-103,30920,-1994,-16050,5073,9,134,-90,30899,-3164,15831,1331,-67,-55,127,7,0
1031,30921,-16241,-2105,4574,-475,907,49,30921,404,3915,-1056,33,-4,16,30942,-1376,15499,5692,161,416,-103,30942,-2038,-16050,5073,9,134,-90,30921,-3164,15831,1315,-77,-55,127,7,0
1032,30943,-16239,-2105,4594,-438,881,61,30943,404,3919,-1062,40,3,13,30964,-1345,15472,5688,170,398,-101,30964,-2071,-16042,5078,2,155,-87,30943,-3164,15843,1315,-87,-9,127,7,0
1033,30965,-16223,-2092,4594,-438,881,61,30965,404,3919,-1066,40,5,13,30986,-1345,15472,5688,170,398,-101,30986,-2071,-16042,5078,2,155,-87,30965,-3155,15844,1325,-87,-9,127,7,0
1034,30987,-16223,-2092,4594,-438,881,61,30987,404,3915,-1067,40,5,11,31008,-1345,15450,5685,170,384,-101,31008,-2071,-16042,5078,-3,155,-87,30987,-3155,15844,1325,-94,-9,127,7,0
1035,31009,-16227,-2096,4610,-423,882,70,31009,404,3915,-1069,45,4,10,31030,-1320,15435,5671,177,364,-97,31030,-2039,-16050,5080,-9,173,-84,31009,-3148,15851,1332,-99,17,114,7,0
1036,31031,-16227,-2096,4610,-423,882,70,31031,411,3916,-1070,45,4,10,31052,-1320,15435,5671,177,364,-94,31052,-2039,-16050,5080,-9,173,-66,31031,-3148,15851,1332,-99,17,114,7,0
1037,31053,-16238,-2099,4610,-423,869,70,31053,411,3916,-1070,45,4,7,31074,-1320,15435,5664,177,346,-94,31074,-2042,-16052,5080,-9,173,-66,31053,-3148,15851,1332,-101,17,95,7,0
1038,31075,-16246,-2103,4621,-383,858,61,31075,427,3915,-1071,44,10,2,31096,-1323,15456,5664,182,332,-78,31096,-2062,-16060,5095,4,169,-33,31075,-3167,15856,1338,-102,44,72,7,0
1039,31097,-16246,-2103,4621,-359,858,61,31097,427,3915,-1071,44,15,2,31118,-1323,15456,5676,189,332,-78,31118,-2062,-16060,5096,4,169,-28,31097,-3167,15856,1338,-102,44,72,7,0
1040,31119,-16246,-2106,4621,-359,849,61,31119,427,3915,-1077,43,15,-5,31140,-1323,15456,5676,189,332,-78,31140,-2077,-16060,5096,4,156,-28,31119,-3181,15856,1338,-121,44,72,7,0
1041,31141,-16243,-2106,4626,-311,843,60,31141,420,3914,-1085,41,37,-10,31162,-1313,15471,5680,175,350,-72,31162,-2094,-16060,5108,-4,144,-5,31141,-3191,15859,1355,-135,86,77,7,0
1042,31163,-16241,-2106,4626,-311,843,60,31163,420,3914,-1085,41,37,-10,31184,-1298,15471,5680,175,366,-72,31184,-2094,-16053,5114,-4,144,-5,31163,-3191,15863,1355,-135,86,83,7,0
1043,31185,-16241,-2102,4626,-311,831,59,31185,412,3914,-1088,41,37,-10,31206,-1298,15471,5678,175,366,-72,31206,-2122,-16053,5114,-10,144,-5,31185,-3199,15863,1355,-139,86,83,7,0
1044,31207,-16245,-2102,4639,-337,831,58,31207,402,3914,-1088,41,38,-7,31228,-1279,15482,5678,164,429,-58,31228,-2143,-16068,5121,-16,157,-29,31207,-3199,15853,1368,-142,87,92,7,0
1045,31229,-16245,-2102,4643,-337,840,58,31229,402,3914,-1085,42,38,-7,31250,-1264,15487,5680,164,429,-58,31250,-2143,-16068,5121,-16,175,-29,31229,-3198,15853,1368,-142,87,92,7,0
1046,31251,-16248,-2109,4643,-360,840,58,31251,397,3914,-1085,42,34,-7,31272,-1264,15487,5680,164,429,-58,31272,-2143,-16068,5121,-20,175,-47,31251,-3198,15853,1368,-143,78,92,7,0
1047,31273,-16251,-2116,4656,-405,871,58,31273,397,3917,-1083,43,26,-5,31294,-1260,15493,5692,161,441,-51,31294,-2123,-16057,5093,-30,156,-49,31273,-3197,15845,1378,-144,63,98,7,0
1048,31295,-16251,-2116,4657,-405,871,63,31295,401,3917,-1083,43,26,-4,31316,-1260,15493,5692,161,441,-51,31316,-2113,-16054,5093,-30,156,-49,31295,-3197,15845,1378,-144,63,98,7,0
1049,31317,-16251,-2116,4657,-416,871,63,31317,401,3916,-1083,42,22,-4,31338,-1260,15493,5692,161,441,-51,31338,-2113,-16054,5072,-34,142,-50,31317,-3197,15845,1378,-144,51,98,7,0
1050,31339,-16256,-2110,4647,-424,894,65,31339,413,3913,-1080,41,22,-3,31360,-1260,15501,5700,155,455,-40,31360,-2090,-16046,5057,-34,142,-51,31339,-3192,15849,1386,-135,43,99,7,0
1051,31361,-16256,-2110,4647,-424,894,65,31361,413,3913,-1080,41,23,-3,31382,-1260,15501,5700,155,488,-40,31382,-2090,-16046,5057,-31,150,-51,31361,-3192,15849,1386,-135,43,99,7,0
1052,31383,-16260,-2110,4597,-424,894,65,31383,413,3912,-1080,40,23,-3,31404,-1260,15501,5696,137,488,-40,31404,-2090,-16046,5057,-31,150,-51,31383,-3196,15849,1386,-135,43,99,7,0
1053,31405,-16263,-2123,4557,-410,940,67,31405,420,3912,-1077,39,22,-3,31426,-1229,15480,5682,124,561,-29,31426,-2084,-16040,5069,-32,156,-62,31405,-3199,15852,1391,-124,44,113,7,0
1054,31427,-16263,-2123,4557,-395,977,75,31427,420,3912,-1077,39,22,-3,31448,-1229,15480,5682,124,630,-23,31448,-2084,-16016,5077,-32,172,-62,31427,-3199,15852,1391,-124,44,113,7,0
1055,31449,-16263,-2138,4517,-395,977,75,31449,420,3912,-1077,39,20,-4,31470,-1229,15465,5664,80,630,-23,31470,-2103,-16016,5077,-33,172,-75,31449,-3211,15840,1391,-124,28,113,7,0
1056,31471,-16243,-2149,4390,-364,1135,83,31471,409,3912,-1068,38,15,-12,31492,-1417,15453,5586,-5,1401,-120,31492,-2294,-15939,5190,-45,243,-273,31471,-3385,15762,1363,-95,-166,134,7,0
1057,31493,-16171,-2149,4390,-364,1208,83,31493,409,3912,-1055,38,15,-12,31514,-1417,15453,5586,-5,1401,-120,31514,-2294,-15939,5190,-45,243,-273,31493,-3385,15762,1363,-95,-166,187,7,0
1058,31515,-16171,-2178,4178,-411,1208,51,31515,379,3912,-1055,38,5,-30,31536,-1558,15452,5451,-82,1401,-471,31536,-2464,-15939,5190,-67,243,-534,31515,-3515,15703,1304,-95,-311,187,7,0
1059,31537,-15965,-2196,3935,-645,1611,7,31537,275,3928,-1043,32,-6,-90,31558,-1790,15452,5350,-140,266,-1771,31558,-2786,-15954,5152,-204,375,-1130,31537,-3641,15578,1209,-296,-409,494,7,0
1060,31559,-15841,-2196,3935,-645,1611,7,31559,275,3956,-1043,32,-6,-90,31580,-1790,15452,5350,-140,266,-1771,31580,-2786,-15954,5152,-204,375,-1130,31559,-3641,15578,1209,-296,-409,682,7,0
1061,31581,-15841,-2269,3753,-823,1611,-26,31581,179,3956,-1043,32,-7,-162,31602,-1974,15426,5263,-140,-593,-3239,31602,-3191,-16022,5097,-309,375,-1945,31581,-3738,15484,1095,-548,-455,682,7,0
1062,31603,-15476,-2300,3545,-997,695,-26,31603,96,3969,-1034,52,-7,-292,31624,-2723,14651,5198,165,-1427,-5239,31624,-3495,-16073,4935,-430,647,-3468,31603,-3974,15383,886,-1170,-510,1349,7,0
1063,31625,-15470,-2300,3545,-997,695,-18,31625,96,3969,-1034,52,-7,-292,31646,-2723,14651,5198,165,-1427,-5239,31646,-3495,-16073,4935,-430,752,-3468,31625,-3974,15383,886,-1170,-510,1709,7,0
1064,31647,-15470,-2324,3349,-1127,-513,-18,31647,-35,3943,-1034,42,-7,-441,31668,-3285,14070,4804,29,-1427,-7239,31668,-3495,-16111,4814,-430,752,-5204,31647,-4151,15288,729,-2109,-520,1709,7,0
1065,31669,-14470,-2324,3116,-1225,-2513,-10,31669,-228,3846,-899,34,72,-776,31690,-3916,13524,4804,-72,-1181,-9239,31690,-3408,-16151,4814,-348,1361,-7183,31669,-4151,15191,729,-3350,-520,3221,7,0
1066,31691,-14470,-2265,3116,-1225,-2513,230,31691,-228,3846,-899,34,72,-776,31712,-3916,13524,5031,-72,573,-9239,31712,-2495,-16151,4818,-268,1361,-7183,31691,-3918,15191,904,-3350,-520,3419,7,0
1067,31713,-14470,-2265,2942,-1334,-4105,230,31713,-228,3773,-899,28,72,-1106,31734,-4255,13115,5031,-72,573,-10754,31734,-2495,-16151,4818,-268,1361,-8667,31713,-3918,14974,904,-4281,-501,3419,7,0
1068,31735,-13470,-1742,2811,-1670,-5299,548,31735,30,3719,-885,-90,-46,-1418,31756,-4517,12808,5031,1536,2531,-11891,31756,-1495,-15663,4983,-207,603,-9492,31735,-2918,14811,1605,-4682,-513,4818,7,0
1069,31757,-13470,-1742,2811,-1670,-5299,548,31757,30,3719,-885,-90,-46,-1418,31778,-4517,12808,5848,1536,2573,-11891,31778,-1495,-15663,4983,-226,603,-9492,31757,-2918,14811,1605,-4682,-513,4818,7,0
1070,31779,-13470,-1742,2787,-1941,-6192,-31,31779,30,3394,-885,-289,-174,-1637,31800,-4713,12578,5848,1536,2573,-12743,31800,-1495,-15663,4983,-624,34,-10111,31779,-2918,14782,1605,-4696,-588,4818,7,0
1071,31801,-12470,-1651,2787,-2144,-6192,-465,31801,13,3119,-923,-438,-177,-1799,31822,-4860,12192,6419,1972,2418,-13489,31822,-495,-16207,4998,-859,34,-10464,31801,-2156,14782,2362,-4706,-1302,5545,7,0
1072,31823,-12470,-1651,2961,-2144,-5526,-465,31823,13,3119,-923,-438,-177,-1799,31844,-4860,12192,6419,1972,2418,-13489,31844,-495,-16207,4998,-859,633,-10464,31823,-2156,14849,2362,-4706,-1302,5545,7,0
1073,31845,-12470,-1651,2961,-2144,-5526,-465,31845,-149,2913,-923,-441,-304,-1823,31866,-4971,11238,6419,1806,2301,-14049,31866,-495,-16207,4755,-1035,633,-10729,31845,-2156,14849,2362,-4706,-1837,5545,7,0
1074,31867,-11470,-1810,3152,-2104,-5027,-88,31867,-332,2839,-827,-441,-378,-1841,31888,-5971,10522,5785,1443,1246,-14326,31888,505,-16026,4573,-1035,679,-10729,31867,-1585,14899,2985,-4687,-2239,6375,7,0
1075,31889,-11470,-1810,3231,-2104,-4694,-88,31889,-332,2839,-751,-438,-378,-1841,31910,-5971,10522,5785,1443,1246,-14326,31910,505,-15725,4573,-901,679,-10583,31889,-1156,15021,2985,-4657,-2239,6375,7,0
1076,31911,-11470,-1929,3231,-2143,-4694,-88,31911,-633,2805,-751,-438,-433,-1854,31932,-6971,10213,4949,1171,1246,-14454,31932,505,-15725,4392,-901,123,-10583,31911,-1156,15021,2985,-4657,-2248,6375,7,0
1077,31933,-10470,-1929,2906,-2173,-4149,-369,31933,-858,2805,-738,-401,-433,-1864,31954,-7971,9981,4553,967,1640,-14484,31954,1505,-15363,4353,-592,-410,-9719,31933,-156,15150,3452,-4620,-2254,6483,7,0
1078,31955,-10470,-1593,2906,-2173,-4149,-369,31955,-858,2916,-738,-293,-217,-1864,31976,-7971,9981,4553,967,1640,-14484,31976,1505,-15363,4353,-592,-410,-9537,31955,-156,15150,3694,-4620,-2254,6483,7,0
1079,31977,-11234,-1593,2472,-2173,-4149,-386,31977,-1373,2916,-738,-293,-217,-1864,31998,-8971,9478,4256,814,1640,-14484,31998,1505,-15363,4353,-592,-710,-9537,31977,-156,15150,3694,-4620,-2254,6306,7,0
1080,31999,-11807,-1962,1906,-1620,-3740,-398,31999,-1802,2901,-806,-187,-90,-1846,32020,-9971,9101,4034,376,1350,-14278,32020,2505,-15120,4497,-674,-1035,-8655,31999,844,14917,4363,-4508,-1773,6056,7,0
1081,32021,-11807,-1962,1906,-1620,-3740,-398,32021,-1802,2901,-806,-187,-90,-1828,32042,-9971,9101,4034,376,1350,-14077,32042,2505,-15120,4497,-674,-1035,-8535,32021,844,14917,4389,-4316,-1773,6056,7,0
1082,32043,-12172,-2239,1481,-1620,-3740,-407,32043,-2183,2881,-857,-187,-90,-1828,32064,-9971,8939,3867,47,1013,-14077,32064,2505,-15120,4497,-801,-1344,-8535,32043,844,14917,4389,-4316,-1773,5820,7,0
1083,32065,-12320,-2278,790,-1278,-3436,-508,32065,-2479,2866,-888,-107,5,-1731,32086,-8971,8818,3457,-47,760,-13088,32086,3505,-14949,4365,-957,-1628,-7508,32065,1844,14965,4940,-3926,-2167,5585,7,0
1084,32087,-12320,-2278,790,-1278,-3436,-508,32087,-2479,2866,-888,-93,22,-1703,32108,-8971,8818,3457,-47,760,-12789,32108,3505,-14949,4365,-957,-1628,-7391,32087,1844,14965,4940,-3855,-2167,5585,7,0
1085,32109,-12328,-2307,272,-1278,-3436,-508,32109,-2758,2866,-904,-93,22,-1703,32130,-8971,8612,3116,-47,407,-12789,32130,3505,-14949,4222,-1074,-1841,-7391,32109,1844,14965,4940,-3855,-2303,5401,7,0
1086,32131,-12328,-2307,-286,-840,-2797,-384,32131,-3030,2888,-913,-23,79,-1526,32152,-7971,8067,2786,11,250,-11738,32152,4505,-14800,3851,-1074,-1884,-6384,32131,2809,14859,5039,-2961,-2303,4915,7,0
1087,32153,-12326,-2281,-286,-760,-2797,-376,32153,-3030,2888,-913,-23,79,-1519,32174,-7971,8067,2786,127,250,-11658,32174,4505,-14634,3851,-1019,-1884,-6166,32153,2809,14859,5039,-2961,-1584,4915,7,0
1088,32175,-12326,-2281,-773,-760,-2797,-376,32175,-3234,2887,-915,-23,79,-1519,32196,-7971,7658,2574,127,136,-11658,32196,4505,-14634,3573,-1019,-1884,-6166,32175,2809,14678,5039,-2961,-1584,4507,7,0
1089,32197,-12292,-2311,-1297,-283,-2262,-362,32197,-3387,2866,-928,-7,86,-1372,32218,-6971,7327,2415,399,136,-10660,32218,5505,-14398,3402,-723,-1656,-5127,32197,3707,14489,5313,-2503,-546,3946,7,0
1090,32219,-12241,-2311,-1297,-274,-2262,-362,32219,-3387,2866,-928,-7,86,-1372,32240,-6971,7327,2415,498,559,-10320,32240,5505,-14398,3402,-530,-1656,-4981,32219,3789,14489,5382,-2503,-546,3946,7,0
1091,32241,-12241,-2334,-1694,-274,-2262,-365,32241,-3512,2818,-939,-7,86,-1372,32262,-6971,6987,2374,498,559,-10320,32262,5505,-14398,3402,-530,-1656,-4981,32241,3789,14281,5382,-2503,-546,3361,7,0
1092,32263,-12100,-2351,-2203,0,-1640,-367,32263,-3663,2737,-992,-5,90,-1238,32284,-5971,6527,2343,616,876,-8844,32284,6394,-14328,3427,-269,-1459,-3905,32263,4483,14065,5656,-2180,-596,2801,7,0
1093,32285,-12100,-2351,-2203,0,-1610,-367,32285,-3663,2737,-992,-5,91,-1224,32306,-5971,6527,2343,616,876,-8622,32306,6394,-14328,3500,-269,-1435,-3891,32285,4483,14065,5694,-2180,-596,2801,7,0
1094,32307,-12100,-2351,-2534,0,-1610,-367,32307,-3776,2622,-1038,-5,91,-1224,32328,-5971,6094,2320,616,876,-8622,32328,6394,-14328,3500,-269,-1435,-3891,32307,4483,13903,5694,-2180,-598,2381,7,0
1095,32329,-12104,-2342,-2699,27,-1151,-291,32329,-3834,2504,-1072,-2,78,-1047,32350,-4971,5736,2156,417,930,-6824,32350,7076,-14185,3497,-310,-1136,-3009,32329,4966,13858,5978,-1848,-635,2004,7,0
1096,32351,-12104,-2342,-2699,27,-920,-291,32351,-3834,2504,-1072,11,78,-982,32372,-4971,5736,2156,417,930,-6622,32372,7076,-14185,3497,-310,-1104,-3003,32351,4966,13858,5978,-1768,-635,2004,7,0
1097,32373,-12241,-2342,-2775,-2,-920,-291,32373,-3860,2416,-1072,11,68,-982,32394,-4971,5577,1933,267,924,-6622,32394,7076,-14185,3473,-310,-1104,-3003,32373,4966,13811,5978,-1768,-635,1692,7,0
1098,32395,-12571,-2335,-2832,-103,-695,-234,32395,-3879,2376,-1050,25,67,-739,32416,-3971,5457,1757,118,774,-4774,32416,7607,-14112,3446,-167,-708,-2231,32395,5424,13776,6036,-1290,-392,1258,7,0
1099,32417,-12571,-2302,-2832,-103,-695,-234,32417,-3879,2376,-1050,25,67,-719,32438,-3971,5457,1757,118,774,-4630,32438,7607,-14112,3446,-139,-553,-2208,32417,5424,13776,6036,-1255,-351,1258,7,0
1100,32439,-12823,-2302,-2832,-206,-695,-234,32439,-3879,2346,-1050,25,67,-719,32460,-3971,5367,1631,18,609,-4630,32460,7607,-14112,3426,-139,-553,-2208,32439,5424,13728,6036,-1255,-351,733,7,0
1101,32461,-13298,-2249,-2830,-332,-875,-184,32461,-3870,2308,-1030,19,48,-493,32482,-2971,5159,1537,-56,484,-2933,32482,7908,-14104,3426,-18,-140,-1456,32461,5610,13692,6080,-828,-138,269,7,0
1102,32483,-13298,-2249,-2830,-332,-875,-167,32483,-3853,2308,-1030,19,48,-482,32504,-2971,5159,1537,-56,484,-2821,32504,7908,-14104,3545,-18,-140,-1446,32483,5610,13692,6141,-828,-138,269,7,0
1103,32505,-13662,-2249,-2830,-426,-907,-167,32505,-3853,2267,-1030,13,33,-482,32526,-2971,4931,1537,-84,359,-2821,32526,7908,-14104,3545,-24,-140,-1446,32505,5610,13640,6141,-828,-138,-49,7,0
1104,32527,-13935,-2170,-2811,-467,-907,-107,32527,-3824,2237,-1020,9,11,-277,32548,-1971,4760,1620,-133,184,-1261,32548,8119,-14151,3634,-28,120,-784,32527,5576,13582,6229,-787,30,-218,7,0
1105,32549,-13935,-2138,-2811,-467,-462,-54,32549,-3824,2237,-1020,9,11,-264,32570,-1971,4760,1620,-133,184,-1122,32570,8126,-14151,3641,-28,144,-735,32549,5576,13582,6229,-787,101,-218,7,0
1106,32571,-14056,-2138,-2811,-467,-462,-54,32571,-3824,2220,-1020,3,0,-264,32592,-1971,4760,1620,-140,37,-1122,32592,8126,-14151,3641,-28,144,-735,32571,5576,13538,6229,-958,101,-335,7,0
1107,32593,-14056,-2055,-2797,-420,223,18,32593,-3809,2220,-1013,-2,-8,-60,32614,-971,4829,1681,-140,-74,429,32614,8289,-14144,3638,-20,315,-179,32593,5587,13505,6352,-1086,474,-423,7,0
1108,32615,-13998,-2055,-2797,-420,320,18,32615,-3809,2266,-1008,-2,-8,-44,32636,-971,4984,1681,-58,-74,582,32636,8289,-14144,3636,35,357,-94,32615,5635,13505,6352,-1086,474,-423,7,0
1109,32637,-13998,-2055,-2797,-420,320,18,32637,-3809,2266,-1008,-6,-8,-44,32658,-971,4984,1681,-58,-201,582,32658,8289,-14144,3636,35,357,-94,32637,5635,13505,6352,-1086,450,-630,7,0
1110,32659,-13834,-2049,-2753,-362,991,29,32659,-3798,2320,-998,-21,2,134,32680,29,5297,1727,47,-301,2164,32680,8338,-14187,3635,148,549,451,32659,5690,13610,6478,-658,432,-889,7,0
1111,32681,-13830,-2049,-2753,-362,1071,29,32681,-3794,2349,-998,-21,2,150,32702,29,5514,1797,47,-301,2257,32702,8338,-14187,3635,151,587,517,32681,5690,13610,6478,-639,432,-889,7,0
1112,32703,-13830,-2049,-2753,-362,1071,29,32703,-3794,2349,-998,-36,2,150,32724,29,5514,1797,47,-428,2257,32724,8338,-14238,3635,151,587,517,32703,5690,13610,6478,-639,432,-1107,7,0
1113,32725,-13693,-2042,-2496,-313,1635,79,32725,-3768,2481,-988,-61,-8,322,32746,1029,6087,1916,100,-523,3765,32746,8350,-14276,3696,320,773,1165,32725,5710,13689,6560,-278,548,-1368,7,0
1114,32747,-13693,-2042,-2496,-279,1635,79,32747,-3749,2502,-988,-61,-8,334,32768,1029,6177,1985,100,-523,3883,32768,8350,-14276,3720,320,816,1279,32747,5710,13689,6560,-278,550,-1368,7,0
1115,32769,-13693,-2044,-2496,-279,1635,79,32769,-3749,2502,-988,-81,-15,334,32790,29,6177,1985,100,-598,3883,32790,8340,-14305,3720,320,816,1279,32769,5678,13689,6560,-278,550,-1631,7,0
1116,32791,-13842,-2109,-2286,-217,2109,119,32791,-3653,2621,-959,-105,-15,501,32812,-971,6767,2199,109,-725,5349,32812,8221,-14378,3798,447,1018,2052,32791,5543,13762,6649,21,849,-1994,7,0
1117,32813,-13842,-2109,-2251,-211,2172,120,32813,-3634,2629,-959,-105,13,527,32834,-971,6769,2207,109,-725,5507,32834,8221,-14378,3862,447,1025,2146,32813,5543,13762,6649,83,849,-1994,7,0
1118,32835,-14020,-2147,-2251,-211,2172,120,32835,-3634,2629,-959,-125,13,527,32856,-1971,6769,2207,109,-725,5507,32856,8058,-14433,3862,447,1025,2146,32835,5419,13762,6649,83,849,-2329,7,0
1119,32857,-14301,-2147,-1773,-88,2707,172,32857,-3476,2714,-938,-141,34,687,32878,-2971,7309,2448,116,-667,6946,32878,7817,-14496,3981,454,1119,2971,32857,5257,13897,6715,562,1008,-2664,7,0
1120,32879,-14301,-2059,-1745,-88,2739,184,32879,-3435,2714,-938,-141,34,699,32900,-2971,7330,2448,116,-667,6946,32900,7817,-14496,4034,454,1119,3050,32879,5257,13897,6715,722,1008,-2664,7,0
1121,32901,-14511,-2059,-1745,-88,2739,184,32901,-3435,2714,-938,-152,34,699,32922,-3971,7330,2448,116,-667,6946,32922,7549,-14629,4034,404,1119,3050,32901,5078,13897,6715,722,1008,-2974,7,0
1122,32923,-14511,-2128,-1213,130,3283,222,32923,-3211,2761,-920,-159,45,857,32944,-4971,7788,2575,-120,-863,8203,32944,7250,-14800,4171,367,960,3901,32923,4812,14088,6696,1444,1127,-3344,7,0
1123,32945,-13511,-2128,-1207,130,3303,222,32945,-3176,2761,-920,-159,45,866,32966,-4971,7934,2575,-120,-863,8350,32966,7250,-14800,4229,367,960,3997,32945,4812,14088,6696,1506,1132,-3344,7,0
1124,32967,-13511,-2180,-1207,130,3303,187,32967,-3176,2761,-920,-159,45,866,32988,-5971,7934,2575,-341,-1030,8350,32988,6856,-15037,4229,339,717,3997,32967,4570,14088,6537,1506,1132,-3735,7,0
1125,32989,-12511,-2180,-555,228,3807,119,32989,-2853,2813,-878,-141,49,999,33010,-6610,8774,2631,-574,-1225,9547,33010,6386,-15234,4261,325,447,4931,32989,4354,14330,6335,2328,1216,-4174,7,0
1126,33011,-12511,-2169,-537,228,3807,119,33011,-2821,2832,-868,-129,49,1000,33032,-6610,8934,2631,-574,-1225,9548,33032,6386,-15234,4261,325,447,5012,33011,4354,14340,6335,2328,1225,-4174,7,0
1127,33033,-12511,-2169,-537,228,3807,87,33033,-2821,2832,-868,-129,49,1000,33054,-6976,8934,2631,-785,-1371,9548,33054,5950,-15382,4261,325,244,5012,33033,4083,14340,6129,2328,1225,-4650,7,0
1128,33055,-11511,-2022,64,259,3952,63,33055,-2483,2944,-809,-67,76,1110,33076,-7057,9790,2772,-944,-1685,10449,33076,5370,-15485,4285,366,79,5934,33055,3572,14643,5811,2928,1372,-5286,7,0
1129,33077,-11511,-1935,78,259,3952,63,33077,-2462,2945,-809,-67,81,1112,33098,-7057,9790,2863,-944,-1685,10449,33098,5370,-15485,4301,381,79,6070,33077,3572,14643,5811,2928,1372,-5286,7,0
1130,33099,-11511,-1935,78,259,3952,56,33099,-2462,2945,-809,-67,81,1112,33120,-7057,9790,2863,-1117,-1970,10449,33120,4879,-15587,4301,381,-45,6070,33099,3186,14643,5496,2928,1372,-5840,7,0
1131,33121,-10511,-1746,597,340,4016,51,33121,-2075,3030,-782,-44,112,1207,33142,-6916,10308,3169,-1660,-2432,11127,33142,4136,-15587,4381,392,-261,6992,33121,2563,14813,5208,3459,1406,-6371,7,0
1132,33143,-10511,-1746,597,431,4016,51,33143,-2067,3030,-782,-44,118,1212,33164,-6835,10308,3169,-1660,-2432,11127,33164,4136,-15587,4494,392,-261,6992,33143,2563,14813,5208,3459,1406,-6371,7,0
1133,33165,-10511,-1746,597,431,4016,51,33165,-2067,3030,-782,-44,118,1212,33186,-6835,10308,3169,-2726,-2671,11127,33186,3572,-15688,4494,294,-559,6992,33165,2046,14813,4846,3459,1406,-6734,7,0
1134,33187,-9511,-1560,1014,618,4071,109,33187,-1743,3060,-818,-27,168,1295,33208,-6521,10697,3470,-3560,-2697,11541,33208,2921,-15722,4671,133,-1064,7547,33187,1341,14895,4517,3772,1483,-6854,7,0
1135,33209,-9511,-1560,1014,662,4111,154,33209,-1743,3060,-818,-9,168,1296,33230,-6435,10739,3651,-3560,-2697,11541,33230,2921,-15722,4671,133,-1064,7547,33209,1341,14895,4517,3772,1483,-6854,7,0
1136,33231,-9511,-1560,1014,662,4111,154,33231,-1743,3060,-818,-9,168,1296,33252,-6435,10739,3657,-4151,-2716,11541,33252,2257,-15722,4671,12,-1708,7547,33231,654,14895,4237,3772,1483,-6854,7,0
1137,33253,-8511,-1616,1287,784,4185,165,33253,-1436,3096,-771,38,165,1353,33274,-6097,11285,4214,-4151,-2716,11348,33274,1257,-15703,4753,-78,-2191,7752,33253,139,14957,3761,4008,1460,-6686,7,0
1138,33275,-8511,-1616,1287,784,4185,165,33275,-1429,3117,-771,38,165,1353,33296,-5954,11335,4218,-3705,-2379,11348,33296,1257,-15703,4753,-78,-2191,7752,33275,139,14957,3761,4008,1460,-6554,7,0
1139,33297,-8511,-1658,1287,784,4185,97,33297,-1429,3117,-771,38,150,1353,33318,-5954,11335,4218,-3705,-2379,10960,33318,401,-15710,4753,-78,-2283,7681,33297,-378,14957,3239,4008,1410,-6554,7,0
1140,33319,-7511,-1696,1457,758,4080,-23,33319,-1194,3232,-736,44,106,1295,33340,-5363,11804,4264,-2787,-2126,10251,33340,-344,-15721,4625,-63,-2301,7213,33319,-883,15050,2766,3742,1244,-6173,7,0
1141,33341,-7511,-1696,1457,758,4080,-23,33341,-1151,3266,-736,44,106,1295,33362,-5241,12201,4498,-2787,-1983,10251,33362,-344,-15721,4625,129,-2301,7213,33341,-883,15050,2766,3742,1244,-6086,7,0
1142,33363,-7511,-1725,1457,674,3879,-98,33363,-1151,3266,-736,44,70,1208,33384,-5241,12201,4498,-2787,-1983,9498,33384,-903,-15729,4625,129,-2301,6786,33363,-1269,15050,2377,3432,1027,-6086,7,0
1143,33385,-6511,-1887,1584,538,3713,-139,33385,-887,3428,-759,96,32,1092,33406,-4551,12850,4873,-2053,-1591,8224,33406,-1426,-15735,4697,302,-2192,6171,33385,-1817,15163,2085,3022,508,-5492,7,0
1144,33407,-6511,-1887,1644,538,3713,-139,33407,-832,3428,-759,108,32,1092,33428,-4551,12881,4873,-2053,-1591,8224,33428,-1426,-15735,4697,302,-2192,6171,33407,-1817,15163,2085,3022,508,-5465,7,0
1145,33429,-6511,-2064,1644,394,3513,-139,33429,-832,3428,-762,108,-22,983,33450,-4551,12881,4873,-2053,-1591,7200,33450,-1818,-15735,4697,302,-2192,5544,33429,-2298,15163,1882,2706,-132,-5465,7,0
1146,33451,-7511,-2197,1860,278,3210,-121,33451,-602,3549,-779,161,-63,870,33472,-4012,13525,5146,-1403,-888,6182,33472,-2380,-15695,4751,405,-1994,4521,33451,-2746,15248,1730,2333,-612,-4788,7,0
1147,33473,-7511,-2197,1874,278,3210,-119,33473,-602,3563,-779,161,-63,870,33494,-4012,13525,5146,-1368,-888,6182,33494,-2380,-15695,4844,405,-1791,4521,33473,-2746,15263,1730,2333,-612,-4579,7,0
1148,33495,-8511,-2197,1874,156,2942,-119,33495,-602,3563,-807,161,-63,767,33516,-4012,13525,5146,-1368,-888,5268,33516,-2665,-15703,4844,405,-1791,3406,33495,-3088,15263,1616,1883,-612,-4579,7,0
1149,33517,-9511,-2190,2076,39,2688,-77,33517,-453,3694,-898,145,-46,592,33538,-3444,14005,5343,-557,-436,4225,33538,-2767,-15709,4946,277,-935,2306,33517,-3357,15327,1517,1404,-204,-3571,7,0
1150,33539,-9511,-2190,2152,39,2688,-74,33539,-453,3694,-898,145,-46,592,33560,-3441,14005,5343,-557,-436,4225,33560,-2767,-15709,4972,277,-935,2306,33539,-3357,15338,1517,1404,-193,-3483,7,0
1151,33561,-10511,-2246,2152,-48,2402,-74,33561,-453,3694,-898,113,-46,454,33582,-3441,14005,5343,-557,-436,3200,33582,-2767,-15726,4972,153,-935,1462,33561,-3506,15338,1496,939,-193,-3483,7,0
1152,33583,-11511,-2288,2421,-106,2187,3,33583,-226,3763,-898,76,-70,337,33604,-2782,14365,5411,-421,-67,2384,33604,-2646,-15726,4922,24,-491,829,33583,-3506,15457,1457,591,152,-2509,7,0
1153,33605,-11511,-2288,2448,-106,2187,12,33605,-226,3763,-898,76,-70,337,33626,-2684,14372,5411,-421,-67,2384,33626,-2646,-15726,4922,24,-491,829,33605,-3388,15485,1457,591,152,-2509,7,0
1154,33627,-11511,-2288,2448,-138,2026,12,33627,-226,3763,-898,50,-70,236,33648,-2684,14372,5411,-421,-67,1772,33648,-2646,-15739,4884,24,-491,366,33627,-3388,15485,1457,437,152,-2509,7,0
1155,33649,-12511,-2238,2821,-162,1867,67,33649,-81,3788,-924,34,-47,142,33670,-2255,14638,5457,-252,57,1280,33670,-2431,-15828,4856,38,-158,74,33649,-3307,15595,1464,350,184,-1872,7,0
1156,33671,-12511,-2238,2875,-162,1867,67,33671,-81,3788,-924,34,-47,142,33692,-2255,14638,5457,-252,57,1280,33692,-2431,-15828,4856,45,5,74,33671,-3307,15595,1464,350,184,-1872,7,0
1157,33693,-13372,-2238,2875,-253,1748,67,33693,-81,3788,-948,31,-47,92,33714,-2255,14638,5457,-252,57,919,33714,-2431,-15895,4846,45,5,-135,33693,-3332,15595,1464,284,184,-1872,7,0
1158,33715,-14018,-2226,3199,-405,1616,66,33715,27,3814,-966,31,-54,57,33736,-1938,14848,5491,-140,150,684,33736,-2255,-15969,4838,76,380,-231,33715,-3351,15638,1489,207,243,-1394,7,0
1159,33737,-14018,-2226,3202,-405,1616,66,33737,29,3818,-966,34,-54,57,33758,-1938,14856,5571,-140,152,684,33758,-2255,-15969,4838,76,380,-231,33737,-3351,15674,1491,207,248,-1394,7,0
1160,33759,-14502,-2226,3202,-519,1517,66,33759,29,3818,-980,34,-60,57,33780,-1938,14856,5571,-140,152,559,33780,-2255,-16024,4832,76,380,-231,33759,-3351,15674,1491,175,248,-1394,7,0
1161,33781,-14838,-2217,3490,-538,1434,99,33781,118,3854,-980,41,-64,60,33802,-1754,15001,5657,-30,214,466,33802,-2288,-16066,4816,90,178,-129,33781,-3310,15741,1431,151,112,-1059,7,0
1162,33803,-14838,-2217,3490,-538,1434,99,33803,118,3861,-976,41,-64,61,33824,-1754,15001,5657,-30,214,466,33824,-2288,-16066,4816,90,178,-119,33803,-3310,15741,1431,151,112,-1059,7,0
1163,33825,-15090,-2221,3490,-538,1350,99,33825,118,3861,-976,41,-64,61,33846,-1754,15001,5657,-30,214,396,33846,-2288,-16066,4816,90,97,-119,33825,-3310,15741,1386,133,10,-1059,7,0
1164,33847,-15192,-2252,3647,-537,1298,118,33847,149,3894,-975,46,-53,67,33868,-1627,15094,5710,79,231,289,33868,-2272,-16043,4881,111,37,-48,33847,-3314,15740,1352,91,-50,-807,7,0
1165,33869,-15192,-2252,3647,-537,1298,118,33869,149,3894,-975,46,-53,67,33890,-1627,15094,5710,79,251,289,33890,-2244,-16043,4881,111,37,-48,33869,-3314,15740,1352,91,-50,-749,7,0
1166,33891,-15192,-2276,3647,-537,1259,118,33891,149,3894,-975,46,-53,67,33912,-1627,15094,5710,79,260,168,33912,-2244,-16043,4881,111,15,-48,33891,-3314,15740,1352,70,-50,-749,7,0
1167,33913,-14192,-2276,3765,-536,1243,133,33913,172,3895,-981,48,-45,70,33934,-1483,15169,5708,122,266,105,33934,-2216,-16046,4881,140,-24,4,33913,-3297,15745,1372,61,-49,-475,7,0
1168,33935,-14192,-2248,3784,-534,1243,142,33935,199,3895,-981,48,-45,70,33956,-1464,15169,5708,122,372,105,33956,-2216,-16046,4881,184,-24,10,33935,-3297,15769,1372,61,-49,-475,7,0
1169,33957,-14692,-2248,3784,-534,1243,142,33957,199,3895,-1005,48,-45,70,33978,-1464,15169,5708,122,372,57,33978,-2216,-16048,4881,184,-30,10,33957,-3297,15769,1372,61,-75,-475,7,0
1170,33979,-15046,-2204,3914,-519,1258,160,33979,258,3902,-1023,53,-29,78,34000,-1342,15235,5704,164,456,21,34000,-2305,-16048,4896,227,-30,64,33979,-3284,15790,1374,92,-114,-279,7,0
1171,34001,-15046,-2202,3914,-490,1258,160,34001,258,3902,-1023,53,-29,78,34022,-1334,15258,5704,190,456,21,34022,-2305,-16016,4942,227,-26,64,34001,-3284,15790,1374,92,-114,-279,7,0
1172,34023,-15332,-2202,3914,-490,1258,160,34023,258,3902,-1032,53,-29,78,34044,-1334,15258,5686,190,456,-5,34044,-2312,-16016,4942,227,-26,56,34023,-3284,15789,1374,92,-155,-279,7,0
1173,34045,-15532,-2156,3970,-436,1258,164,34045,272,3914,-1043,57,-17,75,34066,-1259,15297,5672,231,511,-58,34066,-2312,-16023,4997,193,-6,-27,34045,-3282,15785,1378,94,-174,-132,7,0
1174,34067,-15532,-2151,3970,-436,1258,164,34067,272,3914,-1043,57,-16,75,34088,-1259,15297,5662,231,511,-58,34088,-2276,-16023,4997,193,-6,-27,34067,-3282,15785,1378,94,-174,-127,7,0
1175,34089,-15692,-2151,3970,-436,1258,162,34089,272,3914,-1056,57,-16,60,34110,-1259,15297,5662,231,511,-91,34110,-2276,-16028,4997,133,-6,-78,34089,-3282,15785,1378,73,-174,-127,7,0
1176,34111,-15821,-2109,4014,-396,1233,151,34111,303,3918,-1066,58,-15,45,34132,-1203,15326,5424,241,554,-99,34132,-2242,-16032,5028,62,3,-113,34111,-3267,15802,1377,32,-145,-24,7,0
1177,34133,-15821,-2109,4032,-389,1233,151,34133,305,3918,-1066,58,-15,45,34154,-1203,15337,5424,241,575,-99,34154,-2229,-16032,5028,62,3,-113,34133,-3267,15802,1377,32,-136,-24,7,0
1178,34155,-15928,-2109,4032,-389,1213,126,34155,305,3918,-1067,57,-18,33,34176,-1203,15337,5424,241,575,-99,34176,-2229,-16045,5028,8,-14,-113,34155,-3267,15802,1376,0,-136,-24,7,0
1179,34177,-16022,-2104,4113,-346,1186,97,34177,336,3918,-1067,54,-20,19,34198,-1151,15386,5246,245,602,-94,34198,-2212,-16059,5044,-30,-48,-110,34177,-3248,15820,1355,-30,-84,24,7,0
1180,34199,-16022,-2104,4124,-328,1186,97,34199,336,3918,-1066,54,-20,19,34220,-1151,15386,5246,245,623,-89,34220,-2200,-16059,5044,-30,-48,-69,34199,-3248,15820,1355,-30,-46,24,7,0
1181,34221,-16075,-2104,4124,-328,1174,73,34221,336,3919,-1066,51,-20,9,34242,-1151,15386,5153,214,623,-89,34242,-2193,-16059,5044,-39,-79,-69,34221,-3248,15820,1355,-52,-46,24,7,0
1182,34243,-16115,-2104,4154,-316,1165,43,34243,357,3919,-1065,39,-3,2,34264,-1123,15417,5033,193,609,-80,34264,-2191,-16046,5056,-46,-102,-15,34243,-3234,15834,1339,-69,5,56,7,0
1183,34265,-16115,-2104,4154,-316,1165,43,34265,357,3920,-1065,39,-1,2,34286,-1123,15417,5033,193,609,-80,34286,-2191,-16044,5070,-46,-102,-15,34265,-3234,15834,1339,-69,5,56,7,0
1184,34287,-16145,-2112,4154,-316,1158,28,34287,357,3920,-1065,29,-1,-3,34308,-1123,15417,4943,177,601,-80,34308,-2202,-16044,5070,-46,-102,-15,34287,-3234,15834,1339,-82,5,56,7,0
1185,34309,-16167,-2119,4175,-307,1153,9,34309,358,3921,-1061,23,13,-11,34330,-1147,15440,4863,165,595,-67,34330,-2210,-16033,5055,-43,-88,-8,34309,-3223,15842,1340,-105,25,70,7,0
1186,34331,-16167,-2119,4175,-307,1153,9,34331,358,3923,-1061,23,13,-11,34352,-1147,15441,4863,165,595,-67,34352,-2210,-16033,5055,-43,-88,-8,34331,-3223,15842,1340,-105,25,70,7,0
1187,34353,-16180,-2124,4175,-307,1150,5,34353,358,3923,-1061,21,13,-19,34374,-1165,15441,4811,138,595,-67,34374,-2210,-16034,5046,-43,-88,-8,34353,-3223,15842,1340,-122,25,70,7,0
1188,34375,-16190,-2136,4240,-264,1150,5,34375,359,3925,-1058,21,23,-25,34396,-1165,15439,4779,118,599,-41,34396,-2204,-16042,5045,-44,-77,-8,34375,-3223,15847,1341,-138,47,86,7,0
1189,34397,-16190,-2136,4240,-264,1150,16,34397,359,3926,-1054,22,23,-25,34418,-1122,15439,4779,118,599,-41,34418,-2204,-16042,5045,-44,-77,-3,34397,-3223,15847,1341,-138,47,86,7,0
1190,34419,-16207,-2166,4240,-264,1172,16,34419,359,3926,-1054,22,23,-25,34440,-1122,15438,4755,118,595,-56,34440,-2211,-16048,5039,-44,-77,-3,34419,-3223,15847,1341,-145,47,86,7,0
1191,34441,-16235,-2188,4292,-232,1165,30,34441,366,3929,-1048,26,27,-25,34462,-1078,15438,4737,121,580,-69,34462,-2222,-16054,5039,-43,-50,0,34441,-3219,15851,1345,-150,53,96,7,0
1192,34463,-16235,-2188,4312,-232,1165,37,34463,366,3929,-1047,27,27,-25,34484,-1078,15453,4737,123,580,-69,34484,-2222,-16054,5040,-43,-40,5,34463,-3216,15851,1345,-150,53,96,7,0
1193,34485,-16235,-2205,4312,-232,1159,37,34485,366,3929,-1047,27,27,-25,34506,-1078,15453,4723,125,569,-81,34506,-2236,-16054,5040,-43,-40,5,34485,-3216,15854,1345,-150,53,85,7,0
1194,34507,-16232,-2211,4370,-220,1138,57,34507,371,3931,-1041,30,30,-25,34528,-1052,15478,4702,125,559,-90,34528,-2247,-16042,5042,-14,-7,15,34507,-3216,15854,1331,-129,57,73,7,0
1195,34529,-16231,-2211,4370,-220,1138,57,34529,371,3931,-1041,30,30,-25,34550,-1052,15478,4702,130,559,-90,34550,-2247,-16042,5042,-10,-6,15,34529,-3205,15854,1331,-129,57,73,7,0
1196,34551,-16231,-2216,4370,-224,1096,57,34551,363,3930,-1041,30,30,-25,34572,-1052,15478,4679,130,556,-98,34572,-2247,-16042,5042,-10,-6,15,34551,-3205,15851,1319,-129,47,62,7,0
1197,34573,-16237,-2223,4409,-224,1064,72,34573,357,3928,-1039,32,32,-23,34594,-1027,15486,4661,131,554,-122,34594,-2240,-16039,5043,24,40,0,34573,-3189,15851,1310,-111,27,45,7,0
1198,34595,-16237,-2223,4409,-224,1064,73,34595,357,3928,-1039,34,32,-22,34616,-1027,15486,4661,131,554,-122,34616,-2230,-16039,5043,25,78,0,34595,-3189,15854,1310,-111,27,45,7,0
1199,34617,-16244,-2225,4409,-227,1037,73,34617,355,3926,-1041,34,28,-22,34638,-1027,15486,4654,131,543,-140,34638,-2230,-16039,5043,25,78,-15,34617,-3189,15854,1300,-111,-30,18,7,0
1200,34639,-16250,-2231,4438,-255,996,72,34639,353,3924,-1041,37,23,-19,34660,-1167,15469,4649,131,476,-140,34660,-2213,-16037,5068,54,146,-27,34639,-3190,15859,1296,-66,-95,-21,7,0
1201,34661,-16250,-2231,4460,-255,996,72,34661,353,3924,-1041,37,23,-19,35042,-1167,15469,4649,162,476,-134,35042,-2213,-16037,5068,54,146,-27,34661,-3190,15859,1296,-58,-95,-21,8,0
1202,35043,-16259,-2231,4464,-279,965,68,35043,350,3922,-1042,37,19,-19,35064,-1274,15453,4645,162,457,-134,35064,-2213,-16037,5068,54,146,-36,35043,-3192,15859,1296,-58,-144,-51,8,0
1203,35065,-16259,-2231,4519,-329,942,56,35065,346,3919,-1042,38,16,-15,35086,-1399,15444,4642,155,443,-103,35086,-2246,-16032,5094,68,193,-67,35065,-3251,15850,1298,-22,-157,-74,8,0
1204,35087,-16243,-2231,4522,-329,942,56,35087,346,3919,-1039,38,16,-15,35108,-1399,15444,4642,155,443,-103,35108,-2246,-16032,5094,68,193,-67,35087,-3251,15850,1298,-22,-157,-74,8,0
1205,35109,-16243,-2231,4522,-356,924,51,35109,345,3919,-1039,38,16,-15,35130,-1493,15432,4642,150,433,-103,35130,-2246,-16032,5094,68,193,-90,35109,-3293,15850,1298,-43,-157,-74,8,0
1206,35131,-16231,-2210,4547,-367,905,47,35131,345,3926,-1038,38,18,-13,35152,-1563,15432,4649,146,425,-85,35152,-2231,-16029,5113,46,183,-92,35131,-3324,15851,1285,-66,-121,-24,8,0
1207,35153,-16231,-2210,4549,-367,905,47,35153,348,3926,-1038,38,21,-13,35174,-1563,15432,4649,146,425,-85,35174,-2231,-16029,5114,46,183,-92,35153,-3324,15851,1285,-66,-96,-22,8,0
1208,35175,-16231,-2210,4549,-367,888,45,35175,348,3926,-1038,38,21,-13,35196,-1616,15432,4644,143,425,-85,35196,-2231,-16039,5114,28,136,-93,35175,-3325,15851,1275,-89,-96,-22,8,0
1209,35197,-16222,-2194,4599,-354,875,42,35197,347,3929,-1035,37,30,-17,35218,-1655,15446,4641,141,433,-76,35218,-2242,-16039,5116,11,101,-97,35197,-3325,15852,1275,-118,-35,27,8,0
1210,35219,-16222,-2194,4603,-354,875,42,35219,347,3929,-1035,37,36,-17,35240,-1655,15446,4641,141,434,-65,35240,-2242,-16007,5116,11,101,-97,35219,-3325,15852,1276,-118,-33,27,8,0
1211,35241,-16222,-2194,4603,-354,875,42,35241,339,3929,-1035,37,36,-20,35262,-1680,15446,4638,140,434,-65,35262,-2243,-16007,5116,-1,101,-105,35241,-3323,15846,1276,-140,-33,27,8,0
1212,35263,-16229,-2192,4635,-365,885,39,35263,333,3930,-1032,36,44,-20,35284,-1680,15452,4638,140,471,-36,35284,-2244,-16023,5121,-18,107,-112,35263,-3323,15846,1278,-153,15,59,8,0
1213,35285,-16229,-2192,4635,-365,885,39,35285,333,3930,-1032,36,44,-19,35306,-1680,15452,4645,141,471,-36,35306,-2244,-16023,5121,-18,107,-112,35285,-3321,15846,1278,-153,15,59,8,0
1214,35307,-16234,-2201,4635,-373,885,39,35307,331,3930,-1032,36,43,-19,35328,-1699,15452,4648,141,471,-36,35328,-2244,-16035,5121,-42,107,-112,35307,-3320,15844,1278,-160,15,59,8,0
1215,35329,-16238,-2201,4656,-410,867,37,35329,331,3931,-1030,36,39,-14,35350,-1716,15448,4650,144,429,-51,35350,-2231,-16044,5108,-67,112,-112,35329,-3320,15840,1287,-170,51,86,8,0
1216,35351,-16238,-2201,4656,-410,867,37,35351,331,3936,-1028,36,39,-14,35372,-1716,15448,4654,144,429,-51,35372,-2231,-16044,5108,-67,112,-107,35351,-3319,15840,1287,-170,51,86,8,0
1217,35373,-16244,-2200,4656,-438,842,37,35373,331,3936,-1028,36,35,-14,35394,-1729,15448,4654,144,421,-62,35394,-2231,-16044,5103,-86,112,-107,35373,-3319,15840,1287,-170,42,86,8,0
1218,35395,-16256,-2200,4656,-438,820,38,35395,335,3936,-1028,36,32,-9,35416,-1738,15458,4660,141,415,-62,35416,-2225,-16028,5099,-96,127,-110,35395,-3318,15829,1297,-174,42,115,8,0
1219,35417,-16256,-2199,4656,-424,820,38,35417,335,3936,-1028,36,32,-9,35438,-1738,15461,4661,141,415,-42,35438,-2225,-16028,5099,-96,127,-110,35417,-3314,15829,1297,-174,55,118,8,0
1220,35439,-16271,-2199,4653,-424,804,38,35439,335,3936,-1028,36,32,-9,35460,-1738,15461,4661,138,415,-42,35460,-2225,-16028,5099,-96,127,-116,35439,-3314,15826,1297,-175,55,118,8,0
1221,35461,-16282,-2197,4636,-411,804,38,35461,337,3935,-1031,36,36,-7,35482,-1737,15471,4665,138,441,-13,35482,-2216,-16035,5108,-95,131,-121,35461,-3307,15824,1303,-175,65,146,8,0
1222,35483,-16282,-2197,4636,-406,804,38,35483,337,3935,-1031,36,36,-7,35504,-1737,15479,4665,140,441,-13,35504,-2174,-16035,5115,-95,131,-121,35483,-3302,15824,1303,-175,65,146,8,0
1223,35505,-16285,-2197,4624,-406,804,35,35505,337,3935,-1031,36,36,-7,35526,-1737,15483,4665,140,441,-13,35526,-2174,-16035,5117,-95,97,-121,35505,-3302,15824,1303,-175,65,146,8,0
1224,35527,-16285,-2204,4601,-387,794,19,35527,345,3935,-1029,36,33,-3,35548,-1718,15483,4666,138,462,-17,35548,-2194,-16021,5100,-99,72,-92,35527,-3293,15824,1308,-175,63,167,8,0
1225,35549,-16278,-2204,4601,-385,794,19,35549,345,3935,-1027,36,33,-2,35570,-1718,15484,4666,138,462,-17,35570,-2194,-16021,5100,-99,72,-92,35549,-3293,15824,1308,-175,63,175,8,0
1226,35571,-16278,-2210,4574,-385,794,7,35571,345,3935,-1026,36,31,-2,35592,-1718,15484,4660,137,462,-38,35592,-2217,-16021,5088,-99,67,-92,35571,-3293,15824,1308,-177,62,175,8,0
1227,35593,-16273,-2214,4529,-365,808,-2,35593,347,3935,-1026,37,29,0,35614,-1679,15477,4656,105,554,-54,35614,-2279,-16005,5088,-79,67,-123,35593,-3295,15806,1318,-179,61,204,8,0
1228,35615,-16273,-2214,4529,-349,820,-2,35615,347,3936,-1021,37,29,0,35636,-1679,15477,4656,105,632,-54,35636,-2279,-16001,5109,-78,81,-123,35615,-3295,15806,1342,-179,61,204,8,0
1229,35637,-16273,-2214,4468,-349,820,-5,35637,338,3936,-1021,37,25,0,35658,-1679,15449,4578,50,632,-68,35658,-2387,-16001,5109,-78,81,-265,35637,-3297,15792,1349,-179,-16,204,8,0
1230,35659,-16199,-2207,4307,-310,930,-15,35659,313,3940,-1016,38,17,-9,35680,-2151,15428,4506,-72,1388,-448,35680,-2553,-15882,5148,-62,308,-571,35659,-3416,15697,1360,-164,-320,226,8,0
1231,35681,-16121,-2207,4307,-310,1080,-15,35681,313,3940,-1005,38,17,-9,35702,-2151,15428,4506,-72,1388,-448,35702,-2553,-15882,5196,-62,308,-571,35681,-3416,15697,1360,-164,-320,226,8,0
1232,35703,-16121,-2207,4186,-310,1080,-67,35703,265,3940,-1005,38,11,-35,35724,-2505,15428,4452,-247,1388,-838,35724,-2694,-15882,5196,-106,308,-944,35703,-3527,15601,1267,-207,-548,226,8,0
1233,35725,-15933,-2203,3945,-476,1261,-173,35725,169,3946,-987,39,11,-98,35746,-2853,15444,4412,-247,843,-2485,35746,-3000,-15967,5183,-318,403,-1687,35725,-3658,15535,1157,-537,-548,624,8,0
1234,35747,-15918,-2203,3945,-476,1261,-173,35747,169,3946,-981,39,11,-98,35768,-2853,15444,4412,-241,843,-2485,35768,-3000,-15967,5183,-318,403,-1687,35747,-3658,15535,1157,-537,-521,844,8,0
1235,35769,-15918,-2211,3725,-672,1261,-267,35769,30,3946,-981,39,11,-213,35790,-3114,15267,4382,-241,180,-3720,35790,-3247,-16031,5149,-493,403,-2689,35769,-3703,15496,973,-992,-521,844,8,0
1236,35791,-15683,-2281,3534,-943,955,-407,35791,-215,3899,-963,49,57,-408,35812,-3995,14582,4318,-101,-316,-4725,35812,-3432,-16079,5011,-654,510,-4630,35791,-3724,15467,936,-1752,-179,1698,8,0
1237,35813,-14918,-2281,3534,-943,955,-407,35813,-215,3899,-963,49,70,-408,35834,-3995,14582,4318,23,-316,-4725,35834,-3432,-16079,5011,-654,774,-4630,35813,-3724,15467,936,-1752,-179,2009,8,0
1238,35835,-14918,-2341,3417,-1262,41,-586,35835,-399,3862,-963,23,70,-629,35856,-4867,14044,4270,23,-316,-6725,35856,-3432,-16079,4908,-715,774,-6630,35835,-3724,15435,936,-2583,-179,2009,8,0
1239,35857,-13918,-2386,3273,-1529,-1149,-720,35857,-475,3745,-855,-53,27,-934,35878,-5521,13077,4234,298,-188,-8725,35878,-2759,-15835,4908,-715,1576,-8130,35857,-3582,15198,947,-3737,40,3354,8,0
1240,35879,-13918,-2386,3273,-1529,-1149,-720,35879,-475,3745,-855,-53,27,-934,35900,-5521,13077,4207,321,388,-8725,35900,-2432,-15835,4919,-505,1576,-8130,35879,-3363,15198,1131,-3737,40,3541,8,0
1241,35901,-13918,-2386,3175,-1869,-2358,-720,35901,-475,3643,-855,-112,-51,-1225,35922,-5521,12907,4207,321,388,-10495,35922,-2432,-15835,4919,-505,1576,-9009,35901,-3363,15003,1131,-4602,40,3541,8,0
1242,35923,-12918,-2176,3100,-2364,-3265,-539,35923,-310,3580,-839,-160,-144,-1444,35944,-4964,12821,4079,1471,1429,-12015,35944,-1432,-15744,5041,-761,1240,-9668,35923,-2536,14963,1539,-4812,-107,4824,8,0
1243,35945,-12918,-2176,3100,-2364,-3265,-539,35945,-310,3580,-839,-160,-144,-1444,35966,-4964,12821,4079,1471,1429,-12015,35966,-1432,-15744,5041,-761,1240,-9668,35945,-2536,14963,1589,-4812,-107,4824,8,0
1244,35967,-12918,-2176,3094,-2590,-3960,-539,35967,-310,3486,-901,-196,-213,-1538,35988,-4964,12715,4079,1471,1429,-12960,35988,-1432,-15744,5016,-1020,1240,-10196,35967,-2536,14827,1589,-4812,-1256,4824,8,0
1245,35989,-11918,-1774,3094,-2759,-4481,-338,35989,-398,3266,-901,-221,-265,-1601,36010,-5712,11878,3983,2227,1680,-14191,36010,-447,-15676,4824,-1327,1335,-10592,35989,-1947,14827,2307,-4795,-2118,5636,8,0
1246,36011,-11918,-1766,3108,-2759,-4481,-338,36011,-398,3266,-874,-225,-265,-1601,36032,-5712,11878,3983,2227,1680,-14191,36032,-432,-15676,4824,-1327,1335,-10592,36011,-1947,14853,2307,-4795,-2118,5636,8,0
1247,36033,-11918,-1766,3108,-2866,-4872,-338,36033,-616,3101,-874,-240,-315,-1637,36054,-6299,10949,3892,2227,1680,-14191,36054,-432,-15676,4680,-1349,1335,-10592,36033,-1947,14853,2307,-4795,-2414,5636,8,0
1248,36055,-10918,-1611,3119,-2866,-4872,-184,36055,-806,2947,-763,-285,-352,-1675,36076,-7299,10252,3719,2179,1851,-14454,36076,568,-15855,4494,-1349,1310,-10549,36055,-947,14872,2932,-4725,-2615,6513,8,0
1249,36077,-10918,-1611,3119,-2856,-4819,-184,36077,-806,2947,-709,-285,-352,-1675,36098,-7299,10252,3719,2179,1869,-14454,36098,568,-15855,4494,-1106,1310,-10425,36077,-947,14872,3030,-4725,-2615,6513,8,0
1250,36099,-10918,-1611,3115,-2856,-4819,-215,36099,-968,2947,-709,-285,-352,-1719,36120,-8214,10125,3589,2143,1869,-14454,36120,568,-15855,4297,-1106,707,-10425,36099,-947,14872,3030,-4725,-2766,6513,8,0
1251,36121,-11918,-1555,2590,-2495,-3907,-273,36121,-1090,2987,-718,-234,-332,-1752,36142,-9134,10029,3259,2070,2656,-14448,36142,1568,-15378,4297,-843,144,-9527,36121,53,15063,3681,-4652,-2782,6364,8,0
1252,36143,-11918,-1555,2590,-2469,-3907,-273,36143,-1090,2987,-718,-170,-173,-1752,36164,-9134,10029,3259,2070,2656,-14448,36164,1568,-15378,4297,-818,144,-9225,36143,53,15063,3717,-4652,-2782,6364,8,0
1253,36165,-12698,-1555,2196,-2469,-3907,-282,36165,-1480,2987,-723,-170,-173,-1752,36186,-10134,9538,3021,2015,2391,-14448,36186,1568,-15378,4342,-818,-262,-9225,36165,53,15063,3717,-4652,-2782,6252,8,0
1254,36187,-13283,-1625,1833,-2092,-4355,-282,36187,-1820,2943,-746,-82,-39,-1746,36208,-11134,9076,2897,1781,2086,-14298,36208,2568,-15020,4360,-602,-566,-8258,36187,1053,14932,4337,-4523,-2356,5814,8,0
1255,36209,-13283,-1625,1833,-1748,-4355,-275,36209,-1820,2943,-746,-82,2,-1744,36230,-11134,9076,2897,1781,2086,-14298,36230,2568,-15020,4440,-602,-566,-8187,36209,1053,14932,4451,-4523,-2356,5814,8,0
1256,36231,-13291,-1910,1387,-1748,-4355,-275,36231,-2100,2881,-763,-82,2,-1744,36252,-11134,8637,2897,1369,1883,-14298,36252,2568,-15020,4440,-602,-794,-8187,36231,1053,14826,4451,-4523,-2356,5485,8,0
1257,36253,-13297,-2085,879,-1266,-3994,-269,36253,-2445,2834,-813,-24,88,-1660,36274,-10134,8045,2963,1060,1604,-14273,36274,3568,-14985,4371,-763,-965,-7239,36253,1894,14626,4926,-4191,-2037,5318,8,0
1258,36275,-13297,-2085,879,-1266,-3994,-269,36275,-2445,2834,-813,-24,88,-1638,36296,-10134,8045,2963,1060,1604,-14273,36296,3568,-14985,4371,-763,-965,-7207,36275,2037,14626,4926,-4191,-1943,5318,8,0
1259,36297,-13297,-2216,460,-1266,-3994,-269,36297,-2718,2820,-851,-24,88,-1638,36318,-10134,7601,2854,908,1395,-14273,36318,3568,-14985,4224,-763,-965,-7207,36297,2037,14476,4926,-4191,-1943,5192,8,0
1260,36319,-13253,-2252,-110,-904,-3689,-267,36319,-2967,2810,-864,29,147,-1528,36340,-9134,7268,2534,908,1238,-13932,36340,4568,-14805,4026,-728,-952,-6335,36319,2838,14335,5282,-3803,-1633,4802,8,0
1261,36341,-13217,-2252,-110,-903,-3689,-267,36341,-2967,2810,-864,40,147,-1507,36362,-9134,7268,2534,920,1238,-13804,36362,4568,-14805,4026,-637,-952,-6085,36341,3004,14335,5304,-3477,-1432,4802,8,0
1262,36363,-13217,-2261,-623,-903,-3689,-267,36363,-3175,2807,-864,40,147,-1507,36384,-9134,7019,2294,920,1238,-13804,36384,4568,-14805,3877,-637,-952,-6085,36363,3004,14192,5304,-3477,-1432,4279,8,0
1263,36385,-13063,-2267,-1268,-631,-2969,-219,36385,-3368,2789,-863,59,156,-1382,36406,-8134,6435,2113,967,1450,-12271,36406,5568,-14725,3850,-262,-904,-5045,36385,3894,14122,5570,-2664,-723,3654,8,0
1264,36407,-13024,-2267,-1268,-619,-2969,-219,36407,-3368,2789,-863,59,156,-1374,36428,-8134,6435,2113,1075,1561,-12271,36428,5568,-14725,3850,-262,-904,-5025,36407,3894,14122,5570,-2664,-723,3654,8,0
1265,36429,-13024,-2267,-1783,-619,-2969,-219,36429,-3514,2758,-863,59,156,-1374,36450,-8134,5994,1982,1075,1561,-12271,36450,5568,-14725,3850,-262,-904,-5025,36429,3894,14032,5570,-2664,-723,3145,8,0
1266,36451,-12840,-2196,-2169,-380,-2171,-174,36451,-3636,2629,-928,68,160,-1235,36472,-7134,5570,1880,1263,1669,-10970,36472,6440,-14611,3879,-122,-860,-4153,36451,4561,13884,5769,-2104,-731,2698,8,0
1267,36473,-12775,-2196,-2169,-380,-2079,-174,36473,-3636,2629,-928,68,160,-1215,36494,-7134,5570,1880,1263,1669,-10932,36494,6478,-14611,3879,-122,-860,-4151,36473,4561,13884,5770,-2104,-731,2698,8,0
1268,36495,-12775,-2196,-2321,-380,-2079,-174,36495,-3734,2522,-978,68,151,-1215,36516,-7134,5252,1804,1211,1669,-10932,36516,6478,-14611,3879,-122,-860,-4151,36495,4561,13773,5770,-2104,-800,2332,8,0
1269,36517,-12602,-2196,-2435,-312,-1481,-148,36517,-3808,2407,-1027,70,144,-1050,36538,-6134,4863,1648,1053,1444,-9031,36538,7160,-14512,3852,-172,-753,-3418,36517,4951,13659,5920,-1673,-852,2042,8,0
1270,36539,-12602,-2196,-2435,-312,-1387,-148,36539,-3808,2407,-1027,70,144,-1021,36560,-6134,4863,1648,1053,1444,-8932,36560,7160,-14512,3852,-172,-734,-3384,36539,4951,13659,5920,-1644,-852,2042,8,0
1271,36561,-12617,-2196,-2518,-312,-1387,-148,36561,-3876,2318,-1068,70,138,-1021,36582,-6134,4571,1490,930,1313,-8932,36582,7160,-14512,3852,-249,-734,-3384,36561,4951,13659,5920,-1644,-852,1738,8,0
1272,36583,-12703,-2189,-2580,-306,-994,-129,36583,-3927,2237,-1098,77,134,-830,36604,-5134,4253,1357,795,1097,-6932,36604,7735,-14362,3795,-365,-577,-2741,36583,5292,13630,6005,-1325,-697,1431,8,0
1273,36605,-12703,-2165,-2580,-306,-963,-107,36605,-3927,2237,-1098,78,134,-802,36626,-5134,4253,1357,795,1097,-6932,36626,7735,-14257,3795,-365,-573,-2656,36605,5292,13630,6028,-1325,-657,1431,8,0
1274,36627,-12918,-2165,-2587,-346,-963,-107,36627,-3927,2177,-1102,78,118,-802,36648,-5134,3996,1301,653,935,-6932,36648,7735,-14257,3743,-452,-573,-2656,36627,5292,13630,6028,-1325,-657,1145,8,0
1275,36649,-13344,-2113,-2592,-438,-783,-76,36649,-3925,2136,-1102,73,95,-597,36670,-4134,3804,1265,437,781,-4969,36670,8144,-14061,3623,-452,-363,-2042,36649,5532,13586,6109,-1163,-368,820,8,0
1276,36671,-13344,-2020,-2592,-438,-783,-57,36671,-3889,2136,-1092,73,95,-585,36692,-4134,3804,1265,437,781,-4932,36692,8144,-14060,3623,-434,-350,-1997,36671,5532,13586,6109,-1163,-368,820,8,0
1277,36693,-13772,-2020,-2592,-528,-922,-57,36693,-3889,2108,-1092,64,70,-585,36714,-4134,3660,1240,216,657,-4932,36714,8144,-14060,3533,-434,-350,-1997,36693,5532,13553,6109,-1163,-368,531,8,0
1278,36715,-14093,-1900,-2644,-569,-1026,-12,36715,-3851,2091,-1056,52,51,-388,36736,-3134,3643,1240,50,392,-3169,36736,8380,-13922,3468,-339,-101,-1399,36715,5650,13528,6202,-1134,-142,314,8,0
1279,36737,-14093,-1900,-2644,-569,-1026,-5,36737,-3851,2091,-1056,52,51,-378,36758,-3134,3643,1333,50,392,-3135,36758,8380,-13922,3468,-277,-87,-1385,36737,5650,13528,6202,-1134,-127,314,8,0
1280,36759,-14093,-1900,-2787,-569,-1026,-5,36759,-3851,2091,-1056,39,37,-378,36780,-3134,3640,1333,-73,184,-3135,36780,8380,-13922,3468,-277,-87,-1385,36759,5650,13528,6202,-1157,-127,163,8,0
1281,36781,-14039,-1829,-2979,-445,-491,79,36781,-3885,2094,-1037,28,11,-195,36802,-2134,3640,1562,-166,28,-1426,36802,8628,-13840,3528,-143,183,-847,36781,5738,13600,6389,-1174,145,49,8,0
1282,36803,-13852,-1829,-2979,-445,-491,79,36803,-3885,2117,-1037,28,11,-175,36824,-2134,3655,1562,-166,28,-1247,36824,8682,-13840,3528,-143,183,-719,36803,5738,13651,6446,-1174,145,49,8,0
1283,36825,-13852,-1832,-3123,-445,-491,79,36825,-3885,2117,-1037,1,-9,-175,36846,-2134,3655,1562,-243,-184,-1247,36846,8682,-13840,3528,-143,183,-719,36825,5738,13651,6446,-1174,145,-35,8,0
1284,36847,-13605,-1958,-3208,-327,30,53,36847,-3881,2166,-1029,-22,-24,-5,36868,-1134,3838,1439,-426,-248,616,36868,8819,-13822,3513,-41,333,-48,36847,5829,13705,6589,-908,417,-98,8,0
1285,36869,-13605,-1958,-3208,-327,30,53,36869,-3881,2196,-1023,-22,-24,10,36890,-1134,3901,1439,-426,-248,715,36890,8819,-13822,3513,11,333,21,36869,5881,13668,6589,-813,417,-98,8,0
1286,36891,-13605,-2052,-3208,-327,30,53,36891,-3881,2196,-1023,-39,-24,10,36912,-1134,3901,1347,-563,-248,715,36912,8819,-13832,3501,11,333,21,36891,5881,13668,6589,-813,417,-168,8,0
1287,36913,-13482,-2123,-3184,-162,651,76,36913,-3848,2333,-1006,-65,-15,203,36934,-134,4557,1347,-628,-215,2486,36934,8892,-13937,3501,239,533,786,36913,6006,13668,6672,-263,497,-470,8,0
1288,36935,-13482,-2123,-3108,-99,735,104,36935,-3836,2333,-1001,-65,-5,217,36956,-134,4726,1398,-628,-215,2602,36956,8892,-13937,3535,239,610,856,36935,6006,13699,6672,-263,497,-470,8,0
1289,36957,-13542,-2176,-3108,-99,735,104,36957,-3836,2333,-1001,-90,-5,217,36978,-134,4726,1398,-628,-215,2602,36978,8826,-14041,3535,239,610,856,36957,6006,13699,6672,-263,497,-788,8,0
1290,36979,-13797,-2222,-3033,-38,1111,142,36979,-3778,2431,-984,-116,8,393,37000,-1134,5359,1502,-582,-271,4142,37000,8682,-14099,3702,377,870,1628,36979,5940,13731,6698,111,631,-1151,8,0
1291,37001,-13797,-2222,-2957,-87,1111,142,37001,-3764,2431,-980,-116,8,402,37022,-1134,5492,1502,-530,-271,4196,37022,8682,-14099,3702,377,874,1665,37001,5940,13731,6698,111,709,-1151,8,0
1292,37023,-13988,-2256,-2957,-87,1111,142,37023,-3764,2431,-980,-135,8,402,37044,-2134,5492,1502,-530,-422,4196,37044,8566,-14143,3702,377,874,1665,37023,5876,13731,6698,111,709,-1533,8,0
1293,37045,-14289,-2282,-2744,-134,1499,158,37045,-3649,2489,-950,-147,18,558,37066,-3134,6135,1580,-452,-536,5490,37066,8315,-14227,3827,376,1075,2380,37045,5697,13790,6717,476,883,-1978,8,0
1294,37067,-14289,-2282,-2554,-134,1499,203,37067,-3620,2489,-942,-147,18,571,37088,-3134,6179,1662,-399,-536,5513,37088,8315,-14227,3827,376,1075,2420,37067,5697,13790,6717,490,883,-1978,8,0
1295,37089,-14289,-2291,-2554,-242,1499,203,37089,-3620,2489,-942,-156,17,571,37110,-4134,6179,1662,-399,-536,5513,37110,8077,-14325,3827,372,1075,2420,37089,5558,13790,6678,490,883,-2415,8,0
1296,37111,-13289,-2291,-2150,-319,1827,231,37111,-3463,2539,-901,-163,4,713,37132,-5134,6688,1794,-99,-345,6478,37132,7833,-14405,3969,310,1172,3022,37111,5364,13885,6625,808,918,-2863,8,0
1297,37133,-13289,-2261,-2052,-319,1946,249,37133,-3427,2539,-901,-163,4,713,37154,-5134,6716,1794,-19,-266,6478,37154,7833,-14405,3969,310,1172,3027,37133,5364,13885,6625,812,918,-2863,8,0
1298,37155,-13289,-2261,-2052,-319,1946,249,37155,-3427,2539,-901,-167,-15,713,37176,-6134,6716,1794,-19,-266,6478,37176,7511,-14465,3969,264,1145,3027,37155,5123,13885,6597,812,841,-3220,8,0
1299,37177,-12289,-2201,-1585,-275,2602,255,37177,-3220,2577,-838,-170,-46,816,37198,-7134,7163,1893,117,-227,7198,37198,7180,-14619,4075,219,998,3530,37177,4747,13982,6577,1140,745,-3517,8,0
1300,37199,-12289,-2201,-1507,-269,2724,255,37199,-3176,2585,-838,-170,-46,816,37220,-7134,7279,1899,117,-227,7198,37220,7180,-14619,4075,219,998,3592,37199,4747,14056,6577,1259,745,-3517,8,0
1301,37221,-12289,-2201,-1507,-269,2724,180,37221,-3176,2585,-838,-170,-72,816,37242,-8128,7279,1899,117,-581,7198,37242,6846,-14791,4075,219,821,3592,37221,4452,14056,6562,1259,673,-3744,8,0
1302,37243,-11289,-2091,-901,-178,3485,106,37243,-2902,2676,-778,-153,-89,892,37264,-8766,7788,1978,85,-847,7862,37264,6562,-14998,4248,234,623,4121,37243,4103,14243,6497,1742,571,-3965,8,0
1303,37265,-11289,-2091,-887,-128,3485,106,37265,-2878,2701,-778,-135,-89,892,37286,-8766,7788,1978,85,-847,7862,37286,6562,-14998,4248,330,623,4168,37265,4103,14243,6497,1749,571,-3965,8,0
1304,37287,-11289,-2091,-887,-128,3485,64,37287,-2878,2701,-778,-135,-89,892,37308,-9058,7788,1978,-38,-887,7862,37308,6151,-15157,4248,330,474,4168,37287,3786,14243,6318,1749,433,-4131,8,0
1305,37309,-10289,-1978,-350,64,3938,45,37309,-2624,2837,-738,-88,-70,957,37330,-9069,8204,2055,-419,-917,8141,37330,5767,-15319,4383,414,228,4732,37309,3463,14391,6107,2144,391,-4285,8,0
1306,37331,-10289,-1908,-311,84,3938,45,37331,-2613,2837,-730,-83,-57,957,37352,-9069,8483,2055,-419,-917,8553,37352,5767,-15319,4406,414,228,4777,37331,3463,14506,6107,2168,391,-4285,8,0
1307,37353,-10289,-1908,-311,84,3938,30,37353,-2613,2837,-730,-83,-57,957,37374,-9069,8483,2055,-821,-998,8553,37374,5479,-15452,4406,414,43,4777,37353,3081,14506,5926,2168,391,-4484,8,0
1308,37375,-9289,-1802,301,319,4286,28,37375,-2285,2991,-715,-35,17,1015,37396,-8912,9422,2298,-1432,-1616,8916,37396,5058,-15609,4501,316,-186,5482,37375,2719,14734,5721,2604,662,-4752,8,0
1309,37397,-9289,-1802,309,319,4286,28,37397,-2276,3003,-715,-35,56,1029,37418,-8789,9483,2461,-1432,-1616,8916,37418,5058,-15609,4501,316,-186,5572,37397,2719,14734,5721,2621,697,-4752,8,0
1310,37419,-9289,-1802,309,319,4286,28,37419,-2276,3003,-715,-35,56,1029,37440,-8789,9483,2461,-1968,-2080,8916,37440,4670,-15658,4501,236,-309,5572,37419,2358,14734,5567,2621,697,-4984,8,0
1311,37441,-8289,-1761,852,558,4204,62,37441,-1957,3129,-728,0,155,1108,37462,-8590,10248,2809,-2515,-2992,9040,37462,4178,-15796,4509,63,-401,6399,37441,2004,14967,5315,2987,930,-5188,8,0
1312,37463,-8289,-1761,969,558,4204,128,37463,-1924,3129,-728,0,162,1133,37484,-8590,10248,2809,-2515,-2992,9040,37484,4178,-15796,4509,63,-401,6399,37463,2004,14967,5315,3059,931,-5188,8,0
1313,37485,-8289,-1761,969,558,4142,128,37485,-1924,3129,-737,0,162,1133,37506,-8590,10248,2809,-3537,-3676,9040,37506,3805,-15900,4509,-103,-470,6399,37485,1677,14967,5013,3059,931,-5316,8,0
1314,37507,-7289,-1740,1388,627,4082,266,37507,-1637,3208,-752,64,227,1226,37528,-8441,10901,3155,-4423,-4189,9035,37528,3066,-15978,4515,-191,-1016,6855,37507,1212,15062,4610,3387,1274,-5412,8,0
1315,37529,-7289,-1740,1388,627,4082,266,37529,-1600,3208,-752,112,227,1233,37550,-8423,10902,3166,-4423,-4189,9035,37550,3066,-15978,4520,-191,-1016,6855,37529,1212,15062,4610,3387,1274,-5412,8,0
1316,37551,-7289,-1740,1388,627,3943,266,37551,-1600,3208,-770,112,227,1233,37572,-8423,10902,3166,-4423,-4189,9017,37572,2409,-15978,4520,-224,-1441,6855,37551,616,15062,4218,3387,1274,-5412,8,0
1317,37573,-6289,-1731,1528,457,3745,124,37573,-1347,3287,-794,207,248,1300,37594,-7638,11395,3551,-4369,-3737,8887,37594,1534,-15936,4583,-248,-1744,6838,37573,110,15121,3893,3485,1494,-5315,8,0
1318,37595,-6289,-1731,1528,457,3745,124,37595,-1339,3287,-794,207,248,1300,37616,-7638,11395,3551,-3840,-3585,8887,37616,1534,-15936,4583,-248,-1744,6838,37595,110,15121,3893,3485,1494,-5028,8,0
1319,37617,-6289,-1805,1528,329,3722,18,37617,-1339,3287,-794,207,143,1300,37638,-7638,11395,3551,-3840,-3585,8773,37638,731,-15936,4576,-266,-1782,6616,37617,-269,15121,3649,3480,1494,-5028,8,0
1320,37639,-5289,-1939,1633,303,3704,-41,37639,-1143,3367,-767,201,49,1261,37660,-6801,11881,3888,-3271,-2529,8515,37660,84,-16011,4501,-266,-1782,5999,37639,-603,15341,3237,3213,1887,-4654,8,0
1321,37661,-5289,-1939,1637,303,3704,-41,37661,-1137,3374,-767,201,49,1261,37682,-6794,12203,3888,-3271,-2529,8515,37682,84,-16011,4501,-100,-1687,5999,37661,-603,15374,3237,3213,1887,-4514,8,0
1322,37683,-5289,-2040,1637,284,3691,-56,37683,-1137,3374,-771,189,-21,1175,37704,-6794,12203,3888,-3271,-2529,7917,37704,-338,-16011,4501,-100,-1687,5305,37683,-854,15374,2928,2960,1887,-4514,8,0
1323,37705,-4289,-2116,1936,124,3526,-67,37705,-906,3526,-774,187,-75,1006,37726,-5794,12809,4182,-2435,-1737,7001,37726,-654,-15981,4546,92,-1562,4623,37705,-1257,15434,2637,2684,1582,-4083,8,0
1324,37727,-4289,-2116,1937,124,3526,-67,37727,-843,3526,-774,187,-75,1006,37748,-5794,12809,4471,-2435,-1737,7001,37748,-654,-15971,4627,92,-1503,4623,37727,-1257,15434,2637,2684,1582,-4065,8,0
1325,37749,-4289,-2168,1937,-9,3106,-75,37749,-843,3526,-805,187,-95,852,37770,-5794,12809,4471,-2435,-1737,6048,37770,-891,-15971,4627,92,-1503,4043,37749,-1559,15434,2455,2472,1320,-4065,8,0
1326,37771,-3289,-2207,2162,-144,2791,-81,37771,-629,3618,-831,195,-95,713,37792,-5081,13254,4773,-1589,-1097,5211,37792,-1203,-16032,4692,165,-1349,3407,37771,-1658,15479,2252,2194,1075,-3546,8,0
1327,37793,-3289,-2207,2185,-144,2791,-81,37793,-629,3618,-831,197,-93,713,37814,-5037,13368,4773,-1589,-1097,5211,37814,-1203,-16032,4692,165,-1232,3407,37793,-1658,15559,2252,2194,1075,-3519,8,0
1328,37815,-3289,-2207,2185,-272,2791,-81,37815,-629,3618,-867,197,-93,608,37836,-5037,13368,4773,-1589,-1097,4572,37836,-1437,-16079,4692,165,-1232,2764,37815,-1732,15559,2093,1985,726,-3519,8,0
1329,37837,-4289,-2145,2475,-401,2844,-79,37837,-469,3687,-915,175,-112,523,37858,-4465,13746,4999,-601,-762,3628,37858,-1437,-16113,4708,173,-495,2132,37837,-2117,15523,1973,1777,290,-3061,8,0
1330,37859,-4289,-2145,2484,-401,2844,-79,37859,-444,3705,-915,175,-112,523,37880,-4459,13788,4999,-601,-762,3628,37880,-1433,-16113,4708,173,-495,2132,37859,-2117,15523,1973,1777,290,-3025,8,0
1331,37881,-5289,-2145,2484,-498,2844,-79,37881,-444,3705,-951,153,-142,455,37902,-4459,13788,4999,-601,-762,2736,37902,-1433,-16113,4708,173,-495,1636,37881,-2405,15496,1883,1554,12,-3025,8,0
1332,37903,-6289,-2121,2756,-498,2646,-27,37903,-220,3770,-987,112,-164,386,37924,-3936,14129,5301,-394,-610,2067,37924,-1567,-16109,4763,123,-87,1246,37903,-2765,15496,1877,1251,-196,-2461,8,0
1333,37925,-6289,-2121,2797,-491,2646,25,37925,-220,3770,-987,112,-164,386,37946,-3936,14166,5319,-394,-544,2067,37946,-1567,-16109,4763,123,-87,1246,37925,-2765,15578,1853,1251,-196,-2461,8,0
1334,37947,-7289,-2121,2797,-491,2355,25,37947,-220,3770,-1016,81,-164,316,37968,-3936,14166,5319,-394,-544,1652,37968,-1668,-16146,4763,83,-87,878,37947,-2765,15578,1840,1009,-352,-2461,8,0
1335,37969,-8289,-1988,3186,-304,2093,124,37969,-119,3825,-1037,64,-121,236,37990,-3388,14449,5254,-355,-372,1357,37990,-1707,-16174,4737,18,121,560,37969,-2789,15659,1813,721,-469,-1926,8,0
1336,37991,-8289,-1988,3202,-304,2093,124,37991,-119,3829,-1037,64,-118,236,38012,-3388,14593,5254,-355,-82,1357,38012,-1707,-16174,4737,18,121,560,37991,-2789,15663,1792,721,-469,-1918,8,0
1337,38013,-9289,-1988,3202,-304,1940,124,38013,-119,3829,-1037,63,-118,164,38034,-3388,14593,5254,-355,-19,1170,38034,-1707,-16174,4737,-30,121,350,38013,-2789,15663,1792,471,-469,-1918,8,0
1338,38035,-10289,-2088,3488,-173,1809,163,38035,-22,3869,-1058,63,-83,110,38056,-2920,14769,5406,-267,144,1030,38056,-1671,-16124,4739,-30,82,249,38035,-2757,15748,1755,318,-122,-1496,8,0
1339,38057,-10289,-2088,3488,-173,1809,163,38057,-2,3869,-1058,64,-77,110,38078,-2859,14803,5406,-267,191,1030,38078,-1671,-16124,4739,-25,82,249,38057,-2757,15748,1755,318,-122,-1473,8,0
1340,38079,-10289,-2163,3488,-173,1705,156,38079,-2,3869,-1058,64,-77,70,38100,-2859,14803,5406,-267,191,899,38100,-1671,-16124,4739,-25,53,189,38079,-2757,15748,1748,281,-122,-1473,8,0
1341,38101,-9289,-2163,3659,-251,1627,119,38101,58,3887,-1056,73,-34,37,38122,-2529,14949,5520,-201,250,743,38122,-1574,-16165,4733,23,-1,144,38101,-2740,15776,1688,281,33,-1155,8,0
1342,38123,-9289,-2161,3703,-251,1627,119,38123,58,3887,-1056,73,-34,37,38144,-2529,14951,5520,-201,250,743,38144,-1574,-16165,4733,30,-1,144,38123,-2740,15776,1688,311,33,-1155,8,0
1343,38145,-10289,-2161,3703,-321,1570,92,38145,58,3887,-1056,73,-34,16,38166,-2529,14951,5520,-201,250,626,38166,-1574,-16195,4733,30,-42,144,38145,-2751,15776,1643,311,15,-1155,8,0
1344,38167,-10289,-2142,3926,-362,1465,74,38167,103,3896,-1070,65,-3,7,38188,-2357,15054,5634,-53,294,566,38188,-1459,-16214,4728,66,-105,181,38167,-2764,15798,1609,366,-246,-976,8,0
1345,38189,-9289,-2141,3927,-362,1465,74,38189,125,3896,-1070,65,-3,7,38210,-2357,15054,5634,-46,301,566,38210,-1459,-16214,4728,82,-105,253,38189,-2764,15798,1609,369,-246,-976,8,0
1346,38211,-9289,-2141,3927,-362,1386,71,38211,125,3896,-1081,57,-3,1,38232,-2357,15054,5634,-46,301,566,38232,-1655,-16228,4725,82,-152,253,38211,-2774,15798,1581,369,-441,-976,8,0
1347,38233,-10289,-2091,4114,-306,1215,71,38233,139,3903,-1093,51,27,-2,38254,-2296,15131,5719,69,339,611,38254,-1802,-16235,4722,116,-152,258,38233,-2927,15792,1569,387,-560,-894,8,0
1348,38255,-10289,-2091,4114,-273,1215,75,38255,139,3906,-1093,51,33,-2,38276,-2296,15146,5719,98,468,611,38276,-1802,-16235,4722,125,-98,258,38255,-2927,15792,1569,387,-560,-894,8,0
1349,38277,-11289,-2091,4114,-273,1091,75,38277,139,3906,-1093,49,33,-5,38298,-2296,15146,5719,98,468,611,38298,-1802,-16235,4722,125,-98,258,38277,-3052,15761,1537,284,-560,-894,8,0
1350,38299,-12289,-2147,4203,-166,1091,86,38299,150,3913,-1086,49,42,-10,38320,-2251,15215,5832,45,594,477,38320,-1783,-16207,4740,107,-169,261,38299,-3146,15761,1509,125,-204,-751,8,0
1351,38321,-12289,-2147,4203,-155,1113,97,38321,161,3916,-1077,50,42,-10,38342,-2164,15215,5834,45,594,477,38342,-1742,-16207,4750,107,-169,261,38321,-3146,15764,1509,125,-204,-636,8,0
1352,38343,-13278,-2189,4203,-155,1113,98,38343,161,3916,-1077,50,42,-15,38364,-2164,15215,5834,10,594,376,38364,-1742,-16207,4750,93,-222,261,38343,-3149,15764,1492,6,-204,-636,8,0
1353,38365,-14034,-2189,4293,-67,1141,105,38365,186,3915,-1076,48,48,-29,38386,-1984,15279,5799,-16,762,300,38386,-1751,-16217,4761,78,-262,278,38365,-3151,15799,1476,-50,-82,-382,8,0
1354,38387,-14034,-2182,4353,-61,1141,115,38387,186,3915,-1076,48,64,-29,38408,-1984,15283,5799,-16,762,300,38408,-1751,-16217,4761,78,-262,278,38387,-3151,15802,1476,-50,-82,-382,8,0
1355,38409,-14587,-2182,4353,-61,1075,115,38409,186,3915,-1076,48,64,-40,38430,-1984,15283,5773,-16,762,300,38430,-1751,-16217,4761,78,-264,278,38409,-3151,15802,1476,-92,-82,-382,8,0
1356,38431,-15000,-2180,4455,81,1009,159,38431,182,3916,-1075,52,90,-43,38452,-1859,15334,5746,98,1041,350,38452,-1768,-16207,4765,67,-265,286,38431,-3136,15847,1477,-118,8,-239,8,0
1357,38453,-15000,-2180,4455,81,1009,159,38453,182,3916,-1075,52,90,-43,38474,-1859,15334,5746,98,1044,382,38474,-1768,-16207,4765,67,-265,286,38453,-3136,15847,1520,-118,42,-239,8,0
1358,38475,-15310,-2183,4455,81,976,159,38475,179,3916,-1075,52,90,-43,38496,-1859,15334,5746,98,1044,382,38496,-1781,-16207,4765,55,-266,285,38475,-3136,15847,1520,-138,42,-239,8,0
1359,38497,-15518,-2233,4482,93,976,184,38497,172,3918,-1089,55,91,-40,38518,-1838,15342,5743,102,1170,413,38518,-1819,-16154,4847,43,-272,252,38497,-3116,15842,1492,-138,223,-132,8,0
1360,38519,-15518,-2233,4482,93,980,184,38519,172,3918,-1089,55,91,-40,38540,-1705,15342,5743,102,1170,413,38540,-1819,-16154,4847,43,-272,252,38519,-3093,15842,1492,-129,223,-132,8,0
1361,38541,-15674,-2261,4482,69,980,184,38541,163,3918,-1100,55,91,-40,38562,-1705,15342,5709,102,1170,375,38562,-1866,-16174,4847,38,-272,189,38541,-3093,15842,1471,-129,223,-132,8,0
1362,38563,-15822,-2291,4502,-39,989,200,38563,157,3924,-1106,58,89,-39,38584,-1593,15362,5683,105,978,249,38584,-1883,-16189,4877,34,-200,71,38563,-3083,15851,1442,-109,93,-59,8,0
1363,38585,-15822,-2291,4513,-39,1076,200,38585,157,3925,-1106,58,89,-39,38606,-1593,15386,5683,145,978,249,38606,-1883,-16189,4877,34,-116,71,38585,-3075,15851,1442,-106,93,-59,8,0
1364,38607,-15933,-2326,4513,-143,1076,200,38607,157,3925,-1110,58,77,-39,38628,-1593,15386,5664,145,812,123,38628,-1883,-16189,4877,31,-116,-17,38607,-3075,15851,1426,-106,-4,-59,8,0
1365,38629,-16016,-2352,4577,-230,1126,212,38629,165,3922,-1110,54,54,-35,38650,-1564,15419,5472,172,613,28,38650,-1828,-16157,4899,7,0,-81,38629,-3080,15861,1414,-92,-53,-23,8,0
1366,38651,-16016,-2352,4599,-230,1126,212,38651,170,3922,-1107,54,54,-32,38672,-1564,15419,5472,172,613,28,38672,-1828,-16157,4899,7,0,-81,38651,-3080,15861,1414,-92,-53,-23,8,0
1367,38673,-16071,-2352,4599,-286,1126,202,38673,170,3915,-1107,50,36,-32,38694,-1585,15419,5328,172,464,-34,38694,-1828,-16157,4899,7,0,-124,38673,-3084,15861,1405,-92,-70,-23,8,0
1368,38695,-16102,-2352,4664,-329,1058,178,38695,179,3910,-1109,47,29,-27,38716,-1585,15436,5220,185,352,-40,38716,-1787,-16154,4905,9,85,-162,38695,-3084,15864,1402,-74,-94,6,8,0
1369,38717,-16102,-2330,4664,-329,1058,178,38717,179,3910,-1109,47,29,-27,38738,-1587,15436,5220,187,352,-40,38738,-1784,-16154,4905,9,89,-162,38717,-3083,15864,1402,-74,-94,6,8,0
1370,38739,-16125,-2325,4664,-358,1007,161,38739,179,3910,-1110,44,24,-27,38760,-1603,15436,5188,187,352,-40,38760,-1784,-16154,4905,9,89,-177,38739,-3083,15864,1402,-74,-106,6,8,0
1371,38761,-16142,-2313,4698,-380,968,148,38761,185,3910,-1113,39,20,-18,38782,-1603,15441,5164,216,360,-29,38782,-1751,-16113,4927,0,85,-177,38761,-3082,15846,1423,-68,-120,28,8,0
1372,38783,-16142,-2304,4698,-380,968,148,38783,191,3910,-1113,39,20,-17,38804,-1602,15441,5164,216,384,-29,38804,-1751,-16113,4927,0,85,-172,38783,-3082,15846,1423,-68,-120,38,8,0
1373,38805,-16155,-2304,4698,-381,939,138,38805,191,3910,-1115,35,17,-17,38826,-1602,15441,5050,216,384,-29,38826,-1751,-16113,4927,-6,82,-172,38805,-3082,15844,1423,-68,-122,38,8,0
1374,38827,-16171,-2286,4706,-381,891,128,38827,198,3912,-1121,35,15,-9,38848,-1602,15444,4956,229,417,-13,38848,-1757,-16134,4934,-11,82,-195,38827,-3081,15843,1411,-64,-123,76,8,0
1375,38849,-16171,-2286,4706,-381,891,128,38849,198,3912,-1121,37,15,-9,38870,-1601,15456,4956,229,417,-13,38870,-1757,-16134,4934,-11,106,-195,38849,-3081,15843,1411,-64,-123,83,8,0
1376,38871,-16213,-2286,4706,-398,876,116,38871,194,3912,-1121,37,15,-9,38892,-1601,15456,4886,229,417,-13,38892,-1757,-16139,4934,-27,106,-225,38871,-3087,15842,1402,-64,-123,83,8,0
1377,38893,-16232,-2297,4714,-431,865,102,38893,191,3918,-1121,41,18,-3,38914,-1592,15468,4833,243,425,-9,38914,-1751,-16139,4939,-49,124,-254,38893,-3092,15842,1392,-83,-86,114,8,0
1378,38915,-16232,-2297,4714,-431,865,102,38915,191,3918,-1121,41,18,-3,38936,-1592,15468,4833,243,425,-9,38936,-1751,-16130,4952,-49,124,-254,38915,-3092,15846,1392,-83,-79,117,8,0
1379,38937,-16259,-2305,4714,-474,865,92,38937,190,3918,-1121,41,14,-3,38958,-1592,15468,4793,243,425,-9,38958,-1751,-16130,4952,-66,124,-282,38937,-3092,15846,1387,-104,-79,117,8,0
1380,38959,-16281,-2311,4693,-516,872,77,38959,189,3921,-1119,44,9,-2,38980,-1641,15477,4764,252,432,-6,38980,-1784,-16132,4931,-78,138,-333,38959,-3091,15837,1387,-113,-77,148,8,0
1381,38981,-16281,-2311,4693,-516,874,77,38981,189,3921,-1119,44,9,-2,39002,-1641,15479,4764,252,432,-6,39002,-1784,-16132,4931,-78,146,-333,38981,-3091,15837,1387,-113,-77,150,8,0
1382,39003,-16297,-2316,4677,-536,874,65,39003,179,3921,-1119,44,6,-2,39024,-1641,15480,4764,224,403,-24,39024,-1784,-16137,4915,-101,146,-416,39003,-3091,15837,1383,-117,-77,150,8,0
1383,39025,-16308,-2330,4677,-536,922,58,39025,171,3925,-1117,46,2,-7,39046,-1640,15478,4749,203,403,-48,39046,-1781,-16148,4899,-134,245,-522,39025,-3090,15840,1375,-117,-91,187,8,0
1384,39047,-16308,-2330,4701,-534,922,58,39047,171,3925,-1117,46,2,-7,39068,-1640,15478,4749,203,431,-48,39068,-1696,-16148,4899,-134,245,-522,39047,-3090,15840,1375,-110,-91,195,8,0
1385,39069,-16308,-2340,4701,-534,922,53,39069,171,3924,-1117,45,0,-13,39090,-1642,15472,4737,187,438,-66,39090,-1696,-16157,4887,-159,245,-522,39069,-3095,15840,1369,-110,-91,195,8,0
1386,39091,-16297,-2348,4712,-527,909,52,39091,202,3924,-1110,42,-1,-18,39512,-1709,15468,4718,175,438,-81,39512,-1630,-16157,4852,-159,215,-520,39091,-3095,15849,1369,-106,-96,241,9,0
1387,39513,-16284,-2348,4712,-527,909,52,39513,202,3924,-1110,42,-1,-18,39534,-1709,15468,4718,166,443,-81,39534,-1559,-16155,4852,-145,215,-486,39513,-3062,15853,1388,-105,-96,244,9,0
1388,39535,-16284,-2348,4712,-527,899,52,39535,202,3918,-1117,39,-1,-26,39556,-1762,15468,4694,166,443,-81,39556,-1532,-16155,4852,-145,215,-486,39535,-3062,15853,1388,-105,-96,244,9,0
1389,39557,-16266,-2347,4706,-533,899,53,39557,214,3914,-1118,38,3,-26,39578,-1805,15469,4604,159,400,-112,39578,-1506,-16154,4841,-135,223,-423,39557,-3037,15858,1403,-102,-83,211,9,0
1390,39579,-16266,-2337,4706,-533,937,53,39579,214,3914,-1118,38,3,-26,39600,-1805,15469,4604,159,400,-112,39600,-1464,-16153,4841,-135,229,-423,39579,-3030,15873,1403,-98,-83,211,9,0
1391,39601,-16269,-2337,4706,-538,937,53,39601,214,3914,-1119,38,3,-26,39622,-1846,15469,4604,155,368,-135,39622,-1464,-16153,4832,-135,229,-423,39601,-3030,15873,1403,-98,-83,172,9,0
1392,39623,-16271,-2336,4734,-560,965,59,39623,219,3913,-1120,41,6,-26,39644,-1877,15472,4617,152,312,-153,39644,-1395,-16169,4826,-117,217,-372,39623,-2989,15884,1427,-89,-70,118,9,0
1393,39645,-16271,-2328,4734,-560,965,59,39645,219,3913,-1120,41,6,-24,39666,-1877,15473,4620,152,312,-153,39666,-1395,-16169,4826,-117,217,-342,39645,-2980,15884,1435,-89,-70,118,9,0
1394,39667,-16274,-2328,4734,-580,965,58,39667,219,3913,-1120,41,6,-24,39688,-1900,15473,4620,152,302,-166,39688,-1395,-16176,4819,-117,199,-342,39667,-2980,15884,1435,-89,-70,78,9,0
1395,39689,-16284,-2330,4764,-597,968,47,39689,221,3914,-1116,39,9,-20,39710,-1900,15463,4623,149,262,-179,39710,-1376,-16187,4814,-97,185,-256,39689,-2952,15891,1433,-92,-60,51,9,0
1396,39711,-16284,-2330,4764,-597,968,47,39711,221,3914,-1116,39,11,-18,39732,-1817,15463,4623,149,262,-179,39732,-1376,-16187,4814,-97,185,-256,39711,-2946,15891,1433,-92,-41,51,9,0
1397,39733,-16284,-2330,4764,-609,968,39,39733,207,3914,-1116,39,11,-18,39754,-1817,15456,4623,149,262,-189,39754,-1376,-16190,4810,-97,185,-256,39733,-2946,15891,1420,-92,-41,32,9,0
1398,39755,-16277,-2328,4785,-609,967,35,39755,196,3921,-1110,39,15,-13,39776,-1753,15448,4625,148,272,-197,39776,-1333,-16190,4803,-82,196,-210,39755,-2922,15896,1420,-83,-39,29,9,0
1399,39777,-15284,-2328,4785,-604,967,35,39777,196,3921,-1110,39,15,-13,39798,-1750,15448,4625,148,272,-197,39798,-1315,-16185,4803,-81,196,-210,39777,-2922,15896,1420,-83,-39,29,9,0
1400,39799,-15284,-2328,4785,-604,967,35,39799,196,3920,-1110,39,15,-13,39820,-1750,15448,4625,147,272,-197,39820,-1315,-16185,4803,-81,187,-210,39799,-2922,15896,1402,-83,-39,27,9,0
1401,39821,-15525,-2322,4800,-584,966,37,39821,202,3919,-1109,39,14,-11,39842,-1709,15454,4629,146,302,-179,39842,-1288,-16202,4784,-63,179,-172,39821,-2937,15893,1396,-78,-47,27,9,0
1402,39843,-15525,-2322,4800,-579,966,37,39843,205,3919,-1109,39,14,-11,39864,-1709,15454,4629,146,306,-161,39864,-1288,-16202,4784,-62,179,-169,39843,-2937,15893,1395,-78,-47,43,9,0
1403,39865,-15705,-2322,4800,-579,965,37,39865,205,3919,-1109,39,14,-11,39886,-1709,15454,4629,142,306,-161,39886,-1288,-16215,4784,-62,179,-169,39865,-2949,15890,1392,-78,-47,43,9,0
1404,39887,-15847,-2313,4831,-537,925,32,39887,213,3922,-1101,39,17,-9,39908,-1679,15466,4632,139,370,-108,39908,-1268,-16223,4800,-12,233,-132,39887,-2950,15888,1389,-82,-25,62,9,0
1405,39909,-15847,-2312,4831,-525,925,32,39909,217,3922,-1101,39,17,-9,39930,-1679,15466,4632,139,375,-108,39930,-1259,-16223,4804,0,233,-132,39909,-2950,15888,1389,-82,0,62,9,0
1406,39931,-15944,-2312,4831,-525,902,32,39931,217,3922,-1101,39,17,-9,39952,-1679,15466,4632,137,375,-108,39952,-1259,-16223,4804,0,233,-132,39931,-2953,15883,1389,-82,0,62,9,0
1407,39953,-15944,-2309,4805,-471,891,33,39953,220,3914,-1096,41,23,-6,39974,-1647,15477,4629,127,477,-68,39974,-1273,-16196,4833,46,274,-75,39953,-2953,15878,1394,-79,28,76,9,0
1408,39975,-14944,-2309,4805,-466,891,41,39975,220,3914,-1096,41,23,-4,39996,-1647,15477,4629,127,477,-62,39996,-1273,-16194,4834,67,274,-75,39975,-2953,15878,1394,-79,28,86,9,0
1409,39997,-14944,-2326,4785,-466,891,41,39997,212,3908,-1098,41,23,-4,40018,-1647,15477,4619,59,477,-62,40018,-1325,-16194,4834,67,274,-85,39997,-2953,15878,1394,-79,28,86,9,0
1410,40019,-15086,-2356,4703,-399,937,55,40019,200,3904,-1098,43,28,0,40040,-1623,15495,4562,-7,758,-34,40040,-1446,-16101,4932,94,367,-108,40019,-2942,15885,1398,-64,-42,104,9,0
1411,40041,-15086,-2356,4703,-369,941,55,40041,200,3904,-1094,46,28,0,40062,-1623,15495,4562,-7,1139,-34,40062,-1446,-16101,4932,94,367,-108,40041,-2942,15885,1398,-58,-42,114,9,0
1412,40063,-15192,-2379,4606,-369,941,55,40063,165,3904,-1094,46,28,-3,40084,-1623,15495,4489,-62,1139,-101,40084,-1689,-16101,4932,5,364,-130,40063,-2942,15885,1378,-58,-267,114,9,0
1413,40085,-15249,-2420,4406,-439,1260,-22,40085,116,3904,-1089,48,41,-25,40106,-1715,15509,4414,-155,999,-1049,40106,-1990,-16108,4890,-88,362,-580,40085,-3087,15782,1349,-18,-621,184,9,0
1414,40107,-15249,-2420,4406,-439,1277,-22,40107,116,3904,-1078,48,42,-25,40128,-1715,15512,4414,-155,999,-1049,40128,-1990,-16108,4890,-88,362,-580,40107,-3087,15782,1349,-18,-621,267,9,0
1415,40129,-15291,-2431,4243,-572,1277,-84,40129,4,3904,-1078,48,42,-102,40150,-2106,15512,4335,-155,-144,-2016,40150,-2216,-16127,4849,-186,362,-1262,40129,-3255,15697,1128,-30,-1062,267,9,0
1416,40151,-15323,-2463,4058,-1098,1062,-273,40151,-156,3864,-1038,30,79,-231,40172,-2853,15254,4276,84,-1648,-4016,40172,-2397,-16195,4747,-231,576,-2665,40151,-3521,15574,838,-434,-1393,658,9,0
1417,40173,-15323,-2463,4058,-1098,1062,-273,40173,-156,3864,-1010,30,87,-231,40194,-2853,15254,4276,84,-1648,-4016,40194,-2397,-16195,4747,-231,611,-2665,40173,-3521,15574,838,-434,-1393,892,9,0
1418,40195,-15323,-2487,3919,-1553,507,-514,40195,-292,3809,-1010,16,87,-374,40216,-3703,14665,4134,84,-2776,-6016,40216,-2397,-16195,4671,-235,611,-4218,40195,-3720,15482,620,-1081,-1393,892,9,0
1419,40217,-14323,-2544,3618,-1971,-990,-757,40217,-394,3768,-929,4,104,-603,40238,-4703,13863,3907,558,-2776,-8016,40238,-2357,-16179,4671,-235,1021,-5623,40217,-3831,15395,566,-2567,-1338,2185,9,0
1420,40239,-14323,-2544,3618,-1971,-990,-757,40239,-394,3768,-929,4,104,-603,40260,-4703,13863,3907,558,-1945,-8016,40260,-1912,-16179,4798,-235,1021,-5623,40239,-3831,15395,566,-2567,-779,2711,9,0
1421,40261,-14323,-2544,3392,-2285,-2624,-757,40261,-394,3743,-929,-2,39,-811,40282,-5413,13262,3737,558,-1945,-10016,40282,-1912,-16179,4798,-238,1021,-6691,40261,-3831,15330,566,-3682,-779,2711,9,0
1422,40283,-13323,-2443,3215,-2487,-4040,-297,40283,-364,3724,-890,-25,-25,-1018,40304,-5413,12811,2956,2003,55,-12016,40304,-912,-16188,4972,-424,749,-7492,40283,-3314,15192,948,-4327,-401,4338,9,0
1423,40305,-13323,-1713,3215,-2487,-4040,-297,40305,-364,3724,-890,-25,-25,-1018,40326,-4413,12811,2956,2003,55,-12016,40326,-912,-16188,4972,-424,749,-7492,40305,-2831,15192,948,-4327,-401,4338,9,0
1424,40327,-13323,-1713,3077,-2487,-4832,-297,40327,-364,3588,-890,-95,-137,-1191,40348,-4413,11811,2371,2003,41,-12016,40348,-912,-16188,4972,-679,507,-8564,40327,-2831,15089,948,-4772,-763,4338,9,0
1425,40349,-12323,-1486,2973,-2397,-5080,-439,40349,-361,3392,-861,-282,-273,-1409,40370,-3413,10811,1778,1502,30,-10016,40370,30,-15790,4862,-871,323,-9368,40349,-2288,14814,1948,-5106,-1794,5385,9,0
1426,40371,-12323,-1486,2973,-2397,-5080,-439,40371,-361,3392,-861,-282,-273,-1409,40392,-3413,10811,1778,1502,30,-10016,40392,88,-15790,4862,-871,323,-9368,40371,-2288,14814,1948,-5106,-1794,5385,9,0
1427,40393,-12323,-1486,2973,-2397,-5080,-724,40393,-361,3220,-861,-423,-375,-1573,40414,-3413,9811,1333,1126,22,-10016,40414,88,-15790,4779,-1069,323,-9756,40393,-2288,14814,1948,-5106,-1794,5385,9,0
1428,40415,-11323,-1650,3053,-2209,-4947,-938,40415,-564,3091,-782,-438,-375,-1651,40436,-2559,8811,999,844,16,-8016,40436,1088,-15681,4711,-1069,493,-9756,40415,-1881,15142,2468,-5046,-1475,6287,9,0
1429,40437,-11323,-1650,3053,-2204,-4502,-938,40437,-564,3091,-775,-438,-297,-1651,40458,-2559,8811,999,844,16,-8016,40458,1088,-15681,4711,-966,493,-9601,40437,-1288,15142,2579,-5046,-1475,6287,9,0
1430,40459,-11323,-1842,3053,-2204,-4502,-938,40459,-802,3091,-775,-438,-297,-1666,40480,-2559,7811,749,633,12,-8016,40480,1088,-15681,4657,-966,493,-9601,40459,-1288,15142,2579,-5051,-1475,6287,9,0
1431,40481,-10323,-1986,3016,-1957,-4240,-747,40481,-1054,3138,-718,-309,-216,-1670,40502,-3559,7811,742,474,9,-6016,40502,2088,-15469,4616,-889,423,-9347,40481,-288,15388,3052,-5062,-1236,6236,9,0
1432,40503,-10323,-1986,3016,-1957,-4240,-747,40503,-1054,3138,-718,-307,-216,-1670,40524,-3559,8080,742,474,9,-6016,40524,2088,-15469,4616,-806,423,-8919,40503,-288,15403,3444,-5062,-1236,6236,9,0
1433,40525,-10323,-2066,2905,-1957,-4240,-747,40525,-1255,3138,-718,-307,-216,-1672,40546,-4559,8080,742,474,9,-7991,40546,2088,-15469,4616,-806,371,-8919,40525,-288,15403,3444,-5070,-1339,6081,9,0
1434,40547,-9323,-2066,2481,-1784,-4113,-735,40547,-1532,3017,-685,-214,-156,-1672,40568,-5559,8191,1127,888,100,-9472,40568,3088,-15183,4644,-578,117,-8178,40547,646,15113,4136,-5072,-1339,5689,9,0
1435,40569,-9323,-2053,2481,-1784,-4113,-735,40569,-1532,3017,-685,-214,-153,-1662,40590,-5559,8191,1333,930,100,-9472,40590,3088,-15183,4644,-522,117,-8174,40569,712,15113,4206,-5072,-1105,5689,9,0
1436,40591,-9323,-2053,1918,-1784,-4113,-735,40591,-1823,2915,-685,-214,-153,-1662,40612,-6559,8098,1333,930,100,-10267,40612,3088,-15183,4644,-522,-137,-8174,40591,712,14895,4206,-5072,-1105,5395,9,0
1437,40613,-10323,-2148,1298,-1524,-3548,-758,40613,-2146,2829,-712,-145,-73,-1646,40634,-7559,7761,1782,899,177,-10577,40634,4088,-15058,4608,-365,-689,-7517,40613,1509,14732,4925,-4794,-1091,5050,9,0
1438,40635,-10323,-2148,1298,-1510,-3479,-758,40635,-2146,2829,-712,-136,-10,-1621,40656,-7559,7761,1782,899,177,-10577,40656,4088,-15058,4608,-365,-689,-7325,40635,1509,14732,5042,-4770,-1091,5050,9,0
1439,40657,-11220,-2148,819,-1510,-3479,-775,40657,-2403,2822,-733,-136,-10,-1621,40678,-8559,7761,1782,760,156,-10596,40678,4088,-15058,4520,-365,-1103,-7325,40657,1509,14547,5042,-4770,-1091,4805,9,0
1440,40679,-11817,-2168,279,-1082,-3003,-775,40679,-2658,2817,-733,-45,145,-1550,40700,-8559,7775,1823,656,79,-10596,40700,5088,-14964,4411,-342,-1293,-6527,40679,2371,14473,5496,-3928,-1329,4608,9,0
1441,40701,-11817,-2168,279,-1082,-3003,-660,40701,-2658,2817,-706,-45,145,-1521,40722,-7559,7775,1823,656,79,-10443,40722,5088,-14964,4411,-246,-1293,-6474,40701,2509,14473,5496,-3923,-1329,4608,9,0
1442,40723,-12168,-2182,-248,-1082,-3003,-660,40723,-2895,2813,-706,-45,145,-1521,40744,-7559,7519,1823,656,59,-10443,40744,5088,-14964,4329,-246,-1293,-6474,40723,2509,14352,5496,-3923,-1329,4436,9,0
1443,40745,-12419,-2192,-766,-812,-2646,-573,40745,-3073,2783,-678,30,198,-1415,40766,-6559,7198,1696,693,44,-10012,40766,6088,-14624,4174,-78,-1282,-5672,40745,3332,14250,5824,-3114,-1051,4013,9,0
1444,40767,-12419,-2192,-766,-812,-2587,-573,40767,-3073,2783,-678,30,198,-1406,40788,-6559,7198,1660,895,44,-9944,40788,6088,-14624,4174,-54,-1250,-5560,40767,3333,14250,5824,-3107,-1014,4013,9,0
1445,40789,-12495,-2192,-1327,-812,-2587,-573,40789,-3263,2753,-720,30,192,-1406,40810,-6559,6821,1470,895,33,-9944,40810,6088,-14624,4137,-54,-1250,-5560,40789,3333,14131,5824,-3107,-1014,3668,9,0
1446,40811,-12518,-2084,-1794,-592,-2091,-413,40811,-3432,2678,-796,76,188,-1296,40832,-5559,5821,1102,671,24,-7944,40832,6918,-14369,4109,62,-1040,-4802,40811,4016,14014,6087,-2430,-870,3004,9,0
1447,40833,-12518,-2084,-1794,-545,-2062,-413,40833,-3432,2678,-796,76,188,-1276,40854,-5559,5821,1102,671,24,-7944,40854,6918,-14369,4109,62,-917,-4663,40833,4093,14014,6087,-2430,-870,3004,9,0
1448,40855,-12518,-2084,-2232,-545,-2062,-413,40855,-3559,2617,-857,76,185,-1276,40876,-5559,4821,826,503,18,-7944,40876,6918,-14369,4088,62,-917,-4663,40855,4093,13886,6087,-2430,-870,2468,9,0
1449,40877,-12396,-2009,-2561,-392,-1475,-371,40877,-3697,2529,-926,111,185,-1135,40898,-4559,3821,619,377,13,-5958,40898,7493,-14297,4052,-34,-772,-3806,40877,4663,13790,6267,-1813,-762,2029,9,0
1450,40899,-12396,-2009,-2561,-392,-1475,-371,40899,-3697,2529,-926,113,212,-1108,40920,-4559,3821,619,377,13,-5958,40920,7493,-14297,4052,-34,-772,-3803,40899,4663,13790,6284,-1649,-718,2029,9,0
1451,40921,-12396,-2009,-2615,-392,-1475,-371,40921,-3837,2425,-970,113,212,-1108,40942,-4559,2865,464,282,9,-5958,40942,7493,-14297,4025,-106,-772,-3803,40921,4663,13718,6284,-1649,-718,1700,9,0
1452,40943,-12417,-1869,-2627,-304,-711,-182,40943,-3942,2345,-1002,151,220,-927,40964,-3559,2148,348,211,6,-4468,40964,8069,-14100,3996,-160,-642,-3026,40943,4984,13718,6351,-1120,-555,1481,9,0
1453,40965,-12417,-1810,-2627,-276,-711,-182,40965,-3942,2345,-1002,151,220,-907,40986,-3559,2148,348,211,6,-4468,40986,8076,-14054,3996,-160,-578,-2957,40965,4984,13745,6351,-1120,-540,1481,9,0
1454,40987,-12432,-1810,-2627,-276,-711,-182,40987,-3942,2285,-1017,151,194,-907,41008,-3559,1611,261,158,4,-4468,41008,8076,-14054,3975,-160,-578,-2957,40987,4984,13745,6351,-1120,-540,1317,9,0
1455,41009,-12773,-1707,-2601,-85,-543,-143,41009,-3939,2230,-1028,111,153,-730,41030,-2669,1208,195,118,3,-3351,41030,8507,-13872,3959,-7,-339,-2179,41009,5237,13707,6382,-758,-366,1188,9,0
1456,41031,-12773,-1707,-2601,-85,-543,-143,41031,-3939,2230,-1028,111,153,-713,41052,-2669,1208,195,118,3,-3351,41052,8507,-13872,3947,1,-230,-2103,41031,5304,13707,6382,-758,-333,1188,9,0
1457,41053,-13072,-1707,-2601,-85,-543,-143,41053,-3939,2185,-1036,67,116,-713,41074,-2669,906,146,88,2,-3351,41074,8507,-13872,3959,1,-230,-2103,41053,5304,13679,6382,-758,-333,991,9,0
1458,41075,-13420,-1673,-2580,29,-758,-115,41075,-3926,2127,-1054,34,88,-524,41096,-2001,679,109,66,1,-2513,41096,8680,-13810,4023,121,17,-1303,41075,5567,13658,6395,-449,-168,708,9,0
1459,41097,-13420,-1673,-2580,29,-758,-115,41097,-3926,2127,-1054,34,88,-512,41118,-2001,679,109,66,1,-2513,41118,8680,-13810,4033,121,17,-1281,41097,5567,13658,6395,-448,-96,708,9,0
1460,41119,-13755,-1673,-2580,29,-1050,-115,41119,-3926,2067,-1054,12,67,-512,41140,-2001,509,81,49,0,-2513,41140,8680,-13810,4033,121,17,-1281,41119,5567,13642,6346,-448,-96,496,9,0
1461,41141,-14034,-1724,-2562,54,-1269,-70,41141,-3880,2003,-1053,-4,30,-332,41162,-1500,381,60,36,0,-1884,41162,8726,-13860,4115,209,156,-640,41141,5651,13642,6276,-315,127,263,9,0
1462,41163,-14034,-1724,-2562,54,-1269,-70,41163,-3880,2003,-1053,-4,30,-323,41184,-1500,381,60,36,0,-1884,41184,8726,-13860,4177,209,165,-640,41163,5651,13742,6276,-315,127,263,9,0
1463,41185,-14034,-1773,-2576,46,-1269,-70,41185,-3882,1955,-1055,-17,17,-323,41206,-1500,285,45,27,0,-1884,41206,8726,-13957,4183,209,165,-640,41185,5651,13742,6224,-315,127,92,9,0
1464,41207,-13890,-1861,-2593,-24,-805,-47,41207,-3914,1934,-1057,-33,-4,-151,41228,-1125,213,33,20,0,-1413,41228,8807,-14029,4183,205,183,-159,41207,5653,13800,6224,-304,295,-35,9,0
1465,41229,-13833,-1861,-2593,-24,-585,-47,41229,-3914,1934,-1057,-33,-4,-122,41250,-1125,213,33,20,0,-1413,41250,8807,-14029,4251,205,183,-84,41229,5653,13800,6302,-304,310,-35,9,0
1466,41251,-13833,-1927,-2682,-76,-585,-47,41251,-3938,1934,-1058,-45,-7,-122,41272,-1125,159,24,15,0,-1413,41272,8807,-14055,4254,193,183,-84,41251,5653,13800,6302,-304,310,-134,9,0
1467,41273,-13675,-1977,-2791,-157,227,-29,41273,-3938,1959,-1058,-68,-9,58,41294,-843,119,18,11,0,-1059,41294,8833,-14055,4271,184,192,401,41273,5654,13844,6381,-296,387,-320,9,0
1468,41295,-13675,-1977,-2791,-157,232,-20,41295,-3937,2043,-1057,-68,-9,92,41316,-843,119,18,11,0,-1059,41316,8833,-14055,4273,184,192,504,41295,5654,13844,6381,-253,387,-320,9,0
1469,41317,-13675,-2005,-2831,-157,232,-20,41317,-3937,2043,-1057,-88,-11,92,41338,-843,89,13,8,0,-1059,41338,8833,-14075,4273,184,192,504,41317,5654,13844,6381,-253,387,-501,9,0
1470,41339,-13785,-2005,-2831,-84,844,10,41339,-3895,2192,-1026,-101,-12,279,41360,-632,89,13,6,0,-794,41360,8755,-14075,4318,170,313,1104,41339,5705,13838,6411,-231,574,-695,9,0
1471,41361,-13785,-1993,-2808,-82,844,10,41361,-3848,2192,-1023,-101,-12,288,41382,-632,1089,344,6,0,-794,41382,8755,-14088,4328,170,462,1160,41361,5705,13838,6411,-231,581,-695,9,0
1472,41383,-13953,-1993,-2808,-82,844,10,41383,-3848,2192,-1023,-110,-12,288,41404,-1632,1089,344,4,0,-794,41404,8696,-14103,4328,159,462,1160,41383,5705,13838,6411,-266,581,-925,9,0
1473,41405,-14160,-1984,-2662,-100,1380,37,41405,-3775,2304,-997,-117,-2,456,41426,-2632,2089,604,4,0,1206,41426,8480,-14152,4388,61,668,1825,41405,5670,13912,6476,-292,809,-1249,9,0
1474,41427,-14160,-1984,-2662,-100,1380,76,41427,-3775,2304,-983,-117,-2,463,41448,-2632,2089,659,117,53,1206,41448,8480,-14152,4419,61,677,1843,41427,5670,13912,6476,-292,809,-1249,9,0
1475,41449,-14385,-1984,-2662,-208,1380,76,41449,-3775,2304,-983,-124,-2,463,41470,-3632,2089,659,117,54,1206,41470,8283,-14189,4431,-12,677,1843,41449,5563,13912,6476,-292,809,-1678,9,0
1476,41471,-14727,-1965,-2328,-289,1841,160,41471,-3654,2368,-927,-136,-12,610,41492,-4632,3089,1037,202,93,3206,41492,8123,-14216,4442,-67,927,2387,41471,5427,13968,6602,-95,831,-2148,9,0
1477,41493,-14727,-1957,-2257,-289,1947,185,41493,-3644,2368,-924,-136,-12,619,41514,-4632,3089,1037,213,94,3206,41514,8123,-14216,4556,-67,927,2401,41493,5427,13991,6602,1,831,-2148,9,0
1478,41515,-14727,-1957,-2257,-301,1947,185,41515,-3644,2368,-924,-146,-23,619,41536,-5632,3089,1037,213,94,3206,41536,8003,-14330,4556,-108,927,2401,41515,5266,13991,6602,1,782,-2540,9,0
1479,41537,-13727,-1944,-1794,-301,2549,278,41537,-3453,2448,-874,-156,-55,744,41558,-6632,4089,1363,289,-180,4824,41558,7760,-14402,4536,-211,1001,2936,41537,5028,14029,6696,263,738,-2930,9,0
1480,41559,-13727,-1944,-1781,-293,2629,278,41559,-3443,2457,-864,-156,-55,745,41580,-6632,4089,1459,289,-180,4828,41580,7760,-14402,4536,-211,1001,2962,41559,5028,14029,6703,289,738,-2930,9,0
1481,41581,-13727,-1989,-1781,-293,2629,278,41581,-3443,2457,-864,-161,-83,745,41602,-7632,4089,1459,289,-404,4828,41602,7528,-14469,4536,-276,1001,2962,41581,4775,14029,6703,289,696,-3232,9,0
1482,41603,-12727,-2022,-1285,-261,3449,283,41603,-3222,2537,-811,-161,-106,845,41624,-8618,5089,1792,96,-633,6164,41624,7274,-14663,4546,-337,1008,3445,41603,4571,14085,6779,758,589,-3483,9,0
1483,41625,-12727,-2022,-1135,-259,3490,283,41625,-3180,2540,-799,-159,-106,849,41646,-8618,5089,1792,96,-633,6327,41646,7274,-14663,4546,-337,1008,3541,41625,4571,14182,6779,936,589,-3483,9,0
1484,41647,-12727,-2022,-1135,-259,3490,270,41647,-3180,2540,-799,-159,-110,849,41668,-9093,5089,1792,-149,-875,6327,41668,7000,-14862,4546,-337,856,3541,41647,4319,14182,6779,936,551,-3724,9,0
1485,41669,-11727,-1996,-609,-174,4157,220,41669,-2911,2705,-742,-115,-110,950,41690,-9409,6089,2042,-503,-1315,7749,41690,6694,-15068,4576,-314,676,4251,41669,4056,14378,6674,1650,523,-3975,9,0
1486,41691,-11727,-1979,-592,-174,4157,220,41691,-2867,2727,-741,-93,-92,964,41712,-9409,6089,2042,-503,-1315,7881,41712,6694,-15068,4576,-300,676,4369,41691,4056,14397,6674,1758,523,-3975,9,0
1487,41713,-11727,-1979,-592,-174,4157,197,41713,-2867,2727,-741,-93,-92,964,41734,-9409,6089,2042,-1021,-1779,7881,41734,6460,-15326,4576,-300,496,4369,41713,3829,14397,6593,1758,523,-4194,9,0
1488,41735,-10727,-1892,138,-52,4314,197,41735,-2573,2881,-693,-32,-45,1065,41756,-9128,7089,2244,-1490,-2360,9227,41756,6042,-15519,4537,-266,317,5275,41735,3401,14667,6271,2420,659,-4605,9,0
1489,41757,-10727,-1870,150,77,4314,236,41757,-2479,2920,-688,-25,-4,1081,41778,-9057,7089,2244,-1490,-2360,9323,41778,6042,-15519,4537,-238,317,5421,41757,3401,14670,6271,2422,659,-4605,9,0
1490,41779,-10727,-1870,150,77,4246,236,41779,-2479,2920,-688,-25,-4,1081,41800,-9057,7089,2244,-1860,-2816,9323,41800,5623,-15566,4535,-238,190,5421,41779,3080,14670,6013,2422,659,-5023,9,0
1491,41801,-9727,-1688,768,302,4139,267,41801,-2101,3076,-658,24,82,1198,41822,-8523,8089,2495,-2434,-3229,10275,41822,5120,-15601,4535,-192,95,6525,41801,2696,14872,5739,3141,1001,-5505,9,0
1492,41823,-9727,-1688,796,316,4139,285,41823,-2062,3076,-658,24,82,1205,41844,-8437,8089,2495,-2434,-3229,10275,41844,5120,-15601,4542,-192,95,6585,41823,2696,14872,5739,3143,1001,-5505,9,0
1493,41845,-9727,-1688,796,316,4059,285,41845,-2062,3076,-658,24,82,1205,41866,-8437,8089,2495,-3102,-3539,10275,41866,4726,-15698,4542,-192,24,6585,41845,2375,14872,5516,3143,1001,-5883,9,0
1494,41867,-8727,-1581,1284,563,3905,322,41867,-1740,3140,-663,61,152,1325,41888,-7717,9089,2799,-4009,-3761,10988,41888,3759,-15771,4710,-208,-714,7533,41867,1913,14979,5091,3679,1422,-6183,9,0
1495,41889,-8727,-1581,1284,563,3905,322,41889,-1714,3140,-663,115,152,1338,41910,-7717,9089,3086,-4009,-3761,10988,41910,3759,-15771,4710,-208,-714,7533,41889,1913,14979,5091,3679,1422,-6183,9,0
1496,41911,-8727,-1581,1284,563,3884,322,41911,-1714,3140,-671,115,152,1338,41932,-7717,9089,3086,-4521,-3761,10988,41932,3034,-15771,4710,-255,-1459,7533,41911,1198,14979,4697,3679,1422,-6357,9,0
1497,41933,-7727,-1573,1472,582,3646,252,41933,-1453,3133,-708,229,170,1438,41954,-7080,9944,3529,-4521,-3273,11134,41954,2034,-15697,4679,-314,-1944,7860,41933,617,14999,4401,3968,1555,-6357,9,0
1498,41955,-7727,-1573,1472,582,3646,252,41955,-1442,3133,-708,229,170,1438,41976,-7080,9944,3529,-4123,-3269,11134,41976,2034,-15690,4679,-314,-1944,7860,41955,617,14999,4401,3968,1555,-6307,9,0
1499,41977,-7727,-1573,1472,582,3646,187,41977,-1442,3133,-708,229,147,1438,41998,-7080,9944,3529,-4123,-3269,10763,41998,1048,-15690,4614,-314,-1944,7817,41977,160,14999,3955,3968,1555,-6307,9,0
1500,41999,-6727,-1626,1382,588,3567,64,41999,-1271,3150,-664,210,94,1397,42020,-6560,10729,3814,-3193,-2904,9845,42020,106,-15709,4607,-245,-1846,7200,41999,-442,15065,3376,4101,1265,-5993,9,0
1501,42021,-6727,-1626,1382,588,3567,64,42021,-1222,3185,-664,210,94,1397,42042,-6362,10944,3814,-3193,-2904,9845,42042,106,-15709,4607,-46,-1834,7200,42021,-442,15065,3376,4101,1265,-5938,9,0
1502,42043,-6727,-1670,1382,563,3508,-27,42043,-1222,3185,-664,196,53,1286,42064,-6362,10944,3814,-3193,-2904,8759,42064,-434,-15723,4581,-46,-1834,6474,42043,-1154,15065,2942,3871,822,-5938,9,0
1503,42065,-7727,-1868,1569,482,3318,-73,42065,-954,3415,-709,183,40,1068,42086,-5574,11944,4146,-2617,-2411,7326,42086,-839,-15890,4561,154,-1837,5629,42065,-1688,15114,2695,3279,489,-5289,9,0
1504,42087,-7727,-1868,1611,482,3318,-73,42087,-914,3415,-709,183,40,1068,42108,-5568,11944,4391,-2617,-2391,7326,42108,-839,-15890,4561,182,-1837,5629,42087,-1688,15114,2695,3279,489,-5093,9,0
1505,42109,-8727,-2017,1611,482,3176,-73,42109,-914,3415,-760,183,40,848,42130,-5568,11944,4391,-2617,-2391,6251,42130,-1143,-16013,4546,182,-1840,4870,42109,-1982,15114,2571,2740,459,-5093,9,0
1506,42131,-9727,-2089,1946,483,3067,16,42131,-683,3570,-798,188,44,674,42152,-4962,12623,4688,-1665,-1326,5412,42152,-1446,-16013,4535,319,-1840,4146,42131,-2202,15314,2327,2336,437,-4293,9,0
1507,42153,-9727,-2089,2023,547,3067,28,42153,-683,3570,-798,188,47,674,42174,-4929,12623,4928,-1665,-1326,5412,42174,-1446,-15973,4535,319,-1647,4146,42153,-2202,15314,2327,2336,437,-4282,9,0
1508,42175,-9727,-2118,2023,547,2986,28,42175,-683,3570,-827,188,47,545,42196,-4929,12623,4928,-1665,-1326,4820,42196,-1694,-15973,4535,319,-1647,3538,42175,-2378,15314,2177,2033,420,-4282,9,0
1509,42197,-8727,-2120,2332,636,2904,104,42197,-529,3649,-853,146,49,448,42218,-4482,13227,5184,-1195,-247,4261,42218,-1933,-15985,4661,431,-1087,2702,42197,-2628,15392,2031,1749,407,-3586,9,0
1510,42219,-8727,-2120,2398,636,2904,104,42219,-529,3649,-853,146,49,448,42240,-4449,13291,5184,-1195,-48,4261,42240,-1933,-15985,4661,431,-820,2702,42219,-2628,15392,2031,1749,407,-3490,9,0
1511,42241,-9727,-2120,2398,636,2831,104,42241,-529,3649,-873,115,49,376,42262,-4449,13291,5184,-1195,-48,3835,42262,-2112,-16021,4661,431,-820,1982,42241,-2773,15392,1862,1369,407,-3490,9,0
1512,42263,-10727,-2104,2768,647,2703,113,42263,-414,3738,-897,89,22,318,42284,-3635,13792,5404,-937,386,3182,42284,-2210,-16081,4791,308,-324,1442,42263,-2820,15538,1735,1077,436,-2754,9,0
1513,42285,-10727,-2100,2850,647,2703,113,42285,-338,3738,-897,89,22,318,42306,-3635,13792,5404,-937,386,3182,42306,-2210,-16081,4791,308,-324,1442,42285,-2820,15550,1735,1077,436,-2754,9,0
1514,42307,-11727,-2100,2850,633,2559,113,42307,-338,3738,-915,69,19,259,42328,-3635,13792,5404,-937,386,2667,42328,-2210,-16081,4791,171,-324,1049,42307,-2856,15550,1686,946,145,-2754,9,0
1515,42329,-12638,-2085,3209,482,2362,142,42329,-187,3800,-951,42,19,175,42350,-3089,14151,5569,-408,505,2187,42350,-2165,-16073,4822,50,-184,787,42329,-2894,15549,1631,848,-173,-2202,9,0
1516,42351,-12638,-2085,3247,482,2362,143,42351,-187,3800,-951,42,30,175,42372,-3089,14151,5569,-408,505,2187,42372,-2165,-16067,4822,50,-184,787,42351,-2894,15549,1631,848,-173,-2202,9,0
1517,42373,-13321,-2099,3247,339,2159,143,42373,-187,3800,-963,28,30,108,42394,-3089,14151,5569,-408,505,1766,42394,-2165,-16064,4822,-25,-184,558,42373,-3034,15548,1590,774,-173,-2202,9,0
1518,42395,-13911,-2115,3545,218,1980,158,42395,-116,3828,-972,27,52,58,42416,-2780,14526,5739,-172,593,1433,42416,-2131,-16101,4845,-33,-42,351,42395,-3139,15548,1525,542,-141,-1680,9,0
1519,42417,-13911,-2115,3584,218,1980,158,42417,-116,3828,-972,27,52,58,42438,-2780,14526,5739,-172,593,1433,42438,-2131,-16101,4845,-33,9,351,42417,-3139,15607,1525,542,-130,-1591,9,0
1520,42439,-14398,-2148,3584,157,1862,158,42439,-116,3828,-979,27,52,49,42460,-2780,14526,5739,-214,593,1184,42460,-2131,-16141,4845,-33,9,146,42439,-3198,15607,1476,360,-130,-1591,9,0
1521,42461,-14836,-2185,3845,112,1757,159,42461,-63,3851,-1009,52,21,44,42482,-2461,14760,5867,-264,820,979,42482,-2010,-16158,4833,-33,135,-7,42461,-3198,15685,1476,142,167,-1110,9,0
1522,42483,-14836,-2185,3845,112,1757,159,42483,-60,3855,-1009,52,21,44,42504,-2454,14760,5867,-264,820,979,42504,-2002,-16158,4833,-33,135,-7,42483,-3128,15685,1532,142,167,-1106,9,0
1523,42505,-15165,-2200,3845,78,1675,159,42505,-60,3855,-1014,52,-1,42,42526,-2454,14760,5867,-264,820,825,42526,-2002,-16158,4799,-33,-30,-7,42505,-3128,15685,1532,38,167,-1106,9,0
1524,42527,-15411,-2237,4029,5,1613,159,42527,13,3876,-1014,57,-14,39,42548,-2121,14936,5908,-118,802,635,42548,-2003,-16149,4765,-31,-227,63,42527,-3058,15708,1539,38,70,-785,9,0
1525,42549,-15411,-2237,4029,5,1613,165,42549,13,3876,-1014,57,-14,39,42570,-2121,14936,5908,-118,802,635,42570,-2003,-16149,4765,11,-227,63,42549,-3058,15708,1539,49,70,-785,9,0
1526,42571,-15561,-2237,4029,-55,1589,165,42571,13,3876,-1014,57,-14,36,42592,-2121,14936,5908,-118,723,477,42592,-2004,-16149,4748,11,-235,63,42571,-3058,15708,1527,49,-19,-785,9,0
1527,42593,-15675,-2248,4167,-174,1571,165,42593,52,3891,-1014,57,-2,34,42614,-1931,15043,5939,-8,648,344,42614,-2013,-16149,4748,69,-235,29,42593,-3090,15725,1518,47,-86,-551,9,0
1528,42615,-15675,-2248,4196,-174,1571,169,42615,52,3891,-1014,57,-2,34,42636,-1931,15056,5939,-8,648,344,42636,-2013,-16149,4748,69,-110,29,42615,-3090,15725,1518,47,-86,-551,9,0
1529,42637,-15785,-2248,4196,-293,1525,169,42637,52,3891,-1016,57,-2,34,42658,-1931,15056,5939,-8,648,251,42658,-2013,-16152,4748,69,-110,25,42637,-3114,15725,1511,25,-86,-551,9,0
1530,42659,-15880,-2229,4322,-382,1383,180,42659,87,3907,-1026,58,-8,35,42680,-1762,15165,5916,64,687,192,42680,-2019,-16152,4781,111,-16,22,42659,-3114,15745,1511,8,-27,-353,9,0
1531,42681,-15880,-2229,4322,-382,1383,180,42681,101,3907,-1026,58,-8,44,42702,-1762,15169,5916,64,692,192,42702,-2019,-16152,4805,111,2,22,42681,-3108,15791,1511,8,-17,-353,9,0
1532,42703,-15952,-2229,4322,-429,1276,180,42703,101,3907,-1033,58,-12,44,42724,-1762,15169,5899,64,692,148,42724,-2019,-16159,4805,111,2,20,42703,-3108,15791,1501,8,-17,-353,9,0
1533,42725,-16011,-2224,4398,-456,1196,168,42725,120,3909,-1039,59,-12,48,42746,-1655,15267,5886,118,607,82,42746,-2025,-16164,4847,92,72,-12,42725,-3079,15795,1499,14,34,-240,9,0
1534,42747,-16011,-2224,4399,-456,1196,168,42747,120,3909,-1039,63,-10,48,42768,-1655,15267,5886,118,607,82,42768,-2025,-16164,4847,92,96,-12,42747,-3079,15795,1499,14,34,-240,9,0
1535,42769,-16011,-2224,4399,-485,1146,168,42769,120,3909,-1041,63,-10,45,42790,-1655,15267,5886,118,510,-3,42790,-2025,-16168,4842,71,96,-54,42769,-3079,15790,1498,14,34,-240,9,0
1536,42791,-15011,-2227,4457,-517,1108,169,42791,134,3909,-1054,68,-8,43,42812,-1596,15313,5899,170,434,-71,42812,-1971,-16168,4842,44,166,-97,42791,-3094,15786,1497,16,66,-155,9,0
1537,42813,-15011,-2227,4457,-517,1108,177,42813,140,3909,-1054,68,-8,43,42834,-1596,15313,5899,191,434,-71,42834,-1959,-16164,4861,44,166,-97,42813,-3094,15786,1497,16,66,-128,9,0
1538,42835,-15011,-2229,4457,-556,1108,177,42835,140,3909,-1063,68,-20,43,42856,-1596,15313,5899,191,430,-122,42856,-1959,-16164,4875,31,166,-129,42835,-3105,15786,1497,16,19,-128,9,0
1539,42857,-15315,-2230,4509,-595,1120,183,42857,160,3912,-1071,67,-30,48,42878,-1561,15355,5903,222,427,-160,42878,-1910,-16157,4875,31,190,-157,42857,-3113,15810,1448,29,-20,-38,9,0
1540,42879,-15315,-2230,4509,-595,1122,183,42879,160,3912,-1071,67,-30,48,42900,-1524,15365,5903,222,427,-160,42900,-1908,-16157,4888,34,190,-157,42879,-3113,15810,1448,29,-20,-35,9,0
1541,42901,-15543,-2230,4509,-628,1122,183,42901,160,3912,-1078,66,-37,48,42922,-1524,15365,5902,222,425,-181,42922,-1908,-16167,4888,34,190,-180,42901,-3113,15810,1438,29,-49,-35,9,0
1542,42923,-15724,-2203,4548,-652,1133,185,42923,190,3918,-1084,65,-42,47,42944,-1501,15393,5889,255,423,-197,42944,-1859,-16175,4898,39,214,-198,42923,-3108,15825,1408,33,-67,34,9,0
1543,42945,-15724,-2203,4548,-652,1133,185,42945,195,3918,-1084,65,-42,47,42966,-1501,15397,5889,255,423,-197,42966,-1859,-16175,4904,39,214,-198,42945,-3075,15825,1408,33,-67,34,9,0
1544,42967,-15860,-2222,4548,-670,1130,185,42967,195,3918,-1085,59,-42,47,42988,-1501,15397,5879,255,421,-197,42988,-1859,-16181,4904,39,214,-198,42967,-3075,15825,1408,33,-77,34,9,0
1545,42989,-15974,-2236,4571,-682,1128,173,42989,220,3914,-1086,52,-40,47,43010,-1483,15418,5848,280,420,-166,43010,-1843,-16188,4921,43,232,-188,42989,-3068,15834,1403,26,-77,46,9,0
1546,43011,-15974,-2236,4571,-682,1128,173,43011,220,3914,-1086,52,-37,47,43032,-1483,15421,5848,291,420,-166,43032,-1843,-16188,4921,43,232,-188,43011,-3063,15834,1403,26,-70,46,9,0
1547,43033,-16027,-2236,4571,-682,1114,160,43033,220,3913,-1094,51,-37,46,43054,-1483,15421,5840,291,350,-179,43054,-1843,-16194,4921,43,232,-188,43033,-3059,15834,1399,21,-70,46,9,0
1548,43055,-16065,-2232,4605,-678,1103,135,43055,238,3913,-1100,50,-32,44,43076,-1436,15449,5834,316,298,-193,43076,-1831,-16198,4918,56,258,-170,43055,-3062,15840,1396,13,-65,67,9,0
1549,43077,-16065,-2232,4605,-678,1103,135,43077,238,3913,-1100,50,-32,44,43098,-1436,15449,5834,316,298,-193,43098,-1813,-16198,4918,56,258,-148,43077,-3062,15841,1396,13,-62,67,9,0
1550,43099,-16076,-2247,4605,-678,1040,109,43099,238,3913,-1111,50,-32,42,43120,-1436,15449,5834,316,298,-193,43120,-1813,-16198,4916,56,263,-148,43099,-3062,15841,1395,2,-62,67,9,0
1551,43121,-16104,-2247,4654,-655,992,90,43121,252,3910,-1121,49,-26,40,43142,-1459,15464,5840,286,303,-182,43142,-1819,-16173,4915,66,270,-115,43121,-3064,15849,1394,-14,-59,80,9,0
1552,43143,-16104,-2240,4654,-648,992,90,43143,252,3910,-1121,49,-15,40,43164,-1459,15464,5841,286,348,-161,43164,-1819,-16173,4915,66,280,-115,43143,-3064,15851,1394,-14,-42,80,9,0
1553,43165,-16126,-2240,4654,-648,964,83,43165,252,3905,-1128,49,-15,39,43186,-1462,15464,5841,285,348,-161,43186,-1819,-16173,4915,66,286,-115,43165,-3066,15851,1383,-26,-42,80,9,0
1554,43187,-16142,-2230,4691,-566,943,77,43187,260,3902,-1128,48,-5,39,43208,-1464,15473,5810,282,399,-115,43208,-1815,-16177,4916,93,287,-96,43187,-3078,15857,1353,-35,-14,95,9,0
1555,43209,-16142,-2230,4691,-566,943,77,43209,262,3902,-1125,48,-5,40,43230,-1464,15476,5810,282,399,-115,43230,-1815,-16177,4916,93,287,-96,43209,-3078,15857,1353,-35,-14,97,9,0
1556,43231,-16154,-2230,4691,-566,927,77,43231,262,3902,-1125,48,-5,40,43252,-1464,15476,5787,282,399,-115,43252,-1815,-16177,4916,93,276,-96,43231,-3083,15857,1342,-39,-14,97,9,0
1557,43253,-16154,-2257,4704,-507,912,79,43253,270,3914,-1114,46,-5,40,43274,-1463,15482,5770,282,426,-102,43274,-1873,-16160,4938,92,254,-68,43253,-3087,15854,1313,-56,-11,109,9,0
1558,43275,-16125,-2257,4704,-507,912,79,43275,270,3914,-1114,46,-5,40,43296,-1436,15494,5770,282,426,-102,43296,-1873,-16160,4938,92,254,-68,43275,-3087,15854,1313,-56,-11,109,9,0
1559,43297,-16125,-2257,4698,-507,908,79,43297,270,3914,-1116,46,-5,35,43318,-1436,15494,5757,281,426,-102,43318,-1873,-16160,4938,86,238,-77,43297,-3087,15841,1312,-58,-11,109,9,0
1560,43319,-16154,-2254,4683,-486,908,84,43319,271,3911,-1121,48,10,29,43340,-1415,15499,5714,274,464,-92,43340,-1860,-16165,4959,80,220,-122,43319,-3069,15831,1312,-59,-9,117,9,0
1561,43341,-16154,-2254,4683,-486,908,84,43341,271,3911,-1121,48,10,29,43362,-1415,15499,5714,274,473,-77,43362,-1819,-16165,4959,80,220,-122,43341,-3056,15831,1316,-59,-5,117,9,0
1562,43363,-16176,-2254,4683,-486,908,79,43363,271,3911,-1122,48,10,25,43764,-1415,15499,5682,254,473,-77,43764,-1819,-16168,4959,62,206,-127,43363,-3056,15831,1316,-60,-5,117,10,0
1563,43765,-16213,-2252,4724,-490,915,66,43765,293,3911,-1122,49,12,21,43786,-1413,15503,5682,219,517,-58,43786,-1783,-16168,4951,31,167,-127,43765,-3033,15844,1303,-60,8,106,10,0
1564,43787,-16213,-2252,4724,-490,915,66,43787,293,3911,-1122,49,12,21,43808,-1413,15503,5698,219,517,-58,43808,-1783,-16168,4951,31,167,-123,43787,-3033,15852,1303,-60,8,106,10,0
1565,43809,-16239,-2252,4724,-490,904,56,43809,293,3911,-1122,47,12,18,43830,-1413,15491,5698,193,517,-58,43830,-1783,-16168,4951,14,138,-123,43809,-3037,15852,1303,-60,8,106,10,0
1566,43831,-16254,-2247,4692,-466,886,48,43831,305,3911,-1122,44,15,15,43852,-1415,15482,5698,166,509,-53,43852,-1786,-16162,4953,-7,136,-116,43831,-3043,15851,1337,-101,40,120,10,0
1567,43853,-16254,-2226,4692,-425,886,48,43853,305,3911,-1116,44,15,15,43874,-1415,15482,5698,166,509,-53,43874,-1786,-16162,4962,-7,136,-116,43853,-3043,15851,1342,-101,42,133,10,0
1568,43875,-16265,-2226,4668,-425,870,48,43875,305,3911,-1116,43,15,8,43896,-1415,15482,5695,145,503,-53,43896,-1786,-16162,4962,-24,112,-116,43875,-3043,15850,1342,-131,42,133,10,0
1569,43897,-16268,-2215,4640,-372,839,48,43897,310,3910,-1113,42,24,1,43918,-1392,15484,5693,130,488,-46,43918,-1759,-16156,4973,-41,86,-111,43897,-3013,15838,1367,-154,66,153,10,0
1570,43919,-16268,-2215,4640,-361,839,48,43919,310,3910,-1113,42,24,1,43940,-1392,15484,5693,130,488,-45,43940,-1759,-16156,4973,-41,86,-80,43919,-3013,15838,1367,-154,66,153,10,0
1571,43941,-16270,-2239,4619,-361,827,36,43941,310,3910,-1113,40,24,-3,43962,-1392,15484,5693,123,477,-45,43962,-1759,-16156,4973,-54,67,-80,43941,-3013,15838,1367,-154,66,153,10,0
1572,43963,-16270,-2257,4603,-330,818,21,43963,325,3911,-1111,40,29,-4,43984,-1369,15481,5703,123,456,-41,43984,-1754,-16163,4974,-60,52,-26,43963,-3011,15849,1386,-153,69,147,10,0
1573,43985,-16263,-2257,4603,-330,818,21,43985,325,3911,-1111,41,29,-4,44006,-1369,15481,5703,129,456,-41,44006,-1754,-16163,4974,-60,52,-26,43985,-3011,15849,1386,-152,69,147,10,0
1574,44007,-16263,-2257,4591,-345,812,19,44007,325,3911,-1111,41,29,-4,44028,-1369,15475,5703,129,453,-41,44028,-1759,-16168,4974,-64,52,-26,44007,-3011,15849,1386,-152,66,142,10,0
1575,44029,-16258,-2247,4573,-378,812,19,44029,323,3912,-1112,38,33,-2,44050,-1373,15475,5717,116,416,-48,44050,-1766,-16168,4975,-66,70,-18,44029,-3029,15873,1398,-150,66,133,10,0
1576,44051,-16258,-2246,4573,-378,812,24,44051,323,3912,-1112,38,33,-2,44072,-1373,15480,5717,116,416,-48,44072,-1766,-16146,4975,-66,70,-18,44051,-3029,15873,1398,-150,78,133,10,0
1577,44073,-16261,-2246,4561,-402,812,24,44073,322,3912,-1112,36,33,-2,44094,-1376,15480,5717,107,416,-53,44094,-1771,-16146,4975,-67,70,-18,44073,-3030,15868,1398,-150,78,133,10,0
1578,44095,-16278,-2239,4550,-418,814,30,44095,320,3911,-1112,34,34,-1,44116,-1380,15484,5727,97,423,-57,44116,-1779,-16145,4963,-70,87,-32,44095,-3031,15864,1381,-166,87,135,10,0
1579,44117,-16278,-2238,4550,-418,819,36,44117,320,3911,-1112,34,34,-1,44138,-1380,15484,5727,97,425,-57,44138,-1779,-16145,4963,-70,87,-32,44117,-3031,15864,1381,-166,108,143,10,0
1580,44139,-16293,-2238,4550,-420,819,36,44139,320,3911,-1114,34,34,-3,44160,-1380,15480,5727,90,425,-57,44160,-1779,-16148,4954,-75,87,-42,44139,-3031,15861,1368,-178,108,143,10,0
1581,44161,-16304,-2225,4549,-420,819,39,44161,321,3913,-1116,36,37,-4,44182,-1380,15477,5738,90,461,-56,44182,-1775,-16151,4939,-79,113,-42,44161,-3024,15861,1359,-186,135,144,10,0
1582,44183,-16304,-2225,4549,-419,819,39,44183,321,3914,-1116,36,37,-4,44204,-1380,15477,5738,90,461,-44,44204,-1775,-16151,4939,-79,113,-25,44183,-3019,15861,1359,-186,135,144,10,0
1583,44205,-16304,-2225,4548,-419,819,38,44205,321,3914,-1116,35,36,-4,44226,-1380,15477,5738,90,461,-44,44226,-1775,-16151,4939,-80,94,-25,44205,-3019,15853,1359,-188,135,135,10,0
1584,44227,-16299,-2219,4542,-388,815,31,44227,327,3914,-1111,35,35,-4,44248,-1389,15484,5759,90,491,-30,44248,-1774,-16130,4934,-81,78,-12,44227,-3019,15839,1375,-191,145,128,10,0
1585,44249,-16283,-2219,4542,-367,815,31,44249,327,3914,-1107,35,35,-4,44270,-1389,15484,5759,90,501,-30,44270,-1774,-16130,4934,-81,78,-12,44249,-3000,15839,1375,-191,145,128,10,0
1586,44271,-16283,-2219,4530,-367,815,17,44271,327,3914,-1107,35,35,-9,44292,-1389,15484,5759,87,501,-30,44292,-1774,-16130,4930,-86,51,-12,44271,-3000,15829,1375,-191,145,128,10,0
1587,44293,-16294,-2215,4489,-312,826,6,44293,325,3915,-1100,35,43,-13,44314,-1369,15485,5780,84,552,-36,44314,-1771,-16123,4925,-93,42,-19,44293,-3000,15823,1387,-193,147,150,10,0
1588,44315,-16294,-2215,4489,-312,826,6,44315,325,3915,-1100,35,43,-13,44336,-1369,15490,5780,84,568,-36,44336,-1758,-16123,4925,-93,42,-19,44315,-2999,15823,1389,-193,148,153,10,0
1589,44337,-16307,-2227,4450,-312,826,6,44337,321,3915,-1100,35,43,-15,44358,-1369,15490,5768,84,568,-40,44358,-1758,-16123,4925,-104,24,-32,44337,-2999,15823,1390,-193,148,153,10,0
1590,44359,-16317,-2252,4421,-289,918,11,44359,316,3913,-1095,35,41,-16,44380,-1354,15497,5714,87,730,-43,44380,-1806,-16100,4929,-113,10,-57,44359,-2998,15822,1390,-189,80,177,10,0
1591,44381,-16317,-2252,4421,-289,956,11,44381,316,3913,-1093,35,41,-16,44402,-1354,15497,5714,87,904,-43,44402,-1806,-16081,4944,-113,10,-57,44381,-2998,15822,1413,-170,80,177,10,0
1592,44403,-16317,-2266,4340,-289,956,11,44403,311,3912,-1093,35,36,-18,44424,-1354,15497,5673,87,904,-46,44424,-1864,-16081,4944,-119,10,-101,44403,-2998,15818,1413,-170,-97,177,10,0
1593,44425,-16225,-2295,4250,-405,1254,-34,44425,304,3912,-1082,35,19,-22,44446,-1291,15498,5622,70,613,-411,44446,-2073,-16049,4959,-128,48,-378,44425,-3026,15803,1408,-134,-275,196,10,0
1594,44447,-16128,-2295,4250,-405,1254,-34,44447,304,3916,-1082,35,19,-22,44468,-1291,15498,5622,70,613,-411,44468,-2073,-16049,4959,-128,198,-378,44447,-3026,15803,1408,-130,-275,235,10,0
1595,44469,-16128,-2303,4185,-533,1254,-68,44469,279,3916,-1082,35,6,-34,44490,-1297,15498,5584,70,152,-935,44490,-2332,-16052,4959,-150,198,-729,44469,-3075,15790,1353,-130,-453,235,10,0
1596,44491,-15926,-2309,4136,-703,1200,-104,44491,169,3944,-1069,36,1,-108,44512,-1301,15513,5375,225,-347,-1614,44512,-2540,-16102,4913,-229,414,-1437,44491,-3112,15764,1311,-154,-754,363,10,0
1597,44513,-15922,-2309,4136,-703,1200,-104,44513,169,3944,-1069,56,1,-108,44534,-1301,15513,5375,226,-347,-1614,44534,-2540,-16102,4913,-229,424,-1437,44513,-3112,15764,1311,-154,-754,384,10,0
1598,44535,-15922,-2310,4100,-831,979,-131,44535,82,3944,-1069,56,1,-199,44556,-1306,15497,5218,226,-724,-2127,44556,-2557,-16102,4861,-436,424,-2205,44535,-3167,15726,1280,-219,-944,384,10,0
1599,44557,-15767,-2311,3766,-1121,679,-304,44557,0,3905,-1030,64,35,-360,44578,-2021,15331,5111,311,-1408,-3440,44578,-2557,-16104,4748,-591,722,-3337,44557,-3340,15585,1148,-546,-944,584,10,0
1600,44579,-15758,-2311,3766,-1121,679,-304,44579,0,3905,-1030,64,35,-360,44600,-2021,15331,5111,311,-1408,-3440,44600,-2407,-16104,4748,-591,722,-3337,44579,-3340,15585,1148,-546,-885,761,10,0
1601,44601,-15758,-2312,3481,-1371,49,-586,44601,-61,3825,-1030,51,35,-516,44622,-3021,14944,5031,311,-1921,-5076,44622,-2407,-16104,4658,-604,722,-4416,44601,-3484,15478,911,-1036,-885,761,10,0
1602,44623,-14758,-2510,3080,-1853,-1124,-914,44623,-169,3765,-933,23,78,-719,44644,-3790,13944,4950,247,-1921,-6303,44644,-2170,-16069,4592,-604,945,-5747,44623,-3750,15343,733,-2186,-640,1667,10,0
1603,44645,-14758,-2510,3080,-1853,-1124,-914,44645,-169,3765,-933,23,97,-719,44666,-3790,13944,4950,247,-1649,-6303,44666,-1759,-16069,4592,-568,945,-5747,44645,-3750,15343,733,-2186,-639,2145,10,0
1604,44667,-14758,-2510,3029,-2214,-2477,-914,44667,-250,3736,-933,10,97,-925,44688,-3790,12944,4422,193,-1649,-6303,44688,-1759,-16069,4592,-568,945,-6772,44667,-3801,15242,733,-3537,-639,2145,10,0
1605,44689,-13758,-2287,2990,-2456,-3821,-877,44689,-367,3715,-861,-17,95,-1106,44710,-2842,11944,3422,144,-1236,-4727,44710,-1227,-15788,4691,-568,1082,-7693,44689,-3801,14976,1178,-4562,-320,3901,10,0
1606,44711,-13758,-2197,2990,-2456,-3821,-264,44711,-367,3715,-861,-17,95,-1106,44732,-2842,11944,3422,144,-1236,-4727,44732,-970,-15788,4691,-541,1082,-7693,44711,-2801,14976,1259,-4562,-320,3901,10,0
1607,44733,-13758,-2197,2961,-2569,-4888,-264,44733,-433,3588,-861,-172,0,-1262,44754,-2842,10944,2566,108,-1236,-4727,44754,-970,-15789,4691,-541,1082,-8773,44733,-2801,14777,1259,-4787,-403,3901,10,0
1608,44755,-12758,-1629,2943,-2604,-5688,-124,44755,-483,3372,-772,-307,-237,-1402,44776,-2131,9944,1924,81,-927,-3545,44776,-238,-15789,4765,-521,1121,-9645,44755,-1814,14560,1901,-4827,-1290,5006,10,0
1609,44777,-12758,-1629,2943,-2604,-5688,-124,44777,-483,3372,-772,-307,-237,-1402,44798,-2131,9944,1924,81,-927,-3545,44798,30,-15789,4862,-502,1121,-9645,44777,-1814,14560,1977,-4827,-1290,5006,10,0
1610,44799,-12758,-1629,2943,-2630,-5688,-266,44799,-483,3159,-772,-424,-415,-1570,44820,-2131,8944,1443,60,-927,-3545,44820,30,-15789,4890,-502,1121,-10175,44799,-1814,14560,1977,-4848,-1955,5006,10,0
1611,44821,-11758,-1644,2987,-2630,-5047,-373,44821,-464,2979,-714,-512,-439,-1696,44842,-1598,7944,1082,45,-695,-2658,44842,1030,-15606,4935,-451,953,-10317,44821,-1527,15044,2643,-4864,-2098,5961,10,0
1612,44843,-11758,-1644,2987,-2566,-4937,-373,44843,-464,2979,-714,-512,-439,-1696,44864,-1598,7944,1082,45,-695,-2658,44864,1030,-15606,4935,-430,953,-10317,44843,-1527,15044,2643,-4864,-2098,5961,10,0
1613,44865,-11758,-1770,2987,-2566,-4937,-373,44865,-661,2876,-714,-512,-439,-1735,44886,-1598,6944,811,33,-695,-2658,44886,1030,-15606,4807,-430,748,-10317,44865,-1527,15044,2643,-4864,-2181,5961,10,0
1614,44887,-10758,-1941,2588,-2307,-4374,-283,44887,-996,2876,-705,-438,-266,-1745,44908,-1198,5944,608,24,-521,-1993,44908,2030,-15432,4607,-413,594,-10060,44887,-527,15395,3200,-4863,-2243,6025,10,0
1615,44909,-10758,-1941,2588,-2307,-4374,-234,44909,-996,2911,-705,-393,-266,-1745,44930,-1198,5944,608,24,-521,-1993,44930,2030,-15419,4607,-397,594,-9705,44909,-527,15395,3200,-4863,-2243,6025,10,0
1616,44931,-10758,-1978,2342,-2307,-4374,-234,44931,-1284,2911,-705,-393,-266,-1745,44952,-1198,4944,456,18,-521,-1993,44952,2030,-15419,4522,-397,287,-9705,44931,-527,15395,3200,-4863,-2243,6025,10,0
1617,44953,-9758,-1978,2157,-2105,-4316,-222,44953,-1609,2937,-698,-278,-164,-1720,44974,-2198,4944,456,13,-390,-1494,44974,3030,-15146,4423,-363,57,-9044,44953,413,15431,3936,-4709,-2149,5852,10,0
1618,44975,-9758,-1976,2157,-2074,-4316,-222,44975,-1609,2937,-698,-254,-164,-1718,44996,-2198,5623,856,13,-390,-1494,44996,3030,-15067,4423,-308,57,-8936,44975,413,15431,4064,-4636,-2001,5852,10,0
1619,44997,-10758,-1976,1965,-2074,-4316,-222,44997,-1877,2937,-698,-254,-164,-1718,45018,-3198,5623,856,13,-390,-3494,45018,3030,-15067,4384,-308,-163,-8936,44997,413,15329,4064,-4636,-2001,5670,10,0
1620,45019,-11670,-2005,1693,-1576,-4060,-227,45019,-2141,2954,-695,-133,-44,-1677,45040,-4198,6147,1201,90,-32,-5494,45040,4030,-14882,4380,-241,-451,-8108,45019,1341,15295,4647,-4149,-1856,5222,10,0
1621,45041,-11670,-2005,1693,-1564,-4060,-227,45041,-2141,2954,-695,-131,-36,-1650,45062,-4198,6147,1201,90,-32,-5494,45062,4030,-14882,4380,-241,-451,-7879,45041,1341,15270,4647,-3987,-1856,5222,10,0
1622,45063,-12194,-2036,1201,-1564,-4060,-241,45063,-2417,2954,-702,-131,-36,-1650,45084,-4198,6147,1201,-40,-32,-6613,45084,4030,-14882,4377,-241,-711,-7879,45063,1341,15270,4647,-3987,-1856,4879,10,0
1623,45085,-12581,-2224,243,-1174,-3809,-415,45085,-2649,2963,-752,-65,54,-1561,45106,-3198,6312,1417,-240,157,-7365,45106,5030,-14698,4303,-178,-873,-6792,45085,2317,14937,5103,-3316,-1509,4566,10,0
1624,45107,-12581,-2224,243,-1174,-3800,-415,45107,-2649,2963,-752,-65,54,-1552,45128,-3198,6312,1417,-240,157,-7365,45128,5030,-14698,4303,-178,-873,-6646,45107,2317,14937,5103,-3253,-1473,4566,10,0
1625,45129,-12871,-2224,-393,-1174,-3800,-553,45129,-2848,2959,-792,-65,54,-1552,45150,-3198,6312,1417,-314,157,-7731,45150,5030,-14698,4303,-178,-873,-6646,45129,2317,14687,5103,-3253,-1473,4269,10,0
1626,45151,-13089,-2204,-918,-881,-3306,-664,45151,-3083,2855,-822,-16,122,-1468,45172,-2198,6413,1496,-314,289,-7985,45172,6030,-14499,4216,-130,-788,-5535,45151,3200,14448,5446,-2556,-852,3832,10,0
1627,45173,-13089,-2126,-918,-881,-3213,-664,45173,-3083,2855,-822,-4,123,-1451,45194,-2198,6413,1496,-227,289,-7985,45194,6030,-14442,4216,-130,-754,-5381,45173,3317,14448,5446,-2398,-812,3832,10,0
1628,45195,-13127,-2126,-1089,-881,-3213,-664,45195,-3304,2772,-855,-4,123,-1451,45216,-2198,6413,1496,-227,216,-7985,45216,6030,-14442,4123,-130,-754,-5381,45195,3317,14269,5446,-2398,-812,3206,10,0
1629,45217,-13127,-2124,-1217,-565,-2610,-613,45217,-3504,2658,-880,62,119,-1348,45238,-1648,5413,1122,-170,162,-7320,45238,6773,-14325,4053,-50,-599,-4371,45217,4080,14196,5490,-1908,-333,2520,10,0
1630,45239,-12889,-2124,-1217,-565,-2435,-613,45239,-3504,2658,-880,62,119,-1327,45260,-1648,5413,1122,-170,162,-5988,45260,6773,-14325,4053,-50,-599,-4349,45239,4080,14196,5490,-1908,-333,2520,10,0
1631,45261,-12889,-2124,-1313,-565,-2435,-613,45261,-3663,2522,-898,62,116,-1327,45282,-1648,4413,841,-170,121,-5988,45282,6773,-14325,4053,-50,-599,-4349,45261,4080,14142,5490,-1908,-333,1911,10,0
1632,45283,-12651,-2123,-1470,-468,-1744,-541,45283,-3822,2369,-955,87,116,-1197,45304,-1236,3413,630,-127,90,-4491,45304,7307,-14298,4055,-8,-519,-3559,45283,4418,14082,5523,-1629,-463,1455,10,0
1633,45305,-12633,-2096,-1470,-468,-1744,-541,45305,-3822,2369,-955,87,131,-1192,45326,-1236,3413,630,-127,90,-4491,45326,7375,-14298,4085,-8,-519,-3556,45305,4418,14082,5780,-1629,-463,1455,10,0
1634,45327,-12633,-2096,-1844,-468,-1744,-541,45327,-3935,2251,-1002,87,131,-1192,45348,-1236,2559,472,-127,67,-4491,45348,7375,-14298,4085,-112,-519,-3556,45327,4418,14037,5780,-1629,-561,1198,10,0
1635,45349,-12380,-2035,-1973,-428,-900,-399,45349,-4007,2166,-1040,105,110,-1032,45370,-927,1919,354,-95,50,-3368,45370,7867,-14183,4055,-241,-493,-2948,45349,4671,14001,5998,-1420,-561,1005,10,0
1636,45371,-12380,-2035,-1973,-393,-738,-399,45371,-4007,2166,-1040,105,110,-991,45392,-927,1919,354,-95,50,-3368,45392,7924,-14150,4055,-241,-485,-2890,45371,4681,14001,5998,-1238,-382,1005,10,0
1637,45393,-12380,-2035,-2069,-393,-738,-399,45393,-4028,2126,-1057,105,93,-991,45414,-927,1439,265,-95,37,-3368,45414,7924,-14150,3976,-338,-485,-2890,45393,4681,13980,5998,-1238,-382,860,10,0
1638,45415,-12478,-1956,-2134,-337,-337,-342,45415,-4028,2114,-1057,90,76,-758,45436,-695,1079,198,-71,27,-2526,45436,8362,-14039,3834,-397,-460,-2238,45415,5029,13959,6099,-950,-162,719,10,0
1639,45437,-12478,-1949,-2134,-310,-337,-342,45437,-4021,2114,-1028,90,76,-737,45458,-695,1079,198,-71,27,-2526,45458,8362,-14039,3834,-397,-317,-2151,45437,5029,13959,6099,-950,-162,719,10,0
1640,45459,-12825,-1949,-2134,-310,-337,-342,45459,-4021,2105,-1028,78,71,-737,45480,-695,809,148,-71,20,-2526,45480,8362,-14039,3783,-397,-317,-2151,45459,5029,13938,6099,-950,-162,531,10,0
1641,45481,-13534,-1869,-2101,-229,-216,-248,45481,-3978,2080,-994,56,67,-523,45502,-521,606,111,-53,15,-1894,45502,8622,-13930,3773,-123,3,-1390,45481,5141,13877,6175,-734,-28,254,10,0
1642,45503,-13534,-1866,-2101,-229,-216,-248,45503,-3977,2080,-994,56,67,-518,45524,-521,606,111,-53,15,-1894,45524,8622,-13930,3773,-99,20,-1326,45503,5141,13877,6189,-719,-28,254,10,0
1643,45525,-14164,-1866,-2141,-229,-398,-248,45525,-3977,2038,-994,32,64,-518,45546,-521,454,83,-53,11,-1894,45546,8622,-13930,3773,-99,20,-1326,45525,5141,13831,6189,-719,-28,47,10,0
1644,45547,-14637,-1804,-2211,-238,-584,-135,45547,-3906,1958,-983,14,44,-350,45568,-390,340,62,-39,8,-1420,45568,8613,-13834,3844,86,307,-705,45547,5195,13808,6256,-509,83,-78,10,0
1645,45569,-14637,-1804,-2211,-238,-584,-124,45569,-3890,1958,-983,14,44,-341,45590,-390,340,62,-39,8,-1420,45590,8613,-13834,3937,86,307,-705,45569,5195,13808,6256,-509,96,-78,10,0
1646,45591,-14719,-1804,-2264,-245,-584,-124,45591,-3890,1895,-983,0,29,-341,45612,-390,255,46,-39,6,-1420,45612,8613,-13834,3937,86,307,-705,45591,5195,13808,6252,-509,96,-78,10,0
1647,45613,-14719,-1815,-2314,-262,-330,-42,45613,-3920,1847,-984,-11,3,-194,45634,-292,191,34,-29,4,-1065,45634,8691,-13912,4081,21,355,-274,45613,5199,13911,6249,-405,205,-114,10,0
1648,45635,-14426,-1815,-2314,-262,-197,-42,45635,-3920,1847,-984,-11,3,-166,45656,-292,191,34,-29,4,-1065,45656,8691,-13912,4081,21,355,-274,45635,5199,13911,6215,-405,205,-114,10,0
1649,45657,-14426,-1859,-2351,-274,-197,-42,45657,-3952,1847,-986,-19,-16,-166,45678,-292,143,25,-29,3,-1065,45678,8691,-13971,4081,-27,355,-274,45657,5199,13911,6215,-405,205,-141,10,0
1650,45679,-13938,-1911,-2518,-274,293,-14,45679,-3989,1892,-996,-25,-26,1,45700,-219,107,18,-21,2,-798,45700,8873,-14004,4016,-27,363,192,45679,5254,13988,6215,-327,286,-253,10,0
1651,45701,-13922,-1911,-2518,-269,303,-9,45701,-3989,1939,-996,-25,-26,19,45722,-219,107,18,-21,2,-798,45722,8873,-14004,4016,29,363,260,45701,5302,13988,6243,-243,289,-253,10,0
1652,45723,-13922,-1944,-2552,-269,303,-9,45723,-3997,1939,-996,-29,-26,19,45744,-219,80,13,-21,1,-798,45744,8856,-14004,3981,29,363,260,45723,5302,13988,6243,-243,289,-379,10,0
1653,45745,-13640,-1969,-2578,-229,759,18,45745,-3997,2074,-990,-35,-14,194,45766,-164,60,9,-15,0,-598,45766,8839,-13995,3981,203,482,829,45745,5379,14005,6297,7,370,-638,10,0
1654,45767,-13640,-1969,-2578,-229,760,35,45767,-3974,2101,-990,-35,-14,211,45788,-164,60,9,-15,0,-598,45788,8839,-13995,3991,205,602,936,45767,5379,14005,6317,7,415,-638,10,0
1655,45789,-13640,-1969,-2578,-229,760,35,45789,-3974,2101,-990,-40,-14,211,45810,-164,45,6,-15,0,-598,45810,8762,-13995,3991,205,602,936,45789,5373,14005,6317,7,415,-844,10,0
1656,45811,-13724,-1918,-2412,-87,1152,79,45811,-3928,2227,-998,-52,-5,384,45832,-123,45,6,-11,0,-448,45832,8638,-14021,4173,299,844,1575,45811,5347,14017,6324,194,697,-1042,10,0
1657,45833,-13724,-1918,-2412,-87,1152,106,45833,-3917,2227,-998,-52,0,396,45854,-123,1045,491,-11,0,-448,45854,8638,-14021,4177,299,870,1615,45833,5347,14017,6324,202,697,-1042,10,0
1658,45855,-13824,-1918,-2412,-87,1152,106,45855,-3917,2227,-1001,-72,0,396,45876,-123,1045,491,-36,0,-448,45876,8539,-14069,4177,299,870,1615,45855,5308,14017,6324,202,697,-1219,10,0
1659,45877,-13991,-2018,-2201,10,1454,195,45877,-3805,2322,-1001,-98,10,572,45898,-1123,2045,856,-62,-229,1552,45898,8403,-14168,4312,214,1096,2259,45877,5208,14102,6325,567,731,-1503,10,0
1660,45899,-13991,-2018,-2009,10,1578,195,45899,-3804,2333,-983,-98,10,587,45920,-1123,2045,897,-62,-229,1552,45920,8403,-14168,4312,214,1101,2335,45899,5208,14102,6325,599,731,-1503,10,0
1661,45921,-14210,-2139,-2009,10,1578,195,45921,-3804,2333,-983,-117,10,587,45942,-2123,2045,897,-74,-401,1552,45942,8232,-14243,4312,91,1101,2335,45921,5133,14102,6325,599,731,-1847,10,0
1662,45943,-14374,-2184,-1573,23,1951,262,45943,-3630,2425,-962,-124,19,749,45964,-3123,3045,1279,-84,-578,3552,45964,7920,-14313,4419,-9,1254,2986,45943,5030,14184,6265,917,757,-2169,10,0
1663,45965,-14374,-2184,-1467,23,2088,262,45965,-3616,2425,-958,-124,19,760,45986,-3123,3045,1291,-84,-578,3552,45986,7920,-14313,4419,-9,1254,3030,45965,5030,14221,6265,979,757,-2169,10,0
1664,45987,-14374,-2184,-1467,23,2088,262,45987,-3616,2425,-958,-129,19,760,46008,-4123,3045,1291,-84,-700,3552,46008,7667,-14367,4419,-84,1243,3030,45987,4849,14221,6189,979,757,-2648,10,0
1665,46009,-13374,-2155,-999,34,2501,254,46009,-3366,2494,-922,-133,7,904,46030,-5123,4045,1585,-17,-791,5493,46030,7360,-14554,4499,-145,1110,3678,46009,4586,14346,6055,1326,661,-3079,10,0
1666,46031,-13374,-2155,-912,119,2694,254,46031,-3330,2494,-909,-133,7,904,46052,-5123,4045,1585,65,-791,5493,46052,7360,-14554,4499,-145,1110,3725,46031,4586,14401,6055,1375,661,-3079,10,0
1667,46053,-13374,-2155,-912,119,2694,219,46053,-3330,2494,-909,-133,-1,904,46074,-6123,4045,1585,65,-791,5493,46074,7066,-14833,4499,-145,949,3725,46053,4298,14401,5955,1375,594,-3508,10,0
1668,46075,-12374,-2133,-359,216,3329,134,46075,-3066,2596,-859,-123,-7,1011,46096,-6123,3045,1188,48,-648,4119,46096,6606,-15051,4559,-123,737,4460,46075,3963,14595,5880,1841,544,-3834,10,0
1669,46097,-12374,-2006,-355,216,3329,134,46097,-3016,2619,-849,-103,-7,1011,46118,-5123,3045,1188,48,-593,4119,46118,6606,-15051,4614,-110,737,4574,46097,3963,14624,5880,1841,544,-3834,10,0
1670,46119,-12374,-2006,-355,216,3329,64,46119,-3016,2619,-849,-103,-7,1011,46140,-5123,2283,891,36,-593,3089,46140,6159,-15215,4614,-110,486,4574,46119,3644,14624,5827,1841,544,-4126,10,0
1671,46141,-11374,-1894,70,258,3421,17,46141,-2677,2773,-796,-76,10,1092,46162,-4123,1712,668,27,-444,2316,46162,5660,-15402,4588,0,245,5303,46141,3122,14789,5648,2166,993,-4497,10,0
1672,46163,-11374,-1844,70,389,3421,17,46163,-2664,2773,-796,-56,36,1095,46184,-4123,1712,668,27,-444,2316,46184,5660,-15402,4573,0,245,5417,46163,3122,14789,5648,2166,993,-4497,10,0
1673,46185,-11374,-1844,70,389,3421,17,46185,-2664,2773,-796,-56,36,1095,46206,-4123,1284,501,20,-444,1737,46206,5172,-15402,4569,0,114,5417,46185,2728,14789,5434,2166,993,-4816,10,0
1674,46207,-10374,-1684,452,560,3259,40,46207,-2323,2869,-750,-20,76,1158,46228,-3123,963,375,15,-333,1302,46228,4675,-15382,4569,27,15,6091,46207,2353,14971,5197,2532,1322,-5095,10,0
1675,46229,-10374,-1657,452,564,3259,40,46229,-2286,2869,-750,-20,81,1158,46250,-3123,963,375,15,-333,1302,46250,4675,-15366,4600,27,15,6135,46229,2353,14971,5197,2577,1322,-5095,10,0
1676,46251,-10374,-1657,452,564,3259,40,46251,-2286,2869,-750,-20,81,1158,46272,-3123,722,281,11,-333,976,46272,4274,-15366,4600,27,-58,6135,46251,1957,14971,4949,2577,1322,-5306,10,0
1677,46273,-9374,-1590,834,737,3355,42,46273,-1983,2968,-719,8,156,1199,46294,-2342,541,210,8,-249,732,46294,3837,-15431,4646,-1,-360,6636,46273,1478,15108,4708,2885,1569,-5462,10,0
1678,46295,-9374,-1590,834,741,3364,42,46295,-1958,2980,-719,29,156,1199,46316,-2342,541,210,8,-249,732,46316,3837,-15431,4646,-1,-360,6636,46295,1478,15108,4708,2885,1629,-5462,10,0
1679,46317,-9374,-1590,834,741,3463,42,46317,-1958,2980,-719,29,156,1199,46338,-2342,405,157,6,-249,549,46338,3242,-15480,4646,-175,-618,6636,46317,1069,15108,4500,2885,1629,-5462,10,0
1680,46339,-8374,-1646,1202,874,3463,77,46339,-1688,3076,-734,84,166,1235,46360,-1756,303,117,4,-186,411,46360,2527,-15525,4831,-306,-897,6821,46339,519,15217,4204,3089,1912,-5447,10,0
1681,46361,-8374,-1646,1202,874,3537,77,46361,-1659,3076,-734,128,166,1251,46382,-1756,303,117,4,-186,411,46382,2527,-15525,4831,-306,-897,6821,46361,519,15217,4204,3089,1912,-5407,10,0
1682,46383,-8374,-1706,1202,852,3537,77,46383,-1659,3076,-778,128,160,1251,46404,-2586,303,117,3,-186,411,46404,1973,-15663,4831,-333,-1353,6821,46383,107,15217,3944,3089,1912,-5407,10,0
1683,46405,-7374,-1754,1444,798,3593,94,46405,-1401,3164,-838,187,135,1273,46426,-3208,1303,1117,-262,-356,2280,46426,1310,-15767,4797,-349,-1708,6809,46405,-237,15310,3579,3239,1912,-5130,10,0
1684,46427,-7374,-1754,1444,798,3593,94,46427,-1401,3164,-838,187,135,1273,46448,-3208,1303,1117,-262,-356,2280,46448,1310,-15767,4797,-349,-1708,6809,46427,-237,15311,3579,3239,1912,-5084,10,0
1685,46449,-7374,-1759,1444,750,3593,94,46449,-1401,3164,-838,187,107,1264,46470,-3405,1303,1117,-262,-400,2280,46470,478,-15845,4768,-349,-1740,6637,46449,-522,15311,3227,3239,1862,-5084,10,0
1686,46471,-6374,-1763,1630,636,3427,29,46471,-1175,3271,-826,200,61,1204,46492,-3405,2303,2083,-198,-400,3415,46492,-145,-15957,4697,-202,-1740,6135,46471,-808,15449,2860,3161,1439,-4714,10,0
1687,46493,-6374,-1763,1630,636,3427,29,46493,-1175,3271,-826,200,61,1204,46514,-3403,2303,2083,-189,-329,3415,46514,-145,-15957,4697,-69,-1569,6135,46493,-808,15449,2860,3161,1439,-4681,10,0
1688,46515,-6374,-1766,1630,516,3303,-33,46515,-1175,3271,-826,200,22,1108,46536,-3403,2303,2083,-189,-329,3415,46536,-461,-16041,4697,-69,-1569,5556,46515,-1132,15449,2525,2994,1076,-4681,10,0
1689,46537,-5374,-1821,1760,402,3205,-83,46537,-926,3418,-832,190,-6,977,46558,-3280,3303,2910,-143,-412,3645,46558,-698,-16104,4729,140,-1441,4980,46537,-1492,15552,2273,2765,517,-4366,10,0
1690,46559,-5374,-1821,1760,402,3205,-83,46559,-904,3418,-832,190,-6,977,46580,-3280,3303,3083,-143,-412,3645,46580,-698,-16104,4729,140,-1441,4980,46559,-1492,15566,2273,2765,517,-4341,10,0
1691,46581,-5374,-1875,1760,341,2961,-104,46581,-904,3418,-848,178,-6,854,46602,-3280,3303,3083,-143,-475,3645,46602,-1067,-16112,4729,140,-1441,4449,46581,-1771,15566,2050,2541,-5,-4341,10,0
1692,46603,-6374,-1953,1872,318,2717,-113,46603,-690,3528,-885,141,14,713,46624,-3188,4303,3863,-227,-475,3811,46624,-1442,-16118,4772,145,-1345,3811,46603,-2205,15603,1883,2338,-403,-3986,10,0
1693,46625,-6374,-1953,1872,318,2717,-113,46625,-690,3554,-885,141,16,713,46646,-3161,4303,3865,-227,-12,3811,46646,-1442,-16118,4772,145,-1166,3811,46625,-2205,15603,1883,2338,-403,-3888,10,0
1694,46647,-7374,-1974,1872,318,2507,-113,46647,-690,3554,-909,113,16,606,46668,-3161,4303,3865,-248,-12,3811,46668,-1723,-16122,4772,145,-1166,3232,46647,-2681,15540,1719,2070,-403,-3888,10,0
1695,46669,-8374,-2027,2088,448,2295,15,46669,-529,3666,-940,92,19,510,46690,-2905,5303,4451,-264,325,3248,46690,-1939,-16125,4851,129,-708,2535,46669,-3038,15434,1553,1613,-293,-3417,10,0
1696,46691,-8374,-2027,2088,448,2295,15,46691,-509,3666,-940,92,19,510,46712,-2838,5303,4451,-264,325,3248,46712,-1939,-16125,4851,129,-599,2535,46691,-3038,15434,1553,1613,-213,-3258,10,0
1697,46713,-9374,-2067,2088,442,2153,15,46713,-509,3666,-940,77,19,424,46734,-2838,5303,4451,-264,325,2596,46734,-2089,-16125,4851,83,-599,1933,46713,-3306,15354,1428,1259,-213,-3258,10,0
1698,46735,-10374,-2169,2269,292,2046,49,46735,-374,3749,-939,68,11,326,46756,-2530,6303,4828,-196,577,2063,46756,-2089,-16125,4910,-66,-222,1391,46735,-3400,15354,1418,886,12,-2548,10,0
1699,46757,-10374,-2169,2279,292,2046,49,46757,-374,3749,-939,68,11,326,46778,-2480,6303,4828,-196,577,2063,46778,-2086,-16125,4910,-66,-222,1391,46757,-3400,15441,1418,886,23,-2418,10,0
1700,46779,-11374,-2231,2279,180,1966,49,46779,-374,3749,-939,61,-3,250,46800,-2480,6303,4828,-253,577,1563,46800,-2086,-16125,4909,-178,-222,985,46779,-3400,15441,1411,584,23,-2418,10,0
1701,46801,-12374,-2231,2564,96,1863,80,46801,-236,3793,-938,56,-13,165,46822,-2112,7303,5065,-296,588,1077,46822,-1999,-16125,4857,-214,-46,678,46801,-3354,15527,1411,357,177,-1735,10,0
1702,46823,-12374,-2225,2644,96,1863,87,46823,-205,3793,-938,56,-13,165,46844,-2112,7303,5065,-296,588,1077,46844,-1999,-16125,4857,-214,-46,678,46823,-3308,15527,1419,357,177,-1735,10,0
1703,46845,-13258,-2225,2644,96,1783,87,46845,-205,3793,-938,53,-13,101,46866,-2112,7303,5065,-296,588,712,46866,-2028,-16129,4852,-214,-46,448,46845,-3308,15527,1419,215,169,-1735,10,0
1704,46867,-13953,-2219,2919,100,1725,116,46867,-109,3826,-938,53,-5,53,46888,-1868,8303,5335,-222,596,468,46888,-2050,-16139,4815,-126,85,257,46867,-3276,15624,1449,126,163,-1280,10,0
1705,46889,-13953,-2219,2929,100,1725,126,46889,-109,3835,-938,54,-5,53,46910,-1868,8303,5354,-215,599,468,46910,-2050,-16139,4815,-105,85,257,46889,-3276,15624,1449,126,163,-1280,10,0
1706,46911,-14474,-2219,2929,27,1679,126,46911,-109,3835,-951,54,-5,24,46932,-1868,8303,5354,-215,599,344,46932,-2050,-16140,4815,-105,85,190,46911,-3276,15624,1449,59,163,-1280,10,0
1707,46933,-14863,-2216,3223,-29,1502,155,46933,-37,3863,-960,66,10,3,46954,-1682,9303,5571,-174,625,313,46954,-2013,-16177,4836,19,68,190,46933,-3252,15724,1451,25,314,-950,10,0
1708,46955,-14863,-2216,3223,-29,1502,155,46955,-23,3863,-960,66,10,3,46976,-1669,9303,5571,-174,625,313,46976,-2013,-16177,4847,24,68,202,46955,-3252,15738,1451,25,314,-950,10,0
1709,46977,-15155,-2222,3223,-119,1369,155,46977,-23,3863,-984,66,10,-5,46998,-1669,9303,5571,-174,625,289,46998,-2013,-16177,4847,24,55,202,46977,-3252,15738,1435,25,314,-950,10,0
1710,46999,-15374,-2222,3385,-221,1294,169,46999,34,3876,-985,69,29,-5,47020,-1576,10303,5698,-85,711,229,47020,-1985,-16127,4886,121,45,219,46999,-3287,15750,1435,71,236,-797,10,0
1711,47021,-15374,-2222,3385,-221,1294,169,47021,34,3876,-985,69,29,-3,47042,-1576,10303,5698,-56,711,229,47042,-1985,-16127,4886,121,45,219,47021,-3287,15750,1435,84,236,-797,10,0
1712,47043,-15538,-2226,3385,-298,1274,169,47043,34,3876,-998,69,29,-3,47064,-1581,10303,5698,-56,711,170,47064,-1985,-16127,4886,121,38,219,47043,-3340,15723,1423,84,175,-797,10,0
1713,47065,-15651,-2226,3517,-370,1274,177,47065,63,3889,-1014,72,29,7,47086,-1584,11303,5789,17,692,64,47086,-1972,-16090,4927,177,28,231,47065,-3384,15703,1394,125,88,-653,10,0
1714,47087,-15651,-2213,3517,-370,1297,177,47087,63,3889,-1014,73,29,7,47108,-1584,11303,5789,17,692,64,47108,-1972,-16090,4942,177,28,231,47087,-3384,15703,1394,125,88,-628,10,0
1715,47109,-15785,-2213,3517,-424,1297,177,47109,63,3889,-1028,73,24,7,47130,-1584,11303,5789,17,678,-14,47130,-1981,-16090,4942,177,28,220,47109,-3395,15703,1372,115,64,-628,10,0
1716,47131,-15891,-2196,3701,-464,1314,177,47131,85,3898,-1047,76,24,12,47152,-1544,12303,5857,72,678,-55,47152,-1997,-16073,5004,197,43,193,47131,-3395,15733,1368,108,4,-472,10,0
1717,47153,-15891,-2171,3731,-464,1314,177,47153,85,3900,-1047,76,25,12,47174,-1544,12303,5857,74,744,-55,47174,-1997,-16073,5004,197,81,193,47153,-3385,15736,1368,108,4,-472,10,0
1718,47175,-15971,-2171,3731,-464,1314,177,47175,85,3900,-1058,76,25,12,47196,-1544,12303,5857,74,744,-55,47196,-2022,-16073,5004,195,81,172,47175,-3385,15736,1365,108,-40,-472,10,0
1719,47197,-16031,-2140,3892,-388,1323,185,47197,103,3908,-1075,74,25,9,47218,-1563,13103,5906,116,793,-11,47218,-2028,-16061,5048,160,140,148,47197,-3377,15769,1337,117,-176,-406,10,0
1720,47219,-16031,-2140,3892,-387,1312,185,47219,103,3908,-1075,74,26,9,47240,-1563,13103,5906,116,793,4,47240,-2028,-16061,5048,160,148,148,47219,-3377,15769,1337,117,-176,-406,10,0
1721,47241,-16063,-2140,3892,-387,1312,185,47241,103,3908,-1087,70,26,5,47262,-1563,13103,5906,116,793,4,47262,-2046,-16061,5048,133,148,128,47241,-3377,15769,1284,117,-278,-406,10,0
1722,47263,-16066,-2187,4013,-276,1265,162,47263,115,3912,-1102,65,27,-1,47284,-1549,13672,5903,163,896,68,47284,-2059,-16052,5088,84,191,93,47263,-3379,15813,1245,124,-355,-325,10,0
1723,47285,-16066,-2187,4013,-273,1261,162,47285,115,3912,-1102,65,27,-1,47306,-1510,13672,5903,181,896,68,47306,-2059,-16052,5088,84,191,93,47285,-3379,15813,1245,124,-355,-308,10,0
1724,47307,-16066,-2222,4013,-273,1219,137,47307,115,3912,-1109,61,27,-5,47328,-1510,13672,5903,181,896,68,47328,-2109,-16052,5088,40,191,54,47307,-3413,15813,1241,124,-432,-308,10,0
1725,47329,-16064,-2249,4081,-250,1146,107,47329,111,3912,-1114,55,15,-5,47350,-1471,14097,5936,230,681,-11,47350,-2109,-16052,5088,-4,182,25,47329,-3471,15804,1238,145,-490,-234,10,0
1726,47351,-16064,-2249,4081,-250,1146,107,47351,111,3912,-1114,55,15,-1,47372,-1471,14097,5936,230,681,-11,47372,-2106,-16052,5088,-4,182,25,47351,-3471,15804,1238,145,-490,-234,10,0
1727,47373,-16064,-2249,4081,-290,1109,90,47373,111,3912,-1118,55,6,-1,47394,-1474,14097,5936,230,520,-72,47394,-2104,-16052,5088,-23,182,20,47373,-3515,15778,1238,145,-564,-234,10,0
1728,47395,-16122,-2209,4132,-360,1081,64,47395,115,3923,-1120,51,-3,2,47416,-1485,14411,5917,212,399,-135,47416,-2104,-16061,5063,-37,188,16,47395,-3556,15756,1253,156,-634,-186,10,0
1729,47417,-16122,-2205,4132,-360,1081,64,47417,127,3923,-1120,51,-3,5,47438,-1485,14411,5917,212,399,-135,47438,-2063,-16061,5063,-37,188,16,47417,-3556,15756,1253,156,-634,-186,10,0
1730,47439,-16142,-2202,4132,-407,1069,52,47439,129,3923,-1121,48,-9,5,47460,-1493,14411,5917,198,313,-182,47460,-2063,-16061,5063,-37,164,13,47439,-3607,15728,1253,138,-700,-186,10,0
1731,47461,-16169,-2202,4166,-442,1060,43,47461,136,3932,-1124,45,-14,13,47482,-1499,14665,5961,185,248,-217,47482,-2199,-16032,5069,-23,164,10,47461,-3645,15707,1267,107,-781,-157,10,0
1732,47483,-16169,-2202,4166,-442,1060,43,47483,138,3932,-1124,45,-14,13,47504,-1504,14670,5970,185,248,-217,47504,-2199,-16032,5069,-23,174,10,47483,-3645,15707,1267,107,-781,-157,10,0
1733,47505,-16189,-2224,4166,-469,1060,36,47505,138,3930,-1124,43,-14,11,47526,-1499,14670,5970,174,214,-231,47526,-2199,-16047,5069,-23,174,-15,47505,-3645,15707,1267,41,-781,-157,10,0
1734,47527,-16204,-2241,4220,-502,1071,36,47527,136,3927,-1121,43,-6,10,47548,-1489,14857,6001,147,189,-241,47548,-2134,-16058,5040,-13,233,-43,47527,-3644,15711,1268,-8,-532,-84,10,0
1735,47549,-16204,-2241,4221,-502,1071,35,47549,136,3927,-1121,43,-6,10,47570,-1483,14857,6001,147,189,-241,47570,-2134,-16058,5040,-10,237,-43,47549,-3638,15725,1269,-8,-528,-78,10,0
1736,47571,-16213,-2241,4221,-549,1071,27,47571,136,3925,-1121,43,-6,10,47592,-1483,14857,6001,127,189,-241,47592,-2134,-16066,5019,-10,237,-46,47571,-3638,15725,1278,-37,-528,-78,10,0
1737,47593,-16219,-2228,4262,-584,1076,25,47593,144,3923,-1112,46,-10,12,47614,-1497,14997,6002,127,227,-234,47614,-2090,-16072,5019,1,277,-46,47593,-3634,15739,1279,-58,-306,-3,10,0
1738,47615,-16219,-2222,4262,-584,1076,25,47615,147,3923,-1112,48,-10,16,47636,-1497,14997,6002,129,228,-223,47636,-2090,-16072,5028,1,277,-45,47615,-3634,15741,1279,-58,-306,0,10,0
1739,47637,-16235,-2222,4262,-584,1076,25,47637,147,3923,-1112,48,-12,16,47658,-1515,14997,6002,129,228,-223,47658,-2090,-16072,5028,1,231,-45,47637,-3634,15741,1279,-61,-306,0,10,0
1740,47659,-16235,-2179,4286,-563,1080,25,47659,156,3923,-1112,49,-12,15,47680,-1557,15111,6003,141,305,-205,47680,-2095,-16093,5035,-1,167,-37,47659,-3626,15737,1279,-64,-178,56,10,0
1741,47681,-16230,-2161,4300,-561,1080,45,47681,156,3927,-1113,49,-1,15,47702,-1557,15119,6021,141,323,-202,47702,-2095,-16093,5035,-1,167,-25,47681,-3626,15737,1279,-64,-178,56,10,0
1742,47703,-16225,-2161,4300,-561,1062,45,47703,156,3927,-1120,49,-1,14,47724,-1588,15119,6021,141,323,-202,47724,-2100,-16093,5035,-1,137,-25,47703,-3626,15737,1279,-75,-178,56,10,0
1743,47725,-16221,-2160,4311,-535,1042,60,47725,168,3926,-1120,47,7,14,47746,-1612,15183,6018,162,369,-183,47746,-2113,-16076,5069,0,134,3,47725,-3617,15734,1279,-132,-82,92,10,0
1744,47747,-16215,-2160,4311,-535,1042,60,47747,168,3926,-1107,47,7,14,47768,-1612,15183,6018,162,407,-183,47768,-2113,-16064,5069,0,134,3,47747,-3617,15734,1280,-132,-32,92,10,0
1745,47769,-16215,-2170,4300,-535,1033,60,47769,168,3923,-1107,46,7,14,47790,-1612,15183,6016,146,407,-183,47790,-2113,-16056,5069,0,132,3,47769,-3617,15734,1280,-175,-32,92,10,0
1746,47791,-16191,-2170,4292,-497,1026,52,47791,169,3921,-1110,46,13,15,47812,-1578,15231,6015,146,481,-169,47812,-2113,-16058,5084,-5,120,22,47791,-3599,15739,1281,-201,77,157,10,0
1747,47813,-16191,-2170,4292,-497,1026,52,47813,169,3921,-1110,46,13,15,47834,-1545,15234,6015,170,481,-158,47834,-2101,-16058,5084,-5,120,23,47813,-3565,15739,1303,-201,77,157,10,0
1748,47835,-16191,-2192,4292,-497,1019,52,47835,169,3921,-1113,46,13,15,47856,-1545,15234,5999,170,481,-158,47856,-2101,-16059,5084,-19,88,23,47835,-3565,15739,1303,-201,77,157,10,0
1749,47857,-16210,-2197,4312,-478,967,56,47857,170,3923,-1116,46,15,16,47878,-1528,15282,5999,188,536,-132,47878,-2092,-16060,5085,-19,62,38,47857,-3519,15751,1300,-167,61,169,10,0
1750,47879,-16210,-2197,4312,-478,967,56,47879,170,3923,-1116,46,15,16,47900,-1528,15283,6012,188,536,-131,47900,-2092,-16060,5085,-18,62,38,47879,-3519,15751,1300,-162,61,169,10,0
1751,47901,-16224,-2200,4312,-478,928,56,47901,170,3923,-1116,46,15,16,47922,-1528,15283,6012,188,536,-131,47922,-2112,-16060,5085,-18,46,38,47901,-3519,15751,1294,-162,49,169,10,0
1752,47923,-16235,-2203,4299,-448,928,67,47923,171,3923,-1116,46,12,19,47944,-1536,15319,5963,188,622,-70,47944,-2112,-16055,5090,-18,34,26,47923,-3514,15754,1286,-128,27,176,10,0
1753,47945,-16235,-2203,4299,-439,935,67,47945,171,3923,-1116,46,12,20,47966,-1536,15327,5963,188,630,-70,47966,-2112,-16055,5090,-18,34,26,47945,-3514,15754,1286,-128,27,178,10,0
1754,47967,-16235,-2203,4295,-439,935,67,47967,171,3923,-1116,46,12,20,47988,-1536,15327,5963,188,630,-70,47988,-2127,-16055,5090,-18,24,17,47967,-3514,15754,1260,-128,27,178,10,0
1755,47989,-16234,-2190,4294,-402,953,76,47989,180,3918,-1116,45,15,17,48010,-1529,15365,5926,185,670,-61,48010,-2161,-16038,5100,-18,17,2,47989,-3524,15772,1241,-111,7,198,10,0
1756,48011,-16234,-2190,4294,-395,953,76,48011,186,3918,-1118,45,15,17,48032,-1529,15375,5926,185,670,-61,48032,-2161,-16038,5100,-17,17,2,48011,-3524,15772,1241,-111,7,198,10,0
1757,48033,-16234,-2190,4294,-395,953,76,48033,186,3915,-1118,44,15,12,48054,-1529,15375,5917,180,670,-61,48054,-2186,-16038,5100,-17,17,-9,48033,-3534,15772,1237,-111,7,198,10,0
1758,48055,-16233,-2181,4300,-338,993,83,48055,187,3912,-1120,43,23,9,48076,-1519,15388,5907,179,672,-59,48076,-2205,-16025,5108,11,88,-31,48055,-3539,15786,1237,-120,43,208,10,0
1759,48077,-16233,-2181,4300,-338,999,83,48077,187,3912,-1120,43,23,9,48098,-1507,15388,5907,179,672,-59,48098,-2205,-16025,5108,11,104,-31,48077,-3539,15786,1237,-120,45,208,10,0
1760,48099,-16233,-2189,4300,-338,999,80,48099,187,3910,-1120,43,23,9,48120,-1507,15388,5900,176,672,-73,48120,-2205,-16025,5108,11,104,-58,48099,-3539,15786,1237,-129,45,208,10,0
1761,48121,-16224,-2213,4309,-351,994,67,48121,187,3910,-1119,45,17,12,48142,-1456,15402,5873,165,663,-98,48142,-2155,-16016,5114,15,137,-78,48121,-3517,15789,1261,-135,120,211,10,0
1762,48143,-16224,-2213,4325,-351,994,67,48143,195,3911,-1119,48,17,12,48164,-1456,15402,5873,165,663,-98,48164,-2155,-16016,5114,15,137,-78,48143,-3517,15789,1261,-135,120,211,10,0
1763,48165,-16234,-2229,4325,-367,990,57,48165,195,3911,-1119,48,13,12,48186,-1456,15402,5852,165,607,-115,48186,-2155,-16031,5112,15,137,-78,48165,-3517,15789,1261,-135,112,193,10,0
1764,48187,-16243,-2236,4343,-400,970,49,48187,210,3918,-1119,54,10,10,48208,-1487,15429,5852,171,546,-127,48208,-2130,-16044,5109,27,162,-76,48187,-3478,15815,1254,-113,26,136,10,0
1765,48209,-16243,-2236,4369,-400,970,49,48209,210,3918,-1119,54,10,10,48230,-1487,15429,5859,172,546,-127,48230,-2130,-16044,5109,27,182,-76,48209,-3478,15815,1254,-106,26,136,10,0
1766,48231,-16250,-2236,4369,-425,954,34,48231,210,3918,-1123,54,10,9,48252,-1515,15429,5859,172,500,-127,48252,-2130,-16044,5109,27,182,-76,48231,-3478,15815,1249,-106,-36,95,10,0
