Timestep,IMU1_tick,IMU1_ax,IMU1_ay,IMU1_az,IMU1_gx,IMU1_gy,IMU1_gz,IMU2_tick,IMU2_ax,IMU2_ay,IMU2_az,IMU2_gx,IMU2_gy,IMU2_gz,IMU3_tick,IMU3_ax,IMU3_ay,IMU3_az,IMU3_gx,IMU3_gy,IMU3_gz,IMU4_tick,IMU4_ax,IMU4_ay,IMU4_az,IMU4_gx,IMU4_gy,IMU4_gz,IMU5_tick,IMU5_ax,IMU5_ay,IMU5_az,IMU5_gx,IMU5_gy,IMU5_gz,move,label
184,22707,30562,-99,13897,-947,451,-774,22707,-636,16283,-994,335,330,-77,22708,-11665,30316,4950,181,932,-225,22708,-6813,-32249,5989,-55,324,-46,22707,-919,32049,4889,-122,198,237,2,3
185,22729,30557,-99,13897,-947,451,-774,22729,-636,16283,-994,335,316,-77,22730,-11668,30316,4950,145,932,-225,22730,-6849,-32252,5989,-57,324,-46,22729,-919,32049,4889,-127,198,209,2,3
186,22751,30557,-446,13838,-1008,465,-752,22751,-1107,16234,-1014,334,250,-71,22752,-11668,30351,5010,-62,995,-131,22752,-6982,-32252,6033,-85,318,-109,22751,-875,32065,4892,-243,245,145,2,3
187,22773,30570,-446,13838,-1008,465,-747,22773,-1107,16234,-1014,334,250,-69,22774,-11467,30361,5010,-62,1052,-45,22774,-6982,-32187,6419,-85,318,-109,22773,-451,32086,4892,-243,267,145,2,3
188,22795,30570,-788,13794,-1058,465,-747,22795,-1460,16196,-1029,334,198,-69,22796,-11467,30361,5010,-254,1052,-45,22796,-7144,-32187,6419,-106,314,-162,22795,-451,32086,4839,-446,267,94,2,3
189,22817,30621,-1075,13794,-1096,489,-693,22817,-1716,16167,-1029,338,152,-80,22818,-11214,30554,5021,-398,1321,134,22818,-7265,-32090,6730,-118,314,-202,22817,89,32098,4577,-615,43,47,2,3
190,22839,30655,-1075,13825,-1096,489,-693,22839,-1716,16167,-1020,339,152,-80,22840,-11214,30612,5021,-398,1321,134,22840,-7265,-32090,6730,-118,340,-202,22839,89,32144,4577,-615,43,47,2,3
191,22860,30655,-1306,13825,-1096,489,-693,22860,-1901,16151,-1020,339,118,-89,22861,-11214,30612,5021,-398,1321,134,22861,-7356,-32090,6730,-118,340,-202,22860,89,32144,4577,-667,-125,11,2,3
192,22881,30731,-1479,13730,-1092,358,-735,22881,-2028,16142,-1005,370,92,-89,22882,-10890,30707,5029,-249,1219,179,22882,-7424,-32025,6937,-116,378,-168,22882,350,32072,4600,-667,-251,-9,2,3
193,22901,30731,-1479,13730,-1092,358,-735,22901,-2028,16142,-1005,370,92,-80,22903,-10890,30707,5067,-166,1219,179,22903,-7424,-32025,6937,-103,383,-154,22903,350,32072,4770,-598,-251,-9,2,3
194,22921,30731,-1573,13659,-1092,282,-793,22921,-2097,16132,-1005,370,85,-80,22924,-10890,30707,5067,-166,994,134,22924,-7475,-32025,6937,-103,383,-154,22924,350,32018,4770,-598,-282,-9,2,3
195,22941,30720,-1641,13590,-1136,239,-837,22941,-2149,16124,-1023,377,85,-50,22945,-10837,30674,5228,19,769,48,22945,-7516,-31968,7078,-101,433,-78,22945,546,31979,4895,-521,-282,51,2,3
196,22961,30720,-1641,13590,-1136,239,-837,22961,-2149,16124,-1023,377,109,-50,22966,-10837,30674,5228,19,769,48,22966,-7516,-31968,7078,-101,433,-78,22966,546,31979,4895,-521,-175,92,2,3
197,22981,30720,-1694,13590,-1136,230,-845,22981,-2203,16114,-1036,363,109,-50,22987,-10837,30674,5228,19,603,-24,22987,-7560,-31968,7078,-101,433,-78,22987,546,31979,4895,-521,-175,92,2,3
198,23001,30720,-1738,13626,-1094,223,-845,23001,-2268,16106,-1036,329,161,-29,23008,-10815,30667,5317,158,479,-70,23008,-7635,-31952,7184,-99,469,-66,23008,659,32004,4967,-463,-68,186,2,3
199,23021,30720,-1738,13636,-1017,223,-829,23021,-2268,16106,-1029,329,163,-29,23029,-10815,30667,5317,170,479,-70,23029,-7635,-31952,7184,-96,469,-66,23029,699,32004,4967,-463,-15,191,2,3
200,23041,30720,-1809,13636,-1017,223,-829,23041,-2321,16105,-1029,309,163,-29,23050,-10815,30662,5317,170,479,-87,23050,-7692,-31952,7184,-96,469,-87,23050,699,32004,4967,-463,9,191,2,3
201,23061,30662,-1874,13633,-906,227,-814,23061,-2373,16105,-1008,294,209,-28,23071,-10729,30616,5441,174,582,-95,23071,-7734,-31940,7278,-83,507,-165,23071,804,31985,5063,-414,15,277,2,3
202,23081,30662,-1874,13633,-906,232,-788,23081,-2373,16105,-1008,294,236,-28,23092,-10729,30616,5441,174,607,-95,23092,-7734,-31940,7298,-69,546,-165,23092,804,31985,5065,-380,99,277,2,3
203,23101,30608,-1947,13606,-906,232,-788,23101,-2438,16105,-1008,283,236,-33,23113,-10729,30596,5441,138,607,-95,23113,-7734,-31940,7298,-69,546,-250,23113,804,31980,5065,-380,99,277,2,3
204,23121,30554,-2002,13606,-888,310,-718,23121,-2496,16092,-997,275,340,-46,23134,-10640,30596,5554,111,784,-81,23134,-7746,-31935,7329,-50,611,-314,23134,883,31980,5138,-307,118,349,2,3
205,23141,30554,-2002,13610,-888,336,-718,23141,-2496,16092,-997,275,340,-46,23155,-10640,30609,5554,111,866,-81,23155,-7746,-31935,7329,-50,611,-314,23155,883,31993,5138,-307,140,349,2,3
206,23161,30513,-2067,13610,-893,336,-718,23161,-2540,16084,-997,275,340,-56,23176,-10640,30609,5554,111,866,-81,23176,-7755,-31943,7329,-54,572,-327,23176,883,31993,5138,-307,140,349,2,3
207,23181,30513,-2102,13641,-936,414,-681,23181,-2545,16084,-971,300,361,-63,23197,-10574,30644,5597,176,1068,-48,23197,-7770,-31943,7352,-65,502,-327,23197,994,31988,5203,-234,217,412,2,3
208,23201,30581,-2102,13641,-936,414,-681,23201,-2545,16091,-966,313,361,-63,23218,-10574,30644,5597,176,1090,-48,23218,-7770,-31943,7362,-65,502,-316,23218,994,31988,5203,-210,217,431,2,3
209,23221,30581,-2112,13641,-984,414,-681,23221,-2548,16091,-966,313,361,-63,23239,-10574,30644,5597,176,1090,-48,23239,-7770,-31943,7362,-73,427,-316,23239,994,31985,5203,-210,217,431,2,3
210,23241,30618,-2120,13664,-1046,454,-653,23241,-2555,16093,-941,343,374,-56,23260,-10470,30671,5611,226,1198,-44,23260,-7741,-31943,7419,-80,371,-302,23260,1107,31968,5244,-120,320,492,2,3
211,23261,30618,-2120,13676,-1046,454,-641,23261,-2555,16093,-941,343,374,-54,23282,-10468,30673,5611,226,1198,-44,23282,-7739,-31943,7419,-80,371,-291,23281,1155,31968,5244,-105,320,492,2,3
212,23283,30618,-2120,13676,-1094,454,-641,23283,-2560,16093,-941,343,374,-54,23304,-10468,30673,5598,226,1186,-44,23304,-7739,-31923,7419,-93,328,-291,23301,1155,31950,5215,-105,320,492,2,3
213,23305,30605,-2132,13703,-1138,467,-626,23305,-2564,16092,-954,364,350,-42,23326,-10395,30694,5560,285,1172,-30,23326,-7716,-31923,7446,-106,293,-272,23321,1276,31950,5191,-8,279,476,2,3
214,23327,30605,-2132,13703,-1138,467,-626,23327,-2564,16092,-954,364,350,-39,23348,-10395,30704,5560,285,1172,-30,23348,-7716,-31908,7446,-106,293,-272,23341,1276,31956,5191,-8,279,476,2,3
215,23349,30596,-2141,13703,-1186,467,-660,23349,-2567,16091,-968,364,322,-39,23370,-10395,30710,5552,285,1149,-30,23370,-7716,-31908,7446,-112,267,-273,23361,1276,31956,5171,-8,221,447,2,3
216,23371,30596,-2147,13707,-1242,475,-711,23371,-2583,16085,-982,364,294,-6,23392,-10380,30710,5552,329,1013,-31,23392,-7730,-31908,7476,-123,248,-308,23381,1277,31975,5168,41,178,425,2,3
217,23393,30599,-2147,13727,-1242,475,-711,23393,-2583,16085,-982,364,294,-2,23414,-10380,30716,5554,362,1013,-31,23414,-7730,-31899,7476,-123,248,-308,23401,1277,31975,5168,41,178,425,2,3
218,23415,30599,-2147,13727,-1294,475,-768,23415,-2583,16083,-999,360,266,-2,23436,-10380,30716,5554,362,911,-32,23436,-7730,-31897,7476,-140,248,-355,23421,1277,31975,5168,41,176,425,2,3
219,23437,30619,-2096,13730,-1335,481,-822,23437,-2576,16083,-1011,360,228,28,23458,-10381,30721,5555,420,801,-63,23458,-7709,-31916,7483,-153,259,-422,23441,1277,31971,5166,94,176,442,2,3
220,23459,30619,-2096,13723,-1335,481,-822,23459,-2564,16083,-1011,361,228,28,23480,-10381,30721,5579,420,801,-63,23480,-7709,-31916,7483,-153,259,-422,23461,1281,31971,5166,94,180,447,2,3
221,23481,30619,-2096,13723,-1366,477,-851,23481,-2564,16083,-1011,361,202,28,23502,-10381,30721,5579,420,718,-101,23502,-7709,-31935,7466,-153,259,-472,23482,1281,31968,5136,94,180,447,2,3
222,23503,30634,-2068,13718,-1390,474,-872,23503,-2546,16085,-1002,361,183,38,23524,-10327,30724,5600,492,628,-130,23524,-7607,-31949,7466,-153,267,-483,23503,1330,31962,5046,113,166,488,2,3
223,23525,30634,-2068,13718,-1390,474,-872,23525,-2543,16086,-996,378,183,38,23546,-10327,30711,5600,492,628,-130,23546,-7597,-31949,7466,-121,267,-483,23525,1330,31962,5046,113,166,488,2,3
224,23547,30631,-2068,13702,-1406,432,-872,23547,-2543,16086,-996,378,168,38,23568,-10327,30711,5566,492,575,-130,23568,-7597,-31953,7453,-121,263,-483,23547,1330,31957,4978,94,166,469,2,3
225,23569,30629,-2051,13688,-1418,392,-850,23569,-2499,16091,-977,391,149,45,23590,-10283,30689,5512,415,575,-120,23590,-7489,-31953,7429,-93,258,-388,23569,1405,31953,4939,67,178,437,2,3
226,23591,30629,-2051,13688,-1418,392,-846,23591,-2499,16091,-975,391,149,51,23612,-10283,30689,5512,415,625,-94,23612,-7489,-31944,7429,-88,258,-381,23591,1405,31953,4939,67,178,437,2,3
227,23613,30629,-2070,13678,-1418,358,-846,23613,-2499,16091,-975,391,133,51,23634,-10283,30689,5492,388,625,-94,23634,-7489,-31944,7369,-88,258,-381,23613,1405,31950,4939,42,178,393,2,3
228,23635,30668,-2070,13650,-1409,288,-819,23635,-2488,16095,-954,401,115,87,23656,-10194,30694,5455,368,707,-83,23656,-7408,-31938,7324,18,335,-280,23635,1461,31948,4910,28,246,338,2,3
229,23657,30668,-2060,13650,-1409,288,-819,23657,-2488,16095,-951,401,115,96,23678,-10154,30760,5455,368,707,-83,23678,-7404,-31938,7324,40,628,-232,23657,1461,31948,4910,28,267,338,2,3
230,23679,30668,-2060,13585,-1409,234,-819,23679,-2488,16095,-951,401,102,96,23700,-10154,30760,5397,368,707,-87,23700,-7404,-31938,7324,40,628,-232,23679,1461,31947,4842,28,267,240,2,3
231,23701,30755,-2053,13470,-1409,87,-806,23701,-2484,16132,-917,353,85,143,23722,-10141,30828,5279,463,628,-314,23722,-7336,-31933,7333,63,1354,-46,23701,1675,31947,4791,65,126,166,2,3
232,23723,30755,-2045,13470,-1409,87,-806,23723,-2484,16132,-889,353,85,153,23744,-10141,30838,5279,463,628,-314,23744,-7336,-31913,7367,63,1354,-46,23723,1675,31958,4791,90,126,166,2,3
233,23745,30694,-2045,13318,-1409,-78,-806,23745,-2484,16132,-889,317,0,153,23766,-10141,30838,5135,463,559,-613,23766,-7369,-31913,7367,-42,1354,-46,23745,1572,31958,4791,90,-15,166,2,3
234,23767,29694,-2025,13012,-1289,-656,-729,23767,-2488,16160,-870,317,-206,234,23788,-10137,30962,5011,489,335,-1333,23788,-7902,-31952,7421,-229,1597,-830,23767,1141,32008,4809,106,-497,384,2,3
235,23789,29694,-1987,13012,-1271,-656,-729,23789,-2488,16160,-870,338,-206,234,23810,-10137,30962,5011,489,335,-1333,23810,-7902,-31952,7497,-229,1597,-830,23789,1141,32062,4809,106,-497,542,2,3
236,23811,28694,-1987,12773,-1271,-1521,-729,23811,-2488,16160,-870,338,-268,234,23832,-10137,30962,4916,489,-299,-2253,23832,-8336,-31952,7497,-440,1597,-2000,23811,817,32062,4809,100,-858,542,2,3
237,23833,27694,-1852,12351,-1004,-2708,-710,23833,-2444,16069,-867,492,-268,-261,23854,-10156,30971,4459,1030,-1328,-3462,23854,-8661,-31912,7734,-862,2032,-4000,23833,574,32086,4754,4,-1129,1284,2,3
238,23855,27694,-1852,12351,-907,-2708,-710,23855,-2439,16069,-867,492,-207,-261,23876,-10156,30971,4459,1071,-1328,-3462,23876,-8661,-31912,7734,-862,2748,-4000,23855,574,32086,4754,4,-1129,1550,2,3
239,23877,27682,-1852,12029,-907,-4076,-710,23877,-2439,15880,-867,492,-207,-943,23898,-10641,30888,4012,1071,-3328,-5048,23898,-8661,-31912,7734,-1179,2748,-6000,23877,534,32086,4731,-87,-1183,1550,2,3
240,23899,27673,-2107,11209,-792,-6076,-1375,23899,-2295,15147,-864,608,376,-2375,23920,-11590,29888,3651,2770,-5097,-7048,23920,-8447,-31914,7132,-1179,3611,-8000,23899,414,32068,4714,-492,-1183,3285,2,3
241,23921,27673,-2107,11209,-792,-6076,-1375,23921,-2295,15147,-798,608,818,-2375,23942,-11590,29888,3651,2770,-5097,-7048,23942,-8023,-31914,7132,-989,3611,-8000,23921,414,32068,4714,-492,-807,3550,2,3
242,23943,27667,-2324,10328,-885,-8076,-2159,23943,-2358,14597,-798,608,818,-3798,23964,-12390,28888,3406,2770,-6424,-9048,23964,-8023,-31914,6681,-989,3611,-10000,23943,414,31989,4714,-983,-807,3550,2,3
243,23965,26667,-2487,9328,-986,-10076,-2747,23965,-2905,14186,-693,905,2305,-5126,23986,-12730,27888,3314,1359,-6424,-11048,23986,-7023,-31667,6494,-127,3192,-11793,23965,444,30989,4747,-1784,-269,5550,2,3
244,23987,26667,-2487,9328,-986,-10076,-2747,23987,-2905,14186,-693,1158,2305,-5126,24008,-12730,27888,3314,1359,-4424,-11048,24008,-7023,-31651,6494,-127,3192,-11793,23987,444,30989,4971,-1784,16,5550,2,3
245,24009,25667,-2487,8456,-1018,-11894,-2747,24009,-3356,13878,-693,1158,2305,-5966,24030,-12985,26888,3314,-288,-4424,-12677,24030,-7023,-31651,6464,-127,2713,-13138,24009,444,29989,4971,-2534,16,5550,2,3
246,24031,24667,-1487,7606,-1018,-13409,-1615,24031,-4060,13532,-636,1859,2433,-6483,24052,-12985,26108,3811,-1523,-2424,-13898,24052,-6023,-30651,6464,556,777,-14449,24031,755,29087,5542,-3230,633,7550,2,3
247,24053,24667,-1487,7606,-546,-13409,-1615,24053,-4060,13532,-636,1859,2433,-6483,24074,-12562,26108,3811,-1523,-2424,-13898,24074,-6023,-30651,6638,556,777,-14449,24053,755,29087,5542,-3230,633,7550,2,3
248,24075,24416,-1487,6820,-546,-14545,-1615,24075,-4588,13272,-651,1859,2132,-6871,24096,-12258,25523,3811,-2100,-2424,-15898,24096,-6023,-30651,6638,556,-692,-15526,24075,755,28087,5542,-3720,633,7550,2,3
249,24097,24232,-1319,5891,-479,-15559,-1346,24097,-4588,12833,-1167,2321,378,-7308,24118,-12245,24660,4244,-2100,-1196,-17898,24118,-5023,-29651,7266,1042,-1794,-16294,24097,1755,27711,6240,-4087,511,9550,2,3
250,24119,24232,-1319,5891,-479,-15559,-1346,24119,-4378,12833,-1167,2321,378,-7308,24140,-12245,24660,4293,-2100,-1196,-17898,24140,-5023,-29651,7266,1042,-1794,-16294,24119,1755,27711,6240,-4087,511,9550,2,3
251,24141,24232,-1319,5062,-479,-16320,-1346,24141,-4378,12504,-1554,2321,-936,-7748,24162,-12601,24013,4516,-2532,-1196,-19425,24162,-5023,-29970,7266,1042,-2468,-16610,24141,1755,27429,6240,-4087,511,9550,2,3
252,24163,24280,-1193,4144,-584,-16890,-1138,24163,-4263,12257,-1844,2356,-1009,-8469,24184,-13601,23527,4877,-3613,-355,-20181,24184,-4023,-30133,7637,841,-2618,-16667,24163,2755,27217,6652,-4053,646,11550,2,3
253,24185,24940,-1193,4144,-584,-16890,-1138,24185,-4263,12257,-1844,2356,-1009,-8469,24206,-13601,23527,5103,-3613,-355,-20181,24206,-4023,-30133,7637,841,-2618,-16667,24185,2755,27209,6652,-3994,646,11550,2,3
254,24207,24940,-1193,3390,-663,-16890,-1138,24207,-4399,12126,-2236,2356,-1009,-9042,24228,-14601,23527,5103,-4423,-355,-20385,24228,-4023,-30425,7637,690,-2618,-16667,24207,2755,27058,6652,-3994,646,11550,2,3
255,24229,25940,-1110,2412,-801,-16290,-1261,24229,-5399,12126,-2598,2995,-384,-9472,24250,-15601,24039,4715,-4423,1645,-20538,24250,-3023,-30644,7243,433,-1866,-15999,24229,3755,26719,6899,-3924,1271,12347,2,3
256,24251,25940,-1110,2412,-801,-16290,-1261,24251,-5399,12199,-2598,3092,-384,-9472,24272,-15601,24039,4715,-3439,1645,-20538,24272,-3023,-30644,7243,433,-1634,-15640,24251,3755,26719,6899,-3924,1271,12347,2,3
257,24273,25940,-1482,1679,-904,-16290,-1424,24273,-6399,12199,-2835,3092,-384,-9485,24294,-16601,23429,4424,-3439,1645,-20922,24294,-3023,-30857,6948,433,-1634,-15640,24273,3755,26431,6899,-3959,1271,12347,2,3
258,24295,26825,-1482,971,-1930,-14992,-1636,24295,-7212,12230,-3013,3257,-1512,-9495,24316,-17601,22701,4268,-2391,2485,-21471,24316,-2023,-31016,6948,474,-943,-14442,24295,4755,26215,7084,-4088,1375,11600,2,3
259,24317,26940,-1327,971,-1930,-14954,-1636,24317,-7212,12230,-3013,3257,-1512,-9495,24338,-17601,22701,4268,-2391,2485,-21471,24338,-2023,-31016,6993,623,-943,-14123,24317,4755,26215,7084,-4088,1375,11600,2,3
260,24339,26940,-1327,416,-2699,-14954,-1795,24339,-7875,12080,-3075,3083,-2358,-9502,24360,-18601,21701,4268,-2391,2485,-21851,24360,-2023,-31016,6993,623,-943,-14123,24339,4755,25967,7084,-4537,1066,10807,2,3
261,24361,27940,-1083,-488,-2806,-12954,-1795,24361,-8755,11864,-3122,2952,-2458,-9514,24382,-19601,20701,4583,-964,2899,-22136,24382,-1023,-30914,7454,793,-821,-12704,24361,5755,25967,7299,-4900,229,9737,2,3
262,24383,27940,-1083,-488,-2806,-12954,-1794,24383,-8755,11864,-3122,2952,-2458,-9514,24404,-19601,20701,4583,-877,2899,-22136,24404,-1023,-30148,7454,793,-821,-12628,24383,5755,26001,7519,-4900,229,9737,2,3
263,24405,27940,-1083,-1010,-2886,-12954,-1794,24405,-9605,11558,-3272,2887,-2533,-9523,24426,-20601,19701,4583,-877,2899,-22486,24426,-1023,-30148,7454,793,-1025,-12628,24405,5755,26001,7519,-4983,-844,8835,2,3
264,24427,28427,-852,-1677,-2946,-10954,-1794,24427,-10242,11210,-3384,2838,-2865,-9533,24448,-21601,18701,4711,1123,4208,-23480,24448,-23,-30219,7506,953,-1178,-11182,24427,6755,25718,8237,-4983,-1660,8101,2,3
265,24449,28427,-852,-1677,-2946,-10954,-1794,24449,-10242,11210,-3384,2838,-2865,-9533,24470,-21601,18701,4711,1123,4310,-23480,24470,-23,-30219,7506,1031,-1178,-11020,24449,6755,25718,8237,-4904,-1660,8101,2,3
266,24471,27427,-1032,-2251,-2946,-10954,-1794,24471,-10720,10940,-3384,2326,-3114,-9657,24492,-22601,17701,4341,1123,4310,-24226,24492,-23,-30219,7506,1031,-1221,-11020,24471,6755,25194,8237,-4904,-2028,7402,2,3
267,24493,26427,-1167,-3068,-2758,-8954,-1545,24493,-11613,10437,-3363,1825,-3114,-10183,24514,-23601,16701,4009,2600,5291,-24769,24514,977,-30218,7545,1402,-1221,-9522,24493,7755,24801,8665,-4215,-2028,6699,2,3
268,24515,26427,-1167,-3068,-2758,-8954,-1545,24515,-11613,10437,-3311,1825,-2776,-10183,24536,-23601,16701,4009,2600,5368,-24769,24536,977,-30218,7545,1418,-1186,-9386,24515,7755,24801,8665,-4174,-1598,6699,2,3
269,24537,25427,-1269,-3681,-2758,-8954,-1545,24537,-12282,9972,-3311,1322,-2776,-10594,24558,-23601,15701,3620,2600,5368,-25083,24558,977,-30218,7545,1418,-1186,-9386,24537,7755,24396,8665,-4174,-1598,6025,2,3
270,24559,24427,-1735,-4346,-2188,-6954,-1080,24559,-12961,9443,-3241,942,-2523,-10958,24580,-22601,14701,3109,2362,5322,-25162,24580,1977,-30179,7554,1855,-1066,-7846,24559,8755,24241,8910,-3051,-1053,5295,2,3
271,24581,24427,-1735,-4346,-2188,-6954,-1080,24581,-12961,9443,-3241,942,-2523,-10958,24602,-22601,14701,3109,2362,5322,-25162,24602,1977,-30179,7554,1855,-888,-7627,24581,8755,24241,8910,-2905,-1053,5295,2,3
272,24603,23427,-1735,-5179,-2188,-6954,-1080,24603,-13470,8839,-3241,657,-2523,-11231,24624,-22601,13701,2653,2153,5287,-25162,24624,1977,-30179,7554,1855,-888,-7627,24603,8755,24124,8910,-2905,-1053,4733,2,3
273,24625,22427,-1439,-5896,-2030,-6455,-841,24625,-14212,8271,-3189,597,-2359,-11344,24646,-21601,12701,2167,1839,5287,-25054,24646,2977,-30112,8177,1320,-174,-6039,24625,9755,23627,9040,-1825,-644,4207,2,3
274,24647,22427,-1439,-5896,-2030,-6455,-841,24647,-14212,8271,-3189,597,-2359,-11344,24668,-21601,12701,2167,1839,5425,-24677,24668,2977,-30112,8177,1320,-13,-6039,24647,9755,23627,9040,-1656,-263,4207,2,3
275,24669,21427,-1439,-6574,-2030,-6455,-1173,24669,-14830,7672,-3189,597,-2359,-11344,24690,-21601,11701,1563,1604,5425,-24677,24690,2977,-30112,8177,904,-13,-6039,24669,9755,23627,9040,-1656,-263,3643,2,3
276,24691,20427,-1349,-6840,-1922,-6088,-1423,24691,-15406,6773,-3150,611,-2275,-11226,24712,-20601,10701,746,1572,5529,-23681,24712,3977,-29850,8264,607,728,-4878,24691,10755,23468,8856,-720,698,3134,2,3
277,24713,20427,-1293,-6840,-1922,-6088,-1423,24713,-15406,6773,-3098,744,-2275,-11154,24734,-20601,10701,746,1572,5529,-23367,24734,3977,-29850,8264,607,728,-4878,24713,10755,23468,8856,-720,790,3134,2,3
278,24735,19427,-1293,-7040,-1922,-6088,-1634,24735,-16033,5943,-3098,744,-2275,-11154,24756,-20601,9701,-188,1572,5529,-23367,24756,3977,-29850,8264,607,728,-4878,24735,10755,23468,8780,-720,790,2849,2,3
279,24757,18427,-1183,-7040,-1442,-4945,-1915,24757,-16695,5180,-2896,856,-2212,-10584,24778,-19601,8701,-889,2656,5125,-21367,24778,4977,-29817,8262,1184,947,-4109,24757,11755,23423,8723,-1436,1638,2796,2,3
280,24779,18427,-889,-6858,-1417,-4843,-1915,24779,-16695,5180,-2822,856,-2121,-10420,24800,-19601,8701,-889,2707,5125,-21367,24800,4977,-29817,8262,1442,947,-4109,24779,11755,23423,8723,-1436,1638,2796,2,3
281,24801,17427,-889,-6858,-1417,-4843,-2223,24801,-17212,4527,-2822,768,-2121,-10420,24822,-19601,7701,-1092,2707,5125,-21367,24822,4977,-29938,8262,1442,696,-4109,24801,11755,23423,8723,-2087,1638,2763,2,3
282,24823,16427,-558,-6649,-983,-3909,-2454,24823,-17660,3963,-2547,139,-1975,-9652,24844,-18601,6701,-1237,3296,4549,-19367,24844,5977,-29938,8720,2171,314,-3478,24823,12755,23279,9222,-2683,1684,2731,2,3
283,24845,16427,-558,-6649,-665,-3909,-2454,24845,-17660,3963,-2534,139,-1688,-9461,24866,-18601,6701,-1237,3296,4549,-19367,24866,5977,-29883,8810,2171,314,-3465,24845,12755,23279,9248,-2683,1684,2731,2,3
284,24867,15427,-558,-6714,-665,-3909,-2454,24867,-17936,3500,-2534,-365,-1688,-9461,24888,-18601,5701,-1271,3280,3862,-19367,24888,5977,-29883,8862,2171,63,-3465,24867,12755,23033,9248,-3008,1372,2636,2,3
285,24889,14427,-466,-6867,-352,-3563,-2435,24889,-18101,3068,-2308,-757,-1305,-8148,24910,-17601,4701,-1297,2697,3347,-17367,24910,6977,-29883,8877,2275,-124,-2661,24889,13755,22848,9808,-3049,1101,2224,2,3
286,24911,14427,-466,-6867,-352,-3563,-2203,24911,-18101,3068,-2291,-757,-1305,-7896,24932,-17601,4701,-1297,2697,3347,-17367,24932,6977,-29722,9312,2275,-124,-2619,24911,13755,22848,9808,-3049,1101,2224,2,3
287,24933,13427,-466,-6982,-352,-3563,-2203,24933,-18101,2744,-2291,-979,-1305,-7896,24954,-17601,3701,-1316,2257,3121,-17367,24954,6977,-29722,9312,2140,-155,-2619,24933,13755,22828,9808,-3049,935,1886,2,3
288,24955,12427,-393,-7266,-203,-4163,-2015,24955,-18092,2497,-2096,-1063,-1028,-6238,24976,-16601,2701,-1497,1651,2952,-15367,24976,7977,-29637,9522,1902,-178,-1864,24955,14755,22813,10228,-2807,773,1598,2,3
289,24977,12427,-337,-7266,-203,-4163,-1989,24977,-18037,2497,-2078,-1063,-1028,-6013,24998,-16601,2701,-1497,1651,2952,-15367,24998,7977,-29637,9544,1902,-178,-1856,24977,14755,22813,10424,-2476,773,1598,2,3
290,24999,12427,-337,-7479,-203,-4613,-1989,24999,-18037,2312,-2078,-1063,-1028,-6013,25020,-17601,1701,-1668,1196,2825,-15367,25020,7977,-29637,9544,1715,-206,-1856,24999,14755,22801,10424,-2476,355,1275,2,3
291,25021,13427,-234,-7639,-301,-4613,-1828,25021,-17595,2107,-1890,-1035,-750,-4208,25042,-18601,701,-1797,923,2486,-13367,25042,8977,-29675,9718,1565,-500,-1283,25021,15755,22712,10636,-1951,-56,991,2,3
292,25043,13427,-220,-7639,-301,-4517,-1701,25043,-17584,2107,-1890,-1035,-742,-4169,25064,-18601,701,-1797,923,2486,-13367,25064,8977,-29675,9718,1565,-500,-1283,25043,15755,22712,10636,-1899,-56,991,2,3
293,25065,13427,-220,-7761,-378,-4517,-1701,25065,-17584,1939,-1890,-1035,-742,-4169,25086,-19601,-206,-1891,854,2131,-13367,25086,8977,-29675,9718,1371,-859,-1283,25065,15755,22582,10636,-1899,-364,749,2,3
294,25087,14427,-20,-7950,-437,-4078,-1339,25087,-17169,1813,-1756,-1022,-573,-2799,25108,-20601,-900,-1930,803,1789,-11367,25108,9977,-29488,10000,1144,-1254,-854,25087,16755,22540,10795,-1516,-585,597,2,3
295,25109,14427,27,-7950,-437,-4000,-1339,25109,-17081,1813,-1756,-1022,-573,-2799,25130,-20601,-900,-1930,803,1789,-11367,25130,9977,-29406,10000,1144,-1254,-854,25109,16755,22540,10795,-1516,-585,597,2,3
296,25131,14427,27,-8096,-495,-4000,-1339,25131,-17081,1801,-1756,-1022,-573,-2799,25152,-21601,-1394,-1930,764,1496,-11367,25152,9977,-29406,10000,971,-1577,-854,25131,16755,22509,10795,-1516,-750,511,2,3
297,25153,15427,226,-8658,-555,-3391,-1116,25153,-16656,1801,-1681,-1005,-475,-1918,25174,-21601,-1765,-1959,623,1012,-9367,25174,10825,-29394,10366,584,-1819,-487,25153,17632,22485,10980,-1228,-918,511,2,3
298,25175,15427,242,-8658,-555,-3391,-1116,25175,-16656,1822,-1681,-996,-467,-1918,25196,-20601,-1765,-1959,623,1012,-9367,25196,10963,-29394,10366,584,-1819,-393,25175,17632,22481,10980,-1036,-918,513,2,3
299,25197,14427,242,-9109,-615,-3391,-1116,25197,-16656,1822,-1681,-996,-467,-1918,25218,-20601,-1955,-1989,102,481,-9367,25218,10963,-29394,10366,31,-1819,-393,25197,17632,22481,10980,-1036,-1021,513,2,3
300,25219,13427,465,-9543,-774,-2971,-954,25219,-16724,1923,-1665,-879,-266,-1278,25240,-19601,-1955,-2049,-572,15,-7367,25240,11676,-29437,10414,-686,-1653,175,25219,18400,22478,11119,-483,-1021,421,2,3
301,25241,13427,465,-9543,-774,-2971,-954,25241,-16724,1980,-1665,-786,-266,-1278,25262,-19601,-1912,-2049,-572,15,-7367,25262,11676,-29437,10414,-686,-1299,303,25241,18400,22478,11119,-417,-991,421,2,3
302,25263,12427,465,-9773,-893,-2971,-954,25263,-16847,1980,-1668,-786,-266,-1278,25284,-19601,-1912,-2064,-1243,-729,-7367,25284,11676,-29497,10386,-1353,-1299,303,25263,18400,22478,11119,-417,-991,299,2,3
303,25285,11427,595,-9949,-983,-3231,-829,25285,-17105,2153,-1699,-460,-89,-626,25306,-18601,-1918,-2064,-1907,-1404,-5367,25306,12079,-29644,10365,-2433,-702,1067,25285,18990,22532,11043,184,-896,31,2,3
304,25307,11427,595,-9949,-983,-3231,-827,25307,-17105,2153,-1699,-347,-72,-463,25328,-18601,-1918,-2008,-1907,-1404,-5367,25328,12079,-29644,10365,-2433,-637,1067,25307,18990,22608,11043,469,-896,31,2,3
305,25329,10427,595,-10081,-985,-3231,-827,25329,-17377,2153,-1774,-347,-72,-463,25350,-18601,-1984,-2008,-2475,-2063,-5367,25350,12079,-29903,10195,-3518,-637,1067,25329,18990,22608,10914,469,-896,-283,2,3
306,25351,9427,394,-11081,-985,-2952,-490,25351,-17658,2163,-1958,198,153,503,25372,-17601,-1984,-1460,-2901,-2903,-3367,25372,12197,-30097,9864,-4521,-186,1454,25351,19408,22764,10653,1186,-894,-526,2,3
307,25373,9427,394,-11081,-718,-2695,-86,25373,-17658,2163,-1958,311,187,749,25394,-17601,-1972,-1460,-2901,-2903,-3367,25394,12197,-30097,9864,-4521,-186,1454,25373,19408,22782,10653,1186,-894,-526,2,3
308,25395,8427,299,-12081,-718,-2695,-86,25395,-17953,2163,-2096,311,187,749,25416,-17601,-1972,-1460,-2901,-3176,-3367,25416,12197,-30242,9362,-5273,-186,1454,25395,19408,22782,10347,1186,-894,-706,2,3
309,25417,7427,82,-12870,-294,-1295,569,25417,-18174,2170,-2173,1032,634,2255,25438,-16601,-1042,-1241,-2878,-3329,-1367,25438,12288,-30305,8527,-5552,289,1745,25417,19744,22934,9846,1505,-893,-905,2,3
310,25439,7427,82,-12870,-231,-934,609,25439,-18174,2335,-2173,1032,677,2540,25460,-16601,-972,-1241,-2794,-3329,-1367,25460,12348,-30305,8527,-5552,302,1758,25439,19744,23002,9846,1505,-893,-905,2,3
311,25461,6427,-192,-13246,-231,-934,609,25461,-18239,2335,-2179,1032,677,2540,25482,-16601,-972,-1241,-2794,-3444,-1367,25482,12348,-30305,7849,-5552,302,1758,25461,19744,23002,9474,1505,-893,-1058,2,3
312,25483,5427,-635,-13484,311,795,1000,25483,-18239,3132,-2184,1490,1299,4540,25504,-15601,28,-978,-3043,-3705,633,25504,12525,-30382,7122,-5266,722,2372,25483,20038,22883,9191,1389,-865,-1571,2,3
313,25505,5427,-635,-13484,311,920,1000,25505,-18217,3335,-2184,1490,1299,4540,25526,-15601,28,-836,-3043,-3705,633,25526,12525,-30382,7122,-4965,787,2536,25505,20068,22883,9191,1389,-402,-1571,2,3
314,25527,4427,-978,-13484,311,920,1000,25527,-18217,3335,-2191,1490,1299,4540,25548,-15601,28,-836,-3275,-4072,633,25548,12525,-30440,6713,-4965,787,2536,25527,20068,22794,8993,1200,-402,-2133,2,3
315,25549,3427,-1453,-12825,-136,2275,692,25549,-17962,4335,-2228,1478,1707,6503,25570,-14601,1028,-145,-3452,-4468,2633,25570,12236,-30484,6420,-3994,1235,3481,25549,20311,22794,8844,1045,380,-2972,2,3
316,25571,3427,-1453,-12484,-136,2275,692,25571,-17730,4335,-2228,1478,1707,6540,25592,-14601,1028,97,-3452,-4468,2633,25592,12236,-30484,6420,-3932,1235,3639,25571,20311,22917,8844,1045,449,-2972,2,3
317,25593,2427,-1809,-12484,-584,2275,262,25593,-17730,4335,-2287,1382,1707,6540,25614,-15601,1028,97,-3479,-4645,2633,25614,11879,-30643,6420,-3932,1235,3639,25593,20311,22917,8844,964,449,-3905,2,3
318,25615,1427,-1838,-11484,-920,3692,-380,25615,-17065,5318,-2394,1106,2013,8176,25636,-16601,2028,1097,-3499,-4897,4633,25636,11267,-30942,6895,-3064,1385,4878,25615,19861,23271,8851,964,1019,-4813,2,3
319,25637,1427,-1838,-11484,-920,4275,-380,25637,-16946,5335,-2394,1106,2160,8176,25658,-16601,2028,1097,-3499,-4897,4633,25658,11267,-30942,6895,-3035,1385,4925,25637,19861,23289,9269,984,1019,-4813,2,3
320,25659,427,-1838,-11484,-1011,4275,-862,25659,-16946,5335,-2545,826,2160,8176,25680,-17601,2028,1097,-3499,-5086,4633,25680,10808,-31168,6895,-3035,1385,4925,25659,19499,23289,9269,984,1019,-5646,2,3
321,25681,-573,-1562,-10484,-1011,6068,-862,25681,-16185,6225,-2807,357,2920,9237,25702,-18601,3028,2097,-3172,-5460,6633,25702,10348,-31336,6993,-2155,1747,6202,25681,19214,23738,9587,1680,1248,-6676,2,3
322,25703,-573,-1562,-10484,-834,6275,-836,25703,-16153,6335,-2807,357,2984,9237,25724,-18601,3028,2097,-3172,-5460,6633,25724,10348,-31336,6993,-2133,1747,6416,25703,19214,23738,9587,1706,1248,-6676,2,3
323,25725,-573,-1562,-10484,-834,6275,-836,25725,-16153,6335,-3004,-121,2984,9237,25746,-19601,3028,2097,-3172,-5648,6633,25746,9943,-31404,6993,-2133,1747,6416,25725,18986,23738,9587,1706,1248,-7778,2,3
324,25747,427,-1655,-9484,-267,8275,-500,25747,-15227,7335,-3099,-859,3587,9887,25768,-20601,4028,3097,-2751,-5648,8633,25768,9287,-31455,6808,-1457,1029,8055,25747,18633,24511,9488,2570,814,-9105,2,3
325,25769,427,-1655,-9484,15,8275,-500,25769,-15153,7335,-3099,-859,3587,9887,25790,-20601,4028,3097,-1990,-4898,8633,25790,9287,-31455,6808,-1433,1029,8301,25769,18633,24511,9488,2711,814,-9105,2,3
326,25791,427,-1745,-9484,15,8275,-500,25791,-15153,7335,-3125,-1662,3587,9887,25812,-20634,4028,3097,-1990,-4898,8633,25812,8761,-31617,6670,-1433,130,8301,25791,18270,24511,9078,2711,437,-10268,2,3
327,25813,1427,-1876,-8484,830,10275,-238,25813,-14153,8335,-3145,-2432,4039,10091,25834,-20657,5028,4097,-787,-4327,10633,25834,7799,-31738,6670,-965,-544,10237,25813,17418,25257,8770,3570,154,-11674,2,3
328,25835,1427,-1876,-8484,830,10275,-222,25835,-14153,8335,-3145,-2432,4125,10091,25856,-20657,5028,4097,-649,-4299,10633,25856,7799,-31738,6878,-965,-544,10301,25835,17418,25495,8770,3583,154,-11674,2,3
329,25857,1427,-1975,-8484,830,10275,-222,25857,-14153,8335,-3231,-3010,4125,10091,25878,-20657,5028,4097,-649,-4299,10633,25878,6799,-31829,6878,-965,-1030,10301,25857,16647,25495,8539,3583,-1,-12925,2,3
330,25879,2427,-2095,-7484,1049,12275,-157,25879,-13153,9057,-3295,-3457,4609,10255,25900,-19657,6028,4130,879,-2299,12633,25900,5799,-31895,7034,-867,-1030,11972,25879,16019,26075,8326,4197,-117,-14274,2,3
331,25901,2427,-2095,-7484,1049,12275,-157,25901,-13153,9057,-3295,-3457,4609,10383,25922,-19657,6028,4130,879,-2299,12633,25922,5799,-31895,7141,-867,-1030,11972,25901,16019,26369,8326,4197,-117,-14274,2,3
332,25923,2427,-2153,-7484,1049,12275,-196,25923,-13153,9057,-3295,-3798,4235,10383,25944,-19657,6028,3809,879,-2299,12633,25944,4799,-31935,7221,-867,-1249,11972,25923,15019,26369,8010,4197,-117,-15286,2,3
333,25945,3427,-2198,-6484,632,13324,-407,25945,-12153,9453,-3178,-4339,3157,10528,25966,-18657,7028,3524,1627,-1479,14633,25966,3799,-31935,7221,-723,-1413,12976,25945,14019,26804,7659,4490,-20,-15948,2,3
334,25967,3427,-2198,-6484,632,13324,-407,25967,-12153,9453,-3021,-4339,3157,10528,25988,-18657,7028,3524,1627,-1479,14633,25988,3799,-31815,7441,-723,-1413,12976,25967,14019,26918,7659,4490,-1,-15948,2,3
335,25989,3427,-2230,-6484,-101,13324,-631,25989,-12153,9453,-3021,-4745,2348,10528,26010,-18657,7028,3479,1627,-1479,14633,26010,2799,-31815,7441,-723,-1536,12976,25989,13019,26918,7396,4490,-1,-16165,2,3
336,26011,4427,-2230,-5484,-651,13893,-799,26011,-11153,9750,-2663,-4832,1885,10353,26032,-17657,8028,3445,904,-1469,15041,26032,1799,-31725,7492,-670,-1573,12927,26011,12019,27330,6977,4405,173,-16165,2,3
337,26033,4427,-2228,-5484,-651,13893,-799,26033,-11153,9820,-2663,-4832,1885,10353,26054,-17657,8028,3445,904,-1136,15041,26054,1799,-31725,7492,-670,-1573,12927,26033,12019,27330,6977,4405,192,-16085,2,3
338,26055,4427,-2228,-5484,-974,13893,-799,26055,-11153,9820,-2663,-4832,1538,10071,26076,-17657,8028,3419,293,-1136,14726,26076,799,-31775,7492,-670,-1573,12342,26055,11019,27330,6662,4288,192,-16085,2,3
339,26077,5427,-2069,-4484,-1217,13511,-781,26077,-10153,10367,-2458,-4171,653,9525,26098,-16657,9028,2792,-165,-878,14010,26098,-201,-31865,7073,-605,-373,10909,26077,10019,27763,6006,4182,337,-15487,2,3
340,26099,5427,-1821,-4484,-1217,13511,-781,26099,-10153,10598,-2458,-3679,653,9525,26120,-16657,9028,2792,-165,-878,14010,26120,-201,-31865,7073,-510,-373,10909,26099,10019,27763,6006,4182,389,-15309,2,3
341,26121,5427,-1821,-4484,-1399,13004,-781,26121,-10153,10598,-2458,-3679,-688,8911,26142,-16657,9028,2322,-454,-878,12998,26142,-1176,-31880,6842,-510,-373,9476,26121,9019,27763,5422,3710,389,-15309,2,3
342,26143,4427,-1707,-3484,-1806,11995,-768,26143,-9153,11435,-1942,-2758,-1896,8016,26164,-15657,10028,2031,-454,-1412,10998,26164,-2121,-31880,6669,-378,-535,8215,26143,8019,28460,5076,2899,-405,-13915,2,3
343,26165,4427,-1707,-3484,-1806,11995,-749,26165,-9153,11598,-1857,-2727,-1896,8016,26186,-15657,10028,2031,-204,-1412,10998,26186,-2121,-30880,6669,-268,-535,8215,26165,8019,28763,5076,2899,-405,-13628,2,3
344,26187,3427,-1707,-3484,-2056,10964,-727,26187,-9153,11598,-1857,-2727,-2533,7155,26208,-15657,10028,2031,-204,-1673,9139,26208,-2862,-30880,6669,-268,-686,7092,26187,7019,28763,5076,2282,-1000,-13628,2,3
345,26209,2427,-1622,-2484,-2237,9771,-727,26209,-8153,12575,-1572,-1798,-2725,6093,26230,-14657,11028,2807,141,-1673,7389,26230,-3422,-31220,6883,-225,-800,5927,26209,6019,29532,5079,1725,-1410,-11783,2,3
346,26231,2427,-1494,-2484,-2237,9771,-718,26231,-8153,12577,-1572,-1798,-2725,6093,26252,-14657,11028,2807,141,-882,7389,26252,-3422,-31220,6883,-225,-800,5927,26231,6019,29532,5081,1725,-1410,-11628,2,3
347,26253,2427,-1494,-2484,-2237,8674,-711,26253,-8153,12577,-1572,-1798,-2725,5111,26274,-14657,11028,2807,141,-882,6050,26274,-3740,-31475,6883,-225,-800,4960,26253,5092,29532,5082,1233,-1410,-11628,2,3
348,26275,3427,-1338,-1484,-2233,7579,-711,26275,-7153,13326,-1506,-1281,-2186,4054,26296,-13772,12028,2937,-209,-166,4902,26296,-3960,-31724,6872,-193,-430,4216,26275,4397,30047,4817,819,-1170,-9628,2,3
349,26297,3427,-1338,-1484,-2210,7579,-711,26297,-7153,13326,-1506,-1281,-1819,4054,26318,-13772,12028,2937,-209,69,4902,26318,-3960,-31724,6872,-75,-205,4216,26297,4397,30047,4817,819,-1141,-9628,2,3
350,26319,3427,-1338,-1484,-2210,6675,-727,26319,-7153,13326,-1506,-1281,-1819,3188,26340,-13772,12028,2937,-471,69,3969,26340,-4125,-31911,6846,-75,-205,3831,26319,3901,30047,4618,396,-1141,-9628,2,3
351,26341,4427,-1379,-484,-2220,5816,-743,26341,-6153,13936,-1451,-991,-950,2488,26362,-12955,13028,3036,-539,654,2900,26362,-4357,-32039,6844,36,415,3685,26341,3419,30413,4618,26,-778,-7788,2,3
352,26363,4427,-1379,-484,-2220,5816,-743,26363,-6153,13988,-1451,-991,-950,2488,26384,-12905,13028,3338,-539,654,2900,26384,-4357,-32039,6844,36,415,3685,26363,3419,30457,4625,26,-629,-7628,2,3
353,26385,4427,-1410,-484,-2228,5031,-786,26385,-6153,13988,-1451,-991,-950,2011,26406,-12905,13028,3338,-578,654,2084,26406,-4601,-32065,6844,36,415,3575,26385,3106,30457,4625,-261,-629,-7628,2,3
354,26407,5427,-1433,516,-2249,4225,-916,26407,-5247,14476,-1454,-783,-814,1653,26428,-12214,14028,3639,-578,437,1299,26428,-4952,-32084,6931,6,669,3288,26407,2871,30764,4666,-519,-120,-5997,2,3
355,26429,5427,-1433,516,-2249,4225,-916,26429,-5247,14476,-1454,-780,-814,1653,26450,-12214,14028,3639,-452,437,1299,26450,-4952,-32084,7015,6,669,3288,26429,2871,30796,4666,-519,-29,-5964,2,3
356,26451,5427,-1450,516,-2284,3389,-1021,26451,-5247,14476,-1454,-780,-814,1384,26472,-12214,14028,3639,-452,-40,465,26472,-5335,-32149,7015,-39,669,2910,26451,2647,30796,4666,-712,-29,-5964,2,3
357,26473,6427,-1639,1516,-2373,2714,-1203,26473,-4637,14823,-1397,-643,-618,1047,26494,-11902,15028,4033,-129,-526,-197,26494,-5623,-32231,7203,-235,390,2497,26473,2451,31161,4697,-839,515,-4571,2,3
358,26495,6427,-1639,1516,-2373,2714,-1203,26495,-4637,14823,-1397,-643,-467,1047,26516,-11902,15028,4219,0,-526,-197,26516,-5623,-32231,7203,-235,390,2497,26495,2451,31161,4719,-839,836,-4506,2,3
359,26517,6427,-1781,1516,-2439,2239,-1340,26517,-4637,14823,-1397,-643,-467,729,26538,-11902,15028,4219,0,-891,-850,26538,-5799,-32293,7203,-382,224,2010,26517,2256,31161,4719,-839,836,-4506,2,3
360,26539,7427,-1901,2516,-2511,1890,-1452,26539,-4342,15082,-1433,-462,-39,383,26560,-12036,16028,4654,228,-1396,-1415,26560,-5931,-32293,7252,-573,100,1645,26539,2012,31330,4913,-536,1017,-3246,2,3
361,26561,7427,-1901,2516,-2511,1890,-1452,26561,-4342,15084,-1433,-462,33,383,26582,-12036,16028,4714,399,-1396,-1415,26582,-5931,-32283,7252,-573,100,1645,26561,2012,31330,4949,-356,1017,-3094,2,3
362,26583,7427,-1901,2516,-2511,1629,-1452,26583,-4342,15084,-1460,-462,33,124,26604,-12367,16028,4714,399,-1775,-1714,26604,-6090,-32283,7252,-573,100,1342,26583,1495,31330,4949,-356,1017,-3094,2,3
363,26605,8427,-1915,3516,-2464,1469,-1427,26605,-4191,15283,-1468,-325,438,-42,26626,-12671,17028,5093,-32,-1775,-1714,26626,-6319,-32174,7047,-572,278,1115,26605,1107,31419,5085,122,1153,-1779,2,3
364,26627,8427,-1915,3516,-2410,1469,-1373,26627,-4191,15283,-1468,-325,438,-42,26648,-12671,17028,5093,-32,-945,-1545,26648,-6319,-32174,7047,-572,278,1115,26627,1107,31419,5085,122,2177,-1704,2,3
365,26649,8427,-1938,3516,-2410,1385,-1373,26649,-4191,15283,-1468,-325,438,-97,26670,-12671,17028,5093,-379,-945,-1545,26670,-6467,-32174,6893,-572,278,893,26649,1107,31419,5009,122,2177,-1704,2,3
366,26671,9427,-1955,4516,-2294,1322,-1223,26671,-4110,15401,-1391,-193,707,-138,26692,-12565,18028,5377,-763,35,-1171,26692,-6492,-32132,6695,-473,270,631,26671,1678,31524,4864,-21,1906,-840,2,3
367,26693,9427,-1955,4516,-2272,1322,-1223,26693,-4110,15401,-1379,-192,707,-138,26714,-11991,18028,5377,-763,35,-1129,26714,-6492,-32132,6695,-465,270,631,26693,1838,31524,4864,-21,1906,-840,2,3
368,26715,9427,-2132,4516,-2272,1233,-1223,26715,-4110,15401,-1379,-192,707,-169,26736,-11991,18028,5377,-763,35,-1129,26736,-6520,-32139,6635,-465,195,435,26715,1838,31524,4756,-128,1662,-840,2,3
369,26737,10427,-2273,5516,-2168,1036,-1154,26737,-3974,15490,-1258,-66,909,-248,26758,-11495,19028,5576,-657,262,-776,26758,-6541,-32144,6590,-360,84,288,26737,2264,31603,4713,-239,1148,-568,2,3
370,26759,10427,-2273,5516,-2168,1036,-1154,26759,-3902,15527,-1258,-46,927,-248,26780,-11495,19028,5576,-462,262,-771,26780,-6541,-32144,6590,-360,84,288,26759,2264,31719,4713,-239,1148,-568,2,3
371,26781,10427,-2358,5516,-2168,888,-1154,26781,-3902,15527,-1258,-46,927,-308,26802,-11529,19028,5576,-462,232,-771,26802,-6783,-32144,6574,-360,-24,178,26781,2264,31719,4694,-485,763,-568,2,3
372,26803,11427,-2396,6516,-2077,790,-1114,26803,-3793,15618,-1225,56,1191,-340,26824,-11672,20028,5726,-140,94,-487,26824,-6965,-32110,6574,-313,-306,38,26803,2410,31771,4694,-675,473,-533,2,3
373,26825,11427,-2396,6516,-2051,790,-1114,26825,-3793,15618,-1225,56,1191,-340,26846,-11672,20028,5804,-140,94,-487,26846,-6965,-32110,6658,-313,-306,38,26825,2410,31771,4756,-675,473,-533,2,3
374,26847,11427,-2396,6516,-2051,756,-1114,26847,-3793,15618,-1240,56,1191,-340,26868,-11864,20028,5804,-140,94,-487,26868,-6965,-32110,6658,-371,-517,-103,26847,2371,31771,4756,-818,425,-533,2,3
375,26869,12427,-2305,7516,-1829,735,-1083,26869,-3740,15652,-1259,-13,1160,-307,26890,-12012,21028,6029,-222,232,-253,26890,-6743,-32092,6730,-415,-517,-408,26869,2112,31812,5015,-901,425,-488,2,3
376,26891,12427,-2191,7516,-1763,735,-1083,26891,-3740,15652,-1259,-13,1160,-290,26912,-12012,21028,6079,-222,871,-130,26912,-6743,-32092,6773,-415,-505,-408,26891,2112,31812,5015,-901,425,-373,2,3
377,26913,12427,-2191,7516,-1763,735,-1083,26913,-3740,15652,-1265,-18,1134,-290,26934,-12012,21028,6079,-428,871,-130,26934,-6743,-32092,6773,-436,-505,-637,26913,1998,31812,5015,-901,389,-373,2,3
378,26935,13427,-2065,8516,-1259,786,-890,26935,-3635,15699,-1265,-18,1097,-267,26956,-11927,22028,6285,-600,1482,145,26956,-6481,-32111,6745,-452,-699,-786,26935,1912,31939,5007,-847,257,-216,2,3
379,26957,13427,-2065,8516,-1123,831,-876,26957,-3620,15706,-1244,30,1097,-267,26978,-11927,22028,6285,-600,1482,145,26978,-6481,-32111,6745,-452,-699,-786,26957,1912,31939,5007,-757,257,-175,2,3
380,26979,13427,-2065,8516,-1123,831,-876,26979,-3620,15706,-1244,30,1097,-272,27000,-11927,22028,6213,-763,1482,145,27000,-6481,-32111,6724,-452,-1160,-786,26979,1912,31939,5007,-757,130,-175,2,3
381,27001,14427,-2114,9441,-643,1019,-699,27001,-3541,15812,-1204,66,1102,-287,27022,-11689,23028,6159,-885,1852,52,27022,-6284,-32173,6711,-422,-1505,-671,27001,1848,31938,5047,-553,-360,75,2,3
382,27023,14427,-2114,9441,-643,1019,-693,27023,-3523,15812,-1189,99,1102,-287,27044,-11689,23028,6159,-885,1852,52,27044,-6284,-32173,6711,-414,-1505,-671,27023,1848,31938,5055,-497,-360,114,2,3
383,27045,14427,-2151,9441,-643,1019,-693,27045,-3523,15812,-1189,99,1088,-287,27066,-11689,23028,6077,-885,1852,-73,27066,-6284,-32173,6701,-414,-1505,-671,27045,1848,31899,5055,-497,-808,114,2,3
384,27067,15427,-2179,10096,-335,1097,-576,27067,-3468,15859,-1147,173,1062,-283,27088,-11374,24028,6071,-611,1865,-329,27088,-6186,-32145,6569,-379,-1359,-543,27067,1968,31899,5085,-265,-1145,459,2,3
385,27089,15427,-2179,10096,-335,1097,-576,27089,-3468,15859,-1135,173,1062,-256,27110,-11374,24028,6071,-560,1865,-329,27110,-6084,-32101,6569,-379,-1271,-531,27089,1980,31944,5083,-265,-1145,571,2,3
386,27111,15427,-2216,10096,-335,1097,-576,27111,-3468,15859,-1135,173,1033,-256,27132,-11374,24028,6067,-560,1865,-436,27132,-6084,-32101,6392,-388,-1271,-531,27111,1980,31944,5069,-265,-1291,571,2,3
387,27133,16427,-2244,10666,-290,1181,-551,27133,-3425,15894,-1103,217,848,-223,27154,-11106,25028,6064,-584,2011,-436,27154,-5836,-31101,6260,-429,-733,-348,27133,2345,31898,5063,-223,-1392,679,2,3
388,27155,16427,-2244,10666,-290,1181,-551,27155,-3423,15929,-1094,217,848,-210,27176,-11106,25028,6064,-584,2014,-361,27176,-5836,-31101,6260,-429,-733,-348,27155,2345,31898,5063,-223,-1392,679,2,3
389,27177,16427,-2244,10666,-290,1181,-551,27177,-3423,15929,-1094,217,709,-210,27198,-11106,25028,6064,-584,2014,-361,27198,-5836,-31161,6260,-447,-733,-348,27177,2345,31863,5063,-223,-1392,542,2,3
390,27199,17427,-2201,11069,-295,1180,-494,27199,-3366,15990,-1048,152,703,-219,27220,-10979,26028,6170,-631,2293,-151,27220,-6010,-31290,6669,-447,-662,-162,27199,2484,31841,5093,-248,-1196,379,2,3
391,27221,17427,-2201,11069,-295,1180,-494,27221,-3357,15990,-1048,152,703,-219,27242,-10979,26028,6170,-631,2293,-141,27242,-6010,-31290,6701,-430,-662,-162,27221,2484,31841,5093,-248,-1196,379,2,3
392,27243,17427,-2222,11069,-298,1077,-494,27243,-3357,15970,-1048,78,703,-267,27264,-10979,26028,6170,-631,2293,-141,27264,-6141,-31381,6701,-430,-662,-162,27243,2484,31841,5093,-266,-1196,224,2,3
393,27265,18427,-2238,11439,-327,947,-448,27265,-3325,15905,-1078,22,728,-303,27286,-10896,27028,6195,-423,2181,-158,27286,-6293,-31523,6911,-275,-527,146,27265,2573,31832,5103,-280,-1014,45,2,3
394,27287,18427,-2238,11443,-327,947,-448,27287,-3325,15905,-1078,22,728,-303,27308,-10896,27028,6195,-241,2181,-158,27308,-6293,-31523,6911,-206,-527,219,27287,2573,31832,5103,-280,-1014,45,2,3
395,27309,18427,-2238,11443,-408,812,-448,27309,-3360,15866,-1109,22,709,-303,27330,-10896,27028,6195,-241,1859,-171,27330,-6403,-31664,6911,-206,-527,219,27309,2555,31832,5103,-283,-1014,-89,2,3
396,27331,19427,-2186,11792,-495,610,-408,27331,-3414,15859,-1123,38,579,-213,27352,-10888,27781,6214,91,1426,-257,27352,-6524,-31816,6851,62,-424,386,27331,2555,31900,5101,-283,-877,-189,2,3
397,27353,19427,-2152,11808,-495,610,-408,27353,-3414,15859,-1123,43,579,-171,27374,-10888,27781,6214,124,1426,-257,27374,-6524,-31816,6851,147,-424,386,27353,2626,31900,5101,-278,-869,-189,2,3
398,27375,19427,-2152,11808,-596,458,-408,27375,-3429,15859,-1123,43,420,-171,27396,-10888,27781,6090,124,1101,-257,27396,-6524,-31918,6851,147,-424,386,27375,2626,31900,5101,-278,-869,-312,2,3
399,27397,20427,-2088,12100,-711,329,-464,27397,-3429,15871,-1123,147,301,-61,27418,-11074,28345,6090,299,873,-236,27418,-6614,-31984,6874,412,-347,468,27397,2557,31923,5153,-270,-760,-480,2,3
400,27419,20427,-2070,12106,-711,329,-464,27419,-3415,15874,-1123,160,301,-61,27440,-11074,28345,6090,424,873,-212,27440,-6614,-31984,6880,412,-347,468,27419,2541,31940,5153,-262,-688,-480,2,3
401,27441,20427,-2070,12106,-799,272,-513,27441,-3415,15874,-1127,160,262,-61,27462,-11077,28345,5997,443,802,-212,27462,-6632,-32032,6880,412,-347,468,27441,2509,31940,5153,-262,-688,-608,2,3
402,27463,21427,-1974,12343,-865,255,-549,27463,-3376,15874,-1145,248,240,-17,27484,-11279,28872,5927,480,710,-153,27484,-6715,-32068,6906,407,-319,486,27463,2395,31940,5192,-279,-569,-702,2,3
403,27485,21427,-1974,12343,-865,255,-549,27485,-3376,15874,-1145,249,240,-17,27506,-11279,28872,5927,532,710,-153,27506,-6715,-32068,6906,407,-319,486,27485,2395,31953,5196,-279,-552,-702,2,3
404,27507,21427,-1974,12343,-914,255,-579,27507,-3432,15853,-1219,249,228,-17,27528,-11279,28872,5927,532,592,-153,27528,-6715,-32095,6906,374,-319,363,27507,2280,31953,5196,-292,-552,-702,2,3
405,27529,22427,-1902,12573,-988,259,-703,27529,-3474,15838,-1282,295,219,-5,27550,-11401,29272,5967,535,323,-265,27550,-6708,-32147,6925,294,-142,257,27529,2108,31924,5229,-302,-413,-640,2,3
406,27551,22427,-1902,12577,-988,259,-703,27551,-3474,15838,-1282,316,219,-5,27572,-11401,29296,5967,535,323,-265,27572,-6708,-32147,6925,294,-136,257,27551,2108,31924,5229,-302,-412,-561,2,3
407,27573,22427,-1902,12577,-1044,259,-796,27573,-3501,15838,-1316,316,183,-5,27594,-11492,29296,5967,535,118,-399,27594,-6708,-32222,6925,234,-136,138,27573,2025,31924,5229,-329,-412,-561,2,3
408,27595,23427,-1852,12752,-1083,274,-901,27595,-3501,15851,-1320,342,156,-12,27616,-11492,29452,5997,537,-32,-449,27616,-6682,-32246,6983,142,36,6,27595,1962,31903,5253,-349,-307,-380,2,3
409,27617,23427,-1852,12752,-1083,280,-901,27617,-3494,15862,-1320,342,156,-12,27638,-11492,29614,5997,537,-32,-449,27638,-6682,-32246,6983,142,36,6,27617,1962,31903,5253,-349,-307,-361,2,3
410,27639,23427,-1852,12752,-1111,280,-979,27639,-3494,15862,-1320,342,156,-37,28320,-11365,29614,5997,537,-32,-484,28320,-6682,-32264,6983,18,36,-95,27639,1911,31883,5253,-353,-307,-361,3,3
411,28321,24427,-1815,12830,-1115,284,-1037,28321,-3486,15876,-1316,356,174,-70,28342,-11359,29936,6069,487,-13,-484,28342,-6663,-32264,7019,-74,70,-135,28321,1873,31822,5207,-353,-125,-179,3,3
412,28343,24427,-1815,12830,-1115,284,-1037,28343,-3486,15884,-1316,356,190,-70,28364,-11335,30008,6069,487,240,-454,28364,-6651,-32238,7019,-74,70,-135,28343,1873,31822,5207,-319,-2,-66,3,3
413,28365,24427,-1815,12830,-1118,284,-1037,28365,-3486,15884,-1316,356,190,-70,28386,-11317,30008,6069,461,240,-454,28386,-6651,-32238,7019,-92,70,-135,28365,1873,31776,5171,-319,-2,-66,3,3
414,28387,25427,-1845,12876,-1157,284,-993,28387,-3430,15885,-1268,313,243,17,28408,-11317,30250,6171,442,351,-445,28408,-6628,-32208,7096,-92,40,-82,28387,1912,31690,5144,-244,216,175,3,3
415,28409,25427,-1845,12876,-1157,284,-993,28409,-3428,15885,-1268,313,275,17,28430,-11303,30326,6171,442,351,-438,28430,-6628,-32208,7126,-70,40,-82,28409,1990,31690,5144,-226,216,175,3,3
416,28431,25427,-1845,12876,-1186,281,-993,28431,-3428,15885,-1268,276,275,17,28452,-11303,30326,6171,442,351,-433,28452,-6628,-32208,7126,-70,40,-101,28431,1990,31690,5144,-226,216,175,3,3
417,28453,26427,-1901,12997,-1221,279,-960,28453,-3432,15878,-1249,248,370,11,28474,-11303,30242,6248,478,376,-433,28474,-6602,-32198,7202,-89,26,-202,28453,2206,31697,5162,-152,214,264,3,3
418,28475,26427,-1901,13003,-1221,279,-960,28475,-3432,15878,-1249,248,370,11,28496,-11199,30242,6248,478,376,-403,28496,-6602,-32198,7206,-89,26,-202,28475,2264,31697,5178,-152,214,264,3,3
419,28497,26427,-1901,13003,-1278,272,-960,28497,-3435,15871,-1249,248,370,-1,28518,-11199,30242,6248,478,376,-403,28518,-6602,-32198,7206,-104,26,-294,28497,2280,31697,5178,-152,214,264,3,3
420,28519,27427,-1883,13092,-1364,250,-963,28519,-3435,15867,-1235,260,386,-10,28540,-11265,30061,6302,505,394,-380,28540,-6515,-32190,7262,-148,83,-365,28519,2308,31720,5113,-151,283,314,3,3
421,28541,27427,-1883,13092,-1364,250,-963,28541,-3427,15867,-1235,276,386,-10,28562,-11265,30061,6370,525,394,-380,28562,-6511,-32190,7262,-148,151,-365,28541,2479,31720,5113,-151,283,314,3,3
422,28563,27427,-1883,13092,-1438,250,-1004,28563,-3427,15867,-1235,276,320,-10,28584,-11265,30061,6378,525,394,-380,28584,-6511,-32190,7262,-186,151,-416,28563,2479,31720,5113,-153,217,314,3,3
423,28585,28278,-1874,13159,-1507,225,-1013,28585,-3409,15875,-1229,318,202,-6,28606,-11468,30237,6393,525,441,-399,28606,-6446,-32206,7214,-215,224,-417,28585,2433,31720,5082,-153,217,323,3,3
424,28607,28278,-1874,13187,-1507,225,-1013,28607,-3380,15881,-1225,318,202,-5,28628,-11468,30237,6417,589,441,-399,28628,-6429,-32206,7214,-215,224,-417,28607,2433,31738,5082,-151,285,351,3,3
425,28629,28278,-1874,13187,-1568,183,-1083,28629,-3380,15881,-1225,318,109,-5,28650,-11468,30185,6417,589,441,-421,28650,-6429,-32218,7214,-249,224,-417,28629,2433,31738,5082,-151,285,351,3,3
426,28651,28966,-1867,13258,-1614,106,-1155,28651,-3318,15906,-1216,348,39,11,28672,-11229,30185,6446,658,150,-509,28672,-6383,-32227,7224,-288,203,-356,28651,2490,31753,5085,-145,251,473,3,3
427,28673,28966,-1851,13258,-1614,106,-1155,28673,-3318,15906,-1216,348,39,11,28694,-11229,30248,6446,658,150,-509,28694,-6383,-32227,7224,-288,203,-306,28673,2490,31753,5085,-145,251,473,3,3
428,28695,28966,-1851,13258,-1623,35,-1209,28695,-3318,15906,-1216,348,8,11,28716,-11413,30248,6446,658,-187,-601,28716,-6383,-32234,7224,-336,158,-306,28695,2490,31753,5085,-145,225,473,3,3
429,28717,29470,-1790,13205,-1623,-25,-1237,28717,-3277,15932,-1208,323,-15,61,28738,-11565,30172,6418,752,-320,-665,28738,-6431,-32237,7232,-373,140,-223,28717,2559,31814,5147,-166,79,571,3,3
430,28739,29470,-1790,13205,-1602,-25,-1237,28739,-3277,15932,-1197,323,-15,66,28760,-11565,30172,6418,752,-320,-680,28760,-6431,-32237,7232,-373,140,-223,28739,2611,31814,5147,-166,79,571,3,3
431,28761,29470,-1790,13125,-1602,-42,-1237,28761,-3277,15932,-1197,292,-43,66,28782,-11679,30172,6315,752,-320,-713,28782,-6431,-32239,7228,-412,140,-223,28761,2611,31814,5147,-190,-55,571,3,3
432,28783,29848,-1744,13065,-1474,-55,-1201,28783,-3246,15932,-1162,254,-64,111,28804,-11771,30137,6238,651,-234,-713,28804,-6463,-32247,7197,-430,126,-239,28783,2611,31860,5154,-212,-156,624,3,3
433,28805,29848,-1722,13065,-1437,-55,-1155,28805,-3246,15932,-1161,254,-64,111,28826,-11771,30137,6238,651,-73,-660,28826,-6463,-32247,7178,-430,126,-239,28805,2724,31860,5154,-212,-156,624,3,3
434,28827,29848,-1722,13065,-1437,-65,-1155,28827,-3246,15932,-1161,226,-64,111,28848,-11771,30137,6164,562,-73,-660,28848,-6463,-32253,7151,-446,126,-262,28827,2724,31860,5154,-243,-202,624,3,3
435,28849,30106,-1705,13074,-1205,-72,-1059,28849,-3206,15941,-1127,205,21,65,28870,-11728,30166,6109,313,181,-525,28870,-6487,-32257,7085,-446,84,-299,28849,2809,31871,5147,-282,-236,643,3,3
436,28871,30106,-1705,13074,-1137,-72,-1019,28871,-3201,15941,-1120,205,86,65,28892,-11728,30166,6109,313,443,-458,28892,-6487,-32257,7085,-443,84,-299,28871,2809,31871,5147,-282,-236,643,3,3
437,28893,30106,-1705,13073,-1137,-72,-1019,28893,-3201,15941,-1120,203,86,20,28914,-11728,30166,6109,126,443,-458,28914,-6487,-32262,7047,-443,84,-330,28893,2809,31871,5147,-315,-262,593,3,3
438,28915,30293,-1708,13050,-902,-1,-915,28915,-3200,15945,-1089,203,222,-20,28936,-11668,30204,6151,46,730,-319,28936,-6437,-32268,7033,-431,97,-385,28915,2834,31869,5188,-336,-281,543,3,3
439,28937,30293,-1708,13050,-902,-1,-915,28937,-3200,15945,-1088,207,222,-20,28958,-11580,30204,6153,46,730,-319,28958,-6437,-32268,7033,-426,97,-385,28937,2834,31869,5188,-336,-281,543,3,3
440,28959,30293,-1747,12991,-902,-1,-915,28959,-3207,15945,-1088,207,222,-57,28980,-11580,30204,6153,46,730,-319,28980,-6437,-32268,7030,-426,97,-426,28959,2834,31867,5188,-336,-281,484,3,3
441,28981,30434,-1792,12943,-835,52,-855,28981,-3207,15949,-1061,214,326,-109,29002,-11515,30191,6186,62,821,-290,29002,-6311,-32263,7020,-405,118,-443,28981,2855,31848,5219,-335,-215,459,3,3
442,29003,30440,-1792,12943,-835,82,-855,29003,-3204,15949,-1044,214,326,-109,29024,-11515,30191,6186,68,821,-290,29024,-6311,-32273,7020,-399,118,-443,29003,2889,31848,5233,-334,-156,459,3,3
443,29025,30440,-1826,12909,-835,82,-855,29025,-3204,15949,-1044,214,326,-148,29046,-11515,30181,6186,68,821,-290,29046,-6311,-32266,6963,-399,118,-443,29025,2889,31830,5233,-334,-156,435,3,3
444,29047,30550,-1826,12895,-844,155,-821,29047,-3204,15955,-1011,219,402,-174,29068,-11476,30173,6227,84,809,-286,29068,-6241,-32275,6912,-347,96,-387,29047,2930,31816,5266,-317,-90,417,3,3
445,29069,30550,-1799,12895,-844,155,-819,29069,-3206,15955,-1011,256,402,-174,29090,-11476,30173,6227,84,809,-286,29090,-6241,-32275,6912,-324,96,-354,29069,2930,31816,5266,-290,-55,417,3,3
446,29091,30550,-1799,12895,-851,155,-819,29091,-3206,15955,-1011,256,402,-174,29112,-11476,30163,6227,84,800,-286,29112,-6241,-32275,6912,-324,96,-354,29091,2930,31816,5266,-290,-55,403,3,3
447,29113,30622,-1769,12885,-858,188,-781,29113,-3214,15959,-987,288,434,-165,29134,-11477,30136,6258,95,800,-274,29134,-6200,-32266,6914,-237,174,-287,29113,2937,31816,5261,-256,39,382,3,3
448,29135,30622,-1769,12885,-858,188,-761,29135,-3214,15959,-987,305,434,-155,29156,-11477,30136,6258,95,933,-272,29156,-6200,-32266,6914,-183,214,-269,29135,2937,31820,5261,-246,47,382,3,3
449,29157,30622,-1769,12859,-864,188,-761,29157,-3220,15956,-987,305,434,-155,29178,-11477,30134,6245,95,933,-272,29178,-6200,-32266,6914,-183,214,-269,29157,2937,31820,5261,-246,47,376,3,3
450,29179,30652,-1772,12840,-888,282,-718,29179,-3220,15954,-995,347,405,-128,29200,-11485,30098,6231,70,1091,-265,29200,-6169,-32263,6915,-82,303,-214,29179,2960,31823,5255,-211,166,376,3,3
451,29201,30652,-1772,12840,-888,301,-718,29201,-3218,15954,-995,347,405,-127,29222,-11485,30098,6231,70,1110,-265,29222,-6141,-32263,6915,-82,326,-205,29201,2960,31823,5255,-211,195,393,3,3
452,29223,30652,-1772,12840,-917,301,-718,29223,-3218,15954,-1001,347,380,-127,29244,-11485,30098,6225,51,1110,-265,29244,-6141,-32273,6915,-82,326,-205,29223,2960,31815,5251,-211,195,393,3,3
453,29245,30729,-1735,12844,-938,421,-689,29245,-3209,15956,-1006,379,351,-93,29266,-11453,30121,6216,-11,1307,-259,29266,-6097,-32280,6930,-6,393,-137,29245,2994,31815,5248,-185,317,390,3,3
454,29267,30731,-1731,12886,-938,427,-686,29267,-3209,15956,-1006,379,351,-92,29288,-11451,30121,6216,-11,1392,-248,29288,-6097,-32280,6930,-3,414,-137,29267,3022,31823,5248,-185,331,390,3,3
455,29289,30731,-1731,12886,-938,427,-686,29289,-3215,15956,-1006,379,300,-92,29310,-11451,30121,6210,-133,1392,-248,29310,-6232,-32280,6930,-3,414,-137,29289,3022,31823,5246,-185,331,373,3,3
456,29311,30914,-1686,12878,-894,449,-623,29311,-3225,15957,-994,434,180,-38,29332,-11304,30176,6131,-291,1870,-113,29332,-6335,-32242,6951,112,832,-281,29311,3080,31833,5240,-182,389,256,3,3
457,29333,30964,-1680,12878,-838,449,-614,29333,-3225,15957,-973,442,180,-38,29354,-11264,30256,6131,-291,1870,-113,29354,-6335,-32242,6951,112,2078,-281,29333,3080,31833,5214,-182,389,256,3,3
458,29355,30964,-1680,12856,-838,329,-614,29355,-3225,15949,-973,442,90,-38,29376,-11264,30256,6066,-291,1870,-113,29376,-6335,-32242,6951,112,2078,-548,29355,3080,31833,5208,-185,342,159,3,3
459,29377,31223,-1620,12758,-717,-300,-656,29377,-3213,15929,-929,506,39,-125,29398,-11124,30398,5933,-61,1045,-377,29398,-6333,-32189,6737,35,3740,-1151,29377,3056,31818,5090,-248,241,86,3,3
460,29399,31223,-1618,12758,-714,-300,-656,29399,-3096,15929,-929,577,39,-125,29420,-11124,30398,5933,390,1045,-377,29420,-6333,-32189,6737,35,3740,-1151,29399,3056,31818,5090,-248,241,86,3,3
461,29421,30223,-1618,12472,-714,-1178,-698,29421,-3096,15858,-929,577,39,-275,29442,-11124,30398,5643,390,51,-832,29442,-6333,-32189,6576,-22,3740,-1708,29421,3038,31817,5090,-306,37,86,3,3
462,29443,29223,-1513,11824,-521,-2619,-807,29443,-3045,15790,-890,713,106,-558,29464,-11361,29980,5184,901,-1080,-2067,29464,-6331,-32063,6554,-22,3998,-2752,29443,2310,31816,5171,-404,-150,403,3,3
463,29465,29223,-1467,11824,-519,-2619,-807,29465,-3045,15790,-890,717,163,-558,29486,-11361,29980,5184,901,-1080,-2067,29486,-6331,-32063,6554,134,3998,-2752,29465,2310,31816,5217,-404,-150,808,3,3
464,29487,28223,-1467,11182,-519,-4134,-1009,29487,-3045,15739,-890,717,163,-879,29508,-11538,29333,4840,901,-1928,-3565,29508,-6331,-32063,6554,134,3998,-3813,29487,1700,31816,5217,-479,-256,808,3,3
465,29509,27653,-1354,10182,-70,-6134,-1198,29509,-3034,15641,-859,898,374,-1373,29530,-11903,28413,4080,1143,-1928,-5565,29530,-5952,-32027,6607,570,3882,-4673,29509,1241,30816,5430,-624,-258,2674,3,3
466,29531,27653,-1354,10182,101,-6134,-1198,29531,-3034,15641,-839,898,374,-1373,29552,-11903,28413,4080,1143,-1566,-5565,29552,-5952,-32027,6607,618,3882,-4673,29531,1241,30816,5454,-624,-258,2808,3,3
467,29553,27505,-1354,9296,101,-8055,-1198,29553,-3034,15530,-839,898,374,-1883,29574,-11941,27413,4044,759,-1566,-7565,29574,-5952,-32027,6607,618,3549,-5446,29553,1241,29828,5454,-740,-258,2808,3,3
468,29575,27394,-1027,8632,845,-9651,-801,29575,-2992,15411,-820,1067,553,-2510,29596,-12205,26537,4017,-601,-646,-9412,29596,-5641,-32004,6763,1039,3300,-6776,29575,1476,29087,5632,-1349,1742,4808,3,3
469,29597,27394,-909,8632,1158,-9651,-371,29597,-2992,15411,-820,1101,553,-2510,29618,-12205,26537,4017,-601,-646,-9412,29618,-5641,-32004,6863,1291,3300,-6776,29597,2241,29087,5632,-1349,1742,4808,3,3
470,29619,27351,-909,8000,1158,-10848,-371,29619,-3196,15152,-884,1101,553,-3056,29640,-12345,26537,4017,-1128,-646,-10581,29640,-5641,-32004,6863,1291,2996,-7774,29619,2241,28531,5632,-1896,1742,4808,3,3
471,29641,27319,-1321,7526,1690,-12536,19,29641,-3354,14894,-987,1499,978,-3987,29662,-12556,26600,4244,-1128,1113,-11457,29662,-4734,-32047,7055,1772,2362,-8471,29641,3241,27880,5912,-2429,2277,6534,3,3
472,29663,27319,-1321,7526,1690,-12536,19,29663,-3354,14894,-987,1529,978,-3987,29684,-12556,26600,4415,-449,1113,-11457,29684,-4734,-32047,7101,1772,2362,-8471,29663,3241,27880,5920,-2429,2277,6534,3,3
473,29685,27295,-1630,6636,1690,-13875,19,29685,-3620,14593,-1108,1529,978,-4829,29706,-12556,26506,4529,-449,1113,-12378,29706,-4734,-32047,7135,1772,1887,-8857,29685,3241,27880,5920,-2891,2212,6534,3,3
474,29707,27227,-1630,5735,1727,-14959,266,29707,-3819,14475,-1266,2098,1019,-5460,29728,-12543,26073,4529,-222,2171,-13205,29728,-3980,-31919,7135,2122,1283,-9096,29707,4241,27942,6394,-3175,2163,7703,3,3
475,29729,27227,-1418,5735,1727,-14959,266,29729,-3819,14475,-1266,2149,1019,-5460,29750,-12543,26073,4614,-222,2171,-13205,29750,-3734,-31823,7331,2122,1283,-9096,29729,4241,28318,6458,-3175,2163,7703,3,3
476,29751,27176,-1418,5045,1499,-15772,266,29751,-4123,14386,-1576,2149,820,-5847,29772,-13163,25678,4678,-222,2171,-14000,29772,-3734,-31751,7331,2122,830,-9096,29751,4241,28318,6458,-3388,2163,7703,3,3
477,29773,27176,-1453,4045,997,-16423,266,29773,-4671,14219,-1869,2572,146,-6137,29794,-14163,25358,4678,-1803,1747,-14789,29794,-2734,-31877,7572,2288,-98,-8990,29773,5241,28732,6943,-3533,2344,8518,3,3
478,29795,27298,-1453,4045,997,-16423,266,29795,-4671,14219,-1869,2572,146,-6137,29816,-14163,25358,5432,-1803,1747,-14789,29816,-2734,-31877,7572,2288,-98,-8940,29795,5241,28732,6963,-3533,2344,8518,3,3
479,29817,27298,-1479,3191,580,-16850,266,29817,-5082,14094,-2151,2572,-552,-6354,29838,-15163,25166,5432,-3228,1747,-15332,29838,-2734,-31971,7572,2202,-932,-8940,29817,5241,28732,6963,-3533,2344,8518,3,3
480,29839,27887,-1751,2191,-28,-17170,306,29839,-5479,13891,-2362,2585,-1075,-6911,29860,-16163,25022,5998,-4297,2373,-15868,29860,-1816,-32036,7871,1745,-1926,-8523,29839,6241,28755,7342,-3519,1378,8408,3,3
481,29861,27887,-1751,2191,-28,-17170,316,29861,-5479,13891,-2362,2585,-1075,-6911,29882,-16163,25022,5998,-4297,2387,-15868,29882,-1734,-32036,7871,1745,-1926,-8450,29861,6241,28755,7342,-3451,1378,8408,3,3
482,29883,27887,-1751,1373,-738,-17388,316,29883,-5786,13654,-2501,2585,-1075,-7351,29904,-17163,24866,5998,-4297,2387,-16270,29904,-1734,-32039,7871,1403,-2062,-8450,29883,6241,28755,7342,-3451,653,8168,3,3
483,29905,28421,-2019,629,-1383,-17551,184,29905,-6701,13421,-2598,2595,-895,-7729,29926,-18163,23866,6022,-4274,3747,-16572,29926,-770,-32087,8047,1250,-2062,-7869,29905,7241,28600,7382,-3215,169,7800,3,3
484,29927,28421,-2019,629,-1383,-17551,184,29927,-6701,13421,-2598,2896,-895,-7729,29948,-18163,23866,6022,-3714,3747,-16572,29948,-734,-32087,8047,1250,-1985,-7625,29927,7241,28600,7686,-3162,169,7800,3,3
485,29949,28421,-2254,-94,-1901,-17674,85,29949,-7523,13246,-2678,2896,-895,-7985,29970,-19163,22866,6022,-3714,3747,-16798,29970,-734,-32087,8047,1250,-1985,-7625,29949,7241,28402,7686,-3162,34,7368,3,3
486,29971,28844,-2430,-636,-2300,-17674,11,29971,-8249,12953,-2801,2822,-1069,-8177,29992,-20163,21866,6040,-1757,4272,-17096,29992,266,-31883,8199,1321,-1422,-6990,29971,8241,28103,7944,-2989,34,6908,3,3
487,29993,28844,-2430,-636,-2300,-17250,11,29993,-8249,12953,-2801,2822,-1069,-8177,30014,-20163,21866,6218,-1714,4272,-17096,30014,266,-31883,8229,1321,-1410,-6990,29993,8241,28103,8010,-2989,343,6908,3,3
488,30015,28844,-2440,-1043,-2599,-17250,-43,30015,-8822,12515,-2893,2560,-1535,-8182,30036,-21163,20866,6218,-1714,4272,-17319,30036,266,-31883,8229,1321,-1410,-6990,30015,8241,27937,8010,-2989,343,6570,3,3
489,30037,29161,-2440,-1642,-2947,-16219,-106,30037,-9290,11805,-3010,2176,-2002,-8182,30058,-22163,19866,6063,-129,5172,-17628,30058,1155,-31680,8465,1241,-1011,-6650,30037,9241,27812,8253,-2988,603,6326,3,3
490,30059,29207,-2349,-1642,-2947,-15910,-106,30059,-9290,11805,-3010,2176,-2002,-8145,30080,-22163,19866,6063,-102,5172,-17628,30080,1207,-31680,8465,1241,-1011,-6650,30059,9241,27812,8409,-2988,603,6326,3,3
491,30081,29207,-2349,-2537,-3220,-15910,-175,30081,-9774,11180,-3078,1888,-2352,-8145,30102,-23163,18866,5775,-102,5172,-18287,30102,1207,-31680,8465,1177,-1011,-6650,30081,9241,27695,8409,-2988,603,6237,3,3
492,30103,29571,-2281,-3537,-3477,-14989,-292,30103,-10359,10643,-3157,1550,-2574,-8158,30124,-24163,17866,5555,504,5470,-18861,30124,2027,-31584,8620,889,-712,-6406,30103,10241,27621,8708,-2987,570,6170,3,3
493,30125,29571,-2281,-3537,-3477,-14692,-292,30125,-10359,10643,-3157,1550,-2574,-8158,30146,-24163,17866,5555,504,5470,-18861,30146,2141,-31584,8737,889,-620,-6406,30125,10241,27621,8922,-2901,570,6170,3,3
494,30147,29571,-2281,-4537,-3676,-14692,-520,30147,-10816,10224,-3216,1297,-2669,-8259,30168,-25163,16866,5380,504,5470,-19291,30168,2141,-31602,8812,567,-620,-6406,30147,10241,27481,8922,-2901,516,6077,3,3
495,30169,29824,-2032,-5537,-3825,-13673,-768,30169,-11407,9845,-3232,1107,-2812,-8351,30190,-26163,15866,4819,908,5647,-19560,30190,2996,-31615,8723,143,-197,-6175,30169,11241,27266,9307,-2776,425,5848,3,3
496,30191,29824,-2032,-5537,-3825,-13578,-768,30191,-11407,9845,-3232,1107,-2812,-8351,30212,-26163,15866,4819,908,5647,-19560,30212,3068,-31615,8723,143,-133,-6025,30191,11241,27266,9307,-2373,425,5848,3,3
497,30213,28824,-2032,-6537,-3825,-13578,-954,30213,-11921,9561,-3232,1107,-2865,-8454,30234,-27163,14955,4276,908,5647,-19718,30234,3068,-31777,8656,87,-133,-6025,30213,11241,26997,9307,-2373,400,5516,3,3
498,30235,27824,-1845,-7537,-3722,-12708,-954,30235,-12506,9348,-3062,1127,-2905,-8533,30256,-27163,13955,3593,1442,5718,-19836,30256,3975,-31898,8656,87,334,-5571,30235,12241,26795,9462,-1909,381,5048,3,3
499,30257,27824,-1845,-7537,-3441,-12594,-948,30257,-12506,9348,-2980,1136,-2905,-8533,30278,-26163,13955,3593,2219,5718,-19836,30278,3975,-31898,8734,150,334,-5565,30257,12241,26795,9462,-1909,381,5048,3,3
500,30279,27824,-1845,-8537,-3441,-12594,-948,30279,-13004,9188,-2980,1136,-2905,-8631,30300,-26163,12955,2912,2219,5718,-19853,30300,3975,-31898,8734,150,334,-5565,30279,12241,26598,9462,-1909,381,4633,3,3
501,30301,28038,-1781,-9537,-3153,-11727,-1181,30301,-13553,8647,-2767,973,-2788,-8728,30322,-25163,11955,2204,3315,5772,-19865,30322,4657,-31725,8792,381,642,-5171,30301,13144,26394,9492,-1957,461,4261,3,3
502,30323,28038,-1781,-9537,-3153,-11542,-1181,30323,-13553,8647,-2767,973,-2734,-8728,30344,-25163,11955,2204,3585,5772,-19865,30344,4657,-31291,8792,405,642,-5111,30323,13144,26394,9492,-1957,461,4261,3,3
503,30345,28038,-1781,-10537,-3153,-11542,-1355,30345,-14051,8173,-2767,836,-2734,-8801,30366,-25163,10955,1673,3585,5696,-19865,30366,4657,-31291,8792,405,642,-5111,30345,13144,26241,9492,-2013,461,3937,3,3
504,30367,27392,-1649,-11537,-2792,-9542,-1486,30367,-14694,7744,-2650,674,-2135,-8813,30388,-24163,9955,1092,4889,5677,-19225,30388,5223,-30836,8742,723,515,-4702,30367,14116,25846,9515,-2994,654,3598,3,3
505,30389,27392,-1397,-11537,-2419,-9542,-1486,30389,-14694,7744,-2650,674,-2135,-8813,30410,-24163,9955,1092,5284,5316,-19143,30410,5223,-30416,8742,723,515,-4701,30389,14144,25846,9515,-2994,654,3598,3,3
506,30411,26392,-1397,-12537,-2419,-9542,-1584,30411,-15177,7325,-2650,553,-2135,-8813,30432,-24163,8955,779,5284,5208,-19143,30432,5223,-30416,8742,723,254,-4701,30411,14144,25846,9515,-3949,654,3344,3,3
507,30433,25392,-1103,-13537,-1922,-7542,-1835,30433,-15539,7001,-2562,325,-1667,-8649,30454,-23163,7955,740,6649,4848,-17334,30454,5647,-29760,8854,961,58,-4207,30433,14962,25940,9600,-4958,799,2831,3,3
508,30455,25392,-1103,-13537,-1922,-7542,-1835,30455,-15539,7001,-2523,325,-1667,-8606,30476,-23163,7955,740,6649,4848,-17143,30476,5815,-29416,8854,1207,58,-4207,30455,14962,25940,9634,-4958,820,2831,3,3
509,30477,24392,-1103,-14537,-1922,-7542,-1835,30477,-15810,6663,-2523,145,-1667,-8606,30498,-23163,6955,740,6649,4472,-17143,30498,5815,-29416,8854,1207,58,-4207,30477,14962,25621,9634,-5716,820,2325,3,3
510,30499,23392,-883,-15537,-1842,-5542,-1747,30499,-16265,6253,-2313,-82,-1316,-8019,30520,-22163,5955,913,6985,3252,-15174,30520,6259,-29140,9120,1705,207,-3766,30499,15575,25197,10593,-6363,323,1469,3,3
511,30521,23392,-883,-15537,-1842,-5542,-1593,30521,-16265,6253,-2313,-82,-1171,-7847,30542,-22163,5955,931,6985,3252,-15143,30542,6453,-29140,9120,1705,207,-3766,30521,15575,25197,10593,-6363,323,1469,3,3
512,30543,23392,-982,-15537,-1855,-5542,-1593,30543,-16527,5880,-2313,-253,-1171,-7847,30564,-22163,4955,931,6720,2845,-15143,30564,6453,-29435,9120,1705,207,-3766,30543,15575,24879,10593,-6363,-49,827,3,3
513,30565,24392,-1056,-15160,-2082,-3542,-1459,30565,-16660,5517,-2102,-381,-832,-7003,30586,-21163,3955,1024,5614,2540,-13143,30586,6918,-30072,9396,1716,279,-3187,30565,16071,24683,11312,-6267,-132,472,3,3
514,30587,24392,-1056,-15160,-2082,-3542,-1459,30587,-16660,5517,-2072,-381,-832,-6768,30608,-21163,3955,1024,5614,2540,-13143,30608,6918,-30072,9396,1716,279,-3142,30587,16071,24683,11312,-5669,-132,472,3,3
515,30609,24392,-1056,-15160,-2082,-3542,-1459,30609,-16755,5245,-2072,-389,-832,-6768,30630,-21163,3048,1024,4775,2540,-13143,30630,6918,-30550,9396,1692,98,-3142,30609,16071,24683,11312,-5669,-194,266,3,3
516,30631,25392,-917,-14974,-2063,-2739,-1362,30631,-16755,4968,-1842,-395,-751,-5469,30652,-20163,2190,954,3949,2253,-11143,30652,7216,-30908,9673,1636,-388,-2518,30631,16035,24718,12142,-4576,-254,121,3,3
517,30653,25392,-917,-14974,-1997,-2739,-1362,30653,-16697,4968,-1842,-395,-751,-5366,30674,-20163,2190,954,3949,2253,-11143,30674,7216,-30908,9673,1636,-388,-2460,30653,16035,24718,12142,-4379,-254,121,3,3
518,30675,25392,-917,-14974,-1997,-2739,-1362,30675,-16697,4686,-1842,-399,-751,-5366,30696,-20163,1458,927,3144,1918,-11143,30696,7216,-31005,9673,1594,-805,-2460,30675,16035,24718,12142,-4379,-299,121,3,3
519,30697,24392,-761,-14918,-1916,-2207,-1276,30697,-16653,4410,-1685,-493,-560,-4253,30718,-19163,909,871,2238,1444,-9143,30718,7486,-31019,9880,1415,-1118,-1942,30697,16096,24744,12460,-3097,-333,159,3,3
520,30719,24392,-761,-14918,-1735,-2207,-1276,30719,-16653,4410,-1685,-493,-513,-4212,30740,-19163,909,871,2238,1444,-9143,30740,7558,-31019,9994,1415,-1118,-1805,30719,16096,24744,12460,-3010,-357,183,3,3
521,30741,23392,-761,-14918,-1735,-2207,-1276,30741,-16717,4258,-1685,-581,-513,-4212,30762,-19163,583,871,1301,961,-9143,30762,7558,-31072,9994,1105,-1118,-1805,30741,16096,24744,12460,-3010,-357,183,3,3
522,30763,22392,-600,-15132,-1416,-2180,-1239,30763,-16904,4191,-1632,-647,-211,-3198,30784,-18163,465,829,-92,599,-7143,30784,7742,-31076,10295,553,-721,-1178,30763,16222,24764,12653,-1613,-390,185,3,3
523,30785,22392,-600,-15132,-1395,-2180,-1239,30785,-16904,4191,-1632,-647,-203,-3088,30806,-18163,465,829,-92,599,-7143,30806,7742,-31076,10295,553,-643,-1007,30785,16222,24764,12653,-1433,-390,185,3,3
524,30807,21392,-600,-15381,-1395,-2362,-1239,30807,-17108,4175,-1634,-647,-203,-3088,30828,-18163,410,829,-1195,151,-7143,30828,7742,-31115,10295,-131,-643,-1007,30807,16222,24764,12653,-1433,-400,105,3,3
525,30829,20392,-529,-15955,-1057,-2817,-1269,30829,-17325,4163,-1762,-386,54,-1732,30850,-17163,410,733,-2257,-182,-5143,30850,7742,-31124,10355,-845,-150,-266,30829,16316,24927,12783,-8,-422,13,3,3
526,30851,20392,-529,-15955,-992,-2817,-1269,30851,-17325,4163,-1762,-168,133,-1502,30872,-17163,539,733,-2257,-182,-5143,30872,7742,-31124,10355,-845,-148,-248,30851,16316,25125,12783,208,-422,13,3,3
527,30873,19392,-529,-16606,-992,-3159,-1269,30873,-17493,4154,-1858,-168,133,-1502,30894,-17163,539,733,-3054,-434,-5143,30894,7742,-31124,10355,-1464,-148,-248,30873,16316,25125,12783,208,-422,-114,3,3
528,30895,18392,-506,-17208,-437,-3159,-968,30895,-17649,4154,-1938,366,437,129,30916,-16163,1232,811,-3651,-810,-3143,30916,7764,-31123,10202,-2132,234,321,30895,16419,25259,12449,1558,-350,-346,3,3
529,30917,18392,-506,-17208,-369,-2631,-752,30917,-17649,4209,-1938,408,540,350,30938,-16163,1242,961,-3651,-810,-3143,30938,7764,-31123,10202,-2132,234,334,30917,16419,25259,12449,1587,-350,-346,3,3
530,30939,17392,-519,-18016,-369,-2631,-752,30939,-17753,4209,-2041,408,540,350,30960,-16163,1242,961,-4109,-1239,-3143,30960,7764,-31123,10039,-2662,234,334,30939,16419,25259,12120,1587,-350,-612,3,3
531,30961,16392,-703,-18622,211,-1155,-43,30961,-17816,4373,-2149,999,963,2212,30982,-15163,2242,1132,-4490,-1675,-1143,30982,7805,-30956,9559,-3059,521,810,30961,16606,25248,11724,2607,-400,-1067,3,3
532,30983,16392,-703,-18622,218,-862,-43,30983,-17816,4450,-2149,1016,1051,2350,31004,-15163,2242,1132,-4490,-1675,-1143,31004,7805,-30956,9559,-3059,521,918,30983,16606,25248,11724,2607,-400,-1067,3,3
533,31005,15392,-841,-18622,218,-862,-43,31005,-17816,4450,-2263,1016,1051,2350,31026,-15163,2242,1132,-4738,-1935,-1143,31026,7805,-31009,9199,-3085,521,918,31005,16606,25240,11361,2607,-400,-1492,3,3
534,31027,14392,-976,-18608,380,1138,226,31027,-17567,5017,-2404,1332,1548,4350,31048,-14163,3242,1261,-4925,-2197,857,31048,7814,-31192,8875,-3085,500,1444,31027,16728,25126,10870,3215,-342,-2007,3,3
535,31049,14392,-976,-18390,380,1138,226,31049,-17412,5074,-2404,1332,1548,4350,31070,-14163,3242,1375,-4925,-2197,857,31070,7814,-31192,8875,-3061,500,1601,31049,16728,25126,10870,3215,-336,-2007,3,3
536,31071,13392,-1077,-18390,380,1138,226,31071,-17412,5074,-2573,1332,1548,4350,31092,-14163,3242,1375,-5083,-2327,857,31092,7666,-31222,8632,-3061,479,1601,31071,16684,25126,10720,3215,-336,-2493,3,3
537,31093,12392,-1235,-17390,473,3138,140,31093,-16860,5962,-2717,1388,1921,6277,31114,-15163,4242,1643,-5202,-2742,2857,31114,7527,-31244,8364,-2828,411,2483,31093,16637,25420,10430,3611,-217,-2951,3,3
538,31115,12392,-1235,-17390,473,3138,140,31115,-16659,6028,-2717,1388,2003,6310,31136,-15163,4242,1987,-5202,-2742,2857,31136,7527,-31244,8364,-2779,411,2617,31115,16637,25420,10430,3611,-213,-2951,3,3
539,31137,11392,-1340,-17390,473,3138,-100,31137,-16659,6028,-2851,1318,2003,6310,31158,-16163,4242,1987,-5736,-3131,2857,31158,7353,-31261,8167,-2779,322,2617,31137,16601,25420,9950,3611,-213,-3402,3,3
540,31159,10392,-1432,-16390,548,5138,-375,31159,-15958,6872,-2971,1148,2448,7834,31180,-17163,5242,2456,-5736,-3345,4857,31180,7175,-31393,8019,-2409,-44,3829,31159,16530,25899,9590,3847,-21,-4257,3,3
541,31181,10392,-1432,-16390,571,5138,-375,31181,-15782,6999,-2971,1148,2477,7834,31202,-17163,5242,2578,-5691,-3345,4857,31202,7175,-31393,8019,-2236,-44,4027,31181,16530,25899,9590,3847,-21,-4257,3,3
542,31203,10392,-1519,-16390,571,5138,-486,31203,-15782,6999,-3061,840,2477,7834,31224,-18163,5242,2578,-5691,-3505,4857,31224,6749,-31393,8010,-2236,-191,4027,31203,16477,25899,9314,3824,-21,-5191,3,3
543,31225,11392,-1723,-15390,851,7138,-563,31225,-14901,7953,-3258,379,3066,8787,31246,-19163,6242,3477,-4872,-4145,6857,31246,6118,-31262,7911,-1791,-195,5444,31225,16237,26350,9025,3765,113,-6433,3,3
544,31247,11392,-1723,-15390,851,7138,-563,31247,-14838,7999,-3258,379,3345,8787,31268,-19163,6242,3485,-4377,-4384,6857,31268,6118,-31262,7911,-1755,-195,5647,31247,16237,26506,9025,3765,113,-6433,3,3
545,31269,11392,-1870,-15390,851,7138,-563,31269,-14838,7999,-3406,-166,3345,8787,31290,-20026,6242,3485,-4377,-4625,6857,31290,5620,-31262,7837,-1755,-195,5647,31269,15969,26506,8778,3725,113,-7685,3,3
546,31291,12392,-1978,-14390,1077,9138,-486,31291,-13838,8839,-3554,-928,4001,8978,31312,-20513,7242,4263,-2607,-4985,8857,31312,4983,-31306,7781,-1382,374,7304,31291,15532,26961,8593,3711,362,-9086,3,3
547,31313,12392,-1978,-14390,1077,9138,-478,31313,-13838,8856,-3554,-928,4138,8978,31334,-20513,7242,4403,-2477,-4985,8857,31334,4983,-31306,7781,-1304,690,7482,31313,15532,27073,8593,3711,398,-9086,3,3
548,31335,12392,-1978,-14390,1077,9138,-478,31335,-13838,8856,-3665,-1499,4138,8978,31356,-20774,7242,4403,-2477,-4985,8857,31356,4121,-31339,7781,-1304,690,7482,31335,14791,27073,8454,3711,398,-10317,3,3
549,31357,13392,-2059,-13390,1060,11138,-323,31357,-12838,9530,-3789,-1913,4826,9121,31378,-20774,8242,4662,-735,-4210,10857,31378,3341,-31339,7795,-1111,2436,9208,31357,13791,27562,7936,3856,-116,-11476,3,3
550,31379,13392,-2059,-13390,1060,11138,-323,31379,-12838,9586,-3789,-1913,4826,9223,31400,-20544,8242,4662,-477,-3455,10857,31400,3341,-31270,7795,-1111,2518,9338,31379,13791,27562,7936,4161,-116,-11476,3,3
551,31401,13392,-2059,-13390,900,11138,-323,31401,-12838,9586,-3850,-2224,4826,9223,31422,-20544,8242,4662,-477,-3455,10857,31422,2756,-31270,7780,-1111,2518,9338,31401,12791,27562,7384,4161,-502,-12056,3,3
552,31423,14392,-2024,-12390,501,13138,-430,31423,-11838,10147,-3850,-2692,4036,9650,31444,-19544,9242,4660,1013,-2117,12342,31444,1985,-30270,7780,-989,3460,10593,31423,11791,26562,7134,4682,-502,-12297,3,3
553,31445,14392,-1878,-12390,501,13138,-430,31445,-11838,10175,-3801,-2692,4036,9668,31466,-19544,9242,4660,1013,-1455,12342,31466,1985,-30270,7780,-989,3460,10593,31445,11791,26562,7134,4774,-86,-12297,3,3
554,31467,14392,-1878,-12390,201,13138,-510,31467,-11838,10175,-3801,-3043,2853,9668,31488,-19544,9242,4031,1013,-1455,12342,31488,1391,-30270,7795,-989,3460,10593,31467,10791,26562,7134,4774,-86,-12297,3,3
555,31489,15392,-1318,-11390,102,14062,-624,31489,-10838,10617,-3464,-3147,1388,9857,31510,-18544,10242,3465,742,-760,14128,31510,391,-29270,7843,-939,3170,10782,31489,10003,26819,7308,4630,1831,-12153,3,3
556,31511,15392,-1318,-11390,102,14062,-624,31511,-10838,10705,-3446,-3147,1388,9857,31532,-18544,10242,3465,742,-760,14128,31532,391,-29270,8058,-939,3170,10782,31511,10003,26819,7308,4630,1831,-11978,3,3
557,31533,15392,-1318,-11390,28,14062,-710,31533,-10838,10705,-3446,-3225,-48,9788,31554,-18544,10242,3326,539,-760,14128,31554,-609,-29456,8058,-987,2482,10432,31533,9003,26819,6973,4518,1831,-11978,3,3
558,31555,16392,-1710,-10390,-240,14008,-790,31555,-9838,11103,-2931,-3225,-1125,9194,31576,-17544,11242,3222,-200,-971,12804,31576,-1609,-29858,8255,-1150,1966,9265,31555,8003,27819,6721,4134,2135,-11383,3,3
559,31577,16392,-1710,-10390,-240,14008,-790,31577,-9838,11103,-2931,-3183,-1125,9194,31598,-17544,11242,3222,-200,-971,12804,31598,-1609,-29858,8255,-1150,1966,9265,31577,8003,27819,6721,4134,2135,-11043,3,3
560,31599,16392,-2004,-10390,-1096,13676,-904,31599,-9838,11103,-2931,-3183,-1554,8414,31620,-17544,11242,3222,-323,-1129,11300,31620,-2609,-29967,8125,-1235,1916,7924,31599,7003,27819,6396,3709,1998,-11043,3,3
561,31621,17392,-2004,-9390,-2287,13355,-1076,31621,-8838,11479,-2687,-2990,-1572,7299,31642,-16544,12242,3188,-416,-2945,9345,31642,-3596,-30443,8027,-1299,1881,6441,31621,6062,28638,6125,3279,1459,-9354,3,3
562,31643,17392,-1961,-9390,-2287,13355,-1076,31643,-8838,11646,-2687,-2659,-1572,7299,31664,-16544,12242,3188,-416,-2945,9345,31664,-3596,-30443,8027,-1299,1881,6441,31643,6062,28638,6125,3279,1459,-9043,3,3
563,31665,17392,-1961,-9390,-3180,13035,-1205,31665,-8838,11646,-2687,-2659,-1585,6289,31686,-16544,12242,3188,-416,-4106,7482,31686,-3920,-30443,7954,-1315,1852,5115,31665,5604,28638,5627,2820,1055,-9043,3,3
564,31687,18392,-1928,-8390,-3849,12278,-1312,31687,-7838,12355,-2494,-1978,-1595,5244,31708,-16006,13242,3461,-400,-4202,5985,31708,-3920,-29443,7903,-1327,1852,4061,31687,5393,29606,5192,2198,670,-7281,3,3
565,31709,18392,-1820,-8390,-3849,12278,-1312,31709,-7838,12481,-2479,-1966,-1595,5244,31730,-16006,13242,3855,-400,-4202,5985,31730,-3851,-29443,7903,-1327,1843,4061,31709,5393,29606,5192,2198,670,-7281,3,3
566,31731,17392,-1820,-8390,-4351,11674,-1316,31731,-7838,12481,-2479,-1966,-1595,4328,31752,-16006,13242,3855,-400,-4202,5197,31752,-3851,-29443,7661,-1336,1732,3304,31731,5234,29606,5160,1699,381,-7281,3,3
567,31753,16392,-1741,-7390,-4747,11088,-1319,31753,-6838,13329,-2254,-1309,-1301,3641,31774,-15372,14242,4169,-549,-2880,4606,31774,-4680,-29990,7329,-1336,1642,2737,31753,4793,30160,5136,1273,307,-6031,3,3
568,31775,16392,-1715,-7390,-4747,11088,-1319,31775,-6838,13349,-2254,-1201,-1259,3641,31796,-15180,14242,4169,-549,-2880,4606,31796,-4680,-29990,7329,-1242,1642,2737,31775,4793,30160,5136,1273,307,-6031,3,3
569,31797,15392,-1715,-7390,-5044,10437,-1394,31797,-6838,13349,-2254,-1201,-1259,3123,31818,-15180,14242,4114,-717,-2880,4163,31818,-5680,-30244,7216,-1242,1575,2311,31797,4358,30160,5118,820,307,-6031,3,3
570,31819,15392,-1636,-6390,-5044,8880,-1451,31819,-5868,13891,-2128,-733,-959,2689,31840,-14293,15242,4073,-843,-2488,3205,31840,-6479,-30435,7132,-1169,1470,1788,31819,3488,30484,4752,201,727,-4851,3,3
571,31841,16392,-1636,-6390,-4821,8880,-1451,31841,-5849,13891,-2085,-733,-939,2689,31862,-14293,15242,4073,-843,-2488,3205,31862,-6479,-30435,7132,-1169,1470,1788,31841,3488,30484,4752,201,727,-4702,3,3
572,31863,16392,-1636,-6390,-4821,7712,-1451,31863,-5849,13891,-2085,-733,-939,2294,31884,-14293,15242,4073,-843,-2488,2259,31884,-7415,-30435,7069,-1169,1307,1396,31863,2724,30484,4554,-442,599,-4702,3,3
573,31885,17392,-1743,-5390,-4543,6990,-1426,31885,-5147,14272,-1970,-593,-637,1806,31906,-14377,16242,4866,-605,-2287,1227,31906,-7415,-30240,7005,-1279,910,1095,31885,2151,30849,4554,-924,-79,-3540,3,3
574,31907,17392,-1743,-5390,-4543,6990,-1375,31907,-5147,14272,-1970,-593,-604,1806,31928,-14377,16242,5073,-605,-2287,1227,31928,-7415,-30094,7005,-1279,910,1095,31907,2151,30849,4735,-924,-79,-3533,3,3
575,31929,17392,-1969,-5390,-4543,6449,-1375,31929,-5147,14272,-1970,-593,-604,1405,31950,-14508,16242,5073,-605,-2287,725,31950,-6779,-29435,6957,-1362,612,773,31929,2007,30849,4735,-971,-238,-3533,3,3
576,31951,18392,-2286,-4390,-4326,5853,-1316,31951,-4904,14591,-1918,-639,-121,925,31972,-14539,17242,5892,-454,-1655,564,31972,-6779,-29094,6921,-1424,417,319,31951,2007,31140,5181,-971,-238,-2633,3,3
577,31973,18392,-2286,-4390,-4326,5853,-1316,31973,-4904,14591,-1918,-639,-51,925,31994,-14539,17242,5892,-401,-1620,564,31994,-6666,-28435,6921,-1424,417,319,31973,2509,31140,5181,-935,-115,-2633,3,3
578,31995,18392,-2524,-4390,-4326,5342,-1316,31995,-4904,14591,-1918,-674,-51,517,32016,-14539,17242,5892,-401,-1620,453,32016,-6581,-28435,6838,-1424,271,-20,31995,2509,31140,5181,-935,-115,-2633,3,3
579,32017,19392,-2763,-3390,-4135,4931,-1220,32017,-4779,14857,-1861,-674,315,211,32038,-14354,18242,6453,-248,-1028,370,32038,-6581,-28094,6654,-1386,271,-275,32017,2885,31313,5327,-908,256,-1860,3,3
580,32039,19392,-2763,-3390,-4110,4931,-1206,32039,-4779,14877,-1769,-667,315,211,32060,-14354,18242,6453,-248,-1028,370,32060,-6517,-28682,6654,-1265,271,-275,32039,2885,31313,5327,-902,256,-1816,3,3
581,32061,19392,-2872,-3390,-4110,4469,-1206,32061,-4779,14877,-1769,-667,315,113,32082,-14354,18242,6453,-248,-1028,298,32082,-6517,-28682,6426,-1265,444,-466,32061,2773,31313,5327,-902,256,-1816,3,3
582,32083,20392,-2954,-2390,-3757,3792,-1011,32083,-4667,15091,-1657,-451,194,98,32104,-14237,19242,6537,-156,-611,221,32104,-7211,-29149,6255,-1079,444,-615,32083,2381,31422,5323,-766,565,-1055,3,3
583,32105,20392,-2954,-2390,-3651,3792,-1010,32105,-4667,15101,-1647,-421,194,98,32126,-14237,19242,6537,-156,-611,221,32126,-7211,-29149,6255,-1011,444,-615,32105,2381,31422,5323,-749,565,-1034,3,3
584,32127,20392,-3055,-2390,-3651,3228,-1010,32127,-4667,15101,-1647,-421,33,98,32148,-14237,19242,6537,-156,-611,86,32148,-8180,-29477,6127,-1011,203,-615,32127,1697,31422,5294,-749,565,-1034,3,3
585,32149,21392,-3131,-1390,-3241,2759,-864,32149,-4534,15235,-1555,-124,-93,149,32170,-13725,20242,6316,-30,232,-83,32170,-8458,-29723,5939,-740,-296,-413,32149,697,31488,4490,-583,-49,-702,3,3
586,32171,21392,-3131,-1390,-3214,2759,-864,32171,-4534,15235,-1467,-124,-93,149,32192,-13725,20242,6316,192,232,-83,32192,-8458,-29723,5939,-740,-296,-413,32171,697,31488,4490,-566,-49,-702,3,3
587,32193,21392,-3131,-1390,-3214,2401,-864,32193,-4534,15235,-1467,-124,-184,149,32214,-13725,20242,6316,192,232,-252,32214,-8865,-29908,5939,-740,-1589,-413,32193,534,31304,4490,-566,-980,-763,3,3
588,32215,22392,-3106,-390,-2715,1873,-1031,32215,-4182,15291,-1467,-64,-184,28,32236,-13829,21242,6587,658,-44,-561,32236,-8865,-29908,6212,-901,-2211,-903,32215,534,30952,4611,-442,-2092,-809,3,3
589,32237,22392,-3106,-390,-2689,1873,-1031,32237,-4182,15291,-1467,-64,30,28,32258,-13829,21242,6845,658,-44,-561,32258,-7865,-28908,6264,-901,-2211,-903,32237,1534,30952,5403,-329,-2092,-809,3,3
590,32259,22392,-3106,-390,-2689,1477,-1156,32259,-4218,15291,-1606,-64,30,-174,32280,-13927,21242,6845,658,-44,-561,32280,-7865,-28908,6264,-1022,-2678,-903,32259,1534,30626,5403,-329,-2727,-809,3,3
591,32281,23392,-3289,610,-2238,976,-1195,32281,-4245,15450,-1710,-19,390,-373,32302,-14001,22242,7049,910,103,-426,32302,-7462,-29633,6328,-1112,-3036,-647,32281,2462,30381,5298,-280,-2902,-728,3,3
592,32303,23392,-3289,610,-2215,976,-1195,32303,-4245,15592,-1710,-19,390,-373,32324,-14001,22242,7049,910,103,159,32324,-7462,-29633,6328,-1112,-3036,-349,32303,2462,30259,5298,-280,-2902,-640,3,3
593,32325,23392,-3426,610,-2215,600,-1195,32325,-4245,15592,-1710,-19,390,-373,32346,-14001,22242,6686,797,103,159,32346,-7462,-30250,6152,-1112,-3304,-349,32325,2462,30381,4885,-280,-2902,-640,3,3
594,32347,24392,-3426,1610,-1851,278,-1115,32347,-4106,15753,-1675,-201,390,-342,32368,-13992,23242,6414,712,392,495,32368,-7160,-30739,6014,-935,-3650,18,32347,2946,30534,4575,-356,-2734,-443,3,3
595,32369,24392,-3257,1610,-1748,278,-1115,32369,-4106,15753,-1575,-201,390,-112,32390,-13508,23242,6414,712,512,495,32390,-7160,-30739,6014,-838,-3650,18,32369,2946,30667,4575,-356,-2734,-439,3,3
596,32391,24392,-3257,1610,-1748,88,-1115,32391,-4106,15753,-1575,-201,354,-112,32412,-13508,23242,6414,712,512,419,32412,-7160,-31092,6014,-838,-3746,18,32391,2945,30667,4575,-408,-2734,-439,3,3
597,32413,25392,-3130,2610,-1343,-53,-1085,32413,-4002,15744,-1414,-167,294,215,32434,-12917,24242,6530,799,505,338,32434,-6639,-31451,6072,-623,-3746,-55,32413,2944,30840,4937,-408,-2481,-96,3,3
598,32435,25392,-3130,2610,-1343,-53,-1085,32435,-3854,15744,-1411,-167,294,215,32456,-12917,24242,6530,799,505,338,32456,-6639,-31451,6180,-623,-3517,-55,32435,2944,30882,4937,-364,-2481,-96,3,3
599,32457,25392,-3130,2610,-1343,-159,-1085,32457,-3854,15744,-1411,-167,294,215,32478,-12917,24242,6530,799,279,195,32478,-6639,-31626,6180,-623,-3517,-256,32457,2944,30882,4937,-364,-2481,-96,3,3
600,32479,26392,-3073,3610,-1214,-275,-1063,32479,-3608,15746,-1372,-179,421,138,32500,-12909,25242,6459,946,-193,41,32500,-6341,-31875,6273,-491,-3345,-407,32479,3084,31115,5064,-224,-2226,150,3,3
601,32501,26392,-3025,3610,-1214,-275,-1063,32501,-3608,15758,-1372,-179,747,138,32522,-12909,25242,6459,946,-193,41,32522,-6341,-31875,6273,-491,-3345,-407,32501,3084,31171,5064,-224,-2193,150,3,3
602,32523,26392,-3025,3610,-1214,-275,-1063,32523,-3608,15758,-1372,-179,747,38,32544,-13007,25242,6406,946,-193,41,32544,-6341,-31980,6240,-508,-3668,-407,32523,3084,31171,5064,-224,-2193,150,3,3
603,32545,27392,-2946,4610,-1188,-248,-1042,32545,-3730,15868,-1381,-140,1151,-37,32566,-13007,26242,6366,963,318,189,32566,-6201,-32059,6216,-520,-4063,-265,32545,3189,31298,5160,-119,-2082,244,3,3
604,32567,27392,-2946,4610,-1188,-248,-961,32567,-3730,15868,-1381,-94,1151,-37,32588,-12977,26242,6366,963,318,279,32588,-6201,-32059,6216,-520,-4063,-142,32567,3229,31298,5160,-50,-2009,244,3,3
605,32589,27392,-2946,4610,-1188,-248,-961,32589,-3822,15868,-1415,-94,1151,-37,32610,-12977,26242,6194,643,318,279,32610,-6201,-32116,6216,-520,-4063,-142,32589,3229,31298,5160,-50,-2009,244,3,3
606,32611,28116,-2623,5610,-964,-211,-856,32611,-3822,15859,-1441,-48,488,62,32632,-12918,27087,6049,363,1009,477,32632,-6192,-32155,6394,-492,-3984,5,32611,3337,31393,5184,81,-1871,277,3,3
607,32633,28196,-2623,5610,-881,-211,-856,32633,-3795,15859,-1441,-48,488,169,32654,-12886,27087,6049,363,1049,477,32654,-6192,-32155,6394,-464,-3889,5,32633,3337,31411,5184,81,-1657,277,3,3
608,32655,28196,-2623,5610,-881,-211,-856,32655,-3795,15853,-1441,-48,-9,169,32676,-12886,27087,5956,98,1049,477,32676,-6192,-32188,6394,-464,-3889,5,32655,3337,31411,5184,81,-1657,277,3,3
609,32677,28749,-2397,6610,-568,-10,-814,32677,-3483,15850,-1294,-14,-264,291,32698,-12646,27785,5891,-141,1557,445,32698,-6021,-32209,6509,-346,-3194,4,32677,3418,31496,5184,102,-1178,375,3,3
610,32699,28749,-2397,6610,-560,-10,-814,32699,-3483,15850,-1294,53,-264,291,32720,-12646,27785,5891,-141,1639,445,32720,-6021,-32209,6509,-327,-2994,4,32699,3418,31496,5184,102,-1115,386,3,3
611,32721,28749,-2397,6610,-560,-10,-814,32721,-3483,15850,-1294,53,-264,249,32742,-12646,27785,5842,-320,1639,419,32742,-6021,-32224,6509,-327,-2994,4,32721,3418,31496,5184,94,-1115,386,3,3
612,32743,29164,-2309,7610,-319,89,-712,32743,-3337,15872,-1301,133,189,120,32764,-12598,28216,5777,-440,1812,394,32764,-5913,-32224,6533,-215,-2139,121,32743,3479,31560,5130,56,-708,366,3,3
613,32765,29172,-2309,7610,-304,89,-706,32765,-3337,15872,-1301,133,189,120,32786,-12598,28348,5777,-440,2013,394,32786,-5913,-32218,6533,-92,-1435,121,32765,3479,31562,5130,56,-708,366,3,3
614,32787,29172,-2309,7610,-304,89,-706,32787,-3337,15872,-1339,133,189,37,32808,-12598,28348,5777,-440,2013,339,32808,-5913,-32218,6533,-92,-1435,121,32787,3479,31562,5069,26,-708,351,3,3
615,32809,29489,-2277,8610,-235,149,-639,32809,-3454,15859,-1368,188,217,16,32830,-12572,28725,5728,-443,2143,256,32830,-5860,-32213,6579,150,-215,106,32809,3713,31623,5023,-50,-232,351,3,3
616,32831,29629,-2277,8610,-235,163,-639,32831,-3454,15859,-1368,188,217,16,32852,-12572,28773,5728,-443,2202,256,32852,-5860,-32213,6581,150,-215,106,32831,3713,31623,5023,-50,-232,408,3,3
617,32853,29629,-2277,8610,-312,163,-700,32853,-3454,15849,-1368,188,7,16,32874,-12572,28773,5728,-443,2202,256,32874,-5950,-32241,6581,150,-215,106,32853,3713,31623,5023,-153,-232,408,3,3
618,32875,29910,-2279,9610,-434,335,-746,32875,-3429,15849,-1328,269,-183,57,32896,-12333,29071,5782,-415,2137,300,32896,-6018,-32241,6617,212,-81,147,32875,3832,31669,5071,-230,178,283,3,3
619,32897,29910,-2279,9610,-434,335,-746,32897,-3397,15876,-1316,269,-183,57,32918,-12333,29071,5966,-341,2137,300,32918,-6018,-32241,6617,212,-81,173,32897,3846,31669,5071,-230,178,283,3,3
620,32919,29910,-2291,9610,-508,335,-762,32919,-3397,15876,-1316,269,-303,57,32940,-12333,29071,5966,-341,2086,300,32940,-6069,-32246,6617,212,-81,173,32919,3846,31669,5071,-280,178,142,3,3
621,32941,30072,-2298,10610,-561,280,-766,32941,-3354,15896,-1256,301,-303,29,32962,-12301,29259,6156,-151,1992,263,32962,-6131,-32246,6600,236,452,227,32941,3810,31705,5113,-312,334,28,3,3
622,32963,30072,-2298,10610,-561,280,-766,32963,-3354,15896,-1239,301,-292,29,32984,-12301,29259,6156,-151,1992,263,32984,-6131,-32246,6600,236,503,227,32963,3810,31705,5113,-312,334,28,3,3
623,32985,30072,-2303,10610,-561,238,-766,32985,-3354,15896,-1239,301,-292,8,33006,-12301,29259,6156,-151,1922,214,33006,-6131,-32250,6600,236,503,227,32985,3755,31705,5113,-317,334,-29,3,3
624,33007,30184,-2303,11379,-549,238,-742,33007,-3378,15894,-1181,317,-167,1,33028,-12313,29334,6299,-73,1922,80,33028,-6218,-32273,6654,281,941,229,33007,3714,31732,5228,-317,448,-29,3,3
625,33029,30184,-2257,11379,-538,255,-716,33029,-3378,15894,-1181,317,-167,1,33050,-12313,29390,6299,-73,1925,80,33050,-6218,-32273,6708,281,941,229,33029,3711,31732,5228,-292,470,31,3,3
626,33051,30184,-2257,11379,-538,255,-716,33051,-3396,15885,-1181,317,-167,1,33072,-12313,29390,6299,-73,1925,-37,33072,-6218,-32290,6708,281,941,221,33051,3714,31732,5228,-292,470,31,3,3
627,33073,30294,-2222,12050,-541,313,-649,33073,-3398,15883,-1152,329,-141,4,33094,-12322,29488,6312,2,1824,-143,33094,-6283,-32303,6737,250,948,156,33073,3723,31753,5273,-292,633,182,3,3
628,33095,30302,-2222,12088,-541,313,-649,33095,-3398,15883,-1152,329,-141,4,33116,-12322,29540,6312,24,1824,-143,33116,-6283,-32303,6737,250,948,156,33095,3733,31753,5273,-302,633,182,3,3
629,33117,30302,-2222,12088,-631,313,-649,33117,-3400,15880,-1152,329,-141,-28,33138,-12329,29540,6312,24,1748,-204,33138,-6284,-32317,6737,165,948,107,33117,3733,31753,5268,-313,633,182,3,3
630,33139,30352,-2226,12656,-712,361,-642,33139,-3403,15877,-1153,382,8,-85,33160,-12370,29577,6338,138,1503,-250,33160,-6284,-32327,6748,101,953,-1,33139,3601,31772,5268,-322,725,147,3,3
631,33161,30352,-2226,12656,-712,364,-642,33161,-3403,15877,-1153,382,47,-85,33182,-12370,29577,6357,138,1503,-250,33182,-6284,-32327,6748,101,1013,-1,33161,3601,31772,5291,-322,725,147,3,3
632,33183,30330,-2226,12656,-773,364,-653,33183,-3409,15875,-1157,382,47,-130,33204,-12401,29577,6362,138,1340,-250,33204,-6330,-32327,6748,79,1013,-90,33183,3496,31772,5308,-322,725,122,3,3
633,33205,30313,-2219,13072,-781,403,-653,33205,-3494,15863,-1177,385,246,-164,33226,-12544,29560,6371,147,1340,-198,33226,-6365,-32335,6749,68,1087,-161,33205,3418,31819,5308,-288,758,122,3,3
634,33227,30313,-2193,13098,-781,435,-645,33227,-3494,15863,-1177,385,246,-164,33248,-12544,29560,6371,147,1388,-198,33248,-6365,-32335,6795,68,1087,-161,33227,3418,31819,5321,-263,758,124,3,3
635,33249,30309,-2193,13098,-781,435,-645,33249,-3558,15863,-1196,385,246,-166,33270,-12546,29560,6330,68,1388,-198,33270,-6365,-32341,6795,60,1087,-214,33249,3418,31819,5321,-263,758,124,3,3
636,33271,30309,-2140,13431,-753,456,-605,33271,-3575,15866,-1219,373,242,-166,33292,-12567,29560,6227,-34,1424,-127,33292,-6333,-32345,6795,60,1142,-254,33271,3459,31840,5284,-218,873,127,3,3
637,33293,30312,-2140,13431,-741,456,-595,33293,-3575,15866,-1219,373,242,-158,33314,-12567,29560,6227,-34,1424,-122,33314,-6333,-32345,6776,11,1141,-254,33293,3459,31840,5284,-218,873,148,3,3
638,33315,30312,-2140,13431,-741,456,-595,33315,-3575,15866,-1227,340,239,-158,33336,-12583,29560,6227,-111,1424,-122,33336,-6333,-32345,6776,5,1127,-264,33315,3459,31840,5225,-218,873,148,3,3
639,33337,30406,-2111,13645,-723,447,-565,33337,-3537,15870,-1234,307,239,-143,33358,-12595,29560,6240,-168,1440,-182,33358,-6433,-32328,6776,-52,1062,-281,33337,3420,31854,5212,-169,1011,178,3,3
640,33359,30406,-2111,13645,-723,447,-564,33359,-3537,15870,-1234,307,253,-143,34160,-12604,29560,6240,-168,1408,-182,34160,-6433,-32326,6776,-52,1062,-281,33359,3420,31856,5212,-160,1011,236,4,3
641,34161,30406,-2111,13645,-723,405,-564,34161,-3537,15870,-1234,282,253,-143,34182,-12604,29560,6240,-168,1408,-227,34182,-6433,-32326,6776,-107,969,-331,34161,3391,31856,5212,-160,1011,236,4,3
642,34183,30452,-2051,13769,-715,310,-547,34183,-3508,15873,-1230,269,304,-139,34204,-12604,29582,6224,-148,1302,-227,34204,-6304,-32312,6776,-253,690,-610,34183,3369,31864,5243,-116,954,413,4,3
643,34205,30454,-2051,13769,-702,310,-547,34205,-3508,15875,-1230,269,324,-139,34226,-12525,29660,6224,-56,1302,-165,34226,-6112,-32312,6776,-253,690,-610,34205,3369,31860,5243,-116,954,413,4,3
644,34227,30454,-2051,13752,-702,298,-547,34227,-3508,15875,-1230,262,324,-139,34248,-12525,29660,6224,-56,1194,-165,34248,-6112,-32368,6748,-362,477,-820,34227,3369,31860,5243,-142,695,413,4,3
645,34249,30490,-2116,13740,-663,289,-539,34249,-3436,15902,-1160,254,412,-174,34270,-12453,29747,6250,61,1113,-114,34270,-5713,-32410,6641,-393,318,-928,34249,3608,31839,5286,-162,500,525,4,3
646,34271,30492,-2116,13740,-663,289,-539,34271,-3384,15927,-1160,254,457,-174,34292,-12453,29747,6294,61,1113,-101,34292,-5663,-32410,6641,-393,318,-928,34271,3648,31839,5286,-162,500,525,4,3
647,34293,30492,-2193,13740,-672,283,-575,34293,-3384,15927,-1160,251,457,-249,34314,-12453,29747,6294,61,1015,-101,34314,-5663,-32441,6560,-393,217,-928,34293,3648,31825,5286,-162,365,525,4,3
648,34315,30539,-2250,13771,-764,253,-659,34315,-3325,15967,-1111,249,711,-305,34336,-12345,29808,6346,159,893,-113,34336,-5339,-32480,6502,-369,166,-820,34315,3788,31812,5318,-154,338,601,4,3
649,34337,30539,-2250,13771,-764,253,-659,34337,-3325,15967,-1111,249,711,-305,34358,-12345,29808,6346,323,893,-113,34358,-5339,-32480,6502,-367,166,-723,34337,3870,31812,5320,-83,338,601,4,3
650,34359,30539,-2253,13742,-848,217,-722,34359,-3325,15967,-1111,249,711,-305,34380,-12345,29808,6346,323,620,-146,34380,-5339,-32492,6458,-367,166,-723,34359,3870,31775,5320,-83,243,601,4,3
651,34381,30610,-2253,13666,-965,136,-750,34381,-3363,15965,-1111,254,712,-277,34402,-12202,29882,6359,519,396,-171,34402,-5214,-32501,6435,-330,271,-543,34381,3997,31715,5340,42,243,697,4,3
652,34403,30610,-2203,13666,-965,136,-750,34403,-3363,15965,-1111,268,712,-180,34424,-12202,29882,6349,519,396,-171,34424,-5214,-32501,6435,-330,271,-543,34403,4090,31715,5340,43,246,697,4,3
653,34425,30610,-2203,13609,-1035,75,-750,34425,-3392,15957,-1111,268,642,-180,34446,-12202,29882,6327,519,247,-171,34446,-5214,-32501,6418,-330,271,-543,34425,4090,31668,5340,43,246,697,4,3
654,34447,30657,-2166,13566,-1044,2,-734,34447,-3392,15957,-1111,289,475,-23,34468,-12011,30035,6237,666,116,-142,34468,-5070,-32507,6393,-303,285,-425,34447,4373,31627,5353,189,164,561,4,3
655,34469,30657,-2166,13566,-1044,2,-734,34469,-3355,15957,-1096,289,475,-23,34490,-12011,30035,6237,669,116,-122,34490,-5070,-32507,6393,-291,285,-425,34469,4373,31627,5353,189,164,561,4,3
656,34491,30657,-2166,13510,-1044,-104,-734,34491,-3355,15957,-1096,289,350,-23,34512,-12011,30035,6169,669,58,-122,34512,-5070,-32514,6374,-291,265,-425,34491,4373,31596,5278,189,121,293,4,3
657,34513,30663,-2120,13378,-1037,-184,-725,34513,-3257,15963,-1048,299,350,31,34534,-11958,29960,6118,777,22,14,34534,-4928,-32519,6360,-192,230,-349,34513,4555,31577,5124,215,-50,47,4,3
658,34535,30663,-2118,13378,-1037,-184,-725,34535,-3256,15967,-1028,299,419,31,34556,-11958,29960,6118,777,22,21,34556,-4910,-32519,6360,-156,230,-349,34535,4555,31577,5124,215,-50,47,4,3
659,34557,30663,-2118,13279,-1037,-184,-725,34557,-3256,15969,-1028,299,419,31,34578,-11976,29890,6080,777,22,21,34578,-4910,-32523,6350,-156,187,-349,34557,4520,31562,5065,215,-50,-88,4,3
660,34579,30663,-2062,13247,-1020,-149,-677,34579,-3212,15970,-1038,319,562,37,34600,-11990,29837,6076,604,367,78,34600,-4758,-32528,6348,-27,154,-206,34579,4484,31553,5020,188,0,-129,4,3
661,34601,30663,-2052,13247,-1020,-149,-668,34601,-3212,15976,-1038,321,562,37,34622,-11990,29837,6076,604,428,78,34622,-4758,-32528,6348,-19,154,-117,34601,4484,31553,5020,188,0,-129,4,3
662,34623,30663,-2052,13247,-1020,-149,-668,34623,-3212,15976,-1045,321,562,37,34644,-12020,29837,6076,437,428,78,34644,-4758,-32550,6347,-19,120,-117,34623,4469,31553,4987,141,0,-129,4,3
663,34645,30695,-1969,13251,-948,-155,-600,34645,-3179,15981,-1058,341,497,92,34666,-12020,29907,6077,235,726,91,34666,-4746,-32566,6347,113,95,67,34645,4469,31596,4958,66,78,-86,4,3
664,34667,30739,-1969,13253,-903,-155,-587,34667,-3156,15981,-1058,341,497,92,34688,-11997,29935,6077,235,726,91,34688,-4746,-32566,6380,122,95,67,34667,4481,31596,4958,66,80,-86,4,3
665,34689,30739,-1969,13253,-903,-159,-587,34689,-3156,15981,-1058,329,467,92,34710,-11997,29935,6077,151,726,91,34710,-4765,-32578,6380,122,89,67,34689,4481,31596,4922,19,80,-86,4,3
666,34711,30764,-1930,13285,-742,-159,-550,34711,-3101,15969,-1079,315,461,123,34732,-11975,29929,6067,119,958,105,34732,-4815,-32587,6405,228,89,123,34711,4522,31621,4909,16,200,-109,4,3
667,34733,30764,-1930,13285,-742,-111,-550,34733,-3101,15969,-1079,315,461,123,34754,-11975,29929,6067,119,958,105,34754,-4815,-32587,6409,228,117,123,34733,4522,31621,4909,16,200,-109,4,3
668,34755,30764,-1930,13285,-742,-111,-550,34755,-3101,15958,-1094,304,461,115,34776,-11975,29924,6060,95,958,105,34776,-4853,-32587,6409,228,117,56,34755,4511,31621,4909,16,200,-126,4,3
669,34777,30717,-1933,13313,-673,-44,-545,34777,-3177,15932,-1155,302,547,31,34798,-12001,29897,6041,77,998,37,34798,-4873,-32584,6438,226,225,-89,34777,4499,31659,4943,16,277,-126,4,3
670,34799,30717,-1933,13321,-673,-29,-545,34799,-3177,15932,-1155,302,559,31,34820,-12001,29897,6041,77,998,37,34820,-4873,-32584,6438,226,225,-89,34799,4499,31659,4943,16,277,-99,4,3
671,34821,30678,-1935,13321,-673,-29,-545,34821,-3242,15913,-1200,302,559,-45,34842,-12020,29897,6026,77,998,-22,34842,-4873,-32584,6438,198,225,-176,34821,4446,31659,4943,16,277,-99,4,3
672,34843,30630,-1937,13380,-728,123,-560,34843,-3291,15910,-1205,311,517,-106,34864,-12189,29904,6015,125,936,-147,34864,-4854,-32582,6468,142,259,-217,34843,4442,31654,4887,-4,314,46,4,3
673,34865,30630,-1937,13416,-728,145,-560,34865,-3291,15910,-1205,320,517,-106,34886,-12189,29904,6015,125,936,-147,34886,-4826,-32582,6474,142,259,-217,34865,4442,31654,4887,-4,314,65,4,3
674,34887,30630,-1937,13416,-795,145,-580,34887,-3291,15910,-1209,320,478,-106,34908,-12189,29904,6015,88,936,-185,34908,-4816,-32590,6474,100,259,-217,34887,4439,31650,4845,-19,307,65,4,3
675,34909,30652,-1922,13488,-845,245,-608,34909,-3288,15913,-1220,352,336,-105,34930,-12353,29942,6021,47,1117,-213,34930,-4805,-32600,6533,42,281,-171,34909,4439,31650,4767,-59,302,191,4,3
676,34931,30698,-1914,13488,-845,245,-608,34931,-3275,15913,-1220,352,336,-78,34952,-12353,29942,6021,47,1117,-213,34952,-4797,-32600,6533,42,281,-171,34931,4475,31675,4767,-59,302,191,4,3
677,34953,30698,-1914,13486,-845,245,-632,34953,-3275,15913,-1228,352,227,-78,34974,-12353,29942,6021,-7,1117,-224,34974,-4797,-32600,6533,-5,281,-182,34953,4479,31675,4767,-98,295,191,4,3
678,34975,30733,-1897,13440,-838,298,-678,34975,-3279,15914,-1228,363,106,-52,34996,-12326,30068,6043,-66,1324,-233,34996,-4883,-32570,6523,-73,322,-224,34975,4502,31694,4771,-159,295,226,4,3
679,34997,30733,-1897,13440,-838,298,-678,34997,-3279,15914,-1217,363,106,-52,35018,-12326,30098,6045,-66,1496,-233,35018,-4883,-32564,6523,-73,401,-224,34997,4543,31694,4771,-159,344,226,4,3
680,35019,30733,-1966,13388,-838,298,-729,35019,-3282,15914,-1217,363,8,-52,35040,-12326,30098,6045,-395,1496,-239,35040,-4948,-32564,6350,-144,401,-281,35019,4543,31682,4771,-245,344,226,4,3
681,35041,30760,-2048,13293,-872,-16,-773,35041,-3302,15918,-1208,392,-197,-42,35062,-12638,30273,6369,-697,1960,-345,35062,-5738,-31564,6128,-199,1101,-806,35041,4623,31653,4774,-377,621,252,4,3
682,35063,30760,-2048,13293,-872,-16,-773,35063,-3302,15923,-1206,411,-197,-42,35084,-12638,30273,6369,-697,3050,-345,35084,-5738,-31564,6128,-199,1278,-806,35063,4623,31653,4774,-377,621,267,4,3
683,35085,29760,-2050,13109,-889,-515,-773,35085,-3338,15923,-1206,411,-434,-42,35106,-12638,30240,6230,-1679,3050,-527,35106,-6331,-31564,5962,-199,1278,-2049,35085,4623,31629,3834,-503,621,267,4,3
684,35107,28760,-2051,12699,-889,-2067,-720,35107,-3515,15930,-1123,473,-888,-103,35128,-12320,30216,5774,-1679,4718,-1434,35128,-6331,-30564,5747,-165,3278,-3216,35107,4715,30629,3129,-570,918,909,4,3
685,35129,28760,-2051,12699,-841,-2067,-602,35129,-3515,15930,-1120,549,-888,-103,35150,-11638,30216,5774,-1426,4718,-1434,35150,-5331,-30564,5747,-158,3278,-3216,35129,4715,30629,3129,-570,918,1628,4,3
686,35151,27760,-2126,11820,-841,-3461,-602,35151,-3647,15917,-1120,549,-1423,-234,35172,-11638,30216,5432,-1426,4718,-2820,35172,-5331,-30564,5586,-158,3278,-3855,35151,4715,30165,3129,-620,884,1628,4,3
687,35173,27760,-2488,10935,-1215,-4603,-749,35173,-3647,15872,-784,972,-2384,-545,35194,-10638,30420,5372,-938,3109,-4346,35194,-4476,-30273,5465,-25,5278,-4151,35173,4784,30165,4034,-620,858,2635,4,3
688,35195,28682,-2488,10935,-1215,-4603,-749,35195,-3473,15872,-769,1080,-2384,-545,35216,-10638,30420,5372,-347,3109,-4346,35216,-4331,-30273,5465,317,5278,-4151,35195,4942,30249,4046,-553,858,2635,4,3
689,35217,28682,-2778,9973,-1818,-5871,-1148,35217,-3473,15825,-769,1080,-3105,-865,35238,-10638,29943,5327,-347,1109,-6108,35238,-4331,-30273,5465,317,5278,-4151,35217,4942,30249,4046,-553,858,2635,4,3
690,35239,29197,-2995,8973,-2580,-7871,-1447,35239,-2773,15701,-689,1573,-3126,-1309,35260,-10604,29463,5231,1122,-891,-7573,35260,-3818,-29958,5880,709,5995,-3840,35239,5112,30152,4722,-403,1902,3390,4,3
691,35261,29197,-2995,8973,-2580,-7871,-1447,35261,-2773,15701,-689,1573,-3126,-1309,35282,-10604,29463,5231,1122,-891,-7573,35282,-3818,-29273,5880,724,5995,-3840,35261,5112,30152,4722,-268,1970,3428,4,3
692,35283,29197,-2995,8009,-2580,-9784,-1447,35283,-2773,15629,-689,1573,-3126,-1660,35304,-10785,29179,4969,1122,-2475,-8548,35304,-3818,-29273,5880,724,5599,-3840,35283,5112,30038,4722,-268,1970,3428,4,3
693,35305,29563,-1995,7380,-2544,-11720,-964,35305,-2506,15629,-678,1986,-2624,-2173,35326,-11450,28966,4514,1936,-3393,-9167,35326,-3449,-28273,5820,1566,5232,-3778,35305,5672,29706,5722,-76,2804,3463,4,3
694,35327,29563,-1995,7380,-2251,-11720,-964,35327,-2506,15658,-678,2006,-1931,-2173,35348,-11450,28966,4514,1936,-3393,-9167,35348,-3449,-28273,5820,1641,5232,-3778,35327,6008,29706,5722,-76,2804,3463,4,3
695,35349,29563,-1995,6909,-2251,-13222,-964,35349,-2506,15658,-678,2006,-1931,-2800,35370,-12109,28806,4514,1610,-3393,-9403,35370,-3449,-28273,5820,1641,4561,-3778,35349,6008,29419,5722,-81,1437,2966,4,3
696,35371,29606,-1628,6361,-1185,-14692,-906,35371,-2306,15675,-670,1941,-910,-3894,35392,-13109,27806,4619,1365,-2984,-9580,35392,-2880,-28670,5855,2390,2838,-3575,35371,6366,29204,6223,-656,412,2594,4,3
697,35393,29606,-1628,6361,-1017,-14692,-906,35393,-2306,15675,-670,1941,-895,-3894,35414,-13109,27806,5337,1365,-1888,-9580,35414,-2880,-28670,5855,2393,2838,-3575,35393,6366,29204,6223,-656,412,2594,4,3
698,35415,29176,-1628,5870,-1017,-15794,-906,35415,-2306,15646,-752,1723,-895,-4957,35436,-14109,26806,5337,1115,-1888,-10382,35436,-2880,-28670,5855,2393,904,-3575,35415,5844,28769,5707,-1173,171,2594,4,3
699,35437,28264,-1311,5428,-18,-16621,-862,35437,-2995,15020,-1053,1559,1105,-5765,35458,-15109,25806,6026,-104,112,-11244,35458,-2817,-28968,6355,2744,-803,-3630,35437,5755,28442,5707,-1575,-9,3246,4,3
700,35459,28264,-1227,5428,340,-16621,-584,35459,-2995,15020,-1053,1559,1105,-5765,35480,-15109,25806,6026,-104,112,-11244,35480,-2817,-28968,6403,2744,-803,-3630,35459,5755,28204,5707,-1575,-9,3351,4,3
701,35481,27454,-1227,5097,340,-17142,-584,35481,-3768,14471,-1541,1532,1105,-6371,35502,-16109,24988,5345,-1019,112,-11890,35502,-2817,-29100,6403,2744,-2803,-3713,35481,5688,28442,5472,-1876,-144,3351,4,3
702,35503,26970,-1010,4566,1104,-17317,-622,35503,-4550,14049,-2100,1512,1586,-6826,35524,-16881,24375,4834,-1705,2112,-13616,35524,-2770,-29199,6960,2803,-4434,-4269,35503,5638,28517,5296,-2483,-144,4146,4,3
703,35525,26970,-1010,4566,1104,-17317,-622,35525,-4550,14049,-2100,1512,1586,-6826,35546,-16881,24375,4834,-1705,2112,-13616,35546,-2770,-29199,6960,2803,-4434,-4269,35525,5638,28695,5296,-2483,466,4941,4,3
704,35547,26607,-1183,4000,1104,-17414,-816,35547,-5273,13664,-2404,1362,1586,-7231,35568,-17460,23613,4451,-1705,1688,-15354,35568,-2770,-29651,6960,2803,-5417,-5047,35547,5638,28695,5164,-2938,466,4941,4,3
705,35569,26375,-2013,3402,746,-17414,-1242,35569,-5821,12880,-2566,753,1402,-8221,35590,-18460,23041,4298,-953,1134,-17354,35590,-2219,-29651,7500,2909,-5785,-5970,35569,6470,28553,5164,-3935,-503,6173,4,3
706,35591,26375,-2013,3402,746,-17274,-1242,35591,-5821,12880,-2566,753,1402,-8221,35612,-18460,23041,4298,-953,1134,-17354,35612,-2127,-29651,7678,3044,-5785,-5970,35591,6638,28553,5521,-3935,-503,6173,4,3
707,35613,26375,-2257,2813,-45,-17274,-1416,35613,-6296,12112,-2688,296,1402,-8964,35634,-19460,22136,4298,-953,955,-18967,35634,-2127,-29990,7678,3044,-5785,-6780,35613,6638,28446,5521,-4954,-1229,6173,4,3
708,35635,26513,-2440,2141,-639,-16808,-1636,35635,-7217,11536,-2783,233,1466,-9453,35656,-20460,21136,4569,666,955,-19782,35656,-1127,-30498,8216,3224,-6055,-7400,35635,7462,28446,5970,-5902,-1774,6791,4,3
709,35657,26725,-2440,2141,-639,-16719,-1636,35657,-7217,11536,-2783,233,1466,-9453,35678,-20460,21136,4769,666,999,-19782,35678,-1127,-30498,8216,3224,-6055,-7400,35657,7638,28668,5970,-5902,-1774,6791,4,3
710,35679,26725,-2440,1637,-724,-16719,-1857,35679,-8062,11227,-3042,233,1466,-9555,35700,-21460,20136,4769,666,999,-20394,35700,-1127,-30623,8216,3224,-6055,-7920,35679,7638,28802,5970,-7033,-2183,6791,4,3
711,35701,26988,-2443,881,-786,-16303,-2107,35701,-8696,10995,-3237,587,646,-9631,35722,-22460,19136,5256,2129,1851,-21086,35722,-127,-30983,8644,3325,-5874,-8618,35701,8566,28835,6349,-7917,-3215,7432,4,3
712,35723,27386,-2443,881,-786,-16100,-2107,35723,-8696,10995,-3237,587,646,-9631,35744,-22460,19136,5256,2129,1851,-21086,35744,-127,-30983,8644,3325,-5646,-8618,35723,8570,28835,6535,-7917,-3215,7458,4,3
713,35745,27386,-2446,-119,-833,-16100,-2294,35745,-9171,10584,-3346,382,31,-9688,35766,-23291,18136,5256,2129,1851,-21915,35766,-127,-30987,8644,3325,-5646,-9219,35745,8570,28684,6535,-8325,-3762,7458,4,3
714,35767,27849,-2446,-1119,-833,-14787,-2294,35767,-9972,10065,-3428,228,-63,-9861,35788,-23914,17136,5460,2822,2490,-22682,35788,799,-31252,9135,2656,-4858,-9682,35767,9565,28405,7303,-8325,-3767,8205,4,3
715,35789,27881,-2198,-1119,-787,-14554,-2165,35789,-9972,10065,-3428,228,-63,-9861,35810,-23914,17136,5460,2822,2490,-22682,35810,873,-31252,9207,2656,-4858,-9682,35789,9570,28405,7303,-8171,-3767,8393,4,3
716,35811,27881,-2166,-2119,-787,-14554,-2165,35811,-10690,9676,-3610,228,-134,-9991,35832,-24381,16136,5460,2822,2490,-23257,35832,873,-31252,9207,1664,-4858,-9982,35811,9570,28143,7303,-8171,-3767,8393,4,3
717,35833,28663,-2012,-3119,-1011,-13381,-2033,35833,-11280,9384,-3746,616,-936,-10129,35854,-25381,15152,5423,2605,3505,-23653,35854,1873,-31277,9629,609,-4239,-10136,35833,10570,27587,7885,-7306,-3460,8901,4,3
718,35855,28757,-1988,-3119,-1011,-12842,-1791,35855,-11280,9384,-3746,616,-936,-10129,35876,-25381,15152,5423,2605,3505,-23653,35876,1873,-31277,9629,609,-4239,-10136,35855,10570,27587,7885,-6405,-3342,8901,4,3
719,35877,28757,-1988,-4119,-1179,-12842,-1791,35877,-11723,9115,-3746,616,-1538,-10268,35898,-25381,14152,5009,2530,3505,-23806,35898,1873,-31295,9629,-447,-4239,-10136,35877,10570,27394,7885,-6405,-3342,8901,4,3
720,35899,27757,-1854,-5119,-1264,-11416,-1616,35899,-12343,8845,-3568,879,-1797,-10372,35920,-24381,13152,4452,2530,4805,-23957,35920,2873,-31507,9883,-1239,-3254,-9963,35899,11570,27249,8345,-4405,-2885,8905,4,3
721,35921,27757,-1826,-5119,-1264,-11040,-1616,35921,-12343,8845,-3538,879,-1797,-10372,35942,-24381,13152,4452,2730,5186,-23957,35942,2873,-31507,9883,-1239,-3254,-9750,35921,11570,27249,8345,-4405,-2336,8905,4,3
722,35943,27757,-1826,-6119,-1328,-11040,-1616,35943,-12863,8626,-3538,879,-1991,-10406,35964,-24381,12152,3731,2730,5186,-24070,35964,2873,-31508,9883,-1555,-3254,-9750,35943,11570,27140,8345,-4405,-2336,8884,4,3
723,35965,27900,-1705,-7119,-1641,-9040,-1943,35965,-13337,8222,-3333,1679,-2000,-10431,35986,-23381,11152,2731,2950,5254,-24155,35986,3873,-31508,8988,-1555,-2759,-9314,35965,12570,26865,8550,-3360,-1549,8500,4,3
724,35987,27900,-1705,-7119,-1641,-9040,-1943,35987,-13337,8222,-3245,1679,-2000,-10431,36008,-23381,11152,2731,3102,5254,-24155,36008,3873,-31083,8988,-1236,-2759,-9187,35987,12570,26865,8550,-3360,-1546,8500,4,3
725,36009,27900,-1705,-8119,-1876,-9040,-2188,36009,-13693,7919,-3245,1679,-2000,-10474,36030,-23381,10152,1731,3102,4931,-24155,36030,3873,-31083,8317,-1236,-2759,-9187,36009,12570,26630,8462,-3360,-1546,8104,4,3
726,36031,26900,-1614,-9119,-1876,-7040,-2288,36031,-14423,7589,-2929,1881,-1532,-10586,36052,-22381,9152,966,3430,4689,-23462,36052,4873,-30666,8181,-723,-2397,-8356,36031,13570,25912,8396,-3942,-955,7522,4,3
727,36053,26900,-1146,-9119,-1746,-7040,-2288,36053,-14423,7589,-2929,1881,-1532,-10586,36074,-22381,9152,966,4045,4689,-22951,36074,4873,-30666,8181,-26,-2397,-8317,36053,13570,25912,8396,-3942,-948,7522,4,3
728,36075,25900,-1146,-10119,-1746,-7040,-2354,36075,-15057,7342,-2929,1859,-1532,-10586,36096,-22381,8152,754,4045,4507,-22951,36096,4873,-30666,8181,-26,-2397,-8317,36075,13570,25374,8396,-4755,-948,7080,4,3
729,36097,24900,-889,-11117,-1414,-5040,-2375,36097,-15685,6783,-2704,1179,-1403,-10528,36118,-21381,7152,665,5354,4102,-21875,36118,5873,-30591,8565,1239,-2353,-7477,36097,14570,24970,9353,-5485,-500,6539,4,3
730,36119,24900,-889,-11117,-1339,-5040,-2375,36119,-15685,6783,-2704,1179,-1403,-10475,36140,-21381,7152,665,5354,4102,-21706,36140,5873,-30591,8565,1239,-2353,-7363,36119,14570,24970,9396,-5485,-353,6539,4,3
731,36141,23900,-889,-11625,-1339,-5040,-2375,36141,-16183,6130,-2704,336,-1403,-10475,36162,-21381,6152,665,5354,3798,-21706,36162,5873,-30591,8565,1239,-2353,-7363,36141,14570,24970,9396,-5685,-353,6040,4,3
732,36163,22900,-640,-11904,-982,-3040,-2238,36163,-16777,5544,-2608,-436,-1200,-10353,36184,-20381,5152,690,4753,3570,-19706,36184,6873,-30535,8731,1721,-2357,-6413,36163,15547,24671,10235,-5685,-118,5559,4,3
733,36185,22900,-640,-11904,-966,-3040,-2218,36185,-16777,5544,-2608,-436,-1006,-10219,36206,-20381,5152,690,4753,3570,-19706,36206,6873,-30535,8731,1721,-2357,-6264,36185,15555,24671,10351,-5312,-118,5559,4,3
734,36207,21900,-640,-12002,-966,-3040,-2218,36207,-17259,5085,-2608,-1006,-1006,-10219,36228,-20381,4152,423,3858,3399,-19706,36228,6873,-30535,8731,1721,-2357,-6264,36207,15555,24447,10351,-5312,-118,5166,4,3
735,36229,20900,-453,-12002,-710,-1239,-2071,36229,-17746,4539,-2536,-1356,-708,-9529,36250,-19381,3152,-220,2360,2472,-17706,36250,7873,-30521,9130,1598,-2203,-5124,36229,16498,24279,10885,-3887,-17,4601,4,3
736,36251,20900,-453,-11699,-710,-1239,-2031,36251,-17746,4539,-2439,-1356,-708,-9066,36272,-19381,3152,-220,2360,2472,-17706,36272,7873,-30489,9130,1598,-2203,-5059,36251,16552,24279,10885,-3530,-17,4601,4,3
737,36273,19900,-453,-11699,-710,-1239,-2031,36273,-18062,4093,-2439,-1400,-708,-9066,36294,-19381,2152,-755,1236,2058,-17706,36294,7873,-30489,9130,1447,-2203,-5059,36273,16552,24115,10885,-3530,-17,4127,4,3
738,36295,18900,-359,-11240,-605,-1247,-1890,36295,-18299,3686,-2233,-1400,-519,-7714,36316,-18381,1152,-1156,739,1837,-15706,36316,8873,-30454,9429,1334,-1957,-3898,36295,17364,23998,10875,-2242,-136,3509,4,3
739,36317,18900,-317,-11240,-605,-1247,-1871,36317,-18299,3686,-2219,-1367,-519,-7473,36338,-18381,1152,-1156,739,1837,-15706,36338,8873,-30438,9429,1334,-1957,-3739,36317,17396,23998,10875,-2242,-136,3509,4,3
740,36339,17900,-317,-11240,-605,-1521,-1871,36339,-18315,3331,-2219,-1367,-519,-7473,36360,-18381,212,-1437,671,1837,-15706,36360,8873,-30438,9429,1276,-1957,-3739,36339,17396,23910,10874,-2242,-280,2840,4,3
741,36361,16900,-131,-10878,-528,-1803,-1732,36361,-18315,3033,-2013,-1226,-298,-5868,36382,-17381,-588,-1527,620,2148,-13706,36382,9659,-30314,9687,1232,-1541,-2578,36361,18029,23780,10874,-1441,-504,1986,4,3
742,36383,16900,-113,-10878,-528,-1803,-1732,36383,-18295,3033,-2013,-1178,-253,-5709,36404,-17381,-588,-1527,620,2148,-13706,36404,9659,-30314,9687,1232,-1494,-2494,36383,18029,23780,10973,-1441,-504,1986,4,3
743,36405,15900,-113,-10878,-528,-2463,-1732,36405,-18295,2781,-2013,-1178,-253,-5709,36426,-17381,-1329,-1531,582,2148,-13706,36426,9659,-30314,9687,1119,-1494,-2494,36405,18029,23683,10973,-1441,-694,1226,4,3
744,36427,14900,49,-10870,-488,-3340,-1533,36427,-18229,2592,-1952,-1008,-152,-4107,36448,-16381,-1884,-1531,388,2352,-11706,36448,10118,-30305,9971,663,-986,-1336,36427,18257,23683,11095,-824,-927,615,4,3
745,36449,14900,67,-10870,-457,-3340,-1533,36449,-18176,2592,-1952,-1003,-152,-3970,36470,-16381,-1884,-1531,388,2352,-11706,36470,10118,-30305,10059,663,-897,-1208,36449,18257,23690,11177,-592,-927,615,4,3
746,36471,13900,67,-10932,-457,-4019,-1533,36471,-18176,2546,-1952,-1003,-152,-3970,36492,-16381,-2120,-1534,-80,2320,-11706,36492,10118,-30370,10059,190,-897,-1208,36471,18257,23690,11177,-592,-1118,144,4,3
747,36493,12900,248,-11315,-327,-4595,-1415,36493,-18115,2546,-1965,-711,-76,-2329,36514,-15381,-2185,-1536,-1440,1658,-9706,36514,10372,-30441,10272,-630,-123,52,36493,18382,23695,11330,180,-1261,-353,4,3
748,36515,12900,280,-11315,-327,-4595,-1415,36515,-18115,2547,-1965,-648,-75,-2204,36536,-15381,-2185,-1536,-1440,1658,-9706,36536,10372,-30441,10330,-630,-98,228,36515,18382,23695,11330,366,-1261,-353,4,3
749,36537,11900,280,-11814,-327,-5602,-1415,36537,-18115,2547,-2013,-648,-75,-2204,36558,-15381,-2185,-1578,-2530,1033,-9706,36558,10372,-30504,10337,-1489,-98,228,36537,18382,23695,11275,366,-1261,-755,4,3
750,36559,10900,330,-12318,-281,-6629,-1327,36559,-18081,2608,-2059,-277,28,-586,36580,-14381,-1586,-1755,-3690,226,-7706,36580,10481,-30542,10262,-2445,810,1476,36559,18476,23795,11064,1325,-748,-1244,4,3
751,36581,10900,330,-12318,-281,-6629,-1259,36581,-18081,2627,-2059,-149,29,-407,36602,-14381,-1334,-1755,-3690,226,-7706,36602,10481,-30542,10262,-2445,810,1540,36581,18568,23905,11064,1371,-729,-1244,4,3
752,36603,9900,330,-12832,-282,-7374,-1259,36603,-18081,2627,-2113,-149,29,-407,36624,-14381,-1334,-1755,-4534,-725,-7706,36624,10311,-30580,10054,-3277,810,1540,36603,18568,23905,10834,1371,-729,-1745,4,3
753,36625,8900,235,-13614,-283,-7374,-794,36625,-18044,2753,-2154,433,182,1324,36646,-13381,-604,-1668,-5040,-1581,-5706,36646,10107,-30711,9792,-3913,1415,2612,36625,18666,24116,10427,2079,-116,-2443,4,3
754,36647,8900,235,-13614,-283,-6943,-732,36647,-18007,2835,-2154,560,242,1502,36668,-13381,-542,-1286,-5040,-1581,-5706,36668,10107,-30742,9792,-3913,1415,2612,36647,18666,24116,10427,2079,-92,-2443,4,3
755,36669,7900,235,-14432,-283,-6943,-732,36669,-18007,2835,-2185,560,242,1502,36690,-13381,-542,-1286,-5205,-2431,-5706,36690,9818,-30869,9572,-4220,1415,2612,36669,18666,24116,10122,2079,-92,-2970,4,3
756,36691,6900,164,-15096,5,-5790,141,36691,-17921,3068,-2281,1158,507,3333,36712,-12381,91,-768,-5329,-3137,-3706,36712,9567,-30987,9281,-4356,1813,3406,36691,18485,24275,9905,2206,366,-3438,4,3
757,36713,6900,164,-15096,93,-5098,149,36713,-17840,3200,-2281,1158,510,3502,36734,-12381,379,-736,-5329,-3137,-3706,36734,9567,-30987,9281,-4356,1813,3406,36713,18485,24275,9905,2206,366,-3438,4,3
758,36735,5900,111,-15450,93,-5098,149,36735,-17840,3200,-2377,1158,510,3502,36756,-12381,379,-736,-5422,-3667,-3706,36756,9365,-31146,9062,-4356,1813,3406,36735,18349,24275,9770,2206,366,-3792,4,3
759,36757,4900,-196,-15605,375,-3098,680,36757,-17552,3647,-2529,1479,816,5459,36778,-11381,1379,-228,-5655,-3737,-1706,36778,9172,-31265,8806,-4302,1942,4005,36757,18165,24468,9641,2276,715,-4097,4,3
760,36779,4900,-196,-15605,455,-3098,680,36779,-17552,3804,-2529,1479,990,5502,36800,-11381,1379,-26,-5655,-3737,-1706,36800,9172,-31265,8806,-4249,1942,4057,36779,18165,24468,9641,2276,715,-4097,4,3
761,36801,3900,-510,-15605,455,-3098,680,36801,-17552,3804,-2663,1479,990,5502,36822,-11381,1379,-26,-6132,-4111,-1706,36822,8979,-31312,8340,-4249,1942,4057,36801,18087,24468,9544,2276,715,-4386,4,3
762,36823,2900,-694,-14919,576,-1098,736,36823,-17103,4514,-2791,1564,1402,7216,36844,-12381,2379,842,-6611,-4341,294,36844,8552,-31348,7991,-3875,1949,4976,36823,18029,24613,9294,2447,818,-4837,4,3
763,36845,2900,-694,-14605,638,-1098,736,36845,-16921,4717,-2791,1564,1424,7222,36866,-12381,2379,842,-6611,-4341,294,36866,8552,-31348,7991,-3643,1949,5108,36845,18029,24747,9294,2447,818,-4837,4,3
764,36867,1900,-904,-14605,638,-1098,535,36867,-16921,4717,-2896,1564,1424,7222,36888,-13381,2379,842,-7184,-4564,294,36888,8188,-31348,7785,-3643,1949,5108,36867,17925,24747,9294,2419,818,-5279,4,3
765,36889,900,-1243,-13605,905,902,295,36889,-16260,5699,-2995,1597,1933,8572,36910,-14381,3379,1555,-7400,-4812,2294,36910,7785,-31311,7658,-3123,1954,6153,36889,17347,25182,9144,2381,895,-5858,4,3
766,36911,900,-1243,-13605,905,902,295,36911,-16180,5702,-2995,1597,1995,8607,36932,-14381,3379,1763,-7400,-4925,2294,36932,7785,-30348,7658,-2838,1954,6424,36911,17347,25182,9144,2381,1208,-5858,4,3
767,36933,900,-1804,-13605,905,902,108,36933,-16180,5702,-3050,1513,1995,8607,36954,-15381,3379,1763,-7400,-5133,2294,36954,7093,-30348,7563,-2838,1902,6424,36933,16858,25182,9032,2342,1208,-6449,4,3
768,36955,1900,-2224,-12605,798,2902,-81,36955,-15319,6702,-3095,846,2778,9525,36976,-16381,4379,2712,-6063,-5374,4294,36976,6476,-29348,7492,-2192,1501,7551,36955,16547,25740,8800,2331,2141,-7188,4,3
769,36977,1900,-2224,-12605,798,2902,-81,36977,-15201,6702,-3095,846,2811,9525,36998,-16381,4379,2763,-5776,-5374,4294,36998,6476,-29348,7492,-2192,1501,7610,36977,16547,25740,8800,2331,2141,-7188,4,3
770,36999,1900,-2610,-12605,718,2902,-223,36999,-15201,6702,-3128,91,2811,9525,37020,-17381,4379,2763,-5776,-5374,4294,37020,5997,-29348,7405,-2192,1260,7610,36999,16258,25740,8742,2331,2141,-7895,4,3
771,37021,2900,-2685,-11605,658,4902,-466,37021,-14225,7583,-3318,-823,3712,9872,37042,-18381,5379,3763,-3776,-4738,6294,37042,5152,-28348,7339,-1883,1116,8735,37021,15565,26605,8742,2843,1878,-8861,4,3
772,37043,2900,-2685,-11605,658,4902,-466,37043,-14201,7618,-3318,-823,3741,9872,37064,-18381,5379,3763,-3776,-4606,6294,37064,5152,-28348,7339,-1883,1116,8735,37043,15565,26647,8890,2950,1878,-8861,4,3
773,37065,2900,-2685,-11605,631,4902,-586,37065,-14201,7618,-3496,-1743,3741,9872,37086,-18971,5379,3763,-3776,-4606,6294,37086,4152,-28348,7339,-1883,1072,8735,37065,14777,26647,8890,2950,1681,-9586,4,3
774,37087,3900,-2511,-10605,575,6902,-586,37087,-13214,8319,-3630,-2714,4565,9710,37108,-18971,6379,4364,-1776,-3125,8294,37108,3152,-27348,7724,-1702,1039,9464,37087,13932,27087,8809,3719,1355,-10139,4,3
775,37109,3900,-2511,-10605,575,6902,-357,37109,-13214,8348,-3630,-2714,4565,9710,37130,-18570,6379,4364,-1776,-3125,8294,37130,3152,-27348,7736,-1702,1039,9464,37109,13932,27087,8809,3719,1355,-10139,4,3
776,37131,3900,-2511,-10605,514,6902,-357,37131,-13214,8348,-3630,-3399,4565,9589,37152,-18570,6379,4364,-1776,-3125,8294,37152,2152,-28317,7736,-1702,788,9464,37131,13271,27087,8392,3719,1110,-10499,4,3
777,37153,4900,-2477,-9605,267,8902,-104,37153,-12474,8867,-3619,-3810,4088,9589,37174,-17599,7379,4367,129,-2834,10294,37174,1282,-29043,7630,-1836,2,9781,37153,12271,27417,7956,3696,915,-10769,4,3
778,37175,4900,-2477,-9605,267,8902,-104,37175,-12402,8883,-3421,-3810,4088,9649,37196,-17570,7379,4367,224,-2834,10294,37196,1282,-29043,7630,-1836,2,9781,37175,12271,27753,7956,3696,915,-10769,4,3
779,37197,4900,-2477,-9605,-325,8902,-104,37197,-12402,8883,-3421,-4079,2800,9649,37218,-17570,7379,4255,224,-3001,10294,37218,997,-29560,7550,-1936,2,9781,37197,11271,27753,7956,3519,720,-10841,4,3
780,37219,5900,-2423,-8605,-828,10902,-104,37219,-11402,9382,-3254,-4079,1720,9650,37240,-16570,8379,4171,1216,-3725,11723,37240,416,-29948,7382,-1985,134,9835,37219,10271,28306,8029,3387,180,-10860,4,3
781,37241,5900,-2269,-8605,-828,10902,-104,37241,-11402,9562,-3219,-4079,1720,9650,37262,-16570,8379,4171,1216,-3725,11723,37262,416,-29948,7382,-1985,165,9835,37241,10271,28306,8029,3387,180,-10860,4,3
782,37263,5900,-2269,-8605,-1206,10902,-104,37263,-11402,9562,-3219,-4079,806,9529,37284,-16570,8379,4108,1216,-3947,11723,37284,-359,-30465,7360,-1985,165,9768,37263,9271,28306,7897,3387,-242,-10863,4,3
783,37285,4900,-2031,-7605,-1206,8902,-78,37285,-10402,10260,-3013,-3490,-563,9396,37306,-15570,9379,3943,958,-4491,12102,37306,-1359,-30852,7344,-1863,338,9669,37285,8733,28917,7656,3479,-559,-10863,4,3
784,37307,4900,-1701,-7605,-904,8902,-78,37307,-10402,10380,-2833,-3382,-563,9396,37328,-15570,9379,3830,958,-4491,12102,37328,-1359,-30852,7344,-1803,473,9669,37307,8733,28917,7656,3479,-559,-10847,4,3
785,37329,3900,-1701,-7605,-904,6902,-78,37329,-10402,10380,-2833,-3382,-1705,9207,37350,-15570,9379,3665,440,-4491,11789,37350,-2125,-31203,7226,-1803,473,9437,37329,8485,28917,7346,3479,-1099,-10847,4,3
786,37351,2925,-1275,-6605,-678,5176,-58,37351,-9402,11307,-2408,-2662,-2904,8874,37372,-14593,10379,3456,84,-3717,11211,37372,-2969,-31466,7085,-1547,859,9008,37351,8143,29459,6751,3335,-1763,-10710,4,3
787,37373,2925,-1275,-6605,-678,5176,-58,37373,-9402,11345,-2343,-2656,-2904,8874,37394,-14570,10379,3456,84,-3684,11211,37394,-2969,-31466,7085,-1518,859,9008,37373,8143,29459,6751,3335,-1763,-10710,4,3
788,37395,2193,-1275,-6605,-678,3882,-58,37395,-9402,11345,-2343,-2656,-3804,8503,37416,-14570,10379,3328,-182,-3684,10652,37416,-3602,-31663,6899,-1518,859,8507,37395,7873,29459,6019,2978,-2291,-10776,4,3
789,37417,1644,-956,-5605,-508,2911,-43,37417,-8402,12117,-1782,-2120,-4034,7735,37438,-13570,11379,3328,-382,-3048,10041,37438,-4373,-31811,6760,-1304,492,7444,37417,7112,29920,5470,2122,-2982,-10826,4,3
790,37439,1644,-956,-5605,-508,2911,-43,37439,-8402,12176,-1680,-2120,-4034,7735,37460,-13570,11379,3486,-382,-2403,10041,37460,-4373,-31811,6760,-1304,492,7444,37439,7112,30000,5470,2122,-2982,-10826,4,3
791,37461,1233,-956,-5605,-508,2183,-43,37461,-8402,12176,-1680,-2120,-4034,6996,37482,-13570,11379,3486,-609,-2403,9482,37482,-5079,-31846,6700,-1304,149,6460,37461,6112,30000,5470,1400,-3500,-10826,4,3
792,37483,924,-717,-4605,-381,1637,-32,37483,-7402,13024,-1312,-1830,-2899,6043,37504,-13049,12379,4306,-1215,-830,8892,37504,-5609,-31876,6655,-1089,-376,5560,37483,5112,30508,5570,834,-3500,-10284,4,3
793,37505,924,-717,-4605,-381,1637,-32,37505,-7402,13058,-1312,-1830,-2395,6043,37526,-13049,12379,4306,-1215,-403,8892,37526,-5609,-31876,6655,-1089,-376,5560,37505,5112,30508,5710,834,-3006,-9924,4,3
794,37527,693,-717,-4605,-381,1227,-32,37527,-7402,13058,-1312,-1830,-2395,5153,37548,-13049,12379,4306,-1822,-403,8311,37548,-6076,-31899,6585,-1089,-702,4646,37527,4112,30508,5710,594,-3006,-9924,4,3
795,37549,519,-537,-3605,-285,920,-24,37549,-6402,13723,-1084,-1683,-879,4275,37570,-12118,13379,4773,-2125,1597,7118,37570,-6356,-31952,6476,-821,-946,3811,37549,3284,30867,5944,594,-2635,-8823,4,3
796,37571,519,-537,-3605,-285,920,-24,37571,-6402,13723,-1084,-1683,-879,4275,37592,-12118,13379,4773,-2125,1597,7118,37592,-6356,-31952,6476,-726,-946,3811,37571,3284,30867,5944,647,-2635,-8758,4,3
797,37593,389,-537,-3605,-285,690,-24,37593,-6402,13723,-1084,-1683,-879,3525,37614,-12118,13379,4773,-2125,1597,5554,37614,-6500,-31952,6461,-726,-1056,3322,37593,2663,30867,5944,647,-2635,-8758,4,3
798,37615,291,-402,-2703,-213,517,-18,37615,-5608,14276,-865,-1393,22,2813,37636,-11576,14379,5051,-1875,951,3686,37636,-6500,-31998,6449,-421,-1138,3037,37615,2235,31124,5732,801,-2223,-6758,4,3
799,37637,291,-402,-2703,-213,517,-18,37637,-5475,14334,-865,-1361,22,2813,37658,-11576,14379,5051,-1288,951,3686,37658,-6316,-31998,6449,-421,-1138,3037,37637,2235,31226,5732,801,-1995,-6758,4,3
800,37659,218,-402,-2703,-213,387,-18,37659,-5475,14334,-865,-1361,22,2279,37680,-11576,14379,5051,-1288,457,2285,37680,-6316,-31998,6440,-421,-1138,3037,37659,1940,31226,5479,801,-1995,-6758,4,3
801,37681,218,-713,-2027,-470,387,-282,37681,-4645,14816,-821,-1109,590,1906,37702,-11438,15379,5260,-361,86,1208,37702,-6472,-31978,6440,-101,-993,3204,37681,1781,31495,5175,771,-1465,-4803,4,3
802,37703,1218,-713,-1703,-470,546,-282,37703,-4645,14816,-821,-1109,590,1906,37724,-11438,15379,5344,-361,86,1208,37724,-6472,-31944,6452,-42,-880,3204,37703,1781,31495,5175,771,-1465,-4803,4,3
803,37725,1218,-958,-1703,-663,546,-489,37725,-4645,14816,-821,-1109,590,1764,37746,-11438,15379,5344,-361,86,715,37746,-6985,-31944,6452,-42,-880,3204,37725,1755,31495,4903,740,-1465,-4803,4,3
804,37747,2218,-1146,-703,-663,447,-635,37747,-4251,15080,-796,-916,759,1658,37768,-11310,16379,5418,105,554,345,37768,-7416,-31846,6623,241,-509,2854,37747,1755,31619,4763,488,-1067,-3518,4,3
805,37769,2218,-1146,-703,-630,447,-635,37769,-4251,15080,-796,-916,759,1658,37790,-11310,16379,5473,105,554,345,37790,-7416,-31846,6719,241,-328,2854,37769,1782,31619,4763,488,-904,-3518,4,3
806,37791,2218,-1287,-703,-630,373,-635,37791,-4251,15080,-802,-916,759,1578,37812,-11310,16379,5473,105,554,232,37812,-7703,-31846,6719,241,-328,2372,37791,1782,31619,4704,278,-904,-3518,4,3
807,37813,3218,-1483,297,-462,318,-626,37813,-3955,15278,-807,-743,673,1419,37834,-11188,17379,5473,416,455,90,37834,-7919,-31822,6809,157,-127,1794,37813,1838,31712,4700,-26,-700,-2760,4,3
808,37835,3218,-1483,297,-428,318,-624,37835,-3940,15281,-807,-695,673,1419,37856,-11188,17379,5506,454,455,90,37856,-7919,-31822,6809,157,-127,1794,37835,1838,31716,4700,-26,-661,-2760,4,3
809,37857,3218,-1658,297,-428,318,-624,37857,-3940,15281,-807,-695,609,1211,37878,-11188,17379,5506,454,381,66,37878,-8081,-31822,6809,94,-181,1354,37857,1838,31719,4657,-305,-661,-2760,4,3
810,37879,4218,-1841,1297,-314,350,-620,37879,-3671,15456,-791,-395,609,809,37900,-11173,18379,5506,527,325,23,37900,-8228,-31804,6854,56,-221,924,37879,1664,31711,4657,-553,-840,-2305,4,3
811,37901,4218,-1841,1297,-314,350,-653,37901,-3671,15456,-791,-358,646,809,37922,-11173,18379,5531,527,325,23,37922,-8228,-31804,6854,56,-221,924,37901,1664,31711,4726,-553,-840,-2305,4,3
812,37923,4218,-1942,1297,-314,350,-653,37923,-3671,15456,-794,-358,646,508,37944,-11173,18379,5531,527,281,-66,37944,-8320,-31807,6854,33,-221,553,37923,1534,31675,4734,-704,-852,-2305,4,3
813,37945,5218,-2088,2297,-555,431,-717,37945,-3566,15587,-845,1,545,302,37966,-11227,19379,5330,676,281,-258,37966,-8320,-31831,6922,33,-99,257,37945,1400,31642,4778,-823,-852,-1880,4,3
814,37967,5218,-2088,2297,-555,431,-717,37967,-3566,15587,-845,15,545,302,37988,-11227,19379,5330,676,281,-258,37988,-8283,-31831,6922,33,-82,257,37967,1400,31642,4986,-823,-700,-1751,4,3
815,37989,5218,-2092,2297,-878,431,-726,37989,-3566,15587,-853,15,254,210,38010,-11268,19379,5330,676,148,-402,38010,-8283,-31849,6922,15,-82,52,37989,1300,31617,4986,-853,-700,-1751,4,3
816,38011,6218,-2092,3297,-1121,480,-726,38011,-3423,15712,-889,292,-45,178,38032,-11268,20379,5179,647,148,-485,38032,-8264,-31862,6999,2,15,-123,38011,1079,31617,5175,-853,-265,-1241,4,3
817,38033,6218,-2029,3297,-1121,480,-726,38033,-3379,15719,-889,292,-45,178,38054,-11268,20379,5179,647,153,-485,38054,-8264,-31862,7033,2,15,-123,38033,1079,31650,5271,-781,-265,-1116,4,3
818,38055,6218,-2029,3297,-1203,480,-726,38055,-3379,15719,-932,292,-269,154,38076,-11299,20379,5179,540,153,-485,38076,-8264,-31862,7033,-55,15,-280,38055,913,31650,5271,-781,-265,-1116,4,3
819,38077,7218,-1875,4297,-1203,482,-710,38077,-3178,15821,-968,366,-304,114,38098,-11299,21379,5286,275,283,-352,38098,-8249,-31888,7118,-98,-221,-398,38077,913,31675,5301,-228,110,-613,4,3
820,38099,7218,-1875,4297,-1182,444,-691,38099,-3142,15821,-968,366,-304,114,38120,-11304,21379,5286,275,465,-312,38120,-8231,-31888,7118,-98,-221,-398,38099,913,31675,5301,-228,110,-613,4,3
821,38121,7218,-1875,4297,-1182,444,-691,38121,-3142,15821,-991,314,-304,-12,38142,-11304,21379,5286,76,465,-312,38142,-8231,-31908,7118,-159,-439,-398,38121,788,31675,5281,-228,110,-613,4,3
822,38143,8218,-1842,5297,-1062,397,-647,38143,-2956,15891,-991,252,-50,-137,38164,-11308,22379,5442,-73,736,-113,38164,-8031,-31947,7158,-278,-947,-276,38143,788,31718,4966,-57,460,-249,4,3
823,38165,8218,-1842,5297,-1033,397,-647,38165,-2933,15891,-969,252,108,-137,38186,-11308,22379,5442,-73,736,-113,38186,-8031,-31947,7158,-278,-947,-191,38165,863,31718,4966,-57,460,-249,4,3
824,38187,8218,-1847,5297,-1033,397,-647,38187,-2933,15891,-969,215,108,-214,38208,-11308,22379,5464,-73,736,-113,38208,-8031,-31970,7158,-426,-1416,-191,38187,863,31718,4966,-57,460,-249,4,3
825,38209,9218,-1885,6297,-943,362,-653,38209,-2815,15943,-923,215,417,-235,38230,-11371,23379,5577,-63,755,-65,38230,-8071,-31970,7140,-537,-2297,116,38209,863,31614,4928,-10,661,23,4,3
826,38231,9218,-1885,6297,-913,362,-653,38231,-2815,15943,-916,229,452,-235,38252,-11371,23379,5598,-21,755,-65,38252,-8071,-31947,7140,-537,-2297,116,38231,919,31614,4928,-10,723,117,4,3
827,38253,9218,-1951,6297,-913,334,-665,38253,-2815,15943,-916,229,452,-235,38274,-11371,23379,5598,-21,701,-65,38274,-8201,-31947,7127,-537,-2958,116,38253,919,31590,4900,-10,723,117,4,3
828,38275,10218,-1975,7297,-853,250,-667,38275,-2848,15968,-877,281,700,-199,38296,-11418,24379,5694,20,660,-70,38296,-8298,-31876,7127,-517,-3121,136,38275,937,31588,4900,-25,811,264,4,3
829,38297,10218,-1975,7297,-842,250,-667,38297,-2848,15968,-877,281,700,-154,38318,-11418,24379,5776,20,660,-70,38318,-8298,-31876,7145,-517,-3121,136,38297,937,31588,4900,-25,858,333,4,3
830,38319,10218,-1993,7297,-842,187,-667,38319,-2908,15968,-877,281,700,-154,38340,-11418,24379,5776,20,660,-70,38340,-8298,-31876,7145,-517,-3121,108,38319,937,31571,4933,-53,858,333,4,3
831,38341,11218,-2032,8297,-789,172,-678,38341,-2953,15987,-858,261,700,-50,38362,-10999,25379,5706,-188,769,-26,38362,-8217,-31883,7134,-555,-2961,70,38341,1054,31558,4933,-112,643,415,4,3
832,38363,11218,-2032,8297,-789,172,-678,38363,-2953,15987,-846,261,700,-50,38384,-10955,25379,5706,-188,850,7,38384,-8201,-31883,7134,-555,-2943,70,38363,1054,31558,4965,-112,643,415,4,3
833,38385,11218,-2034,8297,-789,119,-678,38385,-2953,15987,-846,246,680,-50,38406,-10955,25379,5706,-188,909,24,38406,-8201,-31888,7134,-555,-2943,42,38385,1054,31554,4965,-149,643,415,4,3
834,38407,12218,-2161,9297,-809,119,-687,38407,-2882,16025,-829,235,665,-44,38428,-10776,26379,5653,-344,909,81,38428,-8134,-31888,7136,-407,-2263,2,38407,1200,31481,4989,-177,482,354,4,3
835,38429,12218,-2161,9297,-809,171,-687,38429,-2882,16025,-824,235,665,-44,38450,-10662,26379,5653,-344,953,143,38450,-8134,-31832,7138,-407,-2098,2,38429,1200,31481,4995,-177,482,354,4,3
836,38451,12218,-2161,9297,-809,171,-687,38451,-2882,16025,-824,220,665,-44,38472,-10662,26379,5653,-344,953,143,38472,-8134,-31832,7176,-407,-2098,-49,38451,1200,31481,4995,-177,437,307,4,3
837,38473,13218,-2130,10222,-815,171,-560,38473,-2884,16030,-828,203,676,-45,38494,-10662,27379,5953,-37,997,232,38494,-8134,-31854,7189,-368,-1654,-166,38473,1252,31296,5018,-190,403,266,4,3
838,38495,13218,-2130,10222,-815,207,-560,38495,-2884,16030,-828,203,676,-45,38516,-10576,27379,5953,-29,1025,234,38516,-8134,-31854,7236,-368,-1654,-166,38495,1310,31296,5018,-190,403,266,4,3
839,38517,13218,-2195,10222,-827,207,-560,38517,-2885,16030,-828,203,641,-45,38538,-10576,27379,5872,82,1025,234,38538,-8134,-31864,7236,-368,-1654,-307,38517,1310,31296,5018,-200,270,223,4,3
840,38539,14218,-2195,10982,-861,198,-555,38539,-2885,16035,-831,218,614,-47,38560,-10438,28246,5818,180,1234,347,38560,-8086,-31878,7263,-530,-1948,-454,38539,1228,31342,5103,-207,270,203,4,3
841,38561,14218,-2120,10982,-861,198,-470,38561,-2862,16040,-831,227,614,-47,38582,-10438,28246,5818,291,1234,347,38582,-8086,-31878,7305,-530,-1948,-454,38561,1228,31342,5103,-212,379,203,4,3
842,38583,14218,-2120,10982,-894,191,-470,38583,-2862,16040,-833,227,597,-96,38604,-10438,28246,5777,291,1234,347,38604,-8086,-31888,7305,-651,-2169,-566,38583,1228,31342,5103,-207,379,203,4,3
843,38605,15218,-2198,11510,-929,186,-498,38605,-2858,16041,-850,258,597,-144,38626,-10386,28798,5746,420,945,240,38626,-7972,-31914,7336,-651,-2169,-687,38605,1167,31376,5149,-191,260,208,4,3
844,38627,15218,-2198,11510,-929,186,-498,38627,-2858,16041,-850,269,667,-144,38648,-10386,28858,5746,420,945,240,38648,-7962,-31914,7336,-629,-2109,-687,38627,1167,31376,5149,-176,260,290,4,3
845,38649,15218,-2198,11510,-973,186,-520,38649,-2858,16041,-867,269,667,-180,38670,-10557,28858,5723,420,729,131,38670,-7962,-31933,7336,-629,-2109,-687,38649,1167,31376,5133,-176,260,290,4,3
846,38671,16218,-2158,11902,-1007,272,-537,38671,-2855,16042,-881,321,611,-196,38692,-10561,29235,5654,428,729,17,38692,-7771,-31947,7306,-569,-1793,-655,38671,1263,31486,5105,-125,392,377,4,3
847,38693,16218,-2158,11906,-1007,278,-537,38693,-2838,16046,-881,321,611,-196,38714,-10561,29235,5654,428,784,17,38714,-7769,-31947,7306,-569,-1763,-554,38693,1263,31486,5105,-110,392,465,4,3
848,38715,16218,-2158,11906,-1028,278,-544,38715,-2838,16046,-881,321,489,-196,38736,-10564,29235,5602,428,784,17,38736,-7769,-31947,7283,-569,-1763,-554,38715,1263,31486,5028,-110,392,465,4,3
849,38737,17218,-2098,12205,-1028,267,-544,38737,-2764,16065,-881,372,397,-110,38758,-10564,29518,5573,323,932,45,38758,-7640,-31936,7266,-537,-1534,-394,38737,1335,31568,4959,-70,454,560,4,3
850,38759,17218,-2083,12207,-1012,267,-528,38759,-2749,16065,-881,372,397,-98,38780,-10505,29554,5554,323,1066,92,38780,-7640,-31936,7266,-536,-1527,-394,38759,1335,31568,4959,-70,454,560,4,3
851,38781,17218,-2082,12207,-1012,259,-528,38781,-2749,16065,-881,365,371,-98,38802,-10505,29554,5551,194,1066,92,38802,-7643,-31936,7266,-536,-1527,-394,38781,1335,31568,4925,-70,454,560,4,3
852,38803,18218,-2082,12407,-874,198,-537,38803,-2697,16072,-872,319,371,-34,38824,-10378,29869,5475,85,1271,197,38824,-7643,-31928,7287,-502,-1163,-334,38803,1471,31632,4899,-91,501,574,4,3
853,38825,18218,-2082,12407,-874,198,-537,38825,-2697,16072,-872,319,402,-34,39466,-10378,29877,5475,85,1271,197,39466,-7546,-31926,7287,-493,-1154,-334,38825,1471,31642,4899,-91,501,574,5,3
854,39467,18218,-2151,12407,-874,152,-551,39467,-2697,16072,-872,284,402,-34,39488,-10378,29877,5466,3,1271,197,39488,-7546,-31926,7287,-493,-1154,-334,39467,1471,31642,4880,-138,501,524,5,3
855,39489,19218,-2203,12483,-830,118,-569,39489,-2671,16050,-881,258,459,-37,39510,-10293,30115,5423,3,1241,72,39510,-7469,-31918,7323,-397,-871,-220,39489,1573,31697,4866,-179,476,413,5,3
856,39511,19218,-2203,12483,-830,118,-569,39511,-2671,16050,-881,258,459,-37,39532,-10293,30115,5421,12,1241,72,39532,-7469,-31918,7323,-364,-871,-220,39511,1573,31711,4866,-179,476,413,5,3
857,39533,19218,-2203,12483,-830,118,-624,39533,-2677,16048,-885,258,459,-40,39554,-10293,30115,5421,12,1219,-37,39554,-7469,-31918,7323,-364,-871,-220,39533,1573,31711,4866,-185,453,331,5,3
858,39555,20218,-2182,12540,-854,212,-642,39555,-2695,16043,-908,311,465,-45,39576,-10275,30264,5419,21,1179,-141,39576,-7493,-31920,7324,-268,-598,-111,39555,1543,31763,4915,-189,424,272,5,3
859,39577,20218,-2182,12540,-854,216,-642,39577,-2695,16043,-908,313,465,-45,39598,-10275,30264,5419,21,1179,-141,39598,-7493,-31920,7362,-268,-598,-111,39577,1543,31765,4915,-189,424,272,5,3
860,39599,20218,-2182,12540,-872,216,-660,39599,-2707,16039,-925,313,422,-48,39620,-10275,30264,5419,21,1141,-220,39620,-7493,-31934,7362,-268,-598,-111,39599,1521,31765,4915,-192,353,242,5,3
861,39621,21218,-2196,12615,-882,306,-674,39621,-2716,16036,-942,354,380,-64,39642,-10274,30366,5458,18,1113,-279,39642,-7511,-31952,7399,-212,-415,-29,39621,1480,31831,4948,-192,299,214,5,3
862,39643,21218,-2196,12615,-882,309,-679,39643,-2716,16036,-942,358,380,-64,39664,-10274,30366,5472,18,1113,-279,39664,-7511,-31952,7399,-212,-415,-29,39643,1480,31853,4948,-192,299,214,5,3
863,39665,21218,-2196,12615,-882,309,-674,39665,-2723,16034,-964,358,349,-83,39686,-10274,30366,5472,12,1113,-279,39686,-7581,-31952,7399,-212,-415,-29,39665,1450,31853,4948,-192,275,193,5,3
864,39687,22218,-2169,12629,-851,401,-670,39687,-2760,16034,-976,384,320,-103,39708,-10285,30442,5501,7,1174,-278,39708,-7619,-31936,7373,-216,-301,-98,39687,1419,31903,4927,-194,267,165,5,3
865,39709,22218,-2169,12629,-824,402,-644,39709,-2760,16035,-976,384,320,-103,39730,-10285,30442,5521,7,1195,-278,39730,-7619,-31906,7373,-216,-301,-98,39709,1419,31923,4927,-194,267,165,5,3
866,39731,22218,-2169,12629,-824,402,-644,39731,-2789,16035,-990,384,298,-123,39752,-10285,30442,5521,7,1195,-278,39752,-7619,-31906,7373,-234,-301,-220,39731,1419,31923,4927,-195,267,164,5,3
867,39753,23218,-2168,12619,-780,472,-622,39753,-2810,16029,-1001,403,283,-178,39774,-10267,30511,5521,7,1267,-318,39774,-7608,-31903,7353,-258,-216,-390,39753,1412,31938,4945,-205,302,164,5,3
868,39775,23218,-2168,12619,-780,472,-622,39775,-2810,16029,-1001,403,283,-178,39796,-10229,30511,5536,24,1267,-318,39796,-7558,-31903,7353,-258,-205,-390,39775,1412,31938,4973,-205,302,187,5,3
869,39797,23218,-2168,12619,-780,472,-622,39797,-2824,16023,-1015,403,283,-236,39818,-10229,30511,5536,24,1267,-352,39818,-7558,-31903,7353,-276,-205,-518,39797,1412,31931,4973,-205,302,187,5,3
870,39819,24218,-2164,12642,-775,536,-632,39819,-2826,16020,-1019,435,288,-318,39840,-10233,30571,5584,51,1278,-411,39840,-7490,-31929,7348,-294,-57,-603,39819,1407,31931,5003,-203,291,201,5,3
871,39841,24218,-2164,12666,-775,538,-632,39841,-2826,16020,-1019,439,337,-318,39862,-10233,30571,5584,51,1278,-411,39862,-7474,-31929,7348,-294,-45,-603,39841,1407,31950,5003,-203,291,201,5,3
872,39863,24218,-2164,12666,-787,538,-646,39863,-2836,16018,-1019,439,337,-399,39884,-10270,30571,5584,51,1278,-455,39884,-7474,-31929,7345,-294,-45,-637,39863,1379,31950,5003,-214,283,201,5,3
873,39885,25218,-2155,12761,-807,601,-676,39885,-2855,16017,-1015,466,389,-459,39906,-10310,30606,5624,102,1278,-455,39906,-7369,-31950,7342,-288,130,-637,39885,1358,31964,4988,-244,272,174,5,3
874,39907,25218,-2149,12765,-807,601,-676,39907,-2855,16017,-1015,466,389,-459,39928,-10310,30606,5644,119,1278,-439,39928,-7369,-31950,7342,-206,227,-602,39907,1358,31964,4988,-244,272,174,5,3
875,39929,25218,-2149,12765,-823,601,-709,39929,-2878,16011,-1036,466,389,-459,39950,-10340,30606,5644,119,1278,-439,39950,-7369,-31966,7314,-206,227,-602,39929,1342,31964,4987,-266,264,155,5,3
876,39951,26218,-2141,12843,-844,614,-738,39951,-2896,16006,-1051,486,357,-457,39972,-10403,30632,5695,298,1235,-418,39972,-7302,-31990,7293,-82,525,-460,39951,1306,31969,4987,-266,234,142,5,3
877,39973,26218,-2141,12875,-844,614,-738,39973,-2896,16006,-1051,486,357,-434,39994,-10403,30632,5695,298,1235,-416,39994,-7302,-31990,7293,-82,525,-403,39973,1306,31969,5030,-265,234,142,5,3
878,39995,26218,-2145,12875,-896,614,-740,39995,-2909,16006,-1062,486,307,-434,40016,-10450,30632,5695,298,1203,-416,40016,-7302,-32008,7283,-82,525,-403,39995,1279,31969,5030,-265,221,142,5,3
879,40017,27218,-2148,12928,-935,597,-740,40017,-2939,16009,-1070,481,269,-354,40038,-10485,30644,5711,362,1203,-359,40038,-7364,-32022,7282,-2,496,-227,40017,1245,31976,5072,-251,214,147,5,3
880,40039,27218,-2148,12928,-935,597,-713,40039,-2939,16009,-1070,481,269,-346,40060,-10485,30650,5711,362,1245,-331,40060,-7364,-32022,7282,-2,496,-227,40039,1245,31976,5072,-239,214,152,5,3
881,40061,27218,-2151,12928,-935,557,-713,40061,-2974,16009,-1070,477,263,-346,40082,-10507,30650,5699,311,1245,-331,40082,-7408,-32022,7282,-2,424,-227,40061,1221,31976,5072,-239,214,152,5,3
882,40083,28181,-2155,12920,-890,503,-647,40083,-3022,16009,-1079,461,263,-270,40104,-10524,30677,5656,273,1344,-228,40104,-7435,-31998,7285,-4,370,-315,40083,1201,31978,5082,-200,226,160,5,3
883,40105,28181,-2155,12920,-890,503,-647,40105,-3022,16009,-1079,461,279,-270,40126,-10524,30679,5656,273,1344,-228,40126,-7435,-31998,7285,-4,370,-315,40105,1201,31978,5082,-197,226,187,5,3
884,40127,28181,-2216,12910,-890,459,-647,40127,-3046,16009,-1079,436,279,-270,40148,-10524,30679,5624,244,1344,-228,40148,-7435,-31998,7341,-6,370,-381,40127,1188,31978,5082,-197,226,187,5,3
885,40149,28812,-2294,12902,-947,426,-653,40149,-3062,15999,-1082,418,366,-266,40170,-10435,30685,5608,178,1350,-205,40170,-7290,-31984,7327,-6,406,-381,40149,1188,31967,5087,-168,332,187,5,3
886,40171,28812,-2294,12902,-947,426,-653,40171,-3062,15999,-1082,418,366,-266,40192,-10435,30685,5608,178,1350,-205,40192,-7290,-31984,7327,25,527,-336,40171,1209,31967,5107,-168,332,187,5,3
887,40193,28812,-2350,12902,-1056,426,-657,40193,-3062,15999,-1082,418,366,-266,40214,-10435,30627,5608,113,1350,-205,40214,-7290,-31984,7271,25,527,-336,40193,1209,31959,5107,-168,255,187,5,3
888,40215,29287,-2392,12934,-1138,430,-657,40215,-3055,16005,-1086,431,265,-217,40236,-10594,30584,5620,-56,1354,-188,40236,-7281,-31980,7077,63,2330,-150,40215,1228,31959,5126,-147,175,187,5,3
889,40237,29339,-2392,12934,-1138,430,-647,40237,-3055,16006,-1086,458,265,-166,40258,-10594,30584,5620,-56,1531,-182,40258,-7281,-31980,7077,63,2330,-150,40237,1228,31971,5126,-147,175,202,5,3
890,40259,29339,-2392,12934,-1138,394,-647,40259,-3070,16006,-1089,458,144,-166,40280,-10713,30584,5617,-183,1531,-182,40280,-7281,-32003,6927,63,2330,-150,40259,1228,31971,5120,-147,111,202,5,3
891,40281,29740,-2334,12912,-1079,258,-559,40281,-3082,16040,-1089,515,-106,-27,40302,-10713,30620,5594,-198,1712,-137,40302,-7328,-32028,6815,28,3500,-519,40281,1243,32014,5066,-131,63,232,5,3
892,40303,29740,-2226,12912,-878,258,-418,40303,-3082,16040,-1080,521,-106,-27,40324,-10664,30666,5594,-198,1794,-105,40324,-7328,-32028,6815,28,3500,-519,40303,1245,32014,5066,-131,63,234,5,3
893,40325,29740,-2226,12890,-878,-208,-418,40325,-3082,16040,-1080,521,-363,-27,40346,-10664,30666,5557,-198,1794,-105,40346,-7328,-32047,6815,1,3500,-795,40325,1245,32014,5025,-192,63,234,5,3
894,40347,30121,-1917,12619,-45,-1362,-250,40347,-2926,16065,-1012,602,-556,-102,40368,-10074,30829,5327,-99,1602,-9,40368,-7221,-32047,6825,-32,3529,-868,40347,1307,31994,4984,-376,631,242,5,3
895,40369,30121,-1917,12619,-45,-1362,-250,40369,-2887,16065,-1012,602,-556,-102,40390,-10074,30829,5327,-92,1602,-9,40390,-7197,-32037,6843,-32,3529,-868,40369,1307,31994,4984,-376,919,242,5,3
896,40391,30121,-1963,12162,-45,-2288,-250,40391,-2887,16065,-1012,602,-556,-329,40412,-10074,30829,5147,-92,1187,-104,40412,-7197,-32037,6843,-83,2901,-868,40391,1307,31923,4984,-514,919,242,5,3
897,40413,30535,-2022,11675,438,-3106,-276,40413,-2666,16065,-994,613,-285,-650,40434,-9941,30947,4958,86,559,-458,40434,-7441,-31997,6864,-121,2420,-687,40413,1354,31870,4988,-616,1339,243,5,3
898,40435,30535,-2022,11675,438,-3106,-276,40435,-2666,16065,-994,613,-37,-650,40456,-9941,30947,4958,124,559,-458,40456,-7441,-31967,6868,-121,2420,-687,40435,1354,31870,5016,-616,1339,245,5,3
899,40457,30535,-2022,11296,438,-3836,-392,40457,-2666,16038,-1009,546,-37,-924,40478,-9941,30947,4852,124,-8,-903,40478,-7680,-31967,6868,-121,2205,-687,40457,1295,31870,5016,-653,1339,245,5,3
900,40479,29535,-1980,10754,369,-4712,-684,40479,-2792,15941,-1048,496,617,-1148,40500,-9943,31036,4773,286,-474,-1724,40500,-7881,-31915,7025,-1,2044,-814,40479,989,31910,5126,-709,1424,294,5,3
901,40501,29535,-1980,10754,369,-4712,-684,40501,-2792,15941,-1048,496,617,-1148,40522,-9943,31046,4773,377,-474,-1724,40522,-7881,-31915,7025,45,2044,-814,40501,989,31950,5162,-709,1424,400,5,3
902,40523,28535,-1980,10337,101,-5538,-1018,40523,-2891,15851,-1077,496,617,-1337,40544,-9973,31046,4713,377,-1452,-2746,40544,-7920,-31915,7025,45,1923,-982,40523,759,31950,5162,-751,1424,400,5,3
903,40545,27535,-2131,9668,-308,-6612,-1560,40545,-2965,15783,-1077,506,1107,-1540,40566,-10089,31120,4432,929,-2444,-4469,40566,-7920,-31842,6952,249,1528,-1108,40545,615,31978,5243,-874,1446,901,5,3
904,40567,27535,-2131,9668,-308,-6612,-1560,40567,-2965,15783,-1026,567,1107,-1540,40588,-10089,31120,4432,929,-2444,-4469,40588,-7861,-31842,6952,297,1528,-1108,40567,615,31978,5259,-874,1446,1067,5,3
905,40589,26535,-2244,9051,-661,-7542,-1968,40589,-2965,15774,-1026,567,1107,-1748,40610,-10184,30920,4222,929,-3188,-6170,40610,-7861,-31842,6878,297,1136,-1205,40589,529,31978,5259,-1013,1351,1067,5,3
906,40611,25535,-2255,8218,-1073,-9093,-2274,40611,-2930,15767,-926,758,1606,-2126,40632,-10256,30278,4064,1229,-3492,-7981,40632,-7807,-31787,6822,618,470,-1278,40611,464,31999,5332,-1144,534,2066,5,3
907,40633,25535,-2255,8218,-1073,-9093,-2274,40633,-2930,15767,-912,778,1941,-2126,40654,-10256,30278,4064,1229,-3492,-7981,40654,-7807,-31713,6822,684,470,-1278,40633,464,31999,5332,-1144,534,2461,5,3
908,40655,25535,-2255,7365,-1382,-10698,-2274,40655,-3011,15762,-912,778,1941,-2488,40676,-10420,29462,4064,1078,-3564,-9339,40676,-7807,-31713,6822,684,-202,-1449,40655,416,31015,5332,-1226,-78,2461,5,3
909,40677,26043,-1853,6701,-1549,-12644,-1922,40677,-3427,15630,-860,1012,2935,-2917,40698,-11009,28644,4394,325,-3564,-10159,40698,-7785,-31456,6938,1177,-873,-1905,40677,416,30775,5443,-1371,-503,4045,5,3
910,40699,26087,-1565,6701,-1549,-12644,-1596,40699,-3427,15630,-860,1169,2935,-2917,40720,-11009,28644,4452,325,-2297,-10159,40720,-7785,-31456,6994,1177,-873,-1905,40699,902,30775,5443,-1371,-503,4081,5,3
911,40721,26087,-1565,6069,-1549,-14180,-1596,40721,-3834,15414,-860,1169,2935,-3250,40742,-11726,28023,4452,-1331,-2297,-10159,40742,-7785,-31456,6994,1177,-1313,-2671,40721,902,30595,5304,-1480,-503,4081,5,3
912,40743,26457,-1381,5333,-1282,-15814,-1129,40743,-4325,14918,-1018,1738,2712,-3548,40764,-12666,27565,4685,-2573,-728,-9745,40764,-7500,-31190,7139,1566,-1313,-4475,40743,1618,30595,5200,-1699,-385,5296,5,3
913,40765,26457,-1381,5333,-1282,-15814,-1129,40765,-4325,14918,-1018,1759,2712,-3548,40786,-12666,27565,4685,-2573,-297,-9745,40786,-7500,-31190,7181,1778,-974,-4475,40765,1618,30668,5200,-1699,-385,5296,5,3
914,40787,25949,-1381,4597,-1460,-17184,-1129,40787,-4693,14501,-1184,1759,2119,-3782,40808,-12666,27213,4321,-2573,-297,-10224,40808,-7500,-31190,7181,1778,-974,-5835,40787,1618,30668,5200,-1837,-385,5296,5,3
915,40809,25568,-1333,4011,-1593,-18211,-858,40809,-4941,14172,-1532,2288,776,-4258,40830,-12105,26757,3776,-1874,-1280,-12224,40830,-6822,-30990,7659,1952,-1220,-7034,40809,2099,30115,5892,-1837,821,6734,5,3
916,40831,25568,-1333,4011,-1593,-18211,-858,40831,-4941,14172,-1532,2288,776,-4258,40852,-12105,26757,3776,-1874,-1280,-12224,40852,-6730,-30888,7679,1952,-1220,-7034,40831,2099,30115,5892,-1654,821,7268,5,3
917,40853,25568,-1333,3572,-1593,-18710,-858,40853,-5014,13911,-1894,2288,-906,-4857,40874,-12105,26415,3776,-1874,-2017,-13796,40874,-6730,-30888,7679,1834,-1430,-7622,40853,2099,30082,5892,-1654,821,7268,5,3
918,40875,25826,-1063,2739,-1576,-19084,-609,40875,-5069,13622,-2386,2409,-2167,-5536,40896,-12792,25415,4040,-3740,-2574,-14352,40896,-6153,-29888,8105,1662,-1562,-7924,40875,2976,30057,5845,-1702,2008,8516,5,3
919,40897,25826,-1063,2739,-1576,-19084,-609,40897,-5069,13622,-2386,2409,-2167,-5536,40918,-12792,25415,4416,-3740,-2574,-14352,40918,-5730,-29888,8105,1662,-1562,-7924,40897,3099,30057,5845,-1702,2008,8516,5,3
920,40919,25826,-1063,1739,-1576,-19364,-849,40919,-5252,13544,-2802,2409,-2407,-6129,40940,-13764,25415,4416,-5140,-2574,-14451,40940,-5730,-29888,8105,1339,-1562,-7924,40919,3099,30057,5773,-1833,2008,8516,5,3
921,40941,24826,-1609,739,-1563,-19940,-1029,40941,-5777,13544,-3199,2665,-2407,-6573,40962,-14643,24415,4026,-5140,-867,-14451,40962,-4730,-28888,8370,923,-1066,-7384,40941,4099,30328,5719,-2157,2333,8018,5,3
922,40963,24826,-1609,739,-1504,-19940,-1029,40963,-5777,13595,-3199,2930,-2344,-6573,40984,-14643,24415,4026,-4186,-867,-14363,40984,-4730,-28888,8370,923,-1049,-7033,40963,4099,30328,5719,-2157,2333,8018,5,3
923,40985,23826,-1609,-111,-1504,-20436,-1071,40985,-6620,13595,-3501,2930,-2344,-6573,41006,-15643,23415,3733,-4186,-867,-14363,41006,-4730,-29484,8370,619,-1049,-7033,40985,4099,30328,5719,-2414,2122,7510,5,3
924,41007,23826,-1464,-1111,-1271,-20808,-1103,41007,-7471,13680,-3728,3411,-2957,-6544,41028,-16643,22415,3733,-2186,413,-14297,41028,-3997,-29931,8569,500,-175,-6406,41007,5099,30422,5903,-2975,1846,7128,5,3
925,41029,24753,-1464,-1111,-1271,-20808,-1103,41029,-7471,13680,-3728,3411,-2957,-6352,41050,-16643,22415,4319,-2186,413,-14297,41050,-3997,-29931,8569,500,-175,-6406,41029,5099,30422,6151,-2975,1846,7128,5,3
926,41051,24753,-1464,-2111,-1271,-20808,-1103,41051,-8121,13575,-3728,3154,-3417,-6352,41072,-17643,21415,4319,-2186,413,-14297,41072,-3997,-30278,8569,500,-175,-6406,41051,5099,30408,6151,-3426,1639,7128,5,3
927,41073,25099,-1691,-3111,-1307,-20755,-1051,41073,-8609,12691,-3565,2201,-3719,-6130,41094,-18643,20415,4793,-186,1182,-14450,41094,-3361,-30538,8774,643,182,-6784,41073,5978,29874,6891,-3979,1441,7140,5,3
928,41095,25099,-1691,-3111,-1307,-20595,-1035,41095,-8609,12691,-3548,2201,-3719,-6130,41116,-18643,20415,4793,-186,1182,-14450,41116,-3345,-30538,8778,643,182,-6784,41095,6099,29874,6909,-3979,1441,7443,5,3
929,41117,25099,-1691,-4111,-1334,-20595,-1035,41117,-8975,11913,-3548,1487,-3719,-6130,41138,-19643,19415,4793,-186,1182,-15145,41138,-3345,-30733,8778,643,182,-7245,41117,6099,29393,6909,-4394,1293,7443,5,3
930,41139,25356,-1340,-5111,-1571,-18985,-972,41139,-9329,11270,-3411,1053,-3662,-6272,41160,-20643,18415,5404,923,1208,-15786,41160,-2562,-30787,8931,269,527,-7917,41139,7099,29078,7537,-4687,1055,8040,5,3
931,41161,25358,-1340,-5111,-1571,-18595,-972,41161,-9329,11270,-3411,1053,-3144,-6272,41182,-20643,18415,5404,923,1208,-15786,41182,-2392,-30787,8933,269,541,-7917,41161,7099,29078,7815,-4687,1055,8205,5,3
932,41183,25358,-1340,-6111,-1733,-18595,-972,41183,-9681,10742,-3430,781,-3144,-6384,41204,-21643,17477,5404,923,1208,-16359,41204,-2392,-30787,8933,-200,541,-8517,41183,7099,28842,7815,-4687,730,8205,5,3
933,41205,25551,-1278,-7111,-1883,-16595,-874,41205,-9982,10327,-3444,577,-3238,-6533,41226,-22643,16883,5079,1166,1228,-17017,41226,-1437,-31040,9049,-614,1068,-8967,41205,8042,28665,8286,-4645,487,9006,5,3
934,41227,25600,-1278,-7111,-1883,-16595,-874,41227,-9982,10327,-3444,577,-3238,-6533,41248,-22643,16883,5079,1166,1228,-17017,41248,-1392,-31040,9049,-614,1111,-8967,41227,8099,28665,8640,-4375,487,9013,5,3
935,41249,25600,-1278,-8111,-2057,-16595,-937,41249,-10208,10146,-3444,424,-3308,-6750,41270,-23643,16328,4635,1166,1228,-17468,41270,-1392,-31118,8786,-925,1111,-9197,41249,8099,28018,8653,-4375,470,9013,5,3
936,41271,25976,-1094,-9111,-2188,-14595,-984,41271,-10622,10080,-3202,323,-3354,-7064,41292,-24643,15736,4302,1582,1232,-17807,41292,-392,-31176,8463,-955,986,-9337,41271,9099,27018,8736,-4189,210,9355,5,3
937,41293,26022,-1094,-9111,-2188,-14595,-984,41293,-10622,10080,-3162,323,-3354,-7064,41314,-24643,15736,4302,1582,1232,-17807,41314,-392,-31176,8463,-955,986,-9337,41293,9099,27018,8915,-4189,210,9355,5,3
938,41315,26022,-1094,-10111,-2286,-14595,-1019,41315,-10971,10080,-3162,248,-3354,-7313,41336,-25612,15292,3952,1582,1232,-18061,41336,-392,-31220,8221,-955,404,-9337,41315,9099,26077,8915,-4370,-45,9355,5,3
939,41337,26526,-956,-11111,-2286,-12595,-1019,41337,-11302,10086,-2665,0,-3081,-7707,41358,-26612,14292,3690,2583,1150,-18543,41358,608,-31309,8197,-243,-351,-9128,41337,10099,25847,9130,-4765,-396,9529,5,3
940,41359,26526,-956,-11111,-2124,-12595,-1014,41359,-11302,10086,-2665,0,-3081,-7707,41380,-26612,14292,3690,2587,1150,-18543,41380,608,-31309,8197,7,-351,-8993,41359,10099,25847,9264,-4765,-396,9529,5,3
941,41381,26526,-956,-12111,-2124,-12595,-1014,41381,-11673,10086,-2665,-291,-3081,-8046,41402,-27439,13405,3493,2587,1136,-18740,41402,608,-31309,8197,7,-951,-8993,41381,10099,25831,9264,-4886,-659,9529,5,3
942,41403,27022,-650,-13111,-1564,-10595,-750,41403,-12136,9919,-2283,-516,-2510,-8355,41424,-28059,12405,3317,3340,1078,-18862,41424,1608,-31177,8281,936,-1378,-8409,41403,11099,25819,9835,-4977,-984,9312,5,3
943,41425,27022,-650,-13111,-1410,-10595,-750,41425,-12136,9919,-2283,-516,-2510,-8355,41446,-28059,12405,3317,3340,1078,-18862,41446,1608,-31177,8532,1150,-1378,-8333,41425,11099,25819,10002,-4977,-984,9312,5,3
944,41447,27022,-650,-14111,-1410,-10595,-750,41447,-12532,9758,-2283,-934,-2510,-8666,41468,-28059,11497,3213,3340,1078,-18874,41468,1608,-31177,8565,1150,-1698,-8333,41447,11099,25819,10002,-4977,-1047,9050,5,3
945,41469,27552,-971,-15049,-874,-8595,-710,41469,-12990,9460,-2037,-1439,-1973,-8941,41490,-27059,10676,3057,3399,1082,-18874,41490,2608,-30940,8817,2180,-1882,-7708,41469,12099,25948,10511,-4785,-1094,8716,5,3
946,41491,27578,-971,-15049,-874,-8595,-710,41491,-12990,9460,-2037,-1439,-1973,-8941,41512,-27059,10676,3057,3399,1082,-18749,41512,2608,-30763,8881,2180,-1882,-7508,41491,12099,25948,10511,-4353,-1094,8716,5,3
947,41513,27578,-1212,-15846,-874,-8595,-710,41513,-13435,9068,-2037,-1819,-1973,-9145,41534,-27059,10019,2878,3399,1082,-18749,41534,2608,-30630,8881,2180,-1892,-7508,41513,12099,25671,10511,-4353,-1094,8354,5,3
948,41535,27565,-1468,-16444,-252,-6595,-574,41535,-14218,8494,-1933,-2102,-1417,-9195,41556,-26059,9392,2546,3332,1240,-18192,41556,3608,-30630,9346,2288,-1898,-6636,41535,13099,24997,10811,-3711,-974,7785,5,3
949,41557,27565,-1468,-16444,-252,-6595,-521,41557,-14218,8494,-1933,-2102,-1289,-9195,41578,-26059,9392,2546,3332,1344,-17746,41578,3608,-30630,9346,2288,-1898,-6451,41557,13099,24997,10811,-3706,-901,7785,5,3
950,41579,26565,-1660,-16893,-252,-6595,-521,41579,-14829,8018,-1933,-2102,-1289,-9195,41600,-26059,8702,2249,2913,1344,-17746,41600,3608,-30874,9346,2119,-1898,-6451,41579,13099,24721,10811,-3706,-901,7017,5,3
951,41601,25565,-1804,-17147,85,-4595,-388,41601,-15354,7428,-1859,-2082,-776,-8995,41622,-25059,7774,1954,2594,1541,-16323,41622,4596,-31133,9695,1533,-1865,-5512,41601,14099,24514,11036,-3342,-466,6229,5,3
952,41623,25565,-1804,-17147,85,-4595,-388,41623,-15354,7428,-1859,-1992,-776,-8832,41644,-25059,7774,1954,2594,1541,-16016,41644,4596,-31133,9695,1533,-1785,-5366,41623,14099,24514,11036,-3342,-466,6229,5,3
953,41645,24565,-1870,-17318,85,-4595,-388,41645,-15791,6900,-1859,-1992,-776,-8832,41666,-25059,7016,1727,2470,1541,-16016,41666,4596,-31249,9695,979,-1785,-5366,41645,14099,24359,11036,-3342,-466,5527,5,3
954,41667,23565,-1994,-17318,58,-2595,-294,41667,-16231,6422,-1778,-1617,-427,-8207,41688,-24059,6052,1537,2377,1384,-14360,41688,5429,-31336,9869,443,-1450,-4468,41667,15099,24131,11191,-3069,-167,4704,5,3
955,41689,23565,-1994,-17052,58,-2595,-294,41689,-16231,6422,-1768,-1556,-427,-8057,41710,-24059,6052,1537,2377,1384,-14016,41710,5431,-31336,9869,443,-1450,-4409,41689,15099,24131,11239,-3034,-167,4704,5,3
956,41711,22565,-2119,-17052,34,-2595,-294,41711,-16579,6052,-1768,-1556,-427,-8057,41732,-24059,5313,1394,2307,1266,-14016,41732,5431,-31336,9869,5,-1450,-4409,41711,15099,24114,11239,-3034,-167,3969,5,3
957,41733,21565,-2213,-16677,-278,-736,-386,41733,-16887,5731,-1624,-1121,-190,-7212,41754,-23059,4688,1283,2100,1029,-12016,41754,6161,-31348,9977,-351,-1199,-3449,41733,16099,23947,11391,-2635,-159,3178,5,3
958,41755,21565,-2213,-16677,-278,-736,-386,41755,-16887,5731,-1616,-1053,-190,-7049,41776,-23059,4688,1283,2100,1029,-12016,41776,6161,-31348,9977,-351,-1199,-3310,41755,16099,23947,11391,-2522,-159,3178,5,3
959,41777,20565,-2273,-16677,-847,-736,-503,41777,-17204,5477,-1616,-1053,-190,-7049,41798,-23059,4220,1230,1913,851,-12016,41798,6161,-31389,9977,-632,-1199,-3310,41777,16099,23838,11391,-2522,-170,2352,5,3
960,41799,19565,-2288,-16361,-1274,-545,-642,41799,-17614,5285,-1528,-634,67,-5793,41820,-22059,3597,1230,1374,631,-10016,41820,6593,-31419,10010,-1133,-579,-2284,41799,16976,23756,11603,-1999,-206,1370,5,3
961,41821,19565,-2288,-16361,-1274,-545,-642,41821,-17614,5285,-1528,-559,67,-5578,41842,-22059,3597,1298,1374,631,-10016,41842,6593,-31419,10010,-1133,-353,-2145,41821,16976,23756,11603,-1758,-206,1370,5,3
962,41843,18565,-2288,-16361,-1594,-788,-751,41843,-18004,5141,-1528,-559,67,-5578,41864,-22059,3139,1298,592,614,-10016,41864,6593,-31544,10010,-1561,-353,-2145,41843,16976,23756,11603,-1758,-240,432,5,3
963,41865,17565,-2247,-16464,-1803,-1783,-835,41865,-18327,5033,-1578,-25,233,-3956,41886,-21059,3012,1375,-53,453,-8016,41886,6867,-31638,9825,-2151,299,-1131,41865,17468,23765,11762,-881,-360,-394,5,3
964,41887,17565,-2247,-16464,-1803,-1783,-835,41887,-18327,5033,-1578,7,276,-3683,41908,-21059,3012,1413,-53,453,-8016,41908,6867,-31638,9825,-2151,428,-1033,41887,17468,23917,11762,-581,-360,-394,5,3
965,41909,16565,-2247,-16552,-1803,-2530,-870,41909,-18556,4966,-1634,7,276,-3683,41930,-21059,3012,1413,-537,332,-8016,41930,6867,-31708,9512,-2683,428,-1033,41909,17468,23917,11762,-581,-360,-1175,5,3
966,41931,15565,-2221,-16784,-1729,-3149,-870,41931,-18712,4927,-1727,523,434,-1731,41952,-20059,3063,1595,-925,46,-6016,41952,7064,-31825,9274,-3345,817,-30,41931,17585,23855,11617,483,-252,-1811,5,3
967,41953,15565,-2221,-16784,-1585,-3149,-741,41953,-18712,4927,-1727,553,434,-1683,41974,-20059,3219,1659,-925,46,-6016,41974,7064,-31825,9274,-3345,817,107,41953,17599,23855,11617,483,-77,-1811,5,3
968,41975,14565,-2221,-17064,-1585,-3434,-741,41975,-18736,4927,-1829,553,434,-1683,41996,-20059,3219,1659,-1216,-394,-6016,41996,7064,-31912,9219,-3897,817,107,41975,17599,23855,11616,483,-77,-2346,5,3
969,41997,13565,-2201,-17358,-1460,-3434,-621,41997,-18736,4981,-2010,1087,611,317,42018,-19059,3704,1882,-1558,-1008,-4016,42018,6924,-31912,9178,-4433,1097,1083,41997,17817,24171,11540,1334,327,-2850,5,3
970,42019,13565,-2201,-17358,-1460,-2989,-621,42019,-18450,5078,-2010,1164,617,317,42040,-19059,4052,1890,-1558,-1008,-4016,42040,6924,-31624,9178,-4433,1136,1183,42019,17817,24171,11540,1360,487,-2850,5,3
971,42041,13565,-2201,-17464,-1460,-2989,-621,42041,-18450,5078,-2148,1164,617,317,42062,-19059,4052,1890,-1826,-1665,-4016,42062,6819,-31624,9045,-4881,1136,1183,42041,17817,24171,11540,1360,487,-3410,5,3
972,42063,14565,-2140,-17464,-1366,-1861,-590,42063,-18037,5350,-2258,1672,797,2317,42084,-18059,4937,2213,-2103,-2479,-2016,42084,6560,-31298,8623,-5217,1387,2233,42063,17696,24408,11483,2018,919,-3974,5,3
973,42085,14565,-2086,-17160,-1366,-1440,-590,42085,-17981,5414,-2258,1672,810,2317,42106,-18059,5052,2365,-2103,-2479,-2016,42106,6560,-31298,8623,-5217,1569,2245,42085,17696,24408,11483,2018,919,-3974,5,3
974,42107,14565,-2086,-17160,-1366,-1440,-599,42107,-17981,5414,-2340,1672,810,2317,42128,-19059,5052,2365,-2235,-2849,-2016,42128,6382,-31483,8221,-5217,1569,2245,42107,17586,24408,11440,2018,919,-4532,5,3
975,42129,15565,-1978,-16454,-1259,560,-669,42129,-17250,5810,-2344,1817,1010,4317,42150,-20059,6052,2811,-2388,-3507,-16,42150,6044,-31622,7587,-4892,1770,3130,42129,17437,24586,11208,2458,1056,-5179,5,3
976,42151,15565,-1978,-16160,-1183,560,-669,42151,-17130,5885,-2344,1817,1033,4317,42172,-20059,6052,2825,-2388,-3507,-16,42172,6044,-31622,7587,-4755,1770,3176,42151,17437,24840,11208,2458,1056,-5179,5,3
977,42173,15565,-2073,-16160,-1183,560,-719,42173,-17130,5885,-2344,1817,1033,4317,42194,-21059,6052,2825,-2388,-4001,-16,42194,5749,-31726,7112,-4755,1770,3176,42173,17161,24840,11026,2458,1056,-5732,5,3
978,42195,16565,-2144,-15160,-1059,2560,-751,42195,-16326,6454,-2269,1866,1363,6235,42216,-22059,7052,3436,-2195,-4616,1984,42216,5516,-31726,6748,-3914,1749,3930,42195,16806,25164,10889,2627,851,-6219,5,3
979,42217,16565,-2144,-15160,-1009,2560,-751,42217,-16248,6562,-2269,1866,1479,6235,42238,-22059,7052,3436,-2195,-4616,1984,42238,5516,-31726,6748,-3585,1749,3956,42217,16806,25164,10889,2627,851,-6219,5,3
980,42239,16565,-2197,-15160,-1009,2560,-751,42239,-16248,6562,-2269,1672,1479,6235,42260,-22990,7052,3436,-2195,-5077,1984,42260,5323,-31840,6369,-3585,1415,3956,42239,16482,25164,10740,2627,540,-6713,5,3
981,42261,17565,-2205,-14160,-813,4560,-708,42261,-15248,7233,-2359,1093,2164,7346,42282,-23670,8052,4287,-1956,-5399,3984,42282,5134,-31840,6190,-2598,1058,4622,42261,16031,25613,10709,2667,-46,-7199,5,3
982,42283,17565,-2205,-14160,-813,4560,-708,42283,-15248,7258,-2359,1093,2419,7346,42304,-23670,8052,4383,-1615,-5399,3984,42304,5134,-31828,6190,-2598,1058,4718,42283,16031,25613,10709,2754,-46,-7199,5,3
983,42305,17565,-2205,-14160,-813,4560,-708,42305,-15248,7258,-2550,609,2419,7346,42326,-23850,8052,4383,-1615,-5517,3984,42326,4690,-31828,6190,-2598,772,4718,42305,15657,25613,10533,2754,-846,-7581,5,3
984,42327,18565,-2097,-13160,-625,6560,-708,42327,-14248,8008,-2861,59,3399,7954,42348,-23985,9052,5383,-1062,-5606,5984,42348,3985,-30828,6436,-2057,532,5406,42327,15164,26087,10341,2882,-1288,-8030,5,3
985,42349,18565,-2097,-13160,-563,6560,-708,42349,-14248,8114,-2861,59,3399,7954,42370,-23985,9052,5383,-1062,-5606,5984,42370,3985,-30828,6446,-2057,532,5459,42349,15164,26109,10341,2981,-1288,-8030,5,3
986,42371,18565,-2097,-13160,-563,6560,-708,42371,-14248,8114,-3106,-528,3399,7954,42392,-23985,9052,5383,-1062,-5606,5984,42392,3425,-30828,6446,-2057,352,5459,42371,14795,26109,10197,2981,-1620,-8451,5,3
987,42393,19565,-2118,-12160,-248,8560,-657,42393,-13248,8820,-3290,-1154,3976,8195,42414,-23736,10052,6143,-203,-4727,7984,42414,2789,-29828,6488,-1652,86,6156,42393,14186,26813,9943,3479,-1848,-9011,5,3
988,42415,19565,-2118,-12160,-216,8560,-610,42415,-13248,8922,-3290,-1154,3976,8195,42436,-23736,10052,6143,335,-3606,7984,42436,2789,-29828,6488,-1633,86,6176,42415,14186,26881,9943,3590,-1848,-9011,5,3
989,42437,19565,-2180,-12160,-216,8560,-610,42437,-13248,8922,-3334,-1629,3976,8195,42458,-23736,10052,6143,335,-3606,7984,42458,2060,-29828,6484,-1633,-113,6176,42437,13571,26881,9753,3590,-1848,-9433,5,3
990,42459,20565,-2227,-11160,22,10560,-583,42459,-12265,9577,-3334,-1999,3790,8393,42480,-22736,11052,6035,1457,-2724,9984,42480,1277,-30347,6437,-1296,-113,6603,42459,12772,27460,9174,4380,-1712,-9790,5,3
991,42481,20565,-2227,-11160,22,10560,-583,42481,-12248,9706,-3168,-1999,3790,8470,42502,-22736,11052,6035,1515,-2724,9984,42502,1277,-30347,6437,-1124,12,6603,42481,12772,27460,9174,4380,-1712,-9790,5,3
992,42503,20565,-2260,-11160,22,10560,-583,42503,-12248,9706,-3168,-2277,3349,8470,42524,-22736,11052,5778,1515,-2724,9984,42524,662,-30736,6437,-1124,12,6603,42503,12053,27460,8660,4380,-1712,-10037,5,3
993,42525,21560,-2260,-10160,112,12560,-562,42525,-11248,10338,-2976,-2499,2620,8580,42546,-21736,12052,5463,2342,-2611,11293,42546,102,-31066,6539,-636,235,6727,42525,11169,28039,8091,4724,-1610,-10222,5,3
994,42547,21565,-2245,-10160,112,12560,-562,42547,-11248,10342,-2849,-2499,2620,8580,42568,-21736,12052,5463,2349,-2611,11293,42568,102,-31066,6541,-519,271,6727,42547,11169,28187,8091,4724,-1580,-10222,5,3
995,42569,21565,-2245,-10160,34,12560,-615,42569,-11248,10342,-2849,-2601,2125,8559,42590,-21736,12052,5147,2349,-2611,11293,42590,-317,-31191,6541,-519,271,6720,42569,10260,28187,7640,4724,-1580,-10222,5,3
996,42591,22565,-2225,-9160,-414,13295,-891,42591,-10248,10875,-2551,-2601,1796,8505,42612,-20736,13052,4642,2714,-2276,11309,42612,-835,-31285,6618,-63,606,6634,42591,9543,28748,7222,4871,-1312,-10031,5,3
997,42613,22565,-2137,-9160,-414,13295,-891,42613,-10248,10971,-2551,-2464,1796,8505,42634,-20736,13052,4642,2714,-2096,11309,42634,-835,-31285,6683,5,606,6634,42613,9543,28752,7222,4871,-1312,-9916,5,3
998,42635,22565,-2137,-9160,-750,13295,-1098,42635,-10248,10971,-2551,-2464,1557,8384,42656,-20736,13052,4263,2714,-2096,11200,42656,-1394,-31355,6683,5,606,6561,42635,8957,28752,6908,4871,-1312,-9916,5,3
999,42657,23565,-1966,-8160,-791,12494,-1098,42657,-9248,11714,-2335,-2199,1378,7936,42678,-19736,14052,3783,2007,-1540,10597,42678,-2089,-31440,6878,278,104,6241,42657,8389,29226,6367,4741,-1612,-9541,5,3
1000,42679,23565,-1914,-8160,-791,12494,-1063,42679,-9248,11790,-2335,-2111,1378,7936,42700,-19736,14052,3783,2007,-1200,10597,42700,-2089,-31440,6878,278,104,6241,42679,8389,29382,6367,4741,-1612,-9286,5,3
1001,42701,22565,-1914,-8160,-791,10494,-1063,42701,-9248,11790,-2335,-2111,1118,7481,42722,-19736,14052,3423,1808,-1200,9860,42722,-2614,-31440,6878,278,-272,5814,42701,7833,29382,5801,4587,-1833,-9286,5,3
1002,42723,22565,-1435,-7160,-821,9683,-1037,42723,-8248,12428,-2220,-1854,651,6738,42744,-18736,15052,2999,1328,-528,8728,42744,-3008,-30440,6910,389,-997,5052,42723,7416,29740,5376,4306,-1882,-8684,5,3
1003,42745,22565,-1435,-7160,-821,9683,-1037,42745,-8248,12452,-2220,-1854,651,6738,42766,-18736,15052,2999,1328,-528,8728,42766,-3008,-30440,6910,389,-997,5052,42745,7416,29846,5376,4306,-1882,-8540,5,3
1004,42767,21565,-1435,-7160,-1186,9075,-1037,42767,-8248,12452,-2220,-1854,230,6003,42788,-18736,15052,2989,1328,-528,7848,42788,-3167,-30440,6910,351,-1635,4299,42767,6908,29846,5016,4081,-1882,-8540,5,3
1005,42789,21565,-1120,-6160,-1463,8619,-1064,42789,-7248,13133,-2206,-1641,-40,5180,42810,-17736,16052,2989,1400,-735,6407,42810,-3167,-29440,7170,28,-2019,3652,42789,6005,30088,4792,3219,-1918,-7492,5,3
1006,42811,22565,-1120,-6160,-1463,8619,-1064,42811,-7248,13135,-2206,-1616,-40,5180,42832,-17736,16052,3005,1400,-735,6407,42832,-3167,-29440,7170,28,-2019,3652,42811,6005,30194,4792,3219,-1918,-7289,5,3
1007,42833,22565,-1120,-6160,-1739,8047,-1065,42833,-7248,13135,-2206,-1616,-287,4420,42854,-17736,16052,3005,1400,-890,4977,42854,-3287,-29440,7170,-214,-2019,3167,42833,5463,30194,4642,2572,-2071,-7289,5,3
1008,42855,22565,-910,-5160,-1861,7446,-1065,42855,-6261,13690,-2201,-1359,-472,3716,42876,-16736,17052,3089,1488,-964,3878,42876,-3287,-30144,7219,-271,-1953,2587,42855,5129,30493,4529,2133,-2186,-6149,5,3
1009,42877,23565,-910,-5160,-1861,7446,-1065,42877,-6248,13777,-2199,-1173,-472,3716,42898,-16736,17052,3089,1488,-964,3878,42898,-3007,-30144,7219,-271,-1588,2587,42877,5129,30557,4529,2133,-2186,-6015,5,3
1010,42899,23565,-910,-5160,-1861,6995,-1065,42899,-6248,13777,-2199,-1173,-569,3128,42920,-16736,17052,3089,1488,-1020,3068,42920,-3007,-30714,7186,-271,-1588,2398,42899,4878,30557,4444,1827,-2186,-6015,5,3
1011,42921,24565,-588,-4160,-1776,6473,-750,42921,-5379,14295,-2184,-739,-636,2638,42942,-16242,18052,3152,1006,-1020,2460,42942,-3291,-31157,7161,-161,-1263,2326,42921,4690,30775,4319,1575,-1745,-4872,5,3
1012,42943,24565,-588,-4160,-1755,6473,-707,42943,-5354,14304,-2125,-689,-636,2638,42964,-16242,18052,3152,1006,-972,2460,42964,-3360,-31157,7161,-161,-1091,2326,42943,4690,30775,4319,1575,-1726,-4848,5,3
1013,42965,24565,-588,-4160,-1755,6080,-707,42965,-5354,14304,-2125,-689,-636,2222,42986,-16242,18052,3152,642,-972,2147,42986,-3360,-31501,7106,-161,-1091,2318,42965,4479,30775,4093,1366,-1726,-4848,5,3
1014,42987,25565,-545,-3160,-1484,5632,-388,42987,-4608,14729,-2023,-369,-545,1848,43008,-15845,19052,3230,-179,210,1912,43008,-3555,-31759,7101,-99,-1108,2318,42987,4321,31079,3923,1019,-1170,-3858,5,3
1015,43009,25565,-545,-3160,-1466,5632,-380,43009,-4608,14729,-2023,-369,-545,1848,43030,-15809,19052,3230,-179,468,1912,43030,-3555,-31759,7101,-99,-1108,2326,43009,4321,31079,3923,1019,-1045,-3677,5,3
1016,43031,25565,-545,-3160,-1466,5172,-380,43031,-4608,14729,-2023,-369,-545,1548,43052,-15809,19052,3230,-795,468,1736,43052,-3648,-31947,7101,-99,-1108,2326,43031,4321,31079,3796,736,-1045,-3677,5,3
1017,43053,26565,-518,-2160,-1199,4763,-155,43053,-4179,14995,-2060,-301,-460,1286,43074,-14809,20052,3288,-1166,1548,1583,43074,-3809,-32060,7069,31,-1095,2405,43053,4360,31269,3767,524,-248,-2877,5,3
1018,43075,26565,-518,-2160,-1199,4763,-155,43075,-4179,14995,-2060,-301,-460,1286,43096,-14809,20052,3288,-1166,1548,1583,43096,-3809,-32060,7069,91,-906,2405,43075,4360,31269,3767,524,-248,-2877,5,3
1019,43097,26565,-518,-2160,-1199,4393,-155,43097,-4179,14995,-2088,-301,-460,1055,43118,-14809,20052,3288,-1166,1548,1412,43118,-4016,-32137,7069,91,-906,2405,43097,4360,31269,3745,331,-248,-2877,5,3
1020,43119,27565,-862,-1160,-1036,3819,-188,43119,-3912,15192,-2124,-354,-331,858,43140,-14132,21052,3360,-1226,1431,1263,43140,-4413,-32194,7227,143,-496,2515,43119,4308,31411,3636,25,0,-2509,5,3
1021,43141,27565,-862,-1160,-1036,3819,-188,43141,-3912,15192,-2124,-354,-331,858,43162,-14132,21052,3360,-1226,1431,1263,43162,-4413,-32194,7227,143,-496,2515,43141,4308,31437,3636,25,0,-2509,5,3
1022,43163,27565,-1120,-1160,-1093,3273,-335,43163,-3912,15192,-2124,-394,-331,693,43184,-14132,21052,3360,-1226,1343,1147,43184,-4775,-32194,7227,62,-496,2515,43163,4253,31437,3591,-224,0,-2509,5,3
1023,43185,28450,-1314,-160,-1320,2720,-648,43185,-3808,15294,-2108,-413,-234,526,43206,-13913,22052,3462,-1132,1343,833,43206,-5083,-32237,7346,-165,-410,2104,43185,3921,31625,3557,-595,402,-2245,5,3
1024,43207,28450,-1314,-160,-1320,2720,-648,43207,-3808,15294,-2097,-413,-158,526,43228,-13913,22052,3654,-1132,1582,833,43228,-5083,-32237,7346,-165,-410,2104,43207,3921,31627,3557,-595,402,-2245,5,3
1025,43229,28450,-1533,-160,-1639,2305,-995,43229,-3808,15294,-2097,-413,-158,368,43250,-13913,22052,3654,-1132,1582,546,43250,-5350,-32269,7346,-338,-410,1766,43229,3672,31627,3557,-874,402,-2245,5,3
1026,43251,28955,-1697,840,-1971,1925,-1325,43251,-3807,15388,-2075,-388,16,174,43272,-13548,23052,4056,-1061,1076,191,43272,-5514,-32351,7353,-482,-346,1417,43251,3486,31768,3785,-1037,540,-1780,5,3
1027,43273,28955,-1697,840,-1971,1925,-1325,43273,-3807,15394,-2067,-362,16,174,43294,-13548,23052,4080,-1061,1076,191,43294,-5514,-32351,7353,-482,-346,1417,43273,3486,31768,3785,-1037,540,-1691,5,3
1028,43295,28955,-1697,840,-2204,1640,-1584,43295,-3807,15394,-2067,-362,16,22,43316,-13548,23052,4080,-1061,677,-74,43316,-5539,-32381,7290,-593,-346,1155,43295,3486,31768,3785,-1128,540,-1691,5,3
1029,43317,29360,-1684,1840,-2365,1353,-1774,43317,-3787,15515,-2021,-215,67,-91,43338,-13511,24052,4544,-771,203,-225,43338,-5554,-32381,7233,-664,-758,1155,43317,3436,31770,3964,-1190,606,-1238,5,3
1030,43339,29360,-1684,1840,-2365,1353,-1774,43339,-3767,15529,-1942,-215,67,-91,43360,-13511,24052,4544,-771,203,-225,43360,-5554,-32367,7233,-664,-758,1183,43339,3436,31770,3964,-1190,606,-1178,5,3
1031,43361,29360,-1805,1840,-2468,1138,-1864,43361,-3767,15529,-1942,-215,67,-175,43382,-13511,24052,4544,-771,167,-282,43382,-5565,-32367,7200,-664,-1099,1183,43361,3436,31770,3964,-1190,606,-1178,5,3
1032,43383,29796,-1865,2840,-2508,852,-1864,43383,-3737,15635,-1798,-135,106,-175,43404,-13507,25052,4918,-655,167,-302,43404,-5683,-32345,7200,-606,-1323,1461,43383,3399,31787,4099,-1170,628,-760,5,3
1033,43405,29796,-1865,2840,-2508,852,-1809,43405,-3737,15635,-1770,-135,106,-110,43426,-13483,25052,4918,-655,496,-302,43426,-5683,-32309,7220,-606,-1323,1461,43405,3399,31825,4127,-1170,628,-759,5,3
1034,43427,29796,-1910,2840,-2508,601,-1809,43427,-3737,15635,-1770,-135,106,-110,43448,-13483,25052,4918,-655,496,-302,43448,-5922,-32309,7220,-606,-1328,1461,43427,3399,31825,4127,-1170,628,-759,5,3
1035,43449,30049,-1944,3840,-2398,294,-1676,43449,-3721,15652,-1664,-143,182,-42,43470,-13210,26052,5214,-627,622,-297,43470,-6101,-32267,7295,-581,-1332,1189,43449,3477,31788,4249,-1139,713,-361,5,3
1036,43471,30049,-1944,3840,-2207,294,-1643,43471,-3721,15652,-1664,-143,197,-42,43492,-13210,26052,5232,-498,622,-251,43492,-6101,-32267,7295,-581,-1332,1189,43471,3543,31788,4275,-1139,713,-361,5,3
1037,43493,30049,-1974,3840,-2207,78,-1643,43493,-3721,15652,-1664,-173,197,-50,43514,-13210,26052,5232,-498,600,-251,43514,-6233,-32267,7295,-581,-1332,985,43493,3543,31761,4275,-1139,713,-361,5,3
1038,43515,30173,-2152,4840,-2141,-77,-1574,43515,-3728,15665,-1584,-198,309,-100,43536,-13053,27013,5360,-67,275,-212,43536,-6332,-32236,7299,-546,-1314,837,43515,3627,31761,4386,-1098,687,-387,5,3
1039,43537,30173,-2152,4840,-2141,-77,-1574,43537,-3728,15672,-1584,-198,367,-100,43558,-13053,27013,5360,-67,275,-212,43558,-6332,-32236,7299,-546,-1122,837,43537,3627,31774,4430,-1098,687,-387,5,3
1040,43559,30173,-2286,4840,-2166,-130,-1574,43559,-3735,15672,-1584,-198,367,-140,43580,-13053,27013,5360,-67,31,-212,43580,-6410,-32249,7232,-546,-1122,726,43559,3576,31774,4430,-1098,562,-407,5,3
1041,43581,30288,-2372,5840,-2368,-166,-1557,43581,-3815,15687,-1510,-197,534,-170,43602,-12987,27687,5456,207,-209,-315,43602,-6469,-32249,7182,-477,-895,638,43581,3476,31788,4610,-1045,562,-407,5,3
1042,43603,30288,-2372,5840,-2368,-166,-1557,43603,-3815,15687,-1510,-177,534,-170,43624,-12987,27687,5456,207,-209,-315,43624,-6469,-32249,7182,-462,-848,638,43603,3476,31788,4610,-1002,562,-334,5,3
1043,43625,30288,-2372,5840,-2536,-175,-1557,43625,-3884,15687,-1510,-177,534,-170,43646,-12987,27687,5456,207,-340,-392,43646,-6505,-32258,7176,-462,-848,473,43625,3453,31788,4610,-1002,572,-334,5,3
1044,43647,30364,-2355,6840,-2646,-175,-1548,43647,-3936,15695,-1454,-71,258,-77,43668,-12952,28221,5638,306,-438,-392,43668,-6505,-32267,7172,-399,-689,349,43647,3453,31805,4795,-873,572,-224,5,3
1045,43669,30364,-2333,6840,-2646,-137,-1544,43669,-3936,15695,-1440,-41,258,-77,43690,-12952,28221,5638,306,-438,-383,43690,-6412,-32267,7172,-399,-689,349,43669,3523,31805,4795,-862,572,-224,5,3
1046,43691,30364,-2333,6840,-2647,-137,-1544,43691,-3936,15695,-1440,-41,15,-77,43712,-12974,28221,5638,306,-438,-383,43712,-6412,-32274,7172,-399,-689,260,43691,3523,31805,4795,-862,486,-224,5,3
1047,43713,30495,-2257,7840,-2647,-86,-1471,43713,-3823,15749,-1384,72,-166,-5,43734,-13046,28569,5738,155,-390,-332,43734,-6342,-32279,7173,-346,-593,193,43713,3523,31833,4884,-731,486,-208,5,3
1048,43735,30529,-2215,7840,-2623,-86,-1469,43735,-3814,15749,-1374,72,-166,-5,43756,-13046,28569,5738,155,-361,-328,43756,-6342,-32279,7199,-345,-593,193,43735,3488,31833,4884,-722,486,-208,5,3
1049,43757,30529,-2215,7840,-2623,-86,-1469,43757,-3814,15749,-1374,72,-263,-5,43778,-13100,28569,5738,-14,-361,-328,43778,-6342,-32279,7199,-345,-593,143,43757,3470,31833,4884,-722,548,-208,5,3
1050,43779,30609,-2127,8840,-2367,-70,-1314,43779,-3715,15790,-1315,163,-316,26,43800,-13151,28830,5817,-188,240,-174,43800,-6422,-32253,7219,-248,-259,143,43779,3436,31828,4951,-590,552,-192,5,3
1051,43801,30609,-2037,8840,-2342,-70,-1283,43801,-3714,15790,-1315,163,-316,26,43822,-13151,28830,5817,-188,240,-174,43822,-6422,-32229,7219,-236,-196,143,43801,3436,31828,4951,-576,601,-144,5,3
1052,43823,30609,-2037,8840,-2342,-70,-1283,43823,-3714,15790,-1315,163,-316,26,43844,-13151,28830,5817,-313,240,-174,43844,-6422,-32229,7192,-236,-196,143,43823,3411,31828,4951,-576,601,-144,5,3
1053,43845,30693,-2055,9840,-2043,-58,-1097,43845,-3693,15803,-1271,255,-231,49,43866,-13147,29014,5942,-412,678,-120,43866,-6482,-32237,7172,-152,122,75,43845,3330,31843,4993,-420,569,-74,5,3
1054,43867,30693,-2055,9840,-2043,-57,-1097,43867,-3693,15803,-1271,255,-231,49,43888,-13147,29014,5942,-412,678,-120,43888,-6482,-32237,7172,-152,122,75,43867,3253,31843,4993,-403,569,-15,5,3
1055,43889,30693,-2069,9840,-2043,-57,-1097,43889,-3693,15803,-1271,255,-231,49,43910,-13147,29014,5874,-412,678,-186,43910,-6482,-32239,7172,-152,122,-99,43889,3173,31843,4993,-403,486,-15,5,3
1056,43911,30752,-2083,10676,-1859,-87,-969,43911,-3678,15809,-1280,274,-167,20,43932,-13100,29250,5823,-325,406,-476,43932,-6463,-32241,7235,-219,-378,-283,43911,3151,31860,5024,-263,424,139,5,3
1057,43933,30752,-2083,10676,-1859,-87,-969,43933,-3677,15809,-1280,274,-167,20,43954,-13100,29250,5823,-147,406,-476,43954,-6463,-32241,7245,-219,-378,-283,43933,3151,31860,5024,-252,424,235,5,3
1058,43955,30752,-2083,10676,-1859,-137,-969,43955,-3677,15809,-1305,274,-167,-29,43976,-13100,29250,5789,-147,199,-783,43976,-6463,-32284,7245,-293,-969,-475,43955,3151,31860,5004,-252,248,235,5,3
1059,43977,30792,-2036,11339,-1696,-185,-867,43977,-3625,15825,-1374,288,120,-137,43998,-13083,29423,5763,86,-286,-1013,43998,-6469,-32317,7273,-493,-1412,-820,43977,3181,31873,4975,-149,79,523,5,3
1060,43999,30792,-1962,11339,-1670,-185,-860,43999,-3621,15825,-1374,288,287,-137,44020,-13083,29423,5763,146,-286,-1013,44020,-6469,-32317,7273,-493,-1412,-820,43999,3213,31873,4975,-149,79,523,5,3
1061,44021,30792,-1962,11339,-1670,-216,-860,44021,-3621,15825,-1426,288,287,-261,44042,-13084,29423,5763,146,-409,-1013,44042,-6469,-32345,7273,-643,-1412,-1079,44021,3213,31873,4939,-149,-83,523,5,3
1062,44043,30728,-1769,11820,-1477,-216,-825,44043,-3576,15826,-1426,264,812,-397,44064,-13213,29497,5814,468,-446,-1012,44064,-6199,-32362,7162,-733,-1239,-1079,44043,3525,31832,4900,-159,-243,519,5,3
1063,44065,30728,-1769,11820,-1477,-176,-825,44065,-3576,15826,-1421,264,812,-397,44086,-13213,29497,5814,468,-446,-939,44086,-6199,-32362,7162,-733,-1182,-1054,44065,3525,31832,4900,-159,-243,519,5,3
1064,44087,30688,-1769,11820,-1477,-176,-825,44087,-3576,15826,-1421,264,812,-427,44108,-13309,29432,5814,468,-446,-939,44108,-6199,-32362,7079,-733,-1182,-1054,44087,3525,31802,4883,-187,-363,448,5,3
1065,44109,30688,-1702,12129,-1394,46,-799,44109,-3639,15817,-1410,329,831,-427,44130,-13333,29418,5886,512,-107,-654,44130,-6067,-32359,7011,-678,-919,-908,44109,3587,31802,4858,-218,-402,357,5,3
1066,44131,30706,-1702,12129,-1394,46,-787,44131,-3639,15817,-1410,329,831,-392,44152,-13333,29418,5886,512,14,-613,44152,-6067,-32335,7011,-653,-778,-871,44131,3587,31803,4858,-218,-402,357,5,3
1067,44153,30706,-1702,12129,-1394,46,-787,44153,-3686,15811,-1410,329,729,-392,44174,-13333,29418,5882,512,14,-613,44174,-6067,-32335,7011,-653,-778,-871,44153,3587,31803,4858,-218,-402,326,5,3
1068,44175,30737,-1704,12324,-1348,164,-737,44175,-3691,15805,-1398,369,405,-291,44196,-13297,29431,5879,436,172,-450,44196,-5968,-32339,6964,-567,-471,-701,44175,3584,31822,4871,-196,-224,326,5,3
1069,44197,30787,-1704,12324,-1348,164,-730,44197,-3691,15805,-1395,369,405,-246,44218,-13270,29431,5879,436,291,-450,44218,-5950,-32339,6964,-507,-471,-684,44197,3584,31822,4871,-196,-224,353,5,3
1070,44219,30787,-1742,12324,-1348,164,-730,44219,-3691,15805,-1395,369,162,-246,44240,-13270,29431,5867,428,345,-450,44240,-5950,-32342,6929,-507,-471,-684,44219,3582,31822,4871,-196,-224,353,5,3
1071,44241,30848,-1784,12471,-1336,252,-688,44241,-3660,15813,-1383,430,11,-125,44262,-13270,29459,5830,422,345,-375,44262,-5875,-32374,6929,-371,-204,-513,44241,3580,31852,4881,-196,-90,412,5,3
1072,44263,30848,-1784,12519,-1310,252,-688,44263,-3658,15813,-1383,430,11,-125,44284,-13250,29467,5830,422,421,-375,44284,-5928,-32374,6929,-346,-176,-513,44263,3580,31852,4881,-196,-90,412,5,3
1073,44285,30848,-1816,12519,-1310,232,-688,44285,-3658,15813,-1383,430,-21,-125,44306,-13250,29467,5802,417,421,-375,44306,-5946,-32374,6968,-346,-176,-513,44285,3579,31852,4881,-204,-90,412,5,3
1074,44307,30892,-1842,12719,-1275,209,-722,44307,-3668,15816,-1422,407,-21,-92,44328,-13204,29568,5781,353,502,-268,44328,-5946,-32392,6986,-222,47,-500,44307,3578,31853,4864,-219,49,471,5,3
1075,44329,30903,-1842,12719,-1259,209,-722,44329,-3668,15816,-1422,407,9,-92,44350,-13189,29574,5781,353,536,-268,44350,-5841,-32392,7032,-222,116,-500,44329,3578,31853,4864,-219,49,471,5,3
1076,44351,30910,-1865,12719,-1259,185,-756,44351,-3676,15816,-1451,389,9,-92,44372,-13189,29574,5757,305,536,-268,44372,-5841,-32404,7032,-222,116,-500,44351,3578,31853,4864,-246,49,457,5,3
1077,44373,30951,-1878,12869,-1116,160,-756,44373,-3676,15824,-1451,377,82,-92,44394,-13211,29564,5729,269,622,-188,44394,-5724,-32415,6990,-210,284,-391,44373,3599,31847,4852,-246,190,427,5,3
1078,44395,30956,-1878,12869,-1097,160,-755,44395,-3668,15824,-1451,377,137,-92,44416,-13211,29564,5729,269,664,-174,44416,-5724,-32415,6958,-210,299,-391,44395,3615,31847,4852,-188,190,427,5,3
1079,44417,30956,-1878,12869,-1097,133,-754,44417,-3668,15824,-1473,368,137,-92,44438,-13228,29557,5702,242,664,-174,44438,-5792,-32455,6958,-210,299,-391,44417,3615,31847,4852,-188,190,427,5,3
1080,44439,30957,-1826,12973,-975,121,-754,44439,-3706,15824,-1473,327,217,-30,44460,-13241,29503,5680,51,948,-106,44460,-5843,-32489,6934,-306,437,-482,44439,3541,31889,4839,-141,211,437,5,3
1081,44461,30957,-1826,12973,-975,121,-754,44461,-3706,15824,-1457,327,217,-24,44482,-13241,29503,5680,51,948,-106,44482,-5843,-32489,6934,-306,658,-482,44461,3485,31929,4839,-137,211,440,5,3
1082,44483,30948,-1826,12973,-975,121,-774,44483,-3734,15824,-1445,296,217,-24,44504,-13241,29503,5680,-92,948,-106,44504,-5843,-32510,6934,-410,658,-550,44483,3485,31929,4817,-137,211,440,5,3
1083,44505,30883,-1787,13051,-976,237,-789,44505,-3734,15824,-1445,240,213,17,44526,-13192,29543,5704,-199,1173,-55,44526,-5792,-32510,6914,-456,1402,-614,44505,3485,31894,4784,18,227,580,5,3
1084,44527,30883,-1787,13061,-976,260,-789,44527,-3706,15834,-1436,240,213,17,44548,-13192,29595,5704,-199,1173,-42,44548,-5748,-32486,6914,-456,1402,-614,44527,3653,31894,4784,25,233,580,5,3
1085,44549,30856,-1787,13061,-977,260,-789,44549,-3706,15834,-1436,224,213,17,44570,-13192,29595,5704,-199,1173,-42,44570,-5748,-32486,6891,-456,1402,-614,44549,3653,31868,4690,25,233,580,5,3
1086,44571,30852,-1750,13101,-983,374,-766,44571,-3696,15842,-1446,212,239,27,44592,-13136,29664,5680,-117,1227,49,44592,-5586,-32476,6882,-417,1648,-611,44571,3779,31849,4637,54,37,556,5,3
1087,44593,30852,-1750,13101,-983,407,-766,44593,-3696,15842,-1446,212,239,27,44614,-13136,29664,5680,-106,1227,49,44614,-5586,-32476,6882,-417,1648,-566,44593,3779,31849,4637,54,37,556,5,3
1088,44615,30852,-1750,13099,-1021,407,-772,44615,-3708,15842,-1454,203,239,27,44636,-13136,29628,5680,-106,1227,49,44636,-5586,-32476,6882,-417,1590,-566,44615,3778,31830,4637,14,-176,536,5,3
1089,44637,30871,-1762,13070,-1063,469,-798,44637,-3724,15821,-1454,196,71,101,44658,-12996,29601,5768,35,1171,17,44658,-5565,-32451,6891,-396,1207,-616,44637,3687,31804,4795,-22,-451,521,5,3
1090,44659,30871,-1762,13070,-1063,469,-798,44659,-3724,15821,-1445,196,71,101,44680,-12996,29601,5830,35,1171,17,44680,-5565,-32451,6891,-396,1207,-616,44659,3687,31804,4815,-22,-451,520,5,3
1091,44681,30871,-1771,13044,-1094,469,-818,44681,-3724,15806,-1445,196,-54,101,44702,-12996,29601,5830,35,1030,14,44702,-5565,-32451,6891,-426,884,-653,44681,3687,31755,4815,-42,-451,494,5,3
1092,44703,30917,-1824,13027,-1115,405,-883,44703,-3704,15806,-1414,210,-134,108,44724,-12923,29614,5916,141,924,14,44724,-5549,-32454,6810,-453,327,-662,44703,3677,31748,4929,-47,-416,474,5,3
1093,44725,30917,-1824,13027,-1115,405,-883,44725,-3621,15806,-1404,238,-134,108,45406,-12923,29614,5916,141,924,14,45406,-5549,-32454,6810,-453,327,-662,44725,3677,31748,4929,-47,-345,474,6,3
1094,45407,30917,-1864,13014,-1128,353,-932,45407,-3621,15806,-1404,238,-134,73,45428,-12923,29614,5909,141,924,14,45428,-5603,-32454,6727,-502,-179,-662,45407,3677,31715,4929,-47,-345,473,6,3
1095,45429,30952,-1870,13004,-1138,331,-940,45429,-3527,15831,-1354,269,54,21,45450,-12952,28614,5791,224,1060,85,45450,-5706,-32422,6665,-1054,-469,-582,45429,3597,31690,4946,-127,-266,436,6,3
1096,45451,30952,-1870,12992,-1138,331,-940,45451,-3527,15831,-1354,269,55,21,45472,-12952,28614,5791,224,1060,650,45472,-5706,-31454,6665,-1054,-469,-582,45451,3597,31690,5046,-127,-75,436,6,3
1097,45473,29952,-1870,12975,-1138,331,-940,45473,-3527,15831,-1495,113,55,-71,45494,-12974,27814,5791,224,1060,650,45494,-5783,-31454,6572,-1684,-652,-582,45473,3597,31581,5046,-413,-75,273,6,3
1098,45495,28952,-1858,12725,-903,506,27,45495,-3483,15965,-1600,-3,118,-284,45516,-13364,27814,6445,870,949,1861,45516,-5783,-30454,6517,-2157,-652,-832,45495,3247,30581,5562,-702,-665,14,6,3
1099,45517,28952,-1858,12725,-903,506,300,45517,-3483,15981,-1600,-3,118,-284,45538,-13364,28484,6445,934,949,1861,45538,-5567,-30454,6517,-2157,25,-832,45517,3247,30581,5562,-702,-665,14,6,3
1100,45539,28952,-1858,12515,-903,419,300,45539,-3483,15981,-1600,-27,118,-525,45560,-13364,28484,6445,934,949,1861,45560,-5567,-30454,6383,-2360,25,-1182,45539,3247,30581,5439,-919,-665,-179,6,3
1101,45561,29102,-2858,12154,-268,-121,1042,45561,-3410,15921,-1277,-40,165,-1041,45582,-12845,28987,7083,1217,1253,2667,45582,-5083,-29858,6283,-2360,533,-1445,45561,3453,30749,5347,-1088,-267,-324,6,3
1102,45583,29102,-2858,12154,-268,-121,1042,45583,-3410,15921,-978,-40,316,-1041,45604,-12845,28987,7083,1217,1446,2667,45604,-5083,-29858,5800,-2081,533,-1445,45583,3453,30851,5347,-1088,-267,-324,6,3
1103,45605,29102,-3858,11813,-268,-186,1042,45605,-3410,15752,-978,-40,316,-1428,45626,-12845,28987,7083,1197,1446,2667,45626,-5083,-29858,5800,-2081,533,-1445,45605,3453,30851,5347,-1131,-267,-378,6,3
1104,45627,29274,-4858,11473,-573,-186,636,45627,-3313,15615,-504,1,826,-1679,45648,-12455,29402,7622,857,2106,2186,45648,-6083,-28858,5680,-981,1454,68,45627,3563,31020,5632,-1131,31,-378,6,3
1105,45649,29274,-4858,11473,-573,-97,636,45649,-3157,15615,-504,36,841,-1679,45670,-12455,29402,7622,857,2106,2186,45670,-6083,-28858,5680,-981,1454,68,45649,3563,31184,5632,-941,70,-358,6,3
1106,45671,29274,-5067,11234,-876,-97,210,45671,-3157,15523,-504,36,841,-1679,45692,-12455,29402,7622,593,2106,1391,45692,-6494,-28858,5680,-981,1454,68,45671,3563,31184,5632,-941,70,-358,6,3
1107,45693,29913,-5067,11097,-1103,-31,-476,45693,-3250,15464,-334,0,1235,-1095,45714,-11829,29873,7248,395,2328,606,45714,-6802,-27858,5712,-472,1073,602,45693,3674,31336,5748,-390,323,288,6,3
1108,45715,29913,-5032,11097,-1103,12,-476,45715,-3250,15464,-334,0,1235,-949,45736,-11557,29927,7248,395,2328,606,45736,-6802,-27858,5712,-472,1073,602,45715,3732,31336,5748,-390,323,288,6,3
1109,45737,29913,-5032,11097,-1240,12,-856,45737,-3320,15464,-334,-51,1235,-949,45758,-11557,29927,6522,389,1907,-24,45758,-6802,-27858,5712,-472,414,602,45737,3732,31336,5501,-390,294,288,6,3
1110,45759,29955,-4672,11300,-1343,93,-983,45759,-3373,15700,-405,-214,1830,-533,45780,-10883,30321,5977,389,932,-496,45780,-6597,-26858,5736,-90,293,716,45759,4495,31416,5245,-140,-70,138,6,3
1111,45781,29955,-4466,11318,-1343,265,-983,45781,-3373,15717,-405,-214,1830,-533,45802,-10883,30321,5977,1054,932,-496,45802,-6597,-26858,6158,-71,293,716,45781,4495,31416,5245,-140,-70,138,6,3
1112,45803,29955,-4466,11318,-1343,265,-1051,45803,-3373,15717,-458,-214,1830,-533,45824,-10883,30321,5568,1054,-56,-496,45824,-6597,-27858,6158,-71,293,716,45803,4495,31416,5023,-178,-690,-404,6,3
1113,45825,30076,-3703,11506,-1324,349,-1102,45825,-3383,15805,-705,-286,2126,-247,45846,-11034,30348,4914,1641,-797,-460,45846,-6913,-28858,6484,177,444,637,45825,5067,31476,4193,-439,-1575,-1357,6,3
1114,45847,30076,-3619,11506,-1216,349,-1102,45847,-3383,15805,-705,-286,2126,-247,45868,-11034,30348,4914,1654,-797,-460,45868,-6913,-28858,6484,177,674,637,45847,5067,31518,4193,-439,-1575,-1357,6,3
1115,45869,30076,-3619,11506,-1216,349,-1140,45869,-3391,15764,-891,-286,2126,-247,45890,-11147,30317,4463,1654,-1470,-460,45890,-7150,-29675,6484,177,674,378,45869,5067,31518,3576,-703,-2239,-2072,6,3
1116,45891,30323,-2984,11515,-1050,412,-1221,45891,-3525,15733,-1034,-191,2086,-51,45912,-11290,30193,4191,2090,-2614,-734,45912,-7150,-30332,6645,278,1174,108,45891,5272,31508,3572,-901,-3539,-2564,6,3
1117,45913,30323,-2984,11515,-1050,412,-1221,45913,-3525,15733,-1034,-191,2086,-51,45934,-11290,30193,4191,2090,-2614,-734,45934,-7150,-30332,6645,278,1174,108,45913,5272,31508,3572,-901,-3539,-2564,6,3
1118,45935,30323,-2984,11515,-1050,412,-1359,45935,-3525,15733,-1210,-191,2048,-51,45956,-11593,30072,4191,2090,-3690,-1177,45956,-7096,-30801,6645,230,1174,-60,45935,4800,31343,3572,-901,-4514,-2564,6,3
1119,45957,30506,-2508,11522,-1168,475,-1471,45957,-3332,15771,-1378,-117,1561,-16,45978,-12593,29412,4193,2293,-4497,-1509,45978,-7096,-31152,6765,105,1549,-186,45957,3800,31203,4311,-789,-4574,-2433,6,3
1120,45979,30506,-2360,11654,-1168,475,-1471,45979,-3312,15789,-1378,-19,1561,-16,46000,-12593,29412,4529,2293,-4497,-1509,46000,-7059,-31152,6765,105,1549,-186,45979,3800,31203,4572,-789,-4574,-2275,6,3
1121,46001,30506,-2360,11654,-1168,475,-1484,46001,-3312,15789,-1475,-19,1325,-16,46022,-13532,28909,4529,1989,-4497,-1509,46022,-7055,-31384,6643,32,1549,-280,46001,2800,31198,4572,-798,-4574,-2275,6,3
1122,46023,30689,-1808,11884,-1124,658,-1494,46023,-3286,15828,-1540,73,1204,-72,46044,-14219,28539,5000,887,-3923,-1427,46044,-7032,-31558,6544,-4,1779,-366,46023,1800,31194,5439,-915,-4079,-1741,6,3
1123,46045,30689,-1808,11904,-847,667,-1494,46045,-3286,15828,-1540,73,1204,-72,46066,-14219,28539,5000,887,-2902,-1223,46066,-6679,-31558,6544,-4,1779,-366,46045,1800,31194,5439,-915,-2574,-1564,6,3
1124,46067,30689,-1808,11904,-847,667,-1494,46067,-3286,15828,-1540,73,1113,-147,46088,-14219,28539,5000,-252,-2902,-1223,46088,-6679,-31684,6456,-4,1779,-366,46067,1800,31091,5439,-915,-2574,-1564,6,3
1125,46089,30631,-1706,12122,-512,815,-1375,46089,-3267,15857,-1473,38,975,-203,46110,-13598,28650,5196,-1223,-902,-541,46110,-6365,-31684,6156,37,1910,-287,46089,2288,30810,4497,-817,-1269,-998,6,3
1126,46111,30631,-1706,12122,-375,815,-1375,46111,-3207,15862,-1427,38,975,-203,46132,-13404,28732,5196,-1223,-902,-517,46132,-6245,-31683,6156,115,1910,-77,46111,2350,30810,4497,-775,-1269,-998,6,3
1127,46133,30587,-1921,12122,-375,815,-1375,46133,-3207,15862,-1427,11,817,-210,46154,-13404,28732,5196,-1855,-902,-517,46154,-6245,-31683,5927,115,1907,-77,46133,2350,30599,3790,-775,-1269,-998,6,3
1128,46155,30336,-2046,12197,72,842,-1084,46155,-3168,15888,-1247,-8,608,-210,46176,-12793,29303,5243,-1999,684,-17,46176,-6335,-31734,5759,271,1907,459,46155,2762,30441,3392,-661,-845,-717,6,3
1129,46177,30336,-2046,12197,91,842,-1072,46177,-3168,15912,-1244,-8,608,-132,46198,-12793,29303,5243,-1999,684,-17,46198,-6335,-31734,5759,290,2142,459,46177,2762,30441,3392,-661,-845,-717,6,3
1130,46199,29336,-2140,12197,91,842,-1072,46199,-3232,15912,-1244,-8,320,-132,46220,-12793,29303,5243,-1999,684,-17,46220,-6483,-31772,5759,290,2142,459,46199,2762,30441,3392,-661,-845,-717,6,3
1131,46221,28336,-2140,11969,543,531,-769,46221,-3280,15982,-1030,81,-112,102,46242,-12386,29415,5278,-1741,1838,195,46242,-6888,-31923,5875,350,2347,376,46221,2815,30788,3658,-538,-527,-506,6,3
1132,46243,28336,-2063,11969,600,531,-769,46243,-3280,15982,-1030,92,-112,102,46264,-12386,29415,5420,-1741,1838,195,46264,-6888,-31923,6007,350,2484,376,46243,2815,30788,3716,-538,-16,-399,6,3
1133,46265,27336,-2063,11544,600,35,-769,46265,-3280,15982,-1030,92,-277,102,46286,-12386,29415,5420,-1741,1838,159,46286,-7191,-31962,6007,346,2484,92,46265,2815,30788,3716,-538,-16,-399,6,3
1134,46287,26336,-1981,10702,1067,-957,-510,46287,-3119,15987,-870,188,-277,-7,46308,-12031,29401,4827,-1641,2704,-212,46308,-7379,-31962,6225,346,2740,-616,46287,2855,31033,3959,-307,1067,129,6,3
1135,46309,26336,-1937,10702,1067,-957,-510,46309,-3053,15987,-866,212,-238,-7,46330,-11995,29401,4827,-1641,2704,-212,46330,-7379,-31962,6225,392,2740,-616,46309,2855,31049,3959,-234,1530,317,6,3
1136,46331,25336,-1937,9998,1067,-2173,-510,46331,-3053,15901,-866,212,-238,-225,46352,-11995,29256,4272,-1740,2704,-1337,46352,-7560,-31962,6225,392,2740,-1433,46331,2855,31049,3959,-234,1530,317,6,3
1137,46353,24336,-1826,9058,1312,-3399,-316,46353,-2872,15790,-738,399,-84,-734,46374,-11702,29140,3856,-1814,2868,-3223,46374,-7560,-31955,6214,517,2919,-2844,46353,2295,31250,3991,-6,2939,1684,6,3
1138,46375,24336,-1826,9058,1312,-3399,-316,46375,-2872,15790,-738,475,-21,-734,46396,-11702,29140,3856,-1814,2868,-3223,46396,-7580,-31955,6214,590,2982,-2844,46375,2295,31336,3991,-6,3198,2142,6,3
1139,46397,24336,-1826,8319,1206,-5212,-316,46397,-2872,15679,-738,475,-21,-1328,46418,-11728,28573,3516,-1961,2868,-5223,46418,-7715,-31955,6214,590,2982,-4325,46397,1923,31336,3991,-57,3198,2142,6,3
1140,46419,25036,-1713,7413,842,-7188,-146,46419,-2989,15333,-639,911,229,-2333,46440,-11748,28148,3261,-2321,3476,-7223,46440,-7715,-31918,6208,1238,3164,-5945,46419,1644,31100,4303,-652,4570,4142,6,3
1141,46441,25036,-1643,7413,842,-7188,-132,46441,-2989,15333,-601,1031,339,-2333,46462,-11748,28148,3088,-2321,3476,-7223,46462,-7128,-31918,6208,1258,3164,-5945,46441,1644,31100,4399,-652,4798,4142,6,3
1142,46463,25036,-1643,6733,569,-8939,-132,46463,-3055,14956,-601,1031,339,-3286,46484,-11748,28079,2781,-2759,3476,-9223,46484,-7128,-31918,6204,1258,2750,-7160,46463,1644,30969,4399,-1387,4798,4142,6,3
1143,46485,25381,-1506,6223,334,-10939,-13,46485,-3104,14673,-460,1778,526,-4332,46506,-11211,28027,2781,-3088,3969,-11150,46506,-6128,-31516,6201,1786,2053,-7922,46485,2644,30824,4689,-2171,4196,5846,6,3
1144,46507,25381,-1506,6223,334,-10939,-13,46507,-3104,14673,-460,2049,609,-4332,46528,-11211,28027,3043,-3088,3969,-11150,46528,-6128,-30918,6201,1911,2053,-7922,46507,2644,30824,4761,-2171,4196,5846,6,3
1145,46529,25381,-1511,5953,158,-12939,-13,46529,-3141,14558,-460,2049,609,-5266,46550,-11746,27682,3043,-3335,3969,-12595,46550,-6128,-30918,6196,1911,1117,-7922,46529,2644,30824,4761,-2897,3493,5846,6,3
1146,46551,25596,-1759,5764,-79,-14939,36,46551,-3344,14471,-835,2999,671,-5967,46572,-12746,27287,3705,-3520,3967,-13826,46572,-5128,-29918,6196,2427,245,-7690,46551,3644,30622,4960,-3516,2546,6640,6,3
1147,46573,25596,-1759,5764,-79,-14939,36,46573,-3344,14471,-835,2999,671,-5967,46594,-12746,27287,3902,-3520,3967,-13826,46594,-5128,-29918,6643,2427,245,-7690,46573,3644,30622,5160,-3516,2546,6640,6,3
1148,46595,25596,-1945,5675,-394,-16939,36,46595,-3610,14406,-1165,2999,613,-6483,46616,-13743,26733,3902,-3520,3967,-14749,46616,-5128,-29918,6643,2427,-409,-7690,46595,3644,30470,5160,-4066,1836,6640,6,3
1149,46617,25559,-2098,5556,-921,-18730,73,46617,-4336,14290,-1605,3310,-8,-6870,46638,-14743,25733,4454,-3050,3891,-16271,46638,-4433,-30274,7238,2720,-1071,-7911,46617,4644,30096,5480,-4479,974,7060,6,3
1150,46639,25559,-2098,5556,-921,-18730,73,46639,-4336,14290,-1605,3310,-8,-6870,46660,-14743,25733,4454,-3050,3891,-16271,46660,-4433,-30274,7410,2720,-1071,-7911,46639,4644,30096,5578,-4479,974,7060,6,3
1151,46661,25531,-2225,5407,-1486,-20073,69,46661,-4907,13881,-1999,3285,-569,-7475,46682,-15743,24733,4454,-3050,3171,-17591,46682,-4433,-30529,7410,2592,-1588,-8265,46661,4644,29968,5578,-4479,328,7060,6,3
1152,46683,25531,-2472,5123,-2065,-20835,-47,46683,-5536,12964,-2424,2583,-990,-8090,46704,-16743,23733,4980,-2698,2631,-18581,46704,-3912,-30529,8133,1337,-2195,-8786,46683,5463,29720,6423,-4412,-129,7795,6,3
1153,46705,25598,-2472,5123,-2065,-20835,-47,46705,-5536,12964,-2424,2583,-990,-8090,46726,-16743,23733,5202,-2698,2631,-18581,46726,-3886,-29529,8133,1337,-2195,-8786,46705,5463,29720,6578,-3830,-129,7823,6,3
1154,46727,25598,-2658,4840,-2499,-20835,-183,46727,-6163,11964,-2824,2056,-990,-8637,46748,-17743,22733,5202,-2698,2631,-18993,46748,-3886,-29529,8133,164,-2431,-9191,46727,5463,29534,6578,-3830,-129,7823,6,3
1155,46749,26156,-2917,3840,-2499,-20817,-345,46749,-7163,11194,-3292,2056,-855,-9047,46770,-18743,21733,5367,-3404,3840,-19110,46770,-2886,-28529,8075,-820,-2431,-9480,46749,6463,28820,7578,-2730,489,8949,6,3
1156,46771,26156,-2917,3840,-2465,-20549,-345,46771,-7163,11194,-3292,2117,-855,-9047,46792,-18743,21733,5367,-3404,3840,-19110,46792,-2886,-28529,8075,-820,-1709,-9480,46771,6463,28820,7578,-2730,651,8949,6,3
1157,46793,26156,-2917,2840,-2465,-20549,-467,46793,-8163,11104,-3643,2117,-855,-9047,46814,-19743,21733,5185,-3404,3840,-19110,46814,-2886,-28529,7656,-1420,-1709,-9480,46793,6463,28285,7578,-2730,651,8949,6,3
1158,46815,25156,-3111,1840,-2297,-20334,-558,46815,-9068,11104,-3822,2438,-1751,-8976,46836,-20743,21755,4928,-2490,3294,-18931,46836,-1886,-29044,7342,-1420,-1167,-9207,46815,7463,27883,7289,-2521,1197,9097,6,3
1159,46837,25156,-3111,1840,-2297,-20207,-558,46837,-9068,11167,-3822,2447,-1751,-8858,46858,-20743,21755,4928,-2490,3294,-18809,46858,-1886,-29044,7342,-1342,-1158,-9014,46837,7463,27883,7289,-2521,1197,9097,6,3
1160,46859,24156,-3111,840,-2580,-20207,-690,46859,-9763,11167,-3822,2447,-2423,-8858,46880,-21743,21755,4736,-2490,3294,-18809,46880,-1886,-29044,7194,-1342,-1158,-9014,46859,7463,27582,7072,-2521,1197,8740,6,3
1161,46881,23156,-2809,-160,-2827,-19951,-1027,46881,-10709,11429,-3694,2686,-2903,-8543,46902,-22743,20986,4528,-490,4214,-17740,46902,-886,-28044,7083,-727,-948,-7941,46881,8463,27230,6944,-3145,511,7687,6,3
1162,46903,23156,-2809,-160,-2827,-19951,-1027,46903,-10709,11584,-3665,2686,-2903,-8391,46924,-22743,20986,4528,-490,4214,-17556,46924,-886,-28044,7083,-509,-744,-7662,46903,8463,27230,6944,-3145,511,7687,6,3
1163,46925,22156,-2622,-1160,-3363,-19951,-1404,46925,-11486,11584,-3665,2686,-3263,-8391,46946,-23743,20297,4372,-490,4214,-17556,46946,-886,-28044,7032,-509,-744,-7662,46925,8463,27070,6944,-3854,-131,6525,6,3
1164,46947,22053,-2622,-2160,-3765,-19759,-1733,46947,-12069,11767,-3383,2188,-3533,-7688,46968,-24743,19297,4255,1510,5491,-16478,46968,114,-27863,7032,397,-26,-6484,46947,9463,26886,7212,-4385,-515,5278,6,3
1165,46969,22053,-2190,-2160,-3765,-19759,-1733,46969,-12069,11767,-3323,2188,-3533,-7685,46990,-24743,19297,4255,1510,6214,-16311,46990,114,-27863,7032,441,9,-6484,46969,9463,26886,7326,-4385,-515,5278,6,3
1166,46991,21975,-2190,-3160,-3765,-19759,-1980,46991,-12349,11714,-3323,1532,-3553,-7685,47012,-24883,18297,4167,1510,6214,-16311,47012,114,-28091,6848,441,9,-6484,46991,9463,26708,7326,-4604,-598,4343,6,3
1167,47013,21423,-2158,-4160,-3499,-19060,-2165,47013,-12408,10777,-3067,681,-3553,-7153,47034,-24988,17297,3831,2919,6050,-15544,47034,1114,-28262,6848,1146,-63,-5985,47013,10463,26293,7826,-4922,-660,3817,6,3
1168,47035,21423,-2158,-4160,-3385,-18464,-2165,47035,-12408,10777,-3009,681,-3538,-7153,47056,-24988,17297,3831,2919,6050,-15544,47056,1114,-28262,7524,1146,-63,-5985,47035,10463,26293,7826,-4922,-660,3817,6,3
1169,47057,21009,-2158,-5160,-3385,-18464,-2323,47057,-12408,9777,-3009,42,-3538,-7153,47078,-25067,16297,3579,2919,5927,-15544,47078,1114,-28262,7524,1146,-749,-5985,47057,10463,25981,7826,-4922,-660,3810,6,3
1170,47079,21009,-1454,-6160,-3074,-16464,-2446,47079,-12243,8957,-2737,-436,-3433,-6973,47100,-25980,15297,3014,3656,4973,-16229,47100,1713,-27262,8031,1643,-1273,-6079,47079,11141,25981,8401,-4995,-938,3810,6,3
1171,47101,21166,-1454,-6160,-3074,-16464,-2446,47101,-12243,8957,-2708,-436,-3243,-6973,47122,-25980,15297,3014,3656,4973,-16229,47122,1713,-27262,8031,1643,-1273,-6079,47101,11141,25999,8401,-4995,-938,4193,6,3
1172,47123,21166,-1454,-7160,-3074,-16464,-2446,47123,-12324,8376,-2708,-625,-3243,-7151,47144,-26337,14297,2572,3656,4094,-17113,47144,1713,-27262,8031,1643,-1666,-6158,47123,11141,25999,8401,-4995,-1147,4193,6,3
1173,47145,21810,-836,-8160,-1967,-14464,-2223,47145,-12812,7940,-2477,-765,-2318,-7652,47166,-26604,13297,1879,4209,3143,-17776,47166,2713,-27984,8591,1902,-1666,-6266,47145,11681,25815,8832,-4941,-1307,4641,6,3
1174,47167,21954,-836,-8160,-1967,-14464,-2128,47167,-12812,7940,-2477,-765,-2318,-7652,47188,-26604,13297,1879,4209,3143,-17776,47188,2713,-27984,8591,1902,-1522,-6266,47167,12141,25815,8832,-4941,-1307,4642,6,3
1175,47189,21954,-836,-9160,-1967,-14464,-2128,47189,-13192,7625,-2477,-862,-2318,-8157,47210,-26604,12297,1125,4209,2442,-17838,47210,2713,-28696,8591,1902,-1522,-6266,47189,12141,25677,8832,-4994,-1307,4642,6,3
1176,47211,22733,-836,-10160,-1686,-12464,-1890,47211,-13608,7389,-2304,-862,-1626,-8536,47232,-25604,11297,559,4624,1983,-17838,47232,3713,-29332,8829,2066,-1446,-6263,47211,13141,25557,9026,-5087,-1116,4736,6,3
1177,47233,22733,-836,-10160,-1686,-12464,-1890,47233,-13608,7389,-2297,-838,-1626,-8536,47254,-25604,11297,559,4624,1983,-17566,47254,3713,-29332,8923,2066,-1446,-6065,47233,13141,25557,9026,-5087,-942,4736,6,3
1178,47255,22538,-892,-11160,-1686,-12464,-1890,47255,-14098,7212,-2297,-838,-1626,-8723,47276,-25604,10297,135,4624,1639,-17566,47276,3713,-29707,8923,2066,-2111,-6065,47255,13141,25467,9026,-5103,-942,4487,6,3
1179,47277,21538,-934,-12160,-1626,-10464,-1586,47277,-14770,7037,-2146,-657,-985,-8740,47298,-24604,9297,91,4494,747,-16810,47298,4603,-30188,9172,2171,-2636,-5664,47277,14141,25467,9635,-5103,-94,4168,6,3
1180,47299,21538,-934,-12160,-1626,-10464,-1509,47299,-14770,7037,-2146,-657,-965,-8740,47320,-24604,9297,91,4494,747,-16467,47320,4603,-30188,9246,2171,-2636,-5591,47299,14141,25506,9959,-5034,-94,4168,6,3
1181,47321,20538,-966,-13160,-1626,-10464,-1509,47321,-15370,6824,-2146,-657,-965,-8740,47342,-24604,8297,58,4175,78,-16467,47342,4603,-30545,9246,2171,-2942,-5591,47321,14141,25506,9959,-5034,-94,3780,6,3
1182,47343,19538,-966,-14160,-1581,-8464,-1212,47343,-16074,6510,-2149,-571,-533,-8474,47364,-23604,7297,33,3822,-423,-14977,47364,5518,-30812,9814,1735,-3041,-5020,47343,14755,25567,10683,-4336,-698,3180,6,3
1183,47365,19538,-714,-14160,-1581,-8464,-1212,47365,-16074,6510,-2149,-571,-533,-8209,47386,-23604,7297,33,3822,-423,-14467,47386,5538,-30812,9814,1735,-3041,-4820,47365,14829,25567,10683,-3890,-698,3180,6,3
1184,47387,18538,-714,-14790,-1581,-8464,-1212,47387,-16657,6274,-2221,-571,-533,-8209,47408,-23604,6297,8,3072,-648,-14467,47408,5538,-31013,9814,1092,-3041,-4820,47387,14829,25559,10683,-3890,-1384,2727,6,3
1185,47409,17538,-435,-15262,-1568,-6464,-1081,47409,-17275,6100,-2282,-410,-212,-7382,47430,-22604,5343,-38,1660,-956,-12467,47430,6413,-31163,9918,276,-2642,-3920,47409,15407,25465,10860,-2391,-1899,2339,6,3
1186,47431,17538,-429,-15262,-1508,-6464,-1081,47431,-17275,6100,-2282,-292,-212,-7109,47452,-22604,5343,-38,1660,-956,-12467,47452,6413,-31163,9918,276,-2296,-3684,47431,15479,25465,10860,-2172,-1899,2339,6,3
1187,47453,16538,-429,-15862,-1508,-6464,-1081,47453,-17826,6045,-2328,-292,-212,-7109,47474,-22604,4701,-72,360,-956,-12467,47474,6413,-31208,9918,-522,-2296,-3684,47453,15479,25410,10860,-2172,-1899,2035,6,3
1188,47475,15538,-219,-16450,-1189,-5659,-982,47475,-18325,6035,-2363,31,86,-5676,47496,-21604,4512,-78,-1053,-1005,-10467,47496,7070,-31320,9666,-1375,-1148,-2351,47475,15987,25369,10923,-466,-1770,1603,6,3
1189,47497,15538,-219,-16450,-1189,-5659,-944,47497,-18325,6035,-2363,103,86,-5325,47518,-21604,4512,-78,-1053,-1005,-10467,47518,7070,-31320,9666,-1375,-951,-2096,47497,16047,25369,10923,-357,-1705,1603,6,3
1190,47519,14538,-219,-16891,-1189,-5659,-944,47519,-18678,6035,-2394,103,86,-5325,47540,-21604,4512,-82,-2184,-1005,-10467,47540,7070,-31506,9477,-2151,-951,-2096,47519,16047,25366,10796,-357,-1705,1029,6,3
1191,47541,13538,-304,-17222,-846,-6101,-722,47541,-18879,6056,-2454,541,324,-3325,47562,-20604,4792,-85,-3033,-533,-8467,47562,7268,-31655,9313,-3220,401,-606,47541,16473,25364,10539,1255,-1171,210,6,3
1192,47563,13538,-304,-17222,-846,-6101,-680,47563,-18879,6056,-2454,618,325,-3325,47584,-20604,4824,-85,-3033,-533,-8467,47584,7268,-31655,9313,-3220,575,-530,47563,16473,25364,10539,1255,-1062,210,6,3
1193,47585,12538,-415,-17870,-846,-6432,-680,47585,-18900,5969,-2671,618,325,-3325,47606,-20604,4824,-85,-3384,-533,-8467,47606,7268,-31683,9116,-4197,575,-530,47585,16473,25364,10226,1255,-1062,-674,6,3
1194,47607,11538,-781,-18402,-660,-6432,-137,47607,-18900,5785,-2926,1314,466,-1325,47628,-19604,5174,-65,-3528,-536,-6467,47628,7141,-31704,8943,-5127,1719,654,47607,16712,25481,9873,2126,-490,-1622,6,3
1195,47629,11538,-781,-18402,-660,-6167,-137,47629,-18758,5785,-2926,1326,534,-1325,47650,-19604,5220,-65,-3528,-536,-6467,47650,7141,-31704,8943,-5127,1719,822,47629,16712,25481,9873,2126,-490,-1622,6,3
1196,47651,11538,-1055,-18567,-761,-6167,-137,47651,-18758,5756,-3018,1326,534,-1325,47672,-19604,5220,-65,-3528,-950,-6467,47672,7060,-31720,8517,-5415,1719,822,47651,16712,25481,9608,2126,-490,-2598,6,3
1197,47673,12538,-1055,-18593,-979,-4167,4,47673,-18232,5756,-3018,1837,691,675,47694,-20604,5815,5,-3357,-1275,-4467,47694,6927,-31862,7881,-5415,1865,1991,47673,16488,25648,9494,2127,12,-3355,6,3
1198,47695,12538,-917,-18593,-979,-4167,4,47695,-18137,5910,-2977,1837,787,675,47716,-20604,5871,129,-3125,-1275,-4467,47716,6927,-31862,7881,-5100,1865,2017,47695,16488,25648,9494,2127,12,-3355,6,3
1199,47717,12538,-917,-18593,-1053,-4167,4,47717,-18137,5910,-2977,1837,787,675,47738,-21604,5871,129,-3125,-2354,-4467,47738,6765,-31968,7408,-5100,1865,2017,47717,16300,25648,9494,1804,12,-3957,6,3
1200,47739,13538,-699,-17926,-1053,-2167,88,47739,-17500,6346,-2776,1772,1094,2675,47760,-22604,6585,954,-3341,-3445,-2467,47760,6580,-32056,7142,-4009,1574,3029,47739,16101,25866,9498,1562,335,-4491,6,3
1201,47761,13538,-699,-17593,-819,-2167,88,47761,-17406,6410,-2776,1772,1114,2675,47782,-22604,6871,1129,-3341,-3445,-2467,47782,6580,-32056,7142,-3899,1574,3192,47761,16101,25900,9548,1562,347,-4491,6,3
1202,47783,13538,-718,-17593,-819,-2167,88,47783,-17406,6410,-2776,1519,1114,2675,47804,-23604,6871,1129,-3906,-4020,-2467,47804,6437,-32056,6942,-3899,1318,3192,47783,15951,25900,9548,1562,347,-4922,6,3
1203,47805,14538,-896,-16593,-513,-167,135,47805,-16605,7093,-2810,1051,1525,4675,47826,-24537,7871,2129,-4330,-4449,-467,47826,6178,-32038,6792,-2900,784,4405,47805,15669,26463,9715,2043,524,-5361,6,3
1204,47827,14538,-896,-16593,-488,-167,135,47827,-16406,7221,-2810,1051,1817,4675,47848,-24537,7871,2129,-4330,-4449,-467,47848,6178,-32038,6792,-2714,784,4471,47827,15669,26463,9715,2304,524,-5361,6,3
1205,47849,14538,-1183,-16593,-488,-167,135,47849,-16406,7221,-2842,529,1817,4675,47870,-24774,7871,2129,-4330,-4771,-467,47870,5647,-32038,6770,-2714,46,4471,47849,15429,26463,9715,2304,511,-5785,6,3
1206,47871,15538,-1479,-15593,-118,1833,188,47871,-15406,7901,-2949,-193,2524,6326,47892,-24814,8871,2962,-4248,-4771,1533,47892,5179,-31900,6753,-1760,-262,5660,47871,15131,26983,9274,2726,228,-6369,6,3
1207,47893,15538,-1479,-15593,-57,1833,188,47893,-15406,7979,-2949,-193,2731,6326,47914,-24814,8871,3129,-4187,-4771,1533,47914,5179,-31900,6753,-1760,-262,5665,47893,15131,26991,9274,2726,228,-6369,6,3
1208,47915,15538,-1819,-15593,-57,1833,188,47915,-15406,7979,-3060,-817,2731,6326,47936,-24814,8871,3129,-4187,-5012,1533,47936,4818,-31900,6753,-1760,-315,5665,47915,14908,26991,8929,2726,-113,-7076,6,3
1209,47937,16538,-2052,-14593,361,3833,177,47937,-14406,8584,-3247,-1672,3681,7143,47958,-24114,9871,4028,-2643,-5375,3533,47958,4075,-31493,6852,-1107,-315,6765,47937,14579,27379,8670,2928,-430,-7940,6,3
1210,47959,16538,-2052,-14593,361,3833,177,47959,-14406,8601,-3247,-1672,3782,7143,47980,-24114,9871,4129,-2643,-5375,3533,47980,4075,-31493,6852,-1107,-297,6938,47959,14579,27387,8670,2928,-430,-7940,6,3
1211,47981,16538,-2227,-14593,361,3833,168,47981,-14406,8601,-3389,-2379,3782,7143,48002,-24114,9871,4129,-2643,-5647,3533,48002,3368,-31493,6852,-1107,-297,6938,47981,14020,27387,8220,2928,-634,-8735,6,3
1212,48003,17538,-2358,-13593,715,5833,162,48003,-13406,9148,-3503,-2934,4624,7507,48024,-23781,10871,4512,-1485,-5647,5533,48024,2368,-30493,6811,-1047,203,8040,48003,13519,27800,7883,3192,-787,-9724,6,3
1213,48025,17538,-2358,-13593,715,5833,162,48025,-13406,9184,-3503,-2934,4624,7507,48046,-23781,10871,4512,-1485,-4212,5533,48046,2368,-30493,6811,-1047,203,8051,48025,13519,27908,7883,3281,-787,-9724,6,3
1214,48047,17538,-2414,-13593,715,5833,122,48047,-13406,9184,-3581,-3351,4624,7507,48068,-23781,10871,4512,-1485,-4212,5533,48068,1604,-30493,6734,-1047,203,8051,48047,12813,27908,7630,3281,-880,-10551,6,3
1215,48069,18538,-2456,-12593,708,7833,-73,48069,-12406,9752,-3581,-3663,4015,8128,48090,-22781,11871,4646,494,-2739,7533,48090,951,-30757,6604,-1002,546,8958,48069,11863,28299,7208,3568,-950,-11177,6,3
1216,48091,18538,-2456,-12593,708,7833,-73,48091,-12406,9798,-3434,-3663,4015,8139,48112,-22781,11871,4646,494,-2739,7533,48112,951,-30757,6604,-881,546,8969,48091,11863,28299,7208,3568,-950,-11177,6,3
1217,48113,18538,-2456,-12593,677,7833,-219,48113,-12406,9798,-3434,-4035,3013,8139,48134,-22781,11871,4554,494,-3176,7533,48134,307,-30757,6604,-881,215,8969,48113,10903,28299,6690,3568,-950,-11495,6,3
1218,48135,19538,-2236,-11593,588,9833,-219,48135,-11406,10305,-3045,-4314,2261,8544,48156,-21781,12871,4215,1578,-3664,9533,48156,-265,-31013,6625,-670,-32,9621,48135,10173,28600,6031,3475,-320,-11694,6,3
1219,48157,19538,-2236,-11593,588,9833,-199,48157,-11406,10402,-2929,-4314,2261,8544,48178,-21781,12871,4215,1578,-3664,9533,48178,-265,-31013,6717,-670,-32,9621,48157,10173,28784,6031,3475,-320,-11694,6,3
1220,48179,19538,-2236,-11593,511,9833,-199,48179,-11406,10402,-2929,-4314,2238,8544,48200,-21781,12871,3961,1578,-4030,9533,48200,-1248,-31237,6717,-670,-601,9621,48179,9625,28784,5537,3323,-320,-11694,6,3
1221,48201,20538,-2171,-10593,361,11678,-173,48201,-10406,11115,-2506,-3974,2238,8467,48222,-20781,13871,3422,2421,-4030,10090,48222,-2248,-31405,6801,-619,-1089,9764,48201,8625,29408,5330,2858,-779,-11583,6,3
1222,48223,20538,-2171,-10593,361,11678,-173,48223,-10406,11115,-2506,-3974,2446,8467,48244,-20781,13871,3422,2426,-3994,10090,48244,-2248,-31405,6837,-619,-1089,9764,48223,8625,29408,5330,2858,-779,-11310,6,3
1223,48245,20538,-2171,-10593,20,11678,-406,48245,-10406,11115,-2506,-3974,2446,8127,48266,-20781,13871,3388,2426,-3994,10090,48266,-3248,-31533,6837,-623,-1089,9468,48245,7674,29408,5330,2548,-1123,-11310,6,3
1224,48267,21538,-2394,-9593,-519,12360,-788,48267,-9406,11701,-2221,-3787,2293,7351,48288,-19781,14871,3085,2057,-3967,9718,48288,-4248,-31669,6853,-791,-771,8557,48267,6674,29904,5621,2315,-1466,-10783,6,3
1225,48289,21538,-2394,-9593,-519,12360,-788,48289,-9406,11701,-2189,-3787,2293,7351,48310,-19781,14871,3085,2057,-3546,9718,48310,-4248,-31669,6853,-791,-396,8557,48289,6674,29904,5621,2315,-1466,-10535,6,3
1226,48311,21538,-2581,-9593,-998,12360,-1097,48311,-9406,11701,-2189,-3787,1866,6708,48332,-19781,14871,3085,1677,-3546,8873,48332,-5153,-31789,6743,-917,-396,7718,48311,5674,29904,5621,2141,-1466,-10535,6,3
1227,48333,22538,-2721,-8593,-1781,11790,-1338,48333,-8406,12380,-1988,-3530,1360,6171,48354,-18781,15871,3135,972,-2460,7497,48354,-5832,-31879,6655,-917,151,6780,48333,4674,30414,5763,1946,-1300,-9539,6,3
1228,48355,22538,-2721,-8593,-1781,11790,-1338,48355,-8406,12539,-1988,-3497,1360,6171,48376,-18781,15871,3135,972,-2460,7497,48376,-5832,-31879,6655,-816,151,6780,48355,4674,30414,5763,1946,-1285,-9112,6,3
1229,48377,21538,-2721,-8593,-2368,11197,-1544,48377,-8406,12539,-1988,-3497,932,5740,48398,-18781,15871,3135,443,-2460,6183,48398,-6413,-31937,6655,-816,151,5846,48377,3674,30414,5763,1777,-1285,-9112,6,3
1230,48399,20538,-2536,-7593,-2767,10225,-1649,48399,-7406,13232,-1736,-3170,258,5247,48420,-17781,16871,3165,-99,-1421,4984,48420,-6911,-31980,6693,-731,316,4485,48399,2999,30666,5692,1561,-774,-7343,6,3
1231,48421,20538,-2396,-7593,-2767,10225,-1649,48421,-7406,13235,-1705,-3092,258,5247,48442,-17781,16871,3247,-99,-1351,4984,48442,-6911,-31980,6705,-694,316,4485,48421,2999,30666,5692,1561,-597,-7141,6,3
1232,48443,19538,-2396,-7593,-2774,9174,-1649,48443,-7406,13235,-1705,-3092,-489,4698,48464,-17781,16871,3247,-505,-1351,4050,48464,-7285,-32013,6705,-694,316,3117,48443,2815,30666,5621,1345,-597,-7141,6,3
1233,48465,19538,-2247,-6593,-2777,8311,-1612,48465,-6467,13816,-1338,-2546,-1260,3921,48486,-16781,17871,3327,-810,-200,2996,48486,-7285,-32047,6730,-568,393,2091,48465,2815,30933,5091,1080,76,-5252,6,3
1234,48487,20538,-2247,-6593,-2777,8311,-1578,48487,-6406,13862,-1337,-2369,-1260,3921,48508,-16781,17871,3389,-810,-200,2996,48508,-6959,-32047,6730,-563,393,2091,48487,3139,31033,5091,1080,76,-5252,6,3
1235,48509,20538,-2247,-6593,-2777,7581,-1578,48509,-6406,13862,-1337,-2369,-1558,3149,48530,-16781,17871,3389,-1021,-200,2194,48530,-6959,-32047,6691,-563,282,1702,48509,3139,31033,4694,871,76,-5252,6,3
1236,48531,21538,-2263,-5593,-2628,6922,-1451,48531,-5406,14438,-1027,-1528,-1558,2281,48552,-15781,18871,3575,-1235,532,1530,48552,-6715,-32005,6592,-427,70,1411,48531,3416,31258,4588,541,310,-3988,6,3
1237,48553,21538,-2263,-5593,-2568,6922,-1451,48553,-5406,14438,-1027,-1528,-1460,2281,48574,-15781,18871,3621,-1235,532,1530,48574,-6715,-32005,6592,-411,70,1411,48553,3416,31288,4588,541,310,-3988,6,3
1238,48575,21538,-2263,-5593,-2568,6421,-1451,48575,-5406,14438,-1027,-1528,-1460,1616,48596,-15781,18871,3621,-1394,532,956,48596,-7080,-32035,6578,-411,70,1192,48575,3290,31288,4535,289,310,-3988,6,3
1239,48597,22538,-2275,-4593,-2347,5700,-1297,48597,-4995,14812,-993,-914,-1102,1099,48618,-15065,19871,3865,-1514,1053,454,48618,-7353,-32064,6578,-183,168,784,48597,2939,31480,4535,100,365,-3040,6,3
1240,48619,22538,-2275,-4593,-2269,5700,-1297,48619,-4995,14812,-993,-914,-1102,1099,48640,-15065,19871,3865,-1514,1053,454,48640,-7353,-32064,6741,-183,168,784,48619,2939,31540,4543,100,365,-2860,6,3
1241,48641,22538,-2284,-4593,-2269,5108,-1297,48641,-4995,14812,-1001,-914,-1102,710,48662,-15065,19871,3865,-1604,1053,76,48662,-7353,-32092,6741,-183,168,579,48641,2796,31540,4543,0,365,-2860,6,3
1242,48663,23538,-2347,-3593,-2174,4614,-1216,48663,-4689,15092,-1039,-518,-1161,420,48684,-14134,20871,4048,-1671,1340,-182,48684,-7078,-32113,6699,-75,7,579,48663,2796,31711,4549,-57,375,-2018,6,3
1243,48685,23538,-2347,-3593,-2174,4614,-1216,48685,-4689,15111,-1039,-518,-1161,420,48706,-14116,20871,4048,-1671,1340,-182,48706,-7078,-32113,6699,-75,7,632,48685,2907,31711,4549,-57,375,-2018,6,3
1244,48707,23538,-2347,-3593,-2174,4141,-1216,48707,-4689,15111,-1039,-518,-1346,290,48728,-14116,20871,4048,-1671,1340,-366,48728,-7078,-32122,6699,-75,-113,632,48707,2907,31711,4425,-86,140,-2018,6,3
1245,48729,24538,-2260,-2593,-2103,3488,-1185,48729,-4235,15363,-1038,-284,-1484,211,48750,-13727,21871,4162,-1100,1356,-453,48750,-7188,-32129,6722,-19,-113,774,48729,2966,31771,4332,-108,-36,-1620,6,3
1246,48751,24538,-2260,-2593,-2009,3488,-1185,48751,-4235,15363,-1034,-284,-1484,211,48772,-13727,21871,4162,-1100,1356,-453,48772,-7188,-32129,6722,-19,-55,774,48751,2966,31771,4332,-108,-36,-1620,6,3
1247,48773,24538,-2260,-2593,-2009,2996,-1185,48773,-4235,15363,-1034,-284,-1484,159,48794,-13727,21871,4162,-1100,1346,-512,48794,-7270,-32129,6722,-19,-55,774,48773,2958,31771,4332,-153,-168,-1620,6,3
1248,48795,25538,-2255,-1593,-1729,2419,-1096,48795,-3995,15497,-1016,-108,-1378,120,48816,-13435,22871,4291,-752,1346,-519,48816,-7332,-32108,6787,5,-11,601,48795,2958,31816,4397,-186,-168,-1321,6,3
1249,48817,25538,-2255,-1593,-1683,2419,-1072,48817,-3995,15497,-1016,-100,-1329,120,48838,-13373,22871,4363,-752,1468,-519,48838,-7332,-32108,6851,5,-11,601,48817,2958,31816,4397,-186,-168,-1241,6,3
1250,48839,25538,-2255,-1593,-1683,1974,-1072,48839,-3995,15497,-1016,-100,-1329,69,48860,-13373,22871,4363,-752,1468,-519,48860,-7332,-32108,6851,5,-11,457,48839,3002,31816,4397,-207,-72,-1241,6,3
1251,48861,26538,-2217,-593,-1490,1583,-963,48861,-3832,15571,-1002,19,-1182,-50,48882,-13107,23871,4596,-642,1468,-429,48882,-7320,-32061,6910,-61,-66,180,48861,3002,31800,4495,-207,2,-983,6,3
1252,48883,26538,-2217,-593,-1490,1583,-963,48883,-3815,15571,-955,19,-1057,-50,48904,-13107,23871,4702,-642,1430,-363,48904,-7320,-32061,6910,-61,-66,180,48883,3035,31800,4495,-207,130,-983,6,3
1253,48905,26538,-2217,-593,-1490,1290,-963,48905,-3815,15571,-955,19,-1057,-201,48926,-13107,23871,4702,-642,1292,-363,48926,-7320,-32061,6910,-140,-118,27,48905,3035,31800,4433,-222,130,-983,6,3
1254,48927,27461,-2260,407,-1519,1063,-1013,48927,-3723,15615,-918,109,-599,-368,48948,-12970,24871,4912,-465,1160,-180,48948,-7309,-32087,6872,-214,-157,-7,48927,2980,31830,4386,-272,25,-931,6,3
1255,48949,27513,-2260,407,-1519,1063,-1013,48949,-3723,15615,-918,140,-599,-368,48970,-12970,24871,4912,-457,1160,-180,48970,-7191,-32087,6872,-214,-157,-7,48949,2980,31860,4386,-272,25,-931,6,3
1256,48971,27513,-2271,407,-1598,893,-1050,48971,-3731,15615,-918,140,-599,-396,48992,-12970,24871,4912,-457,991,-180,48992,-7191,-32097,6844,-224,-187,-7,48971,2861,31860,4386,-310,-53,-931,6,3
1257,48993,28271,-2271,1407,-1687,726,-1078,48993,-3737,15680,-920,261,-388,-396,49014,-12925,25871,5070,-93,805,-262,49014,-7159,-32104,6753,-224,-187,16,48993,2607,31905,4497,-333,-114,-879,6,3
1258,49015,28291,-2239,1407,-1687,726,-1078,49015,-3737,15688,-920,265,-388,-353,49036,-12925,25871,5070,-93,805,-262,49036,-7159,-32104,6753,-214,-132,23,49015,2607,31905,4497,-333,-114,-688,6,3
1259,49037,28291,-2239,1407,-1758,576,-1094,49037,-3737,15688,-920,265,-388,-353,49058,-12925,25871,5070,-93,400,-399,49058,-7159,-32110,6748,-214,-132,23,49037,2417,31905,4497,-333,-114,-688,6,3
1260,49059,28860,-2191,2407,-1807,447,-1094,49059,-3705,15763,-901,353,-350,-234,49080,-12937,26797,5182,71,393,-432,49080,-7135,-32114,6745,-219,-298,140,49059,2417,31960,4516,-289,-167,-428,6,3
1261,49081,28972,-2159,2407,-1807,447,-1085,49081,-3626,15764,-901,353,-350,-234,49102,-12937,26837,5182,71,393,-432,49102,-7135,-32114,6745,-219,-298,266,49081,2417,31960,4516,-289,-167,-428,6,3
1262,49103,28972,-2159,2407,-1807,359,-1085,49103,-3626,15764,-901,353,-350,-234,49124,-12946,26837,5182,71,393,-446,49124,-7135,-32114,6742,-256,-466,266,49103,2384,31960,4516,-289,-206,-428,6,3
1263,49125,29363,-2081,3407,-1698,293,-981,49125,-3543,15822,-900,372,-172,-150,49146,-12953,27561,5246,107,393,-446,49146,-7339,-32085,6740,-330,-592,242,49125,2384,31962,4557,-272,-357,-216,6,3
1264,49147,29363,-2081,3407,-1655,293,-979,49147,-3543,15822,-900,372,-44,-150,49168,-12953,27569,5246,107,413,-367,49168,-7339,-32071,6740,-330,-592,242,49147,2384,31962,4557,-273,-357,-216,6,3
1265,49169,29363,-2081,3407,-1655,253,-979,49169,-3546,15822,-911,306,-44,-150,49190,-12953,27569,5246,107,413,-367,49190,-7492,-32071,6740,-330,-598,210,49169,2382,31962,4557,-278,-357,-216,6,3
1266,49191,29652,-2102,4407,-1492,223,-886,49191,-3557,15844,-948,256,250,-163,49212,-12826,28130,5242,134,557,-339,49212,-7492,-32037,6881,-296,-603,180,49191,2380,31977,4651,-282,-357,-24,6,3
1267,49213,29656,-2102,4407,-1492,223,-886,49213,-3557,15844,-948,256,250,-163,49234,-12822,28208,5242,162,557,-339,49234,-7492,-32037,6881,-278,-603,180,49213,2380,31977,4651,-282,-357,-24,6,3
1268,49235,29656,-2104,4407,-1492,188,-886,49235,-3574,15844,-986,224,250,-172,49256,-12822,28208,5242,162,557,-339,49256,-7554,-32037,6881,-278,-690,180,49235,2379,31977,4651,-305,-357,-24,6,3
1269,49257,29888,-2104,5407,-1403,118,-885,49257,-3588,15860,-1014,200,355,-172,49278,-12728,28610,5243,203,665,-295,49278,-7554,-31977,6980,-210,-690,225,49257,2379,31962,4630,-305,-245,28,6,3
1270,49279,29900,-2104,5407,-1403,118,-885,49279,-3588,15860,-1014,200,355,-144,49300,-12728,28610,5243,203,665,-295,49300,-7554,-31977,6980,-149,-675,236,49279,2379,31962,4630,-305,-245,28,6,3
1271,49301,29900,-2104,5407,-1403,76,-885,49301,-3588,15856,-1014,190,350,-144,49322,-12728,28610,5243,169,665,-295,49322,-7601,-31977,6980,-149,-675,236,49301,2400,31962,4630,-303,-245,28,6,3
1272,49323,30074,-2098,6407,-1270,69,-850,49323,-3569,15853,-976,190,340,-99,49344,-12662,28939,5254,-18,746,-262,49344,-7601,-31968,7027,-33,-560,267,49323,2400,31953,4636,-303,-161,90,6,3
1273,49345,30101,-2096,6407,-1259,69,-850,49345,-3544,15853,-975,197,340,-94,49366,-12662,28939,5302,-18,897,-262,49366,-7530,-31968,7027,-33,-548,267,49345,2416,31953,4636,-302,-112,90,6,3
1274,49367,30101,-2096,6407,-1259,69,-850,49367,-3544,15851,-975,197,332,-94,49388,-12662,28939,5302,-158,897,-262,49388,-7530,-31984,6988,-33,-548,267,49367,2416,31953,4636,-290,-34,90,6,3
1275,49389,30238,-2091,7407,-1112,73,-824,49389,-3504,15851,-946,236,332,-79,49410,-12604,29200,5366,-256,1050,-302,49410,-7530,-32026,6951,29,-74,305,49389,2416,31948,4699,-289,29,203,6,3
1276,49411,30238,-2072,7407,-1085,79,-790,49411,-3474,15881,-933,236,339,-79,49432,-12604,29200,5374,-256,1050,-302,49432,-7463,-32026,6951,29,-23,316,49411,2428,31948,4717,-279,134,259,6,3
1277,49433,30238,-2072,7407,-1085,79,-790,49433,-3474,15881,-933,236,339,-79,49454,-12604,29200,5374,-329,1050,-311,49454,-7449,-32027,6923,1,-23,316,49433,2428,31948,4717,-279,145,259,6,3
1278,49455,30340,-2066,8407,-905,92,-730,49455,-3421,15905,-891,265,432,-111,49476,-12629,29314,5386,-394,1179,-317,49476,-7413,-32058,6784,-160,247,366,49455,2383,31957,4761,-264,145,307,6,3
1279,49477,30340,-2066,8407,-826,138,-713,49477,-3421,15905,-891,265,469,-111,49498,-12629,29314,5386,-394,1179,-317,49498,-7402,-32058,6784,-160,247,366,49477,2383,31957,4761,-264,186,313,6,3
1280,49499,30340,-2066,8407,-826,138,-713,49499,-3437,15905,-891,265,469,-138,49520,-12647,29314,5386,-508,1179,-317,49520,-7402,-32058,6680,-281,117,366,49499,2349,31973,4761,-264,217,313,6,3
1281,49521,30413,-2091,9407,-682,203,-619,49521,-3462,15930,-884,290,637,-167,49542,-12647,29417,5395,-594,1548,-284,49542,-7483,-31989,6680,-301,-21,424,49521,2323,31975,4786,-228,217,354,6,3
1282,49543,30413,-2091,9407,-682,215,-614,49543,-3462,15930,-884,290,648,-167,49564,-12591,29533,5395,-594,1548,-254,49564,-7483,-31845,6930,-301,-21,433,49543,2323,31975,4786,-228,310,354,6,3
1283,49565,30413,-2110,9407,-682,215,-614,49565,-3481,15930,-884,290,648,-219,49586,-12591,29533,5395,-594,1548,-254,49586,-7550,-31845,6930,-301,-21,433,49565,2323,31963,4786,-228,310,354,6,3
1284,49587,30440,-2126,10407,-602,273,-487,49587,-3523,15907,-906,276,774,-258,49608,-12549,29671,5434,-541,1612,-192,49608,-7684,-31685,7117,-264,28,533,49587,2400,31954,4805,-203,389,233,6,3
1285,49609,30440,-2126,10407,-602,273,-487,49609,-3523,15907,-906,276,774,-258,49630,-12549,29671,5434,-487,1612,-169,49630,-7684,-31685,7117,-264,70,533,49609,2400,31954,4805,-203,392,233,6,3
1286,49631,30440,-2132,10407,-602,273,-487,49631,-3555,15850,-923,266,774,-258,49652,-12549,29671,5434,-487,1612,-169,49652,-7870,-31685,7095,-264,70,533,49631,2400,31947,4805,-203,392,117,6,3
1287,49653,30492,-2143,11231,-570,345,-461,49653,-3623,15807,-985,266,714,-244,49674,-12563,29701,5463,-369,1664,-79,49674,-8018,-31675,7079,-108,539,383,49653,2428,31947,4795,-203,453,28,6,3
1288,49675,30492,-2143,11231,-570,345,-461,49675,-3623,15807,-985,293,714,-178,49696,-12563,29701,5463,-369,1664,-79,49696,-8018,-31675,7079,-42,602,383,49675,2458,31960,4795,-203,470,28,6,3
1289,49697,30492,-2143,11231,-570,345,-481,49697,-3682,15786,-1032,293,568,-178,49718,-12563,29701,5463,-369,1664,-79,49718,-8121,-31675,7079,-42,602,225,49697,2458,31960,4788,-254,470,-64,6,3
1290,49719,30489,-2141,11889,-563,398,-541,49719,-3719,15786,-1067,313,418,-153,49740,-12478,29771,5551,-280,1498,-78,49740,-8121,-31798,7103,80,1001,105,49719,2527,31988,4783,-314,818,-206,6,3
1291,49741,30489,-2141,11911,-563,398,-541,49741,-3719,15788,-1067,324,418,-153,49762,-12476,29771,5551,-5,1498,-78,49762,-8022,-31798,7103,80,1001,105,49741,2527,32008,4783,-314,885,-206,6,3
1292,49763,30489,-2141,11911,-671,333,-625,49763,-3719,15788,-1083,324,308,-171,49784,-12476,29771,5461,-5,1216,-223,49784,-8022,-31890,7075,57,678,38,49763,2527,32008,4783,-344,885,-277,6,3
1293,49785,30477,-2141,12469,-827,285,-719,49785,-3681,15807,-1093,368,297,-231,49806,-12441,29824,5453,251,680,-332,49806,-7932,-31959,7026,40,436,38,49785,2579,32029,4829,-366,1102,-277,6,3
1294,49807,30477,-2141,12513,-827,285,-719,49807,-3659,15827,-1093,373,297,-231,50468,-12441,29824,5447,251,680,-332,50468,-7932,-31959,7026,40,436,65,49807,2609,32033,4829,-366,1197,-276,7,3
1295,50469,30477,-2141,12513,-944,285,-758,50469,-3659,15827,-1096,373,297,-276,50490,-12441,29824,5447,251,278,-400,50490,-7932,-31963,7017,40,380,65,50469,2609,32036,4829,-366,1197,-276,7,3
1296,50491,30448,-2141,12972,-1019,291,-787,50491,-3625,15861,-1099,429,320,-289,50512,-12426,29870,5443,298,278,-400,50512,-7770,-31966,6986,47,338,-75,50491,2766,32036,4827,-243,1336,-267,7,3
1297,50513,30448,-2141,12972,-1019,321,-787,50513,-3625,15861,-1099,429,320,-289,50534,-12426,29870,5443,298,288,-369,50534,-7752,-31966,6986,52,338,-75,50513,2766,32039,4827,-205,1336,-267,7,3
1298,50535,30448,-2141,12972,-1019,321,-787,50535,-3625,15861,-1101,422,320,-289,50556,-12426,29870,5443,298,288,-369,50556,-7752,-31968,6963,62,105,-180,50535,2766,32039,4826,-205,1043,-267,7,3
1299,50557,30468,-2117,13183,-1019,324,-727,50557,-3613,15874,-1103,412,326,-226,50578,-12423,29886,5468,334,451,-290,50578,-7673,-31970,6942,22,-126,-216,50557,2828,32025,4826,-91,796,-42,7,3
1300,50579,30480,-2117,13183,-1019,324,-727,50579,-3613,15874,-1103,412,337,-226,50600,-12423,29886,5484,361,451,-290,50600,-7673,-31970,6942,22,-126,-216,50579,2828,32025,4826,-91,796,-42,7,3
1301,50601,30480,-2117,13183,-1019,324,-727,50601,-3613,15874,-1104,404,337,-226,50622,-12529,29840,5484,361,451,-290,50622,-7673,-31970,6940,22,-331,-243,50601,2828,32014,4825,-91,638,-42,7,3
1302,50623,30580,-2079,13273,-1019,298,-692,50623,-3656,15877,-1105,383,410,-186,50644,-12606,29840,5515,398,701,-174,50644,-7664,-31959,6940,27,-453,-268,50623,2749,32006,4825,-4,581,89,7,3
1303,50645,30580,-2071,13273,-1017,298,-692,50645,-3656,15877,-1105,383,410,-186,50666,-12606,29840,5515,398,701,-174,50666,-7664,-31959,6975,27,-453,-268,50645,2749,32006,4838,-4,581,89,7,3
1304,50667,30580,-2071,13273,-1017,298,-692,50667,-3699,15858,-1106,365,410,-186,50688,-12664,29852,5515,398,701,-174,50688,-7664,-31959,6977,22,-576,-361,50667,2749,32000,4838,-4,567,89,7,3
1305,50689,30609,-2035,13338,-1024,324,-676,50689,-3731,15839,-1157,354,348,-139,50710,-12686,29852,5508,437,845,-180,50710,-7627,-31953,7003,-9,-715,-520,50689,2721,31994,4852,53,375,241,7,3
1306,50711,30609,-2035,13340,-1024,344,-676,50711,-3731,15839,-1157,354,348,-139,50732,-12686,29861,5508,437,845,-180,50732,-7593,-31953,7024,-9,-715,-520,50711,2721,31989,4862,53,375,266,7,3
1307,50733,30609,-2035,13340,-1073,344,-679,50733,-3731,15832,-1161,351,298,-139,50754,-12702,29861,5508,437,698,-248,50754,-7593,-31960,7024,-125,-927,-662,50733,2721,31989,4862,53,375,266,7,3
1308,50755,30631,-2038,13449,-1154,327,-682,50755,-3696,15832,-1170,348,246,-117,50776,-12714,29883,5491,469,587,-306,50776,-7484,-32028,7084,-212,-1086,-769,50755,2750,31985,4822,130,364,466,7,3
1309,50777,30631,-2038,13473,-1154,327,-682,50777,-3681,15836,-1170,348,246,-117,50798,-12714,29913,5491,518,587,-306,50798,-7480,-32028,7084,-212,-1086,-769,50777,2750,31985,4822,130,364,521,7,3
1310,50799,30621,-2038,13473,-1198,314,-685,50799,-3681,15836,-1177,346,246,-117,50820,-12714,29913,5444,518,539,-316,50820,-7480,-32031,7084,-253,-1186,-795,50799,2750,31985,4792,130,356,521,7,3
1311,50821,30602,-2038,13588,-1231,304,-687,50821,-3714,15840,-1182,334,315,-118,50842,-12689,29952,5373,562,531,-316,50842,-7399,-32033,7113,-272,-1198,-811,50821,2932,31964,4740,174,294,614,7,3
1312,50843,30602,-2018,13622,-1231,304,-687,50843,-3714,15840,-1182,334,319,-118,50864,-12689,29952,5373,562,531,-266,50864,-7399,-32033,7113,-272,-1198,-811,50843,2942,31964,4740,174,294,614,7,3
1313,50865,30587,-2018,13622,-1255,296,-702,50865,-3739,15840,-1187,306,319,-118,50886,-12689,29932,5341,562,531,-266,50886,-7399,-32034,7100,-272,-1198,-811,50865,2942,31927,4701,174,248,614,7,3
1314,50887,30587,-2021,13726,-1298,262,-736,50887,-3739,15840,-1191,285,307,-98,50908,-12664,29927,5303,502,568,-95,50908,-7353,-32043,7091,-253,-962,-798,50887,3082,31895,4671,177,213,568,7,3
1315,50909,30588,-2021,13726,-1298,262,-736,50909,-3711,15840,-1192,285,307,-82,50930,-12664,29927,5303,502,684,-95,50930,-7353,-32043,7091,-253,-954,-718,50909,3082,31895,4671,177,213,568,7,3
1316,50931,30588,-2023,13726,-1330,235,-761,50931,-3711,15836,-1192,269,298,-82,50952,-12664,29927,5303,495,684,-95,50952,-7353,-32050,7088,-253,-954,-718,50931,3082,31895,4671,177,213,533,7,3
1317,50953,30659,-2023,13644,-1351,217,-761,50953,-3690,15836,-1193,269,298,-9,50974,-12646,29967,5319,451,712,-27,50974,-7338,-32051,7088,-259,-741,-777,50953,3097,31927,4657,178,256,533,7,3
1318,50975,30659,-1939,13644,-1351,217,-756,50975,-3690,15837,-1193,294,299,16,50996,-12634,29967,5319,451,734,-27,50996,-7338,-32051,7124,-259,-591,-777,50975,3097,31927,4649,178,256,569,7,3
1319,50997,30659,-1939,13593,-1351,217,-756,50997,-3690,15837,-1193,294,299,16,51018,-12634,29967,5319,451,734,-27,51018,-7338,-32051,7124,-263,-591,-899,50997,3097,31927,4638,179,256,569,7,3
1320,51019,30632,-1872,13558,-1266,241,-751,51019,-3680,15839,-1198,292,320,58,51040,-12611,29989,5331,392,771,14,51040,-7223,-32052,7151,-320,-353,-990,51019,3108,31909,4624,200,347,654,7,3
1321,51041,30632,-1872,13558,-1266,260,-751,51041,-3680,15839,-1198,292,320,58,51062,-12611,29989,5331,392,771,14,51062,-7181,-32052,7151,-320,-353,-990,51041,3118,31909,4624,200,347,654,7,3
1322,51063,30616,-1872,13558,-1266,260,-751,51063,-3680,15839,-1198,290,320,1,51084,-12611,29989,5326,380,771,14,51084,-7181,-32081,7129,-363,-353,-990,51063,3118,31895,4604,189,347,654,7,3
1323,51085,30616,-1900,13574,-1227,278,-769,51085,-3613,15854,-1172,290,419,-41,51106,-12586,30017,5322,339,898,56,51106,-6999,-32120,7064,-369,-240,-878,51085,3186,31889,4589,156,397,681,7,3
1324,51107,30634,-1900,13574,-1227,286,-769,51107,-3613,15862,-1172,328,419,-41,51128,-12502,30017,5322,339,898,108,51128,-6999,-32120,7064,-369,-240,-857,51107,3210,31889,4589,156,397,681,7,3
1325,51129,30664,-1921,13574,-1227,286,-786,51129,-3613,15862,-1172,328,419,-41,51150,-12502,30017,5322,316,898,108,51150,-6999,-32142,7006,-369,-240,-857,51129,3210,31889,4589,132,397,641,7,3
1326,51151,30677,-1952,13532,-1201,300,-799,51151,-3607,15877,-1150,349,380,-30,51172,-12416,30034,5343,275,994,184,51172,-6875,-32156,6972,-357,-152,-711,51151,3279,31894,4545,115,332,570,7,3
1327,51173,30702,-1952,13532,-1201,300,-799,51173,-3607,15877,-1136,349,380,-9,51194,-12400,30034,5343,275,994,184,51194,-6875,-32156,6972,-340,-128,-701,51173,3279,31916,4545,115,332,570,7,3
1328,51195,30702,-1988,13529,-1201,300,-802,51195,-3607,15877,-1136,349,349,-9,51216,-12400,30034,5343,244,994,184,51216,-6875,-32167,6937,-340,-128,-701,51195,3269,31916,4512,102,256,517,7,3
1329,51217,30690,-2015,13502,-1188,298,-803,51217,-3603,15882,-1122,364,252,34,51238,-12330,30047,5309,221,1003,241,51238,-6742,-32175,6910,-267,42,-487,51217,3269,31921,4484,100,256,475,7,3
1330,51239,30690,-2015,13502,-1188,298,-803,51239,-3574,15882,-1122,377,252,66,51260,-12330,30069,5309,221,1020,244,51260,-6742,-32175,6910,-260,68,-383,51239,3425,31921,4484,100,256,475,7,3
1331,51261,30681,-2055,13502,-1188,292,-803,51261,-3574,15882,-1122,377,136,66,51282,-12330,30069,5309,221,1020,244,51282,-6742,-32183,6910,-260,68,-383,51261,3425,31900,4463,98,307,440,7,3
1332,51283,30681,-2055,13558,-1187,236,-781,51283,-3528,15925,-1118,401,13,178,51304,-12283,30061,5329,200,1179,482,51304,-6684,-32219,6888,-140,995,-43,51283,3468,31885,4441,77,307,127,7,3
1333,51305,30703,-2033,13558,-1178,236,-751,51305,-3528,15925,-1118,401,13,220,51326,-12283,30061,5329,200,1381,548,51326,-6684,-32219,6888,-113,1580,-43,51305,3501,31885,4441,60,310,127,7,3
1334,51327,30703,-2033,13524,-1178,152,-751,51327,-3528,15925,-1118,401,-109,220,51348,-12283,30055,5329,156,1381,548,51348,-6730,-32219,6776,-113,1580,-43,51327,3501,31885,4441,42,312,-149,7,3
1335,51349,30941,-2010,13329,-1052,-123,-594,51349,-3521,15943,-1096,409,-368,368,51370,-12038,30055,4988,-19,1652,776,51370,-6899,-32218,6582,-122,2714,-210,51349,3229,31919,4524,-20,312,-356,7,3
1336,51371,30941,-1992,13329,-963,-123,-594,51371,-3521,15943,-1096,409,-368,368,51392,-11978,30065,4988,-19,1652,776,51392,-6899,-32218,6582,-122,2714,-210,51371,3229,31919,4558,-20,400,-356,7,3
1337,51393,30941,-1992,13182,-963,-568,-594,51393,-3521,15911,-1096,409,-656,368,51414,-11978,30065,4763,-150,1652,729,51414,-7026,-32218,6470,-122,2714,-669,51393,3025,31915,4558,-90,400,-356,7,3
1338,51415,31190,-2036,13010,-830,-1833,-633,51415,-3474,15879,-980,415,-987,382,51436,-11461,30176,4716,-162,1146,238,51436,-7026,-32181,6450,-98,3541,-1226,51415,3025,31915,4448,-211,1514,-212,7,3
1339,51437,31304,-2036,13010,-830,-1833,-633,51437,-3454,15879,-980,473,-987,382,51458,-11461,30176,4716,-162,1146,238,51458,-6819,-32173,6450,-69,3541,-1226,51437,3028,31942,4448,-211,1514,39,7,3
1340,51459,31304,-2069,12649,-830,-3136,-696,51459,-3454,15879,-980,473,-1181,289,51480,-11461,30176,4716,-162,649,-397,51480,-6819,-32173,6450,-69,3541,-1477,51459,3028,31942,4366,-315,1514,39,7,3
1341,51481,31396,-2069,11860,-958,-4408,-773,51481,-3256,15885,-954,663,-1256,31,51502,-11481,30260,4803,-21,167,-983,51502,-6618,-32159,6587,-18,3703,-1489,51481,3123,32000,4366,-393,1910,512,7,3
1342,51503,31396,-2051,11860,-958,-4408,-773,51503,-3241,15889,-954,705,-1256,31,51524,-11481,30260,4803,20,167,-983,51524,-6618,-32159,6587,-18,3703,-1489,51503,3157,32000,4376,-393,1910,512,7,3
1343,51525,31396,-2051,11127,-1029,-5362,-829,51525,-3241,15889,-976,705,-1256,-208,51546,-11682,30203,4803,20,167,-1469,51546,-6618,-32159,6587,-18,3661,-1492,51525,3157,31982,4376,-452,1910,512,7,3
1344,51547,31457,-1790,10459,-1029,-6078,-871,51547,-3019,15946,-997,808,-1254,-452,51568,-11949,30098,4868,-30,185,-1836,51568,-6931,-32147,6612,73,3079,-1494,51547,3253,31968,4532,-496,1913,667,7,3
1345,51569,31457,-1732,10459,-1019,-6078,-871,51569,-3019,15946,-997,808,-1152,-452,51590,-11949,30098,4868,-30,567,-1836,51590,-6931,-32147,6612,73,3079,-1494,51569,3253,31968,4536,-496,1913,667,7,3
1346,51591,31457,-1732,9720,-1019,-6642,-902,51591,-3019,15904,-1004,808,-1152,-695,51612,-12089,29909,4779,-129,567,-2427,51612,-7174,-32147,6569,73,2555,-1670,51591,2861,31958,4536,-580,1913,667,7,3
1347,51613,31631,-1527,9162,-804,-7469,-1113,51613,-2853,15809,-1004,860,-788,-1157,51634,-12194,29677,4612,-519,913,-3405,51634,-7382,-32160,6524,141,1370,-2238,51613,2515,31958,4638,-786,2182,1047,7,3
1348,51635,31631,-1527,9162,-634,-7469,-1113,51635,-2829,15809,-978,860,-570,-1157,51656,-12194,29677,4612,-519,913,-3405,51656,-7382,-32160,6524,141,1370,-2238,51635,2515,31958,4638,-786,2268,1403,7,3
1349,51657,31631,-1527,8683,-634,-8690,-1286,51657,-2829,15688,-978,860,-570,-1676,51678,-12273,29503,4587,-1168,913,-4459,51678,-7538,-32170,6491,141,-153,-3031,51657,2356,31924,4638,-999,2268,1403,7,3
1350,51679,30673,-1573,8014,-328,-10690,-2005,51679,-2797,15523,-908,899,564,-2511,51700,-12716,29029,4048,-1655,1303,-5582,51700,-7581,-32170,6470,337,-1731,-3861,51679,2356,31881,4670,-1518,2179,2475,7,3
1351,51701,30673,-1573,8014,-328,-10690,-2005,51701,-2797,15523,-907,899,1300,-2511,51722,-12716,29029,4048,-1655,1474,-5582,51722,-7581,-31717,6470,383,-1731,-3861,51701,2397,31881,4670,-1518,2179,2550,7,3
1352,51723,30213,-1607,7280,-589,-12456,-2544,51723,-2924,15382,-907,899,1300,-3412,51744,-12877,28887,3764,-2319,1474,-7137,51744,-7581,-31717,6470,383,-2700,-4504,51723,2397,31846,4514,-2362,2071,2550,7,3
1353,51745,29610,-1633,6520,-1092,-14184,-2885,51745,-3576,15137,-864,1137,3059,-4175,51766,-12877,28781,3551,-2319,2977,-8426,51766,-6775,-31595,6514,1022,-2700,-5090,51745,2673,31352,4397,-3037,2031,3501,7,3
1354,51767,29610,-1633,6520,-1092,-14184,-2885,51767,-3576,15137,-864,1269,3059,-4175,51788,-12411,28781,3551,-2194,2977,-8426,51788,-6581,-31595,6514,1022,-2416,-5090,51767,3031,31352,4397,-3037,2031,3773,7,3
1355,51789,29415,-1633,5752,-1332,-16077,-2885,51789,-4065,14936,-934,1269,3059,-4683,51810,-12411,28701,3551,-2194,2977,-9417,51810,-6581,-31595,6514,1022,-2416,-5500,51789,3031,30982,4397,-3651,1289,3773,7,3
1356,51811,29253,-1228,4892,-1332,-17497,-2701,51811,-4460,14736,-1632,1951,2614,-4983,51832,-11876,27861,3815,-929,4104,-10334,51832,-5763,-31528,6875,948,-1641,-5710,51811,3507,30704,4909,-4160,973,4630,7,3
1357,51833,29253,-1228,4892,-1207,-17497,-2633,51833,-4460,14736,-1632,2263,2614,-4983,51854,-11876,27861,4437,-929,4104,-10334,51854,-5763,-31528,6875,948,-1641,-5710,51833,3507,30588,5197,-4160,427,4630,7,3
1358,51855,28706,-1228,4235,-1207,-18655,-2633,51855,-4756,14512,-2156,2263,1367,-5104,51876,-11876,26861,4437,-929,3574,-11053,51876,-5763,-31528,6875,892,-1641,-5867,51855,3507,30588,5197,-4160,215,4630,7,3
1359,51877,27883,-1141,3742,-1063,-19523,-2083,51877,-5166,14335,-2454,2742,-389,-5195,51898,-12876,25861,5101,-141,3177,-12970,51898,-5150,-31478,7214,892,-1060,-6283,51877,3826,30267,5803,-4102,-183,5273,7,3
1360,51899,27883,-1141,3742,-1063,-19523,-1742,51899,-5166,14335,-2454,2742,-389,-5195,51920,-12876,25861,5101,-141,3177,-12970,51920,-5150,-31478,7258,894,-1026,-6283,51899,3826,30267,5803,-4102,-183,5603,7,3
1361,51921,27200,-1141,3316,-1063,-20174,-1742,51921,-5503,14019,-2499,2742,-1750,-5301,51942,-13876,24861,5101,-141,3177,-14487,51942,-5150,-31706,7258,894,-1026,-6853,51921,3826,30267,5803,-4102,-183,5603,7,3
1362,51943,26654,-1075,2769,-1104,-20264,-1305,51943,-6011,13323,-2499,2873,-2727,-5558,51964,-14876,23861,5607,449,3230,-15853,51964,-4544,-31883,7545,930,-526,-7870,51943,4169,30026,6354,-3986,-143,6863,7,3
1363,51965,26654,-1075,2769,-1104,-20264,-1305,51965,-6011,13323,-2499,2873,-2727,-5558,51986,-14876,23861,5607,449,3230,-15853,51986,-4540,-31883,7581,1081,-526,-7870,51965,4189,30026,6566,-3875,197,7109,7,3
1364,51987,26244,-1100,1769,-1170,-20264,-1305,51987,-6654,12788,-2595,2873,-3125,-6032,52008,-15876,22861,5607,449,3230,-16924,52008,-4540,-32016,7581,1081,-526,-8633,51987,4189,30026,6566,-3875,197,7109,7,3
1365,52009,26244,-1118,769,-1219,-19281,-977,52009,-7171,12314,-2713,2864,-3424,-6732,52030,-16876,21861,5777,61,3598,-18216,52030,-3540,-32090,7265,1312,-730,-9178,52009,5189,30175,7366,-3575,368,8522,7,3
1366,52031,26591,-1118,769,-1219,-19160,-843,52031,-7171,12314,-2713,2864,-3424,-6732,52052,-16876,21861,5777,61,3598,-18216,52052,-3540,-32090,7265,1312,-730,-9178,52031,5189,30175,7366,-3575,368,8552,7,3
1367,52053,26591,-1118,-149,-1219,-19160,-843,52053,-7615,11959,-2802,2823,-3424,-7286,52074,-17876,21195,5777,-394,3598,-19185,52074,-3540,-32090,7028,1312,-1024,-9445,52053,5189,30149,7366,-3575,368,8552,7,3
1368,52075,26863,-1014,-1149,-1068,-18275,-751,52075,-8097,11729,-2802,2719,-3397,-7701,52096,-18876,20848,5558,-650,3874,-19345,52096,-2540,-31467,7028,1394,-1244,-9580,52075,6189,30149,7624,-3342,432,9539,7,3
1369,52097,26863,-1014,-1149,-1065,-18098,-751,52097,-8097,11729,-2794,2719,-3397,-7701,52118,-18876,20848,5558,-650,3874,-19345,52118,-2540,-31090,7407,1394,-1244,-9580,52097,6189,30169,7624,-3342,432,9539,7,3
1370,52119,26863,-1014,-2149,-1065,-18098,-751,52119,-8611,11650,-2794,2641,-3397,-7880,52140,-19876,20436,5454,-650,3874,-19368,52140,-2540,-31090,7407,1394,-1244,-9580,52119,6189,30169,7624,-3342,432,9539,7,3
1371,52141,25863,-1274,-3149,-973,-17434,-767,52141,-9181,11591,-2914,2582,-3296,-8015,52162,-20876,19901,5308,-180,4031,-19385,52162,-1540,-30639,7691,1386,-915,-9224,52141,7189,29656,7728,-3386,36,9739,7,3
1372,52163,25863,-1274,-3149,-973,-17234,-767,52163,-9181,11591,-2914,2582,-3296,-8015,52184,-20876,19901,5308,-22,4031,-19385,52184,-1540,-30639,7691,1386,-779,-9175,52163,7189,29656,7728,-3386,36,9739,7,3
1373,52185,24863,-1469,-4149,-1006,-17234,-767,52185,-9640,11547,-3008,2418,-3296,-8110,52206,-21876,19321,5199,-22,4031,-19385,52206,-1540,-30639,7691,1123,-779,-9175,52185,7189,29272,7728,-3386,-395,9680,7,3
1374,52207,23863,-1683,-5149,-1311,-16479,-732,52207,-10333,11353,-3111,2269,-3220,-8110,52228,-22876,18886,4763,576,4755,-19255,52228,-540,-30301,7728,640,-360,-8627,52207,8189,28498,7824,-3287,-718,9094,7,3
1375,52229,23863,-1683,-5149,-1311,-16479,-732,52229,-10333,11353,-3111,2269,-3152,-8099,52250,-22876,18886,4763,576,4755,-18905,52250,-540,-30301,7728,640,-360,-8513,52229,8189,28498,7824,-3168,-718,9094,7,3
1376,52251,23863,-1683,-6149,-1422,-16479,-732,52251,-11042,11208,-3165,2157,-3152,-8099,52272,-23876,18532,4388,576,4755,-18905,52272,-540,-30301,7728,277,-360,-8513,52251,8189,27917,7824,-3168,-836,8428,7,3
1377,52273,24863,-1010,-7149,-1422,-15630,-696,52273,-11652,11080,-3165,2073,-3109,-7872,52294,-24876,17532,3429,1810,5449,-18336,52294,460,-30035,7618,277,-46,-7665,52273,9189,27481,7976,-2970,-923,7549,7,3
1378,52295,24863,-1010,-7149,-1314,-15630,-696,52295,-11652,11080,-2964,2073,-3109,-7872,52316,-24876,17532,3429,1810,5449,-18334,52316,460,-30035,7618,332,123,-7429,52295,9189,27481,7976,-2970,-923,7549,7,3
1379,52317,24863,-1010,-8149,-1314,-15630,-696,52317,-12110,10984,-2964,1828,-3109,-7872,52338,-25876,16532,2925,1810,5449,-18334,52338,460,-30035,7491,332,123,-7429,52317,9189,27388,7976,-2977,-923,6718,7,3
1380,52339,25823,-987,-9149,-1140,-13867,-1112,52339,-12443,10706,-2813,1456,-3077,-7739,52360,-25876,15532,2547,2369,5709,-17821,52360,1460,-29836,7396,508,64,-6417,52339,10189,27319,8084,-3143,-499,5682,7,3
1381,52361,25823,-987,-9149,-1140,-13630,-1112,52361,-12443,10706,-2813,1456,-2693,-7739,52382,-24876,15532,2547,2369,5709,-17488,52382,1460,-29544,7396,508,64,-6220,52361,10189,27319,8084,-3143,-499,5682,7,3
1382,52383,25823,-987,-10149,-1361,-13630,-1672,52383,-12642,10473,-2813,1176,-2693,-7739,52404,-24876,14532,2264,2369,5709,-17488,52404,1460,-29544,7396,508,-252,-6220,52383,10189,27319,8084,-3369,-499,4722,7,3
1383,52405,26343,-970,-11149,-1527,-11630,-2092,52405,-12792,10098,-2650,818,-2201,-7621,52426,-23876,13635,2154,3023,5850,-16986,52426,2175,-29176,7585,761,-688,-5457,52405,11189,27407,8165,-3590,-283,3968,7,3
1384,52427,26343,-970,-11149,-1527,-11630,-2092,52427,-12792,10098,-2645,818,-2186,-7612,52448,-23876,13635,2154,3023,5850,-16986,52448,2175,-28544,7589,804,-688,-5457,52427,11189,27407,8675,-3590,-283,3968,7,3
1385,52449,26343,-970,-12149,-1527,-11630,-2092,52449,-13412,9391,-2645,455,-2186,-7612,52470,-23876,12635,2085,3023,4595,-16986,52470,2175,-28544,7589,804,-1135,-5457,52449,11189,27407,8675,-3833,-283,3400,7,3
1386,52471,26233,-857,-13149,-1519,-9630,-1674,52471,-13924,8731,-2428,113,-1821,-7498,52492,-22876,11635,2033,3632,3654,-16609,52492,2865,-29234,8019,930,-1471,-4946,52471,12189,27129,9232,-4015,-121,2958,7,3
1387,52493,26233,-857,-13149,-1519,-9630,-1634,52493,-13924,8731,-2428,113,-1807,-7458,52514,-22876,11635,2033,3632,3654,-16489,52514,3077,-29234,8019,930,-1471,-4946,52493,12189,27129,9232,-4015,-103,2958,7,3
1388,52515,25233,-857,-14149,-1644,-9630,-1634,52515,-14351,8223,-2428,-143,-1807,-7458,52536,-22876,10635,2033,3632,2948,-16489,52536,3077,-29727,8019,930,-1651,-4946,52515,12189,26838,9232,-4065,-103,2532,7,3
1389,52537,24233,-688,-15149,-1776,-7630,-1220,52537,-14800,7842,-2327,-299,-1420,-7331,52558,-21876,9635,2052,3526,2023,-15207,52558,3920,-30121,8342,888,-1665,-4522,52537,13041,26702,9734,-4065,323,2196,7,3
1390,52559,24233,-664,-15149,-1776,-7630,-1220,52559,-14800,7842,-2327,-299,-1404,-7235,52580,-21876,9635,2052,3526,2023,-14885,52580,3948,-30121,8342,888,-1665,-4420,52559,13041,26702,10016,-3912,329,2196,7,3
1391,52581,23233,-664,-16033,-1820,-7630,-1220,52581,-15240,7564,-2327,-299,-1404,-7235,52602,-21876,8635,2052,3109,1329,-14885,52602,3948,-30438,8342,635,-1665,-4420,52581,13041,26562,10016,-3912,329,1914,7,3
1392,52603,22233,-485,-16696,-1820,-5630,-878,52603,-15761,7368,-2348,-233,-946,-6825,52624,-20876,7810,1981,1927,768,-12885,52624,4635,-30698,8610,216,-1425,-3788,52603,13680,26457,10698,-3210,523,1607,7,3
1393,52625,22233,-485,-16696,-1776,-5630,-878,52625,-15761,7368,-2348,-121,-946,-6639,52646,-20876,7810,1981,1927,768,-12885,52646,4689,-30698,8610,216,-1425,-3615,52625,13700,26457,10698,-2901,523,1607,7,3
1394,52647,21233,-485,-17188,-1776,-5630,-878,52647,-16204,7260,-2364,-121,-946,-6639,52668,-20876,7265,1817,991,438,-12885,52668,4689,-30893,8610,-207,-1425,-3615,52647,13700,26426,10698,-2901,523,1346,7,3
1395,52669,20233,-351,-17557,-1704,-3765,-695,52669,-16776,7260,-2395,181,-491,-5734,52690,-19876,6874,1520,18,134,-10885,52690,5319,-31125,8537,-661,-1129,-2668,52669,14249,26426,10825,-1555,-137,949,7,3
1396,52691,20233,-351,-17557,-1475,-3765,-695,52691,-16776,7323,-2395,516,-378,-5240,52712,-19876,6874,1520,18,134,-10885,52712,5355,-31125,8537,-661,-991,-2441,52691,14253,26473,10825,-1405,-137,949,7,3
1397,52713,19233,-351,-17805,-1475,-3765,-695,52713,-17221,7323,-2471,516,-378,-5240,52734,-19876,6799,1300,-711,20,-10885,52734,5355,-31299,8482,-1132,-991,-2441,52713,14253,26473,10825,-1405,-986,564,7,3
1398,52735,18233,-333,-18265,-1109,-3136,-525,52735,-17600,7352,-2561,1036,61,-3573,52756,-18876,6789,1141,-1337,-179,-8885,52756,5790,-31532,8441,-1607,-347,-1243,52735,14727,26624,10608,4,-1622,89,7,3
1399,52757,18233,-333,-18265,-1106,-3136,-518,52757,-17600,7352,-2561,1043,112,-3240,52778,-18876,6789,1141,-1337,-179,-8885,52778,5790,-31532,8441,-1607,-289,-1111,52757,14737,26624,10608,72,-1622,89,7,3
1400,52779,17233,-333,-18728,-1106,-3136,-518,52779,-17885,7324,-2706,1043,112,-3240,52800,-18876,6789,1099,-1683,-328,-8885,52800,5790,-31605,8441,-2117,-289,-1111,52779,14737,26624,10446,72,-1622,-460,7,3
1401,52801,16233,-373,-19076,-829,-2751,-301,52801,-18057,7297,-2823,1381,480,-1240,52822,-17876,6927,1099,-1925,-610,-6885,52822,5728,-31761,8314,-2559,366,2,52801,15100,26738,10112,1180,-1280,-1054,7,3
1402,52823,16233,-373,-19076,-829,-2665,-301,52823,-18057,7297,-2823,1381,480,-1240,52844,-17876,6935,1200,-1925,-610,-6885,52844,5728,-31761,8314,-2559,366,70,52823,15100,26856,10112,1180,-1210,-1054,7,3
1403,52845,16233,-649,-19076,-829,-2665,-301,52845,-18057,7275,-2910,1381,480,-1240,52866,-17876,6935,1200,-1925,-1182,-6885,52866,5728,-31878,8175,-2890,366,70,52845,15100,26856,9862,1180,-1210,-1500,7,3
1404,52867,17233,-856,-19029,-909,-830,-138,52867,-17896,7259,-2976,1272,746,760,52888,-16876,7227,1282,-1804,-1792,-4885,52888,5660,-31970,8071,-2958,722,981,52867,15095,26962,9612,1918,-792,-1836,7,3
1405,52889,17233,-856,-18779,-909,-665,-138,52889,-17754,7259,-2976,1272,746,760,52910,-16876,7417,1636,-1804,-1792,-4885,52910,5660,-31970,8071,-2958,722,988,52889,15095,26962,9612,1918,-792,-1836,7,3
1406,52911,17233,-856,-18779,-909,-665,-138,52911,-17754,7259,-3087,1039,746,760,52932,-16876,7417,1636,-1804,-2592,-4885,52932,5660,-32029,7993,-2958,722,988,52911,15007,26962,9501,1918,-792,-2184,7,3
1407,52933,16233,-781,-17779,-841,1335,-78,52933,-17209,7489,-3170,857,1115,2760,52954,-17876,8417,2025,-1713,-2850,-2885,52954,5609,-32073,7612,-2876,734,1802,52933,15007,27021,9287,2171,-479,-2487,7,3
1408,52955,16233,-781,-17779,-676,1335,-78,52955,-17051,7645,-3170,857,1115,2760,52976,-17876,8417,2187,-1680,-2850,-2885,52976,5609,-32073,7612,-2746,734,1882,52955,15007,27021,9287,2171,-479,-2487,7,3
1409,52977,15233,-781,-17779,-676,1335,-255,52977,-17051,7645,-3170,596,1115,2760,52998,-18876,8417,2187,-1680,-2931,-2885,52998,5583,-32073,7327,-2746,661,1882,52977,14955,27021,9287,2171,-479,-2838,7,3
1410,52999,15233,-855,-16779,-501,3335,-388,52999,-16175,8015,-3120,249,1392,4760,53020,-19876,9417,2752,-1448,-2991,-885,53020,5269,-31784,7033,-2294,312,2819,52999,14916,27211,9023,2407,-184,-3242,7,3
1411,53021,16233,-855,-16779,-482,3335,-388,53021,-16096,8136,-3120,249,1641,4760,53042,-19876,9417,2752,-1448,-2991,-885,53042,5269,-31073,7033,-2173,312,2916,53021,14916,27211,9023,2407,-184,-3242,7,3
1412,53043,16233,-911,-16779,-482,3335,-388,53043,-16096,8136,-3120,-20,1641,4760,53064,-20876,9417,2752,-1448,-3065,-885,53064,5034,-31073,7033,-2173,-36,2916,53043,14887,27211,8843,2407,-184,-3746,7,3
1413,53065,17233,-961,-15779,-65,5335,-325,53065,-15207,8738,-3209,-290,2776,6278,53086,-21821,10417,3732,-1261,-3435,1115,53086,4857,-31034,7050,-1623,-392,3974,53065,14747,27464,8652,2569,-188,-4545,7,3
1414,53087,17233,-961,-15779,5,5335,-151,53087,-15096,8776,-3209,-290,2781,6278,53108,-21821,10417,3732,-1261,-3435,1115,53108,4857,-31034,7050,-1623,-392,4114,53087,14747,27464,8652,2569,-188,-4545,7,3
1415,53109,17233,-1162,-15779,5,5335,-151,53109,-15096,8776,-3307,-651,2781,6278,53130,-21987,10417,3732,-1261,-3435,1115,53130,4673,-31034,7050,-1623,-613,4114,53109,14630,27464,8547,2569,-240,-5411,7,3
1416,53131,18233,-1405,-14779,329,7335,-143,53131,-14096,9309,-3529,-1362,3698,7015,53152,-21994,11417,4525,-934,-3398,3115,53152,4067,-30034,7075,-1444,-613,5240,53131,14450,27742,8468,2754,-306,-6435,7,3
1417,53153,18233,-1405,-14779,329,7335,-143,53153,-14096,9309,-3529,-1362,3869,7015,53174,-21994,11417,4525,-615,-3159,3115,53174,4067,-30034,7093,-1444,-80,5291,53153,14450,27830,8468,3093,-306,-6435,7,3
1418,53175,18233,-1655,-14779,329,7335,-143,53175,-14096,9309,-3758,-1896,3869,7015,53196,-21994,11417,4525,-615,-3159,3115,53196,3480,-30034,7093,-1494,-80,5291,53175,13995,27830,8309,3093,-355,-7451,7,3
1419,53197,19233,-1989,-13779,481,9335,-137,53197,-13096,9741,-3930,-2305,4382,7501,53218,-21897,12417,4689,152,-2713,5115,53218,2592,-30425,7099,-1601,549,6304,53197,13094,28296,8093,3661,-455,-8546,7,3
1420,53219,19233,-1989,-13779,481,9335,-90,53219,-13096,9763,-3930,-2305,4382,7501,53240,-21451,12417,4689,152,-2455,5115,53240,2592,-30425,7099,-1601,549,6311,53219,13094,28296,8093,3720,-455,-8546,7,3
1421,53241,19233,-1999,-13779,481,9335,-90,53241,-13096,9763,-3930,-2565,4382,7501,53262,-21451,12417,4689,152,-2455,5115,53262,1926,-30596,6704,-1601,549,6311,53241,12398,28296,7607,3720,-455,-9370,7,3
1422,53263,20195,-1999,-12779,-15,11335,-46,53263,-12164,10166,-3849,-2806,3735,8117,53284,-20451,13417,4658,1489,-2256,7115,53284,1414,-30725,6408,-1428,675,7165,53263,11764,28484,7031,4005,-354,-10011,7,3
1423,53285,20195,-1895,-12779,-15,11335,-4,53285,-12096,10326,-3720,-2806,3735,8277,53306,-20451,13417,4658,1489,-2256,7115,53306,1414,-30725,6408,-1255,675,7165,53285,11764,28484,7031,4005,-354,-10011,7,3
1424,53307,20195,-1895,-12779,-396,11335,-4,53307,-12096,10326,-3720,-2997,2811,8277,53328,-20451,13417,4565,1489,-2873,7115,53328,762,-30821,6334,-1255,500,7165,53307,11083,28484,6583,4005,-354,-10462,7,3
1425,53329,21074,-1809,-11779,-719,13335,-24,53329,-11096,10863,-3204,-3204,2118,8722,53350,-19451,14417,4479,2228,-3336,9115,53350,85,-31063,6334,-881,87,7740,53329,10158,28973,6167,4063,-438,-10746,7,3
1426,53351,21124,-1805,-11779,-719,13335,-24,53351,-11096,10890,-3099,-3204,2118,8722,53372,-19451,14417,4105,2228,-3336,9115,53372,85,-31063,6404,-881,87,7740,53351,10158,28973,6167,4063,-438,-10746,7,3
1427,53373,21124,-1805,-11779,-979,13335,-95,53373,-11096,10890,-3099,-3303,1922,8722,53394,-19451,14417,3971,2228,-3336,9115,53394,-434,-31277,6404,-881,-222,7740,53373,9420,28973,5855,4042,-470,-10884,7,3
1428,53395,22077,-1669,-10779,-1203,14355,-148,53395,-10096,11397,-2609,-3303,1775,8530,53416,-18451,15417,3482,2334,-3210,10374,53416,-975,-31519,6457,-600,-222,8084,53395,8523,29475,5579,3942,-560,-10884,7,3
1429,53417,22124,-1621,-10779,-1203,14355,-148,53417,-10096,11459,-2609,-3109,1775,8530,53438,-18451,15417,3482,2334,-3100,10374,53438,-975,-31519,6457,-473,207,8084,53417,8523,29475,5579,3942,-560,-10874,7,3
1430,53439,22124,-1621,-10779,-1362,14355,-148,53439,-10096,11459,-2609,-3109,1665,8244,53460,-18451,15417,2931,1566,-3100,10374,53460,-1725,-31701,6406,-473,207,8084,53439,7848,29475,5372,3836,-660,-10874,7,3
1431,53461,23124,-1683,-9779,-1541,14222,-142,53461,-9096,12076,-2242,-2786,1229,7849,53482,-17451,16417,2702,989,-2249,10184,53482,-2419,-31895,6406,-208,627,7956,53461,6848,29924,4949,3422,-1346,-10669,7,3
1432,53483,23124,-1683,-9779,-1541,14222,-142,53483,-9096,12147,-2233,-2610,1229,7849,53504,-17451,16417,2702,989,-2071,10184,53504,-2419,-31895,6466,-208,627,7956,53483,6848,29952,4949,3422,-1346,-10341,7,3
1433,53505,23124,-1730,-9779,-1696,13812,-142,53505,-9096,12147,-2233,-2610,106,7550,53526,-17451,16417,2702,655,-2071,9181,53526,-3050,-32041,6466,-208,627,7437,53505,5848,29952,4631,2981,-2017,-10341,7,3
1434,53527,22124,-1833,-8779,-2010,12967,-229,53527,-8096,12811,-1941,-2223,-1894,7199,53548,-16451,17417,2704,404,-1299,7181,53548,-3733,-32150,6617,-9,937,6350,53527,4848,28952,4421,2534,-2472,-9114,7,3
1435,53549,22124,-1833,-8779,-2010,12967,-229,53549,-8096,12834,-1879,-2223,-1894,7199,53570,-16451,17417,2704,404,-1286,7181,53570,-3733,-32150,6617,4,937,6350,53549,4848,28952,4421,2534,-2472,-8712,7,3
1436,53571,21124,-1833,-8779,-2246,11859,-316,53571,-8096,12834,-1879,-2223,-3446,6771,53592,-16451,17417,2704,216,-1286,5429,53592,-4647,-32150,6617,4,777,5330,53571,3882,27952,4421,2153,-2472,-8712,7,3
1437,53593,20124,-1734,-7779,-2364,10448,-382,53593,-7096,13373,-1564,-1933,-3523,5846,53614,-15451,18417,2796,68,239,4058,53614,-5007,-31150,6864,-51,188,4127,53593,3882,27952,4521,1816,-1938,-6712,7,3
1438,53615,20124,-1734,-7779,-2364,10448,-382,53615,-7096,13627,-1564,-1749,-3523,5846,53636,-15451,18417,2796,68,239,4058,53636,-5007,-31150,6864,-51,188,4127,53615,4041,28866,4521,1816,-1938,-6712,7,3
1439,53637,19124,-1734,-7779,-2364,9245,-411,53637,-7096,13627,-1564,-1749,-3523,4960,53658,-15451,18417,2796,68,239,3030,53658,-5603,-31300,6864,-122,-463,2885,53637,4041,28866,4252,1564,-1938,-6712,7,3
1440,53659,19124,-1560,-6779,-2104,8029,-432,53659,-6096,14234,-1430,-1360,-2683,3741,53680,-14451,19417,2843,178,479,2306,53680,-5724,-31413,7146,-373,-807,1887,53659,4316,29551,3877,1211,-1597,-5099,7,3
1441,53681,20124,-1560,-6779,-1717,8029,-432,53681,-6096,14234,-1430,-1360,-2079,3741,53702,-14451,19417,2843,183,479,2306,53702,-5724,-31413,7146,-373,-807,1887,53681,4316,29551,3877,1211,-1597,-5099,7,3
1442,53703,20124,-1560,-6779,-1717,7117,-448,53703,-6096,14234,-1430,-1360,-2079,2617,53724,-14451,19417,2843,183,479,2266,53724,-5724,-31519,6947,-561,-1065,1386,53703,4316,29551,3739,910,-1597,-5099,7,3
1443,53725,21124,-1664,-5779,-1389,6449,-646,53725,-5347,14650,-1368,-1068,-640,1771,53746,-13636,20417,2878,264,659,2266,53746,-5434,-31667,6772,-686,-1197,1216,53725,4299,30009,3638,533,-1342,-4663,7,3
1444,53747,21124,-1664,-5779,-1389,6449,-646,53747,-5347,14650,-1368,-1028,-640,1771,53768,-13636,20417,2878,264,1044,2336,53768,-5332,-31667,6772,-686,-1197,1216,53747,4299,30009,3638,533,-1342,-4663,7,3
1445,53769,21124,-1774,-5779,-1389,5948,-798,53769,-5347,14650,-1368,-1028,-640,1230,53790,-13636,20417,2878,-123,1044,2336,53790,-5332,-31788,6689,-686,-1197,1181,53769,4260,30009,3562,150,-1342,-4663,7,3
1446,53791,22124,-1854,-4779,-1497,5322,-953,53791,-4785,14966,-1322,-716,-450,912,53812,-12791,21417,3094,-413,1144,2101,53812,-5217,-31923,6630,-631,-829,1181,53791,4017,30370,3505,-151,-1100,-4352,7,3
1447,53813,22124,-1854,-4779,-1497,5322,-953,53813,-4698,15002,-1289,-716,-450,912,53834,-12791,21417,3094,-413,1144,2101,53834,-5172,-31923,6630,-625,-751,1204,53813,4017,30370,3505,-151,-1100,-4352,7,3
1448,53835,22124,-1854,-4779,-1516,4600,-1068,53835,-4698,15002,-1289,-716,-450,674,53856,-12791,21417,3094,-413,1101,1679,53856,-5152,-32056,6586,-625,-751,1204,53835,3834,30370,3505,-414,-1100,-4352,7,3
1449,53857,23124,-1788,-3779,-1516,3688,-1135,53857,-4044,15267,-1199,-545,-359,487,53878,-12387,22417,3376,-284,1101,1074,53878,-5161,-32156,6553,-563,-475,1234,53857,3569,30573,3528,-805,-692,-3858,7,3
1450,53879,23124,-1746,-3779,-1467,3688,-1135,53879,-4044,15283,-1183,-545,-359,487,53900,-12387,22417,3376,-284,1107,1074,53900,-5161,-32156,6553,-563,-394,1234,53879,3569,30573,3558,-805,-599,-3812,7,3
1451,53901,23124,-1746,-3779,-1467,2945,-1175,53901,-4044,15283,-1183,-545,-359,312,53922,-12387,22417,3376,-284,1111,629,53922,-5190,-32159,6553,-563,-394,1234,53901,3272,30573,3558,-1098,-599,-3812,7,3
1452,53923,24124,-1741,-2779,-1344,2358,-1205,53923,-3689,15496,-1119,-404,-114,92,53944,-12322,23417,3734,-261,1111,345,53944,-5430,-32161,6606,-397,-127,1262,53923,3148,30725,3694,-1261,-176,-3237,7,3
1453,53945,24124,-1741,-2779,-1344,2358,-1205,53945,-3689,15496,-1119,-392,-73,92,53966,-12322,23417,3734,-261,1161,345,53966,-5430,-32161,6632,-369,-25,1384,53945,3148,30807,3694,-1261,-176,-3155,7,3
1454,53967,24124,-1827,-2779,-1344,1880,-1205,53967,-3689,15496,-1119,-392,-73,-73,53988,-12322,23417,3734,-261,1161,173,53988,-5610,-32218,6632,-369,-25,1384,53967,2957,30807,3694,-1360,-176,-3155,7,3
1455,53989,25124,-1892,-1779,-1255,1435,-1191,53989,-3529,15644,-1077,-277,92,-125,54010,-12237,24417,4052,-244,1072,64,54010,-5791,-32291,6728,-230,-82,1498,53989,2813,31151,3796,-1405,75,-2515,7,3
1456,54011,25124,-1892,-1779,-1255,1435,-1167,54011,-3529,15644,-1077,-269,92,-125,54032,-12113,24417,4052,-244,1072,64,54032,-5791,-32291,6728,-230,-82,1498,54011,2813,31225,3796,-1405,75,-2515,7,3
1457,54033,25124,-1947,-1779,-1255,1101,-1167,54033,-3529,15644,-1077,-269,92,-125,54054,-12113,24417,4052,-244,1005,-3,54054,-5999,-32372,6728,-230,-164,1498,54033,2697,31225,3796,-1439,-12,-2515,7,3
1458,54055,26124,-1947,-779,-969,846,-1024,54055,-3434,15740,-1065,-182,216,-114,54076,-11956,25417,4359,-154,768,-38,54076,-6155,-32381,6808,-249,-650,1443,54055,2584,31556,3987,-1447,-126,-2064,7,3
1459,54077,26124,-1981,-779,-965,846,-1024,54077,-3434,15740,-1065,-172,280,-114,54098,-11956,25417,4431,-86,768,-38,54098,-6203,-32381,6838,-249,-650,1443,54077,2584,31556,3987,-1447,-126,-2064,7,3
1460,54099,26124,-2022,-779,-965,674,-1024,54099,-3434,15740,-1065,-172,280,-114,54120,-11956,25417,4431,-22,768,-38,54120,-6268,-32381,6838,-344,-1014,1281,54099,2584,31556,3987,-1447,-354,-2064,7,3
1461,54121,27103,-2096,221,-745,545,-925,54121,-3418,15774,-1038,-90,662,-167,54142,-11935,26350,4683,118,776,78,54142,-6614,-32339,6838,-418,-1462,1087,54121,2160,31731,4130,-1303,-354,-1804,7,3
1462,54143,27103,-2096,221,-745,545,-925,54143,-3418,15774,-1038,-88,724,-167,54164,-11935,26350,4715,188,909,130,54164,-6614,-32339,6792,-418,-1462,1087,54143,2160,31731,4237,-1242,-331,-1741,7,3
1463,54165,27103,-2152,221,-745,503,-925,54165,-3418,15773,-1038,-88,724,-223,54186,-11935,26350,4715,188,909,130,54186,-6614,-32339,6690,-473,-1702,942,54165,2160,31731,4242,-1242,-331,-1741,7,3
1464,54187,27837,-2222,1221,-898,471,-852,54187,-3410,15772,-1003,12,1072,-265,54208,-11809,27350,4872,271,1015,268,54208,-6836,-32332,6599,-576,-2126,833,54187,1854,31830,4429,-1026,9,-1517,7,3
1465,54209,27895,-2222,1221,-898,471,-877,54209,-3410,15772,-1003,12,1072,-265,54230,-11809,27350,4896,194,1015,268,54230,-6836,-32332,6599,-576,-2126,833,54209,1854,31830,4451,-1001,112,-1498,7,3
1466,54231,27895,-2256,1221,-1035,399,-877,54231,-3410,15772,-1003,12,1072,-265,54252,-11809,27350,4896,194,971,268,54252,-6906,-32332,6599,-653,-2126,716,54231,1624,31830,4451,-1001,112,-1498,7,3
1467,54253,28531,-2276,2221,-1138,313,-896,54253,-3373,15830,-971,22,1216,-261,54274,-11670,28194,4674,107,938,371,54274,-6985,-32281,6643,-653,-2000,617,54253,1452,31796,4608,-820,163,-1319,7,3
1468,54275,28531,-2276,2221,-1138,313,-896,54275,-3373,15830,-971,22,1216,-248,54296,-11670,28194,4674,107,938,371,54296,-6985,-32279,6643,-639,-2000,617,54275,1452,31796,4634,-820,163,-1317,7,3
1469,54297,28531,-2283,2221,-1212,300,-896,54297,-3373,15830,-971,22,1216,-248,54318,-11670,28194,4674,71,938,371,54318,-7018,-32279,6643,-639,-2000,506,54297,1175,31796,4634,-820,163,-1317,7,3
1470,54319,28918,-2296,3221,-1267,300,-932,54319,-3345,15873,-931,29,1246,-195,54340,-11438,28675,4507,-163,965,219,54340,-7018,-32219,6610,-517,-1735,423,54319,837,31617,5031,-948,234,-947,7,3
1471,54341,28918,-2296,3221,-1267,329,-932,54341,-3345,15873,-931,29,1246,-194,54362,-11438,28675,4507,-163,1117,219,54362,-6883,-32209,6610,-477,-1681,423,54341,837,31617,5107,-948,234,-803,7,3
1472,54363,28918,-2296,3221,-1332,329,-932,54363,-3345,15873,-931,29,1040,-194,54384,-11414,28675,4507,-518,1117,75,54384,-6883,-32209,6597,-477,-1681,423,54363,713,31562,5107,-1044,234,-803,7,3
1473,54385,29132,-2374,4221,-1381,433,-899,54385,-3309,15905,-894,48,775,-94,54406,-11160,28675,4688,-784,1699,-7,54406,-6774,-32166,6575,-307,-1177,682,54385,713,31355,4894,-1087,288,-324,7,3
1474,54407,29276,-2374,4221,-1381,462,-892,54407,-3304,15908,-885,62,775,-81,54428,-11128,28832,4688,-784,1699,-7,54428,-6774,-32166,6575,-240,-1025,713,54407,1036,31355,4894,-1087,288,-324,7,3
1475,54429,29276,-2374,4221,-1381,462,-892,54429,-3304,15908,-885,66,478,-81,54450,-11128,28832,4688,-808,1699,-68,54450,-6774,-32184,6571,-240,-1025,713,54429,1036,31355,4734,-1087,288,-324,7,3
1476,54451,29629,-2254,5221,-1348,533,-745,54451,-3119,15947,-831,96,255,71,54472,-10914,29194,4824,-808,1829,-114,54472,-6830,-32200,6571,24,-353,896,54451,1279,31290,4734,-1001,297,34,7,3
1477,54473,29629,-2254,5221,-1131,533,-745,54473,-3119,15963,-785,122,255,71,54494,-10914,29194,4976,-808,1829,-114,54494,-6830,-32200,6616,24,30,896,54473,1279,31290,4874,-944,297,34,7,3
1478,54495,29629,-2254,5221,-1131,533,-745,54495,-3119,15963,-785,122,255,71,54516,-10914,29194,4976,-826,1829,-149,54516,-6872,-32210,6616,24,30,896,54495,1279,31290,4874,-944,297,34,7,3
1479,54517,29790,-2212,6221,-913,623,-572,54517,-3083,16007,-778,122,271,92,54538,-10899,29741,5192,-850,1927,-206,54538,-6955,-32215,6650,168,345,920,54517,1223,31321,5025,-790,304,237,7,3
1480,54539,29790,-2164,6221,-913,623,-480,54539,-3083,16009,-778,106,271,92,54560,-10899,29741,5192,-868,2197,-206,54560,-6955,-32215,6650,168,663,920,54539,1223,31241,5025,-666,383,237,7,3
1481,54561,29790,-2164,6221,-913,623,-480,54561,-3083,16009,-778,105,271,92,54582,-10899,29741,5192,-868,2197,-243,54582,-7124,-32215,6650,168,663,920,54561,1223,31122,5025,-666,383,237,7,3
1482,54583,29910,-2381,7221,-756,804,-372,54583,-3056,16033,-773,79,200,102,54604,-10606,29759,4978,-881,2473,-277,54604,-7250,-32189,6681,283,1138,861,54583,1283,30973,5060,-446,193,184,7,3
1483,54605,29910,-2381,7221,-756,804,-372,54605,-3056,16033,-729,79,200,102,54626,-10606,30025,4978,-881,2473,-277,54626,-7250,-32189,6681,283,1379,861,54605,1283,30973,5060,-393,193,184,7,3
1484,54627,29910,-2381,7221,-756,804,-372,54627,-3056,16033,-729,59,144,102,54648,-10856,30025,4978,-881,2473,-397,54648,-7345,-32189,6681,283,1379,861,54627,1283,30897,5060,-393,186,184,7,3
1485,54649,29932,-2321,8221,-616,954,-267,54649,-3011,16033,-712,44,102,101,54670,-10996,30218,5219,-762,2665,-487,54670,-7345,-32205,6686,297,1916,904,54649,1328,30840,5125,-188,181,267,7,3
1486,54671,30024,-2321,8221,-616,980,-267,54671,-3011,16033,-712,44,102,101,54692,-10996,30218,5219,-762,2665,-487,54692,-7300,-32205,6686,297,1916,904,54671,1328,30840,5125,-188,181,267,7,3
1487,54693,30024,-2321,8221,-616,980,-267,54693,-3011,16033,-712,32,90,101,54714,-11101,30218,5219,-762,2665,-487,54714,-7300,-32205,6686,291,1916,904,54693,1328,30840,5125,-188,181,267,7,3
1488,54715,30134,-2234,9221,-511,1086,-188,54715,-2971,16041,-699,32,90,101,54736,-11179,30129,5224,-832,2518,-467,54736,-7454,-32191,6690,255,1917,906,54715,1346,30912,5051,-37,211,329,7,3
1489,54737,30134,-2234,9221,-462,1086,-178,54737,-2971,16043,-699,75,133,101,54758,-11179,30129,5308,-832,2518,-467,54758,-7454,-32191,6766,255,1917,906,54737,1346,30912,5051,-37,423,343,7,3
1490,54759,30134,-2234,9221,-462,976,-178,54759,-2971,16043,-699,75,133,101,54780,-11179,29930,5308,-885,2518,-467,54780,-7466,-32191,6766,185,1917,837,54759,1346,30912,4990,-37,423,343,7,3
1491,54781,30200,-2169,10221,-277,882,-179,54781,-2957,16021,-697,115,223,48,54802,-10918,29781,5375,-885,2432,-437,54802,-7783,-32097,6862,50,1550,597,54781,1359,30966,4944,-76,393,336,7,3
1492,54803,30200,-2169,10221,-277,882,-179,54803,-2957,16021,-697,123,329,48,54824,-10918,29781,5375,-871,2432,-202,54824,-7783,-32033,6862,50,1550,597,54803,1359,30966,4944,-76,393,336,7,3
1493,54825,30174,-2169,10221,-277,790,-179,54825,-2957,16004,-716,123,329,-44,54846,-10936,29781,5375,-871,2368,-202,54846,-7783,-32033,6838,32,1458,375,54825,1359,30966,4910,-126,393,98,7,3
1494,54847,30174,-2246,11221,-267,650,-262,54847,-3003,15995,-741,185,543,-129,54868,-10936,29983,5545,-721,2320,-4,54868,-7767,-31978,6820,-38,1367,212,54847,1435,31186,4794,-173,463,-172,7,3
1495,54869,30230,-2246,11221,-267,650,-262,54869,-3003,15995,-741,247,543,-129,54890,-10782,29983,5545,-721,2320,-4,54890,-7767,-31978,6820,-38,1367,212,54869,1435,31186,4794,-173,463,-172,7,3
1496,54891,30230,-2268,11221,-274,534,-325,54891,-3038,15989,-759,247,543,-170,54912,-10782,29983,5512,-721,2249,-4,54912,-7827,-31978,6820,-89,1299,90,54891,1435,31186,4794,-191,463,-354,7,3
1497,54913,30188,-2285,12187,-420,379,-372,54913,-3064,15985,-792,340,579,-192,54934,-10756,30143,5496,-421,1934,65,54934,-7896,-31939,6847,-129,1216,-4,54913,1486,31299,4845,-204,515,-490,7,3
1498,54935,30188,-2285,12187,-420,379,-372,54935,-3064,15985,-792,348,579,-192,54956,-10756,30143,5496,-421,1934,65,54956,-7896,-31939,6861,-129,1216,-4,54935,1486,31299,4845,-212,515,-490,7,3
1499,54957,30157,-2297,12187,-569,267,-413,54957,-3076,15981,-817,348,579,-209,54978,-10756,30143,5476,-421,1698,65,54978,-7927,-31939,6861,-193,1056,-173,54957,1486,31299,4845,-212,515,-574,7,3
1500,54979,30134,-2306,12912,-722,183,-449,54979,-3113,15965,-851,364,591,-230,55000,-10737,30263,5393,-220,1521,96,55000,-7951,-31912,6877,-252,818,-412,54979,1444,31412,4883,-239,345,-637,7,3
1501,55001,30134,-2306,12912,-722,183,-449,55001,-3113,15965,-851,364,591,-230,55022,-10737,30271,5393,-206,1521,96,55022,-7951,-31912,6891,-252,818,-412,55001,1444,31412,4907,-239,345,-637,7,3
1502,55023,30036,-2317,12912,-890,183,-532,55023,-3145,15953,-876,364,591,-258,55924,-10737,30271,5393,-206,1390,96,55924,-7969,-31912,6891,-306,375,-631,55023,1413,31412,4907,-239,213,-684,8,3
1503,55925,30036,-2401,13448,-1062,213,-602,55925,-3180,15951,-889,397,592,-313,55946,-10720,30367,5312,-45,1292,143,55946,-7969,-31906,6938,-337,43,-795,55925,1389,31571,4858,-238,114,-720,8,3
1504,55947,30069,-2401,13448,-1062,221,-602,55947,-3180,15951,-889,397,592,-313,55968,-10682,30371,5312,-26,1292,143,55968,-7934,-31906,6966,-337,43,-795,55947,1389,31571,4858,-206,114,-720,8,3
1505,55969,30069,-2401,13448,-1071,221,-641,55969,-3188,15951,-898,397,554,-313,55990,-10682,30371,5288,-26,1200,54,55990,-7934,-31911,6966,-337,43,-795,55969,1389,31571,4853,-206,114,-720,8,3
1506,55991,30150,-2384,13706,-1071,217,-670,55991,-3192,15956,-905,407,481,-298,56012,-10641,30452,5234,73,1101,-12,56012,-7758,-31959,7036,-260,105,-684,55991,1411,31670,4805,-150,189,-491,8,3
1507,56013,30154,-2384,13706,-1064,217,-670,56013,-3192,15956,-905,407,481,-291,56034,-10641,30452,5234,73,1101,-12,56034,-7710,-31959,7044,-257,110,-669,56013,1411,31690,4805,-150,189,-491,8,3
1508,56035,30154,-2384,13706,-1064,213,-692,56035,-3195,15956,-911,407,421,-291,56056,-10641,30452,5229,73,984,-56,56056,-7710,-31975,7044,-257,110,-669,56035,1411,31690,4801,-150,189,-491,8,3
1509,56057,30217,-2380,13851,-1063,176,-735,56057,-3195,15961,-920,409,376,-259,56078,-10666,30503,5205,138,881,-89,56078,-7590,-32001,7103,-188,157,-562,56057,1426,31767,4760,-139,188,-319,8,3
1510,56079,30229,-2380,13851,-1062,176,-735,56079,-3181,15961,-920,409,376,-247,56100,-10666,30503,5205,138,881,-89,56100,-7590,-32001,7117,-188,157,-462,56079,1426,31767,4760,-139,188,-319,8,3
1511,56101,30229,-2380,13851,-1062,145,-774,56101,-3181,15962,-927,409,342,-247,56122,-10689,30503,5205,138,804,-114,56122,-7590,-32020,7117,-188,157,-462,56101,1405,31767,4724,-139,188,-319,8,3
1512,56123,30294,-2377,13932,-1075,101,-822,56123,-3159,15962,-932,413,319,-200,56144,-10732,30539,5213,182,725,-188,56144,-7500,-32037,7161,-137,186,-307,56123,1365,31831,4697,-130,198,-177,8,3
1513,56145,30296,-2375,13932,-1075,101,-822,56145,-3159,15965,-935,413,319,-190,56166,-10732,30539,5235,182,725,-188,56166,-7500,-32037,7191,-133,186,-307,56145,1365,31831,4697,-130,198,-148,8,3
1514,56167,30296,-2375,13932,-1093,66,-858,56167,-3159,15965,-936,413,319,-190,56188,-10765,30539,5235,182,666,-271,56188,-7500,-32049,7191,-133,186,-307,56167,1335,31831,4694,-130,198,-148,8,3
1515,56189,30346,-2381,13993,-1093,4,-885,56189,-3171,15965,-946,403,365,-147,56210,-10765,30590,5270,215,613,-333,56210,-7484,-32058,7257,-119,208,-270,56189,1335,31895,4692,-113,237,66,8,3
1516,56211,30346,-2381,14029,-1093,4,-885,56211,-3171,15965,-946,403,392,-147,56232,-10743,30590,5270,226,613,-333,56232,-7484,-32058,7257,-119,208,-270,56211,1341,31895,4692,-111,246,66,8,3
1517,56233,30346,-2385,14029,-1107,-14,-911,56233,-3206,15965,-947,365,392,-147,56254,-10743,30590,5270,226,592,-333,56254,-7484,-32058,7257,-119,198,-273,56233,1341,31895,4692,-111,246,66,8,3
1518,56255,30343,-2434,14077,-1148,-14,-911,56255,-3256,15954,-957,335,462,-157,56276,-10729,30600,5302,299,584,-306,56276,-7436,-32057,7252,-132,198,-280,56255,1423,31957,4701,-79,234,151,8,3
1519,56277,30343,-2434,14077,-1148,-13,-910,56277,-3256,15954,-957,335,465,-157,56298,-10729,30600,5302,299,584,-266,56298,-7360,-32057,7252,-132,198,-280,56277,1431,31957,4701,-71,234,151,8,3
1520,56299,30343,-2471,14077,-1183,-13,-910,56299,-3286,15954,-957,319,465,-164,56320,-10729,30600,5302,299,584,-266,56320,-7360,-32057,7217,-141,191,-284,56299,1431,31957,4701,-71,201,151,8,3
1521,56321,30357,-2477,14105,-1221,-27,-909,56321,-3311,15955,-960,319,498,-164,56342,-10726,30612,5340,354,662,-157,56342,-7299,-32078,7217,-141,191,-287,56321,1457,31991,4715,-18,200,161,8,3
1522,56343,30357,-2477,14105,-1221,-27,-909,56343,-3311,15955,-960,341,498,-144,56364,-10726,30634,5340,368,662,-150,56364,-7299,-32078,7217,-135,191,-287,56343,1457,31991,4719,-14,200,161,8,3
1523,56365,30357,-2481,14105,-1265,-50,-909,56365,-3327,15955,-960,341,488,-144,56386,-10732,30634,5340,368,661,-150,56386,-7299,-32090,7222,-135,191,-287,56365,1442,31991,4719,-14,186,161,8,3
1524,56387,30402,-2484,14110,-1328,-105,-935,56387,-3327,15966,-954,357,463,-109,56408,-10757,30663,5325,489,590,-82,56408,-7218,-32099,7228,-148,191,-277,56387,1407,32019,4733,35,186,167,8,3
1525,56409,30402,-2484,14110,-1328,-105,-935,56409,-3314,15967,-947,357,463,-87,56430,-10757,30663,5325,489,590,-82,56430,-7218,-32099,7236,-148,191,-226,56409,1407,32019,4735,38,186,168,8,3
1526,56431,30402,-2484,14110,-1375,-154,-954,56431,-3314,15967,-947,356,423,-87,56452,-10813,30627,5315,489,540,-82,56452,-7218,-32099,7236,-159,191,-226,56431,1377,32019,4735,38,183,168,8,3
1527,56453,30443,-2469,14072,-1403,-212,-967,56453,-3292,15969,-928,356,382,-35,56474,-10899,30584,5308,568,519,-43,56474,-7251,-32088,7247,-211,238,-180,56453,1280,32042,4761,92,183,274,8,3
1528,56475,30443,-2441,14072,-1403,-212,-967,56475,-3278,15969,-928,356,382,-26,56496,-10899,30584,5308,568,519,-43,56496,-7251,-32088,7247,-211,467,-180,56475,1280,32042,4769,98,192,301,8,3
1529,56497,30443,-2441,14032,-1403,-293,-967,56497,-3278,15969,-934,356,351,-26,56518,-11004,30552,5303,568,519,-43,56518,-7251,-32088,7177,-301,467,-180,56497,1194,32042,4769,98,192,301,8,3
1530,56519,30466,-2356,13918,-1326,-354,-909,56519,-3251,15975,-939,347,298,48,56540,-11235,30526,5275,519,645,-12,56540,-7208,-32092,7124,-368,562,-122,56519,1089,32061,4750,169,427,550,8,3
1531,56541,30466,-2356,13918,-1295,-354,-906,56541,-3251,15975,-939,347,298,53,56562,-11235,30526,5275,519,820,-12,56562,-7208,-32092,7124,-368,562,-108,56541,1089,32061,4750,169,553,678,8,3
1532,56563,30463,-2356,13768,-1295,-354,-906,56563,-3251,15975,-939,327,259,53,56584,-11235,30526,5254,451,820,-124,56584,-7208,-32095,7085,-376,562,-108,56563,1089,32061,4730,169,553,678,8,3
1533,56585,30423,-2295,13656,-1090,-231,-860,56585,-3226,15979,-937,312,227,127,56606,-11126,30528,5230,188,1349,-358,56606,-7175,-32095,7055,-376,454,-34,56585,1266,32017,4659,208,1100,1152,8,3
1534,56607,30423,-2295,13656,-1051,-182,-855,56607,-3200,15979,-937,312,227,127,56628,-10976,30578,5230,188,1349,-358,56628,-7145,-32081,7055,-346,454,-34,56607,1376,32017,4659,208,1100,1152,8,3
1535,56629,30393,-2295,13644,-1051,-182,-855,56629,-3200,15979,-938,312,227,127,56650,-10976,30578,5230,-9,1349,-563,56650,-7145,-32081,6983,-346,304,-34,56629,1376,31984,4606,208,1100,1152,8,3
1536,56651,30393,-2279,13635,-755,5,-764,56651,-3098,15982,-938,330,249,168,56672,-10714,30617,5238,-156,1612,-717,56672,-7192,-32050,6929,-295,62,234,56651,1678,31954,4562,175,988,1384,8,3
1537,56673,30451,-2279,13635,-725,52,-752,56673,-3098,15984,-938,330,255,168,56694,-10714,30653,5238,-156,1612,-717,56694,-7192,-32050,6929,-235,62,234,56673,1744,31954,4562,175,988,1384,8,3
1538,56695,30451,-2289,13592,-725,52,-752,56695,-3098,15986,-939,330,255,168,56716,-10714,30653,5238,-293,1612,-717,56716,-7317,-32050,6929,-235,62,234,56695,1744,31954,4495,127,890,1384,8,3
1539,56717,30626,-2366,13444,-471,321,-611,56717,-3126,15986,-945,304,272,199,56738,-10311,30723,5182,-494,1916,-630,56738,-7411,-32019,6958,-22,148,101,56717,2090,31955,4375,52,699,1070,8,3
1540,56739,30770,-2366,13444,-471,321,-611,56739,-3126,15987,-945,304,278,199,56760,-10071,30883,5182,-494,1916,-611,56760,-7411,-32019,6958,16,616,101,56739,2104,31955,4375,52,699,1070,8,3
1541,56761,30770,-2510,13319,-471,321,-611,56761,-3126,15987,-952,274,278,199,56782,-10071,30883,5112,-494,1916,-611,56782,-7428,-32019,6958,16,616,-103,56761,2104,31955,4263,-22,555,685,8,3
1542,56783,31107,-2618,13061,-569,-164,-706,56783,-3078,16006,-955,227,295,52,56804,-9489,31056,4888,-400,1203,-612,56804,-7428,-31998,6980,0,2046,-411,56783,2360,31934,4171,-257,455,142,8,3
1543,56805,31107,-2618,13061,-569,-164,-706,56805,-3013,16006,-955,227,391,52,56826,-9489,31154,4888,-171,1203,-612,56826,-7428,-31998,6980,0,2046,-411,56805,2360,31934,4171,-257,455,142,8,3
1544,56827,31107,-2618,12627,-733,-685,-785,56827,-3013,16006,-955,195,391,-127,56848,-9489,31154,4720,-171,409,-794,56848,-7440,-31998,6969,-18,2046,-846,56827,2360,31918,4171,-439,400,-264,8,3
1545,56849,30107,-2505,12152,-1176,-1315,-939,56849,-2929,15976,-843,195,466,-455,56870,-9604,31265,4572,202,-676,-1481,56870,-7449,-32030,6934,-25,2827,-1261,56849,2012,31918,4252,-578,400,-481,8,3
1546,56871,30107,-2485,12152,-1176,-1315,-939,56871,-2929,15976,-843,372,466,-455,56892,-9604,31269,4572,214,-676,-1481,56892,-7449,-32030,6934,-25,2827,-1261,56871,2012,31962,4282,-578,441,-481,8,3
1547,56893,29107,-2485,11796,-1565,-1937,-1126,56893,-2929,15956,-843,372,466,-778,56914,-9695,31269,4527,214,-1872,-2349,56914,-7449,-32118,6854,-25,2827,-1572,56893,1589,31962,4282,-675,441,-481,8,3
1548,56915,28107,-2391,11243,-2025,-2552,-1512,56915,-2866,15956,-759,690,377,-1117,56936,-9865,31281,4427,961,-3872,-4136,56936,-7362,-32132,6794,22,3156,-1664,56915,1221,31995,4409,-741,569,-279,8,3
1549,56937,28107,-2383,11243,-2025,-2552,-1512,56937,-2765,15970,-759,737,377,-1117,56958,-9865,31281,4427,1465,-3872,-4136,56958,-7334,-32132,6794,78,3156,-1664,56937,1221,31995,4435,-741,569,66,8,3
1550,56959,27107,-2383,10784,-2512,-3296,-1913,56959,-2765,15970,-759,737,311,-1451,56980,-9992,31118,4030,1465,-5872,-6136,56980,-7334,-32143,6699,78,3110,-1664,56959,909,31995,4435,-791,569,66,8,3
1551,56981,26107,-2291,10040,-2877,-5175,-2370,56981,-2544,16025,-696,1096,311,-1846,57002,-10088,30118,3386,2750,-7872,-8136,57002,-7248,-32151,6574,215,2796,-1463,56981,549,30995,4550,-848,665,1394,8,3
1552,57003,26107,-2285,10040,-2877,-5175,-2370,57003,-2544,16025,-694,1096,325,-1846,57024,-10088,30118,3386,2750,-7872,-8136,57024,-7248,-32153,6574,311,2796,-1463,57003,549,30995,4550,-848,665,2066,8,3
1553,57025,26107,-2285,9456,-2886,-6662,-2429,57025,-2544,16025,-694,1096,325,-2191,57046,-10490,29118,3249,2750,-7872,-10136,57046,-7267,-32151,6480,311,2515,-1463,57025,549,29995,4550,-928,665,2066,8,3
1554,57047,26662,-1957,9012,-2886,-8662,-2429,57047,-2554,16003,-685,1421,455,-2633,57068,-10847,28248,3249,750,-6415,-12130,57068,-7352,-32130,6480,818,2179,-1701,57047,591,28995,4158,-1331,831,4066,8,3
1555,57069,26690,-1331,9012,-2547,-8662,-1958,57069,-2554,16003,-685,1421,715,-2633,57090,-10847,28248,3570,750,-6317,-12130,57090,-7352,-32065,6514,818,2179,-1701,57069,1549,28995,4158,-1331,831,4066,8,3
1556,57091,26690,-1331,8685,-2547,-10662,-1958,57091,-2841,15756,-685,1421,715,-3277,57112,-11847,27970,3570,-1040,-6317,-12130,57112,-7453,-32065,6514,818,1522,-2450,57091,1549,27995,4158,-1738,831,4066,8,3
1557,57113,26943,-894,8415,-1509,-12662,-1223,57113,-3296,15254,-681,1923,1409,-4062,57134,-12847,27761,4431,-2507,-4317,-11650,57134,-7491,-31982,6571,1438,1029,-3602,57113,2547,27995,4232,-2339,1595,4477,8,3
1558,57135,26943,-894,8415,-1509,-12662,-1223,57135,-3296,15254,-681,1924,1409,-4062,57156,-12847,27761,4431,-2507,-4317,-11650,57156,-7491,-31982,6571,1448,1029,-3602,57135,2547,27995,4232,-2339,1595,4477,8,3
1559,57157,26943,-1424,8167,-1509,-14662,-1633,57157,-3637,14878,-681,1924,1409,-4780,57178,-12847,27412,4431,-2507,-4317,-11650,57178,-7491,-31982,6571,1448,876,-4533,57157,2547,27946,4232,-2790,1595,4477,8,3
1560,57179,26983,-1822,7655,-1652,-16662,-1940,57179,-3893,14526,-872,2454,1490,-5465,57200,-12157,26729,4591,-1865,-2317,-12397,57200,-7312,-31920,6636,1821,761,-5164,57179,3166,27946,4650,-3101,2168,4785,8,3
1561,57201,26983,-1822,7655,-1652,-16662,-1940,57201,-3893,14526,-872,2454,1490,-5465,57222,-12157,26729,4591,-1865,-2317,-12397,57222,-6564,-31920,6636,1821,761,-5164,57201,3166,28419,4830,-3101,2168,4933,8,3
1562,57223,26983,-1822,7097,-1652,-18662,-1940,57223,-4085,14262,-1173,2454,1399,-5985,57244,-12157,25986,4591,-1865,-2317,-13046,57244,-6564,-31920,6636,1611,675,-5164,57223,3166,28419,4830,-3334,2168,4933,8,3
1563,57245,27121,-1436,6110,-1361,-20662,-1499,57245,-4693,14034,-1918,2841,1177,-6375,57266,-12023,25429,4989,-3429,-1958,-13444,57266,-5564,-30920,6791,1181,-121,-4866,57245,3740,28774,5530,-3334,1593,5547,8,3
1564,57267,27121,-1436,6110,-920,-20662,-1307,57267,-4693,14034,-1918,2841,1177,-6375,57288,-12023,25429,5387,-3429,-1958,-13444,57288,-5564,-30920,6791,1181,-121,-4391,57267,4166,28774,5530,-3178,1593,5547,8,3
1565,57289,27121,-1436,5226,-920,-22662,-1307,57289,-5272,13863,-2553,2841,353,-6375,57310,-13023,25429,5387,-4793,-1958,-13444,57310,-5564,-30920,6791,1054,-718,-4391,57289,4166,28774,5530,-3178,1593,5471,8,3
1566,57311,27854,-2034,4226,-869,-24346,-1480,57311,-5972,13735,-2972,3132,-824,-6315,57332,-14023,25679,5180,-5816,42,-13007,57332,-5416,-30800,6973,1054,-1544,-3660,57311,5166,28960,6193,-2995,1599,5118,8,3
1567,57333,27995,-2034,4226,-869,-24346,-1480,57333,-5972,13735,-2972,3132,-824,-6315,57354,-14023,25679,5180,-5816,42,-12754,57354,-5416,-30800,7353,1199,-1544,-3660,57333,5166,28960,6193,-2995,2063,5118,8,3
1568,57355,27995,-2483,3226,-876,-25609,-1610,57355,-6517,13629,-3143,2623,-1706,-6315,57376,-15023,24679,4779,-5816,42,-12754,57376,-5416,-30800,7353,1199,-1753,-3660,57355,5166,28960,6193,-2995,2063,4855,8,3
1569,57377,28054,-2483,2226,-881,-26556,-1710,57377,-7202,13044,-3218,1841,-2305,-6290,57398,-16023,23679,4478,-3844,964,-12647,57398,-5417,-31024,7756,1325,-1753,-3964,57377,5616,29158,6340,-3477,1427,4692,8,3
1570,57399,28054,-2290,2226,-881,-26556,-1783,57399,-7202,13044,-3218,1841,-2305,-6290,57420,-16023,23679,4478,-3844,964,-12647,57420,-5418,-31024,7774,1325,-1686,-3964,57399,5616,29158,6340,-3477,1427,4692,8,3
1571,57421,27230,-2290,1226,-881,-26556,-1750,57421,-7827,12346,-3274,1307,-2305,-6304,57442,-17023,22679,4478,-3844,964,-12834,57442,-5417,-31100,7774,1323,-1686,-4574,57421,5616,29158,6340,-3862,950,4692,8,3
1572,57443,26612,-2399,226,-865,-24903,-1769,57443,-8827,11607,-3512,1053,-1600,-6314,57464,-18023,21679,5478,-2913,1926,-13133,57464,-5315,-31157,8233,972,-1443,-5787,57443,5954,28978,7051,-4151,950,5238,8,3
1573,57465,26612,-2399,226,-865,-24903,-1769,57465,-8827,11607,-3512,1053,-1600,-6314,57486,-18023,21679,5478,-2913,1952,-13133,57486,-5080,-31157,8238,972,-1329,-5787,57465,5954,28978,7340,-4151,1129,5873,8,3
1574,57487,26612,-2481,-774,-870,-24903,-1769,57487,-9610,10960,-3691,863,-1600,-6314,57508,-19023,20679,5478,-2913,1952,-13527,57508,-5080,-31157,8238,328,-1329,-6756,57487,5954,28978,7340,-4151,1129,5873,8,3
1575,57509,26663,-2481,-1774,-933,-23269,-1739,57509,-10035,10474,-3721,863,-2055,-6247,57530,-20023,20163,5276,-2329,2667,-13878,57530,-4099,-31129,8432,-154,-787,-7483,57509,6954,29085,7949,-3952,975,7051,8,3
1576,57531,26663,-2384,-1774,-933,-22903,-1739,57531,-10035,10474,-3721,963,-2055,-6247,57552,-20023,20163,5276,-2329,2667,-13878,57552,-4080,-31129,8432,-154,-787,-7483,57531,6954,29085,7949,-3952,975,7131,8,3
1577,57553,26663,-2384,-2774,-1009,-22903,-1756,57553,-10273,10474,-3721,963,-2388,-6247,57574,-21023,19854,5125,-2329,2667,-14198,57574,-4080,-31129,8320,-154,-787,-7942,57553,6954,29085,7949,-3952,859,7131,8,3
1578,57575,26853,-2423,-3774,-1289,-20903,-1756,57575,-10451,10618,-3471,1202,-2498,-6272,57596,-22023,19580,5039,-1192,2607,-14511,57596,-3080,-30129,8250,-60,-305,-8185,57575,7954,29237,8405,-3957,503,7898,8,3
1579,57597,26853,-2423,-3774,-1289,-20903,-1687,57597,-10451,10674,-3324,1443,-2498,-6272,57618,-22023,19580,5039,-1192,2607,-14511,57618,-3080,-30129,8250,-60,-305,-8185,57597,7954,29237,8405,-3957,503,7898,8,3
1580,57619,26853,-2453,-4774,-1499,-20903,-1687,57619,-10665,10674,-3324,1443,-2498,-6291,57640,-23023,19439,5039,-1192,2607,-14746,57640,-3080,-30129,8183,-60,-305,-8185,57619,7954,29237,8405,-3961,123,7898,8,3
1581,57641,27135,-2513,-5774,-1780,-18903,-1770,57641,-10860,10919,-2950,1492,-2488,-6415,57662,-24023,19231,5247,252,2924,-14746,57662,-2080,-30418,8147,-137,314,-7811,57641,8954,28693,8775,-3964,-161,7661,8,3
1582,57663,27135,-2513,-5774,-1780,-18903,-1770,57663,-10860,10919,-2950,1492,-2443,-6415,57684,-24023,19231,5247,466,3857,-14729,57684,-2080,-30418,8113,-137,361,-7731,57663,8954,28693,8937,-3964,-161,7661,8,3
1583,57685,27135,-2513,-6774,-1991,-18903,-1832,57685,-11184,10919,-2950,1481,-2443,-6415,57706,-25023,18349,5247,466,3857,-14729,57706,-2080,-30569,8036,-194,361,-7731,57685,8954,28285,8937,-3964,-206,7168,8,3
1584,57707,26135,-1964,-7774,-2149,-16903,-1896,57707,-11427,10761,-2787,1393,-2702,-6329,57728,-25879,17349,4843,1964,4584,-15295,57728,-1109,-30576,7953,-213,814,-7288,57707,9954,27723,9266,-3801,-206,6602,8,3
1585,57729,26135,-1776,-7774,-2149,-16903,-1896,57729,-11427,10761,-2787,1393,-2702,-6329,57750,-25879,17349,4843,1964,4584,-15295,57750,-1109,-30576,7953,-213,814,-7087,57729,9954,27723,9266,-3801,-178,6602,8,3
1586,57751,25135,-1776,-8774,-2202,-16903,-1944,57751,-11563,10634,-2787,1179,-2896,-6329,57772,-26521,16349,4540,1964,4584,-15862,57772,-1109,-30582,7860,-213,814,-7087,57751,9954,27688,9266,-3801,-178,6169,8,3
1587,57773,24337,-1215,-9774,-2211,-14903,-1944,57773,-11665,10267,-2384,870,-2896,-6613,57794,-27334,15349,4141,3087,4283,-16460,57794,-109,-30586,7860,821,535,-6415,57773,10887,27688,9513,-4469,78,5582,8,3
1588,57795,24337,-1125,-9774,-2211,-14903,-1845,57795,-11665,10267,-2308,870,-2608,-6613,57816,-27334,15349,4141,3087,4283,-16460,57816,-109,-30586,7977,980,535,-6373,57795,10887,27694,9541,-4469,195,5582,8,3
1589,57817,24337,-1125,-10774,-2211,-14903,-1845,57817,-11819,9981,-2308,534,-2608,-6973,57838,-27944,14349,3731,3087,3812,-16908,57838,-109,-30586,7977,980,-15,-6373,57817,10887,27694,9541,-4970,195,5142,8,3
1590,57839,24936,-701,-11774,-1978,-12903,-1627,57839,-12369,9649,-1954,117,-2037,-7373,57860,-27944,13349,3284,3966,3014,-17244,57860,690,-29586,8334,1875,-573,-5807,57839,11365,27698,9995,-5241,537,4936,8,3
1591,57861,24952,-701,-11774,-1476,-12903,-1371,57861,-12369,9649,-1954,117,-1969,-7373,57882,-26944,13349,3284,3966,3014,-17244,57882,690,-29586,8740,1875,-573,-5804,57861,11365,27773,10411,-5241,727,4936,8,3
1592,57883,24952,-701,-12774,-1476,-12903,-1371,57883,-12960,9300,-1954,-272,-1969,-7673,57904,-26944,12349,3089,3966,2416,-17244,57904,690,-29586,8740,1875,-1184,-5804,57883,11365,27778,10411,-5241,727,4781,8,3
1593,57905,23952,-683,-13774,-972,-10903,-885,57905,-13468,8775,-2015,-588,-1447,-7894,57926,-25944,11349,3089,3750,1967,-16904,57926,1381,-28586,9313,1689,-1661,-5312,57905,11829,27619,11178,-5054,1063,4594,8,3
1594,57927,23952,-683,-13774,-972,-10903,-885,57927,-13468,8775,-2015,-588,-1433,-7894,57948,-25944,11349,3102,3750,1967,-16517,57948,1397,-28586,9313,1689,-1661,-5138,57927,11919,27619,11216,-4709,1063,4594,8,3
1595,57949,22952,-683,-14774,-972,-10903,-885,57949,-14060,8381,-2157,-588,-1433,-7894,57970,-25944,10361,3102,3217,1642,-16517,57970,1397,-28586,9313,1185,-2000,-5138,57949,11919,27408,11216,-4709,1063,4330,8,3
1596,57971,21952,-640,-15774,-1120,-8903,-961,57971,-14715,8129,-2263,-554,-838,-7819,57992,-24944,9552,2740,1987,1210,-15073,57992,2138,-29351,9570,732,-2458,-4402,57971,12627,27150,11842,-3827,828,3896,8,3
1597,57993,21952,-612,-15774,-1120,-8903,-961,57993,-14715,8129,-2263,-363,-798,-7627,58014,-24944,9552,2740,1987,1210,-14517,58014,2220,-29351,9570,732,-2458,-4271,57993,12627,27150,11842,-3471,828,3896,8,3
1598,58015,20952,-612,-16774,-1231,-8903,-1018,58015,-15325,8114,-2307,-363,-798,-7627,58036,-24944,8970,2649,979,886,-14517,58036,2220,-29925,9570,267,-2584,-4271,58015,12627,26974,11842,-3471,290,3331,8,3
1599,58037,19952,-330,-17672,-1231,-6903,-1052,58037,-16131,8114,-2323,102,-136,-6889,58058,-23944,8533,2352,-197,581,-12517,58058,2925,-30463,9555,-8,-2678,-3275,58037,13158,26824,11899,-2109,-224,2641,8,3
1600,58059,19952,-330,-17672,-1200,-6903,-1052,58059,-16131,8124,-2323,187,-136,-6632,58080,-23944,8533,2352,-197,581,-12517,58080,2925,-30463,9555,-8,-2678,-3018,58059,13158,26824,11899,-2071,-224,2641,8,3
1601,58081,18952,-330,-18372,-1200,-6903,-1078,58081,-16764,8124,-2352,187,-136,-6632,58102,-23944,8303,2228,-1079,467,-12517,58102,2925,-30789,9536,-287,-2678,-3018,58081,13158,26786,11899,-2071,-610,1939,8,3
1602,58103,17952,-315,-18951,-1046,-4952,-1097,58103,-17249,8132,-2405,532,390,-5311,58124,-22944,8181,2135,-1809,343,-10517,58124,3408,-31033,9476,-525,-2118,-1638,58103,13654,26757,11714,-787,-875,1188,8,3
1603,58125,17952,-315,-18951,-1038,-4952,-1097,58125,-17249,8132,-2405,532,390,-5006,58146,-22944,8181,2135,-1809,343,-10517,58146,3408,-31033,9476,-525,-1869,-1475,58125,13752,26757,11714,-498,-875,1188,8,3
1604,58147,16952,-326,-19385,-1038,-4952,-1097,58147,-17634,8129,-2543,532,390,-5006,58168,-22944,8181,2135,-2357,250,-10517,58168,3408,-31216,9476,-965,-1869,-1475,58147,13752,26757,11575,-498,-875,537,8,3
1605,58169,15952,-360,-19790,-958,-3659,-932,58169,-17923,7975,-2722,743,758,-3092,58190,-21944,8307,2221,-2768,25,-8517,58190,3520,-31436,9477,-1461,-997,-146,58169,14084,26771,11417,512,-487,-343,8,3
1606,58191,15952,-360,-19790,-958,-3659,-910,58191,-17923,7975,-2722,743,764,-3006,58212,-21944,8349,2225,-2768,25,-8517,58212,3520,-31436,9503,-1461,-849,-62,58191,14084,26771,11417,512,-225,-343,8,3
1607,58213,14952,-401,-20094,-1038,-3659,-910,58213,-17963,7859,-2862,743,764,-3006,58234,-21944,8349,2225,-3022,-190,-8517,58234,3482,-31601,9503,-1852,-849,-62,58213,14084,26771,11298,512,-225,-1216,8,3
1608,58235,13952,-432,-20300,-1098,-2564,-669,58235,-17963,7793,-2974,779,969,-1006,58256,-20944,9253,2620,-3143,-1082,-6517,58256,3343,-31730,9351,-2183,135,1213,58235,14285,26782,11145,1243,347,-2213,8,3
1609,58257,13952,-432,-20300,-1098,-1884,-540,58257,-17805,7793,-2974,779,969,-1006,58278,-20944,9253,2796,-3143,-1082,-6517,58278,3343,-31730,9351,-2183,148,1310,58257,14285,26884,11145,1243,488,-2213,8,3
1610,58279,12952,-455,-20300,-1098,-1884,-540,58279,-17805,7793,-3043,779,969,-1006,58300,-20944,9253,2796,-3143,-1751,-6517,58300,3209,-31730,9091,-2393,148,1310,58279,14285,26884,11030,1243,488,-3202,8,3
1611,58301,12952,-631,-19300,-1092,116,-130,58301,-17442,7907,-3084,806,1105,994,58322,-21944,9575,3135,-2787,-2252,-4517,58322,2853,-31719,8834,-2501,346,2391,58301,13973,27177,10830,1840,354,-4033,8,3
1612,58323,13952,-631,-19300,-1092,116,-130,58323,-17351,7907,-3084,806,1105,994,58344,-21944,9575,3135,-2378,-2252,-4517,58344,2853,-31719,8834,-2501,346,2391,58323,13973,27261,10830,1840,354,-4033,8,3
1613,58345,13952,-793,-19300,-1092,116,-130,58345,-17351,7907,-3084,806,1105,994,58366,-22944,9575,3135,-2378,-2879,-4517,58366,2472,-31719,8593,-2501,346,2391,58345,13627,27261,10682,1840,33,-4656,8,3
1614,58367,14952,-1008,-18300,-1122,2116,-48,58367,-16769,7948,-3021,669,1222,2994,58388,-23944,10003,3389,-1696,-3464,-2517,58388,2186,-31711,8412,-2342,354,3185,58367,13136,27543,10595,2022,-246,-5165,8,3
1615,58389,14952,-1008,-18300,-1122,2116,-48,58389,-16443,7948,-3021,669,1222,2994,58410,-23944,10313,3995,-1696,-3464,-2517,58410,2186,-31711,8412,-2165,354,3185,58389,13136,27543,10595,2022,-246,-5165,8,3
1616,58411,14952,-1369,-18300,-1122,2116,-48,58411,-16443,7948,-3021,429,1222,2994,58432,-24790,10313,3995,-1696,-4053,-2517,58432,1953,-31711,8283,-2165,286,3185,58411,12832,27543,10530,2022,-455,-5583,8,3
1617,58433,15952,-1640,-17300,-1039,4116,73,58433,-15549,7979,-3153,164,1948,4820,58454,-24794,11313,4924,-725,-4494,-517,58454,1533,-30711,8258,-1888,286,3787,58433,12604,27719,10457,1949,-612,-5920,8,3
1618,58455,15952,-1640,-17300,-969,4116,73,58455,-15520,8115,-3153,164,2413,4820,58476,-24794,11313,4978,-152,-4494,-517,58476,1533,-30711,8258,-1886,309,3848,58455,12604,27719,10457,1949,-612,-5920,8,3
1619,58477,15952,-1640,-17300,-969,4116,73,58477,-15520,8115,-3323,-92,2413,4820,58498,-24797,11313,4978,-152,-4943,-517,58498,1218,-30711,8239,-1886,309,3848,58477,12347,27719,10426,1949,-612,-6279,8,3
1620,58499,16952,-1301,-16300,-649,6116,169,58499,-14520,8658,-3504,-824,3373,5885,58520,-24797,12313,5715,1005,-5279,1483,58520,877,-29711,8081,-1603,493,4480,58499,12050,28097,10335,2009,-584,-6881,8,3
1621,58521,16952,-1301,-16300,-544,6116,252,58521,-14520,8761,-3504,-824,3444,5885,58542,-24703,12313,5978,1005,-5279,1483,58542,877,-29711,8081,-1603,493,4691,58521,12050,28097,10335,2009,-584,-6881,8,3
1622,58543,16952,-1301,-16300,-544,6116,252,58543,-14520,8761,-3662,-1478,3444,5885,58564,-24703,12313,5978,1005,-5279,1483,58564,658,-29711,8081,-1616,493,4691,58543,11739,28097,10267,2009,-856,-7515,8,3
1623,58565,17952,-1461,-15300,-60,8116,474,58565,-13520,9407,-3853,-1968,4312,6608,58586,-24529,13313,6387,1619,-3765,3483,58586,109,-30117,7902,-1776,416,5656,58565,11044,28462,10144,2800,-1228,-8240,8,3
1624,58587,17952,-1461,-15300,-60,8116,474,58587,-13520,9474,-3853,-1968,4312,6608,58608,-24243,13313,6387,1619,-3279,3483,58608,109,-30329,7902,-1776,416,5807,58587,11044,28462,10144,3101,-1228,-8240,8,3
1625,58609,17952,-1581,-15300,-60,8116,474,58609,-13520,9474,-3871,-2336,4312,6608,58630,-24243,13313,6387,1619,-3279,3483,58630,-462,-30421,7902,-1896,170,5807,58609,10323,28462,10010,3101,-1507,-8784,8,3
1626,58631,18952,-1741,-14300,-21,10116,166,58631,-12581,10089,-3871,-2763,4217,7521,58652,-23243,14313,5498,2100,-1279,5483,58652,-1200,-30913,7778,-1975,-736,6573,58631,9738,28686,9217,4172,-1654,-9144,8,3
1627,58653,18952,-1741,-14300,-21,10116,166,58653,-12520,10089,-3851,-2763,4217,7521,58674,-23243,14313,5498,2100,-1279,5483,58674,-1200,-30913,7778,-1975,-736,6573,58653,9738,28686,9217,4172,-1654,-9144,8,3
1628,58675,18952,-1861,-14300,-256,10116,-65,58675,-12520,10089,-3851,-3327,3611,7521,58696,-23243,14313,4755,2100,-1634,5483,58696,-1767,-31282,7778,-1975,-1099,6573,58675,9299,28686,8568,4172,-1712,-9144,8,3
1629,58697,19852,-1883,-13300,-453,12116,-83,58697,-11520,10527,-3453,-3807,3113,7954,58718,-22243,15313,4198,2449,-2132,7483,58718,-2697,-31559,7685,-1914,-1161,6929,58697,8348,28854,7942,4535,-1712,-9076,8,3
1630,58719,19908,-1883,-13300,-453,12116,-83,58719,-11520,10527,-3220,-3807,3113,7954,58740,-22243,15313,4198,2449,-2132,7483,58740,-2697,-31559,7685,-1725,-1161,6929,58719,8348,28868,7942,4535,-1626,-9037,8,3
1631,58741,19908,-1883,-13300,-605,12116,-87,58741,-11520,10527,-3220,-3958,2784,7954,58762,-22243,15313,3850,1837,-2462,7483,58762,-3394,-31559,7467,-1725,-1161,6929,58741,7635,28868,7472,4416,-1626,-9037,8,3
1632,58763,20908,-1638,-12300,-813,13254,-87,58763,-10520,11009,-2709,-3958,2537,8011,58784,-21243,16313,3589,1362,-2741,9037,58784,-3919,-31469,7020,-1570,141,6849,58763,7082,29051,7120,4327,-1100,-8872,8,3
1633,58785,20908,-1638,-12300,-813,13254,-87,58785,-10520,11134,-2705,-3752,2537,8011,58806,-21243,16313,3589,1362,-2741,9037,58806,-3919,-31469,7020,-1570,141,6849,58785,7082,29223,7120,4327,-165,-8719,8,3
1634,58807,20908,-1638,-12300,-969,13254,-90,58807,-10520,11134,-2705,-3752,2352,7881,58828,-21243,16313,3589,1005,-2950,9037,58828,-4313,-31469,6685,-1570,141,6767,58807,6631,29223,6856,4260,-165,-8719,8,3
1635,58829,21908,-1494,-11300,-1086,12719,-90,58829,-9520,11766,-2263,-3461,1728,7608,58850,-20243,17313,3619,1005,-3107,9278,58850,-4826,-30469,6533,-1454,370,6371,58829,5931,29489,6096,4159,930,-8340,8,3
1636,58851,21908,-1494,-11300,-1086,12719,-84,58851,-9520,11842,-2263,-3357,1728,7608,58872,-20243,17313,3619,1693,-3107,9278,58872,-4826,-30469,6533,-1280,370,6371,58851,5931,29489,6096,4159,930,-8210,8,3
1637,58873,21908,-1494,-11300,-1322,12043,-84,58873,-9520,11842,-2263,-3357,1045,7347,58894,-20243,17313,3619,1693,-3149,8639,58894,-5551,-30693,6533,-1280,370,5892,58873,5002,29489,5814,4000,930,-8210,8,3
1638,58895,20908,-1404,-10300,-1653,11169,-144,58895,-8520,12664,-1946,-2822,-1,6842,58916,-19243,18313,3642,1245,-3149,7371,58916,-6141,-31005,6641,-967,542,5050,58895,4181,30074,5602,3553,418,-7145,8,3
1639,58917,20908,-1404,-10300,-1653,11169,-144,58917,-8520,12664,-1946,-2804,-1,6842,58938,-19243,18313,3742,1189,-2654,7371,58938,-6141,-31005,6727,-967,542,5050,58917,4181,30074,5602,3553,418,-6806,8,3
1640,58939,19908,-1441,-10300,-2084,10386,-189,58939,-8520,12664,-1946,-2804,-1315,6072,58960,-19243,18313,3742,909,-2654,5994,58960,-6939,-31095,6727,-967,542,4130,58939,3181,30074,5445,3189,34,-6806,8,3
1641,58961,18908,-1468,-9300,-2408,9529,-307,58961,-7520,13266,-1735,-2304,-2301,5278,58982,-18243,19313,3834,657,-2153,4647,58982,-7592,-31213,6945,-732,293,2564,58961,2351,30581,5327,2861,-362,-4988,8,3
1642,58983,18908,-1468,-9300,-2408,9529,-307,58983,-7520,13266,-1735,-2304,-2301,5278,59004,-18243,19313,3834,657,-1702,4647,59004,-7592,-31213,6965,-732,293,2564,58983,2351,30581,5327,2861,-362,-4806,8,3
1643,59005,18908,-1468,-9300,-2408,8654,-395,59005,-7520,13266,-1735,-2304,-2301,4564,59026,-18243,19313,3834,657,-1702,3630,59026,-8079,-31229,6965,-732,99,1270,59005,2351,30581,5239,2427,-495,-4806,8,3
1644,59027,19908,-1455,-8300,-1924,7771,-461,59027,-6520,13718,-1521,-1909,-2268,3683,59048,-17243,20313,3903,641,-855,2914,59048,-8079,-31229,6975,-710,-829,300,59027,2539,30817,4923,1782,-759,-3297,8,3
1645,59049,19908,-1455,-8300,-1838,7771,-461,59049,-6520,13772,-1521,-1846,-1947,3683,59070,-17243,20313,3903,641,-467,2914,59070,-7261,-30229,6975,-710,-829,300,59049,2989,30817,4923,1782,-759,-3297,8,3
1646,59071,19908,-1481,-8300,-1838,7094,-598,59071,-6520,13772,-1521,-1846,-1947,2866,59092,-17243,20313,3903,641,-467,2843,59092,-7261,-30229,6669,-859,-1562,300,59071,2989,30817,4874,1249,-1388,-3297,8,3
1647,59093,20908,-1500,-7300,-1410,6586,-783,59093,-5524,14385,-1356,-1356,-1526,2179,59114,-16243,21313,4011,1095,175,2800,59114,-6897,-30551,6439,-971,-2416,340,59093,3467,31062,4739,1006,-1930,-2919,8,3
1648,59115,20908,-1500,-7300,-1410,6586,-783,59115,-5524,14412,-1338,-1352,-1377,2179,59136,-16243,21313,4011,1095,486,2800,59136,-6897,-30551,6439,-971,-2416,365,59115,3467,31062,4739,1006,-1930,-2919,8,3
1649,59137,20908,-1603,-7300,-1410,6075,-870,59137,-5524,14412,-1338,-1352,-1377,1713,59158,-16243,21313,4011,1095,486,2774,59158,-6897,-30869,6381,-971,-3057,365,59137,3467,31062,4736,823,-2713,-2919,8,3
1650,59159,21908,-1603,-6300,-1171,5439,-898,59159,-4979,14786,-1197,-945,-569,1462,59180,-15243,22313,4092,1148,1201,2748,59180,-6654,-31143,6381,-961,-3484,389,59159,3438,31212,4636,674,-3123,-2729,8,3
1651,59181,21908,-1603,-6300,-1171,5439,-898,59181,-4979,14786,-1191,-945,-569,1462,59202,-15243,22313,4092,1148,1201,2748,59202,-6654,-31143,6413,-925,-3484,389,59181,3438,31212,4636,674,-3123,-2729,8,3
1652,59203,21908,-1680,-6300,-1171,4946,-919,59203,-4979,14786,-1191,-945,-569,1279,59224,-15243,22313,4092,890,1201,2626,59224,-6654,-31349,6413,-925,-3484,382,59203,3322,31212,4607,523,-3431,-2729,8,3
1653,59225,22908,-1794,-5300,-1247,4373,-944,59225,-4570,15058,-1100,-700,-319,1142,59246,-14243,23313,4201,890,1882,2203,59246,-6486,-31503,6529,-758,-3071,336,59225,3121,31325,4495,329,-3431,-2587,8,3
1654,59247,22908,-1794,-5300,-1247,4373,-944,59247,-4497,15058,-1100,-700,-319,1142,59268,-14243,23313,4201,890,1882,2203,59268,-6486,-31503,6529,-730,-3045,336,59247,3121,31325,4495,329,-3279,-2360,8,3
1655,59269,22908,-1879,-5300,-1304,3915,-963,59269,-4497,15058,-1100,-700,-319,989,59290,-14243,23313,4201,720,1882,1513,59290,-6486,-31607,6529,-730,-3045,301,59269,2880,31325,4399,161,-3279,-2360,8,3
1656,59291,23908,-1927,-4300,-1304,3393,-963,59291,-4070,15278,-1032,-516,-131,819,59312,-13420,24313,4282,720,1710,919,59312,-6360,-31685,6546,-475,-2473,268,59291,2790,31553,4377,32,-2780,-1746,8,3
1657,59313,23908,-1927,-4300,-1257,3393,-893,59313,-4070,15289,-1032,-484,-127,819,59334,-13420,24313,4282,779,1710,919,59334,-6360,-31685,6546,-400,-2473,268,59313,2790,31553,4377,32,-2757,-1603,8,3
1658,59335,23908,-1927,-4300,-1257,2952,-893,59335,-4070,15289,-1032,-484,-127,632,59356,-13420,24313,4282,779,1693,479,59356,-6360,-31705,6546,-400,-2473,268,59335,2776,31553,4310,-64,-2757,-1603,8,3
1659,59357,24908,-1887,-3300,-1176,2506,-790,59357,-3816,15474,-1010,-322,184,428,59378,-12807,25313,4325,779,1608,213,59378,-6247,-31720,6635,-140,-2064,348,59357,2722,31604,4310,-106,-2211,-1066,8,3
1660,59379,24908,-1887,-3300,-1176,2506,-763,59379,-3816,15474,-1010,-322,184,428,59400,-12807,25313,4105,833,1608,213,59400,-6247,-31720,6639,-138,-2064,434,59379,2722,31604,4310,-106,-2099,-1066,8,3
1661,59401,24908,-1901,-3300,-1176,2170,-763,59401,-3816,15474,-1010,-322,184,296,59422,-12807,25313,4105,833,1608,151,59422,-6337,-31812,6639,-138,-2064,434,59401,2722,31604,4192,-130,-2099,-1066,8,3
1662,59423,25908,-2009,-2300,-1167,1828,-713,59423,-3661,15575,-996,-170,294,247,59444,-12591,26313,4088,475,1617,104,59444,-6516,-31881,6709,43,-1653,471,59423,2749,31643,4104,-157,-1383,-759,8,3
1663,59445,25908,-2009,-2300,-1167,1828,-666,59445,-3661,15575,-996,-170,294,247,59466,-12591,26313,4088,475,1617,104,59466,-6516,-31881,6735,43,-1651,471,59445,2749,31655,4104,-157,-1369,-759,8,3
1664,59467,25908,-2012,-2300,-1169,1567,-666,59467,-3661,15575,-1005,-170,294,210,59488,-12591,26313,4088,207,1617,104,59488,-6650,-31932,6735,43,-1651,432,59467,2749,31655,4104,-177,-1369,-759,8,3
1665,59489,26908,-2079,-1300,-1178,1361,-696,59489,-3678,15651,-1082,18,366,165,59510,-12367,27313,4080,6,1460,123,59510,-6751,-31959,6879,117,-1193,0,59489,2769,31715,4202,-207,-836,-615,8,3
1666,59511,26908,-2079,-1300,-1178,1361,-696,59511,-3678,15655,-1082,24,366,165,59532,-12367,27313,4080,6,1460,123,59532,-6751,-31959,6915,117,-915,0,59511,2769,31783,4202,-207,-836,-615,8,3
1667,59533,26908,-2129,-1300,-1344,1282,-723,59533,-3691,15655,-1140,24,366,113,59554,-12367,27313,4080,-14,1238,123,59554,-6751,-31979,6915,32,-915,-331,59533,2769,31783,4202,-211,-836,-615,8,3
1668,59555,27751,-2224,-300,-1592,1242,-828,59555,-3693,15692,-1156,165,395,40,59576,-12209,28016,4168,-129,1050,122,59576,-6729,-31994,6930,-127,-197,-650,59555,2690,31771,4263,-211,-475,-507,8,3
1669,59577,27751,-2224,-300,-1592,1242,-828,59577,-3693,15692,-1156,183,395,40,59598,-12139,28016,4168,-129,1050,122,59598,-6669,-32019,6930,-127,-197,-650,59577,2690,31771,4263,-207,-475,-507,8,3
1670,59599,27751,-2296,-300,-1916,1212,-890,59599,-3695,15692,-1183,183,375,-14,59620,-12139,28016,4168,-129,835,23,59620,-6669,-32045,6930,-160,-197,-889,59599,2690,31762,4263,-207,-475,-507,8,3
1671,59621,28383,-2296,700,-2241,1185,-1050,59621,-3695,15719,-1188,352,226,-61,59642,-11968,28566,4244,6,674,-53,59642,-6547,-32131,6903,-160,116,-1011,59621,2773,31745,4309,-189,-427,-412,8,3
1672,59643,28495,-2264,700,-2241,1185,-1050,59643,-3685,15727,-1188,354,226,-61,59664,-11852,28568,4244,6,674,-53,59664,-6525,-32131,6903,-147,116,-1011,59643,2773,31745,4309,-189,-427,-412,8,3
1673,59665,28495,-2264,700,-2567,1165,-1131,59665,-3685,15727,-1188,354,47,-65,59686,-11852,28568,4244,6,426,-113,59686,-6525,-32172,6903,-147,116,-1011,59665,2741,31745,4309,-189,-427,-412,8,3
1674,59687,29081,-2226,1700,-2811,1114,-1191,59687,-3599,15765,-1163,482,-292,-65,59708,-11840,28980,4535,206,240,-198,59708,-6417,-32227,6893,-112,177,-930,59687,2741,31730,4363,-176,-366,-351,8,3
1675,59709,29107,-2214,1700,-2811,1114,-1191,59709,-3576,15787,-1149,482,-292,-34,59730,-11740,28980,4535,206,240,-198,59730,-6291,-32227,6893,-94,177,-930,59709,2741,31730,4363,-167,-366,-351,8,3
1676,59731,29107,-2214,1700,-2883,1064,-1191,59731,-3576,15787,-1149,482,-580,-34,59752,-11729,28980,4431,206,123,-222,59752,-6291,-32227,6885,-94,177,-930,59731,2717,31729,4363,-167,-366,-351,8,3
1677,59753,29592,-2188,2700,-2909,901,-1182,59753,-3470,15838,-1122,615,-813,37,59774,-11729,29265,4353,356,36,-284,59774,-6258,-32270,6885,62,223,-806,59753,2671,31729,4334,-167,-320,-305,8,3
1678,59775,29594,-2152,2700,-2909,901,-1175,59775,-3455,15838,-1122,615,-813,37,59796,-11686,29265,4353,470,36,-284,59796,-6258,-32270,6885,69,248,-729,59775,2671,31748,4334,-126,-282,-294,8,3
1679,59797,29594,-2152,2700,-2921,662,-1115,59797,-3455,15838,-1122,615,-965,37,59818,-11686,29265,4294,537,-146,-530,59818,-6258,-32276,6903,69,248,-729,59797,2587,31748,4312,-126,-282,-294,8,3
1680,59819,29905,-2106,3700,-2921,457,-1102,59819,-3324,15894,-1102,619,-965,76,59840,-11688,29478,4294,603,-403,-870,59840,-6233,-32295,6911,237,224,-469,59819,2458,31833,4312,-99,24,-16,8,3
1681,59841,29905,-2086,3700,-2889,457,-1047,59841,-3279,15894,-1102,619,-948,76,59862,-11688,29478,4352,669,-403,-870,59862,-6233,-32295,6927,258,224,-375,59841,2458,31873,4312,-99,40,-16,8,3
1682,59863,29905,-2086,3700,-2889,304,-1047,59863,-3279,15894,-1102,591,-948,76,59884,-11704,29478,4352,669,-403,-1095,59884,-6233,-32295,6927,258,224,-375,59863,2427,31873,4272,-99,40,-16,8,3
1683,59885,30121,-2024,4700,-2593,207,-942,59885,-3154,15946,-1146,569,-833,92,59906,-11922,29642,4360,452,-291,-1148,59906,-6258,-32295,7019,380,305,-84,59885,2427,31926,4220,-242,645,178,8,3
1684,59907,30121,-2024,4700,-2521,207,-899,59907,-3154,15946,-1146,569,-825,92,59928,-11922,29642,4366,452,-117,-1148,59928,-6258,-32277,7031,380,442,-84,59907,2438,31964,4220,-242,687,178,8,3
1685,59929,30121,-2024,4700,-2521,153,-899,59929,-3154,15946,-1150,531,-825,92,59950,-12067,29642,4366,274,-117,-1148,59950,-6277,-32277,7031,380,442,-84,59929,2438,31964,4181,-332,687,178,8,3
1686,59951,30253,-1978,5700,-1982,153,-798,59951,-3124,15940,-1163,480,-707,67,59972,-12128,29765,4366,-25,700,-972,59972,-6291,-32247,7083,410,721,131,59951,2446,31966,4123,-332,1172,203,8,3
1687,59973,30253,-1978,5700,-1952,153,-788,59973,-3124,15940,-1163,480,-648,67,59994,-12128,29765,4356,-25,882,-907,59994,-6291,-32247,7083,410,721,131,59973,2446,31979,4123,-319,1172,203,8,3
1688,59995,30253,-1978,5700,-1952,153,-788,59995,-3124,15940,-1163,435,-648,36,60016,-12128,29765,4356,-249,882,-907,60016,-6350,-32247,7083,410,721,131,59995,2446,31979,4123,-319,1172,73,8,3
1689,60017,30376,-1953,6700,-1484,156,-718,60017,-3089,15940,-1150,406,-452,-26,60038,-11962,29977,4215,-417,1338,-690,60038,-6504,-32225,7122,396,653,333,60017,2652,31980,4122,-300,1296,-129,8,3
1690,60039,30388,-1953,6700,-1484,168,-718,60039,-3089,15940,-1150,406,-451,-26,60060,-11934,29977,4215,-417,1338,-690,60060,-6504,-32211,7122,396,653,333,60039,2652,31990,4122,-300,1296,-129,8,3
1691,60061,30388,-1953,6700,-1484,168,-718,60061,-3089,15940,-1163,384,-451,-82,60082,-11934,29977,4109,-417,1338,-690,60082,-6619,-32211,7122,385,653,333,60061,2652,31990,4122,-300,1261,-235,8,3
1692,60083,30515,-1934,7700,-1176,179,-707,60083,-3120,15943,-1206,384,-304,-156,60104,-11894,30044,4029,-363,1170,-708,60104,-6668,-32174,7159,377,709,398,60083,2673,31930,4197,-323,1161,-315,8,3
1693,60105,30519,-1934,7700,-1176,266,-707,60105,-3120,15943,-1206,389,-304,-156,60126,-11894,30044,4029,-363,1170,-708,60126,-6668,-32150,7159,377,750,398,60105,2673,31930,4197,-323,1161,-315,8,3
1694,60127,30519,-1920,7700,-1176,266,-707,60127,-3141,15938,-1240,389,-304,-212,60148,-11894,30044,4029,-363,1043,-917,60148,-6704,-32150,7159,367,750,398,60127,2484,31930,4197,-364,1086,-354,8,3
1695,60149,30617,-1918,8700,-1132,334,-755,60149,-3141,15932,-1265,413,-220,-270,60170,-11916,30069,4101,-358,683,-1127,60170,-6731,-32140,7195,296,1175,473,60149,2484,31961,4253,-429,1086,-354,8,3
1696,60171,30659,-1906,8700,-1132,334,-755,60171,-3128,15932,-1265,436,-220,-270,60192,-11916,30069,4101,-318,683,-1127,60192,-6731,-32140,7201,296,1431,501,60171,2497,31961,4253,-429,1086,-303,8,3
1697,60193,30659,-1897,8700,-1132,284,-815,60193,-3128,15932,-1273,436,-220,-326,60214,-12023,30069,4101,-318,183,-1490,60214,-6731,-32140,7201,230,1431,501,60193,2497,31961,4253,-489,973,-303,8,3
1698,60215,30784,-1897,9700,-1130,84,-918,60215,-3094,15935,-1273,480,-106,-402,60236,-12139,30095,4155,-235,-360,-1784,60236,-6820,-32133,7224,172,1685,619,60215,2410,31984,4297,-570,973,-48,8,3
1699,60237,30784,-1848,9700,-1099,84,-918,60237,-3094,15945,-1273,480,-62,-402,60258,-12139,30107,4185,-235,-360,-1784,60258,-6820,-32133,7224,172,1685,726,60237,2410,31984,4327,-570,1014,-26,8,3
1700,60259,30784,-1848,9700,-1099,-244,-992,60259,-3094,15945,-1279,480,-62,-471,60280,-12284,30107,4185,-235,-935,-2022,60280,-6886,-32133,7224,87,1685,726,60259,2410,31984,4327,-644,1014,-26,8,3
1701,60281,30878,-1806,10693,-857,-586,-1040,60281,-3108,15950,-1279,486,183,-524,60302,-12511,30026,4324,-68,-1366,-2201,60302,-7008,-32115,7242,23,1431,895,60281,2445,31996,4379,-790,919,159,8,3
1702,60303,30878,-1782,10693,-679,-586,-1040,60303,-3108,15950,-1275,486,253,-524,61164,-12511,30026,4366,-68,-1366,-2201,61164,-7008,-32089,7264,23,1431,895,60303,2449,31996,4379,-790,919,159,9,3
1703,61165,30878,-1782,10693,-679,-942,-1074,61165,-3127,15948,-1275,480,253,-573,61186,-12681,29965,4366,-68,-1366,-2201,61186,-7099,-32089,7264,-10,1121,895,61165,2449,31996,4379,-905,718,159,9,3
1704,61187,30962,-1752,11351,-338,-1109,-1092,61187,-3183,15935,-1327,419,534,-609,61208,-12681,29919,4446,57,-951,-2053,61208,-7340,-32056,7304,-70,133,534,61187,2478,32003,4418,-986,550,176,9,3
1705,61209,31012,-1752,11351,-338,-1109,-1092,61209,-3183,15935,-1327,419,534,-609,61230,-12656,29919,4446,57,-772,-1549,61230,-7340,-32052,7324,-70,133,534,61209,2478,32003,4550,-986,550,176,9,3
1706,61231,31012,-1752,11247,-487,-1109,-1092,61231,-3414,15908,-1342,377,484,-609,61252,-12656,29873,4446,57,-772,-1549,61252,-7520,-32052,7324,-124,-659,261,61231,2452,32003,4550,-986,343,176,9,3
1707,61253,31195,-1696,11065,-599,-746,-1001,61253,-3588,15867,-1354,346,360,-404,61274,-12592,29873,4458,159,-133,-964,61274,-7545,-31989,7411,-203,-1202,1,61253,2171,32008,4794,-637,295,272,9,3
1708,61275,31195,-1696,11065,-599,-746,-988,61275,-3588,15867,-1354,346,360,-381,61296,-12592,29936,4458,159,-133,-964,61296,-7545,-31989,7411,-203,-1202,1,61275,2171,32008,4794,-634,295,300,9,3
1709,61297,31195,-1696,10928,-670,-746,-988,61297,-3657,15846,-1363,322,265,-381,61318,-12594,29936,4458,159,-133,-964,61318,-7564,-31989,7411,-277,-1202,-189,61297,1960,31982,4794,-634,295,300,9,3
1710,61319,31332,-1680,10864,-723,-533,-910,61319,-3708,15809,-1367,304,196,-210,61340,-12594,29944,4441,326,335,-556,61340,-7578,-31953,7476,-350,-1122,-343,61319,1884,31960,4905,-421,330,403,9,3
1711,61341,31332,-1680,10864,-723,-533,-910,61341,-3708,15809,-1367,304,196,-210,61362,-12594,29950,4441,326,335,-556,61362,-7578,-31953,7486,-350,-954,-343,61341,1884,31960,4905,-421,330,403,9,3
1712,61363,31332,-1680,10864,-748,-533,-910,61363,-3747,15801,-1376,271,196,-210,61384,-12595,29950,4441,326,335,-556,61384,-7578,-31962,7486,-435,-954,-451,61363,1763,31960,4905,-421,330,403,9,3
1713,61385,31453,-1644,10866,-766,-373,-861,61385,-3797,15788,-1383,220,292,-129,61406,-12595,29950,4382,420,556,-177,61406,-7519,-31969,7542,-518,-663,-545,61385,1746,31966,5014,-261,340,416,9,3
1714,61407,31453,-1644,10866,-766,-373,-861,61407,-3797,15788,-1383,220,311,-129,61428,-12747,29954,4382,420,794,-155,61428,-7485,-31969,7542,-518,-574,-545,61407,1746,31966,5014,-258,340,416,9,3
1715,61429,31453,-1644,10866,-773,-373,-861,61429,-3834,15785,-1400,182,311,-129,61450,-12748,29954,4382,420,794,-155,61450,-7485,-31974,7540,-580,-574,-612,61429,1659,31966,5014,-258,340,416,9,3
1716,61451,31506,-1613,10811,-779,-295,-803,61451,-3897,15776,-1421,151,362,-63,61472,-12748,30006,4284,405,1189,202,61472,-7471,-31994,7539,-626,-356,-666,61451,1659,31996,5042,-136,421,405,9,3
1717,61473,31506,-1613,10811,-779,-295,-803,61473,-3897,15776,-1421,151,362,-41,61494,-12633,30009,4284,405,1201,251,61494,-7471,-31994,7539,-626,-289,-666,61473,1668,31996,5042,-130,421,405,9,3
1718,61495,31506,-1613,10792,-780,-295,-803,61495,-3923,15776,-1425,127,362,-41,61516,-12633,30009,4284,228,1201,251,61516,-7471,-32009,7454,-643,-289,-679,61495,1668,31996,5042,-130,421,396,9,3
1719,61517,31531,-1575,10778,-784,-256,-778,61517,-3942,15759,-1428,93,331,48,61538,-12546,29998,4475,95,1486,580,61538,-7353,-32020,7392,-648,-250,-689,61517,1668,32007,4999,-89,427,305,9,3
1720,61539,31531,-1575,10778,-784,-237,-778,61539,-3942,15759,-1428,93,331,48,61560,-12460,29998,4475,95,1486,580,61560,-7345,-32020,7392,-648,-249,-689,61539,1799,32007,4999,-89,427,305,9,3
1721,61561,31522,-1589,10778,-791,-237,-778,61561,-3944,15750,-1428,82,307,48,61582,-12460,29998,4532,11,1486,580,61582,-7345,-32020,7346,-652,-249,-689,61561,1799,31951,4963,-89,335,225,9,3
1722,61583,31439,-1625,10767,-798,-193,-760,61583,-3945,15740,-1422,74,289,123,61604,-12345,29990,4532,-16,1394,904,61604,-7256,-32029,7317,-661,-363,-654,61583,1751,31951,4936,-117,26,64,9,3
1723,61605,31439,-1625,10767,-798,-147,-760,61605,-3945,15740,-1419,74,289,123,61626,-12345,29990,4857,-16,1394,904,61626,-7256,-32029,7317,-661,-363,-630,61605,1751,31967,4936,-117,26,64,9,3
1724,61627,31439,-1652,10747,-804,-147,-760,61627,-3946,15731,-1419,68,276,123,61648,-12345,29990,4857,-16,1394,904,61648,-7256,-32029,7295,-661,-449,-630,61627,1751,31967,4936,-117,-305,-64,9,3
1725,61649,31377,-1673,10644,-808,-8,-760,61649,-3947,15729,-1412,64,189,202,61670,-12294,30096,4857,-36,1598,1147,61670,-7189,-32027,7247,-656,-642,-549,61649,1701,31957,5048,-114,-576,-177,9,3
1726,61671,31377,-1673,10644,-808,181,-738,61671,-3947,15729,-1412,64,189,227,61692,-12294,30096,5042,-36,1620,1147,61692,-7189,-32035,7247,-652,-642,-492,61671,1701,31957,5048,-114,-576,-177,9,3
1727,61693,31377,-1673,10517,-812,181,-738,61693,-3947,15729,-1412,56,-51,227,61714,-12294,29976,5042,-63,1620,1147,61714,-7189,-32032,7235,-652,-661,-492,61693,1595,31949,5048,-114,-669,-177,9,3
1728,61715,31445,-1786,10421,-862,429,-780,61715,-3900,15745,-1384,45,-253,362,61736,-12256,29976,5147,-469,1679,1186,61736,-7079,-32032,7202,-635,-661,-444,61715,1460,31831,5076,-110,-669,-110,9,3
1729,61737,31445,-1786,10421,-862,455,-780,61737,-3872,15748,-1370,45,-253,362,61758,-12256,30086,5147,-469,1723,1186,61758,-7079,-31996,7202,-587,-556,-444,61737,1460,31831,5076,-86,-635,-13,9,3
1730,61759,31445,-1786,10379,-867,455,-780,61759,-3872,15748,-1370,37,-362,362,61780,-12066,30086,5147,-469,1756,1186,61780,-7117,-31996,7201,-587,-556,-444,61759,1415,31701,5076,-86,-635,-13,9,3
1731,61781,31608,-1839,10372,-915,652,-819,61781,-3809,15768,-1311,37,-362,420,61802,-12066,30186,5226,-348,1756,1087,61802,-7185,-32005,7176,-527,-422,-447,61781,1415,31595,5097,-65,-509,124,9,3
1732,61803,31608,-1839,10372,-915,652,-819,61803,-3787,15769,-1258,37,-326,420,61824,-11663,30252,5226,-348,1781,1087,61824,-7185,-32005,7176,-527,-369,-447,61803,1415,31595,5097,-49,-509,124,9,3
1733,61825,31570,-1839,10367,-915,652,-819,61825,-3787,15769,-1258,37,-326,420,61846,-11663,30252,5226,-348,1781,1012,61846,-7236,-32029,7140,-527,-369,-540,61825,1325,31516,5097,-36,-509,124,9,3
1734,61847,31503,-1819,10367,-943,793,-820,61847,-3745,15785,-1217,37,-254,416,61868,-11621,30259,5741,-126,1642,931,61868,-7236,-32047,7113,-541,-246,-682,61847,1325,31457,5054,-34,-266,422,9,3
1735,61869,31503,-1819,10395,-943,793,-820,61869,-3742,15792,-1207,43,-220,416,61890,-11621,30259,5741,-126,1564,931,61890,-7222,-32047,7113,-541,-246,-682,61869,1487,31457,5054,-34,-266,422,9,3
1736,61891,31453,-1834,10395,-972,793,-829,61891,-3742,15792,-1207,43,-220,369,61912,-11621,30259,5175,-153,1535,721,61912,-7222,-32051,7082,-552,-246,-789,61891,1487,31457,5022,-34,-236,422,9,3
1737,61913,31338,-1834,10416,-1000,910,-835,61913,-3703,15819,-1164,60,-190,322,61934,-11633,30364,5175,-193,1454,511,61934,-7132,-32051,7069,-560,-154,-845,61913,1387,31420,4976,35,-223,646,9,3
1738,61935,31338,-1815,10450,-1000,917,-835,61935,-3693,15835,-1110,60,-190,322,61956,-11633,30364,5687,-193,1454,511,61956,-7082,-32048,7069,-560,-53,-845,61935,1387,31420,4976,35,-31,661,9,3
1739,61957,31338,-1815,10450,-1021,917,-848,61957,-3693,15835,-1110,60,-190,296,61978,-11633,30364,5687,-223,1454,353,61978,-7082,-32046,7025,-560,-53,-845,61957,1387,31339,4942,35,-31,661,9,3
1740,61979,31337,-1863,10509,-1037,1179,-858,61979,-3592,15870,-998,99,-231,281,62000,-11408,30443,5587,-223,1677,90,62000,-6815,-32046,6698,-532,1491,-644,61979,1426,31332,4916,99,-21,866,9,3
1741,62001,31337,-1863,10509,-1037,1196,-858,62001,-3557,15871,-998,148,-231,281,62022,-11408,30481,5587,-193,1677,90,62022,-6789,-32024,6698,-532,1625,-368,62001,1426,31332,4916,130,-6,986,9,3
1742,62023,31337,-1863,10509,-1037,1196,-865,62023,-3557,15871,-998,148,-438,281,62044,-11446,30481,5512,-193,1677,-219,62044,-6789,-32024,6439,-532,1625,-368,62023,1426,31332,4916,130,-6,986,9,3
1743,62045,31337,-1797,10413,-1025,1396,-865,62045,-3465,15922,-909,265,-755,453,62066,-11474,30464,5456,-108,1595,-508,62066,-6661,-31024,5973,-545,3292,-18,62045,1489,31337,4953,196,203,1270,9,3
1744,62067,31337,-1749,10413,-1017,1396,-685,62067,-3465,15943,-909,281,-755,516,62088,-11474,30464,5456,-108,1595,-508,62088,-6661,-31024,5973,-545,3292,-18,62067,1489,31337,4995,196,203,1442,9,3
1745,62089,30337,-1749,10255,-1017,1396,-685,62089,-3465,15943,-909,281,-1015,516,62110,-11474,30464,5068,-108,1533,-1055,62110,-6661,-31024,5947,-545,3292,-361,62089,1489,31337,4995,196,203,1442,9,3
1746,62111,29337,-1543,10015,-620,1271,-415,62111,-3417,15969,-842,408,-1218,680,62132,-11207,30310,5068,3,1482,-1790,62132,-6793,-30928,5947,-555,3621,-1333,62111,1390,31210,5012,244,359,1953,9,3
1747,62133,29337,-1539,10015,-376,1271,-310,62133,-3417,15969,-839,408,-1218,680,62154,-11207,30310,5243,3,1482,-1790,62154,-6793,-30928,6480,-555,3621,-1333,62133,1390,31210,5012,244,359,1983,9,3
1748,62155,29337,-1539,9759,-376,728,-310,62155,-3417,15953,-839,408,-1278,365,62176,-11207,30194,5243,3,1390,-2647,62176,-7056,-31122,6480,-555,3621,-2062,62155,1390,31115,4941,244,359,1983,9,3
1749,62177,29975,-1504,9345,94,-104,-84,62177,-3108,15872,-708,503,-1278,-395,62198,-10971,29967,4688,-692,1390,-3467,62198,-7337,-31255,6616,-398,3418,-2800,62177,1608,31096,4887,233,435,2665,9,3
1750,62199,30033,-1504,9345,94,-104,-84,62199,-3108,15872,-708,519,-1079,-395,62220,-10971,29967,4688,-692,1550,-3467,62220,-7337,-31255,6616,-247,3418,-2800,62199,1608,31096,4887,233,435,2715,9,3
1751,62221,30033,-1504,8868,94,-749,-84,62221,-3108,15788,-708,519,-1079,-1144,62242,-10971,29797,3994,-1690,1550,-4105,62242,-7548,-31265,6616,-247,3265,-3419,62221,1608,31096,4881,233,435,2715,9,3
1752,62243,29033,-1478,8447,386,-1582,-115,62243,-3225,15586,-713,789,-268,-1830,62264,-10842,29731,3203,-2480,1991,-5152,62264,-7646,-31265,6608,63,3151,-4171,62243,1822,31278,4876,278,916,3490,9,3
1753,62265,29033,-1444,8447,386,-1582,-115,62265,-3225,15586,-713,803,-268,-1830,62286,-10842,29731,3203,-2480,2322,-5152,62286,-7646,-31210,6608,192,3151,-4171,62265,1822,31278,4876,278,916,3613,9,3
1754,62287,28033,-1444,8055,266,-2718,-474,62287,-3313,15435,-713,803,-268,-2392,62308,-10945,29682,2880,-3072,2371,-6515,62308,-7646,-31210,6530,192,2993,-4645,62287,1822,31278,4873,160,916,3613,9,3
1755,62309,28033,-1419,7761,-98,-4718,-902,62309,-3378,15332,-703,1127,126,-2951,62330,-11022,29682,2794,-3232,2526,-7632,62330,-6948,-30210,6371,389,1476,-4998,62309,2142,31260,4674,-380,1579,4957,9,3
1756,62331,29033,-1419,7761,-98,-4718,-902,62331,-3378,15332,-703,1277,126,-2951,62352,-11022,29781,2794,-3232,2526,-7632,62352,-6948,-30210,6371,389,1476,-4998,62331,2396,31260,4674,-380,2237,4957,9,3
1757,62353,29033,-1419,7386,-540,-6718,-1309,62353,-3378,15293,-703,1277,126,-3403,62374,-11022,29781,2794,-3260,2526,-8475,62374,-6948,-30210,6268,389,144,-4998,62353,2396,31247,4555,-867,2237,4957,9,3
1758,62375,29385,-1416,7105,-1064,-8718,-1614,62375,-3352,15293,-696,1806,422,-3960,62396,-11196,29915,2883,-3281,2182,-9102,62396,-6424,-29210,6129,541,-1856,-4651,62375,3396,31237,4436,-1426,3227,5351,9,3
1759,62397,29385,-1416,7105,-1064,-8718,-1614,62397,-3240,15490,-635,1832,607,-3960,62418,-11196,29915,3299,-3281,2182,-9102,62418,-5948,-29210,6129,719,-1856,-4275,62397,3396,31237,4436,-1426,3227,5351,9,3
1760,62419,29385,-1416,6664,-1539,-10718,-1843,62419,-3240,15490,-635,1832,607,-4405,62440,-11555,29915,3299,-3281,2182,-9577,62440,-5948,-29210,6024,719,-3704,-4275,62419,3396,31237,4315,-1912,3227,5092,9,3
1761,62441,28555,-1414,6316,-1964,-12718,-2014,62441,-3624,15394,-584,2249,1063,-4808,62462,-12555,28915,3518,-2499,3030,-10324,62462,-5078,-28210,5946,1339,-3997,-4515,62441,3583,31171,4224,-2477,2712,4898,9,3
1762,62463,28555,-1388,6316,-1964,-12718,-2014,62463,-3624,15394,-584,2249,1466,-4808,62484,-12555,28915,3518,-2499,3788,-10324,62484,-5078,-28210,5946,1414,-3997,-4515,62463,3583,31171,4224,-2477,2712,4898,9,3
1763,62485,27608,-1388,5953,-2283,-14718,-2068,62485,-4313,15052,-776,2249,1466,-5110,62506,-13510,27915,3518,-2499,3788,-11115,62506,-5320,-28210,5946,1414,-3997,-5323,62485,3583,30614,4224,-2901,2326,4898,9,3
1764,62507,26608,-1367,5520,-2387,-16718,-2068,62507,-5148,14488,-1498,2797,1457,-5380,62528,-14226,26915,4384,-1013,3678,-12900,62528,-5320,-27210,6685,1479,-3548,-6157,62507,3613,30196,4964,-3347,2094,5851,9,3
1765,62529,26608,-1357,5520,-2387,-16718,-1866,62529,-5148,14488,-1498,2797,1457,-5380,62550,-14226,26915,4384,-1013,3678,-12900,62550,-4613,-27210,6685,1479,-2959,-6157,62529,3613,30196,4986,-3347,2094,5912,9,3
1766,62551,25740,-1357,5196,-2387,-18718,-1866,62551,-5759,13974,-2043,2797,194,-5600,62572,-15226,25915,4384,-1013,2178,-14239,62572,-4613,-27210,6685,1479,-2959,-7032,62551,3613,29883,4986,-3578,2094,5912,9,3
1767,62573,25601,-1125,4196,-2293,-20656,-1711,62573,-6217,13088,-2448,2359,-1064,-6080,62594,-16226,24915,5384,-1241,1053,-15395,62594,-4081,-27989,7239,1528,-2180,-7791,62573,4613,29820,5953,-3855,2128,7209,9,3
1768,62595,25601,-1125,4196,-2048,-20656,-1681,62595,-6217,13088,-2448,2359,-1064,-6080,62616,-16226,24915,5384,-1241,1053,-15395,62616,-3691,-27989,7315,1528,-1976,-7791,62595,4613,29820,5969,-3855,2128,7381,9,3
1769,62617,25601,-1125,3196,-2048,-20656,-1681,62617,-6560,12423,-2718,2031,-1731,-6640,62638,-17226,23915,5384,-1928,594,-15977,62638,-3691,-27989,7315,1528,-1976,-8175,62617,4613,29773,5969,-3981,2128,7381,9,3
1770,62639,26401,-951,2196,-1734,-20597,-1458,62639,-7310,12064,-2920,2031,-1731,-7060,62660,-18226,23172,5740,-1928,594,-16290,62660,-2691,-28781,7610,1561,-941,-8310,62639,5613,29311,6969,-4087,2439,8508,9,3
1771,62661,26401,-951,2196,-1635,-20597,-1458,62661,-7310,12064,-2920,2172,-1431,-7060,62682,-18226,23172,5740,-1927,1566,-16290,62682,-2691,-28781,7610,1561,-941,-8310,62661,5613,29311,6969,-4087,2439,8508,9,3
1772,62683,26401,-975,1196,-1635,-20597,-1458,62683,-8175,12064,-3362,2172,-1431,-7131,62704,-19226,23061,5740,-1927,1566,-16290,62704,-2691,-28781,7610,1561,-941,-8310,62683,5613,29311,6969,-4195,2439,8508,9,3
1773,62705,25401,-1073,196,-1251,-21162,-1291,62705,-8824,12256,-3694,2647,-1880,-7131,62726,-20226,22959,5611,-1068,2478,-16182,62726,-1691,-29225,7831,1585,-841,-7853,62705,6613,29089,7368,-4364,2136,8657,9,3
1774,62727,25401,-1073,196,-1251,-21162,-1291,62727,-8824,12256,-3694,2647,-1880,-7062,62748,-20226,22959,5611,-706,2478,-16046,62748,-1691,-29225,7831,1585,-841,-7519,62727,6613,29089,7368,-4364,2136,8657,9,3
1775,62749,25401,-1146,-804,-1251,-21586,-1291,62749,-9311,12256,-3694,2647,-2392,-7062,62770,-21226,22835,5524,-706,2478,-16046,62770,-1691,-29282,7831,1585,-841,-7519,62749,6613,28940,7368,-4499,1895,8580,9,3
1776,62771,26401,-1295,-1804,-1320,-21586,-1546,62771,-9758,12400,-3517,2452,-2776,-6963,62792,-22226,21835,5524,760,3757,-15657,62792,-691,-29325,7865,1727,-589,-6775,62771,7613,28811,7668,-4600,1234,7907,9,3
1777,62793,26401,-1295,-1804,-1320,-21528,-1546,62793,-9758,12400,-3517,2452,-2776,-6936,62814,-22226,21835,5589,760,3757,-15285,62814,-691,-29325,7865,1727,-360,-6766,62793,7613,28811,7714,-4600,1234,7907,9,3
1778,62815,26401,-1473,-2804,-1371,-21528,-1737,62815,-10254,12400,-3517,1898,-2986,-6936,62836,-23226,20835,5589,760,3757,-15285,62836,-691,-29357,7865,1727,-360,-6766,62815,7613,28358,7714,-4600,545,7234,9,3
1779,62837,27401,-1606,-3804,-1371,-21485,-1737,62837,-10794,12106,-3489,1285,-3143,-6623,62858,-24226,19835,5637,1771,4666,-14402,62858,118,-29357,7890,1028,0,-6183,62837,8613,27490,8125,-4589,28,6730,9,3
1780,62859,27401,-1606,-3804,-1221,-21350,-1603,62859,-10794,12106,-3489,1285,-3143,-6488,62880,-24226,19835,5637,1771,4666,-14402,62880,118,-28357,8160,1028,0,-6183,62859,8613,27490,8195,-4589,28,6730,9,3
1781,62881,27401,-1606,-4804,-1221,-21350,-1603,62881,-11199,11724,-3489,786,-3308,-6488,62902,-25163,18835,5233,1771,4666,-14402,62902,118,-28357,8160,504,0,-6183,62881,8613,27301,8195,-4589,-433,6350,9,3
1782,62903,26666,-1372,-5804,-1079,-21123,-1476,62903,-11346,11209,-3339,411,-3432,-6011,62924,-25790,18154,4712,2352,5029,-14348,62924,902,-28633,8044,375,51,-5843,62903,9613,26589,8528,-4517,-701,6065,9,3
1783,62925,26666,-1372,-5804,-972,-19771,-1381,62925,-11346,11209,-3182,411,-3432,-6011,62946,-25790,18154,4712,2352,5029,-14348,62946,1118,-28659,8044,375,51,-5843,62925,9613,26589,8528,-4442,-701,6065,9,3
1784,62947,25921,-1372,-6804,-934,-19771,-1344,62947,-11457,10971,-3182,319,-3432,-6011,62968,-26060,17505,4264,2352,5029,-14348,62968,1118,-28840,8044,375,51,-5843,62947,9613,25909,8528,-4442,-781,5496,9,3
1785,62969,25647,-1196,-7804,-931,-17771,-1327,62969,-11581,10793,-2746,250,-3251,-5861,62990,-26263,17018,3868,2351,4486,-14308,62990,1884,-28996,8283,812,249,-5488,62969,10613,25097,8664,-4272,-841,5065,9,3
1786,62991,25647,-1156,-7804,-902,-17771,-1282,62991,-11581,10793,-2718,250,-2997,-5861,63012,-26263,17018,3868,2351,4486,-14308,63012,1884,-28996,8493,812,297,-5453,62991,10613,25097,8664,-4272,-841,5065,9,3
1787,63013,25609,-1156,-8804,-902,-17771,-1282,63013,-11700,10733,-2718,198,-2997,-5861,63034,-26263,16443,3171,2350,4079,-14308,63034,1884,-29113,8493,812,297,-5453,63013,10613,24488,8664,-4272,-841,4595,9,3
1788,63035,25607,-994,-9804,-840,-15771,-1293,63035,-12140,10620,-2422,106,-2576,-5811,63056,-25263,16242,2648,1909,2988,-13728,63056,2599,-29512,8721,878,434,-5096,63035,11613,23724,8766,-3879,-782,4130,9,3
1789,63057,25607,-994,-9804,-840,-15771,-1293,63057,-12140,10620,-2422,106,-2552,-5811,63078,-25263,16242,2648,1909,2988,-13564,63078,2651,-29512,8739,878,434,-4926,63057,11613,23724,9094,-3754,-782,4130,9,3
1790,63079,25607,-994,-10804,-840,-15771,-1293,63079,-12567,10534,-2422,69,-2552,-5811,63100,-25263,16091,2230,1754,2170,-13564,63100,2651,-29950,8739,878,434,-4926,63079,11613,23724,9094,-3754,-782,3777,9,3
1791,63101,26535,-933,-11804,-793,-13771,-1124,63101,-13128,10461,-2254,69,-1956,-5799,63122,-24263,15632,1560,1637,1509,-12475,63122,3356,-30454,8892,886,251,-4158,63101,12613,24361,9366,-3184,-231,3259,9,3
1792,63123,26579,-933,-11804,-793,-13771,-1124,63123,-13128,10461,-2254,310,-1596,-5799,63144,-24263,15632,1560,1637,1509,-12187,63144,3356,-30454,8906,886,188,-4097,63123,12613,24361,9366,-3184,-231,3259,9,3
1793,63145,26579,-933,-12804,-793,-13771,-1124,63145,-13601,10407,-2254,310,-1596,-5799,63166,-24263,15204,1058,1637,1509,-12187,63166,3356,-30662,8906,886,114,-4097,63145,12613,24361,9366,-3184,-231,2573,9,3
1794,63167,26954,-873,-13804,-758,-11771,-975,63167,-13955,10255,-2125,312,-1081,-5457,63188,-23263,14371,935,1921,1190,-10587,63188,3883,-30818,8975,779,-51,-3179,63167,13317,25008,9678,-3003,181,1925,9,3
1795,63189,26954,-873,-13804,-758,-11771,-975,63189,-13955,10255,-2125,312,-1081,-5300,63210,-23263,14371,935,2110,1190,-10395,63210,3883,-30818,9193,779,-51,-3125,63189,13317,25030,9678,-3003,181,1925,9,3
1796,63211,26954,-873,-14804,-943,-11771,-975,63211,-14221,10042,-2125,312,-1081,-5300,63232,-23263,13726,935,2110,1190,-10395,63232,3883,-30935,9193,620,-150,-3125,63211,13317,25030,9678,-3003,181,1288,9,3
1797,63233,27217,-770,-15804,-1298,-9771,-821,63233,-14442,9736,-2064,314,-724,-4664,63254,-22263,12820,1183,2249,951,-8821,63254,3918,-30935,9408,339,-218,-2405,63233,13639,25532,10180,-2789,135,790,9,3
1798,63255,27217,-770,-15804,-1298,-9771,-821,63255,-14442,9736,-2064,316,-724,-4537,63276,-22263,12820,1183,2249,951,-8699,63276,3918,-29935,9426,339,-218,-2405,63255,13639,25532,10222,-2627,135,790,9,3
1799,63277,27217,-770,-16804,-1564,-9771,-821,63277,-14612,9416,-2064,316,-724,-4537,63298,-22263,12159,1183,2249,742,-8699,63298,3918,-29935,9426,13,-218,-2405,63277,13639,25532,10222,-2627,19,416,9,3
1800,63299,27567,-693,-17804,-1747,-7771,-635,63299,-14785,9176,-2066,427,-457,-3779,63320,-21263,11739,1581,1865,585,-6884,63320,3968,-30349,9521,-468,-108,-1865,63299,13843,25719,10630,-1960,-67,136,9,3
1801,63321,28217,-647,-17804,-1747,-7771,-614,63321,-14785,9176,-2066,488,-457,-3595,63342,-21263,11739,1581,1865,585,-6699,63342,4016,-30349,9521,-468,-108,-1832,63321,13843,25719,10748,-1575,-91,136,9,3
1802,63343,28217,-625,-18804,-1747,-7771,-614,63343,-15013,9034,-2066,488,-457,-3595,63364,-21263,11604,1581,1377,451,-6699,63364,4016,-30853,9344,-829,-108,-1832,63343,13843,25719,10748,-1575,-101,-91,9,3
1803,63365,28863,-625,-19804,-1577,-5771,93,63365,-15275,8938,-2038,815,-257,-2509,63386,-20263,11603,1707,995,-882,-4699,63386,4090,-31253,9212,-1113,60,-1323,63365,13996,26027,10951,-854,-101,-366,9,3
1804,63387,28863,-625,-19804,-1519,-5771,119,63387,-15275,8938,-2021,815,-257,-2333,63408,-20263,11603,1707,995,-882,-4699,63408,4090,-31253,9212,-1113,60,-1304,63387,13996,26031,10967,-854,-97,-366,9,3
1805,63409,28863,-714,-20804,-1519,-5771,119,63409,-15472,8898,-2013,815,-257,-2333,63430,-20263,11603,1707,494,-1882,-4699,63430,4090,-31377,9113,-1326,60,-1304,63409,13996,26031,10967,-854,-97,-666,9,3
1806,63431,29105,-795,-21589,-1382,-3771,690,63431,-15587,8898,-2008,994,-8,-1200,63452,-19263,11664,1934,118,-2422,-2699,63452,4229,-31470,9113,-1722,190,-658,63431,14149,26265,11119,-314,80,-1095,9,3
1807,63453,29111,-795,-21589,-1382,-3771,690,63453,-15587,8977,-2008,994,-8,-1093,63474,-19263,11772,1946,118,-2422,-2699,63474,4229,-31470,9099,-1722,503,-546,63453,14149,26335,11129,-247,145,-1095,9,3
1808,63475,29111,-852,-22061,-1382,-3771,690,63475,-15587,8977,-2108,994,-8,-1093,63496,-19263,11772,1946,38,-2827,-2699,63496,4229,-31540,9016,-2199,503,-546,63475,14149,26335,11129,-247,145,-1499,9,3
1809,63497,29179,-912,-22389,-1333,-1771,930,63497,-15579,9139,-2280,1128,315,157,63518,-18263,11891,2125,-21,-3127,-699,63518,4314,-31665,8866,-2557,898,306,63497,14137,26563,11066,481,460,-1942,9,3
1810,63519,29297,-912,-22389,-1333,-1771,930,63519,-15497,9141,-2280,1128,315,341,63540,-18263,11891,2125,-21,-3127,-699,63540,4314,-31665,8866,-2557,1024,393,63519,14137,26563,11066,481,615,-1942,9,3
1811,63541,29297,-912,-22389,-1333,-1771,930,63541,-15497,9141,-2409,1090,315,341,63562,-18263,11891,2125,-205,-3611,-699,63562,4314,-31758,8753,-2557,1024,393,63541,14128,26563,11015,481,615,-2298,9,3
1812,63563,29513,-957,-21645,-1311,229,829,63563,-15180,9264,-2505,1043,557,1705,63584,-19263,11970,2373,-343,-3921,1301,63584,4337,-31758,8514,-2492,1585,1262,63563,13940,26670,10917,941,967,-2631,9,3
1813,63585,29535,-957,-21577,-1311,229,829,63585,-15091,9264,-2505,1043,562,1798,63606,-19263,11970,2911,-343,-3921,1301,63606,4337,-31758,8514,-2390,1585,1272,63585,13940,26670,10917,941,967,-2631,9,3
1814,63607,29535,-1069,-21577,-1311,229,573,63607,-15091,9264,-2585,972,562,1798,63628,-20263,11970,2911,-446,-4153,1301,63628,4335,-31714,8333,-2390,1585,1272,63607,13940,26670,10843,941,967,-2861,9,3
1815,63629,29851,-1267,-20577,-1295,2229,310,63629,-14644,9406,-2645,689,794,3048,63650,-21263,12345,3579,-800,-4327,3301,63650,4333,-31809,8051,-2245,1547,1977,63629,13745,26776,10760,1314,984,-3033,9,3
1816,63651,30043,-1267,-20577,-1258,2229,310,63651,-14515,9406,-2645,689,828,3058,63672,-21263,12633,3579,-800,-4327,3301,63672,4305,-31809,8051,-2245,1547,2058,63651,13745,26856,10760,1314,984,-3033,9,3
1817,63673,30043,-1448,-20577,-1258,2229,91,63673,-14515,9406,-2690,476,828,3058,63694,-22263,12633,3579,-800,-4327,3301,63694,4302,-31809,7768,-2245,1519,2058,63673,13745,26876,10698,1314,950,-3162,9,3
1818,63695,30264,-1551,-19577,-980,4229,-83,63695,-14031,9637,-2798,317,1730,4046,63716,-23263,13633,4344,-788,-4245,5301,63716,4100,-31772,7646,-1910,1163,2932,63695,13594,26916,10543,1513,543,-3621,9,3
1819,63717,30264,-1551,-19577,-980,4229,-83,63717,-14010,9774,-2798,317,2028,4119,63738,-23263,13633,4364,-788,-4245,5301,63738,4100,-31772,7646,-1910,1163,2978,63717,13594,26977,10543,1513,543,-3621,9,3
1820,63739,30264,-1629,-19577,-980,4229,-203,63739,-14010,9774,-2951,197,2028,4119,63760,-23897,13633,4364,-788,-4245,5301,63760,3747,-31772,7646,-1910,479,2978,63739,13471,26977,10427,1513,180,-3965,9,3
1821,63761,30376,-1735,-18577,-772,6229,-248,63761,-13440,10112,-3096,-453,3021,4829,63782,-24372,14633,4953,-270,-4416,7301,63782,3134,-31765,7772,-1773,-33,3683,63761,13287,27284,10238,1605,-308,-4223,9,3
1822,63783,30376,-1735,-18577,-654,6229,-248,63783,-13337,10131,-3096,-453,3083,4829,63804,-24372,14633,5265,-270,-4416,7301,63804,3134,-31765,7772,-1773,-33,3693,63783,13287,27648,10238,1605,-308,-4223,9,3
1823,63805,30376,-1943,-18577,-654,6229,-248,63805,-13337,10131,-3225,-940,3083,4829,63826,-24659,14633,5265,-270,-4447,7301,63826,2478,-31765,7772,-1773,-157,3693,63805,12877,27648,10238,1605,-964,-4457,9,3
1824,63827,30476,-1971,-17577,-136,8229,-91,63827,-12747,10551,-3468,-1385,3952,5341,63848,-24856,15633,6192,249,-4447,9301,63848,2070,-30765,7797,-1999,-157,4406,63827,12441,27946,10262,2112,-1166,-4834,9,3
1825,63849,30476,-1971,-17577,-53,8229,-91,63849,-12601,10573,-3468,-1385,3952,5341,63870,-24856,15633,6192,249,-3607,9301,63870,2070,-30765,7797,-1999,-157,4558,63849,12441,27946,10262,2336,-1166,-4834,9,3
1826,63871,30409,-1992,-17577,-53,8229,-91,63871,-12601,10573,-3650,-1757,3952,5341,63892,-24856,15633,6192,249,-3607,9301,63892,1680,-30765,7575,-2239,-93,4558,63871,12114,27946,10114,2336,-1166,-5222,9,3
1827,63893,29975,-2060,-16577,571,10229,-35,63893,-11930,10957,-3729,-2198,4395,5786,63914,-23904,16633,5980,1103,-1726,11301,63914,1010,-29765,7389,-2419,-93,5572,63893,11713,28169,9873,3196,-433,-5562,9,3
1828,63915,29975,-2060,-16577,593,10229,-35,63915,-11870,11085,-3729,-2198,4395,5956,63936,-23856,16633,5980,1103,-1726,11301,63936,1010,-29765,7389,-2419,-93,5572,63915,11713,28369,9873,3325,-433,-5562,9,3
1829,63937,29195,-2155,-16577,593,10229,-43,63937,-11870,11085,-3729,-2602,4395,5956,63958,-23856,16633,5817,1103,-1726,11301,63958,229,-30385,7249,-2419,-181,5572,63937,11222,28369,9202,3325,-433,-5946,9,3
1830,63959,28424,-2226,-15577,1039,12229,-101,63959,-11131,11510,-3601,-2996,3920,6567,63980,-22856,17633,5594,1545,-1041,12936,63980,-434,-30850,7164,-2360,-247,6180,63959,10736,28762,8543,3998,-285,-6234,9,3
1831,63981,28424,-2226,-15577,1039,12229,-101,63981,-10934,11510,-3467,-2996,3920,6567,64002,-22856,17633,5594,1545,-1041,12936,64002,-434,-30850,7164,-2317,-247,6180,63981,10736,28762,8543,3998,-285,-6234,9,3
1832,64003,27492,-2307,-15577,1039,12229,-144,64003,-10934,11510,-3467,-3330,3549,6567,64024,-22856,17633,5385,1545,-1041,12936,64024,-1045,-31199,7164,-2317,-247,6180,64003,10228,28762,8049,3998,-285,-6234,9,3
1833,64025,26725,-2324,-14577,1181,13855,-446,64025,-9934,11680,-3044,-3580,3270,6835,64046,-21856,18633,5228,1516,-882,13124,64046,-1763,-31397,7187,-2337,221,5055,64025,9277,29225,7752,4256,-779,-6234,9,3
1834,64047,26725,-2324,-14577,1181,13855,-446,64047,-9934,11680,-3043,-3580,3270,6835,64068,-21856,18633,5228,1516,-882,13124,64068,-1763,-31397,7187,-2337,221,5055,64047,9277,29225,7752,4256,-779,-6101,9,3
1835,64069,26312,-2324,-14577,995,13855,-970,64069,-9934,11680,-3043,-3580,3061,6835,64090,-21856,18633,5015,1474,-882,12343,64090,-2246,-31397,7187,-2352,221,3814,64069,8503,29225,7578,4256,-1150,-6101,9,3
1836,64091,26312,-2327,-13577,465,14729,-1499,64091,-8934,11761,-2726,-3551,2647,6416,64112,-20856,19633,4773,454,-241,11254,64112,-2380,-30397,7134,-2629,185,2686,64091,7923,29450,7447,4481,-1321,-5085,9,3
1837,64113,26572,-2327,-13577,465,14729,-1499,64113,-8934,11761,-2726,-3406,2647,6416,64134,-20856,19633,4773,454,-228,11254,64134,-2380,-30397,7134,-2629,185,2686,64113,7923,29450,7447,4481,-1321,-4742,9,3
1838,64135,26572,-2329,-13577,-181,14729,-1874,64135,-8934,11761,-2726,-3406,1898,5947,64156,-20856,19633,4591,-771,-228,10239,64156,-2380,-30397,6868,-2835,132,1962,64135,7923,29450,7263,4481,-1321,-4742,9,3
1839,64157,27572,-2346,-12577,-932,14813,-2044,64157,-7934,12181,-2393,-3070,1143,5419,64178,-19856,20633,4409,-1229,415,9277,64178,-2168,-29397,6275,-2944,-331,1666,64157,8276,29619,6631,4366,-772,-3979,9,3
1840,64179,27572,-2346,-12577,-932,14813,-2044,64179,-7934,12416,-2283,-2923,1143,5419,64200,-19856,20633,4409,-1229,415,9277,64200,-2034,-29397,6275,-2944,-331,1666,64179,8446,29683,6631,4366,-772,-3979,9,3
1841,64201,27572,-2346,-12577,-1606,14388,-2049,64201,-7934,12416,-2283,-2923,552,5023,64222,-19856,20633,4272,-1229,415,8487,64222,-2034,-29397,5914,-2944,-678,1666,64201,8446,29683,5895,4180,-772,-3979,9,3
1842,64223,26572,-2301,-11577,-2115,13604,-2049,64223,-6968,13362,-1854,-2236,-379,4757,64244,-18856,21633,4170,-617,733,7895,64244,-2043,-28397,5669,-2666,-797,2134,64223,8668,30016,5303,3587,-1259,-4615,9,3
1843,64245,26572,-2229,-11577,-2115,13604,-2010,64245,-6968,13362,-1739,-2236,-379,4757,64266,-18856,21633,4170,-421,733,7895,64266,-2043,-28397,5669,-2362,-797,2424,64245,8668,30016,5303,3587,-1259,-4615,9,3
1844,64267,25572,-2229,-11577,-2388,12515,-2010,64267,-6968,13362,-1739,-2236,-1268,4591,64288,-18856,21633,4170,-421,733,7557,64288,-2328,-29317,5485,-2362,-865,2424,64267,8668,30016,4973,3060,-1645,-5370,9,3
1845,64289,25572,-1945,-10577,-2520,10839,-1884,64289,-6060,14052,-1275,-1754,-1935,4466,64310,-17856,22633,4253,438,854,7304,64310,-2727,-30007,5347,-1631,-916,2903,64289,7887,30266,4743,2547,-1914,-6151,9,3
1846,64311,26572,-1945,-10577,-2520,10839,-1812,64311,-6048,14052,-1275,-1754,-1935,4466,64332,-17856,22633,4273,438,854,7304,64332,-2727,-30007,5347,-1582,-916,2903,64311,7887,30266,4743,2547,-1914,-6151,9,3
1847,64333,26572,-1945,-10577,-2568,9206,-1812,64333,-6048,14052,-1275,-1754,-2379,4373,64354,-17856,22633,4273,438,854,6979,64354,-3027,-30525,5292,-1582,-1021,2903,64333,7043,30266,4667,2082,-1998,-6576,9,3
1848,64355,27572,-1812,-9577,-2604,7763,-1547,64355,-5176,14450,-1019,-1441,-2675,4182,64376,-16856,23633,4328,774,1098,6434,64376,-3402,-30899,5287,-964,-1101,3004,64355,6242,30561,4610,1715,-1998,-6694,9,3
1849,64377,27572,-1812,-9577,-2604,7763,-1537,64377,-5065,14450,-1019,-1441,-2675,4182,64398,-16856,23633,4328,774,1165,6434,64398,-3402,-30899,5283,-934,-1101,3004,64377,6242,30571,4610,1715,-1980,-6694,9,3
1850,64399,27572,-1812,-9577,-2609,6651,-1537,64399,-5065,14450,-1019,-1441,-2675,3914,64420,-16856,23633,4320,774,1165,5792,64420,-3611,-31192,5283,-934,-1101,3004,64399,5641,30571,4481,1393,-1980,-6694,9,3
1851,64421,28565,-1679,-8577,-2613,5600,-1294,64421,-4400,14807,-840,-1207,-2456,3466,64442,-15856,24633,4314,1026,763,4872,64442,-3860,-31412,5262,-240,-939,3105,64421,5040,30800,4384,1131,-1871,-6445,9,3
1852,64443,28565,-1679,-8577,-2613,5600,-1236,64443,-4400,14807,-840,-1206,-2273,3466,64464,-15856,24633,4314,1029,763,4872,64464,-3860,-31412,5262,-230,-853,3105,64443,5040,30800,4384,1131,-1816,-6221,9,3
1853,64465,28565,-1679,-8577,-2613,4675,-1236,64465,-4400,14807,-840,-1206,-2273,3074,64486,-15856,24633,4314,1029,609,3986,64486,-4046,-31412,5262,-230,-853,3105,64465,4456,30800,4384,881,-1816,-6221,9,3
1854,64487,29298,-1589,-7577,-2327,3896,-936,64487,-3982,15080,-773,-950,-1899,2669,64508,-14956,25633,4449,1221,609,3222,64508,-4216,-30412,5444,245,-753,3055,64487,3934,29800,4418,598,-1472,-5385,9,3
1855,64509,29298,-1589,-7577,-2308,3896,-924,64509,-3982,15089,-773,-909,-1899,2669,64530,-14956,25633,4632,1221,623,3222,64530,-4216,-30412,5444,245,-753,3055,64509,3934,29800,4418,598,-1470,-5370,9,3
1856,64531,29298,-1589,-7577,-2308,3312,-924,64531,-3982,15089,-773,-909,-1899,2349,64552,-14956,25633,4685,1194,623,2749,64552,-4445,-30412,5444,245,-753,3055,64531,3626,29800,4418,386,-1470,-5370,9,3
1857,64553,29387,-1613,-6577,-2011,2874,-644,64553,-3669,15321,-775,-594,-1619,2075,64574,-14083,26633,4688,759,1147,2294,64574,-4617,-30833,5581,591,-745,3158,64553,3309,29940,4353,238,-1217,-4715,9,3
1858,64575,29387,-1613,-6577,-2011,2874,-583,64575,-3648,15321,-775,-569,-1577,2075,64596,-14083,26633,4801,759,1147,2294,64596,-4617,-30833,5581,591,-604,3158,64575,3309,30100,4353,238,-1217,-4624,9,3
1859,64597,29387,-1639,-6577,-2011,2519,-583,64597,-3648,15321,-775,-569,-1577,1842,64618,-14083,26633,4801,516,1147,1953,64618,-4856,-31148,5581,591,-604,3158,64597,3071,30100,4184,127,-1217,-4624,9,3
1860,64619,29610,-1815,-5577,-1885,2129,-364,64619,-3428,15468,-777,-232,-1237,1657,64640,-13230,27490,4888,293,1711,1651,64640,-5119,-31355,5855,851,18,3143,64619,2893,30369,4178,44,-1027,-4056,9,3
1861,64641,29708,-1815,-5577,-1885,2129,-364,64641,-3428,15468,-777,-232,-1224,1657,64662,-13230,27633,4888,293,1711,1651,64662,-5119,-31355,5855,884,18,3143,64641,2893,30469,4178,44,-1027,-4056,9,3
1862,64663,29708,-1963,-5577,-1885,1833,-364,64663,-3428,15468,-784,-232,-1224,1492,64684,-13230,27633,4888,126,1711,1301,64684,-5495,-31400,5855,884,18,2973,64663,2763,30469,4178,-2,-1027,-4056,9,3
1863,64685,29873,-2074,-4577,-1882,1364,-230,64685,-3300,15578,-849,-67,-869,1285,64706,-12704,28010,5012,-9,1427,1039,64706,-5801,-31466,6143,938,140,2501,64685,2763,30633,4187,-2,-1023,-3645,9,3
1864,64707,29873,-2074,-4577,-1882,1364,-230,64707,-3300,15592,-849,-67,-869,1285,64728,-12704,28010,5012,-9,1427,1039,64728,-5801,-31466,6163,938,140,2501,64707,2763,30633,4187,2,-1023,-3645,9,3
1865,64729,29873,-2131,-4577,-1882,1005,-230,64729,-3300,15592,-919,-67,-869,1044,64750,-12704,28010,4887,-9,1148,912,64750,-6164,-31533,6163,938,140,2064,64729,2666,30633,4187,2,-1109,-3645,9,3
1866,64751,29733,-2131,-3577,-1880,676,-210,64751,-3225,15653,-990,-26,-478,753,64772,-12412,28293,4887,85,1005,912,64772,-6436,-31595,6414,943,-8,1684,64751,2443,29633,4166,28,-1173,-3351,9,3
1867,64773,29733,-2131,-3577,-1880,676,-210,64773,-3225,15653,-990,-26,-413,753,64794,-12412,28293,5139,118,1005,938,64794,-6436,-31595,6428,943,-8,1684,64773,2443,29633,4166,28,-1173,-3351,9,3
1868,64795,29733,-2174,-3577,-1874,430,-301,64795,-3230,15653,-1040,-26,-413,501,64816,-12412,28293,5139,118,1005,938,64816,-6640,-31718,6428,825,-202,1343,64795,2276,29633,4150,28,-1221,-3351,9,3
1869,64817,29584,-2246,-2577,-1874,245,-380,64817,-3281,15699,-1082,67,-119,312,64838,-12539,28891,4816,-147,1160,1065,64838,-6715,-31864,6687,736,-372,1087,64817,1867,29820,4150,-13,-1221,-3117,9,3
1870,64839,29584,-2246,-2577,-1848,245,-380,64839,-3281,15715,-1082,81,-119,312,64860,-12539,28891,4816,-147,1160,1069,64860,-6715,-31864,6687,736,-372,1087,64839,1867,29820,4150,-13,-1122,-3072,9,3
1871,64861,29584,-2300,-2577,-1848,106,-439,64861,-3281,15715,-1124,81,-119,200,64882,-12539,28891,4816,-345,1160,1069,64882,-6715,-31974,6687,494,-1015,994,64861,1762,29820,4058,-83,-1122,-3072,9,3
1872,64883,29774,-2341,-1577,-1760,-4,-483,64883,-3275,15780,-1145,177,-23,200,64904,-12102,29238,4538,-494,1445,1167,64904,-6672,-32056,6881,307,-1557,924,64883,1481,29961,4058,-146,-970,-2619,9,3
1873,64905,29774,-2341,-1577,-1648,-4,-483,64905,-3153,15790,-1145,212,-23,200,64926,-12102,29340,4538,-494,1445,1167,64926,-6672,-32056,6881,307,-1557,924,64905,1481,30097,4167,-146,-970,-2601,9,3
1874,64927,29774,-2341,-1577,-1648,-65,-514,64927,-3153,15790,-1160,212,-23,200,64948,-12102,29340,4537,-494,1445,1131,64948,-6672,-32064,6881,131,-1559,851,64927,1192,30097,4167,-146,-970,-2601,9,3
1875,64949,29844,-2249,-577,-1369,-111,-538,64949,-3046,15855,-1183,318,-32,254,64970,-11966,29783,4492,-279,1450,1021,64970,-6639,-32070,7016,-53,-1559,806,64949,900,30304,4155,-146,-856,-2075,9,3
1876,64971,29980,-2249,-577,-1369,-111,-538,64971,-3023,15855,-1183,318,-32,259,64992,-11776,29783,4492,-279,1558,1021,64992,-6639,-32070,7016,-53,-1316,806,64971,900,30304,4155,-146,-856,-1860,9,3
1877,64993,29980,-2249,-577,-1369,-146,-597,64993,-3023,15855,-1230,318,-32,259,65014,-11776,29783,4459,-279,1558,938,65014,-6639,-32074,7016,-191,-1316,773,64993,695,30304,4146,-146,-856,-1860,9,3
1878,65015,29941,-2220,423,-1165,-228,-625,65015,-2923,15904,-1266,292,-29,319,65036,-11532,30115,4436,-118,1643,745,65036,-6557,-32091,7116,-278,-493,753,65015,695,30622,4139,-153,-757,-1134,9,3
1879,65037,29941,-2216,423,-1165,-228,-625,65037,-2906,15904,-1266,292,-29,321,65058,-11532,30115,4436,-74,1694,745,65058,-6557,-32091,7116,-278,-493,753,65037,763,30682,4139,-153,-322,-1081,9,3
1880,65059,29912,-2216,423,-1165,-290,-661,65059,-2906,15904,-1266,262,-29,321,65080,-11532,30115,4417,-74,1694,658,65080,-6579,-32091,7116,-342,-493,753,65059,763,30682,4074,-175,-322,-1081,9,3
1881,65081,29890,-2192,1423,-1171,-296,-723,65081,-2811,15950,-1207,231,-67,384,65102,-11183,30368,4388,-74,1819,593,65102,-6579,-32082,6999,-369,-162,940,65081,1028,31043,4074,-235,-145,-549,9,3
1882,65103,29890,-2192,1423,-1171,-296,-723,65103,-2731,15950,-1199,231,-67,415,65124,-11183,30368,4388,-41,1819,593,65124,-6579,-32062,6999,-369,-162,1069,65103,1028,31043,4074,-235,-145,-549,9,3
1883,65125,29890,-2192,1423,-1181,-296,-799,65125,-2731,15950,-1199,208,-101,415,65146,-11183,30368,4367,-41,1819,544,65146,-6582,-32062,6911,-369,-162,1069,65125,1028,31043,4053,-329,-145,-549,9,3
1884,65147,30037,-2196,2423,-1189,-291,-856,65147,-2589,15997,-1129,161,-121,538,65168,-11033,30434,4363,-75,1913,544,65168,-6714,-31932,6911,-274,-226,1359,65147,1227,31314,4037,-408,-2,-242,9,3
1885,65169,30037,-2196,2423,-1189,-291,-856,65169,-2567,15997,-1094,161,-121,554,65190,-11025,30434,4363,-75,1961,544,65190,-6714,-31932,6919,-261,-226,1359,65169,1227,31314,4037,-408,-2,-242,9,3
1886,65191,30037,-2199,2423,-1189,-291,-882,65191,-2567,15997,-1094,109,-126,554,65212,-11025,30434,4363,-100,1961,507,65212,-6813,-31932,6919,-261,-283,1359,65191,1227,31314,4037,-481,-2,-242,9,3
1887,65213,30096,-2199,3423,-1161,-179,-882,65213,-2444,16045,-1010,87,-126,674,65234,-10906,30523,4406,-179,2108,458,65234,-7091,-31691,6925,-193,-607,1491,65213,1300,31517,4087,-532,218,-47,9,3
1888,65235,30096,-2199,3423,-1143,-151,-876,65235,-2444,16045,-1010,87,-116,674,65256,-10826,30581,4474,-179,2118,458,65256,-7091,-31691,6925,-193,-607,1491,65235,1300,31547,4147,-532,218,-47,9,3
1889,65257,30096,-2201,3423,-1143,-151,-876,65257,-2444,16045,-1010,54,-116,674,65278,-10826,30581,4474,-226,2118,423,65278,-7348,-31691,6925,-193,-850,1491,65257,1300,31547,4147,-571,218,-47,9,3
1890,65279,30182,-2346,4423,-916,-51,-840,65279,-2418,16069,-920,25,-7,635,65300,-10623,30629,4531,-261,2105,392,65300,-7540,-31452,7023,-157,-1109,1330,65279,1343,31698,4214,-586,371,99,9,3
1891,65301,30188,-2346,4423,-916,-51,-840,65301,-2418,16069,-920,25,56,635,65322,-10623,30669,4531,-261,2105,392,65322,-7540,-31452,7023,-157,-1109,1330,65301,1343,31698,4214,-586,371,111,9,3
1892,65323,30188,-2455,4423,-916,-51,-840,65323,-2418,16069,-920,-16,56,532,65344,-10623,30669,4531,-287,2095,365,65344,-7684,-31452,7023,-157,-1109,1091,65323,1343,31698,4214,-586,371,111,9,3
1893,65345,30173,-2583,5423,-820,24,-826,65345,-2398,16087,-848,-47,249,387,65366,-10521,30693,4574,-287,1914,324,65366,-7736,-31487,7063,-167,-1039,888,65345,1369,31783,4264,-555,418,229,9,3
1894,65367,30173,-2583,5423,-820,29,-826,65367,-2398,16087,-829,-47,249,387,65388,-10521,30693,4606,-227,1914,324,65388,-7736,-31487,7063,-167,-1039,888,65367,1369,31783,4282,-540,418,229,9,3
1895,65389,30162,-2625,5423,-820,29,-826,65389,-2437,16087,-829,-47,249,251,65410,-10521,30693,4606,-227,1897,293,65410,-7775,-31513,7063,-174,-1039,641,65389,1369,31783,4282,-540,418,229,9,3
1896,65411,30153,-2656,6423,-890,195,-815,65411,-2485,16111,-766,7,253,147,65432,-10492,30699,4606,-297,1795,254,65432,-7805,-31532,7093,-179,-987,456,65411,1510,31861,4339,-483,453,337,9,3
1897,65433,30153,-2656,6423,-890,205,-815,65433,-2493,16111,-766,20,253,147,65454,-10444,30699,4728,-297,1795,254,65454,-7805,-31532,7093,-179,-987,456,65433,1522,31861,4339,-451,478,337,9,3
1898,65455,30153,-2670,6423,-985,205,-815,65455,-2502,16111,-766,20,253,77,65476,-10444,30699,4728,-309,1760,204,65476,-7827,-31547,7091,-226,-987,317,65455,1522,31861,4339,-451,478,337,9,3
1899,65477,30153,-2672,7423,-1056,433,-751,65477,-2502,16122,-701,152,256,42,65498,-10401,30662,4838,-318,1733,161,65498,-7888,-31608,7090,-261,-921,166,65477,1637,31921,4362,-366,566,420,9,3
1900,65499,30171,-2672,7423,-1056,436,-736,65499,-2437,16122,-699,173,256,42,65520,-10401,30662,4838,-318,1733,161,65520,-7888,-31608,7090,-261,-921,166,65499,1637,31921,4362,-355,567,420,9,3
1901,65521,30171,-2672,7423,-1071,436,-736,65521,-2437,16122,-699,173,244,16,65542,-10401,30662,4838,-325,1733,134,65542,-7888,-31752,7089,-286,-921,53,65521,1637,31921,4362,-355,567,420,9,3
1902,65543,30196,-2648,8423,-1071,606,-657,65543,-2398,16128,-659,295,235,-16,65564,-10368,30696,4896,-325,1760,114,65564,-7805,-31860,7084,-305,-502,53,65543,1725,31966,4379,-259,546,460,9,3
1903,65565,30216,-2648,8423,-1051,606,-630,65565,-2398,16130,-659,295,235,-16,65586,-10368,30696,4896,-291,1760,114,65586,-7805,-31860,7084,-305,-502,69,65565,1725,31980,4379,-259,546,460,9,3
1904,65587,30216,-2648,8423,-1051,606,-630,65587,-2398,16130,-659,295,228,-40,65608,-10368,30696,4896,-291,1760,114,65608,-7805,-31917,7069,-319,-502,69,65587,1725,31980,4379,-259,531,460,9,3
1905,65609,30228,-2622,9423,-1010,585,-564,65609,-2369,16132,-658,336,228,-40,65630,-10288,30722,4890,-249,1801,133,65630,-7785,-31919,7069,-348,-367,129,65609,1777,32023,4386,-191,531,471,9,3
1906,65631,30228,-2588,9423,-1005,585,-564,65631,-2316,16141,-658,336,274,-26,65652,-10288,30722,4890,-249,1801,138,65652,-7785,-31919,7069,-348,-367,129,65631,1777,32023,4386,-191,544,471,9,3
1907,65653,30228,-2588,9423,-1005,570,-564,65653,-2316,16141,-658,336,274,-26,65674,-10288,30722,4885,-249,1797,138,65674,-7785,-31921,7069,-359,-367,129,65653,1777,32023,4386,-191,544,471,9,3
1908,65675,30237,-2525,10423,-913,535,-514,65675,-2280,16149,-682,355,312,-16,65696,-10234,30755,4859,-207,1794,167,65696,-7822,-31922,7075,-367,-266,171,65675,1816,32029,4391,-145,554,450,9,3
1909,65697,30259,-2525,10423,-904,535,-502,65697,-2280,16149,-682,355,348,-16,65718,-10216,30779,4859,-207,1794,181,65718,-7822,-31922,7075,-367,-266,171,65697,1834,32029,4391,-145,554,450,9,3
1910,65719,30259,-2525,10423,-904,497,-502,65719,-2280,16149,-701,347,348,-16,65740,-10216,30779,4859,-207,1779,181,65740,-7850,-31922,7075,-367,-266,171,65719,1834,32029,4391,-145,554,433,9,3
1911,65741,30286,-2495,11423,-804,411,-486,65741,-2265,16151,-731,305,420,-16,65762,-10138,30848,4840,-78,1706,213,65762,-7871,-31893,7068,-336,-255,135,65741,1883,32063,4347,-145,578,413,9,3
1912,65763,30286,-2495,11423,-804,411,-486,65763,-2265,16151,-731,305,422,-16,65784,-10138,30848,4840,-71,1706,213,65784,-7871,-31893,7068,-299,-255,135,65763,1887,32063,4347,-145,578,413,9,3
1913,65785,30286,-2495,11423,-804,364,-490,65785,-2265,16151,-752,278,422,-16,66546,-10138,30848,4840,-71,1615,213,66546,-7879,-31897,7063,-299,-255,101,65785,1887,32063,4314,-153,578,405,10,3
1914,66547,30274,-2491,12179,-814,349,-532,66547,-2282,16151,-752,272,492,-16,66568,-10111,30866,4838,88,1405,148,66568,-7885,-31897,7051,-241,-203,63,66547,1899,32085,4289,-168,565,360,10,3
1915,66569,30274,-2491,12179,-814,349,-532,66569,-2282,16152,-749,272,492,-16,66590,-10111,30866,4838,96,1405,148,66590,-7885,-31874,7051,-227,-203,63,66569,1899,32085,4289,-168,565,360,10,3
1916,66591,30265,-2491,12179,-822,335,-592,66591,-2282,16152,-749,272,492,-16,66612,-10111,30866,4838,96,1247,-21,66612,-7895,-31874,7034,-227,-203,27,66591,1870,32085,4289,-170,493,324,10,3
1917,66613,30243,-2462,12748,-824,327,-637,66613,-2266,16152,-709,279,490,-70,66634,-10149,30827,4840,131,1154,-147,66634,-7901,-31874,7019,-135,-81,0,66613,1870,32101,4328,-170,419,290,10,3
1918,66635,30243,-2462,12758,-824,327,-637,66635,-2266,16152,-709,279,490,-70,66656,-10149,30827,4840,131,1154,-147,66656,-7901,-31871,7019,-119,4,0,66635,1886,32101,4366,-170,419,290,10,3
1919,66657,30210,-2462,12758,-824,327,-654,66657,-2266,16152,-709,279,489,-112,66678,-10167,30800,4840,85,1154,-181,66678,-7901,-31871,7010,-119,4,0,66657,1886,32101,4366,-171,363,264,10,3
1920,66679,30173,-2458,13192,-725,343,-659,66679,-2254,16151,-695,275,488,-143,66700,-10181,30792,4886,51,1165,-198,66700,-7887,-31877,6987,-37,125,6,66679,1904,32107,4436,-182,342,242,10,3
1921,66701,30173,-2458,13256,-721,343,-659,66701,-2254,16151,-695,275,488,-143,66722,-10181,30792,4886,51,1208,-198,66722,-7887,-31877,6987,-37,125,87,66701,1904,32114,4436,-182,342,242,10,3
1922,66723,30173,-2479,13256,-721,343,-663,66723,-2254,16151,-695,265,463,-143,66744,-10181,30792,4886,51,1208,-198,66744,-7887,-31881,6987,-37,125,87,66723,1894,32115,4436,-193,342,222,10,3
1923,66745,30214,-2495,13678,-632,296,-667,66745,-2218,16153,-692,258,444,-135,66766,-10165,30824,4910,78,1205,-159,66766,-7959,-31884,7008,-6,131,186,66745,1894,32121,4483,-208,358,205,10,3
1924,66767,30214,-2495,13678,-632,296,-667,66767,-2218,16161,-692,258,444,-118,66788,-10151,30824,4910,80,1205,-159,66788,-7959,-31884,7008,-6,131,186,66767,1894,32122,4483,-208,358,205,10,3
1925,66789,30214,-2507,13678,-632,244,-691,66789,-2218,16161,-692,258,444,-118,66810,-10151,30824,4910,80,1164,-159,66810,-8009,-31884,7008,-6,131,186,66789,1882,32122,4483,-220,358,194,10,3
1926,66811,30222,-2520,13888,-637,209,-718,66811,-2266,16162,-693,266,489,-86,66832,-10129,30846,4928,136,1083,-154,66832,-8050,-31863,7024,-19,157,188,66811,1882,32109,4530,-220,370,190,10,3
1927,66833,30222,-2520,13888,-637,209,-718,66833,-2266,16162,-693,266,489,-83,66854,-10119,30846,4958,136,1083,-154,66854,-8050,-31855,7024,-19,157,188,66833,1882,32109,4530,-220,370,190,10,3
1928,66855,30222,-2530,13888,-694,209,-747,66855,-2320,16155,-693,266,489,-83,66876,-10119,30846,4958,136,1023,-158,66876,-8077,-31855,7022,-32,157,165,66855,1873,32077,4530,-218,370,190,10,3
1929,66877,30224,-2530,14010,-820,229,-779,66877,-2365,16146,-693,278,491,-73,66898,-10097,30854,4994,195,978,-202,66898,-8097,-31831,7010,-42,161,67,66877,1873,32037,4569,-205,397,191,10,3
1930,66899,30224,-2507,14010,-820,271,-779,66899,-2365,16146,-672,278,491,-73,66920,-10097,30854,4994,195,978,-202,66920,-8097,-31831,7010,-42,161,67,66899,1922,32037,4569,-203,397,191,10,3
1931,66921,30224,-2507,14010,-937,271,-784,66921,-2390,16142,-672,278,473,-74,66942,-10097,30848,4994,195,928,-247,66942,-8097,-31831,6997,-42,161,-6,66921,1922,32015,4569,-203,386,187,10,3
1932,66943,30224,-2480,14187,-1058,334,-785,66943,-2397,16142,-655,322,404,-88,66964,-10132,30824,5015,239,888,-282,66964,-8060,-31827,6963,-29,153,-51,66943,1907,31999,4574,-177,347,175,10,3
1933,66965,30240,-2470,14187,-1058,334,-785,66965,-2397,16144,-655,344,404,-88,66986,-10132,30824,5015,239,888,-282,66986,-8054,-31827,6963,-16,153,-51,66965,1907,31999,4574,-175,347,175,10,3
1934,66987,30240,-2470,14187,-1148,334,-785,66987,-2397,16144,-655,344,338,-99,67008,-10177,30810,5003,239,860,-308,67008,-8054,-31827,6938,-16,112,-51,66987,1876,31999,4574,-175,317,167,10,3
1935,67009,30244,-2430,14342,-1200,338,-745,67009,-2361,16147,-645,393,281,-103,67030,-10246,30805,4994,286,853,-330,67030,-8050,-31830,6938,17,81,-45,67009,1841,32003,4584,-147,295,167,10,3
1936,67031,30244,-2430,14342,-1200,338,-737,67031,-2348,16147,-645,393,281,-103,67052,-10246,30805,4994,304,853,-330,67052,-8050,-31830,6969,17,81,-45,67031,1841,32005,4584,-147,295,171,10,3
1937,67053,30207,-2430,14342,-1215,332,-737,67053,-2348,16147,-645,393,240,-103,67074,-10298,30805,4973,304,853,-347,67074,-8067,-31836,6969,17,81,-45,67053,1808,32005,4584,-147,282,171,10,3
1938,67075,30179,-2376,14460,-1215,326,-706,67075,-2312,16150,-656,418,212,-95,67096,-10345,30817,4957,332,853,-347,67096,-8070,-31841,7012,7,247,-16,67075,1808,32009,4592,-143,281,210,10,3
1939,67097,30179,-2376,14512,-1204,326,-706,67097,-2312,16150,-656,418,212,-95,67118,-10345,30817,4957,332,920,-296,67118,-8070,-31841,7012,7,247,-7,67097,1808,32009,4592,-143,281,210,10,3
1940,67119,30179,-2376,14512,-1204,288,-706,67119,-2312,16149,-683,418,212,-95,67140,-10345,30817,4929,332,920,-296,67140,-8072,-31844,7012,-8,247,-7,67119,1794,32009,4592,-148,281,198,10,3
1941,67141,30214,-2374,14622,-1155,254,-694,67141,-2338,16142,-703,398,249,-69,67162,-10344,30820,4906,315,1010,-195,67162,-8081,-31849,7045,-29,314,-21,67141,1794,32022,4598,-163,301,189,10,3
1942,67163,30222,-2374,14624,-1137,254,-694,67163,-2338,16142,-703,398,256,-58,67184,-10322,30820,4906,315,1010,-195,67184,-8088,-31849,7069,-29,314,-21,67163,1794,32022,4598,-163,301,189,10,3
1943,67185,30222,-2388,14624,-1137,228,-694,67185,-2357,16136,-718,383,256,-58,67206,-10322,30820,4906,315,1010,-195,67206,-8088,-31849,7069,-44,314,-91,67185,1783,32022,4598,-184,301,189,10,3
1944,67207,30220,-2417,14686,-1165,192,-752,67207,-2364,16132,-732,364,289,-43,67228,-10269,30843,4927,323,887,-149,67228,-8088,-31848,7081,-69,339,-143,67207,1783,32036,4642,-200,316,195,10,3
1945,67229,30220,-2417,14686,-1165,192,-752,67229,-2364,16132,-732,364,289,-43,67250,-10269,30843,4927,394,887,-149,67250,-8075,-31846,7081,-69,339,-143,67229,1805,32036,4642,-200,316,195,10,3
1946,67251,30207,-2438,14686,-1193,165,-801,67251,-2365,16129,-743,350,289,-43,67272,-10269,30842,4927,394,795,-149,67272,-8075,-31846,7081,-88,290,-178,67251,1805,32036,4642,-200,316,195,10,3
1947,67273,30185,-2438,14706,-1238,145,-841,67273,-2365,16127,-743,327,306,-35,67294,-10321,30799,4965,379,791,-147,67294,-8066,-31830,7072,-117,218,-204,67273,1789,32025,4625,-181,319,203,10,3
1948,67295,30185,-2426,14706,-1238,145,-841,67295,-2365,16127,-740,327,306,-35,67316,-10321,30799,4965,379,791,-147,67316,-8066,-31812,7072,-117,218,-204,67295,1789,32025,4625,-174,319,203,10,3
1949,67317,30181,-2426,14679,-1269,145,-841,67317,-2365,16126,-740,318,302,-35,67338,-10326,30767,4937,290,791,-147,67338,-8066,-31812,7072,-140,151,-231,67317,1741,32025,4625,-174,319,203,10,3
1950,67339,30181,-2385,14635,-1269,180,-836,67339,-2365,16126,-723,315,229,-14,67360,-10326,30765,4937,94,1023,-148,67360,-8049,-31797,7068,-165,62,-279,67339,1741,32026,4638,-155,322,267,10,3
1951,67361,30184,-2347,14635,-1226,180,-815,67361,-2356,16129,-722,315,229,-14,67382,-10310,30765,4972,94,1042,-148,67382,-8036,-31797,7068,-165,62,-279,67361,1741,32040,4638,-144,322,267,10,3
1952,67383,30184,-2347,14610,-1226,180,-815,67383,-2356,16129,-722,315,174,-14,67404,-10310,30765,4972,-52,1042,-149,67404,-8026,-31797,7065,-198,-111,-328,67383,1741,32040,4638,-144,322,267,10,3
1953,67405,30250,-2288,14583,-1046,235,-743,67405,-2313,16135,-686,316,148,-34,67426,-10210,31013,4963,-52,783,-309,67426,-8026,-31803,7062,-222,-241,-411,67405,2019,32052,4496,-103,-677,76,10,3
1954,67427,30444,-2288,14583,-931,235,-743,67427,-2307,16135,-679,316,148,-34,67448,-9956,31027,4963,267,783,-309,67448,-7995,-31803,7062,-222,-241,-411,67427,2019,32052,4496,-103,-677,76,10,3
1955,67449,30444,-2298,14519,-931,235,-759,67449,-2307,16135,-679,316,148,-73,67470,-9956,31027,4956,267,112,-664,67470,-7995,-31836,7024,-222,-241,-460,67449,2019,32003,4496,-108,-1630,-185,10,3
1956,67471,30639,-2417,14415,-773,68,-805,67471,-2267,16140,-642,357,202,-141,67492,-9595,31044,4889,1130,-1012,-1000,67492,-7906,-31861,6960,-174,-29,-460,67471,1908,31952,4610,-207,-2451,-417,10,3
1957,67493,30639,-2417,14415,-773,68,-805,67493,-2262,16154,-642,388,234,-141,67514,-9595,31044,4889,1130,-1012,-1000,67514,-7886,-31861,6954,-174,23,-346,67493,1908,31952,4610,-207,-2451,-417,10,3
1958,67515,30639,-2472,14249,-773,-169,-912,67515,-2262,16154,-642,388,234,-192,67536,-9840,30887,4626,1130,-1180,-1134,67536,-7886,-31861,6894,-174,23,-346,67515,1785,31902,4610,-281,-2911,-576,10,3
1959,67537,30705,-2506,13972,-952,-514,-1016,67537,-2184,16170,-607,458,263,-197,67558,-10024,30769,4429,584,-1180,-1137,67558,-7804,-31823,6844,32,356,-94,67537,1624,31864,4609,-342,-2911,-695,10,3
1960,67559,30705,-2506,13972,-952,-514,-1016,67559,-2142,16170,-607,458,263,-197,67580,-10024,30769,4429,584,-616,-1137,67580,-7804,-31823,6844,200,884,40,67559,1624,31864,4609,-342,-2572,-695,10,3
1961,67581,30705,-2506,13733,-1086,-1008,-1109,67581,-2142,16170,-607,458,185,-197,67602,-10024,30754,4365,117,-616,-1139,67602,-7812,-31823,6844,200,884,40,67581,1490,31824,4608,-427,-2572,-700,10,3
1962,67603,30941,-2383,13499,-1223,-1817,-1281,67603,-2026,16182,-586,497,52,-103,67624,-9942,30754,4327,-232,-68,-1272,67624,-7992,-31811,6905,595,1925,421,67603,1149,31782,4608,-509,-1829,-700,10,3
1963,67625,30941,-2205,13499,-1223,-1817,-1281,67625,-1987,16184,-586,497,52,-103,67646,-9896,30813,4327,-232,-68,-1272,67646,-7992,-31811,6969,595,1925,421,67625,1149,31782,4704,-509,-1563,-588,10,3
1964,67647,29941,-2205,13096,-1326,-2589,-1482,67647,-1987,16184,-586,497,-47,-103,67668,-9896,30813,4319,-287,-68,-1597,67668,-8173,-31811,6969,595,1925,421,67647,893,31782,4704,-577,-1563,-588,10,3
1965,67669,28941,-1937,12668,-1404,-3556,-1707,67669,-1801,16221,-584,507,-118,-134,67690,-9800,31003,4319,-287,-1075,-2629,67690,-8415,-31810,7090,586,2186,465,67669,637,31826,4948,-639,-70,-147,10,3
1966,67691,28941,-1929,12668,-1404,-3556,-1707,67691,-1756,16236,-584,507,-118,-134,67712,-9750,31003,4327,16,-1075,-2629,67712,-8415,-31810,7122,586,2186,465,67691,637,31834,4948,-639,-21,-7,10,3
1967,67713,27941,-1929,12299,-1463,-4372,-1876,67713,-1756,16236,-584,507,-118,-257,67734,-9750,31003,4327,16,-3075,-4172,67734,-8609,-31810,7122,503,2125,346,67713,579,31834,4948,-685,-21,-7,10,3
1968,67735,26941,-1736,11860,-1463,-6269,-1939,67735,-1518,16315,-629,538,29,-650,67756,-9822,30586,4197,2016,-5075,-6172,67756,-8868,-31833,7257,272,1572,-252,67735,536,31953,4975,-744,1014,1044,10,3
1969,67757,26941,-1736,11860,-1032,-6269,-1939,67757,-1507,16333,-629,538,256,-650,67778,-9822,30586,4197,2016,-5075,-6172,67778,-8868,-31833,7259,272,1572,-252,67757,536,31953,4975,-744,1014,1284,10,3
1970,67779,25941,-1736,11321,-1032,-8049,-1939,67779,-1507,16333,-662,538,256,-1182,67800,-10264,30273,4063,2016,-7075,-8172,67800,-8888,-31864,7259,21,851,-1139,67779,536,31953,4975,-848,1014,1284,10,3
1971,67801,25941,-1592,10688,-129,-10049,-1822,67801,-1463,16232,-662,567,1344,-2554,67822,-11264,29590,3503,1677,-8765,-9871,67822,-8888,-31938,7092,-275,-435,-2417,67801,734,31974,4995,-1068,969,2855,10,3
1972,67823,26489,-1160,10688,-129,-10049,-1822,67823,-1463,16232,-459,567,2256,-2554,67844,-11264,29590,3503,1677,-8765,-9871,67844,-8781,-31938,7092,-275,-435,-2417,67823,792,31974,4995,-1068,969,2929,10,3
1973,67845,26489,-1160,9778,-129,-12049,-1822,67845,-1763,16058,-459,567,2256,-3861,67866,-12088,28932,3409,702,-8765,-10434,67866,-8781,-31938,6967,-497,-1575,-3514,67845,792,31974,4764,-1266,861,2929,10,3
1974,67867,26716,-666,9019,-12,-14049,-1754,67867,-2652,15680,-264,938,4256,-5024,67888,-12494,27932,3118,-830,-6765,-10434,67888,-8701,-31845,6875,-497,-2430,-4907,67867,1546,31930,4515,-1674,255,4162,10,3
1975,67889,26716,-666,9019,-12,-14049,-1754,67889,-2652,15680,-264,1343,4256,-5024,67910,-12494,27932,3118,-830,-6765,-10222,67910,-8563,-31717,6875,-313,-2430,-4907,67889,1546,31930,4515,-1674,255,4162,10,3
1976,67911,26716,-666,8428,-12,-16049,-1754,67911,-3355,15293,-264,1343,4256,-5788,67932,-12798,26932,3118,-2380,-6765,-10222,67932,-8563,-31717,6875,-313,-2660,-6266,67911,1546,31851,4404,-1980,255,4162,10,3
1977,67933,26095,-799,7913,-435,-18049,-1599,67933,-3951,14798,-656,2181,4730,-6298,67954,-13516,25977,2900,-3639,-4765,-9958,67954,-8116,-31557,7098,145,-2660,-7407,67933,2019,31540,4404,-2161,389,5395,10,3
1978,67955,26095,-799,7913,-435,-18049,-1563,67955,-3951,14798,-656,2181,4730,-6298,67976,-13516,25977,2900,-3639,-4765,-9958,67976,-7614,-31557,7098,162,-2375,-7407,67955,2019,31540,4849,-2161,733,5722,10,3
1979,67977,25565,-1137,7230,-752,-19770,-1563,67977,-4408,14346,-1099,2181,4348,-6535,67998,-14055,25260,2900,-4583,-4765,-10512,67998,-7614,-31557,7098,162,-2375,-8341,67977,2019,31049,4849,-2297,733,5722,10,3
1980,67999,24950,-1390,6444,-1004,-21486,-1261,67999,-4890,13814,-1495,2696,3198,-6660,68020,-14327,24609,2779,-4662,-2765,-12073,68020,-6902,-31437,7577,596,-708,-9453,67999,2290,30642,5182,-2399,1873,7048,10,3
1981,68021,24950,-1390,6444,-1004,-21486,-984,68021,-4890,13814,-1495,2696,3198,-6660,68042,-14327,24609,2779,-4662,-2765,-12073,68042,-6800,-31079,7577,1077,-396,-9453,68021,3019,30642,5182,-2399,1873,7469,10,3
1982,68043,24542,-1390,5687,-1004,-22591,-984,68043,-5251,13433,-1860,2696,1438,-6754,68064,-14327,24120,2779,-4662,-2765,-14073,68064,-6800,-31079,7577,1077,-396,-10287,68043,3019,30523,5182,-2643,1873,7469,10,3
1983,68065,24236,-1050,4777,-773,-23347,-605,68065,-5476,13148,-2183,2959,-388,-6836,68086,-13327,23536,2872,-2996,-1543,-15596,68086,-6097,-30079,7620,1780,1006,-10863,68065,3886,30434,5948,-2826,3079,9214,10,3
1984,68087,24236,-1050,4777,-773,-23347,-605,68087,-5476,13148,-2183,2959,-388,-6836,68108,-13327,23536,3779,-2996,-1543,-15596,68108,-6051,-30079,7620,1780,1006,-10863,68087,4019,29929,6128,-2826,3599,9374,10,3
1985,68109,24236,-1050,3777,-773,-23347,-763,68109,-5584,12934,-2491,2959,-1633,-7340,68130,-13327,23262,3779,-2996,-1543,-15628,68130,-6051,-30079,7620,1780,1006,-11123,68109,4019,29773,6128,-2826,3599,9374,10,3
1986,68131,25101,-1183,2777,-566,-23337,-907,68131,-5665,12570,-2982,2671,-2191,-7883,68152,-14047,23188,4779,-3659,457,-15628,68152,-5051,-29999,8353,1279,1785,-11123,68131,5019,29277,6842,-2792,4537,10661,10,3
1987,68153,25101,-1183,2777,-566,-23337,-907,68153,-5665,12570,-2982,2671,-2191,-7883,68174,-14047,23188,4779,-3659,457,-15202,68174,-5051,-29999,8353,1279,1785,-10737,68153,5019,29277,6842,-2410,4537,10661,10,3
1988,68175,24101,-1283,1777,-566,-23337,-1394,68175,-6344,12570,-3395,2671,-2191,-8104,68196,-15047,23188,4440,-4156,457,-15202,68196,-5051,-29999,8353,484,1785,-10737,68175,5019,29257,6647,-2410,4537,10661,10,3
1989,68197,23101,-1778,777,-65,-23818,-1560,68197,-7344,12805,-3798,3296,-2109,-8104,68218,-16047,23173,4186,-4529,1955,-14601,68218,-4051,-29561,8084,-112,1638,-9623,68197,6019,29242,6501,-2400,4396,10169,10,3
1990,68219,23101,-1778,777,-65,-23818,-1560,68219,-7344,12805,-3798,3296,-2109,-8073,68240,-16047,23173,4186,-4529,1955,-14562,68240,-4051,-28999,8084,-112,1638,-9367,68219,6019,29213,6501,-2400,4396,10169,10,3
1991,68241,23101,-2135,-223,-65,-24178,-1927,68241,-8251,12805,-3823,3296,-2724,-8073,68262,-17047,23161,4186,-4529,1955,-14562,68262,-4051,-28999,7883,-266,1413,-9367,68241,6019,29213,6501,-2645,4109,9461,10,3
1992,68263,24101,-2403,-1223,-288,-24418,-2268,68263,-8953,12778,-3823,3264,-3369,-7446,68284,-18047,22161,4587,-3403,3079,-13499,68284,-3051,-28859,7732,-266,1115,-8117,68263,7019,28715,6773,-3180,3486,8402,10,3
1993,68285,24101,-2403,-1223,-288,-24418,-2268,68285,-8953,12778,-3597,3264,-3369,-7403,68306,-18047,22161,4771,-2733,3079,-13433,68306,-3051,-28859,7732,-185,1115,-7939,68285,7019,28715,6933,-3180,3486,8402,10,3
1994,68307,24101,-2403,-2223,-455,-24418,-2524,68307,-9579,12754,-3597,3240,-3620,-7403,68328,-19047,21161,4771,-2733,3079,-13433,68328,-3051,-28859,7732,-185,832,-7939,68307,7019,28715,6933,-3621,2926,7439,10,3
1995,68329,24967,-2312,-3223,-532,-24237,-2806,68329,-10122,12663,-3428,2857,-3808,-6774,68350,-20047,20210,5050,-1576,2661,-12271,68350,-2051,-28754,7639,-38,619,-6657,68329,8019,28648,7511,-4102,1900,6717,10,3
1996,68351,24967,-1778,-3223,-532,-23961,-2806,68351,-10122,12663,-3401,2857,-3808,-6555,68372,-20047,20210,5110,-1576,2661,-12271,68372,-2051,-27859,7639,-16,619,-6657,68351,8019,28648,7527,-4102,1900,6717,10,3
1997,68373,24967,-1778,-4223,-590,-23961,-2806,68373,-10676,12469,-3401,2351,-3856,-6555,68394,-21047,19649,5110,-1576,2661,-12271,68394,-2051,-27859,7569,-16,460,-6657,68373,8019,28598,7527,-4321,1131,6175,10,3
1998,68395,25361,-1309,-5223,-633,-22216,-2747,68395,-11092,12226,-3253,1569,-3856,-5787,68416,-22047,19228,5238,357,3266,-11579,68416,-1051,-27748,7196,420,336,-5695,68395,9019,28440,8169,-4485,550,5562,10,3
1999,68417,25361,-1285,-5223,-633,-22156,-2747,68417,-11092,12226,-3135,1569,-3842,-5787,68438,-22047,19228,5238,357,3266,-11579,68438,-1051,-27748,7196,593,336,-5552,68417,9019,28440,8169,-4485,550,5562,10,3
2000,68439,25361,-1285,-6223,-633,-22156,-2747,68439,-11404,12009,-3135,958,-3842,-5787,68460,-23047,18857,5238,357,3266,-11579,68460,-1051,-27748,6917,593,199,-5552,68439,9019,27916,8060,-4608,154,5070,10,3
2001,68461,25140,-1521,-7223,-390,-20156,-2460,68461,-11609,11846,-2674,205,-3436,-5218,68482,-24047,18302,4848,2076,3719,-11197,68482,-51,-27665,6917,1134,-132,-4912,68461,10019,27501,7979,-5087,-193,4701,10,3
2002,68483,25140,-1521,-7223,-390,-20156,-2449,68483,-11609,11846,-2669,205,-3254,-5218,68504,-24047,18302,4848,2076,3719,-11197,68504,-51,-27665,7633,1171,-132,-4912,68483,10019,27501,7979,-5087,-193,4701,10,3
2003,68505,24140,-1602,-8223,-390,-20156,-2449,68505,-11671,11474,-2669,-440,-3254,-5218,68526,-24603,17562,4556,2076,3719,-11197,68526,-51,-27948,7633,1171,-621,-4912,68505,10019,27189,7979,-5446,-403,4513,10,3
2004,68527,23140,-1663,-9223,-202,-18156,-2201,68527,-11718,11062,-2313,-1093,-2807,-5008,68548,-25232,17053,4337,1824,3366,-11485,68548,734,-28161,8170,1403,-1175,-4467,68527,10894,26717,8660,-5446,-437,4373,10,3
2005,68549,23140,-1663,-9223,-202,-18156,-2201,68549,-11718,11062,-2313,-1093,-2764,-5008,68570,-25232,17053,4337,1824,3366,-11485,68570,734,-28161,8170,1403,-1175,-4467,68549,10894,26713,8979,-4924,-437,4373,10,3
2006,68571,23140,-1663,-10223,-202,-18156,-2201,68571,-11753,10632,-2313,-1404,-2764,-5045,68592,-25704,16485,4172,1824,3366,-11485,68592,734,-28320,8170,1306,-1663,-4467,68571,10894,26717,8979,-4924,-437,4348,10,3
2007,68593,23235,-1597,-11223,-156,-16156,-1891,68593,-12013,10182,-2216,-1404,-1994,-5072,68614,-26704,16071,3819,1794,1789,-11455,68614,1322,-28666,8543,930,-1808,-4340,68593,11722,26363,9866,-4352,-333,4330,10,3
2008,68615,23799,-1079,-11223,-156,-16156,-1857,68615,-12013,10182,-2216,-1268,-1711,-5072,68636,-26704,16071,3819,1794,1789,-11384,68636,1322,-28666,8543,930,-1808,-4340,68615,11738,26363,9866,-4272,-333,4330,10,3
2009,68637,23799,-1079,-12223,-156,-16156,-1857,68637,-12382,9993,-2216,-1268,-1711,-5075,68658,-27478,15761,3276,1794,1788,-11384,68658,1322,-28925,8543,646,-1808,-4340,68637,11738,26363,9866,-4272,-384,4316,10,3
2010,68659,24483,-817,-13223,-154,-14156,-1465,68659,-12794,9907,-2144,-817,-1011,-5075,68680,-28058,15528,2793,2072,1460,-11024,68680,2175,-29209,8645,404,-1493,-4219,68659,12657,26320,10209,-3485,-455,4261,10,3
2011,68681,24799,-817,-13223,-154,-14156,-1439,68681,-12794,9907,-2113,-736,-1011,-5058,68702,-28058,15528,2793,2072,1460,-10858,68702,2187,-29209,8645,404,-1465,-4137,68681,12738,26320,10209,-3391,-455,4261,10,3
2012,68703,24799,-817,-14223,-154,-14156,-1439,68703,-13174,9907,-2113,-736,-1011,-5058,68724,-28807,15354,2430,2072,1214,-10858,68724,2187,-29422,8645,353,-1465,-4137,68703,12738,26288,10209,-3391,-523,4028,10,3
2013,68725,25787,-534,-15223,-228,-12156,-1140,68725,-13497,9950,-1970,-213,-611,-4925,68746,-29369,15051,2188,2214,1030,-9760,68746,2836,-29992,8721,353,-1197,-3686,68725,13525,26228,10384,-2838,-559,3658,10,3
2014,68747,25799,-534,-15223,-228,-12156,-1050,68747,-13497,9971,-1970,-213,-611,-4647,68768,-29369,15051,2188,2214,1030,-9493,68768,2836,-29992,8721,407,-1173,-3578,68747,13525,26228,10384,-2825,-559,3658,10,3
2015,68769,25799,-534,-16223,-284,-12156,-1050,68769,-13761,9971,-1970,-213,-611,-4647,68790,-29369,14526,2079,1926,835,-9493,68790,2836,-30420,8721,407,-1173,-3578,68769,13525,26183,10384,-2825,-559,3124,10,3
2016,68791,26623,-286,-17223,-426,-10156,-722,68791,-14009,9969,-1916,54,-426,-4168,68812,-28369,14006,2079,1683,835,-8177,68812,3231,-30755,8922,352,-830,-2984,68791,14051,26075,10516,-2260,-497,2643,10,3
2017,68813,26623,-286,-17223,-426,-10156,-722,68813,-14009,9969,-1916,54,-426,-4066,68834,-28369,14006,2259,1683,835,-7799,68834,3231,-30755,8962,352,-779,-2838,68813,14051,26075,10636,-2236,-400,2643,10,3
2018,68835,26623,-286,-18223,-557,-10156,-722,68835,-14202,9955,-1916,54,-426,-4066,68856,-28369,13614,2259,1350,516,-7799,68856,3231,-30984,8962,292,-779,-2838,68835,14051,26075,10636,-2236,-400,2224,10,3
2019,68857,27549,-354,-19223,-818,-8156,-591,68857,-14395,9824,-1917,167,-401,-3398,68878,-27369,13336,2394,561,338,-6126,68878,3525,-30984,9221,-292,-398,-2191,68857,14298,26168,10931,-1342,-236,1825,10,3
2020,68879,27559,-354,-19223,-818,-8156,-591,68879,-14395,9824,-1917,167,-401,-3302,68900,-27369,13336,2394,561,338,-5799,68900,3525,-29984,9221,-292,-285,-2121,68879,14298,26236,10931,-1207,-206,1825,10,3
2021,68901,27559,-417,-20223,-1150,-8156,-591,68901,-14549,9722,-2024,167,-401,-3302,68922,-27369,13336,2335,-102,138,-5799,68922,3525,-29984,9221,-977,-285,-2121,68901,14298,26236,10931,-1207,-206,1491,10,3
2022,68923,28523,-464,-21223,-1421,-6251,-492,68923,-14742,9649,-2105,301,-342,-2474,68944,-26369,13546,2061,-826,-115,-3799,68944,3790,-30412,9089,-1620,155,-1476,68923,14775,26357,10912,-358,101,939,10,3
2023,68945,28523,-464,-21223,-1421,-6251,-492,68945,-14742,9649,-2105,416,-310,-2291,68966,-26369,13816,2061,-826,-115,-3799,68966,3806,-30412,9089,-1620,184,-1343,68945,14825,26391,10912,-358,242,939,10,3
2024,68967,28523,-619,-22223,-1994,-6251,-492,68967,-14887,9649,-2105,416,-310,-2291,68988,-26369,13816,1895,-1323,-201,-3799,68988,3806,-30733,8996,-1929,184,-1343,68967,14825,26391,10896,-358,242,380,10,3
2025,68989,28978,-736,-23223,-2953,-4521,-803,68989,-14995,9734,-2085,799,-138,-1040,69010,-25369,14138,1895,-1841,-911,-1799,69010,3932,-30733,8927,-2136,735,-504,68989,15228,26481,10884,163,782,-534,10,3
2026,69011,28978,-736,-23223,-2953,-4251,-803,69011,-14995,9784,-2085,799,12,-861,69032,-25369,14138,2051,-1841,-911,-1799,69032,3932,-29733,8927,-2136,1027,-252,69011,15228,26507,10878,163,857,-534,10,3
2027,69033,28978,-736,-23829,-3774,-4251,-1036,69033,-15054,9784,-2147,799,12,-861,69054,-25369,14138,2051,-2164,-1443,-1799,69054,3932,-29733,8927,-2291,1027,-252,69033,15228,26507,10875,163,857,-1443,10,3
2028,69055,29029,-503,-23893,-4390,-2251,-1234,69055,-15098,9995,-2257,984,463,538,69076,-26369,14379,2584,-2406,-2088,201,69076,3987,-28733,8791,-2429,1825,808,69055,15289,26542,10856,617,1367,-2361,10,3
2029,69077,29029,-157,-23893,-4390,-2251,-1234,69077,-15098,9995,-2257,984,463,652,69098,-26369,14379,2664,-2406,-2088,201,69098,3987,-28733,8791,-2429,1825,906,69077,15289,26542,10856,865,1367,-2361,10,3
2030,69099,28951,-157,-23893,-4445,-2251,-1381,69099,-15098,9995,-2298,970,463,652,69120,-27284,14379,2664,-2406,-2572,201,69120,3987,-28733,8625,-2599,1825,906,69099,15289,26542,10842,865,1367,-3222,10,3
2031,69121,28741,94,-23599,-4445,-251,-1491,69121,-14845,10092,-2302,959,883,1934,69142,-27971,14606,3124,-2266,-2941,2201,69142,3754,-29339,8342,-2727,1807,2046,69121,15152,26592,10785,1381,1337,-4120,10,3
2032,69143,28741,94,-23063,-4319,-251,-1491,69143,-14781,10092,-2302,959,883,2023,69164,-27971,14786,3124,-1926,-2941,2201,69164,3754,-29339,8342,-2727,1807,2062,69143,15152,26692,10785,1381,1337,-4120,10,3
2033,69165,28741,94,-23063,-4319,-251,-1491,69165,-14781,10092,-2302,959,883,2023,69186,-27971,14786,3124,-1926,-3576,2201,69186,3525,-29974,8044,-2727,1696,2062,69165,14830,26692,10742,1381,1255,-4897,10,3
2034,69187,28827,126,-22063,-3814,1749,-1383,69187,-14474,10164,-2305,973,1430,3286,69208,-27856,15339,3831,-1189,-4330,4201,69208,3266,-30450,7799,-2665,1308,3027,69187,14528,26965,10452,1602,1005,-5639,10,3
2035,69209,28827,126,-22063,-3797,1749,-1262,69209,-14217,10200,-2305,973,1460,3439,69230,-27778,15655,3945,-1086,-4330,4201,69230,3266,-30450,7799,-2618,1308,3066,69209,14528,27021,10452,1602,1005,-5639,10,3
2036,69231,28827,126,-22063,-3797,1749,-1262,69231,-14217,10200,-2330,864,1460,3439,69252,-27778,15655,3945,-1086,-4895,4201,69252,3005,-30450,7551,-2618,948,3066,69231,14302,27021,10437,1602,609,-6335,10,3
2037,69253,28936,188,-21063,-3278,3749,-945,69253,-13616,10414,-2377,652,2175,4558,69274,-27431,16549,4852,-217,-5043,6201,69274,2618,-29450,7319,-2150,678,4034,69253,13834,27267,10271,1660,33,-7000,10,3
2038,69275,28948,364,-21063,-3175,3749,-800,69275,-13539,10557,-2377,652,2283,4558,69296,-27249,16549,4945,25,-5043,6201,69296,2618,-29450,7319,-1980,678,4137,69275,13834,27329,10271,1660,33,-7000,10,3
2039,69297,28948,364,-21063,-3175,3749,-800,69297,-13539,10557,-2447,414,2283,4558,69318,-27249,16549,4945,25,-5043,6201,69318,2207,-29450,7165,-1980,590,4137,69297,13405,27329,10271,1660,-400,-7586,10,3
2040,69319,29135,253,-20063,-2601,5749,-316,69319,-12856,10868,-2595,-149,3058,5271,69340,-26536,17219,5945,677,-4810,8201,69340,1807,-30009,7133,-1620,524,5097,69319,12637,27584,10235,2001,-723,-8046,10,3
2041,69341,29135,253,-20063,-2545,5749,-177,69341,-12827,10882,-2595,-149,3136,5271,69362,-26364,17219,5945,994,-4447,8201,69362,1807,-30009,7133,-1620,524,5105,69341,12637,27584,10235,2130,-723,-8046,10,3
2042,69363,28965,-98,-20063,-2545,5749,-177,69363,-12827,10882,-2821,-703,3136,5271,69384,-26364,17219,5945,994,-4447,8201,69384,1137,-30009,7133,-1620,342,5105,69363,12049,27584,10120,2130,-949,-8454,10,3
2043,69385,28702,-417,-19063,-1837,7749,714,69385,-12147,11186,-3015,-1200,3745,5748,69406,-25527,18106,6274,1521,-2717,10201,69406,431,-30562,7131,-1643,-134,5927,69385,11420,27902,9964,3208,-1052,-8760,10,3
2044,69407,28702,-417,-19063,-1818,7749,732,69407,-12050,11186,-3015,-1200,3745,5748,69428,-25364,18140,6274,1721,-2628,10201,69428,431,-30562,7131,-1643,-134,5927,69407,11420,27902,9964,3315,-1052,-8760,10,3
2045,69429,28466,-758,-19063,-1818,7749,732,69429,-12050,11186,-3117,-1573,3745,5748,69450,-25364,18140,6274,1721,-2628,10201,69450,-462,-30619,7131,-1643,-411,5927,69429,10947,27902,9731,3315,-1129,-8970,10,3
2046,69451,27627,-1192,-18063,-1168,9749,1546,69451,-11413,11386,-3172,-1852,4049,6106,69472,-24364,19140,5967,2713,-2609,11703,69472,-1076,-30902,7274,-1554,-411,6366,69451,10272,28140,8986,4183,-1132,-9075,10,3
2047,69473,27627,-1192,-18063,-1139,9749,1873,69473,-11343,11386,-3172,-1852,4049,6294,69494,-24364,19140,5967,3016,-2609,11703,69494,-1076,-30902,7274,-1553,-336,6366,69473,10272,28182,8986,4183,-1132,-9075,10,3
2048,69495,26998,-1500,-18063,-1139,9749,1873,69495,-11343,11386,-3172,-2062,3940,6294,69516,-24364,19140,5807,3016,-3510,11703,69516,-1536,-30902,7233,-1553,-336,6366,69495,9766,28182,8427,4183,-1132,-9127,10,3
2049,69517,26998,-1500,-17063,-800,11749,2273,69517,-10480,11536,-2999,-2247,3355,6837,69538,-23364,20045,5687,3198,-4186,12860,69538,-1809,-31004,7038,-1113,1065,6468,69517,9076,28488,8008,4702,-1090,-9166,10,3
2050,69539,27084,-1265,-17063,-800,11749,2273,69539,-10348,11537,-2999,-2247,3355,6837,69560,-23364,20140,5687,3198,-4186,13265,69560,-1809,-31004,7038,-1113,1559,6468,69539,9076,28488,8008,4702,-665,-9166,10,3
2051,69561,27084,-1265,-17063,-841,11749,2115,69561,-10348,11537,-2999,-2250,2771,6837,69582,-23364,20140,5527,3109,-4186,13265,69582,-1984,-31004,6766,-1113,1559,6468,69561,8455,28488,7694,4702,-665,-9207,10,3
2052,69583,26957,-1088,-16063,-871,13749,1574,69583,-9348,11795,-2833,-2250,2310,7225,69604,-22364,21140,4527,2252,-2186,14601,69604,-2089,-30004,6356,-669,2470,6555,69583,7989,28928,7350,4973,174,-9784,10,3
2053,69605,26957,-1024,-16063,-871,13749,1574,69605,-9348,11974,-2802,-2141,2310,7225,69626,-22364,21140,4527,2252,-2186,14601,69626,-2089,-30004,6356,-669,2470,6698,69605,7989,29110,7350,4973,215,-9784,10,3
2054,69627,26862,-1024,-16063,-871,13749,1136,69627,-9348,11974,-2802,-2141,1650,7225,69648,-22364,21140,3527,1255,-2186,14601,69648,-2120,-30004,6085,-669,2399,6698,69627,7639,29110,6350,4973,215,-10218,10,3
2055,69649,26862,-934,-15063,-866,14528,760,69649,-8348,12609,-2507,-2104,904,7302,69670,-21364,22140,2717,507,-1991,14775,69670,-2143,-29004,5881,-503,1119,6958,69649,6639,29394,5442,4428,755,-10543,10,3
2056,69671,27574,-892,-15063,-866,14528,760,69671,-8348,12643,-2507,-2104,904,7302,69692,-21364,22140,2717,507,-1991,14775,69692,-2143,-29004,5881,-503,1119,6958,69671,6639,29622,5442,4428,755,-10543,10,3
2057,69693,27574,-892,-15063,-880,14374,464,69693,-8348,12643,-2507,-2193,344,7302,69714,-21364,22140,2437,111,-1991,13764,69714,-3143,-29467,5881,-503,159,6958,69693,5639,29622,4781,3993,699,-10543,10,3
2058,69715,28510,-831,-14063,-1114,13499,290,69715,-7348,13256,-2273,-3150,19,6741,69736,-20364,23140,2437,15,-1844,12050,69736,-4143,-29928,6186,-524,135,5919,69715,4639,29886,4469,3389,-87,-9959,10,3
2059,69737,28510,-831,-14063,-1114,13499,290,69737,-7348,13256,-2273,-3150,19,6741,69758,-20364,23140,3419,15,-1579,12050,69758,-4143,-29928,6800,-524,135,5919,69737,4639,29886,4469,3389,-87,-9477,10,3
2060,69759,28510,-831,-14063,-1344,12544,160,69759,-7348,13256,-2273,-4668,19,6299,69780,-20364,23140,3419,-35,-1579,10068,69780,-5143,-30274,6800,-524,135,4918,69759,3713,29886,4469,2685,-1634,-9477,10,3
2061,69781,27510,-1093,-13063,-1582,11713,-113,69781,-6348,13661,-2054,-5009,-1226,5431,69802,-19364,24140,3470,-35,-429,8068,69802,-6025,-30533,7202,-488,165,3634,69781,2713,28886,4549,2157,-2794,-7904,10,3
2062,69803,27510,-1093,-13063,-1582,11713,-113,69803,-6348,13661,-1929,-5009,-1226,5431,69824,-19364,24140,3470,239,97,8068,69824,-6025,-30533,7202,-488,438,3634,69803,2713,28886,4549,2157,-2794,-7477,10,3
2063,69825,26510,-1289,-13063,-1761,11090,-317,69825,-6348,13661,-1929,-5009,-2530,4752,69846,-19364,24140,3444,239,97,6308,69846,-6166,-30913,7113,-488,438,2352,69825,2398,27886,4549,1738,-2794,-7477,10,3
2064,69847,25510,-1436,-12063,-1897,10232,-388,69847,-5376,13964,-1385,-4067,-3750,4213,69868,-18364,25140,3444,543,488,4308,69868,-6246,-31256,7002,-431,458,1390,69847,2172,27886,4473,1341,-2666,-5477,10,3
2065,69869,25510,-1436,-12063,-1897,10232,-388,69869,-5348,14034,-1364,-3274,-3750,4213,69890,-18364,25140,3489,543,488,4308,69890,-6246,-31256,7002,-370,458,1390,69869,2172,28600,4473,1341,-2533,-5477,10,3
2066,69891,24510,-1605,-12063,-1991,9489,-442,69891,-5348,14034,-1364,-3274,-3750,3644,69912,-18364,25140,3489,543,32,2861,69912,-6306,-31514,7002,-370,84,836,69891,2003,28600,4473,1028,-2533,-5477,10,3
2067,69913,23510,-1731,-11063,-2070,8493,-545,69913,-4583,14569,-996,-1612,-3178,2844,69934,-17364,26140,3550,771,-309,1782,69934,-6739,-31707,7141,-342,-311,586,69913,2003,29384,4492,793,-2332,-3515,10,3
2068,69935,23510,-1731,-11063,-2070,8493,-545,69935,-4583,14569,-996,-1612,-2767,2844,69956,-17364,26140,3596,771,-309,1782,69956,-6739,-31707,7177,-342,-311,586,69935,2003,29384,4492,793,-2332,-3515,10,3
2069,69957,23510,-1731,-11063,-2104,7723,-711,69957,-4583,14569,-996,-1612,-2767,2285,69978,-17364,26140,3621,771,-355,1517,69978,-6739,-31792,7177,-361,-583,398,69957,1926,29384,4492,655,-2332,-3515,10,3
2070,69979,24510,-1630,-10063,-2104,6504,-835,69979,-4112,14976,-985,-314,-2089,1865,70000,-16364,26815,3621,977,-355,1413,70000,-6404,-31946,7014,-456,-968,257,69979,1926,29772,4507,552,-2181,-2502,10,3
2071,70001,24510,-1630,-10063,-2004,6504,-835,70001,-4112,14976,-985,-314,-2089,1865,70022,-16364,26815,3621,1020,-249,1413,70022,-6404,-31946,7014,-456,-968,257,70001,2292,29772,4507,552,-2109,-2502,10,3
2072,70023,24510,-1630,-10063,-2004,5398,-962,70023,-4112,14976,-985,-314,-2089,1550,70044,-16364,26815,3613,1020,-249,1413,70044,-6404,-32061,6798,-456,-968,151,70023,2292,29772,4356,441,-2109,-2502,10,3
2073,70045,25510,-1586,-9063,-1769,4463,-962,70045,-3759,15295,-977,-26,-1977,1274,70066,-15437,27575,3607,1132,299,1401,70066,-6142,-32147,6730,-409,-1184,151,70045,2179,30087,4117,313,-1941,-2081,10,3
2074,70067,25510,-1586,-9063,-1721,4463,-867,70067,-3731,15295,-912,-26,-1977,1274,70088,-15437,27815,3607,1164,299,1401,70088,-6142,-32147,6730,-395,-1184,230,70067,2179,30087,4117,313,-1367,-2081,10,3
2075,70089,25510,-1586,-9063,-1721,3678,-867,70089,-3731,15295,-912,-26,-1977,1067,70110,-15437,27815,3607,1164,299,1401,70110,-6142,-32246,6730,-395,-1189,230,70089,2179,30087,4061,217,-1367,-2081,10,3
2076,70111,26510,-1519,-8063,-1432,2771,-878,70111,-3321,15516,-877,-51,-1893,907,70132,-14437,28247,4147,1011,100,1685,70132,-6328,-32320,6755,-448,-1366,185,70111,2072,30263,4061,153,-1367,-1978,10,3
2077,70133,26510,-1519,-8063,-1403,2771,-878,70133,-3321,15516,-877,-51,-1262,907,70154,-14437,28247,4147,1011,100,1762,70154,-6328,-32320,6755,-448,-1366,185,70133,2072,30263,4223,153,-1350,-1978,10,3
2078,70155,26510,-1519,-8063,-1403,2038,-878,70155,-3321,15516,-877,-122,-1262,787,70176,-14437,28247,4147,1011,43,1762,70176,-6467,-32320,6755,-520,-1499,133,70155,1992,30263,4223,141,-1350,-1978,10,3
2079,70177,27510,-1665,-7063,-1231,1488,-887,70177,-3300,15668,-859,-179,-486,601,70198,-13583,28797,4098,896,43,1863,70198,-6476,-32318,6748,-639,-1599,-127,70177,1932,30389,4111,132,-1178,-1901,10,3
2080,70199,27510,-1665,-7063,-1231,1488,-887,70199,-3300,15668,-859,-179,-479,601,70220,-13499,28797,4098,896,399,2044,70220,-6476,-32310,6748,-639,-1599,-127,70199,1932,30389,4111,132,-1178,-1901,10,3
2081,70221,27510,-1774,-7063,-1231,1100,-893,70221,-3300,15668,-859,-187,-479,431,70242,-13499,28797,4061,705,399,2044,70242,-6476,-32310,6737,-756,-1599,-322,70221,1465,30389,4027,34,-1178,-1901,10,3
2082,70243,28374,-1832,-6063,-1443,809,-924,70243,-3284,15776,-846,-187,101,285,70264,-12636,29347,4061,404,935,2053,70264,-6280,-32308,6682,-872,-1396,-465,70243,1236,30399,4027,-61,-737,-1540,10,3
2083,70265,28374,-1832,-6063,-1443,809,-924,70265,-3276,15776,-846,-172,101,285,70286,-12636,29347,4069,404,935,2053,70286,-6276,-32308,6682,-872,-1245,-465,70265,1236,30399,4064,-61,-737,-1535,10,3
2084,70287,28374,-1876,-6063,-1648,559,-948,70287,-3276,15776,-846,-172,101,175,70308,-12636,29347,4069,178,935,1757,70308,-6276,-32308,6641,-916,-1245,-465,70287,1065,30399,4064,-133,-737,-1535,10,3
2085,70309,29022,-1876,-5063,-1809,372,-955,70309,-3123,15857,-846,58,496,127,70330,-11989,29716,4027,166,849,1427,70330,-6108,-32307,6610,-916,-980,-334,70309,1028,30659,4092,-217,-406,-1261,10,3
2086,70331,29022,-1861,-5063,-1809,372,-955,70331,-3064,15857,-846,146,496,127,70352,-11989,29716,4027,166,849,1427,70352,-6108,-32303,6610,-877,-963,-231,70331,1028,30659,4092,-217,-406,-1129,10,3
2087,70353,29022,-1861,-5063,-1811,368,-955,70353,-3064,15857,-846,146,496,127,70374,-11989,29716,4027,166,670,1145,70374,-6108,-32303,6587,-877,-963,-231,70353,1028,30659,4029,-271,-406,-1129,10,3
2088,70375,29458,-1847,-4063,-1811,365,-934,70375,-2860,15910,-846,385,619,189,70396,-11517,29959,3996,-14,650,819,70396,-5982,-32231,6540,-713,-832,20,70375,1247,30858,3969,-362,-163,-800,10,3
2089,70397,29458,-1803,-4063,-1775,365,-878,70397,-2849,15910,-846,385,619,189,70418,-11453,29959,3996,-14,650,819,70418,-5982,-32231,6540,-685,-832,70,70397,1247,30900,3969,-362,-163,-598,10,3
2090,70419,29458,-1803,-4063,-1775,338,-878,70419,-2849,15910,-846,385,572,189,70440,-11453,29959,3996,-120,650,668,70440,-5982,-32231,6507,-685,-832,70,70419,1247,30900,3969,-415,-163,-598,10,3
2091,70441,29775,-1760,-3063,-1601,274,-809,70441,-2651,15950,-867,275,537,218,70462,-10863,30263,4005,-293,974,555,70462,-5982,-32189,6482,-429,-820,310,70441,1489,31121,4008,-493,12,-375,10,3
2092,70463,29775,-1760,-3063,-1587,274,-807,70463,-2651,15950,-867,275,537,218,70484,-10863,30263,4005,-293,991,555,70484,-5982,-32189,6482,-426,-820,368,70463,1489,31163,4016,-493,12,-375,10,3
2093,70485,29775,-1760,-3063,-1587,226,-807,70485,-2651,15950,-867,166,537,218,70506,-10863,30263,4005,-441,991,470,70506,-6006,-32199,6463,-426,-820,368,70485,1489,31163,4016,-562,-50,-375,10,3
2094,70507,30005,-1886,-2063,-1382,226,-753,70507,-2595,15964,-859,46,548,219,70528,-10509,30491,4029,-574,1057,262,70528,-6152,-32199,6403,-152,-747,656,70507,1572,31318,4046,-613,-224,-323,10,3
2095,70529,30005,-1886,-2063,-1382,236,-753,70529,-2595,15975,-859,46,548,219,70550,-10509,30529,4129,-574,1057,262,70550,-6152,-32199,6403,-152,182,668,70529,1572,31318,4046,-613,-224,-323,10,3
2096,70551,30005,-1980,-2063,-1382,236,-753,70551,-2595,15983,-859,-44,499,218,70572,-10509,30529,4129,-574,1057,106,70572,-6283,-32203,6403,-152,182,668,70551,1572,31318,4046,-673,-355,-323,10,3
2097,70573,30178,-1980,-1063,-1304,329,-774,70573,-2584,15983,-853,-104,162,217,70594,-10143,30744,4236,-316,990,2,70594,-6382,-32203,6478,-110,206,712,70573,1511,31458,4160,-738,-453,-386,10,3
2098,70595,30264,-1975,-1063,-1304,341,-774,70595,-2584,16018,-849,-104,162,217,70616,-10143,30744,4252,-305,990,2,70616,-6382,-32156,6540,-110,206,712,70595,1511,31476,4176,-738,-453,-386,10,3
2099,70617,30264,-1975,-1063,-1304,341,-774,70617,-2592,16018,-849,-142,-90,213,70638,-10143,30744,4252,-305,990,-45,70638,-6656,-32156,6540,-149,206,602,70617,1465,31476,4176,-762,-453,-433,10,3
2100,70639,30456,-2031,-63,-1154,457,-772,70639,-2602,16044,-844,-142,-156,155,70660,-10231,30790,4353,-116,1076,-80,70660,-6861,-32121,6673,-214,136,510,70639,1380,31647,4386,-762,-439,-433,10,3
2101,70661,30456,-2031,-63,-1154,457,-772,70661,-2602,16044,-779,-130,-156,155,70682,-10231,30790,4353,-116,1080,-80,70682,-6861,-32121,6673,-214,-42,510,70661,1380,31647,4386,-741,-439,-387,10,3
2102,70683,30456,-2073,-63,-1154,457,-772,70683,-2625,16044,-779,-130,-156,69,70704,-10231,30790,4353,-116,1080,-114,70704,-6873,-32121,6673,-256,-114,328,70683,1353,31647,4386,-741,-439,-387,10,3
2103,70705,30472,-2100,937,-1045,570,-699,70705,-2642,16043,-780,-49,-44,-27,70726,-10063,30824,4428,-100,1426,-179,70726,-6882,-32150,6652,-256,-301,191,70705,1332,31715,4443,-668,-244,-280,10,3
2104,70727,30472,-2100,937,-1045,570,-699,70727,-2642,16043,-780,-49,-32,-27,70748,-10061,30824,4428,-100,1431,-179,70748,-6882,-32150,6652,-241,-301,191,70727,1332,31715,4443,-656,-214,-247,10,3
2105,70749,30472,-2121,937,-1045,570,-699,70749,-2643,16043,-780,-49,-32,-141,70770,-10061,30824,4428,-178,1431,-243,70770,-6882,-32150,6607,-241,-425,191,70749,1332,31715,4443,-656,-214,-247,10,3
2106,70771,30484,-2130,1937,-984,662,-605,70771,-2643,16043,-781,6,90,-226,70792,-10019,30850,4465,-254,1690,-336,70792,-6851,-32124,6599,-189,-425,222,70771,1327,31778,4510,-593,-76,-103,10,3
2107,70793,30493,-2130,1937,-966,662,-571,70793,-2600,16043,-781,6,121,-226,70814,-10019,30850,4465,-254,1696,-336,70814,-6851,-32124,6599,-147,-280,222,70793,1327,31786,4510,-581,-70,-103,10,3
2108,70815,30544,-2130,1937,-966,662,-571,70815,-2600,16043,-781,6,121,-259,70836,-10019,30850,4465,-354,1696,-374,70836,-6851,-32124,6599,-147,-280,222,70815,1327,31786,4510,-581,-70,-103,10,3
2109,70837,30544,-2125,2937,-926,759,-515,70837,-2591,16043,-751,72,166,-260,70858,-9988,30895,4492,-386,2002,-374,70858,-6978,-32105,6657,-24,411,160,70837,1391,31857,4554,-554,102,9,10,3
2110,70859,30610,-2097,2937,-917,780,-509,70859,-2591,16043,-751,123,166,-260,70880,-9838,30903,4496,-386,2002,-348,70880,-6978,-32079,6657,-24,411,160,70859,1391,31857,4554,-554,102,9,10,3
2111,70881,30614,-2097,2937,-917,780,-509,70881,-2623,16031,-779,123,166,-260,70902,-9838,30903,4496,-386,2002,-348,70902,-7073,-32079,6657,-24,411,71,70881,1391,31857,4554,-554,102,9,10,3
2112,70903,30631,-2108,3937,-891,797,-499,70903,-2703,16031,-824,217,107,-257,70924,-9702,30957,4468,-285,1776,-261,70924,-7082,-32069,6680,-70,847,-76,70903,1397,31890,4589,-538,231,-91,10,3
2113,70925,30662,-2108,3937,-891,797,-499,70925,-2703,16042,-824,217,107,-249,70946,-9702,30957,4447,-277,1776,-261,70946,-7082,-32069,6680,-70,847,-76,70925,1397,31890,4589,-538,231,-91,10,3
2114,70947,30662,-2131,3937,-895,797,-549,70947,-2768,16042,-850,217,-72,-249,70968,-9726,30957,4447,-277,1574,-274,70968,-7089,-32069,6680,-122,847,-186,70947,1313,31890,4589,-538,231,-118,10,3
2115,70969,30630,-2148,4937,-990,799,-617,70969,-2804,16031,-850,264,-206,-238,70990,-9782,30955,4447,-267,1268,-460,70990,-7089,-32107,6658,-163,818,-276,70969,1206,31945,4655,-469,419,-118,10,3
2116,70991,30630,-2148,4937,-990,799,-617,70991,-2804,16031,-805,264,-206,-238,71012,-9782,30955,4489,-267,1268,-460,71012,-7014,-32107,6658,-163,818,-276,70991,1206,31945,4655,-465,467,-42,10,3
2117,71013,30630,-2148,4937,-1081,799,-684,71013,-2804,16031,-805,264,-230,-265,71034,-9824,30932,4489,-267,1056,-599,71034,-7014,-32107,6629,-216,747,-284,71013,1206,31945,4655,-465,467,-42,10,3
2118,71035,30506,-2047,5937,-1149,876,-754,71035,-2763,16023,-825,380,-230,-311,71056,-9856,30893,4576,-288,897,-679,71056,-6922,-32136,6597,-255,493,-284,71035,1234,31976,4651,-398,566,-13,10,3
2119,71057,30506,-2015,5937,-1149,876,-754,71057,-2760,16023,-825,380,-144,-311,71078,-9856,30893,4576,-288,897,-679,71078,-6898,-32136,6597,-255,493,-228,71057,1234,31976,4651,-398,566,-13,10,3
2120,71079,30506,-2015,5937,-1149,876,-787,71079,-2760,16023,-825,380,-144,-368,71100,-9930,30863,4576,-304,897,-679,71100,-6898,-32136,6573,-285,303,-228,71079,1234,31976,4648,-410,542,-39,10,3
2121,71101,30519,-1951,6937,-1100,862,-787,71101,-2730,16025,-827,431,72,-411,71122,-10055,30841,4642,-367,919,-573,71122,-6887,-32130,6573,-294,52,-149,71101,1215,31976,4648,-499,501,-133,10,3
2122,71123,30519,-1951,6937,-1094,862,-787,71123,-2730,16025,-827,431,105,-411,71144,-10055,30841,4644,-367,994,-513,71144,-6887,-32130,6573,-294,52,-55,71123,1215,31976,4662,-499,501,-133,10,3
2123,71145,30519,-1951,6937,-1094,846,-785,71145,-2734,16025,-827,431,105,-441,71166,-10133,30841,4644,-414,994,-513,71166,-6887,-32130,6557,-300,-64,-55,71145,1091,31976,4662,-576,471,-204,10,3
2124,71167,30529,-1999,7937,-982,743,-769,71167,-2746,16026,-829,385,292,-441,71188,-10151,30848,4781,-414,1162,-364,71188,-6899,-32137,6557,-305,-238,106,71167,998,31990,4748,-658,440,-223,10,3
2125,71189,30537,-1999,7937,-971,743,-745,71189,-2746,16026,-829,385,292,-436,71210,-10151,30848,4781,-399,1162,-364,71210,-6899,-32137,6557,-305,-238,106,71189,998,31990,4750,-658,440,-223,10,3
2126,71211,30537,-2027,7937,-971,666,-745,71211,-2768,16026,-829,318,292,-436,72032,-10151,30848,4781,-399,1162,-364,72032,-6938,-32142,6549,-309,-389,106,71211,956,31990,4750,-720,417,-223,11,3
2127,72033,30537,-2048,8937,-876,599,-731,72033,-2798,16031,-821,261,434,-426,72054,-10137,30886,4893,-333,1215,-279,72054,-7095,-32142,6549,-316,-595,207,72033,943,32000,4842,-732,359,-186,11,3
2128,72055,30567,-2048,8937,-876,599,-721,72055,-2798,16031,-818,261,480,-425,72076,-10119,30886,4893,-333,1284,-279,72076,-7095,-32126,6637,-316,-595,227,72055,943,32000,4842,-732,359,-186,11,3
2129,72077,30567,-2064,8937,-876,556,-721,72077,-2821,16031,-816,211,480,-425,72098,-10119,30886,4893,-333,1310,-279,72098,-7469,-32126,6637,-316,-749,227,72077,943,32000,4842,-732,268,-186,11,3
2130,72099,30511,-2128,9937,-867,497,-713,72099,-2855,15977,-827,47,575,-338,72120,-9935,31002,4931,-284,1336,-180,72120,-8169,-31656,7089,-288,-865,443,72099,1043,32008,4911,-558,200,-413,11,3
2131,72121,30511,-2128,9937,-867,497,-713,72121,-2855,15977,-827,47,575,-327,72142,-9935,31002,4931,59,1336,-180,72142,-8169,-31656,7089,-265,-865,443,72121,1043,32008,4911,-535,200,-413,11,3
2132,72143,30483,-2252,9937,-990,394,-755,72143,-2969,15903,-835,13,575,-327,72164,-9935,31002,4931,59,711,-244,72164,-8694,-31656,7089,-265,-865,305,72143,1043,32008,4911,-535,196,-506,11,3
2133,72165,30448,-2363,10878,-1212,282,-939,72165,-3071,15848,-835,13,546,-191,72186,-9987,30889,4960,427,235,-388,72186,-8858,-31528,7002,138,-592,201,72165,876,31952,4963,-295,193,-549,11,3
2134,72187,30448,-2363,10878,-1212,282,-939,72187,-3071,15848,-806,59,546,-186,72208,-9987,30889,4960,427,235,-388,72208,-8858,-31528,7002,138,-592,201,72187,876,31952,4963,-295,193,-549,11,3
2135,72209,30422,-2363,10878,-1397,274,-1077,72209,-3148,15848,-806,59,475,-186,72230,-10132,30720,4960,427,-79,-496,72230,-8858,-31528,6937,138,-592,114,72209,663,31952,4963,-300,191,-549,11,3
2136,72231,30390,-2306,11646,-1518,269,-1161,72231,-3148,15872,-773,182,351,-61,72252,-10279,30616,4954,447,-82,-501,72252,-8753,-31586,6888,365,-722,114,72231,221,31896,4976,-365,115,-515,11,3
2137,72253,30390,-2302,11712,-1518,269,-1161,72253,-3057,15873,-766,211,351,-61,72274,-10279,30616,4954,447,-82,-501,72274,-8753,-31586,6888,365,-722,162,72253,221,31896,5252,-365,115,-512,11,3
2138,72275,30388,-2302,11712,-1518,265,-1161,72275,-3057,15873,-766,211,180,-61,72296,-10403,30538,4954,444,-82,-501,72296,-8753,-31587,6852,365,-820,162,72275,79,31858,5252,-437,115,-512,11,3
2139,72297,30387,-2214,12306,-1493,262,-1141,72297,-2947,15937,-699,352,52,7,72318,-10542,30479,5023,362,-63,-466,72318,-8618,-31634,6809,393,-893,211,72297,-26,31829,5387,-547,492,-277,11,3
2140,72319,30387,-2202,12310,-1443,262,-1058,72319,-2904,15949,-699,358,52,7,72340,-10542,30479,5023,362,91,-455,72340,-8618,-31634,6809,393,-893,396,72319,-26,31829,5387,-547,692,-129,11,3
2141,72341,30386,-2202,12310,-1443,245,-1058,72341,-2904,15949,-699,358,-43,7,72362,-10542,30479,5023,187,91,-455,72362,-8618,-31637,6809,374,-1025,396,72341,-26,31829,5387,-551,692,-129,11,3
2142,72363,30365,-2127,12774,-1260,222,-950,72363,-2789,16007,-648,453,-43,58,72384,-10500,30613,4979,50,551,-377,72384,-8703,-31639,6844,360,-1025,614,72363,60,31881,5252,-551,754,91,11,3
2143,72385,30365,-2127,12774,-1173,222,-913,72385,-2747,16007,-648,453,-39,95,72406,-10390,30613,4979,50,551,-377,72406,-8703,-31639,6942,360,-1006,620,72385,60,31881,5252,-518,754,91,11,3
2144,72407,30365,-2127,12774,-1173,215,-913,72407,-2747,16007,-648,453,-39,95,72428,-10390,30613,4946,-40,551,-377,72428,-8769,-31639,6942,360,-1006,620,72407,60,31881,5252,-518,641,91,11,3
2145,72429,30434,-2107,13114,-904,175,-755,72429,-2652,16042,-637,445,-36,173,72450,-10352,30665,4946,-108,836,-327,72450,-8930,-31583,7052,369,-787,714,72429,9,31920,5253,-493,546,256,11,3
2146,72451,30434,-2107,13114,-904,175,-755,72451,-2652,16042,-637,445,60,173,72472,-10352,30665,4987,-108,836,-327,72472,-8930,-31571,7084,369,-787,714,72451,9,31920,5259,-493,546,256,11,3
2147,72473,30434,-2122,13114,-904,133,-755,72473,-2652,16042,-643,438,60,173,72494,-10352,30665,4987,-123,836,-327,72494,-9059,-31571,7084,305,-787,714,72473,9,31890,5259,-493,475,256,11,3
2148,72495,30481,-2151,13363,-780,102,-686,72495,-2690,16058,-655,421,202,210,72516,-10324,30848,4988,-134,1111,-267,72516,-9186,-31560,7189,257,-570,590,72495,16,31890,5152,-480,351,360,11,3
2149,72517,30481,-2151,13363,-780,102,-686,72517,-2690,16058,-655,421,205,210,72538,-10200,30848,4988,-134,1111,-247,72538,-9186,-31560,7189,257,-553,590,72517,178,31937,5152,-480,351,360,11,3
2150,72539,30481,-2173,13363,-780,97,-686,72539,-2734,16058,-684,411,205,208,72560,-10200,30848,4988,-134,1111,-247,72560,-9301,-31560,7189,223,-553,447,72539,178,31937,5070,-480,258,360,11,3
2151,72561,30511,-2189,13594,-700,93,-682,72561,-2767,16071,-710,404,308,165,72582,-10224,30880,4989,-19,1097,-187,72582,-9367,-31552,7261,207,-301,287,72561,305,31972,5010,-498,56,370,11,3
2152,72583,30511,-2189,13594,-700,93,-682,72583,-2767,16071,-710,404,308,165,72604,-10224,30880,5057,-19,1097,-187,72604,-9367,-31552,7261,207,-301,287,72583,305,31974,5010,-498,56,370,11,3
2153,72605,30511,-2201,13594,-700,90,-682,72605,-2767,16071,-726,404,308,116,72626,-10242,30880,5057,-19,1087,-187,72626,-9367,-31552,7261,186,-301,206,72605,305,31974,5010,-546,-114,370,11,3
2154,72627,30517,-2218,13765,-742,59,-692,72627,-2743,16081,-726,409,379,74,72648,-10242,30916,5108,110,1073,-102,72648,-9319,-31534,7341,155,-115,145,72627,412,32020,5085,-582,-372,291,11,3
2155,72649,30517,-2218,13765,-742,59,-692,72649,-2711,16081,-723,409,379,74,72670,-10179,30916,5108,110,1073,-41,72670,-9319,-31534,7343,155,-115,145,72649,476,32020,5085,-582,-372,291,11,3
2156,72671,30496,-2241,13765,-773,29,-703,72671,-2711,16081,-723,400,379,72,72692,-10179,30916,5108,110,1046,-41,72692,-9319,-31534,7343,155,-115,99,72671,476,32020,5085,-582,-550,226,11,3
2157,72693,30480,-2280,13805,-807,-8,-711,72693,-2698,16077,-704,393,392,72,72714,-10132,30899,5111,207,1026,36,72714,-9325,-31516,7381,167,84,25,72693,389,32041,5159,-555,-669,177,11,3
2158,72715,30480,-2280,13805,-807,-8,-711,72715,-2698,16077,-696,393,392,97,72736,-10132,30899,5111,207,1026,36,72736,-9325,-31516,7381,167,84,25,72715,389,32041,5161,-550,-669,177,11,3
2159,72737,30480,-2288,13805,-833,-14,-717,72737,-2698,16074,-696,393,374,97,72758,-10132,30886,5111,207,1026,36,72758,-9341,-31516,7381,167,84,-64,72737,323,32041,5161,-550,-669,177,11,3
2160,72759,30512,-2288,13845,-876,-14,-717,72759,-2688,16074,-684,400,303,149,72780,-10095,30876,5167,259,1099,94,72780,-9341,-31503,7409,88,198,-151,72759,298,32014,5228,-414,-498,273,11,3
2161,72781,30524,-2274,13845,-876,12,-711,72781,-2676,16087,-684,400,303,149,72802,-10085,30876,5167,259,1099,94,72802,-9341,-31481,7429,88,198,-151,72781,298,32014,5228,-364,-472,273,11,3
2162,72803,30524,-2274,13845,-889,12,-711,72803,-2676,16087,-684,400,250,149,72824,-10085,30876,5157,259,1099,94,72824,-9341,-31481,7429,29,198,-250,72803,298,32012,5199,-364,-472,273,11,3
2163,72825,30581,-2249,13793,-899,31,-646,72825,-2642,16094,-675,392,218,139,72846,-10021,30891,5137,248,1161,68,72846,-9293,-31448,7453,-15,286,-385,72825,387,32011,5177,-225,-300,342,11,3
2164,72847,30581,-2249,13793,-899,54,-646,72847,-2642,16094,-675,392,218,139,72868,-10003,30891,5137,248,1161,68,72868,-9281,-31448,7453,-15,286,-385,72847,407,32011,5177,-212,-300,342,11,3
2165,72869,30566,-2268,13746,-906,54,-646,72869,-2642,16094,-675,386,214,107,72890,-10003,30890,5134,240,1161,-23,72890,-9281,-31448,7453,-40,286,-486,72869,407,31978,5177,-212,-300,342,11,3
2166,72891,30534,-2283,13693,-969,109,-625,72891,-2615,16093,-668,382,211,45,72912,-10044,30873,5134,228,1207,-179,72912,-9228,-31440,7471,-59,368,-566,72891,483,31953,5220,-86,-196,398,11,3
2167,72913,30534,-2283,13693,-969,163,-625,72913,-2615,16093,-668,382,211,45,72934,-10044,30873,5150,228,1211,-179,72934,-9228,-31440,7469,-59,706,-566,72913,483,31953,5224,-75,-171,451,11,3
2168,72935,30518,-2294,13651,-1016,163,-625,72935,-2615,16088,-668,379,209,0,72956,-10075,30873,5150,-3,1211,-321,72956,-9228,-31440,7463,-81,706,-626,72935,483,31953,5224,-75,-171,451,11,3
2169,72957,30518,-2294,13592,-1024,255,-618,72957,-2594,16084,-662,376,136,-27,72978,-10075,30956,5116,-205,1501,-541,72978,-9202,-31440,7445,-112,1021,-707,72957,540,31964,5192,27,-40,617,11,3
2170,72979,30690,-2284,13592,-1024,255,-618,72979,-2594,16084,-662,376,136,-27,73000,-9982,30978,5116,-205,1501,-541,73000,-9202,-31440,7445,-112,1021,-707,72979,546,31964,5192,27,-40,617,11,3
2171,73001,30690,-2284,13542,-1024,255,-618,73001,-2594,16084,-662,376,13,-47,73022,-9982,30978,5077,-346,1501,-707,73022,-9202,-31440,7429,-112,1021,-773,73001,546,31964,5168,27,-40,617,11,3
2172,73023,30967,-2227,13456,-1017,0,-615,73023,-2571,16104,-659,399,-79,-70,73044,-9706,31057,5043,-368,1288,-978,73044,-9173,-31440,7395,-81,1301,-888,73023,631,31967,5084,70,48,686,11,3
2173,73045,30979,-2221,13456,-1017,0,-615,73045,-2526,16116,-659,399,-79,-70,73066,-9706,31057,5043,-368,1288,-978,73066,-9159,-31440,7395,-62,1427,-888,73045,693,31967,5084,70,48,686,11,3
2174,73067,30979,-2221,13340,-1017,-282,-695,73067,-2526,16116,-659,395,-79,-160,73088,-9706,31057,5018,-368,788,-1297,73088,-9159,-31528,7342,-62,1427,-1007,73067,693,31967,5084,70,48,686,11,3
2175,73089,31240,-2103,13199,-1107,-926,-814,73089,-2386,16146,-585,392,-48,-317,73110,-9695,31060,4925,-55,180,-1775,73110,-9139,-31598,7302,-25,1765,-1216,73089,627,31969,5063,46,114,738,11,3
2176,73111,31240,-2103,13199,-1107,-926,-814,73111,-2386,16181,-554,392,75,-317,73132,-9695,31060,4925,-26,180,-1775,73132,-9139,-31598,7302,-25,1765,-1216,73111,627,31975,5063,46,131,739,11,3
2177,73133,31240,-2103,12917,-1155,-1487,-926,73133,-2386,16181,-554,392,75,-481,73154,-9833,31060,4855,-26,-311,-2314,73154,-9162,-31644,7302,-25,1765,-1537,73133,578,31975,5063,-7,131,739,11,3
2178,73155,30240,-1851,12429,-1176,-2157,-1029,73155,-2387,16194,-557,402,312,-716,73176,-9942,31063,4803,255,-981,-2980,73176,-9179,-31644,7318,-136,2831,-2291,73155,487,31991,5063,-88,319,978,11,3
2179,73177,30240,-1825,12429,-1176,-2157,-1029,73177,-2387,16194,-557,408,383,-716,73198,-9942,31073,4803,255,-981,-2980,73198,-9179,-31621,7318,-136,2859,-2291,73177,487,31991,5063,-88,322,1038,11,3
2180,73199,29240,-1825,11929,-1176,-2667,-1122,73199,-2387,16159,-571,408,383,-947,73220,-10034,31073,4744,255,-1505,-3694,73220,-9179,-31621,7318,-353,2859,-3425,73199,419,31991,5063,-149,322,1038,11,3
2181,73221,28240,-1592,11120,-1109,-3581,-1262,73221,-2371,16105,-618,442,674,-1394,73242,-10343,31006,4438,577,-3115,-5369,73242,-9154,-31641,7352,-703,3839,-5425,73221,286,31993,5063,-195,466,1558,11,3
2182,73243,28240,-1592,11120,-1109,-3581,-1262,73243,-2317,16105,-618,442,690,-1394,73264,-10343,31006,4438,884,-3115,-5369,73264,-9082,-31641,7352,-703,3941,-5425,73243,286,31993,5127,-195,466,1847,11,3
2183,73265,28240,-1736,10510,-1109,-4480,-1527,73265,-2317,15885,-653,442,690,-1989,73286,-10763,30636,4090,884,-4873,-7369,73286,-9082,-31656,7318,-876,3941,-7065,73265,58,31972,5127,-245,466,1847,11,3
2184,73287,28686,-1962,9798,-1547,-6164,-2672,73287,-2304,15456,-653,506,1324,-3346,73308,-11078,29636,3157,1398,-6192,-9369,73308,-8117,-31656,7176,-900,3559,-8295,73287,-202,31905,5219,-440,971,3529,11,3
2185,73309,28686,-1962,9798,-1547,-6164,-2672,73309,-2304,15456,-592,903,1735,-3346,73330,-11078,29636,3157,1398,-6192,-9369,73330,-8103,-31614,7176,-900,3559,-8295,73309,-202,31905,5219,-440,971,3847,11,3
2186,73331,28686,-2131,9264,-1898,-7670,-3841,73331,-2393,15134,-592,903,1735,-4515,73352,-11780,28636,3129,-602,-6192,-11132,73352,-8103,-31614,6836,-900,3233,-8420,73331,-202,30905,5219,-592,971,3847,11,3
2187,73353,28520,-2131,8868,-2139,-9399,-4717,73353,-2504,15091,-626,1516,2721,-5391,73374,-12501,28045,3129,-2382,-4192,-12192,73374,-7187,-30614,6581,-538,2832,-8420,73353,156,29905,4826,-971,1372,5847,11,3
2188,73375,28520,-1382,8868,-2139,-9399,-4717,73375,-2504,15091,-626,1710,2747,-5391,73396,-12501,28045,3400,-2382,-4192,-12192,73396,-7187,-30614,6581,-521,2832,-8148,73375,798,29905,4826,-971,1372,5847,11,3
2189,73397,27606,-1382,8715,-2139,-10729,-4717,73397,-2837,15091,-651,1710,2747,-5899,73418,-13501,27801,3400,-3583,-4192,-12192,73418,-7187,-30614,6363,-521,1901,-8148,73397,798,28905,4819,-1453,1372,5847,11,3
2190,73419,26610,-980,8456,-1717,-12729,-4412,73419,-3630,15125,-771,2320,3471,-6160,73440,-13791,27618,4368,-3815,-2192,-11642,73440,-6500,-29614,6020,9,1057,-7725,73419,1798,27905,4819,-1926,2045,6751,11,3
2191,73441,26610,-980,8456,-1717,-12729,-4412,73441,-3630,15151,-771,2373,3471,-6160,73462,-13791,27618,4368,-3815,-2192,-11642,73462,-6500,-29614,6020,444,1057,-7725,73441,1798,27905,4922,-1926,2045,6751,11,3
2192,73463,25863,-980,8018,-1717,-14729,-4412,73463,-4246,15151,-816,2373,3471,-6191,73484,-13791,27339,4368,-3815,-2192,-11642,73484,-6500,-29614,5763,444,1057,-7725,73463,1798,27905,4922,-2355,2001,6751,11,3
2193,73485,25485,-795,7515,-1401,-16729,-3719,73485,-4765,14903,-954,2830,2673,-6214,73506,-13427,26339,4842,-1815,-192,-12429,73506,-5676,-28614,5763,1251,1238,-8181,73485,2630,27916,5403,-2676,1527,7486,11,3
2194,73507,25485,-795,7515,-1401,-16729,-3719,73507,-4765,14903,-954,2834,2673,-6214,73528,-13427,26339,4842,-1815,-192,-12429,73528,-5676,-28614,5890,1251,1238,-8181,73507,2630,27916,5403,-2676,1527,7660,11,3
2195,73529,25020,-795,7102,-1401,-18729,-3719,73529,-5170,14326,-1076,2834,1501,-6231,73550,-13792,25339,4842,-1815,-192,-13648,73550,-5676,-28614,5890,1251,1238,-8541,73529,2630,27916,5403,-2917,1527,7660,11,3
2196,73551,24821,-582,6462,-1189,-20729,-2943,73551,-5714,13820,-1907,3179,164,-6315,73572,-14792,24339,4895,-1794,-175,-14878,73572,-4868,-27614,6571,1474,905,-9179,73551,3024,27259,5964,-2917,1612,9034,11,3
2197,73573,24672,-582,6462,-1189,-20729,-2943,73573,-5714,13820,-1907,3179,164,-6315,73594,-14792,24339,4895,-1794,-175,-14878,73594,-4738,-27614,6603,1474,905,-9179,73573,3024,27259,6378,-2779,2167,9649,11,3
2198,73595,24672,-582,5604,-1189,-21795,-2943,73595,-6030,13395,-2530,3179,-878,-6578,73616,-15792,23339,4895,-1794,-175,-15909,73616,-4738,-27614,6603,1474,413,-9658,73595,3024,26766,6378,-2779,2167,9649,11,3
2199,73617,24560,-404,4604,-1030,-21795,-2359,73617,-6267,12585,-2886,2387,-2015,-7182,73638,-16792,23162,5009,-3335,327,-16682,73638,-3738,-28040,7402,1436,44,-10002,73617,4024,26396,7109,-2839,2909,11124,11,3
2200,73639,24560,-212,4604,-978,-21433,-2359,73639,-6267,12585,-2886,2387,-2015,-7182,73660,-16792,23162,5009,-3335,327,-16682,73660,-3738,-28040,7402,1436,44,-10002,73639,4024,26396,7165,-2839,2909,11124,11,3
2201,73661,24476,-212,3604,-978,-21433,-2359,73661,-6445,11977,-3153,1793,-2045,-7746,73682,-17792,23162,5009,-4490,327,-16682,73682,-3738,-28040,7402,1285,-244,-10002,73661,4024,26396,7165,-3037,2909,11124,11,3
2202,73683,23476,21,2604,-534,-21223,-2008,73683,-7112,11967,-3470,1793,-2045,-8169,73704,-18792,23279,5620,-4490,974,-16407,73704,-2738,-27040,7639,1051,-431,-9650,73683,5024,26965,7713,-3037,3051,11301,11,3
2203,73705,23476,21,2604,-394,-21223,-1921,73705,-7112,11967,-3470,1899,-1589,-8169,73726,-18792,23279,5620,-4333,974,-16098,73726,-2738,-27040,7639,1051,-431,-9146,73705,5024,26965,7826,-3033,3051,11301,11,3
2204,73727,22476,-34,1604,-394,-21719,-1921,73727,-7941,11967,-3729,1899,-1589,-8169,73748,-19792,23279,5620,-4333,974,-16098,73748,-2738,-27040,7639,782,-431,-9146,73727,5024,26965,7843,-3033,2774,11232,11,3
2205,73749,21476,-205,604,43,-22162,-1656,73749,-8912,12321,-3923,1997,-2171,-7965,73770,-20792,23389,6225,-4067,1765,-15145,73770,-1738,-26040,7817,549,-341,-7771,73749,6024,27347,7897,-2745,2505,10318,11,3
2206,73771,21476,-205,604,288,-22162,-1562,73771,-8912,12321,-3923,1997,-2171,-7764,73792,-20792,23389,6225,-3710,2523,-14770,73792,-1738,-26040,7760,549,-227,-7313,73771,6024,27347,7897,-2699,2505,10318,11,3
2207,73793,20476,-333,-396,288,-22423,-1562,73793,-9673,12321,-3923,1997,-2608,-7764,73814,-21792,23389,6225,-3710,2523,-14770,73814,-1738,-26040,7760,385,-227,-7313,73793,6024,27347,7876,-2699,2303,9109,11,3
2208,73815,19476,-579,-1396,456,-22690,-1330,73815,-10658,12503,-3847,1834,-2935,-7264,73836,-22792,22459,6804,-2133,3509,-13070,73836,-738,-27040,7718,228,262,-5765,73815,7024,27434,7861,-2500,1687,7751,11,3
2209,73837,19476,-579,-1396,456,-22690,-1330,73837,-10658,12503,-3847,1834,-2935,-6988,73858,-22792,22459,6804,-2049,3526,-12920,73858,-738,-27040,7718,228,262,-5760,73837,7024,27434,7861,-2500,1687,7751,11,3
2210,73859,19476,-664,-2396,312,-22967,-1330,73859,-11397,12503,-3847,1711,-3181,-6988,73880,-23792,21730,6804,-2049,3526,-12920,73880,-738,-28040,7718,3,262,-5760,73859,7024,27434,7861,-2500,1190,6487,11,3
2211,73881,20476,-749,-3396,137,-23175,-1213,73881,-11864,12135,-3790,1335,-3430,-5960,73902,-24792,20993,6245,-422,4389,-11079,73902,230,-28984,7446,-179,486,-4569,73881,8024,27001,8007,-2657,570,5210,11,3
2212,73903,20476,-749,-3396,137,-23175,-1213,73903,-11864,12135,-3737,1335,-3430,-5915,73924,-24792,20993,6245,-404,4438,-11003,73924,230,-28984,7446,-179,486,-4569,73903,8024,27001,8007,-2657,570,5210,11,3
2213,73925,20476,-813,-4396,-81,-23175,-1213,73925,-12191,11799,-3737,1053,-3430,-5915,73946,-25792,20182,5825,-404,4438,-11003,73946,230,-29364,7446,-332,486,-4569,73925,8024,27001,7917,-2824,105,4056,11,3
2214,73947,21476,-839,-5396,-413,-22223,-1125,73947,-12436,11489,-3447,842,-3428,-4912,73968,-26488,19182,5510,906,5030,-9450,73968,870,-29364,7140,-446,338,-3768,73947,9024,26926,7917,-3047,-178,3132,11,3
2215,73969,21476,-839,-5396,-413,-21839,-1125,73969,-12436,11489,-3390,842,-3411,-4777,73990,-26488,19182,5510,906,5030,-9435,73990,870,-28364,7140,-446,338,-3768,73969,9024,26926,8447,-3047,-178,3132,11,3
2216,73991,21476,-839,-6396,-793,-21839,-1126,73991,-12594,11154,-3390,683,-3411,-4777,74012,-26890,18370,5274,906,5030,-9435,74012,870,-28364,7140,-583,227,-3768,73991,9024,26870,8447,-3170,-391,2463,11,3
2217,74013,21795,-631,-7396,-1095,-19839,-1282,74013,-12594,10889,-3084,429,-3237,-3859,74034,-27191,17397,4795,1023,4120,-8298,74034,1518,-29259,7049,-635,12,-3284,74013,10024,26636,9049,-3238,-606,2011,11,3
2218,74035,21795,-509,-7396,-1095,-19839,-1282,74035,-12560,10889,-3084,429,-3237,-3859,74056,-27191,17397,4795,1023,4120,-8298,74056,1518,-29259,7049,-635,12,-3284,74035,10024,26636,9049,-3238,-606,2011,11,3
2219,74057,21795,-509,-8396,-1175,-19839,-1408,74057,-12560,10702,-3084,239,-3237,-3859,74078,-27403,16667,4436,918,3334,-8298,74078,1518,-29259,7049,-635,-106,-3284,74057,10024,26461,9049,-3238,-864,1827,11,3
2220,74079,22034,-383,-9396,-1175,-17839,-1516,74079,-12396,10563,-2687,109,-3107,-3260,74100,-27576,16182,4095,918,2848,-7707,74100,1896,-28259,6980,-605,-290,-3103,74079,11024,26175,9500,-3201,-961,1827,11,3
2221,74101,22034,-383,-9396,-1170,-17839,-1516,74101,-12396,10563,-2655,109,-2832,-3260,74122,-27576,16182,4095,1032,2848,-7707,74122,1896,-28259,6980,-463,-290,-3103,74101,11024,26175,9500,-3173,-961,1938,11,3
2222,74123,22034,-383,-10396,-1170,-17839,-1597,74123,-12396,10467,-2655,109,-2832,-3260,74144,-27592,16150,3783,1032,2305,-7707,74144,1896,-28259,6980,-463,-478,-3103,74123,11024,26113,9500,-3173,-1067,1938,11,3
2223,74145,22259,-157,-11396,-1116,-15839,-1647,74145,-12372,10387,-2298,132,-2183,-3004,74166,-27692,16126,3471,1203,1770,-7336,74166,2364,-27259,7035,-238,-619,-2987,74145,11840,26066,9677,-3053,-1067,2232,11,3
2224,74167,22259,-157,-11396,-1077,-15839,-1647,74167,-12372,10387,-2298,132,-2145,-3004,74188,-27692,16126,3471,1550,1770,-7336,74188,2372,-27259,7035,-190,-619,-2987,74167,11910,26066,9677,-3045,-1067,2232,11,3
2225,74189,22259,-157,-12396,-1077,-15839,-1647,74189,-12409,10297,-2298,132,-2145,-3004,74210,-27767,16108,3237,1550,1369,-7336,74210,2372,-28130,7035,-190,-627,-2987,74189,11910,26035,9677,-3045,-1146,2232,11,3
2226,74211,22498,12,-13396,-952,-13839,-1488,74211,-12409,10193,-2022,65,-1593,-2906,74232,-27939,15777,3221,1939,1071,-7042,74232,2755,-28833,7092,141,-633,-2984,74211,12768,26008,9823,-2992,-1146,2386,11,3
2227,74233,22498,122,-13396,-950,-13839,-1406,74233,-12406,10193,-2022,65,-1590,-2906,74254,-27939,15777,3221,1939,1071,-7042,74254,2845,-28833,7284,141,-633,-2984,74233,12768,26008,9823,-2992,-1142,2386,11,3
2228,74255,22498,122,-14396,-950,-13839,-1406,74255,-12406,10020,-2022,41,-1590,-2906,74276,-28078,15220,3221,1939,848,-7042,74276,2845,-29360,7284,141,-633,-2991,74255,12768,26008,9823,-2992,-1142,2386,11,3
2229,74277,22633,249,-15396,-904,-11839,-1138,74277,-12441,9851,-1907,23,-1151,-2809,74298,-28578,14735,3367,2071,701,-6822,74298,3200,-29824,7507,18,-499,-3029,74277,13166,26012,10021,-2952,-1060,2504,11,3
2230,74299,22633,299,-15396,-904,-11839,-1138,74299,-12441,9851,-1907,23,-1151,-2809,74320,-28578,14735,3367,2071,701,-6822,74320,3200,-29824,7507,18,-499,-3029,74299,13166,26012,10411,-2917,-993,2511,11,3
2231,74321,22633,299,-16396,-906,-11839,-1138,74321,-12467,9725,-1907,23,-1151,-2809,74342,-29059,14519,3445,1837,548,-6822,74342,3200,-29824,7507,-161,-499,-3058,74321,13166,26012,10411,-2917,-993,2511,11,3
2232,74343,23154,432,-17396,-968,-9839,-955,74343,-12653,9688,-1870,87,-776,-2737,74364,-29314,14505,3487,1089,357,-6551,74364,3640,-28824,7620,-471,-103,-3058,74343,13606,25959,10830,-2396,-823,2698,11,3
2233,74365,23202,432,-17396,-968,-9839,-949,74365,-12653,9688,-1870,209,-776,-2736,74386,-29314,14505,3487,1089,357,-6518,74386,3704,-28824,7620,-471,-103,-3019,74365,13786,25959,10830,-2112,-823,2698,11,3
2234,74387,23202,432,-18396,-1076,-9839,-949,74387,-12799,9688,-1870,209,-776,-2736,74408,-29314,14505,3403,450,43,-6518,74408,3704,-28824,7485,-779,-103,-3019,74387,13786,25919,10830,-2112,-823,2698,11,3
2235,74409,23593,578,-19396,-1206,-7839,-838,74409,-13215,9744,-1842,417,-461,-2672,74430,-28314,15220,3214,-266,-21,-5472,74430,4140,-27824,7383,-1148,194,-2575,74409,14417,25889,10746,-1383,-678,2513,11,3
2236,74431,24043,578,-19396,-1206,-7839,-807,74431,-13215,9886,-1828,431,-461,-2628,74452,-28314,15220,3214,-266,-21,-4917,74452,4256,-27824,7383,-1148,194,-2291,74431,14621,25889,10746,-1102,-435,2513,11,3
2237,74453,24043,578,-20396,-1206,-7839,-807,74453,-13556,9886,-1828,431,-461,-2628,74474,-28314,15220,3072,-803,-21,-4917,74474,4256,-27824,7307,-1448,194,-2291,74453,14621,25828,10615,-1102,-435,2075,11,3
2238,74475,25043,705,-21396,-1129,-5998,-642,74475,-14062,10340,-1824,768,-201,-2061,74496,-27314,15743,3072,-1206,58,-2917,74496,4554,-26824,7254,-1673,417,-1212,74475,15261,25741,10517,-364,-45,1146,11,3
2239,74497,25043,705,-21396,-1129,-5998,-625,74497,-14062,10340,-1824,768,-201,-1856,74518,-27314,15743,3378,-1206,58,-2917,74518,4554,-26824,7254,-1673,417,-993,74497,15261,25741,10517,-364,13,1146,11,3
2240,74519,25043,705,-22396,-1129,-5998,-625,74519,-14415,10340,-1824,768,-201,-1856,74540,-27314,15743,3378,-1643,-93,-2917,74540,4554,-26824,7214,-1778,417,-993,74519,15261,25675,10517,-364,13,253,11,3
2241,74541,26043,685,-23396,-1153,-4321,-529,74541,-14649,10675,-1840,986,-6,-880,74562,-26314,16071,3655,-1971,-552,-917,74562,4557,-25824,7122,-1802,595,462,74541,15645,25675,10569,189,607,-932,11,3
2242,74563,26043,685,-23396,-1153,-4128,-529,74563,-14649,10675,-1840,986,-6,-703,74584,-26314,16071,3741,-1971,-552,-917,74584,4557,-25824,6938,-1802,727,702,74563,15645,25870,10569,429,806,-932,11,3
2243,74585,26043,670,-24396,-1171,-4128,-529,74585,-14695,10675,-1874,986,-6,-703,74606,-27314,16071,3741,-2138,-1208,-917,74606,4532,-25824,6839,-1802,727,702,74585,15645,25870,10569,429,806,-2087,11,3
2244,74607,26624,658,-25091,-1185,-2128,-457,74607,-14695,10898,-1938,1172,330,565,74628,-28314,16317,4191,-2138,-1802,1083,74628,4489,-24824,6839,-1668,1191,2285,74607,15577,26064,10478,1096,1453,-3326,11,3
2245,74629,26624,658,-25091,-1185,-2128,-303,74629,-14686,10898,-1938,1172,343,736,74650,-28314,16317,4191,-1923,-1802,1083,74650,4489,-24824,6841,-1489,1204,2460,74629,15577,26064,10478,1143,1453,-3326,11,3
2246,74651,26624,479,-25091,-1185,-2128,-303,74651,-14686,10898,-1963,1172,343,736,74672,-28515,16317,4191,-1923,-2440,1083,74672,4079,-25824,6841,-1489,1204,2460,74651,15394,26064,10410,1143,1453,-4375,11,3
2247,74673,26772,223,-24468,-1165,-128,-84,74673,-14576,10807,-2001,1000,908,2074,74694,-28584,16137,4723,-1589,-3159,3083,74694,3651,-26824,6824,-1122,1547,3770,74673,15169,26278,10207,1544,1690,-5432,11,3
2248,74695,26772,223,-24091,-1165,-128,4,74695,-14395,10807,-2001,1000,952,2230,74716,-28584,16137,4723,-1366,-3159,3083,74716,3651,-26824,6824,-1034,1547,3770,74695,15169,26424,10207,1544,1690,-5432,11,3
2249,74717,26772,15,-24091,-1165,-128,4,74717,-14395,10630,-2033,736,952,2230,74738,-28584,16002,4723,-1366,-3698,3083,74738,3308,-27824,6486,-1034,1547,3770,74717,14878,26424,10055,1513,1389,-6339,11,3
2250,74739,27153,-554,-23091,-924,1872,410,74739,-13941,10475,-2102,424,1534,3418,74760,-28276,16002,5464,-396,-4311,5083,74760,2767,-28824,6232,-567,1247,4465,74739,14094,26694,10055,1333,809,-7019,11,3
2251,74761,27185,-554,-23091,-924,1872,452,74761,-13911,10475,-2102,424,1694,3494,74782,-28162,16115,5530,11,-4311,5083,74782,2767,-28824,6232,-557,1247,4465,74761,14094,26694,10145,1333,809,-7019,11,3
2252,74783,27185,-981,-23091,-924,1872,452,74783,-13911,10408,-2211,173,1694,3494,74804,-28162,16115,5530,11,-4521,5083,74804,2259,-28824,6232,-557,854,4465,74783,13474,26694,10145,1236,363,-7332,11,3
2253,74805,27583,-1151,-22091,-789,3872,836,74805,-13450,10408,-2364,-105,2522,4500,74826,-27711,16464,6221,1044,-5046,7083,74826,1874,-27824,6310,-272,175,4850,74805,12971,27344,10262,1236,-209,-7466,11,3
2254,74827,27703,-1151,-22091,-789,3872,836,74827,-13383,10452,-2364,-105,2620,4500,74848,-27673,16686,6221,1044,-5046,7083,74848,1874,-27824,6342,-272,175,4850,74827,12971,27344,10262,1301,-209,-7466,11,3
2255,74849,27703,-1279,-22091,-789,3872,836,74849,-13383,10452,-2536,-370,2620,4500,74870,-27673,16686,6221,1044,-5060,7083,74870,1437,-27824,6342,-272,-387,4850,74849,12348,27344,10262,1301,-790,-7466,11,3
2256,74871,28253,-1431,-21091,-621,5872,1005,74871,-12753,10606,-2746,-820,3426,5072,74892,-27296,17190,7091,1707,-5060,8888,74892,1110,-26824,6486,-298,-755,5139,74871,11881,27770,10384,1724,-1096,-7444,11,3
2257,74893,28315,-1431,-21091,-455,5872,1005,74893,-12699,10665,-2746,-820,3549,5072,74914,-27212,17446,7091,1707,-5015,9083,74914,1110,-26824,6486,-298,-755,5151,74893,11881,27770,10384,1937,-1096,-7444,11,3
2258,74915,28315,-1573,-21091,-455,5872,1005,74915,-12699,10665,-3044,-1229,3549,5072,74936,-27212,17446,7091,1707,-5015,9083,74936,618,-26824,6486,-390,-755,5151,74915,11530,27770,10310,1937,-1325,-7444,11,3
2259,74937,28602,-1715,-20091,11,7872,1131,74937,-12066,11050,-3310,-1564,4246,5501,74958,-26241,18446,7146,2546,-3015,11083,74958,-50,-25824,6594,-606,-324,5641,74937,10963,28089,9868,3103,-1404,-7564,11,3
2260,74959,28602,-1715,-20091,69,7872,1133,74959,-12054,11077,-3310,-1564,4246,5555,74980,-26212,18446,7146,2546,-3015,11083,74980,-50,-25824,6594,-606,-324,5641,74959,10963,28419,9868,3240,-1404,-7564,11,3
2261,74981,28561,-1832,-20091,69,7872,1133,74981,-12054,11077,-3434,-1913,4246,5555,75002,-26212,18446,6815,2546,-3015,11083,75002,-551,-25824,6594,-768,-324,5641,74981,10522,28419,9439,3240,-1404,-7668,11,3
2262,75003,27769,-2056,-19091,462,9872,1080,75003,-11400,11411,-3434,-2288,4197,6227,75024,-25212,19446,6097,3168,-1896,12840,75024,-1053,-24824,6575,-889,-599,5860,75003,10077,28906,8563,4352,-1332,-7767,11,3
2263,75025,27769,-2056,-19091,462,9872,1080,75025,-11154,11411,-3405,-2288,4197,6227,75046,-25212,19446,6097,3168,-1896,12840,75046,-1053,-24824,6575,-889,-599,5860,75025,10077,28906,8563,4352,-1332,-7767,11,3
2264,75047,27187,-2224,-19091,462,9872,979,75047,-11154,11411,-3405,-2726,3876,6227,75068,-25212,19446,5294,3168,-1896,12840,75068,-1795,-24824,6575,-889,-781,5860,75047,9635,28906,7906,4352,-1332,-7832,11,3
2265,75069,26774,-2224,-18091,610,11872,796,75069,-10154,11622,-3133,-3055,3397,6736,75090,-24212,20446,4512,3941,-2106,13412,75090,-2400,-24824,6575,-844,-917,5730,75069,9134,29243,7259,4606,-1537,-7881,11,3
2266,75091,26774,-2162,-18091,610,11872,796,75091,-10154,11622,-3132,-3055,3397,6736,75112,-24212,20446,4512,3941,-2106,13412,75112,-2400,-24824,6575,-844,-917,5730,75091,9134,29243,7259,4606,-1537,-7881,11,3
2267,75113,26624,-2162,-18091,610,11872,550,75113,-10154,11622,-3132,-3061,3004,6736,75134,-24212,20446,3926,3941,-2605,13412,75134,-2805,-25824,6575,-844,-938,5592,75113,8538,29243,6774,4536,-1840,-7881,11,3
2268,75135,26616,-2031,-17091,578,13757,295,75135,-9154,12043,-2760,-3061,2597,6754,75156,-23212,21446,3572,4040,-3509,12897,75156,-3331,-25824,6575,-748,-1141,5252,75135,7975,29664,6320,4296,-2169,-7681,11,3
2269,75157,26616,-2031,-17091,578,13757,295,75157,-9154,12104,-2706,-2947,2597,6754,75178,-23212,21446,3572,4040,-3509,12897,75178,-3331,-25824,6575,-748,-1141,5252,75157,7975,29786,6320,4296,-2169,-7677,11,3
2270,75179,26616,-2031,-17091,349,13757,-94,75179,-9154,12104,-2706,-2947,2292,6625,75200,-23212,21446,3307,4040,-3607,11951,75200,-3726,-25574,6575,-748,-1468,4929,75179,7363,29786,5868,3974,-2416,-7677,11,3
2271,75201,27616,-1933,-16091,-130,13739,-563,75201,-8154,12564,-2314,-2816,2022,6323,75222,-22212,22446,3108,4231,-3681,10581,75222,-4022,-24824,6545,-860,-2010,4403,75201,6836,30219,5397,3550,-2983,-7301,11,3
2272,75223,27616,-1885,-16091,-130,13739,-563,75223,-8154,12660,-2297,-2800,2022,6323,75244,-22212,22446,3108,4428,-3681,10581,75244,-4022,-24574,6545,-860,-2010,4403,75223,6836,30219,5397,3550,-2983,-7216,11,3
2273,75245,27616,-1885,-16091,-598,13575,-845,75245,-8154,12660,-2297,-2800,1796,6002,75266,-22212,22446,2889,4428,-3736,9397,75266,-4322,-24574,6516,-944,-2764,4006,75245,6441,30219,5137,3200,-3418,-7216,11,3
2274,75267,28600,-1597,-15091,-1028,12890,-925,75267,-7154,13262,-1963,-2514,1047,5570,75288,-21212,23446,2724,4558,-4532,7875,75288,-4701,-23574,6399,-987,-3329,3675,75267,5754,30544,5014,2625,-3849,-6818,11,3
2275,75289,28616,-1597,-15091,-1028,12890,-925,75289,-7154,13342,-1963,-2506,1047,5570,75310,-21212,23446,2724,4558,-4532,7875,75310,-4701,-23574,6399,-987,-3329,3675,75289,5754,30544,5014,2625,-3849,-6561,11,3
2276,75311,28616,-1597,-15091,-1392,11891,-925,75311,-7154,13342,-1963,-2506,351,5125,75332,-21212,23446,2697,4230,-5129,6364,75332,-4907,-23574,6311,-987,-3329,3192,75311,5239,30544,4922,2194,-3849,-6561,11,3
2277,75333,29446,-1577,-14091,-1870,11123,-840,75333,-6154,13945,-1713,-2173,-435,4575,75354,-20212,24446,2676,3688,-5129,5231,75354,-4907,-24574,6211,-714,-2836,2830,75333,5105,30934,4733,1881,-3599,-5685,11,3
2278,75355,29526,-1577,-14091,-1870,11123,-840,75355,-6154,13968,-1713,-2118,-435,4575,75376,-20212,24446,2676,3688,-4580,5231,75376,-4806,-24574,6211,-696,-2808,2830,75355,5105,30934,4733,1881,-3533,-5685,11,3
2279,75377,29526,-1577,-14091,-2366,10523,-840,75377,-6154,13968,-1713,-2118,-1025,4101,75398,-20212,24446,2676,3281,-4580,4865,75398,-4806,-25574,6136,-696,-2808,2772,75377,5004,30934,4565,1649,-3533,-5685,11,3
2280,75399,29996,-1562,-13091,-3105,9680,-814,75399,-5154,14462,-1475,-1742,-1451,3613,75420,-19212,25446,3301,2525,-2580,4613,75420,-4730,-26574,6080,-344,-2156,2772,75399,4823,31164,4379,1472,-3102,-5215,11,3
2281,75421,29996,-1384,-13091,-3105,9680,-814,75421,-5154,14462,-1475,-1709,-1451,3613,75442,-19212,25446,3301,2525,-2580,4613,75442,-4730,-26574,6080,-314,-2107,2865,75421,4823,31164,4379,1472,-2810,-5215,11,3
2282,75443,29996,-1384,-13091,-3659,8888,-863,75443,-5154,14462,-1475,-1709,-1719,3253,75464,-19212,25446,3019,1744,-2580,4568,75464,-4795,-27574,6042,-314,-2107,2865,75443,4687,31164,4234,1335,-2810,-5215,11,3
2283,75465,30449,-1240,-12091,-4014,7764,-863,75465,-4371,14784,-1297,-1397,-1920,2983,75486,-18212,26444,3019,745,-580,4497,75486,-5056,-28510,6042,264,-1197,3043,75465,4491,31337,4003,1054,-1829,-5060,11,3
2284,75487,30449,-1196,-12091,-4014,7764,-863,75487,-4344,14784,-1297,-1397,-1920,2983,75508,-18212,26444,3282,745,-580,4497,75508,-5056,-28510,6247,289,-1197,3086,75487,4491,31337,4003,1054,-1829,-5060,11,3
2285,75509,30449,-1196,-12091,-4054,6429,-941,75509,-4344,14784,-1297,-1397,-2071,2781,75530,-18212,26444,3282,-3,-580,4443,75530,-5285,-28510,6247,289,-1197,3086,75509,4438,31337,3830,767,-1829,-5060,11,3
2286,75531,30675,-1297,-11091,-4054,5428,-1093,75531,-3717,15061,-1148,-1163,-2157,2629,75552,-17212,27033,3479,-3,439,3768,75552,-5519,-27510,6401,716,-1171,3285,75531,4074,31408,3700,285,-1845,-5097,11,3
2287,75553,30675,-1297,-11091,-3911,5428,-1093,75553,-3690,15118,-1110,-1091,-2157,2629,75574,-17212,27033,3479,247,439,3768,75574,-5519,-27510,6401,716,-1171,3541,75553,4074,31408,3700,285,-1845,-5097,11,3
2288,75575,30488,-1372,-11091,-3911,4563,-1295,75575,-3690,15118,-1110,-1091,-2210,2531,75596,-17212,27033,3479,247,439,3218,75596,-5905,-27510,6401,716,-1171,3541,75575,3791,31306,3700,-99,-1984,-5103,11,3
2289,75597,30488,-1449,-10091,-3802,3914,-1447,75597,-3218,15414,-970,-783,-2261,2458,75618,-16212,27900,3687,611,612,2691,75618,-6556,-28280,6762,826,-1277,3699,75597,2919,31229,3737,-461,-2088,-5103,11,3
2290,75619,30554,-1449,-10091,-3737,3914,-1447,75619,-3218,15414,-970,-783,-2261,2458,75640,-16212,27900,3687,611,612,2691,75640,-6556,-28280,6864,826,-1277,3699,75619,2919,31229,3837,-461,-2088,-4783,11,3
2291,75641,30554,-1449,-10091,-3737,3363,-1447,75641,-3218,15414,-970,-783,-2261,2400,75662,-16212,27900,3687,611,612,2253,75662,-7044,-28858,6864,807,-1277,3685,75641,2661,31171,3837,-672,-2088,-4783,11,3
2292,75663,30603,-1438,-9091,-3097,2892,-1365,75663,-2966,15583,-927,-601,-2074,2247,75684,-15212,28525,3729,663,832,1722,75684,-7278,-29291,7170,634,-893,3091,75663,2515,31171,3839,-766,-1769,-4275,11,3
2293,75685,30603,-1438,-9091,-3072,2892,-1307,75685,-2966,15583,-927,-601,-1914,2247,75706,-15212,28525,3729,663,832,1722,75706,-7278,-29291,7170,634,-893,3091,75685,2515,31276,3839,-766,-1769,-4216,11,3
2294,75707,30603,-1438,-9091,-3072,2539,-1307,75707,-2966,15583,-927,-601,-1914,2018,75728,-15212,28525,3720,663,832,1324,75728,-7512,-29382,7170,504,-893,2643,75707,2406,31276,3807,-766,-1769,-4216,11,3
2295,75729,30494,-1700,-8091,-2480,2159,-1143,75729,-2798,15710,-894,-465,-1616,1607,75750,-14212,29097,3708,661,895,1025,75750,-7629,-29980,7135,413,-605,2093,75729,2276,31357,3745,-765,-1661,-3791,11,3
2296,75751,30494,-1700,-8091,-2480,2159,-1143,75751,-2777,15710,-894,-430,-1478,1607,75772,-14212,29097,3708,661,895,1025,75772,-7629,-29980,7135,413,-547,2093,75751,2276,31427,3745,-746,-1661,-3577,11,3
2297,75773,30494,-1897,-8091,-2480,1841,-1143,75773,-2777,15710,-894,-430,-1478,1186,75794,-14212,29097,3699,661,895,848,75794,-7629,-29980,7075,335,-547,1804,75773,2007,31427,3744,-746,-1661,-3577,11,3
2298,75795,30606,-2044,-7091,-2121,1512,-861,75795,-2625,15788,-920,-246,-955,819,75816,-13447,29492,3692,513,1024,735,75816,-7767,-30125,7030,276,-547,1779,75795,1805,31592,3744,-720,-1640,-3078,11,3
2299,75817,30606,-2044,-7091,-2121,1512,-861,75817,-2612,15788,-920,-246,-907,819,75838,-13447,29492,3692,513,1024,735,75838,-7767,-30125,7021,276,-444,1779,75817,1805,31592,4054,-709,-1713,-3056,11,3
2300,75839,30456,-2107,-7091,-2121,1225,-861,75839,-2612,15788,-920,-246,-907,641,75860,-13447,29492,3692,401,1024,686,75860,-7871,-30233,7010,232,-444,1760,75839,1627,31592,4054,-709,-1754,-3056,11,3
2301,75861,30456,-2154,-6091,-1851,1015,-722,75861,-2489,15818,-827,-89,-534,538,75882,-13113,29615,3747,101,1161,653,75882,-7993,-30314,6995,196,-367,1746,75861,840,31656,4444,-511,-1754,-2642,11,3
2302,75883,30456,-2154,-6091,-1773,1015,-722,75883,-2489,15846,-827,-87,-530,538,75904,-13113,29615,3747,101,1266,653,75904,-7993,-30314,6995,196,-367,1746,75883,840,31656,4472,-495,-1541,-2550,11,3
2303,75905,30456,-2154,-6091,-1773,857,-722,75905,-2489,15846,-827,-87,-530,461,75926,-13113,29615,3747,-269,1266,653,75926,-8150,-30375,6995,169,-367,1731,75905,250,31656,4472,-495,-1541,-2550,11,3
2304,75927,30456,-2157,-5091,-1421,748,-618,75927,-2453,15930,-757,60,-247,358,75948,-12742,29791,3830,-1118,2096,704,75948,-8202,-30597,7130,26,-660,1519,75927,135,31704,4818,-364,-789,-1835,11,3
2305,75949,30456,-2157,-5091,-1255,748,-537,75949,-2453,15930,-757,67,-182,358,75970,-12642,29995,3880,-1118,2096,728,75970,-8202,-30597,7130,26,-660,1519,75949,135,31804,4818,-364,-789,-1829,11,3
2306,75971,30456,-2159,-5091,-1255,748,-537,75971,-2453,15930,-774,67,-182,249,75992,-12642,29995,3880,-1755,2096,728,75992,-8202,-30763,7130,-130,-889,1364,75971,113,31804,4818,-364,-789,-1829,11,3
2307,75993,30482,-2245,-4091,-751,773,-398,75993,-2293,15999,-787,120,122,126,76014,-12053,30204,3902,-2233,2954,786,76014,-8215,-30888,7073,-247,-1051,1248,75993,96,31909,4803,-441,9,-1288,11,3
2308,76015,30482,-2245,-4091,-672,773,-340,76015,-2293,15999,-787,120,216,126,76036,-11985,30204,3902,-2233,2954,786,76036,-8215,-30888,7073,-247,-1051,1248,76015,96,31909,4803,-441,9,-1288,11,3
2309,76037,30482,-2309,-4091,-672,773,-340,76037,-2293,15999,-797,120,216,-39,76058,-11985,30204,3902,-2261,2954,786,76058,-8225,-31012,7073,-335,-1051,1161,76037,96,31909,4792,-538,9,-1288,11,3
2310,76059,30501,-2393,-3091,-217,771,-308,76059,-2288,16010,-797,61,587,-163,76080,-11532,30361,3918,-2282,3598,829,76080,-8434,-31075,7164,-391,-1029,1055,76059,146,31917,4570,-646,645,-911,11,3
2311,76081,30501,-2393,-3091,-217,771,-308,76081,-2288,16010,-786,61,587,-163,76102,-11518,30393,3936,-2282,3598,829,76102,-8434,-31075,7164,-391,-957,1055,76081,224,31917,4570,-646,758,-911,11,3
2312,76103,30501,-2464,-3091,-217,769,-342,76103,-2290,16010,-783,49,587,-250,76124,-11518,30393,3936,-2282,3598,829,76124,-8591,-31122,7164,-439,-957,916,76103,224,31917,4403,-727,758,-911,11,3
2313,76125,30552,-2636,-2091,-235,671,-448,76125,-2355,16015,-783,39,829,-307,76146,-10898,30600,3982,-2220,3553,872,76146,-8631,-31167,7203,-492,-568,812,76125,320,31931,4362,-808,1301,-628,11,3
2314,76147,30564,-2636,-2091,-235,671,-448,76147,-2355,16018,-776,39,829,-307,76168,-10898,30614,4024,-2220,3553,872,76168,-8631,-31167,7203,-492,-568,812,76147,320,31931,4362,-808,1301,-628,11,3
2315,76169,30564,-2739,-2091,-266,598,-552,76169,-2403,16018,-776,0,829,-337,76190,-10898,30614,4024,-2220,3519,872,76190,-8661,-31175,7203,-551,-568,812,76169,320,31931,4362,-825,1301,-628,11,3
2316,76191,30559,-2806,-1091,-508,598,-840,76191,-2403,16042,-738,-10,892,-337,76212,-10699,30766,4108,-1644,3233,568,76212,-8787,-31207,7224,-595,-339,832,76191,386,31942,4431,-825,1632,-401,11,3
2317,76213,30559,-2806,-1091,-508,621,-840,76213,-2400,16042,-698,-10,892,-310,76234,-10699,30766,4282,-1609,3233,568,76234,-8787,-31207,7224,-595,-339,832,76213,386,31942,4431,-823,1632,-290,11,3
2318,76235,30555,-2806,-1091,-744,621,-1097,76235,-2400,16042,-698,-18,733,-310,76256,-10699,30766,4282,-1609,2970,235,76256,-8882,-31231,7224,-595,-339,832,76235,386,31942,4431,-823,1632,-290,11,3
2319,76257,30540,-2726,-91,-932,671,-1289,76257,-2392,16043,-632,-18,340,-199,76278,-10202,30882,4489,-1204,2669,-98,76278,-8901,-31359,7188,-581,-112,839,76257,481,31960,4607,-793,1880,151,11,3
2320,76279,30540,-2668,-91,-932,686,-1289,76279,-2383,16043,-632,22,340,-184,76300,-10202,30896,4489,-1204,2669,-98,76300,-8901,-31359,7188,-565,-112,839,76279,543,31960,4607,-783,1880,151,11,3
2321,76301,30540,-2668,-91,-1010,686,-1368,76301,-2383,16043,-632,22,46,-184,76322,-10202,30896,4489,-1204,2174,-348,76322,-8901,-31477,7135,-565,-112,839,76301,543,31960,4607,-783,1863,151,11,3
2322,76323,30569,-2543,909,-1068,719,-1407,76323,-2283,16096,-583,52,-169,-110,76344,-10149,30902,4630,-900,1803,-450,76344,-8915,-31477,7059,-559,-46,867,76323,811,31974,4641,-728,1622,237,11,3
2323,76345,30569,-2543,909,-1068,719,-1407,76345,-2268,16100,-519,71,-169,-110,76366,-10149,30902,4630,-783,1803,-450,76366,-8915,-31471,7059,-559,-46,946,76345,811,31974,4641,-728,1622,237,11,3
2324,76367,30569,-2543,909,-1085,719,-1407,76367,-2268,16100,-519,71,-232,-110,76388,-10149,30888,4630,-783,1669,-450,76388,-9032,-31471,7002,-559,-46,946,76367,811,31974,4641,-728,1402,220,11,3
2325,76389,30629,-2523,1909,-1097,709,-1389,76389,-2180,16159,-406,118,-232,-80,76410,-10109,30832,4744,-526,1593,-427,76410,-9195,-31445,7002,-463,3,974,76389,762,31968,4666,-699,1237,201,11,3
2326,76411,30629,-2523,1909,-1097,709,-1375,76411,-2180,16159,-400,157,-216,-80,76432,-10089,30832,4822,-526,1593,-427,76432,-9195,-31439,7003,-457,157,974,76411,762,31968,4786,-699,1237,201,11,3
2327,76433,30629,-2523,1909,-1099,663,-1375,76433,-2180,16159,-400,157,-216,-80,76454,-10089,30792,4822,-526,1557,-427,76454,-9326,-31439,7003,-457,157,935,76433,691,31960,4786,-699,1208,193,11,3
2328,76455,30632,-2484,2909,-1099,596,-1158,76455,-2224,16156,-338,213,-124,-59,76476,-10018,30770,4980,-406,1530,-409,76476,-9428,-31341,7102,-290,261,893,76455,672,31954,4959,-653,1201,181,11,3
2329,76477,30632,-2484,2909,-1080,596,-1136,76477,-2224,16156,-338,213,-124,-59,76498,-10018,30770,4980,-406,1530,-376,76498,-9428,-31337,7102,-288,261,893,76477,672,31954,4959,-611,1201,181,11,3
2330,76499,30604,-2484,2909,-1080,519,-1136,76499,-2254,16150,-338,213,-124,-59,76520,-10018,30753,4980,-406,1530,-376,76520,-9526,-31337,7102,-288,261,781,76499,672,31954,4959,-611,1201,123,11,3
2331,76521,30579,-2449,3909,-1043,461,-931,76521,-2276,16146,-307,250,-31,-55,76542,-10095,30722,4973,-379,1559,-307,76542,-9600,-31278,7156,-142,123,626,76521,672,31955,5027,-521,1196,21,11,3
2332,76543,30579,-2431,3909,-1043,461,-910,76543,-2276,16145,-307,250,-31,-55,76564,-10095,30722,4973,-379,1559,-307,76564,-9600,-31278,7156,-123,123,626,76543,672,31955,5027,-481,1196,21,11,3
2333,76565,30540,-2431,3909,-1043,461,-910,76565,-2293,16145,-307,250,-31,-55,76586,-10163,30649,4969,-379,1559,-307,76586,-9637,-31278,7156,-123,19,482,76565,600,31928,5027,-481,1196,21,11,3
2334,76587,30449,-2369,4909,-1067,539,-740,76587,-2315,16145,-325,352,85,-97,76608,-10340,30594,4966,-428,1620,-370,76608,-9661,-31332,7175,16,-70,317,76587,546,31880,5078,-383,1226,21,11,3
2335,76609,30449,-2369,4909,-1067,554,-737,76609,-2315,16154,-325,354,88,-97,77530,-10340,30594,4966,-428,1629,-370,77530,-9661,-31332,7195,16,-70,317,76609,546,31880,5078,-374,1226,101,12,3
2336,77531,30431,-2369,4909,-1085,554,-737,77531,-2323,16154,-369,354,88,-151,77552,-10473,30593,4966,-465,1629,-417,77552,-9683,-31373,7195,16,-136,183,77531,546,31858,5078,-374,1189,101,12,3
2337,77553,30371,-2322,5909,-1085,681,-602,77553,-2329,16160,-402,423,162,-191,77574,-10572,30592,5010,-465,1740,-417,77574,-9758,-31403,7262,91,-319,99,77553,613,31858,5080,-287,1041,196,12,3
2338,77575,30371,-2302,5909,-1069,681,-581,77575,-2329,16163,-402,423,162,-191,77596,-10572,30592,5010,-444,1860,-105,77596,-9758,-31403,7266,91,-319,99,77575,613,31891,5080,-287,1041,196,12,3
2339,77597,30371,-2302,5909,-1069,557,-581,77597,-2329,16163,-438,423,162,-191,77618,-10647,30586,5010,-444,1860,-105,77618,-9844,-31403,7266,91,-716,36,77597,613,31891,5080,-287,722,196,12,3
2340,77619,30338,-2284,6909,-881,443,-424,77619,-2329,16170,-499,445,218,-76,77640,-10723,30581,5067,-349,2034,78,77640,-9908,-31268,7351,24,-1298,-119,77619,551,31942,5318,14,538,267,12,3
2341,77641,30338,-2284,6909,-881,443,-424,77641,-2315,16170,-499,445,229,-76,77662,-10723,30581,5067,-349,2052,78,77662,-9908,-31268,7351,24,-1298,-119,77641,551,31942,5318,14,538,329,12,3
2342,77663,30313,-2321,6909,-881,404,-424,77663,-2315,16146,-544,431,229,-76,77684,-10723,30581,5067,-349,2052,78,77684,-9908,-31268,7351,-25,-1613,-235,77663,551,31942,5268,14,462,329,12,3
2343,77685,30295,-2348,7909,-756,401,-340,77685,-2302,16114,-591,411,330,-67,77706,-10672,30621,5014,-278,2187,103,77706,-9876,-31243,7407,-61,-1829,-334,77685,601,31976,5231,163,423,501,12,3
2344,77707,30295,-2348,7909,-756,401,-340,77707,-2302,16114,-591,411,370,-67,77728,-10632,30621,5014,-278,2187,103,77728,-9876,-31243,7407,-61,-1829,-334,77707,633,31976,5231,163,423,501,12,3
2345,77729,30295,-2348,7909,-756,401,-340,77729,-2302,16102,-620,381,370,-67,77750,-10632,30621,4974,-278,2187,103,77750,-9876,-31243,7407,-88,-1865,-407,77729,633,31976,5203,163,394,501,12,3
2346,77751,30319,-2317,8909,-718,413,-362,77751,-2294,16093,-642,349,381,-60,77772,-10568,30655,4934,-243,2168,122,77772,-9852,-31240,7503,-108,-1865,-461,77751,652,31984,5166,252,377,592,12,3
2347,77773,30339,-2317,8909,-718,413,-362,77773,-2294,16093,-642,349,381,-47,77794,-10568,30675,4934,-243,2168,158,77794,-9852,-31240,7503,-108,-1670,-461,77773,652,31984,5166,252,377,592,12,3
2348,77795,30339,-2317,8909,-718,413,-430,77795,-2294,16093,-654,349,381,-47,77816,-10568,30699,4904,-243,2117,158,77816,-9852,-31240,7503,-177,-1670,-461,77795,652,31984,5138,252,377,592,12,3
2349,77817,30430,-2293,9909,-790,389,-484,77817,-2247,16117,-654,351,389,-29,77838,-10520,30716,4842,-171,1953,253,77838,-9690,-31246,7569,-322,-1521,-417,77817,665,31986,5071,283,398,592,12,3
2350,77839,30430,-2241,9909,-790,389,-484,77839,-2247,16117,-648,351,391,-26,77860,-10520,30736,4842,-171,1953,253,77860,-9690,-31246,7569,-322,-1521,-417,77839,665,31986,5071,283,398,592,12,3
2351,77861,30430,-2241,9909,-844,369,-528,77861,-2247,16117,-648,351,391,-26,77882,-10520,30736,4795,-171,1830,253,77882,-9745,-31246,7569,-431,-1521,-417,77861,665,31986,4993,275,398,592,12,3
2352,77883,30454,-2158,10843,-869,354,-635,77883,-2220,16122,-643,364,322,26,77904,-10456,30764,4778,-138,1716,275,77904,-9786,-31250,7618,-472,-1272,-492,77883,674,31987,4934,234,422,592,12,3
2353,77905,30454,-2156,10843,-869,354,-635,77905,-2220,16122,-643,364,322,26,77926,-10454,30790,4778,-138,1716,275,77926,-9786,-31250,7646,-472,-1141,-492,77905,674,31987,4934,234,422,602,12,3
2354,77927,30454,-2156,10843,-885,342,-723,77927,-2220,16122,-657,364,270,26,77948,-10454,30790,4773,-138,1627,260,77948,-9786,-31253,7646,-492,-1141,-551,77927,674,31987,4908,192,422,602,12,3
2355,77949,30494,-2129,11612,-897,337,-807,77949,-2214,16129,-673,388,229,37,77970,-10368,30822,4773,-56,1403,203,77970,-9751,-31265,7658,-505,-794,-631,77949,681,32010,4889,117,440,621,12,3
2356,77971,30494,-2129,11612,-897,337,-807,77971,-2214,16133,-673,388,229,37,77992,-10368,30822,4785,-56,1403,203,77992,-9731,-31265,7658,-505,-793,-631,77971,689,32010,4889,117,440,630,12,3
2357,77993,30494,-2129,11612,-921,333,-901,77993,-2214,16133,-673,388,206,36,78014,-10368,30822,4785,-56,1235,160,78014,-9731,-31274,7613,-505,-793,-731,77993,689,32010,4889,55,371,630,12,3
2358,78015,30524,-2112,12157,-972,330,-971,78015,-2205,16147,-666,389,197,23,78036,-10292,30812,4822,8,1097,129,78036,-9690,-31315,7579,-495,-418,-812,78015,746,31999,4892,-11,319,617,12,3
2359,78037,30524,-2112,12157,-972,330,-971,78037,-2205,16147,-662,389,197,23,78058,-10292,30812,4868,8,1097,129,78058,-9654,-31315,7579,-491,-418,-812,78037,746,31999,4900,-11,319,617,12,3
2360,78059,30524,-2112,12157,-1012,323,-1004,78059,-2205,16147,-662,389,197,10,78080,-10292,30805,4868,8,993,106,78080,-9654,-31346,7550,-491,-418,-850,78059,746,31997,4900,-66,261,607,12,3
2361,78081,30537,-2098,12577,-1047,266,-1026,78081,-2200,16148,-653,390,197,0,78102,-10209,30799,4931,140,881,89,78102,-9556,-31383,7508,-481,-164,-850,78081,789,31997,4927,-133,208,590,12,3
2362,78103,30537,-2094,12615,-1047,266,-1026,78103,-2200,16148,-651,390,197,0,78124,-10209,30799,4931,140,881,89,78124,-9508,-31383,7508,-481,-164,-848,78103,811,32005,4927,-133,208,590,12,3
2363,78125,30537,-2094,12615,-1073,216,-1034,78125,-2200,16148,-651,373,179,-7,78146,-10209,30799,4931,140,797,85,78146,-9508,-31411,7473,-481,-164,-848,78125,813,32005,4927,-195,178,575,12,3
2364,78147,30551,-2096,12961,-1091,163,-1039,78147,-2146,16149,-627,360,166,-10,78168,-10194,30815,4978,293,739,82,78168,-9394,-31434,7424,-434,-15,-766,78147,836,32033,4955,-241,172,530,12,3
2365,78169,30551,-2096,12961,-1091,163,-1039,78169,-2134,16159,-621,360,166,-10,78190,-10194,30815,4998,293,739,82,78190,-9394,-31434,7424,-433,-15,-737,78169,837,32033,4971,-241,172,530,12,3
2366,78191,30551,-2098,12961,-1091,96,-1039,78191,-2134,16159,-621,356,166,-10,78212,-10194,30815,4998,293,739,80,78212,-9394,-31434,7410,-433,-15,-737,78191,837,32033,4971,-276,172,497,12,3
2367,78213,30553,-2098,13176,-1083,38,-1035,78213,-2081,16167,-585,353,174,13,78234,-10179,30791,5048,380,745,68,78234,-9311,-31427,7399,-373,89,-591,78213,855,32000,5030,-283,223,476,12,3
2368,78235,30553,-2077,13176,-1079,38,-1031,78235,-2081,16167,-585,353,174,21,78256,-10179,30791,5048,380,816,68,78256,-9311,-31427,7399,-369,89,-539,78235,855,32000,5030,-283,223,476,12,3
2369,78257,30553,-2077,13176,-1079,28,-1031,78257,-2081,16167,-585,351,174,21,78278,-10179,30773,5048,314,816,39,78278,-9311,-31427,7399,-369,89,-539,78257,855,31976,5030,-283,223,476,12,3
2370,78279,30561,-2061,13270,-1054,28,-1007,78279,-2065,16166,-558,342,180,56,78300,-10176,30771,5040,147,992,-22,78300,-9293,-31398,7375,-254,398,-410,78279,893,31974,5070,-251,256,478,12,3
2371,78301,30569,-2061,13270,-1040,58,-1006,78301,-2065,16166,-555,342,180,59,78322,-10176,30771,5040,147,1169,-22,78322,-9293,-31398,7375,-211,964,-410,78301,893,31974,5070,-251,256,478,12,3
2372,78323,30569,-2061,13270,-1040,58,-1006,78323,-2065,16164,-555,332,180,59,78344,-10176,30771,5040,-140,1169,-71,78344,-9293,-31398,7343,-211,964,-410,78323,893,31974,5070,-251,124,478,12,3
2373,78345,30597,-2085,13284,-954,130,-965,78345,-2065,16160,-513,324,165,80,78366,-10114,30808,5034,-356,1469,-443,78366,-9243,-31496,7313,-144,1460,-345,78345,871,31998,5114,-180,-204,479,12,3
2374,78367,30725,-2085,13284,-954,130,-965,78367,-2065,16160,-510,324,165,80,78388,-10100,30924,5034,-356,1469,-443,78388,-9243,-31496,7313,-144,1460,-345,78367,871,32020,5114,-180,-204,479,12,3
2375,78389,30725,-2085,13284,-954,130,-965,78389,-2065,16160,-510,324,150,80,78410,-10100,30924,5034,-356,1260,-838,78410,-9243,-31570,7290,-144,1460,-345,78389,855,32020,5114,-180,-450,479,12,3
2376,78411,30926,-1995,13305,-1087,-74,-1012,78411,-2061,16162,-508,360,75,14,78432,-9805,31033,5035,-125,846,-1231,78432,-9252,-31570,7191,-94,1832,-264,78411,855,32013,5077,-123,-599,519,12,3
2377,78433,30926,-1985,13305,-1087,-74,-1012,78433,-1992,16198,-508,408,75,14,78454,-9805,31033,5035,-108,846,-1231,78454,-9252,-31499,7191,-81,1998,-264,78433,891,32013,5077,-123,-599,519,12,3
2378,78455,30926,-1985,13192,-1187,-354,-1012,78455,-1992,16198,-508,408,19,-38,78476,-9805,31033,5030,-108,390,-1568,78476,-9296,-31499,7109,-81,1998,-264,78455,891,32013,5073,-136,-703,519,12,3
2379,78477,31022,-1814,12854,-1187,-572,-1007,78477,-1894,16242,-506,424,19,-114,78498,-9837,31006,4956,-28,48,-1861,78498,-9349,-31446,7047,36,2455,-319,78477,936,31999,5073,-218,-781,424,12,3
2380,78499,31022,-1802,12854,-1150,-572,-1007,78499,-1894,16242,-492,424,41,-114,78520,-9837,31006,4956,-28,48,-1861,78520,-9349,-31446,7047,76,2510,-319,78499,936,31999,5074,-218,-781,424,12,3
2381,78521,31022,-1802,12580,-1150,-777,-1007,78521,-1894,16242,-492,411,41,-223,78542,-9861,30986,4901,-28,-75,-2082,78542,-9433,-31446,7045,76,2510,-429,78521,936,31989,5074,-296,-781,331,12,3
2382,78543,30022,-1607,12351,-916,-1183,-868,78543,-1820,16311,-447,382,138,-339,78564,-9861,30986,4859,-3,-167,-2374,78564,-9520,-31508,7045,135,3005,-815,78543,800,31973,5135,-392,-541,283,12,3
2383,78565,30022,-1517,12351,-916,-1183,-868,78565,-1820,16311,-444,382,151,-339,78586,-9615,31115,4859,-3,-167,-2374,78586,-9520,-31508,7117,135,3007,-815,78565,800,31973,5135,-392,-172,283,12,3
2384,78587,29022,-1517,12079,-916,-1571,-868,78587,-1820,16311,-444,370,151,-505,78608,-9615,31115,4706,-3,-803,-2885,78608,-9691,-31555,7117,119,3007,-1299,78587,700,31961,5135,-481,-172,283,12,3
2385,78609,28022,-1305,11535,-723,-2676,-892,78609,-1724,16326,-408,360,236,-894,78630,-9411,31272,4455,951,-2680,-4106,78630,-10032,-31590,7229,-433,3378,-2671,78609,581,31952,5181,-568,694,443,12,3
2386,78631,28022,-1305,11535,-723,-2676,-892,78631,-1724,16326,-408,360,398,-894,78652,-9411,31272,4455,951,-2680,-4106,78652,-10032,-31590,7229,-433,3480,-2671,78631,581,31952,5181,-568,738,584,12,3
2387,78653,27022,-1305,11037,-723,-3865,-973,78653,-1724,16326,-408,353,398,-1400,78674,-9524,31178,3903,951,-4611,-5529,78674,-10287,-31590,7229,-847,3480,-4671,78653,245,31952,5181,-639,738,584,12,3
2388,78675,26550,-1360,10177,-769,-5865,-1647,78675,-1681,15923,-476,347,1589,-2832,78696,-10524,30647,3489,1743,-6611,-7529,78696,-10287,-31488,7423,-847,4080,-6671,78675,-6,31944,5265,-766,1837,1553,12,3
2389,78697,26550,-1360,10177,-769,-5865,-1647,78697,-1681,15923,-476,347,1991,-2832,78718,-10524,30647,3489,1743,-6611,-7529,78718,-9615,-31488,7423,-811,4080,-6671,78697,-6,31944,5265,-766,1923,2121,12,3
2390,78719,26550,-1870,9484,-1058,-7865,-2512,78719,-1681,15276,-527,347,1991,-4399,78740,-11524,29647,3489,1743,-7292,-9529,78740,-9615,-31488,7207,-811,4080,-7965,78719,-6,31920,5114,-984,1923,2121,12,3
2391,78741,26244,-2252,8965,-1623,-9865,-3522,78741,-2029,14791,-527,397,3760,-5663,78762,-12524,28647,3944,732,-7292,-11529,78762,-8615,-31256,6463,-744,4530,-8458,78741,79,30920,5001,-1509,2410,4121,12,3
2392,78763,26244,-2252,8965,-1623,-9865,-3522,78763,-2029,14791,-457,914,3760,-5663,78784,-12524,28647,3944,732,-5897,-11529,78784,-8615,-31186,6463,-460,4530,-8458,78763,81,30920,5001,-1509,2410,4121,12,3
2393,78785,26244,-2252,8965,-1623,-11865,-3522,78785,-2588,14791,-457,914,3760,-6336,78806,-13199,27647,3944,-1268,-5897,-12938,78806,-8615,-31186,5905,-460,4316,-8458,78785,81,30346,5001,-1938,2410,4121,12,3
2394,78807,26015,-1252,9189,-1494,-13401,-3274,78807,-3547,14800,-589,2056,4272,-6522,78828,-13919,27509,4548,-3268,-3897,-13859,78828,-7615,-30186,5804,481,3723,-8176,78807,146,29479,5228,-2306,2557,6121,12,3
2395,78829,26015,-1252,9189,-483,-13401,-2010,78829,-3547,14861,-589,2332,4272,-6522,78850,-13919,27509,4686,-3268,-3897,-13859,78850,-7615,-30186,5804,528,3723,-8081,78829,636,29479,5228,-2306,2557,6121,12,3
2396,78851,26015,-1252,8897,-483,-14410,-2010,78851,-4266,14861,-828,2332,3954,-6522,78872,-14459,27509,4686,-5122,-3897,-13859,78872,-7615,-30186,5793,528,2632,-8081,78851,636,29265,5228,-2505,2522,6121,12,3
2397,78873,26851,-1261,8464,1157,-15026,-1563,78873,-4533,14849,-1092,3120,1954,-6319,78894,-15096,27577,5514,-6512,-1897,-13151,78894,-6923,-30323,5793,1269,1201,-7554,78873,1015,28936,5931,-2505,2522,6885,12,3
2398,78895,26851,-1261,8464,1157,-15026,-1563,78895,-4533,14849,-1092,3120,1954,-6319,78916,-15096,27577,5670,-6512,-1897,-13151,78916,-6819,-30323,6198,1321,1201,-7480,78895,1636,28936,5931,-2400,3527,6885,12,3
2399,78917,26851,-1615,7740,1157,-15488,-1563,78917,-4533,14806,-1461,3120,-46,-6319,78938,-16096,27456,5670,-6937,-1897,-13151,78938,-6819,-30426,6198,1321,128,-7480,78917,1636,28936,5931,-2400,4280,6885,12,3
2400,78939,27478,-1881,7141,1669,-17488,-1756,78939,-4411,14772,-1804,3385,-1873,-6428,78960,-17096,26456,6032,-7255,103,-12620,78960,-6186,-30426,6560,1916,-818,-6800,78939,2636,29476,6394,-2368,4280,7177,12,3
2401,78961,27478,-1881,7141,1669,-17488,-1756,78961,-4411,14772,-1804,3385,-1873,-6428,78982,-17096,26456,6032,-7255,103,-12620,78982,-6186,-30426,6560,1916,-818,-6800,78961,2636,29476,6394,-2252,4787,7177,12,3
2402,78983,27408,-1881,6141,1648,-19488,-1901,78983,-4411,14599,-2101,3029,-1873,-6639,79004,-17860,25488,6032,-7255,103,-12620,79004,-6186,-30603,6560,1758,-1224,-6800,78983,2636,29476,6394,-2236,4787,7177,12,3
2403,79005,27356,-1790,5141,1181,-21488,-2343,79005,-5411,13925,-2446,2652,-1304,-6845,79026,-18673,24488,6124,-5784,883,-12793,79026,-5711,-30603,6718,1510,-1529,-7011,79005,3636,29755,6683,-2236,4383,7388,12,3
2404,79027,27356,-1790,5141,1181,-21488,-2343,79027,-5411,13925,-2446,2652,-1087,-6845,79048,-18673,24488,6124,-5784,883,-12793,79048,-5711,-30603,6718,1510,-1529,-7011,79027,3636,29755,6683,-2224,4383,7388,12,3
2405,79049,27317,-1790,4141,831,-22371,-2343,79049,-6411,13326,-2705,2370,-1087,-7023,79070,-19282,23488,6124,-5784,883,-12976,79070,-5711,-30736,6718,1324,-1529,-7230,79049,3636,29755,6683,-2224,3376,7388,12,3
2406,79071,27284,-1790,3141,505,-22873,-2152,79071,-7411,12819,-2997,2158,-1038,-7218,79092,-20282,22488,6193,-4598,536,-13535,79092,-5051,-30836,7084,1131,-1400,-7651,79071,4636,29944,6892,-2614,2360,7860,12,3
2407,79093,27284,-1790,3141,505,-22873,-2152,79093,-7411,12819,-2997,2158,-1038,-7218,79114,-20282,22488,6471,-4598,536,-13535,79114,-4711,-30836,7250,1131,-1159,-7651,79093,4636,29944,6892,-2614,2360,8035,12,3
2408,79115,27284,-1790,2141,260,-22873,-2152,79115,-8142,12395,-3095,1456,-1090,-7218,79136,-21282,21488,6471,-4598,536,-13864,79136,-4711,-30836,7250,915,-1159,-8328,79115,4636,29748,6892,-2970,1588,8035,12,3
2409,79137,27293,-1790,1141,-300,-22544,-2102,79137,-8700,11555,-3212,930,-1605,-7183,79158,-22282,20488,6731,-2903,850,-14111,79158,-3737,-30069,7617,495,-703,-9064,79137,5636,29513,7471,-3525,1009,8554,12,3
2410,79159,27293,-1538,1141,-300,-21779,-2102,79159,-8700,11555,-3212,930,-1605,-7183,79180,-22282,20488,6731,-2809,1469,-14111,79180,-3711,-30069,7617,495,-190,-9064,79159,5636,29513,7589,-3525,1009,8557,12,3
2411,79181,27293,-1538,141,-762,-21779,-2102,79181,-9270,10957,-3300,849,-1992,-7183,79202,-23282,19502,6731,-2809,1469,-14145,79202,-3711,-30069,7617,-5,-190,-9616,79181,5636,29336,7589,-3947,574,8557,12,3
2412,79203,27869,-1197,-859,-1066,-20314,-2062,79203,-9724,10573,-3366,849,-2039,-7156,79224,-24247,18762,6338,-1386,1858,-14204,79224,-2711,-29493,7616,-380,311,-9977,79203,6636,29124,8023,-4368,211,9374,12,3
2413,79225,27875,-1149,-859,-1066,-19779,-2027,79225,-9724,10573,-3366,902,-2039,-7156,79246,-24247,18762,6338,-1369,1858,-14204,79246,-2711,-29493,7616,-380,311,-9977,79225,6636,29124,8111,-4368,211,9422,12,3
2414,79247,27875,-1149,-1859,-1066,-19779,-2027,79247,-10202,10573,-3366,902,-2074,-7156,79268,-24971,18207,6225,-1369,1808,-14248,79268,-2711,-29493,7526,-648,311,-10146,79247,6636,28851,8111,-4884,-359,9422,12,3
2415,79269,28504,-321,-2859,-719,-18048,-1693,79269,-10640,10683,-3287,1372,-2176,-6959,79290,-25971,17753,6140,-289,1770,-14261,79290,-1711,-29433,7526,-849,124,-10146,79269,7636,28622,8605,-5288,-835,10058,12,3
2416,79291,28504,-321,-2859,-719,-18002,-1693,79291,-10640,10783,-3264,1372,-2176,-6959,79312,-25971,17753,6140,-289,1770,-14261,79312,-1711,-29433,7526,-849,124,-10017,79291,7636,28622,8671,-5288,-835,10058,12,3
2417,79313,28504,-321,-3859,-719,-18002,-1693,79313,-11084,10783,-3264,1372,-2294,-6959,79334,-26971,17412,6077,-289,1770,-14261,79334,-1711,-29433,7458,-1124,-123,-10017,79313,7636,28450,8671,-5313,-1184,10058,12,3
2418,79335,29092,-238,-4859,-516,-16063,-1635,79335,-11548,10940,-3106,1310,-2433,-6705,79356,-27834,17045,5935,521,2899,-13787,79356,-711,-29388,7233,-1356,-308,-9600,79335,8636,28061,9081,-5313,-1528,9906,12,3
2419,79357,29092,-238,-4859,-516,-16060,-1635,79357,-11548,10940,-3106,1310,-2433,-6646,79378,-27834,17045,5935,521,2899,-13779,79378,-711,-29290,7233,-1356,-308,-9372,79357,8636,28061,9081,-5167,-1528,9906,12,3
2420,79379,29092,-238,-5859,-516,-16060,-1635,79379,-11896,10940,-3106,1169,-2538,-6646,79400,-28095,16545,5829,521,2899,-13779,79400,-711,-29290,6980,-1495,-447,-9372,79379,8636,27155,9081,-5167,-1663,9618,12,3
2421,79401,28875,-90,-6859,-234,-14312,-1598,79401,-12204,10983,-2857,746,-2616,-6305,79422,-28291,15936,5585,607,3603,-13196,79422,289,-29427,6791,-1495,-563,-8627,79401,9636,26574,9160,-4953,-1682,9314,12,3
2422,79423,28875,1,-6859,-145,-14312,-1598,79423,-12204,10983,-2847,746,-2616,-6297,79444,-28291,15936,5585,607,3603,-12810,79444,289,-29427,6791,-1454,-563,-8391,79423,9636,26574,9160,-4891,-1682,9314,12,3
2423,79445,28510,1,-7859,-145,-14312,-1644,79445,-12435,10983,-2847,428,-2616,-6297,79466,-28291,15458,5402,606,3603,-12810,79466,289,-29964,6385,-1454,-771,-8391,79445,9636,26138,9160,-4891,-1682,9082,12,3
2424,79467,27716,377,-8859,193,-12312,-1706,79467,-12608,11015,-2572,59,-2492,-5890,79488,-28442,15121,5159,434,3855,-12103,79488,1289,-30547,6174,-1058,-1058,-7356,79467,10636,25811,9512,-4590,-1687,8598,12,3
2425,79489,27716,377,-8859,337,-12312,-1706,79489,-12608,11029,-2404,59,-2492,-5890,79510,-28442,15121,5159,434,3855,-12103,79510,1289,-30547,6174,-904,-1058,-7030,79489,10636,25811,9512,-4330,-1687,8598,12,3
2426,79511,27121,377,-9859,337,-12312,-1706,79511,-12762,11029,-2404,-220,-2492,-5890,79532,-28715,14880,4977,54,3308,-12103,79532,1289,-30870,5896,-904,-1393,-7030,79511,10636,25678,9512,-4330,-1687,8219,12,3
2427,79533,27008,373,-10859,1075,-10312,-1579,79533,-12878,10988,-1864,-564,-2326,-5614,79554,-29348,14700,4840,-234,2897,-11573,79554,2289,-31090,5808,-76,-1644,-5723,79533,11636,25578,9968,-3785,-1529,7790,12,3
2428,79555,27008,373,-10859,1075,-10312,-1436,79555,-12878,10988,-1843,-564,-2230,-5614,79576,-29348,14700,4840,-234,2897,-11546,79576,2289,-31090,5808,0,-1644,-5705,79555,11636,25578,9968,-3767,-1529,7790,12,3
2429,79577,27008,156,-11859,1075,-10312,-1436,79577,-13126,10787,-1843,-824,-2230,-5614,79598,-29823,14555,4714,-234,2589,-11546,79598,2289,-31090,5808,0,-1644,-5705,79577,11636,25503,9968,-3767,-1529,7189,12,3
2430,79599,27278,-336,-12859,1383,-8312,-812,79599,-13461,10242,-1419,-1274,-1805,-5390,79620,-29823,14446,4573,-35,2194,-10946,79620,3289,-30933,6052,698,-1641,-4696,79599,12636,25441,10314,-3048,-1442,6365,12,3
2431,79621,27348,-336,-12859,1383,-8312,-794,79621,-13461,10242,-1419,-1274,-1786,-5349,79642,-28823,14446,4573,-35,2194,-10936,79642,3289,-30933,6396,698,-1632,-4696,79621,12636,25441,10314,-3040,-1442,6365,12,3
2432,79643,27348,-891,-13859,1375,-8312,-794,79643,-13773,9730,-1419,-1611,-1786,-5349,79664,-28823,14434,4391,-35,1898,-10936,79664,3289,-31131,6396,698,-1632,-4696,79643,12636,25036,10314,-3040,-1454,5483,12,3
2433,79665,28105,-1692,-14859,792,-6312,-246,79665,-14183,9306,-1190,-1779,-1213,-5052,79686,-27823,14425,4255,109,1762,-10052,79686,4099,-31280,6837,788,-1433,-3934,79665,13636,24733,10449,-2433,-1463,4491,12,3
2434,79687,28348,-1692,-14859,792,-6312,-246,79687,-14183,9306,-1190,-1779,-1213,-4997,79708,-27823,14425,4255,109,1762,-9664,79708,4167,-31280,6959,788,-1417,-3847,79687,13636,24733,10449,-2273,-1463,4491,12,3
2435,79709,28348,-2168,-15859,-183,-6312,-246,79709,-14528,8988,-1190,-1792,-1213,-4997,79730,-27823,14306,4237,109,1696,-9664,79730,4167,-31392,6959,733,-1417,-3847,79709,13636,24505,10449,-2273,-1463,3560,12,3
2436,79731,29169,-2497,-16859,-1067,-4312,-86,79731,-14868,8720,-1019,-1792,-783,-4548,79752,-26823,14169,4187,792,1611,-8250,79752,4845,-31570,7289,284,-839,-3047,79731,14636,24252,10318,-1639,-1365,2332,12,3
2437,79753,29169,-2497,-16859,-1067,-4312,-86,79753,-14868,8720,-1005,-1641,-783,-4400,79774,-26823,14169,4186,794,1611,-8007,79774,4845,-31570,7495,284,-673,-3042,79753,14636,24252,10318,-1639,-1248,2332,12,3
2438,79775,29169,-2632,-17859,-1848,-4312,-86,79775,-15214,8563,-1005,-1641,-783,-4400,79796,-26823,13764,4186,794,1488,-8007,79796,4845,-31570,7495,-175,-673,-3042,79775,14636,24021,10224,-1639,-1248,1184,12,3
2439,79797,28169,-2733,-18536,-2703,-3621,14,79797,-15550,8449,-898,-1192,-483,-3687,79818,-25823,13343,4186,1508,1396,-6007,79818,5378,-31625,7579,-938,-10,-2341,79797,15636,23889,10224,-1307,-1076,-81,12,3
2440,79819,28169,-2733,-18536,-2703,-3621,14,79819,-15550,8449,-898,-885,-483,-3338,79840,-25823,13343,4281,1508,1396,-6007,79840,5588,-31625,7579,-938,-7,-2190,79819,15636,23889,10226,-1307,-1076,-81,12,3
2441,79841,27169,-2733,-19360,-3332,-3621,14,79841,-15802,8435,-898,-885,-483,-3338,79862,-25823,12763,4281,1508,1285,-6007,79862,5588,-31625,7579,-1892,-7,-2190,79841,15636,23889,10226,-1307,-1076,-1228,12,3
2442,79863,26169,-2267,-19978,-3556,-3463,89,79863,-15977,8435,-885,-24,-302,-2126,79884,-24823,12328,4282,1524,1072,-4007,79884,5935,-31436,7156,-2711,522,-1209,79863,16349,24064,10409,-668,-676,-2380,12,3
2443,79885,26169,-2167,-19978,-3556,-3463,89,79885,-15977,8492,-885,143,-302,-1936,79906,-24823,12328,4282,1524,1072,-4007,79906,6113,-31436,7156,-2711,522,-943,79885,16349,24208,10593,-444,-480,-2380,12,3
2444,79907,25169,-2167,-20447,-3583,-3463,89,79907,-16105,8492,-885,143,-302,-1936,79928,-24823,12050,4282,1419,597,-4007,79928,6113,-31436,6829,-2917,522,-943,79907,16349,24208,10593,-444,-480,-3317,12,3
2445,79929,25169,-1629,-21353,-3583,-3344,234,79929,-16196,8855,-848,1340,-55,-407,79950,-23823,11857,4189,1136,-156,-2007,79950,6507,-30436,6441,-3034,762,324,79929,16695,24472,10566,376,52,-4267,12,3
2446,79951,26169,-1629,-21353,-3491,-2987,285,79951,-16196,8900,-848,1340,60,-191,79972,-23823,11857,4189,1136,-156,-2007,79972,6507,-30436,6441,-3034,762,555,79951,16695,24476,10566,521,112,-4267,12,3
2447,79973,26169,-1629,-21940,-3491,-2987,285,79973,-16202,8900,-848,1340,60,-191,79994,-23823,11712,4189,1136,-721,-2007,79994,6507,-30436,6150,-3034,762,555,79973,16695,24476,10440,521,112,-5045,12,3
2448,79995,27169,-1243,-22109,-2981,-1307,493,79995,-16202,9216,-838,2113,343,1449,80016,-22823,11604,4279,1180,-1144,-7,80016,6284,-30659,5932,-2503,942,1952,79995,16601,24773,10336,1228,613,-5635,12,3
2449,80017,27169,-1243,-22109,-2933,-987,522,80017,-16018,9237,-838,2113,346,1595,80038,-22823,11604,4279,1358,-1144,-7,80038,6284,-30659,5932,-2124,1142,1956,80017,16601,24773,10336,1228,635,-5635,12,3
2450,80039,27169,-1243,-22109,-2933,-987,522,80039,-16018,9237,-865,2113,346,1595,80060,-22823,11485,4279,1358,-1462,-7,80060,6081,-30884,5932,-2124,1142,1956,80039,16482,24773,10268,1228,635,-6055,12,3
2451,80061,27915,-1288,-21439,-2156,1013,730,80061,-15749,9411,-1098,2206,934,3270,80082,-23823,11485,4605,1376,-1796,1993,80082,5823,-31053,5983,-1115,1309,2969,80061,16351,25133,10268,1485,966,-6348,12,3
2452,80083,27915,-1288,-21267,-2156,1013,730,80083,-15656,9411,-1098,2206,1013,3319,80104,-23823,11611,4713,1376,-1796,1993,80104,5823,-31053,5983,-1115,1309,2969,80083,16351,25133,10379,1485,966,-6348,12,3
2453,80105,27915,-1535,-21267,-2156,1013,730,80105,-15656,9411,-1422,1991,1013,3319,80126,-24823,11611,4713,1376,-2046,1993,80126,5433,-31179,5983,-1115,1309,2969,80105,16079,25133,10379,1485,966,-6369,12,3
2454,80127,28478,-1773,-20267,-1742,3013,748,80127,-15059,9389,-1744,1417,1559,4630,80148,-25781,11856,5154,1307,-2581,3993,80148,5027,-31179,6169,-444,1145,3475,80127,15685,25531,10336,2001,1046,-6369,12,3
2455,80149,28478,-1773,-20267,-1742,3013,748,80149,-15005,9389,-1744,1417,1666,4630,80170,-25781,11974,5240,1307,-2581,3993,80170,5027,-30179,6169,-444,1145,3475,80149,15685,25531,10304,2027,1046,-6328,12,3
2456,80171,28478,-1951,-20267,-1742,3013,682,80171,-15005,9372,-2012,860,1666,4630,80192,-26283,11974,5240,1307,-2682,3993,80192,4608,-30179,6169,-444,1013,3475,80171,15307,25531,10304,2027,866,-6328,12,3
2457,80193,28896,-2045,-19267,-1401,5013,573,80193,-14320,9372,-2294,430,2442,5431,80214,-26410,12974,5550,1560,-3322,5993,80214,4294,-29179,6308,-252,515,3666,80193,14988,26078,10172,2486,395,-6175,12,3
2458,80215,28896,-2045,-19267,-1401,5013,573,80215,-14247,9415,-2294,430,2649,5431,80236,-26410,12974,5636,1560,-3322,5993,80236,4294,-29179,6308,-252,515,3666,80215,14988,26078,10172,2506,395,-6175,12,3
2459,80237,28896,-2115,-19267,-1401,5013,491,80237,-14247,9415,-2563,88,2649,5431,80258,-26410,12974,5636,1560,-4087,5993,80258,4182,-29744,6308,-252,116,3666,80237,14749,26078,10053,2506,-145,-6175,12,3
2460,80259,29218,-2190,-18267,-1167,3013,476,80259,-13666,9606,-2843,-293,3663,5865,80280,-25965,13974,6027,1750,-4660,7993,80280,4098,-30316,6501,-377,-157,3813,80259,14701,26412,9737,2999,-699,-6246,12,3
2461,80281,29254,-2190,-18267,-1167,3013,476,80281,-13509,9748,-2843,-293,3678,5865,80302,-25959,13974,6239,1750,-4660,7993,80302,4098,-30316,6501,-377,-157,3930,80281,14701,26412,9737,3074,-699,-6246,12,3
2462,80303,29254,-2246,-18267,-1167,1013,476,80303,-13509,9748,-3116,-750,3678,5865,80324,-25959,13974,6239,1750,-4660,7993,80324,3731,-30745,6393,-486,-157,3930,80303,14665,26412,9476,3074,-1277,-6475,12,3
2463,80325,29386,-2246,-17267,-1140,1013,553,80325,-12708,10217,-3332,-1093,4450,6191,80346,-25513,14974,6233,1922,-3784,9993,80346,3456,-31066,6292,-553,761,4485,80325,14402,26689,8817,3709,-1764,-7368,12,3
2464,80347,29386,-2214,-17267,-1140,3013,603,80347,-12677,10325,-3332,-1093,4450,6288,80368,-24959,14974,6233,2621,-2979,9993,80368,3456,-31066,6292,-553,806,4689,80347,14402,26923,8817,3711,-1764,-7368,12,3
2465,80369,29386,-2214,-17267,-1202,3013,603,80369,-12677,10325,-3483,-1227,4450,6288,80390,-24959,14974,5838,2621,-2979,9993,80390,3222,-31355,6217,-553,806,4689,80369,14205,26923,8192,3711,-2129,-8217,12,3
2466,80391,28386,-2136,-16267,-1395,5013,687,80391,-12025,10979,-3483,-1328,4425,7035,80412,-23959,15974,5326,3636,-3218,11993,80412,2688,-31572,6160,-459,1135,5574,80391,13435,27316,7776,4237,-2372,-9141,12,3
2467,80413,28386,-2136,-16267,-1395,5013,687,80413,-11787,10979,-3478,-1328,4425,7110,80434,-23959,15974,5326,3836,-3218,11993,80434,2688,-31572,6160,-452,1135,5574,80413,13435,27548,7776,4237,-2372,-9141,12,3
2468,80435,27613,-2136,-16267,-1527,5013,666,80435,-11787,10979,-3478,-1687,3789,7110,80456,-23959,15974,4942,3836,-3614,11993,80456,1688,-31572,6160,-452,968,5574,80435,12435,27548,7464,4237,-2374,-9631,12,3
2469,80457,26968,-1972,-15267,-1604,7013,496,80457,-10787,11453,-3294,-2198,2888,7649,80478,-22959,16974,4620,4231,-3911,12852,80478,900,-30572,6452,-588,111,6102,80457,11435,28479,7230,4490,-2374,-9697,12,3
2470,80479,26968,-1872,-15267,-1604,7013,496,80479,-10787,11453,-3147,-2198,2888,7649,80500,-22959,16974,4620,4231,-3911,12852,80500,900,-30572,6452,-588,111,6102,80479,11435,28479,7230,4490,-2078,-9697,12,3
2471,80501,26644,-1872,-15267,-1604,7013,347,80501,-10787,11453,-3147,-2208,2101,7649,80522,-22959,16974,4379,4231,-3911,12852,80522,309,-30572,6452,-801,-611,6102,80501,10648,28479,7054,4490,-2078,-9697,12,3
2472,80523,26405,-1516,-14267,-1456,9013,73,80523,-9787,11851,-2845,-2216,1365,7687,80544,-21959,17974,4102,3637,-3607,12917,80544,-200,-30703,6479,-1091,-1072,6187,80523,9902,28907,6646,4748,-1827,-9401,12,3
2473,80545,26405,-1516,-14267,-1456,9013,73,80545,-9787,11874,-2838,-2216,1365,7687,80566,-21959,17974,4102,3637,-3457,12917,80566,-200,-30703,6479,-1091,-1072,6187,80545,9902,28917,6646,4748,-1827,-9400,12,3
2474,80567,26405,-1516,-14267,-1456,9013,-116,80567,-9787,11874,-2838,-2216,647,7482,80588,-21959,17974,3396,2170,-3457,12732,80588,-637,-31017,6437,-1234,-1142,6160,80567,9170,28917,6274,4748,-1827,-9400,12,3
2475,80589,26784,-1305,-13267,-1354,10823,-197,80589,-8787,12236,-2480,-2171,34,7082,80610,-20959,18974,2695,807,-1572,12481,80610,-965,-31338,6257,-1234,-1195,6091,80589,8621,29287,5689,4740,-836,-8601,12,3
2476,80611,27060,-1305,-13267,-1354,10823,-197,80611,-8787,12329,-2480,-2171,34,7082,80632,-20959,18974,2695,807,-1457,12481,80632,-965,-31338,6257,-1198,-1195,6091,80611,8621,29377,5689,4740,-836,-8601,12,3
2477,80633,27060,-1305,-13267,-1359,10823,-233,80633,-8787,12329,-2480,-2171,-447,6737,80654,-20959,18974,2499,-54,-1457,12114,80654,-1265,-31338,6134,-1198,-1195,6039,80633,8335,29377,4964,4581,-836,-8601,12,3
2478,80655,27795,-1286,-12267,-1524,11341,-263,80655,-7787,13044,-2045,-1792,-1127,6387,80676,-19959,19974,2406,-534,123,11008,80676,-1796,-30338,6042,-861,-1084,6000,80655,8121,29838,4379,3818,-1017,-8019,12,3
2479,80677,27795,-1286,-12267,-1524,11341,-263,80677,-7787,13100,-2015,-1792,-1127,6387,80698,-19959,19974,2406,-534,123,11008,80698,-1796,-30338,6042,-821,-1084,6000,80677,8121,29850,4379,3818,-1017,-8019,12,3
2480,80699,27795,-1294,-12267,-1770,11132,-285,80699,-7787,13100,-2015,-1792,-1972,6120,80720,-19959,19974,2406,-534,123,9714,80720,-2252,-30338,6042,-821,-1084,5714,80699,7602,29850,3972,2932,-1515,-8019,12,3
2481,80721,26795,-1314,-11267,-1962,10532,-452,80721,-6787,13678,-1724,-1433,-2843,5816,80742,-18959,20974,2514,23,583,8446,80742,-2690,-29338,6121,-501,-1028,5326,80721,6801,30305,3679,2250,-1888,-7468,12,3
2482,80743,26795,-1314,-11267,-1962,10532,-452,80743,-6787,13695,-1724,-1433,-2843,5816,80764,-18959,20974,2514,23,583,8446,80764,-2690,-29338,6139,-501,-1028,5326,80743,6801,30317,3679,2250,-1888,-7335,12,3
2483,80765,25795,-1329,-11267,-2099,9922,-624,80765,-6787,13695,-1724,-1433,-3183,5434,80786,-18959,20974,2514,23,583,7214,80786,-3125,-29338,6139,-501,-1028,4933,80765,6138,30317,3649,1756,-1888,-7335,12,3
2484,80787,24795,-1442,-10267,-2119,8718,-821,80787,-5787,14163,-1553,-1078,-3183,4919,80808,-17959,21974,2595,478,887,5999,80808,-3619,-30031,6212,-340,-1116,4587,80787,5641,30705,3588,1361,-1871,-6428,12,3
2485,80809,24795,-1442,-10267,-2119,8718,-821,80809,-5787,14270,-1553,-1078,-3094,4919,80830,-17959,21974,2599,478,887,5999,80830,-3619,-30085,6216,-340,-1116,4587,80809,5641,30769,3588,1361,-1556,-6230,12,3
2486,80831,24795,-1442,-10267,-2119,7292,-968,80831,-5787,14270,-1553,-1078,-3094,4398,80852,-17959,21974,2599,478,853,5070,80852,-3968,-30551,6216,-340,-1123,4272,80831,5428,30769,3501,995,-1556,-6230,12,3
2487,80853,25795,-1539,-9267,-1731,6063,-1023,80853,-4787,14725,-1281,-1020,-2381,3674,80874,-16959,22974,2771,736,853,4391,80874,-4235,-30977,6278,-254,-1128,3933,80853,5269,30988,3435,596,-1215,-5403,12,3
2488,80875,25795,-1539,-9267,-1693,6063,-1023,80875,-4787,14725,-1281,-1020,-1986,3674,80896,-16959,22974,2815,736,1215,4391,80896,-4235,-30977,6278,-254,-1128,3933,80875,5269,30988,3435,596,-1199,-5403,12,3
2489,80897,25795,-1612,-9267,-1693,4993,-1023,80897,-4787,14725,-1281,-1020,-1986,3033,80918,-16959,22974,2815,736,1215,4158,80918,-4392,-31296,6208,-254,-1128,3668,80897,5149,30988,3386,263,-1199,-5403,12,3
2490,80919,26795,-1691,-8267,-1087,3996,-957,80919,-4235,15018,-1119,-950,-902,2427,80940,-15959,23974,2999,314,1891,3984,80940,-4537,-31554,6156,-146,-1007,3451,80919,5011,30987,3359,-69,-845,-5105,12,3
2491,80941,26795,-1691,-8267,-1087,3996,-936,80941,-4235,15018,-1119,-950,-902,2427,80962,-15959,23974,2999,314,1891,3984,80962,-4537,-31554,6156,-73,-795,3451,80941,5011,30987,3359,-69,-845,-5105,12,3
2492,80963,26795,-1884,-8267,-1087,2999,-936,80963,-4235,15018,-1119,-950,-902,1952,80984,-15959,23974,2999,148,1891,3809,80984,-4646,-31775,6125,-73,-795,3239,80963,4908,30986,3339,-365,-845,-5105,12,3
2493,80985,27658,-2099,-7267,-994,2235,-823,80985,-3821,15276,-998,-833,-387,1592,81006,-14959,24974,2901,-199,2074,3550,81006,-4736,-31941,6125,74,-757,3034,80985,4397,30933,3324,-774,-570,-4925,12,3
2494,81007,27795,-2099,-7267,-994,2235,-823,81007,-3813,15276,-995,-813,-387,1592,81028,-14959,24974,2901,-199,2074,3550,81028,-4736,-31941,6132,81,-757,3034,81007,4397,30933,3324,-774,-570,-4925,12,3
2495,81029,27795,-2124,-7267,-1082,1662,-823,81029,-3813,15276,-995,-813,-387,1291,81050,-14959,24974,2901,-199,1920,3197,81050,-4736,-31977,6132,81,-757,2861,81029,3995,30893,3324,-1081,-570,-4925,12,3
2496,81051,28305,-2143,-6267,-1301,1237,-724,81051,-3534,15473,-947,-618,-18,1001,81072,-14021,25974,3445,-469,1920,2731,81072,-4729,-31977,6138,123,-433,2731,81051,3712,29893,3541,-1174,-419,-4586,12,3
2497,81073,28598,-2143,-6267,-1301,1237,-702,81073,-3534,15473,-947,-529,-18,1001,81094,-14021,25974,3543,-469,1920,2731,81094,-4729,-31871,6138,123,-433,2731,81073,3712,29893,3541,-1174,-419,-4586,12,3
2498,81095,28598,-2157,-6267,-1468,937,-692,81095,-3534,15473,-947,-529,-18,778,81116,-14021,25974,3603,-719,1805,2363,81116,-4729,-31871,6138,123,-433,2633,81095,3346,29767,3541,-1243,-419,-4586,12,3
2499,81117,28750,-2271,-5267,-1681,726,-690,81117,-3325,15621,-947,-316,208,568,81138,-13541,26974,3727,-907,1776,1915,81138,-4750,-31557,6173,155,-138,2580,81117,3031,28767,3697,-1294,-306,-4150,12,3
2500,81139,28750,-2271,-5267,-1681,726,-575,81139,-3306,15645,-947,-316,208,568,81160,-13541,26974,4130,-907,1776,1915,81160,-4750,-31557,6173,251,-138,2580,81139,3031,28767,3697,-1294,-302,-4112,12,3
2501,81161,28750,-2357,-5267,-1756,588,-575,81161,-3306,15645,-947,-316,208,420,81182,-13541,26974,4130,-1048,1776,1579,81182,-5078,-31557,6173,251,-138,2580,81161,2795,28767,3697,-1331,-302,-4112,12,3
2502,81183,28852,-2461,-4267,-1802,485,-685,81183,-3098,15756,-877,-157,245,335,81204,-12935,27968,4265,-1065,1853,1303,81204,-5436,-31243,6199,350,-57,2915,81183,2480,28897,3742,-1359,-247,-3653,12,3
2503,81205,28852,-2461,-4267,-1802,485,-685,81205,-3065,15758,-778,-156,245,335,81226,-12935,27974,4265,-1065,1853,1303,81226,-5436,-31243,6199,400,-57,2930,81205,2480,28897,3950,-1359,-247,-3405,12,3
2504,81227,28852,-2461,-4267,-1802,344,-685,81227,-3065,15758,-751,-156,170,335,81248,-12935,27974,4265,-1065,1853,1227,81248,-5718,-31243,6199,400,-91,2930,81227,2244,28897,3950,-1359,-247,-3405,12,3
2505,81249,28989,-2539,-3267,-1763,238,-620,81249,-2891,15832,-796,-36,114,435,81270,-12207,28550,4440,-1077,2000,1170,81270,-6358,-31032,6393,391,-235,3193,81249,2067,28994,4130,-1359,-391,-2918,12,3
2506,81271,28989,-2539,-3267,-1595,238,-620,81271,-2891,15832,-796,-36,114,467,81292,-12207,28550,4440,-1077,2000,1170,81292,-6358,-31032,6399,391,-235,3193,81271,2067,29480,4130,-1359,-391,-2918,12,3
2507,81293,28989,-2548,-3267,-1595,158,-620,81293,-2891,15832,-796,-36,105,467,81314,-12207,28550,4440,-1077,2000,1145,81314,-6750,-31032,6399,384,-343,3193,81293,1638,29480,4130,-1359,-391,-2918,12,3
2508,81315,29044,-2555,-2267,-1315,87,-572,81315,-2815,15887,-772,53,105,580,81336,-11661,29136,4572,-978,2426,1126,81336,-7062,-30874,6549,379,-600,3180,81315,1638,29978,4247,-1342,-62,-2553,12,3
2509,81337,29360,-2555,-2267,-1213,87,-572,81337,-2815,15887,-772,53,236,580,81358,-11661,29136,4572,-978,2426,1126,81358,-7062,-30738,6553,379,-600,3180,81337,1774,29978,4247,-1342,95,-2553,12,3
2510,81359,29360,-2682,-2267,-1213,-24,-572,81359,-2815,15887,-772,53,236,580,81380,-11661,29136,4572,-978,2426,1100,81380,-7296,-30738,6553,333,-793,3150,81359,1774,29978,4247,-1342,95,-2553,12,3
2511,81381,29592,-2791,-1267,-885,-161,-536,81381,-2758,15900,-754,120,335,603,81402,-11337,29680,4631,-940,2386,929,81402,-7575,-30517,6694,219,-1054,3055,81381,1260,30351,4359,-1160,627,-2142,12,3
2512,81403,29592,-2791,-1267,-885,-161,-536,81403,-2758,15961,-754,120,335,603,81424,-11337,29680,4631,-904,2386,929,81424,-7575,-30517,6694,219,-1054,3055,81403,1260,30351,4359,-1111,854,-2032,12,3
2513,81425,29592,-2873,-1267,-885,-299,-589,81425,-2758,15961,-780,120,335,603,81446,-11337,29680,4631,-904,2265,667,81446,-7785,-30745,6694,123,-1250,2931,81425,1239,30351,4359,-1111,854,-2032,12,3
2514,81447,29766,-2873,-267,-772,-402,-629,81447,-2674,16029,-805,137,545,529,81468,-11094,29976,4673,-885,2174,470,81468,-8090,-30916,6706,51,-1379,2747,81447,1223,30449,4443,-905,1180,-1389,12,3
2515,81469,29766,-2730,-267,-772,-402,-629,81469,-2674,16029,-805,137,545,529,81490,-11094,29976,4673,-885,2174,470,81490,-8090,-30916,6706,51,-1379,2747,81469,1223,30717,4443,-905,1180,-1389,12,3
2516,81491,29662,-2730,-267,-772,-402,-659,81491,-2674,16029,-818,137,545,463,81512,-11094,29976,4673,-885,2174,431,81512,-8401,-31091,6706,51,-1379,2437,81491,1211,30717,4443,-905,1180,-1389,12,3
2517,81513,29662,-2757,733,-587,-340,-670,81513,-2669,16063,-818,85,649,408,81534,-10892,30212,4770,-746,2321,401,81534,-8634,-31200,6735,121,-984,1974,81513,1211,31017,4488,-795,889,-970,12,3
2518,81535,29762,-2757,733,-587,-314,-670,81535,-2669,16063,-788,85,649,408,81556,-10866,30212,4770,-746,2321,401,81556,-8634,-31200,6735,124,-629,1974,81535,1234,31073,4534,-787,889,-970,12,3
2519,81557,29762,-2777,733,-587,-314,-679,81557,-2669,16063,-788,46,649,301,81578,-10866,30212,4770,-746,2233,379,81578,-8643,-31282,6735,124,-629,1590,81557,1234,31073,4534,-787,670,-970,12,3
2520,81579,29785,-2792,1733,-680,-246,-719,81579,-2666,16088,-756,46,627,163,81600,-10689,30389,4843,-587,2092,300,81600,-8650,-31343,6749,179,-79,1247,81579,1149,31284,4626,-699,270,-761,12,3
2521,81601,29785,-2792,1733,-680,-209,-719,81601,-2666,16090,-756,66,627,163,81622,-10689,30389,4843,-455,2092,300,81622,-8650,-31343,6749,179,-79,1247,81601,1149,31284,4648,-699,270,-760,12,3
2522,81623,29785,-2816,1733,-761,-209,-756,81623,-2666,16090,-756,66,611,58,81644,-10689,30389,4843,-455,1735,241,81644,-8655,-31407,6749,179,-79,852,81623,1085,31284,4648,-699,-29,-760,12,3
2523,81645,29803,-2834,2733,-877,-131,-784,81645,-2606,16109,-720,82,498,-25,81666,-10556,30505,4922,-151,1467,105,81666,-8743,-31463,6819,187,-16,556,81645,991,31423,4828,-628,-141,-602,12,3
2524,81667,29803,-2834,2733,-877,-54,-784,81667,-2606,16109,-705,112,498,-25,81688,-10556,30505,4981,-151,1467,105,81688,-8743,-31463,6863,187,-16,556,81667,991,31423,4850,-612,-141,-529,12,3
2525,81689,29803,-2847,2733,-1041,-54,-805,81689,-2606,16109,-705,112,393,-82,81710,-10556,30505,5002,-151,1266,3,81710,-8809,-31505,6863,123,-27,334,81689,973,31423,4850,-612,-207,-529,12,3
2526,81711,29816,-2847,3733,-1219,83,-814,81711,-2553,16114,-662,188,231,-119,81732,-10463,30616,5025,50,1079,-73,81732,-8858,-31536,6923,47,-35,90,81711,959,31563,4949,-465,-256,-365,12,3
2527,81733,29820,-2827,3733,-1219,83,-814,81733,-2553,16114,-662,195,231,-119,81754,-10463,30616,5025,50,1079,-73,81754,-8858,-31536,6923,47,-35,90,81733,959,31563,4949,-410,-256,-365,12,3
2528,81755,29820,-2827,3733,-1353,83,-814,81755,-2553,16114,-662,195,109,-147,81776,-10463,30616,5014,50,939,-135,81776,-8858,-31574,6923,-26,-35,-144,81755,959,31563,4949,-410,-256,-365,12,3
2529,81777,29837,-2804,4733,-1453,209,-778,81777,-2556,16118,-620,274,56,-179,81798,-10393,30668,5006,160,896,-181,81798,-8783,-31602,6968,-127,190,-345,81777,995,31668,4991,-223,-251,-242,12,3
2530,81799,29889,-2804,4733,-1453,226,-771,81799,-2556,16121,-620,285,56,-179,81820,-10393,30668,5006,160,896,-181,81820,-8783,-31602,6982,-127,228,-345,81799,995,31676,5009,-188,-251,-242,12,3
2531,81821,29889,-2804,4733,-1533,226,-771,81821,-2558,16121,-620,285,17,-204,81842,-10393,30668,4964,160,896,-187,81842,-8783,-31623,6982,-203,228,-470,81821,995,31676,5009,-188,-251,-242,12,3
2532,81843,29889,-2773,5733,-1601,347,-719,81843,-2558,16127,-607,349,17,-225,81864,-10294,30713,4933,134,905,-192,81864,-8701,-31629,6922,-260,501,-542,81843,982,31761,5006,6,-155,-171,12,3
2533,81865,29889,-2755,5733,-1601,347,-710,81865,-2511,16127,-607,349,22,-225,81886,-10294,30713,4933,134,905,-192,81886,-8701,-31629,6922,-260,501,-542,81865,982,31761,4956,6,-129,-171,12,3
2534,81887,29889,-2755,5733,-1652,347,-710,81887,-2511,16127,-607,349,22,-242,81908,-10294,30713,4877,94,905,-234,81908,-8701,-31643,6875,-260,501,-542,81887,982,31761,4922,6,-129,-171,12,3
2535,81909,29889,-2714,6733,-1685,477,-635,81909,-2450,16127,-597,397,28,-255,81930,-10330,30754,4867,-9,1072,-283,81930,-8561,-31662,6840,-248,593,-539,81909,972,31822,4851,68,-54,-129,12,3
2536,81931,29889,-2714,6733,-1685,486,-635,81931,-2424,16127,-590,440,28,-255,81952,-10330,30754,4867,-9,1111,-283,81952,-8561,-31668,6840,-207,593,-533,81931,972,31822,4851,68,-54,-109,12,3
2537,81953,29889,-2714,6733,-1685,486,-635,81953,-2424,16127,-590,440,28,-255,81974,-10357,30754,4867,-84,1111,-381,81974,-8561,-31668,6840,-207,593,-533,81953,972,31822,4792,68,-54,-109,12,3
2538,81975,29889,-2677,7733,-1649,590,-630,81975,-2355,16126,-623,523,29,-247,81996,-10377,30783,4894,-84,1265,-454,81996,-8474,-31681,6874,-62,632,-370,81975,985,31870,4714,70,-18,15,12,3
2539,81997,29901,-2663,7733,-1615,590,-630,81997,-2337,16126,-623,523,29,-234,82018,-10377,30783,4894,-47,1265,-454,82018,-8474,-31681,6874,-62,632,-364,81997,987,31870,4714,70,-18,25,12,3
2540,82019,29901,-2663,7733,-1615,590,-633,82019,-2337,16126,-667,523,21,-234,82040,-10377,30783,4894,-47,1265,-492,82040,-8474,-31681,6874,-62,518,-364,82019,987,31870,4655,63,-18,25,12,3
2541,82041,29954,-2521,8733,-1499,512,-672,82041,-2271,16126,-716,549,5,-150,82062,-10358,30805,4838,-19,1265,-520,82062,-8479,-31690,6881,45,396,-173,82041,998,31898,4611,30,8,132,12,3
2542,82063,29954,-2521,8733,-1463,512,-672,82063,-2271,16126,-716,549,5,-136,82084,-10358,30821,4838,-19,1265,-520,82084,-8479,-31690,6881,45,396,-173,82063,998,31898,4611,30,8,142,12,3
2543,82085,29931,-2521,8733,-1463,493,-701,82085,-2271,16126,-753,549,5,-136,82106,-10358,30821,4818,-19,1265,-541,82106,-8533,-31711,6881,45,304,-173,82085,998,31898,4592,-3,8,142,12,3
2544,82107,29894,-2464,9733,-1296,479,-723,82107,-2270,16128,-796,529,23,-77,82128,-10356,30805,4818,8,1384,-541,82128,-8565,-31727,6894,113,221,-78,82107,1044,31919,4578,-84,64,245,12,3
2545,82129,29894,-2464,9733,-1294,479,-723,82129,-2270,16129,-796,529,61,-77,82150,-10356,30805,4879,8,1384,-482,82150,-8565,-31727,6962,113,221,-78,82129,1044,31919,4578,-84,64,245,12,3
2546,82151,29886,-2464,9733,-1294,468,-735,82151,-2291,16129,-828,490,61,-77,82172,-10356,30791,4879,8,1384,-482,82172,-8589,-31727,6962,113,159,-78,82151,1044,31919,4578,-145,64,215,12,3
2547,82173,29860,-2468,10733,-1137,452,-749,82173,-2314,16123,-862,425,129,-66,82194,-10407,30783,4887,89,1340,-390,82194,-8653,-31723,7025,-13,35,-50,82173,999,31947,4589,-198,106,185,12,3
2548,82195,29860,-2468,10733,-1137,452,-749,82195,-2314,16123,-862,425,129,-66,82216,-10407,30783,4887,91,1340,-373,82216,-8653,-31723,7025,-13,35,-50,82195,999,31947,4593,-198,106,185,12,3
2549,82217,29860,-2513,10733,-1137,440,-769,82217,-2333,16108,-867,373,129,-66,82238,-10445,30783,4887,91,1307,-373,82238,-8701,-31723,7025,-119,35,-50,82217,937,31947,4593,-249,106,162,12,3
2550,82239,29873,-2546,11733,-1094,420,-804,82239,-2352,16096,-867,334,161,-60,82260,-10445,30797,4893,194,1247,-275,82260,-8701,-31742,6996,-259,108,-34,82239,918,31984,4620,-292,160,145,12,3
2551,82261,29873,-2546,11733,-1094,420,-804,82261,-2352,16096,-861,334,161,-60,82282,-10375,30797,4931,217,1247,-232,82282,-8633,-31742,6996,-259,108,-29,82261,918,32012,4620,-292,173,145,12,3
2552,82283,29873,-2569,11733,-1094,383,-835,82283,-2361,16096,-861,334,161,-60,82304,-10375,30797,4931,217,1194,-232,82304,-8633,-31756,6905,-385,108,-29,82283,918,32014,4620,-320,173,130,12,3
2553,82305,29909,-2572,12667,-1084,310,-856,82305,-2361,16108,-852,335,167,-40,82326,-10323,30807,4950,338,1149,-87,82326,-8574,-31756,6806,-467,-56,52,82305,918,32023,4649,-320,223,103,12,3
2554,82327,29915,-2572,12667,-1084,310,-856,82327,-2349,16114,-852,335,167,-18,82348,-10323,30809,4950,338,1149,-87,82348,-8574,-31755,6806,-467,-56,52,82327,926,32024,4681,-302,223,103,12,3
2555,82349,29915,-2572,12667,-1084,207,-861,82349,-2349,16114,-852,335,167,-18,82370,-10323,30809,4946,330,1115,-87,82370,-8586,-31755,6762,-467,-140,52,82349,926,32024,4681,-302,222,83,12,3
2556,82371,29946,-2561,13254,-1070,141,-864,82371,-2325,16128,-819,336,172,32,82392,-10284,30824,4946,324,1089,-59,82392,-8603,-31754,6757,-453,-196,34,82371,904,32026,4726,-274,222,68,12,3
2557,82393,29946,-2559,13254,-1070,141,-864,82393,-2325,16128,-803,336,173,32,82414,-10284,30824,4961,324,1089,-59,82414,-8603,-31754,6757,-399,-196,34,82393,904,32028,4732,-270,222,68,12,3
2558,82415,29946,-2559,13254,-1070,112,-864,82415,-2325,16128,-803,334,173,32,82436,-10284,30824,4961,324,1036,-64,82436,-8616,-31754,6757,-399,-209,6,82415,872,32028,4732,-270,222,68,12,3
2559,82437,29959,-2549,13778,-1061,103,-863,82437,-2319,16141,-786,330,191,21,82458,-10243,30828,4988,337,940,-68,82458,-8616,-31733,6771,-335,-214,-28,82437,848,32039,4753,-227,256,81,12,3
2560,82459,29959,-2549,13778,-1061,103,-863,82459,-2319,16141,-786,330,206,21,82480,-10243,30828,4988,337,940,-68,82480,-8605,-31733,6771,-335,-214,-28,82459,848,32039,4753,-227,256,81,12,3
2561,82481,29959,-2549,13778,-1075,103,-863,82481,-2319,16141,-786,327,206,-3,82502,-10243,30828,4988,337,853,-68,82502,-8605,-31733,6771,-335,-214,-53,82481,830,32039,4753,-227,256,81,12,3
2562,82503,29965,-2563,14175,-1101,97,-868,82503,-2318,16143,-773,327,244,-22,83264,-10234,30831,4971,339,785,-55,83264,-8609,-31717,6774,-279,-193,-75,82503,830,32049,4720,-219,251,91,13,3
2563,83265,29965,-2573,14175,-1101,97,-868,83265,-2318,16143,-773,327,246,-22,83286,-10234,30831,4971,339,785,-55,83286,-8609,-31717,6782,-246,-193,-75,83265,830,32049,4720,-219,251,91,13,3
2564,83287,29965,-2574,14175,-1192,97,-895,83287,-2318,16143,-773,327,246,-34,83308,-10239,30831,4971,339,664,-55,83308,-8612,-31731,6782,-246,-193,-75,83287,798,32049,4710,-219,234,91,13,3
2565,83309,29970,-2574,14415,-1279,105,-915,83309,-2306,16147,-759,342,255,-34,83330,-10273,30799,4964,381,643,-100,83330,-8638,-31731,6942,-136,-309,27,83309,730,32056,4710,-213,234,69,13,3
2566,83331,29970,-2524,14415,-1279,166,-915,83331,-2295,16149,-759,366,255,-22,83352,-10273,30799,4964,381,643,-100,83352,-8638,-31702,6942,-136,-309,27,83331,730,32080,4746,-213,234,69,13,3
2567,83353,29970,-2524,14415,-1326,166,-915,83353,-2295,16149,-759,366,255,-22,83374,-10298,30775,4964,381,643,-130,83374,-8658,-31702,6942,-136,-309,27,83353,723,32090,4746,-213,234,52,13,3
2568,83375,29993,-2473,14551,-1326,221,-909,83375,-2286,16153,-753,392,254,-8,83396,-10335,30775,4985,399,660,-152,83396,-8658,-31678,7088,-67,-301,38,83375,660,32098,4785,-202,258,40,13,3
2569,83397,29993,-2473,14551,-1304,221,-908,83397,-2286,16153,-753,392,254,-8,83418,-10335,30775,4985,399,722,-152,83418,-8653,-31678,7088,-67,-232,38,83397,660,32107,4785,-196,258,40,13,3
2570,83419,29993,-2473,14551,-1304,221,-908,83419,-2286,16153,-753,392,254,-8,83440,-10341,30773,4985,399,722,-169,83440,-8653,-31682,7088,-67,-232,26,83419,641,32107,4785,-196,258,40,13,3
2571,83441,29989,-2490,14675,-1270,292,-878,83441,-2281,16152,-755,402,255,-5,83462,-10345,30773,4996,415,781,-185,83462,-8655,-31685,7248,-40,-138,1,83441,624,32106,4814,-159,283,61,13,3
2572,83463,29989,-2490,14675,-1270,299,-868,83463,-2279,16152,-755,402,255,-5,83484,-10345,30783,4996,416,781,-185,83484,-8655,-31685,7248,-40,-116,1,83463,624,32106,4832,-158,283,79,13,3
2573,83485,29989,-2503,14675,-1270,299,-868,83485,-2279,16152,-758,402,255,-11,83506,-10348,30783,4983,416,781,-207,83506,-8657,-31685,7248,-40,-116,-21,83485,616,32106,4832,-158,283,79,13,3
2574,83507,30002,-2503,14822,-1259,357,-834,83507,-2262,16155,-764,419,258,-21,83528,-10351,30795,4967,445,660,-261,83528,-8658,-31681,7320,-28,19,-37,83507,610,32101,4854,-119,275,144,13,3
2575,83529,30002,-2461,14832,-1259,357,-834,83529,-2262,16156,-764,419,262,-21,83550,-10351,30795,4967,569,660,-261,83550,-8658,-31678,7320,-28,19,-37,83529,610,32101,4846,-119,275,144,13,3
2576,83551,30002,-2461,14832,-1259,357,-834,83551,-2262,16156,-769,419,262,-28,83572,-10353,30795,4955,569,383,-302,83572,-8663,-31676,7320,-28,19,-51,83551,610,32101,4846,-119,269,144,13,3
2577,83573,30011,-2429,14942,-1259,349,-811,83573,-2251,16158,-775,424,267,-34,83594,-10353,30800,4946,951,-31,-333,83594,-8667,-31676,7374,-29,105,-65,83573,605,32111,4840,-82,229,170,13,3
2578,83595,30011,-2429,14956,-1259,349,-811,83595,-2251,16158,-775,424,268,-34,83616,-10338,30800,4946,951,-31,-333,83616,-8667,-31669,7374,-29,105,-65,83595,605,32111,4840,-82,229,170,13,3
2579,83617,30011,-2443,14956,-1259,292,-811,83617,-2251,16158,-775,419,268,-38,83638,-10338,30798,4933,951,-191,-333,83638,-8670,-31669,7374,-38,97,-75,83617,591,32111,4798,-82,199,170,13,3
2580,83639,29996,-2510,14943,-1256,232,-739,83639,-2242,16163,-770,387,294,-43,83660,-10321,30786,4883,973,-191,-287,83660,-8694,-31641,7392,-45,71,-103,83639,555,32111,4788,-42,185,189,13,3
2581,83661,29996,-2510,14943,-1256,232,-735,83661,-2242,16163,-749,387,307,-43,83682,-10321,30786,4883,973,-47,-284,83682,-8694,-31641,7392,-45,71,-103,83661,555,32111,4788,-35,185,196,13,3
2582,83683,29996,-2548,14933,-1256,187,-735,83683,-2253,16163,-749,363,307,-45,83704,-10336,30755,4846,733,-47,-284,83704,-8694,-31641,7392,-45,39,-129,83683,554,32111,4788,-35,185,196,13,3
2583,83705,29951,-2567,14933,-1272,187,-676,83705,-2274,16153,-727,350,344,-45,83726,-10348,30750,4784,455,463,-225,83726,-8668,-31634,7406,-44,-28,-143,83705,554,32103,4781,5,225,234,13,3
2584,83727,29951,-2567,14933,-1272,289,-674,83727,-2274,16153,-727,350,344,-43,83748,-10348,30750,4784,455,542,-225,83748,-8652,-31634,7432,-44,-28,-143,83727,569,32103,4781,5,225,266,13,3
2585,83749,29951,-2567,14933,-1296,289,-674,83749,-2277,16145,-727,350,344,-43,83770,-10348,30750,4738,215,542,-225,83770,-8652,-31639,7432,-49,-43,-147,83749,569,32101,4749,5,225,266,13,3
2586,83771,29955,-2567,14941,-1314,372,-645,83771,-2277,16138,-748,351,304,-40,83792,-10309,30764,4703,35,985,-184,83792,-8628,-31643,7474,-49,-50,-150,83771,602,32095,4723,33,227,318,13,3
2587,83793,29955,-2557,14947,-1314,421,-645,83793,-2263,16138,-748,354,304,-37,83814,-10309,30776,4703,35,985,-184,83814,-8628,-31643,7474,-43,-50,-150,83793,602,32095,4723,33,227,318,13,3
2588,83815,29955,-2557,14947,-1314,421,-645,83815,-2263,16132,-767,354,265,-37,83836,-10309,30776,4703,25,985,-197,83836,-8646,-31648,7474,-43,-50,-150,83815,602,32095,4672,33,227,318,13,3
2589,83837,29996,-2537,15026,-1305,469,-673,83837,-2243,16132,-786,358,228,-17,83858,-10279,30794,4721,25,1001,-206,83858,-8660,-31652,7501,-39,9,-145,83837,619,32099,4634,24,229,371,13,3
2590,83859,29996,-2509,15026,-1305,469,-673,83859,-2240,16138,-786,358,228,-7,83880,-10265,30794,4721,133,1001,-206,83880,-8660,-31652,7501,-39,9,-132,83859,619,32099,4634,24,254,371,13,3
2591,83881,29996,-2509,15026,-1305,469,-694,83881,-2240,16138,-801,358,201,-7,83902,-10265,30793,4721,133,1001,-206,83902,-8660,-31652,7501,-39,9,-132,83881,619,32099,4634,8,254,371,13,3
2592,83903,30031,-2459,15067,-1289,469,-694,83903,-2195,16151,-806,360,184,20,83924,-10266,30776,4728,173,1011,-147,83924,-8646,-31641,7549,-66,54,-130,83903,632,32104,4635,-8,275,376,13,3
2593,83925,30035,-2459,15067,-1265,469,-660,83925,-2195,16151,-806,360,184,20,83946,-10266,30776,4728,173,1011,-127,83946,-8646,-31639,7549,-66,62,-130,83925,640,32104,4641,-8,281,376,13,3
2594,83947,30035,-2459,15067,-1265,427,-660,83947,-2195,16151,-806,360,184,20,83968,-10267,30776,4728,163,1011,-127,83968,-8646,-31639,7549,-66,62,-158,83947,652,32104,4641,-24,281,376,13,3
2595,83969,30016,-2468,15050,-1099,329,-626,83969,-2174,16161,-786,363,226,23,83990,-10267,30782,4764,133,1136,-59,83990,-8636,-31629,7571,-64,110,-179,83969,655,32106,4646,-36,322,371,13,3
2596,83991,30016,-2468,15037,-1099,329,-626,83991,-2174,16161,-786,375,231,23,84012,-10256,30782,4764,133,1136,-59,84012,-8618,-31629,7571,-64,110,-179,83991,655,32106,4646,-36,341,371,13,3
2597,84013,30002,-2485,15037,-1099,255,-626,84013,-2174,16161,-786,375,231,11,84034,-10256,30782,4764,133,1136,-59,84034,-8618,-31629,7571,-64,110,-179,84013,655,32106,4622,-47,341,371,13,3
2598,84035,30002,-2539,15027,-1044,215,-609,84035,-2164,16160,-781,386,291,0,84056,-10224,30802,4751,151,1197,-44,84056,-8585,-31621,7596,-82,165,-151,84035,657,32117,4604,-52,363,369,13,3
2599,84057,30035,-2539,15027,-1044,215,-609,84057,-2164,16160,-781,387,291,0,84078,-10224,30806,4751,154,1197,-44,84078,-8585,-31621,7596,-82,165,-135,84057,671,32117,4604,-52,363,369,13,3
2600,84079,30035,-2564,15024,-1044,206,-612,84079,-2164,16155,-781,387,291,0,84100,-10224,30806,4733,154,1197,-44,84100,-8585,-31621,7596,-95,165,-135,84079,671,32117,4589,-56,358,369,13,3
2601,84101,30060,-2573,14982,-1008,199,-617,84101,-2161,16147,-780,399,294,14,84122,-10248,30820,4707,144,1260,-76,84122,-8574,-31615,7595,-109,221,-118,84101,683,32115,4577,-59,326,380,13,3
2602,84123,30060,-2573,14982,-1008,199,-617,84123,-2161,16147,-780,399,294,24,84144,-10248,30824,4707,144,1310,-76,84144,-8574,-31605,7595,-109,223,-118,84123,699,32115,4577,-59,326,380,13,3
2603,84145,30060,-2573,14906,-1008,199,-617,84145,-2164,16141,-780,399,294,24,84166,-10248,30824,4696,9,1310,-101,84166,-8586,-31605,7586,-109,223,-140,84145,699,32114,4568,-59,274,380,13,3
2604,84167,30101,-2573,14755,-950,201,-617,84167,-2167,16137,-760,412,225,39,84188,-10248,30846,4654,-208,1627,-320,84188,-8599,-31587,7509,-106,303,-213,84167,720,32114,4548,-17,161,419,13,3
2605,84189,30163,-2543,14755,-862,220,-604,84189,-2167,16137,-760,412,225,39,84210,-10220,31012,4654,-208,1627,-320,84210,-8599,-31557,7509,-106,440,-213,84189,720,32143,4548,-17,161,422,13,3
2606,84211,30163,-2543,14638,-862,220,-604,84211,-2167,16137,-760,412,124,39,84232,-10220,31012,4622,-208,1627,-595,84232,-8609,-31557,7451,-106,440,-383,84211,720,32143,4469,-17,30,422,13,3
2607,84233,30534,-2475,14444,-641,142,-686,84233,-2166,16154,-741,446,48,-1,84254,-9819,31229,4568,-181,1497,-1091,84254,-8609,-31521,7451,-20,865,-633,84233,822,32227,4409,7,-781,378,13,3
2608,84255,30546,-2475,14444,-636,142,-686,84255,-2158,16160,-741,446,48,-1,84276,-9819,31229,4568,-140,1497,-1091,84276,-8576,-31521,7486,-20,916,-633,84255,822,32227,4409,7,-781,378,13,3
2609,84277,30546,-2475,14253,-636,-145,-766,84277,-2158,16160,-741,446,48,-54,84298,-9819,31229,4528,-140,1059,-1688,84298,-8576,-31526,7486,-20,916,-861,84277,822,32200,4409,-101,-1389,345,13,3
2610,84299,30855,-2378,14033,-472,-697,-908,84299,-2108,16198,-705,410,104,-254,84320,-10032,31113,4448,96,280,-2446,84320,-8551,-31674,7446,-41,1571,-1182,84299,738,32142,4460,-218,-1535,345,13,3
2611,84321,30855,-2222,14033,-472,-697,-908,84321,-2009,16246,-705,410,251,-254,84342,-10032,31113,4448,96,280,-2446,84342,-8551,-31674,7446,-41,2690,-1182,84321,738,32142,4472,-218,-1535,508,13,3
2612,84343,29855,-2222,13806,-472,-1296,-1043,84343,-2009,16246,-705,383,251,-480,84364,-10192,31026,4388,96,-304,-3034,84364,-8607,-31699,7416,-116,2690,-1762,84343,481,32112,4472,-309,-1535,508,13,3
2613,84365,28855,-1900,13506,-422,-2128,-1225,84365,-1885,16271,-680,363,579,-897,84386,-10382,30977,4319,228,-742,-3654,84386,-8607,-31699,7296,-591,4690,-3486,84365,324,32090,4520,-460,-1344,664,13,3
2614,84387,28855,-1900,13506,-422,-2128,-1225,84387,-1837,16271,-680,363,707,-897,84408,-10382,30977,4319,228,-742,-3654,84408,-8555,-31662,7296,-591,4690,-3486,84387,324,32090,4520,-460,-1212,828,13,3
2615,84409,27855,-1900,13125,-422,-3009,-1501,84409,-1837,16236,-709,310,707,-1361,84430,-10556,30977,4267,228,-1479,-4373,84430,-8555,-31662,7296,-792,4690,-4779,84409,207,32073,4520,-652,-1212,828,13,3
2616,84431,26855,-1919,12777,-186,-4203,-1820,84431,-1713,16011,-743,271,1177,-2219,84452,-10693,31032,4228,400,-2783,-5942,84452,-7972,-31634,7168,-937,5898,-5497,84431,207,31988,4556,-846,-205,1539,13,3
2617,84453,26855,-1919,12777,-186,-4203,-1820,84453,-1713,16011,-743,271,1413,-2219,84474,-10693,31032,4228,1104,-2783,-5942,84474,-7774,-31634,7168,-937,5898,-5497,84453,211,31988,4608,-846,-190,1699,13,3
2618,84475,25855,-1933,12456,-186,-5343,-2406,84475,-1713,15843,-743,271,1413,-3016,84496,-10825,30480,4075,1104,-4326,-7672,84496,-7774,-31691,6660,-937,5898,-5497,84475,211,31869,4608,-1057,-190,1699,13,3
2619,84497,24855,-1933,11960,-293,-7343,-2845,84497,-1664,15839,-679,576,1986,-3672,84518,-10990,29648,3960,1996,-5943,-9397,84518,-7342,-31691,6275,-868,6097,-4886,84497,300,31779,4822,-1218,576,2772,13,3
2620,84519,24855,-1779,11960,-293,-7343,-2845,84519,-1664,15839,-663,672,2003,-3672,84540,-10990,29648,3960,1996,-5943,-9397,84540,-7342,-30691,6275,-299,6097,-4886,84519,304,31779,4822,-1218,576,3083,13,3
2621,84541,23855,-1779,11588,-293,-9207,-2845,84541,-1664,15839,-663,672,2003,-4142,84562,-11114,28976,3778,1673,-6096,-10677,84562,-7342,-30691,6010,-299,6097,-4886,84541,304,31676,4822,-1343,576,3083,13,3
2622,84563,23855,-1030,10795,-196,-11207,-2670,84563,-2086,15898,-571,1009,2699,-4495,84584,-12041,28140,3778,947,-6096,-11321,84584,-7080,-30934,5887,553,5522,-4506,84563,636,30676,4880,-1437,1138,4631,13,3
2623,84585,24147,-786,10795,317,-11207,-2299,84585,-2086,15898,-571,1065,2823,-4495,84606,-12041,28140,3887,947,-5221,-11321,84606,-7018,-30934,5887,553,5522,-4506,84585,706,30676,4880,-1437,1284,4631,13,3
2624,84607,24147,-786,10178,317,-13207,-2299,84607,-2617,15775,-571,1065,2823,-4759,84628,-13041,27513,3887,-1053,-5221,-11321,84628,-7018,-31116,5867,553,4402,-4506,84607,706,30119,4880,-1494,1284,4631,13,3
2625,84629,25147,-183,9491,1351,-15207,-1640,84629,-3018,15539,-679,1548,3502,-5231,84650,-14041,27190,4325,-3053,-3221,-10057,84650,-6555,-31255,5867,1179,2402,-4212,84629,1706,29701,4902,-1537,2698,5703,13,3
2626,84651,25147,-183,9491,1351,-15207,-1640,84651,-3018,15539,-679,1548,3502,-5231,84672,-14041,27190,4569,-3053,-3221,-9603,84672,-6555,-31255,5936,1179,2402,-4212,84651,1706,29701,4902,-1537,2830,5703,13,3
2627,84673,25147,-445,8804,1351,-17207,-1640,84673,-3374,15291,-761,1548,3502,-5689,84694,-15041,27190,4569,-4580,-3221,-9603,84694,-6876,-31255,5936,1179,402,-4212,84673,1706,29701,4902,-1696,2830,5703,13,3
2628,84695,25502,-943,7805,1154,-19207,-2058,84695,-3671,14938,-863,1851,3459,-6150,84716,-15041,27230,3870,-4580,-1702,-9801,84716,-6876,-30735,6238,1748,-887,-4287,84695,2706,30041,4986,-1815,4733,6210,13,3
2629,84717,25502,-943,7805,1154,-19207,-2058,84717,-3671,14938,-863,1851,3459,-6150,84738,-14041,27230,3870,-4502,-1702,-9801,84738,-6876,-30735,6350,1748,-887,-4287,84717,2706,30041,5198,-1815,4733,6210,13,3
2630,84739,25502,-1243,6945,839,-21207,-2679,84739,-4017,14598,-1165,1851,3344,-6534,84760,-14041,26978,3346,-4502,-2447,-10520,84760,-6406,-30735,6350,1748,-1736,-4352,84739,2706,30111,5198,-1904,4733,6210,13,3
2631,84761,25490,-1258,6132,603,-23207,-3144,84761,-4830,14064,-1809,2078,3257,-6822,84782,-14752,25978,2959,-4444,-2927,-11683,84782,-6004,-29735,6642,1468,-2286,-4889,84761,3459,30346,5434,-1974,5160,6760,13,3
2632,84783,25490,-1258,6132,603,-23207,-3144,84783,-4830,14064,-1809,2085,3257,-6822,84804,-14752,25978,2959,-4444,-2927,-11683,84804,-5652,-29735,6642,1468,-2286,-4889,84783,3459,30399,5434,-1974,5152,6987,13,3
2633,84805,25490,-1269,5213,579,-24791,-3144,84805,-5830,13594,-2302,2085,3164,-6864,84826,-15752,25099,2959,-4444,-3287,-12555,84826,-5652,-29735,6642,1127,-2286,-5565,84805,3459,30399,5434,-2229,5152,6987,13,3
2634,84827,25583,-1285,4213,579,-25990,-2998,84827,-6689,13113,-2804,2207,1299,-6895,84848,-16752,24134,3959,-3588,-3287,-13460,84848,-4848,-29873,6861,740,-2098,-6072,84827,4459,30145,5611,-2596,4253,8005,13,3
2635,84849,25709,-1285,4213,628,-25990,-2903,84849,-6689,13113,-2804,2207,1299,-6895,84870,-16752,24134,3959,-3588,-1397,-13460,84870,-4652,-29873,7642,740,-1844,-6072,84849,4459,30145,6419,-2596,4253,8005,13,3
2636,84871,25709,-1297,3213,628,-26711,-2903,84871,-7173,12781,-2942,2207,-234,-6918,84892,-17752,23378,3959,-3588,-1397,-13723,84892,-4652,-30296,7642,401,-1844,-6121,84871,4459,29954,6419,-2892,3738,8005,13,3
2637,84893,26278,-1297,2213,771,-26711,-2281,84893,-7536,12504,-3042,2110,-1383,-6936,84914,-18752,22811,4705,-1955,20,-13838,84914,-3652,-30538,7777,51,-1290,-6121,84893,5459,29481,7419,-3114,3352,8534,13,3
2638,84915,26709,-1214,2213,795,-25260,-2281,84915,-7536,12504,-3042,2110,-1383,-6936,84936,-18752,22811,4705,-1955,20,-13838,84936,-3652,-30538,7777,51,-954,-5976,84915,5459,29481,7419,-3114,3352,8534,13,3
2639,84937,26709,-1214,1213,795,-25260,-2281,84937,-7842,12296,-3117,2110,-1502,-6936,84958,-19752,22811,4705,-1955,20,-13838,84958,-3652,-30538,7718,-239,-954,-5976,84937,5459,29126,7419,-3281,3062,8534,13,3
2640,84959,27709,-1708,213,1264,-24444,-2381,84959,-8417,12138,-3310,2325,-1591,-6821,84980,-20752,22878,5256,-1290,1351,-13146,84980,-2858,-30513,7674,-562,146,-5803,84959,6459,28818,7954,-3546,2504,7969,13,3
2641,84981,27709,-1708,213,1264,-24444,-2381,84981,-8417,12138,-3310,2609,-1591,-6709,85002,-20752,22878,5256,-1290,1468,-13132,85002,-2858,-29538,7674,-562,146,-5746,84981,6459,28818,7954,-3546,2504,7969,13,3
2642,85003,27709,-2080,-787,1264,-24444,-2475,85003,-8997,12138,-3455,2609,-1658,-6709,85024,-21752,22878,5256,-1290,1468,-13132,85024,-2858,-29538,7499,-759,146,-5746,85003,6459,28099,7954,-4010,1687,7496,13,3
2643,85025,27983,-2359,-1787,932,-24111,-2603,85025,-9669,12233,-3455,2560,-2603,-5933,85046,-22752,22578,5858,88,2325,-12126,85046,-2193,-28538,6732,-759,585,-5300,85025,7459,27560,8013,-4558,1073,6709,13,3
2644,85047,27983,-2359,-1787,932,-24111,-2603,85047,-9669,12233,-3324,2560,-2603,-5924,85068,-22752,22578,6122,298,2325,-11819,85068,-2193,-28538,6732,-758,585,-5260,85047,7459,27560,7977,-4558,1073,6709,13,3
2645,85069,27983,-2359,-2787,542,-24111,-2670,85069,-10173,12233,-3324,2447,-3059,-5924,85090,-23454,22161,6122,298,2325,-11819,85090,-2193,-28538,6255,-758,585,-5260,85069,7459,27230,7977,-4969,612,5912,13,3
2646,85091,28189,-1855,-3787,-32,-23853,-2670,85091,-10788,12208,-3156,2362,-3223,-5152,85112,-24328,21340,6301,1498,2591,-10342,85112,-1320,-27538,5897,-508,314,-4692,85091,8459,26982,7977,-5278,7,4932,13,3
2647,85113,28189,-1767,-3787,-32,-22779,-2371,85113,-10788,12208,-3133,2362,-3223,-4995,85134,-24328,21340,6301,1498,2591,-10342,85134,-1320,-27538,5897,-389,314,-4692,85113,8459,26982,8030,-5278,7,4932,13,3
2648,85135,28003,-1767,-4787,-462,-22779,-2371,85135,-11249,12139,-3133,2298,-3346,-4995,85156,-24984,20537,6301,1498,2591,-10342,85156,-1320,-27538,5897,-389,110,-4692,85135,8459,26796,8030,-5278,-446,4197,13,3
2649,85157,27003,-1389,-5787,-775,-21245,-1947,85157,-11418,12088,-2943,2062,-3528,-4118,85178,-25476,19798,5959,2548,3062,-9975,85178,-789,-28293,6156,8,-517,-4515,85157,8816,26181,9028,-5230,-692,3888,13,3
2650,85179,27003,-1249,-5787,-775,-21143,-1947,85179,-11418,12088,-2943,2062,-3528,-4118,85200,-25476,19798,5959,2548,3062,-9975,85200,-789,-28293,6156,26,-517,-4515,85179,8816,26181,9028,-5016,-692,3888,13,3
2651,85201,26003,-1249,-6787,-947,-21143,-1947,85201,-11485,11997,-2943,1560,-3664,-4118,85222,-25749,19152,5703,2548,3062,-9975,85222,-789,-29037,6156,26,-869,-4515,85201,8816,25829,9028,-5016,-692,3783,13,3
2652,85223,25058,-860,-7787,-1011,-19143,-1801,85223,-11535,11848,-2616,1025,-3664,-3674,85244,-25953,18668,5207,2648,3543,-9765,85244,-325,-29595,6425,734,-1251,-4408,85223,9438,25655,9493,-3928,-649,3748,13,3
2653,85245,25058,-818,-7787,-1011,-19143,-1801,85245,-11535,11848,-2616,1025,-3544,-3674,85266,-25953,18668,5207,2648,3677,-9765,85266,-325,-29595,6425,849,-1251,-4408,85245,9438,25655,9493,-3838,-649,3748,13,3
2654,85267,24301,-818,-8787,-1011,-19143,-1801,85267,-11577,11736,-2616,564,-3544,-3674,85288,-26216,18397,4771,2648,3677,-9765,85288,-325,-30014,6425,849,-1508,-4408,85267,9438,25655,9493,-3838,-696,3722,13,3
2655,85289,23548,-365,-9787,-791,-17143,-1631,85289,-11609,11564,-2321,135,-2904,-3693,85310,-26480,18115,4172,2769,4114,-9652,85310,86,-30564,6768,1588,-1700,-4312,85289,9916,26617,9547,-2989,-734,3598,13,3
2656,85311,23548,-365,-9787,-770,-17143,-1550,85311,-11609,11564,-2280,135,-2876,-3693,85332,-26480,18115,4172,2980,4114,-9652,85332,106,-30564,6794,1777,-1700,-4292,85311,10216,26617,9547,-2989,-734,3598,13,3
2657,85333,22953,-365,-10787,-770,-17143,-1550,85333,-11633,11411,-2280,-286,-2876,-3720,85354,-26612,17904,3621,2980,4114,-9652,85354,106,-30977,6794,1777,-1700,-4292,85333,10216,26617,9547,-2989,-734,3449,13,3
2658,85355,22472,-111,-11787,-449,-15143,-1195,85355,-11651,11279,-2028,-688,-2229,-3925,85376,-26713,16980,3143,3537,3773,-9582,85376,691,-30977,7249,2593,-1179,-4215,85355,10970,26768,9506,-2601,-723,3333,13,3
2659,85377,22472,-111,-11787,-449,-15143,-1146,85377,-11651,11279,-2028,-688,-2176,-3925,85398,-26713,16980,3143,3537,3773,-9582,85398,691,-30846,7471,2593,-1179,-4215,85377,10980,26768,9506,-2601,-698,3333,13,3
2660,85399,22082,-111,-12787,-449,-15143,-1146,85399,-11692,11048,-2028,-898,-2176,-4079,85420,-26788,16163,3023,3537,3373,-9582,85420,691,-30846,7471,2593,-1179,-4267,85399,10980,26750,9506,-2601,-698,3333,13,3
2661,85421,21789,79,-13787,-102,-13143,-729,85421,-11780,10528,-2192,-955,-1403,-4176,85442,-27441,15378,2933,2881,2741,-9505,85442,1344,-30666,8261,2106,-1036,-4571,85421,11237,26648,9663,-2310,-758,3423,13,3
2662,85443,21789,79,-13787,-102,-13143,-729,85443,-11780,10528,-2192,-955,-1400,-4176,85464,-27441,15378,2933,2881,2741,-9443,85464,1344,-30666,8279,2106,-1036,-4571,85443,11237,26648,10093,-2306,-758,3522,13,3
2663,85465,21789,79,-14787,-130,-13143,-729,85465,-11849,10138,-2315,-955,-1400,-4229,85486,-28160,14917,2865,2183,1861,-9443,85486,1344,-30666,8279,1385,-1036,-4749,85465,11237,26648,10093,-2306,-803,3522,13,3
2664,85487,22195,425,-15787,-264,-11143,-662,85487,-12073,9918,-2354,-496,-818,-4268,85508,-28700,14730,2032,1456,1301,-9329,85508,1834,-30531,8545,844,-991,-4817,85487,11429,26660,10533,-1499,-803,3730,13,3
2665,85509,22789,425,-15787,-264,-11143,-662,85509,-12073,9918,-2354,-377,-812,-4268,85530,-28700,14730,2032,1456,1301,-9195,85530,2000,-30531,8545,844,-991,-4817,85509,11793,27134,10533,-1399,-454,3836,13,3
2666,85531,22789,425,-16787,-264,-11143,-662,85531,-12378,9918,-2354,-377,-812,-4268,85552,-29557,14609,1408,983,881,-9195,85552,2000,-30790,8545,701,-991,-4817,85531,11793,27134,10361,-1399,-454,3836,13,3
2667,85553,23789,647,-17787,-251,-9143,-626,85553,-12735,9984,-2291,177,-279,-4214,85574,-30235,14499,990,983,814,-8758,85574,2646,-30988,8710,701,-958,-4738,85553,12422,27284,10020,-818,-339,3855,13,3
2668,85575,23789,647,-17787,-232,-9143,-612,85575,-12735,10006,-2268,177,-279,-4152,85596,-30235,14499,990,1023,814,-8666,85596,2648,-30988,8804,801,-901,-4597,85575,12548,27284,10020,-818,-339,3855,13,3
2669,85597,23789,647,-18600,-232,-9143,-612,85597,-13100,10006,-2268,177,-279,-4152,85618,-30736,14414,768,1023,814,-8666,85618,2648,-31137,8804,801,-901,-4597,85597,12548,27284,9733,-818,-339,3759,13,3
2670,85619,24789,737,-19140,-171,-7143,-595,85619,-13410,10113,-2203,292,-70,-3985,85640,-31024,13792,604,1323,863,-7888,85640,3134,-31324,9039,873,-582,-4156,85619,13111,27203,9591,-990,-252,3544,13,3
2671,85641,24789,737,-19140,-171,-7143,-595,85641,-13410,10113,-2203,292,-70,-3920,85662,-31024,13792,604,1323,863,-7818,85662,3134,-31324,9053,873,-520,-4156,85641,13111,27203,9591,-990,-252,3544,13,3
2672,85663,24789,493,-19339,-171,-7143,-595,85663,-13551,10083,-2203,292,-70,-3920,85684,-31092,13318,604,1323,863,-7818,85684,3134,-31465,9053,761,-520,-4156,85663,13111,27098,9591,-1119,-252,3332,13,3
2673,85685,25140,310,-19548,-532,-5143,-621,85685,-13656,9678,-2267,261,1,-3591,85706,-31239,12780,821,1526,470,-7002,85706,3458,-31612,9485,118,-333,-3867,85685,13411,26969,9719,-1119,-500,3085,13,3
2674,85707,25140,310,-19548,-532,-5143,-621,85707,-13656,9678,-2267,261,1,-3519,85728,-31239,12780,921,1526,470,-7002,85728,3458,-31612,9523,118,-333,-3867,85707,13411,26969,9787,-870,-500,3085,13,3
2675,85729,25140,210,-19705,-803,-5143,-621,85729,-13735,9296,-2331,260,-12,-3519,85750,-31239,12583,921,1484,184,-7002,85750,3458,-31612,9523,-507,-333,-3867,85729,13411,26920,9787,-870,-782,2900,13,3
2676,85751,25455,157,-20138,-1006,-3143,-589,85751,-13877,8993,-2373,260,-21,-3071,85772,-31239,12525,1074,1335,-29,-6279,85772,3771,-31391,9488,-1238,-193,-3693,85751,13764,26836,9934,-655,-993,2761,13,3
2677,85773,25609,157,-20138,-1006,-3143,-491,85773,-13877,8993,-2373,350,-21,-3037,85794,-30577,12525,1074,1335,-29,-6198,85794,3771,-31391,9488,-1238,-140,-3693,85773,13764,26836,9934,-642,-993,2761,13,3
2678,85795,25609,157,-20567,-1159,-3143,-491,85795,-14058,8835,-2397,350,-21,-3037,85816,-30577,12525,1074,1104,-29,-6198,85816,3771,-31391,9428,-1865,-140,-3693,85795,13764,26836,9934,-642,-1059,2657,13,3
2679,85817,24609,118,-21543,-1384,-1681,-306,85817,-14325,8835,-2415,706,49,-2573,85838,-29577,12588,1285,672,10,-4998,85838,4310,-31285,9361,-2486,67,-3278,85817,14157,26855,9964,-102,-1059,2559,13,3
2680,85839,24609,118,-21543,-1384,-1681,-295,85839,-14325,8891,-2415,813,68,-2497,85860,-29577,12897,1285,672,10,-4491,85860,4424,-31285,9361,-2486,254,-3113,85839,14227,26855,9964,-88,-828,2559,13,3
2681,85861,23609,118,-22543,-1588,-1681,-295,85861,-14638,8891,-2436,813,68,-2497,85882,-29577,12897,1285,244,10,-4491,85882,4424,-31541,9190,-2764,254,-3113,85861,14227,26855,9929,-88,-828,2484,13,3
2682,85883,22609,68,-23543,-1929,-730,-11,85883,-15124,9127,-2522,1364,334,-1772,85904,-28577,13554,1095,-674,-1249,-2491,85904,4914,-31733,8876,-2973,697,-2110,85883,14840,26869,9928,485,211,1880,13,3
2683,85905,22609,68,-23543,-1929,-730,-11,85905,-15124,9220,-2522,1364,338,-1540,85926,-28577,13554,1095,-674,-1249,-2491,85926,4914,-31733,8876,-2973,714,-1796,85905,14840,26869,9889,485,524,1880,13,3
2684,85927,21609,-12,-24543,-2330,-730,-11,85927,-15489,9220,-2588,1364,338,-1540,85948,-28577,13554,1095,-1024,-2193,-2491,85948,4914,-31767,8641,-3129,714,-1796,85927,14840,26869,9606,485,524,1075,13,3
2685,85949,21609,-122,-24581,-2826,169,164,85949,-15683,9629,-2792,1625,540,-136,85970,-27577,13795,1385,-1055,-2790,-491,85970,5043,-31793,8480,-3317,1292,-318,85949,15290,26879,9598,882,1531,-194,13,3
2686,85971,22609,-122,-24581,-2826,503,164,85971,-15683,9629,-2792,1625,540,132,85992,-27577,13795,1473,-1055,-2790,-491,85992,5043,-31793,8480,-3317,1292,-160,85971,15290,26929,9592,882,1531,-194,13,3
2687,85993,22609,-122,-24581,-3221,503,141,85993,-15683,9629,-2913,1625,540,132,86014,-27577,13578,1473,-1055,-3238,-491,86014,4990,-31860,8360,-3458,1292,-160,85993,15290,26929,9592,882,1531,-1409,13,3
2688,86015,23609,-91,-24267,-3517,2350,12,86015,-15494,9667,-2942,1618,704,1748,86036,-28470,13063,1960,-788,-3786,1509,86036,4890,-31913,8002,-3458,1536,1105,86015,14991,26980,9592,1167,1723,-2370,13,3
2689,86037,23609,-79,-23765,-3517,2503,12,86037,-15359,9667,-2942,1618,704,1859,86058,-28470,13063,2402,-788,-3786,1509,86058,4890,-31913,8002,-3436,1536,1105,86037,14991,26980,9650,1167,1723,-2370,13,3
2690,86059,23609,-79,-23765,-3517,2503,-58,86059,-15359,9667,-2942,1599,704,1859,86080,-29064,13021,2402,-788,-4310,1509,86080,4669,-31952,7595,-3436,1536,1105,86059,14747,26980,9650,1167,1426,-3091,13,3
2691,86081,24609,-47,-22765,-3389,4503,-58,86081,-14906,9674,-2906,1444,1343,3247,86102,-29288,13021,3381,-560,-4875,3509,86102,4458,-31952,7238,-3079,1259,1933,86081,14494,27123,9697,1232,849,-3657,13,3
2692,86103,24609,-47,-22765,-3125,4503,6,86103,-14844,9674,-2901,1444,1464,3247,86124,-29288,13249,3402,-195,-4875,3509,86124,4458,-31862,7238,-2890,1259,1933,86103,14494,27123,9697,1232,849,-3657,13,3
2693,86125,24609,-69,-22765,-3125,4503,6,86125,-14844,9674,-2901,1163,1464,3247,86146,-29288,13249,3402,-195,-5126,3509,86146,4299,-31862,7022,-2890,948,1933,86125,14304,27123,9697,1220,111,-4145,13,3
2694,86147,25609,-155,-21765,-2749,6503,332,86147,-14411,9733,-2995,664,2330,4277,86168,-28954,14128,4402,565,-5340,5509,86168,4180,-31976,6886,-2239,559,2554,86147,14210,27230,9618,1211,-725,-4556,13,3
2695,86169,25609,-155,-21765,-2738,6503,397,86169,-14397,9837,-2995,664,2563,4277,86190,-28748,14249,4402,565,-5340,5509,86190,4180,-31976,6886,-2162,559,2730,86169,14210,27230,9618,1211,-725,-4556,13,3
2696,86191,25609,-220,-21765,-2738,6503,397,86191,-14397,9837,-3170,-42,2563,4277,86212,-28748,14249,4402,565,-5340,5509,86212,4109,-31988,6784,-2162,267,2730,86191,14139,27230,9559,1211,-1352,-4975,13,3
2697,86213,26609,-600,-20765,-2237,8503,954,86213,-13831,10230,-3453,-744,3569,5047,86234,-28157,15249,5371,1056,-5326,7509,86234,3912,-31997,6708,-1527,48,3679,86213,14044,27394,9405,1408,-1827,-5667,13,3
2698,86235,26609,-600,-20765,-2002,8503,999,86235,-13693,10333,-3453,-744,3569,5047,86256,-28133,15249,5371,1056,-5326,7509,86256,3912,-31997,6708,-1527,48,3858,86235,14044,27394,9405,1531,-1827,-5667,13,3
2699,86257,26609,-885,-20765,-2002,8503,999,86257,-13693,10333,-3733,-1390,3569,5047,86278,-28133,15249,5371,1056,-5326,7509,86278,3638,-31997,6708,-1527,48,3858,86257,13701,27394,9289,1531,-2346,-6380,13,3
2700,86279,27181,-1225,-19765,-1365,10503,1451,86279,-12948,10779,-3943,-2065,4197,5659,86300,-27445,16249,5710,1514,-3865,9509,86300,2794,-30997,6755,-1397,-205,5117,86279,13149,27913,9108,2149,-2735,-7120,13,3
2701,86301,27181,-1225,-19765,-1302,10503,1451,86301,-12884,10782,-3943,-2065,4197,5680,86322,-27133,16249,5710,2009,-3846,9509,86322,2794,-30997,6927,-1397,-205,5132,86301,13149,27913,9108,2389,-2735,-7120,13,3
2702,86323,27181,-1322,-19765,-1302,10503,1451,86323,-12884,10782,-4050,-2643,4197,5680,86344,-27133,16249,5710,2009,-3846,9509,86344,2111,-30997,6927,-1397,-365,5132,86323,12451,27913,8929,2389,-2735,-7722,13,3
2703,86345,26840,-1507,-18765,-736,12503,1553,86345,-12101,11116,-4050,-3240,4309,6392,86366,-26133,17249,5310,2909,-2712,11509,86366,1589,-29997,6991,-1358,-485,6202,86345,11814,28302,8518,3202,-2433,-8200,13,3
2704,86367,26840,-1507,-18765,-736,12503,1553,86367,-11989,11127,-4038,-3240,4309,6479,86388,-26133,17249,5310,2909,-2712,11509,86388,1589,-29997,6991,-1358,-485,6276,86367,11814,28302,8518,3294,-2226,-8200,13,3
2705,86389,26084,-1692,-18765,-736,12503,1553,86389,-11989,11127,-4038,-3709,4077,6479,86410,-26133,17249,4798,2909,-2712,11509,86410,868,-29997,6991,-1358,-485,6276,86389,10952,28302,7816,3294,-2226,-8522,13,3
2706,86411,25517,-1861,-17765,-407,14503,1629,86411,-10989,11344,-3907,-4061,3447,7105,86432,-25133,18249,4244,3889,-3204,12849,86432,327,-30317,7011,-1327,-214,6907,86411,10306,28770,7186,3636,-1720,-8695,13,3
2707,86433,25517,-1861,-17765,-407,14503,1629,86433,-10989,11344,-3806,-4061,3447,7136,86454,-25133,18249,4244,3905,-3204,12849,86454,327,-30317,7011,-1227,350,6907,86433,10306,28770,7186,3636,-1720,-8695,13,3
2708,86455,25517,-1987,-17765,-407,14503,1629,86455,-10989,11344,-3806,-4061,2717,7136,86476,-25133,18249,3829,3905,-4227,12849,86476,-192,-30597,7011,-1227,350,6907,86455,9641,28770,6809,3636,-1720,-8756,13,3
2709,86477,25600,-1987,-16765,-819,16503,991,86477,-9989,11516,-3280,-3913,1323,7566,86498,-24133,19249,3781,3580,-4571,13310,86498,-913,-30919,6906,-1060,827,7380,86477,9142,29141,6526,3784,-1358,-8802,13,3
2710,86499,25620,-1918,-16765,-819,16503,991,86499,-9989,11571,-3118,-3898,1323,7566,86520,-24133,19249,3781,3580,-4571,13310,86520,-913,-30919,6906,-1060,827,7465,86499,9142,29239,6526,3893,-1276,-8802,13,3
2711,86521,25620,-1918,-16765,-1155,16503,436,86521,-9989,11571,-3118,-3898,277,7566,86542,-24133,19249,3745,2788,-4571,13310,86542,-1468,-31161,6827,-1060,827,7465,86521,8800,29239,6252,3893,-1276,-8880,13,3
2712,86543,26203,-1822,-15765,-1413,16222,-5,86543,-8989,11999,-2505,-3693,58,7615,86564,-23133,20249,3718,1807,-3038,13366,86564,-1930,-31376,6434,-916,460,7909,86543,8338,29631,5767,4019,-1025,-9036,13,3
2713,86565,26237,-1758,-15765,-1413,16222,-5,86565,-8989,12113,-2505,-3494,58,7615,86586,-23133,20249,3718,1807,-2571,13366,86586,-1930,-31376,6434,-859,460,7909,86565,8338,29657,5767,4019,-975,-9036,13,3
2714,86587,26237,-1758,-15765,-1596,15973,-322,86587,-8989,12113,-2505,-3494,-27,7538,86608,-23133,20249,3414,1071,-2571,13122,86608,-2763,-31538,6129,-859,-649,7909,86587,7451,29657,5237,3842,-975,-9045,13,3
2715,86609,26986,-1638,-14765,-1596,14999,-509,86609,-7989,12758,-2101,-2827,-90,7283,86630,-22133,21249,3186,519,-571,11845,86630,-3763,-31659,5910,-658,-1487,7503,86609,6451,30238,4611,3116,-1388,-9045,13,3
2716,86631,26986,-1638,-14765,-1514,14999,-509,86631,-7989,12770,-2101,-2827,-90,7283,86652,-22133,21249,3186,519,-571,11845,86652,-3763,-31659,5910,-633,-1487,7503,86631,6451,30238,4611,3116,-1388,-8783,13,3
2717,86653,26986,-1638,-14765,-1514,14007,-649,86653,-7989,12770,-2101,-2827,-1194,6991,86674,-22133,21249,3186,194,-571,10408,86674,-4763,-31659,5910,-633,-1487,6623,86653,5524,30238,4270,2560,-1555,-8783,13,3
2718,86675,25986,-1626,-13765,-1617,12707,-722,86675,-6989,13291,-1839,-2748,-2429,6501,86696,-21133,22249,3333,-14,872,8568,86696,-5398,-30659,6490,-495,-1008,5365,86675,4524,30766,4270,2143,-1782,-7775,13,3
2719,86697,25986,-1626,-13765,-1617,12707,-722,86697,-6989,13331,-1839,-2748,-2429,6501,86718,-21133,22249,3373,-14,872,8568,86718,-5398,-30659,6490,-495,-1008,5365,86697,4524,30766,4740,2143,-1782,-7308,13,3
2720,86719,24986,-1626,-13765,-1749,11376,-777,86719,-6989,13331,-1839,-2748,-3355,6021,86740,-21133,22249,3373,-205,872,7145,86740,-5724,-30924,6490,-626,-1008,4422,86719,3895,30766,4740,1977,-1782,-7308,13,3
2721,86741,24986,-1525,-12765,-1793,10337,-777,86741,-5989,13902,-1458,-2360,-3704,5378,86762,-20133,23249,3123,-639,1322,6077,86762,-5968,-31211,6403,-724,-1448,3640,86741,3519,31162,4653,1853,-1507,-5807,13,3
2722,86763,25986,-1525,-12765,-1793,10337,-763,86763,-5989,13996,-1370,-2234,-3704,5378,86784,-20133,23249,3123,-639,1322,6077,86784,-5968,-31211,6403,-724,-1448,3640,86763,3519,31168,4653,1853,-1507,-5807,13,3
2723,86785,25986,-1525,-12765,-1793,9551,-763,86785,-5989,13996,-1370,-2234,-3704,4678,86806,-20133,23249,3123,-886,1322,5349,86806,-6151,-31426,6328,-729,-1476,2930,86785,3519,31168,4587,1411,-1507,-5807,13,3
2724,86807,26986,-1469,-11765,-1650,8444,-692,86807,-4989,14565,-1004,-1608,-3037,3820,86828,-19133,24249,2936,-1029,2566,4819,86828,-6289,-31571,6328,-733,-1476,2330,86807,3965,31364,4538,997,-1042,-4711,13,3
2725,86829,26986,-1469,-11765,-1650,8444,-692,86829,-4989,14565,-1004,-1608,-2748,3820,86850,-19133,24249,2936,-1029,2566,4819,86850,-6289,-31571,6456,-733,-1373,2330,86829,3965,31364,4538,997,-1042,-4711,13,3
2726,86851,26986,-1565,-11765,-1650,7504,-695,86851,-4989,14565,-1004,-1608,-2748,3055,86872,-19133,24249,2936,-1095,2566,4406,86872,-6289,-31696,6456,-733,-1373,1880,86851,3665,31364,4538,680,-1042,-4711,13,3
2727,86873,27986,-1713,-10765,-1527,6197,-697,86873,-4268,14943,-763,-1102,-1934,2384,86894,-18133,25249,3516,-1145,3012,3638,86894,-6174,-31820,6358,-705,-1071,1562,86873,3665,31403,4293,262,-693,-4110,13,3
2728,86895,27986,-1713,-10765,-1527,6197,-697,86895,-4268,14943,-763,-1102,-1890,2384,86916,-18133,25249,3516,-1145,3012,3638,86916,-6168,-31820,6358,-662,-1036,1562,86895,3665,31403,4293,262,-693,-4110,13,3
2729,86917,27986,-1902,-10765,-1527,5189,-698,86917,-4268,14943,-763,-1102,-1890,1843,86938,-18133,25249,3516,-1145,3012,2906,86938,-6168,-31913,6284,-662,-1036,1562,86917,3590,31262,4109,-64,-693,-4110,13,3
2730,86939,28545,-1966,-9765,-1404,4233,-698,86939,-3626,15278,-626,-671,-1246,1376,86960,-17133,26249,3741,-825,2918,2187,86960,-6077,-31992,6201,-391,-639,1705,86939,3416,31080,3971,-382,-620,-3660,13,3
2731,86961,28545,-1966,-9765,-1308,4233,-685,86961,-3626,15289,-582,-671,-1037,1376,86982,-17133,26249,3951,-822,2918,2187,86982,-6061,-31992,6201,-319,-639,1714,86961,3416,31080,3971,-382,-701,-3540,13,3
2732,86983,28545,-2040,-9765,-1308,3470,-685,86983,-3626,15289,-582,-671,-1037,1024,87004,-17133,26249,3951,-822,2847,1648,87004,-6061,-31992,6152,-319,-639,1714,86983,3404,30596,3971,-597,-701,-3540,13,3
2733,87005,29007,-2040,-8765,-1171,2684,-729,87005,-3196,15542,-491,-444,-361,746,87026,-16133,27160,4067,-760,2766,1478,87026,-6207,-31970,6110,102,-509,1985,87005,3277,30233,4020,-758,-922,-3373,13,3
2734,87027,29007,-2012,-8765,-1171,2684,-729,87027,-3196,15542,-491,-444,-344,746,87048,-16133,27172,4067,-760,2766,1478,87048,-6207,-31970,6110,113,-509,2202,87027,3277,30233,4020,-758,-922,-3373,13,3
2735,87049,29007,-2012,-8765,-1171,2033,-729,87049,-3196,15542,-533,-444,-344,538,87070,-16133,27172,4067,-760,2705,1413,87070,-6261,-31970,6084,113,-509,2202,87049,3277,29960,4020,-878,-928,-3373,13,3
2736,87071,29409,-2075,-7765,-1069,1329,-762,87071,-2965,15704,-588,-353,156,354,87092,-15133,28005,4258,-714,2626,1413,87092,-6545,-31953,6084,387,-745,2621,87071,3009,29960,3947,-968,-1183,-3520,13,3
2737,87093,29409,-2075,-7765,-1069,1329,-762,87093,-2965,15704,-588,-353,223,354,87114,-15133,28005,4258,-714,2626,1464,87114,-6545,-31953,6147,387,-745,2666,87093,3009,30010,3937,-968,-1183,-3520,13,3
2738,87115,29409,-2075,-7765,-1069,793,-762,87115,-2965,15704,-606,-353,223,260,87136,-15133,28005,4258,-714,2463,1464,87136,-6950,-31953,6147,387,-1081,2666,87115,2476,30010,3947,-1035,-1183,-3650,13,3
2739,87137,29651,-2138,-6765,-1149,347,-761,87137,-2843,15813,-643,-312,546,189,87158,-14133,28629,4611,-450,1870,1386,87158,-7334,-31774,6540,327,-1333,2985,87137,2077,30047,4344,-1122,-872,-3748,13,3
2740,87159,29651,-2138,-6765,-1149,347,-761,87159,-2843,15813,-643,-312,546,189,87180,-14133,28629,4611,-380,1870,1386,87180,-7334,-31774,6672,327,-1333,2985,87159,2077,30047,4344,-1122,-872,-3748,13,3
2741,87181,29651,-2185,-6765,-1209,-89,-782,87181,-2843,15813,-683,-312,546,178,87202,-14133,28629,4611,-380,1402,1288,87202,-7730,-31774,6672,282,-1333,2977,87181,1777,30047,4344,-1130,-1048,-3748,13,3
2742,87203,29688,-2236,-5765,-1436,-395,-963,87203,-2825,15853,-713,-256,798,178,87224,-13565,29139,4616,-54,446,1080,87224,-8027,-31640,6934,249,-599,2870,87203,982,30273,4558,-1130,-1048,-3574,13,3
2743,87225,29688,-2236,-5765,-1436,-395,-963,87225,-2825,15853,-713,-191,798,178,87246,-13565,29139,4616,-54,446,1080,87246,-8027,-31640,6934,249,-216,2870,87225,982,30273,4558,-1101,-871,-3537,13,3
2744,87247,29688,-2275,-5765,-1632,-408,-1098,87247,-2868,15847,-743,-191,798,178,87268,-13565,29139,4616,-54,-134,741,87268,-8282,-31640,6934,229,-216,2721,87247,692,30273,4558,-1101,-871,-3537,13,3
2745,87269,29716,-2426,-4765,-1839,-408,-1294,87269,-2952,15842,-822,-57,835,219,87290,-13139,29380,4620,190,-569,228,87290,-8637,-31580,6958,214,314,2413,87269,445,30324,4718,-1080,-739,-2907,13,3
2746,87291,29716,-2426,-4765,-1839,-384,-1294,87291,-2952,15842,-822,17,835,301,87312,-13139,29522,4762,190,-569,228,87312,-8637,-31580,6958,214,314,2413,87291,445,30324,4718,-1080,-739,-2712,13,3
2747,87313,29716,-2426,-4765,-2054,-384,-1368,87313,-3004,15842,-882,17,656,301,87334,-13139,29522,4762,190,-720,-127,87334,-8739,-31580,6958,203,314,2052,87313,347,30324,4718,-1080,-739,-2712,13,3
2748,87335,29749,-2293,-3765,-2220,-305,-1423,87335,-3004,15896,-933,190,278,411,87356,-12766,29689,4891,-7,-723,-345,87356,-8980,-31535,6976,105,428,1539,87335,322,30379,4798,-1044,-639,-2050,13,3
2749,87357,29749,-2261,-3765,-2220,-268,-1423,87357,-2986,15901,-933,190,278,411,87378,-12766,29689,4891,-7,-723,-345,87378,-8980,-31535,6990,105,428,1539,87357,322,30783,4798,-1006,-639,-2050,13,3
2750,87379,29748,-2261,-3765,-2339,-268,-1423,87379,-2986,15901,-958,190,58,411,87400,-12766,29689,4891,-12,-723,-345,87400,-9050,-31535,7018,19,418,1076,87379,309,30783,4798,-1006,-669,-2050,13,3
2751,87401,29747,-2171,-2765,-2339,-1,-1391,87401,-2915,15946,-958,233,41,287,87422,-12486,29832,4974,-16,-485,-186,87422,-9103,-31499,7020,-67,407,541,87401,299,31127,4858,-868,-669,-1553,13,3
2752,87423,29747,-2171,-2765,-2336,20,-1356,87423,-2915,15946,-958,233,41,287,87444,-12418,29832,4974,-16,-146,-186,87444,-9103,-31478,7043,-67,407,541,87423,299,31127,4858,-868,-587,-1553,13,3
2753,87445,29747,-2171,-2765,-2336,20,-1356,87445,-2915,15946,-958,233,28,143,87466,-12418,29832,4974,-16,-146,-186,87466,-9103,-31462,7043,-109,402,140,87445,292,31127,4858,-868,-587,-1553,13,3
2754,87467,29832,-2246,-1765,-2251,236,-1306,87467,-2871,15974,-876,263,-2,15,87488,-12087,30044,5082,79,230,-148,87488,-9063,-31462,7043,-163,395,-137,87467,219,31327,5007,-764,-449,-1139,13,3
2755,87489,29856,-2246,-1765,-2251,291,-1303,87489,-2871,15980,-864,263,-2,15,87510,-12059,30058,5082,95,230,-148,87510,-8983,-31454,6998,-163,395,-137,87489,219,31327,5007,-740,-275,-1006,13,3
2756,87511,29856,-2304,-1765,-2251,291,-1303,87511,-2871,15980,-864,263,-70,-58,87532,-12059,30058,5082,95,230,-190,87532,-8983,-31454,6998,-215,45,-137,87511,219,31327,5007,-740,-275,-1006,13,3
2757,87533,29896,-2384,-765,-2187,414,-1263,87533,-2765,16006,-794,285,-193,-93,87554,-11698,30257,5061,164,405,-301,87554,-8849,-31454,6896,-279,-306,-66,87533,358,31511,5031,-608,-83,-551,13,3
2758,87555,30010,-2384,-765,-2187,414,-1263,87555,-2759,16039,-775,285,-193,-93,87576,-11698,30257,5061,176,405,-301,87576,-8785,-31448,6896,-279,-306,-65,87555,358,31531,5031,-592,-83,-542,13,3
2759,87577,30010,-2384,-765,-2187,414,-1263,87577,-2759,16039,-775,285,-254,-93,87598,-11698,30257,5041,176,405,-384,87598,-8785,-31448,6796,-294,-732,-65,87577,358,31531,5031,-592,-83,-542,13,3
2760,87599,30027,-2342,235,-2001,473,-1219,87599,-2563,16081,-687,360,-254,-73,87620,-11415,30356,5026,129,623,-397,87620,-8684,-31590,6683,-294,-1315,261,87599,506,31622,5033,-457,43,-207,13,3
2761,87621,30027,-2342,235,-1914,473,-1158,87621,-2544,16081,-652,360,-220,-66,87642,-11415,30356,5026,129,818,-397,87642,-8684,-31590,6683,-288,-1315,270,87621,506,31622,5033,-457,43,-207,13,3
2762,87643,30027,-2342,235,-1914,473,-1158,87643,-2544,16081,-652,360,-220,-66,87664,-11415,30356,4999,56,818,-397,87664,-8726,-31590,6604,-288,-1760,270,87643,506,31622,5033,-457,43,-207,13,3
2763,87665,30062,-2314,1235,-1652,506,-1044,87665,-2416,16107,-595,386,-157,-46,87686,-11257,30427,4995,-4,1390,-339,87686,-8832,-31696,6604,-64,-2094,534,87665,617,31708,5034,-355,183,-37,13,3
2764,87687,30062,-2314,1235,-1502,506,-1022,87687,-2412,16107,-595,386,-139,-39,87708,-11203,30431,4995,-4,1390,-339,87708,-8832,-31696,6769,-46,-2094,534,87687,617,31708,5034,-355,183,-37,13,3
2765,87709,30062,-2314,1235,-1502,506,-1022,87709,-2412,16107,-595,386,-139,-39,87730,-11203,30431,4976,-49,1390,-339,87730,-8911,-31696,6769,-46,-2094,534,87709,617,31708,5029,-355,183,-37,13,3
2766,87731,30092,-2299,2235,-1124,528,-887,87731,-2372,16129,-578,348,40,-25,87752,-10982,30583,4922,-133,1789,-284,87752,-9057,-31468,6914,139,-1830,697,87731,694,31815,5025,-300,310,44,13,3
2767,87753,30111,-2299,2235,-1121,528,-842,87753,-2372,16129,-578,348,40,-25,87774,-10982,30583,4922,-133,1789,-284,87774,-9057,-31468,6928,139,-1788,697,87753,694,31815,5025,-300,310,44,13,3
2768,87775,30111,-2310,2235,-1121,528,-842,87775,-2372,16129,-578,320,40,-25,87796,-10982,30583,4881,-178,1789,-284,87796,-9166,-31529,6928,139,-1788,697,87775,694,31815,5025,-300,310,24,13,3
2769,87797,30111,-2310,3235,-793,545,-668,87797,-2415,16145,-597,314,276,-49,87818,-10834,30661,4834,-235,2057,-229,87818,-9276,-31529,7034,199,-1435,539,87797,756,31877,5090,-263,422,-55,13,3
2770,87819,30175,-2310,3235,-793,561,-632,87819,-2415,16157,-597,314,314,-49,87840,-10834,30661,4834,-235,2057,-187,87840,-9276,-31340,7048,199,-1287,539,87819,756,31877,5090,-263,480,-55,13,3
2771,87841,30175,-2376,3235,-793,561,-632,87841,-2490,16157,-644,314,314,-69,87862,-10834,30661,4834,-374,2057,-187,87862,-9398,-31340,7048,199,-1287,410,87841,756,31877,4971,-263,480,-124,13,3
2772,87863,30129,-2462,4235,-655,606,-557,87863,-2546,16139,-680,327,519,-126,87884,-10693,30719,4855,-479,2247,-151,87884,-9450,-31340,7140,262,-656,166,87863,789,31923,4858,-180,550,-144,13,3
2773,87885,30129,-2462,4235,-655,632,-557,87885,-2546,16139,-680,353,519,-126,87906,-10693,30725,4855,-479,2247,-151,87906,-9450,-31199,7144,262,-630,166,87885,789,31945,4858,-163,550,-144,13,3
2774,87907,30129,-2508,4235,-679,632,-558,87907,-2663,16126,-707,353,519,-174,87928,-10693,30725,4855,-479,2030,-267,87928,-9477,-31199,7144,262,-630,-17,87907,789,31945,4858,-163,456,-189,13,3
2775,87929,30095,-2539,5235,-823,685,-562,87929,-2670,16116,-736,393,462,-210,87950,-10587,30731,4895,-234,1590,-405,87950,-9497,-31105,7230,265,-137,-82,87929,813,31996,4899,-83,140,-223,13,3
2776,87951,30095,-2539,5235,-823,685,-562,87951,-2670,16116,-736,393,462,-210,87972,-10557,30731,4895,-214,1590,-405,87972,-9497,-31105,7230,265,-137,-82,87951,813,31996,4985,-83,140,-223,13,3
2777,87973,30095,-2539,5235,-1029,685,-699,87973,-2676,16116,-754,393,404,-210,87994,-10557,30731,4895,-214,1134,-435,87994,-9497,-31105,7230,265,-137,-82,87973,795,31996,4985,-83,-96,-344,13,3
2778,87995,30143,-2528,6235,-1334,605,-816,87995,-2714,16093,-830,451,334,-195,88016,-10701,30736,4859,0,671,-455,88016,-9512,-31034,7230,267,278,-26,87995,782,31931,5096,-23,-96,-458,13,3
