Timestep,IMU1_tick,IMU1_ax,IMU1_ay,IMU1_az,IMU1_gx,IMU1_gy,IMU1_gz,IMU2_tick,IMU2_ax,IMU2_ay,IMU2_az,IMU2_gx,IMU2_gy,IMU2_gz,IMU3_tick,IMU3_ax,IMU3_ay,IMU3_az,IMU3_gx,IMU3_gy,IMU3_gz,IMU4_tick,IMU4_ax,IMU4_ay,IMU4_az,IMU4_gx,IMU4_gy,IMU4_gz,IMU5_tick,IMU5_ax,IMU5_ay,IMU5_az,IMU5_gx,IMU5_gy,IMU5_gz,move,label
240,75099,26179,-394,31,-1768,-882,-1691,75099,-8214,13511,2660,594,910,2400,102760,21739,-23519,689,-1372,686,4557,102760,-11587,1821,7335,414,-2352,1580,75099,130,31959,633,-2872,-803,-4829,2,3
241,102761,26179,-394,31,-1683,-882,-1592,102761,-8195,13511,2660,594,910,2400,102782,21739,-23519,689,-1372,686,4557,102782,-11434,1821,7335,414,-2307,1580,102761,130,31959,633,-2836,-803,-4693,2,3
242,102783,26179,-394,-36,-1683,-882,-1592,102783,-8195,13511,2645,472,878,1957,102804,21456,-24119,478,-1372,686,4019,102804,-11434,821,7335,321,-2307,1161,102783,-80,31959,633,-2836,-803,-4693,2,3
243,102805,27179,-655,-36,-1496,-607,-1374,102805,-7897,13860,1665,442,780,1464,102826,20456,-25119,278,-932,686,2986,102826,-11319,-179,7491,234,-1618,835,102805,-240,32015,838,-2134,-611,-3999,2,3
244,102827,27179,-655,964,-1496,-603,-1374,102827,-7195,14202,1665,442,780,1464,102848,20456,-25119,278,-932,730,2986,102848,-11319,-179,7491,234,-1618,835,102827,-240,32037,838,-2134,-611,-3468,2,3
245,102849,27179,-881,964,-1496,-603,-1374,102849,-7195,14202,923,421,706,1094,102870,19456,-26119,128,-932,730,2216,102870,-11319,-1179,7491,164,-1618,591,102849,-360,32037,838,-2134,-611,-3468,2,3
246,102871,28179,-1050,1964,-1415,-427,-1211,102871,-6195,14720,358,404,641,822,102892,18456,-27119,16,-629,825,1640,102892,-11285,-2179,7592,111,-1164,408,102871,-456,32095,1004,-1640,-405,-2549,2,3
247,102893,28179,-1050,1964,-1415,-427,-1211,102893,-6195,14720,358,404,641,822,102914,18456,-27119,16,-629,845,1640,102914,-11285,-2179,7592,111,-1164,408,102893,-456,32107,1012,-1640,-389,-2549,2,3
248,102915,28179,-1177,1964,-1415,-427,-1211,102915,-6195,14720,-65,391,569,621,102936,17456,-28119,-60,-629,845,1212,102936,-11285,-3179,7592,71,-1164,285,102915,-532,32107,1012,-1640,-389,-2549,2,3
249,102937,29054,-1250,2964,-1354,-315,-1079,102937,-5195,15112,-375,381,495,470,102958,16456,-29119,-117,-404,1027,892,102958,-11251,-4179,7674,24,-915,209,102937,-603,32158,1145,-1278,-183,-1872,2,3
250,102959,29054,-1250,2964,-1335,-315,-1079,102959,-5195,15116,-375,381,495,470,102980,16456,-29119,-117,-401,1027,892,102980,-11251,-4179,7674,24,-915,209,102959,-603,32158,1165,-1278,-154,-1872,2,3
251,102981,29054,-1301,2964,-1335,-315,-1079,102981,-5195,15116,-605,374,460,356,103002,15456,-29901,-159,-401,1027,655,103002,-11251,-5179,7674,-11,-915,161,102981,-656,32158,1165,-1278,-154,-1872,2,3
252,103003,29666,-1373,3964,-1240,-265,-995,103003,-4195,15413,-777,369,459,252,103024,14456,-30489,-203,-187,1099,477,103024,-11246,-6179,7735,-35,-667,125,103003,-696,32196,1259,-1038,35,-1363,2,3
253,103025,29666,-1373,3964,-1233,-265,-995,103025,-4195,15413,-777,369,459,252,103046,14456,-30489,-203,-187,1099,477,103046,-11246,-6179,7735,-35,-642,125,103025,-696,32196,1275,-1038,35,-1362,2,3
254,103047,29666,-1439,3964,-1233,-265,-995,103047,-4195,15413,-918,351,459,174,103068,13456,-30930,-203,-187,1099,358,103068,-11250,-7179,7735,-41,-642,107,103047,-730,32196,1275,-1038,35,-1362,2,3
255,103069,30123,-1497,4964,-1159,-228,-956,103069,-3195,15620,-1027,337,483,119,103090,12456,-31261,-178,-66,1154,250,103090,-11263,-8179,7781,-50,-377,93,103069,-755,32229,1364,-858,137,-961,2,3
256,103091,30125,-1497,4964,-1159,-221,-956,103091,-3195,15620,-1027,337,483,119,103112,12456,-31261,-178,-66,1178,250,103112,-11263,-8179,7781,-50,-377,93,103091,-755,32229,1364,-849,137,-961,2,3
257,103113,30125,-1532,4964,-1159,-221,-956,103113,-3195,15620,-1108,327,471,97,103134,11456,-31483,-178,-66,1178,185,103134,-11263,-9179,7781,-57,-377,62,103113,-774,32229,1364,-849,137,-961,2,3
258,103135,30482,-1532,5964,-1148,-174,-936,103135,-2222,15788,-1160,320,439,81,103156,10456,-31650,-113,24,1257,119,103156,-11237,-10179,7815,-101,-229,32,103135,-776,32253,1407,-697,191,-666,2,3
259,103157,30488,-1531,5964,-1148,-164,-936,103157,-2222,15790,-1160,320,439,81,103178,10456,-31650,-113,48,1257,119,103178,-11235,-10179,7815,-101,-229,32,103157,-776,32253,1407,-697,191,-666,2,3
260,103179,30488,-1531,5964,-1148,-164,-936,103179,-2222,15790,-1192,316,410,69,103200,9580,-31805,-113,48,1257,76,103200,-11235,-11179,7815,-141,-229,9,103179,-778,32253,1407,-697,191,-666,2,3
261,103201,30760,-1518,6964,-1126,-129,-902,103201,-1487,15919,-1211,313,389,50,103222,8923,-31921,-94,141,1266,54,103222,-11214,-12179,7831,-172,-105,-66,103201,-778,32275,1433,-580,273,-445,2,3
262,103223,30760,-1518,6964,-1113,-116,-892,103223,-1484,15920,-1211,313,389,50,103244,8923,-31921,-94,141,1266,54,103244,-11196,-12179,7831,-172,-94,-66,103223,-775,32281,1433,-580,290,-438,2,3
263,103245,30760,-1518,6964,-1113,-116,-892,103245,-1484,15920,-1225,311,389,23,103266,8420,-32022,-98,141,1266,54,103266,-11196,-13179,7831,-195,-94,-123,103245,-775,32281,1433,-580,290,-438,2,3
264,103267,30964,-1520,7955,-1068,-80,-856,103267,-926,16017,-1236,308,419,-4,103288,8041,-32098,-101,175,1230,58,103288,-11166,-14179,7813,-201,34,-165,103267,-785,32312,1548,-493,304,-250,2,3
265,103289,30980,-1520,7955,-1068,-80,-856,103289,-926,16017,-1236,308,450,-4,103310,8041,-32098,-101,175,1230,58,103310,-11166,-14179,7813,-201,57,-165,103289,-785,32312,1572,-488,304,-244,2,3
266,103311,30980,-1526,7955,-1068,-80,-856,103311,-926,16017,-1250,308,450,-19,103332,7747,-32155,-101,175,1230,58,103332,-11166,-15179,7791,-202,57,-185,103311,-792,32312,1572,-488,304,-244,2,3
267,103333,31145,-1540,8694,-1083,-53,-844,103333,-521,16084,-1261,310,470,-19,103354,7454,-32198,-103,201,1254,66,103354,-11154,-16179,7775,-203,195,-200,103333,-794,32322,1685,-408,258,-97,2,3
268,103355,31145,-1540,8694,-1083,-53,-844,103355,-521,16084,-1261,310,470,-17,103376,7454,-32198,-103,201,1254,74,103376,-11154,-16179,7775,-203,195,-200,103355,-794,32322,1685,-408,258,-97,2,3
269,103377,31145,-1551,8694,-1099,-53,-844,103377,-521,16084,-1266,310,459,-17,103398,7234,-32228,-103,201,1254,75,103398,-11154,-17179,7775,-206,195,-200,103377,-794,32322,1685,-408,227,-97,2,3
270,103399,31269,-1559,9252,-1116,-16,-847,103399,-217,16134,-1266,312,426,4,103420,7129,-32238,-95,215,1272,80,103420,-11145,-18179,7793,-218,233,-194,103399,-761,32325,1643,-349,203,-9,2,3
271,103421,31269,-1559,9252,-1116,0,-847,103421,-209,16140,-1263,312,426,9,103442,7129,-32238,-95,215,1272,80,103442,-11115,-18179,7819,-218,233,-194,103421,-761,32325,1643,-349,203,-9,2,3
272,103443,31269,-1565,9252,-1147,0,-847,103443,-209,16140,-1263,312,391,9,103464,7051,-32238,-95,215,1272,37,103464,-11115,-19179,7819,-229,213,-194,103443,-761,32325,1624,-349,203,-9,2,3
273,103465,31384,-1565,9609,-1207,46,-843,103465,32,16176,-1257,314,360,30,103486,6958,-32230,-119,237,1106,-12,103486,-11082,-20179,7852,-237,198,-189,103465,-776,32327,1606,-305,250,53,2,3
274,103487,31394,-1551,9609,-1207,46,-833,103487,38,16176,-1255,315,360,30,103508,6958,-32230,-119,308,1106,-12,103508,-11062,-20179,7852,-237,198,-189,103487,-776,32327,1606,-304,266,53,2,3
275,103509,31394,-1551,9609,-1238,46,-833,103509,38,16176,-1255,315,336,30,103530,6874,-32230,-195,308,935,-56,103530,-11062,-21179,7852,-241,198,-193,103509,-776,32327,1596,-304,266,53,2,3
276,103531,31497,-1527,9816,-1262,75,-802,103531,234,16207,-1240,324,263,33,103552,6699,-32214,-492,406,587,-253,103552,-11014,-22179,7891,-244,546,-283,103531,-786,32329,1596,-270,342,32,2,3
277,103553,31497,-1519,9816,-1262,75,-802,103553,256,16207,-1229,327,263,33,103574,6699,-32214,-492,493,587,-253,103574,-11014,-22179,7897,-244,626,-283,103553,-786,32329,1639,-243,480,32,2,3
278,103575,31497,-1519,9816,-1296,72,-802,103575,256,16207,-1229,327,187,21,103596,6568,-32214,-741,493,-96,-634,103596,-11046,-23179,7897,-439,626,-488,103575,-803,32320,1667,-243,480,-199,2,3
279,103597,30497,-1473,9592,-1431,-290,-921,103597,369,16258,-1209,374,93,-90,103618,6404,-31914,-927,1444,-608,-1409,103618,-11274,-24179,7630,-821,947,-1147,103597,-946,32314,1699,13,1663,-399,2,3
280,103619,30497,-1433,9592,-1431,-290,-921,103619,369,16313,-1174,437,93,-90,103640,6404,-31214,-927,1444,-608,-1409,103640,-11274,-24179,7630,-821,947,-1147,103619,-946,32306,1716,109,1746,-399,2,3
281,103641,29497,-1433,9420,-1488,-1021,-1036,103641,337,16313,-1174,437,-31,-305,103662,6281,-31214,-1067,1444,-608,-2404,103662,-11641,-25179,7430,-967,947,-2163,103641,-1109,32303,1716,109,1746,-399,2,3
282,103663,28497,-1188,9087,-1520,-2008,-1326,103663,313,16411,-1060,569,-135,-839,103684,6189,-30214,-1392,2068,738,-4332,103684,-11720,-26179,7280,-1002,1057,-4101,103663,-1511,32291,1511,577,1999,-260,2,3
283,103685,28497,-1188,9087,-1520,-2008,-1326,103685,313,16411,-1034,569,-135,-839,103706,6189,-30214,-1392,2068,1392,-4332,103706,-11720,-26179,7280,-1002,1057,-4101,103685,-1511,32291,1511,577,1999,69,2,3
284,103707,27497,-1188,8647,-1555,-3240,-1771,103707,313,16411,-1034,569,-244,-1540,103728,6189,-30214,-1636,2068,1392,-6160,103728,-11725,-27179,7168,-1002,882,-5992,103707,-1813,32291,1357,577,1999,69,2,3
285,103729,27497,-1235,7987,-1710,-5240,-2334,103729,418,16244,-746,-206,-295,-2937,103750,6860,-29536,-1839,2536,3392,-8160,103750,-11725,-28174,6730,-808,24,-7992,103729,-2115,32302,1291,758,1940,1433,2,3
286,103751,27567,-1235,7987,-1710,-5240,-2334,103751,418,16244,-645,-206,-295,-2937,103772,7189,-29536,-1839,2594,3392,-8160,103772,-11161,-28174,6730,-340,24,-7992,103751,-2115,32310,1291,758,1940,2069,2,3
287,103773,27567,-1366,7182,-2216,-7240,-3251,103773,215,16034,-645,-1036,-295,-4357,103794,7189,-29536,-1839,2594,3392,-9957,103794,-11161,-28920,6725,-340,-414,-9992,103773,-2342,32316,1291,758,1896,2069,2,3
288,103795,26757,-1448,6460,-3059,-9240,-4154,103795,-238,15710,-301,-1658,223,-6209,103816,8189,-28536,-1405,3382,2884,-9957,103816,-10390,-29620,6725,531,-742,-11851,103795,-2512,32041,1464,1097,1726,4069,2,3
289,103817,26757,-1448,6460,-3059,-9240,-4154,103817,-238,15710,-301,-1658,223,-6209,103838,8189,-28536,-1279,4029,2884,-7957,103838,-10161,-29620,6799,659,-742,-11851,103817,-2512,32041,1464,1363,1726,4069,2,3
290,103839,25757,-1448,5679,-3692,-11240,-4154,103839,-597,15439,-301,-2063,223,-7730,103860,8189,-28536,-1279,4029,884,-7957,103860,-10161,-30039,6799,659,-742,-13430,103839,-2512,31619,1464,1363,1519,4069,2,3
291,103861,24757,-1296,4721,-3880,-13240,-4003,103861,-953,15174,-102,-2364,313,-8947,103882,7656,-27536,-859,2029,-660,-5957,103882,-9161,-30397,6885,1515,-988,-14428,103861,-1512,31302,1264,2052,389,6069,2,3
292,103883,24757,-784,4721,-3880,-13240,-4003,103883,-953,15174,-102,-2364,313,-8947,103904,7656,-27536,-279,2029,-660,-5957,103904,-9161,-30397,6885,1633,-988,-14428,103883,-1512,31302,1264,2052,389,6069,2,3
293,103905,23757,-784,3721,-3880,-15240,-4003,103905,-1254,14975,-102,-2590,144,-9870,103926,7256,-27536,-279,468,-660,-5957,103926,-9161,-30413,6885,1633,-1123,-15044,103905,-1512,31064,1114,2052,-458,6069,2,3
294,103927,22757,162,2721,-3444,-17240,-3922,103927,-1501,14791,19,-2981,-577,-10573,103948,7256,-26536,516,468,-229,-7957,103948,-8161,-30413,7639,2714,-1376,-15301,103927,-512,30762,1001,1527,-1118,8069,2,3
295,103949,22757,162,2721,-2829,-17240,-3922,103949,-1501,14791,19,-2981,-577,-10573,103970,8256,-26536,516,490,-229,-7957,103970,-8161,-29817,7639,2714,-1376,-15301,103949,-512,30762,1001,1527,-1118,8069,2,3
296,103971,21966,162,1742,-2829,-18489,-3922,103971,-1686,14653,-71,-3855,-1118,-11631,103992,8256,-26536,516,490,-999,-7957,103992,-8161,-29817,7639,2714,-1376,-15301,103971,-512,30141,480,1065,-1118,8069,2,3
297,103993,21966,95,742,-1797,-18687,-3861,103993,-1825,13653,-147,-5054,-1182,-12903,104014,9256,-25536,1113,507,-2999,-5957,104014,-7161,-29370,8205,2800,-1142,-14683,103993,488,29676,-116,653,-511,9694,2,3
298,104015,21980,95,742,-1527,-18687,-3530,104015,-1825,13653,-147,-5054,-1182,-12903,104036,9256,-25536,1113,507,-2999,-5957,104036,-7161,-29035,8205,2800,122,-14229,104015,488,29676,-116,653,-511,9694,2,3
299,104037,21980,45,-258,-1527,-18687,-3530,104037,-2122,12669,-196,-5062,-1182,-13857,104058,9256,-25536,1113,507,-4999,-5957,104058,-7161,-29035,8205,2780,122,-14229,104037,488,29189,-116,332,-511,9694,2,3
300,104059,20980,8,-807,314,-18437,-1856,104059,-3122,12152,-196,-5062,-522,-14365,104080,10256,-25351,400,405,-6242,-7957,104080,-6161,-29772,8755,2765,1360,-12698,104059,1488,28189,289,4,511,9255,2,3
301,104081,20980,8,-807,314,-17944,-1856,104081,-3122,12152,-141,-4506,-522,-14365,104102,10256,-25351,400,405,-6242,-7957,104102,-6161,-29772,8755,2765,1360,-12229,104081,1488,28189,289,4,828,9255,2,3
302,104103,19980,-61,-1219,314,-17944,-1856,104103,-4122,12152,-141,-4506,-522,-14391,104124,10256,-25351,-600,329,-6242,-9957,104124,-6161,-29975,8755,2765,1360,-12229,104103,1488,28189,-175,-333,941,8091,2,3
303,104125,18980,-803,-2219,932,-16785,-1423,104125,-5122,12766,27,-3970,-1742,-14409,104146,9256,-24787,-1600,-1006,-4601,-11957,104146,-5161,-29975,9168,3126,1449,-10229,104125,2488,28752,-861,-1579,1066,6454,2,3
304,104147,18980,-803,-2219,932,-16785,-1423,104147,-5122,12766,212,-3970,-1742,-14409,104168,9256,-24351,-1600,-1006,-4482,-11957,104168,-5161,-28975,9248,3373,1449,-10229,104147,2488,28752,-861,-1579,1243,6454,2,3
305,104169,17980,-803,-3219,932,-16785,-1423,104169,-6122,12766,212,-4553,-2657,-14409,104190,8256,-24351,-2052,-3006,-4482,-13957,104190,-5161,-28975,9248,3373,1449,-10229,104169,2488,28752,-1037,-3439,1243,5114,2,3
306,104191,16980,-264,-4219,1382,-16138,-1258,104191,-7122,12325,1212,-5478,-2657,-14400,104212,7256,-23351,-2052,-5006,-2663,-15957,104212,-4161,-27975,9846,4155,1136,-8229,104191,3488,29306,-1037,-5392,714,3621,2,3
307,104213,16980,-132,-4219,1382,-16110,-1258,104213,-7122,12325,1212,-5478,-1972,-14225,104234,7256,-23351,-1581,-5006,-2663,-15957,104234,-4161,-27975,9846,4155,1136,-8229,104213,3488,29514,-495,-5392,714,3621,2,3
308,104235,15980,-132,-5219,1382,-16110,-1258,104235,-8122,11972,1212,-6172,-1972,-14225,104256,6256,-23351,-1581,-6294,-2663,-15968,104256,-4161,-28553,9846,4155,651,-8229,104235,3488,29514,-495,-6805,-104,2501,2,3
309,104257,14980,473,-6219,1336,-16068,-1404,104257,-9122,11169,2078,-6692,-1782,-13629,104278,5256,-22351,-771,-6897,-2918,-15968,104278,-3161,-29506,10716,3139,-536,-6229,104257,4488,29903,505,-7405,-895,1683,2,3
310,104279,14980,473,-6219,1336,-16068,-1404,104279,-9122,11169,2078,-6692,-1782,-13279,104300,5256,-22351,-771,-6897,-2918,-14791,104300,-3161,-29506,10716,3139,-536,-6229,104279,4488,29903,505,-7405,-895,1683,2,3
311,104301,13980,473,-7219,1302,-16217,-1404,104301,-10122,10527,2078,-6739,-1782,-13279,104322,4256,-22351,-771,-6897,-3109,-14791,104322,-3161,-29777,10716,2377,-1427,-6229,104301,4488,29903,505,-7405,-1489,1143,2,3
312,104323,12980,457,-8219,1179,-16284,-1586,104323,-11122,9741,2993,-6739,-2074,-11766,104344,3256,-21351,-848,-6271,-3314,-12791,104344,-2161,-29980,10863,1925,-1504,-4229,104323,5488,30015,1505,-7014,-1907,791,2,3
313,104345,12980,457,-8219,1179,-16284,-1586,104345,-11122,9741,3078,-6615,-2074,-11397,104366,3256,-21351,-848,-6034,-3314,-12791,104366,-2161,-29980,10863,1925,-1504,-4229,104345,5488,29969,1505,-7006,-1907,791,2,3
314,104367,11980,445,-9219,1179,-16284,-1716,104367,-12122,9117,3078,-6615,-2293,-11397,104388,2256,-21351,-1026,-6034,-3314,-12791,104388,-2161,-29980,10863,1925,-1562,-4229,104367,5488,29994,1505,-7006,-1907,527,2,3
315,104389,10980,130,-10219,1371,-15867,-1813,104389,-13122,8561,4078,-6118,-2410,-9397,104410,1256,-20351,-1173,-4421,-2755,-10791,104410,-1638,-30133,10973,1960,-1721,-2229,104389,6488,29994,2344,-6516,-1591,210,2,3
316,104411,10980,130,-10219,1371,-15560,-1813,104411,-13122,8561,4078,-5880,-2410,-9397,104432,1256,-20351,-1173,-4086,-2755,-10791,104432,-1638,-30133,10977,1960,-1721,-2229,104411,6488,30013,2344,-6190,-1591,210,2,3
317,104433,10980,-106,-11219,1320,-15560,-1886,104433,-13610,8084,4078,-5880,-2410,-9397,104454,256,-20351,-1399,-4086,-2755,-10791,104454,-1638,-30163,10977,1960,-2030,-2229,104433,6488,30013,2344,-6190,-1591,-33,2,3
318,104455,11980,-347,-12219,1281,-14656,-1940,104455,-13976,7556,4911,-5004,-2395,-7397,104476,256,-19351,-1569,-2322,-2557,-8791,104476,-1384,-30538,11578,1379,-2262,-481,104455,7488,30009,2988,-5136,-1293,-215,2,3
319,104477,11980,-347,-12219,1281,-14594,-1940,104477,-13976,7556,4911,-4899,-2395,-7397,104498,1256,-19351,-1569,-2259,-2335,-8791,104498,-1384,-30538,11578,1379,-2262,-481,104477,7488,30001,3344,-5104,-1293,-215,2,3
320,104499,11980,-544,-13219,1101,-14594,-1971,104499,-13976,7080,4911,-4899,-2395,-7397,104520,1256,-19351,-1634,-2259,-2335,-8791,104520,-1384,-30797,11578,909,-2262,-481,104499,7488,29998,3344,-5104,-1293,-350,2,3
321,104521,12980,-691,-14219,800,-12594,-1971,104521,-13966,6723,5405,-3765,-2384,-5397,104542,2256,-18351,-1634,-740,-1561,-6791,104542,-1461,-31013,11687,198,-1899,588,104521,8372,29990,3746,-4160,-1050,-466,2,3
322,104543,12980,-691,-14219,800,-12594,-1906,104543,-13908,6723,5405,-3519,-2260,-5397,104564,2256,-18351,-1477,-576,-1341,-6791,104564,-1461,-31013,11687,198,-1698,588,104543,8372,29990,3746,-4115,-1050,-466,2,3
323,104565,12980,-796,-15219,574,-12594,-1906,104565,-13908,6476,5405,-3519,-2260,-5397,104586,2256,-18351,-1477,-576,-1341,-6791,104586,-1461,-31171,11687,-335,-1698,588,104565,8372,29990,3746,-4115,-1050,-580,2,3
324,104587,13980,-796,-16219,228,-10594,-1858,104587,-13564,6401,5825,-2099,-1979,-3397,104608,3256,-17351,-1019,1197,-230,-4791,104608,-1671,-31290,11709,-734,-838,1024,104587,8977,29992,4233,-3046,-434,-777,2,3
325,104609,13980,-640,-16219,228,-10594,-1858,104609,-13564,6401,5867,-1889,-1716,-3397,104630,3256,-17351,-967,1424,11,-4791,104630,-1671,-31290,11709,-734,-808,1024,104609,8977,30036,4233,-2702,-337,-777,2,3
326,104631,13980,-640,-17219,-31,-10594,-1858,104631,-13564,6401,5867,-1889,-1716,-3397,104652,3256,-17351,-967,1424,11,-4791,104652,-1671,-31293,11709,-984,-808,1024,104631,8977,30036,4233,-2702,-337,-1073,2,3
327,104653,14980,-577,-18219,-202,-8594,-1709,104653,-13709,6436,6137,-448,-866,-1731,104674,2256,-16351,-559,3424,946,-2791,104674,-1691,-31417,11491,-1189,68,1189,104653,9348,30097,4534,-1148,687,-1527,2,3
328,104675,14980,-577,-18219,-202,-8594,-1565,104675,-13709,6628,6137,-68,-326,-1613,104696,2256,-16351,-473,3424,946,-2791,104696,-1691,-31417,11491,-1189,343,1189,104675,9348,30097,4534,-800,900,-1527,2,3
329,104697,14980,-577,-19219,-330,-8594,-1565,104697,-13821,6628,6137,-68,-326,-1613,104718,1256,-16351,-473,3424,946,-2791,104718,-1706,-31468,11491,-1342,343,1189,104697,9348,30097,4534,-800,900,-1986,2,3
330,104719,15980,-726,-20219,-469,-6594,-1320,104719,-13901,6902,6135,1496,765,-47,104740,256,-15619,-44,5347,1430,-791,104740,-1905,-31549,11712,-1769,1583,1256,104719,9593,30142,4382,1168,2181,-2462,2,3
331,104741,15980,-726,-20219,-469,-6594,-1320,104741,-13901,7051,6135,1554,765,107,104762,256,-15619,3,5392,1430,-791,104762,-1905,-31549,11712,-1769,1808,1256,104741,9593,30142,4382,1200,2433,-2462,2,3
332,104763,15980,-838,-20868,-804,-6594,-1320,104763,-13957,7051,5969,1554,765,107,104784,256,-15619,3,5392,1430,-791,104784,-2128,-31549,11712,-2427,1808,1225,104763,9593,30142,4268,1200,2433,-2896,2,3
333,104785,14980,-846,-21127,-1287,-4594,-1131,104785,-13995,7393,5514,2993,1538,1703,104806,1256,-15824,414,6794,2101,1209,104806,-2295,-31501,12002,-3381,2682,1202,104785,9672,30168,4183,3178,3331,-3247,2,3
334,104807,14980,-846,-21127,-1287,-4594,-1111,104807,-13995,7439,5514,3207,1538,1847,104828,1256,-15824,414,6794,2218,1209,104828,-2295,-31501,12002,-3381,2750,1202,104807,9672,30168,4183,3178,3331,-3247,2,3
335,104829,13980,-846,-21127,-1748,-4594,-1111,104829,-13995,7439,5067,3207,1538,1847,104850,1256,-16492,414,6794,2218,1209,104850,-2317,-31501,11719,-4197,2750,1202,104829,9672,30168,4085,3178,3331,-3552,2,3
336,104851,12980,-816,-20751,-2401,-2594,-1217,104851,-13888,7985,4726,4893,1872,3444,104872,2256,-17492,716,7295,3026,3209,104872,-2317,-31465,10753,-4708,3577,1422,104851,9670,30182,3527,4348,3500,-3909,2,3
337,104873,12980,-761,-20511,-2401,-2594,-1217,104873,-13670,8176,4726,4893,1872,3542,104894,2256,-17492,716,7295,3746,3209,104894,-2199,-31465,10753,-4708,3577,1684,104873,9670,30182,3527,4348,3500,-3909,2,3
338,104895,11980,-720,-20511,-2944,-2594,-1297,104895,-13670,8176,4480,4893,1872,3542,104916,2256,-18492,563,6737,3746,3209,104916,-2199,-31586,9753,-4708,3577,1684,104895,9668,30182,2651,4348,3500,-4365,2,3
339,104917,11980,-720,-19511,-3398,-594,-1297,104917,-13010,9176,4347,5724,1942,5119,104938,3256,-19492,448,4737,5446,5209,104938,-2245,-31803,9278,-4011,3048,2707,104917,9379,30482,1954,3844,3186,-5021,2,3
340,104939,12980,-677,-19511,-3398,-594,-1218,104939,-12796,9176,4347,5724,1942,5176,104960,3256,-19492,448,4737,5746,5209,104960,-2245,-31803,9278,-3370,3048,3083,104939,9379,30482,1954,3844,3186,-5021,2,3
341,104961,12980,-645,-19511,-3738,-594,-1218,104961,-12796,9176,4247,5724,1942,5176,104982,3256,-20251,448,2942,5746,5209,104982,-2485,-31966,9278,-3370,2532,3083,104961,8926,30482,1607,2700,2436,-5575,2,3
342,104983,13980,-645,-18511,-3909,1406,-1087,104983,-11796,10176,3881,5501,2262,6610,105004,4256,-20820,1448,942,7746,7209,105004,-2999,-32022,9506,-2400,1569,4476,104983,8298,30663,1483,1607,436,-6171,2,3
343,105005,13980,-621,-18511,-3909,1406,-987,105005,-11796,10176,3881,5501,2562,6610,105026,4256,-20820,1448,942,7746,7209,105026,-2999,-32022,9522,-2400,1569,4837,105005,8298,30663,1483,1607,436,-6171,2,3
344,105027,13980,-621,-18511,-3909,1406,-987,105027,-11796,10176,3320,5050,2562,6610,105048,4256,-21365,1448,-681,7746,7209,105048,-3385,-32022,9522,-2400,-114,4837,105027,7781,30663,1483,788,-1208,-6856,2,3
345,105049,14980,-575,-17511,-3772,3406,-467,105049,-10796,10801,2444,4476,3537,7724,105070,5256,-22361,2390,-2228,8740,9209,105070,-4302,-31930,9521,-2716,-1404,6495,105049,7385,30933,1336,173,-2441,-7773,2,3
346,105071,14980,-573,-17511,-3678,3406,-355,105071,-10796,10801,2444,4476,3537,7820,105092,5256,-22361,2390,-2228,8740,9209,105092,-4302,-31870,9521,-2716,-1404,6834,105071,7385,30933,1336,173,-2441,-7773,2,3
347,105093,14980,-573,-17511,-3678,3406,-355,105093,-10796,10801,1649,4042,3537,7820,105114,5256,-22772,2390,-3808,8530,9209,105114,-4866,-31870,9462,-2953,-2371,6834,105093,7082,30933,1226,-360,-3293,-8649,2,3
348,105115,15980,-395,-16511,-3491,5406,209,105115,-9942,11411,960,3717,3138,9175,105136,6256,-22931,3096,-5173,7648,11209,105136,-5866,-31694,9370,-3324,-2371,8439,105115,6337,30957,1143,-874,-3910,-9923,2,3
349,105137,15980,-395,-16511,-3491,5406,209,105137,-9796,11411,960,3717,3138,9319,105158,6256,-22931,3128,-5173,7648,11209,105158,-5866,-31694,9370,-3324,-1054,8439,105137,6337,30957,1143,-874,-3910,-9923,2,3
350,105159,15980,-395,-16511,-3491,5406,209,105159,-9796,11411,418,3331,2314,9319,105180,6256,-23050,3128,-5696,6000,11209,105180,-6866,-31694,9301,-3370,-1054,8439,105159,5584,30957,1143,-874,-3910,-11233,2,3
351,105181,16980,-352,-15511,-3398,7406,300,105181,-8796,11722,62,3041,948,10411,105202,7256,-23323,2870,-5696,4000,13209,105202,-7866,-31454,8951,-3405,-66,9240,105181,4584,30975,1465,-815,-3144,-12215,2,3
352,105203,16980,-352,-15511,-3398,7406,300,105203,-8796,11722,62,3041,948,10411,105224,7256,-23323,2870,-4704,4000,13209,105224,-7866,-31454,8951,-3405,-66,9240,105203,4584,30975,1465,-815,-3077,-12215,2,3
353,105225,16980,-352,-15511,-3398,7406,300,105225,-8796,11722,62,3041,-76,10411,105246,7256,-24316,2144,-4704,2000,13209,105246,-8853,-31454,8403,-3405,-66,9240,105225,3584,30975,1465,-815,-3077,-12215,2,3
354,105247,17980,-268,-14511,-3116,9406,505,105247,-7796,12161,180,3472,-756,11150,105268,7586,-25316,1144,-4680,74,14766,105268,-9643,-31212,7992,-2857,122,9416,105247,2668,31215,1610,-1565,-2522,-11905,2,3
355,105269,17980,-262,-14511,-3018,9406,652,105269,-7796,12531,282,3710,-756,11150,105290,7586,-25316,1144,-4680,74,14766,105290,-9643,-31104,7992,-2504,122,9416,105269,2668,31215,1670,-1565,-2522,-11829,2,3
356,105291,17980,-262,-14511,-3018,9406,652,105291,-7796,12531,282,3710,-1205,11150,105312,7586,-25830,644,-4680,-934,14766,105312,-10314,-31104,7878,-2504,122,9350,105291,1981,31215,1670,-2127,-2522,-11829,2,3
357,105313,18980,-52,-13511,-2534,10047,931,105313,-6796,13354,467,3979,-1427,10979,105334,7709,-26216,269,-5111,-934,13546,105334,-10945,-30764,7878,-1541,263,9097,105313,981,30973,1750,-2547,-2064,-11182,2,3
358,105335,18980,-52,-13511,-2513,10047,931,105335,-6796,13356,467,3979,-1427,10979,105356,7709,-26216,269,-5111,1066,13546,105356,-10945,-30648,7960,-1522,468,9097,105335,981,30973,1824,-2547,-2064,-10693,2,3
359,105357,17980,-52,-13511,-2513,10047,931,105357,-6796,13356,467,3969,-1427,10540,105378,7709,-26216,195,-5111,1066,11546,105378,-11945,-30648,7960,-1522,468,8199,105357,-19,29973,1824,-2585,-2064,-10693,2,3
360,105379,16980,1,-12511,-1866,8965,821,105379,-5796,14344,407,3836,-806,9342,105400,7970,-27216,195,-4689,1171,9546,105400,-12945,-30306,8022,-783,728,6199,105379,-972,28973,2478,-2585,-1428,-8693,2,3
361,105401,16980,1,-12511,-1866,8965,821,105401,-5796,14356,407,3836,-275,9342,105422,8212,-27216,560,-4080,1171,9546,105422,-12945,-30306,8022,-783,1899,6199,105401,-972,28973,2478,-2104,-1208,-8693,2,3
362,105423,15980,1,-12511,-1866,7916,749,105423,-5796,14356,121,3562,-275,8069,105444,8212,-28216,560,-4080,703,7546,105444,-12982,-30306,7908,-783,1899,4199,105423,-1425,28973,2478,-2104,-1208,-8693,2,3
363,105445,14980,4,-11511,-1487,7129,722,105445,-4796,15217,-243,3135,433,6208,105466,8151,-29052,260,-2704,-41,5546,105466,-12982,-30351,7763,-528,3091,2199,105445,-1750,29797,2378,-798,382,-6693,2,3
364,105467,14980,4,-11511,-1487,7129,722,105467,-4796,15217,-243,3135,433,6208,105488,8151,-29052,260,-2366,-41,5546,105488,-12650,-30351,7763,-528,3091,2199,105467,-1750,29797,2378,-798,412,-6693,2,3
365,105489,14980,-95,-11511,-1487,6539,722,105489,-4796,15217,-530,2577,390,4483,105510,7501,-29724,-193,-2366,-513,3743,105510,-12650,-30351,7654,-528,3091,1102,105489,-1750,29797,2181,-798,412,-6693,2,3
366,105511,15980,-169,-10511,-1203,5961,726,105511,-3796,15362,-785,1901,358,3036,105532,6904,-30268,-326,-1111,-862,2735,105532,-12409,-30371,7654,-337,3426,483,105511,-1678,30249,2003,-98,1901,-4693,2,3
367,105533,15980,-169,-10511,-1127,5961,726,105533,-3796,15362,-785,1901,358,3036,105554,6904,-30268,-326,-1111,-862,2735,105554,-12409,-30371,7710,-337,3426,483,105533,-1474,30249,2003,-98,1901,-4693,2,3
368,105555,15980,-242,-10511,-1127,5417,726,105555,-3796,15362,-1076,1410,358,2046,105576,6496,-30682,-368,-1111,-1064,2585,105576,-12409,-30371,7710,-337,3032,459,105555,-1474,30249,1874,-98,1901,-4693,2,3
369,105577,16980,-415,-9511,-702,4560,599,105577,-2796,15471,-1315,1150,474,1487,105598,6198,-31071,-368,-1177,-1064,2473,105598,-12406,-30370,7686,-379,2282,441,105577,-1081,30712,1801,-324,1708,-3667,2,3
370,105599,16980,-415,-9511,-702,4560,599,105599,-2796,15485,-1315,1150,474,1487,105620,6198,-31071,-366,-1177,-997,2473,105620,-12406,-30370,7686,-379,2282,441,105599,-1081,30760,1801,-324,1708,-3667,2,3
371,105621,15980,-615,-9511,-702,3830,411,105621,-2796,15485,-1424,968,474,1114,105642,6198,-31285,-366,-1316,-997,2389,105642,-12666,-30370,7632,-411,1765,427,105621,-1081,30760,1801,-500,1559,-3667,2,3
372,105643,14980,-865,-8511,-697,3005,213,105643,-2063,15720,-1490,835,631,838,105664,6922,-31523,-212,-1316,-462,2043,105664,-12881,-30295,7592,-435,1377,66,105643,-1346,31178,1882,-632,1238,-2898,2,3
373,105665,14980,-865,-8511,-697,3005,213,105665,-2063,15721,-1490,835,631,838,105686,6922,-31523,-212,-710,-462,2043,105686,-12881,-30295,7592,-435,1377,66,105665,-1346,31232,2002,-632,1238,-2877,2,3
374,105687,14980,-1052,-8511,-801,2365,-23,105687,-2063,15721,-1500,735,631,631,105708,6922,-31584,-212,-710,-462,1627,105708,-12881,-30295,7592,-453,1086,-296,105687,-1561,31232,2002,-632,997,-2877,2,3
375,105709,15980,-1219,-7511,-1063,1885,-228,105709,-1639,15896,-1507,665,704,447,105730,6519,-31730,11,-49,-477,1268,105730,-12796,-30251,7618,-543,437,-567,105709,-1561,31532,2185,-631,-1003,-2024,2,3
376,105731,15980,-1219,-7511,-1063,1885,-228,105731,-1639,15896,-1507,665,704,447,105752,6519,-31730,11,-49,-477,1268,105752,-12644,-30251,7622,-543,437,-567,105731,-1458,31532,2185,-631,-1003,-2024,2,3
377,105753,15980,-1404,-7511,-1315,1525,-362,105753,-1639,15896,-1512,615,702,309,105774,6217,-31871,11,-49,-477,974,105774,-12644,-30290,7622,-642,-255,-567,105753,-1458,31532,2166,-643,-2953,-2024,2,3
378,105775,16980,-1549,-6511,-1516,1240,-463,105775,-1220,15960,-1520,565,598,240,105796,6217,-32063,86,-293,68,753,105796,-12414,-30319,7620,-716,-1527,-402,105775,-1357,31683,2150,-652,-4318,-1604,2,3
379,105797,16980,-1549,-6511,-1516,1240,-463,105797,-1144,15960,-1520,565,598,240,105818,6321,-32063,86,-293,503,753,105818,-12414,-30319,7620,-716,-1527,-313,105797,-1357,31683,2150,-652,-4318,-1604,2,3
380,105819,16980,-1609,-6511,-1670,1026,-538,105819,-1144,15960,-1525,533,520,240,105840,6321,-32063,86,-476,503,466,105840,-12414,-30319,7609,-748,-2474,-313,105819,-1445,31683,2150,-652,-4445,-1604,2,3
381,105841,17980,-1609,-5511,-1785,861,-595,105841,-701,16015,-1529,508,520,270,105862,6993,-32021,220,-476,844,251,105862,-12472,-30299,7609,-772,-3062,-135,105841,-1593,31824,2236,-425,-4445,-1156,2,3
382,105863,17980,-1588,-5511,-1785,861,-595,105863,-701,16038,-1529,508,555,290,105884,6993,-32021,246,-353,844,251,105884,-12472,-30299,7610,-772,-3062,-135,105863,-1593,31824,2236,-425,-4351,-948,2,3
383,105885,17980,-1588,-5511,-1785,773,-614,105885,-701,16038,-1532,491,555,290,105906,6993,-32021,246,-353,35,251,105906,-12515,-30299,7610,-790,-3062,-135,105885,-1593,31824,2236,-425,-4351,-948,2,3
384,105907,18980,-1433,-4511,-1672,672,-614,105907,-415,16115,-1546,480,589,312,105928,6905,-32115,158,65,-571,371,105928,-12515,-30334,7629,-823,-2918,-160,105907,-1514,31930,2189,-266,-4280,-479,2,3
385,105929,18980,-1433,-4511,-1585,672,-605,105929,-415,16115,-1546,480,589,312,105950,6905,-32115,158,65,-571,371,105950,-12468,-30334,7643,-823,-2624,-160,105929,-1514,31930,2189,-266,-4280,-479,2,3
386,105951,18980,-1433,-4511,-1585,596,-605,105951,-415,16115,-1569,469,589,300,105972,6839,-32172,72,65,-571,371,105972,-12468,-30360,7671,-926,-2624,-160,105951,-1514,31930,2153,-266,-4280,-479,2,3
387,105973,19980,-1396,-3511,-1312,529,-595,105973,-152,16153,-1607,459,602,238,105994,6807,-32198,8,215,-343,269,105994,-12280,-30368,7688,-1003,-2288,-138,105973,-1421,31983,2126,-218,-3541,-185,2,3
388,105995,19980,-1396,-3511,-1312,529,-595,105995,-100,16153,-1607,459,602,238,106016,6807,-32198,8,215,-262,269,106016,-12280,-30368,7688,-1003,-2185,-59,105995,-1421,31983,2126,-218,-3266,-185,2,3
389,106017,19980,-1396,-3511,-1312,491,-599,106017,-100,16153,-1636,445,602,178,106038,6799,-32218,8,215,-262,177,106038,-12280,-30368,7646,-1003,-2185,-59,106017,-1421,31983,2126,-218,-3266,-185,2,3
390,106039,20980,-1369,-2511,-1168,468,-633,106039,88,16158,-1661,420,611,133,106060,6799,-32218,36,243,103,123,106060,-12293,-30350,7618,-827,-1620,-43,106039,-1379,32031,2140,-223,-2334,-64,2,3
391,106061,20980,-1361,-2511,-1168,468,-633,106061,88,16158,-1661,420,611,133,106082,6809,-32205,42,243,111,123,106082,-12293,-30350,7618,-767,-1515,-43,106061,-1379,32039,2142,-223,-2308,-64,2,3
392,106083,20980,-1361,-2511,-1168,450,-675,106083,88,16158,-1665,401,611,104,106104,6809,-32205,42,243,111,105,106104,-12303,-30350,7618,-767,-1515,-43,106083,-1379,32039,2142,-229,-2308,-64,2,3
393,106105,21980,-1368,-1511,-1083,393,-712,106105,180,16188,-1668,354,571,83,106126,6819,-32257,107,294,379,95,106126,-12303,-30348,7653,-692,-946,-86,106105,-1426,32113,2154,-233,-1564,30,2,3
394,106127,21980,-1368,-1511,-1083,393,-712,106127,180,16188,-1668,354,571,83,106148,6819,-32257,131,329,379,95,106148,-12301,-30348,7667,-692,-946,-86,106127,-1426,32157,2212,-233,-1564,54,2,3
395,106149,21980,-1374,-1511,-1083,351,-742,106149,180,16188,-1671,316,541,69,106170,6740,-32257,131,329,379,95,106170,-12301,-30348,7667,-692,-946,-118,106149,-1426,32157,2212,-236,-1564,54,2,3
396,106171,22980,-1374,-511,-1087,339,-819,106171,278,16199,-1673,279,520,58,106192,6681,-32284,114,341,515,109,106192,-12265,-30341,7668,-691,-528,-142,106171,-1369,32179,2229,-257,-1240,118,2,3
397,106193,22980,-1334,-511,-1087,339,-819,106193,278,16199,-1673,279,520,58,106214,6681,-32284,114,341,515,109,106214,-12265,-30341,7668,-691,-528,-142,106193,-1313,32179,2249,-257,-1240,118,2,3
398,106215,22980,-1334,-511,-1090,339,-876,106215,278,16199,-1673,260,505,58,106236,6681,-32284,101,341,515,109,106236,-12265,-30341,7667,-691,-528,-199,106215,-1313,32179,2249,-287,-1240,118,2,3
399,106237,23980,-1304,489,-1092,339,-911,106237,334,16214,-1649,260,467,63,106258,6685,-32277,101,344,745,-25,106258,-12252,-30385,7538,-435,333,-337,106237,-1316,32196,2208,-309,-941,76,2,3
400,106259,23980,-1304,489,-1092,339,-911,106259,334,16226,-1635,269,467,63,106280,6787,-32277,183,350,879,-25,106280,-12252,-30385,7538,-435,333,-337,106259,-1316,32196,2208,-309,-864,76,2,3
401,106281,23980,-1304,489,-1098,342,-928,106281,334,16226,-1635,269,379,57,106302,6787,-32277,183,350,879,-170,106302,-12252,-30418,7495,-435,333,-441,106281,-1319,32196,2146,-309,-864,76,2,3
402,106303,24980,-1302,1489,-1106,344,-928,106303,373,16255,-1597,275,292,-5,106324,6988,-32271,323,399,1005,-279,106324,-12162,-30443,7483,-414,571,-441,106303,-1321,32215,2099,-264,503,95,2,3
403,106325,24980,-1302,1489,-1106,347,-907,106325,373,16255,-1597,275,292,-5,106346,6988,-32267,323,422,1005,-279,106346,-12162,-30443,7483,-414,571,-420,106325,-1321,32215,2099,-264,503,124,2,3
404,106347,24980,-1302,1489,-1108,347,-907,106347,373,16255,-1602,250,267,-63,106368,6887,-32256,323,422,913,-279,106368,-12162,-30443,7483,-494,254,-420,106347,-1321,32215,2099,-264,503,124,2,3
405,106369,25980,-1270,2489,-1108,382,-880,106369,458,16216,-1627,223,266,-107,106390,6793,-32256,376,438,844,-152,106390,-12127,-30400,7512,-732,-706,-112,106369,-1142,32227,2216,-346,1196,91,2,3
406,106391,25980,-1212,2489,-1058,382,-833,106391,470,16216,-1627,223,266,-107,106412,6793,-32256,376,438,844,-64,106412,-12127,-30400,7512,-732,-706,-97,106391,-1142,32227,2264,-346,1196,91,2,3
407,106413,25980,-1212,2489,-1058,382,-833,106413,470,16187,-1645,203,266,-107,106434,6793,-32258,362,432,844,-64,106434,-12173,-30400,7512,-932,-1426,-97,106413,-1142,32227,2264,-408,540,66,2,3
408,106435,26980,-1167,3489,-907,390,-769,106435,494,16178,-1645,203,398,-80,106456,7025,-32258,351,419,901,94,106456,-12337,-30404,7450,-1061,-1533,-50,106435,-1360,32232,2388,-440,-629,66,2,3
409,106457,26980,-1167,3489,-907,390,-769,106457,494,16178,-1637,208,409,-59,106478,7043,-32249,351,419,901,94,106478,-12337,-30404,7450,-1061,-1533,-50,106457,-1360,32244,2388,-440,-629,119,2,3
410,106479,26980,-1225,3489,-907,371,-769,106479,457,16178,-1637,208,409,-59,106500,7043,-32249,351,419,885,82,106500,-12337,-30419,7403,-1061,-1533,-170,106479,-1524,32253,2388,-447,-629,119,2,3
411,106501,27980,-1268,4489,-924,355,-791,106501,399,16224,-1588,220,507,-41,106522,6850,-32242,411,488,632,73,106522,-12294,-30440,7332,-963,-1162,-260,106501,-1524,32253,2407,-447,-580,313,2,3
412,106523,27980,-1268,4489,-924,355,-791,106523,399,16224,-1588,220,507,-41,106544,6850,-32242,411,488,632,73,106544,-12242,-30440,7332,-931,-1129,-260,106523,-1373,32253,2407,-415,-489,313,2,3
413,106545,27980,-1291,4489,-951,335,-806,106545,399,16224,-1588,220,453,-55,106566,6581,-32261,411,488,572,73,106566,-12242,-30450,7307,-931,-1129,-260,106545,-1373,32231,2407,-415,-489,313,2,3
414,106567,28809,-1308,5489,-965,306,-807,106567,443,16225,-1553,227,380,-65,106588,6380,-32275,464,461,572,78,106588,-12145,-30450,7256,-807,-838,-201,106567,-1217,32215,2421,-403,-362,251,2,3
415,106589,28809,-1308,5489,-965,306,-807,106589,448,16225,-1553,227,380,-65,106610,6380,-32275,464,461,814,78,106610,-12145,-30441,7256,-806,-838,-201,106589,-1217,32215,2421,-403,-362,251,2,3
416,106611,28809,-1321,5489,-974,271,-807,106611,448,16225,-1553,227,380,-65,106632,6380,-32282,464,363,814,78,106632,-12182,-30441,7250,-806,-838,-201,106611,-1217,32215,2421,-422,-362,133,2,3
417,106633,29513,-1352,6489,-981,245,-753,106633,456,16226,-1522,240,387,-51,106654,6535,-32287,504,290,1076,56,106654,-12212,-30434,7250,-682,-581,-209,106633,-1246,32237,2499,-460,-227,44,2,3
418,106655,29559,-1352,6489,-981,245,-753,106655,456,16234,-1514,240,390,-33,106676,6535,-32287,504,290,1076,56,106676,-12212,-30420,7287,-682,-569,-209,106655,-1246,32251,2521,-460,-227,44,2,3
419,106677,29559,-1376,6489,-987,227,-753,106677,433,16234,-1514,240,390,-33,106698,6535,-32291,504,290,1076,39,106698,-12232,-30420,7287,-682,-569,-250,106677,-1272,32251,2521,-461,-227,44,2,3
420,106699,30115,-1394,7489,-1050,214,-747,106699,415,16261,-1476,241,399,-12,106720,6603,-32302,542,295,1029,26,106720,-12237,-30419,7315,-589,-297,-296,106699,-1292,32284,2596,-461,-147,60,2,3
421,106721,30115,-1394,7489,-1050,214,-747,106721,415,16261,-1476,241,399,-12,106742,6603,-32302,542,295,1029,26,106742,-12237,-30419,7315,-589,-297,-296,106721,-1292,32284,2596,-351,-147,130,2,3
422,106743,30115,-1394,7489,-1097,208,-747,106743,414,16261,-1476,241,399,-12,106764,6603,-32302,542,295,990,13,106764,-12237,-30419,7306,-589,-297,-330,106743,-1295,32284,2596,-351,-147,130,2,3
423,106765,30498,-1329,8274,-1132,208,-749,106765,414,16269,-1462,241,365,3,106786,6616,-32290,472,320,956,-2,106786,-12231,-30436,7279,-499,-97,-356,106765,-1295,32287,2553,-245,-100,212,2,3
424,106787,30498,-1311,8274,-1132,237,-749,106787,421,16269,-1461,258,365,3,106808,6616,-32290,472,320,956,-2,106808,-12231,-30436,7279,-499,-97,-356,106787,-1259,32287,2553,-245,-100,212,2,3
425,106809,30498,-1311,8274,-1132,237,-749,106809,421,16269,-1461,258,338,3,106830,6616,-32290,420,320,938,-30,106830,-12231,-30455,7207,-499,-97,-356,106809,-1251,32287,2540,-245,-100,212,2,3
426,107611,30785,-1249,8939,-1114,259,-748,107611,457,16275,-1449,271,288,15,107612,6626,-32281,413,320,938,-58,107612,-12149,-30469,7145,-414,15,-320,107611,-1232,32271,2531,-209,-62,227,3,3
427,107633,30839,-1249,8939,-1114,259,-732,107633,457,16275,-1445,282,288,15,107634,6626,-32281,413,320,1053,-58,107634,-12149,-30469,7145,-414,15,-320,107633,-1218,32271,2531,-209,-62,227,3,3
428,107655,30839,-1249,8939,-1114,254,-732,107655,457,16275,-1445,282,288,15,107656,6626,-32312,407,320,1053,-104,107656,-12149,-30479,7118,-414,15,-320,107655,-1218,32267,2531,-209,-62,227,3,3
429,107677,31025,-1218,9380,-1092,181,-682,107677,502,16287,-1433,315,312,-6,107678,6649,-32312,397,320,1093,-158,107678,-12027,-30505,7118,-349,110,-315,107677,-1169,32256,2490,-207,6,227,3,3
430,107699,31025,-1218,9380,-1080,181,-682,107699,506,16287,-1425,315,312,-6,107700,6649,-32300,397,352,1093,-158,107700,-11993,-30505,7120,-344,134,-315,107699,-1169,32256,2490,-207,31,227,3,3
431,107721,31025,-1218,9380,-1080,137,-682,107721,506,16287,-1425,315,312,-38,107722,6611,-32300,383,352,1080,-185,107722,-11993,-30524,7120,-344,134,-315,107721,-1169,32250,2475,-214,31,224,3,3
432,107743,31137,-1209,9673,-1077,106,-675,107743,558,16262,-1425,320,335,-62,107744,6582,-32331,373,385,1072,-193,107744,-11946,-30529,7122,-283,140,-213,107743,-1132,32245,2464,-227,213,204,3,3
433,107765,31165,-1195,9673,-1077,106,-675,107765,558,16262,-1425,320,335,-62,107766,6582,-32331,373,385,1072,-193,107766,-11946,-30529,7126,-283,140,-148,107765,-1132,32245,2464,-227,213,204,3,3
434,107787,31165,-1195,9673,-1077,100,-675,107787,558,16243,-1435,320,335,-62,107788,6582,-32350,371,385,1066,-194,107788,-11946,-30532,7126,-283,140,-148,107787,-1132,32245,2464,-264,213,167,3,3
435,107809,31338,-1158,9892,-1074,95,-659,107809,577,16243,-1442,324,333,-45,107810,6584,-32364,330,403,1066,-195,107810,-11985,-30535,7170,-263,144,-88,107809,-1111,32259,2488,-310,264,136,3,3
436,107831,31338,-1158,9922,-1058,95,-654,107831,577,16255,-1442,324,333,-45,107832,6584,-32364,330,403,1069,-195,107832,-11985,-30535,7170,-263,216,-88,107831,-1111,32259,2516,-310,264,136,3,3
437,107853,31338,-1164,9922,-1058,95,-654,107853,572,16255,-1442,324,332,-45,107854,6584,-32364,330,403,1069,-212,107854,-12014,-30535,7170,-263,216,-88,107853,-1143,32259,2516,-311,230,124,3,3
438,107875,31453,-1195,10065,-1044,100,-637,107875,563,16280,-1428,326,332,-52,107876,6610,-32357,331,399,1094,-228,107876,-12034,-30523,7177,-241,313,-86,107875,-1143,32266,2509,-311,204,120,3,3
439,107896,31453,-1195,10065,-1044,125,-637,107896,563,16280,-1428,326,366,-52,107897,6610,-32333,331,396,1094,-228,107897,-12034,-30523,7177,-241,313,-86,107896,-1137,32266,2509,-271,204,120,3,3
440,107917,31453,-1218,10065,-1050,125,-637,107917,522,16280,-1428,326,366,-62,107918,6610,-32333,331,396,1094,-233,107918,-12034,-30523,7177,-241,313,-86,107918,-1137,32266,2503,-271,204,120,3,3
441,107937,31488,-1235,10172,-1075,230,-635,107937,491,16279,-1426,328,399,-70,107939,6611,-32329,408,396,967,-233,107939,-12027,-30522,7164,-216,342,-89,107939,-1122,32267,2499,-244,211,126,3,3
442,107957,31488,-1235,10186,-1075,230,-635,107957,491,16279,-1426,328,399,-70,107960,6611,-32329,408,451,967,-222,107960,-12027,-30522,7164,-194,342,-91,107960,-1118,32267,2499,-244,245,126,3,3
443,107977,31488,-1248,10186,-1111,230,-637,107977,491,16279,-1426,328,370,-73,107981,6550,-32342,408,451,872,-222,107981,-12030,-30522,7119,-194,342,-91,107981,-1118,32267,2499,-244,245,126,3,3
444,107997,31564,-1258,10275,-1156,305,-643,107997,492,16279,-1415,327,336,-73,108002,6504,-32342,448,427,872,-243,108002,-12032,-30521,7085,-91,669,-101,108002,-1126,32268,2552,-240,416,94,3,3
445,108017,31564,-1258,10275,-1156,305,-643,108017,492,16279,-1415,327,336,-73,108023,6504,-32336,448,427,1010,-243,108023,-12032,-30521,7085,-91,669,-101,108023,-1126,32268,2552,-240,584,94,3,3
446,108037,31564,-1258,10275,-1199,305,-648,108037,492,16279,-1415,327,308,-73,108044,6504,-32336,448,409,1010,-274,108044,-12037,-30521,7063,-91,669,-120,108044,-1132,32268,2552,-240,584,70,3,3
447,108057,31581,-1251,10342,-1232,362,-648,108057,467,16285,-1408,329,287,-67,108065,6506,-32332,480,399,1106,-297,108065,-12037,-30528,7039,-48,895,-146,108065,-1155,32273,2558,-292,759,54,3,3
448,108077,31581,-1251,10342,-1232,362,-644,108077,467,16285,-1408,332,287,-67,108086,6540,-32332,480,399,1106,-297,108086,-12021,-30528,7039,-48,895,-146,108086,-1155,32273,2558,-292,759,54,3,3
449,108097,31581,-1251,10342,-1257,362,-644,108097,467,16285,-1408,332,260,-67,108107,6540,-32332,480,399,1068,-297,108107,-12021,-30534,7029,-48,895,-146,108107,-1172,32273,2558,-346,759,42,3,3
450,108117,31594,-1268,10410,-1271,389,-641,108117,480,16287,-1403,338,233,-62,108128,6553,-32339,488,415,1040,-281,108128,-12009,-30534,6999,-34,1016,-143,108128,-1197,32276,2606,-393,804,28,3,3
451,108137,31608,-1268,10412,-1271,389,-641,108137,480,16287,-1403,341,233,-62,108149,6553,-32339,488,415,1040,-281,108149,-12009,-30522,6999,-34,1016,-143,108149,-1197,32276,2606,-393,804,28,3,3
452,108157,31608,-1281,10412,-1279,389,-644,108157,480,16279,-1403,341,220,-62,108170,6553,-32339,488,415,1040,-281,108170,-12022,-30522,6977,-34,1016,-143,108170,-1221,32276,2606,-426,804,14,3,3
453,108177,31652,-1281,10465,-1293,396,-649,108177,490,16273,-1410,348,203,-51,108191,6563,-32312,494,407,1053,-269,108191,-12040,-30513,6952,12,1229,-160,108191,-1245,32275,2642,-437,840,-3,3,3
454,108197,31652,-1264,10465,-1293,396,-649,108197,490,16273,-1410,356,203,-42,108212,6567,-32312,494,407,1053,-264,108212,-12040,-30507,6952,55,1298,-160,108212,-1245,32275,2642,-437,927,-3,3,3
455,108217,31652,-1264,10465,-1304,396,-656,108217,490,16273,-1418,356,190,-42,108233,6567,-32312,464,407,1039,-263,108233,-12040,-30507,6930,55,1298,-193,108233,-1271,32275,2642,-437,927,-31,3,3
456,108237,31677,-1250,10490,-1324,405,-684,108237,482,16277,-1421,358,138,-19,108254,6615,-32292,422,433,928,-272,108254,-12017,-30522,6841,169,2281,-357,108254,-1363,32288,2655,-351,1615,-92,3,3
457,108257,31677,-1250,10490,-1324,411,-684,108257,482,16278,-1421,358,138,-19,108275,6615,-32286,422,454,928,-272,108275,-12017,-30522,6841,169,2525,-357,108275,-1363,32288,2655,-315,1924,-92,3,3
458,108277,31677,-1250,10490,-1340,411,-705,108277,471,16278,-1421,358,62,-19,108296,6615,-32286,390,454,793,-286,108296,-12104,-30522,6800,169,2525,-532,108296,-1432,32288,2655,-315,1924,-92,3,3
459,108297,31730,-1293,10519,-1369,352,-705,108297,395,16303,-1417,355,-29,-54,108318,6661,-32266,250,510,491,-438,108318,-12169,-30501,6770,104,3359,-820,108317,-1484,32330,2707,91,2995,-32,3,3
460,108319,31730,-1293,10519,-1369,352,-696,108319,395,16303,-1417,355,-29,-54,108340,6661,-32204,250,543,491,-438,108340,-12169,-30501,6770,104,3359,-820,108337,-1484,32330,2709,182,2995,36,3,3
461,108341,30730,-1293,10519,-1391,184,-696,108341,338,16303,-1417,354,-118,-111,108362,6661,-32204,89,543,-84,-638,108362,-12169,-30501,6747,-37,3359,-1199,108357,-1484,32330,2709,182,2995,36,3,3
462,108363,29730,-1219,10271,-1391,-418,-549,108363,338,16334,-1384,349,-227,-223,108384,6676,-32120,-263,971,-1458,-1018,108384,-12130,-30561,6616,-142,3336,-1769,108377,-1445,32339,2699,647,3408,212,3,3
463,108385,29730,-1031,10271,-1197,-418,-549,108385,380,16334,-1300,349,-227,-223,108406,6676,-32114,-263,1275,-1458,-1018,108406,-12086,-30561,6616,-142,3336,-1769,108397,-1445,32339,2699,653,3408,231,3,3
464,108407,28730,-1031,10059,-1197,-1218,-549,108407,380,16334,-1300,346,-245,-421,108428,6659,-32114,-299,1275,-2489,-1606,108428,-12086,-30610,6518,-142,3086,-2219,108417,-1447,32339,2670,653,3267,231,3,3
465,108429,27730,-739,9706,-980,-2330,-692,108429,610,16309,-1213,269,-245,-879,108450,6484,-31114,-326,1975,-2489,-2449,108450,-11944,-30735,6428,-51,2878,-2557,108437,-1449,32346,2538,1006,2950,480,3,3
466,108451,27730,-739,9706,-971,-2330,-692,108451,610,16309,-1213,269,-73,-879,108472,6484,-31114,-326,1975,-1464,-2449,108472,-11870,-30735,6428,-50,2878,-2557,108457,-1449,32346,2538,1006,2950,588,3,3
467,108473,26730,-739,9439,-971,-3255,-875,108473,610,16277,-1213,209,-73,-1335,108494,6353,-31114,-382,1975,-1464,-3474,108494,-11870,-30829,6271,-50,2480,-2810,108477,-1672,32346,2291,1006,2713,588,3,3
468,108495,25730,-844,8977,-817,-5255,-1092,108495,656,16253,-1102,164,55,-1813,108516,6353,-30729,-424,2290,536,-5280,108516,-11763,-30903,6133,234,2137,-3054,108497,-1844,32397,2160,1175,2622,1317,3,3
469,108517,25730,-844,8977,-817,-5255,-1092,108517,656,16253,-1101,164,78,-1813,108538,6543,-30729,-424,2290,536,-5280,108538,-11762,-30903,6133,359,2137,-3054,108518,-1844,32397,2160,1175,2622,1686,3,3
470,108539,25730,-844,8232,-817,-7255,-1369,108539,634,16244,-1101,136,78,-2240,108560,6543,-30729,-762,2290,536,-7225,108560,-11762,-30903,6065,359,1657,-3522,108539,-1973,31397,2110,1175,2554,1686,3,3
471,108561,26355,-827,7258,-1242,-9255,-1576,108561,584,16237,-863,115,76,-2715,108582,7543,-29729,-762,2898,-284,-9225,108582,-11713,-30879,6065,1123,1297,-4593,108561,-2083,31393,2072,1429,2447,3493,3,3
472,108583,26355,-819,7258,-1242,-9255,-1576,108583,584,16237,-845,115,76,-2715,108604,7543,-29729,-371,3344,-284,-9225,108604,-11681,-30879,6084,1222,1297,-4593,108583,-2083,31393,2072,1516,2447,3686,3,3
473,108605,26355,-819,6349,-1560,-11255,-1576,108605,371,16191,-845,63,-25,-3194,108626,7543,-29729,-371,3344,-2284,-11225,108626,-11681,-30879,6084,1222,950,-5838,108605,-2083,31376,2044,1516,2367,3686,3,3
474,108627,25355,-216,5349,-1560,-13255,-1419,108627,-369,16157,-631,1,-163,-3911,108648,8297,-29002,1,4274,-4284,-13225,108648,-11366,-30829,6367,2121,-857,-7759,108627,-1842,31376,1829,2110,2142,5686,3,3
475,108649,25355,47,5349,-1328,-13255,-1419,108649,-369,16157,-631,1,-163,-3911,108670,8297,-29002,1,4274,-4284,-13225,108670,-11248,-30821,6497,2121,-857,-7759,108649,-1342,31378,1829,2153,2142,5686,3,3
476,108671,24355,47,4349,-1328,-15255,-1419,108671,-924,16157,-631,-94,-452,-4679,108692,8209,-29002,1,3394,-5275,-15225,108692,-11248,-30821,6497,2121,-2689,-9200,108671,-1342,31378,1667,2153,1973,5686,3,3
477,108693,23355,377,3349,-52,-17255,-1596,108693,-924,16171,-605,-1242,-860,-6480,108714,8143,-28629,280,2734,-5275,-17225,108714,-10283,-30505,6806,2793,-4563,-10034,108693,-342,31365,1282,2011,-27,7686,3,3
478,108715,23355,377,3349,-52,-17255,-1596,108715,-920,16171,-605,-1242,-860,-6480,108736,8143,-28629,280,2734,-4497,-17225,108736,-10248,-30505,6806,2793,-4563,-10034,108715,-342,31365,1282,2011,-27,7686,3,3
479,108737,22355,-191,2349,-52,-19255,-1729,108737,-920,16010,-615,-2711,-1127,-8088,108758,8143,-28629,280,2111,-4497,-19056,108758,-10248,-30505,6806,2793,-6503,-10600,108737,-342,31365,677,1449,-2027,7686,3,3
480,108759,21708,-1015,1349,525,-20843,-2005,108759,-794,15150,-623,-4003,-1127,-9614,108780,9143,-28349,520,1132,-4347,-21056,108780,-9248,-30490,6956,3351,-7310,-11024,108759,658,30820,223,732,-2027,9551,3,3
481,108781,21708,-1015,1349,525,-20843,-2005,108781,-794,15150,-623,-4003,-290,-9614,108802,9143,-27629,590,1132,-4347,-21056,108802,-9248,-30490,6956,3351,-7310,-11024,108781,658,30820,223,732,-1514,9551,3,3
482,108803,21483,-1483,349,416,-21499,-2212,108803,-1088,14473,-635,-4596,-290,-10860,108824,9143,-27629,590,-351,-5372,-23056,108824,-9248,-30490,6956,3351,-7310,-11024,108803,658,30411,223,-68,-1514,9551,3,3
483,108825,21314,-1756,-651,334,-21921,-2368,108825,-2088,13966,-796,-4729,1046,-11844,108846,10143,-26629,1516,-1185,-6463,-24352,108846,-8248,-29490,7319,3406,-6927,-10648,108825,1658,29840,433,-1098,-1130,10284,3,3
484,108847,21314,-1756,-651,334,-21921,-2368,108847,-2088,13966,-796,-4729,1046,-11844,108868,10143,-26629,1516,-1185,-6463,-24352,108868,-8248,-29490,7319,3406,-5716,-10566,108847,1658,29840,433,-1098,-635,10284,3,3
485,108869,21187,-1756,-1651,334,-21921,-2368,108869,-3088,13585,-993,-4829,1046,-12582,108890,10143,-26629,1516,-1463,-6463,-24352,108890,-8248,-29490,7319,3052,-5716,-10566,108869,1658,28936,433,-1870,-635,10284,3,3
486,108891,20187,-1548,-2651,513,-21004,-2257,108891,-4088,13487,-1140,-5114,-68,-12945,108912,11143,-25713,1351,-1671,-6043,-24352,108912,-7248,-28490,8315,2145,-3716,-9859,108891,2658,27936,418,-2318,-456,9566,3,3
487,108913,20187,-1548,-2651,513,-21004,-2172,108913,-4088,13487,-1140,-5114,-68,-12945,108934,11143,-25663,1351,-1671,-5776,-24352,108934,-7248,-28490,8315,2145,-3716,-9585,108913,2658,27936,418,-2318,-456,9566,3,3
488,108935,19187,-1548,-3651,513,-21004,-2172,108935,-5062,13414,-1140,-5451,-1785,-13003,108956,11143,-25663,673,-1827,-5776,-24352,108956,-7248,-28490,8315,1598,-3716,-9585,108935,2658,27428,327,-2654,-456,8437,3,3
489,108957,18187,-1392,-4651,404,-19759,-1858,108957,-5905,13005,-244,-5753,-3073,-13046,108978,12143,-24663,-61,-3750,-3776,-24583,108978,-6248,-28865,8336,1598,-2584,-7875,108957,3658,27047,127,-3576,-322,7312,3,3
490,108979,18187,-1392,-4651,404,-19759,-1753,108979,-5905,13005,-140,-5753,-3073,-13046,109000,12143,-24663,-61,-3750,-3776,-24583,109000,-6248,-28865,8336,1799,-2584,-7600,108979,3658,27047,127,-3576,-322,7312,3,3
491,109001,17187,-1392,-5651,404,-19759,-1753,109001,-6537,12849,-140,-5931,-3073,-13079,109022,12143,-24663,-385,-5432,-3776,-24756,109022,-6248,-29686,8336,1799,-2584,-7600,109001,3658,26993,127,-4960,-322,6275,3,3
492,109023,16187,-619,-6651,566,-18627,-1439,109023,-7537,12596,860,-6113,-2990,-13079,109044,11143,-23663,-385,-6938,-2018,-24756,109044,-5248,-30302,8352,2881,-1765,-5600,109023,4658,26952,287,-6152,-26,5476,3,3
493,109045,16187,-555,-6651,693,-18627,-1439,109045,-7537,12596,860,-6113,-2569,-13042,109066,11143,-23663,-262,-6938,-2018,-23502,109066,-5248,-30302,8866,2881,-1735,-5600,109045,4658,26952,659,-6152,-26,5476,3,3
494,109067,15187,-555,-7651,693,-18627,-1480,109067,-8431,12407,860,-6471,-2569,-13042,109088,10143,-23663,-262,-7488,-2018,-23502,109088,-5248,-30590,8866,2881,-1735,-5600,109067,4658,26922,659,-6615,-26,4792,3,3
495,109089,14187,228,-8651,1414,-17778,-1513,109089,-9431,12083,1860,-7060,-2150,-12496,109110,9143,-22663,121,-7488,-2385,-21696,109110,-4735,-30806,9707,2799,-1559,-3600,109089,5658,26619,1659,-6615,-295,4171,3,3
496,109111,14187,228,-8651,1414,-17778,-1513,109111,-9431,12083,1860,-7060,-2136,-12141,109132,9143,-22663,121,-6482,-2385,-21502,109132,-4735,-30806,9707,2799,-1537,-3600,109111,5658,26619,1659,-5901,-295,4171,3,3
497,109133,13187,228,-9651,1414,-17778,-1513,109133,-10431,11524,1860,-7411,-2136,-12141,109154,8143,-22663,116,-6482,-2385,-21502,109154,-4735,-30968,9707,2381,-1537,-3600,109133,5658,26619,1659,-5901,-295,3433,3,3
498,109155,13187,-428,-10651,1925,-16111,-1342,109155,-11431,10524,2768,-7411,-1875,-10921,109176,7143,-21663,-427,-5485,-2925,-19502,109176,-4353,-31152,10152,2024,-1447,-2199,109155,6658,27492,2442,-4593,-497,2873,3,3
499,109177,13187,-428,-10651,1925,-16111,-1247,109177,-11431,10524,2860,-7199,-1875,-10344,109198,7143,-21663,-427,-5313,-2925,-19502,109198,-4353,-31152,10152,2024,-1447,-2199,109177,6658,27492,2442,-4544,-497,2873,3,3
500,109199,14187,-786,-11651,1925,-16111,-1247,109199,-12348,9755,2860,-7199,-1875,-10344,109220,6143,-21663,-990,-5313,-2925,-19502,109220,-4353,-31212,10152,1799,-1447,-2199,109199,6658,27492,2442,-4544,-497,2314,3,3
501,109221,14187,-1055,-12651,1543,-14111,-1142,109221,-13014,9145,3860,-6538,-1679,-8600,109242,5143,-20663,-1500,-3663,-2168,-17502,109242,-4006,-31335,10582,1590,-1541,-1215,109221,7658,27851,2815,-3692,-228,1837,3,3
502,109243,15187,-1055,-12651,1543,-14111,-1142,109243,-13014,9145,3860,-6318,-1563,-8371,109264,5143,-20663,-1500,-3655,-2168,-17502,109264,-4006,-31335,10704,1590,-1541,-1215,109243,7658,27851,2815,-3692,-228,1837,3,3
503,109265,15187,-1257,-13651,1203,-14111,-1142,109265,-13493,8688,3860,-6318,-1563,-8371,109286,4143,-20663,-1891,-3655,-2168,-17502,109286,-4006,-31349,10704,1433,-1545,-1215,109265,7658,27851,2815,-3692,-228,1433,3,3
504,109287,16187,-1410,-14651,903,-12126,-1141,109287,-13738,8332,4719,-5412,-1258,-6604,109308,3143,-19663,-2184,-2619,-1600,-15502,109308,-3676,-31443,11252,1067,-1604,-552,109287,8569,28400,3151,-3069,-313,1006,3,3
505,109309,16187,-1410,-14651,903,-12111,-1141,109309,-13738,8332,4719,-5269,-1258,-6425,109330,3143,-19663,-2184,-2516,-1421,-15502,109330,-3676,-31443,11312,1067,-1604,-552,109309,8569,28400,3155,-3069,-313,1006,3,3
506,109331,16187,-1445,-15651,214,-12111,-1141,109331,-13738,8052,4719,-5269,-1258,-6425,109352,3143,-19663,-2240,-2516,-1421,-15502,109352,-3676,-31456,11312,762,-1604,-552,109331,8569,28400,3155,-3069,-387,646,3,3
507,109353,17187,-1445,-16651,-358,-10111,-1100,109353,-13655,7731,5297,-4147,-1180,-4719,109374,4143,-18663,-2240,-1858,-861,-13502,109374,-3500,-31466,11624,365,-1593,-379,109353,9278,28812,3540,-2626,-433,364,3,3
508,109375,17187,-1339,-16651,-358,-10111,-1100,109375,-13581,7731,5297,-3985,-1180,-4667,109396,4143,-18663,-2206,-1856,-751,-13502,109396,-3500,-31466,11624,365,-1586,-379,109375,9278,28812,3540,-2626,-433,364,3,3
509,109397,17187,-1339,-17651,-787,-10111,-1100,109397,-13581,7485,5297,-3985,-1180,-4667,109418,4143,-18663,-2206,-1856,-751,-13502,109418,-3500,-31473,11624,50,-1586,-414,109397,9278,28812,3540,-2626,-477,153,3,3
510,109419,18187,-1274,-18616,-1109,-8111,-797,109419,-13383,7253,5759,-2812,-1075,-3342,109440,5143,-17663,-1972,-1342,178,-11502,109440,-3368,-31570,11748,-199,-1104,-647,109419,9810,28913,3821,-2259,-510,-5,3,3
511,109441,18187,-1274,-18616,-1109,-8111,-797,109441,-13383,7253,5759,-2772,-1067,-3342,109462,5143,-17663,-1852,-1105,219,-11502,109462,-3368,-31570,11858,-199,-1080,-647,109441,9810,29143,3821,-2228,-510,-5,3,3
512,109463,18187,-1274,-19566,-1406,-8111,-797,109463,-13383,7143,5759,-2772,-1067,-3342,109484,5143,-17663,-1852,-1105,219,-11502,109484,-3368,-31643,11858,-385,-1080,-890,109463,9810,29143,3821,-2228,-510,-76,3,3
513,109485,19187,-1227,-20506,-1645,-6111,-649,109485,-13282,7094,6087,-1637,-647,-2367,109506,4143,-16663,-1415,97,1313,-9502,109506,-3175,-31698,11879,-967,-299,-1209,109485,10211,29373,4183,-1486,-260,-186,3,3
514,109507,19187,-1227,-20506,-1645,-6111,-649,109507,-13282,7094,6087,-1531,-519,-2367,109528,4143,-16663,-1325,372,1313,-9502,109528,-3175,-31698,11879,-967,18,-1209,109507,10211,29397,4183,-1118,-224,-186,3,3
515,109529,19187,-1227,-21506,-1791,-6111,-649,109529,-13321,7094,6087,-1531,-519,-2367,109550,3143,-16663,-1325,372,1313,-9502,109550,-3175,-31698,11821,-1533,18,-1456,109529,10211,29397,4183,-1118,-224,-356,3,3
516,109551,20187,-1218,-22506,-1901,-4111,-538,109551,-13633,7135,6282,-226,150,-1549,109572,2143,-15663,-929,1974,1957,-7502,109572,-2911,-31681,11757,-2006,1023,-1658,109551,10530,29503,4283,197,-9,-682,3,3
517,109573,20187,-1218,-22506,-1901,-4111,-527,109573,-13633,7214,6282,15,285,-1416,109594,2143,-15663,-929,1974,1957,-7502,109594,-2911,-31567,11757,-2006,1035,-1658,109573,10530,29503,4283,465,-9,-682,3,3
518,109595,20187,-1247,-23506,-1977,-4111,-527,109595,-13892,7214,6282,15,285,-1416,109616,1143,-15663,-929,1974,1957,-7502,109616,-2911,-31567,11723,-2409,1035,-1837,109595,10530,29503,4182,465,-9,-962,3,3
519,109617,21187,-1289,-24423,-2057,-2111,-307,109617,-14211,7441,6336,1510,939,-371,109638,143,-15377,-602,2889,2436,-5502,109638,-2545,-31531,11698,-2971,1805,-2095,109617,10729,29583,4020,1838,29,-1273,3,3
520,109639,21187,-1289,-24423,-2057,-2111,-307,109639,-14211,7540,6336,1746,939,-116,109660,143,-15377,-576,2889,2436,-5502,109660,-2519,-31531,11698,-2971,1805,-2095,109639,10729,29583,4020,1859,29,-1273,3,3
521,109661,21187,-1346,-24511,-2196,-2111,-307,109661,-14318,7540,6208,1746,939,-116,109682,143,-15377,-576,2889,2436,-5502,109682,-2519,-31531,11665,-3664,1805,-2170,109661,10729,29583,3871,1859,29,-1508,3,3
522,109683,22187,-1399,-24553,-2606,-111,-182,109683,-14318,7906,5805,3353,1307,1520,109704,1143,-15868,-424,3575,2611,-3502,109704,-2025,-31570,11300,-4184,2382,-2170,109683,10878,29685,3505,3110,209,-2052,3,3
523,109705,22187,-1399,-24553,-2606,-111,-182,109705,-14152,7971,5805,3538,1307,1731,109726,1143,-15868,-424,3590,2611,-3502,109726,-1895,-31570,11300,-4184,2811,-1858,109705,10878,29685,3505,3110,429,-2052,3,3
524,109727,22187,-1439,-24553,-3123,-111,-183,109727,-14152,7971,5481,3538,1307,1731,109748,1143,-16537,-424,3590,2611,-3502,109748,-1895,-31570,10819,-4343,2811,-1858,109727,10878,29685,3134,3110,429,-2666,3,3
525,109749,23187,-1439,-23806,-3715,1889,-186,109749,-13681,8695,5160,5182,1531,3465,109770,2143,-17448,-330,3987,3364,-1502,109770,-1679,-31487,10256,-4343,3202,-994,109749,10766,29735,2648,3911,1268,-3584,3,3
526,109771,23187,-1105,-23780,-3715,1889,-186,109771,-13541,8932,5160,5182,1531,3609,109792,2143,-17448,-330,3987,3411,-1502,109792,-1679,-30570,10256,-4162,3202,-677,109771,10766,29735,2648,3911,1334,-3584,3,3
527,109793,23187,-1105,-23780,-4159,1889,-340,109793,-13541,8932,4879,5182,1531,3609,109814,2143,-18157,-330,3987,3411,-1502,109814,-1679,-30570,9890,-4162,2874,-677,109793,10654,29735,2272,3911,1334,-4406,3,3
528,109815,24187,-822,-22780,-4492,3889,-527,109815,-12794,9932,4629,6032,1778,5308,109836,3143,-19021,-235,3505,4691,498,109836,-1517,-29570,9615,-3288,2024,876,109815,10454,30005,1704,3724,1398,-5316,3,3
529,109837,24187,-778,-22780,-4492,3889,-527,109837,-12664,9932,4629,6032,1791,5343,109858,3143,-19021,-57,3505,5216,498,109858,-1517,-29570,9615,-2790,2024,1308,109837,10454,30005,1704,3724,1398,-5316,3,3
530,109859,24187,-778,-22780,-4657,3889,-666,109859,-12664,9932,4442,6032,1791,5343,109880,3143,-20021,-57,2766,5216,498,109880,-1517,-30111,9579,-2790,1173,1308,109859,10236,30005,1234,3141,1398,-6155,3,3
531,109881,25110,-677,-21780,-4657,5889,-666,109881,-11664,10932,3794,5584,2214,6795,109902,4143,-21021,353,1523,6947,2498,109902,-1791,-30579,9579,-1963,383,3308,109881,9747,30208,925,2160,865,-7393,3,3
532,109903,25110,-677,-21780,-4365,5889,-570,109903,-11664,10932,3794,5584,2586,6850,109924,4143,-21021,383,1523,7216,2498,109924,-1791,-30579,9602,-1963,383,3308,109903,9747,30208,925,2160,865,-7393,3,3
533,109925,25110,-677,-21780,-4365,5889,-570,109925,-11664,10932,3001,5180,2586,6850,109946,4143,-21745,383,486,7216,2498,109946,-2237,-31024,9602,-1963,-48,3308,109925,9358,30208,923,1184,236,-8477,3,3
534,109947,25122,-601,-20780,-4102,7889,-349,109947,-10664,11504,2001,4733,3702,8070,109968,5143,-22258,1383,-982,8204,4498,109968,-2871,-31318,9641,-1847,-48,5308,109947,8876,30312,922,452,-235,-9693,3,3
535,109969,25122,-577,-20780,-4067,7889,-264,109969,-10664,11504,2001,4733,3702,8191,109990,5143,-22258,1383,-982,8204,4498,109990,-2871,-31318,9670,-1847,95,5308,109969,8876,30312,922,452,-235,-9693,3,3
536,109991,24827,-577,-20780,-4067,7889,-264,109991,-10664,11504,1105,4371,3702,8191,110012,5143,-22258,1383,-2198,8204,4498,110012,-3671,-31466,9692,-2077,95,5308,109991,8027,30312,921,-24,-235,-11213,3,3
537,110013,23827,-372,-19780,-3681,9889,-34,110013,-9770,11879,404,3921,3531,9514,110034,6143,-22173,2177,-3185,7161,6498,110034,-4671,-31466,9497,-2841,171,7308,110013,7027,30462,921,-368,411,-12353,3,3
538,110035,23827,-372,-19780,-3585,9889,-31,110035,-9664,11879,404,3921,3531,9659,110056,6143,-21861,2177,-3185,7161,6498,110056,-4671,-31203,9497,-2841,171,7308,110035,7027,30700,930,-368,411,-12353,3,3
539,110057,22827,-372,-19780,-3585,9889,-31,110057,-9664,11879,-92,3435,2963,9659,110078,6143,-21861,2177,-3356,5161,6498,110078,-5671,-31203,9334,-3414,171,7308,110057,6027,30700,930,-626,-95,-12852,3,3
540,110079,21886,-363,-18780,-3205,11889,143,110079,-8664,11993,-402,3070,1905,10870,110100,7115,-22445,2304,-3356,3161,8498,110100,-6671,-31048,9136,-3612,228,9057,110079,5027,30835,937,-864,-849,-12852,3,3
541,110101,21886,-363,-18780,-3169,11889,258,110101,-8664,11993,-402,3070,1905,10870,110122,7115,-22445,2304,-3153,3161,8498,110122,-6671,-31048,9136,-3612,1019,9057,110101,5027,30835,937,-864,-849,-12795,3,3
542,110123,21674,-376,-18780,-3169,11889,258,110123,-8664,11993,-402,3070,652,10870,110144,7115,-23445,1656,-3153,1161,8498,110144,-7557,-31048,8546,-3612,1019,9057,110123,4027,30835,890,-1140,-1414,-12795,3,3
543,110145,21674,-562,-17780,-2941,13889,523,110145,-7664,12335,-287,3525,-300,11667,110166,7312,-24445,656,-3001,-613,10498,110166,-8541,-30932,7546,-2860,1307,10301,110145,3027,30936,855,-2083,-1814,-12487,3,3
544,110167,22137,-562,-17780,-2941,13889,523,110167,-7664,12651,-215,3718,-300,11667,110188,7312,-24445,656,-3001,-613,10498,110188,-8541,-30698,7546,-2427,1307,10301,110167,3027,30936,855,-2083,-1814,-12335,3,3
545,110189,22137,-801,-17780,-2949,13889,523,110189,-7664,12651,-215,3718,-766,11667,110210,6922,-25445,-344,-3008,-613,10498,110210,-9541,-30698,7353,-2427,1273,10301,110189,2240,30936,855,-2933,-1941,-12335,3,3
546,110211,23137,-980,-16780,-2955,14220,565,110211,-6664,13258,106,4074,-986,11924,110232,6337,-26411,-1258,-3016,-29,10849,110232,-10541,-30169,7353,-1539,1248,8301,110211,1240,30882,965,-3724,-2358,-11559,3,3
547,110233,23137,-980,-16780,-2955,14220,565,110233,-6664,13308,234,4074,-986,11924,110254,6337,-26411,-1258,-3016,1387,10849,110254,-10541,-30169,7806,-1539,1248,8301,110233,1240,30882,1171,-3724,-2358,-11550,3,3
548,110255,22137,-980,-16780,-2955,13644,565,110255,-6664,13308,234,4074,-986,11924,110276,6337,-27411,-1258,-3178,1387,9878,110276,-10725,-30169,7806,-1539,1248,6301,110255,240,29882,1171,-3724,-2358,-11550,3,3
549,110277,21137,-11,-15780,-2619,11680,413,110277,-5664,14308,454,4072,-560,10803,110298,6719,-28411,-1147,-3300,3387,7878,110298,-10725,-30502,8146,-1478,2233,4301,110277,-760,28882,1936,-3109,-2705,-9550,3,3
550,110299,21137,-11,-15780,-2619,11680,413,110299,-5664,14308,454,4072,-560,10803,110320,6719,-28411,-1147,-3300,3387,7878,110320,-10101,-30502,8146,-1478,2233,4301,110299,-760,28882,1936,-2047,-2705,-9550,3,3
551,110321,21137,-460,-15780,-2619,10352,299,110321,-5664,14308,39,3609,-560,8876,110342,6719,-29324,-1147,-3300,1787,5944,110342,-10101,-30638,8146,-2097,1123,3388,110321,-760,27882,1936,-2047,-2965,-9550,3,3
552,110343,22137,-797,-14780,-2962,9507,101,110343,-4664,14630,-271,2682,-543,6876,110364,6321,-30008,-1488,-1300,587,4862,110364,-10541,-30698,7665,-2561,-877,2703,110343,-478,27882,1748,-1172,-3160,-7550,3,3
553,110365,22137,-797,-14780,-2962,9507,101,110365,-4664,14630,-271,2682,-543,6876,110386,6321,-30008,-1488,-1300,587,4862,110386,-10541,-30698,7665,-2561,-877,2703,110365,-478,28715,1748,-1172,-3160,-7550,3,3
554,110387,22137,-797,-14780,-2962,8873,101,110387,-4664,14630,-480,1987,-543,5037,110408,6165,-30477,-1488,-1300,-934,4050,110408,-11235,-30698,7304,-2561,-877,2189,110387,-686,28715,1607,-1172,-3160,-7550,3,3
555,110409,21137,-71,-13780,-2811,7955,209,110409,-3664,14920,-599,1599,102,3722,110430,6048,-30675,-1410,-812,-1775,3345,110430,-11756,-30485,7218,-1909,-801,1222,110409,-842,29464,1501,-605,-2867,-5550,3,3
556,110431,21137,-71,-13780,-2330,7955,290,110431,-3664,14942,-599,1599,102,3722,110452,6048,-30675,-1410,-812,-1775,3345,110452,-11756,-30485,7218,-1692,-517,1222,110431,-842,29466,1501,-605,-2174,-5550,3,3
557,110453,20137,-71,-13780,-2330,6680,290,110453,-3664,14942,-726,1316,102,2826,110474,5960,-30675,-1410,-812,-2406,2519,110474,-11756,-30533,7218,-1692,-517,497,110453,-842,29466,1501,-605,-2174,-5550,3,3
558,110475,19137,-653,-12780,-1652,5414,363,110475,-2719,15255,-891,1096,-42,2154,110496,5584,-29675,-1479,-537,-2406,1597,110496,-11574,-30593,7299,-1140,-788,477,110475,-809,30028,1609,-353,-1466,-3975,3,3
559,110497,19137,-653,-12780,-1652,5414,363,110497,-2719,15278,-891,1096,-42,2154,110518,5584,-29675,-1479,-537,-1178,1597,110518,-11574,-30593,7371,-1140,-788,477,110497,-783,30037,1753,-353,-1466,-3975,3,3
560,110519,19137,-1089,-12780,-1652,4468,218,110519,-2719,15278,-1014,901,-150,1645,110540,5584,-29675,-1479,-537,-1178,932,110540,-11574,-30593,7371,-1140,-992,477,110519,-783,30037,1753,-353,-1466,-3975,3,3
561,110541,20137,-1126,-11780,-1427,3771,60,110541,-1719,15523,-1154,755,-206,1203,110562,6184,-30214,-1001,-478,-460,679,110562,-11814,-30570,7432,-845,-992,567,110541,-765,30527,1830,-275,-1099,-3012,3,3
562,110563,20137,-1126,-11780,-1427,3771,60,110563,-1719,15523,-1154,755,-206,1203,110584,6336,-30214,-1001,-478,-460,679,110584,-11814,-30564,7486,-845,-930,567,110563,-765,30533,1830,-275,-1099,-3012,3,3
563,110585,20137,-1126,-11780,-1427,3249,28,110585,-1719,15523,-1259,696,-206,778,110606,6336,-30672,-1001,-478,-659,570,110606,-11972,-30564,7486,-845,-930,373,110585,-849,30533,1830,-275,-1099,-3012,3,3
564,110607,21137,-842,-10780,-1053,2772,4,110607,-1239,15680,-1375,656,497,459,110628,6730,-31110,-788,157,-808,489,110628,-12070,-30543,7594,-496,-497,151,110607,-990,30953,1920,-224,-804,-2290,3,3
565,110629,21137,-842,-10780,-995,2772,4,110629,-1239,15680,-1375,656,497,459,110650,6730,-31110,-788,157,-808,489,110650,-12070,-30543,7634,-496,-391,151,110629,-990,30999,1920,-224,-632,-2146,3,3
566,110651,21137,-1083,-10780,-995,2412,-14,110651,-1239,15680,-1462,637,497,342,110672,6730,-31438,-788,157,-808,382,110672,-12070,-30543,7634,-496,-391,79,110651,-1048,30999,1920,-224,-632,-2146,3,3
567,110673,22137,-1264,-9780,-650,2076,-66,110673,-759,15806,-1501,623,503,254,110694,6589,-31652,-529,392,-718,302,110694,-12098,-30513,7749,-440,-449,79,110673,-1048,31361,2046,-129,-382,-1419,3,3
568,110695,22137,-1264,-9780,-628,2076,-66,110695,-566,15834,-1501,623,503,254,110716,6589,-31652,-451,392,-718,302,110716,-12098,-30513,7749,-440,-449,90,110695,-994,31361,2046,-129,-382,-1419,3,3
569,110717,22137,-1386,-9780,-628,1824,-76,110717,-566,15834,-1530,577,503,188,110738,6589,-31778,-451,318,-718,302,110738,-12119,-30513,7749,-440,-602,90,110717,-994,31361,2046,-129,-382,-1419,3,3
570,110739,23137,-1477,-8780,-305,1557,-84,110739,-148,15931,-1568,509,685,79,110760,6736,-31873,-350,262,-804,309,110760,-12143,-30466,7781,-398,-911,116,110739,-1027,31612,2134,-32,-456,-878,3,3
571,110761,23137,-1477,-8780,-305,1557,-84,110761,-148,15931,-1568,509,764,79,110782,6866,-31873,-350,262,-804,309,110782,-12143,-30466,7781,-395,-911,116,110761,-1027,31612,2134,8,-456,-878,3,3
572,110783,23137,-1567,-8780,-305,1392,-90,110783,-148,15931,-1596,487,764,-2,110804,6866,-31962,-350,262,-978,301,110804,-12161,-30466,7781,-395,-1225,116,110783,-1052,31612,2134,8,-456,-878,3,3
573,110805,24137,-1651,-7780,-227,1268,-188,110805,98,16004,-1596,472,763,-2,110826,6723,-32059,-326,442,-1122,261,110826,-12161,-30389,7805,-361,-1378,130,110805,-1052,31759,2200,145,-325,-320,3,3
574,110827,24137,-1651,-7780,-227,1268,-188,110827,98,16013,-1583,472,763,10,110848,6723,-32059,-326,447,-1122,261,110848,-12161,-30387,7805,-361,-1378,130,110827,-1021,31759,2200,185,-307,-320,3,3
575,110849,24137,-1704,-7780,-227,1185,-265,110849,98,16013,-1583,461,729,10,110870,6616,-32132,-326,447,-1122,227,110870,-12174,-30387,7805,-382,-1413,130,110849,-1021,31759,2214,185,-307,-320,3,3
576,110871,25137,-1744,-6780,-348,1113,-378,110871,285,16074,-1573,453,650,35,110892,6360,-32198,-308,689,-1120,147,110892,-12188,-30382,7855,-421,-1413,86,110871,-841,31865,2224,323,-68,21,3,3
577,110893,25137,-1744,-6780,-348,1113,-378,110893,319,16077,-1573,453,650,50,110914,6360,-32198,-308,689,-948,147,110914,-12188,-30382,7855,-421,-1301,86,110893,-841,31865,2224,339,16,21,3,3
578,110915,25137,-1744,-6780,-459,1033,-488,110915,319,16077,-1573,453,522,50,110936,6344,-32198,-308,689,-948,72,110936,-12198,-30382,7843,-451,-1301,53,110915,-841,31865,2170,339,16,21,3,3
579,110937,26137,-1672,-5780,-542,930,-571,110937,493,16125,-1563,455,360,90,110958,6156,-32240,-239,655,-649,-15,110958,-12198,-30406,7808,-451,-1039,-33,110937,-706,31898,2029,415,258,191,3,3
580,110959,26137,-1672,-5780,-542,930,-571,110959,500,16161,-1559,455,360,90,110980,6156,-32240,-239,655,-577,-15,110980,-12180,-30406,7808,-433,-981,-33,110959,-706,31898,2029,415,258,191,3,3
581,110981,26137,-1672,-5780,-630,851,-611,110981,500,16161,-1559,455,281,90,111002,6123,-32257,-239,515,-577,-114,111002,-12180,-30406,7808,-433,-981,-98,110981,-706,31898,1923,406,258,191,3,3
582,111003,27137,-1646,-4780,-709,735,-611,111003,648,16199,-1521,407,268,56,111024,6098,-32274,-181,410,-42,-189,111024,-12150,-30416,7820,-321,-741,-98,111003,-619,31923,1844,323,208,150,3,3
583,111025,27137,-1646,-4780,-709,735,-602,111025,668,16199,-1521,407,268,56,111046,6098,-32274,-181,410,-42,-189,111046,-12132,-30416,7830,-321,-741,-88,111025,-599,31937,1844,323,208,150,3,3
584,111047,27137,-1646,-4780,-768,600,-602,111047,668,16195,-1521,348,268,30,111068,6098,-32287,-181,410,-42,-189,111068,-12132,-30424,7830,-321,-741,-88,111047,-599,31937,1785,208,131,116,3,3
585,111069,28137,-1574,-3780,-816,461,-583,111069,819,16192,-1527,304,330,30,111090,6273,-32299,-187,411,146,-165,111090,-12168,-30424,7870,-228,-760,19,111069,-661,32034,1720,79,36,59,3,3
586,111091,28137,-1574,-3780,-816,461,-583,111091,822,16192,-1527,304,330,31,111112,6273,-32299,-187,411,146,-165,111112,-12168,-30396,7870,-213,-760,19,111091,-661,32034,1720,79,36,59,3,3
587,111113,28137,-1574,-3780,-842,356,-583,111113,822,16192,-1530,304,330,31,111134,6273,-32320,-192,411,146,-165,111134,-12197,-30396,7870,-213,-825,19,111113,-673,32034,1672,-26,-39,51,3,3
588,111135,29067,-1520,-2780,-848,261,-579,111135,934,16221,-1530,332,353,62,111156,6369,-32339,-192,396,409,-128,111156,-12219,-30359,7904,-161,-825,10,111135,-692,32137,1672,-96,-145,51,3,3
589,111157,29067,-1520,-2780,-848,261,-579,111157,935,16221,-1526,332,353,62,111178,6369,-32339,-152,396,409,-128,111178,-12219,-30359,8004,-161,-823,10,111157,-692,32137,1696,-96,-145,82,3,3
590,111179,29067,-1520,-2780,-848,177,-579,111179,935,16221,-1526,332,353,62,111200,6369,-32350,-152,392,409,-128,111200,-12219,-30359,8004,-233,-823,-10,111179,-692,32137,1696,-147,-145,82,3,3
591,111201,29716,-1442,-1780,-781,114,-578,111201,1015,16229,-1553,344,449,41,111222,6441,-32350,-122,392,452,-23,111222,-12192,-30363,8105,-341,-646,-73,111201,-645,32140,1752,-185,-134,107,3,3
592,111223,29716,-1426,-1780,-777,114,-578,111223,1015,16229,-1553,344,473,41,111244,6455,-32350,-122,393,452,-23,111244,-12160,-30363,8105,-341,-646,-73,111223,-645,32140,1752,-185,-110,108,3,3
593,111245,29716,-1426,-1780,-777,114,-591,111245,1015,16229,-1575,344,473,17,111266,6455,-32350,-125,393,452,-23,111266,-12160,-30363,8096,-422,-646,-127,111245,-645,32140,1752,-201,-110,108,3,3
594,111267,30173,-1381,-780,-724,175,-612,111267,1037,16222,-1592,351,493,-1,111288,6519,-32312,-167,438,539,-88,111288,-12073,-30376,8052,-439,-384,-173,111267,-667,32141,1688,-206,53,127,3,3
595,111289,30173,-1381,-780,-724,175,-612,111289,1037,16222,-1592,351,493,-1,111310,6519,-32312,-167,450,539,-88,111310,-12073,-30376,8052,-439,-375,-173,111289,-667,32153,1688,-206,72,159,3,3
596,111311,30173,-1381,-780,-724,175,-626,111311,1037,16222,-1592,351,479,-27,111332,6495,-32312,-199,450,539,-137,111332,-12073,-30376,8052,-439,-375,-202,111311,-684,32153,1650,-206,72,159,3,3
597,111333,30506,-1377,220,-690,211,-637,111333,1057,16220,-1582,310,435,-70,111354,6459,-32317,-199,468,714,-152,111354,-12024,-30352,8061,-367,-471,-202,111333,-695,32162,1639,-204,261,226,3,3
598,111355,30506,-1377,220,-690,211,-637,111355,1100,16220,-1581,310,435,-70,111376,6459,-32317,-123,468,735,-152,111376,-12024,-30352,8061,-367,-471,-77,111355,-695,32200,1639,-204,261,242,3,3
599,111377,30506,-1377,220,-690,211,-651,111377,1100,16217,-1581,273,427,-108,111398,6432,-32321,-123,468,735,-152,111398,-12024,-30348,8061,-367,-677,-77,111377,-695,32200,1639,-233,261,242,3,3
600,111399,30783,-1414,1220,-752,279,-688,111399,1160,16215,-1574,235,421,-137,111420,6412,-32334,-34,482,800,-131,111420,-12073,-30348,8077,-317,-832,-10,111399,-655,32236,1741,-255,264,264,3,3
601,111421,30805,-1414,1220,-752,279,-688,111421,1160,16215,-1565,235,421,-137,111442,6412,-32334,-26,487,800,-131,111442,-12073,-30345,8077,-317,-832,-10,111421,-643,32244,1741,-255,264,264,3,3
602,111443,30805,-1448,1220,-842,279,-697,111443,1144,16215,-1565,219,417,-137,111464,6381,-32334,-26,487,800,-131,111464,-12108,-30342,8077,-317,-832,-11,111443,-643,32244,1741,-255,264,264,3,3
603,111465,31030,-1490,2220,-958,340,-701,111465,1097,16236,-1551,219,358,-123,111486,6284,-32352,46,508,849,-157,111486,-12122,-30342,8107,-275,-755,-51,111465,-604,32255,1761,-251,262,246,3,3
604,111487,31030,-1490,2220,-958,340,-701,111487,1097,16236,-1544,222,358,-113,111508,6284,-32352,46,508,901,-157,111508,-12122,-30340,8107,-274,-742,-51,111487,-590,32259,1761,-243,262,246,3,3
605,111509,31030,-1547,2220,-1103,340,-701,111509,1097,16236,-1544,222,278,-113,111530,6217,-32366,46,461,901,-180,111530,-12123,-30340,8107,-274,-742,-89,111509,-590,32259,1761,-243,261,199,3,3
606,111531,31182,-1598,3220,-1237,394,-668,111531,1115,16257,-1486,264,218,-84,111552,6217,-32376,112,426,1022,-240,111552,-12123,-30338,8088,-241,-563,-118,111531,-558,32256,1776,-244,194,152,3,3
607,111553,31182,-1598,3220,-1237,396,-652,111553,1115,16257,-1486,265,218,-84,112834,6295,-32376,112,426,1022,-240,112834,-12088,-30337,8088,-241,-485,-118,111553,-558,32256,1780,-244,194,152,4,3
608,112835,31182,-1620,3220,-1338,396,-652,112835,1115,16257,-1486,265,218,-84,112856,6295,-32376,112,426,1022,-285,112856,-12088,-30337,8074,-241,-485,-128,112835,-558,32250,1780,-244,144,115,4,3
609,112857,31252,-1620,4220,-1414,434,-616,112857,1102,16258,-1480,294,259,-79,112878,6357,-32338,178,450,906,-302,112878,-12061,-30364,7979,-186,-349,-128,112857,-570,32245,1803,-243,106,87,4,3
610,112879,31252,-1613,4220,-1414,438,-616,112879,1102,16258,-1480,294,259,-79,112900,6379,-32328,178,450,906,-302,112900,-12061,-30364,7979,-186,-349,-103,112879,-570,32245,1889,-243,106,87,4,3
611,112901,31252,-1613,4220,-1414,438,-616,112901,1083,16258,-1480,294,259,-79,112922,6379,-32328,178,450,819,-315,112922,-12061,-30391,7900,-186,-349,-103,112901,-651,32245,1889,-243,106,87,4,3
612,112923,31305,-1607,5220,-1310,474,-603,112923,1068,16259,-1475,301,254,-75,112944,6448,-32324,213,449,785,-324,112944,-12047,-30397,7841,-157,-266,-84,112923,-716,32269,1970,-248,220,110,4,3
613,112945,31321,-1607,5220,-1309,474,-603,112945,1068,16264,-1475,301,254,-75,112966,6448,-32324,213,449,785,-324,112966,-12047,-30397,7841,-162,-256,-84,112945,-716,32269,1970,-248,220,114,4,3
614,112967,31321,-1607,5220,-1309,474,-603,112967,1058,16264,-1475,301,250,-75,112988,6448,-32324,213,428,781,-324,112988,-12047,-30401,7798,-162,-256,-91,112967,-765,32269,1970,-252,220,114,4,3
615,112989,31373,-1621,6220,-1230,508,-593,112989,1049,16272,-1462,304,250,-86,113010,6502,-32327,225,413,780,-321,113010,-12035,-30404,7766,-165,-160,-96,112989,-805,32277,2013,-252,246,142,4,3
616,113011,31373,-1621,6220,-1230,508,-592,113011,1049,16272,-1462,304,265,-86,113032,6502,-32327,225,413,780,-316,113032,-12035,-30404,7766,-165,-160,-96,113011,-805,32277,2013,-216,246,144,4,3
617,113033,31373,-1631,6220,-1230,508,-592,113033,1049,16272,-1462,304,265,-94,113054,6502,-32327,225,413,780,-316,113054,-12035,-30407,7742,-165,-160,-106,113033,-835,32277,2013,-216,246,144,4,3
618,113055,31432,-1639,7220,-1198,515,-607,113055,1051,16269,-1455,308,264,-94,113076,6514,-32327,208,420,792,-311,113076,-12038,-30425,7708,-157,-88,-106,113055,-836,32277,2053,-171,251,155,4,3
619,113077,31432,-1639,7220,-1198,515,-607,113077,1051,16269,-1455,310,264,-92,113098,6514,-32327,208,427,792,-311,113098,-12038,-30425,7708,-152,-88,-101,113077,-836,32277,2053,-171,251,155,4,3
620,113099,31432,-1643,7220,-1198,509,-618,113099,1051,16269,-1455,310,254,-92,113120,6514,-32327,208,427,792,-311,113120,-12044,-30425,7699,-152,-88,-101,113099,-837,32275,2053,-171,251,155,4,3
621,113121,31464,-1646,8217,-1177,503,-629,113121,1052,16271,-1447,316,244,-81,113142,6547,-32327,196,429,831,-308,113142,-12048,-30422,7699,-127,13,-89,113121,-837,32274,2087,-160,281,159,4,3
622,113143,31464,-1646,8217,-1177,503,-629,113143,1057,16271,-1447,316,244,-81,113164,6547,-32325,196,429,845,-308,113164,-12048,-30422,7740,-111,13,-86,113143,-837,32274,2087,-160,281,159,4,3
623,113165,31464,-1646,8217,-1177,494,-637,113165,1057,16271,-1447,316,244,-81,113186,6547,-32325,179,417,845,-308,113186,-12061,-30422,7740,-111,13,-86,113165,-847,32274,2087,-160,281,159,4,3
624,113187,31486,-1648,8978,-1158,487,-643,113187,1062,16265,-1445,321,249,-81,113208,6572,-32323,166,408,911,-308,113208,-12061,-30418,7717,-87,63,-63,113187,-861,32283,2109,-175,303,162,4,3
625,113209,31486,-1648,8990,-1158,487,-643,113209,1063,16265,-1445,323,249,-81,113230,6600,-32309,166,408,911,-308,113230,-12061,-30418,7717,-85,63,-52,113209,-861,32293,2109,-175,303,162,4,3
626,113231,31486,-1648,8990,-1158,475,-643,113231,1063,16260,-1445,323,249,-81,113252,6600,-32309,164,408,911,-308,113252,-12061,-30418,7685,-85,63,-52,113231,-869,32293,2109,-186,303,162,4,3
627,113253,31502,-1642,9576,-1154,459,-643,113253,1066,16256,-1443,330,253,-81,113274,6632,-32317,163,436,935,-308,113274,-12059,-30419,7675,-64,122,-24,113253,-875,32307,2125,-225,322,141,4,3
628,113275,31512,-1642,9576,-1154,459,-643,113275,1066,16256,-1442,330,253,-78,113296,6632,-32317,163,436,935,-308,113296,-12058,-30419,7675,-64,136,-18,113275,-875,32307,2145,-225,350,141,4,3
629,113297,31512,-1642,9576,-1154,447,-643,113297,1066,16256,-1442,330,246,-78,113318,6632,-32323,163,436,935,-308,113318,-12055,-30432,7675,-64,136,-18,113297,-875,32302,2151,-256,350,122,4,3
630,113319,31530,-1627,10006,-1147,437,-645,113319,1063,16258,-1441,339,246,-79,113340,6632,-32332,164,450,966,-315,113340,-12067,-30446,7692,-49,182,10,113319,-880,32298,2160,-297,417,107,4,3
631,113341,31532,-1627,10006,-1143,437,-645,113341,1063,16258,-1441,341,251,-79,113362,6632,-32332,163,450,1015,-315,113362,-12067,-30446,7692,-44,182,17,113341,-880,32298,2185,-297,417,107,4,3
632,113363,31532,-1627,10006,-1143,434,-659,113363,1060,16258,-1441,341,251,-80,113384,6632,-32332,164,450,1015,-323,113384,-12076,-30454,7692,-44,182,17,113363,-894,32298,2185,-327,417,96,4,3
633,113385,31547,-1634,10344,-1136,427,-691,113385,1056,16261,-1431,353,266,-90,113406,6656,-32319,181,460,980,-337,113406,-12104,-30454,7705,-29,230,56,113385,-918,32301,2192,-363,476,87,4,3
634,113407,31547,-1634,10346,-1136,427,-691,113407,1056,16261,-1431,355,266,-90,113428,6656,-32319,181,462,980,-337,113428,-12104,-30446,7706,-14,243,56,113407,-918,32301,2210,-363,486,87,4,3
635,113429,31518,-1634,10346,-1136,426,-724,113429,1053,16261,-1431,355,266,-98,113450,6656,-32319,181,462,953,-351,113450,-12131,-30446,7707,-14,243,56,113429,-936,32299,2210,-375,486,80,4,3
636,113451,31496,-1633,10601,-1183,425,-753,113451,1049,16264,-1420,370,244,-104,113472,6692,-32281,135,471,933,-374,113472,-12152,-30440,7698,73,1142,25,113451,-1032,32280,2229,-375,609,68,4,3
637,113473,31496,-1633,10601,-1183,425,-753,113473,1049,16268,-1415,370,244,-104,113494,6708,-32281,135,471,933,-374,113494,-12152,-30440,7698,85,1147,25,113473,-1032,32280,2229,-340,1243,68,4,3
638,113495,31496,-1633,10601,-1241,425,-760,113495,1045,16268,-1415,370,227,-109,113516,6708,-32281,85,471,914,-438,113516,-12185,-30476,7655,85,1147,-21,113495,-1104,32280,2229,-340,1243,68,4,3
639,113517,31524,-1672,10836,-1307,411,-760,113517,993,16299,-1434,393,158,-218,113538,6839,-32228,-20,589,633,-653,113538,-12210,-30495,7655,86,2260,-197,113517,-1128,32294,2139,-10,2865,123,4,3
640,113539,31570,-1672,10836,-1307,411,-760,113539,993,16299,-1434,393,158,-218,113560,6839,-32228,-20,589,633,-653,113560,-12210,-30495,7659,86,2260,-197,113539,-1128,32296,2139,-3,2865,123,4,3
641,113561,31570,-1702,10836,-1388,395,-760,113561,925,16269,-1467,393,99,-300,113582,6701,-32228,-99,589,86,-816,113582,-12303,-30495,7659,39,2260,-396,113561,-1146,32296,2082,-3,2865,123,4,3
642,113583,31531,-1724,11009,-1495,155,-756,113583,802,16247,-1492,393,-273,-342,113604,6598,-32026,-99,795,-323,-1005,113604,-12339,-30489,7556,-32,2850,-811,113583,-1187,32342,2039,260,3900,98,4,3
643,113605,31531,-1737,11009,-1495,155,-756,113605,802,16247,-1492,393,-273,-342,113626,6598,-32012,-62,876,-323,-1005,113626,-12339,-30489,7556,-32,2850,-811,113605,-1187,32342,2039,434,3900,98,4,3
644,113627,30531,-1724,11009,-1654,-214,-756,113627,710,16247,-1492,393,-690,-374,113648,6598,-32012,-62,876,-323,-1242,113648,-12496,-30489,7431,-141,2850,-1199,113627,-1256,32308,2007,434,3900,98,4,3
645,113649,29531,-1656,11008,-1920,-1001,-899,113649,653,16261,-1433,381,-1003,-430,113670,6792,-31850,-34,1286,340,-2235,113670,-12497,-30484,7283,-222,2978,-1757,113649,-1404,31308,1983,900,4571,321,4,3
646,113671,29531,-1647,11008,-1920,-1001,-899,113671,653,16274,-1403,381,-1003,-430,113692,6862,-31367,-13,1332,387,-2235,113692,-12497,-30484,7283,-222,2978,-1757,113671,-1404,31308,1983,938,4571,476,4,3
647,113693,28531,-1647,11008,-2066,-1693,-1140,113693,653,16274,-1403,310,-1167,-541,113714,6862,-31012,-13,1332,387,-3314,113714,-12498,-30484,7164,-222,2978,-2327,113693,-1515,30308,1983,938,4571,476,4,3
648,113715,27531,-1583,10640,-2165,-3129,-1321,113715,793,16295,-1304,253,-1222,-763,113736,7150,-31005,-151,1594,2387,-5109,113736,-12498,-30475,6999,-177,2944,-3187,113715,-1598,29308,2013,1358,4206,1169,4,3
649,113737,27531,-1583,10640,-2165,-3129,-1321,113737,793,16346,-1265,253,-1222,-763,113758,7390,-30264,-151,1674,2387,-5109,113758,-12495,-30475,6999,-91,2944,-3187,113737,-1598,29308,2013,1443,4206,1550,4,3
650,113759,27531,-1583,10082,-2165,-4727,-1321,113759,793,16346,-1265,190,-1222,-1011,113780,7390,-30264,-287,1674,2387,-7109,113780,-12495,-30484,6875,-91,2897,-4089,113759,-1676,29308,2013,1443,3661,1550,4,3
651,113781,28162,-1339,9197,-2144,-6727,-1239,113781,791,16380,-1073,-32,-1219,-1679,113802,8236,-29267,-321,2110,3068,-9109,113802,-12483,-30541,6772,246,2388,-5220,113781,-1735,29811,1863,1969,3109,3298,4,3
652,113803,28162,-1161,9197,-2126,-6727,-1188,113803,791,16380,-1038,-32,-1159,-1679,113824,8390,-29267,-321,3245,3068,-9109,113824,-12395,-30541,6772,259,2388,-5220,113803,-1749,29811,1863,2014,3109,3550,4,3
653,113825,28162,-1161,8331,-2126,-8668,-1188,113825,678,16333,-1038,-199,-1159,-2359,113846,8390,-29267,-346,3245,1068,-11066,113846,-12395,-30547,6705,259,1759,-6652,113825,-1735,29811,1577,2014,2695,3550,4,3
654,113847,28189,-544,7472,-1831,-10668,-792,113847,516,16117,-761,-378,-1112,-3217,113868,9390,-29164,-763,4562,-747,-12682,113868,-12020,-30714,6676,680,838,-8593,113847,-1653,30264,1178,2365,1751,5550,4,3
655,113869,28189,-544,7472,-1406,-10668,-792,113869,516,16117,-753,-378,-1089,-3217,113890,9390,-29164,-763,4720,-747,-12682,113890,-11984,-30714,6676,782,838,-8593,113869,-997,30264,1178,2365,1751,5550,4,3
656,113891,27547,-544,6622,-1406,-12668,-792,113891,133,15955,-753,-670,-1089,-4161,113912,9390,-29223,-1076,4720,-1794,-14568,113912,-11984,-30714,6676,782,-472,-10261,113891,-997,30264,879,2365,1004,5550,4,3
657,113913,26547,-858,5622,-564,-14668,-1300,113913,-154,15827,-495,-964,-707,-5630,113934,9814,-29375,-1076,4247,-2040,-16568,113934,-10984,-30159,6925,1442,-2472,-11512,113913,3,29264,699,2223,-586,7550,4,3
658,113935,26547,-858,5622,-564,-14668,-1300,113935,-154,15827,-495,-964,-653,-5630,113956,9814,-29375,-439,4247,-2040,-16568,113956,-10984,-30159,6925,1541,-2472,-11512,113935,3,29264,699,2223,-586,7550,4,3
659,113957,25547,-1523,4622,-564,-16668,-1681,113957,-309,15731,-495,-1235,-653,-7102,113978,9814,-29381,-439,3574,-2225,-18568,113978,-10984,-30159,6925,1541,-4324,-12440,113957,3,28264,564,2024,-1779,7550,4,3
660,113979,24547,-2022,3622,-416,-18668,-2045,113979,-425,15533,-365,-2290,-68,-8600,114000,10132,-29381,306,1574,-2819,-20568,114000,-9984,-30139,7163,2214,-5573,-13120,113979,1003,27264,409,1216,-2673,9550,4,3
661,114001,24547,-2022,3622,-416,-18668,-2045,114001,-425,15533,-365,-2290,102,-8600,114022,10174,-28493,306,1574,-2819,-20568,114022,-9984,-30139,7291,2455,-5573,-13120,114001,1003,27264,409,1216,-2673,9550,4,3
662,114023,23547,-2022,2622,-534,-20668,-2318,114023,-840,15322,-392,-3111,102,-9759,114044,10174,-28493,306,-176,-3285,-22568,114044,-9984,-30139,7291,2455,-6267,-13513,114023,1003,27264,409,509,-2673,9550,4,3
663,114045,22547,-1798,1622,-1016,-21579,-2961,114045,-1760,14752,-506,-3741,824,-10905,114066,10914,-27493,889,-673,-3897,-23953,114066,-8984,-30124,7566,2848,-6526,-13513,114045,2003,27330,-319,-89,-2364,11094,4,3
664,114067,22547,-1798,1622,-1016,-21579,-2961,114067,-1760,14752,-506,-3741,824,-10905,114088,11174,-27493,889,-673,-3897,-23953,114088,-8984,-30106,7708,2848,-6526,-13467,114067,2003,28036,-319,-89,-2364,11094,4,3
665,114089,22422,-1798,622,-1383,-21686,-3443,114089,-2470,14158,-604,-4319,824,-11984,114110,11174,-27493,889,-673,-4508,-24682,114110,-8984,-30106,7708,2636,-6526,-13467,114089,2003,28036,-319,-521,-2364,11094,4,3
666,114111,22328,-1630,-378,-1653,-21686,-3784,114111,-3212,13516,-853,-4805,432,-12876,114132,12174,-26493,1130,91,-4923,-24903,114132,-7984,-29106,8021,1684,-4526,-12994,114111,3003,28695,-865,-845,-1844,10741,4,3
667,114133,22328,-1630,-378,-1653,-21624,-3784,114133,-3212,13516,-853,-4805,432,-12876,114154,12174,-26493,1130,91,-4923,-24903,114154,-7984,-29106,8021,1684,-4526,-12660,114133,3003,28695,-865,-845,-1604,10741,4,3
668,114155,21328,-1630,-1378,-1653,-21624,-3784,114155,-4037,13044,-853,-5098,-421,-13144,114176,12174,-26493,817,-924,-5234,-24903,114176,-7984,-29106,8021,882,-4526,-12660,114155,3003,28695,-1022,-1088,-1604,10003,4,3
669,114177,20328,-1342,-2378,-1141,-20898,-3197,114177,-5013,12973,-839,-5098,-1667,-13144,114198,13174,-25493,84,-2089,-5234,-24385,114198,-6984,-28106,8071,280,-2526,-10683,114177,4003,28613,-1190,-1801,-968,8478,4,3
670,114199,20328,-1342,-2378,-1141,-20873,-3187,114199,-5013,12973,-444,-4869,-1667,-12997,114220,13174,-25493,84,-2089,-3498,-24385,114220,-6984,-28106,8071,280,-2526,-10660,114199,4003,28613,-1190,-1801,-855,8478,4,3
671,114221,19328,-1350,-3378,-1141,-20873,-3187,114221,-5745,12920,-444,-4869,-2605,-12997,114242,13174,-25493,-483,-3498,-3498,-24385,114242,-6984,-28106,8071,280,-2526,-10660,114221,4003,28552,-1266,-2999,-855,6905,4,3
672,114243,18328,-1356,-4378,-757,-20018,-2566,114243,-6691,12909,556,-4991,-3305,-12835,114264,14174,-24493,-890,-5498,-2196,-24337,114264,-5984,-27106,8109,1252,-2022,-8660,114243,5003,28552,-1266,-4999,-1034,5725,4,3
673,114265,18328,-1356,-4378,-757,-20018,-2388,114265,-6691,12909,556,-4991,-3305,-12835,114286,14174,-24493,-890,-5498,-2196,-24337,114286,-5984,-27106,8497,1678,-2022,-8660,114265,5003,28732,-599,-4999,-1034,5725,4,3
674,114287,17328,-1356,-5378,-757,-20018,-2388,114287,-7691,12605,556,-5379,-3305,-12835,114308,13174,-24493,-890,-7498,-2196,-24337,114308,-5984,-27106,8497,1678,-2022,-8660,114287,5003,28732,-599,-6791,-1722,5036,4,3
675,114309,16328,-1048,-6378,269,-19012,-1663,114309,-8691,12323,1443,-5810,-3039,-12408,114330,12174,-23493,110,-9467,-1308,-23773,114330,-4984,-27881,9366,2035,-1723,-6789,114309,6003,28987,401,-7798,-2397,4520,4,3
676,114331,16328,-1048,-6378,269,-18879,-1663,114331,-8691,12323,1443,-5810,-3039,-12266,114352,12174,-23493,110,-9467,-1308,-23481,114352,-4984,-27881,9404,2035,-1723,-6789,114331,6003,28987,401,-7798,-2397,4520,4,3
677,114353,15328,-1048,-7378,204,-18879,-1663,114353,-9691,11559,1443,-6512,-3039,-12266,114374,11174,-23493,110,-9467,-1308,-23481,114374,-4984,-28650,9404,1537,-1723,-6789,114353,6003,28987,401,-7798,-2397,4115,4,3
678,114375,14328,-853,-8378,155,-18020,-1173,114375,-10691,10939,2108,-7039,-2839,-11723,114396,10174,-22493,-787,-7772,-1029,-21481,114396,-3984,-29125,9775,1005,-786,-5043,114375,7003,29088,894,-6628,-2125,3166,4,3
679,114397,14328,-853,-8378,155,-17946,-1173,114397,-10691,10939,2140,-7039,-2839,-11515,114418,10174,-22493,-787,-7546,-820,-21481,114418,-3984,-29125,9775,1005,-786,-5018,114397,7003,29088,894,-6317,-2096,3166,4,3
680,114419,13328,-853,-9378,119,-17946,-1173,114419,-11691,10441,2140,-7039,-2839,-11515,114440,9174,-22493,-1460,-7546,-820,-21481,114440,-3984,-29481,9775,665,-786,-5018,114419,7003,29088,894,-6317,-2096,2401,4,3
681,114441,12328,-1245,-10378,-161,-16494,-1106,114441,-12529,10023,2932,-6757,-2696,-10370,114462,8174,-21493,-1965,-6389,-820,-19481,114462,-2984,-29850,9825,665,-676,-3398,114441,8003,29360,1264,-5680,-989,1656,4,3
682,114463,12328,-1245,-10378,-161,-16484,-1106,114463,-12529,10023,3140,-6680,-2535,-10087,114484,8174,-21493,-1965,-6389,-185,-19481,114484,-2984,-29850,9825,913,-676,-3282,114463,8003,29360,1264,-5680,-700,1656,4,3
683,114485,12328,-1245,-11378,-371,-16484,-1106,114485,-13158,9687,3140,-6680,-2535,-10087,114506,7174,-21493,-1967,-6389,-185,-19481,114506,-2984,-30025,9825,913,-940,-3282,114485,8003,29360,1264,-5680,-700,1092,4,3
684,114507,13328,-1081,-12378,-522,-14744,-1056,114507,-13511,9350,4140,-5793,-2307,-8288,114528,6174,-20493,-1967,-5521,-526,-17481,114528,-2083,-30544,10144,1426,-940,-1980,114507,8836,29366,1874,-5303,-86,471,4,3
685,114529,13328,-1081,-12378,-522,-14484,-975,114529,-13511,9350,4140,-5743,-2204,-8087,114550,6174,-20493,-1863,-5404,-593,-17481,114550,-2083,-30544,10306,1426,-940,-1980,114529,8844,29366,2188,-5303,-86,471,4,3
686,114551,13328,-1081,-13378,-635,-14484,-975,114551,-13732,9047,4140,-5743,-2204,-8087,114572,5174,-20493,-1863,-5404,-653,-17481,114572,-2083,-30738,10306,1426,-792,-1980,114551,8844,29366,2188,-5303,-86,3,4,3
687,114573,14328,-1014,-14378,-754,-12484,-992,114573,-13732,8619,4914,-4905,-1956,-6111,114594,5174,-19493,-1835,-3853,-748,-15481,114594,-1770,-31031,10703,1254,-752,-1210,114573,9209,29694,3115,-4572,-234,-345,4,3
688,114595,14328,-1014,-14378,-754,-12484,-992,114595,-13732,8619,4914,-4728,-1956,-6087,114616,6174,-19493,-1835,-3801,-748,-15481,114616,-1770,-31031,10703,1254,-752,-1210,114595,9209,29694,3115,-4219,-234,-345,4,3
689,114617,14328,-1014,-15378,-843,-12484,-1005,114617,-13732,8248,4914,-4728,-1956,-6087,114638,6174,-19493,-1835,-3801,-748,-15481,114638,-1770,-31251,10703,786,-872,-1210,114617,9209,29694,3115,-4219,-345,-345,4,3
690,114639,15328,-738,-16378,-881,-10484,-1005,114639,-13618,7941,5450,-3590,-1679,-4321,114660,7174,-18493,-1926,-2252,-215,-13481,114660,-1611,-31416,10951,94,-872,-925,114639,9482,29806,3728,-3023,-935,-180,4,3
691,114661,15328,-734,-16378,-881,-10484,-906,114661,-13618,7941,5450,-3476,-1619,-4277,114682,7174,-18493,-1926,-2131,152,-13481,114682,-1535,-31416,10951,94,-705,-925,114661,9526,29806,3728,-2949,-935,-144,4,3
692,114683,15328,-734,-17378,-881,-10484,-906,114683,-13618,7883,5450,-3476,-1619,-4277,114704,7174,-18493,-1926,-2131,152,-13481,114704,-1535,-31416,10951,-485,-705,-925,114683,9526,29806,3728,-2949,-1377,-144,4,3
693,114705,16328,-524,-18378,-845,-8484,-858,114705,-13419,7849,5792,-2079,-890,-2873,114726,6174,-17493,-1908,-486,883,-11481,114726,-1259,-31266,10983,-920,-389,-711,114705,9886,29830,4024,-1749,-1664,6,4,3
694,114727,16328,-524,-18378,-738,-8484,-858,114727,-13419,7849,5792,-2053,-848,-2859,114748,6174,-17493,-1908,-180,895,-11481,114748,-993,-31266,10983,-920,-325,-700,114727,9886,29848,3988,-1665,-1664,99,4,3
695,114749,16328,-524,-19378,-738,-8484,-858,114749,-13419,7849,5792,-2053,-848,-2859,114770,5174,-17493,-1908,-180,895,-11481,114770,-993,-31266,10977,-1242,-325,-700,114749,9886,29848,3944,-1665,-1664,109,4,3
696,114771,17328,-396,-20378,-552,-6484,-833,114771,-13383,7958,5978,-769,-39,-1668,114792,4174,-16493,-1843,1624,1763,-9481,114792,-734,-31165,10972,-1352,110,-432,114771,10228,29754,3790,-344,-1119,118,4,3
697,114793,17328,-396,-20378,-529,-6484,-822,114793,-13383,7973,5978,-621,122,-1598,114814,4174,-16493,-1843,1739,1786,-9481,114814,-734,-31165,10972,-1352,205,-398,114793,10228,29754,3790,-269,-1022,126,4,3
698,114815,17328,-396,-21378,-529,-6484,-822,114815,-13410,7973,5978,-621,122,-1598,114836,3174,-16493,-1843,1739,1786,-9481,114836,-734,-31281,10972,-1435,205,-398,114815,10228,29683,3664,-269,-1022,126,4,3
699,114837,18328,-384,-22378,-318,-4484,-688,114837,-13577,8157,6028,647,956,-433,114858,2174,-15497,-1390,3301,2240,-7481,114858,-492,-31281,11039,-1641,845,-42,114837,10485,29683,3510,847,-78,-158,4,3
700,114859,18328,-384,-22378,-194,-4484,-688,114859,-13577,8279,6028,825,956,-262,114880,2174,-15497,-1390,3443,2240,-7481,114880,-492,-31234,11039,-1641,872,105,114859,10485,29770,3510,1002,250,-158,4,3
701,114881,18328,-384,-22991,-194,-4484,-688,114881,-13604,8279,6009,825,956,-262,114902,1174,-15497,-1390,3443,2240,-7481,114902,-492,-31234,11039,-1887,872,105,114881,10485,29770,3362,1002,250,-514,4,3
702,114903,19328,-615,-22991,52,-2484,-897,114903,-13604,8635,5788,2002,1594,1069,114924,1174,-15480,-872,4721,2005,-5481,114924,-444,-30234,10999,-2322,1473,688,114903,10551,29839,3251,2333,1206,-840,4,3
703,114925,19328,-615,-22951,52,-2484,-897,114925,-13439,8651,5788,2094,1594,1251,114946,2174,-15480,-872,4752,2005,-5481,114946,-444,-30234,10999,-2322,1473,761,114925,10615,29839,3251,2660,1206,-840,4,3
704,114947,19328,-933,-22951,52,-2484,-1129,114947,-13439,8651,5541,2094,1594,1251,114968,2174,-15758,-872,4752,2005,-5481,114968,-444,-30234,10801,-2649,1473,761,114947,10615,29839,3168,2660,1206,-1219,4,3
705,114969,20328,-1171,-22529,-214,-484,-1303,114969,-13243,9153,5117,3595,2309,2817,114990,3174,-16266,-420,5734,2129,-3481,114990,-422,-30649,10532,-2649,1759,1338,114969,10701,29843,3002,4033,2171,-1727,4,3
706,114991,20328,-1171,-22017,-214,-484,-1303,114991,-13239,9266,5117,3595,2309,2926,115012,3174,-16266,-408,5785,2521,-3481,115012,-422,-30649,10532,-2646,1759,1646,114991,10707,29843,3002,4033,2199,-1727,4,3
707,115013,20328,-1336,-22017,-481,-484,-1439,115013,-13239,9266,4799,3595,2309,2926,115034,3174,-16959,-408,5785,2521,-3481,115034,-422,-30960,9943,-2646,1759,1646,115013,10707,29843,2633,4033,2199,-2381,4,3
708,115035,21328,-1459,-21017,-917,1516,-1647,115035,-12793,9884,4561,4153,2741,4299,115056,4174,-17959,-81,6079,4205,-1481,115056,-586,-31202,9501,-2393,1993,2760,115035,10724,29930,1904,4689,3307,-3190,4,3
709,115057,21328,-1459,-21017,-917,1516,-1647,115057,-12594,9960,4561,4153,2741,4312,115078,4174,-17959,-72,6079,4397,-1481,115078,-586,-31202,9501,-2114,1993,3071,115057,10724,29930,1904,4689,3307,-3190,4,3
710,115079,21328,-1556,-21017,-1244,1516,-1803,115079,-12594,9960,4382,4153,2741,4312,115100,4174,-18959,-72,5844,4397,-1481,115100,-835,-31399,9397,-2114,1874,3071,115079,10549,29930,1292,4689,3307,-3955,4,3
711,115101,22328,-1628,-20017,-1458,3516,-1803,115101,-11825,10725,4100,4149,3134,5456,115122,5174,-19959,472,4388,6126,519,115122,-1188,-31407,9397,-1582,1142,4541,115101,10015,30081,899,3848,3219,-4642,4,3
712,115123,22328,-1628,-20017,-1458,3516,-1633,115123,-11719,10817,4100,4149,3340,5557,115144,5174,-19959,666,4388,6126,519,115144,-1188,-31407,9645,-1582,1142,4584,115123,10015,30199,899,3848,3219,-4642,4,3
713,115145,22328,-1722,-20017,-1458,3516,-1633,115145,-11719,10817,3667,4062,3340,5557,115166,5174,-20789,666,2757,6126,519,115166,-1834,-31603,9645,-1582,551,4584,115145,9615,30199,658,3066,2690,-5309,4,3
714,115167,23328,-1745,-19017,-1447,5516,-1367,115167,-11048,11353,2688,3672,4066,6656,115188,6174,-21589,1666,1364,6801,2519,115188,-2385,-31694,9653,-2130,108,6064,115167,9283,30401,493,2439,1968,-6103,4,3
715,115189,23328,-1745,-19017,-1435,5516,-1324,115189,-11017,11353,2688,3672,4066,6829,115210,6174,-21589,1666,1364,6801,2519,115210,-2385,-31694,9653,-2130,108,6281,115189,9283,30431,493,2439,1968,-6103,4,3
716,115211,23328,-1745,-19017,-1435,5516,-1324,115211,-11017,11353,1887,3231,4066,6829,115232,6174,-22189,1666,110,6801,2519,115232,-2944,-31818,9433,-2555,108,6281,115211,9018,30453,353,1969,1489,-6980,4,3
717,115233,23290,-1702,-18017,-1482,7516,-1109,115233,-10289,11726,1286,2861,3594,8004,115254,7174,-22733,2379,-887,5606,4519,115254,-3505,-31911,9268,-2887,985,7606,115233,8573,30453,242,1442,1489,-7877,4,3
718,115255,23290,-1702,-18017,-1482,7516,-1109,115255,-10170,11726,1286,2861,3594,8144,115276,7174,-22733,2379,-887,5606,4519,115276,-3505,-31911,9268,-2887,985,7606,115255,8573,30771,242,1442,1578,-7877,4,3
719,115277,23065,-1702,-18017,-1555,7516,-1109,115277,-10170,11726,889,2597,2967,8144,115298,7174,-23047,2379,-1756,4298,4519,115298,-3952,-31911,9139,-3350,985,7606,115277,8003,30771,193,984,1578,-8601,4,3
720,115299,22885,-1652,-17017,-1797,9516,-980,115299,-9239,11944,591,2424,2095,9204,115320,8174,-23725,2222,-2249,2933,6519,115320,-4952,-31757,8942,-3711,2239,8174,115299,7094,30912,156,522,1724,-9220,4,3
721,115321,22885,-1652,-17017,-1797,9516,-980,115321,-9170,11944,591,2424,2095,9222,115342,8174,-23725,2222,-2249,2933,6519,115342,-4952,-31757,8942,-3711,2243,8174,115321,7094,30912,156,522,1940,-9220,4,3
722,115343,22885,-1652,-17017,-2075,9516,-980,115343,-9170,11944,457,2424,1183,9222,115364,8174,-24365,2104,-2249,1909,6519,115364,-5873,-31757,8540,-3711,2243,8174,115343,6288,30912,156,480,1940,-9537,4,3
723,115365,22940,-1615,-16017,-2348,11516,-883,115365,-8170,12107,411,2511,46,10030,115386,8974,-25001,1854,-1844,1141,8519,115386,-6408,-31625,7881,-3696,3372,8394,115365,5382,31000,349,449,2211,-9537,4,3
724,115387,23172,-1605,-16017,-2348,11516,-850,115387,-8170,12269,411,2690,46,10030,115408,8974,-25001,1854,-1844,1141,8519,115408,-6408,-31625,7881,-3644,3440,8394,115387,5382,31018,411,449,2211,-9469,4,3
725,115409,23172,-1605,-16017,-2574,11516,-850,115409,-8170,12269,411,2690,-806,10030,115430,8974,-26001,1220,-1844,769,8519,115430,-6809,-31625,7074,-3644,3440,8394,115409,4998,31018,411,425,2158,-9469,4,3
726,115431,23927,-1443,-15017,-2699,12981,-691,115431,-7170,13136,712,3289,-1445,10456,115452,9162,-27001,649,-2203,629,9549,115452,-7809,-31526,6469,-3167,3662,8302,115431,4058,31307,434,242,1084,-9157,4,3
727,115453,24172,-1443,-15017,-2699,12981,-676,115453,-7170,13229,783,3289,-1445,10456,115474,9162,-27001,649,-2203,629,9549,115474,-7809,-31526,6469,-3105,3662,8302,115453,4058,31307,434,242,1084,-8932,4,3
728,115475,24172,-1443,-15017,-2699,12981,-676,115475,-7170,13229,783,3289,-1643,10456,115496,9162,-27784,576,-2472,629,9549,115496,-8638,-31526,6363,-3105,3662,7871,115475,3058,31307,434,54,-916,-8932,4,3
729,115497,25172,-1210,-14017,-2541,12368,-406,115497,-6170,13954,890,3422,-1643,9860,115518,9247,-28326,576,-2674,906,9503,115518,-9638,-31114,6363,-2554,3321,6288,115497,2231,31492,451,-139,-2593,-7976,4,3
730,115519,25172,-1190,-14017,-2495,12368,-406,115519,-6170,13954,890,3422,-1357,9860,115540,9247,-28326,774,-2674,906,9503,115540,-9638,-30998,6512,-2486,3321,6288,115519,2231,31492,621,-139,-2593,-7824,4,3
731,115541,24172,-1190,-14017,-2495,11434,-406,115541,-6170,13954,741,3422,-1357,9224,115562,9247,-28732,774,-2719,906,9305,115562,-10638,-30998,6512,-2486,2964,4480,115541,1611,31492,621,-284,-3748,-7824,4,3
732,115563,23172,-898,-13017,-2401,10462,-388,115563,-5170,14526,479,3374,-854,8384,115584,9287,-29383,922,-2753,1073,8071,115584,-11180,-30570,6800,-2176,964,2480,115563,914,31631,983,-306,-4614,-6496,4,3
733,115585,23172,-898,-13017,-2401,10462,-388,115585,-5170,14533,479,3374,-854,8384,115606,9287,-29383,922,-2753,1073,8071,115606,-11180,-30570,6800,-2176,964,2480,115585,914,31695,1195,-306,-4614,-6293,4,3
734,115607,22172,-898,-13017,-2401,9455,-388,115607,-5170,14533,266,3337,-854,7541,115628,9009,-30121,847,-2753,910,7004,115628,-11180,-30570,6800,-2176,-1036,979,115607,733,31695,1195,-322,-5264,-6293,4,3
735,115629,21172,-815,-12017,-2373,8624,-318,115629,-4279,15078,-29,2751,-1006,6067,115650,8009,-30732,455,-2432,53,6204,115650,-10686,-30561,6456,-1969,-2920,272,115629,733,31875,636,-664,-5900,-4855,4,3
736,115651,21172,-815,-12017,-2373,8624,-109,115651,-4170,15098,-29,2751,-1006,6067,115672,8009,-30732,455,-2432,53,6204,115672,-10686,-30561,6456,-1969,-2920,272,115651,891,31875,636,-664,-5900,-4855,4,3
737,115673,21172,-815,-12017,-2373,7879,-109,115673,-4170,15098,-347,2287,-1006,4746,115694,7053,-31132,-68,-2432,-637,6084,115694,-10686,-30561,6198,-1969,-4148,272,115673,891,31736,217,-1223,-6023,-4855,4,3
738,115695,22172,-567,-11017,-2086,6948,456,115695,-3170,15450,-586,1893,-833,3647,115716,6732,-31132,-461,-2248,-1155,5994,115716,-10372,-30554,6004,-1710,-4620,537,115695,768,31632,217,-1667,-6041,-4433,4,3
739,115717,22172,-567,-11017,-1709,6948,554,115717,-3170,15450,-586,1893,-459,3647,115738,6732,-30615,-461,-2248,-1155,5994,115738,-10372,-30554,6004,-1511,-4620,549,115717,768,31632,252,-1667,-6041,-4433,4,3
740,115739,22172,-567,-11017,-1709,6013,554,115739,-3170,15450,-765,1642,-459,2844,115760,6732,-30615,-461,-2248,-1155,5672,115760,-10372,-30554,5935,-1511,-4620,549,115739,488,31632,252,-1933,-6041,-4433,4,3
741,115761,21172,-737,-10017,-979,4601,663,115761,-2184,15493,-897,1454,553,2291,115782,7157,-29615,-415,-2110,-267,4486,115782,-10284,-30581,5871,-942,-4133,756,115761,-62,31658,347,-1933,-5339,-4116,4,3
742,115783,21172,-737,-10017,-979,4601,663,115783,-2184,15493,-897,1454,553,2291,115804,7157,-29615,-415,-1790,-267,4486,115804,-10284,-30581,5871,-791,-3156,756,115783,-62,31708,347,-1894,-4959,-3720,4,3
743,115805,21172,-1126,-10017,-979,3433,395,115805,-2184,15493,-996,1330,553,1876,115826,7157,-29615,-415,-1790,-267,3064,115826,-10284,-30807,5871,-791,-3156,756,115805,-474,31708,347,-1894,-4959,-3720,4,3
744,115827,22172,-1418,-9017,-950,2557,189,115827,-1445,15603,-1097,1237,691,1537,115848,6424,-28615,-625,-1258,22,1762,115848,-10468,-30977,5997,-116,-1798,914,115827,-511,31727,462,-1441,-2959,-2557,4,3
745,115849,22172,-1418,-9017,-950,2557,189,115849,-1330,15691,-1097,1237,691,1537,115870,6424,-28615,-625,-1106,22,1762,115870,-10468,-30977,6115,-116,-1798,914,115849,-511,31765,616,-1428,-2959,-2557,4,3
746,115871,22172,-1418,-9017,-950,2285,55,115871,-1330,15691,-1191,1050,691,1176,115892,5874,-28615,-625,-1106,22,1157,115892,-10674,-30977,6115,-116,-1798,914,115871,-511,31765,616,-1428,-2959,-2557,4,3
747,115893,23172,-1363,-8017,-928,2109,-37,115893,-698,15825,-1412,910,778,905,115914,5737,-29427,-484,-927,403,999,115914,-10979,-30922,6672,-115,-1897,1027,115893,-191,31799,848,-1091,-1756,-1956,4,3
748,115915,23172,-1335,-8017,-811,2109,-37,115915,-698,15825,-1412,910,778,905,115936,5737,-29427,-484,-927,403,999,115936,-10979,-30922,6672,-115,-1897,1027,115915,-191,31829,1006,-1091,-1756,-1956,4,3
749,115937,23172,-1335,-8017,-811,1977,-83,115937,-698,15825,-1578,877,778,761,115958,5737,-29906,-484,-927,403,967,115958,-11128,-30922,6672,-278,-2065,1027,115937,-191,31829,1006,-1091,-2227,-1956,4,3
750,115959,24172,-1415,-7017,-603,1772,-117,115959,-431,15926,-1646,852,896,653,115980,6737,-30359,-511,-835,1,967,115980,-11239,-30881,6664,-400,-2191,871,115959,-383,31925,1140,-1003,-2581,-1505,4,3
751,115981,24172,-1415,-7017,-552,1772,-117,115981,-431,15978,-1646,852,896,653,116002,6737,-30359,-511,-835,1,1000,116002,-11239,-30881,6664,-400,-2191,871,115981,-383,31931,1140,-1003,-2581,-1452,4,3
752,116003,24172,-1501,-7017,-552,1618,-154,116003,-431,15978,-1646,834,896,572,116024,6737,-30499,-531,-835,-1061,1000,116024,-11239,-30881,6664,-400,-2191,696,116003,-527,31931,1140,-1003,-2581,-1452,4,3
753,116025,25172,-1745,-6017,-433,1522,-214,116025,-245,16115,-1637,751,1011,393,116046,6375,-30604,-531,-70,-2006,944,116046,-11173,-30852,6800,-293,-1851,565,116025,-577,32002,1257,-935,-2233,-1025,4,3
754,116047,25172,-1745,-6017,-433,1522,-214,116047,-245,16115,-1637,751,1011,393,116068,6375,-30604,-346,-70,-2006,944,116068,-11169,-30852,6800,-292,-1851,565,116047,-577,32002,1257,-754,-1641,-1004,4,3
755,116069,25172,-1928,-6017,-433,1521,-261,116069,-245,16115,-1637,655,1011,220,116090,6039,-30604,-346,-70,-2006,654,116090,-11169,-30852,6800,-292,-1851,565,116069,-577,32002,1257,-754,-1641,-1004,4,3
756,116091,26172,-2018,-5017,-477,1520,-329,116091,-44,16124,-1647,571,880,90,116112,5787,-31110,-225,57,-1918,291,116112,-11188,-30835,6910,-212,-1743,598,116091,-496,32037,1276,-570,-846,-619,4,3
757,116113,26172,-2018,-5017,-477,1520,-329,116113,13,16124,-1647,571,880,90,116134,5787,-31110,-225,57,-1217,291,116134,-11188,-30831,6910,-212,-1743,598,116113,-496,32059,1276,-570,-846,-619,4,3
758,116135,26172,-2065,-5017,-510,1519,-380,116135,13,16124,-1647,481,673,53,116156,5787,-31422,-225,-80,-1217,88,116156,-11294,-30831,6910,-212,-1749,598,116135,-496,32059,1276,-570,-846,-619,4,3
759,116157,27155,-2072,-4017,-539,1497,-419,116157,206,16131,-1646,414,442,53,116178,5988,-31668,-174,-183,-369,8,116178,-11444,-30765,7012,-451,-1749,429,116157,-556,32102,1301,-432,-558,-369,4,3
760,116179,27172,-2072,-4017,-539,1497,-419,116179,206,16134,-1642,414,442,54,116200,6008,-31668,-174,-183,-369,8,116200,-11444,-30765,7060,-451,-1617,429,116179,-556,32102,1305,-351,-558,-369,4,3
761,116201,27172,-2098,-4017,-570,1461,-464,116201,206,16134,-1642,400,297,54,116222,6008,-31841,-174,-183,-369,8,116222,-11444,-30765,7060,-630,-1617,210,116201,-601,32102,1305,-351,-558,-369,4,3
762,116223,28172,-2098,-3017,-684,1244,-629,116223,293,16172,-1633,398,189,97,116244,6052,-31972,-382,-126,-188,89,116244,-11260,-30793,6991,-697,-1617,46,116223,-601,32112,1404,-187,-485,-82,4,3
763,116245,28172,-2071,-3017,-684,1244,-629,116245,293,16195,-1633,398,189,101,116266,6052,-31972,-382,66,-188,89,116266,-11260,-30793,6991,-697,-1541,46,116245,-484,32112,1404,-187,-485,-82,4,3
764,116267,28172,-2071,-3017,-770,1026,-757,116267,293,16195,-1633,397,115,101,116288,6052,-32070,-538,66,-188,89,116288,-11260,-30814,6939,-697,-1541,9,116267,-484,32112,1343,-187,-485,-82,4,3
765,116289,28901,-1957,-2017,-817,815,-856,116289,410,16217,-1612,395,60,109,116310,5773,-32144,-689,207,108,1,116310,-11122,-30816,6930,-664,-1461,9,116289,-397,32126,1229,-202,-410,60,4,3
766,116311,28901,-1957,-2017,-817,815,-856,116311,472,16217,-1605,395,60,109,116332,5773,-32144,-689,207,302,1,116332,-11122,-30816,6930,-536,-1173,28,116311,-397,32126,1229,-202,-370,60,4,3
767,116333,28901,-1957,-2017,-817,541,-927,116333,472,16217,-1605,387,60,93,116354,5688,-32193,-766,139,302,-172,116354,-11122,-30818,6930,-536,-1173,28,116333,-397,32126,1169,-259,-370,60,4,3
768,116355,29330,-1949,-1017,-779,329,-982,116355,698,16200,-1572,363,158,43,116376,5688,-32230,-766,49,1132,-314,116376,-11067,-30819,6959,-250,-681,326,116355,-343,32164,1124,-403,-284,7,4,3
769,116377,29330,-1949,-1017,-779,329,-982,116377,698,16200,-1572,363,221,43,116398,5896,-32230,-584,49,1132,-314,116398,-11067,-30820,6989,-246,-681,326,116377,-343,32164,1124,-403,-261,7,4,3
770,116399,29330,-1949,-1017,-779,199,-1024,116399,698,16187,-1572,363,221,27,116420,5896,-32230,-584,20,1132,-407,116420,-11104,-30820,6989,-246,-681,326,116399,-349,32164,1124,-511,-261,-32,4,3
771,116421,29657,-1971,-17,-825,127,-1098,116421,678,16179,-1575,377,345,27,116442,6096,-32228,-396,20,1608,-407,116442,-11329,-30820,7059,-55,-324,308,116421,-353,32193,1124,-575,-130,-62,4,3
772,116443,29687,-1971,-17,-825,127,-1098,116443,678,16179,-1575,398,345,35,116464,6096,-32226,-396,123,1608,-357,116464,-11329,-30737,7205,-55,-324,308,116443,-353,32193,1124,-575,-125,-62,4,3
773,116465,29687,-1971,-17,-944,97,-1098,116465,663,16179,-1577,398,345,35,116486,6096,-32226,-396,123,1354,-357,116486,-11486,-30737,7205,-55,-324,245,116465,-353,32193,1124,-575,-125,-84,4,3
774,116487,30003,-1962,983,-1062,97,-1076,116487,641,16212,-1578,444,323,72,116508,6112,-32251,-287,296,1163,-276,116508,-11566,-30696,7247,-11,-465,143,116487,-348,32234,1225,-555,72,-174,4,3
775,116509,30003,-1962,983,-1062,100,-1036,116509,641,16236,-1578,444,323,72,116530,6112,-32279,-287,296,1163,-276,116530,-11566,-30696,7247,-11,-465,143,116509,-348,32234,1225,-549,76,-174,4,3
776,116531,30003,-1962,983,-1150,100,-1036,116531,641,16236,-1579,444,323,72,116552,6112,-32284,-287,294,1163,-345,116552,-11566,-30696,7247,-11,-654,42,116531,-348,32234,1225,-549,76,-241,4,3
777,116553,30168,-1911,1983,-1216,102,-927,116553,642,16278,-1579,427,331,38,116574,6138,-32309,-205,187,1545,-456,116574,-11552,-30668,7331,0,-827,-9,116553,-419,32271,1300,-501,175,-286,4,3
778,116575,30168,-1911,1983,-1216,117,-907,116575,687,16278,-1579,427,331,38,116596,6246,-32311,-205,187,1545,-456,116596,-11546,-30668,7331,0,-827,-9,116575,-419,32289,1300,-499,175,-286,4,3
779,116597,30168,-1911,1983,-1230,117,-907,116597,687,16278,-1579,411,331,-4,116618,6246,-32313,-205,173,1545,-512,116618,-11546,-30668,7331,0,-925,-78,116597,-474,32289,1300,-499,175,-286,4,3
780,116619,30290,-1871,2983,-1241,123,-776,116619,746,16275,-1581,380,412,-51,116640,6496,-32330,-145,173,1432,-539,116640,-11471,-30663,7384,16,-925,-130,116619,-515,32332,1367,-437,194,-264,4,3
781,116641,30290,-1855,2983,-1241,130,-745,116641,746,16275,-1581,380,439,-51,116662,6496,-32330,-145,270,1432,-539,116662,-11465,-30663,7384,28,-912,-130,116641,-515,32338,1367,-435,194,-253,4,3
782,116663,30290,-1855,2983,-1241,130,-745,116663,746,16273,-1583,318,439,-107,116684,6496,-32330,-212,270,1322,-539,116684,-11465,-30663,7384,28,-912,-169,116663,-580,32338,1367,-435,194,-253,4,3
783,116685,30369,-1773,3983,-1149,150,-651,116685,763,16234,-1620,266,634,-149,116706,6526,-32343,-212,351,1196,-496,116706,-11380,-30687,7428,74,-651,-169,116685,-595,32317,1415,-369,288,-217,4,3
784,116707,30369,-1773,3983,-1149,150,-651,116707,763,16234,-1620,266,634,-149,116728,6526,-32343,-220,351,1196,-489,116728,-11380,-30687,7440,75,-597,-157,116707,-595,32317,1417,-369,340,-217,4,3
785,116729,30369,-1773,3983,-1149,150,-651,116729,763,16233,-1620,252,585,-149,116750,6526,-32343,-295,351,1013,-489,116750,-11380,-30687,7440,75,-597,-157,116729,-606,32317,1417,-369,340,-217,4,3
786,116751,30395,-1783,4983,-1121,165,-630,116751,844,16233,-1618,252,549,-129,116772,6548,-32335,-309,407,964,-452,116772,-11358,-30677,7500,132,-291,-17,116751,-644,32325,1430,-378,580,-192,4,3
787,116773,30395,-1783,4983,-1121,168,-630,116773,844,16233,-1618,261,549,-129,116794,6558,-32335,-309,407,964,-452,116794,-11358,-30677,7514,132,-291,-17,116773,-644,32327,1430,-378,583,-192,4,3
788,116795,30395,-1783,4983,-1121,168,-635,116795,844,16233,-1618,261,511,-129,116816,6558,-32335,-309,407,964,-452,116816,-11358,-30677,7514,132,-291,-17,116795,-677,32327,1430,-406,583,-192,4,3
789,116817,30428,-1767,5983,-1104,206,-651,116817,842,16233,-1630,274,483,-101,116838,6612,-32329,-293,428,1046,-418,116838,-11400,-30679,7569,150,-56,44,116817,-723,32339,1440,-472,910,-184,4,3
790,116839,30428,-1765,5983,-1104,236,-651,116839,842,16233,-1630,278,483,-101,116860,6618,-32329,-247,428,1046,-410,116860,-11400,-30679,7621,150,-56,44,116839,-723,32343,1440,-472,910,-184,4,3
791,116861,30428,-1765,5983,-1104,236,-664,116861,804,16233,-1639,278,438,-101,116882,6618,-32329,-247,428,1046,-410,116882,-11431,-30679,7621,147,-56,44,116861,-770,32343,1440,-524,910,-184,4,3
792,116883,30489,-1797,6983,-1094,287,-720,116883,773,16248,-1648,292,404,-73,116904,6657,-32334,-169,437,1101,-350,116904,-11447,-30665,7701,21,-96,76,116883,-819,32355,1564,-560,845,-129,4,3
793,116905,30497,-1797,6983,-1094,287,-720,116905,773,16248,-1648,292,404,-73,116926,6657,-32334,-169,437,1101,-350,116926,-11447,-30665,7701,21,-96,76,116905,-819,32355,1564,-560,845,-113,4,3
794,116927,30497,-1821,6983,-1094,287,-773,116927,750,16248,-1652,292,379,-73,116948,6657,-32334,-169,437,1101,-350,116948,-11453,-30665,7701,-73,-141,6,116927,-848,32355,1564,-560,435,-113,4,3
795,116949,30541,-1839,7983,-1103,317,-815,116949,733,16264,-1652,307,339,-53,118070,6673,-32328,-124,444,1079,-331,118070,-11453,-30654,7747,-105,-160,-50,116949,-848,32322,1581,-456,127,16,5,3
796,118071,30541,-1839,7983,-1103,319,-815,118071,733,16264,-1642,307,339,-53,118092,6673,-32328,-124,444,1079,-331,118092,-11439,-30654,7747,-105,-160,-50,118071,-846,32322,1581,-456,127,16,5,3
797,118093,30541,-1853,7983,-1103,319,-823,118093,733,16264,-1642,307,309,-53,118114,6673,-32328,-129,444,1079,-331,118114,-11439,-30654,7747,-105,-160,-50,118093,-844,32311,1581,-456,127,16,5,3
798,118115,30578,-1857,8983,-1107,306,-823,118115,736,16271,-1614,327,299,-39,118136,6627,-32324,-132,414,1114,-325,118136,-11419,-30668,7782,-95,11,-39,118115,-844,32299,1629,-422,172,53,5,3
799,118137,30578,-1857,8983,-1107,306,-813,118137,796,16271,-1614,328,299,-39,118158,6627,-32324,-133,414,1114,-325,118158,-11419,-30668,7792,-73,12,-35,118137,-844,32299,1637,-422,211,53,5,3
800,118159,30578,-1857,8983,-1107,296,-813,118159,796,16267,-1614,328,293,-39,118180,6592,-32324,-139,391,1114,-325,118180,-11419,-30677,7792,-73,12,-35,118159,-859,32299,1637,-422,211,53,5,3
801,118181,30625,-1854,9983,-1110,288,-812,118181,841,16264,-1598,339,287,-29,118202,6566,-32312,-144,361,1149,-309,118202,-11374,-30679,7826,-68,140,-30,118181,-916,32320,1679,-419,274,62,5,3
802,118203,30625,-1854,9983,-1110,288,-812,118203,841,16264,-1598,339,287,-29,118224,6566,-32312,-144,361,1149,-309,118224,-11374,-30679,7826,-68,140,-30,118203,-916,32320,1701,-396,274,62,5,3
803,118225,30625,-1854,9983,-1146,282,-812,118225,841,16264,-1598,339,274,-29,118246,6564,-32315,-148,348,1149,-309,118246,-11374,-30679,7826,-68,140,-30,118225,-955,32320,1701,-396,274,62,5,3
804,118247,30667,-1852,10793,-1218,258,-813,118247,874,16264,-1587,346,242,-22,118268,6557,-32320,-167,339,1176,-309,118268,-11382,-30665,7841,-64,155,-33,118247,-984,32346,1733,-365,292,54,5,3
805,118269,30671,-1852,10793,-1218,258,-813,118269,874,16270,-1587,346,242,-22,118290,6557,-32320,-167,339,1206,-309,118290,-11382,-30665,7841,-64,155,-33,118269,-984,32346,1751,-365,292,54,5,3
806,118291,30671,-1852,10793,-1277,258,-813,118291,874,16270,-1587,346,233,-22,118312,6557,-32320,-171,332,1206,-310,118312,-11382,-30665,7841,-64,155,-43,118291,-984,32346,1751,-365,292,54,5,3
807,118313,30729,-1825,11392,-1313,272,-801,118313,898,16272,-1574,348,226,-21,118334,6558,-32307,-174,331,1199,-316,118334,-11380,-30660,7848,-42,200,-72,118313,-982,32351,1765,-329,295,60,5,3
808,118335,30729,-1825,11392,-1313,272,-793,118335,898,16272,-1574,348,226,-21,118356,6560,-32301,-174,331,1199,-316,118356,-11352,-30660,7848,-42,207,-72,118335,-980,32351,1765,-329,295,60,5,3
809,118357,30729,-1825,11392,-1316,272,-793,118357,898,16272,-1574,348,221,-21,118378,6560,-32301,-174,331,1156,-321,118378,-11352,-30665,7848,-42,207,-72,118357,-975,32351,1765,-329,295,60,5,3
810,118379,30755,-1828,11840,-1318,293,-760,118379,927,16268,-1568,348,216,-21,118400,6570,-32281,-176,348,1099,-327,118400,-11329,-30668,7886,-32,230,-57,118379,-975,32355,1783,-293,297,71,5,3
811,118401,30755,-1828,11840,-1318,293,-756,118401,938,16268,-1568,348,216,-21,118422,6570,-32281,-176,352,1099,-327,118422,-11314,-30668,7886,-32,230,-56,118401,-971,32355,1797,-289,340,71,5,3
812,118423,30755,-1841,11840,-1318,293,-756,118423,938,16265,-1568,348,213,-22,118444,6543,-32281,-182,352,1036,-331,118444,-11311,-30671,7886,-32,230,-56,118423,-971,32355,1797,-289,340,71,5,3
813,118445,30774,-1841,12148,-1301,351,-718,118445,974,16263,-1563,352,213,-29,118466,6523,-32292,-208,389,989,-356,118466,-11303,-30685,7908,-25,248,-25,118445,-968,32344,1763,-274,382,69,5,3
814,118467,30800,-1834,12186,-1285,351,-709,118467,974,16263,-1561,354,216,-29,118488,6523,-32292,-208,389,989,-356,118488,-11267,-30685,7908,1,268,-25,118467,-968,32344,1763,-274,387,69,5,3
815,118489,30800,-1834,12186,-1285,351,-709,118489,974,16261,-1561,354,216,-38,118510,6523,-32292,-252,389,954,-377,118510,-11267,-30691,7908,1,268,-25,118489,-968,32336,1738,-275,387,61,5,3
816,118511,30834,-1837,12445,-1277,376,-692,118511,988,16258,-1555,360,229,-50,118532,6534,-32292,-315,423,866,-452,118532,-11230,-30696,7867,124,974,-145,118511,-982,32320,1738,-275,508,-5,5,3
817,118533,30834,-1839,12447,-1277,376,-692,118533,988,16258,-1552,360,229,-50,118554,6542,-32250,-315,423,866,-452,118554,-11230,-30705,7867,124,1552,-145,118533,-982,32320,1765,-275,614,-5,5,3
818,118555,30834,-1839,12447,-1313,376,-694,118555,988,16256,-1552,360,229,-60,118576,6542,-32250,-366,423,665,-528,118576,-11230,-30700,7794,124,1552,-289,118555,-1054,32318,1765,-275,614,-77,5,3
819,118577,30807,-1853,12661,-1382,330,-702,118577,931,16256,-1546,364,203,-78,118598,6742,-32179,-400,590,304,-727,118598,-11284,-30721,7739,175,2932,-446,118577,-1108,32308,1827,-96,2597,-131,5,3
820,118599,30807,-1863,12695,-1382,330,-702,118599,931,16268,-1546,364,203,-78,118620,6742,-32179,-400,676,304,-727,118620,-11284,-30721,7739,175,2933,-446,118599,-1108,32308,1827,-49,2597,-131,5,3
821,118621,30787,-1863,12695,-1471,295,-730,118621,880,16268,-1546,364,132,-100,118642,6742,-32224,-400,676,45,-906,118642,-11356,-30721,7734,175,2933,-564,118621,-1108,32308,1827,-49,2597,-131,5,3
822,118643,30787,-1977,12933,-1614,268,-828,118643,797,16293,-1536,375,-80,-142,118664,6518,-32328,-312,866,-92,-1052,118664,-11410,-30712,7730,-4,3633,-663,118643,-1069,32333,1784,129,3310,-82,5,3
823,118665,30820,-1977,13033,-1614,268,-828,118665,797,16293,-1529,393,-80,-142,118686,6518,-32328,-312,866,-92,-1052,118686,-11410,-30712,7730,-4,3633,-663,118665,-1069,32333,1784,129,3310,-82,5,3
824,118687,30820,-2062,13033,-1731,143,-902,118687,734,16293,-1529,393,-265,-208,118708,6350,-32328,-312,866,-92,-1193,118708,-11487,-30712,7661,-153,3633,-864,118687,-1069,32333,1752,129,3310,-137,5,3
825,118709,30965,-2122,13288,-1839,-226,-958,118709,721,16313,-1520,424,-404,-294,118730,6300,-32125,-322,978,496,-1455,118730,-11555,-30702,7491,-250,4014,-1267,118709,-1091,32339,1736,266,3502,-178,5,3
826,118731,31029,-2122,13288,-1839,-226,-958,118731,721,16313,-1520,424,-404,-294,118752,6300,-32125,-322,978,1070,-1455,118752,-11555,-30702,7491,-250,4014,-1267,118731,-1091,32339,1736,288,3502,-178,5,3
827,118753,31029,-2122,13288,-1996,-752,-1023,118753,711,16313,-1520,424,-486,-407,118774,6300,-32125,-322,978,1070,-1781,118774,-11555,-30702,7364,-259,4014,-1825,118753,-1114,32334,1724,288,3502,-178,5,3
828,118775,31226,-2063,13256,-2177,-1394,-1190,118775,674,16275,-1513,306,-548,-536,118796,6325,-31973,-369,1012,2384,-2178,118796,-11540,-30738,7145,-265,4256,-2438,118775,-1215,32300,1715,422,2976,-153,5,3
829,118797,31226,-2063,13256,-2177,-1394,-1190,118797,674,16275,-1513,306,-548,-536,118818,6403,-31973,-369,1012,2393,-2178,118818,-11504,-30738,7145,-265,4256,-2438,118797,-1215,32300,1715,459,2976,-99,5,3
830,118819,31226,-2063,12990,-2313,-2117,-1254,118819,646,16247,-1513,126,-594,-647,118840,6403,-31973,-430,1012,2393,-2582,118840,-11504,-30791,7074,-279,4027,-2903,118819,-1423,32300,1658,459,2449,-99,5,3
831,118841,31373,-1875,12580,-2431,-3320,-1302,118841,635,16247,-1477,-41,-638,-769,118862,7016,-31819,-476,1131,3734,-3335,118862,-11427,-30869,6927,-290,3579,-3481,118841,-1645,32325,1483,684,2053,329,5,3
832,118863,31373,-1843,12580,-2431,-3320,-1302,118863,635,16283,-1473,-41,-638,-769,118884,7214,-31819,-476,1131,3743,-3335,118884,-11309,-30869,6927,-290,3579,-3481,118863,-1645,32325,1483,691,2053,593,5,3
833,118885,31481,-1843,11949,-2519,-4398,-1338,118885,635,16283,-1473,-172,-671,-936,118906,7214,-31819,-511,1131,3743,-4191,118906,-11309,-30931,6817,-290,3129,-4118,118885,-1811,32325,1360,691,1825,593,5,3
834,118907,31592,-1550,11107,-2585,-5663,-1394,118907,626,16310,-1360,-412,-671,-1417,118928,7862,-31498,-511,1324,4012,-5652,118928,-11239,-31006,6650,-236,2051,-4968,118907,-1824,32321,1304,923,1654,1544,5,3
835,118929,31592,-1536,11107,-2585,-5663,-1394,118929,626,16310,-1284,-412,-655,-1417,118950,7922,-31092,-473,1459,4012,-5652,118950,-11239,-31006,6650,-236,2051,-4968,118929,-1824,32321,1304,975,1654,1949,5,3
836,118951,31528,-1536,10264,-2594,-6976,-1436,118951,611,16310,-1284,-592,-655,-1949,118972,7922,-31092,-473,1459,4012,-7150,118972,-11239,-31090,6525,-236,633,-6086,118951,-1824,32314,1304,975,1512,1949,5,3
837,118973,31200,-1278,9264,-2600,-8627,-1468,118973,285,16191,-923,-766,-273,-2692,118994,8922,-30094,-518,2100,3917,-8959,118994,-11187,-31213,6431,-190,-1175,-8086,118973,-1780,32309,1322,1334,1106,3649,5,3
838,118995,31200,-1278,9264,-2600,-8627,-1468,118995,285,16191,-894,-766,-236,-2692,119016,8922,-30092,-518,2392,3917,-8959,119016,-11139,-31213,6431,355,-1175,-8086,118995,-1780,32309,1322,1354,1106,3949,5,3
839,119017,30504,-1278,8418,-2819,-10349,-1775,119017,-289,16041,-894,-949,-236,-3505,119038,8922,-30092,-518,2392,3362,-10959,119038,-11139,-31245,6431,355,-2439,-10086,119017,-1780,32179,1275,1354,319,3949,5,3
840,119039,29504,-1414,7418,-3170,-12349,-2458,119039,-720,15920,-483,-1194,270,-4855,119060,9757,-29509,-434,3544,1695,-12959,119060,-10788,-31265,6465,967,-3479,-12086,119039,-1437,32172,1126,1970,-756,5949,5,3
841,119061,29504,-1414,7418,-3170,-12349,-2458,119061,-720,15920,-458,-1194,289,-4855,119082,9757,-29509,-378,3544,1695,-12959,119082,-10139,-31265,6465,967,-3479,-12086,119061,-780,32172,1126,1970,-756,5949,5,3
842,119083,28504,-1516,6471,-3433,-14349,-2971,119083,-752,15740,-458,-1696,289,-6323,119104,9757,-29509,-378,3544,-305,-14959,119104,-10139,-31265,6465,967,-4001,-13351,119083,-780,32167,1014,1970,-1319,5949,5,3
843,119105,27504,-1547,5471,-3580,-16349,-3452,119105,-776,15492,-198,-2361,381,-8102,119126,9196,-29313,172,3350,-1997,-16959,119126,-9139,-30265,6662,1426,-4392,-14283,119105,220,31919,720,2202,-1741,7949,5,3
844,119127,27504,-1547,5471,-3580,-16349,-3452,119127,-776,15492,-198,-2361,381,-8102,119148,9196,-29313,172,3350,-1997,-16959,119148,-9139,-30265,6662,1426,-4392,-14283,119127,220,31919,720,2202,-1741,7949,5,3
845,119149,26504,-1547,4471,-3580,-18349,-3660,119149,-794,15306,-198,-2951,381,-9439,119170,9196,-29313,172,3204,-2143,-18959,119170,-9139,-30265,6662,1426,-4392,-14283,119149,220,31209,500,2202,-1741,7949,5,3
846,119171,25620,-1112,3471,-3080,-20081,-3760,119171,-1250,15210,-344,-3393,410,-10532,119192,10196,-28606,881,3033,-2253,-20959,119192,-8139,-29832,6770,1943,-3839,-14270,119171,1220,30209,-99,1954,-1395,9672,5,3
847,119193,25620,-1072,3471,-2779,-20081,-3760,119193,-1250,15210,-344,-3393,410,-10532,119214,10196,-28538,881,3033,-2253,-20959,119214,-8139,-29832,6842,1998,-3135,-13762,119193,1220,30209,-99,1954,-867,9672,5,3
848,119215,25285,-1072,2585,-2779,-21370,-3951,119215,-1699,15138,-344,-3588,410,-11354,119236,10196,-28538,881,3033,-3177,-22502,119236,-8139,-29832,6842,1998,-3135,-13762,119215,1220,29209,-548,1758,-867,9672,5,3
849,119237,25033,-802,1756,-1879,-22822,-4094,119237,-2093,14992,-292,-3700,-197,-12002,119258,11196,-28025,1052,2949,-5003,-22722,119258,-7139,-29508,6905,2635,-2032,-12546,119237,2220,28209,-1169,972,129,9447,5,3
850,119259,25033,-802,1756,-1797,-22822,-4094,119259,-2093,14992,-289,-3700,-197,-12002,119280,11196,-28025,1052,2949,-5003,-22722,119280,-7139,-29006,6977,2635,-1940,-11983,119259,2220,28209,-1169,972,129,9447,5,3
851,119281,24844,-1205,843,-1797,-24013,-4202,119281,-2389,14598,-289,-3746,-653,-12388,119302,11196,-28025,1052,2886,-6389,-22887,119302,-7139,-29006,6977,2635,-1940,-11983,119281,2220,27209,-1169,-414,129,8474,5,3
852,119303,23844,-1507,-157,-1061,-24907,-4202,119303,-3389,14283,-75,-3746,-995,-12388,119324,12196,-27234,1099,886,-7412,-22887,119324,-6139,-28006,7780,2779,-591,-10080,119303,3220,26209,-1062,-1991,16,7303,5,3
853,119325,23844,-1507,-157,-1061,-24907,-3684,119325,-3389,14283,-75,-3713,-995,-12329,119346,12196,-27025,1099,886,-7412,-21828,119346,-6139,-28006,7977,2779,-591,-9995,119325,3220,26209,-1062,-1991,16,7303,5,3
854,119347,22844,-1507,-1157,-1061,-24907,-3684,119347,-4389,14046,-75,-3713,-1251,-12329,119368,12196,-27025,1002,-1114,-7412,-21828,119368,-6139,-28006,7977,2647,-591,-9995,119347,3220,26209,-1062,-3228,-68,6263,5,3
855,119369,21844,-1486,-2157,-1124,-24564,-3341,119369,-5389,13757,204,-3689,-2455,-11833,119390,13196,-26025,745,-3114,-5613,-21896,119390,-5139,-27006,8632,2444,-412,-8256,119369,4220,26519,-982,-4308,-256,4982,5,3
856,119391,21844,-1431,-2157,-1124,-24474,-3341,119391,-5389,13757,204,-3689,-2455,-11833,119412,13196,-26025,745,-3114,-5613,-21896,119412,-5139,-27006,8632,2444,-412,-8193,119391,4220,26519,-982,-4308,-256,4982,5,3
857,119413,20844,-1431,-3157,-1171,-24474,-3341,119413,-6389,13374,204,-4170,-3358,-11833,119434,13196,-26025,556,-5114,-5613,-21947,119434,-5139,-27006,8632,2366,-439,-8193,119413,4220,26519,-982,-5268,-999,4022,5,3
858,119435,19844,-1155,-4157,-1171,-22810,-3084,119435,-7389,12678,1204,-4560,-3965,-11488,119456,12196,-25025,457,-7028,-3613,-22226,119456,-4139,-26006,9096,2157,-713,-6749,119435,5220,27389,-562,-6454,-2054,3517,5,3
859,119457,19844,-431,-4157,-950,-22523,-2575,119457,-7389,12678,1204,-4560,-3965,-11488,119478,12196,-25025,457,-7028,-3613,-22226,119478,-4139,-26006,9096,2157,-713,-6738,119457,5220,27477,-146,-6454,-2054,3517,5,3
860,119479,18844,-431,-5157,-950,-22523,-2575,119479,-8389,12114,1204,-5093,-3965,-11488,119500,11196,-25025,457,-8067,-3613,-22226,119500,-4139,-26006,9096,2151,-713,-6738,119479,5220,27477,-146,-7344,-2846,3171,5,3
861,119501,17844,-215,-6157,-440,-20523,-1688,119501,-9389,11733,2106,-5354,-3469,-11168,119522,10196,-24025,616,-8113,-1821,-21965,119522,-3139,-26674,9186,2151,-665,-5287,119501,6220,28195,754,-7408,-2883,2912,5,3
862,119523,17844,-215,-6157,-440,-20523,-1688,119523,-9389,11733,2106,-5354,-3269,-11162,119544,10196,-24025,616,-8113,-1821,-20536,119544,-3139,-26674,9186,2434,-525,-4925,119523,6220,28195,794,-7408,-2883,2912,5,3
863,119545,16844,-215,-7157,-440,-20523,-1895,119545,-10312,11550,2106,-5550,-3269,-11162,119566,9196,-24025,616,-8113,-1821,-20536,119566,-3139,-27493,9186,2434,-525,-4925,119545,6220,28195,794,-7408,-2883,2697,5,3
864,119567,15844,-53,-8157,473,-18939,-2191,119567,-11300,11311,2855,-5668,-2576,-10681,119588,8196,-23025,-288,-7290,-2770,-18536,119588,-2139,-27493,9253,2763,-266,-3062,119567,7155,28708,1499,-6723,-2344,2331,5,3
865,119589,15844,333,-8157,473,-18939,-2191,119589,-11300,11311,2975,-5668,-2514,-10369,119610,8196,-23025,-288,-6940,-2770,-18536,119610,-2139,-27493,9253,2833,-266,-2935,119589,7155,28708,1794,-6301,-2344,2331,5,3
866,119611,15844,333,-9157,473,-18939,-2380,119611,-12058,11132,2975,-5668,-2514,-10369,119632,7196,-23025,-1024,-6940,-2770,-18536,119632,-2139,-26493,9253,2833,-266,-2935,119611,7155,28708,1794,-6301,-2344,2057,5,3
867,119633,16844,-44,-10157,1343,-17751,-2405,119633,-12610,10646,3911,-5580,-2046,-8904,119654,6196,-22025,-1576,-5036,-2442,-16536,119654,-1742,-26493,9847,2867,-828,-1324,119633,7858,28923,2207,-4938,-1368,1814,5,3
868,119655,16844,-44,-10157,1343,-16939,-2405,119655,-12610,10646,3912,-5559,-2046,-8605,119676,6196,-22025,-1576,-5036,-2442,-16536,119676,-1742,-25493,9847,2867,-828,-1324,119655,7858,28923,2207,-4938,-1368,1814,5,3
869,119677,16844,-326,-11157,1343,-16939,-2423,119677,-13096,10103,3912,-5559,-2046,-8605,119698,5196,-22025,-1990,-5036,-2442,-16536,119698,-1742,-25493,9847,2779,-1618,-1324,119677,7858,28923,2207,-4938,-1368,1667,5,3
870,119699,17844,-366,-12157,1391,-14939,-2437,119699,-13364,9546,4749,-5413,-1876,-6971,119720,4196,-21025,-2160,-3608,-2127,-14536,119720,-1182,-26493,10407,2566,-2213,-482,119699,8559,29084,2517,-3916,-716,1540,5,3
871,119721,17844,-366,-12157,1391,-14939,-2437,119721,-13364,9546,4757,-5275,-1876,-6784,119742,4196,-21025,-2160,-3608,-2127,-14536,119742,-1182,-26493,10553,2566,-2213,-482,119721,8565,29266,2571,-3916,-716,1540,5,3
872,119743,17844,-366,-13157,1391,-14939,-2437,119743,-13492,9000,4757,-5275,-1876,-6784,119764,4196,-21025,-2288,-3608,-2127,-14536,119764,-1182,-27493,10553,2159,-2213,-482,119743,8565,29266,2571,-3916,-716,1418,5,3
873,119765,18844,-306,-14157,1304,-12939,-2282,119765,-13580,8533,5390,-4787,-1685,-5191,119786,5196,-20025,-2384,-2183,-1829,-12536,119786,-702,-28493,10944,1709,-2081,27,119765,9165,29367,3042,-2927,-673,1310,5,3
874,119787,18844,-306,-14157,1304,-12939,-2250,119787,-13580,8533,5390,-4637,-1620,-5103,119808,5196,-20025,-2384,-2032,-1262,-12536,119808,-702,-28493,10944,1709,-2078,27,119787,9255,29367,3042,-2682,-673,1310,5,3
875,119809,18844,-306,-15157,1210,-12939,-2250,119809,-13580,8194,5390,-4637,-1620,-5103,119830,5196,-20025,-2564,-2032,-1262,-12536,119830,-702,-29439,10944,1107,-2078,27,119809,9255,29367,3042,-2682,-673,1225,5,3
876,119831,19844,-261,-16157,1054,-10939,-2110,119831,-13467,7942,5823,-3620,-1157,-3619,119852,6196,-19025,-2707,-270,-589,-10536,119852,-344,-30017,11196,649,-1693,364,119831,9747,29443,3177,-1563,-641,1161,5,3
877,119853,19844,-261,-16157,1054,-10939,-2101,119853,-13430,7942,5823,-3447,-1018,-3573,119874,6196,-19025,-2707,-243,-489,-10536,119874,-344,-30017,11196,649,-1693,364,119853,9773,29443,3177,-1507,-612,1161,5,3
878,119875,19844,-261,-17157,937,-10939,-2101,119875,-13430,7856,5823,-3447,-1018,-3573,119896,5196,-19025,-2814,-243,-489,-10536,119896,-344,-30450,11196,255,-1693,364,119875,9773,29443,3177,-1507,-596,1112,5,3
879,119897,20844,-183,-18157,897,-8939,-1976,119897,-13378,7806,6116,-2330,-307,-2354,119918,4196,-18025,-2814,1435,703,-8536,119918,-79,-30775,11261,-84,-1257,545,119897,10129,29454,3056,-457,-551,992,5,3
880,119919,20844,-75,-18157,897,-8939,-1957,119919,-13378,7806,6116,-2235,-259,-2298,119940,4196,-18025,-2814,1598,703,-8536,119940,-79,-30775,11261,-84,-1180,545,119919,10129,29454,3056,-323,-98,992,5,3
881,119941,20844,-51,-19157,867,-8939,-1957,119941,-13426,7806,6116,-2235,-259,-2298,119962,3196,-18025,-2626,1598,703,-8536,119962,-79,-31051,11261,-440,-1180,545,119941,10129,29454,2894,-323,-98,874,5,3
882,119963,21844,62,-20157,867,-6939,-1667,119963,-13596,7815,6265,-1041,506,-1188,119984,2196,-17025,-2626,2979,1444,-6536,119984,95,-31358,11337,-804,-715,708,119963,10396,29462,2752,723,191,685,5,3
883,119985,21844,164,-20157,867,-6939,-1566,119985,-13596,7872,6265,-911,580,-1084,120006,2196,-17025,-2425,3048,1444,-6536,120006,119,-31358,11423,-804,-672,726,119985,10474,29462,2752,723,251,685,5,3
884,120007,21844,186,-21157,836,-6939,-1566,120007,-13745,7872,6265,-911,580,-1084,120028,1196,-17025,-2425,3048,1444,-6536,120028,119,-31488,11423,-1217,-672,726,120007,10474,29462,2626,723,251,465,5,3
885,120029,22844,231,-22157,749,-4939,-1245,120029,-13857,8056,6232,368,1199,102,120050,196,-16214,-2164,4128,1945,-4536,120050,99,-31488,11545,-1861,281,1018,120029,10789,29412,2449,1524,470,32,5,3
886,120051,22844,231,-22157,749,-4939,-1245,120051,-13857,8097,6232,467,1199,234,120072,196,-16214,-1948,4154,1988,-4536,120072,99,-31454,11545,-1861,431,1027,120051,10789,29412,2449,1552,513,32,5,3
887,120073,22844,143,-22607,606,-4939,-1245,120073,-13857,8097,6023,467,1199,234,120094,196,-16214,-1948,4154,1988,-4536,120094,99,-31454,11500,-2606,431,1027,120073,10789,29375,2296,1552,513,-433,5,3
888,120095,23844,-274,-22607,291,-2939,-1107,120095,-13699,8373,5713,2006,1663,1633,120116,1196,-16042,-1613,4989,2361,-2536,120116,84,-31670,11331,-3212,1553,1294,120095,10997,29347,2182,2556,1814,-1093,5,3
889,120117,23844,-274,-22403,291,-2939,-1107,120117,-13668,8488,5713,2211,1710,1798,120138,1196,-16042,-1613,5109,2396,-2536,120138,84,-31670,11331,-3212,1789,1400,120117,10997,29347,2182,2702,1814,-1093,5,3
890,120139,23844,-567,-22403,-59,-2939,-1107,120139,-13668,8488,5349,2211,1710,1798,120160,1196,-16042,-1613,5109,2396,-2536,120160,84,-31786,11130,-3531,1789,1400,120139,10997,29347,2096,2702,1814,-1710,5,3
891,120161,24844,-787,-21798,-540,-939,-966,120161,-13374,9002,5046,3700,2023,3187,120182,2196,-16527,-1361,5723,3186,-536,120182,97,-31847,10675,-3531,2808,1871,120161,10971,29692,1966,3527,2917,-2440,5,3
892,120183,24844,-787,-21444,-540,-939,-966,120183,-13237,9068,5046,3700,2023,3226,120204,2196,-16527,-1219,5723,3437,-536,120204,97,-31847,10675,-3525,2808,2098,120183,10971,29704,1966,3527,2918,-2440,5,3
893,120205,24844,-952,-21444,-988,-939,-966,120205,-13237,9068,4820,3700,2023,3226,120226,2196,-17487,-1219,5723,3437,-536,120226,97,-31847,10334,-3525,2808,2098,120205,10928,29704,1718,3527,2918,-2999,5,3
894,120227,25844,-1291,-20444,-1719,1061,-1070,120227,-12638,9591,4650,4331,2123,4366,120248,3196,-18487,-764,5178,4857,1464,120248,-255,-30847,10078,-3183,1954,2706,120227,10620,30080,1404,3552,3220,-3570,5,3
895,120249,25844,-1291,-20444,-1719,1061,-1070,120249,-12527,9685,4650,4331,2123,4369,120270,3196,-18487,-622,5178,5437,1464,120270,-255,-30847,10078,-3051,1954,2773,120249,10620,30080,1404,3552,3220,-3570,5,3
896,120271,24844,-1546,-20444,-2345,1061,-1148,120271,-12527,9685,4523,4331,2123,4369,120292,3196,-19487,-622,4654,5437,1464,120292,-519,-30847,9898,-3051,1058,2773,120271,10389,30080,1185,3313,2990,-4000,5,3
897,120293,23844,-1675,-19444,-2815,3061,-1148,120293,-11985,10388,4016,4427,2694,5289,120314,4196,-20487,378,3484,6842,3464,120314,-717,-31097,9763,-2658,152,3657,120293,10215,30288,1020,2729,2091,-4538,5,3
898,120315,23844,-1675,-19444,-2815,3061,-1010,120315,-11846,10588,4016,4427,2846,5453,120336,4196,-20487,378,3484,6842,3464,120336,-717,-31097,9763,-2658,152,3922,120315,10215,30288,1020,2729,2091,-4538,5,3
899,120337,23844,-1680,-19444,-2874,3061,-1010,120337,-11846,10588,3474,4332,2846,5453,120358,4196,-21487,378,2476,6842,3464,120358,-1043,-31226,9662,-2658,-186,3922,120337,9979,30288,897,2182,1147,-5215,5,3
900,120359,24844,-1680,-18444,-2906,5061,-791,120359,-11131,11367,2882,3978,3358,6446,120380,5196,-22437,1378,1394,7535,5464,120380,-1362,-31323,9578,-2370,-386,5249,120359,9612,30440,678,1660,439,-6181,5,3
901,120381,24844,-1661,-18444,-2906,5061,-716,120381,-10984,11369,2882,3978,3358,6546,120402,5196,-22437,1378,1394,7535,5464,120402,-1362,-31323,9578,-2370,-386,5594,120381,9612,30440,678,1660,439,-6181,5,3
902,120403,24844,-1661,-18444,-2906,5061,-716,120403,-10984,11369,2346,3697,3358,6546,120424,5196,-23033,1378,220,7377,5464,120424,-1601,-31396,9515,-2370,-386,5594,120403,9287,30440,368,1187,439,-7183,5,3
903,120425,25229,-1417,-17444,-2845,7061,-355,120425,-10204,11958,1699,3468,3603,7642,120446,6196,-23480,1801,-1090,6884,7464,120446,-2216,-31396,9515,-2167,250,7459,120425,8619,30602,136,730,795,-8695,5,3
904,120447,25229,-1417,-17444,-2780,7061,-355,120447,-10143,11992,1699,3468,3603,7804,120468,6196,-23480,1801,-1090,6884,7464,120468,-2216,-31387,9515,-2167,250,7594,120447,8619,30612,136,730,935,-8695,5,3
905,120469,25162,-1417,-17444,-2780,7061,-355,120469,-10143,11992,1189,3296,3563,7804,120490,6196,-23642,1801,-2310,6063,7464,120490,-3131,-31387,9504,-2332,250,7594,120469,8050,30612,-28,319,935,-9993,5,3
906,120491,24593,-1276,-16444,-2646,9061,-81,120491,-9146,12329,651,3091,2984,8874,120512,7196,-23815,2036,-3225,4578,9464,120512,-4131,-31380,9496,-2823,585,9131,120491,7383,30823,-65,-85,1069,-11106,5,3
907,120513,24593,-1276,-16444,-2646,9061,-60,120513,-9143,12329,651,3091,2984,8932,120534,7196,-23815,2036,-3225,4578,9464,120534,-4131,-31324,9496,-2823,585,9183,120513,7383,30827,-65,-85,1069,-11106,5,3
908,120535,23979,-1276,-16444,-2646,9061,-60,120535,-9143,12329,247,3089,2149,8932,120556,7196,-23945,2036,-3743,3461,9464,120556,-5114,-31324,8998,-3191,585,9183,120535,6383,30827,-65,-621,1069,-11813,5,3
909,120557,23394,-1139,-15444,-2664,11061,253,120557,-8143,12582,42,3089,762,10111,120578,7965,-24130,2077,-3743,2348,11464,120578,-6114,-31227,8210,-3191,1176,10565,120557,5383,30948,97,-1143,-82,-12237,5,3
910,120579,23394,-1139,-15444,-2664,11061,253,120579,-8143,12641,42,3343,762,10161,120600,7965,-24130,2077,-3682,2348,11464,120600,-6114,-31227,8210,-2987,2585,10565,120579,5383,30948,157,-1143,-82,-12237,5,3
911,120601,23019,-1139,-15444,-2833,11061,253,120601,-8143,12641,42,3343,-280,10161,120622,7965,-24547,1905,-3682,2348,11464,120622,-7041,-31227,7569,-2987,2585,10565,120601,4383,30948,157,-1578,-945,-12318,5,3
912,120623,23019,-1496,-14444,-3347,13061,437,120623,-7143,12973,118,3803,-1059,11083,120644,8478,-25448,1386,-4337,3358,12732,120644,-7978,-31208,7124,-2233,3007,11324,120623,3383,30833,278,-2065,-1592,-12318,5,3
913,120645,23292,-1496,-14444,-3347,13061,437,120645,-7143,13148,242,3835,-1059,11083,120666,8478,-25448,1386,-4337,3358,12732,120666,-7978,-31208,7124,-2215,3007,11324,120645,3383,30833,323,-2065,-1592,-12080,5,3
914,120667,23292,-1908,-14444,-3933,13061,437,120667,-7143,13148,242,3835,-1059,11083,120688,8478,-26123,997,-4829,3358,12732,120688,-8978,-31208,7124,-2215,3007,11324,120667,2433,30734,323,-2871,-1862,-12080,5,3
915,120689,23859,-2217,-13444,-4372,13556,170,120689,-6143,13618,392,4105,-993,11297,120710,8102,-26414,579,-5198,2749,13003,120710,-9978,-30536,7137,-1759,2502,9897,120689,1433,30660,414,-3638,-2628,-11213,5,3
916,120711,23859,-2217,-13444,-4372,13556,170,120711,-6143,13668,470,4105,-993,11297,120732,8102,-26414,579,-5198,2749,13003,120732,-9978,-30208,7137,-1759,2502,9897,120711,1433,30660,778,-3638,-2628,-11054,5,3
917,120733,22859,-2217,-13444,-4372,13324,33,120733,-6143,13668,470,4105,-993,11297,120754,7914,-26632,568,-5198,2749,13003,120754,-10903,-30208,7137,-1759,2123,7897,120733,548,30660,778,-4009,-2672,-11054,5,3
918,120755,21859,-1462,-12444,-3910,11577,-69,120755,-5143,14453,1,3849,-819,9963,120776,7914,-27560,568,-4245,4649,11003,120776,-10903,-29208,7306,-1681,1839,5897,120755,-452,29660,1227,-4009,-3154,-10002,5,3
919,120777,21859,-1462,-12444,-3910,11577,-69,120777,-5143,14614,1,3849,-819,9963,120798,8693,-27560,720,-3216,4649,11003,120798,-10843,-29208,7306,-1681,1839,5897,120777,-452,29660,1245,-3425,-3154,-9054,5,3
920,120799,20859,-1462,-12444,-3910,10259,-146,120799,-5143,14614,-401,3364,-819,8068,120820,8693,-28560,720,-3216,4649,9003,120820,-10843,-29478,7306,-1772,1077,3897,120799,-903,29660,1245,-3425,-3781,-9054,5,3
921,120821,20859,-2462,-11444,-4061,9249,-642,120821,-4143,14929,-708,2570,-697,6068,120842,7962,-29514,-248,-1884,3363,7003,120842,-10308,-29792,7369,-1958,-859,2355,120821,-907,30067,1215,-2011,-4278,-7054,5,3
922,120843,21859,-2462,-11444,-4061,9249,-642,120843,-4143,14929,-708,2570,-697,6068,120864,7962,-29514,-248,-1884,3363,7003,120864,-10308,-29792,7369,-1958,-859,2355,120843,-907,30067,1215,-2011,-4278,-7054,5,3
923,120865,21859,-2462,-11444,-4061,8492,-819,120865,-4143,14929,-878,1975,-697,4431,120886,7413,-30141,-974,-1884,2262,5663,120886,-10308,-30006,7122,-2098,-2311,1928,120865,-910,30067,1193,-2011,-4790,-7054,5,3
924,120887,22859,-1676,-10444,-3654,7912,-819,120887,-3143,15031,-1005,1530,-605,3311,120908,7413,-30523,-1146,-1320,1288,4689,120908,-10568,-30138,6915,-2098,-2778,1608,120887,-1094,30530,1116,-1201,-5174,-5054,5,3
925,120909,22859,-1624,-10444,-3046,7912,-546,120909,-3143,15031,-1005,1530,-605,3311,120930,7762,-30523,-1146,-1320,1288,4689,120930,-10568,-30138,6915,-1835,-2778,1608,120909,-1094,30530,1116,-1201,-5174,-5054,5,3
926,120931,22859,-1624,-10444,-3046,6889,-546,120931,-3143,15031,-1085,1229,-605,2710,120952,7762,-30752,-1146,-1320,-712,3958,120952,-10797,-30225,6915,-1835,-2816,1368,120931,-1232,30530,1116,-1201,-5174,-5054,5,3
927,120953,21859,-1612,-9444,-1641,5843,-178,120953,-2143,15159,-1145,1044,-653,2304,120974,7351,-30752,-595,-769,-2293,3136,120974,-10953,-30302,7040,-1479,-2816,935,120953,-1232,30885,1177,-672,-4432,-3294,5,3
928,120975,21859,-1612,-9444,-1641,5843,-178,120975,-2143,15200,-1145,1044,-653,2304,120996,7351,-29752,-595,-750,-2293,3136,120996,-10953,-30302,7040,-1479,-2566,935,120975,-1150,31015,1177,-672,-4241,-3285,5,3
929,120997,20859,-1637,-9444,-1641,4917,-178,120997,-2143,15200,-1176,911,-689,2000,121018,6351,-29752,-820,-750,-2414,2273,121018,-11086,-30452,7040,-1479,-2566,561,120997,-1150,31015,1177,-672,-4241,-3285,5,3
930,121019,20859,-1701,-8444,-905,4034,-163,121019,-1143,15623,-1199,811,-689,1524,121040,5467,-30313,-989,-253,-2479,1625,121040,-11170,-30565,7072,-1281,-2375,281,121019,-1054,31379,1294,-275,-3248,-1939,5,3
931,121041,21859,-1701,-8444,-905,4034,-163,121041,-1143,15623,-1199,811,-486,1524,121062,5467,-30313,-989,-253,-2479,1625,121062,-11170,-30565,7072,-1281,-2294,281,121041,-802,31379,1294,-275,-3248,-1939,5,3
932,121063,21859,-1749,-8444,-905,3461,-163,121063,-1143,15623,-1263,667,-486,927,121084,5467,-30796,-989,-253,-2479,1171,121084,-11170,-30565,7066,-1281,-2294,185,121063,-802,31379,1294,-275,-3248,-1939,5,3
933,121085,22859,-1785,-7444,-670,3041,-152,121085,-596,15698,-1348,559,353,460,121106,5540,-31152,-859,-169,-1605,831,121106,-11123,-30557,7061,-1106,-2090,113,121085,-809,31558,1352,-200,-2562,-1398,5,3
934,121107,22859,-1785,-7444,-670,3041,-152,121107,-596,15698,-1348,559,353,460,121128,5828,-31152,-825,-169,-1502,831,121128,-11123,-30557,7061,-1056,-1906,113,121107,-809,31558,1352,-200,-2562,-1398,5,3
935,121129,22859,-1866,-7444,-670,2726,-174,121129,-596,15698,-1412,538,353,276,121150,5828,-31419,-825,-169,-1502,460,121150,-11123,-30609,7061,-1056,-1906,59,121129,-814,31558,1352,-200,-2562,-1398,5,3
936,121151,23859,-1927,-6444,-830,2404,-328,121151,-352,15727,-1460,538,253,276,121172,6059,-31620,-718,42,-769,166,121172,-11116,-30698,7113,-785,-1216,-61,121151,-814,31714,1404,-72,-1790,-967,5,3
937,121173,23859,-1927,-6444,-830,2404,-328,121173,-352,15727,-1460,564,253,295,121194,6059,-31620,-718,42,-685,166,121194,-11116,-30698,7121,-769,-1216,-61,121173,-744,31714,1404,-72,-1779,-964,5,3
938,121195,23859,-1927,-6444,-950,1975,-408,121195,-352,15727,-1494,564,153,295,121216,6059,-31738,-718,42,-685,39,121216,-11116,-30765,7121,-769,-1216,-140,121195,-744,31714,1404,-72,-1779,-964,5,3
939,121217,24859,-1765,-5444,-950,1647,-438,121217,79,15901,-1506,538,78,270,121238,6232,-31769,-638,21,-454,32,121238,-10990,-30765,7188,-551,-1146,-140,121217,-682,31831,1381,-129,-1191,-642,5,3
940,121239,24859,-1765,-5444,-944,1647,-438,121239,163,15901,-1506,538,78,270,121260,6322,-31769,-638,21,-454,32,121260,-10990,-30755,7188,-539,-1146,-132,121239,-682,31831,1381,-129,-1191,-642,5,3
941,121261,24859,-1765,-5444,-944,1395,-438,121261,163,15901,-1515,512,78,186,121282,6322,-31850,-638,5,-454,32,121282,-10990,-30755,7188,-539,-1146,-132,121261,-682,31831,1381,-172,-1191,-642,5,3
942,121283,25859,-1735,-4444,-732,1206,-438,121283,488,15920,-1528,480,214,79,121304,6575,-31939,-526,5,-458,62,121304,-11012,-30738,7225,-367,-1194,-85,121283,-763,31947,1475,-204,-950,-451,5,3
943,121305,25859,-1735,-4444,-732,1206,-438,121305,488,15920,-1528,480,259,79,121326,6635,-31939,-526,111,-458,62,121326,-11012,-30738,7225,-356,-1194,-44,121305,-763,31947,1501,-204,-950,-451,5,3
944,121327,25859,-1735,-4444,-732,1077,-438,121327,488,15920,-1557,468,259,20,121348,6635,-32008,-526,111,-532,62,121348,-11048,-30738,7225,-356,-1194,-44,121327,-824,31947,1501,-204,-950,-451,5,3
945,121349,26859,-1721,-3444,-573,980,-422,121349,619,15934,-1586,459,271,20,121370,6618,-32059,-450,323,-619,48,121370,-11075,-30745,7268,-322,-1075,-19,121349,-824,32046,1579,-130,-590,-141,5,3
946,121371,26859,-1721,-3444,-573,980,-419,121371,619,15998,-1586,459,271,30,121392,6618,-32059,-450,323,-619,48,121392,-11075,-30745,7268,-322,-1075,-19,121371,-806,32046,1579,-115,-578,-141,5,3
947,121393,26859,-1721,-3444,-573,927,-419,121393,619,15998,-1605,453,211,30,121414,6605,-32098,-450,323,-678,38,121414,-11108,-30748,7268,-373,-1075,-90,121393,-806,32046,1579,-115,-578,-141,5,3
948,121415,27782,-1698,-2444,-415,887,-391,121415,717,16096,-1619,399,162,85,121436,6548,-32129,-371,433,-722,19,121436,-11108,-30753,7335,-412,-917,-198,121415,-704,32098,1528,17,-257,90,5,3
949,121437,27782,-1698,-2444,-415,887,-383,121437,748,16107,-1619,399,162,85,121458,6548,-32129,-371,433,-722,19,121458,-11108,-30753,7335,-412,-910,-198,121437,-704,32098,1528,18,-257,90,5,3
950,121459,27782,-1698,-2444,-415,866,-383,121459,748,16107,-1619,324,162,77,121480,6505,-32166,-371,433,-725,4,121480,-11108,-30790,7335,-432,-910,-232,121459,-704,32098,1480,18,-257,90,5,3
951,121481,28474,-1689,-1444,-297,841,-356,121481,871,16162,-1584,235,194,-16,121502,6473,-32196,-356,455,-725,4,121502,-11004,-30818,7371,-439,-791,-232,121481,-638,32159,1418,87,-16,232,5,3
952,121503,28510,-1689,-1444,-290,841,-325,121503,898,16162,-1577,235,311,-16,121524,6473,-32196,-356,455,-657,32,121524,-11004,-30818,7371,-439,-755,-201,121503,-638,32159,1418,87,-16,232,5,3
953,121525,28510,-1692,-1444,-290,816,-325,121525,898,16162,-1577,174,311,-86,121546,6473,-32218,-356,455,-657,32,121546,-11004,-30833,7371,-439,-755,-201,121525,-638,32159,1418,87,-16,232,5,3
954,121547,29096,-1695,-444,-199,786,-269,121547,1036,16171,-1551,160,480,-121,121568,6587,-32249,-345,474,-606,29,121568,-10956,-30842,7378,-393,-626,-171,121547,-644,32205,1423,87,57,312,5,3
955,121569,29096,-1695,-444,-199,786,-269,121569,1036,16171,-1540,160,490,-121,121590,6587,-32249,-321,513,-606,29,121590,-10956,-30842,7378,-366,-593,-170,121569,-644,32205,1423,87,57,312,5,3
956,121591,29096,-1695,-444,-199,745,-269,121591,1036,16171,-1540,160,490,-123,121612,6587,-32272,-321,513,-606,27,121612,-10956,-30847,7378,-366,-593,-170,121591,-649,32205,1423,87,57,312,5,3
957,121613,29514,-1677,556,-130,703,-270,121613,1069,16178,-1531,195,619,-123,121634,6456,-32290,-362,578,-751,25,121634,-10920,-30853,7437,-310,-471,-111,121613,-649,32227,1421,85,104,391,5,3
958,121635,29514,-1675,556,-130,703,-270,121635,1069,16179,-1531,219,619,-117,121656,6456,-32290,-362,589,-751,25,121656,-10920,-30853,7437,-310,-471,-111,121635,-562,32227,1421,85,104,391,5,3
959,121657,29514,-1675,556,-130,703,-270,121657,1069,16179,-1531,219,619,-117,121678,6358,-32323,-393,589,-860,24,121678,-10920,-30857,7437,-310,-471,-111,121657,-562,32227,1419,56,99,391,5,3
960,121679,29861,-1668,1556,-100,722,-268,121679,1140,16186,-1524,299,639,-96,121700,6272,-32328,-416,646,-860,-34,121700,-10933,-30860,7467,-264,-379,-62,121679,-505,32244,1418,6,95,374,5,3
961,121701,29871,-1668,1556,-100,722,-268,121701,1140,16212,-1516,299,639,-96,121722,6272,-32328,-416,646,-750,-34,121722,-10933,-30860,7454,-259,-379,-62,121701,-505,32244,1418,6,95,374,5,3
962,121723,29871,-1669,1556,-100,722,-268,121723,1140,16212,-1516,299,639,-96,121744,6248,-32345,-416,634,-750,-98,121744,-10943,-30860,7462,-259,-379,-62,121723,-505,32244,1418,-31,95,361,5,3
963,121745,30139,-1677,2556,-121,698,-322,121745,1163,16229,-1512,306,671,-148,121766,6214,-32354,-376,625,-551,-148,121766,-10943,-30859,7462,-176,-310,-17,121745,-464,32257,1417,-63,195,348,5,3
964,121767,30139,-1677,2556,-121,698,-322,121767,1163,16229,-1512,306,671,-148,121788,6214,-32354,-376,625,-474,-148,121788,-10911,-30859,7468,-163,-310,-5,121767,-464,32257,1417,-63,198,348,5,3
965,121789,30139,-1683,2556,-173,672,-374,121789,1163,16229,-1513,295,671,-187,121810,6214,-32361,-388,619,-474,-185,121810,-10911,-30859,7468,-163,-310,-5,121789,-464,32257,1417,-87,198,311,5,3
966,121811,30294,-1688,3556,-227,644,-424,121811,1176,16224,-1521,275,632,-202,121832,6220,-32361,-388,614,-250,-211,121832,-10889,-30858,7501,-89,-238,78,121811,-428,32274,1416,-143,293,244,5,3
967,121833,30294,-1688,3556,-227,644,-424,121833,1176,16224,-1521,275,632,-202,121854,6242,-32344,-388,614,-250,-211,121854,-10889,-30854,7507,-89,-238,79,121833,-428,32274,1416,-143,338,244,5,3
968,121855,30294,-1688,3556,-277,623,-470,121855,1176,16224,-1521,260,587,-202,121876,6242,-32344,-397,613,-250,-232,121876,-10896,-30854,7507,-89,-238,79,121855,-428,32274,1416,-187,338,194,5,3
969,121877,30410,-1686,4556,-346,597,-509,121877,1185,16225,-1520,251,521,-191,121898,6285,-32337,-397,613,-90,-246,121898,-10953,-30850,7552,-30,-183,111,121877,-435,32287,1400,-234,398,157,5,3
970,121899,30410,-1686,4556,-346,597,-509,121899,1185,16228,-1515,251,521,-191,121920,6285,-32335,-393,635,-90,-246,121920,-10953,-30850,7552,-30,-173,111,121899,-435,32287,1400,-234,422,157,5,3
971,121921,30410,-1686,4556,-399,578,-538,121921,1185,16228,-1515,251,472,-191,121942,6285,-32335,-393,635,-90,-271,121942,-10996,-30850,7552,-30,-173,111,121921,-435,32287,1386,-272,422,129,5,3
972,121943,30497,-1710,5556,-463,558,-560,121943,1176,16240,-1505,275,442,-189,121964,6252,-32335,-382,634,68,-308,121964,-11014,-30839,7586,7,-26,134,121943,-434,32285,1375,-308,465,101,5,3
973,121965,30497,-1710,5556,-463,558,-560,121965,1176,16240,-1505,282,442,-189,121986,6252,-32335,-366,634,136,-308,121986,-11014,-30839,7586,7,-22,134,121965,-434,32285,1375,-308,465,101,5,3
974,121987,30497,-1732,5556,-586,539,-608,121987,1161,16240,-1505,282,435,-194,122008,6227,-32335,-366,633,136,-352,122008,-11022,-30839,7586,7,-22,134,121987,-434,32283,1367,-335,465,71,5,3
975,122009,30549,-1755,6556,-719,501,-668,122009,1134,16235,-1511,302,430,-198,122030,6227,-32337,-350,608,362,-385,122030,-11052,-30827,7611,31,173,117,122009,-413,32283,1367,-379,510,26,5,3
976,122031,30549,-1755,6556,-719,501,-668,122031,1134,16235,-1511,302,430,-198,122052,6248,-32337,-350,608,457,-385,122052,-11052,-30827,7624,31,214,117,122031,-413,32294,1385,-379,561,26,5,3
977,122053,30549,-1755,6556,-844,466,-717,122053,1106,16232,-1516,302,406,-198,122074,6248,-32337,-350,590,457,-401,122074,-11052,-30827,7634,31,214,101,122053,-413,32294,1385,-418,561,-22,5,3
978,122075,30530,-1772,7556,-975,426,-764,122075,1078,16231,-1520,311,353,-193,122096,6282,-32342,-338,571,740,-410,122096,-11056,-30848,7634,108,598,89,122075,-419,32302,1420,-531,691,-103,5,3
979,122097,30530,-1772,7556,-975,426,-764,122097,1078,16231,-1520,311,353,-187,122118,6290,-32342,-310,571,744,-410,122118,-11056,-30848,7641,108,598,89,122097,-419,32302,1440,-531,691,-103,5,3
980,122119,30515,-1805,7556,-1075,396,-800,122119,1065,16230,-1523,311,308,-187,122140,6290,-32342,-310,516,744,-414,122140,-11059,-30848,7641,108,598,89,122119,-472,32302,1440,-616,691,-168,5,3
981,122141,30510,-1829,8556,-1323,366,-988,122141,1055,16230,-1549,318,249,-176,122162,6371,-32330,-268,439,1093,-414,122162,-11194,-30818,7692,104,470,211,122141,-528,32314,1520,-664,707,-213,5,3
982,122163,30510,-1829,8556,-1323,366,-988,122163,1055,16231,-1549,318,249,-151,122184,6395,-32328,-268,439,1283,-408,122184,-11194,-30818,7698,104,470,211,122163,-528,32322,1540,-664,707,-213,5,3
983,122185,30510,-1829,8556,-1509,274,-1129,122185,1048,16231,-1568,318,195,-151,122206,6395,-32328,-268,381,1283,-408,122206,-11295,-30818,7698,81,363,211,122185,-598,32322,1540,-664,695,-214,5,3
984,122207,30542,-1715,9556,-1590,205,-1232,122207,983,16237,-1568,318,137,-76,123188,6646,-32309,-249,376,1621,-367,123188,-11355,-30789,7741,32,283,160,122207,-650,32363,1625,-664,448,-214,6,3
985,123189,30566,-1711,9556,-1590,205,-1232,123189,983,16244,-1563,318,137,-62,123210,6646,-32309,-249,376,1621,-367,123210,-11355,-30789,7741,32,283,160,123189,-650,32363,1645,-635,448,-159,6,3
986,123211,30566,-1711,9556,-1602,179,-1257,123211,934,16244,-1563,318,94,-62,123232,6646,-32309,-249,376,1621,-367,123232,-11378,-30789,7733,28,275,69,123211,-697,32363,1645,-635,263,-159,6,3
987,123233,30658,-1629,10541,-1602,168,-1257,123233,934,16254,-1549,318,94,-45,123254,6684,-32299,-234,379,1486,-350,123254,-11383,-30785,7701,28,275,1,123233,-716,32362,1667,-547,245,-76,6,3
988,123255,30658,-1629,10541,-1492,168,-1113,123255,991,16259,-1530,334,145,-45,123276,6684,-32299,-234,379,1486,-350,123276,-11383,-30785,7701,31,358,1,123255,-716,32362,1667,-532,245,-76,6,3
989,123277,30658,-1629,10541,-1492,168,-1113,123277,991,16259,-1530,334,145,-45,123298,6637,-32299,-239,379,1384,-350,123298,-11383,-30786,7701,31,358,-29,123277,-716,32345,1667,-532,245,-76,6,3
990,123299,30703,-1587,11241,-1400,181,-1008,123299,1034,16261,-1505,346,188,-41,123320,6602,-32282,-247,381,1305,-338,123320,-11319,-30786,7729,41,437,-50,123299,-709,32332,1684,-460,247,-16,6,3
991,123321,30703,-1585,11241,-1400,181,-1008,123321,1034,16261,-1505,346,206,-41,123342,6602,-32282,-247,381,1305,-337,123342,-11319,-30783,7729,42,437,-50,123321,-691,32332,1684,-460,254,-16,6,3
992,123343,30703,-1585,11241,-1400,181,-1008,123343,1034,16253,-1505,346,206,-41,123364,6585,-32282,-247,381,1305,-337,123364,-11319,-30783,7729,42,437,-50,123343,-691,32332,1684,-460,259,-16,6,3
993,123365,30737,-1552,11736,-1387,174,-938,123365,1055,16247,-1489,352,240,-38,123386,6575,-32269,-239,388,1316,-329,123386,-11281,-30779,7698,50,424,-52,123365,-672,32347,1731,-438,259,-17,6,3
994,123387,30739,-1552,11736,-1387,174,-938,123387,1055,16247,-1489,352,240,-35,123408,6575,-32273,-239,388,1344,-329,123408,-11281,-30773,7698,50,424,-52,123387,-672,32347,1731,-438,283,-17,6,3
995,123409,30739,-1552,11736,-1387,169,-938,123409,1055,16247,-1489,352,240,-35,123430,6575,-32287,-239,364,1344,-329,123430,-11281,-30773,7683,50,397,-52,123409,-672,32347,1731,-438,283,-17,6,3
996,123431,30774,-1524,12122,-1382,152,-883,123431,1079,16255,-1476,360,240,-26,123452,6597,-32297,-233,346,1449,-348,123452,-11278,-30765,7660,45,394,-51,123431,-726,32356,1778,-412,283,-2,6,3
997,123453,30774,-1520,12122,-1377,152,-883,123453,1080,16255,-1476,360,240,-26,123474,6611,-32297,-232,346,1449,-348,123474,-11232,-30759,7660,45,394,-51,123453,-726,32356,1778,-411,301,1,6,3
998,123475,30774,-1520,12122,-1377,117,-883,123475,1080,16255,-1476,360,240,-26,123496,6611,-32297,-227,346,1449,-348,123496,-11232,-30755,7643,25,374,-51,123475,-764,32356,1778,-411,301,1,6,3
999,123497,30786,-1506,12397,-1350,91,-838,123497,1111,16252,-1470,355,248,-35,123518,6668,-32284,-222,348,1453,-343,123518,-11219,-30745,7624,18,351,-37,123497,-779,32351,1811,-373,335,23,6,3
1000,123519,30786,-1506,12397,-1306,91,-819,123519,1111,16252,-1470,355,263,-35,123540,6668,-32284,-214,364,1453,-339,123540,-11208,-30742,7624,18,351,-12,123519,-779,32351,1811,-373,335,27,6,3
1001,123541,30786,-1506,12397,-1306,91,-819,123541,1111,16250,-1470,348,263,-43,123562,6668,-32284,-192,364,1365,-339,123562,-11201,-30742,7624,14,334,-12,123541,-779,32333,1811,-373,335,27,6,3
1002,123563,30803,-1499,12591,-1238,96,-773,123563,1124,16250,-1466,342,283,-49,123584,6685,-32287,-192,393,1287,-335,123584,-11201,-30744,7668,14,321,18,123563,-790,32333,1836,-346,338,52,6,3
1003,123585,30803,-1499,12591,-1238,107,-773,123585,1124,16250,-1465,342,290,-49,123606,6685,-32287,-164,393,1287,-335,123606,-11198,-30744,7670,17,320,18,123585,-790,32333,1836,-346,338,52,6,3
1004,123607,30803,-1499,12591,-1238,107,-773,123607,1124,16250,-1465,338,290,-54,123628,6685,-32287,-164,393,1260,-336,123628,-11198,-30750,7670,17,317,18,123607,-790,32333,1836,-346,338,52,6,3
1005,123629,30828,-1498,12717,-1193,127,-763,123629,1117,16253,-1460,335,304,-65,123650,6676,-32289,-141,405,1240,-348,123650,-11210,-30754,7690,17,317,17,123629,-780,32333,1847,-338,333,71,6,3
1006,123651,30828,-1498,12717,-1193,127,-763,123651,1117,16253,-1458,335,304,-65,123672,6676,-32289,-127,405,1240,-348,123672,-11210,-30754,7690,19,344,17,123651,-780,32333,1847,-338,333,71,6,3
1007,123673,30828,-1498,12717,-1193,124,-763,123673,1103,16253,-1458,335,304,-73,123694,6669,-32289,-127,405,1225,-352,123694,-11210,-30754,7690,19,344,14,123673,-780,32333,1847,-338,333,71,6,3
1008,123695,30847,-1497,12791,-1189,111,-765,123695,1090,16255,-1453,337,302,-77,123716,6669,-32270,-113,439,1172,-353,123716,-11199,-30737,7691,27,382,-1,123695,-767,32337,1863,-345,361,57,6,3
1009,123717,30847,-1497,12791,-1189,111,-765,123717,1090,16255,-1453,339,302,-77,123738,6686,-32266,-113,444,1172,-353,123738,-11199,-30737,7691,28,442,-1,123717,-767,32337,1863,-345,361,57,6,3
1010,123739,30847,-1497,12791,-1189,101,-772,123739,1080,16252,-1453,339,296,-77,123760,6686,-32266,-116,444,1085,-353,123760,-11199,-30737,7691,28,442,-29,123739,-767,32337,1863,-352,361,33,6,3
1011,123761,30869,-1482,12807,-1189,86,-796,123761,1077,16243,-1449,344,270,-77,123782,6698,-32243,-217,496,786,-365,123782,-11193,-30724,7670,46,737,-75,123761,-769,32326,1889,-369,412,3,6,3
1012,123783,30891,-1478,12807,-1189,86,-796,123783,1077,16243,-1444,348,270,-77,123804,6730,-32233,-217,537,786,-365,123804,-11193,-30724,7670,68,1127,-75,123783,-769,32326,1889,-369,437,3,6,3
1013,123805,30891,-1478,12807,-1205,25,-827,123805,1074,16236,-1444,348,231,-79,123826,6730,-32233,-388,537,330,-431,123826,-11193,-30724,7654,68,1127,-204,123805,-804,32318,1889,-369,437,-42,6,3
1014,123827,30986,-1504,12809,-1253,-24,-865,123827,1072,16236,-1437,363,123,-98,123848,6787,-32122,-517,762,-657,-679,123848,-11256,-30725,7654,100,2422,-397,123827,-867,32314,1960,-322,1036,-87,6,3
1015,123849,30990,-1504,12809,-1253,-24,-865,123849,1072,16237,-1428,364,123,-98,123870,6787,-32122,-517,934,-657,-679,123870,-11256,-30725,7658,100,2422,-397,123849,-867,32314,1960,-221,1590,-87,6,3
1016,123871,30990,-1524,12794,-1301,-191,-893,123871,1072,16237,-1428,364,42,-148,123892,6787,-32123,-517,934,-1397,-1000,123892,-11319,-30725,7658,45,2422,-560,123871,-918,32314,1960,-221,1590,-94,6,3
1017,123893,29990,-1524,12775,-1412,-756,-959,123893,1079,16266,-1431,462,1,-261,123914,6576,-32136,-455,1353,-1397,-1489,123914,-11381,-30753,7581,-212,2802,-752,123893,-1002,32319,2010,-34,2529,-94,6,3
1018,123915,29990,-1313,12775,-1412,-756,-959,123915,1079,16266,-1431,464,1,-261,123936,6576,-32136,-455,1388,-1364,-1489,123936,-11381,-30753,7581,-212,2802,-752,123915,-1002,32337,2010,-23,2626,-51,6,3
1019,123937,28990,-1313,12731,-1495,-1444,-1061,123937,1079,16266,-1433,464,1,-396,123958,6418,-32146,-519,1388,-1364,-2003,123958,-11445,-30768,7523,-425,2802,-1033,123937,-1197,32337,1985,-23,2626,-51,6,3
1020,123959,27990,-1104,12356,-1495,-2639,-1201,123959,1212,16286,-1433,476,37,-642,123980,6305,-32146,-881,1729,-345,-2957,123980,-11639,-30780,7354,-584,2808,-1501,123959,-1347,32310,1916,425,3652,180,6,3
1021,123981,27990,-1094,12356,-1481,-2639,-1201,123981,1285,16287,-1344,476,37,-642,124002,6305,-31146,-881,1758,280,-2957,124002,-11639,-30780,7354,-584,2808,-1501,123981,-1347,32310,1916,425,3652,308,6,3
1022,124003,26990,-1094,12041,-1481,-3967,-1306,124003,1285,16287,-1344,454,37,-928,124024,6305,-31146,-1152,1758,280,-4048,124024,-11811,-30789,7193,-584,2808,-2196,124003,-1482,32306,1865,425,3652,308,6,3
1023,124025,25990,-812,11302,-1357,-5967,-1385,124025,1374,16392,-1187,345,64,-1474,124046,6787,-30361,-1464,2092,1606,-5544,124046,-12090,-30809,7000,-436,2756,-3801,124025,-1633,32277,1865,675,3664,930,6,3
1024,124047,25990,-812,11302,-1117,-5967,-1385,124047,1374,16403,-1156,345,136,-1474,124068,6805,-30361,-1464,2231,2280,-5544,124068,-12090,-30809,7000,-256,2756,-3801,124047,-1633,32277,1890,675,3664,1303,6,3
1025,124069,25814,-812,10356,-1117,-7967,-1585,124069,1337,16403,-1156,133,136,-2073,124090,6805,-30361,-1464,2231,2280,-7544,124090,-12315,-30824,6856,-256,2353,-5713,124069,-1746,31277,1890,675,3227,1303,6,3
1026,124091,25682,-855,9356,-844,-9967,-1903,124091,1050,16162,-889,-555,210,-3393,124112,7805,-29361,-1420,3028,2489,-9544,124112,-12315,-30824,6748,358,1789,-7713,124091,-1831,30277,1775,866,1672,3266,6,3
1027,124113,25682,-855,9356,-844,-9967,-1903,124113,1050,16162,-726,-555,254,-3393,124134,7805,-29361,-1420,3084,2489,-9544,124134,-12142,-30768,6748,642,1789,-7713,124113,-1831,30277,1775,974,1672,3303,6,3
1028,124135,25583,-887,8356,-844,-11967,-2265,124135,438,15911,-726,-1228,254,-4844,124156,7805,-29361,-1420,3084,489,-11544,124156,-12142,-30768,6553,642,974,-9713,124135,-1831,30277,1689,974,506,3303,6,3
1029,124157,24583,-887,7356,-686,-13967,-3022,124157,-21,15655,-262,-1813,300,-6844,124178,8694,-29022,-1199,3563,-1384,-13544,124178,-11142,-30410,6553,1435,-695,-11029,124157,-1779,30373,1296,1521,506,5303,6,3
1030,124179,24583,-825,7356,-686,-13967,-3022,124179,-21,15655,-262,-1813,300,-6844,124200,8694,-29022,-1199,3563,-1384,-13544,124200,-11142,-30410,6824,1435,-695,-11029,124179,-831,30491,1296,1521,1069,5303,6,3
1031,124201,23583,-825,6356,-686,-15967,-3590,124201,-21,15459,-262,-2254,300,-8731,124222,8694,-29022,-1199,3519,-1885,-15544,124222,-11142,-30410,6824,1435,-2695,-11029,124201,-831,30491,1114,1521,1069,5303,6,3
1032,124223,22801,-772,5356,-543,-17967,-3723,124223,-3,15312,-181,-2676,533,-10146,124244,8568,-28840,-225,2504,-1913,-17544,124244,-10142,-29410,7028,2030,-4695,-10753,124223,169,30746,865,1191,-641,7303,6,3
1033,124245,22801,-722,5356,-543,-17967,-3723,124245,-3,15312,-181,-2676,577,-10146,124266,8568,-28840,-225,2504,-1913,-17544,124266,-10142,-29410,7084,2054,-4695,-10658,124245,169,30894,865,1191,-641,7303,6,3
1034,124267,22713,-722,4356,-543,-19967,-3723,124267,-3,15245,-336,-2992,577,-10882,124288,8568,-28840,-225,1626,-1913,-19544,124288,-10142,-29410,7084,2054,-4695,-10658,124267,169,30894,706,838,-1924,7303,6,3
1035,124289,22658,-573,3356,-342,-21576,-3720,124289,-1003,15194,-336,-3291,995,-11434,124310,9080,-27840,537,967,-236,-21544,124310,-9142,-29251,7253,2913,-4529,-10321,124289,1169,31016,421,97,-2413,8851,6,3
1036,124311,22658,-573,3356,-322,-21576,-3687,124311,-1003,15194,-246,-3291,995,-11434,124332,9568,-27840,775,967,-236,-21544,124332,-9142,-29251,7253,2984,-4206,-10321,124311,1169,31016,421,97,-2413,8851,6,3
1037,124333,22658,-573,2356,-322,-21576,-3687,124333,-1866,15156,-246,-3571,871,-12022,124354,9568,-27840,775,473,-983,-23023,124354,-9142,-29251,7253,2984,-4206,-10321,124333,1169,31016,207,-635,-2413,8851,6,3
1038,124355,23365,-593,1356,-100,-21530,-3626,124355,-2866,14248,-324,-3781,266,-12463,124376,10568,-26840,1541,-263,-2983,-24061,124376,-8142,-29132,7933,2938,-3342,-9246,124355,2169,30472,207,-1675,-1961,8948,6,3
1039,124377,23365,-593,1356,-56,-21530,-3626,124377,-2866,14248,-324,-3781,266,-12463,124398,10568,-26840,1541,-263,-2983,-24061,124398,-8142,-29132,8253,2938,-2724,-9242,124377,2169,30472,493,-1675,-1147,8948,6,3
1040,124399,23365,-593,356,-56,-21530,-3626,124399,-3866,13567,-383,-3938,-218,-12463,124420,10568,-26840,1541,-1703,-4983,-24147,124420,-8142,-29429,8253,2252,-2724,-9242,124399,2169,30296,493,-2455,-1147,8855,6,3
1041,124421,22365,-174,-644,414,-21324,-2818,124421,-4866,13318,-427,-3987,-726,-12283,124442,11568,-25840,1187,-2783,-4983,-24147,124442,-7142,-29965,8723,1737,-1167,-8342,124421,3169,30164,737,-2726,-197,7920,6,3
1042,124443,22365,-174,-644,414,-20913,-2818,124443,-4866,13318,-427,-3987,-726,-12283,124464,11568,-25840,1187,-2783,-4331,-23683,124464,-7142,-29965,8723,1737,-1156,-7823,124443,3169,30164,763,-2726,-197,7920,6,3
1043,124465,21365,-174,-1644,414,-20913,-2818,124465,-5866,13313,-427,-4024,-1662,-12283,124486,11568,-25840,742,-3090,-4331,-23683,124486,-7142,-30371,8723,1737,-1156,-7823,124465,3169,30164,763,-2930,-197,6721,6,3
1044,124487,20365,135,-2644,772,-19755,-2072,124487,-6721,13309,23,-4091,-2364,-12212,124508,10568,-24840,244,-3321,-2507,-23233,124508,-6142,-30676,8684,1799,-259,-6110,124487,4169,30263,962,-3201,194,5480,6,3
1045,124509,20365,135,-2644,772,-19755,-2072,124509,-6721,13309,489,-4091,-2364,-12212,124530,10568,-24840,244,-3321,-2331,-23233,124530,-6142,-30676,8684,2196,-259,-5885,124509,4169,30265,962,-3201,194,5480,6,3
1046,124531,19365,135,-3644,772,-19755,-2072,124531,-7548,13002,489,-4443,-2364,-12212,124552,9568,-24840,-71,-3661,-2331,-23233,124552,-6142,-30676,8684,2196,-259,-5885,124531,4169,30265,962,-3680,194,4573,6,3
1047,124553,18365,339,-4644,1040,-19143,-1275,124553,-8548,12642,1391,-4962,-2321,-11955,124574,8568,-23840,-307,-5339,-1007,-22220,124574,-5224,-29979,9295,2802,-209,-4525,124553,5169,30568,1303,-4757,-479,3941,6,3
1048,124575,18365,339,-4644,1040,-19143,-1275,124575,-8548,12642,1391,-4962,-2321,-11560,124596,8568,-23840,-307,-5339,-1007,-22174,124596,-5224,-29676,9433,2802,-209,-4525,124575,5169,30568,1303,-4757,-479,3941,6,3
1049,124597,17365,-377,-5644,848,-19143,-1275,124597,-9548,11864,1391,-5686,-2321,-11560,124618,8568,-23840,-307,-6815,-1007,-22174,124618,-5224,-29676,9433,2802,-209,-4525,124597,5169,30568,1303,-5597,-983,3467,6,3
1050,124619,16365,-914,-6644,116,-18807,-912,124619,-10548,10981,2068,-6229,-2289,-10848,124640,7568,-22840,245,-7704,-414,-20343,124640,-4535,-28676,10112,2233,-181,-3834,124619,6169,30430,1905,-6227,-1252,2963,6,3
1051,124641,16365,-914,-6644,116,-18270,-912,124641,-10548,10981,2149,-6229,-2289,-10789,124662,7568,-22840,245,-7704,-414,-20174,124662,-4421,-28676,10112,2233,-181,-3834,124641,6169,30430,1905,-6227,-1252,2963,6,3
1052,124663,16365,-914,-7644,-345,-18270,-912,124663,-11548,10277,2149,-6229,-2289,-10789,124684,6568,-22840,245,-7704,-414,-20174,124684,-4421,-28676,10112,1736,-297,-3834,124663,6169,30430,1905,-6227,-1252,2548,6,3
1053,124685,15365,-339,-8644,-515,-16534,-531,124685,-12425,9722,2771,-6217,-2201,-9911,124706,5568,-21840,559,-7644,-161,-18174,124706,-3819,-27676,10344,1364,-401,-3518,124685,7120,30516,2905,-6066,-752,2235,6,3
1054,124707,15365,-339,-8644,-515,-16534,-531,124707,-12425,9722,2878,-5982,-2201,-9731,124728,5568,-21840,559,-7366,-161,-18174,124728,-3565,-27676,10344,1364,-401,-3518,124707,7120,30532,2905,-5835,-752,2235,6,3
1055,124729,15365,-339,-9644,-516,-16534,-531,124729,-12994,9306,2878,-5982,-2236,-9731,124750,4568,-21840,321,-7366,-161,-18174,124750,-3565,-27676,10344,673,-762,-3518,124729,7120,30532,2905,-5835,-817,2170,6,3
1056,124751,16365,-404,-10644,-643,-14534,-245,124751,-13381,8994,3864,-5450,-2277,-8490,124772,3568,-20840,-165,-6616,-185,-16174,124772,-2939,-28029,10518,155,-1032,-3346,124751,7802,30593,3576,-5007,-1081,2170,6,3
1057,124773,16365,-404,-10644,-643,-14534,-245,124773,-13381,8994,3864,-5423,-2277,-8316,124794,3568,-20840,-165,-5888,-185,-16174,124794,-2939,-28029,10518,155,-1032,-3346,124773,7802,30593,3576,-4706,-1081,2175,6,3
1058,124795,16365,-448,-11644,-732,-14534,-245,124795,-13520,8603,3864,-5423,-2277,-8316,124816,3568,-20840,-611,-5888,-185,-16174,124816,-2939,-29029,10518,-242,-1032,-3346,124795,7802,30422,3576,-4706,-1392,2175,6,3
1059,124817,17365,-481,-12644,-857,-12534,-168,124817,-13588,8271,4574,-4753,-2177,-6944,124838,2568,-19840,-1188,-4621,456,-14174,124838,-2250,-29809,10952,-540,-895,-3206,124817,8337,30294,3934,-3381,-1865,2247,6,3
1060,124839,17365,-481,-12644,-857,-12534,-168,124839,-13588,8271,4574,-4613,-2009,-6824,124860,2568,-19840,-1188,-4377,456,-14174,124860,-2250,-29809,10952,-540,-709,-3206,124839,8337,30294,3934,-3336,-1865,2247,6,3
1061,124861,17365,-481,-13644,-1169,-12534,-168,124861,-13588,8028,4574,-4613,-2009,-6824,124882,2568,-19840,-1685,-4377,456,-14174,124882,-2250,-30338,10952,-775,-709,-3206,124861,8337,30198,3934,-3336,-1980,2247,6,3
1062,124883,18365,-460,-14644,-1403,-10534,-111,124883,-13481,7846,5159,-3796,-1752,-5582,124904,1568,-18840,-2193,-3169,1145,-12174,124904,-1413,-30735,10732,-951,-371,-2987,124883,8988,30078,3988,-2460,-1980,2230,6,3
1063,124905,18365,-186,-14644,-1403,-10534,-105,124905,-13481,7846,5224,-3651,-1656,-5545,124926,1568,-18840,-2193,-3169,1151,-12174,124926,-1375,-30735,10732,-951,-367,-2934,124905,9084,30078,3988,-2460,-1710,2230,6,3
1064,124927,18365,-186,-15644,-1405,-10534,-105,124927,-13481,7797,5224,-3651,-1656,-5545,124948,568,-18840,-2574,-3169,1151,-12174,124948,-1375,-31033,10567,-1074,-367,-2934,124927,9084,29988,3988,-2460,-1710,2088,6,3
1065,124949,19365,156,-16644,-1405,-8534,-57,124949,-13400,7797,5784,-2757,-1154,-4521,124970,-432,-17840,-2760,-2262,1667,-10174,124970,-687,-31304,10469,-1074,-100,-2480,124949,9667,29921,4029,-1866,-1167,1777,6,3
1066,124971,19365,156,-16644,-1346,-8534,-57,124971,-13400,7808,5784,-2696,-1118,-4465,124992,-432,-17840,-2760,-2227,1667,-10174,124992,-687,-31304,10469,-965,-68,-2241,124971,9687,29921,4069,-1866,-1058,1777,6,3
1067,124993,19365,156,-17644,-1346,-8534,-57,124993,-13400,7808,5784,-2696,-1118,-4465,125014,-1432,-17840,-2828,-2227,1667,-10174,125014,-687,-31526,10433,-965,-68,-2241,124993,9687,29870,4069,-1866,-1058,1536,6,3
1068,125015,20365,187,-18577,-1183,-6534,-215,125015,-13320,7910,6184,-1833,-644,-3501,125036,-2432,-16840,-2828,-1205,1854,-8174,125036,-333,-31692,10406,-792,394,-1520,125015,10119,29870,4159,-1410,-539,1301,6,3
1069,125037,20365,187,-18577,-1155,-6534,-215,125037,-13320,7914,6184,-1775,-616,-3375,125058,-2432,-16840,-2661,-1127,1854,-8174,125058,-333,-31692,10406,-670,394,-1312,125037,10119,29924,4179,-1322,-539,1301,6,3
1070,125059,20365,187,-19240,-1155,-6534,-351,125059,-13320,7914,6184,-1775,-616,-3375,125080,-3432,-16840,-2661,-1127,1854,-8174,125080,-333,-31692,10320,-670,394,-1312,125059,10119,29924,4179,-1322,-539,1113,6,3
1071,125081,21365,378,-19884,-851,-4534,-541,125081,-13387,7952,6423,-959,-35,-2391,125102,-4432,-15840,-2087,285,1777,-6174,125102,-79,-31683,10248,-491,240,-466,125081,10371,29915,4320,-771,-143,917,6,3
1072,125103,21365,378,-19884,-693,-4534,-541,125103,-13387,7952,6423,-920,-7,-2298,125124,-4432,-15840,-2051,354,1777,-6174,125124,-79,-31621,10248,-491,240,-466,125103,10371,29915,4354,-567,-143,917,6,3
1073,125125,21365,378,-20367,-693,-4534,-649,125125,-13438,7938,6423,-920,-7,-2298,125146,-5432,-15840,-2051,354,1777,-6174,125146,-93,-31621,10248,-491,125,-466,125125,10371,29915,4354,-567,-143,667,6,3
1074,125147,22365,355,-20859,-264,-2534,-649,125147,-13727,7893,6527,-156,524,-1276,125168,-6432,-14840,-1484,1655,1719,-4174,125168,-155,-31567,10378,-451,108,48,125147,10510,29958,4443,408,94,451,6,3
1075,125169,22365,355,-20859,-44,-2534,-643,125169,-13727,7893,6527,-40,649,-1123,125190,-6432,-14840,-1484,1655,1719,-4174,125190,-155,-31567,10460,-451,108,48,125169,10510,30070,4443,531,94,451,6,3
1076,125191,22365,278,-21048,-44,-2534,-643,125191,-13943,7825,6527,-40,649,-1123,125212,-7432,-14840,-1484,1655,1719,-4174,125212,-224,-31671,10460,-497,108,48,125191,10510,30070,4424,531,94,285,6,3
1077,125213,23365,-207,-21066,315,-534,-685,125213,-14104,7741,6413,643,1175,23,125234,-8432,-13840,-1059,2512,1649,-2174,125234,-279,-31841,10593,-830,772,352,125213,10614,30164,4308,1542,767,125,6,3
1078,125235,23365,-207,-21066,315,-534,-685,125235,-14104,7741,6413,717,1198,148,125256,-8432,-13840,-1003,2512,1649,-2174,125256,-279,-31841,10593,-830,885,352,125235,10658,30164,4308,1641,857,125,6,3
1079,125257,23365,-593,-21066,315,-534,-716,125257,-14192,7737,6283,717,1198,148,125278,-8432,-13840,-1003,2512,1649,-2174,125278,-351,-31954,10593,-1113,885,352,125257,10658,30164,4209,1641,857,-18,6,3
1080,125279,22365,-976,-20699,254,1466,-730,125279,-14203,7737,5997,1738,1733,1499,125300,-7432,-13430,-362,3222,1682,-174,125300,-375,-31954,10636,-1610,1467,376,125279,10861,30171,4106,2705,2034,-382,6,3
1081,125301,22365,-976,-20239,254,1466,-730,125301,-14203,7741,5997,1811,1747,1605,125322,-7432,-13430,-110,3282,1778,-174,125322,-375,-31897,10636,-1610,1544,376,125301,10861,30171,4106,2885,2337,-382,6,3
1082,125323,21365,-1197,-20239,-24,1466,-741,125323,-14203,7741,5702,1811,1747,1605,125344,-7432,-13430,-110,3282,1778,-174,125344,-375,-31897,10636,-1991,1544,370,125323,10861,30171,3991,2885,2337,-686,6,3
1083,125345,20365,-1233,-19239,-623,3466,-893,125345,-14035,7923,5362,2858,2158,2889,125366,-6432,-13284,449,4071,2134,1826,125366,-375,-31854,10505,-2277,2544,368,125345,10817,30176,3883,4066,3514,-931,6,3
1084,125367,20365,-1233,-19239,-623,3466,-893,125367,-13912,8022,5362,2863,2158,2958,125388,-6432,-13284,449,4109,2359,1826,125388,-375,-31822,10505,-2277,2544,367,125367,10817,30190,3883,4196,3514,-931,6,3
1085,125389,19365,-1233,-19239,-1090,3466,-1007,125389,-13912,8022,5067,2863,2158,2958,125410,-6432,-13397,449,4109,2359,1826,125410,-375,-31804,10180,-2378,2544,367,125389,10746,30190,3648,4196,3514,-1101,6,3
1086,125411,18365,-1082,-18239,-1513,5466,-1136,125411,-13617,8432,4804,3522,2587,4067,125432,-5432,-14397,726,4480,3835,3826,125432,-375,-31804,9805,-2378,1639,367,125411,10693,30334,3062,4997,3845,-1229,6,3
1087,125433,18365,-1082,-18239,-1513,5466,-1136,125433,-13553,8531,4804,3522,2640,4112,125454,-5432,-14397,726,4480,4359,3826,125454,-357,-31791,9805,-2372,1639,607,125433,10693,30342,3062,4997,3845,-1229,6,3
1088,125455,17365,-1082,-18239,-1803,5466,-1168,125455,-13553,8531,4606,3522,2640,4112,125476,-5432,-15397,726,4480,4359,3826,125476,-357,-31781,9523,-2372,960,607,125455,10653,30342,2596,4997,3845,-1325,6,3
1089,125477,16365,-1189,-17239,-1870,7466,-1168,125477,-13034,9243,4217,3777,3142,5061,125498,-4432,-16397,1222,4418,6082,5826,125498,-311,-31781,9438,-2118,269,1414,125477,10653,30466,1917,5027,3165,-1699,6,3
1090,125499,16365,-1189,-17239,-1870,7466,-1068,125499,-12814,9531,4217,3777,3489,5266,125520,-4432,-16397,1508,4418,6082,5826,125520,-311,-30781,9438,-2118,269,1747,125499,10653,30466,1917,5027,3165,-1699,6,3
1091,125521,15365,-1269,-17239,-1870,7466,-1068,125521,-12814,9531,3703,3777,3489,5266,125542,-4432,-17397,1508,3930,6082,5826,125542,-311,-30781,9432,-2118,-249,1747,125521,10613,30466,1489,4864,2607,-2253,6,3
1092,125543,15365,-1397,-16239,-1571,9466,-789,125543,-12133,10531,2937,3475,4197,6388,125564,-3432,-18397,2299,3093,6614,7826,125564,-681,-29781,9432,-2383,-979,3147,125543,10611,30527,1086,4597,1738,-3217,6,3
1093,125565,16365,-1397,-16239,-1571,9466,-670,125565,-12127,10531,2937,3475,4197,6526,125586,-3432,-18397,2299,3093,6614,7826,125586,-681,-29781,9436,-2383,-979,3232,125565,10611,30527,1086,4597,1738,-3217,6,3
1094,125587,16365,-1409,-16239,-1571,9466,-670,125587,-12127,10531,2242,3176,4197,6526,125608,-3432,-19397,2299,2397,6196,7826,125608,-958,-29781,9436,-2766,-1526,3232,125587,10582,30527,762,4188,-186,-4103,6,3
1095,125609,17365,-1418,-15239,-1465,11466,-337,125609,-11536,11226,1705,2829,3822,7688,125630,-2432,-20397,2514,1277,5562,9826,125630,-1202,-30351,9211,-3198,-1937,4712,125609,10202,30457,359,3338,-1716,-5304,6,3
1096,125631,17365,-1418,-15239,-1465,11466,-320,125631,-11395,11226,1705,2829,3822,7796,125652,-2432,-20397,2514,1277,5562,9826,125652,-1202,-30351,9211,-3198,-1937,5022,125631,10202,30457,359,3338,-1716,-5304,6,3
1097,125653,17365,-1435,-15239,-1465,11466,-320,125653,-11395,11226,1361,2568,3182,7796,125674,-2432,-21397,2514,185,4796,9826,125674,-1385,-30719,8862,-3349,-1937,5022,125653,9917,30457,57,2444,-3182,-6396,6,3
1098,125675,18365,-1435,-14239,-1508,13466,-142,125675,-10395,11717,1129,2395,2331,8917,125696,-1432,-22397,2655,-873,4034,11826,125696,-2110,-30995,8566,-3349,-1713,6658,125675,9207,30619,-277,1396,-4131,-7590,6,3
1099,125697,18365,-1435,-14239,-1508,13466,-142,125697,-10395,11717,1129,2395,2331,8986,125718,-1432,-22397,2655,-873,4034,11826,125718,-2110,-30995,8566,-3283,-1537,6922,125697,9207,30619,-277,1396,-4131,-7590,6,3
1100,125719,18365,-1448,-14239,-1540,13466,-142,125719,-10395,11717,955,2395,1575,8986,125740,-1432,-23335,2655,-1666,3050,11826,125740,-2654,-31202,8358,-3283,-1537,6922,125719,8675,30619,-397,396,-4307,-8620,6,3
1101,125741,19365,-1458,-13239,-1540,14978,-52,125741,-9395,12257,811,2561,847,10020,125762,-432,-24039,2641,-2795,1987,13826,125762,-3654,-31371,7978,-3054,-1514,8922,125741,8166,30758,-617,-539,-4307,-10106,6,3
1102,125763,19365,-1458,-13239,-1462,14978,-52,125763,-9395,12257,811,2606,847,10028,125784,-432,-24039,2641,-2795,1987,13826,125784,-3654,-31371,7978,-3054,-1514,8922,125763,8166,30854,-617,-539,-3993,-10106,6,3
1103,125785,19365,-1458,-13239,-1462,14978,-52,125785,-9395,12257,703,2606,461,10028,125806,-432,-24091,2630,-4169,863,13826,125806,-4552,-31371,7589,-3054,-1546,8922,125785,7624,30854,-617,-1640,-3993,-11460,6,3
1104,125807,20365,-1349,-12239,-1445,15366,-67,125807,-8395,12693,615,2947,392,10912,125828,568,-24130,2242,-5199,-79,15826,125828,-5552,-31296,7297,-2875,-2114,10922,125807,6624,30978,-520,-2802,-3922,-12505,6,3
1105,125829,20365,-1293,-12239,-1445,15366,-67,125829,-8395,12694,615,3043,392,10954,125850,568,-24130,2242,-5199,-79,15826,125850,-5552,-31172,7297,-2651,-2114,10922,125829,6624,30978,-212,-2802,-3922,-12505,6,3
1106,125851,20365,-1293,-12239,-1556,15294,-67,125851,-8395,12694,512,3043,341,10954,125872,568,-24159,1729,-5419,-1464,15826,125872,-6552,-31172,6914,-2651,-2619,10922,125851,5624,30978,-212,-3732,-4124,-13167,6,3
1107,125873,21114,-1169,-11239,-1640,14580,-33,125873,-7395,13001,384,3579,300,11626,125894,1568,-24847,729,-5507,-3247,17434,125894,-7552,-30773,6651,-1823,-3273,12162,125873,4624,30971,113,-4826,-4276,-13521,6,3
1108,125895,21114,-1169,-11239,-1640,14580,27,125895,-7395,13001,384,3579,300,11626,125916,1568,-24847,729,-5507,-3247,17434,125916,-7552,-30773,6651,-1459,-3273,12162,125895,4624,30971,113,-4826,-4276,-13521,6,3
1109,125917,21114,-1169,-11239,-1640,13885,27,125917,-7395,13001,288,3579,-64,11626,125938,1568,-24847,-91,-5573,-3247,17434,125938,-8552,-30773,6651,-1459,-3273,11762,125917,3624,30842,113,-5647,-4691,-13521,6,3
1110,125939,20114,-796,-10239,-1324,12245,200,125939,-6395,13231,245,3695,-514,11960,125960,2568,-23847,-256,-5623,-2849,15434,125960,-9552,-30877,7144,-892,-3228,9762,125939,2624,29842,514,-6006,-4691,-12971,6,3
1111,125961,20114,-796,-10239,-1169,12245,213,125961,-6395,13381,245,3695,-514,11960,125982,2568,-23847,-256,-5623,-1247,15434,125982,-9552,-30877,7210,-892,-1369,9762,125961,2624,29842,1064,-6006,-4665,-11854,6,3
1112,125983,19114,-796,-10239,-1169,10368,213,125983,-6395,13381,212,3695,-514,11570,126004,2568,-23847,-256,-5623,-1247,13434,126004,-9793,-30909,7210,-892,-1369,7762,125983,1624,28842,1064,-6006,-4665,-11854,6,3
1113,126005,18114,-1051,-9239,-1356,8707,164,126005,-5395,14381,-82,3160,54,9570,126026,3138,-24847,-380,-4104,-435,11434,126026,-9974,-30933,7283,-1187,-614,5762,126005,1202,27842,1306,-4006,-3252,-9854,6,3
1114,126027,18114,-1051,-9239,-1356,8707,164,126027,-5395,14381,-82,3160,54,9570,126048,3138,-24847,-380,-4104,-435,11434,126048,-9974,-30933,7283,-1187,-614,5762,126027,1202,27842,1306,-4006,-3252,-9854,6,3
1115,126049,18114,-1051,-9239,-1496,7737,63,126049,-5395,14381,-302,2468,54,7570,126070,3137,-25847,-1380,-4104,-435,9434,126070,-10010,-30933,7180,-1408,-614,3953,126049,885,27842,1306,-4006,-3252,-9854,6,3
1116,126071,19114,-992,-8239,-1496,7009,-12,126071,-4395,14814,-467,1763,683,5570,126092,3137,-26847,-2203,-2807,-598,7434,126092,-10097,-30847,7103,-1408,-254,2641,126071,727,28713,1177,-2560,-2735,-7854,6,3
1117,126093,19114,-738,-8239,-1465,7009,-12,126093,-4395,14814,-467,1763,683,5570,126114,3137,-26847,-2203,-2807,-598,7434,126114,-10097,-30847,7103,-1301,-254,2641,126093,727,28741,1177,-2560,-2735,-7854,6,3
1118,126115,19114,-738,-8239,-1465,6463,-12,126115,-4395,14814,-591,1228,683,3694,126136,3137,-27847,-2203,-2807,-721,6186,126136,-10344,-30847,7085,-1301,-254,1774,126115,609,28741,1177,-2560,-2735,-7854,6,3
1119,126137,20114,-919,-7239,-1068,5853,20,126137,-3395,15002,-892,827,1504,2359,126158,3867,-28675,-1522,-2039,-1175,5250,126158,-10607,-30897,7085,-977,15,1124,126137,430,29545,1226,-1908,-2347,-5854,6,3
1120,126159,20114,-919,-7239,-1068,5853,20,126159,-3395,15002,-892,827,1504,2359,126180,3867,-28675,-1522,-1927,-1175,5250,126180,-10607,-30897,7173,-977,26,1124,126159,430,29545,1226,-1908,-2302,-5854,6,3
1121,126181,19114,-1273,-7239,-1068,5215,-61,126181,-3395,15002,-1118,725,1504,2344,126202,3867,-28675,-1711,-1927,-1175,4548,126202,-10877,-30920,7173,-977,26,636,126181,296,29545,1226,-1908,-2302,-5854,6,3
1122,126203,18114,-1538,-6239,-1163,4404,-360,126203,-2440,15272,-1118,649,399,2333,126224,4068,-27675,-1853,-1351,-772,3248,126224,-11079,-30952,7277,-846,110,141,126203,194,30148,1349,-1419,-1931,-4324,6,3
1123,126225,18114,-1538,-6239,-1163,4404,-360,126225,-2395,15472,-1061,649,399,2333,126246,4068,-27675,-1853,-1267,-724,3248,126246,-11079,-30952,7277,-846,110,141,126225,194,30208,1353,-1284,-1480,-4113,6,3
1124,126247,18114,-1538,-6239,-1234,3796,-585,126247,-2395,15472,-1061,596,-322,2324,126268,4068,-27925,-1853,-1267,-724,2273,126268,-11079,-30952,7277,-846,110,-230,126247,117,30208,1353,-1284,-1480,-4113,6,3
1125,126269,19114,-1341,-5239,-1234,3316,-670,126269,-1395,15835,-954,550,-545,1848,126290,4203,-28925,-1745,-1046,-245,1542,126290,-11029,-30924,7175,-857,86,-473,126269,59,30678,1444,-883,-1198,-2942,6,3
1126,126291,19114,-1341,-5239,-1232,3316,-670,126291,-1395,15835,-954,550,-545,1848,126312,4203,-28925,-1693,-1046,-245,1542,126312,-10971,-30896,7175,-857,86,-473,126291,59,30678,1444,-883,-1198,-2942,6,3
1127,126313,19114,-1341,-5239,-1232,2956,-683,126313,-1395,15835,-1014,521,-545,1296,126334,4203,-29739,-1693,-1046,-245,1049,126334,-10971,-30896,7099,-857,4,-485,126313,12,30678,1409,-883,-1198,-2942,6,3
1128,126335,20114,-1457,-4239,-1003,2603,-683,126335,-608,15877,-1059,521,-342,823,126356,4638,-30244,-1451,-724,405,679,126356,-10890,-30848,7072,-852,-164,-485,126335,-9,30972,1382,-596,-1079,-2064,6,3
1129,126357,20114,-1457,-4239,-961,2603,-674,126357,-608,15877,-1059,531,-259,823,126378,4770,-30244,-1411,-469,405,679,126378,-10890,-30848,7072,-787,-164,-472,126357,-9,30972,1382,-596,-1035,-2054,6,3
1130,126379,20114,-1592,-4239,-961,2330,-674,126379,-608,15877,-1091,531,-259,495,126400,4770,-30622,-1411,-469,405,573,126400,-10917,-30872,7066,-787,-251,-472,126379,-52,30972,1382,-596,-1035,-2054,6,3
1131,126401,21114,-1646,-3239,-770,2030,-670,126401,-94,15909,-1115,529,-12,270,126422,4977,-31084,-1200,-124,4,493,126422,-10963,-30890,7066,-642,-317,-398,126401,-85,31287,1404,-455,-881,-1388,6,3
1132,126423,21114,-1646,-3239,-770,2030,-670,126423,-94,15923,-1115,529,-12,270,126444,4977,-31084,-1182,-124,4,493,126444,-10963,-30890,7101,-585,-317,-390,126423,-85,31335,1426,-455,-870,-1388,6,3
1133,126445,21114,-1672,-3239,-770,1789,-670,126445,-94,15923,-1167,487,-12,191,126466,4977,-31432,-1182,-124,-296,433,126466,-10963,-30890,7101,-585,-322,-390,126445,-129,31335,1426,-455,-870,-1388,6,3
1134,126467,22114,-1686,-2239,-737,1609,-758,126467,221,15993,-1206,439,52,162,126488,5071,-31707,-1010,64,-296,164,126488,-10938,-30873,7155,-519,-326,-297,126467,-170,31595,1543,-301,-660,-857,6,3
1135,126489,22114,-1686,-2239,-737,1609,-758,126489,221,16010,-1206,439,52,162,126510,5071,-31707,-1010,64,-255,164,126510,-10938,-30873,7155,-519,-326,-297,126489,-170,31595,1543,-266,-656,-857,6,3
1136,126511,22114,-1686,-2239,-737,1477,-864,126511,221,16010,-1206,414,-20,140,126532,5071,-31914,-1010,64,-255,-37,126532,-10938,-30873,7155,-519,-329,-297,126511,-170,31595,1543,-266,-656,-857,6,3
1137,126533,23114,-1696,-1239,-745,1378,-943,126533,488,16075,-1202,395,-79,100,126554,5141,-32069,-849,194,150,-141,126554,-10955,-30878,7120,-469,-329,-288,126533,-139,31780,1541,-185,-403,-546,6,3
1138,126555,23114,-1696,-1239,-745,1378,-943,126555,488,16107,-1196,395,-79,100,126576,5255,-32069,-849,194,150,-141,126576,-10955,-30878,7120,-464,-221,-288,126555,-139,31780,1541,-185,-397,-546,6,3
1139,126577,23114,-1704,-1239,-767,1271,-949,126577,488,16107,-1196,381,-79,30,126598,5255,-32185,-849,194,150,-199,126598,-10968,-30886,7120,-464,-221,-288,126577,-139,31780,1539,-185,-397,-546,6,3
1140,126599,24114,-1710,-239,-818,1159,-952,126599,643,16146,-1181,367,-22,-47,126620,5439,-32222,-680,248,369,-242,126620,-10977,-30916,7180,-401,-138,-282,126599,-132,31919,1538,-147,-178,-385,6,3
1141,126621,24114,-1710,-239,-818,1159,-952,126621,643,16146,-1181,367,-22,-47,126642,5457,-32222,-680,248,369,-242,126642,-10977,-30916,7180,-393,-114,-265,126621,-132,31929,1538,-147,-178,-385,6,3
1142,126643,24114,-1710,-239,-873,1072,-952,126643,643,16146,-1181,366,-22,-47,126664,5457,-32250,-680,248,369,-275,126664,-10977,-30919,7180,-393,-114,-265,126643,-137,31929,1525,-147,-178,-385,6,3
1143,126665,25114,-1708,761,-914,1005,-918,126665,769,16175,-1180,366,-66,-34,126686,5591,-32271,-652,340,433,-359,126686,-10950,-30939,7159,-297,-20,-229,126665,-152,32038,1487,-139,-14,-264,6,3
1144,126687,25114,-1692,761,-914,1005,-891,126687,786,16190,-1180,370,-66,-31,126708,5591,-32285,-652,340,433,-359,126708,-10926,-30939,7159,-288,-20,-223,126687,-152,32038,1487,-139,4,-247,6,3
1145,126709,25114,-1692,761,-928,955,-891,126709,786,16190,-1180,370,-66,-31,126730,5591,-32285,-652,339,368,-425,126730,-10926,-30940,7143,-288,-20,-223,126709,-152,32038,1459,-139,4,-247,6,3
1146,126731,26114,-1587,1761,-938,931,-796,126731,926,16213,-1155,350,-39,-44,126752,5595,-32343,-631,309,319,-471,126752,-10906,-30941,7141,-188,50,-153,126731,-134,32102,1442,-199,100,-192,6,3
1147,126753,26114,-1587,1761,-938,931,-796,126753,926,16213,-1155,350,11,-44,126774,5595,-32343,-627,309,319,-471,126774,-10906,-30941,7141,-185,50,-143,126753,-134,32102,1442,-199,100,-192,6,3
1148,126775,26114,-1587,1761,-939,913,-796,126775,926,16213,-1155,335,11,-73,126796,5595,-32343,-627,273,319,-473,126796,-10915,-30941,7141,-185,50,-143,126775,-134,32102,1425,-249,54,-192,6,3
1149,126797,27114,-1524,2761,-945,878,-758,126797,981,16223,-1179,334,77,-95,126818,5800,-32383,-600,273,505,-473,126818,-10950,-30927,7147,-109,123,-86,126797,-162,32194,1418,-290,6,-156,6,3
1150,126819,27114,-1524,2761,-945,878,-758,126819,981,16223,-1179,334,83,-95,126840,5800,-32383,-578,288,505,-467,126840,-10950,-30927,7147,-109,129,-86,126819,-162,32194,1418,-290,6,-156,6,3
1151,126841,27114,-1524,2761,-945,836,-758,126841,981,16223,-1197,334,83,-97,126862,5800,-32413,-578,288,505,-467,126862,-10950,-30927,7147,-109,129,-86,126841,-189,32194,1413,-325,6,-156,6,3
1152,126863,28079,-1475,3761,-944,801,-725,126863,988,16230,-1207,366,122,-98,126884,5892,-32435,-577,377,576,-496,126884,-10952,-30931,7152,-52,194,-44,126863,-247,32239,1413,-354,13,-103,6,3
1153,126885,28079,-1475,3761,-933,801,-719,126885,988,16230,-1207,376,122,-98,126906,5892,-32435,-577,377,576,-496,126906,-10952,-30931,7166,-35,194,-26,126885,-247,32239,1423,-354,17,-103,6,3
1154,126907,28079,-1475,3761,-933,775,-719,126907,988,16230,-1215,376,122,-99,126928,5892,-32435,-577,377,576,-518,126928,-10953,-30934,7166,-35,194,-26,126907,-269,32239,1423,-383,17,-103,6,3
1155,126929,28731,-1440,4761,-874,755,-656,126929,1057,16245,-1225,406,147,-112,126950,5961,-32418,-506,415,593,-532,126950,-10958,-30936,7180,24,165,50,126929,-303,32273,1437,-405,153,-65,6,3
1156,126951,28731,-1440,4761,-858,755,-625,126951,1057,16245,-1225,406,147,-112,126972,6047,-32416,-506,415,593,-532,126972,-10958,-30936,7184,25,165,50,126951,-303,32275,1451,-405,162,-65,6,3
1157,126973,28731,-1440,4761,-858,755,-625,126973,1057,16245,-1232,406,147,-140,126994,6047,-32416,-506,415,530,-532,126994,-10984,-30938,7184,25,131,50,126973,-311,32275,1451,-405,162,-65,6,3
1158,126995,29222,-1490,5761,-837,767,-554,126995,1033,16253,-1251,394,230,-178,127016,6131,-32395,-457,472,388,-494,127016,-11021,-30938,7210,107,117,101,126995,-317,32308,1473,-398,355,-33,6,3
1159,127017,29222,-1490,5761,-837,767,-554,127017,1033,16253,-1251,394,230,-178,127038,6131,-32395,-457,475,388,-484,127038,-11021,-30909,7242,107,109,101,127017,-317,32312,1512,-394,384,-32,6,3
1160,127039,29222,-1531,5761,-837,767,-554,127039,989,16253,-1269,385,230,-206,127060,6131,-32395,-457,475,376,-484,127060,-11065,-30909,7242,107,107,101,127039,-317,32312,1512,-394,384,-32,6,3
1161,127061,29600,-1566,6761,-880,727,-509,127061,956,16268,-1283,381,267,-210,127082,6088,-32396,-426,497,371,-464,127082,-11098,-30887,7281,130,107,85,127061,-307,32342,1574,-390,562,2,6,3
1162,127083,29610,-1566,6761,-880,727,-509,127083,956,16268,-1283,381,267,-210,127104,6088,-32396,-426,497,371,-464,127104,-11098,-30883,7281,130,114,85,127083,-307,32342,1574,-390,562,2,6,3
1163,127105,29610,-1584,6761,-924,694,-511,127105,933,16268,-1290,378,267,-210,127126,6086,-32396,-426,467,371,-464,127126,-11099,-30883,7281,121,114,53,127105,-307,32342,1574,-390,562,2,6,3
1164,127127,29879,-1598,7761,-987,655,-512,127127,915,16276,-1291,376,277,-201,128028,6086,-32364,-425,445,583,-498,128028,-11099,-30864,7302,95,172,13,127127,-330,32334,1620,-389,610,12,7,3
1165,128029,29879,-1598,7761,-987,655,-512,128029,915,16276,-1291,376,277,-201,128050,6194,-32364,-425,445,606,-498,128050,-11096,-30864,7310,95,172,13,128029,-330,32334,1620,-389,610,12,7,3
1166,128051,29879,-1598,7761,-1034,606,-517,128051,907,16276,-1291,371,277,-201,128072,6194,-32364,-425,445,606,-498,128072,-11096,-30864,7310,68,172,-14,128051,-359,32334,1620,-389,610,12,7,3
1167,128073,30081,-1590,8761,-1050,535,-593,128073,907,16280,-1282,365,238,-192,128094,6267,-32356,-372,462,714,-417,128094,-11075,-30856,7346,12,205,-31,128073,-389,32336,1669,-375,583,31,7,3
1168,128095,30083,-1590,8761,-1050,535,-593,128095,908,16280,-1272,365,238,-153,128116,6267,-32356,-348,462,714,-404,128116,-11075,-30856,7350,12,205,-31,128095,-389,32336,1679,-347,583,83,7,3
1169,128117,30083,-1590,8761,-1050,481,-650,128117,908,16280,-1272,359,209,-153,128138,6267,-32357,-348,462,714,-404,128138,-11075,-30856,7350,-15,205,-43,128117,-407,32336,1679,-347,563,83,7,3
1170,128139,30236,-1602,9761,-1041,429,-664,128139,927,16283,-1257,355,207,-115,128160,6286,-32357,-303,447,757,-322,128160,-11060,-30850,7368,-34,219,-56,128139,-421,32338,1707,-267,548,134,7,3
1171,128161,30242,-1602,9761,-1027,429,-664,128161,927,16286,-1257,355,207,-115,128182,6286,-32351,-303,447,757,-322,128182,-11060,-30850,7368,-34,248,-56,128161,-421,32338,1723,-265,541,134,7,3
1172,128183,30242,-1611,9761,-1027,365,-664,128183,927,16286,-1257,353,207,-115,128204,6286,-32347,-303,439,757,-322,128204,-11060,-30850,7368,-43,248,-71,128183,-427,32337,1723,-265,541,134,7,3
1173,128205,30387,-1611,10656,-988,299,-651,128205,933,16296,-1255,352,243,-93,128226,6312,-32347,-269,425,789,-275,128226,-11040,-30849,7388,-48,312,-92,128205,-432,32336,1720,-163,533,165,7,3
1174,128227,30387,-1606,10666,-976,299,-650,128227,933,16296,-1255,352,263,-93,128248,6322,-32344,-269,425,789,-275,128248,-11040,-30849,7398,-48,322,-92,128227,-432,32336,1720,-163,533,165,7,3
1175,128249,30387,-1606,10666,-976,258,-650,128249,933,16296,-1255,351,263,-93,128270,6322,-32341,-269,425,789,-275,128270,-11040,-30849,7398,-48,322,-108,128249,-470,32336,1720,-163,533,165,7,3
1176,128271,30488,-1542,11359,-916,229,-633,128271,937,16291,-1257,344,349,-80,128292,6369,-32341,-265,459,846,-248,128292,-11037,-30856,7416,-52,378,-120,128271,-498,32348,1730,-90,540,195,7,3
1177,128293,30488,-1542,11359,-878,229,-625,128293,937,16291,-1257,344,349,-80,128314,6389,-32321,-265,459,846,-235,128314,-11037,-30856,7420,-52,378,-120,128293,-498,32348,1730,-90,561,209,7,3
1178,128315,30488,-1542,11359,-878,229,-625,128315,937,16282,-1266,336,349,-80,128336,6389,-32321,-265,459,725,-235,128336,-11037,-30862,7420,-55,378,-120,128315,-505,32348,1730,-90,561,209,7,3
1179,128337,30564,-1502,11879,-777,238,-617,128337,953,16275,-1275,330,356,-70,128358,6324,-32318,-270,484,618,-183,128358,-11017,-30866,7427,-81,331,-71,128337,-510,32355,1739,-74,582,259,7,3
1180,128359,30564,-1502,11879,-774,238,-617,128359,964,16275,-1275,330,356,-70,128380,6324,-32318,-270,497,618,-183,128380,-11017,-30867,7427,-81,331,-54,128359,-510,32355,1739,-74,582,263,7,3
1181,128381,30564,-1502,11879,-774,238,-626,128381,964,16275,-1275,324,356,-70,128402,6243,-32352,-274,497,547,-183,128402,-11020,-30867,7427,-100,295,-54,128381,-510,32354,1739,-81,574,263,7,3
1182,128403,30605,-1492,12269,-719,258,-654,128403,968,16278,-1272,315,361,-76,128424,6148,-32358,-287,510,520,-169,128424,-11048,-30870,7408,-114,280,-17,128403,-508,32341,1746,-114,540,295,7,3
1183,128425,30605,-1492,12269,-719,258,-654,128425,968,16278,-1269,315,383,-76,128446,6148,-32358,-287,510,520,-169,128446,-11048,-30870,7408,-114,280,-17,128425,-466,32341,1750,-114,540,295,7,3
1184,128447,30605,-1493,12269,-719,258,-684,128447,947,16278,-1269,308,383,-85,128468,6101,-32360,-297,509,520,-169,128468,-11053,-30870,7394,-116,277,-17,128447,-466,32321,1750,-178,494,295,7,3
1185,128469,30636,-1533,12537,-757,329,-729,128469,913,16280,-1263,306,388,-91,128490,6090,-32361,-297,508,628,-190,128490,-11057,-30856,7375,-116,277,5,128469,-425,32306,1760,-238,438,261,7,3
1186,128491,30648,-1533,12537,-757,342,-729,128491,913,16280,-1263,306,388,-91,128512,6090,-32361,-290,508,651,-190,128512,-11057,-30856,7375,-113,287,5,128491,-425,32306,1760,-238,438,261,7,3
1187,128513,30648,-1551,12537,-843,342,-768,128513,898,16280,-1263,306,387,-91,128534,6090,-32361,-290,508,651,-248,128534,-11057,-30856,7359,-113,287,0,128513,-426,32295,1760,-283,401,232,7,3
1188,128535,30680,-1551,12718,-929,406,-792,128535,889,16280,-1246,310,316,-86,128556,6179,-32356,-243,516,770,-319,128556,-11054,-30834,7343,-103,427,-30,128535,-459,32277,1768,-283,401,211,7,3
1189,128557,30680,-1527,12718,-929,406,-792,128557,889,16280,-1243,317,316,-85,128578,6181,-32320,-243,523,770,-319,128578,-11030,-30834,7343,-63,585,-30,128557,-459,32277,1768,-275,625,211,7,3
1190,128579,30680,-1527,12718,-983,406,-792,128579,889,16279,-1243,317,242,-85,128600,6181,-32320,-243,523,770,-425,128600,-11030,-30839,7343,-63,585,-93,128579,-484,32255,1768,-275,625,207,7,3
1191,128601,30644,-1509,12862,-1010,450,-777,128601,894,16271,-1226,326,135,-95,128622,6318,-32284,-220,599,611,-505,128622,-11018,-30851,7351,55,1388,-140,128601,-493,32255,1806,-225,1005,204,7,3
1192,128623,30644,-1509,12904,-1010,450,-774,128623,901,16271,-1226,327,135,-95,128644,6318,-32284,-220,645,611,-505,128644,-11018,-30851,7351,55,1445,-140,128623,-493,32265,1806,-214,1294,204,7,3
1193,128645,30617,-1529,12904,-1010,450,-774,128645,901,16265,-1226,327,47,-123,128666,6318,-32284,-220,645,128,-604,128666,-11081,-30851,7351,55,1445,-176,128645,-493,32265,1806,-214,1294,202,7,3
1194,128667,30617,-1544,13148,-976,436,-729,128667,902,16265,-1225,334,-18,-174,128688,6350,-32180,-325,819,-604,-690,128688,-11160,-30834,7349,97,2487,-258,128667,-457,32298,1874,-138,1993,33,7,3
1195,128689,30647,-1544,13228,-976,436,-707,128689,902,16270,-1225,348,-18,-174,128710,6350,-32180,-325,926,-604,-690,128710,-11160,-30834,7349,97,2487,-258,128689,-457,32306,1874,-138,2089,33,7,3
1196,128711,30647,-1544,13228,-976,327,-707,128711,876,16270,-1225,348,-49,-213,128732,6350,-32180,-333,926,-736,-810,128732,-11191,-30834,7311,28,2487,-336,128711,-586,32306,1874,-138,2089,-93,7,3
1197,128733,30815,-1484,13483,-1028,-19,-681,128733,843,16286,-1224,380,-60,-251,128754,6416,-32102,-333,1168,-736,-951,128754,-11243,-30819,7245,-76,2904,-438,128733,-719,32351,1827,17,2792,-93,7,3
1198,128755,30857,-1446,13483,-1028,-19,-681,128755,843,16298,-1224,390,-60,-251,128776,6416,-32102,-295,1168,-413,-951,128776,-11243,-30819,7245,-76,2904,-438,128755,-719,32351,1827,46,3121,-37,7,3
1199,128777,30857,-1446,13483,-1143,-490,-724,128777,831,16298,-1224,390,-60,-313,128798,6342,-32120,-295,1168,-413,-1059,128798,-11282,-30819,7191,-193,2904,-515,128777,-819,32351,1764,46,3121,-37,7,3
1200,128799,31067,-1376,13560,-1342,-1141,-942,128799,831,16283,-1201,395,119,-399,128820,6270,-32133,-351,1254,141,-1141,128820,-11381,-30796,7093,-504,2888,-773,128799,-819,32385,1745,347,3624,95,7,3
1201,128821,31067,-1368,13560,-1342,-1141,-942,128821,834,16283,-1198,395,119,-399,128842,6270,-32133,-351,1254,387,-1141,128842,-11381,-30796,7093,-504,2888,-773,128821,-808,32385,1745,347,3624,185,7,3
1202,128843,31067,-1368,13412,-1491,-1828,-1167,128843,834,16272,-1198,394,119,-477,128864,6216,-32133,-393,1254,387,-1382,128864,-11495,-30809,6957,-738,2516,-1063,128843,-808,32385,1745,347,3624,185,7,3
1203,128865,30067,-1286,12999,-1553,-2895,-1354,128865,796,16272,-1179,373,173,-602,128886,6176,-32121,-502,1349,1324,-2062,128886,-11519,-30830,6855,-908,1786,-1676,128865,-770,32384,1828,585,3029,562,7,3
1204,128887,30067,-1220,12999,-1553,-2895,-1354,128887,796,16295,-1179,373,173,-602,128908,6176,-32121,-502,1393,1451,-2062,128908,-11519,-30830,6855,-908,1786,-1676,128887,-618,32384,1902,585,3029,587,7,3
1205,128909,29067,-1220,12497,-1553,-3962,-1470,128909,676,16295,-1179,332,173,-736,128930,6176,-32121,-584,1393,1451,-2783,128930,-11589,-30846,6731,-954,975,-2336,128909,-618,32384,1902,585,1029,587,7,3
1206,128931,28067,-1127,11768,-1553,-5398,-1547,128931,586,16335,-1161,225,165,-977,128952,6188,-32112,-756,1653,2346,-4171,128952,-11641,-30926,6516,-954,-116,-3347,128931,-641,31384,1965,851,-926,1235,7,3
1207,128953,28067,-1127,11768,-1553,-5398,-1547,128953,586,16336,-1161,225,165,-977,128974,6228,-32094,-756,1777,2966,-4171,128974,-11641,-30926,6516,-896,-116,-3347,128953,-641,31384,1931,882,-926,1551,7,3
1208,128975,27067,-1127,10972,-1553,-6965,-1605,128975,586,16336,-1161,123,60,-1253,128996,6228,-32094,-1065,1777,2966,-5765,128996,-11680,-31058,6355,-896,-934,-4627,128975,-930,30384,1931,882,-2196,1551,7,3
1209,128997,26067,-1057,9972,-1837,-8965,-1717,128997,720,16375,-879,-81,-165,-2068,129018,6927,-31160,-1296,2105,3396,-7765,129018,-11699,-31185,6184,-467,-1055,-6627,128997,-1243,29384,1588,1278,-3036,3296,7,3
1210,129019,26067,-937,9972,-1837,-8965,-1717,129019,720,16375,-709,-81,-165,-2068,129040,7179,-31094,-1296,2517,3396,-7765,129040,-11699,-31185,6184,-263,-1055,-6627,129019,-1243,29384,1588,1569,-3036,3551,7,3
1211,129041,25444,-937,8972,-2050,-10965,-1906,129041,720,16375,-709,-336,-373,-3037,129062,7179,-31094,-1380,2517,3396,-9765,129062,-11699,-31280,6086,-263,-1146,-8528,129041,-1243,28384,1329,1569,-3036,3551,7,3
1212,129063,24977,-704,7972,-2102,-12965,-2124,129063,561,16225,-245,-888,-558,-4506,129084,8179,-30252,-1380,4023,1396,-11765,129084,-10699,-31542,5946,385,-1512,-9776,129063,-728,28384,698,2274,-2140,5551,7,3
1213,129085,24977,-626,7972,-2102,-12965,-2124,129085,561,16225,-245,-888,-558,-4506,129106,8179,-30252,-1007,4023,1396,-11765,129106,-10699,-31542,5946,492,-1512,-9776,129085,-388,29046,698,2274,-2064,5551,7,3
1214,129107,24174,-626,6972,-2102,-14965,-2355,129107,441,16083,-245,-1431,-558,-5992,129128,8179,-30252,-1007,4023,-380,-13765,129128,-10699,-31542,5885,492,-1787,-10402,129107,-388,29046,171,2274,-2064,5551,7,3
1215,129129,23174,-377,5972,-1888,-16965,-2777,129129,261,15977,-36,-1900,-546,-7650,129150,8660,-29790,-791,2776,-2196,-15765,129150,-9699,-31738,5861,1545,-2001,-10827,129129,612,29368,-169,2215,-346,7551,7,3
1216,129151,23174,-377,5972,-1853,-16965,-2777,129151,261,15977,-36,-1900,-296,-7650,129172,8660,-29790,-727,2776,-2196,-15765,129172,-9699,-31738,5861,1852,-2001,-10827,129151,612,29368,-169,2215,-335,7551,7,3
1217,129173,22220,-377,5073,-1853,-16965,-3093,129173,122,15897,-36,-2294,-296,-8913,129194,8660,-29790,-727,1296,-2196,-17765,129194,-9699,-31738,5861,1852,-2154,-10827,129173,612,29368,-410,2010,-335,7551,7,3
1218,129195,21379,-674,4073,-1437,-14965,-3348,129195,-385,15762,-44,-2762,392,-9925,129216,9025,-29076,-249,-140,-1982,-19765,129216,-8699,-31537,6445,2792,-2268,-10804,129195,1612,29170,-591,1225,439,9148,7,3
1219,129217,21379,-674,4073,-1437,-14965,-3348,129217,-385,15762,-44,-2762,392,-9925,129238,9217,-28790,78,-140,-1718,-19765,129238,-8699,-31537,6517,2792,-2268,-10798,129217,1612,29170,-591,1225,439,9148,7,3
1220,129239,21316,-897,3073,-1437,-16965,-3421,129239,-1385,15441,-360,-3314,392,-10686,129260,9217,-28790,78,-702,-1718,-21765,129260,-8699,-31537,6517,2792,-2268,-10798,129239,1612,29017,-727,442,439,9148,7,3
1221,129261,21316,-1024,2073,-1125,-18965,-3421,129261,-2385,14441,-597,-3988,538,-11401,129282,10217,-27790,682,-1124,-1895,-23077,129282,-7699,-31256,6993,2663,-1409,-10648,129261,2612,28773,-815,-145,1009,9853,7,3
1222,129283,22095,-1024,2073,-1099,-18965,-3176,129283,-2385,14441,-597,-3988,538,-11401,129304,10217,-27790,682,-1124,-1895,-23077,129304,-7699,-31256,7047,2663,-1273,-10432,129283,2612,28773,-815,-145,1009,9853,7,3
1223,129305,22095,-1024,1073,-1099,-20412,-3176,129305,-3385,13677,-606,-4181,435,-11819,129326,10217,-27790,682,-1124,-3225,-23398,129326,-7699,-31256,7047,2448,-1273,-10432,129305,2612,28697,-815,-342,1009,9853,7,3
1224,129327,23095,-931,73,-668,-20779,-2752,129327,-4385,13351,-606,-4181,-445,-12029,129348,11217,-26790,495,-1648,-4222,-23639,129348,-6699,-30256,7833,2119,-488,-9766,129327,3612,28640,-439,-490,1515,9208,7,3
1225,129349,23095,-931,73,-657,-20779,-2666,129349,-4385,13351,-542,-4124,-445,-12029,129370,11217,-26790,495,-1648,-4222,-23639,129370,-6699,-30256,7933,2119,-488,-9380,129349,3612,28590,-419,-490,1515,9208,7,3
1226,129371,22095,-931,-927,-657,-20779,-2666,129371,-5319,13351,-542,-4124,-1373,-12039,129392,11217,-26790,355,-2244,-4523,-23820,129392,-6699,-30256,7933,1872,-488,-9380,129371,3612,27728,-419,-601,1515,8641,7,3
1227,129393,21095,-884,-1927,-90,-20082,-1687,129393,-6122,13397,-72,-4085,-2124,-12046,129414,12217,-25790,140,-4004,-4523,-24379,129414,-5699,-29880,8417,1872,278,-8477,129393,4612,27082,-172,-1387,971,8055,7,3
1228,129415,21095,-884,-1927,298,-19609,-1403,129415,-6122,13397,122,-4085,-2124,-12046,129436,12217,-25790,140,-4004,-4419,-24379,129436,-5699,-29880,8417,2086,303,-8215,129415,4612,27082,-172,-1387,971,8055,7,3
1229,129437,21095,-884,-2927,298,-19609,-1403,129437,-6829,13303,122,-4085,-2614,-12052,129458,12217,-25790,47,-4795,-4419,-24753,129458,-5699,-29880,8417,2086,303,-8215,129437,4612,27082,-172,-2191,874,7369,7,3
1230,129459,22095,-848,-3927,764,-17609,-406,129459,-7734,12413,1079,-4757,-2731,-12233,129480,11217,-24790,-70,-5388,-2419,-24753,129480,-4699,-29732,8596,2462,1049,-6781,129459,5612,27327,-303,-2998,469,6147,7,3
1231,129481,22095,-848,-3927,764,-17609,-406,129481,-7734,12413,1079,-4757,-2731,-12233,129502,11217,-24790,-70,-5388,-2419,-24607,129502,-4699,-29621,8780,2540,1102,-6781,129481,5612,27327,-303,-2998,469,6147,7,3
1232,129503,22095,-848,-4927,764,-17609,-406,129503,-8681,11955,1079,-5015,-2731,-12233,129524,10217,-24790,-158,-5755,-2419,-24607,129524,-4699,-29598,8780,2540,1102,-6781,129503,5612,27327,-303,-3604,469,5230,7,3
1233,129525,21095,-1087,-5927,575,-15609,-25,129525,-9681,11612,1797,-5209,-1960,-12109,129546,9217,-23790,-358,-6367,-1350,-23339,129546,-3854,-29415,9415,2681,1029,-5553,129525,6612,27855,-85,-3789,497,4202,7,3
1234,129547,21095,-1097,-5927,575,-15609,-25,129547,-9681,11612,1797,-5209,-1960,-11875,129568,9217,-23790,-358,-6367,-1350,-23177,129568,-3854,-28598,9415,2681,1029,-5553,129547,6612,27855,374,-3789,497,4202,7,3
1235,129569,20095,-1197,-6927,458,-15609,-25,129569,-10681,11355,1797,-5354,-1960,-11875,129590,8217,-23790,-516,-6826,-1350,-23177,129590,-3854,-28598,9415,2681,1029,-5553,129569,6612,27855,374,-3873,497,3431,7,3
1236,129591,20095,-1305,-7927,370,-14007,108,129591,-11681,10850,2597,-5463,-1821,-11358,129612,7217,-22790,-695,-6826,-602,-21177,129612,-2888,-28648,9891,2580,975,-4555,129591,7612,28251,1014,-3936,1058,2654,7,3
1237,129613,21095,-1305,-7927,370,-14007,108,129613,-11681,10850,2795,-5463,-1821,-11163,129634,7217,-22790,-695,-6651,-602,-21177,129634,-2888,-28648,9972,2580,975,-4411,129613,7612,28251,1014,-3936,1058,2654,7,3
1238,129635,21095,-1386,-8927,63,-14007,108,129635,-12681,10430,2795,-5463,-1821,-11163,129656,6217,-22790,-829,-6315,-867,-21177,129656,-2888,-28648,10033,2505,934,-4411,129635,7612,28251,1014,-3936,920,1932,7,3
1239,129657,22095,-1447,-9927,-478,-12806,22,129657,-13439,9914,3609,-5314,-1717,-10026,129678,6217,-21790,-1177,-6178,-867,-19177,129678,-2163,-29328,10033,2087,-62,-3637,129657,8612,28936,1534,-3905,223,1384,7,3
1240,129679,22095,-1447,-9927,-478,-12445,22,129679,-13439,9914,3629,-5285,-1706,-9801,129700,6217,-21790,-1177,-5687,-240,-19177,129700,-2005,-29328,10310,2087,-62,-3580,129679,8612,28936,1654,-3783,223,1384,7,3
1241,129701,22095,-1447,-10927,-884,-12445,-57,129701,-13910,9427,3629,-5285,-1706,-9801,129722,5217,-21790,-1320,-5687,-240,-19177,129722,-2005,-29838,10310,1651,-1018,-3580,129701,8612,28936,1654,-3783,-301,962,7,3
1242,129723,23095,-1283,-11927,-1188,-11063,-231,129723,-14117,9030,4458,-4545,-1692,-8109,129744,5217,-20790,-1588,-4451,-153,-17177,129744,-1343,-30410,10518,1211,-1526,-2855,129723,9279,29366,2138,-3316,-836,656,7,3
1243,129745,23095,-1283,-11927,-1188,-10936,-231,129745,-14117,9030,4458,-4479,-1692,-7954,129766,6217,-20790,-1588,-4232,-153,-17177,129766,-1261,-30410,10650,1211,-1526,-2855,129745,9279,29366,2138,-3056,-836,656,7,3
1244,129767,23095,-1283,-12927,-1326,-10936,-307,129767,-14264,8696,4458,-4479,-1692,-7954,129788,6217,-20790,-1841,-4232,-153,-17177,129788,-1261,-30649,10650,878,-1526,-2855,129767,9279,29366,2138,-3056,-1129,484,7,3
1245,129789,24095,-1160,-13927,-1429,-9265,-400,129789,-14317,8437,5013,-3616,-1609,-6162,129810,7217,-19790,-2216,-2897,98,-15177,129810,-671,-30938,10853,209,-1387,-2311,129789,9779,29630,2395,-2414,-1349,381,7,3
1246,129811,24095,-1160,-13927,-1429,-9007,-400,129811,-14317,8437,5013,-3490,-1581,-6016,129832,7217,-19790,-2216,-2897,98,-15177,129832,-671,-30938,10853,209,-1335,-2311,129811,9779,29630,2395,-2316,-1384,381,7,3
1247,129833,24095,-1160,-14927,-1489,-9007,-444,129833,-14317,8186,5013,-3490,-1581,-6016,129854,7217,-19790,-2498,-2897,98,-15177,129854,-671,-31165,10853,-319,-1335,-2311,129833,9779,29630,2395,-2316,-1486,311,7,3
1248,129855,24507,-1013,-15927,-1534,-7007,-467,129855,-14109,7998,5374,-2535,-1442,-4409,129876,8217,-18790,-2697,-1868,340,-13177,129876,-193,-31335,10847,-733,-681,-1866,129855,10190,29702,2582,-1807,-1486,257,7,3
1249,129877,24507,-953,-15927,-1534,-7007,-467,129877,-14090,7998,5374,-2371,-1300,-4343,129898,8217,-18790,-2697,-1839,682,-13177,129898,-193,-31335,10847,-733,-664,-1858,129877,10190,29702,2582,-1807,-1366,257,7,3
1250,129899,24507,-953,-16927,-1534,-7007,-467,129899,-14090,7945,5374,-2371,-1300,-4343,129920,8217,-18790,-2697,-1839,682,-13177,129920,-193,-31387,10847,-1026,-664,-1858,129899,10190,29702,2576,-1807,-1366,211,7,3
1251,129921,24860,-770,-17927,-1530,-5149,-445,129921,-13915,7909,5614,-1257,-815,-2969,129942,7217,-17790,-2656,-978,1261,-11177,129942,185,-31426,10591,-1226,21,-1460,129921,10498,29756,2572,-1425,-1202,143,7,3
1252,129943,25432,-686,-17927,-1530,-5106,-440,129943,-13915,7909,5614,-1217,-752,-2938,129964,7217,-17790,-2490,-650,1477,-11177,129964,213,-31426,10591,-1226,110,-1417,129943,10512,29794,2572,-1378,-1183,143,7,3
1253,129965,25432,-686,-18927,-1530,-5106,-440,129965,-13915,7909,5614,-1217,-752,-2938,129986,6217,-17790,-2490,-650,1477,-11177,129986,213,-31455,10477,-1376,110,-1417,129965,10512,29794,2569,-1378,-1183,78,7,3
1254,129987,26282,-408,-19927,-1460,-3106,-409,129987,-13832,7934,5766,-221,-226,-1746,130008,5217,-16790,-2283,427,2058,-9177,130008,642,-31503,10391,-1479,691,-857,129987,10754,29863,2569,-866,-910,-27,7,3
1255,130009,26294,-408,-19927,-1252,-3106,-409,130009,-13832,8042,5766,-160,-172,-1688,130030,5217,-16790,-2263,540,2058,-9177,130030,690,-31503,10391,-1479,755,-761,130009,10754,29863,2576,-793,-814,-27,7,3
1256,130031,26294,-408,-20927,-1252,-3106,-547,130031,-13832,8042,5766,-160,-172,-1688,130052,4217,-16790,-2263,540,2058,-9177,130052,690,-31503,10327,-1612,755,-761,130031,10754,29863,2576,-793,-814,-149,7,3
1257,130053,27294,-451,-21927,-986,-1106,-691,130053,-13859,8228,5750,846,414,-519,130074,3217,-15790,-1603,1991,2318,-7177,130074,999,-31437,10157,-1731,1532,113,130053,10981,29963,2630,47,-363,-582,7,3
1258,130075,27294,-451,-21927,-986,-1106,-691,130075,-13859,8289,5750,985,498,-371,130096,3217,-15790,-1603,2337,2318,-7177,130096,999,-31437,10157,-1731,1532,125,130075,11051,29969,2646,299,34,-582,7,3
1259,130097,27294,-500,-22143,-986,-1106,-871,130097,-13880,8289,5721,985,498,-371,130118,2217,-15790,-1603,2337,2318,-7177,130118,905,-31437,10119,-2014,1532,125,130097,11051,29969,2646,299,34,-1111,7,3
1260,130119,28284,-710,-22143,-896,894,-1006,130119,-13896,8521,5570,2114,1078,961,130140,2217,-15370,-1194,3819,2513,-5177,130140,779,-31625,10091,-2362,1789,885,130119,11120,30006,2490,1629,942,-1596,7,3
1261,130141,28294,-710,-22045,-896,894,-1006,130141,-13896,8570,5570,2317,1098,1155,130162,3217,-15370,-1152,3819,2513,-5177,130162,779,-31625,10091,-2362,1789,885,130141,11120,30006,2490,1701,944,-1596,7,3
1262,130163,28294,-956,-22045,-896,894,-1072,130163,-13896,8570,5351,2317,1098,1155,130184,3217,-15370,-1152,3819,2513,-5177,130184,740,-31712,9948,-2456,1789,885,130163,11116,30006,2283,1701,944,-1999,7,3
1263,130185,29046,-1194,-21523,-1059,2894,-1121,130185,-13625,8938,5100,3528,1599,2689,130206,4217,-15717,-764,4829,2874,-3177,130206,711,-31748,9753,-2456,2163,1666,130185,11083,30030,2068,2740,2269,-2603,7,3
1264,130207,29046,-1194,-21169,-1059,2894,-1121,130207,-13561,9014,5100,3528,1599,2763,130228,4217,-15717,-660,4829,3122,-3177,130228,711,-31748,9753,-2282,2163,1853,130207,11083,30030,2068,2740,2636,-2603,7,3
1265,130229,29046,-1373,-21169,-1235,2894,-1289,130229,-13561,9014,4858,3528,1599,2763,130250,4217,-16321,-660,4829,3122,-3177,130250,533,-31748,9578,-2282,2163,1853,130229,11058,30030,1733,2740,2636,-3076,7,3
1266,130251,29484,-1509,-20169,-1760,4894,-1603,130251,-13083,9531,4575,4121,2113,4093,130272,5217,-17321,-31,4918,4523,-1177,130272,140,-30748,9167,-1987,2098,2873,130251,10913,30068,1377,3272,3569,-3781,7,3
1267,130273,29484,-1509,-20169,-1760,4894,-1603,130273,-12984,9621,4575,4121,2139,4124,130294,5217,-17321,17,4918,5068,-1177,130294,140,-30748,9167,-1780,2098,2992,130273,10913,30170,1377,3272,3569,-3781,7,3
1268,130295,28484,-1611,-20169,-2302,4894,-1761,130295,-12984,9621,4354,4121,2139,4124,130316,5217,-18290,17,4823,5068,-1177,130316,-192,-30748,9139,-1780,1709,2992,130295,10792,30170,1110,3272,3569,-4521,7,3
1269,130317,27484,-1690,-19169,-2709,6894,-1846,130317,-12493,10288,4120,4176,2822,5192,130338,6217,-19149,846,3903,6304,823,130338,-573,-31071,9139,-1377,938,4093,130317,10458,30449,962,3060,3701,-5189,7,3
1270,130339,27484,-1690,-19169,-2709,6894,-1846,130339,-12401,10440,4120,4176,2902,5276,130360,6217,-19149,1008,3903,6304,823,130360,-573,-31071,9184,-1377,938,4362,130339,10458,30509,962,3060,3701,-5189,7,3
1271,130361,27484,-1690,-19169,-2713,6894,-1846,130361,-12401,10440,3748,4064,2902,5276,130382,6217,-19843,1008,3196,6304,823,130382,-859,-31313,9184,-1377,-161,4362,130361,10205,30509,851,2823,2854,-5733,7,3
1272,130383,28343,-1625,-18169,-2713,8894,-1512,130383,-11721,11130,2989,3704,3738,6390,130404,7217,-20843,1886,2551,6959,2823,130404,-1308,-31494,9318,-1545,-1087,5887,130383,9611,30763,672,2416,2054,-6653,7,3
1273,130405,28343,-1587,-18169,-2621,8894,-1257,130405,-11646,11130,2989,3704,3738,6543,130426,7217,-20843,1886,2551,6959,2823,130426,-1308,-31494,9328,-1545,-1087,6176,130405,9611,30763,672,2416,2054,-6653,7,3
1274,130427,28343,-1587,-18169,-2621,8894,-1257,130427,-11646,11130,2302,3404,3738,6543,130448,7217,-21843,1886,1743,6959,2823,130448,-1770,-31610,9328,-1740,-1104,6176,130427,9166,30763,464,1977,1268,-7590,7,3
1275,130449,27709,-1284,-17169,-2368,10894,-742,130449,-10877,11648,1529,3083,3837,7863,130470,8217,-22612,2280,528,6124,4823,130470,-2563,-31715,9422,-1987,-1104,7835,130449,8530,30916,308,1290,615,-8599,7,3
1276,130471,27709,-1284,-17169,-2329,10894,-702,130471,-10771,11648,1529,3083,3837,8000,130492,8217,-22612,2280,528,6124,4823,130492,-2563,-31715,9422,-1987,-1081,8011,130471,8530,30916,308,1290,615,-8599,7,3
1277,130493,26962,-1284,-17169,-2329,10894,-702,130493,-10771,11648,933,2826,3491,8000,130514,8217,-23131,2280,-611,5345,4823,130514,-3416,-31746,9332,-2172,-1081,8011,130493,7987,30916,109,433,126,-9587,7,3
1278,130515,25962,-1099,-16169,-2029,12894,-289,130515,-9771,12055,502,2634,2713,9216,130536,9217,-23131,2576,-2476,4370,6823,130536,-4209,-31746,8977,-2399,-873,9865,130515,7424,31057,-26,-638,-662,-10553,7,3
1279,130537,25962,-1099,-16169,-2029,12894,-289,130537,-9771,12056,502,2634,2713,9242,130558,9217,-22860,2576,-2476,4370,6823,130558,-4209,-31673,8977,-2399,-873,9967,130537,7424,31057,-26,-638,-662,-10553,7,3
1280,130559,24962,-1099,-16169,-2029,12894,-289,130559,-9771,12056,306,2634,1895,9242,130580,9217,-22860,2576,-3815,3639,6823,130580,-5050,-31673,8848,-2592,-873,9967,130559,6504,31057,-26,-1636,-2189,-11208,7,3
1281,130581,23999,-980,-15169,-1802,14894,-19,130581,-8771,12361,170,2644,1282,10391,130602,9865,-23023,2930,-4563,2415,8823,130602,-5987,-31464,8544,-2737,-931,11760,130581,5504,31190,184,-2384,-3347,-11646,7,3
1282,130603,23999,-980,-15169,-1802,14894,-19,130603,-8771,12365,170,2673,1282,10442,130624,9865,-23023,2930,-4563,2415,8823,130624,-5987,-31464,8544,-2737,-931,11760,130603,5504,31190,276,-2384,-3347,-11646,7,3
1283,130625,23277,-1061,-15169,-1802,14894,-19,130625,-8771,12365,69,2673,881,10442,130646,9865,-23679,2843,-4563,973,8823,130646,-6987,-31464,8220,-2737,-974,11760,130625,4634,31190,276,-2945,-3350,-11740,7,3
1284,130647,22986,-1121,-14169,-1569,16555,185,130647,-7771,12669,11,3200,580,11307,130668,9737,-24567,1910,-4028,-1027,10823,130668,-7952,-31126,7803,-2382,-1007,13009,130647,3634,31290,725,-3567,-3350,-11772,7,3
1285,130669,22986,-1121,-14169,-1417,16555,185,130669,-7771,12700,11,3200,580,11307,130690,9737,-24567,1910,-3977,-1027,10823,130690,-7952,-31082,7803,-2122,-1007,13009,130669,3634,31290,725,-3567,-3304,-11772,7,3
1286,130691,22986,-1121,-14169,-1417,16555,185,130691,-7771,12700,-11,3200,130,11307,130712,9241,-25233,944,-3977,-2008,10823,130712,-8952,-31082,7664,-2122,-1007,13009,130691,2634,31290,725,-4172,-3304,-11772,7,3
1287,130713,23447,-1060,-13169,-892,16581,248,130713,-6771,12975,-11,3474,-400,11599,130734,8397,-25233,148,-3716,-2120,11521,130734,-9952,-30393,7664,-1463,-989,11009,130713,1634,31313,953,-4677,-2689,-11460,7,3
1288,130735,23447,-924,-13169,-771,16581,248,130735,-6771,13134,136,3474,-400,11599,130756,8397,-24233,148,-3716,-2120,11521,130756,-9952,-30393,7778,-1463,-787,11009,130735,1634,31313,1061,-4677,-2689,-11158,7,3
1289,130757,22447,-924,-13169,-771,15879,248,130757,-6771,13134,136,3474,-728,11599,130778,8397,-24233,147,-3730,-2120,11365,130778,-10819,-30393,7778,-1463,-787,9009,130757,634,30313,1061,-4677,-2689,-11158,7,3
1290,130779,21447,-365,-12169,401,13879,450,130779,-5771,14134,628,3642,-728,10465,130800,8494,-23233,147,-3740,-828,9365,130800,-10819,-30592,7863,-1249,719,7009,130779,-366,29313,2061,-4504,-2116,-9158,7,3
1291,130801,21447,-365,-12169,401,13879,450,130801,-5771,14134,628,3642,159,10465,130822,8494,-23233,200,-3740,-828,9365,130822,-10754,-30592,7863,-1249,719,7009,130801,-366,29313,2061,-3304,-2116,-9158,7,3
1292,130823,21447,-1365,-12169,246,11879,450,130823,-5771,14134,566,3220,159,8495,130844,8494,-24233,200,-3740,-828,7365,130844,-10754,-30742,7863,-1305,719,5009,130823,-366,28313,2061,-3304,-2116,-9158,7,3
1293,130845,22447,-2365,-11169,-638,10350,-42,130845,-4771,14599,272,2400,1408,6495,130866,7546,-25233,-176,-2871,140,5365,130866,-10777,-30742,7653,-1347,253,3601,130845,-270,28313,2005,-1655,-1820,-7158,7,3
1294,130867,22447,-2365,-11169,-638,10350,-42,130867,-4771,14599,272,2400,1616,6495,130888,7546,-25233,-176,-2871,140,5365,130888,-10777,-30578,7653,-1347,253,3601,130867,-270,29010,2005,-1655,-1820,-7158,7,3
1295,130889,22447,-2365,-11169,-1301,9536,-163,130889,-4771,14599,-1,1757,1616,4495,130910,6867,-26233,-458,-2871,140,4068,130910,-10890,-30578,7571,-1347,-96,2547,130889,-270,29010,1963,-1655,-1820,-7158,7,3
1296,130911,23447,-1725,-10169,-1464,8926,-163,130911,-3771,14726,-599,1274,2500,3074,130932,6867,-27233,-663,-2488,499,3295,130932,-11113,-30525,7556,-1015,-358,1756,130911,-236,29669,1963,-868,-1784,-5303,7,3
1297,130933,23447,-1725,-10169,-1464,8926,-62,130933,-3771,14726,-599,1274,2500,3074,130954,7084,-27233,-663,-2488,499,3295,130954,-11113,-30525,7556,-1015,-358,1756,130933,-236,29669,1970,-868,-1784,-5303,7,3
1298,130955,23447,-1725,-10169,-1464,8013,-62,130955,-3771,14726,-1047,976,2301,2700,130976,7084,-28233,-817,-2488,377,2738,130976,-11380,-30525,7556,-1015,-585,1150,130955,-365,29669,1970,-868,-2131,-5303,7,3
1299,130977,22447,-1743,-9169,-1348,7050,-176,130977,-3002,14821,-1297,833,646,2700,130998,7377,-29233,-932,-2109,285,2320,130998,-11594,-30535,7629,-858,-852,585,130977,-885,30287,1975,-500,-2392,-4025,7,3
1300,130999,22447,-1743,-9169,-1348,7050,-176,130999,-3002,15035,-1297,833,646,2701,131020,7377,-29233,-932,-2031,285,2320,131020,-11594,-30535,7629,-858,-852,585,130999,-885,30287,1985,-500,-2392,-4025,7,3
1301,131021,21447,-1757,-9169,-1364,6125,-377,131021,-3002,15035,-1297,804,-597,2701,131042,7377,-29962,-932,-2031,216,1831,131042,-11755,-30535,7629,-858,-1052,11,131021,-1275,30287,1985,-500,-2392,-4025,7,3
1302,131043,21447,-1757,-8169,-1537,5390,-528,131043,-2002,15482,-1165,736,-1529,2602,131064,7311,-30509,-845,-1118,-259,1464,131064,-11876,-30581,7659,-1037,-1207,-501,131043,-1275,30727,1989,-81,-1837,-2622,7,3
1303,131065,22447,-1727,-8169,-1537,5390,-528,131065,-2002,15482,-1165,736,-1529,2602,131086,7311,-30509,-833,-1118,-259,1464,131086,-11876,-30581,7659,-1037,-1207,-501,131065,-1258,30727,1989,-71,-1837,-2622,7,3
1304,131087,22447,-1727,-8169,-1600,4839,-589,131087,-2002,15482,-1165,668,-1529,2103,131108,7009,-30727,-833,-1118,-615,1189,131108,-11876,-30581,7659,-1171,-1371,-738,131087,-1258,30727,1989,-71,-1837,-2622,7,3
1305,131109,23447,-1603,-7169,-1600,4426,-598,131109,-1195,15664,-1218,604,-1157,1528,131130,6783,-30871,-690,-859,-615,948,131130,-11566,-30615,7552,-1264,-1460,-743,131109,-1169,31083,1815,240,-1662,-1612,7,3
1306,131131,23447,-1603,-7169,-1474,4426,-598,131131,-1195,15664,-1218,604,-1157,1528,131152,6783,-30871,-690,-859,-605,948,131152,-11566,-30615,7552,-1264,-1460,-743,131131,-1077,31083,1815,240,-1662,-1612,7,3
1307,131153,23447,-1603,-7169,-1474,4041,-598,131153,-1195,15664,-1292,553,-1157,1097,131174,6783,-30979,-690,-859,-605,768,131174,-11566,-30659,7472,-1264,-1460,-743,131153,-1077,31083,1685,240,-1662,-1612,7,3
1308,131175,24447,-1522,-6169,-1164,3719,-605,131175,-604,15745,-1348,518,-1114,872,131196,6901,-31166,-681,-664,-510,667,131196,-11550,-30700,7448,-1208,-1438,-660,131175,-941,31350,1587,396,-1328,-869,7,3
1309,131197,24447,-1522,-6169,-1136,3719,-605,131197,-604,15745,-1348,518,-1114,872,131218,6901,-31166,-681,-352,-510,667,131218,-11550,-30700,7448,-1120,-1311,-660,131197,-923,31404,1587,396,-1328,-869,7,3
1310,131219,24447,-1522,-6169,-1136,3391,-611,131219,-604,15745,-1348,492,-1114,762,131240,6576,-31200,-681,-352,-510,667,131240,-11550,-30731,7430,-1120,-1311,-660,131219,-923,31404,1514,396,-1328,-869,7,3
1311,131241,25447,-1461,-5169,-894,2992,-628,131241,-145,15904,-1300,473,-1082,680,131262,6332,-31323,-706,27,-493,683,131262,-11452,-30731,7410,-1039,-1080,-615,131241,-788,31645,1497,397,-1023,-415,7,3
1312,131263,25447,-1461,-5169,-894,2992,-628,131263,-123,15906,-1289,473,-981,680,131284,6332,-31323,-706,27,-493,683,131284,-11452,-30718,7410,-1039,-990,-615,131263,-788,31645,1497,397,-1023,-415,7,3
1313,131285,25447,-1461,-5169,-894,2693,-651,131285,-123,15906,-1289,432,-981,592,131306,6173,-31416,-711,27,-493,608,131306,-11452,-30718,7351,-1039,-990,-615,131285,-788,31645,1484,362,-1023,-415,7,3
1314,131307,26447,-1467,-4169,-782,2416,-694,131307,188,15996,-1256,401,-755,429,131328,6054,-31485,-715,228,-481,358,131328,-11310,-30734,7279,-984,-725,-581,131307,-643,31765,1429,314,-779,-159,7,3
1315,131329,26447,-1467,-4169,-782,2416,-694,131329,188,15996,-1256,401,-753,429,131350,6054,-31485,-715,228,-481,358,131350,-11310,-30734,7279,-984,-695,-581,131329,-641,31765,1429,314,-706,-159,7,3
1316,131351,26447,-1544,-4169,-782,2202,-731,131351,188,15996,-1256,401,-753,268,131372,6054,-31537,-715,228,-481,129,131372,-11310,-30772,7193,-984,-695,-581,131351,-641,31765,1387,264,-706,-159,7,3
1317,131373,27447,-1626,-3169,-796,1980,-783,131373,422,16058,-1245,407,-526,138,131394,6054,-31738,-552,225,-193,-43,131394,-11214,-30823,7160,-837,-474,-509,131373,-532,31903,1344,134,-394,0,7,3
1318,131395,27447,-1626,-3169,-796,1980,-783,131395,427,16058,-1245,407,-526,138,131416,6072,-31738,-530,225,136,-43,131416,-11214,-30823,7160,-755,-474,-471,131395,-510,31907,1344,134,-387,0,7,3
1319,131417,27447,-1639,-3169,-806,1791,-822,131417,427,16058,-1245,407,-526,66,131438,6072,-31889,-530,222,136,-106,131438,-11214,-30849,7160,-755,-474,-471,131417,-510,31907,1344,2,-387,0,7,3
1320,131439,28197,-1639,-2169,-807,1554,-822,131439,588,16093,-1244,392,-487,44,131460,6146,-32002,-463,222,343,-106,131460,-11222,-30868,7222,-583,-472,-312,131439,-466,32028,1482,-96,-190,63,7,3
1321,131461,28197,-1613,-2169,-807,1554,-821,131461,588,16093,-1244,392,-487,44,131482,6188,-32002,-463,308,343,-66,131482,-11222,-30868,7222,-572,-472,-312,131461,-466,32040,1482,-96,-190,63,7,3
1322,131483,28197,-1613,-2169,-807,1376,-821,131483,588,16093,-1244,377,-487,44,131504,6188,-32087,-463,308,340,-66,131504,-11222,-30877,7222,-572,-472,-312,131483,-466,32040,1482,-96,-190,63,7,3
1323,131505,28798,-1631,-1169,-856,1261,-769,131505,684,16146,-1244,363,-458,55,131526,6257,-32165,-413,372,338,-127,131526,-11184,-30883,7238,-452,-330,-304,131505,-431,32110,1531,-68,-121,104,7,3
1324,131527,28812,-1631,-1169,-856,1261,-765,131527,684,16161,-1229,363,-408,55,131548,6257,-32165,-363,372,338,-127,131548,-11154,-30883,7238,-452,-302,-304,131527,-431,32110,1531,-68,-121,104,7,3
1325,131549,28812,-1679,-1169,-958,1175,-765,131549,684,16161,-1229,348,-408,27,131570,6253,-32229,-363,320,338,-206,131570,-11154,-30883,7238,-452,-302,-305,131549,-431,32110,1531,-68,-121,104,7,3
1326,131571,29223,-1715,-169,-1052,1081,-712,131571,729,16203,-1213,337,-246,-27,131592,6224,-32277,-288,281,531,-317,131592,-11103,-30876,7232,-345,-172,-305,131571,-405,32142,1542,-65,-72,131,7,3
1327,131593,29223,-1715,-169,-1052,1081,-702,131593,729,16203,-1213,337,-246,-27,131614,6224,-32277,-288,281,531,-317,131614,-11103,-30876,7232,-345,-172,-299,131593,-367,32142,1542,-65,-72,131,7,3
1328,131615,29223,-1736,-169,-1129,984,-702,131615,729,16203,-1213,337,-246,-73,131636,6224,-32299,-288,273,531,-400,131636,-11103,-30876,7210,-345,-172,-299,131615,-367,32142,1542,-97,-89,127,7,3
1329,131637,29505,-1736,831,-1249,896,-663,131637,792,16218,-1215,345,-106,-107,131658,6228,-32299,-302,273,694,-452,131658,-11073,-30871,7199,-218,-48,-251,131637,-283,32158,1486,-134,-102,91,7,3
1330,131659,29505,-1736,831,-1249,896,-663,131659,792,16218,-1215,350,-96,-107,131680,6282,-32282,-302,291,694,-452,131680,-11073,-30853,7199,-218,5,-194,131659,-283,32158,1486,-134,-102,91,7,3
1331,131681,29505,-1736,831,-1343,830,-663,131681,792,16218,-1218,350,-96,-109,131702,6282,-32282,-312,291,694,-491,131702,-11092,-30853,7199,-218,5,-194,131681,-300,32158,1444,-176,-102,40,7,3
1332,131703,29731,-1694,1831,-1413,716,-662,131703,824,16222,-1220,387,16,-109,131724,6337,-32303,-312,330,850,-527,131724,-11126,-30829,7221,-97,138,-123,131703,-331,32184,1444,-227,-34,-2,7,3
1333,131725,29731,-1694,1831,-1413,716,-662,131725,824,16222,-1220,387,16,-95,131746,6367,-32303,-300,330,861,-527,131746,-11126,-30829,7259,-92,139,-123,131725,-331,32206,1493,-227,9,-2,7,3
1334,131747,29731,-1694,1831,-1421,581,-662,131747,824,16222,-1233,387,16,-95,131768,6367,-32319,-300,330,861,-551,131768,-11126,-30829,7259,-92,139,-123,131747,-350,32206,1493,-269,9,-34,7,3
1335,131769,29884,-1672,2831,-1421,480,-661,131769,849,16239,-1254,408,71,-102,131790,6461,-32329,-283,340,989,-551,131790,-11094,-30841,7294,16,227,-80,131769,-364,32242,1529,-346,146,-68,7,3
1336,131791,29884,-1672,2831,-1387,480,-661,131791,849,16239,-1254,408,71,-102,131812,6467,-32329,-267,340,989,-543,131812,-11094,-30841,7294,16,227,-70,131791,-364,32242,1529,-346,218,-68,7,3
1337,131813,29884,-1672,2831,-1387,435,-661,131813,849,16239,-1273,408,71,-108,131834,6467,-32329,-267,340,989,-543,131834,-11094,-30844,7294,16,227,-70,131813,-375,32242,1529,-404,218,-100,7,3
1338,131835,29963,-1654,3831,-1314,410,-660,131835,850,16252,-1290,401,115,-112,131856,6606,-32316,-250,344,986,-507,131856,-11104,-30844,7320,51,194,-6,131835,-439,32269,1572,-446,331,-124,7,3
1339,131857,29963,-1654,3831,-1304,410,-660,131857,850,16252,-1290,401,118,-112,131878,6614,-32300,-250,357,986,-490,131878,-11104,-30843,7358,51,194,-6,131857,-439,32269,1586,-446,331,-124,7,3
1340,131879,29963,-1654,3831,-1304,402,-660,131879,831,16252,-1298,387,118,-115,131900,6614,-32300,-250,357,977,-490,131900,-11131,-30843,7358,51,169,-6,131879,-487,32269,1586,-446,331,-124,7,3
1341,131901,30054,-1664,4831,-1220,401,-650,131901,799,16265,-1304,372,179,-124,131922,6706,-32294,-223,414,829,-450,131922,-11131,-30842,7406,63,163,10,131901,-525,32287,1629,-423,386,-73,7,3
1342,131923,30054,-1664,4831,-1220,401,-650,131923,799,16266,-1304,372,179,-124,131944,6706,-32294,-223,414,829,-450,131944,-11122,-30842,7406,63,163,10,131923,-525,32287,1629,-423,386,-73,7,3
1343,131945,30054,-1678,4831,-1220,401,-650,131945,775,16266,-1305,366,179,-136,131966,6706,-32302,-223,414,829,-450,131966,-11122,-30842,7406,63,163,10,131945,-531,32287,1629,-423,386,-73,7,3
1344,131967,30096,-1682,5831,-1148,415,-623,131967,771,16276,-1306,362,218,-145,131988,6721,-32308,-183,432,846,-439,131988,-11121,-30835,7442,64,207,21,131967,-532,32301,1673,-360,426,-35,7,3
1345,131989,30096,-1682,5831,-1139,415,-604,131989,771,16276,-1306,362,218,-145,132010,6721,-32308,-183,432,846,-439,132010,-11120,-30835,7444,64,219,21,131989,-532,32301,1687,-360,426,-30,7,3
1346,132011,30096,-1691,5831,-1139,415,-604,132011,768,16276,-1306,359,218,-152,132032,6721,-32308,-183,432,846,-439,132032,-11120,-30835,7444,64,219,21,132011,-532,32301,1687,-360,426,-30,7,3
1347,132033,30138,-1698,6831,-1051,425,-567,132033,766,16276,-1305,357,256,-157,132054,6755,-32250,-179,483,752,-412,132054,-11129,-30818,7441,66,264,31,132033,-525,32287,1731,-314,433,19,7,3
1348,132055,30138,-1705,6831,-1051,425,-567,132055,766,16276,-1305,357,258,-157,132076,6755,-32250,-179,483,752,-412,132076,-11129,-30818,7441,66,275,39,132055,-525,32287,1731,-314,433,19,7,3
1349,132077,30138,-1717,6831,-1051,425,-567,132077,760,16276,-1305,357,258,-160,132098,6755,-32250,-179,483,752,-412,132098,-11136,-30818,7408,66,275,39,132077,-525,32279,1731,-314,433,19,7,3
1350,132099,30173,-1717,7831,-997,425,-554,132099,748,16276,-1304,361,298,-161,132120,6780,-32249,-204,476,796,-399,132120,-11167,-30811,7408,70,352,30,132099,-535,32279,1738,-294,463,33,7,3
1351,132121,30173,-1717,7831,-997,425,-554,132121,748,16278,-1303,366,304,-161,132142,6802,-32249,-204,476,796,-399,132142,-11167,-30811,7420,85,352,30,132121,-535,32291,1738,-294,477,33,7,3
1352,132143,30173,-1717,7831,-997,425,-554,132143,739,16278,-1303,366,304,-161,132164,6802,-32249,-223,458,796,-399,132164,-11167,-30811,7420,85,352,21,132143,-595,32291,1738,-294,477,33,7,3
1353,132165,30200,-1717,8831,-977,416,-561,132165,723,16280,-1299,375,338,-161,132186,6837,-32242,-237,445,841,-391,132186,-11163,-30806,7453,105,417,-14,132165,-595,32302,1751,-285,492,43,7,3
1354,132187,30200,-1717,8831,-977,416,-561,132187,723,16280,-1299,376,338,-160,132208,6837,-32240,-237,445,869,-388,132208,-11163,-30806,7453,105,417,-14,132187,-594,32302,1751,-285,492,43,7,3
1355,132209,30200,-1717,8831,-977,409,-566,132209,715,16280,-1312,376,338,-160,132230,6837,-32240,-237,438,869,-388,132230,-11166,-30806,7453,102,417,-41,132209,-594,32302,1751,-291,491,43,7,3
1356,132231,30206,-1669,9831,-962,400,-572,132231,709,16279,-1323,383,361,-151,132252,6890,-32237,-217,438,888,-352,132252,-11166,-30782,7453,88,432,-68,132231,-617,32320,1761,-329,490,43,7,3
1357,132253,30206,-1657,9831,-962,400,-572,132253,709,16279,-1323,383,361,-151,132274,6896,-32237,-217,459,888,-347,132274,-11146,-30776,7453,88,432,-68,132253,-617,32320,1761,-329,489,43,7,3
1358,132275,30206,-1657,9831,-962,393,-572,132275,705,16279,-1328,383,361,-151,132296,6896,-32257,-217,459,882,-347,132296,-11146,-30776,7453,78,432,-70,132275,-650,32320,1761,-362,490,43,7,3
1359,132297,30210,-1644,10831,-881,369,-573,132297,702,16279,-1332,379,382,-155,133438,6954,-32272,-202,488,867,-316,133438,-11146,-30760,7453,69,496,-71,132297,-685,32336,1776,-388,515,43,8,3
1360,133439,30212,-1644,10831,-871,369,-573,133439,702,16279,-1332,379,391,-155,133460,6954,-32272,-202,488,867,-314,133460,-11131,-30760,7471,69,496,-71,133439,-685,32338,1792,-388,542,59,8,3
1361,133461,30212,-1667,10831,-871,346,-573,133461,700,16279,-1335,376,391,-158,133482,6954,-32273,-202,488,856,-314,133482,-11131,-30774,7471,45,496,-72,133461,-711,32338,1792,-391,542,59,8,3
1362,133483,30267,-1696,11727,-796,297,-572,133483,698,16284,-1339,367,442,-158,133504,7015,-32273,-197,486,848,-280,133504,-11150,-30774,7519,9,455,-80,133483,-785,32337,1810,-391,473,98,8,3
1363,133505,30267,-1696,11727,-796,297,-533,133505,698,16284,-1339,367,456,-135,133526,7015,-32244,-177,486,848,-264,133526,-11150,-30772,7519,9,455,-80,133505,-785,32337,1810,-280,473,122,8,3
1364,133527,30267,-1702,11727,-796,260,-533,133527,697,16282,-1347,359,456,-135,133548,7015,-32244,-163,484,751,-264,133548,-11160,-30772,7519,-17,427,-98,133527,-882,32332,1810,-280,421,122,8,3
1365,133549,30274,-1702,12331,-772,237,-504,133549,667,16280,-1359,352,516,-114,133570,7021,-32242,-162,483,665,-205,133570,-11169,-30772,7555,-41,406,-114,133549,-913,32315,1815,-193,399,175,8,3
1366,133571,30274,-1686,12331,-772,237,-504,133571,667,16280,-1359,352,516,-111,133592,7021,-32242,-152,483,665,-205,133592,-11169,-30771,7555,-41,406,-114,133571,-913,32315,1815,-193,399,175,8,3
1367,133593,30274,-1686,12331,-781,230,-511,133593,644,16279,-1368,347,516,-111,133614,6962,-32243,-152,465,665,-205,133614,-11174,-30771,7555,-59,390,-126,133593,-930,32315,1815,-193,383,175,8,3
1368,133615,30279,-1728,12794,-854,225,-516,133615,644,16279,-1374,345,485,-88,133636,6917,-32276,-146,419,667,-183,133636,-11174,-30771,7588,-90,340,-135,133615,-943,32316,1819,-195,341,194,8,3
1369,133637,30301,-1728,12794,-854,225,-516,133637,646,16280,-1374,345,485,-86,133658,6917,-32276,-146,419,785,-183,133658,-11174,-30756,7588,-90,340,-135,133637,-943,32316,1833,-195,341,194,8,3
1370,133659,30301,-1760,12794,-889,221,-516,133659,646,16280,-1374,345,462,-86,133680,6917,-32276,-146,385,785,-183,133680,-11174,-30756,7588,-113,303,-154,133659,-953,32316,1833,-197,310,194,8,3
1371,133681,30360,-1784,13161,-913,187,-515,133681,669,16288,-1364,347,462,-71,133702,6968,-32246,-141,385,867,-167,133702,-11172,-30765,7619,-132,303,-169,133681,-960,32335,1856,-197,287,214,8,3
1372,133703,30360,-1784,13161,-913,187,-515,133703,669,16288,-1364,347,466,-71,133724,6968,-32246,-141,387,867,-153,133724,-11162,-30765,7619,-132,303,-169,133703,-960,32335,1856,-174,287,225,8,3
1373,133725,30360,-1800,13161,-913,143,-515,133725,669,16288,-1364,347,466,-71,133746,6968,-32246,-141,387,823,-153,133746,-11162,-30765,7619,-141,303,-169,133725,-960,32335,1856,-174,287,225,8,3
1374,133747,30368,-1812,13396,-909,110,-515,133747,682,16279,-1361,345,474,-65,133768,6918,-32254,-139,401,790,-132,133768,-11153,-30773,7640,-147,303,-154,133747,-966,32333,1874,-153,296,249,8,3
1375,133769,30368,-1812,13396,-908,110,-515,133769,682,16279,-1361,345,474,-65,133790,6918,-32254,-139,401,790,-132,133790,-11153,-30773,7640,-147,304,-154,133769,-966,32333,1874,-153,296,249,8,3
1376,133791,30368,-1839,13396,-908,97,-521,133791,682,16272,-1361,344,452,-65,133812,6880,-32260,-137,401,774,-132,133812,-11153,-30777,7640,-147,304,-154,133791,-990,32321,1874,-153,296,249,8,3
1377,133813,30374,-1859,13549,-913,88,-540,133813,704,16269,-1359,344,435,-59,133834,6880,-32260,-136,402,762,-129,133834,-11172,-30790,7646,-145,318,-148,133813,-1008,32321,1865,-135,303,267,8,3
1378,133835,30406,-1859,13549,-913,88,-540,133835,704,16269,-1359,349,435,-56,133856,6926,-32242,-136,402,762,-129,133856,-11172,-30790,7646,-135,357,-148,133835,-1008,32324,1865,-134,303,267,8,3
1379,133857,30406,-1874,13549,-917,81,-554,133857,704,16269,-1359,349,419,-56,133878,6926,-32242,-142,402,687,-155,133878,-11186,-30790,7646,-135,357,-216,133857,-1008,32324,1858,-134,303,267,8,3
1380,133879,30472,-1895,13637,-945,45,-566,133879,675,16275,-1352,353,407,-51,133900,6962,-32197,-190,445,422,-224,133900,-11275,-30792,7606,-113,1168,-325,133879,-992,32324,1853,-114,363,274,8,3
1381,133901,30472,-1895,13637,-945,45,-566,133901,675,16279,-1347,353,407,-51,133922,6970,-32195,-190,462,422,-224,133922,-11275,-30792,7606,-100,1425,-325,133901,-986,32311,1853,-98,365,274,8,3
1382,133923,30472,-1895,13637,-985,-2,-575,133923,644,16279,-1347,353,357,-52,133944,6970,-32195,-252,462,48,-354,133944,-11280,-30794,7544,-100,1425,-555,133923,-986,32311,1853,-98,365,270,8,3
1383,133945,30484,-1887,13701,-1123,-104,-651,133945,570,16290,-1338,356,238,-80,133966,7163,-32132,-299,719,-232,-690,133966,-11305,-30795,7488,-127,2821,-956,133945,-1011,32311,1821,-8,715,247,8,3
1384,133967,30484,-1887,13703,-1123,-104,-651,133967,570,16291,-1319,359,238,-80,133988,7163,-32132,-299,799,-232,-690,133988,-11305,-30795,7488,-127,2897,-956,133967,-1011,32321,1821,131,1537,247,8,3
1385,133989,30484,-1887,13703,-1309,-192,-780,133989,494,16291,-1319,359,58,-121,134010,7163,-32235,-299,799,-232,-942,134010,-11324,-30796,7446,-167,2897,-1406,133989,-1054,32321,1779,131,1537,247,8,3
1386,134011,30601,-1857,13881,-1449,-356,-877,134011,360,16341,-1271,405,-168,-187,134032,6938,-32312,-212,981,-144,-1056,134032,-11368,-30897,7432,-241,4001,-1896,134011,-1086,32346,1708,385,2993,261,8,3
1387,134033,30761,-1839,13907,-1449,-356,-877,134033,360,16341,-1271,468,-168,-187,134054,6938,-32312,-212,981,27,-1056,134054,-11368,-30897,7432,-241,4001,-1896,134033,-1090,32346,1708,385,2993,276,8,3
1388,134055,30761,-1839,13907,-1495,-684,-940,134055,259,16341,-1272,468,-390,-272,134076,6769,-32312,-243,981,27,-1142,134076,-11401,-30918,7404,-299,4001,-2556,134055,-1096,32346,1651,385,2993,276,8,3
1389,134077,31043,-1753,13988,-1495,-1251,-945,134077,259,16379,-1273,538,-504,-424,134098,6703,-32185,-378,1050,676,-1259,134098,-11420,-30974,7269,-379,4490,-3829,134077,-1104,32365,1588,521,3963,323,8,3
1390,134099,31069,-1593,13988,-1493,-1251,-945,134099,293,16379,-1273,538,-504,-424,134120,6703,-32149,-378,1050,756,-1259,134120,-11420,-30974,7269,-379,4490,-3829,134099,-1104,32365,1588,521,3963,347,8,3
1391,134121,31069,-1593,13951,-1493,-1942,-945,134121,293,16379,-1274,538,-504,-617,134142,6703,-32149,-605,1050,756,-1363,134142,-11420,-30978,7111,-443,4490,-5201,134121,-1110,32365,1573,521,3963,347,8,3
1392,134143,31342,-1394,13349,-1252,-3188,-940,134143,219,16341,-1274,37,-254,-1368,134164,6801,-32090,-795,1102,1125,-1556,134164,-11252,-31037,6873,-585,3710,-6827,134143,-1324,32357,1573,649,4032,486,8,3
1393,134165,31342,-1394,13349,-1147,-3188,-940,134165,219,16341,-1198,37,-254,-1368,134186,7157,-32063,-795,1384,1125,-1556,134186,-11252,-31037,6873,-585,3710,-6827,134165,-1324,32357,1589,697,4032,697,8,3
1394,134187,31342,-1394,12631,-1147,-4545,-1039,134187,158,16176,-1198,-529,-254,-2176,134208,7157,-32063,-918,1384,1125,-1931,134208,-11252,-31097,6694,-692,2180,-8294,134187,-1485,32351,1589,697,3743,697,8,3
1395,134209,31380,-1573,11631,-740,-6289,-1854,134209,-40,15976,-1141,-1103,-112,-3227,134230,8080,-31993,-978,1812,832,-3044,134230,-11030,-31142,6408,-692,273,-9603,134209,-1643,32337,1613,855,2433,1724,8,3
1396,134231,31380,-1573,11631,-740,-6289,-1854,134231,-40,15976,-961,-1103,-112,-3227,134252,8080,-31615,-978,1930,832,-3044,134252,-10252,-31142,6408,-376,273,-9603,134231,-1643,32337,1617,868,2433,2149,8,3
1397,134253,31380,-1851,10631,-740,-7788,-3086,134253,-188,15869,-961,-1533,-112,-4281,134274,8080,-31615,-978,1930,612,-4412,134274,-10252,-31332,6194,-376,-1560,-10344,134253,-1654,32326,1617,868,1319,2149,8,3
1398,134275,31269,-2268,9631,-1432,-9218,-4888,134275,-188,15823,-696,-1814,99,-5571,134296,8722,-30945,-975,2358,612,-6311,134296,-9252,-31332,5999,-136,-2947,-10777,134275,-1770,31326,1726,1221,15,4088,8,3
1399,134297,31269,-2268,9631,-1432,-9218,-4888,134297,-77,15823,-687,-1814,411,-5571,134318,8722,-30615,-737,2358,625,-6311,134318,-9252,-30332,5999,-136,-2947,-10777,134297,-1770,31326,1726,1269,15,4149,8,3
1400,134319,30854,-2268,8631,-2413,-10852,-6240,134319,-77,15794,-687,-1986,411,-6683,134340,8722,-30615,-737,2358,625,-6311,134340,-9252,-30332,5999,-136,-3975,-10777,134319,-1770,30326,1726,1269,-962,4149,8,3
1401,134341,29854,-2257,7695,-3536,-12852,-6240,134341,-469,15773,-463,-1986,1328,-7517,134362,8989,-29615,-556,2472,635,-4311,134362,-8252,-30505,5875,161,-3975,-10774,134341,-1749,29326,1018,2316,-1358,6149,8,3
1402,134363,29854,-1268,7695,-3536,-12852,-6053,134363,-469,15773,-463,-1857,1328,-7517,134384,8989,-29615,-6,2472,635,-4311,134384,-8252,-30634,5875,425,-3658,-10774,134363,-1063,29326,1018,2867,-1358,6149,8,3
1403,134385,28854,-1268,6993,-3536,-14852,-6053,134385,-1149,15737,-463,-1857,1328,-7934,134406,8200,-29615,-6,2472,635,-4311,134406,-8252,-30634,5875,425,-3658,-11088,134385,-1063,28352,487,2867,-1358,6149,8,3
1404,134407,27854,-341,5993,-3495,-16852,-4811,134407,-1984,15705,-158,-1550,1017,-8247,134428,7608,-28615,541,881,2635,-6311,134428,-7252,-30731,6006,1736,-3680,-11333,134407,-63,28072,19,3031,-1006,8149,8,3
1405,134429,27854,-341,5993,-2897,-16852,-4811,134429,-1984,15705,-158,-1550,1017,-8247,134450,7608,-28615,943,881,2635,-6311,134450,-7252,-30731,6282,1859,-3680,-11333,134429,-63,28072,19,3031,-1006,8149,8,3
1406,134451,26854,-341,4993,-2897,-18852,-4811,134451,-2516,15681,-158,-1642,-181,-8481,134472,7608,-28615,943,-312,2635,-8311,134472,-7252,-30731,6282,1859,-3696,-11619,134451,-63,27862,19,2087,-1006,8149,8,3
1407,134473,25854,-123,3993,-1963,-20852,-4402,134473,-2521,15663,70,-2785,-1080,-9348,134494,8608,-27615,1943,-659,635,-10311,134494,-6252,-30516,6749,2654,-3696,-11834,134473,937,27862,142,1290,-1172,9704,8,3
1408,134495,25854,-123,3993,-1963,-20852,-4402,134495,-2521,15663,70,-2785,-1080,-9348,134516,8608,-27615,1943,-659,635,-10311,134516,-6252,-30516,6757,2654,-3328,-11834,134495,937,28230,142,1290,-1172,9704,8,3
1409,134517,24854,-123,2993,-1963,-21520,-4402,134517,-2525,15166,70,-4094,-1405,-10191,134538,8608,-27615,1943,-832,-1365,-12311,134538,-6252,-30516,6757,2654,-3328,-11869,134517,937,28230,-47,782,-1172,9704,8,3
1410,134539,23898,-30,1993,-1263,-21870,-3273,134539,-2609,14166,82,-5075,-1457,-10910,134560,9608,-27007,2143,-961,-3365,-14311,134560,-5252,-30397,7605,1848,-1594,-11869,134539,1937,28506,-219,467,-631,10429,8,3
1411,134561,23898,-30,1993,-1263,-21870,-3187,134561,-2609,14166,82,-5075,-1457,-10910,134582,9608,-26615,2143,-961,-3365,-14311,134582,-5252,-30397,7605,1848,-1328,-11746,134561,1937,28506,-219,467,-609,10429,8,3
1412,134583,23181,-30,993,-1263,-21870,-3187,134583,-3190,13822,-29,-5075,-1457,-11251,134604,9608,-26615,1923,-1032,-4051,-16311,134604,-5252,-30397,7605,1164,-1328,-11746,134583,1937,28506,-348,403,-609,10429,8,3
1413,134605,22181,39,-7,-680,-21329,-2275,134605,-4190,13822,-301,-3946,-974,-11506,134626,10608,-25615,1372,-1889,-4051,-18311,134626,-4252,-30261,7905,651,314,-10879,134605,2937,28863,-445,355,-209,9588,8,3
1414,134627,22181,39,-7,-680,-20558,-2275,134627,-4190,14034,-301,-3946,-974,-11506,134648,10608,-25615,1372,-1889,-3925,-18311,134648,-4252,-30261,7905,651,314,-10560,134627,2937,28863,-445,355,-209,9588,8,3
1415,134649,21181,-170,-1007,-680,-20558,-2275,134649,-5190,14034,-301,-3946,-1686,-11698,134670,10608,-25615,413,-2532,-3925,-19977,134670,-4252,-30261,7905,566,314,-10560,134649,2937,28863,-561,319,-209,8722,8,3
1416,134671,20181,-327,-2007,-245,-18558,-1492,134671,-6099,13370,26,-4306,-3293,-11883,134692,11608,-24615,-587,-3855,-3650,-21227,134692,-3252,-30165,7974,566,-142,-8791,134671,3937,28537,-988,-579,-337,7692,8,3
1417,134693,20181,-327,-2007,-245,-18558,-1492,134693,-6099,13370,675,-4306,-3293,-11883,134714,11608,-24615,-587,-3855,-2987,-21227,134714,-3252,-30165,7974,890,-142,-8560,134693,3937,28537,-988,-579,-337,7692,8,3
1418,134715,19181,-327,-3007,-245,-18558,-1492,134715,-6780,12872,675,-4576,-3293,-11974,134736,11608,-24615,-1296,-4924,-2987,-22135,134736,-3252,-30487,7974,890,-574,-8560,134715,3937,28065,-1283,-1925,-433,6829,8,3
1419,134737,18181,-161,-4007,68,-16558,-808,134737,-7780,12444,1675,-4942,-3237,-11974,134758,10608,-23615,-1296,-6405,-1504,-22791,134758,-2252,-30487,8224,2420,-953,-6836,134737,4937,27939,-1283,-3823,-1026,6182,8,3
1420,134759,18181,-161,-4007,80,-16558,-786,134759,-7780,12444,1675,-4942,-2756,-11967,134780,10608,-23615,-1048,-6405,-987,-22791,134780,-2252,-30341,8524,2420,-953,-6722,134759,4937,27939,-1004,-3823,-1026,6182,8,3
1421,134781,17181,-161,-5007,80,-16558,-786,134781,-8780,12123,1675,-5217,-2756,-11967,134802,9608,-23615,-1048,-7121,-987,-22791,134802,-2252,-29563,8524,2420,-1766,-6722,134781,4937,27896,-1004,-5247,-1471,5652,8,3
1422,134803,16181,-394,-6007,315,-14802,-334,134803,-9780,11326,2438,-6153,-2353,-11889,134824,8608,-22615,-862,-7121,-847,-22770,134824,-1252,-29453,9139,2817,-1840,-4722,134803,5937,27896,-663,-5878,-1471,4822,8,3
1423,134825,16181,-394,-6007,315,-14802,-334,134825,-9780,11326,2438,-6153,-2353,-11785,134846,8608,-22615,-862,-6962,-847,-21637,134846,-1252,-28977,9275,2817,-1840,-4722,134825,5937,28288,-663,-5878,-1156,4822,8,3
1424,134847,15181,-394,-7007,315,-14802,-334,134847,-10780,10688,2438,-6855,-2353,-11785,134868,7608,-22615,-862,-6962,-847,-21637,134868,-1252,-28870,9275,2817,-1840,-4722,134847,5937,28288,-663,-5878,-1156,3608,8,3
1425,134869,14181,-357,-8007,491,-14297,-468,134869,-11780,10147,3011,-7093,-2028,-11168,134890,6608,-21615,-800,-6475,-812,-19637,134890,-360,-28620,9674,2628,-1207,-2821,134869,6937,28288,-207,-5734,-101,2514,8,3
1426,134891,14181,-357,-8007,491,-14297,-468,134891,-11780,10147,3139,-7093,-2028,-10816,134912,6608,-21615,-958,-5832,-812,-19637,134912,-360,-28353,9838,2628,-1044,-2821,134891,6937,28430,16,-5588,-101,2514,8,3
1427,134913,13181,-357,-9007,491,-14297,-531,134913,-12780,9424,3139,-7093,-2028,-10816,134934,5608,-21615,-958,-5832,-812,-19637,134934,-360,-28152,9838,2478,-1044,-2821,134913,6937,28430,16,-5588,-101,1655,8,3
1428,134935,12181,-469,-10007,449,-13228,-626,134935,-13604,8578,4060,-6872,-1779,-9680,134956,4608,-20615,-1118,-4396,-455,-17637,134956,144,-28152,10096,1728,-610,-1850,134935,7937,28352,714,-4868,-154,1011,8,3
1429,134957,12181,-469,-10007,449,-13228,-626,134957,-13604,8578,4139,-6508,-1779,-9392,134978,4608,-20615,-1118,-4274,-455,-17637,134978,144,-28152,10096,1728,-610,-1850,134957,7937,28352,748,-4843,-154,1011,8,3
1430,134979,11181,-553,-11007,230,-13228,-650,134979,-14222,7905,4139,-6508,-1779,-9392,135000,3608,-20615,-1346,-4274,-455,-17637,135000,144,-28938,10096,1133,-610,-1850,134979,7937,28352,748,-4843,-193,625,8,3
1431,135001,10181,-553,-12007,-98,-11457,-650,135001,-14686,7320,5049,-5615,-1544,-7941,135022,2608,-19615,-1577,-3080,-188,-15637,135022,738,-29611,10352,687,-588,-1394,135001,8937,28622,1293,-3930,-193,335,8,3
1432,135023,10181,-538,-12007,-98,-11457,-525,135023,-14686,7320,5049,-5370,-1544,-7746,135044,2608,-19615,-1577,-3063,-188,-15637,135044,738,-29611,10388,687,-588,-1394,135023,8937,28622,1293,-3924,-38,335,8,3
1433,135045,10181,-538,-13007,-550,-11457,-519,135045,-14789,6854,5049,-5370,-1544,-7746,135066,1608,-19615,-1750,-3063,-260,-15637,135066,738,-30116,10388,337,-588,-1394,135045,8937,28622,1293,-3924,-38,110,8,3
1434,135067,11181,-527,-13993,-889,-10129,-431,135067,-14789,6513,5592,-4104,-1460,-5926,135088,608,-18615,-1906,-2240,-260,-13637,135088,1183,-30613,10489,75,-341,-1092,135067,9937,28824,1645,-3167,237,-147,8,3
1435,135089,11181,-527,-13993,-889,-9866,-431,135089,-14691,6513,5592,-3964,-1460,-5791,135110,608,-18615,-1906,-2240,-128,-13637,135110,1183,-30613,10489,75,-185,-1092,135089,9937,28824,1645,-3162,237,-147,8,3
1436,135111,11181,-527,-14674,-1279,-9866,-431,135111,-14691,6248,5592,-3964,-1460,-5791,135132,608,-18615,-1967,-2240,-29,-13637,135132,1183,-31015,10489,-327,-185,-1092,135111,9937,28824,1645,-3162,237,-312,8,3
1437,135133,12181,-519,-15185,-1572,-8269,-431,135133,-14485,6058,5945,-2754,-1397,-4173,135154,1608,-17615,-2013,-1643,-29,-11637,135154,1473,-31341,10552,-908,161,-1069,135133,10584,28910,2047,-2601,-271,-312,8,3
1438,135155,12181,-409,-15185,-1572,-8208,-431,135155,-14480,6058,5945,-2715,-1370,-4134,135176,1608,-17615,-2013,-1627,171,-11637,135176,1473,-31341,10552,-908,163,-1069,135155,10596,28910,2047,-2601,-271,-290,8,3
1439,135177,12181,-409,-15646,-1620,-8208,-431,135177,-14480,5927,5945,-2715,-1370,-4134,135198,1608,-17615,-2013,-1627,171,-11637,135198,1473,-31555,10552,-1414,163,-1069,135177,10596,28910,2047,-2601,-770,-290,8,3
1440,135199,13181,-188,-16646,-1633,-6372,-366,135199,-14243,5877,6207,-1687,-1147,-2842,135220,608,-16615,-1837,-859,786,-9637,135220,1877,-31624,10454,-1810,605,-1051,135199,11082,28984,2367,-2092,-1181,-87,8,3
1441,135221,13181,-88,-16646,-1633,-6301,-366,135221,-14243,5877,6207,-1629,-1046,-2841,135242,608,-16615,-1825,-602,966,-9637,135242,1933,-31624,10454,-1810,649,-937,135221,11091,28984,2367,-1883,-1181,-87,8,3
1442,135243,13181,-88,-17462,-1633,-6301,-366,135243,-14243,5877,6207,-1629,-1046,-2841,135264,-392,-16615,-1825,-602,966,-9637,135264,1933,-31676,10226,-1906,649,-937,135243,11091,28984,2367,-1883,-1272,-87,8,3
1443,135265,12181,244,-18462,-1212,-4736,-390,135265,-14223,5969,6429,-589,-528,-1823,135286,-1392,-15615,-1684,1282,1485,-7637,135286,2348,-31676,9929,-1937,832,-419,135265,11534,29086,2257,-796,-1272,-113,8,3
1444,135287,12181,266,-18462,-1096,-4629,-390,135287,-14223,6124,6441,-386,-360,-1734,135308,-1392,-15615,-1618,1383,1485,-7637,135308,2376,-31643,9929,-1937,832,-172,135287,11616,29086,2257,-525,-1257,-113,8,3
1445,135309,11181,266,-19462,-1096,-4629,-482,135309,-14488,6124,6441,-386,-360,-1734,135330,-2392,-15615,-1618,1383,1485,-7637,135330,2376,-31643,9720,-1937,832,-172,135309,11616,29086,2076,-525,-1257,-265,8,3
1446,135331,10181,383,-20462,-442,-3072,-551,135331,-14713,6628,6696,911,297,-403,135352,-3392,-14615,-1439,3299,1641,-5637,135352,2502,-31651,9680,-1689,865,684,135331,11964,29162,1909,871,-1159,-638,8,3
1447,135353,10181,383,-20462,-280,-3036,-551,135353,-14713,6743,6696,974,316,-158,135374,-3392,-14615,-1337,3299,1641,-5637,135374,2502,-31651,9680,-1685,865,1010,135353,11964,29203,1909,955,-781,-638,8,3
1448,135375,9181,209,-21462,-280,-3036,-562,135375,-14882,6743,6696,974,316,-158,135396,-4392,-14615,-1337,3299,1641,-5637,135396,2463,-31824,9680,-1685,865,1010,135375,11964,29210,1783,955,-781,-1158,8,3
1449,135397,8181,-49,-22220,563,-1502,-562,135397,-14882,7367,6785,2178,866,1602,135418,-5392,-14089,-1090,4761,1751,-3637,135418,2335,-31954,9784,-1533,894,2166,135397,12171,29298,1751,2185,157,-1775,8,3
1450,135419,8181,-49,-22220,804,-1394,-554,135419,-14867,7402,6785,2313,886,1842,135440,-5392,-14089,-1090,4783,1751,-3637,135440,2335,-31954,9826,-1533,1059,2367,135419,12171,29315,1751,2273,283,-1775,8,3
1451,135441,8181,-242,-22220,804,-1394,-554,135441,-14867,7402,6688,2313,886,1842,135462,-5392,-14089,-1090,4783,1751,-3637,135462,2239,-31954,9826,-1533,1059,2367,135441,12171,29315,1727,2273,283,-2375,8,3
1452,135463,9181,-787,-22105,1951,103,-828,135463,-14509,8082,6324,3590,1424,3842,135484,-4392,-15030,-941,6511,1773,-1637,135484,2133,-31375,9717,-1419,1324,3854,135463,12326,29394,1641,3262,1303,-3289,8,3
1453,135485,9181,-787,-21887,1951,132,-828,135485,-14266,8179,6324,3649,1520,3842,135506,-4392,-15030,-941,6525,1773,-1637,135506,2133,-31375,9717,-1284,1457,4367,135485,12326,29394,1641,3262,1742,-3289,8,3
1454,135507,9181,-1218,-21887,1951,132,-1343,135507,-14266,8179,5940,3649,1520,3842,135528,-4392,-16030,-941,6525,1773,-1637,135528,1886,-31375,9635,-1284,1457,4367,135507,12308,29394,1272,3262,1742,-4527,8,3
1455,135529,10181,-1707,-21183,1654,2132,-1951,135529,-13489,9103,5360,4494,2564,5818,135550,-3392,-17030,-829,7480,2551,363,135550,972,-30375,9574,-788,1297,6367,135529,12123,29411,702,3260,3296,-5865,8,3
1456,135551,10181,-1707,-20887,1654,2132,-1951,135551,-13421,9179,5360,4494,2751,5842,135572,-3392,-17030,-829,7480,3435,363,135572,972,-30375,9574,-788,1297,6367,135551,12123,29555,702,3260,3296,-5865,8,3
1457,135573,10181,-2050,-20887,1230,2132,-2475,135573,-13421,9179,4777,4494,2751,5842,135594,-3392,-18030,-829,7410,3435,363,135594,221,-30761,9574,-788,1142,6367,135573,11828,29555,216,2879,3296,-7016,8,3
1458,135595,11181,-2265,-19887,358,4132,-2915,135595,-12666,9912,4155,4424,3513,7439,135616,-2392,-19030,-391,5897,5282,2363,135616,-536,-31050,9738,-617,611,8232,135595,11437,29798,-148,1563,3153,-8198,8,3
1459,135617,11181,-2265,-19887,358,4132,-2915,135617,-12583,9912,4155,4424,3513,7439,135638,-2392,-19030,-157,5897,5435,2363,135638,-536,-31050,9842,-617,611,8354,135617,11437,29798,-148,1563,3153,-8198,8,3
1460,135639,11181,-2360,-19887,-672,4132,-3219,135639,-12583,9912,3574,4163,3513,7439,135660,-2392,-19444,-157,4074,5435,2363,135660,-1429,-31267,9842,-637,197,8354,135639,10963,29798,-148,137,2308,-9152,8,3
1461,135661,12181,-2431,-18887,-1744,6132,-3389,135661,-11700,10109,2900,3800,4046,8529,135682,-1392,-19755,843,2144,7216,4363,135682,-2429,-31430,10117,-1047,-97,9696,135661,10004,29980,-29,-949,858,-10009,8,3
1462,135683,12181,-2431,-18887,-1744,6132,-3389,135683,-11620,10109,2900,3800,4046,8529,135704,-1392,-19755,843,2144,7216,4363,135704,-2429,-31430,10117,-1047,-97,9696,135683,10004,29980,231,-949,858,-10009,8,3
1463,135705,12181,-2431,-18887,-2573,6132,-3389,135705,-11620,10109,2284,3536,4046,8529,135726,-1392,-19988,843,347,7216,4363,135726,-3429,-31430,10089,-1599,-97,9696,135705,9233,29980,231,-1557,223,-10729,8,3
1464,135727,13181,-2297,-17887,-3468,8132,-3214,135727,-10879,10210,1610,3385,4549,9368,135748,-392,-20487,1843,-1335,7341,6363,135748,-4429,-31418,9886,-2137,54,10195,135727,8428,30469,523,-1888,-246,-11407,8,3
1465,135749,13181,-2087,-17887,-3468,8132,-3085,135749,-10865,10210,1610,3385,4549,9432,135770,-392,-20487,1843,-1335,7341,6363,135770,-4429,-31418,9886,-2137,156,10195,135749,8428,30469,523,-1888,-246,-11407,8,3
1466,135771,13181,-2087,-17887,-4199,8132,-3085,135771,-10865,10210,1086,3381,4296,9432,135792,-392,-20991,1843,-2596,7189,6363,135792,-5331,-31418,9648,-2603,156,10195,135771,7428,30469,523,-2009,-598,-11933,8,3
1467,135793,14181,-1603,-16887,-4747,10132,-2580,135793,-10081,10775,693,3381,3043,10206,135814,608,-21797,2384,-3751,6140,8363,135814,-6066,-31333,9322,-2986,418,10212,135793,6439,30835,706,-2100,-862,-12310,8,3
1468,135815,14181,-1395,-16887,-4747,10132,-2388,135815,-9865,10890,693,3395,3043,10206,135836,608,-21797,2384,-3751,6140,8363,135836,-6066,-31333,9322,-2986,484,10212,135815,6439,30835,742,-2100,-862,-12310,8,3
1469,135837,14181,-1395,-16887,-4975,10132,-2388,135837,-9865,10890,502,3395,1801,10206,135858,608,-22507,2384,-4288,4267,8363,135858,-6643,-31333,9029,-3231,484,10074,135837,5537,30835,742,-2220,-1161,-12310,8,3
1470,135859,15181,-744,-15887,-5098,12132,-1598,135859,-8865,11582,408,3519,728,10685,135880,1608,-23282,2202,-4691,2609,10363,135880,-7310,-31253,8587,-3233,730,9971,135859,4537,31002,1082,-2310,-1481,-12264,8,3
1471,135881,15181,-744,-15887,-5098,12132,-1488,135881,-8865,11585,408,3560,728,10685,135902,1608,-23282,2202,-4691,2609,10363,135902,-7310,-31193,8587,-3233,730,9971,135881,4537,31002,1160,-2310,-1481,-12073,8,3
1472,135903,15181,-744,-15887,-5098,12132,-1488,135903,-8865,11585,347,3560,69,10685,135924,1608,-24282,1779,-4691,1619,10363,135924,-7908,-31193,8256,-3233,730,9971,135903,3648,31002,1160,-2378,-1749,-12073,8,3
1473,135925,16181,-676,-14887,-4563,14132,-429,135925,-7865,12411,306,3876,-424,10972,135946,2608,-25282,954,-4474,800,12363,135946,-8604,-31058,7702,-2859,166,10182,135925,2798,31127,1428,-2668,-1953,-11518,8,3
1474,135947,16181,-676,-14887,-4227,14132,-429,135947,-7865,12411,306,3876,-424,10972,135968,2608,-25282,954,-4474,800,12363,135968,-8604,-30950,7702,-2704,166,10182,135947,2798,31207,1428,-2668,-1953,-11359,8,3
1475,135969,16181,-676,-14887,-4227,14132,-429,135969,-7865,12411,296,3876,-794,10972,135990,2608,-26282,183,-4474,259,12363,135990,-9340,-30950,7702,-2704,-476,10182,135969,2080,31207,1428,-2925,-2365,-11359,8,3
1476,135991,17181,-625,-13887,-3559,15203,-20,135991,-6865,13099,289,3774,-1154,10949,136012,3608,-27267,-394,-4311,-57,11799,136012,-10340,-30692,7748,-1954,-958,8831,135991,1232,31411,1551,-3213,-2674,-10600,8,3
1477,136013,17181,-573,-13887,-3488,15203,-20,136013,-6865,13109,289,3774,-1154,10949,136034,3608,-27267,-394,-4227,-57,11799,136034,-10340,-30656,7748,-1954,-958,8831,136013,1232,31411,1629,-3213,-2674,-10430,8,3
1478,136035,16181,-573,-13887,-3488,15203,-20,136035,-6865,13109,289,3647,-1213,10861,136056,3608,-27998,-629,-4227,-57,11129,136056,-11340,-30656,7748,-1954,-958,6831,136035,428,31411,1629,-3213,-2866,-10430,8,3
1479,136057,15181,-243,-12887,-2386,13478,286,136057,-5865,14109,385,3495,-1213,9775,136078,4608,-28828,-629,-3504,790,9129,136078,-11492,-30718,8143,-1716,-46,4831,136057,-335,30411,2151,-3211,-2866,-8765,8,3
1480,136079,15181,-243,-12887,-2386,13478,286,136079,-5865,14109,385,3495,-375,9775,136100,4608,-28828,-629,-3421,790,9129,136100,-11492,-30718,8143,-1716,-46,4831,136079,-335,30411,2151,-2456,-2585,-8430,8,3
1481,136101,14181,-243,-12887,-2386,11817,286,136101,-5865,14109,7,2909,-375,8195,136122,4608,-29482,-629,-3421,790,7129,136122,-11492,-30764,7881,-1716,-46,2950,136101,-555,29411,2151,-2456,-2585,-8430,8,3
1482,136123,14181,-864,-11887,-2073,10572,171,136123,-4865,14719,-276,2186,253,6195,136144,4716,-30171,-781,-2346,618,5129,136144,-11424,-30764,7684,-1575,-87,1708,136123,-636,29411,2181,-1200,-1691,-6430,8,3
1483,136145,15181,-864,-11887,-2073,10572,171,136145,-4865,14719,-276,2186,307,6195,136166,4716,-30171,-781,-2346,618,5129,136166,-11424,-30705,7684,-1575,-87,1708,136145,-636,29992,2181,-1200,-1691,-6430,8,3
1484,136167,15181,-864,-11887,-2073,9846,85,136167,-4865,14719,-276,1644,307,4424,136188,4716,-30592,-895,-2346,453,3904,136188,-11424,-30705,7605,-1575,-118,966,136167,-636,29992,2181,-1200,-1691,-6430,8,3
1485,136189,16181,-834,-10887,-2001,9302,85,136189,-3865,15033,-246,1237,794,3096,136210,4797,-30994,-895,-1915,330,3228,136210,-11565,-30660,7603,-1252,-295,503,136189,-659,30512,2229,-538,-1694,-4564,8,3
1486,136211,16181,-734,-10887,-2001,9302,90,136211,-3865,15033,-246,1237,794,3096,136232,5391,-30994,-813,-1915,330,3228,136232,-11565,-30660,7603,-1252,-295,503,136211,-659,30512,2229,-538,-1694,-4564,8,3
1487,136233,16181,-734,-10887,-2001,8696,90,136233,-3865,15033,-648,987,794,2544,136254,5391,-31209,-813,-1915,-124,2904,136254,-11671,-30667,7603,-1252,-295,162,136233,-714,30512,2229,-538,-1879,-4564,8,3
1488,136255,15181,-674,-9887,-1629,7894,160,136255,-2888,15206,-950,857,67,2348,136276,6195,-31402,-973,-1591,-583,2661,136276,-11751,-30670,7660,-1052,-291,-93,136255,-913,30920,2197,-194,-1896,-3216,8,3
1489,136277,15181,-674,-9887,-1629,7894,160,136277,-2888,15206,-950,857,67,2348,136298,6195,-31402,-973,-1591,-583,2661,136298,-11751,-30670,7660,-1052,-291,-93,136277,-913,30924,2197,-194,-1896,-3216,8,3
1490,136299,14181,-709,-9887,-1629,7149,160,136299,-2888,15206,-962,850,-818,2215,136320,6195,-31547,-1093,-1591,-991,2137,136320,-11751,-30670,7657,-1052,-291,-525,136299,-1062,30924,2171,-194,-1896,-3216,8,3
1491,136321,13181,-921,-8887,-1487,6277,23,136321,-2006,15605,-962,844,-1482,2115,136342,6254,-31688,-1093,-799,-1567,1528,136342,-11727,-30672,7578,-915,-47,-849,136321,-1108,31297,2152,141,-1332,-2001,8,3
1492,136343,13181,-921,-8887,-1487,6277,23,136343,-1888,15605,-847,844,-1482,2115,136364,6254,-31688,-917,-799,-1567,1528,136364,-11699,-30672,7578,-915,-47,-849,136343,-1108,31297,2152,141,-1313,-2001,8,3
1493,136365,13181,-1080,-8887,-1493,5525,-79,136365,-1888,15605,-847,840,-1622,1866,136386,5800,-31761,-917,-799,-1686,1077,136386,-11699,-30726,7515,-915,-47,-984,136365,-1108,31297,2138,141,-1313,-2001,8,3
1494,136387,14181,-1226,-7887,-1497,4929,-130,136387,-981,15850,-847,807,-1622,1335,136408,5460,-31782,-809,-752,-1686,739,136408,-11542,-30766,7458,-859,57,-997,136387,-931,31504,2107,267,-1074,-1316,8,3
1495,136409,14181,-1226,-7887,-1497,4929,-130,136409,-981,15850,-847,807,-1424,1335,136430,5460,-31782,-809,-752,-1084,739,136430,-11536,-30766,7458,-859,57,-997,136409,-931,31504,2107,267,-1074,-1316,8,3
1496,136431,14181,-1349,-7887,-1497,4386,-132,136431,-981,15850,-898,755,-1424,898,136452,5460,-31782,-809,-752,-1084,485,136452,-11536,-30766,7425,-859,57,-997,136431,-931,31504,1972,267,-1074,-1316,8,3
1497,136453,15181,-1481,-6887,-1453,3880,-133,136453,-558,15899,-1038,662,-933,570,136474,6081,-31808,-728,-717,-569,295,136474,-11419,-30764,7408,-690,138,-894,136453,-942,31660,1969,283,-895,-943,8,3
1498,136475,15181,-1481,-6887,-1453,3880,-133,136475,-558,15899,-1038,662,-933,570,136496,6081,-31808,-728,-606,-569,295,136496,-11419,-30764,7408,-681,168,-894,136475,-942,31706,1969,283,-834,-943,8,3
1499,136497,15181,-1580,-6887,-1466,3501,-187,136497,-558,15899,-1143,613,-933,489,136518,6081,-31827,-728,-606,-569,155,136518,-11419,-30787,7396,-681,168,-894,136497,-950,31706,1966,283,-834,-943,8,3
1500,136519,16181,-1621,-5887,-1623,3158,-348,136519,-310,15938,-1218,584,-923,487,136540,6079,-31966,-760,-223,-485,50,136540,-11306,-30812,7365,-548,168,-832,136519,-950,31857,1918,280,-388,-611,8,3
1501,136541,16181,-1621,-5887,-1623,3158,-348,136541,-310,15997,-1218,584,-923,487,136562,6079,-31966,-760,-223,-485,50,136562,-11306,-30812,7365,-548,168,-832,136541,-920,31857,1882,280,-388,-611,8,3
1502,136563,16181,-1621,-5887,-1659,2786,-452,136563,-310,15997,-1218,562,-954,486,136584,6077,-32070,-784,-223,-485,-35,136584,-11306,-30831,7363,-548,168,-832,136563,-920,31857,1882,273,-388,-611,8,3
1503,136585,17181,-1551,-4887,-1659,2466,-530,136585,50,16097,-1198,545,-978,453,136606,6077,-32142,-784,-167,-61,-172,136606,-11221,-30847,7338,-482,65,-786,136585,-886,31958,1801,230,-73,-380,8,3
1504,136607,17181,-1551,-4887,-1654,2466,-530,136607,67,16098,-1198,545,-978,453,136628,6154,-32142,-706,-167,-27,-172,136628,-11217,-30847,7338,-482,65,-783,136607,-866,31958,1801,230,-73,-380,8,3
1505,136629,17181,-1551,-4887,-1654,2226,-586,136629,67,16098,-1198,528,-978,379,136650,6154,-32142,-706,-167,-27,-273,136650,-11217,-30853,7338,-482,-12,-783,136629,-866,31958,1794,198,-73,-380,8,3
1506,136651,18181,-1535,-3887,-1629,2046,-628,136651,319,16160,-1222,509,-806,243,136672,6489,-32126,-619,-125,282,-290,136672,-11146,-30857,7319,-424,-69,-726,136651,-809,32072,1755,71,-65,-240,8,3
1507,136673,18181,-1535,-3887,-1620,2046,-628,136673,319,16160,-1222,509,-711,243,136694,6529,-32126,-619,-45,282,-290,136694,-11144,-30857,7319,-410,-69,-707,136673,-809,32072,1755,71,-65,-240,8,3
1508,136695,18181,-1535,-3887,-1620,1904,-648,136695,319,16160,-1263,490,-711,141,136716,6529,-32126,-619,-45,282,-290,136716,-11144,-30857,7319,-410,-112,-707,136695,-809,32072,1752,-23,-65,-240,8,3
1509,136717,19181,-1537,-2887,-1498,1698,-648,136717,439,16167,-1300,467,-577,80,136738,6763,-32136,-554,178,285,-287,136738,-11079,-30882,7351,-372,-112,-554,136717,-796,32158,1750,-87,-59,-134,8,3
1510,136739,19181,-1537,-2887,-1480,1698,-648,136739,439,16167,-1300,467,-577,80,136760,6763,-32136,-554,178,285,-281,136760,-11079,-30882,7351,-372,-108,-531,136739,-796,32158,1750,-87,-59,-105,8,3
1511,136761,19181,-1537,-2887,-1480,1514,-648,136761,439,16167,-1313,445,-577,45,136782,6763,-32143,-554,178,284,-281,136782,-11079,-30885,7351,-372,-108,-531,136761,-796,32158,1748,-120,-59,-105,8,3
1512,136783,20181,-1512,-1887,-1286,1376,-642,136783,592,16190,-1313,409,-476,19,136804,6920,-32155,-505,305,268,-265,136804,-11023,-30885,7325,-358,-82,-380,136783,-787,32204,1737,-128,-56,0,8,3
1513,136805,20181,-1512,-1887,-1234,1376,-587,136805,592,16202,-1295,409,-463,19,136826,6920,-32155,-505,305,268,-248,136826,-11023,-30885,7325,-358,-82,-368,136805,-767,32224,1737,-128,-56,0,8,3
1514,136827,20181,-1526,-1887,-1234,1273,-587,136827,592,16202,-1295,369,-463,-13,136848,6920,-32155,-505,305,146,-248,136848,-11023,-30885,7309,-358,-82,-368,136827,-767,32224,1737,-134,-56,0,8,3
1515,136849,21181,-1548,-887,-927,1212,-504,136849,692,16234,-1274,337,-282,-77,136870,7038,-32134,-502,400,-77,-222,136870,-11015,-30877,7297,-347,-62,-252,136849,-769,32254,1744,-134,-46,90,8,3
1516,136871,21181,-1548,-887,-914,1212,-493,136871,692,16234,-1274,337,-262,-77,136892,7038,-32134,-452,408,-77,-222,136892,-11015,-30877,7297,-303,-26,-252,136871,-769,32254,1744,-124,38,90,8,3
1517,136893,21181,-1593,-887,-914,1166,-493,136893,692,16234,-1274,333,-262,-136,136914,7038,-32134,-452,408,-257,-222,136914,-11015,-30877,7288,-303,-26,-252,136893,-770,32254,1744,-124,38,90,8,3
1518,136915,22181,-1646,113,-687,1104,-393,136915,693,16245,-1263,333,-82,-184,136936,7028,-32168,-401,554,-347,-237,136936,-11009,-30871,7288,-259,19,-177,136915,-771,32274,1748,-86,130,158,8,3
1519,136937,22181,-1646,113,-687,1104,-393,136937,693,16245,-1263,354,-79,-184,136958,7028,-32168,-401,554,-347,-237,136958,-10995,-30871,7288,-240,19,-173,136937,-771,32274,1748,-86,150,165,8,3
1520,136959,22181,-1700,113,-687,1026,-393,136959,693,16245,-1263,354,-79,-219,136980,6925,-32199,-401,554,-366,-262,136980,-10995,-30871,7270,-240,19,-173,136959,-771,32274,1748,-86,150,165,8,3
1521,136981,23181,-1761,1113,-561,947,-353,136981,693,16252,-1262,379,74,-241,137002,6848,-32223,-400,583,-366,-295,137002,-10968,-30869,7270,-147,-12,-112,136981,-764,32297,1741,-81,279,221,8,3
1522,137003,23181,-1761,1113,-561,947,-353,137003,712,16253,-1262,379,74,-241,137024,6848,-32223,-400,583,-269,-295,137024,-10968,-30869,7308,-147,-12,-76,137003,-750,32297,1741,-81,279,221,8,3
1523,137025,23181,-1792,1113,-561,888,-353,137025,712,16253,-1262,379,74,-242,137046,6838,-32241,-400,583,-269,-319,137046,-10973,-30869,7308,-147,-36,-76,137025,-750,32297,1735,-89,279,201,8,3
1524,137047,24181,-1834,2113,-525,831,-337,137047,722,16261,-1262,390,192,-242,137068,6836,-32252,-404,590,-183,-337,137068,-10977,-30849,7337,-76,-36,-3,137047,-734,32314,1731,-102,367,157,8,3
1525,137069,24181,-1834,2113,-525,831,-337,137069,722,16261,-1262,390,192,-237,137090,6836,-32252,-404,590,-146,-337,137090,-10980,-30849,7347,-76,-2,-1,137069,-726,32314,1731,-102,367,157,8,3
1526,137091,24181,-1865,2113,-534,760,-345,137091,711,16261,-1264,390,192,-237,137112,6836,-32252,-427,590,-146,-375,137112,-10980,-30849,7347,-76,-2,-1,137091,-726,32314,1731,-123,367,114,8,3
1527,137113,25181,-1888,3113,-610,655,-357,137113,700,16267,-1272,393,258,-230,137134,6859,-32244,-496,610,-54,-444,137134,-10982,-30838,7376,-17,73,48,137113,-716,32301,1772,-165,439,71,8,3
1528,137135,25181,-1888,3113,-610,655,-357,137135,700,16271,-1272,393,258,-230,137156,6859,-32244,-496,610,-54,-444,137156,-10982,-30838,7386,-5,73,54,137135,-716,32301,1772,-165,455,71,8,3
1529,137157,25181,-1896,3113,-679,569,-371,137157,692,16271,-1278,387,258,-230,137178,6859,-32244,-522,610,-54,-491,137178,-10984,-30838,7386,-5,73,54,137157,-716,32301,1772,-220,455,31,8,3
1530,137179,26181,-1896,4113,-793,486,-419,137179,686,16275,-1286,377,303,-225,137200,6900,-32234,-533,569,215,-526,137200,-10997,-30830,7441,74,150,88,137179,-731,32293,1737,-287,505,-10,8,3
1531,137201,26181,-1896,4113,-793,486,-419,137201,686,16275,-1286,377,303,-224,137222,6902,-32226,-533,569,269,-526,137222,-10997,-30818,7443,74,150,88,137201,-731,32293,1737,-287,510,-10,8,3
1532,137223,26181,-1896,4113,-880,424,-466,137223,667,16273,-1303,370,303,-224,137244,6902,-32226,-533,538,269,-531,137244,-11025,-30818,7443,74,150,88,137223,-742,32293,1737,-341,510,-41,8,3
1533,137245,27181,-1864,5113,-981,375,-536,137245,624,16271,-1326,370,292,-216,137266,6988,-32213,-487,538,526,-531,137266,-11046,-30803,7486,128,249,109,137245,-780,32299,1756,-407,575,-75,8,3
1534,137267,27181,-1864,5113,-981,375,-536,137267,624,16271,-1326,370,292,-208,137288,6988,-32213,-487,551,526,-512,137288,-11046,-30803,7500,128,251,109,137267,-780,32299,1758,-407,575,-75,8,3
1535,137289,27181,-1864,5113,-1057,345,-589,137289,592,16271,-1344,370,266,-208,137310,6988,-32213,-487,551,526,-512,137310,-11062,-30803,7500,128,251,109,137289,-813,32299,1758,-457,575,-101,8,3
1536,137311,27946,-1850,6113,-1140,323,-668,137311,568,16275,-1357,375,246,-189,137332,7087,-32207,-453,536,738,-498,137332,-11088,-30794,7527,136,346,121,137311,-871,32314,1774,-493,568,-101,8,3
1537,137333,27946,-1850,6113,-1140,323,-668,137333,568,16275,-1357,375,246,-189,137354,7087,-32207,-401,536,767,-498,137354,-11088,-30794,7527,136,360,121,137333,-871,32314,1774,-493,568,-96,8,3
1538,137355,27946,-1850,6113,-1204,323,-758,137355,550,16275,-1367,375,225,-189,137376,7087,-32207,-401,510,767,-498,137376,-11107,-30794,7527,133,360,121,137355,-917,32313,1774,-508,561,-96,8,3
1539,137377,28489,-1825,7113,-1299,330,-827,137377,524,16271,-1372,364,210,-171,137398,7221,-32151,-360,505,935,-487,137398,-11128,-30799,7547,131,473,119,137377,-945,32300,1854,-519,556,-92,8,3
1540,137399,28489,-1819,7113,-1299,347,-827,137399,524,16271,-1372,364,210,-169,137420,7221,-32151,-360,505,935,-478,137420,-11128,-30799,7547,131,488,119,137399,-945,32300,1854,-519,556,-86,8,3
1541,137421,28489,-1819,7113,-1370,347,-871,137421,505,16268,-1372,356,179,-169,137442,7221,-32151,-360,505,935,-478,137442,-11128,-30803,7547,131,488,109,137421,-948,32291,1854,-529,556,-86,8,3
1542,137443,28873,-1844,8113,-1400,365,-902,137443,491,16265,-1371,350,102,-138,137464,7322,-32139,-354,562,919,-448,137464,-11127,-30806,7562,142,646,91,137443,-951,32284,1914,-542,663,-89,8,3
1543,137465,28873,-1844,8113,-1400,365,-902,137465,491,16265,-1371,350,102,-131,137486,7372,-32139,-354,581,919,-448,137486,-11127,-30819,7562,142,646,91,137465,-951,32284,1914,-542,690,-89,8,3
1544,137487,28873,-1863,8113,-1400,365,-902,137487,489,16263,-1371,350,44,-131,137508,7372,-32160,-354,581,907,-448,137508,-11127,-30824,7562,142,646,91,137487,-979,32284,1914,-564,690,-114,8,3
1545,137509,29161,-1863,9113,-1388,376,-896,137509,489,16261,-1369,352,0,-99,137530,7491,-32176,-213,653,907,-434,137530,-11173,-30824,7571,70,449,160,137509,-1026,32297,1955,-568,795,-133,8,3
1546,137531,29213,-1839,9113,-1383,419,-889,137531,509,16261,-1369,353,0,-99,137552,7511,-32176,-213,653,925,-434,137552,-11173,-30800,7571,70,449,160,137531,-1026,32315,1955,-568,795,-133,8,3
1547,137553,29213,-1839,9113,-1383,419,-889,137553,509,16259,-1369,353,-29,-99,137574,7511,-32188,-213,617,925,-434,137574,-11207,-30800,7571,13,301,160,137553,-1127,32315,1955,-568,708,-133,8,3
1548,137575,29552,-1807,10113,-1299,508,-879,137575,534,16259,-1368,355,-50,-71,137596,7569,-32218,-191,590,909,-407,137596,-11247,-30778,7588,-26,203,180,137575,-1203,32322,1986,-439,525,51,8,3
1549,137597,29560,-1773,10113,-1299,508,-879,137597,534,16276,-1366,355,-50,-71,137618,7569,-32218,-191,590,909,-407,137618,-11247,-30770,7588,-26,203,180,137597,-1203,32322,1986,-439,525,51,8,3
1550,137619,29560,-1773,10113,-1299,508,-879,137619,534,16276,-1366,355,-50,-71,137640,7455,-32218,-191,582,897,-407,137640,-11263,-30770,7588,-40,175,154,137619,-1203,32322,1986,-439,453,51,8,3
1551,137641,29798,-1713,11113,-1234,353,-823,137641,525,16299,-1336,342,-6,-82,137662,7369,-32187,-169,576,890,-349,137662,-11297,-30761,7607,-51,154,102,137641,-1154,32327,2005,-388,311,147,8,3
1552,137663,29798,-1713,11113,-1234,353,-813,137663,525,16299,-1336,342,66,-82,138564,7369,-32187,-165,576,890,-346,138564,-11297,-30761,7631,-51,154,102,137663,-1154,32327,2005,-388,311,147,9,3
1553,138565,29798,-1782,11113,-1234,237,-813,138565,518,16299,-1336,321,66,-104,138586,7369,-32187,-165,571,885,-346,138586,-11322,-30761,7631,-51,154,63,138565,-1154,32327,2005,-388,205,147,9,3
1554,138587,29882,-1834,12008,-1185,170,-760,138587,489,16291,-1344,305,198,-120,138608,7459,-32164,-101,565,885,-308,138608,-11373,-30768,7663,-31,260,34,138587,-1141,32323,2069,-349,205,180,9,3
1555,138609,29882,-1834,12008,-1185,170,-760,138609,489,16291,-1344,305,198,-120,138630,7459,-32164,-101,565,892,-308,138630,-11373,-30768,7663,-31,260,34,138609,-1141,32323,2069,-329,223,180,9,3
1556,138631,29882,-1834,12008,-1185,170,-760,138631,463,16285,-1352,305,198,-120,138652,7459,-32170,-101,561,892,-308,138652,-11391,-30768,7663,-31,260,11,138631,-1141,32323,2069,-329,223,180,9,3
1557,138653,29955,-1823,12704,-1144,258,-720,138653,443,16285,-1358,329,214,-91,138674,7432,-32175,-97,522,905,-306,138674,-11397,-30762,7695,-3,346,-5,138653,-1195,32320,2087,-264,360,188,9,3
1558,138675,29955,-1823,12708,-1144,258,-720,138675,443,16286,-1358,331,214,-91,138696,7432,-32175,-109,522,929,-306,138696,-11397,-30750,7703,-3,350,-5,138675,-1195,32320,2087,-264,368,188,9,3
1559,138697,29955,-1823,12708,-1144,258,-720,138697,443,16286,-1364,331,214,-91,138718,7432,-32175,-116,493,929,-306,138718,-11401,-30750,7703,-3,350,-5,138697,-1206,32318,2087,-264,368,188,9,3
1560,138719,29992,-1819,13229,-1124,328,-703,138719,447,16287,-1368,348,226,-69,138740,7476,-32145,-131,471,948,-305,138740,-11420,-30734,7711,32,413,4,138719,-1224,32316,2107,-221,454,187,9,3
1561,138741,29992,-1819,13229,-1124,328,-703,138741,447,16287,-1368,348,255,-69,138762,7478,-32143,-131,471,948,-290,138762,-11420,-30734,7711,32,418,4,138741,-1224,32316,2131,-221,454,187,9,3
1562,138763,29992,-1824,13229,-1124,328,-709,138763,447,16286,-1371,348,255,-69,138784,7478,-32143,-131,452,948,-290,138784,-11434,-30734,7711,32,418,-5,138763,-1238,32316,2131,-221,406,187,9,3
1563,138785,30036,-1828,13639,-1151,372,-728,138785,414,16285,-1373,361,252,-50,138806,7482,-32147,-124,408,962,-278,138806,-11445,-30722,7715,16,472,-44,138785,-1252,32325,2158,-189,361,193,9,3
1564,138807,30036,-1828,13639,-1151,372,-728,138807,414,16285,-1373,362,252,-38,138828,7482,-32147,-58,408,1009,-278,138828,-11445,-30714,7717,16,472,-44,138807,-1252,32333,2158,-189,361,193,9,3
1565,138829,30036,-1831,13639,-1171,369,-738,138829,409,16285,-1373,362,226,-38,138850,7482,-32147,-58,372,1009,-278,138850,-11445,-30714,7717,-18,456,-73,138829,-1263,32333,2158,-189,327,193,9,3
1566,138851,30063,-1831,13953,-1176,335,-745,138851,409,16291,-1372,368,205,-7,138872,7485,-32142,-33,322,1127,-269,138872,-11473,-30691,7745,-71,429,-95,138851,-1279,32333,2168,-185,288,197,9,3
1567,138873,30063,-1823,13979,-1176,335,-745,138873,423,16291,-1371,368,205,-7,138894,7533,-32142,-33,322,1136,-269,138894,-11473,-30681,7745,-71,429,-95,138873,-1279,32333,2178,-185,288,197,9,3
1568,138895,30063,-1823,13979,-1176,308,-745,138895,423,16291,-1371,367,204,-7,138916,7533,-32142,-33,297,1136,-269,138916,-11473,-30681,7745,-111,409,-111,138895,-1317,32333,2178,-185,214,197,9,3
1569,138917,30109,-1837,14176,-1124,288,-733,138917,441,16293,-1372,362,204,-4,138938,7548,-32118,-62,294,1141,-239,138938,-11472,-30688,7758,-120,369,-117,138917,-1345,32327,2201,-160,100,226,9,3
1570,138939,30109,-1837,14176,-1124,288,-729,138939,441,16293,-1372,362,228,-4,138960,7548,-32118,-62,294,1141,-239,138960,-11462,-30688,7758,-120,369,-117,138939,-1345,32315,2201,-160,100,231,9,3
1571,138961,30109,-1847,14176,-1124,273,-729,138961,441,16293,-1373,358,228,-5,138982,7535,-32118,-78,294,1131,-239,138982,-11462,-30688,7758,-125,369,-122,138961,-1345,32311,2172,-160,33,231,9,3
1572,138983,30168,-1857,14304,-1106,262,-722,138983,452,16292,-1375,354,268,-7,139004,7515,-32100,-90,315,1114,-234,139004,-11420,-30686,7734,-125,387,-132,138983,-1296,32297,2151,-162,33,214,9,3
1573,139005,30170,-1857,14304,-1106,262,-722,139005,452,16292,-1375,354,268,-7,139026,7515,-32100,-90,318,1114,-234,139026,-11420,-30686,7734,-36,616,-132,139005,-1296,32297,2151,-162,88,214,9,3
1574,139027,30170,-1864,14304,-1114,249,-722,139027,452,16291,-1375,351,268,-9,139048,7502,-32100,-91,318,1101,-261,139048,-11450,-30686,7734,-36,616,-193,139027,-1296,32280,2151,-162,88,194,9,3
1575,139049,30215,-1890,14396,-1159,194,-726,139049,452,16290,-1364,348,263,-10,139070,7502,-32084,-92,350,1054,-295,139070,-11487,-30672,7670,-4,1575,-319,139049,-1308,32270,2175,-143,512,124,9,3
1576,139071,30215,-1890,14396,-1159,194,-726,139071,452,16290,-1363,348,263,-10,139092,7552,-32056,-92,350,1054,-295,139092,-11487,-30672,7670,-4,1721,-319,139071,-1308,32270,2175,-122,751,124,9,3
1577,139093,30215,-1923,14396,-1205,126,-734,139093,433,16290,-1363,346,247,-17,139114,7552,-32056,-92,350,1010,-367,139114,-11501,-30708,7622,-4,1721,-482,139093,-1321,32270,2175,-122,751,72,9,3
1578,139115,30231,-1950,14465,-1339,52,-748,139115,373,16313,-1327,344,213,-48,139136,7628,-32013,-81,421,844,-525,139136,-11501,-30745,7488,-1,2871,-851,139115,-1326,32278,2177,26,2227,32,9,3
1579,139137,30231,-1950,14579,-1339,52,-748,139137,373,16313,-1321,344,213,-48,139158,7628,-32013,-81,439,844,-525,139158,-11501,-30745,7488,-1,2871,-851,139137,-1326,32272,2177,76,2227,32,9,3
1580,139159,30229,-1984,14579,-1500,-47,-800,139159,317,16313,-1321,343,150,-94,139180,7539,-32043,-102,439,719,-644,139180,-11501,-30766,7400,-1,2871,-1128,139159,-1326,32278,2164,76,2227,-28,9,3
1581,139181,30228,-2044,14680,-1744,-214,-871,139181,217,16351,-1291,343,43,-151,139202,7472,-32084,-102,548,719,-737,139202,-11471,-30766,7378,-99,3626,-1367,139181,-1274,32272,2155,234,3066,-99,9,3
1582,139203,30228,-2044,14680,-1744,-214,-871,139203,217,16351,-1291,371,43,-151,139224,7472,-32084,-88,564,760,-737,139224,-11471,-30766,7378,-99,3626,-1367,139203,-1274,32272,2155,234,3066,-99,9,3
1583,139225,30228,-2044,14680,-1932,-421,-921,139225,142,16351,-1291,371,-43,-194,139246,7472,-32114,-88,564,760,-846,139246,-11589,-30766,7361,-179,3626,-1630,139225,-1283,32268,2148,234,3066,-152,9,3
1584,139247,30355,-2021,14686,-2073,-849,-921,139247,93,16366,-1273,479,-337,-228,139268,7498,-32114,-134,646,1210,-1004,139268,-11677,-30766,7340,-255,3823,-2411,139247,-1386,32268,2055,423,3424,-152,9,3
1585,139269,30479,-1963,14686,-2073,-849,-910,139269,93,16366,-1273,489,-337,-228,139290,7620,-32114,-134,649,1269,-1004,139290,-11677,-30766,7340,-255,3823,-2411,139269,-1386,32277,2055,423,3424,-148,9,3
1586,139291,30479,-1963,14602,-2084,-1329,-910,139291,78,16366,-1273,489,-686,-253,139312,7620,-32149,-220,649,1269,-1209,139312,-11721,-30796,7219,-344,3823,-3293,139291,-1495,32277,1985,423,3424,-148,9,3
1587,139313,30931,-1804,14255,-2084,-2128,-796,139313,74,16445,-1179,545,-947,-470,139334,7743,-32149,-357,712,1813,-1550,139334,-11721,-30819,7094,-438,3232,-4670,139313,-1577,32287,1888,565,3166,-3,9,3
1588,139335,30931,-1804,14255,-2044,-2128,-749,139335,74,16480,-1178,545,-947,-470,139356,7743,-32099,-357,798,1813,-1550,139356,-11704,-30822,7094,-438,3232,-4670,139335,-1577,32287,1888,575,3166,103,9,3
1589,139357,30931,-1804,13793,-2044,-2953,-749,139357,74,16480,-1178,451,-979,-817,139378,7743,-32099,-483,798,1813,-1891,139378,-11704,-30836,7000,-509,2578,-6194,139357,-1664,32287,1856,575,2962,103,9,3
1590,139379,31158,-1883,13214,-2011,-4101,-588,139379,101,16495,-1023,-39,-979,-1620,139400,7867,-32075,-766,1140,1845,-2465,139400,-11629,-30979,6780,-509,1421,-7945,139379,-1782,32295,1832,645,2809,479,9,3
1591,139401,31158,-1883,13214,-2011,-4101,-588,139401,101,16495,-971,-39,-792,-1620,139422,8025,-32038,-766,1345,1845,-2465,139422,-10949,-30979,6780,-407,1421,-7945,139401,-1782,32347,1832,689,2809,671,9,3
1592,139423,31158,-1944,12506,-2011,-5133,-742,139423,101,16366,-971,-667,-792,-2532,139444,8025,-32038,-928,1345,1845,-3296,139444,-10949,-31086,6615,-407,257,-9258,139423,-1870,32347,1832,689,2632,671,9,3
1593,139445,31188,-2438,11757,-2426,-6246,-1873,139445,-38,16125,-804,-1138,-203,-3832,139466,8427,-31780,-934,2004,1845,-5021,139466,-10029,-31166,6417,-179,-1560,-10177,139445,-2052,32394,1910,791,1865,1751,9,3
1594,139467,31188,-2438,11757,-2426,-6246,-1873,139467,-38,16125,-789,-1138,154,-3832,139488,8557,-31286,-934,2004,1845,-5021,139488,-9949,-31166,6417,-120,-1560,-10177,139467,-2052,32394,1984,896,1865,2152,9,3
1595,139489,31188,-2808,11067,-3104,-7337,-3327,139489,-180,15978,-789,-1353,154,-5051,139510,8557,-31286,-934,2004,1845,-6315,139510,-9949,-31366,6312,-120,-2950,-10566,139489,-2189,32394,1994,896,1020,2152,9,3
1596,139511,30723,-3058,10067,-4611,-9337,-4417,139511,-364,15978,-523,-1364,1170,-5965,139532,9557,-30286,-938,2514,2830,-6315,139532,-8979,-31518,6194,177,-3992,-10858,139511,-2291,31951,2040,1617,386,4152,9,3
1597,139533,30723,-3058,10067,-4611,-9337,-4417,139533,-364,16008,-496,-1364,1213,-5965,139554,9557,-30286,-938,2514,2830,-4315,139554,-8979,-31518,6194,215,-3992,-10858,139533,-2291,31951,2040,1974,386,4152,9,3
1598,139555,29723,-3058,9067,-5741,-11337,-4417,139555,-725,16008,-496,-1364,1213,-6505,139576,9557,-30286,-941,1920,2830,-4315,139576,-8979,-31592,6157,215,-3992,-11090,139555,-2291,31313,1698,1974,337,4152,9,3
1599,139577,28723,-2058,8067,-6019,-13337,-3707,139577,-1602,15921,-277,-1236,1982,-6910,139598,8912,-29286,-1117,1812,4083,-2315,139598,-8252,-31592,6157,969,-3892,-11965,139577,-1616,31061,963,2737,300,6152,9,3
1600,139599,28723,-2058,8067,-6019,-13337,-3620,139599,-1602,15921,-277,-1236,1982,-6910,139620,8912,-29286,-1117,1812,4132,-2315,139620,-7979,-31434,6709,1162,-3845,-11965,139599,-1291,31061,963,2737,300,6152,9,3
1601,139621,27723,-2058,7067,-6019,-15337,-3620,139621,-2260,15607,-277,-1236,1982,-7214,139642,8912,-29286,-1117,1731,4132,-4315,139642,-7979,-31434,6709,1162,-3845,-12621,139621,-1291,30872,412,2737,249,6152,9,3
1602,139643,26723,-1058,6067,-4352,-17337,-3556,139643,-2588,15372,-336,-2032,144,-7962,139664,9912,-28286,-639,1670,5108,-6315,139664,-6979,-30434,7223,1792,-3256,-12860,139643,-291,30730,-7,2044,-1370,8152,9,3
1603,139665,26723,-1058,6067,-4019,-17337,-3556,139665,-2588,15372,-336,-2032,144,-7962,139686,9912,-28286,-431,1670,5108,-6315,139686,-6979,-30434,7223,1792,-3199,-12860,139665,-291,30730,-7,2044,-1370,8152,9,3
1604,139687,26714,-1058,5067,-4019,-19337,-3595,139687,-2588,15058,-336,-3121,-1233,-8922,139708,9912,-28286,-431,1625,5016,-8315,139708,-6979,-30434,7223,1792,-3199,-12860,139687,-291,30730,-321,1511,-2584,8152,9,3
1605,139709,26714,-1399,4118,-2541,-21055,-3887,139709,-2335,14570,-302,-4109,-1392,-10250,139730,10912,-27286,300,1156,3016,-10315,139730,-5979,-30281,7609,1957,-2243,-12569,139709,709,30735,-660,791,-3297,9641,9,3
1606,139731,26739,-1399,4118,-2541,-21055,-3887,139731,-2335,14570,-302,-4109,-1392,-10250,139752,10912,-27286,300,1156,3016,-10315,139752,-5979,-30281,7777,1957,-1199,-12345,139731,709,30735,-660,791,-3297,9641,9,3
1607,139753,26739,-1717,3184,-2541,-21997,-4052,139753,-2353,14204,-336,-4359,-1392,-11246,139774,10912,-27286,300,551,1016,-12315,139774,-5979,-30340,7777,1957,-1199,-12345,139753,709,30735,-660,209,-3297,9641,9,3
1608,139775,26992,-1955,2184,-1433,-22653,-4176,139775,-3353,13964,-362,-4359,-389,-11956,139796,11776,-26286,849,-1377,-984,-14315,139796,-4979,-30340,8436,1688,174,-11231,139775,1709,30495,-571,-587,-2146,10011,9,3
1609,139797,27192,-1955,2184,-1131,-22653,-4176,139797,-3353,13964,-362,-3898,-389,-11956,139818,11776,-26286,849,-1377,-984,-14315,139818,-4979,-30340,8436,1688,174,-10896,139797,1709,30495,-383,-587,-1733,10011,9,3
1610,139819,27192,-2006,1184,-1131,-22653,-4176,139819,-4353,13794,-429,-3898,-389,-12266,139840,11776,-26286,849,-1463,-1194,-16315,139840,-4979,-30289,8436,1486,174,-10896,139819,1709,30315,-383,-1184,-1733,9836,9,3
1611,139841,27660,-2006,184,-307,-21784,-4114,139841,-5353,13656,-429,-3580,-1281,-12458,139862,11836,-25286,774,-1527,-1352,-17988,139862,-3979,-30289,8457,1486,371,-8896,139841,2709,29922,-653,-1632,-560,8758,9,3
1612,139863,27660,-1776,184,-307,-21548,-3752,139863,-5353,13656,-421,-3580,-1281,-12458,139884,11836,-25286,774,-1527,-1352,-17988,139884,-3979,-29289,8457,1535,371,-8896,139863,2709,29922,-653,-1632,-560,8758,9,3
1613,139885,26660,-1776,-816,-307,-21548,-3752,139885,-6043,13292,-421,-3875,-2454,-12531,139906,11836,-25286,678,-1575,-1470,-19120,139906,-3979,-29289,8457,1535,371,-8896,139885,2709,29457,-695,-1968,-560,7883,9,3
1614,139907,25660,-1521,-1816,311,-20162,-3276,139907,-6560,12892,579,-4169,-3334,-12531,139928,12836,-24286,150,-3423,-1559,-20240,139928,-2979,-28289,8500,1877,-154,-6959,139907,3709,29177,-839,-2834,-719,6782,9,3
1615,139929,25660,-1377,-1816,736,-19570,-2778,139929,-6560,12892,579,-4169,-3334,-12364,139950,12836,-24286,150,-3423,-1559,-20240,139950,-2979,-28289,8572,2101,-154,-6896,139929,3709,29177,-839,-2834,-719,6782,9,3
1616,139951,24660,-1377,-2816,736,-19570,-2778,139951,-7560,12095,579,-4662,-3408,-12364,139972,12836,-24286,-87,-4895,-1559,-20809,139972,-2979,-28752,8572,2101,-764,-6896,139951,3709,29177,-839,-3718,-1313,5871,9,3
1617,139973,23660,-1078,-3816,1518,-17892,-1687,139973,-8560,11463,1579,-5366,-3408,-12126,139994,11836,-23286,-123,-6357,-1184,-21230,139994,-1979,-28822,8831,3241,-1222,-5222,139973,4709,29230,-515,-4667,-1758,4851,9,3
1618,139995,23660,-1078,-3816,1574,-17798,-1652,139995,-8560,11463,1579,-5366,-3146,-12115,140016,11836,-23286,-123,-6357,-1184,-21230,140016,-1979,-28822,9007,3241,-1222,-4896,139995,4709,29270,-307,-4667,-1758,4851,9,3
1619,140017,22660,-1078,-4816,1574,-17798,-1652,140017,-9560,10814,1579,-5960,-3146,-12115,140038,10836,-23286,-123,-7095,-1184,-21230,140038,-1979,-28860,9007,3241,-1222,-4896,140017,4709,29272,-307,-5379,-1758,4001,9,3
1620,140039,21660,-1014,-5816,1641,-16187,-1067,140039,-10560,10123,2467,-6441,-2950,-11635,140060,9836,-22286,-150,-7095,-957,-20653,140060,-1148,-28860,9615,3528,-167,-3254,140039,5709,29300,91,-5743,-439,2926,9,3
1621,140061,21660,-1014,-5816,1641,-16187,-1067,140061,-10560,10123,2467,-6441,-2540,-11466,140082,9836,-22286,-150,-6989,-957,-19636,140082,-1148,-28860,9733,3528,-98,-3254,140061,5709,29344,293,-5743,-439,2926,9,3
1622,140083,20660,-1014,-6816,1441,-16187,-1067,140083,-11560,9491,2467,-6662,-2540,-11466,140104,8836,-22286,-462,-6989,-957,-19636,140104,-1148,-28889,9733,3207,-98,-3254,140083,5709,29344,293,-5743,-439,1606,9,3
1623,140105,19660,-1116,-7816,950,-14790,-780,140105,-12560,8803,3060,-6662,-2082,-10632,140126,7836,-21286,-728,-6423,-1060,-17636,140126,-794,-28889,10277,2272,82,-2219,140105,6709,29559,1017,-5583,97,616,9,3
1624,140127,19660,-1116,-7816,950,-14790,-780,140127,-12560,8803,3060,-6566,-2082,-10328,140148,7836,-21286,-728,-6353,-1060,-17636,140148,-794,-27889,10277,2272,82,-2219,140127,6709,29702,1101,-5375,97,616,9,3
1625,140149,18660,-1116,-8816,356,-14790,-780,140149,-13453,8228,3060,-6566,-2082,-10328,140170,6836,-21286,-928,-6353,-1060,-17636,140170,-794,-27889,10277,1571,-345,-2219,140149,6709,29702,1101,-5375,97,103,9,3
1626,140171,17660,-736,-9816,-88,-13439,-744,140171,-14095,7722,3873,-5943,-1986,-9065,140192,5836,-20286,-1078,-5705,-730,-15636,140192,-185,-28536,10479,1400,-665,-1502,140171,7709,29814,1955,-4875,216,-281,9,3
1627,140193,17660,-736,-9816,-88,-13046,-744,140193,-14095,7722,4060,-5415,-1986,-8664,140214,5836,-20286,-1078,-5354,-581,-15636,140214,-161,-28536,10479,1400,-665,-1439,140193,7709,29814,1955,-4856,233,-281,9,3
1628,140215,17660,-736,-10816,-368,-13046,-744,140215,-14386,7392,4060,-5415,-1986,-8664,140236,4836,-20286,-1266,-5354,-511,-15636,140236,-161,-28536,10479,1400,-665,-1439,140215,7709,29814,1955,-4856,233,-569,9,3
1629,140237,18660,-791,-11816,-578,-11046,-650,140237,-14604,7124,4995,-4418,-1891,-7043,140258,4836,-19286,-1821,-3605,-333,-13636,140258,379,-29260,10727,1690,-141,-696,140237,8657,29876,2430,-4024,379,-1035,9,3
1630,140259,18660,-791,-11816,-578,-11046,-650,140259,-14604,7124,4995,-4363,-1758,-6850,140280,5836,-19286,-1821,-3527,0,-13636,140280,379,-29260,10915,1690,-141,-692,140259,8657,29876,2430,-3933,475,-1035,9,3
1631,140281,18660,-833,-12816,-771,-11046,-650,140281,-14649,6923,4995,-4363,-1758,-6850,140302,5836,-19286,-2191,-3527,86,-13636,140302,379,-29803,10915,1584,-141,-692,140281,8657,29876,2430,-3933,475,-1384,9,3
1632,140303,19660,-833,-13816,-1008,-9392,-791,140303,-14649,6692,5427,-3381,-1483,-5114,140324,6836,-18286,-2469,-2240,102,-11636,140324,552,-30260,11242,947,-423,-190,140303,9160,29949,2772,-3101,657,-1541,9,3
1633,140325,19660,-656,-13816,-1008,-9046,-791,140325,-14495,6692,5427,-3261,-1469,-5021,140346,6836,-18286,-2469,-2240,287,-11636,140346,580,-30260,11282,947,-423,-190,140325,9160,29949,2772,-3101,657,-1541,9,3
1634,140347,19660,-656,-14506,-1064,-9046,-804,140347,-14495,6519,5427,-3261,-1469,-5021,140368,6836,-18286,-2469,-2240,287,-11636,140368,580,-30735,11282,469,-634,-190,140347,9160,29949,2772,-3101,657,-1541,9,3
1635,140369,20660,-401,-15023,-1106,-7167,-814,140369,-14337,6399,5712,-2080,-1030,-3535,140390,7836,-17286,-2469,-1361,464,-9636,140390,731,-31091,11425,166,-634,69,140369,9464,29997,3039,-2518,610,-1507,9,3
1636,140391,20660,-395,-15023,-1106,-7062,-814,140391,-14300,6399,5712,-1990,-960,-3517,140412,7836,-17286,-2459,-1361,691,-9636,140412,731,-31091,11425,166,-468,69,140391,9464,29997,3099,-2518,610,-1454,9,3
1637,140413,20660,-395,-15411,-1118,-7062,-821,140413,-14300,6389,5712,-1990,-960,-3517,140434,7836,-17286,-2459,-1361,691,-9636,140434,731,-31306,11425,-61,-468,69,140413,9464,29997,3099,-2518,548,-1454,9,3
1638,140435,21660,-198,-15948,-1118,-5193,-826,140435,-14050,6389,5919,-1037,-521,-2377,140456,6836,-16286,-2304,-645,1127,-7636,140456,814,-31467,11536,-285,-321,337,140435,9642,30101,3418,-2001,399,-1247,9,3
1639,140457,21660,-108,-15948,-1020,-5180,-826,140457,-14050,6410,5919,-1037,-473,-2376,140478,6836,-16286,-2278,-271,1171,-7636,140478,876,-31467,11536,-285,-321,337,140457,9642,30111,3514,-1857,399,-1205,9,3
1640,140479,21660,-108,-16441,-1020,-5180,-830,140479,-14050,6410,5919,-1037,-473,-2376,140500,5836,-16286,-2278,-271,1171,-7636,140500,946,-31642,11536,-593,-321,337,140479,9642,30111,3514,-1857,107,-1205,9,3
1641,140501,22660,91,-17204,-661,-3486,-830,140501,-14052,6486,5992,-308,-12,-1492,140522,4836,-15286,-2142,1025,1667,-5636,140522,1055,-31787,11496,-905,-280,603,140501,9823,30195,3583,-1026,-111,-932,9,3
1642,140523,22660,91,-17204,-624,-3180,-824,140523,-14052,6530,5992,-239,38,-1446,140544,4836,-15286,-2142,1350,1667,-5636,140544,1055,-31787,11496,-905,-280,611,140523,9853,30195,3583,-841,-111,-932,9,3
1643,140545,21660,91,-17875,-624,-3180,-824,140545,-14168,6530,5992,-239,38,-1446,140566,3836,-15286,-2142,1350,1667,-5636,140566,1029,-31896,11466,-920,-280,611,140545,9853,30195,3583,-841,-111,-932,9,3
1644,140567,20660,220,-18436,-249,-1308,-820,140567,-14383,6645,6046,486,411,-565,140588,2836,-14286,-1940,2566,2016,-3636,140588,1008,-31964,11425,-931,322,937,140567,9989,30230,3441,96,186,-754,9,3
1645,140589,20660,220,-18436,-217,-1180,-820,140589,-14383,6645,6046,568,411,-432,140610,2836,-14286,-1788,2566,2016,-3636,140610,1008,-31964,11425,-931,477,937,140589,9991,30230,3441,108,495,-754,9,3
1646,140611,19660,220,-18733,-217,-1180,-820,140611,-14565,6645,6046,568,411,-432,140632,1836,-14286,-1788,2566,2016,-3636,140632,974,-31971,11425,-939,477,937,140611,9991,30230,3334,108,495,-754,9,3
1647,140633,18660,-160,-18947,85,820,-888,140633,-14693,6757,5920,1281,691,638,140654,836,-13286,-1217,3439,1950,-1636,140654,948,-31971,11496,-1256,1324,1107,140633,10093,30266,3334,893,964,-678,9,3
1648,140655,18660,-160,-18947,85,820,-888,140655,-14693,6840,5920,1426,893,1045,140676,836,-13286,-1199,3533,1950,-1636,140676,948,-31894,11550,-1256,1362,1107,140655,10095,30356,3358,1146,1734,-678,9,3
1649,140677,17660,-533,-18947,1,820,-1127,140677,-14694,6840,5699,1426,893,1045,140698,836,-13286,-1199,3533,1950,-1636,140698,847,-31894,11564,-1824,1362,1107,140677,10095,30356,3358,1146,1734,-678,9,3
1650,140699,16660,-837,-18934,-272,2820,-1306,140699,-14694,6990,5423,2305,1284,2477,140720,1836,-13170,-665,4451,1986,364,140720,393,-31894,11389,-2980,1627,1063,140699,10109,30451,3376,2385,2663,-687,9,3
1651,140721,16660,-837,-18872,-272,2820,-1306,140721,-14674,6990,5423,2455,1284,2608,140742,1836,-13170,-665,4596,2216,364,140742,393,-31826,11389,-2980,1627,1063,140721,10109,30483,3376,2671,2663,-687,9,3
1652,140743,15660,-1077,-18872,-674,2820,-1411,140743,-14674,6990,5178,2455,1284,2608,140764,1836,-13389,-665,4596,2216,364,140764,53,-31826,11151,-3847,1613,1063,140743,10109,30483,3276,2671,2663,-766,9,3
1653,140765,14660,-1257,-18196,-1054,4820,-1489,140765,-14569,7378,4939,3574,1750,3986,140786,2836,-14389,-270,5423,3139,2364,140786,53,-30826,10649,-4414,1400,1094,140765,10061,30544,3077,3747,2664,-888,9,3
1654,140787,14660,-1257,-18082,-1054,4820,-1489,140787,-14470,7540,4939,3654,1750,4071,140808,2836,-14389,-270,5423,3192,2364,140808,186,-30826,10649,-4414,1400,1288,140787,10061,30568,3077,3747,2664,-888,9,3
1655,140809,13660,-1392,-18082,-1366,4820,-1575,140809,-14470,7540,4754,3654,1750,4071,140830,2836,-15389,-270,5423,3192,2364,140830,186,-30826,10200,-4454,1220,1288,140809,10061,30568,2609,3747,2510,-1204,9,3
1656,140831,12660,-1419,-17082,-1885,6820,-1704,140831,-14007,8312,4612,4467,2087,5383,140852,3836,-16389,201,5110,4159,4364,140852,149,-29826,9832,-4454,620,1879,140831,10131,30746,2122,4169,2349,-1704,9,3
1657,140853,12660,-1419,-17082,-1885,6820,-1704,140853,-13837,8504,4612,4467,2087,5502,140874,3836,-16389,243,5110,4459,4364,140874,149,-29826,9832,-4189,620,2274,140853,10131,30764,2122,4169,2349,-1704,9,3
1658,140875,12660,-1419,-17082,-2274,6820,-1798,140875,-13837,8504,4501,4467,2087,5502,140896,3836,-17389,243,4804,4459,4364,140896,149,-29826,9418,-4189,170,2274,140875,10131,30764,1757,4169,1859,-2301,9,3
1659,140897,13660,-1242,-16082,-2446,8820,-1798,140897,-12837,9504,4188,4714,2556,6850,140918,4836,-18389,802,4289,6158,6364,140918,100,-28826,9245,-3479,-543,3687,140897,10184,30615,1279,3345,-94,-3004,9,3
1660,140919,13660,-1242,-16082,-2446,8820,-1748,140919,-12837,9504,4188,4714,2690,6914,140940,4836,-18389,1088,4289,6158,6364,140940,100,-28826,9245,-3479,-543,4257,140919,10184,30615,1279,3345,-94,-3004,9,3
1661,140941,13660,-1242,-16082,-2446,8820,-1748,140941,-12837,9504,3819,4708,2690,6914,140962,4836,-19389,1088,3457,6158,6364,140962,-30,-28826,9191,-3479,-543,4257,140941,10050,30569,921,2629,-1784,-3987,9,3
1662,140963,14660,-1177,-15082,-2103,10820,-1160,140963,-11837,10504,3066,4406,3423,8206,140984,5836,-20389,1934,2169,7209,8364,140984,-614,-29581,9151,-2972,-516,6257,140963,9765,30569,526,1623,-2826,-5597,9,3
1663,140985,14660,-1177,-15082,-2072,10820,-1077,140985,-11837,10504,3066,4406,3423,8384,141006,5836,-20389,1946,2169,7209,8364,141006,-614,-29581,9151,-2972,-516,6257,140985,9765,30569,526,1623,-2826,-5597,9,3
1664,141007,14660,-1177,-15082,-2072,10820,-1077,141007,-11837,10504,2270,4027,3423,8384,141028,5836,-21187,1946,556,7194,8364,141028,-1324,-30017,9013,-2972,-516,6257,141007,9439,30569,356,687,-2860,-7330,9,3
1665,141029,15660,-1198,-14082,-1859,12820,-621,141029,-10837,11130,1580,3664,3379,9816,141050,6836,-21704,2299,-1406,6569,10364,141050,-2220,-30316,8859,-2835,-489,8257,141029,8649,30569,-141,-250,-2860,-9287,9,3
1666,141051,15660,-1198,-14082,-1859,12820,-621,141051,-10837,11130,1580,3664,3379,9945,141072,6836,-21704,2299,-1406,6569,10364,141072,-2220,-30316,8859,-2835,-489,8257,141051,8649,30569,-141,-250,-2145,-9287,9,3
1667,141073,15660,-1280,-14082,-1859,12820,-621,141073,-10837,11130,1125,3334,3032,9945,141094,6836,-21754,2299,-2878,5400,10364,141094,-3220,-30429,8744,-2835,-489,8257,141073,8016,30569,-141,-1162,-2145,-10992,9,3
1668,141095,16389,-1342,-13082,-1945,14820,-418,141095,-9837,11315,870,3086,1975,11128,141116,7836,-22129,2416,-3969,3590,12364,141116,-4220,-30449,8540,-2871,-497,10080,141095,7088,30628,172,-2007,-1609,-12367,9,3
1669,141117,16389,-1342,-13082,-1945,14820,-418,141117,-9837,11315,870,3086,1975,11128,141138,7836,-22129,2416,-3969,3590,12364,141138,-4220,-30449,8540,-2871,-497,10080,141117,7088,30819,282,-2007,-1559,-12367,9,3
1670,141139,16389,-1342,-13082,-2033,14820,-418,141139,-9837,11315,732,3086,1100,11128,141160,7836,-22410,2416,-4062,1868,12364,141160,-5220,-30449,8377,-2871,-497,10080,141139,6088,30819,282,-2641,-1559,-13219,9,3
1671,141161,17060,-1244,-12082,-2099,16820,-170,141161,-8837,11453,576,3111,444,11855,141182,8141,-23410,2208,-4062,-132,14364,141182,-6220,-30464,8160,-2831,-206,10848,141161,5088,30968,565,-3116,-1104,-13640,9,3
1672,141183,17262,-1154,-12082,-2099,16820,-84,141183,-8837,11565,576,3383,444,11855,141204,8141,-23410,2208,-3353,-132,14364,141204,-6220,-30464,8160,-2487,349,10848,141183,5088,31074,565,-3116,-1104,-13640,9,3
1673,141205,17262,-1154,-12082,-2099,16820,-84,141205,-8837,11565,421,3383,-48,11855,141226,8141,-24410,1208,-3353,-2132,14364,141226,-7124,-30710,7714,-2487,349,10848,141205,4088,31074,565,-3686,-1104,-13745,9,3
1674,141227,18262,-939,-11082,-1820,17202,434,141227,-7837,12277,305,3853,-674,12189,141248,8756,-25410,398,-2654,-3217,15886,141248,-8120,-30894,7379,-1681,427,11278,141227,3088,31113,569,-4470,-414,-13745,9,3
1675,141249,18262,-869,-11082,-1685,17202,434,141249,-7837,12387,305,3853,-674,12189,141270,8756,-25410,398,-2654,-3217,15886,141270,-8120,-30894,7379,-1611,427,11278,141249,3088,31113,569,-4470,-414,-13611,9,3
1676,141271,18262,-869,-11082,-1685,16963,434,141271,-7837,12387,305,3853,-1185,12189,141292,8756,-25410,-175,-2654,-3217,15876,141292,-9120,-30894,7379,-1611,269,11278,141271,2088,31113,569,-5058,-414,-13611,9,3
1677,141293,17262,-911,-10082,-1430,15694,399,141293,-6837,13254,556,4160,-1568,11982,141314,8625,-24410,-353,-3567,-1217,13876,141314,-10120,-30746,7470,-954,151,9278,141293,1088,30113,934,-5058,92,-12621,9,3
1678,141315,17262,-911,-10082,-1430,15694,399,141315,-6837,13369,629,4160,-1568,11982,141336,8625,-24410,-353,-3567,-1217,13876,141336,-10120,-30746,7638,-954,151,9278,141315,1088,30113,1366,-4497,92,-11611,9,3
1679,141337,16262,-1009,-10082,-1430,14033,302,141337,-6837,13369,629,4160,-1568,11520,141358,8527,-24410,-353,-3567,-1217,11876,141358,-10871,-30746,7638,-954,151,7278,141337,108,29113,1366,-4497,-760,-11611,9,3
1680,141359,15262,-1082,-9082,-1370,12033,230,141359,-5837,14369,338,3921,-310,9520,141380,7527,-25410,-232,-2866,-931,9876,141380,-10871,-30725,7832,-1237,291,5278,141359,-187,28113,1568,-2497,-1399,-9611,9,3
1681,141381,15262,-1082,-9082,-1370,12033,230,141381,-5837,14369,338,3921,107,9520,141402,7527,-25410,-232,-2733,-931,9876,141402,-10579,-30725,7832,-1237,291,5278,141381,-187,28113,1568,-2497,-1399,-9611,9,3
1682,141403,15262,-1082,-9082,-1370,10553,230,141403,-5837,14369,-309,3198,107,7520,141424,6715,-26410,-1232,-2733,-931,7876,141424,-10579,-30725,7832,-1449,-581,3371,141403,-408,28113,1568,-2497,-2000,-9611,9,3
1683,141425,16262,-699,-8082,-1151,9443,405,141425,-4837,14648,-794,2197,708,5520,141446,6138,-27410,-1984,-1849,-1547,5998,141446,-10410,-30713,7592,-1528,-1235,2292,141425,-508,28906,1452,-1121,-2329,-7611,9,3
1684,141447,16262,-699,-8082,-1102,9443,405,141447,-4837,14648,-794,2197,708,5520,141468,6138,-27410,-1984,-1849,-1547,5998,141468,-10410,-30713,7592,-1528,-1235,2292,141447,-508,29043,1452,-1121,-2329,-7611,9,3
1685,141469,16262,-699,-8082,-1102,8610,365,141469,-4837,14648,-877,1446,708,3936,141490,6138,-28410,-1984,-1849,-2009,5134,141490,-10435,-30713,7412,-1528,-1433,1551,141469,-583,29043,1239,-1121,-2329,-7611,9,3
1686,141491,17262,-806,-7082,-772,7459,140,141491,-3837,14857,-939,1019,707,2952,141512,6443,-28983,-1592,-1274,-3333,4486,141512,-10778,-30764,7412,-1370,-1433,995,141491,-639,29740,1079,-777,-2183,-5611,9,3
1687,141513,17262,-806,-7082,-725,7459,140,141513,-3837,14899,-939,1019,707,2952,141534,6443,-28983,-1592,-1222,-3333,4486,141534,-10778,-30764,7487,-1332,-1350,995,141513,-639,29800,1079,-777,-2183,-5611,9,3
1688,141535,16262,-886,-7082,-725,6585,-36,141535,-3837,14899,-1131,752,706,2446,141556,6272,-28983,-1902,-1222,-3333,4000,141556,-11035,-30811,7487,-1332,-1350,364,141535,-681,29800,1079,-777,-2183,-5611,9,3
1689,141557,15262,-946,-6082,-522,5525,-168,141557,-2837,15126,-1275,690,341,2113,141578,6082,-27983,-2134,-790,-3050,3180,141578,-11164,-30846,7537,-1137,-1101,-236,141557,-880,28800,1277,-519,-2073,-4020,9,3
1690,141579,15262,-946,-6082,-522,5525,-168,141579,-2837,15314,-1275,690,341,2113,141600,6082,-27983,-2134,-751,-2986,3180,141600,-11164,-30846,7537,-1137,-954,-236,141579,-880,28800,1287,-502,-2073,-3903,9,3
1691,141601,15262,-1095,-6082,-522,4746,-270,141601,-2837,15314,-1275,677,-35,1863,141622,5873,-27983,-2134,-751,-2986,2334,141622,-11164,-30846,7508,-1137,-954,-686,141601,-892,27800,1287,-502,-2073,-3903,9,3
1692,141623,16262,-1207,-5082,-629,4176,-430,141623,-1837,15651,-1192,667,-317,1599,141644,5691,-28983,-1988,-454,-2084,1686,141644,-11072,-30834,7487,-1120,-539,-978,141623,-892,27800,1427,-217,-1360,-2532,9,3
1693,141645,16262,-1207,-5082,-629,4176,-430,141645,-1837,15651,-1192,667,-317,1599,141666,5691,-28983,-1988,-454,-1810,1686,141666,-11044,-30834,7487,-1120,-539,-978,141645,-757,28800,1427,-217,-1360,-2532,9,3
1694,141667,16262,-1229,-5082,-634,3749,-550,141667,-1837,15651,-1192,660,-377,1311,141688,5691,-29747,-1988,-454,-1810,1326,141688,-11044,-30834,7387,-1120,-539,-1083,141667,-757,28800,1427,-217,-1360,-2532,9,3
1695,141689,17262,-1245,-4082,-634,3378,-617,141689,-942,15784,-1258,596,-377,914,141710,5750,-30306,-1683,-92,-1441,1061,141710,-10858,-30825,7188,-1108,-346,-1083,141689,-653,29588,1404,-88,-1115,-1690,9,3
1696,141711,17262,-1245,-4082,-597,3378,-617,141711,-942,15784,-1258,596,-337,914,141732,5958,-30306,-1683,-34,-1441,1061,141732,-10858,-30825,7188,-1024,-254,-930,141711,-653,29588,1404,-88,-1115,-1690,9,3
1697,141733,17262,-1351,-4082,-597,3099,-652,141733,-942,15784,-1308,544,-337,617,141754,5958,-30739,-1683,-34,-1441,862,141754,-10858,-30842,7067,-1024,-254,-930,141733,-653,29588,1347,-88,-1115,-1690,9,3
1698,141755,18262,-1447,-3082,-661,2799,-679,141755,-323,15857,-1308,505,-201,445,141776,5778,-31050,-1398,29,-1277,615,141776,-10861,-30855,6976,-894,-155,-800,141755,-589,30199,1304,-78,-931,-1109,9,3
1699,141777,18262,-1447,-3082,-661,2799,-679,141777,-323,15857,-1284,505,-201,445,141798,5778,-31050,-1398,29,-1277,615,141798,-10861,-30855,6976,-825,-155,-793,141777,-589,30199,1304,-78,-906,-1109,9,3
1700,141799,18262,-1471,-3082,-766,2560,-679,141799,-323,15857,-1284,476,-201,375,141820,5389,-31283,-1398,29,-1277,389,141820,-10863,-30907,6976,-825,-155,-793,141799,-589,30199,1304,-78,-906,-1109,9,3
1701,141821,19262,-1489,-2082,-845,2283,-595,141821,130,15955,-1266,471,-213,323,141842,5098,-31482,-1328,38,-958,181,141842,-10863,-30946,6914,-655,-157,-678,141821,-557,30741,1358,-73,-853,-800,9,3
1702,141843,19262,-1489,-2082,-845,2283,-576,141843,130,15976,-1240,471,-213,323,141864,5098,-31482,-1328,38,-762,181,141864,-10827,-30946,6914,-655,-157,-662,141843,-557,30755,1386,-73,-853,-800,9,3
1703,141865,19262,-1502,-2082,-904,2055,-576,141865,130,15976,-1240,471,-213,268,141886,5098,-31631,-1328,38,-762,-57,141886,-10827,-30946,6914,-655,-169,-662,141865,-599,30755,1386,-73,-853,-800,9,3
1704,141887,20262,-1524,-1082,-970,1830,-528,141887,514,16058,-1210,475,-129,183,141908,5539,-31743,-1230,228,-263,-235,141908,-10776,-30933,6895,-558,-211,-576,141887,-643,31178,1389,-20,-813,-573,9,3
1705,141909,20262,-1524,-1082,-970,1830,-528,141909,514,16058,-1210,475,-114,183,141930,5539,-31743,-1230,257,-263,-235,141930,-10770,-30933,6895,-558,-211,-564,141909,-643,31178,1389,-3,-709,-573,9,3
1706,141931,20262,-1524,-1082,-1024,1611,-528,141931,514,16058,-1210,475,-114,95,141952,5539,-31809,-1230,257,-263,-300,141952,-10770,-30937,6895,-558,-244,-564,141931,-656,31178,1385,-3,-709,-573,9,3
1707,141953,21262,-1505,-82,-1060,1426,-492,141953,708,16111,-1261,466,-19,10,141974,5604,-31838,-1116,392,-264,-300,141974,-10733,-30960,6933,-416,-268,-463,141953,-656,31495,1382,34,-334,-377,9,3
1708,141975,21262,-1463,-82,-1060,1426,-469,141975,708,16111,-1261,466,-19,10,141996,5604,-31838,-1116,392,-264,-296,141996,-10675,-30960,6933,-407,-268,-408,141975,-634,31497,1382,34,-242,-377,9,3
1709,141997,21262,-1463,-82,-1060,1296,-469,141997,708,16111,-1299,455,-19,-49,142018,5604,-31860,-1116,392,-264,-296,142018,-10675,-30978,6933,-407,-307,-408,141997,-634,31497,1380,26,-242,-377,9,3
1710,142019,22262,-1431,918,-956,1198,-392,142019,894,16128,-1322,409,52,-93,142040,5653,-31904,-1045,446,-262,-356,142040,-10680,-30993,6961,-281,-336,-252,142019,-633,31730,1380,-46,35,-291,9,3
1711,142041,22262,-1431,918,-931,1198,-392,142041,894,16128,-1322,409,52,-93,142062,5755,-31904,-1045,446,-158,-356,142062,-10680,-30993,6961,-270,-336,-213,142041,-633,31730,1389,-46,35,-291,9,3
1712,142063,22262,-1433,918,-931,1127,-402,142063,894,16128,-1326,371,52,-126,142084,5755,-31945,-1045,446,-158,-463,142084,-10709,-30993,6961,-270,-351,-213,142063,-636,31730,1395,-128,35,-291,9,3
1713,142085,23262,-1434,1918,-834,1067,-410,142085,998,16160,-1328,338,111,-159,142106,5894,-32032,-1007,486,96,-543,142106,-10711,-30990,6986,-163,-351,-86,142085,-639,31865,1395,-224,141,-187,9,3
1714,142107,23262,-1434,1918,-829,1067,-410,142107,998,16174,-1328,338,146,-159,142128,5894,-32032,-1007,494,96,-543,142128,-10711,-30988,6986,-163,-285,-86,142107,-639,31865,1400,-224,141,-187,9,3
1715,142129,23262,-1435,1918,-829,1003,-410,142129,998,16174,-1329,310,146,-196,142150,5894,-32113,-1007,494,96,-553,142150,-10735,-30988,6986,-163,-285,-86,142129,-641,31865,1400,-315,141,-187,9,3
1716,142151,24262,-1472,2918,-725,941,-396,142151,1040,16187,-1331,289,285,-252,142172,5962,-32158,-941,535,273,-560,142172,-10761,-30973,7011,-83,-227,8,142151,-662,31998,1404,-413,148,-158,9,3
1717,142173,24262,-1472,2918,-725,941,-396,142173,1040,16187,-1331,289,285,-252,142194,5962,-32158,-927,539,273,-560,142194,-10761,-30965,7033,-83,-207,28,142173,-662,31998,1436,-413,148,-158,9,3
1718,142195,24262,-1534,2918,-725,894,-396,142195,1040,16187,-1331,289,285,-302,142216,5962,-32158,-927,539,273,-566,142216,-10780,-30965,7033,-83,-207,28,142195,-682,31998,1436,-471,148,-158,9,3
1719,142217,25262,-1636,3918,-715,885,-468,142217,1059,16197,-1327,309,338,-339,142238,6125,-32154,-821,590,355,-614,142238,-10794,-30953,7052,14,-200,144,142217,-701,32096,1471,-512,153,-137,9,3
1720,142239,25262,-1636,3918,-715,885,-468,142239,1059,16205,-1327,334,338,-339,142260,6125,-32154,-789,623,355,-614,142260,-10794,-30947,7068,14,-200,144,142239,-701,32096,1473,-512,208,-105,9,3
1721,142261,25262,-1645,3918,-727,885,-522,142261,1059,16205,-1327,334,338,-354,142282,6125,-32154,-789,623,355,-622,142282,-10805,-30947,7068,14,-200,144,142261,-715,32096,1473,-543,208,-105,9,3
1722,142283,26262,-1651,4918,-744,926,-543,142283,1013,16219,-1320,371,358,-361,142304,6210,-32197,-683,686,416,-628,142304,-10863,-30944,7137,77,-195,218,142283,-715,32170,1582,-567,282,-84,9,3
1723,142305,26262,-1651,4918,-744,954,-543,142305,1013,16219,-1320,371,358,-361,142326,6210,-32197,-683,686,417,-628,142326,-10863,-30944,7143,77,-195,218,142305,-706,32170,1582,-567,289,-84,9,3
1724,142327,26262,-1656,4918,-772,954,-559,142327,967,16219,-1329,371,355,-361,142348,6210,-32225,-683,674,417,-633,142348,-10907,-30944,7143,77,-212,218,142327,-706,32170,1582,-585,289,-84,9,3
1725,142349,27262,-1696,5918,-860,1046,-577,142349,922,16242,-1335,376,268,-360,142370,6333,-32225,-604,648,531,-684,142370,-10940,-30938,7189,123,-225,234,142349,-699,32217,1650,-585,338,-78,9,3
1726,142371,27262,-1696,5918,-860,1058,-577,142371,922,16243,-1335,376,268,-346,142392,6333,-32222,-600,648,637,-684,142392,-10940,-30934,7189,123,-225,234,142371,-699,32217,1650,-568,343,-78,9,3
1727,142393,27262,-1726,5918,-975,1058,-593,142393,873,16243,-1335,371,172,-346,142414,6333,-32222,-600,629,637,-725,142414,-10966,-30934,7189,123,-225,234,142393,-714,32217,1650,-568,343,-78,9,3
1728,142415,28146,-1726,6918,-1089,1136,-605,142415,833,16265,-1330,355,73,-326,142436,6454,-32220,-545,629,827,-760,142436,-10990,-30904,7299,158,-190,117,142415,-753,32240,1717,-553,440,-73,9,3
1729,142437,28146,-1724,6918,-1089,1136,-605,142437,833,16265,-1320,355,73,-326,142458,6480,-32220,-498,633,827,-760,142458,-10990,-30904,7299,158,-116,117,142437,-753,32246,1735,-501,592,-65,9,3
1730,142459,28146,-1724,6918,-1180,1136,-605,142459,803,16265,-1320,338,46,-326,142480,6480,-32220,-498,636,827,-763,142480,-10990,-30904,7299,158,-116,29,142459,-782,32246,1735,-501,592,-65,9,3
1731,142481,28753,-1723,7918,-1248,1217,-597,142481,783,16277,-1308,325,26,-321,142502,6590,-32188,-495,636,738,-763,142502,-10960,-30892,7394,111,-63,10,142481,-804,32268,1807,-446,655,-43,9,3
1732,142503,28753,-1723,7918,-1248,1293,-584,142503,783,16277,-1308,325,26,-321,142524,6590,-32188,-495,636,738,-682,142524,-10960,-30892,7394,111,-63,10,142503,-804,32268,1807,-436,655,-43,9,3
1733,142525,28753,-1723,7918,-1299,1293,-584,142525,783,16274,-1333,325,15,-321,142546,6590,-32188,-495,610,704,-682,142546,-10960,-30892,7394,75,-63,-4,142525,-811,32257,1807,-436,655,-47,9,3
1734,142547,29213,-1726,8918,-1349,1415,-582,142547,794,16272,-1352,340,7,-298,142568,6708,-32164,-451,574,704,-645,142568,-10981,-30883,7411,51,-24,-64,142547,-816,32248,1797,-366,669,-68,9,3
1735,142569,29227,-1726,8918,-1349,1415,-582,142569,794,16272,-1352,356,7,-279,142590,6708,-32164,-451,574,734,-645,142590,-10981,-30883,7411,51,78,-64,142569,-816,32248,1797,-366,669,-68,9,3
1736,142591,29227,-1734,8918,-1387,1415,-582,142591,794,16272,-1352,356,7,-279,142612,6708,-32170,-451,547,734,-645,142612,-10997,-30883,7411,51,78,-110,142591,-876,32248,1797,-366,669,-68,9,3
1737,142613,29660,-1744,9918,-1408,1354,-573,142613,771,16283,-1336,378,11,-240,142634,6777,-32175,-418,527,822,-643,142634,-10997,-30884,7438,61,253,-145,142613,-945,32282,1837,-288,708,-54,9,3
1738,142635,29660,-1744,9918,-1408,1354,-573,142635,771,16283,-1336,378,12,-240,142656,6777,-32175,-389,527,822,-643,142656,-10989,-30884,7456,61,253,-145,142635,-945,32300,1837,-279,708,-41,9,3
1739,142657,29660,-1744,9918,-1408,1267,-573,142657,771,16283,-1336,378,12,-240,145238,6777,-32179,-382,512,802,-643,145238,-10989,-30905,7456,61,253,-145,142657,-994,32300,1837,-279,708,-41,10,3
1740,145239,29887,-1734,10916,-1392,1155,-565,145239,777,16285,-1338,385,35,-222,145260,6827,-32182,-367,491,787,-575,145260,-10989,-30905,7504,30,273,-121,145239,-1045,32315,1861,-225,669,4,10,3
1741,145261,29887,-1734,10916,-1314,1155,-565,145261,777,16285,-1338,385,55,-222,145282,6827,-32182,-356,491,787,-536,145282,-10989,-30890,7504,30,273,-121,145261,-1045,32315,1881,-225,669,27,10,3
1742,145283,29887,-1734,10916,-1314,1068,-565,145283,777,16285,-1343,385,55,-222,145304,6827,-32184,-356,475,787,-536,145304,-11037,-30890,7504,7,273,-121,145283,-1101,32315,1881,-225,576,27,10,3
1743,145305,30093,-1768,11609,-1190,861,-570,145305,739,16286,-1347,382,163,-178,145326,6954,-32184,-309,457,803,-444,145326,-11115,-30851,7580,-22,284,-114,145305,-1255,32316,2056,-194,399,90,10,3
1744,145327,30097,-1768,11609,-1190,861,-570,145327,739,16286,-1347,382,164,-178,145348,6982,-32179,-307,457,857,-433,145348,-11115,-30845,7604,-22,284,-114,145327,-1255,32307,2074,-194,399,109,10,3
1745,145349,30097,-1794,11609,-1190,704,-571,145349,711,16286,-1348,378,164,-178,145370,6982,-32179,-307,435,857,-433,145370,-11184,-30845,7604,-44,260,-114,145349,-1371,32310,2074,-194,374,109,10,3
1746,145371,30271,-1807,12064,-1104,557,-575,145371,670,16289,-1349,372,257,-140,145392,7098,-32176,-258,418,898,-355,145392,-11229,-30797,7655,-65,260,-129,145371,-1470,32298,2229,-166,175,177,10,3
1747,145393,30271,-1807,12064,-1104,557,-575,145393,670,16291,-1349,372,257,-138,145414,7098,-32176,-258,418,898,-355,145414,-11229,-30797,7655,-65,260,-129,145393,-1470,32298,2229,-143,175,183,10,3
1748,145415,30271,-1817,12064,-1104,447,-575,145415,639,16291,-1349,365,257,-138,145436,7098,-32176,-258,406,898,-355,145436,-11247,-30797,7655,-86,250,-129,145415,-1530,32298,2229,-143,144,183,10,3
1749,145437,30401,-1820,12382,-1064,365,-584,145437,622,16295,-1349,357,296,-107,145458,7179,-32174,-221,393,928,-298,145458,-11261,-30761,7703,-101,243,-133,145437,-1583,32289,2311,-60,60,235,10,3
1750,145459,30401,-1820,12382,-1064,365,-584,145459,622,16295,-1349,357,296,-107,145480,7179,-32174,-221,393,928,-298,145480,-11261,-30761,7703,-101,243,-133,145459,-1583,32289,2311,-60,60,235,10,3
1751,145481,30401,-1820,12382,-1064,327,-591,145481,618,16295,-1350,351,296,-107,145502,7179,-32176,-221,383,928,-298,145502,-11281,-30761,7703,-112,231,-133,145481,-1609,32284,2311,-60,58,235,10,3
1752,145503,30471,-1855,12602,-1020,298,-599,145503,615,16296,-1355,348,325,-83,145524,7240,-32176,-193,368,951,-242,145524,-11296,-30750,7719,-118,219,-132,145503,-1624,32281,2373,-47,58,270,10,3
1753,145525,30487,-1855,12602,-1017,298,-599,145525,615,16296,-1355,348,333,-83,145546,7240,-32145,-193,368,951,-242,145546,-11296,-30750,7719,-118,219,-132,145525,-1624,32281,2373,-47,68,270,10,3
1754,145547,30487,-1855,12602,-1017,277,-605,145547,613,16296,-1358,347,333,-83,145568,7240,-32145,-193,368,942,-242,145568,-11307,-30750,7719,-118,215,-132,145547,-1632,32278,2373,-47,68,270,10,3
1755,145569,30535,-1869,12759,-981,277,-612,145569,599,16293,-1359,346,362,-68,145590,7260,-32141,-204,387,935,-202,145590,-11316,-30742,7725,-115,215,-131,145569,-1638,32274,2423,-45,92,285,10,3
1756,145591,30535,-1869,12759,-981,278,-612,145591,599,16293,-1359,346,362,-68,145612,7260,-32118,-204,393,935,-202,145612,-11316,-30742,7725,-113,256,-131,145591,-1638,32274,2423,-45,193,285,10,3
1757,145613,30535,-1873,12759,-981,278,-623,145613,586,16291,-1359,345,362,-68,145634,7260,-32118,-227,393,833,-202,145634,-11326,-30742,7725,-113,256,-132,145613,-1644,32271,2423,-45,193,281,10,3
1758,145635,30569,-1882,12873,-964,341,-637,145635,573,16289,-1355,344,364,-57,145656,7269,-32098,-244,418,684,-205,145656,-11358,-30732,7723,-97,345,-153,145635,-1655,32267,2509,-50,327,265,10,3
1759,145657,30569,-1882,12873,-964,348,-637,145657,573,16289,-1355,344,364,-57,145678,7269,-32098,-244,445,684,-205,145678,-11358,-30732,7723,-36,1297,-153,145657,-1655,32267,2509,-50,394,265,10,3
1760,145679,30569,-1883,12873,-964,348,-651,145679,561,16288,-1355,344,359,-57,145700,7269,-32098,-251,445,537,-246,145700,-11358,-30732,7722,-36,1297,-291,145679,-1681,32267,2509,-50,394,238,10,3
1761,145701,30617,-1912,13014,-1009,442,-677,145701,533,16288,-1338,350,322,-65,145722,7292,-32097,-256,500,330,-342,145722,-11356,-30725,7683,36,2346,-533,145701,-1816,32254,2573,-27,1100,191,10,3
1762,145723,30617,-1912,13022,-1009,450,-677,145723,533,16315,-1338,355,322,-65,145744,7332,-32097,-256,531,330,-342,145744,-11342,-30725,7683,36,2630,-533,145723,-1816,32254,2579,25,1505,191,10,3
1763,145745,30617,-1948,13022,-1090,450,-698,145745,479,16315,-1338,355,268,-90,145766,7332,-32118,-256,531,153,-476,145766,-11342,-30725,7654,36,2630,-757,145745,-1874,32254,2579,25,1505,191,10,3
1764,145767,30673,-1995,13190,-1345,552,-786,145767,401,16351,-1336,373,206,-153,145788,7507,-32174,-210,690,42,-756,145788,-11350,-30719,7650,70,3812,-954,145767,-1917,32272,2554,412,3101,260,10,3
1765,145789,30673,-1995,13228,-1345,552,-786,145789,401,16361,-1336,375,206,-153,145810,7507,-32174,-196,690,42,-756,145810,-11350,-30691,7650,70,3812,-954,145789,-1917,32278,2554,412,3101,359,10,3
1766,145811,30673,-1995,13228,-1536,552,-859,145811,319,16361,-1344,375,159,-204,145832,7507,-32208,-196,690,42,-999,145832,-11474,-30691,7647,60,3812,-1226,145811,-1917,32278,2461,412,3101,359,10,3
1767,145833,30857,-1980,13389,-1616,423,-907,145833,223,16359,-1350,480,92,-281,145854,7500,-32234,-87,809,327,-1210,145854,-11579,-30650,7645,-5,4583,-1897,145833,-1809,32296,2385,665,3374,522,10,3
1768,145855,30937,-1884,13445,-1616,423,-907,145855,223,16359,-1350,483,92,-281,145876,7500,-32234,-87,809,528,-1210,145876,-11579,-30650,7645,-5,4583,-1897,145855,-1809,32296,2385,665,3374,522,10,3
1769,145877,30937,-1884,13445,-1616,73,-907,145877,223,16357,-1350,483,42,-354,145898,7495,-32245,-299,809,528,-1380,145898,-11579,-30650,7431,-53,4583,-2728,145877,-1809,32296,2308,665,3374,522,10,3
1770,145899,31155,-1775,13471,-1529,-588,-848,145899,232,16335,-1315,399,-29,-619,145920,7495,-32245,-458,928,1097,-1801,145920,-11392,-30755,7201,-165,4966,-3528,145899,-1862,32298,2155,863,3347,649,10,3
1771,145921,31163,-1775,13471,-1501,-588,-837,145921,305,16335,-1315,399,-29,-619,145942,7667,-32189,-458,969,1361,-1801,145942,-11390,-30755,7201,-165,4966,-3528,145921,-1862,32298,2155,877,3347,678,10,3
1772,145943,31163,-1775,13433,-1501,-1240,-837,145943,305,16318,-1315,106,-29,-1002,145964,7667,-32189,-539,969,1361,-2221,145964,-11390,-30870,7028,-249,4903,-4241,145943,-1940,32285,2136,877,3109,678,10,3
1773,145965,31382,-1739,13120,-1385,-2282,-802,145965,326,16282,-1289,-113,121,-1458,145986,7994,-31993,-600,1249,1572,-2812,145986,-11174,-30994,6899,-350,4339,-5122,145965,-2003,32275,2026,1068,2930,1105,10,3
1774,145987,31382,-1739,13120,-1385,-2282,-802,145987,326,16282,-1289,-113,175,-1458,146008,8194,-31819,-600,1439,1572,-2812,146008,-11174,-30994,6899,-350,4339,-5122,145987,-2003,32275,2026,1131,2930,1268,10,3
1775,146009,31382,-1758,12856,-1385,-3339,-837,146009,102,16241,-1289,-298,175,-1855,146030,8194,-31819,-698,1439,1157,-3516,146030,-11174,-31123,6802,-437,3486,-6006,146009,-2072,32268,1979,1131,2796,1268,10,3
1776,146031,31546,-1772,12194,-1577,-4610,-1267,146031,-156,16211,-1217,-437,274,-2439,146052,9167,-31274,-823,2250,651,-5107,146052,-11012,-31220,6649,-502,2138,-7530,146031,-2230,32263,1944,1468,2588,2398,10,3
1777,146053,31546,-1772,12194,-1577,-4610,-1267,146053,-156,16211,-1206,-437,274,-2439,146074,9194,-30992,-823,2256,651,-5107,146074,-11012,-31220,6649,-502,2138,-7530,146053,-2230,32263,1944,1608,2588,2855,10,3
1778,146075,31546,-1797,11349,-1779,-6199,-1816,146075,-521,16107,-1206,-640,274,-3027,146096,9194,-30992,-917,2256,-65,-6972,146096,-11012,-31241,6512,-502,1127,-9365,146075,-2348,31263,1892,1608,2314,2855,10,3
1779,146097,30546,-1797,10349,-2061,-8199,-3006,146097,-795,15900,-893,-886,-217,-3925,146118,9917,-29992,-917,3297,-1155,-8972,146118,-10346,-31241,6254,36,-461,-10741,146097,-2348,31113,1729,2375,1287,4855,10,3
1780,146119,30546,-1787,10349,-2061,-8199,-3006,146119,-795,15900,-747,-886,-217,-3925,146140,9917,-29992,-685,3781,-1155,-8972,146140,-10012,-31090,6254,36,-461,-10741,146119,-2179,31113,1729,2512,1287,4855,10,3
1781,146141,29546,-1787,9349,-2454,-10199,-3899,146141,-795,15745,-747,-1112,-585,-4969,146162,9917,-29992,-685,3781,-1419,-10972,146162,-10012,-31090,6174,36,-1652,-11709,146141,-2179,31001,1452,2512,340,4855,10,3
1782,146163,28546,-1472,8349,-2749,-12199,-4039,146163,-388,15629,-300,-1801,-585,-6548,146184,9072,-29291,-295,3590,-1456,-12972,146184,-9012,-30090,6094,648,-3652,-12435,146163,-1179,30927,715,3050,-998,6855,10,3
1783,146185,28546,-1182,8349,-2749,-12199,-4039,146185,-388,15629,-295,-1801,-552,-6548,146206,9072,-29291,-295,3590,-1456,-12972,146206,-9012,-30090,6094,648,-3652,-12435,146185,-1179,30927,715,3050,-998,6855,10,3
1784,146207,27546,-1182,7349,-2749,-14199,-4144,146207,-388,15542,-295,-2317,-552,-7739,146228,8438,-29291,-295,2400,-1456,-14972,146228,-9012,-30090,6054,648,-4901,-13042,146207,-1179,30871,162,3050,-1906,6855,10,3
1785,146229,26546,-582,6349,-2526,-16199,-4144,146229,-817,15446,-39,-2629,860,-8799,146250,8438,-28291,56,1346,544,-16972,146250,-8012,-29090,6054,1439,-5190,-13643,146229,-179,30871,-236,2876,-2834,8855,10,3
1786,146251,26546,-582,6349,-2363,-16199,-4144,146251,-817,15446,-39,-2629,860,-8799,146272,9438,-28291,56,1346,544,-16972,146272,-8012,-29090,6194,1549,-5190,-13643,146251,-179,31031,-236,2876,-2834,8855,10,3
1787,146273,25546,-582,5349,-2363,-18199,-4144,146273,-1614,15371,-39,-2863,860,-9738,146294,9438,-28291,56,711,544,-16972,146294,-8012,-29090,6194,1549,-5190,-13969,146273,-179,31031,-513,2592,-3283,8855,10,3
1788,146295,24546,-712,4349,-1868,-20199,-3733,146295,-2465,15292,-166,-3451,1211,-10889,146316,10438,-27291,470,79,-1456,-14972,146316,-7012,-28783,6369,2465,-4706,-13969,146295,821,30767,-548,1919,-3391,10855,10,3
1789,146317,24546,-712,4349,-1868,-20199,-3733,146317,-2465,15292,-166,-3451,1211,-10889,146338,10438,-27291,1056,79,-1456,-14972,146338,-7012,-28783,6423,2465,-4506,-13959,146317,821,30767,-548,1919,-3391,10855,10,3
1790,146339,23546,-809,3349,-1868,-20199,-3733,146339,-3103,14915,-316,-4347,1053,-11945,146360,10438,-27291,1056,-543,-3456,-14972,146360,-7012,-28783,6423,2465,-4506,-13959,146339,821,29779,-563,1356,-3391,10855,10,3
1791,146361,22546,-809,2349,-1820,-20094,-3834,146361,-3694,13915,-428,-5136,279,-12779,146382,11438,-26291,2056,-1009,-5456,-16972,146382,-6012,-28553,6595,2209,-2506,-13456,146361,1821,28779,-574,992,-2427,11154,10,3
1792,146383,22546,-756,2349,-1820,-20094,-3834,146383,-3694,13915,-428,-5136,279,-12779,146404,11438,-26291,2056,-1009,-5456,-16972,146404,-6012,-28473,7423,2209,-2506,-13310,146383,1821,28779,-574,992,-1795,11154,10,3
1793,146405,21546,-756,1349,-1820,-20094,-3834,146405,-4603,13040,-431,-5696,-640,-13189,146426,11438,-26291,2056,-1727,-5848,-18972,146426,-6012,-28473,7423,1684,-2506,-13310,146405,1821,27779,-574,822,-1795,11154,10,3
1794,146427,20546,-664,349,-405,-19260,-2705,146427,-5603,12611,-431,-5859,-1597,-13300,146448,12438,-25291,1542,-2266,-5848,-20972,146448,-5012,-28016,8003,1229,-1005,-11785,146427,2821,26988,-720,694,-1161,10622,10,3
1795,146449,20546,-104,349,-210,-19260,-2258,146449,-5603,12611,-79,-5859,-1597,-13300,146470,12438,-25291,1542,-2266,-4591,-20972,146470,-5012,-27473,8003,1229,-1005,-11666,146449,2821,26988,-720,694,-1145,10622,10,3
1796,146471,19546,-104,-651,-210,-19260,-2258,146471,-6603,12611,-79,-5859,-2327,-13300,146492,12438,-25291,542,-2756,-4591,-22970,146492,-5012,-27473,7702,1229,-1005,-11666,146471,2821,26395,-1098,386,-1145,9615,10,3
1797,146493,18546,-1104,-1651,17,-17779,-1545,146493,-7454,12761,578,-5245,-3070,-13292,146514,11438,-24291,-458,-4130,-3300,-24164,146514,-4012,-26644,7702,1485,-525,-9666,146493,3821,25950,-1733,-903,-195,7852,10,3
1798,146515,18546,-1104,-1651,17,-17287,-1545,146515,-7454,12761,921,-5245,-3070,-13292,146536,11438,-24291,-458,-4130,-2749,-24164,146536,-4012,-26644,7808,2707,-525,-9666,146515,3821,25950,-1733,-903,204,7852,10,3
1799,146537,17546,-1879,-2651,17,-17287,-1545,146537,-8093,12135,921,-5486,-3070,-13292,146558,10438,-24291,-833,-6089,-2749,-24594,146558,-4012,-26644,7808,2707,-651,-9666,146537,3821,25950,-1857,-2594,204,6464,10,3
1800,146559,16546,-1879,-3651,-293,-15387,-1143,146559,-9093,11643,1921,-6095,-3038,-13286,146580,9438,-23291,-833,-7787,-1780,-24594,146580,-3012,-27111,8742,3803,-698,-7666,146559,4821,26950,-1857,-4501,-399,5353,10,3
1801,146581,16546,-1621,-3651,-293,-15387,-1143,146581,-9093,11643,1921,-6095,-2506,-13247,146602,9438,-23291,-392,-7787,-1771,-24377,146602,-3012,-27111,8794,3803,-698,-7666,146581,4821,26950,-894,-4501,-399,5353,10,3
1802,146603,15546,-1621,-4651,-525,-15387,-1143,146603,-10093,10895,1921,-6603,-2506,-13247,146624,8438,-23291,-392,-8149,-1771,-24377,146624,-3012,-27461,8794,3579,-733,-7666,146603,4821,26950,-894,-5863,-995,4500,10,3
1803,146625,14546,-1117,-5651,-699,-15146,-1007,146625,-11093,10023,2864,-6984,-2257,-12681,146646,7438,-22291,158,-8149,-2613,-23013,146646,-2012,-28265,9481,2159,-733,-5869,146625,5821,27900,1,-6010,-1660,3583,10,3
1804,146647,14546,-861,-5651,-699,-15146,-1007,146647,-11093,10023,2864,-6984,-2257,-12441,146668,7438,-22291,158,-7729,-2613,-22377,146668,-2012,-28265,9481,2159,-610,-5869,146647,5821,27900,1,-6010,-1660,3583,10,3
1805,146669,13546,-861,-6651,-699,-15146,-1007,146669,-12093,9321,2864,-6984,-2321,-12441,146690,6438,-22291,158,-7729,-2613,-22377,146690,-2012,-28668,9468,1094,-610,-5869,146669,5821,27900,1,-6010,-1660,2812,10,3
1806,146691,12546,-529,-7651,-671,-14965,-807,146691,-13093,8664,3725,-6921,-2493,-11327,146712,5438,-21291,18,-7075,-2485,-20377,146712,-1012,-28971,9459,318,-380,-4345,146691,6821,28249,678,-5350,-1326,2123,10,3
1807,146713,12546,-529,-7651,-280,-14965,-807,146713,-13093,8664,3845,-6673,-2493,-10984,146734,5438,-21291,18,-6031,-2485,-20377,146734,-1012,-28971,9459,318,-249,-4305,146713,6821,28249,678,-5029,-1326,2123,10,3
1808,146735,11546,-529,-8651,-280,-14965,-807,146735,-13867,7902,3845,-6673,-2553,-10984,146756,4438,-21291,-224,-6031,-2485,-20377,146756,-1012,-29198,9459,107,-249,-4305,146735,6821,28249,678,-5029,-1326,1717,10,3
1809,146757,11546,-534,-9651,69,-14123,-717,146757,-14334,7293,4845,-6115,-2598,-9392,146778,3438,-20291,-694,-4384,-1921,-18377,146778,-12,-29198,9580,-51,-196,-3038,146757,7821,28578,1046,-4069,-1231,1450,10,3
1810,146779,12546,-534,-9651,69,-13639,-717,146779,-14334,7293,4845,-5788,-2598,-9118,146800,3438,-20291,-694,-4193,-1921,-18377,146800,-12,-28198,9676,-51,-196,-3027,146779,7821,28578,1046,-3856,-1231,1450,10,3
1811,146801,12546,-588,-10651,69,-13639,-775,146801,-14682,6851,4845,-5788,-2598,-9118,146822,2438,-20291,-1082,-4193,-1921,-18377,146822,-12,-28198,9676,-227,-196,-3027,146801,7821,28578,1046,-3856,-1231,1363,10,3
1812,146823,13546,-588,-11651,-153,-11944,-888,146823,-14750,6519,5663,-4725,-2177,-7221,146844,1438,-19291,-1485,-2435,-1471,-16377,146844,975,-29028,9709,-359,-474,-2067,146823,8821,28825,1226,-2692,-1160,1297,10,3
1813,146845,13546,-578,-11651,-153,-11878,-888,146845,-14750,6519,5663,-4564,-2074,-7118,146866,1438,-19291,-1485,-2427,-1174,-16377,146866,988,-29028,9709,-359,-474,-2021,146845,8821,28825,1226,-2692,-1039,1297,10,3
1814,146867,13546,-578,-12651,-153,-11878,-973,146867,-14750,6306,5663,-4564,-2074,-7118,146888,438,-19291,-1965,-2427,-1174,-16377,146888,988,-29727,9487,-383,-650,-2021,146867,8821,28825,1226,-2692,-1039,1248,10,3
1815,146889,14546,-419,-13651,-88,-9878,-1037,146889,-14593,6231,6285,-3289,-1617,-5163,146910,-562,-18291,-2325,-1072,-672,-14377,146910,1813,-30251,9487,-383,-650,-1062,146889,9821,28880,1241,-1819,-760,1011,10,3
1816,146911,14546,-419,-13651,-29,-9878,-1037,146911,-14473,6231,6285,-3185,-1596,-5118,146932,-562,-18291,-2325,-1068,-537,-14377,146932,1813,-30251,9501,-281,-530,-1022,146911,9821,28880,1241,-1819,-595,1011,10,3
1817,146933,14546,-419,-14651,-29,-9878,-1098,146933,-14473,6221,6285,-3185,-1596,-5118,146954,-562,-18291,-2471,-1068,-537,-14377,146954,1813,-30572,9501,-281,-530,-1022,146933,9821,28880,1241,-1819,-595,824,10,3
1818,146955,15546,-332,-15651,63,-8094,-1149,146955,-14204,6221,6660,-2081,-1079,-3453,146976,438,-17291,-2471,250,109,-12377,146976,2224,-30809,9561,-426,-267,-234,146955,10675,28994,1324,-1116,-538,661,10,3
1819,146977,15546,-332,-15651,63,-7938,-1149,146977,-14171,6227,6660,-2069,-1069,-3391,146998,438,-17291,-2429,413,463,-12377,146998,2224,-30809,9561,-426,-230,-224,146977,10675,28994,1324,-1089,-538,661,10,3
1820,146999,15546,-332,-16434,63,-7938,-1165,146999,-14171,6227,6660,-2069,-1069,-3391,147020,-562,-17291,-2429,413,463,-12377,147020,2224,-30809,9556,-708,-230,-224,146999,10675,28994,1324,-1089,-549,533,10,3
1821,147021,16546,-418,-17434,194,-5993,-1177,147021,-14008,6230,6889,-1094,-546,-2062,147042,-1562,-16291,-1951,2212,1213,-10377,147042,2374,-30556,9451,-927,174,481,147021,11326,29129,1211,-352,-611,163,10,3
1822,147043,16546,-418,-17434,194,-5952,-1177,147043,-14008,6230,6889,-1010,-407,-2059,147064,-1562,-16291,-1885,2212,1213,-10377,147064,2374,-30556,9451,-927,273,507,147043,11346,29129,1211,-242,-611,163,10,3
1823,147065,15546,-483,-18273,194,-5952,-1177,147065,-14008,6230,6889,-1010,-407,-2059,147086,-2562,-16291,-1885,2212,1213,-10377,147086,2374,-30556,9372,-927,273,507,147065,11346,29143,1072,-242,-611,-263,10,3
1824,147087,14546,-532,-19273,383,-4101,-1132,147087,-14288,6351,7077,274,371,-752,147108,-3562,-15291,-1477,3412,1509,-8377,147108,2486,-29556,9319,-920,576,1208,147087,11951,29342,1022,470,-604,-900,10,3
1825,147109,14546,-532,-19273,383,-3952,-1119,147109,-14288,6366,7078,389,412,-616,147130,-3562,-15291,-1389,3412,1509,-8377,147130,2532,-29556,9319,-818,637,1310,147109,11951,29353,1022,503,-493,-900,10,3
1826,147131,13546,-568,-20273,383,-3952,-1119,147131,-14498,6366,7078,389,412,-616,147152,-4562,-15291,-1389,3412,1509,-8377,147152,2532,-30067,9319,-818,637,1310,147131,11951,29353,832,503,-493,-1642,10,3
1827,147153,12546,-777,-21032,388,-1952,-1061,147153,-14650,6578,7104,1697,1050,815,147174,-5562,-14498,-935,4118,1449,-6377,147174,2651,-30512,9327,-717,910,1954,147153,12223,29335,690,1084,517,-2620,10,3
1828,147175,12546,-777,-21032,388,-1952,-1032,147175,-14650,6661,7104,1800,1126,1003,147196,-5562,-14498,-855,4118,1449,-6377,147196,2651,-30512,9327,-703,1028,2063,147175,12223,29321,690,1280,1021,-2620,10,3
1829,147197,11546,-934,-21032,267,-1952,-1030,147197,-14650,6661,6994,1800,1126,1003,147218,-6562,-14498,-855,4118,1449,-6377,147218,2651,-30846,9327,-703,1028,2063,147197,12223,29321,637,1280,1021,-3634,10,3
1830,147219,10546,-956,-20832,111,48,-1084,147219,-14600,7050,6699,3105,1704,2619,147240,-6562,-14183,-455,4647,1554,-4377,147240,2372,-30902,9409,-616,1568,2945,147219,12083,29321,637,2141,2410,-4525,10,3
1831,147241,10546,-956,-20612,111,48,-1084,147241,-14455,7170,6699,3229,1711,2806,147262,-5562,-14183,-455,4647,1554,-4377,147262,2372,-30902,9409,-616,1568,2970,147241,12083,29474,649,2205,2410,-4525,10,3
1832,147263,10546,-956,-20612,-22,48,-1131,147263,-14455,7170,6364,3229,1711,2806,147284,-5562,-14183,-455,4647,1554,-4377,147284,1811,-30902,9409,-619,1568,2970,147263,11866,29474,649,2205,2410,-5186,10,3
1833,147285,11546,-848,-19791,-126,2048,-1166,147285,-14104,7734,5869,4386,2181,4389,147306,-4562,-14743,-371,5004,2311,-2377,147306,1742,-30944,9488,-621,1753,3759,147285,11631,29723,502,2803,3257,-5682,10,3
1834,147307,11546,-824,-19612,-126,2048,-1166,147307,-14082,7796,5869,4386,2218,4442,147328,-4562,-14743,-371,5004,3180,-2377,147328,1742,-30944,9488,-621,1753,3883,147307,11631,29723,502,2803,3257,-5682,10,3
1835,147329,11546,-824,-19612,-270,2048,-1193,147329,-14082,7796,5390,4386,2218,4442,147350,-4562,-15345,-371,5004,3180,-2377,147350,1690,-31224,9488,-621,1753,3883,147329,11353,29723,294,2803,3257,-6061,10,3
1836,147351,12546,-869,-18612,-741,4048,-1400,147351,-13358,8511,4920,4695,2764,5724,147372,-3562,-16345,33,4853,5013,-377,147372,1313,-31422,9500,-220,1701,5097,147351,11042,29954,100,2751,3731,-6585,10,3
1837,147373,12546,-869,-18612,-741,4048,-1400,147373,-13247,8669,4920,4695,2902,5726,147394,-3562,-16345,69,4853,5149,-377,147394,1313,-31422,9500,-220,1701,5365,147373,11042,30024,100,2751,3731,-6585,10,3
1838,147395,12546,-871,-18612,-1094,4048,-1413,147395,-13247,8669,4469,4695,2902,5726,147416,-3562,-17345,69,4250,5149,-377,147416,955,-31570,9500,-220,1636,5365,147395,10761,30024,-195,2300,3731,-7021,10,3
1839,147417,13546,-873,-17612,-1331,6048,-1413,147417,-12494,9565,3744,4581,3807,6748,147438,-2562,-18345,791,3024,6349,1623,147438,270,-31657,9617,-332,965,6780,147417,10436,30282,-352,1647,3847,-7753,10,3
1840,147439,13546,-873,-17612,-1331,6048,-1252,147439,-12472,9604,3744,4581,3900,6848,147460,-2562,-18345,813,3024,6349,1623,147460,270,-31657,9685,-332,965,6874,147439,10436,30300,-352,1647,3847,-7753,10,3
1841,147461,13546,-874,-17612,-1509,6048,-1252,147461,-12472,9604,3027,4481,3900,6848,147482,-2562,-19232,813,1998,6349,1623,147482,-397,-31696,9685,-711,965,6874,147461,9857,30300,-384,1050,3247,-8370,10,3
1842,147483,14546,-875,-16612,-1612,8048,-1034,147483,-11865,10319,2176,4223,4509,7873,147504,-1562,-19956,1473,1019,6838,3623,147504,-1229,-31798,9755,-1272,1038,8243,147483,9172,30507,-384,497,1763,-9001,10,3
1843,147505,14546,-875,-16612,-1612,8048,-1026,147505,-11789,10319,2176,4223,4509,7976,147526,-1562,-19956,1515,1019,6838,3623,147526,-1229,-31798,9755,-1272,1038,8324,147505,9172,30589,-134,497,1763,-9001,10,3
1844,147527,14546,-958,-16612,-1729,8048,-1026,147527,-11789,10319,1424,3962,4509,7976,147548,-1562,-20603,1515,241,6838,3623,147548,-1875,-31874,9755,-1860,1038,8324,147527,8579,30589,-134,-27,498,-9618,10,3
1845,147549,15546,-1020,-15612,-1843,10048,-857,147549,-11000,10742,860,3544,3787,8998,147570,-562,-21400,1808,-783,6073,5623,147570,-2875,-31931,9590,-2396,889,9413,147549,7852,30750,-390,-695,-298,-10215,10,3
1846,147571,15546,-1020,-15612,-1843,10048,-751,147571,-10838,10742,860,3544,3787,9024,147592,-562,-21400,1808,-783,6073,5623,147592,-2875,-31931,9590,-2396,889,9427,147571,7852,30805,-390,-695,-298,-10215,10,3
1847,147593,15546,-1020,-15612,-1957,10048,-751,147593,-10838,10742,602,3283,2815,9024,147614,-562,-21998,1808,-1607,5232,5623,147614,-3875,-31931,9442,-2726,889,9427,147593,7255,30805,-514,-1441,-846,-10851,10,3
1848,147615,16546,-801,-14612,-2043,12048,-533,147615,-9838,11152,487,3254,1803,9822,147636,438,-22708,2028,-2430,4602,7623,147636,-4875,-31786,9071,-2973,1323,10165,147615,6357,30926,-514,-2318,-1257,-11344,10,3
1849,147637,16546,-791,-14612,-2043,12048,-514,147637,-9838,11332,487,3254,1803,9864,147658,438,-22708,2144,-2430,4602,7623,147658,-4875,-31748,9071,-2973,1323,10165,147637,6357,30979,-333,-2318,-1257,-11344,10,3
1850,147659,16546,-791,-14612,-2043,12048,-514,147659,-9838,11332,450,3254,1044,9864,147680,438,-23241,2144,-3047,4129,7623,147680,-5836,-31748,8793,-3158,1323,10165,147659,5501,30979,-333,-2976,-2052,-11477,10,3
1851,147681,17546,-475,-13612,-2013,14048,-336,147681,-8838,11875,422,3357,500,10483,147702,1438,-23784,2296,-3479,3364,9623,147702,-6556,-31555,8450,-3249,962,10485,147681,4501,31048,212,-3553,-3094,-11477,10,3
1852,147703,17546,-475,-13612,-1904,14048,-336,147703,-8838,11890,422,3416,500,10483,147724,1438,-23784,2296,-3479,3364,9623,147724,-6556,-31533,8450,-3249,962,10485,147703,4501,31048,212,-3553,-3094,-11477,10,3
1853,147725,17546,-475,-13612,-1904,14048,-336,147725,-8838,11890,418,3416,425,10483,147746,1438,-24640,2062,-3803,2790,9623,147746,-7444,-31533,8011,-3249,962,10485,147725,3575,31048,212,-3915,-3094,-11477,10,3
1854,147747,18546,-500,-12612,-1439,15227,-128,147747,-7838,12588,398,3639,425,10602,147768,2438,-25464,1704,-4036,1717,11520,147768,-8444,-31307,7682,-2691,1070,10597,147747,2575,31158,621,-4187,-2890,-11320,10,3
1855,147769,18546,-500,-12612,-1112,15227,105,147769,-7838,12748,398,3639,455,10602,147790,2438,-25464,1704,-4036,1717,11520,147790,-8444,-31307,7682,-2648,1183,10597,147769,2575,31158,621,-4187,-1919,-11279,10,3
1856,147791,18546,-519,-12612,-1112,15227,105,147791,-7838,12748,382,3590,455,10274,147812,2438,-26280,1274,-4191,661,11520,147812,-9270,-31307,7475,-2648,1183,10344,147791,1625,31158,621,-4425,-1919,-11279,10,3
1857,147813,19546,-521,-11612,-196,14456,613,147813,-6838,13442,321,3372,803,9646,147834,3438,-27280,909,-4327,-130,11846,147834,-10052,-31156,7422,-1862,909,9978,147813,912,31362,853,-4604,-832,-10700,10,3
1858,147835,19546,-521,-11612,-196,14456,613,147835,-6838,13471,321,3372,937,9646,147856,3438,-27280,909,-4327,-130,11846,147856,-10052,-30982,7422,-1791,909,9978,147835,912,31428,977,-4604,-832,-10594,10,3
1859,147857,18546,-522,-11612,-196,13696,613,147857,-6838,13471,221,3162,937,9022,147878,3438,-28280,807,-4360,-130,11483,147878,-10698,-30982,7416,-1791,263,9697,147857,128,31428,977,-4738,-832,-10594,10,3
1860,147879,17546,-1045,-10612,-107,12178,353,147879,-5838,14070,42,2839,1315,8360,147900,4438,-29184,755,-4385,181,9483,147900,-11698,-30616,7416,-1288,-638,8361,147879,-872,31601,1244,-4738,-873,-9451,10,3
1861,147901,17546,-1045,-10612,-107,12178,353,147901,-5838,14070,42,2839,1315,8360,147922,4438,-29184,755,-4385,181,9483,147922,-11698,-30614,7812,-1288,-638,8361,147901,-872,31601,1944,-4376,-873,-8628,10,3
1862,147923,16546,-1437,-10612,-475,10754,48,147923,-5838,14070,-112,2551,1315,7803,147944,4438,-29878,716,-4385,181,7483,147944,-12609,-30614,7812,-1288,-903,6390,147923,-1436,31601,1944,-4376,-954,-8628,10,3
1863,147945,15546,-1657,-9612,-1204,9306,-180,147945,-4899,14917,-231,2087,1060,7002,147966,4524,-30398,67,-3052,-336,5483,147966,-12609,-30454,7747,-1233,-927,4390,147945,-1447,31762,2206,-2776,-1802,-6628,10,3
1864,147967,15546,-1657,-9612,-1204,9306,-180,147967,-4899,14954,-231,2087,1060,7002,147988,4524,-30398,67,-3052,-336,5483,147988,-12374,-30454,7747,-1233,-927,4390,147967,-1447,31762,2206,-2738,-1802,-6628,10,3
1865,147989,15546,-1657,-9612,-1876,8220,-272,147989,-4899,14954,-368,1630,826,6015,148010,4333,-30674,-419,-3052,-336,3587,148010,-12374,-30454,7698,-1233,-927,2756,147989,-1447,31762,2206,-2738,-2658,-6628,10,3
1866,148011,16546,-1328,-8612,-2414,7485,-341,148011,-4194,15304,-505,1272,604,4456,148032,4190,-30881,-678,-2358,532,2344,148032,-12152,-30442,7671,-1144,-802,1695,148011,-1275,31801,2170,-1713,-3300,-4648,10,3
1867,148033,16546,-1328,-8612,-2414,7485,-341,148033,-3899,15304,-505,1272,604,4456,148054,4190,-30881,-678,-2358,1080,2344,148054,-12152,-30442,7671,-1144,-802,1695,148033,-1275,31801,2170,-1713,-3300,-4648,10,3
1868,148055,16546,-1354,-8612,-2817,6934,-431,148055,-3899,15304,-607,946,467,3287,148076,4190,-31086,-678,-2358,1080,1884,148076,-12152,-30442,7671,-1144,-802,996,148055,-1275,31801,2143,-1713,-3300,-4648,10,3
1869,148077,17546,-1497,-7612,-3063,6187,-593,148077,-2899,15464,-684,702,416,2508,148098,5190,-31240,-366,-1959,1642,1683,148098,-12287,-30405,7689,-944,-625,472,148077,-1440,31856,2141,-1309,-2765,-3746,10,3
1870,148099,17546,-1497,-7612,-3063,6187,-593,148099,-2899,15464,-684,702,416,2508,148120,5190,-31240,-366,-1959,1642,1683,148120,-12287,-30405,7691,-944,-625,472,148099,-1440,31908,2141,-1309,-2684,-3746,10,3
1871,148121,17546,-1504,-7612,-3205,5323,-650,148121,-2899,15464,-893,571,378,2003,148142,5190,-31346,-366,-1959,1498,1532,148142,-12389,-30405,7691,-944,-625,-35,148121,-1620,31908,2141,-1309,-2684,-3746,10,3
1872,148143,18546,-1504,-6612,-3287,4628,-650,148143,-2322,15627,-1049,505,213,1691,148164,6190,-31425,-288,-1303,1084,1285,148164,-12389,-30385,7702,-794,-555,-490,148143,-1755,32063,2355,-1006,-3148,-2946,10,3
1873,148165,18546,-1420,-6612,-3287,4628,-613,148165,-2322,15627,-1049,505,213,1691,148186,6190,-31425,-288,-1303,1084,1285,148186,-12179,-30385,7694,-794,-555,-490,148165,-1755,32063,2355,-848,-3148,-2500,10,3
1874,148187,18546,-1420,-6612,-3287,4105,-613,148187,-2322,15627,-1049,505,-145,1530,148208,6190,-31484,-288,-1303,861,1009,148208,-12179,-30385,7694,-794,-555,-500,148187,-1755,32063,2355,-848,-3496,-2500,10,3
1875,148209,19546,-1297,-5612,-3154,3702,-577,148209,-1699,15817,-1049,515,-630,1409,148230,6430,-31588,-290,-843,694,741,148230,-12030,-30370,7688,-870,-1095,-508,148209,-1742,32095,2444,-458,-3496,-1550,10,3
1876,148231,19546,-1285,-5612,-2862,3702,-404,148231,-1506,15824,-1030,515,-630,1409,148252,6430,-31588,-290,-843,694,741,148252,-12030,-30370,7688,-870,-1095,-508,148231,-1628,32095,2444,-452,-3307,-1550,10,3
1877,148253,19546,-1285,-5612,-2862,3345,-404,148253,-1506,15824,-1030,482,-685,1278,148274,6430,-31663,-290,-843,569,660,148274,-12030,-30370,7684,-870,-1224,-508,148253,-1628,32095,2444,-452,-3307,-1550,10,3
1878,148275,20546,-1251,-4612,-2228,2947,-203,148275,-726,15967,-1019,453,-685,968,148296,6980,-31723,-233,-508,-114,660,148296,-11952,-30433,7643,-870,-1307,-513,148275,-1533,32143,2427,-205,-3113,-966,10,3
1879,148297,20546,-1251,-4612,-2116,2947,-203,148297,-726,15967,-1019,453,-436,968,148318,6980,-31723,-207,-508,-114,667,148318,-11952,-30433,7643,-856,-1307,-513,148297,-1533,32143,2427,-205,-2948,-966,10,3
1880,148319,20546,-1346,-4612,-2116,2648,-203,148319,-726,15967,-1024,442,-436,677,148340,6980,-31764,-207,-508,-674,667,148340,-11952,-30442,7612,-856,-1307,-544,148319,-1611,32143,2392,-205,-2948,-966,10,3
1881,148341,21546,-1535,-3612,-1452,2392,-81,148341,-511,16068,-1047,434,73,446,148362,7101,-31814,-231,-231,-1204,583,148362,-11875,-30449,7589,-767,-1111,-594,148341,-1670,32145,2366,-8,-2505,-507,10,3
1882,148363,21546,-1535,-3612,-1452,2392,-81,148363,-511,16068,-1047,434,73,446,148384,7101,-31814,-231,-228,-1204,583,148384,-11875,-30449,7586,-759,-1111,-594,148363,-1670,32145,2366,-8,-2339,-462,10,3
1883,148385,21546,-1701,-3612,-1452,2142,-81,148385,-511,16068,-1080,428,73,272,148406,7008,-31814,-313,-228,-1292,400,148406,-11875,-30454,7581,-759,-1111,-594,148385,-1670,32145,2358,-8,-2339,-462,10,3
1884,148407,22546,-1835,-2612,-1117,1807,-136,148407,-304,16086,-1151,396,300,136,148428,6866,-31852,-378,59,-1292,263,148428,-11756,-30458,7581,-664,-1005,-591,148407,-1472,32146,2352,186,-1559,-93,10,3
1885,148429,22546,-1835,-2612,-1117,1807,-136,148429,-249,16086,-1151,396,300,136,148450,6866,-31852,-378,59,-1143,263,148450,-11756,-30458,7609,-652,-1005,-495,148429,-1472,32146,2352,186,-1559,-93,10,3
1886,148451,22546,-1914,-2612,-1117,1665,-221,148451,-249,16086,-1184,372,300,63,148472,6866,-31852,-378,59,-1143,210,148472,-11756,-30473,7609,-652,-1005,-495,148451,-1472,32146,2296,186,-1559,-93,10,3
1887,148473,23546,-1914,-1612,-963,1582,-284,148473,-78,16099,-1196,348,385,63,148494,7079,-31819,-363,0,-725,177,148494,-11790,-30473,7630,-603,-926,-419,148473,-1426,32189,2254,216,-1110,50,10,3
1888,148495,23546,-1813,-1612,-963,1582,-284,148495,-78,16135,-1196,348,385,98,148516,7299,-31819,-203,0,-725,177,148516,-11790,-30473,7630,-603,-878,-419,148495,-1426,32189,2254,216,-1110,50,10,3
1889,148517,23546,-1813,-1612,-963,1520,-284,148517,-78,16135,-1196,326,365,98,148538,7299,-31819,-203,0,-725,163,148538,-11816,-30484,7610,-603,-878,-449,148517,-1439,32189,2250,216,-1110,50,10,3
1890,148539,24546,-1845,-612,-796,1404,-209,148539,1,16198,-1186,309,295,105,148560,7526,-31882,-92,62,-910,153,148560,-11816,-30497,7595,-566,-652,-481,148539,-1449,32225,2247,272,-761,174,10,3
1891,148561,24546,-1845,-612,-713,1404,-209,148561,1,16198,-1186,309,295,105,148582,7526,-31882,-92,105,-910,153,148582,-11721,-30497,7595,-566,-638,-481,148561,-1449,32243,2247,284,-725,214,10,3
1892,148583,24546,-1979,-612,-713,1217,-209,148583,1,16198,-1186,309,270,78,148604,7344,-31947,-251,105,-910,145,148604,-11721,-30506,7584,-566,-638,-481,148583,-1449,32243,2203,284,-725,214,10,3
1893,148605,25546,-2080,388,-566,1024,-306,148605,103,16223,-1164,315,270,32,148626,7208,-32006,-386,205,-855,101,148626,-11638,-30521,7558,-539,-472,-477,148605,-1378,32244,2134,323,-434,365,10,3
1894,148627,25546,-2080,388,-566,1024,-306,148627,112,16223,-1164,315,285,32,148648,7208,-32006,-386,205,-687,101,148648,-11638,-30532,7558,-539,-472,-440,148627,-1336,32244,2134,323,-434,365,10,3
1895,148649,25546,-2090,388,-566,883,-405,148649,112,16223,-1164,315,285,-2,148670,7208,-32040,-475,205,-687,68,148670,-11638,-30532,7558,-539,-472,-440,148649,-1336,32244,2070,320,-434,365,10,3
1896,148671,26546,-2091,1388,-465,846,-490,148671,185,16217,-1197,316,329,-11,148692,7228,-32057,-530,236,-508,68,148692,-11612,-30573,7594,-526,-374,-348,148671,-1328,32245,2034,229,-355,394,10,3
1897,148693,26546,-2091,1388,-456,846,-490,148693,185,16217,-1197,316,329,-11,148714,7408,-32057,-530,236,-508,121,148714,-11612,-30573,7598,-526,-374,-348,148693,-1328,32267,2034,229,-355,394,10,3
1898,148715,26546,-2091,1388,-456,846,-615,148715,185,16217,-1222,313,329,-11,148736,7408,-32058,-530,236,-598,121,148736,-11612,-30601,7598,-537,-374,-348,148715,-1336,32267,2034,161,-355,394,10,3
1899,148737,27546,-1982,2388,-270,902,-709,148737,239,16222,-1222,311,235,26,148758,7626,-32059,-513,441,-715,66,148758,-11566,-30622,7610,-554,-288,-279,148737,-1342,32302,2073,127,-295,416,10,3
1900,148759,27546,-1982,2388,-168,983,-709,148759,261,16241,-1221,311,235,26,148780,7626,-32059,-469,453,-715,66,148780,-11566,-30622,7610,-554,-288,-279,148759,-1342,32302,2073,127,-274,465,10,3
1901,148781,27546,-1982,2388,-168,983,-717,148781,261,16241,-1221,311,164,26,148802,7626,-32060,-469,453,-803,-4,148802,-11566,-30634,7583,-566,-288,-279,148781,-1342,32302,2073,127,-274,465,10,3
1902,148803,28333,-1954,3388,101,1097,-717,148803,381,16289,-1193,335,154,-4,148824,7405,-32080,-497,632,-869,-65,148824,-11514,-30643,7527,-566,-224,-219,148803,-1320,32282,2042,161,-123,601,10,3
1903,148825,28333,-1954,3388,104,1097,-653,148825,390,16289,-1185,335,154,-4,148846,7405,-32080,-497,633,-869,-65,148846,-11514,-30643,7527,-551,-224,-201,148825,-1298,32282,2042,161,-113,601,10,3
1904,148847,28333,-1954,3388,104,1097,-653,148847,390,16289,-1185,335,154,-71,148868,7222,-32127,-518,633,-869,-106,148868,-11514,-30650,7485,-551,-224,-201,148847,-1298,32265,2003,161,-113,601,10,3
1905,148869,28858,-1941,4388,280,1098,-571,148869,434,16292,-1158,326,298,-151,148890,7084,-32135,-518,731,-853,-137,148890,-11531,-30655,7453,-455,-181,-97,148869,-1163,32252,1974,136,16,589,10,3
1906,148891,28858,-1941,4388,280,1098,-571,148891,434,16292,-1158,326,298,-151,148912,7084,-32135,-456,731,-712,-137,148912,-11531,-30655,7453,-447,-181,-97,148891,-1163,32252,1974,136,44,589,10,3
1907,148913,28858,-1941,4388,280,1054,-571,148913,425,16292,-1158,319,298,-201,148934,7009,-32141,-456,710,-712,-158,148934,-11590,-30655,7435,-447,-181,-97,148913,-1163,32252,1954,110,44,557,10,3
1908,148935,29251,-1969,5388,156,978,-593,148935,369,16294,-1145,315,366,-201,148956,6997,-32145,-410,684,-511,-176,148956,-11612,-30651,7422,-328,-71,-83,148935,-1066,32271,1941,29,168,501,10,3
1909,148957,29251,-1969,5388,156,978,-593,148957,369,16308,-1145,315,366,-189,148978,6997,-32145,-410,684,-450,-176,148978,-11612,-30651,7422,-322,-64,-83,148957,-1066,32271,1941,29,213,501,10,3
1910,148979,29251,-1969,5388,-26,921,-632,148979,318,16308,-1145,312,366,-189,149000,6990,-32145,-410,657,-450,-206,149000,-11620,-30651,7422,-322,-64,-83,148979,-1066,32271,1935,-31,213,431,10,3
1911,149001,29480,-1904,6388,-213,917,-661,149001,280,16318,-1141,307,377,-166,149022,6990,-32120,-349,616,-121,-248,149022,-11620,-30646,7456,-249,44,-95,149001,-993,32285,1935,-99,334,354,10,3
1912,149023,29480,-1894,6388,-213,917,-661,149023,280,16318,-1141,307,377,-166,149044,7076,-32120,-349,616,-121,-248,149044,-11582,-30646,7456,-249,54,-95,149023,-993,32293,1951,-99,334,354,10,3
1913,149045,29480,-1894,6388,-367,917,-661,149045,280,16318,-1141,302,365,-166,149066,7076,-32115,-349,586,-121,-279,149066,-11582,-30646,7456,-249,54,-95,149045,-993,32293,1951,-156,334,298,10,3
1914,149067,29652,-1826,7388,-483,948,-645,149067,280,16317,-1144,300,302,-155,149088,7219,-32115,-349,566,58,-302,149088,-11582,-30642,7462,-219,173,-77,149067,-1006,32299,1963,-199,352,260,10,3
1915,149089,29662,-1826,7388,-483,969,-645,149089,292,16317,-1144,300,302,-155,149110,7219,-32115,-349,566,58,-302,149110,-11582,-30640,7462,-219,173,-61,149089,-1006,32299,1972,-199,352,260,10,3
1916,149111,29662,-1826,7388,-570,969,-645,149111,292,16317,-1152,300,254,-155,149132,7219,-32122,-353,566,58,-320,149132,-11604,-30640,7462,-219,173,-61,149111,-1006,32299,1972,-199,352,260,10,3
1917,149133,29810,-1755,8388,-597,1063,-663,149133,304,16315,-1153,305,205,-149,149154,7298,-32127,-368,584,196,-366,149154,-11610,-30636,7466,-197,256,-36,149133,-1004,32304,1967,-194,397,270,10,3
1918,149155,29812,-1755,8388,-597,1063,-663,149155,304,16315,-1153,309,205,-149,149176,7298,-32127,-368,584,237,-366,149176,-11610,-30634,7466,-195,256,-36,149155,-1004,32304,1967,-194,397,283,10,3
1919,149177,29812,-1755,8388,-615,1063,-707,149177,304,16309,-1153,309,142,-155,149198,7237,-32131,-408,584,237,-412,149198,-11610,-30634,7466,-195,256,-36,149177,-1004,32292,1963,-194,397,283,10,3
1920,149199,29965,-1712,9388,-629,916,-810,149199,313,16300,-1149,326,94,-165,149220,7192,-32132,-460,544,605,-446,149220,-11579,-30631,7433,-154,318,-17,149199,-987,32277,1950,-240,452,279,10,3
1921,149221,29965,-1712,9388,-629,916,-810,149221,338,16300,-1148,327,94,-165,149242,7192,-32132,-460,544,669,-446,149242,-11579,-30629,7433,-124,318,16,149221,-975,32277,1940,-240,465,279,10,3
1922,149243,29965,-1714,9388,-639,787,-925,149243,338,16291,-1148,327,94,-168,149264,7192,-32132,-460,510,669,-446,149264,-11579,-30629,7433,-124,318,16,149243,-975,32277,1940,-300,465,253,10,3
1923,149265,29972,-1714,10388,-649,666,-1046,149265,341,16283,-1135,345,97,-168,149286,7320,-32110,-361,484,930,-393,149286,-11606,-30627,7468,-46,365,77,149265,-943,32301,1937,-426,577,144,10,3
1924,149287,29972,-1697,10388,-649,666,-1046,149287,341,16283,-1135,345,97,-156,149308,7326,-32103,-329,484,930,-368,149308,-11606,-30621,7468,-46,365,78,149287,-943,32305,1937,-426,676,144,10,3
1925,149309,29972,-1697,10388,-657,585,-1133,149309,301,16278,-1139,345,97,-156,149330,7326,-32103,-329,484,930,-368,149330,-11640,-30621,7468,-46,365,78,149309,-943,32305,1937,-532,676,62,10,3
1926,149331,29977,-1696,11388,-812,524,-1190,149331,235,16278,-1174,365,35,-105,149352,7378,-32107,-244,517,996,-328,149352,-11651,-30603,7491,18,400,90,149331,-991,32296,1992,-612,867,6,10,3
1927,149353,29977,-1696,11388,-812,524,-1190,149353,235,16278,-1174,366,35,-89,149374,7378,-32107,-244,517,996,-328,149374,-11651,-30603,7491,18,400,90,149353,-991,32296,2008,-612,918,6,10,3
1928,149375,29969,-1712,11388,-971,459,-1227,149375,179,16278,-1189,366,-51,-89,149396,7378,-32128,-244,517,996,-328,149396,-11656,-30603,7491,18,400,87,149375,-1027,32290,2008,-629,918,-36,10,3
1929,149397,29953,-1766,12331,-1211,391,-1227,149397,137,16284,-1200,386,-201,-21,149418,7355,-32143,-181,436,1361,-298,149418,-11659,-30600,7496,67,500,80,149397,-1038,32285,2046,-642,1319,-122,10,3
1930,149419,29953,-1766,12388,-1211,391,-1205,149419,137,16284,-1200,386,-201,-21,149440,7355,-32143,-173,436,1361,-272,149440,-11659,-30600,7496,67,500,80,149419,-1038,32285,2056,-642,1319,-122,10,3
1931,149441,29953,-1806,12388,-1448,317,-1205,149441,105,16284,-1208,386,-320,-21,149462,7355,-32155,-173,375,1361,-272,149462,-11702,-30600,7496,67,491,75,149441,-1046,32285,2056,-642,1319,-187,10,3
1932,149463,29977,-1806,13081,-1754,121,-1160,149463,81,16292,-1227,387,-416,33,149484,7420,-32155,-95,326,1582,-163,149484,-11736,-30596,7516,33,485,21,149463,-1110,32289,2096,-642,933,-226,10,3
1933,149485,30029,-1802,13081,-1754,121,-1160,149485,81,16292,-1227,387,-416,34,149506,7468,-32144,-95,326,1582,-163,149506,-11736,-30593,7528,33,485,21,149485,-1110,32289,2182,-630,933,-226,10,3
1934,149507,30029,-1802,13081,-1993,-46,-1160,149507,63,16292,-1238,386,-492,34,149528,7468,-32144,-95,320,1582,-163,149528,-11736,-30590,7528,-6,485,-61,149507,-1164,32289,2182,-630,643,-226,10,3
1935,149529,30120,-1683,13534,-2163,-195,-1185,149529,50,16296,-1238,384,-562,108,149550,7627,-32127,-73,316,1709,-83,149550,-11721,-30626,7536,-46,597,-126,149529,-1215,32286,2284,-530,507,-121,10,3
1936,149551,30138,-1669,13534,-2163,-195,-1185,149551,50,16298,-1230,384,-562,121,149572,7627,-32127,-73,316,1748,-83,149572,-11721,-30626,7536,-46,597,-126,149551,-1215,32286,2284,-521,507,-102,10,3
1937,149573,30138,-1669,13534,-2206,-324,-1185,149573,50,16298,-1230,381,-620,121,151614,7627,-32127,-73,316,1748,-83,151614,-11721,-30653,7536,-76,597,-151,149573,-1259,32284,2284,-521,405,-102,11,3
1938,151615,30237,-1471,13820,-2206,-490,-1128,151615,109,16312,-1226,375,-664,185,151636,7630,-32147,-70,358,1734,-22,151636,-11702,-30673,7534,-114,600,-151,151615,-1298,32283,2331,-434,404,-1,11,3
1939,151637,30237,-1471,13820,-2117,-490,-1107,151637,152,16312,-1226,375,-664,185,151658,7630,-32147,-70,358,1722,-22,151658,-11702,-30673,7534,-114,600,-136,151637,-1298,32283,2331,-434,404,-1,11,3
1940,151659,30237,-1471,13820,-2117,-490,-1107,151659,152,16312,-1226,370,-664,185,151680,7606,-32147,-70,358,1716,-44,151680,-11702,-30684,7532,-131,589,-136,151659,-1327,32282,2331,-434,404,-1,11,3
1941,151681,30284,-1489,13923,-1860,-353,-1064,151681,241,16307,-1237,358,-456,133,151702,7588,-32142,-64,377,1698,-66,151702,-11662,-30693,7531,-141,526,-110,151681,-1359,32282,2394,-418,404,52,11,3
1942,151703,30284,-1489,13923,-1854,-353,-1064,151703,241,16307,-1237,358,-446,133,151724,7588,-32134,-64,377,1698,-66,151724,-11662,-30693,7531,-141,526,-110,151703,-1359,32287,2418,-418,404,52,11,3
1943,151725,30284,-1524,13923,-1854,-353,-1064,151725,241,16304,-1245,342,-446,91,151746,7575,-32134,-64,377,1629,-90,151746,-11662,-30693,7531,-148,478,-110,151725,-1383,32287,2418,-418,404,52,11,3
1944,151747,30319,-1551,13926,-1653,-249,-1063,151747,307,16300,-1250,329,-257,53,151768,7575,-32106,-58,398,1452,-145,151768,-11630,-30673,7542,-148,478,-46,151747,-1433,32293,2485,-398,409,97,11,3
1945,151769,30327,-1551,13926,-1653,-230,-1063,151769,307,16300,-1250,329,-257,53,151790,7577,-32094,-58,465,1452,-145,151790,-11630,-30625,7542,-38,940,-46,151769,-1433,32297,2503,-386,409,97,11,3
1946,151791,30327,-1551,13922,-1653,-230,-1063,151791,307,16300,-1250,323,-257,24,151812,7577,-32094,-58,465,1260,-197,151812,-11630,-30625,7542,-38,940,-125,151791,-1476,32299,2503,-386,409,97,11,3
1947,151813,30351,-1551,13917,-1502,-91,-1063,151813,328,16301,-1236,323,-153,1,151834,7617,-32048,-143,558,831,-269,151834,-11664,-30610,7494,-28,2013,-410,151813,-1553,32302,2589,-282,966,133,11,3
1948,151835,30351,-1551,13917,-1502,-81,-1063,151835,328,16309,-1201,323,-153,1,151856,7617,-32048,-143,611,831,-269,151856,-11664,-30640,7494,-28,2103,-410,151835,-1553,32302,2589,-243,1147,133,11,3
1949,151857,30351,-1551,13915,-1502,-81,-1063,151857,328,16309,-1201,323,-153,-28,151878,7617,-32048,-229,611,141,-398,151878,-11693,-30697,7446,-149,2103,-677,151857,-1652,32302,2577,-243,1147,133,11,3
1950,151879,30413,-1585,13915,-1516,33,-1101,151879,185,16372,-1145,369,-110,-137,151900,7723,-32053,-293,985,-376,-742,151900,-11715,-30697,7334,-240,3039,-1242,151879,-1727,32302,2562,138,2450,174,11,3
1951,151901,30421,-1585,13970,-1516,33,-1101,151901,185,16391,-1145,370,-110,-137,151922,7723,-32053,-293,985,-376,-742,151922,-11715,-30676,7334,-240,3297,-1242,151901,-1727,32302,2562,242,2663,174,11,3
1952,151923,30421,-1634,13970,-1531,33,-1102,151923,-8,16391,-1145,370,-110,-270,151944,7723,-32113,-293,985,-376,-1027,151944,-11972,-30676,7244,-240,3297,-1902,151923,-1727,32302,2429,242,2663,174,11,3
1953,151945,30574,-1671,14183,-1543,8,-1102,151945,-184,16432,-1176,446,-131,-498,151966,7564,-32238,-251,1215,-164,-1263,151966,-12164,-30661,7129,-215,4560,-3279,151945,-1619,32344,2255,486,3629,133,11,3
1954,151967,30616,-1671,14183,-1543,8,-1076,151967,-184,16432,-1176,446,-131,-498,151988,7564,-32238,-90,1215,-112,-1263,151988,-12164,-30661,7129,-95,4898,-3279,151967,-1619,32344,2255,486,3629,133,11,3
1955,151989,30616,-1671,14183,-1543,-63,-1076,151989,-319,16432,-1207,446,-257,-701,152010,7564,-32274,-61,1215,-112,-1440,152010,-12164,-30663,7048,-95,4898,-4706,151989,-1619,32344,2113,486,3629,102,11,3
1956,152011,30720,-1461,14203,-1424,-548,-1057,152011,-387,16306,-1243,289,-733,-994,152032,7665,-32274,30,1386,593,-1545,152032,-11836,-30871,6988,171,6758,-5777,152011,-1616,32350,2004,452,3544,102,11,3
1957,152033,30720,-1461,14203,-1414,-548,-1057,152033,-387,16306,-1243,289,-733,-994,152054,7677,-32163,52,1386,593,-1545,152054,-11342,-30871,6988,171,6758,-5777,152033,-1616,32350,2004,452,3544,112,11,3
1958,152055,30720,-1461,14203,-1414,-1109,-1093,152055,-387,16212,-1309,129,-1253,-1285,152076,7677,-32163,52,1386,593,-1624,152076,-11342,-31067,6943,171,6758,-5943,152055,-1622,32328,1925,426,3481,112,11,3
1959,152077,30708,-1497,13952,-1317,-1667,-1432,152077,-238,16145,-1359,-76,-1689,-1651,152098,7784,-32052,151,1435,1047,-1703,152098,-10388,-31294,6695,-246,5590,-5943,152077,-1622,32312,1925,419,3433,268,11,3
1960,152099,30708,-1497,13952,-1317,-1667,-1432,152099,-65,16145,-1359,-76,-1689,-1651,152120,7914,-32048,163,1435,1047,-1703,152120,-10388,-31294,6695,-246,5590,-5527,152099,-1622,32312,1965,419,3433,352,11,3
1961,152121,30651,-1524,13746,-1317,-2179,-1689,152121,-65,16139,-1359,-236,-1703,-1940,152142,7914,-32048,163,1435,1047,-1801,152142,-10388,-31464,6383,-559,4158,-5527,152121,-1684,32300,1965,419,3397,352,11,3
1962,152143,29651,-1524,13489,-1324,-2884,-2018,152143,265,16139,-1305,-373,-1703,-2174,152164,8219,-31916,246,1586,1405,-2281,152164,-10272,-31528,6149,-726,2850,-5255,152143,-1773,32300,2287,436,2859,605,11,3
1963,152165,29651,-1463,13489,-1324,-2884,-2018,152165,265,16150,-1242,-373,-1296,-2174,152186,8255,-31788,246,1586,1405,-2281,152186,-10272,-31528,6149,-726,2850,-5255,152165,-1773,32238,2287,483,2859,781,11,3
1964,152187,28651,-1463,13040,-1329,-3778,-2357,152187,265,16150,-1242,-492,-1296,-2359,152208,8255,-31788,232,1586,1405,-3099,152208,-10272,-31528,5963,-726,1494,-5506,152187,-1941,32199,2287,483,2362,781,11,3
1965,152209,28651,-1425,12182,-1415,-5128,-2834,152209,-157,16100,-1009,-636,-333,-2719,152230,8795,-31593,222,1459,3377,-4945,152230,-10185,-31514,5744,-719,-506,-6356,152209,-2113,32199,2485,594,1024,1768,11,3
1966,152231,29356,-1425,12182,-1415,-5128,-2834,152231,-157,16100,-1001,-636,-302,-2719,152252,8839,-30922,222,1459,3377,-4945,152252,-10159,-31514,5744,-717,-506,-6356,152231,-2113,32251,2485,600,1024,2404,11,3
1967,152253,29356,-1470,11274,-1576,-6409,-3522,152253,-604,16001,-1001,-889,-302,-3403,152274,8839,-30922,74,1459,3377,-6945,152274,-10159,-31589,5580,-717,-2143,-7316,152253,-2242,32251,2485,600,-45,2404,11,3
1968,152275,29289,-1582,10274,-2115,-8409,-4339,152275,-940,15917,-489,-1164,412,-4384,152296,9661,-29922,74,1880,3187,-8945,152296,-9635,-31633,5377,-305,-3879,-8810,152275,-2303,32322,2647,1048,-1214,4404,11,3
1969,152297,29289,-1582,10274,-2115,-8409,-4339,152297,-940,15917,-462,-1164,412,-4384,152318,9661,-29922,74,2051,3187,-8945,152318,-9159,-31633,5377,22,-3879,-8810,152297,-2303,32322,2647,1305,-1214,4404,11,3
1970,152319,28361,-1582,9274,-2642,-10409,-4390,152319,-1096,15852,-462,-1462,412,-5373,152340,9661,-29922,177,2051,2045,-8945,152340,-9159,-31666,5377,22,-4566,-9938,152319,-2303,32322,2647,1305,-2091,4404,11,3
1971,152341,27361,-1248,8274,-3037,-12409,-4390,152341,-1213,15605,22,-1806,878,-6714,152362,9142,-28922,385,3674,1328,-6945,152362,-8159,-31666,5414,591,-5081,-11189,152341,-1535,32195,1937,2220,-2280,6404,11,3
1972,152363,27361,-816,8274,-3037,-12409,-3724,152363,-1213,15605,22,-1806,878,-6714,152384,9142,-28922,462,3674,1328,-6945,152384,-8159,-31517,5414,591,-5081,-11189,152363,-1303,32195,1937,2485,-2280,6404,11,3
1973,152385,26361,-816,7274,-3037,-14409,-3724,152385,-1322,15298,22,-2014,878,-7881,152406,8752,-28922,462,3674,790,-6945,152406,-8159,-31517,5414,591,-5081,-12159,152385,-1303,31610,1404,2485,-2280,6404,11,3
1974,152407,25361,-142,6274,-2605,-16409,-2964,152407,-1939,14969,146,-2170,1286,-8920,152428,8752,-28223,840,3543,386,-8945,152428,-7159,-31405,5558,1386,-4754,-12887,152407,-303,30610,649,3031,-1867,8404,11,3
1975,152429,25361,166,6274,-2228,-16409,-2964,152429,-1939,14969,146,-2170,1286,-8920,152450,8852,-28223,840,3543,386,-8945,152450,-7159,-30907,5750,1639,-4645,-12887,152429,-303,30610,649,3031,-1552,8404,11,3
1976,152451,24361,166,5274,-2228,-18409,-2964,152451,-2401,14722,146,-2287,1286,-9718,152472,8852,-28223,840,3445,-234,-10945,152472,-7159,-30907,5750,1639,-4645,-13154,152451,-303,29805,82,3031,-1552,8404,11,3
1977,152473,23417,-105,4274,-1350,-20409,-2528,152473,-2836,14515,188,-3163,453,-10853,152494,9852,-27223,1124,2434,-1478,-12945,152494,-6159,-30450,6002,2781,-4331,-13154,152473,697,29202,-500,2827,-691,9731,11,3
1978,152495,23417,-105,4274,-1269,-20409,-2528,152495,-2836,14515,188,-3163,453,-10853,152516,9852,-27223,1164,2434,-1478,-12945,152516,-6159,-30450,6040,2781,-4318,-12853,152495,697,29202,-500,2827,-691,9731,11,3
1979,152517,23417,-308,3274,-1269,-20559,-2528,152517,-3162,14115,188,-3924,-171,-11770,152538,9852,-27223,1164,1295,-3478,-14945,152538,-6159,-30450,6040,2781,-4318,-12853,152517,697,29202,-723,2274,-691,9731,11,3
1980,152539,23783,-390,2274,-312,-20559,-1964,152539,-3951,13487,137,-4495,-171,-12458,152560,10852,-26223,1847,-518,-5478,-16945,152560,-5159,-29450,7040,3302,-3441,-12436,152539,1697,29417,-890,1371,-101,10584,11,3
1981,152561,23783,-390,2274,-312,-20557,-1936,152561,-3951,13487,137,-4495,76,-12458,152582,10852,-26223,1847,-518,-5478,-16945,152582,-5159,-29450,7040,3302,-3081,-11983,152561,1697,29417,-890,1371,-101,10584,11,3
1982,152583,23783,-390,1274,-312,-20557,-1936,152583,-4951,13016,31,-4495,76,-12802,152604,10852,-26223,1847,-1878,-5478,-18545,152604,-5159,-29450,7040,3294,-3081,-11983,152583,1697,29417,-890,694,-101,10584,11,3
1983,152605,22783,-100,489,277,-19687,-1325,152605,-5951,12878,-48,-4435,-410,-13056,152626,11852,-25223,1201,-3055,-5356,-20014,152626,-4159,-29497,7684,2952,-2153,-10387,152605,2697,29309,-941,144,102,9264,11,3
1984,152627,22783,-100,489,277,-19687,-1149,152627,-5951,12878,-48,-4435,-410,-13056,152648,11852,-25223,1201,-3055,-5242,-20014,152648,-4159,-29497,7684,2952,-2153,-10114,152627,2697,29309,-941,144,102,9264,11,3
1985,152649,21783,-148,-99,277,-19687,-1149,152649,-6951,12878,-48,-4435,-1297,-13202,152670,10852,-25223,366,-3938,-5242,-20923,152670,-4159,-29532,7684,2791,-2153,-10114,152649,2697,29228,-999,-268,65,7910,11,3
1986,152671,20783,-452,-1099,719,-19034,-477,152671,-7951,13029,294,-4446,-2073,-13202,152692,9852,-24223,-415,-5475,-4104,-21605,152692,-3159,-29761,8043,2791,-1633,-8114,152671,3697,29167,-1051,-1460,-347,6586,11,3
1987,152693,20783,-452,-1099,719,-18973,-477,152693,-7951,13029,513,-4446,-2073,-13117,152714,9852,-24223,-415,-5475,-4104,-21605,152714,-3159,-29761,8043,3218,-1633,-8114,152693,3697,29167,-1051,-1460,-347,6586,11,3
1988,152715,19783,-464,-2099,719,-18973,-477,152715,-8923,12347,513,-4872,-2594,-13117,152736,8852,-24223,-725,-6628,-4104,-21651,152736,-3159,-29950,8043,3218,-1633,-8114,152715,3697,29167,-1082,-3004,-656,5457,11,3
1989,152737,18783,-657,-3099,1085,-18190,-337,152737,-9893,11575,1513,-5480,-2666,-12748,152758,7852,-23223,-759,-6957,-2523,-21651,152758,-2159,-30126,8462,4018,-1189,-6114,152737,4697,29203,-1082,-4162,-656,4226,11,3
1990,152759,18783,-657,-3099,1085,-18146,-337,152759,-9893,11575,1513,-5480,-2666,-12617,152780,7852,-23223,-759,-6957,-2523,-21039,152780,-2159,-30126,8488,4018,-505,-6114,152759,4697,29203,-671,-4162,-560,4226,11,3
1991,152781,17783,-802,-4099,1085,-18146,-343,152781,-10893,10983,1513,-5936,-2666,-12617,152802,6852,-23223,-759,-7049,-2523,-21039,152802,-2159,-30126,8488,4018,-505,-6114,152781,4697,29203,-671,-4419,-560,2991,11,3
1992,152803,16783,-911,-5099,1130,-17801,-355,152803,-11893,10379,2485,-6222,-2274,-11863,152824,5852,-22223,-247,-7049,-3236,-19039,152824,-1159,-30616,9044,3682,-294,-4218,152803,5697,29356,-71,-4419,-255,2046,11,3
1993,152825,16783,-911,-5099,1130,-17801,-355,152825,-11893,10379,2485,-6222,-2274,-11529,152846,5852,-22223,-247,-7021,-3236,-19039,152846,-1159,-30616,9202,3682,-294,-4218,152825,5697,29436,196,-4361,-255,2046,11,3
1994,152847,15783,-911,-6099,1130,-17801,-550,152847,-12893,9862,2485,-6222,-2274,-11529,152868,4852,-22223,-247,-7021,-3236,-19039,152868,-1159,-30984,9202,3118,-524,-4218,152847,5697,29436,196,-4361,-255,1356,11,3
1995,152869,14783,-781,-7099,1164,-17542,-747,152869,-13893,8972,3327,-6178,-2126,-10087,152890,3852,-21223,-677,-5363,-2623,-17039,152890,-323,-31260,9737,2356,-705,-3025,152869,6697,29625,859,-3628,-295,863,11,3
1996,152891,14783,-781,-7099,1164,-17385,-747,152891,-13893,8972,3362,-5966,-2126,-9834,152912,3852,-21223,-677,-5089,-2623,-17039,152912,-323,-31260,9737,2356,-705,-3025,152891,6697,29625,859,-3327,-295,863,11,3
1997,152913,13783,-1013,-8099,1164,-17385,-895,152913,-14669,8237,3362,-5966,-2126,-9834,152934,2852,-21223,-1125,-5089,-2623,-17039,152934,-323,-31260,9737,1717,-841,-3025,152913,6697,29625,859,-3327,-389,833,11,3
1998,152935,13783,-1307,-9099,693,-15701,-1369,152935,-14905,7668,4063,-5509,-1947,-8085,152956,1852,-20223,-1665,-3445,-1873,-15039,152956,264,-30875,10304,1147,-943,-2196,152935,7697,29766,1176,-2238,-508,812,11,3
1999,152957,14783,-1307,-9099,693,-15385,-1369,152957,-14905,7668,4175,-4998,-1924,-7834,152978,1852,-20223,-1665,-3400,-1873,-15039,152978,432,-30875,10304,1147,-943,-2196,152957,7697,29766,1176,-2136,-508,812,11,3
2000,152979,14783,-1307,-10099,340,-15385,-1724,152979,-14972,7340,4175,-4998,-1924,-7834,153000,1852,-20223,-2244,-3400,-1873,-15039,153000,432,-31006,10304,553,-1104,-2196,152979,7697,29766,1176,-2136,-523,797,11,3
2001,153001,15783,-912,-11099,201,-13385,-1724,153001,-14972,7177,4883,-3842,-1434,-5834,153022,2852,-19223,-2831,-1781,-1451,-13039,153022,1156,-31232,10416,108,-1488,-1575,153001,8697,29698,1168,-1133,-523,692,11,3
2002,153023,15783,-912,-11099,201,-13385,-1655,153023,-14944,7177,4901,-3638,-1368,-5834,153044,2852,-19223,-2831,-1763,-1451,-13039,153044,1156,-31232,10416,108,-1488,-1491,153023,8697,29698,1168,-1096,-492,692,11,3
2003,153045,15783,-912,-12099,109,-13385,-1655,153045,-14944,7177,4901,-3638,-1368,-5834,153066,2852,-19223,-3271,-1763,-1451,-13039,153066,1156,-31280,10416,108,-1612,-1491,153045,8697,29647,1162,-1096,-492,578,11,3
2004,153067,16783,-831,-13099,40,-11385,-1590,153067,-14647,7271,5411,-2364,-988,-3912,153088,3852,-18223,-3537,-778,-1146,-11039,153088,1275,-31486,10672,164,-1612,-979,153067,9526,29609,1157,-426,-469,492,11,3
2005,153089,16783,-831,-13099,40,-11385,-1590,153089,-14538,7271,5411,-2364,-988,-3834,153110,3852,-18223,-3537,-778,-1135,-11039,153110,1275,-31486,10688,164,-1288,-979,153089,9526,29609,1157,-426,-288,492,11,3
2006,153111,16783,-831,-14099,-7,-11385,-1590,153111,-14538,7271,5411,-2364,-988,-3834,153132,3852,-18223,-3670,-778,-1135,-11039,153132,1275,-31618,10688,164,-1288,-979,153111,9526,29609,1157,-426,-288,492,11,3
2007,153133,17783,-703,-15099,-12,-9385,-1541,153133,-14110,7281,5653,-1443,-703,-2265,153154,4852,-17223,-3758,-39,-562,-9039,153154,1432,-31618,10892,-87,-947,-595,153133,10032,29658,1161,-24,-368,513,11,3
2008,153155,17783,-657,-15099,-12,-9385,-1448,153155,-14081,7281,5653,-1443,-631,-2265,153176,4852,-17223,-3758,-34,-407,-9039,153176,1432,-31567,11034,-87,-947,-584,153155,10034,29658,1161,-24,-368,569,11,3
2009,153177,17783,-657,-16099,-12,-9385,-1448,153177,-14081,7281,5653,-1443,-631,-2265,153198,4852,-17223,-3758,-34,-407,-9039,153198,1432,-31567,11034,-474,-947,-584,153177,10034,29658,1161,-24,-504,569,11,3
2010,153199,18783,-422,-17099,55,-7385,-1272,153199,-13822,7303,5585,-747,-83,-1236,153220,5852,-16223,-3704,1417,672,-7039,153220,1842,-31529,11203,-1083,-510,-184,153199,10491,29557,1096,330,-530,518,11,3
2011,153221,18783,-416,-17099,55,-7385,-1184,153221,-13822,7306,5585,-655,-52,-1236,153242,5852,-16223,-3704,1750,986,-7039,153242,1842,-31399,11203,-1083,-76,-180,153221,10657,29557,1096,543,-530,518,11,3
2012,153243,18783,-416,-18099,55,-7385,-1184,153243,-13822,7306,5513,-655,-52,-1236,153264,5852,-16223,-3704,1750,986,-7039,153264,1842,-31399,11203,-1862,-76,-180,153243,10657,29420,692,543,-530,320,11,3
2013,153265,19783,-157,-19099,75,-5385,-794,153265,-13920,7502,5459,275,484,-430,153286,4852,-15223,-3674,3402,2102,-5039,153286,2019,-31407,10948,-2530,577,223,153265,11040,29317,323,1146,-391,-92,11,3
2014,153287,19783,-157,-19099,75,-5385,-794,153287,-13920,7549,5459,450,484,-365,153308,4852,-15223,-3674,3402,2102,-5039,153308,2019,-31407,10948,-2530,577,368,153287,11040,29317,323,1146,-372,-92,11,3
2015,153309,19783,-243,-20099,63,-5385,-794,153309,-14004,7549,5415,450,484,-365,153330,3852,-15223,-3674,3402,2102,-5039,153330,2019,-31407,10757,-3031,577,368,153309,11040,29317,-145,1146,-372,-429,11,3
2016,153331,20783,-320,-21099,-52,-3385,-704,153331,-14067,7931,5361,1580,674,536,153352,2852,-14615,-3591,3975,2666,-3039,153352,2152,-31413,10583,-3346,1193,1139,153331,11240,29632,-246,1173,-57,-929,11,3
2017,153353,20783,-320,-21099,-52,-3385,-704,153353,-14067,7993,5361,1584,674,657,153374,2852,-14615,-3183,3975,2666,-3039,153374,2152,-31413,10583,-3346,1256,1443,153353,11240,29632,-246,1173,176,-929,11,3
2018,153375,20783,-365,-22099,-163,-3385,-704,153375,-14067,7993,5309,1584,674,657,153396,2852,-14615,-3183,3975,2666,-3039,153396,2152,-31413,10453,-3361,1256,1443,153375,11240,29600,-246,1173,176,-1383,11,3
2019,153397,21783,-471,-22466,-239,-1385,-669,153397,-14002,8476,5209,2613,817,1697,153418,3852,-14343,-2489,4368,3058,-1039,153418,2082,-31067,10309,-3372,2171,2527,153397,11366,29574,-134,1193,1563,-1912,11,3
2020,153419,21783,-471,-22466,-239,-1385,-669,153419,-13984,8647,5209,2777,1047,2030,153440,3852,-14343,-2445,4368,3089,-1039,153440,2082,-31067,10227,-3372,2171,2651,153419,11366,29574,-110,1227,1887,-1912,11,3
2021,153441,21783,-553,-22466,-283,-1385,-669,153441,-13984,8647,5016,2777,1047,2030,153462,3852,-14447,-2445,4368,3089,-1039,153462,1915,-31067,10201,-3381,2171,2651,153441,11366,29574,-110,1227,1887,-2405,11,3
2022,153463,22783,-660,-22259,-283,615,-755,153463,-13678,9142,4667,3553,1288,3339,153484,4852,-14693,-1571,4976,3553,961,153484,1306,-30067,10008,-3584,2375,3701,153463,11352,29614,49,1510,2847,-2917,11,3
2023,153485,22783,-660,-21739,-259,615,-755,153485,-13556,9152,4667,3553,1288,3446,153506,4852,-14693,-1571,4976,4033,961,153506,1306,-30067,10008,-3584,2375,3789,153485,11352,29696,49,1510,2847,-2917,11,3
2024,153507,22783,-788,-21739,-259,615,-894,153507,-13556,9152,4383,3553,1288,3446,153528,4852,-15443,-1571,4976,4033,961,153528,853,-30067,9864,-3584,2375,3789,153507,11320,29696,49,1510,2847,-3336,11,3
2025,153529,23783,-1286,-20739,-438,2615,-1154,153529,-13139,9531,4183,3974,1469,4624,153550,5852,-16443,-808,5109,5571,2961,153550,510,-30092,9206,-3536,2403,4803,153529,11100,29822,-123,1428,3140,-3842,11,3
2026,153551,23783,-1286,-20739,-438,2615,-1154,153551,-13041,9628,4183,3974,1623,4626,153572,5852,-16443,-808,5109,6033,2961,153572,510,-30092,9206,-3136,2403,5095,153551,11100,29822,-123,1428,3140,-3842,11,3
2027,153573,23783,-1660,-20739,-795,2615,-1372,153573,-13041,9628,4033,3974,1623,4626,153594,5852,-17443,-808,4866,6033,2961,153594,134,-30092,8602,-3136,2403,5095,153573,10919,29822,-252,1086,3140,-4357,11,3
2028,153595,22783,-2004,-19739,-1294,4615,-1536,153595,-12445,10235,3921,3977,2179,5531,153616,6852,-18443,136,4063,7616,4961,153616,-283,-29092,8259,-2349,2047,6565,153595,10735,30030,-349,275,3286,-5138,11,3
2029,153617,22783,-2004,-19739,-1294,4615,-1536,153617,-12235,10315,3921,3977,2180,5557,153638,6852,-18443,192,4063,7637,4961,153638,-283,-29092,8259,-2337,2047,7046,153617,10735,30030,-349,275,3286,-5138,11,3
2030,153639,21783,-2262,-19739,-1668,4615,-1536,153639,-12235,10315,3733,3904,2180,5557,153660,6852,-19443,192,2427,7637,4961,153660,-1022,-29092,8259,-2337,1517,7046,153639,10499,30030,-349,-402,3286,-6032,11,3
2031,153661,21783,-2606,-18739,-1894,6615,-1479,153661,-11501,11107,3163,3769,3301,6610,153682,7852,-20312,1192,1089,8971,6961,153682,-1712,-28092,8312,-2075,612,8877,153661,10076,30360,-301,-910,2587,-6985,11,3
2032,153683,22783,-2606,-18739,-1894,6615,-1292,153683,-11404,11107,3163,3769,3301,6830,153704,7852,-20312,1192,1089,8971,6961,153704,-1712,-28092,8312,-2075,612,8979,153683,10076,30430,6,-910,2587,-6985,11,3
2033,153705,22783,-2836,-18739,-2048,6615,-1292,153705,-11404,11107,2464,3526,3301,6830,153726,7852,-20964,1192,42,8971,6961,153726,-2291,-28863,8312,-2075,-380,8979,153705,9739,30430,6,-1270,1566,-7895,11,3
2034,153727,23285,-2943,-17739,-2164,8615,-959,153727,-10689,11493,1771,3167,3777,8096,153748,8852,-21693,2160,-835,7325,8961,153748,-3262,-29441,8320,-2229,-942,10945,153727,9042,30502,168,-1540,174,-8843,11,3
2035,153749,23285,-2943,-17739,-2164,8615,-959,153749,-10667,11493,1771,3167,3777,8215,153770,8852,-21693,2160,-835,7325,8961,153770,-3262,-29441,8320,-2229,-942,10979,153749,9042,30502,168,-1540,174,-8843,11,3
2036,153771,23118,-3039,-17739,-2379,8615,-959,153771,-10667,11493,1278,2877,3675,8215,153792,8852,-22239,2160,-1752,5495,8961,153792,-4262,-29838,8318,-2440,-1363,10979,153771,8231,30502,168,-1801,-759,-9774,11,3
2037,153793,22474,-3111,-16739,-2723,10615,-983,153793,-9843,11642,949,2659,2887,9469,153814,9852,-22555,2786,-2779,4071,10961,153814,-5262,-30112,8316,-2598,-1458,12295,153793,7279,30630,44,-2331,-1459,-10727,11,3
2038,153815,22474,-3111,-16739,-2723,10615,-983,153815,-9667,11642,949,2659,2887,9571,153836,9852,-22555,2786,-2779,4071,10961,153836,-5262,-30112,8316,-2598,-1458,12295,153815,7279,30630,44,-2331,-1459,-10727,11,3
2039,153837,21901,-3165,-16739,-3159,10615,-1145,153837,-9667,11642,750,2587,2010,9571,153858,9852,-22716,2786,-3843,3629,10961,153858,-6262,-30112,8315,-2717,-1458,12295,153837,6539,30630,44,-2925,-1984,-11389,11,3
2040,153859,21472,-3165,-15739,-4049,12615,-1559,153859,-8667,11733,601,2587,1162,10820,153880,10037,-22837,3179,-4641,3298,12961,153880,-7262,-30010,7794,-2717,-1275,13011,153859,5539,30748,597,-3370,-2758,-11676,11,3
2041,153881,21472,-3153,-15739,-4049,12615,-1559,153881,-8667,11733,601,2940,1162,10911,153902,10037,-22837,3179,-4641,3298,12961,153902,-7262,-29940,7794,-2714,-1275,13011,153881,5539,30856,597,-3370,-2758,-11676,11,3
2042,153903,21472,-3153,-15739,-4844,12615,-1934,153903,-8667,11733,405,2940,513,10911,153924,10037,-23375,3179,-4641,3050,12961,153924,-8262,-29940,7321,-2714,-1538,13011,153903,4539,30856,597,-3370,-3339,-11676,11,3
2043,153925,21878,-3074,-14739,-5636,14615,-2272,153925,-7667,12271,258,3361,-441,11944,153946,10056,-24375,2392,-4416,2570,14036,153946,-9262,-29875,6778,-2024,-2062,12781,153925,3539,30998,1009,-3324,-3411,-11422,11,3
2044,153947,21878,-3028,-14739,-5636,14615,-2272,153947,-7667,12337,258,3386,-441,11944,153968,10056,-24375,2392,-3883,2570,14036,153968,-9262,-29857,6778,-1608,-2062,12781,153947,3539,30998,1009,-3324,-3411,-11128,11,3
2045,153969,21878,-3028,-14739,-6230,14615,-2525,153969,-7667,12337,258,3386,-1706,11944,153990,9954,-25351,1630,-3883,2210,14036,153990,-10262,-29857,6778,-1608,-2062,11402,153969,2539,30912,1009,-3324,-3411,-11128,11,3
2046,153991,20878,-2457,-13739,-6230,14800,-2525,153991,-6667,13265,723,3720,-2655,12445,154012,9181,-26351,630,-3933,1999,13388,154012,-11262,-29812,7169,-679,-1474,9402,153991,1762,30848,1166,-3617,-2686,-10419,11,3
2047,154013,20878,-2028,-13739,-5543,14800,-2124,154013,-6667,13337,957,3720,-2655,12445,154034,9181,-26351,630,-3933,1904,13388,154034,-11262,-29812,7169,-679,-62,9402,154013,1762,30848,1376,-3617,-2200,-10372,11,3
2048,154035,19878,-2028,-13739,-5543,12804,-2124,154035,-6667,13337,957,3720,-2655,12307,154056,8602,-27255,-99,-3970,1904,12779,154056,-11310,-30251,7169,-679,-62,7402,154035,1113,30848,1376,-3836,-2200,-10372,11,3
2049,154057,18878,-1028,-12739,-3543,10834,-744,154057,-5667,14337,842,3255,-1860,10307,154078,8602,-28189,-608,-3998,1833,11254,154078,-11346,-30580,7280,-598,980,5402,154057,113,31110,1752,-3836,-1000,-9667,11,3
2050,154079,18878,-1028,-12739,-3543,10834,-744,154079,-5667,14337,842,3255,-1667,10307,154100,9602,-28189,-608,-3998,1833,11254,154100,-11346,-30580,7280,-598,980,5402,154079,113,31110,1752,-3753,-1000,-9125,11,3
2051,154101,17878,-1028,-12739,-3543,9356,-744,154101,-5667,14337,756,2409,-1667,8307,154122,9602,-28889,-608,-3998,1780,9254,154122,-11401,-30580,7280,-598,980,3664,154101,-857,31110,1752,-3753,-1000,-9125,11,3
2052,154123,17878,-2028,-11739,-2797,8258,-335,154123,-4667,14635,361,1775,333,6307,154144,9291,-29414,-244,-3715,145,7254,154144,-11524,-30547,7326,-551,1016,2591,154123,-1274,31274,2426,-2665,791,-7125,11,3
2053,154145,18878,-2028,-11739,-2797,8258,-335,154145,-4667,14635,361,1775,333,6307,154166,9291,-29414,-244,-3062,145,7254,154166,-11524,-30515,7326,-551,1016,2591,154145,-1274,31274,2568,-2403,791,-7125,11,3
2054,154167,18878,-2028,-11739,-2797,7435,-335,154167,-4667,14635,64,1330,333,4501,154188,8291,-29730,-589,-3062,-1081,5583,154188,-11632,-30515,7326,-551,288,1997,154167,-1274,31274,2568,-2403,791,-7125,11,3
2055,154189,19878,-1863,-10739,-2333,6666,-28,154189,-3842,14803,-409,1036,1112,3344,154210,7291,-29730,-883,-1941,-1108,4329,154210,-11887,-30466,7360,-589,-590,1552,154189,-863,31397,2902,-1327,-1181,-5125,11,3
2056,154211,19878,-1453,-10739,-2333,6666,-27,154211,-3842,14859,-409,1036,1112,3344,154232,7291,-28730,-883,-1941,-1108,4329,154232,-11887,-30460,7372,-589,-590,1552,154211,-863,31495,2902,-1327,-1181,-5125,11,3
2057,154233,19878,-1453,-10739,-2333,5948,-27,154233,-3842,14859,-764,899,852,2999,154254,7190,-28730,-1068,-1941,-1108,3389,154254,-12149,-30460,7372,-607,-1248,1117,154233,-863,31495,2428,-1327,-2667,-5125,11,3
2058,154255,20878,-1355,-9739,-1662,5352,68,154255,-3224,15147,-851,796,-182,2740,154276,7190,-29225,-1068,-1784,490,2684,154276,-12345,-30419,7441,-693,-1572,504,154255,-1077,31747,2073,-1038,-3775,-3934,11,3
2059,154277,20878,-1355,-9739,-1662,5352,68,154277,-2859,15274,-851,796,-182,2740,154298,7206,-29225,-1013,-1784,490,2684,154298,-12345,-30419,7441,-693,-1572,504,154277,-1077,31747,2073,-1038,-3775,-3934,11,3
2060,154299,20878,-1458,-9739,-1662,4806,62,154299,-2859,15274,-851,732,-958,2546,154320,7206,-29720,-1013,-1784,490,2351,154320,-12428,-30419,7441,-758,-1572,44,154299,-1237,31747,2073,-1038,-3775,-3934,11,3
2061,154321,21878,-1577,-8739,-1442,4370,-46,154321,-1943,15620,-779,732,-958,2054,154342,7706,-30130,-429,-1666,-742,2184,154342,-12428,-30456,7480,-922,-1629,-439,154321,-1357,31844,2318,-761,-3459,-2921,11,3
2062,154343,21878,-1577,-8739,-1442,4370,-46,154343,-1943,15620,-779,749,-906,2054,154364,7706,-30130,-429,-1238,-742,2184,154364,-12258,-30456,7480,-922,-1629,-439,154343,-1357,31844,2318,-752,-3459,-2790,11,3
2063,154365,21878,-1676,-8739,-1442,4013,-125,154365,-1943,15620,-779,749,-906,1548,154386,7629,-30399,-429,-1238,-1666,2059,154386,-12258,-30476,7398,-1045,-1858,-801,154365,-1357,31844,2318,-752,-3707,-2790,11,3
2064,154387,22878,-1781,-7739,-1277,3733,-125,154387,-1362,15855,-732,832,-79,1069,154408,7206,-30839,-385,-842,-2213,1819,154408,-12071,-30491,7292,-1104,-1874,-1072,154387,-1457,31935,2472,-422,-3893,-1882,11,3
2065,154409,22878,-1781,-7739,-1140,3733,31,154409,-1362,15855,-732,832,-79,1069,154430,7206,-30839,-385,-842,-2213,1819,154430,-12029,-30491,7292,-1104,-1874,-1072,154409,-1457,31935,2472,-401,-3893,-1873,11,3
2066,154431,22878,-1895,-7739,-1140,3535,31,154431,-1362,15855,-732,832,-79,709,154452,7052,-31169,-385,-842,-2213,1350,154452,-12029,-30502,7253,-1104,-1886,-1102,154431,-1457,31935,2472,-401,-3893,-1873,11,3
2067,154453,23878,-1981,-6739,-981,3420,82,154453,-858,15915,-816,762,-7,529,154474,6937,-31416,-362,-631,-1514,848,154474,-11857,-30510,7227,-1066,-1886,-1102,154453,-1418,32027,2416,104,-3508,-1107,11,3
2068,154475,23878,-1981,-6739,-981,3420,82,154475,-855,15915,-816,762,-7,529,154496,6937,-31416,-362,-631,-1514,848,154496,-11857,-30510,7227,-957,-1875,-1102,154475,-1248,32027,2416,104,-3193,-1107,11,3
2069,154497,23878,-1981,-6739,-981,3371,32,154497,-855,15915,-879,703,-155,529,154518,6851,-31596,-389,-631,-1514,602,154518,-11857,-30510,7227,-957,-1875,-1102,154497,-1248,32027,2374,104,-3193,-1107,11,3
2070,154519,24878,-1849,-5739,-861,3334,-33,154519,-451,15982,-879,656,-338,541,154540,6774,-31712,-453,-452,-1352,418,154540,-11744,-30518,7204,-831,-1874,-1124,154519,-1092,32096,2240,356,-2651,-651,11,3
2071,154541,24878,-1849,-5739,-859,3334,-33,154541,-451,16025,-871,656,-338,541,154562,6774,-31712,-453,-452,-1352,418,154562,-11742,-30518,7204,-831,-1874,-1124,154541,-1078,32096,2240,356,-2405,-651,11,3
2072,154563,24878,-1849,-5739,-859,3305,-82,154563,-451,16025,-871,615,-342,541,154584,6664,-31799,-501,-452,-1352,280,154584,-11742,-30544,7204,-831,-1874,-1140,154563,-1078,32102,2140,356,-2405,-651,11,3
2073,154585,25878,-1820,-4739,-774,3173,-247,154585,-88,16103,-855,594,-342,342,154606,6634,-31963,-627,-189,-1231,109,154606,-11656,-30602,7183,-737,-1873,-1140,154585,-966,32132,2011,479,-1754,-329,11,3
2074,154607,25878,-1820,-4739,-774,3173,-247,154607,-88,16103,-855,594,-260,342,154628,6634,-31963,-627,-189,-1121,109,154628,-11636,-30602,7183,-731,-1853,-1122,154607,-966,32158,2011,479,-1720,-329,11,3
2075,154629,25878,-1820,-4739,-774,3067,-370,154629,-88,16103,-879,594,-260,193,154650,6621,-32086,-627,-189,-1121,-81,154650,-11636,-30635,7183,-731,-1853,-1122,154629,-966,32158,1914,479,-1720,-329,11,3
2076,154651,26878,-1799,-3739,-732,2795,-441,154651,202,16111,-933,632,-156,83,154672,6612,-32118,-722,-102,-657,-223,154672,-11472,-30660,7193,-609,-1528,-971,154651,-890,32174,1841,519,-1252,-141,11,3
2077,154673,26878,-1781,-3739,-732,2795,-441,154673,202,16111,-933,661,-156,83,154694,6612,-32118,-722,-102,-657,-223,154694,-11464,-30660,7193,-580,-1498,-964,154673,-890,32174,1841,519,-1252,-141,11,3
2078,154695,26878,-1781,-3739,-732,2540,-494,154695,202,16111,-989,661,-197,83,154716,6612,-32132,-722,-102,-657,-249,154716,-11464,-30685,7193,-580,-1498,-964,154695,-890,32168,1784,519,-1252,-141,11,3
2079,154717,27878,-1739,-2739,-695,2204,-535,154717,486,16117,-1023,699,-344,106,154738,6659,-32148,-685,-37,-322,-268,154738,-11379,-30739,7246,-448,-1120,-794,154717,-827,32156,1690,482,-883,-39,11,3
2080,154739,27878,-1679,-2739,-683,2204,-535,154739,486,16131,-1023,699,-344,108,154760,6685,-32148,-685,2,-322,-268,154760,-11379,-30739,7246,-439,-1102,-794,154739,-827,32156,1690,482,-883,-39,11,3
2081,154761,27878,-1679,-2739,-683,1945,-567,154761,486,16131,-1049,686,-451,108,154782,6685,-32164,-685,2,-322,-311,154782,-11379,-30784,7246,-439,-1102,-794,154761,-827,32156,1613,415,-883,-39,11,3
2082,154783,28630,-1651,-1739,-658,1643,-591,154783,664,16174,-1068,606,-451,41,154804,6696,-32190,-631,160,-56,-343,154804,-11316,-30818,7286,-246,-708,-623,154783,-780,32175,1561,161,-510,33,11,3
2083,154805,28630,-1651,-1739,-658,1643,-591,154805,664,16174,-1068,606,-285,41,154826,6696,-32190,-607,160,-56,-343,154826,-11316,-30818,7310,-246,-708,-623,154805,-768,32245,1561,161,-510,33,11,3
2084,154827,28630,-1714,-1739,-658,1416,-608,154827,664,16174,-1083,524,-285,-18,154848,6696,-32224,-607,160,-56,-343,154848,-11316,-30837,7310,-246,-708,-623,154827,-768,32245,1561,-28,-510,33,11,3
2085,154849,29194,-1791,-739,-688,1227,-632,154849,765,16206,-1112,439,-55,-63,154870,6704,-32225,-519,151,160,-325,154870,-11286,-30837,7358,-158,-413,-441,154849,-784,32293,1648,-142,-437,-27,11,3
2086,154871,29248,-1791,-739,-688,1227,-632,154871,765,16206,-1112,439,-49,-63,154892,6784,-32225,-471,151,272,-325,154892,-11286,-30827,7358,-158,-413,-441,154871,-784,32293,1648,-142,-437,-27,11,3
2087,154893,29248,-1887,-739,-791,1030,-666,154893,765,16206,-1134,375,-49,-63,154914,6784,-32225,-471,147,272,-325,154914,-11286,-30827,7358,-158,-413,-441,154893,-830,32293,1648,-194,-437,-35,11,3
2088,154915,29692,-1921,261,-969,872,-768,154915,692,16234,-1142,338,106,-56,154936,6948,-32214,-391,147,520,-342,154936,-11280,-30842,7432,-101,-166,-388,154915,-834,32301,1702,-207,-383,-35,11,3
2089,154937,29692,-1921,261,-969,872,-768,154937,692,16234,-1142,338,106,-49,154958,6948,-32214,-369,182,682,-342,154958,-11280,-30842,7432,-101,-166,-388,154937,-834,32301,1702,-207,-324,-1,11,3
2090,154959,29692,-1921,261,-1130,744,-847,154959,638,16234,-1147,338,106,-49,154980,6948,-32214,-369,182,682,-342,154980,-11280,-30842,7432,-101,-166,-403,154959,-857,32301,1702,-207,-324,-1,11,3
2091,154981,29963,-1916,1261,-1251,630,-906,154981,638,16254,-1150,362,125,-30,155002,7043,-32198,-280,221,911,-331,155002,-11275,-30841,7458,-99,-13,-414,154981,-857,32307,1768,-207,-239,28,11,3
2092,155003,29963,-1916,1261,-1251,630,-906,155003,659,16254,-1150,376,125,-30,155024,7043,-32198,-280,221,911,-319,155024,-11269,-30841,7458,-99,-13,-414,155003,-856,32307,1768,-207,-239,28,11,3
2093,155025,29963,-1916,1261,-1295,545,-906,155025,659,16254,-1152,376,125,-30,155046,7043,-32198,-280,202,911,-319,155046,-11269,-30841,7458,-109,-13,-414,155025,-856,32300,1768,-207,-239,28,11,3
2094,155047,30164,-1875,2261,-1295,478,-879,155047,679,16267,-1154,400,123,-23,155068,7200,-32170,-214,188,1060,-297,155068,-11261,-30838,7447,-116,-16,-364,155047,-880,32295,1830,-204,-176,50,11,3
2095,155069,30164,-1875,2261,-1274,478,-878,155069,679,16267,-1154,400,123,-23,155090,7200,-32160,-214,188,1060,-296,155090,-11247,-30832,7447,-116,-16,-364,155069,-880,32295,1830,-171,-159,50,11,3
2096,155091,30164,-1875,2261,-1274,415,-878,155091,679,16267,-1154,400,112,-23,155112,7200,-32160,-214,188,1060,-296,155112,-11237,-30832,7441,-116,-32,-364,155091,-880,32291,1830,-171,-159,50,11,3
2097,155113,30315,-1844,3261,-1193,368,-846,155113,692,16277,-1152,407,88,-18,155134,7218,-32139,-198,254,970,-252,155134,-11237,-30826,7441,-105,-101,-339,155113,-898,32291,1876,-117,-55,91,11,3
2098,155135,30315,-1844,3261,-1193,368,-842,155135,692,16285,-1142,407,88,-18,155156,7218,-32139,-198,305,970,-242,155156,-11225,-30806,7466,-103,-101,-339,155135,-898,32304,1900,-104,-55,122,11,3
2099,155157,30315,-1844,3261,-1193,368,-842,155157,692,16285,-1142,396,88,-18,155178,7199,-32139,-198,305,970,-242,155178,-11225,-30806,7466,-103,-165,-339,155157,-898,32304,1900,-104,-55,122,11,3
2100,155179,30396,-1843,4261,-1132,397,-815,155179,702,16288,-1152,370,116,-32,155200,7185,-32124,-220,311,979,-254,155200,-11214,-30814,7493,-93,-213,-320,155179,-879,32298,1911,-82,19,152,11,3
2101,155201,30396,-1843,4261,-1132,406,-815,155201,702,16288,-1152,370,156,-32,155222,7185,-32124,-220,311,992,-254,155222,-11160,-30814,7493,-93,-213,-320,155201,-879,32298,1953,-82,19,152,11,3
2102,155223,30396,-1854,4261,-1132,406,-820,155223,702,16286,-1162,351,156,-42,155244,7185,-32176,-237,311,992,-266,155244,-11160,-30820,7493,-94,-213,-320,155223,-895,32298,1953,-82,19,152,11,3
2103,155245,30513,-1862,5261,-1137,455,-833,155245,704,16285,-1176,351,148,-42,155266,7193,-32176,-283,311,1023,-281,155266,-11111,-30839,7495,-98,-200,-306,155245,-895,32325,1888,-71,42,174,11,3
2104,155267,30513,-1862,5261,-1137,458,-833,155267,704,16285,-1176,352,148,-39,155288,7193,-32125,-283,311,1023,-281,155288,-11087,-30839,7495,-98,-193,-306,155267,-877,32325,1888,-71,42,174,11,3
2105,155289,30513,-1862,5261,-1179,458,-853,155289,704,16284,-1186,352,132,-39,155310,7133,-32125,-290,311,1023,-281,155310,-11087,-30845,7495,-104,-193,-306,155289,-877,32325,1840,-71,42,174,11,3
2106,155311,30601,-1846,6261,-1211,460,-873,155311,732,16283,-1186,366,104,-19,155332,7088,-32127,-295,313,1079,-274,155332,-11083,-30849,7497,-109,-65,-275,155311,-877,32345,1798,-95,105,156,11,3
2107,155333,30619,-1790,6261,-1211,460,-873,155333,750,16283,-1184,368,104,-7,155354,7088,-32129,-295,313,1079,-274,155354,-11083,-30849,7497,-109,-53,-270,155333,-851,32345,1798,-95,105,156,11,3
2108,155355,30619,-1790,6261,-1218,448,-891,155355,750,16283,-1184,368,83,-7,155376,7088,-32129,-295,313,1079,-274,155376,-11083,-30854,7497,-112,-53,-270,155355,-851,32345,1782,-119,94,127,11,3
2109,155377,30701,-1738,7261,-1218,427,-904,155377,784,16285,-1182,375,83,12,155398,7124,-32172,-261,293,1219,-269,155398,-11082,-30858,7506,-115,130,-235,155377,-862,32360,1782,-163,86,105,11,3
2110,155399,30714,-1738,7261,-1212,427,-904,155399,784,16288,-1182,375,87,12,155420,7124,-32172,-261,293,1219,-268,155420,-11082,-30858,7513,-115,130,-235,155399,-862,32360,1794,-163,86,105,11,3
2111,155421,30714,-1738,7261,-1212,418,-924,155421,784,16288,-1182,375,87,12,155442,7124,-32172,-261,278,1219,-268,155442,-11082,-30861,7520,-115,130,-235,155421,-872,32360,1804,-194,86,105,11,3
2112,155443,30753,-1699,8261,-1196,411,-926,155443,784,16296,-1181,362,112,16,155464,7181,-32163,-235,278,1286,-271,155464,-11067,-30863,7520,-112,210,-215,155443,-880,32364,1813,-194,112,119,11,3
2113,155465,30753,-1699,8261,-1184,411,-926,155465,784,16296,-1180,362,112,16,155486,7181,-32136,-229,281,1286,-271,155486,-11067,-30863,7520,-112,210,-215,155465,-886,32364,1817,-177,138,125,11,3
2114,155487,30753,-1699,8261,-1184,406,-926,155487,784,16296,-1180,348,112,16,155508,7181,-32136,-229,281,1220,-275,155508,-11067,-30863,7514,-112,210,-215,155487,-886,32364,1820,-177,138,125,11,3
2115,155509,30761,-1680,9261,-1128,375,-859,155509,789,16303,-1163,338,117,-5,155530,7204,-32135,-217,321,1127,-276,155530,-11056,-30879,7499,-104,243,-200,155509,-934,32367,1820,-176,203,149,11,3
2116,155531,30761,-1680,9261,-1120,375,-847,155531,801,16303,-1157,338,117,-5,155552,7204,-32135,-205,321,1127,-276,155552,-11056,-30879,7499,-91,243,-185,155531,-934,32371,1827,-176,203,149,11,3
2117,155553,30761,-1680,9261,-1120,351,-847,155553,801,16303,-1157,338,117,-29,155574,7204,-32135,-205,321,969,-276,155574,-11056,-30891,7498,-91,212,-185,155553,-952,32371,1827,-176,203,149,11,3
2118,155575,30767,-1674,10261,-1042,316,-749,155575,828,16308,-1141,341,151,-53,155596,7221,-32135,-189,349,841,-263,155596,-11033,-30900,7497,-73,157,-144,155575,-966,32354,1832,-176,233,174,11,3
2119,155597,30767,-1674,10261,-998,316,-749,155597,828,16308,-1141,347,172,-53,155618,7239,-32135,-189,349,841,-258,155618,-11029,-30900,7497,-71,157,-138,155597,-966,32354,1832,-172,233,174,11,3
2120,155619,30767,-1674,10261,-998,290,-749,155619,828,16308,-1141,347,172,-74,155640,7239,-32159,-189,349,745,-258,155640,-11029,-30907,7497,-71,110,-138,155619,-966,32341,1832,-172,233,174,11,3
2121,155641,30771,-1669,11049,-919,270,-676,155641,815,16304,-1143,351,263,-91,155662,7217,-32159,-201,372,743,-240,155662,-11033,-30907,7506,-52,81,-109,155641,-958,32323,1842,-167,268,193,11,3
2122,155663,30771,-1675,11049,-919,270,-676,155663,815,16304,-1143,351,286,-91,155684,7217,-32143,-201,372,743,-240,155684,-11033,-30890,7506,-52,81,-109,155663,-946,32323,1842,-159,268,200,11,3
2123,155685,30771,-1665,11049,-919,263,-676,155685,793,16301,-1154,351,286,-96,155706,7201,-32143,-228,372,687,-240,155706,-11036,-30890,7506,-52,81,-109,155685,-946,32322,1842,-159,268,200,11,3
2124,155707,30774,-1660,11618,-869,263,-651,155707,770,16300,-1162,349,350,-96,155728,7189,-32165,-251,397,687,-253,155728,-11038,-30877,7499,-44,122,-91,155707,-931,32321,1849,-159,295,214,11,3
2125,155729,30774,-1652,11618,-864,275,-651,155729,770,16300,-1162,349,350,-94,155750,7189,-32165,-251,397,687,-253,155750,-11038,-30867,7499,-44,125,-91,155729,-931,32321,1849,-159,295,214,11,3
2126,155751,30756,-1652,11618,-864,275,-651,155751,759,16299,-1168,348,350,-94,157212,7180,-32165,-268,397,645,-262,157212,-11038,-30867,7499,-44,125,-91,155751,-931,32321,1842,-170,295,214,12,3
2127,157213,30731,-1655,12027,-857,321,-642,157213,738,16297,-1178,347,382,-92,157234,7157,-32171,-268,420,645,-268,157234,-11054,-30848,7518,-38,169,-75,157213,-926,32316,1842,-183,329,201,12,3
2128,157235,30731,-1655,12027,-857,329,-642,157235,738,16297,-1178,347,382,-92,157256,7157,-32171,-268,420,650,-268,157256,-11054,-30848,7526,-38,169,-75,157235,-926,32316,1855,-183,329,201,12,3
2129,157257,30731,-1695,12027,-867,329,-642,157257,723,16296,-1190,347,382,-92,157278,7156,-32171,-281,420,650,-273,157278,-11120,-30848,7526,-42,169,-75,157257,-926,32313,1855,-185,329,199,12,3
2130,157279,30740,-1805,12334,-909,362,-635,157279,675,16296,-1208,355,376,-75,157300,7156,-32140,-292,427,733,-273,157300,-11169,-30808,7578,-45,213,-72,157279,-1068,32306,1915,-186,354,199,12,3
2131,157301,30744,-1805,12334,-909,362,-635,157301,675,16298,-1208,355,376,-75,157322,7163,-32140,-292,427,751,-266,157322,-11169,-30790,7592,-45,216,-72,157301,-1068,32306,1921,-186,357,201,12,3
2132,157323,30744,-1883,12334,-951,362,-635,157323,642,16298,-1222,355,371,-75,157344,7163,-32140,-301,427,751,-266,157344,-11206,-30790,7592,-45,216,-72,157323,-1175,32301,1921,-187,357,201,12,3
2133,157345,30768,-1946,12572,-983,369,-634,157345,618,16297,-1229,362,367,-67,157366,7220,-32140,-307,431,827,-259,157366,-11230,-30768,7642,-41,251,-62,157345,-1253,32297,1982,-188,375,194,12,3
2134,157367,30776,-1946,12572,-983,369,-634,157367,618,16297,-1229,362,367,-67,157388,7220,-32140,-307,431,827,-258,157388,-11230,-30768,7652,-39,252,-61,157367,-1253,32297,1982,-188,381,194,12,3
2135,157389,30776,-1989,12572,-1007,369,-636,157389,618,16294,-1233,362,364,-67,157410,7220,-32140,-307,431,827,-258,157410,-11248,-30768,7652,-39,252,-61,157389,-1311,32274,1982,-198,381,185,12,3
2136,157411,30790,-2023,12755,-1029,341,-663,157411,621,16291,-1236,366,360,-61,157432,7259,-32140,-282,412,940,-264,157432,-11271,-30752,7701,-34,279,-41,157411,-1367,32274,2028,-212,410,172,12,3
2137,157433,30790,-2023,12791,-1037,341,-663,157433,621,16291,-1236,366,360,-60,157454,7259,-32122,-265,412,950,-264,157454,-11271,-30752,7701,-34,286,-26,157433,-1367,32277,2028,-212,419,172,12,3
2138,157455,30790,-2049,12791,-1045,320,-683,157455,621,16291,-1240,365,359,-60,157476,7259,-32122,-262,376,950,-269,157476,-11289,-30752,7701,-34,286,-26,157455,-1409,32277,2028,-222,419,154,12,3
2139,157477,30784,-2070,12955,-1083,304,-704,157477,597,16293,-1246,359,356,-54,157498,7330,-32107,-230,349,1036,-269,157498,-11318,-30730,7737,-44,289,19,157477,-1446,32277,2097,-222,411,134,12,3
2140,157499,30784,-2070,12955,-1083,304,-704,157499,597,16294,-1246,359,356,-49,157520,7330,-32107,-204,349,1036,-244,157520,-11318,-30730,7737,-44,289,20,157499,-1446,32281,2109,-222,411,134,12,3
2141,157521,30784,-2092,12955,-1118,295,-712,157521,579,16294,-1250,355,349,-49,157542,7330,-32107,-204,328,1036,-244,157542,-11380,-30730,7737,-55,248,20,157521,-1490,32281,2109,-222,405,116,12,3
2142,157543,30790,-2117,13108,-1190,289,-716,157543,565,16299,-1250,355,344,-42,157564,7375,-32110,-204,328,1100,-244,157564,-11426,-30707,7744,-56,217,15,157543,-1529,32286,2169,-213,401,102,12,3
2143,157565,30790,-2117,13114,-1190,289,-716,157565,565,16301,-1250,355,344,-42,157586,7375,-32110,-185,330,1104,-244,157586,-11426,-30701,7744,-56,217,15,157565,-1529,32286,2169,-213,401,102,12,3
2144,157587,30790,-2165,13114,-1255,284,-716,157587,555,16301,-1250,355,344,-44,157608,7375,-32110,-185,330,1104,-244,157608,-11429,-30701,7744,-56,217,-23,157587,-1558,32286,2169,-213,401,92,12,3
2145,157609,30762,-2201,13161,-1305,265,-709,157609,538,16306,-1238,358,366,-51,157630,7409,-32094,-230,333,1155,-262,157630,-11431,-30679,7734,-8,347,-89,157609,-1588,32304,2214,-206,403,80,12,3
2146,157631,30762,-2201,13161,-1305,265,-709,157631,538,16306,-1238,360,366,-51,157652,7421,-32078,-230,335,1155,-262,157652,-11431,-30679,7734,-8,642,-89,157631,-1588,32306,2222,-205,419,80,12,3
2147,157653,30751,-2208,13161,-1346,251,-709,157653,526,16303,-1238,360,366,-56,157674,7421,-32078,-268,335,1119,-293,157674,-11477,-30679,7722,-8,642,-192,157653,-1615,32306,2222,-205,419,71,12,3
2148,157675,30743,-2208,13172,-1393,224,-725,157675,510,16301,-1238,367,345,-60,157696,7504,-32042,-343,381,1013,-371,157696,-11515,-30685,7665,26,1764,-374,157675,-1743,32319,2236,-168,818,45,12,3
2149,157697,30743,-2208,13172,-1393,224,-725,157697,510,16301,-1238,369,345,-60,157718,7570,-32038,-343,443,1013,-371,157718,-11515,-30685,7665,26,1856,-374,157697,-1743,32319,2236,-65,1302,45,12,3
2150,157719,30743,-2208,13172,-1457,192,-737,157719,457,16301,-1238,369,287,-67,157740,7570,-32038,-417,443,871,-510,157740,-11540,-30697,7648,16,1856,-644,157719,-1839,32319,2225,-65,1302,45,12,3
2151,157741,30767,-2208,13185,-1648,161,-824,157741,398,16334,-1238,378,173,-115,157762,7745,-31920,-614,649,-41,-823,157762,-11558,-30728,7610,-44,3211,-1005,157741,-1921,32329,2204,303,2978,165,12,3
2152,157763,30795,-2208,13209,-1648,161,-824,157763,398,16337,-1238,387,173,-115,157784,7745,-31920,-614,822,-41,-823,157784,-11558,-30728,7610,-44,3211,-1005,157763,-1921,32329,2204,309,2978,191,12,3
2153,157785,30795,-2208,13209,-1862,78,-955,157785,330,16337,-1249,387,32,-180,157806,7745,-31920,-722,822,-725,-1072,157806,-11558,-30752,7577,-169,3211,-1320,157785,-1921,32329,2189,309,2978,191,12,3
2154,157807,30962,-2210,13370,-2085,-273,-1086,157807,232,16331,-1257,451,-292,-242,157828,7643,-32067,-787,1230,-725,-1321,157828,-11538,-30782,7408,-263,3832,-1744,157807,-1982,32338,2117,588,4053,329,12,3
2155,157829,31116,-2210,13370,-2085,-273,-1086,157829,232,16331,-1257,524,-292,-242,157850,7643,-32067,-787,1230,-640,-1321,157850,-11538,-30782,7408,-263,3832,-1744,157829,-1982,32338,2117,588,4053,431,12,3
2156,157851,31116,-2211,13370,-2261,-772,-1186,157851,221,16326,-1257,524,-728,-289,157872,7560,-32128,-787,1230,-640,-1587,157872,-11585,-30792,7282,-316,3832,-2192,157851,-1982,32344,1989,588,4053,431,12,3
2157,157873,31357,-2292,13283,-2636,-1811,-1278,157873,221,16326,-1116,657,-1322,-395,157894,7358,-32128,-626,1436,-159,-2180,157894,-11688,-30812,7175,-356,3967,-2951,157873,-1966,32340,1925,775,4753,818,12,3
2158,157895,31357,-2292,13283,-2636,-1811,-1278,157895,283,16402,-1113,657,-1322,-395,157916,7358,-31923,-626,1436,-159,-2180,157916,-11688,-30812,7175,-356,3967,-2951,157895,-1870,32340,1925,775,4753,905,12,3
2159,157917,30357,-2292,13046,-3040,-2932,-1341,157917,283,16402,-1113,657,-1530,-580,157938,7330,-31923,-626,1436,-159,-2708,157938,-11793,-30812,7095,-395,3842,-3932,157917,-1870,32299,1925,775,4753,905,12,3
2160,157939,29357,-2259,12316,-3386,-4500,-1394,157939,266,16471,-986,441,-1530,-1123,157960,7330,-31770,-523,1701,557,-3768,157960,-11844,-30821,7035,-395,2567,-5569,157939,-1714,32232,2057,1012,4646,1393,12,3
2161,157961,29357,-2259,12316,-3386,-4500,-1394,157961,266,16471,-972,441,-1464,-1123,157982,7439,-31762,-523,1794,557,-3768,157982,-11844,-30821,7035,-365,2567,-5569,157961,-1712,32232,2057,1110,4646,1572,12,3
2162,157983,29357,-2259,11607,-3661,-6121,-1498,157983,141,16423,-972,100,-1464,-1735,158004,7439,-31762,-560,1794,557,-5232,158004,-11844,-30827,6808,-365,1539,-7423,157983,-1712,31232,2057,1110,3953,1572,12,3
2163,158005,29644,-2284,10607,-4142,-8121,-2112,158005,-168,16290,-843,-537,-1336,-2704,158026,8439,-30921,-654,2345,1542,-7232,158026,-11380,-30990,6638,-33,86,-8966,158005,-1986,30232,2090,1488,1953,2805,12,3
2164,158027,29644,-2284,10607,-4142,-8121,-2112,158027,-168,16290,-694,-537,-1294,-2704,158048,8439,-30762,-654,2593,1542,-7232,158048,-10844,-30990,6638,22,86,-8966,158027,-1986,30232,2090,1715,1953,3529,12,3
2165,158049,29455,-2284,9607,-4503,-10121,-2572,158049,-400,16130,-694,-1014,-1294,-3754,158070,8439,-30762,-724,2593,1542,-9232,158070,-10844,-31292,6628,22,-1560,-10211,158049,-2191,29232,1965,1715,-47,3529,12,3
2166,158071,28455,-2145,8607,-4603,-12121,-2572,158071,-421,15916,-485,-1195,-900,-4923,158092,9439,-29791,-777,3192,2208,-11232,158092,-9962,-31519,6621,458,-2795,-11315,158071,-2191,29232,1597,2578,-1474,5529,12,3
2167,158093,28455,-1643,8607,-4603,-12121,-2425,158093,-421,15916,-485,-1195,-864,-4923,158114,9439,-29791,-777,3192,2208,-11232,158114,-9844,-31519,6621,512,-2795,-11315,158093,-1997,29618,1597,2578,-1474,5529,12,3
2168,158115,27455,-1643,7607,-4603,-14121,-2425,158115,-436,15745,-485,-1330,-864,-5857,158136,9009,-29791,-777,2397,2208,-13232,158136,-9844,-31575,6621,512,-3034,-12279,158115,-1997,29618,985,2578,-2275,5529,12,3
2169,158137,26455,-643,6607,-3647,-16009,-1954,158137,-562,15607,-337,-1652,-420,-6924,158158,8687,-29063,-962,1800,3015,-15232,158158,-8844,-31575,6649,1138,-3182,-13002,158137,-997,29907,526,2695,-2870,7529,12,3
2170,158159,26455,-643,6607,-3246,-16009,-1954,158159,-562,15607,-337,-1652,-414,-6924,158180,8687,-29059,-962,1800,4163,-15232,158180,-8844,-30575,6769,1267,-3182,-13002,158159,-997,29907,526,2695,-2870,7529,12,3
2171,158181,25455,-643,5607,-3246,-17520,-2078,158181,-704,15490,-337,-2205,-414,-8344,158202,8687,-29059,-962,1800,4163,-17232,158202,-8844,-30575,6769,1267,-3293,-13151,158181,-997,29907,276,2695,-2870,7529,12,3
2172,158203,24603,-790,4607,-1990,-18825,-2515,158203,-910,15306,-496,-2895,218,-9688,158224,9687,-28094,-357,2780,4040,-19232,158224,-7844,-29575,7078,2010,-3293,-13151,158203,3,28907,89,2381,-2738,8903,12,3
2173,158225,24603,-790,4607,-1990,-18825,-2515,158225,-910,15306,-496,-2895,297,-9688,158246,9687,-28094,-159,2780,4040,-19232,158246,-7844,-29575,7078,2010,-3288,-12989,158225,3,28907,89,2381,-2738,8903,12,3
2174,158247,24060,-1264,3607,-1990,-20035,-3140,158247,-1326,15137,-619,-3623,297,-10828,158268,9687,-28094,-159,2780,2040,-21062,158268,-7844,-29575,7078,2010,-3288,-12989,158247,3,28766,-311,1981,-2738,8903,12,3
2175,158269,23819,-1620,2607,-1260,-20943,-3739,158269,-1840,14830,-812,-4218,830,-11761,158290,10687,-27226,442,1350,40,-22802,158290,-6844,-28575,7310,1729,-2338,-12493,158269,1003,27946,-503,1503,-1078,9658,12,3
2176,158291,23819,-1620,2607,-1260,-20943,-3739,158291,-1840,14830,-812,-4218,830,-11761,158312,10687,-27094,726,1350,40,-22802,158312,-6844,-28575,7358,1729,-2304,-12198,158291,1003,27946,-503,1503,-1078,9658,12,3
2177,158313,23456,-1620,1607,-1260,-20943,-3739,158313,-2435,14417,-957,-4518,828,-12460,158334,10687,-27094,726,278,-1046,-23969,158334,-6844,-28575,7358,1493,-2304,-12198,158313,1003,27946,-529,826,-1078,9658,12,3
2178,158335,22456,-1220,607,-299,-20612,-3580,158335,-3435,13704,-1022,-4518,367,-12809,158356,11687,-26094,1574,1,-1046,-24028,158356,-5844,-27575,8112,647,-546,-10790,158335,2003,28045,-548,319,167,9681,12,3
2179,158357,22456,-808,607,-271,-20400,-3010,158357,-3435,13704,-1022,-4454,367,-12809,158378,11687,-26094,1574,1,-989,-24028,158378,-5844,-27575,8358,647,-304,-10323,158357,2003,28203,-548,319,167,9681,12,3
2180,158379,21456,-808,-393,-271,-20400,-3010,158379,-4435,13169,-1022,-4454,-237,-12809,158400,11687,-26094,1574,1,-989,-24028,158400,-5844,-27575,8358,-104,-304,-10323,158379,2003,28203,-563,319,167,9011,12,3
2181,158401,20456,-1339,-1352,748,-19920,-2368,158401,-5435,13115,-853,-4132,-1541,-12554,158422,10687,-25094,964,1100,-1192,-23301,158422,-4844,-27539,7826,-746,1644,-8373,158401,3003,28482,-728,402,878,7384,12,3
2182,158423,20456,-1339,-1352,954,-19732,-2368,158423,-5435,13115,-751,-4012,-1541,-12425,158444,10687,-25094,964,1100,-1192,-22892,158444,-4844,-27539,7826,-746,1644,-8323,158423,3003,28482,-728,402,878,7384,12,3
2183,158445,19456,-1948,-2130,954,-19732,-2368,158445,-6435,13075,-751,-4012,-2519,-12425,158466,9687,-25094,-36,1100,-1947,-22892,158466,-4844,-27539,7427,-772,1644,-8323,158445,3003,28482,-1050,386,878,6164,12,3
2184,158467,18456,-2610,-3130,1102,-19126,-2315,158467,-7435,13044,249,-3545,-2877,-11987,158488,9687,-24094,-835,-459,-2514,-21354,158488,-3844,-28539,7196,-772,1130,-6323,158467,4003,28869,-1209,-618,287,5335,12,3
2185,158489,18456,-2610,-3130,1102,-19111,-2315,158489,-7435,13044,249,-3545,-2877,-11881,158510,10687,-24094,-835,-459,-2514,-21354,158510,-3844,-28539,7196,-180,1130,-6323,158489,4003,28889,-1209,-618,287,5335,12,3
2186,158511,17456,-3107,-4130,841,-19111,-2315,158511,-8435,12981,249,-3545,-2877,-11881,158532,10687,-24094,-835,-2459,-2514,-21354,158532,-3844,-29154,7196,-180,744,-6323,158511,4003,28889,-1209,-2313,-156,5062,12,3
2187,158533,16456,-3107,-5130,258,-18289,-2275,158533,-9435,12584,1249,-3941,-2866,-11228,158554,9687,-23094,-36,-4459,-1862,-19975,158554,-2844,-29893,7343,1067,524,-4442,158533,5003,29195,-1170,-4280,-156,4857,12,3
2188,158555,16456,-2728,-5130,258,-18011,-2275,158555,-9435,12584,1249,-3941,-2785,-11115,158576,9687,-23094,133,-4459,-1862,-19962,158576,-2844,-29893,7417,1159,524,-4442,158555,5003,29195,-674,-4280,250,4857,12,3
2189,158577,15456,-2728,-6130,-179,-18011,-2275,158577,-10342,11820,1249,-4857,-2785,-11115,158598,8687,-23094,133,-6284,-1862,-19962,158598,-2844,-30169,7417,1159,524,-4442,158577,5003,29195,-674,-5674,250,4517,12,3
2190,158599,14456,-1919,-7130,-403,-16899,-2208,158599,-11342,11108,2249,-5720,-2716,-10292,158620,7687,-22094,1109,-7653,-1373,-17962,158620,-2170,-30554,7988,1797,359,-3730,158599,6003,29452,-183,-6285,508,4163,12,3
2191,158621,14456,-1919,-7130,-403,-16648,-2108,158621,-11342,11108,2249,-5720,-2716,-10091,158642,7687,-22094,1109,-7653,-1373,-17962,158642,-2170,-30554,8266,1797,359,-3730,158621,6003,29452,228,-6285,508,4163,12,3
2192,158643,14456,-1919,-8130,-571,-16648,-2108,158643,-12175,10108,2249,-6308,-2716,-10091,158664,6687,-22094,1109,-7653,-1373,-17962,158664,-2170,-30955,8266,1444,141,-3730,158643,6003,29452,228,-6285,508,3813,12,3
2193,158665,15456,-1673,-9130,-619,-15556,-1650,158665,-12871,9155,2965,-6498,-2735,-8777,158686,5687,-21094,1197,-7036,-1213,-15962,158686,-1577,-31256,8903,393,-712,-3395,158665,7003,29645,1049,-5804,598,3482,12,3
2194,158687,15456,-1673,-9130,-619,-14979,-1625,158687,-12871,9155,2965,-6498,-2735,-8668,158708,5687,-21094,1197,-6915,-801,-15962,158708,-1577,-31256,8903,393,-712,-3395,158687,7003,29645,1049,-5441,598,3482,12,3
2195,158709,15456,-1673,-10130,-867,-14979,-1625,158709,-13322,8440,2965,-6498,-2735,-8668,158730,4687,-21094,911,-6915,-801,-15962,158730,-1577,-31256,8903,-434,-1342,-3395,158709,7003,29645,1049,-5441,346,3234,12,3
2196,158731,16456,-1408,-11130,-1124,-13346,-1215,158731,-13653,7927,3554,-5874,-2569,-7361,158752,3687,-20094,29,-5740,-58,-13962,158752,-1010,-30256,9141,-1359,-1691,-3528,158731,8003,29781,1548,-4324,-515,3205,12,3
2197,158753,16456,-1362,-11130,-1124,-12979,-1170,158753,-13653,7927,3633,-5616,-2504,-7253,158774,3687,-20094,29,-5497,-58,-13962,158774,-762,-30256,9141,-1359,-1691,-3528,158753,8003,29781,1548,-4276,-515,3205,12,3
2198,158775,16456,-1362,-12130,-1391,-12979,-1170,158775,-13783,7853,3633,-5616,-2504,-7253,158796,2687,-20094,-632,-5497,-58,-13962,158796,-762,-30256,8939,-2053,-1720,-3528,158775,8003,29781,1548,-4276,-1343,3183,12,3
2199,158797,17456,-1005,-13130,-1592,-10979,-817,158797,-13880,7853,4426,-4387,-2177,-5994,158818,1687,-19094,-1088,-4309,498,-11962,158818,82,-29256,8654,-2224,-1720,-3517,158797,9003,29615,1655,-3402,-1964,3104,12,3
2200,158819,17456,-1005,-13130,-1592,-10979,-768,158819,-13880,7908,4548,-4195,-2116,-5877,158840,1687,-19094,-1088,-4309,498,-11962,158840,144,-29256,8654,-2224,-1185,-3389,158819,9003,29615,1655,-3402,-1964,3104,12,3
2201,158841,17456,-1005,-14130,-1742,-10979,-768,158841,-13883,7908,4548,-4195,-2116,-5877,158862,687,-19094,-1392,-4309,498,-11962,158862,144,-29988,8440,-2224,-1185,-3389,158841,9003,29615,1655,-3402,-1964,2990,12,3
2202,158863,18456,-883,-15130,-1879,-9080,-543,158863,-13883,8017,5272,-3016,-1827,-4582,158884,687,-18094,-1602,-3300,891,-9962,158884,824,-29988,8432,-2182,-745,-3012,158863,9974,29671,1793,-2702,-1660,2812,12,3
2203,158885,18456,-883,-15130,-1879,-8979,-543,158885,-13685,8017,5272,-3000,-1827,-4345,158906,1687,-18094,-1602,-3299,891,-9962,158906,824,-28988,8432,-2182,-745,-2925,158885,10003,29671,1895,-2646,-1640,2812,12,3
2204,158907,18456,-883,-16130,-1982,-8979,-543,158907,-13685,8017,5272,-3000,-1827,-4345,158928,1687,-18094,-1755,-3299,891,-9962,158928,824,-28988,8426,-2196,-745,-2925,158907,10003,29671,1895,-2646,-1640,2633,12,3
2205,158929,19456,-826,-17130,-2035,-7341,-506,158929,-13466,8104,5722,-2018,-1610,-3040,158950,2687,-17094,-1874,-2183,1191,-7962,158950,1296,-27988,8397,-2382,-231,-2501,158929,10834,29663,2177,-1859,-1442,2239,12,3
2206,158951,19456,-826,-17130,-2035,-7269,-506,158951,-13465,8117,5722,-1950,-1580,-2994,158972,2687,-17094,-1874,-2138,1199,-7962,158972,1296,-27988,8397,-2382,-168,-2437,158951,10834,29663,2185,-1859,-1442,2239,12,3
2207,158973,19456,-839,-17983,-2035,-7269,-506,158973,-13465,8117,5722,-1950,-1580,-2994,158994,2687,-17094,-1879,-2138,1199,-7962,158994,1296,-27988,8111,-2522,-168,-2437,158973,10834,29657,2185,-1859,-1517,1925,12,3
2208,158995,20456,-849,-18623,-1988,-5906,-412,158995,-13281,8215,6059,-1013,-1347,-1954,159016,3687,-16094,-1879,-1120,1737,-5962,159016,1766,-28813,7847,-2522,279,-1947,158995,11457,29631,2380,-1300,-1573,1642,12,3
2209,159017,20456,-849,-18623,-1987,-5736,-412,159017,-13167,8227,6087,-965,-1293,-1954,159038,3687,-16094,-1775,-1120,1770,-5962,159038,1794,-28813,7847,-2480,279,-1937,159017,11457,29631,2380,-1300,-1573,1642,12,3
2210,159039,20456,-849,-19145,-1987,-5736,-412,159039,-13167,8227,6087,-965,-1293,-1954,159060,3687,-16094,-1775,-1120,1770,-5962,159060,1794,-29431,7699,-2480,279,-1937,159039,11457,29583,2380,-1300,-1573,1307,12,3
2211,159061,21456,-668,-20145,-1893,-4219,-392,159061,-12829,8329,6388,-166,-956,-1177,159082,2687,-15094,-1105,224,2042,-3962,159082,2167,-29885,7374,-2384,720,-1397,159061,11988,29363,1977,-631,-1371,814,12,3
2212,159083,21456,-568,-20145,-1879,-4095,-392,159083,-12829,8339,6388,-145,-798,-1177,159104,2687,-15094,-1081,585,2042,-3962,159104,2167,-29885,7374,-2374,720,-1188,159083,11988,29363,1977,-487,-1318,814,12,3
2213,159105,21456,-568,-21145,-1879,-4095,-392,159105,-12829,8339,6388,-145,-798,-1177,159126,1687,-15094,-1081,585,2042,-3962,159126,2167,-29885,6944,-2374,720,-1188,159105,11988,29198,1816,-487,-1318,246,12,3
2214,159127,22456,-269,-22084,-1239,-2665,-338,159127,-12780,8573,6569,888,-75,-444,159148,687,-14424,-584,2248,1984,-1962,159148,2315,-28885,6622,-2123,1098,-290,159127,12307,29164,1674,583,-880,-573,12,3
2215,159149,22456,-269,-22084,-977,-2529,-338,159149,-12780,8598,6569,1111,39,-337,159170,687,-14424,-584,2248,1984,-1962,159170,2315,-28885,6622,-1927,1098,-110,159149,12307,29164,1674,689,-845,-573,12,3
2216,159171,22456,-283,-22807,-977,-2529,-404,159171,-12907,8598,6569,1111,39,-337,159192,-313,-14424,-584,2248,1759,-1962,159192,2315,-28885,6584,-1927,1098,-110,159171,12307,29164,1589,689,-845,-1311,12,3
2217,159193,23456,-320,-23331,-207,-715,-537,159193,-13005,9141,6670,2211,813,630,159214,-1313,-14061,-330,3377,1552,38,159214,2402,-27885,6558,-1026,1352,1001,159193,12358,29405,1511,1741,-42,-2005,12,3
2218,159215,23456,-320,-23331,-168,-529,-537,159215,-13005,9206,6670,2211,813,788,159236,-1313,-14061,-330,3377,1552,38,159236,2426,-27885,6558,-825,1382,1222,159215,12358,29405,1511,1824,312,-2005,12,3
2219,159237,23456,-320,-23331,-168,-529,-636,159237,-13005,9206,6670,2211,813,788,159258,-1313,-14061,-330,3377,1435,38,159258,2426,-28719,6558,-825,1382,1222,159237,12358,29405,1449,1824,312,-2611,12,3
2220,159259,24456,-311,-23248,603,1471,-696,159259,-12955,9659,6527,2859,1427,1908,159280,-313,-14419,104,4459,1435,2038,159280,2477,-29409,6710,70,1922,2613,159259,12366,29509,1348,2707,2173,-3393,12,3
2221,159281,24456,-311,-23118,837,1471,-696,159281,-12826,9659,6527,2859,1475,2032,159302,-313,-14419,104,4467,1502,2038,159302,2477,-29409,6732,114,1951,2724,159281,12366,29539,1348,2874,2302,-3393,12,3
2222,159303,24456,-341,-23118,837,1471,-741,159303,-12826,9659,6234,2859,1475,2032,159324,-313,-14792,104,4467,1502,2038,159324,2412,-29876,6732,114,1951,2724,159303,12366,29539,1185,2874,2302,-4265,12,3
2223,159325,25456,-777,-22118,1533,3471,-824,159325,-12584,9998,5666,3228,2263,3218,159346,687,-15568,358,5086,2146,4038,159346,1681,-29876,7077,875,1688,4151,159325,12142,29587,778,3543,3957,-4919,12,3
2224,159347,25456,-777,-22118,1533,3471,-824,159347,-12531,10037,5666,3228,2438,3442,159368,687,-15568,358,5086,3182,4038,159368,1681,-28876,7077,875,1688,4200,159347,12142,29610,778,3543,3957,-4919,12,3
2225,159369,25456,-1440,-22118,1533,3471,-1082,159369,-12531,10037,5215,3228,2438,3442,159390,687,-16414,358,5086,3182,4038,159390,1113,-28876,7077,875,1072,4200,159369,11694,29610,357,3543,3866,-5308,12,3
2226,159391,26456,-1937,-21118,1584,5471,-1325,159391,-12213,10405,4754,3186,3270,4543,159412,1687,-17414,624,4896,4538,6038,159412,687,-29413,7435,1337,610,5398,159391,11308,29709,41,3059,3415,-5600,12,3
2227,159413,26456,-1937,-21118,1584,5471,-1325,159413,-12129,10512,4754,3186,3475,4543,159434,1687,-17414,1026,4896,4728,6038,159434,687,-29413,7435,1337,610,5576,159413,11308,29709,41,3059,3415,-5600,12,3
2228,159435,26456,-2310,-21118,1482,5471,-1571,159435,-12129,10512,4228,3097,3475,4543,159456,1687,-18414,1026,4203,4728,6038,159456,367,-29815,7435,1337,610,5576,159435,11007,29709,-317,2437,3246,-5959,12,3
2229,159457,27456,-2642,-20118,939,7471,-1692,159457,-11726,10890,3574,2913,4565,5343,159478,2687,-19414,1685,2669,6464,8038,159478,-82,-29815,7902,1203,1182,7187,159457,10553,29864,-663,1603,3246,-6736,12,3
2230,159479,27456,-2642,-20118,939,7471,-1692,159479,-11726,10898,3574,2913,4619,5343,159500,2687,-19414,2026,2669,6490,8038,159500,-82,-28815,7964,1203,1341,7269,159479,10553,29864,-663,1603,3451,-6736,12,3
2231,159501,27456,-2891,-20118,367,7471,-1736,159501,-11726,10898,2848,2775,4619,5343,159522,2687,-20368,2026,1473,6490,8038,159522,-711,-28815,7964,736,1341,7269,159501,10328,29864,-923,936,3451,-7603,12,3
2232,159523,28262,-2924,-19118,-186,9471,-1736,159523,-11434,11203,2008,2672,5504,6226,159544,3687,-20938,3026,-176,7045,10038,159544,-1711,-29323,8397,-196,1889,8317,159523,10044,30356,-1006,436,3808,-8537,12,3
2233,159545,28262,-2924,-19118,-186,9471,-1696,159545,-11434,11218,2008,2672,5504,6446,159566,3687,-20938,3026,-176,7045,10038,159566,-1711,-29323,8397,-196,2011,8317,159545,10044,30390,-1006,436,4042,-8537,12,3
2234,159567,28036,-2924,-19118,-641,9471,-1696,159567,-11434,11218,1192,2595,5504,6446,159588,3687,-21117,3026,-1413,6581,10038,159588,-2711,-29886,8397,-952,2011,8317,159567,9373,30390,-1006,269,4042,-9237,12,3
2235,159589,27036,-2721,-18118,-1177,11471,-1625,159589,-11134,11443,580,2447,4556,7766,159610,4687,-21251,3159,-2029,4581,12038,159610,-3293,-30126,8439,-1788,2374,9099,159589,8373,30624,-542,143,4323,-9762,12,3
2236,159611,27036,-2697,-18118,-1177,11471,-1576,159611,-10933,11443,580,2447,4556,7816,159632,4687,-21251,3159,-2029,4581,12038,159632,-3293,-30126,8439,-1788,2410,9099,159611,8373,30624,-542,143,4323,-9762,12,3
2237,159633,26113,-2697,-18118,-1615,11471,-1576,159633,-10933,11443,408,2336,3177,7816,159654,4687,-22018,2943,-2491,2581,12038,159654,-3729,-30218,8273,-2431,2410,9099,159633,7501,30624,-542,49,3311,-10156,12,3
2238,159655,25207,-2480,-17118,-1964,13471,-1435,159655,-9933,11635,344,2324,1687,8983,159676,5687,-22615,2693,-3482,1128,14038,159676,-4729,-30275,7850,-2949,2683,9686,159655,6565,30676,-498,-619,2542,-10776,12,3
2239,159677,25207,-2308,-17118,-1964,13471,-1435,159677,-9933,11726,344,2324,1687,9129,159698,5687,-22615,2693,-3482,1128,14038,159698,-4729,-30275,7850,-2949,2683,9686,159677,6565,30800,-498,-619,2542,-10776,12,3
2240,159699,24527,-2308,-17118,-2263,13471,-1435,159699,-9933,11726,344,2324,601,9129,159720,5687,-23255,2593,-4341,1128,14038,159720,-5729,-30275,7671,-3262,2683,9686,159699,5863,30800,-498,-1376,1887,-11241,12,3
2241,159721,24255,-1963,-16118,-2528,15471,-1586,159721,-8933,12132,389,2603,26,10240,159742,6687,-23817,2552,-5012,1559,16038,159742,-6729,-30272,7537,-3496,1322,9568,159721,5035,31050,-67,-2065,74,-11530,12,3
2242,159743,24255,-1963,-16118,-2528,15471,-1586,159743,-8933,12148,406,2763,26,10240,159764,6687,-23817,2552,-5012,2148,16038,159764,-6729,-30272,7537,-3496,1322,9568,159743,5035,31050,-67,-2065,74,-11530,12,3
2243,159765,24255,-1963,-16118,-2673,15471,-1700,159765,-8933,12148,406,2763,26,10240,159786,6687,-24294,2522,-5206,2148,16038,159786,-7574,-30316,7436,-3642,-454,9446,159765,4326,31050,-67,-2622,-1926,-11530,12,3
2244,159787,24487,-1724,-15118,-2780,15744,-1701,159787,-7933,12771,452,3051,95,10508,159808,7441,-25060,2439,-5351,1785,16721,159808,-8572,-30455,6941,-3738,-2454,9214,159787,3794,31237,345,-3049,-3926,-11363,12,3
2245,159809,25113,-1704,-15118,-2780,15744,-1701,159809,-7933,12790,452,3051,204,10508,159830,7441,-25060,2439,-5351,1785,16721,159830,-8572,-30455,6941,-3738,-2454,9214,159809,3794,31237,345,-3049,-3926,-11246,12,3
2246,159831,25113,-1704,-15118,-2780,15223,-1701,159831,-7933,12790,452,3051,204,10461,159852,7441,-25803,1979,-5351,1094,16721,159852,-9572,-30559,6649,-3738,-3777,8908,159831,2794,31237,345,-3727,-5926,-11246,12,3
2247,159853,26113,-982,-14118,-2473,14165,-1288,159853,-6933,13496,364,3200,696,10052,159874,7927,-26440,1634,-5460,576,16748,159874,-10572,-30563,6602,-3104,-4156,7537,159853,1794,31007,654,-4235,-7795,-10683,12,3
2248,159875,26113,-982,-14118,-2372,14165,-1131,159875,-6933,13527,364,3200,696,10052,159896,8007,-26440,1634,-5460,576,16748,159896,-10572,-30563,6602,-2976,-4156,7537,159875,1794,31007,654,-4235,-7795,-10477,12,3
2249,159897,25113,-982,-14118,-2372,13196,-1131,159897,-6933,13527,298,3126,696,9644,159918,8007,-27291,1399,-5460,576,15001,159918,-11170,-30563,6602,-2976,-4156,6258,159897,794,30835,654,-4235,-8063,-10477,12,3
2250,159919,24113,-1406,-13118,-2253,11692,-955,159919,-5933,14382,203,3038,624,9089,159940,8549,-28291,1223,-4066,1314,13001,159940,-11529,-30610,6797,-2387,-4011,4258,159919,-206,29835,1446,-3895,-8063,-8590,12,3
2251,159941,24113,-1406,-13118,-2253,11692,-955,159941,-5933,14435,203,3038,624,9089,159962,8549,-28291,1223,-4066,1314,13001,159962,-11529,-30610,6855,-2387,-2705,4258,159941,-206,29835,1446,-3096,-7196,-8477,12,3
2252,159963,23113,-1724,-13118,-2422,9692,-955,159963,-5933,14435,132,2760,453,8365,159984,8208,-29086,1005,-4066,1216,11001,159984,-11529,-30645,6855,-2387,-2705,2258,159963,-386,29835,1446,-3096,-7196,-8477,12,3
2253,159985,23113,-1724,-12118,-2588,8126,-823,159985,-4933,15122,-74,2160,101,7142,160006,7208,-29688,5,-3049,1142,9001,160006,-11208,-30721,6969,-2032,-1076,733,159985,-386,30352,1596,-1573,-5209,-6477,12,3
2254,160007,24113,-1313,-12118,-2588,8126,-820,160007,-4933,15122,-74,2160,101,7142,160028,7208,-29688,5,-3049,1142,9001,160028,-11208,-30721,6969,-2032,-1076,733,160007,-137,30352,1596,-1573,-5209,-6477,12,3
2255,160029,24113,-1313,-12118,-2588,6951,-820,160029,-4933,15122,-224,1700,-162,5965,160050,6208,-29907,-964,-3049,1142,7001,160050,-11208,-30721,6768,-2032,-1076,200,160029,-137,30352,1596,-1573,-5209,-6477,12,3
2256,160051,25113,-826,-11118,-2410,6070,-389,160051,-3933,15374,-337,1274,-162,4566,160072,6208,-30200,-1137,-2384,1253,5550,160072,-10967,-30650,6606,-1766,-1000,-199,160051,-176,30718,1511,-1065,-4139,-4791,12,3
2257,160073,25113,-826,-11118,-2051,6070,-389,160073,-3933,15374,-337,1274,-65,4566,160094,6308,-30200,-1137,-2384,1253,5550,160094,-10967,-30650,6606,-1740,-1000,-199,160073,-176,30718,1511,-1065,-4139,-4791,12,3
2258,160095,25113,-875,-11118,-2051,5270,-389,160095,-3933,15374,-421,901,-65,3486,160116,6308,-30291,-1166,-2384,968,4433,160116,-10967,-30650,6482,-1740,-1000,-495,160095,-372,30718,1511,-1065,-4139,-4791,12,3
2259,160117,26113,-1294,-10118,-1861,4268,-383,160117,-2933,15497,-612,621,139,2639,160138,6581,-30488,-1188,-1673,648,3595,160138,-10979,-30771,6391,-1385,-943,-526,160117,-555,31178,1521,-881,-3337,-3554,12,3
2260,160139,26113,-1294,-10118,-1861,4268,-383,160139,-2933,15497,-612,621,139,2639,160160,6581,-30488,-1188,-1665,648,3595,160160,-10979,-30771,6391,-1276,-943,-526,160139,-555,31178,1575,-881,-3243,-3554,12,3
2261,160161,26113,-1420,-10118,-1861,3455,-383,160161,-2933,15497,-755,511,139,2004,160182,6268,-30488,-1205,-1665,352,2794,160182,-10979,-30904,6321,-1276,-943,-526,160161,-692,31178,1575,-881,-3243,-3554,12,3
2262,160183,27113,-1515,-9118,-1763,2845,-378,160183,-1933,15679,-838,489,264,1575,160204,6033,-29488,-1205,-1126,186,2052,160204,-10806,-30962,6321,-883,-696,-408,160183,-793,31499,1721,-719,-2470,-2555,12,3
2263,160205,27113,-1515,-9118,-1763,2845,-377,160205,-1933,15704,-838,489,264,1575,160226,6033,-29488,-1025,-1126,186,2052,160226,-10806,-30962,6418,-883,-688,-373,160205,-793,31499,1721,-719,-2240,-2555,12,3
2264,160227,27113,-1586,-9118,-1763,2403,-377,160227,-1933,15704,-869,489,244,1268,160248,6033,-29863,-1025,-1126,186,1385,160248,-10806,-30962,6418,-883,-688,-373,160227,-800,31499,1721,-719,-2240,-2555,12,3
2265,160249,28113,-1649,-8118,-1598,2126,-490,160249,-1108,15861,-892,493,36,1038,160270,6075,-30271,-890,-842,662,699,160270,-10620,-30877,6425,-652,-497,-237,160249,-800,31616,1716,-597,-1488,-1832,12,3
2266,160271,28113,-1649,-8118,-1591,2126,-490,160271,-1108,15861,-892,493,36,1038,160292,6123,-30271,-890,-842,834,699,160292,-10618,-30877,6425,-652,-497,-226,160271,-770,31616,1716,-592,-1488,-1832,12,3
2267,160293,28113,-1696,-8118,-1591,1918,-577,160293,-1108,15861,-892,488,36,784,160314,6123,-30577,-890,-842,834,154,160314,-10618,-30877,6416,-652,-497,-226,160293,-770,31616,1713,-592,-1488,-1832,12,3
2268,160315,28653,-1732,-7118,-1408,1828,-642,160315,-534,15935,-892,479,61,457,160336,6490,-30806,-711,-440,1084,-325,160336,-10447,-30845,6384,-419,-272,-118,160315,-747,31618,1622,-427,-766,-1293,12,3
2269,160337,28653,-1732,-7118,-1293,1828,-642,160337,-534,15935,-892,479,201,457,160358,6586,-30806,-651,-440,1084,-325,160358,-10447,-30845,6384,-384,-92,-118,160337,-747,31618,1622,-427,-763,-1293,12,3
2270,160359,28653,-1771,-7118,-1293,1828,-642,160359,-534,15935,-892,462,201,168,160380,6586,-30978,-651,-440,1084,-613,160380,-10447,-30845,6384,-384,-92,-118,160359,-747,31618,1622,-427,-763,-1293,12,3
2271,160381,28998,-1880,-6118,-1013,1877,-642,160381,-313,15992,-865,397,327,-73,160402,6909,-31189,-300,-241,1009,-817,160402,-10623,-30849,6690,52,286,-37,160381,-712,31619,1658,-328,120,-862,12,3
2272,160403,28998,-1880,-6118,-1013,1919,-642,160403,-313,16007,-865,397,327,-73,160424,6909,-31189,-300,-241,1009,-817,160424,-10623,-30849,6690,52,286,203,160403,-668,31799,1858,-328,502,-862,12,3
2273,160425,28998,-1938,-6118,-1013,1919,-642,160425,-313,16007,-966,348,327,-178,160446,6909,-31347,-300,-241,735,-817,160446,-10755,-30849,6690,52,-262,203,160425,-668,31799,1858,-328,502,-862,12,3
2274,160447,29334,-1938,-5118,-808,2191,-642,160447,-147,16044,-1076,335,243,-178,160468,7152,-31466,-131,-92,261,-507,160468,-10982,-30818,6909,-25,-973,403,160447,-769,31967,2035,-222,539,-715,12,3
2275,160469,29344,-1857,-5118,-808,2240,-639,160469,-147,16103,-1076,335,243,-167,160490,7514,-31466,-131,-59,261,-507,160490,-10982,-30818,6909,-25,-973,403,160469,-769,31967,2035,-222,539,-715,12,3
2276,160491,29344,-1857,-5118,-808,2240,-639,160491,-147,16103,-1124,335,93,-167,160512,7514,-31555,-131,-59,-485,-507,160512,-11062,-30818,6909,-104,-1121,285,160491,-916,31967,2035,-222,-23,-715,12,3
2277,160513,29762,-1766,-4118,-638,2481,-581,160513,-151,16209,-1160,378,-208,-42,160534,7863,-31702,-50,184,-1249,-322,160534,-11114,-30839,7001,-254,-1223,-5,160513,-1027,32079,2074,-22,-444,-365,12,3
2278,160535,29762,-1764,-4118,-560,2529,-558,160535,-151,16209,-1160,387,-208,-42,160556,7863,-31702,-50,193,-1249,-322,160556,-11114,-30839,7001,-254,-1223,-5,160535,-1027,32079,2074,73,-444,-215,12,3
2279,160557,29762,-1764,-4118,-560,2529,-558,160557,-151,16209,-1160,387,-322,-42,160578,7575,-31850,-71,193,-1822,-322,160578,-11114,-30861,7001,-393,-1223,-246,160557,-1028,32079,2047,73,-752,-215,12,3
2280,160579,30037,-1697,-3118,-374,2710,-458,160579,-143,16270,-1145,454,-346,-18,160600,7207,-31971,-199,296,-1913,-218,160600,-11035,-30907,7104,-543,-1152,-427,160579,-1028,32163,2027,309,-940,159,12,3
2281,160601,30037,-1697,-3118,-374,2728,-453,160601,42,16270,-1142,454,-346,-18,160622,7207,-31971,-199,296,-1913,-218,160622,-11031,-30907,7104,-543,-1152,-427,160601,-941,32163,2027,340,-940,159,12,3
2282,160623,30037,-1697,-3118,-374,2728,-453,160623,42,16270,-1142,454,-346,-25,160644,7169,-32008,-295,296,-1913,-218,160644,-11031,-30942,7104,-705,-1152,-471,160623,-941,32163,2012,340,-1081,159,12,3
2283,160645,30154,-1726,-2118,-248,2877,-374,160645,304,16299,-1159,466,-309,-79,160666,7169,-32035,-361,332,-1830,-140,160666,-10843,-30950,6978,-827,-1099,-504,160645,-853,32208,1881,486,-1187,357,12,3
2284,160667,30154,-1726,-2118,-248,2877,-374,160667,304,16299,-1159,466,-239,-79,160688,7275,-32035,-361,332,-1830,-131,160688,-10843,-30950,6978,-827,-1083,-504,160667,-853,32208,1881,486,-1187,357,12,3
2285,160689,30154,-1738,-2118,-248,2877,-374,160689,304,16299,-1172,459,-239,-120,160710,7275,-32056,-388,332,-1830,-131,160710,-10843,-30956,6947,-876,-1083,-529,160689,-853,32208,1722,486,-1203,357,12,3
2286,160711,30305,-1738,-1118,-174,2735,-359,160711,400,16288,-1172,442,-80,-120,160732,7206,-32119,-415,417,-1821,-11,160732,-10752,-30963,6947,-900,-911,-628,160711,-773,32242,1603,530,-1203,505,12,3
2287,160733,30305,-1711,-1118,-174,2735,-359,160733,400,16288,-1171,442,-80,-109,160754,7206,-32119,-415,456,-1821,4,160754,-10752,-30963,6950,-900,-874,-628,160733,-773,32246,1603,530,-1110,551,12,3
2288,160755,30305,-1711,-1118,-174,2588,-359,160755,400,16288,-1171,430,-80,-109,160776,6950,-32181,-451,456,-1821,4,160776,-10752,-30996,6950,-900,-874,-703,160755,-773,32246,1514,530,-1110,551,12,3
2289,160777,30385,-1661,-118,-118,2474,-358,160777,472,16293,-1191,430,-54,-93,160798,6758,-32189,-520,559,-1821,105,160798,-10623,-31021,6868,-886,-770,-703,160777,-679,32262,1433,532,-955,637,12,3
2290,160799,30385,-1661,-118,-86,2474,-358,160799,517,16293,-1191,430,-54,-92,160820,6758,-32189,-520,563,-1777,105,160820,-10623,-31021,6868,-882,-770,-632,160799,-663,32262,1433,532,-955,637,12,3
2291,160821,30385,-1691,-118,-86,2353,-358,160821,517,16293,-1206,430,-54,-92,160842,6642,-32195,-538,563,-1777,105,160842,-10623,-31021,6771,-882,-770,-632,160821,-663,32236,1372,516,-955,637,12,3
2292,160843,30409,-1714,882,-26,2159,-393,160843,654,16293,-1206,447,-34,-82,160864,6577,-32195,-551,618,-1434,18,160864,-10563,-31011,6698,-868,-692,-579,160843,-599,32217,1295,504,-782,702,12,3
2293,160865,30409,-1714,882,-26,2159,-393,160865,654,16293,-1179,447,-1,-82,160886,6577,-32195,-551,618,-1434,18,160886,-10563,-31011,6698,-803,-651,-579,160865,-581,32217,1295,504,-747,703,12,3
2294,160887,30367,-1729,882,-26,2002,-422,160887,654,16285,-1179,445,-1,-90,160908,6529,-32200,-551,618,-1434,-57,160908,-10563,-31042,6698,-803,-651,-579,160887,-581,32217,1237,482,-747,703,12,3
2295,160909,30309,-1740,1882,-86,1858,-503,160909,674,16285,-1164,389,112,-130,160930,6483,-32200,-535,685,-1135,-102,160930,-10502,-31085,6713,-728,-562,-539,160909,-477,32228,1209,461,-395,754,12,3
2296,160931,30309,-1740,1882,-86,1858,-503,160931,674,16286,-1164,389,112,-130,160952,6483,-32214,-505,698,-1057,-102,160952,-10502,-31085,6739,-697,-562,-538,160931,-461,32236,1209,461,-362,754,12,3
2297,160953,30254,-1787,1882,-134,1766,-580,160953,674,16286,-1173,342,112,-156,160974,6364,-32247,-505,698,-1057,-102,160974,-10502,-31117,6739,-697,-562,-538,160953,-461,32236,1204,366,-362,754,12,3
2298,160975,30212,-1824,2882,-234,1631,-641,160975,684,16286,-1192,312,131,-158,160996,6275,-32247,-470,708,-701,-28,160996,-10466,-31117,6770,-597,-450,-467,160975,-341,32249,1204,247,-200,637,12,3
2299,160997,30212,-1824,2882,-234,1631,-641,160997,684,16286,-1192,312,131,-158,161018,6275,-32243,-452,708,-630,-28,161018,-10466,-31095,6770,-597,-419,-467,160997,-341,32265,1204,247,-200,637,12,3
2300,161019,30181,-1850,2882,-322,1494,-697,161019,684,16286,-1199,305,117,-158,161040,6275,-32243,-452,668,-630,-28,161040,-10466,-31095,6733,-597,-419,-467,161019,-341,32265,1201,244,-200,549,12,3
2301,161041,30181,-1851,3882,-434,1336,-762,161041,665,16282,-1199,305,95,-106,161062,6460,-32236,-435,635,-429,10,161062,-10447,-31121,6705,-525,-207,-469,161041,-345,32284,1184,241,-78,549,12,3
2302,161063,30194,-1851,3882,-434,1336,-762,161063,665,16282,-1173,313,95,-83,161084,6460,-32236,-435,635,-429,10,161084,-10447,-31121,6705,-522,-172,-469,161063,-345,32284,1177,241,-57,558,12,3
2303,161085,30194,-1851,3882,-532,1213,-801,161085,650,16282,-1173,313,60,-83,161106,6460,-32236,-435,635,-429,10,161106,-10447,-31140,6680,-522,-172,-470,161085,-345,32284,1162,239,-57,558,12,3
2304,161107,30203,-1802,4882,-605,1113,-801,161107,640,16287,-1143,340,19,-30,161128,6349,-32292,-420,611,-284,-1,161128,-10433,-31143,6662,-448,-88,-470,161107,-266,32289,1141,222,50,591,12,3
2305,161129,30203,-1802,4882,-605,1113,-775,161129,640,16296,-1143,352,19,-30,161150,6349,-32292,-420,611,-284,-1,161150,-10433,-31143,6662,-448,-88,-404,161129,-246,32289,1141,222,50,591,12,3
2306,161151,30160,-1802,4882,-659,1046,-775,161151,640,16296,-1143,352,6,-30,161172,6334,-32332,-420,582,-284,-54,161172,-10433,-31145,6648,-448,-88,-404,161151,-246,32289,1125,132,27,567,12,3
2307,161173,30126,-1807,5882,-699,983,-756,161173,695,16306,-1139,389,6,-21,161194,6322,-32350,-423,558,47,-142,161194,-10426,-31145,6606,-388,-25,-354,161173,-172,32294,1063,39,-125,505,12,3
2308,161195,30126,-1807,5882,-699,983,-756,161195,695,16306,-1139,390,23,-21,161216,6322,-32350,-423,558,47,-142,161216,-10426,-31145,6606,-367,-17,-340,161195,-172,32312,1063,39,-125,505,12,3
2309,161217,30100,-1811,5882,-772,933,-756,161217,695,16306,-1139,390,23,-21,161238,6322,-32350,-425,534,47,-228,161238,-10427,-31156,6574,-367,-17,-340,161217,-172,32312,1017,-61,-239,452,12,3
2310,161239,30081,-1812,6882,-963,860,-786,161239,653,16302,-1145,415,68,-15,161260,6335,-32360,-425,493,321,-280,161260,-10427,-31157,6550,-297,40,-322,161239,-163,32330,1017,-136,-257,386,12,3
2311,161261,30081,-1812,6882,-963,860,-786,161261,653,16302,-1145,415,68,-15,161282,6335,-32360,-416,493,321,-280,161282,-10422,-31157,6550,-294,44,-322,161261,-163,32332,1024,-136,-257,386,12,3
2312,161283,30067,-1812,6882,-1129,805,-831,161283,621,16302,-1154,415,68,-15,161304,6335,-32360,-416,446,321,-319,161304,-10422,-31157,6550,-294,44,-333,161283,-163,32332,1024,-165,-257,333,12,3
2313,161305,30012,-1783,7882,-1268,764,-885,161305,597,16302,-1178,423,-1,10,161326,6397,-32347,-410,411,625,-348,161326,-10396,-31175,6564,-239,86,-352,161305,-142,32347,1024,-177,-254,276,12,3
2314,161327,30012,-1783,7882,-1268,764,-885,161327,597,16302,-1178,423,-1,10,161348,6397,-32347,-410,411,625,-348,161348,-10396,-31175,6564,-239,86,-352,161327,-142,32347,1030,-177,-231,276,12,3
2315,161349,29999,-1783,7882,-1372,734,-918,161349,597,16302,-1196,423,-70,10,161370,6397,-32348,-410,401,625,-378,161370,-10396,-31189,6564,-239,86,-367,161349,-148,32347,1030,-186,-231,222,12,3
2316,161371,29983,-1729,8882,-1450,702,-972,161371,611,16306,-1207,420,-122,23,161392,6486,-32348,-423,362,869,-428,161392,-10348,-31197,6587,-185,117,-375,161371,-157,32346,1106,-186,-186,181,12,3
2317,161393,29983,-1703,8882,-1450,702,-972,161393,633,16306,-1207,420,-122,23,161414,6508,-32338,-423,362,909,-428,161414,-10348,-31197,6621,-185,117,-375,161393,-157,32346,1106,-177,-171,181,12,3
2318,161415,29971,-1703,8882,-1483,678,-1003,161415,633,16306,-1215,415,-122,23,161436,6508,-32338,-449,362,909,-465,161436,-10348,-31203,6621,-185,117,-375,161415,-163,32337,1106,-177,-171,166,12,3
2319,161437,29924,-1641,9882,-1483,644,-1030,161437,660,16290,-1223,397,-106,13,163098,6617,-32319,-468,333,1122,-465,163098,-10292,-31208,6663,-155,162,-338,161437,-163,32330,1101,-170,-65,164,13,3
2320,163099,29924,-1617,9882,-1428,644,-1030,163099,663,16290,-1223,397,-106,13,163120,6621,-32281,-468,333,1122,-464,163120,-10292,-31208,6663,-155,162,-335,163099,-138,32330,1101,-170,-43,164,13,3
2321,163121,29881,-1617,9882,-1428,618,-1046,163121,663,16278,-1256,380,-106,5,163142,6621,-32281,-468,333,1122,-464,163142,-10292,-31208,6663,-155,162,-335,163121,-138,32330,1101,-172,-43,162,13,3
2322,163143,29797,-1522,10882,-1413,536,-1058,163143,568,16278,-1288,367,-80,5,163164,6872,-32238,-369,347,1213,-416,163164,-10428,-31174,6735,-146,218,-265,163143,-283,32333,1145,-182,40,152,13,3
2323,163165,29797,-1486,10882,-1413,536,-1058,163165,568,16286,-1288,367,-45,8,163186,6872,-32232,-369,347,1213,-416,163186,-10428,-31168,6735,-146,223,-265,163165,-283,32333,1327,-182,40,152,13,3
2324,163187,29728,-1486,10882,-1413,463,-1058,163187,496,16286,-1308,357,-45,8,163208,6872,-32232,-369,347,1213,-416,163208,-10530,-31168,6735,-146,223,-265,163187,-396,32333,1327,-194,40,146,13,3
2325,163209,29706,-1338,11882,-1405,406,-1035,163209,443,16295,-1323,351,2,6,163230,7060,-32194,-236,358,1282,-372,163230,-10603,-31138,6761,-141,276,-224,163209,-481,32335,1507,-206,102,146,13,3
2326,163231,29706,-1338,11882,-1405,406,-1025,163231,443,16295,-1323,351,3,6,163252,7060,-32188,-236,358,1282,-372,163252,-10603,-31130,6761,-141,276,-224,163231,-481,32335,1507,-206,149,146,13,3
2327,163253,29689,-1338,11882,-1405,356,-1025,163253,420,16295,-1334,348,3,1,163274,7060,-32188,-236,358,1282,-372,163274,-10658,-31130,6761,-141,276,-224,163253,-544,32337,1507,-215,149,146,13,3
2328,163275,29677,-1225,12871,-1370,314,-971,163275,418,16297,-1347,346,42,-7,163296,7199,-32165,-107,356,1329,-346,163296,-10695,-31101,6800,-129,267,-183,163275,-608,32339,1642,-215,239,147,13,3
2329,163297,29677,-1225,12871,-1342,314,-959,163297,418,16297,-1347,346,50,-7,163318,7199,-32161,-107,356,1329,-346,163318,-10695,-31101,6800,-129,267,-183,163297,-608,32340,1642,-209,239,150,13,3
2330,163319,29666,-1225,12871,-1342,283,-959,163319,417,16297,-1357,346,50,-15,163340,7199,-32161,-107,356,1321,-346,163340,-10713,-31101,6800,-129,253,-183,163319,-650,32340,1642,-209,239,150,13,3
2331,163341,29661,-1152,13603,-1272,261,-900,163341,415,16292,-1367,346,106,-21,163362,7269,-32152,-54,378,1300,-327,163362,-10736,-31083,6830,-138,233,-151,163341,-695,32343,1731,-201,254,169,13,3
2332,163363,29661,-1152,13613,-1269,261,-893,163363,415,16292,-1367,346,113,-21,163384,7269,-32152,-54,380,1300,-317,163384,-10736,-31083,6830,-138,233,-150,163363,-695,32343,1731,-201,254,169,13,3
2333,163385,29661,-1152,13613,-1269,243,-893,163385,404,16288,-1375,346,113,-23,163406,7269,-32152,-54,380,1232,-317,163406,-10759,-31083,6830,-153,188,-150,163385,-715,32343,1731,-201,254,169,13,3
2334,163407,29676,-1104,14161,-1209,209,-859,163407,394,16288,-1381,347,166,-24,163428,7306,-32145,-30,403,1120,-296,163428,-10777,-31074,6852,-164,154,-143,163407,-734,32341,1798,-195,282,179,13,3
2335,163429,29682,-1100,14179,-1209,209,-859,163429,394,16292,-1381,347,168,-24,163450,7306,-32145,-30,407,1120,-296,163450,-10777,-31074,6858,-164,154,-143,163429,-734,32341,1810,-195,282,179,13,3
2336,163451,29682,-1100,14179,-1209,168,-859,163451,386,16292,-1386,347,168,-26,163472,7306,-32145,-30,407,1036,-296,163472,-10777,-31074,6858,-164,154,-143,163451,-734,32339,1810,-195,282,178,13,3
2337,163473,29709,-1061,14558,-1179,94,-854,163473,373,16284,-1397,340,212,-32,163494,7303,-32130,-42,457,869,-336,163494,-10718,-31035,6861,-123,370,-153,163473,-748,32332,1903,-199,323,168,13,3
2338,163495,29709,-1055,14558,-1179,94,-854,163495,373,16284,-1397,340,212,-32,163516,7303,-32120,-42,479,869,-336,163516,-10718,-31021,6861,-123,487,-153,163495,-748,32332,1905,-199,331,168,13,3
2339,163517,29709,-1055,14558,-1179,24,-861,163517,373,16271,-1411,335,212,-36,163538,7303,-32120,-109,479,605,-411,163538,-10744,-31021,6861,-123,487,-161,163517,-753,32327,1905,-199,331,136,13,3
2340,163539,29752,-1019,14762,-1235,-71,-913,163539,379,16261,-1422,333,235,-42,163560,7375,-32037,-159,709,407,-663,163560,-10857,-30981,6841,-208,1659,-344,163539,-764,32323,1984,-165,595,71,13,3
2341,163561,29818,-1017,14762,-1235,-71,-913,163561,379,16261,-1422,333,235,-42,163582,7405,-31997,-159,809,407,-663,163582,-10857,-30969,6841,-208,1734,-344,163561,-764,32320,1984,-118,729,71,13,3
2342,163583,29818,-1017,14762,-1300,-189,-952,163583,379,16261,-1422,333,235,-49,163604,7405,-31997,-159,809,407,-937,163604,-10932,-30969,6826,-272,1734,-626,163583,-797,32323,1984,-118,729,40,13,3
2343,163605,30089,-950,14959,-1416,-686,-1006,163605,294,16328,-1387,339,296,-178,163626,7488,-32125,-147,1115,659,-1389,163626,-10998,-30956,6769,-320,2713,-1145,163605,-857,32340,1942,190,2067,40,13,3
2344,163627,30089,-920,14959,-1416,-686,-1006,163627,294,16351,-1373,339,499,-178,163648,7488,-32125,-147,1115,779,-1389,163648,-10998,-30956,6769,-320,2958,-1145,163627,-857,32350,1942,190,2067,119,13,3
2345,163649,30089,-920,14959,-1444,-1111,-1071,163649,231,16351,-1373,296,499,-348,163670,7410,-32221,-158,1115,779,-1792,163670,-11122,-30956,6726,-356,2958,-1712,163649,-902,32350,1902,190,2067,119,13,3
2346,163671,30355,-802,14959,-1444,-1727,-1196,163671,219,16424,-1300,206,845,-632,163692,7351,-32293,-246,1311,1688,-2268,163692,-11223,-30933,6694,-389,3875,-2848,163671,-1004,32382,1812,459,3071,212,13,3
2347,163693,30355,-716,14959,-1429,-1727,-1196,163693,219,16424,-1271,206,875,-632,163714,7351,-32293,-246,1311,1790,-2268,163714,-11223,-30931,6694,-389,3875,-2848,163693,-1004,32382,1812,459,3071,287,13,3
2348,163715,30355,-716,14895,-1429,-2392,-1290,163715,219,16424,-1271,85,875,-953,163736,7351,-32293,-312,1311,1790,-2855,163736,-11261,-30931,6486,-396,3875,-4131,163715,-1081,32382,1745,459,3071,287,13,3
2349,163737,30638,-545,14513,-1282,-3363,-1384,163737,279,16471,-1107,-291,1163,-1570,163758,7653,-32247,-506,1390,3050,-3800,163758,-11261,-30960,6282,-396,4488,-5930,163737,-1160,32398,1745,631,3620,714,13,3
2350,163759,30686,-545,14513,-1170,-3363,-1384,163759,279,16471,-1063,-291,1163,-1570,163780,7873,-31935,-506,1390,3203,-3800,163780,-11011,-30960,6282,-238,4488,-5930,163759,-1160,32398,1802,631,3620,904,13,3
2351,163781,30686,-562,14054,-1170,-4323,-1517,163781,276,16393,-1063,-822,1163,-2294,163802,7873,-31935,-651,1390,3203,-5096,163802,-11011,-31126,5777,-238,4488,-7563,163781,-1270,32398,1802,631,3540,904,13,3
2352,163803,30868,-673,13212,-848,-6044,-2055,163803,211,16164,-878,-1508,1427,-3439,163824,8873,-30935,-760,828,4715,-7096,163824,-10408,-31250,5398,253,4262,-8898,163803,-1716,32382,1783,877,2671,2214,13,3
2353,163825,30868,-673,13212,-848,-6044,-2055,163825,211,16164,-825,-1508,1427,-3439,163846,8873,-30935,-760,828,4715,-7096,163846,-10282,-31250,5398,629,4262,-8898,163825,-1716,32382,1783,1112,2671,2904,13,3
2354,163847,30868,-750,12212,-848,-8036,-2482,163847,103,15985,-825,-2023,1427,-4608,163868,8873,-30935,-760,828,4715,-9096,163868,-10282,-31289,5398,629,3801,-9884,163847,-1899,32138,1611,1112,2297,2904,13,3
2355,163869,29868,-750,11212,-708,-10036,-2803,163869,-277,15764,-479,-2179,2036,-6062,163890,9873,-29935,-554,1799,2936,-11096,163890,-9703,-31289,5732,1760,2538,-10279,163869,-1899,31899,1402,1386,2016,4904,13,3
2356,163891,29868,-608,11212,-708,-10036,-2803,163891,-277,15764,-479,-2179,2036,-6062,163912,9873,-29935,-334,2094,2936,-11096,163912,-9282,-31206,5784,1760,2538,-10279,163891,-1368,31899,1402,1386,2016,4904,13,3
2357,163913,28868,-608,10212,-708,-12036,-2803,163913,-684,15532,-479,-2224,2036,-7180,163934,9873,-29935,-334,2094,1602,-13096,163934,-9282,-31206,5784,1760,565,-10505,163913,-1368,31720,1245,1386,1806,4904,13,3
2358,163935,27901,282,9212,-273,-14036,-1836,163935,-1176,15327,-248,-2224,2407,-8073,163956,9771,-29467,217,3044,601,-15096,163956,-8282,-30206,6100,2099,-1435,-10675,163935,-368,31506,1045,1591,-106,6904,13,3
2359,163957,27901,282,9212,126,-14036,-1836,163957,-1176,15327,-248,-2072,2407,-8073,163978,9771,-29467,259,3044,601,-15096,163978,-8282,-30206,6100,2099,-1435,-10675,163957,-368,31506,1045,2168,-106,6904,13,3
2360,163979,27175,282,8212,126,-15986,-1836,163979,-1607,15192,-248,-2072,2407,-8742,164000,9771,-29467,259,3044,281,-17096,164000,-8282,-30206,6100,2099,-3435,-10802,163979,-368,31345,915,2168,-1540,6904,13,3
2361,164001,26175,-152,7212,857,-17986,-1686,164001,-2032,15133,-189,-1936,2255,-9633,164022,9992,-29116,662,3464,-1021,-19096,164022,-7282,-30404,6195,2034,-5216,-10898,164001,632,31224,552,2997,-2223,8904,13,3
2362,164023,26175,-152,7212,857,-17986,-1686,164023,-2032,15133,-189,-1936,2255,-9633,164044,10562,-28958,662,3464,-1021,-19096,164044,-7282,-30404,6195,2034,-5216,-10898,164023,632,31224,552,2997,-2223,8904,13,3
2363,164045,25191,-534,6247,857,-19986,-1686,164045,-2358,15089,-189,-1984,1467,-10387,164066,10562,-28958,662,3464,-2164,-21096,164066,-7282,-30404,6337,2034,-5216,-10898,164045,632,31134,28,2997,-2223,8904,13,3
2364,164067,24549,-820,5247,928,-21986,-1268,164067,-2615,14701,-128,-2217,876,-11080,164088,11562,-28116,706,2411,-3277,-23096,164088,-6282,-30143,6626,2404,-4299,-10263,164067,1632,30506,-391,2723,-956,9502,13,3
2365,164089,24549,-820,5247,928,-21986,-1113,164089,-2615,14701,108,-2217,876,-11080,164110,11562,-28116,706,2411,-3277,-23096,164110,-6282,-30143,6746,2696,-4098,-9864,164089,1632,30506,-391,2723,-716,9502,13,3
2366,164111,24068,-853,4247,901,-22751,-1113,164111,-3112,14180,108,-2217,836,-11486,164132,11562,-28116,569,864,-4112,-24648,164132,-6282,-30143,6746,2696,-4098,-9864,164111,1632,30506,-705,2067,-716,9502,13,3
2367,164133,23068,-877,3587,663,-23324,99,164133,-4112,13790,375,-2216,806,-11602,164154,12562,-27829,466,-323,-4112,-25299,164154,-5282,-29143,7219,3165,-3250,-8944,164133,2632,30375,-820,548,668,8583,13,3
2368,164155,23068,-877,3587,663,-23324,171,164155,-4112,13790,375,-2054,806,-11602,164176,12562,-27829,466,-323,-2704,-25299,164176,-5282,-29143,7407,3165,-3250,-8816,164155,2632,30375,-820,548,668,8583,13,3
2369,164177,22068,-895,3092,340,-23754,171,164177,-5112,13716,375,-2054,784,-11602,164198,12562,-27829,466,-1384,-2704,-25299,164198,-5282,-29407,7407,3165,-3250,-8816,164177,2632,30375,-820,-1037,668,7755,13,3
2370,164199,21068,-1789,2397,-447,-24107,321,164199,-6112,13660,378,-2190,-329,-11388,164220,13562,-27613,571,-3348,-3973,-23977,164220,-4282,-29605,7983,3350,-2464,-7638,164199,3632,30277,-815,-2666,282,6434,13,3
2371,164221,21068,-1789,2397,-447,-24107,321,164221,-6112,13660,378,-2190,-329,-11335,164242,13562,-26829,711,-3348,-3973,-23961,164242,-4282,-29605,8077,3350,-1315,-7280,164221,3632,30277,-781,-2666,282,6434,13,3
2372,164243,20068,-2459,1397,-1037,-24395,321,164243,-7112,13618,378,-2620,-1779,-11335,164264,13562,-26829,711,-5118,-4925,-23961,164264,-4282,-29605,8077,3350,-1315,-7280,164243,3632,30231,-781,-3887,-7,5165,13,3
2373,164265,19068,-2459,397,-1480,-24654,92,164265,-8024,13065,395,-2942,-2866,-10974,164286,14562,-25829,895,-6148,-5190,-21961,164286,-3282,-28605,8631,2359,-325,-5824,164265,4632,30197,-395,-4747,-394,3827,13,3
2374,164287,19068,-2100,397,-1480,-24654,92,164287,-8024,13065,476,-2942,-2866,-10836,164308,14562,-25829,895,-6148,-5190,-21961,164308,-3282,-28605,8631,2359,-325,-5790,164287,4632,30197,-127,-4747,-394,3827,13,3
2375,164309,18068,-2100,-603,-1480,-24848,-61,164309,-8954,12574,476,-2970,-3407,-10836,164330,14562,-25829,895,-6168,-5190,-21961,164330,-3282,-28605,8631,1576,-325,-5790,164309,4632,30197,-127,-4763,-1160,2823,13,3
2376,164331,17068,-1814,-1603,-1514,-24864,-194,164331,-9954,12048,1076,-2991,-3813,-9989,164352,13562,-24829,855,-6183,-4186,-19961,164352,-2463,-27605,8787,989,-663,-4637,164331,5632,30227,436,-4763,-2201,2218,13,3
2377,164353,17068,-1720,-1603,-1514,-24864,-194,164353,-9954,12048,1352,-2991,-3813,-9892,164374,13562,-24829,855,-6183,-4186,-19961,164374,-2463,-27605,8787,989,-663,-4637,164353,5632,30250,532,-4661,-2201,2218,13,3
2378,164375,16068,-1720,-2603,-1514,-24864,-276,164375,-10760,11448,1352,-3196,-4059,-9892,164396,12562,-24829,631,-6386,-4186,-19961,164396,-2463,-27605,8787,989,-917,-4637,164375,5632,30267,532,-4661,-2201,2218,13,3
2379,164397,16068,-1423,-3603,-1331,-24375,-276,164397,-11386,10852,2352,-3678,-4059,-9031,164418,11562,-23829,631,-6714,-3474,-17961,164418,-1687,-28571,8904,2077,-1388,-3850,164397,6632,30267,1077,-4350,-2145,2226,13,3
2380,164419,17068,-1423,-3603,-1155,-23734,-276,164419,-11386,10852,2352,-3678,-3982,-8920,164440,11562,-23829,631,-6714,-3386,-17961,164440,-1607,-28571,9034,2077,-1388,-3850,164419,6632,30390,1077,-4300,-1753,2243,13,3
2381,164441,17068,-1423,-4603,-1155,-23734,-281,164441,-12068,10360,2352,-4221,-3982,-8920,164462,10562,-23829,463,-6714,-3386,-17961,164462,-1607,-29358,9034,2077,-1741,-3850,164441,6632,30390,1077,-4300,-1753,2243,13,3
2382,164463,18068,-1101,-5603,-916,-21734,-285,164463,-12580,9833,3111,-4887,-3564,-7919,164484,9562,-22829,103,-6447,-2713,-15961,164484,-965,-30006,9513,1891,-2353,-3616,164463,7632,30482,1493,-3788,-1806,2426,13,3
2383,164485,18068,-1101,-5603,-842,-21734,-285,164485,-12580,9833,3111,-4887,-3564,-7793,164506,9562,-22829,103,-6201,-2684,-15961,164506,-905,-30006,9665,1891,-2353,-3616,164485,7632,30506,1687,-3501,-1806,2524,13,3
2384,164507,18068,-1101,-6603,-842,-21734,-300,164507,-13005,9297,3111,-5387,-3564,-7793,164528,8562,-22829,-308,-6201,-2684,-15961,164528,-905,-30434,9665,1319,-2353,-3616,164507,7632,30506,1687,-3501,-1846,2524,13,3
2385,164529,19068,-931,-7603,-698,-19734,-324,164529,-13317,8842,3588,-5508,-3212,-6744,164550,7562,-21829,-1085,-4781,-2187,-13961,164550,-292,-30727,10138,511,-1901,-3723,164529,8610,30537,2145,-2192,-1846,2846,13,3
2386,164551,19068,-931,-7603,-698,-19734,-324,164551,-13317,8842,3588,-5508,-3212,-6618,164572,7562,-21829,-1085,-4640,-2157,-13961,164572,-128,-30727,10138,511,-1384,-3723,164551,8632,30476,2145,-2023,-1634,2846,13,3
2387,164573,19068,-1108,-8603,-740,-19734,-404,164573,-13551,8526,3588,-5508,-3212,-6618,164594,6562,-21829,-1937,-4640,-2157,-13961,164594,-128,-30947,10138,-169,-1384,-3788,164573,8632,30476,1966,-2023,-1634,2846,13,3
2388,164595,20068,-1240,-9603,-943,-17734,-464,164595,-13582,8337,4196,-4619,-2621,-5389,164616,5562,-20829,-2794,-3292,-1308,-11961,164616,560,-31218,10115,-679,-657,-3788,164595,9632,30097,1646,-992,-1215,2813,13,3
2389,164617,20068,-1240,-9603,-943,-17734,-464,164617,-13582,8337,4335,-4369,-2594,-5293,164638,5562,-20829,-2794,-3292,-1308,-11961,164638,560,-31218,10115,-679,-657,-3364,164617,9632,30097,1646,-992,-1215,2813,13,3
2390,164639,20068,-1240,-10603,-1128,-17734,-508,164639,-13582,8337,4335,-4369,-2594,-5293,164660,5562,-20829,-3403,-3292,-1308,-11961,164660,560,-31421,10026,-828,-657,-3364,164639,9632,30005,1592,-992,-1215,2525,13,3
2391,164661,21068,-1007,-11603,-1326,-15734,-508,164661,-13500,8437,5097,-3143,-1950,-4143,164682,6562,-19829,-3834,-2319,-442,-9961,164682,1036,-31421,10026,-934,-530,-3014,164661,10462,29936,1320,-641,-1161,2185,13,3
2392,164683,21068,-1007,-11603,-1326,-15734,-353,164683,-13446,8546,5097,-3001,-1787,-4038,164704,6562,-19829,-3834,-2319,-437,-9961,164704,1036,-30421,10031,-934,-530,-3014,164683,10462,29914,1320,-641,-1161,2185,13,3
2393,164705,21068,-1007,-12603,-1472,-15734,-353,164705,-13446,8546,5097,-3001,-1787,-4038,164726,6562,-19829,-4031,-2319,-437,-9961,164726,1036,-30421,10031,-969,-530,-3014,164705,10462,29904,1320,-641,-1161,1904,13,3
2394,164727,21957,-867,-13603,-1581,-13734,-234,164727,-13342,8690,5613,-1956,-1249,-2919,164748,7562,-18829,-4169,-1645,230,-7961,164748,1589,-29421,10031,-1008,-422,-2747,164727,11048,29770,1376,-536,-1149,1674,13,3
2395,164749,21957,-867,-13603,-1581,-13734,-208,164749,-13251,8690,5613,-1956,-1249,-2865,164770,7562,-18829,-4169,-1645,250,-7961,164770,1713,-29421,10031,-1008,-422,-2564,164749,11048,29770,1376,-536,-1149,1674,13,3
2396,164771,21957,-867,-14603,-1581,-13734,-208,164771,-13251,8690,5613,-1956,-1249,-2865,164792,7562,-18829,-4169,-1645,250,-7961,164792,1713,-30049,9909,-1038,-422,-2564,164771,11048,29669,1374,-536,-1149,1494,13,3
2397,164793,22304,-702,-15603,-1577,-11734,-98,164793,-12964,8795,5841,-1200,-846,-1995,164814,8562,-17829,-4062,-897,941,-5961,164814,2257,-30520,9673,-1131,-142,-2010,164793,11488,29585,1222,-506,-760,1249,13,3
2398,164815,22304,-694,-15603,-1528,-11734,-96,164815,-12950,8798,5841,-1200,-832,-1995,164836,8562,-17829,-4062,-735,941,-5961,164836,2263,-30520,9673,-1131,-142,-1942,164815,11490,29585,1222,-506,-751,1249,13,3
2399,164837,22304,-694,-16603,-1528,-11734,-96,164837,-12950,8798,5841,-1200,-832,-1995,164858,8562,-17829,-4062,-735,941,-5961,164858,2263,-30656,9640,-1201,-142,-1942,164837,11490,29490,1124,-506,-751,1011,13,3
2400,164859,22428,-584,-17603,-1351,-9734,-49,164859,-12660,8905,5948,-601,-519,-1374,164880,9562,-16829,-3982,70,1470,-4185,164880,2579,-30656,9640,-1271,88,-1219,164859,11807,29419,1051,-378,-512,690,13,3
2401,164881,22428,-584,-17603,-1318,-9734,-49,164881,-12578,8905,5948,-588,-513,-1374,164902,9562,-16829,-3952,169,1470,-4185,164902,2579,-30656,9640,-1271,120,-1201,164881,11807,29419,1051,-378,-512,690,13,3
2402,164903,22428,-584,-18603,-1318,-9734,-49,164903,-12578,8905,5948,-588,-513,-1374,164924,9562,-16829,-3952,169,1470,-4185,164924,2579,-30656,9640,-1399,120,-1201,164903,11807,29344,996,-378,-563,367,13,3
2403,164925,22893,-675,-19594,-1044,-7734,-14,164925,-12408,8953,5997,-16,-191,-917,164946,8562,-15829,-3438,1076,2077,-2796,164946,2778,-30590,9576,-1495,466,-410,164925,11915,29344,983,-260,-674,84,13,3
2404,164947,23237,-675,-19594,-832,-7734,0,164947,-12408,8953,5997,31,-66,-917,164968,8562,-15829,-3346,1253,2077,-2472,164968,2778,-30606,9576,-1495,692,-358,164947,11915,29376,983,-210,-674,84,13,3
2405,164969,23237,-744,-20569,-832,-7734,0,164969,-12408,8953,5997,31,-66,-917,164990,7562,-15829,-3346,1253,2077,-2472,164990,2778,-30590,9528,-1495,692,-358,164969,11908,29376,983,-210,-674,-172,13,3
2406,164991,24237,-847,-21569,-398,-5734,-71,164991,-12471,9021,6016,690,363,-558,165012,6562,-14931,-2789,2433,2175,-478,165012,2777,-30552,9298,-1304,1132,763,164991,11903,29488,1095,160,-622,-956,13,3
2407,165013,24237,-847,-21569,-398,-5734,-71,165013,-12471,9021,6016,823,399,-500,165034,6562,-14931,-2765,2433,2175,-472,165034,2777,-29590,9298,-1304,1291,796,165013,11903,29512,1095,193,1326,-956,13,3
2408,165035,24237,-947,-22569,-398,-5734,-180,165035,-12857,9021,6016,823,399,-500,165056,5562,-14931,-2765,2433,2088,-472,165056,2655,-29590,9298,-1304,1291,796,165035,11903,29512,1095,193,1326,-1564,13,3
2409,165057,25237,-1330,-23318,2,-3734,-262,165057,-13146,9194,6017,1696,864,318,165078,5562,-14266,-1969,3120,2023,1528,165078,2411,-28590,9197,-1264,1740,1505,165057,12051,29538,1179,771,2787,-2020,13,3
2410,165079,25237,-1330,-23318,2,-3734,-262,165079,-13146,9194,6017,1705,893,475,165100,6562,-14266,-1885,3120,2023,1528,165100,2411,-28590,9197,-1264,1740,1505,165079,12051,29538,1212,884,2787,-2020,13,3
2411,165101,25237,-1823,-23318,2,-3734,-324,165101,-13322,9194,5923,1705,893,475,165122,6562,-14266,-1885,3120,2023,1528,165122,2092,-28970,9121,-1353,1740,1505,165101,12051,29538,1337,884,2787,-2362,13,3
2412,165123,26237,-2193,-22820,218,-1734,-433,165123,-13360,9242,5708,2463,1263,1482,165144,7562,-14007,-1131,3648,2343,3528,165144,1777,-28970,9064,-1490,1934,2037,165123,11712,29465,1337,1821,3526,-2757,13,3
2413,165145,26237,-2193,-22804,218,-1734,-433,165145,-13360,9242,5708,2616,1411,1590,165166,7562,-14007,-1081,3849,2668,3528,165166,1777,-27970,9064,-1490,1934,2037,165145,11712,29465,1430,2028,3526,-2757,13,3
2414,165167,26237,-2262,-22804,218,-1734,-674,165167,-13360,9242,5484,2616,1411,1590,165188,7562,-14007,-1081,3849,2668,3528,165188,1379,-27970,9022,-1632,1934,2037,165167,11458,29446,1430,2028,3526,-2984,13,3
2415,165189,27237,-2314,-21804,170,266,-913,165189,-13300,9389,5150,3312,1979,2615,165210,8562,-14827,-460,4581,3488,5528,165210,1064,-26970,8938,-1739,1699,2448,165189,11267,29446,1396,2910,3364,-3154,13,3
2416,165211,27237,-2314,-21804,170,266,-913,165211,-13299,9459,5150,3312,2072,2718,165232,8562,-14827,-460,4581,4032,5528,165232,1064,-26970,8938,-1739,1699,2503,165211,11267,29518,1396,2910,3364,-3154,13,3
2417,165233,27237,-2535,-21804,66,266,-1130,165233,-13299,9459,4873,3312,2072,2718,165254,8562,-15666,-460,4581,4032,5528,165254,828,-26970,8938,-1739,1205,2503,165233,11258,29518,1139,2910,3142,-3282,13,3
2418,165255,26237,-2937,-20804,-568,2266,-1541,165255,-12973,9825,4559,3488,2638,3713,165276,9562,-16666,215,5103,6032,7528,165276,649,-25970,8793,-1657,418,3106,165255,11179,29630,864,3100,2880,-3642,13,3
2419,165277,26237,-2937,-20804,-568,2266,-1541,165277,-12931,9968,4559,3488,2721,3747,165298,9562,-16666,381,5103,6032,7528,165298,649,-25970,8793,-1546,418,3407,165277,11179,29744,864,3100,2880,-3642,13,3
2420,165299,25237,-3002,-20804,-1178,2266,-1881,165299,-12931,9968,4215,3488,2721,3747,165320,9562,-17666,381,5061,6032,7528,165320,515,-25970,8793,-1546,-209,3407,165299,11120,29744,580,2929,2353,-4117,13,3
2421,165321,24237,-3035,-19804,-1794,4266,-2104,165321,-12608,10677,3683,3582,3709,4757,165342,10562,-18666,1193,3728,7167,9528,165342,242,-24970,8820,-1407,-783,4766,165321,11030,30000,291,2379,1269,-5093,13,3
2422,165343,24237,-3035,-19804,-1794,4266,-2104,165343,-12511,10847,3683,3582,3748,4948,165364,10562,-18666,1229,3728,7167,9528,165364,242,-24970,8820,-1407,-783,5183,165343,11030,30000,291,2379,1269,-5093,13,3
2423,165365,23237,-3035,-19804,-2225,4266,-2104,165365,-12511,10847,3085,3574,3748,4948,165386,10562,-19666,1229,2657,7167,9528,165386,-392,-24970,8820,-1561,-1086,5183,165365,10694,30000,74,1745,375,-6221,13,3
2424,165387,23237,-2822,-18804,-2450,6266,-1929,165387,-11901,11689,2258,3426,4333,6311,165408,11562,-20666,1865,1563,7661,11528,165408,-939,-23970,8789,-1754,-1095,7183,165387,10162,30270,-306,869,-1625,-7564,13,3
2425,165409,23902,-2704,-18804,-2450,6266,-1780,165409,-11763,11689,2258,3426,4333,6595,165430,11562,-20666,1865,1563,7661,11528,165430,-939,-23970,8789,-1754,-1095,7183,165409,10162,30270,-306,869,-1625,-7564,13,3
2426,165431,23902,-2704,-18804,-2581,6266,-1780,165431,-11763,11689,1529,3262,4333,6595,165452,11562,-21457,1865,689,7402,11528,165452,-1382,-24970,8699,-1812,-1095,7183,165431,9477,30270,-559,22,-3160,-8834,13,3
2427,165453,23496,-2452,-17804,-2713,8266,-1509,165453,-10894,12235,982,3040,3802,8254,165474,12562,-21828,1606,-1290,5402,13528,165474,-1900,-25970,8352,-1856,-585,9183,165453,8731,30472,-749,-1223,-3160,-10541,13,3
2428,165475,23496,-2190,-17804,-2713,8266,-1509,165475,-10763,12235,982,3040,3802,8386,165496,12562,-21828,1606,-1290,5402,13528,165496,-1900,-25970,8352,-1856,-585,9183,165475,8731,30522,-749,-1223,-3081,-10541,13,3
2429,165497,22618,-2190,-17804,-2784,8266,-1509,165497,-10763,12235,842,2862,2632,8386,165518,12562,-21828,1412,-3053,3402,13528,165518,-2900,-26970,8238,-1889,-764,9183,165497,8092,30522,-749,-2507,-3081,-12092,13,3
2430,165519,21618,-1804,-16804,-2921,10266,-1674,165519,-9763,12078,737,2729,1394,10063,165540,11575,-21383,1412,-4375,1402,15528,165540,-3900,-27779,8152,-2062,-899,11183,165519,7099,30421,-709,-3836,-2352,-13277,13,3
2431,165541,21618,-1804,-16804,-2921,10266,-1674,165541,-9763,12078,737,2729,1394,10063,165562,11575,-21383,1705,-4375,1402,15528,165562,-3900,-27779,8152,-2062,-899,11183,165541,7099,30421,-541,-3836,-2352,-13277,13,3
2432,165563,20618,-1804,-16804,-3035,10266,-1813,165563,-9763,11808,658,2729,466,10063,165584,10575,-21383,1705,-4375,-598,15528,165584,-4900,-28386,7942,-2192,-1000,11183,165563,6099,30345,-541,-4715,-2352,-14144,13,3
2433,165585,20227,-1394,-15804,-3195,12266,-1917,165585,-8763,11606,395,2761,-230,11037,165606,9745,-21099,1640,-4264,-1865,17528,165606,-5900,-29117,7118,-2192,-1079,12319,165585,5099,30288,-309,-5375,-2435,-14780,13,3
2434,165607,20227,-1394,-15804,-3195,12266,-1917,165607,-8763,11606,395,2969,-230,11037,165628,9745,-21099,1640,-3515,-1865,17528,165628,-5900,-29117,7118,-2006,-1079,12319,165607,5099,30288,-309,-5375,-2435,-14780,13,3
2435,165629,19934,-1394,-15804,-3195,12266,-1917,165629,-8763,11606,198,2969,-752,11037,165650,9745,-22099,1592,-3515,-1865,17528,165650,-6900,-29665,6688,-2006,-1271,12319,165629,4099,30246,-309,-5870,-2435,-14780,13,3
2436,165651,18934,-1087,-14804,-2891,12863,-1555,165651,-7763,12252,198,3519,-1274,11686,165672,10155,-23099,848,-3631,-12,16873,165672,-7900,-29665,6688,-928,-1609,12412,165651,3099,29246,266,-6480,-2178,-14599,13,3
2437,165673,18934,-1087,-14804,-2687,12863,-1469,165673,-7763,12606,258,3557,-1274,11686,165694,10155,-23099,848,-3631,-12,16873,165694,-7900,-29498,6782,-928,-1609,12412,165673,3099,29246,266,-6480,-1822,-14011,13,3
2438,165695,17934,-1087,-14804,-2687,12409,-1469,165695,-7763,12606,258,3557,-1274,11686,165716,10155,-23099,290,-4319,-12,15085,165716,-8900,-29498,6782,-928,-1609,11305,165695,2099,28246,266,-6480,-1822,-14011,13,3
2439,165717,16934,-827,-13804,-2049,10526,-996,165717,-6763,13606,717,3849,-1151,10868,165738,10536,-22099,-128,-4319,1377,13085,165738,-9900,-29597,6896,-262,-681,9305,165717,1099,27246,1266,-6422,-1222,-12441,13,3
2440,165739,16934,-827,-13804,-1822,10526,-996,165739,-6763,13606,717,3849,-603,10868,165760,10536,-22099,-128,-4234,1377,13085,165760,-9900,-29597,6896,-262,391,9305,165739,1099,27246,1266,-5479,-774,-12011,13,3
2441,165761,15934,-827,-13804,-1822,8526,-996,165761,-6763,13606,717,3849,-603,9492,165782,10536,-22099,-128,-4234,1377,11085,165782,-10806,-29671,6896,-262,391,7305,165761,99,26246,1266,-5479,-774,-12011,13,3
2442,165783,15934,-704,-12804,-1100,6952,-319,165783,-5763,14606,252,3209,1112,7492,165804,10792,-23099,770,-3463,-623,9085,165804,-11108,-29943,7124,131,2334,5305,165783,-645,25246,1563,-3479,1226,-10011,13,3
2443,165805,16934,-704,-12804,-1100,6952,-319,165805,-5763,14606,252,3209,1112,7492,165826,10792,-23099,770,-3463,-623,9085,165826,-11108,-29943,7124,131,2391,5305,165805,-645,25246,1563,-3479,1226,-10011,13,3
2444,165827,16934,-756,-12804,-1100,6942,-319,165827,-5763,14606,-162,2492,1112,5492,165848,9792,-24099,631,-3463,-2623,7104,165848,-11192,-29943,7124,131,2391,3305,165827,-645,25246,1563,-3479,1226,-10011,13,3
2445,165849,17934,-997,-11804,-679,6942,143,165849,-4763,14835,-570,1802,2005,3492,165870,8902,-25099,527,-2885,-3743,5986,165870,-11255,-29977,7385,305,3804,2030,165849,-515,26246,1786,-2168,3226,-8011,13,3
2446,165871,17934,-997,-11804,-679,6995,143,165871,-4763,14835,-570,1802,2005,3492,165892,8902,-25099,527,-2885,-3743,5986,165892,-11255,-29977,7385,305,3804,2030,165871,-515,26246,1920,-2168,3226,-8011,13,3
2447,165893,17934,-1265,-11804,-679,6995,143,165893,-4763,14835,-1077,1285,2005,2297,165914,8902,-26099,459,-2885,-3743,5209,165914,-11481,-29977,7385,256,3804,1074,165893,-580,26246,1920,-2168,3226,-8011,13,3
2448,165915,18934,-1700,-10804,-769,6852,36,165915,-3929,14927,-1457,957,1694,1684,165936,9252,-27099,408,-2364,-3638,4626,165936,-11844,-29966,7340,27,3565,353,165915,-1045,27246,2188,-1290,3230,-6142,13,3
2449,165937,18934,-1700,-10804,-769,6852,36,165937,-3929,14927,-1457,957,1694,1684,165958,9252,-27099,408,-2364,-3638,4626,165958,-11844,-29866,7340,27,3565,353,165937,-1045,27246,2188,-1290,3230,-6142,13,3
2450,165959,18934,-2027,-10804,-1104,6742,-135,165959,-3929,14927,-1457,859,843,1602,165980,9252,-27740,370,-2364,-3638,3773,165980,-12522,-29866,7340,-224,3329,-304,165959,-1419,27246,2188,-1290,2947,-6142,13,3
2451,165981,19934,-2150,-9804,-1571,6349,-263,165981,-3304,15313,-1339,786,204,1541,166002,8733,-28221,335,-1973,-2449,2546,166002,-12522,-29783,7405,-547,1329,-874,165981,-1972,28012,2697,-527,1871,-4432,13,3
2452,166003,19934,-2150,-9804,-1571,6349,-263,166003,-3290,15313,-1339,786,204,1541,166024,8733,-28221,335,-1973,-1638,2546,166024,-12309,-29565,7405,-547,1329,-874,166003,-1972,28012,3188,-527,1871,-4142,13,3
2453,166025,19934,-2150,-9804,-1908,5999,-314,166025,-3290,15313,-1339,738,-56,1429,166046,8088,-28221,335,-1973,-1638,1626,166046,-12309,-29565,7405,-791,-671,-881,166025,-1972,28012,3188,-527,-129,-4142,13,3
2454,166047,20934,-2048,-8804,-1957,5491,-314,166047,-2413,15520,-1398,718,-204,1304,166068,7534,-27221,309,-1187,-476,1196,166068,-11865,-29467,6885,-1180,-2492,-881,166047,-1817,28333,2229,-27,-2129,-2845,13,3
2455,166069,20934,-2048,-8804,-1957,5491,-269,166069,-2290,15520,-1398,718,-204,1304,166090,7534,-27221,309,-1086,-476,1196,166090,-11865,-29467,6885,-1180,-2492,-775,166069,-1817,28333,2229,-27,-2129,-2845,13,3
2456,166091,19934,-2048,-8804,-1957,4990,-269,166091,-2290,15520,-1417,718,-204,1224,166112,7534,-27221,-380,-1086,-476,1196,166112,-12100,-29467,6559,-1180,-3053,-775,166091,-1817,28333,1509,-27,-4028,-2845,13,3
2457,166113,18934,-1972,-7804,-1925,4535,-154,166113,-1381,15749,-1417,870,-181,1183,166134,7920,-27855,-897,-522,-154,1229,166134,-12276,-29674,6559,-1005,-3053,-939,166113,-1706,29219,1233,24,-4230,-1903,13,3
2458,166135,18934,-1972,-7804,-1830,4535,-120,166135,-1381,15764,-1345,870,-8,1183,166156,7920,-27855,-897,-522,-154,1229,166156,-12276,-29674,6865,-995,-3035,-939,166135,-1706,29261,1233,24,-4230,-1903,13,3
2459,166157,17934,-1972,-7804,-1830,3964,-120,166157,-1381,15764,-1345,870,-8,1152,166178,7920,-28717,-996,-643,-154,1121,166178,-12276,-29899,6865,-995,-3035,-1154,166157,-1706,29261,1233,24,-4268,-1903,13,3
2460,166179,17934,-1919,-6804,-1696,3475,-70,166179,-955,15902,-1452,718,265,1004,166200,7228,-29437,-1071,-643,-125,989,166200,-12030,-30068,7114,-899,-2198,-1316,166179,-1623,30029,1294,72,-4268,-1222,13,3
2461,166201,18934,-1919,-6804,-1696,3475,-70,166201,-955,15902,-1452,718,265,1004,166222,7228,-29437,-1071,-359,-125,989,166222,-11764,-30068,7114,-899,-2198,-1316,166201,-1619,30029,1404,72,-3996,-1222,13,3
2462,166223,18934,-1991,-6804,-1696,3112,-114,166223,-955,15902,-1543,604,265,854,166244,7091,-30015,-1147,-359,-125,803,166244,-11764,-30195,6939,-899,-2198,-1316,166223,-1619,30029,1404,72,-3996,-1222,13,3
2463,166245,19934,-2045,-5804,-1678,2885,-244,166245,-459,15918,-1600,523,183,742,166266,7091,-30539,-1204,-146,435,664,166266,-11454,-30352,6744,-827,-1810,-986,166245,-1560,30493,1373,59,-3463,-868,13,3
2464,166267,19934,-2045,-5804,-1678,2885,-244,166267,-378,15918,-1600,523,183,742,166288,7336,-30539,-1204,-146,1003,664,166288,-11454,-30352,6744,-793,-1787,-880,166267,-1560,30493,1373,59,-3404,-868,13,3
2465,166289,19934,-2045,-5804,-1678,2753,-349,166289,-378,15918,-1600,462,182,670,166310,7336,-30926,-1204,-177,1003,381,166310,-11454,-30474,6674,-793,-1787,-880,166289,-1560,30493,1349,48,-3404,-868,13,3
2466,166311,20934,-1909,-4804,-1536,2654,-428,166311,-49,15930,-1521,416,182,616,166332,7610,-31216,-1057,-228,1542,168,166332,-11428,-30619,6674,-488,-1586,-558,166311,-1588,30909,1331,29,-2937,-611,13,3
2467,166333,20934,-1907,-4804,-1469,2654,-428,166333,-49,15968,-1521,416,297,616,166354,7626,-31216,-1001,-228,1542,168,166354,-11428,-30619,6893,-488,-1586,-558,166333,-1588,30925,1331,29,-2818,-602,13,3
2468,166355,20934,-1907,-4804,-1469,2529,-475,166355,-49,15968,-1521,389,297,588,166376,7626,-31409,-1001,-228,1542,168,166376,-11428,-30698,6893,-488,-1586,-558,166355,-1633,30925,1331,29,-2818,-602,13,3
2469,166377,21934,-1808,-3804,-1196,2435,-510,166377,77,16017,-1568,389,272,555,166398,7921,-31554,-832,-197,64,331,166398,-11424,-30698,7057,-567,-1794,-382,166377,-1666,31275,1730,129,-1952,-310,13,3
2470,166399,21934,-1808,-3804,-1148,2435,-510,166399,77,16061,-1568,405,272,555,166420,7921,-31554,-832,56,64,331,166420,-11424,-30675,7057,-567,-1794,-382,166399,-1666,31275,1730,147,-1907,-247,13,3
2471,166421,21934,-1808,-3804,-1148,2425,-513,166421,77,16061,-1570,405,254,526,166442,7861,-31671,-836,56,-1044,331,166442,-11424,-30675,7057,-627,-1794,-382,166421,-1666,31275,1730,147,-1907,-247,13,3
2472,166443,22934,-1826,-2804,-857,2425,-555,166443,193,16135,-1570,426,246,456,166464,7584,-31767,-903,396,-1515,281,166464,-11421,-30658,7132,-657,-1744,-296,166443,-1579,31516,1759,206,-1269,77,13,3
2473,166465,22934,-1826,-2804,-805,2439,-555,166465,229,16139,-1548,426,246,456,166486,7584,-31767,-903,396,-1515,281,166486,-11415,-30658,7132,-657,-1649,-296,166465,-1573,31516,1759,206,-1269,89,13,3
2474,166487,22934,-1841,-2804,-805,2439,-555,166487,229,16139,-1548,406,246,349,166508,7288,-31839,-953,396,-1515,136,166508,-11415,-30677,7132,-657,-1649,-296,166487,-1573,31516,1759,206,-1269,89,13,3
2475,166509,23934,-1904,-1804,-504,2435,-580,166509,345,16190,-1518,361,299,212,166530,7066,-31967,-990,459,-1280,28,166530,-11311,-30699,7179,-634,-1532,-231,166509,-1459,31681,1785,220,-674,325,13,3
2476,166531,23934,-1904,-1804,-504,2435,-580,166531,364,16190,-1518,361,299,212,166552,7066,-31967,-990,459,-1244,28,166552,-11297,-30699,7179,-630,-1470,-178,166531,-1419,31681,1785,220,-674,325,13,3
2477,166553,23934,-1966,-1804,-504,2360,-599,166553,364,16190,-1518,295,299,95,166574,7051,-31981,-990,459,-1244,-36,166574,-11297,-30716,7158,-630,-1470,-178,166553,-1419,31681,1762,220,-674,325,13,3
2478,166575,24934,-2016,-804,-332,2246,-626,166575,471,16194,-1500,243,334,6,166596,7044,-32053,-900,504,-893,-70,166596,-11274,-30729,7144,-609,-1240,-50,166575,-1338,31826,1745,169,-352,394,13,3
2479,166597,24934,-2016,-804,-332,2246,-626,166597,471,16194,-1500,243,334,6,166618,7044,-32053,-900,504,-893,-70,166618,-11274,-30729,7144,-575,-1170,-43,166597,-1338,31856,1745,169,-352,394,13,3
2480,166619,24934,-2060,-804,-332,2128,-655,166619,471,16194,-1500,205,334,-56,166640,7039,-32107,-900,504,-893,-70,166640,-11274,-30729,7134,-575,-1170,-43,166619,-1338,31856,1732,93,-352,394,13,3
2481,166641,25934,-2099,196,-229,1969,-676,166641,489,16205,-1449,202,323,-90,166662,6901,-32148,-833,572,-822,-47,166662,-11313,-30720,7134,-493,-1015,57,166641,-1277,31988,1732,-77,-299,414,13,3
2482,166663,25934,-2099,196,-229,1969,-676,166663,489,16208,-1440,202,323,-90,166684,6901,-32148,-807,572,-822,-47,166684,-11313,-30720,7142,-465,-1015,57,166663,-1277,31988,1755,-77,-299,414,13,3
2483,166685,25934,-2184,196,-229,1838,-692,166685,489,16208,-1440,202,287,-90,166706,6798,-32180,-807,572,-822,-64,166706,-11376,-30720,7142,-465,-1015,57,166685,-1277,31988,1755,-161,-299,395,13,3
2484,166707,26934,-2248,1196,-304,1671,-703,166707,499,16244,-1391,264,260,-88,166728,6756,-32198,-733,542,-642,-213,166728,-11403,-30738,7176,-341,-943,106,166707,-1209,32073,1813,-224,-259,323,13,3
2485,166729,26934,-2248,1196,-304,1671,-703,166729,499,16247,-1373,264,260,-88,166750,6756,-32198,-733,542,-479,-213,166750,-11403,-30738,7176,-290,-943,106,166729,-1209,32073,1902,-224,-254,323,13,3
2486,166751,26934,-2266,1196,-390,1505,-703,166751,499,16247,-1373,264,260,-98,166772,6756,-32198,-733,520,-479,-324,166772,-11424,-30751,7176,-290,-943,106,166751,-1209,32073,1902,-261,-254,269,13,3
2487,166773,27934,-2266,2196,-566,1330,-679,166773,507,16269,-1353,307,338,-128,166794,6855,-32180,-671,517,-102,-393,166794,-11425,-30761,7248,-154,-831,119,166773,-1156,32134,1906,-289,-205,219,13,3
2488,166795,27934,-2229,2196,-566,1330,-664,166795,507,16269,-1353,307,365,-128,166816,6855,-32180,-671,517,-102,-393,166816,-11425,-30761,7248,-154,-718,119,166795,-1156,32134,1906,-289,-205,219,13,3
2489,166817,27934,-2229,2196,-698,1187,-664,166817,507,16269,-1353,307,365,-150,166838,6855,-32180,-671,517,-102,-424,166838,-11425,-30761,7248,-154,-718,119,166817,-1156,32134,1906,-306,-205,176,13,3
2490,166839,28746,-2179,3196,-820,1059,-632,166839,479,16271,-1361,337,431,-166,166860,6929,-32146,-641,518,222,-448,166860,-11418,-30736,7314,-73,-483,126,166839,-1117,32180,1925,-313,-131,44,13,3
2491,166861,28746,-2179,3196,-820,1059,-632,166861,479,16271,-1361,337,431,-166,166882,6929,-32146,-641,518,269,-448,166882,-11418,-30736,7314,-73,-483,126,166861,-1117,32180,1925,-313,-116,44,13,3
2492,166883,28746,-2179,3196,-891,959,-632,166883,458,16262,-1382,325,431,-174,166904,6929,-32146,-641,492,269,-466,166904,-11418,-30736,7314,-73,-483,126,166883,-1169,32180,1925,-318,-116,-55,13,3
2493,166905,29353,-2152,4196,-944,854,-624,166905,450,16255,-1401,316,447,-180,166926,7129,-32111,-604,469,548,-487,166926,-11429,-30702,7321,-5,-311,143,166905,-1208,32233,1945,-318,156,-103,13,3
2494,166927,29353,-2152,4196,-944,854,-624,166927,450,16255,-1401,316,447,-180,166948,7145,-32111,-604,469,548,-487,166948,-11429,-30702,7321,-5,-311,145,166927,-1208,32233,1945,-318,156,-103,13,3
2495,166949,29353,-2152,4196,-951,809,-628,166949,444,16255,-1412,297,447,-180,166970,7145,-32111,-604,469,548,-501,166970,-11437,-30702,7321,-5,-311,145,166949,-1230,32233,1945,-325,156,-103,13,3
2496,166971,29687,-2058,5196,-951,809,-640,166971,416,16258,-1423,278,444,-168,166992,7363,-32077,-559,488,645,-501,166992,-11443,-30678,7356,20,-240,166,166971,-1246,32242,1984,-327,295,-63,13,3
2497,166993,29687,-2058,5196,-941,815,-640,166993,416,16258,-1423,278,444,-168,167014,7363,-32067,-559,488,645,-501,167014,-11443,-30678,7388,20,-240,166,166993,-1246,32242,1984,-327,295,-55,13,3
2498,167015,29687,-2058,5196,-941,815,-649,167015,393,16258,-1433,256,426,-168,167036,7363,-32067,-559,488,645,-501,167036,-11452,-30678,7388,20,-240,166,167015,-1262,32242,1984,-327,295,-55,13,3
2499,167037,29937,-2027,6196,-916,842,-655,167037,364,16258,-1440,239,412,-162,167058,7486,-32038,-515,509,660,-464,167058,-11492,-30672,7477,22,-188,174,167037,-1300,32245,2002,-296,399,-19,13,3
2500,167059,29943,-2027,6196,-916,845,-655,167059,364,16258,-1440,239,412,-162,167080,7486,-32038,-515,509,660,-451,167080,-11492,-30672,7477,22,-188,174,167059,-1300,32245,2002,-292,614,-9,13,3
2501,167081,29943,-2027,6196,-916,845,-655,167081,330,16258,-1446,239,402,-162,167102,7486,-32038,-515,498,660,-451,167102,-11530,-30672,7477,22,-188,137,167081,-1315,32245,2002,-292,614,-9,13,3
2502,167103,30163,-2018,7196,-940,867,-651,167103,276,16259,-1446,250,393,-150,167124,7498,-32074,-482,442,671,-410,167124,-11551,-30666,7535,16,-85,33,167103,-1326,32261,2015,-247,853,0,13,3
2503,167125,30163,-2018,7196,-940,883,-651,167125,276,16259,-1444,250,393,-150,167146,7498,-32074,-446,442,696,-408,167146,-11551,-30666,7535,16,-85,33,167125,-1326,32261,2015,-247,853,0,13,3
2504,167147,30163,-2059,7196,-974,883,-661,167147,242,16259,-1444,250,386,-150,167168,7498,-32085,-446,390,696,-408,167168,-11551,-30666,7535,-58,-85,-44,167147,-1334,32261,2015,-247,850,0,13,3
2505,167169,30324,-2108,8196,-1055,912,-668,167169,217,16260,-1443,251,278,-125,167190,7507,-32085,-394,361,747,-362,167190,-11551,-30661,7507,-114,-18,-105,167169,-1362,32273,2137,-190,483,7,13,3
2506,167191,30324,-2108,8196,-1055,925,-668,167191,217,16268,-1432,251,278,-101,167212,7579,-32033,-394,361,747,-355,167212,-11551,-30659,7507,-114,-18,-105,167191,-1362,32273,2137,-147,483,62,13,3
2507,167213,30324,-2127,8196,-1125,925,-668,167213,198,16268,-1432,251,186,-101,167234,7579,-32033,-394,361,747,-355,167234,-11551,-30659,7507,-141,-18,-189,167213,-1362,32273,2137,-147,261,62,13,3
2508,167235,30429,-2127,9196,-1190,1004,-653,167235,177,16284,-1389,261,87,-32,167256,7596,-32032,-313,389,677,-346,167256,-11551,-30650,7512,-161,32,-276,167235,-1361,32282,2140,-60,97,105,13,3
2509,167257,30429,-2125,9196,-1190,1060,-645,167257,177,16284,-1389,265,87,-32,167278,7596,-32032,-313,389,677,-346,167278,-11531,-30650,7550,-161,32,-276,167257,-1335,32282,2140,-60,97,105,13,3
2510,167279,30429,-2125,9196,-1239,1060,-645,167279,177,16284,-1389,265,12,-32,167300,7557,-32045,-328,383,674,-368,167300,-11531,-30663,7550,-172,21,-326,167279,-1335,32282,2087,-60,7,102,13,3
2511,167301,30518,-2111,10161,-1244,1244,-599,167301,183,16293,-1363,284,-43,14,167322,7528,-32065,-340,356,674,-411,167322,-11500,-30695,7526,-180,-43,-353,167301,-1341,32291,2073,-22,-29,100,13,3
2512,167323,30530,-2111,10196,-1244,1244,-578,167323,214,16293,-1363,291,-43,14,167344,7528,-32065,-340,356,690,-411,167344,-11456,-30695,7526,-180,-43,-353,167323,-1341,32291,2073,-22,-29,100,13,3
2513,167345,30530,-2113,10196,-1244,1244,-578,167345,214,16293,-1363,291,-60,14,167366,7528,-32070,-387,336,690,-448,167366,-11456,-30703,7508,-180,-69,-353,167345,-1355,32291,2062,-22,-36,100,13,3
2514,167367,30617,-2140,11051,-1225,1239,-506,167367,305,16300,-1322,331,-60,14,167388,7592,-32070,-492,321,787,-471,167388,-11397,-30709,7508,-163,-78,-349,167367,-1392,32298,2062,2,-61,143,13,3
2515,167389,30621,-2140,11069,-1215,1239,-506,167389,305,16303,-1322,331,-42,14,167410,7610,-32060,-492,321,787,-471,167410,-11397,-30709,7541,-163,-78,-349,167389,-1392,32298,2084,6,-61,161,13,3
2516,167411,30621,-2140,11069,-1215,1180,-506,167411,305,16303,-1322,331,-42,12,167432,7610,-32060,-583,321,787,-471,167432,-11397,-30713,7541,-163,-78,-349,167411,-1394,32297,2084,6,-61,161,13,3
2517,167433,30648,-2109,11705,-1155,1105,-472,167433,357,16298,-1335,347,41,10,167454,7649,-32030,-651,343,585,-408,167454,-11353,-30722,7609,-183,-73,-339,167433,-1399,32296,2107,65,-86,248,13,3
2518,167455,30648,-2091,11705,-1148,1105,-472,167455,357,16298,-1335,347,73,10,167476,7649,-32030,-651,343,585,-358,167476,-11345,-30722,7617,-183,-66,-339,167455,-1399,32296,2111,69,-86,248,13,3
2519,167477,30648,-2091,11705,-1148,1037,-472,167477,357,16294,-1351,343,73,10,167498,7649,-32030,-688,343,537,-358,167498,-11345,-30729,7617,-209,-66,-342,167477,-1401,32296,2111,69,-105,248,13,3
2520,167499,30658,-2074,12182,-1094,974,-502,167499,367,16291,-1377,338,145,13,168860,7631,-32062,-688,328,537,-278,168860,-11306,-30734,7628,-254,-1,-350,167499,-1402,32310,2071,91,-119,319,14,3
2521,168861,30658,-2074,12188,-1031,974,-502,168861,367,16291,-1377,338,145,13,168882,7631,-32062,-676,328,537,-278,168882,-11306,-30734,7628,-254,7,-350,168861,-1402,32310,2041,91,-119,319,14,3
2522,168883,30658,-2074,12188,-1031,914,-539,168883,367,16291,-1397,338,145,13,168904,7631,-32086,-676,316,537,-278,168904,-11306,-30734,7628,-254,7,-350,168883,-1402,32310,2041,84,-119,319,14,3
2523,168905,30671,-2061,12591,-1106,799,-599,168905,383,16296,-1397,338,173,0,168926,7639,-32086,-641,300,832,-261,168926,-11275,-30728,7635,-183,67,-327,168905,-1403,32310,2030,5,-86,288,14,3
2524,168927,30671,-2037,12591,-1106,799,-599,168927,383,16296,-1368,350,173,0,168948,7673,-32050,-599,300,832,-261,168948,-11275,-30728,7635,-183,104,-326,168927,-1403,32310,2022,5,-86,288,14,3
2525,168949,30671,-2037,12591,-1162,706,-632,168949,383,16296,-1368,350,173,-11,168970,7673,-32050,-599,296,832,-263,168970,-11275,-30730,7626,-183,104,-326,168949,-1403,32310,2022,-65,-86,234,14,3
2526,168971,30677,-1983,12853,-1184,632,-638,168971,408,16300,-1346,359,194,-22,168992,7705,-32069,-521,293,1007,-263,168992,-11260,-30731,7615,-130,164,-290,168971,-1410,32310,2022,-118,-74,194,14,3
2527,168993,30677,-1983,12853,-1184,632,-638,168993,408,16301,-1345,359,194,-22,169014,7705,-32069,-483,293,1007,-263,169014,-11260,-30731,7615,-130,164,-280,168993,-1410,32316,2040,-118,-74,194,14,3
2528,169015,30677,-1983,12853,-1194,576,-638,169015,408,16301,-1345,359,194,-35,169036,7705,-32069,-483,293,1007,-265,169036,-11260,-30734,7607,-130,164,-280,169015,-1415,32316,2040,-146,-74,179,14,3
2529,169037,30682,-1937,13041,-1194,510,-604,169037,448,16301,-1327,362,220,-47,169058,7709,-32083,-466,335,1042,-268,169058,-11248,-30756,7591,-90,172,-226,169037,-1419,32307,2054,-167,-33,175,14,3
2530,169059,30692,-1937,13041,-1142,510,-603,169059,448,16301,-1321,362,240,-47,169080,7709,-32083,-466,335,1042,-268,169080,-11246,-30756,7591,-90,172,-178,169059,-1419,32307,2054,-167,2,175,14,3
2531,169081,30692,-1937,13041,-1142,454,-603,169081,448,16301,-1321,362,240,-61,169102,7702,-32083,-466,335,928,-270,169102,-11246,-30769,7579,-90,172,-178,169081,-1422,32300,2048,-179,2,172,14,3
2532,169103,30683,-1920,13142,-1055,402,-533,169103,461,16297,-1313,362,299,-83,169124,7652,-32090,-479,368,838,-271,169124,-11226,-30778,7578,-60,216,-100,169103,-1422,32283,2044,-194,104,170,14,3
2533,169125,30683,-1920,13142,-1043,402,-533,169125,461,16297,-1313,362,319,-83,169146,7652,-32090,-479,386,838,-271,169146,-11226,-30778,7578,-60,216,-93,169125,-1412,32283,2044,-194,151,170,14,3
2534,169147,30672,-1920,13142,-1043,360,-533,169147,461,16293,-1313,361,319,-103,169168,7615,-32095,-479,386,808,-271,169168,-11226,-30779,7577,-60,216,-93,169147,-1412,32270,2044,-214,151,167,14,3
2535,169169,30664,-1948,13272,-974,327,-499,169169,437,16290,-1309,356,395,-118,169190,7567,-32099,-471,391,808,-243,169190,-11231,-30779,7576,-25,261,-70,169169,-1417,32270,2055,-243,301,152,14,3
2536,169191,30664,-1948,13272,-974,327,-499,169191,437,16290,-1309,356,396,-118,169212,7567,-32099,-471,391,829,-243,169212,-11231,-30772,7576,-25,261,-70,169191,-1417,32286,2073,-243,301,152,14,3
2537,169213,30656,-1975,13272,-974,303,-499,169213,413,16290,-1309,352,396,-126,169234,7561,-32102,-471,391,829,-243,169234,-11235,-30772,7576,-25,261,-70,169213,-1440,32286,2073,-264,301,141,14,3
2538,169235,30646,-1999,13342,-938,258,-512,169235,389,16293,-1312,349,436,-126,169256,7561,-32102,-437,378,881,-224,169256,-11250,-30767,7584,-15,280,-69,169235,-1458,32300,2088,-264,351,134,14,3
2539,169257,30646,-1999,13342,-938,258,-512,169257,389,16293,-1312,349,436,-123,169278,7577,-32092,-437,378,890,-224,169278,-11250,-30753,7584,-15,280,-69,169257,-1458,32300,2094,-250,351,134,14,3
2540,169279,30622,-2015,13342,-938,224,-527,169279,371,16293,-1312,346,436,-123,169300,7577,-32092,-437,369,890,-227,169300,-11265,-30753,7584,-15,280,-74,169279,-1471,32299,2094,-250,351,134,14,3
2541,169301,30596,-2019,13418,-936,224,-556,169301,345,16296,-1308,343,455,-110,169322,7609,-32060,-405,362,994,-230,169322,-11276,-30746,7590,-18,284,-80,169301,-1471,32290,2118,-224,351,137,14,3
2542,169323,30596,-2019,13422,-936,225,-556,169323,345,16296,-1302,343,455,-107,169344,7613,-32058,-393,362,994,-230,169344,-11276,-30746,7590,-18,284,-80,169323,-1471,32290,2118,-221,351,140,14,3
2543,169345,30579,-2019,13422,-945,225,-571,169345,318,16296,-1302,338,455,-107,169366,7613,-32058,-393,362,994,-231,169366,-11276,-30746,7590,-26,284,-84,169345,-1481,32283,2118,-221,351,140,14,3
2544,169367,30574,-1998,13462,-969,237,-571,169367,298,16298,-1300,334,448,-91,169388,7598,-32055,-368,387,909,-236,169388,-11254,-30749,7558,-34,308,-84,169367,-1488,32276,2108,-199,351,153,14,3
2545,169389,30574,-1998,13462,-969,258,-566,169389,298,16298,-1300,334,448,-90,169410,7598,-32055,-368,396,909,-236,169410,-11232,-30749,7558,-34,313,-80,169389,-1488,32276,2108,-199,364,153,14,3
2546,169411,30574,-1998,13462,-996,258,-566,169411,298,16295,-1301,334,430,-90,169432,7584,-32055,-368,396,824,-247,169432,-11232,-30749,7534,-34,313,-80,169411,-1496,32271,2101,-199,364,153,14,3
2547,169433,30610,-2032,13474,-1028,291,-584,169433,306,16290,-1302,339,400,-77,169454,7576,-32053,-450,441,732,-283,169454,-11261,-30737,7514,-14,476,-109,169433,-1502,32271,2101,-182,394,154,14,3
2548,169455,30612,-2032,13474,-1028,291,-584,169455,306,16290,-1302,344,400,-77,169476,7576,-32031,-450,444,732,-283,169476,-11261,-30737,7514,21,1087,-109,169455,-1502,32271,2101,-182,422,154,14,3
2549,169477,30612,-2062,13474,-1058,291,-602,169477,306,16287,-1302,344,375,-77,169498,7576,-32031,-527,444,509,-341,169498,-11283,-30737,7475,21,1087,-187,169477,-1506,32271,2113,-182,422,151,14,3
2550,169499,30589,-2118,13441,-1139,299,-631,169499,247,16283,-1286,353,324,-82,169520,7636,-31957,-595,576,65,-520,169520,-11300,-30778,7446,74,2697,-471,169499,-1595,32261,2113,-125,1113,90,14,3
2551,169521,30589,-2118,13441,-1139,299,-631,169521,247,16283,-1286,353,324,-82,169542,7636,-31957,-595,740,65,-520,169542,-11300,-30778,7446,101,2753,-471,169521,-1595,32261,2156,-25,2090,90,14,3
2552,169543,30572,-2194,13441,-1295,247,-734,169543,178,16280,-1286,353,253,-95,169564,7636,-31957,-595,740,-83,-772,169564,-11312,-30809,7424,101,2753,-684,169543,-1670,32261,2156,-25,2090,90,14,3
2553,169565,30572,-2259,13474,-1782,176,-1108,169565,127,16272,-1296,363,24,-104,169586,7543,-31997,-540,1017,-83,-984,169586,-11347,-30809,7408,-21,3755,-881,169565,-1718,32275,2067,202,3570,108,14,3
2554,169587,30643,-2259,13516,-1782,176,-1108,169587,127,16272,-1296,370,24,-104,169608,7543,-31997,-540,1017,283,-984,169608,-11347,-30774,7408,-21,3755,-881,169587,-1718,32286,2067,244,3570,173,14,3
2555,169609,30643,-2259,13516,-2152,1,-1389,169609,127,16272,-1304,370,-298,-104,169630,7343,-32043,-540,1017,283,-1207,169630,-11418,-30774,7362,-113,3755,-1064,169609,-1718,32294,1966,244,3570,173,14,3
2556,169631,29643,-2186,13593,-2429,-613,-1491,169631,159,16272,-1304,454,-701,-76,169652,7193,-32144,-529,951,1092,-1591,169652,-11467,-30750,7175,-151,4164,-1580,169631,-1694,32284,1890,328,4369,291,14,3
2557,169653,29643,-1980,13593,-2429,-613,-1491,169653,159,16281,-1251,454,-701,-76,169674,7193,-32144,-529,951,1375,-1591,169674,-11467,-30750,7175,-151,4164,-1580,169653,-1690,32284,1890,328,4369,372,14,3
2558,169675,28643,-1980,13484,-2429,-1323,-1491,169675,159,16281,-1251,454,-768,-76,169696,7193,-32154,-604,892,1375,-1896,169696,-11467,-30784,7035,-151,4164,-2166,169675,-1690,32277,1833,296,4369,372,14,3
2559,169697,28643,-1771,13097,-2302,-2541,-1355,169697,294,16369,-1189,401,-768,-392,169718,7423,-32154,-731,892,2194,-2182,169718,-11440,-30870,6928,-28,4306,-2877,169697,-1641,32277,1833,251,4005,606,14,3
2560,169719,29574,-1695,13097,-2246,-2541,-1278,169719,303,16369,-1181,401,-656,-392,169740,7525,-32039,-731,906,2194,-2182,169740,-11440,-30870,6928,-28,4306,-2877,169719,-1617,32301,1805,251,4005,609,14,3
2561,169741,29574,-1695,12558,-2246,-3646,-1278,169741,303,16369,-1181,273,-656,-751,169762,7525,-32039,-834,906,2194,-2415,169762,-11440,-30946,6848,-28,3988,-3548,169741,-1617,32301,1762,251,3453,609,14,3
2562,169763,28574,-1481,11726,-2087,-4894,-1076,169763,337,16396,-1100,82,-171,-1278,169784,8016,-31875,-1135,1302,1421,-2923,169784,-11387,-31005,6784,-141,1988,-4725,169763,-1690,32245,1762,274,2006,975,14,3
2563,169785,28574,-1481,11726,-2087,-4894,-1076,169785,337,16396,-1098,82,-125,-1278,169806,8154,-31845,-1135,1577,1421,-2923,169806,-11387,-31005,6784,-141,1988,-4725,169785,-1690,32245,1837,306,2006,1336,14,3
2564,169807,27574,-1481,10968,-2087,-6094,-1076,169807,273,16375,-1098,-98,-125,-1818,169828,8154,-31845,-1467,1577,837,-3720,169828,-11387,-31157,6656,-141,317,-6296,169807,-1761,32203,1837,306,538,1336,14,3
2565,169829,26574,-1582,9968,-2131,-8094,-1551,169829,-28,16311,-924,-370,273,-2726,169850,8647,-31543,-1916,2510,-103,-5590,169850,-11224,-31277,6510,-25,-936,-8296,169829,-1814,31203,1893,497,-711,2632,14,3
2566,169851,26574,-1582,9968,-2131,-8094,-1551,169851,-28,16311,-893,-370,273,-2726,169872,8673,-31233,-1916,2842,-103,-5590,169872,-10958,-31277,6510,116,-936,-8296,169851,-1814,31203,1895,583,-711,3002,14,3
2567,169873,26194,-1862,8968,-2510,-10067,-2502,169873,-387,16085,-893,-787,273,-3753,169894,8673,-31233,-1916,2842,-103,-6993,169894,-10958,-31489,6400,116,-1866,-9971,169873,-1854,30203,1895,583,-1647,3002,14,3
2568,169895,25909,-2072,7968,-3285,-12067,-3835,169895,-656,15916,-716,-1269,215,-5284,169916,9231,-30233,-1533,3817,397,-6993,169916,-9958,-31648,6126,335,-2564,-10896,169895,-1854,29203,2009,1160,-2349,5002,14,3
2569,169917,25909,-2072,7968,-3285,-12067,-3835,169917,-656,15916,-575,-1269,215,-5284,169938,9477,-30233,-1533,3976,397,-4993,169938,-9958,-31648,6126,403,-2564,-10896,169917,-1806,29203,2009,1604,-2349,5002,14,3
2570,169939,24909,-2072,6968,-3866,-14067,-3988,169939,-751,15699,-575,-1654,51,-6908,169960,9477,-30233,-1533,3976,397,-4993,169960,-9958,-31648,5920,403,-2916,-11455,169939,-1806,28203,1680,1604,-2684,5002,14,3
2571,169961,23909,-1790,5968,-3866,-16067,-3988,169961,-822,15531,-305,-1868,-271,-8151,169982,9834,-29233,-1007,1976,907,-2993,169982,-8958,-31336,5920,824,-3180,-11874,169961,-806,27324,1432,2513,-2829,7002,14,3
2572,169983,23909,-1652,5968,-3470,-16067,-3160,169983,-822,15531,-305,-1868,-271,-8151,170004,9834,-29233,-1007,1976,907,-2993,170004,-8958,-31064,6084,1314,-3180,-11874,169983,-806,27324,1432,2513,-2829,7002,14,3
2573,170005,22909,-1652,4968,-3470,-18067,-3160,170005,-1116,15175,-305,-2109,-512,-9180,170026,9834,-29233,-1007,-24,907,-4993,170026,-8958,-31064,6084,1314,-3298,-12227,170005,-806,27187,856,2513,-2829,7002,14,3
2574,170027,22093,-997,4068,-2181,-20067,-2916,170027,-1797,14908,-227,-2320,-814,-9961,170048,8834,-28233,-279,-24,2907,-6993,170048,-7958,-30064,6623,1844,-3387,-12566,170027,194,27187,424,2416,-2358,9002,14,3
2575,170049,22093,-997,4068,-2175,-20067,-2916,170049,-1797,14908,-227,-2320,-814,-9961,170070,8834,-28233,-11,276,2907,-6993,170070,-7958,-30064,6623,1844,-3387,-12566,170049,194,27956,424,2416,-2346,9002,14,3
2576,170071,22024,-997,3473,-2175,-21587,-2916,170071,-2307,14709,-227,-2782,-956,-10705,170092,8834,-28233,-11,276,2907,-6993,170092,-7958,-30064,6623,1844,-3387,-13027,170071,194,27956,424,2343,-2346,9002,14,3
2577,170093,22024,-997,2473,-634,-22727,-2746,170093,-2690,14560,-317,-3674,-1063,-11797,170114,9669,-27233,989,-251,907,-4993,170114,-6958,-29432,7027,1195,-2116,-13510,170093,1194,28723,554,2289,-1984,11002,14,3
2578,170115,22024,-997,2473,-543,-22727,-2746,170115,-2690,14560,-317,-3674,-1063,-11797,170136,9669,-27233,989,-251,907,-4993,170136,-6958,-29432,7377,1195,-1387,-13510,170115,1194,28723,554,2289,-1437,11002,14,3
2579,170137,21972,-1005,1473,-543,-22727,-2746,170137,-2977,13796,-384,-4343,-1063,-12710,170158,9669,-27233,989,-1148,-1093,-4993,170158,-6958,-29432,7377,666,-1387,-13510,170137,1194,28723,554,2289,-1437,11002,14,3
2580,170159,20972,-1687,473,431,-21425,-2535,170159,-3977,12933,-384,-4600,-889,-13395,170180,10296,-26233,949,-1821,-1093,-6993,170180,-5958,-29340,8377,311,613,-12855,170159,2194,27742,53,2173,-101,11228,14,3
2581,170181,20972,-1687,473,431,-20727,-2012,170181,-3977,12933,-345,-4600,-889,-13395,170202,10296,-26233,949,-1821,895,-6993,170202,-5958,-29340,8377,311,613,-12035,170181,2194,27742,53,2173,563,11228,14,3
2582,170203,19972,-2199,-527,431,-20727,-2012,170203,-4977,12843,-345,-4600,-1011,-13740,170224,9296,-26233,367,-1821,907,-8993,170224,-5958,-29340,8377,311,613,-12035,170203,2194,27060,-434,1835,563,10593,14,3
2583,170225,18972,-2229,-1527,521,-18875,-1461,170225,-5977,12784,-103,-4473,-1936,-13922,170246,8296,-25233,-236,-1698,2386,-10993,170246,-4958,-29601,8050,790,1925,-10035,170225,3194,26495,-1019,927,1768,8921,14,3
2584,170247,18972,-2229,-1527,521,-18875,-1437,170247,-5977,12784,237,-4473,-1936,-13922,170268,8296,-25233,-236,-1698,2386,-10993,170268,-4958,-29601,8050,813,1925,-10035,170247,3194,26495,-1019,927,1768,8921,14,3
2585,170269,17972,-2229,-2527,521,-18875,-1437,170269,-6977,12784,237,-4473,-2630,-13922,170290,7296,-25233,-905,-1934,944,-12993,170290,-4958,-29796,8011,813,1659,-10035,170269,3194,26125,-1019,-90,1768,7211,14,3
2586,170291,16972,-1707,-3527,589,-17486,-1121,170291,-7977,12809,1237,-4441,-2630,-13372,170312,6296,-24233,-1406,-3539,-137,-14834,170312,-3958,-30217,7982,1947,1431,-8041,170291,4194,26125,-694,-1587,1285,5676,14,3
2587,170313,16972,-1707,-3527,589,-17486,-1121,170313,-7977,12809,1237,-4441,-2254,-13299,170334,6296,-24233,-1406,-3539,-137,-14834,170334,-3958,-30217,7982,2034,1431,-8035,170313,4194,26743,-694,-1587,1285,5676,14,3
2588,170335,15972,-1974,-4527,589,-17486,-1121,170335,-8977,12809,1237,-4534,-2254,-13299,170356,5296,-24233,-1406,-4556,-156,-14834,170356,-3958,-30217,7982,2034,1337,-8035,170335,4194,26743,-694,-2967,923,4523,14,3
2589,170357,14972,-2174,-5527,587,-16907,-889,170357,-9977,12326,2237,-5043,-1853,-12690,170378,4296,-23233,-732,-5307,-170,-14782,170378,-2958,-30348,8388,3241,1337,-6035,170357,5194,27259,-406,-4002,923,3201,14,3
2590,170379,14972,-2174,-5527,587,-16907,-889,170379,-9977,12326,2237,-5043,-1853,-12501,170400,4296,-23233,-732,-5307,-170,-13863,170400,-2958,-30348,8468,3241,1503,-6035,170379,5194,27523,-406,-4002,1031,3201,14,3
2591,170401,13972,-2174,-6527,567,-16907,-889,170401,-10977,11721,2237,-5517,-1853,-12501,170422,3296,-23233,-732,-5307,-180,-13863,170422,-2958,-30348,8468,3241,1503,-6035,170401,5194,27523,-406,-4196,1031,2072,14,3
2592,170423,12972,-1952,-7527,187,-16921,-717,170423,-11977,10721,3020,-5872,-1884,-10886,170444,2296,-22233,-633,-4813,-991,-11863,170444,-1958,-29348,9191,2851,1522,-4088,170423,6194,28286,39,-4196,1581,730,14,3
2593,170445,12972,-1952,-7527,187,-16921,-717,170445,-11977,10721,3020,-5872,-1884,-10543,170466,2296,-22233,-633,-4669,-991,-11863,170466,-1958,-29348,9285,2851,1522,-4088,170445,6194,28314,73,-3999,1581,730,14,3
2594,170467,11972,-1952,-8527,-227,-16921,-717,170467,-12977,9748,3020,-5872,-1916,-10543,170488,1296,-22233,-786,-4669,-1323,-11863,170488,-1958,-29348,9285,2228,1187,-4088,170467,6194,28314,73,-3999,1581,-276,14,3
2595,170489,11972,-1785,-9527,-846,-16611,-706,170489,-13977,9018,3637,-5448,-1972,-8543,170510,296,-21233,-1203,-4070,-1572,-9863,170510,-1370,-29763,9733,1042,-682,-3042,170489,7194,28907,480,-3656,1207,-817,14,3
2596,170511,12972,-1629,-9527,-846,-16420,-706,170511,-13977,9018,3789,-5107,-1972,-8543,170532,296,-21233,-1203,-4070,-1572,-9863,170532,-1370,-29763,9733,1042,-682,-3042,170511,7194,28983,624,-3656,1207,-817,14,3
2597,170533,12972,-1629,-10527,-1310,-16420,-706,170533,-14318,8524,3789,-5107,-2136,-8543,170554,-704,-21233,-1516,-4070,-1757,-9863,170554,-1370,-30274,9733,153,-2084,-3042,170533,7194,28983,624,-3656,339,-817,14,3
2598,170555,13972,-1237,-11527,-1652,-15596,-723,170555,-14479,8213,4477,-4150,-2259,-6543,170576,-1704,-20233,-1555,-3487,-1757,-7863,170576,-563,-30657,9903,-315,-3110,-2306,170555,8105,29247,1274,-3373,-1519,-760,14,3
2599,170577,13972,-1189,-11527,-1652,-15156,-723,170577,-14479,8213,4485,-4024,-2259,-6543,170598,-1704,-20233,-1555,-3442,-1738,-7863,170598,-547,-30657,9939,-315,-3110,-2306,170577,8143,29247,1274,-3356,-1519,-537,14,3
2600,170599,13972,-1189,-12527,-1872,-15156,-735,170599,-14479,8049,4485,-4024,-2259,-6543,170620,-1704,-20233,-1584,-3442,-1738,-7863,170620,-547,-30842,9939,-315,-3110,-2306,170599,8143,29247,1274,-3356,-2912,-537,14,3
2601,170621,14972,-837,-13527,-1968,-13961,-744,170621,-14191,7926,4953,-2850,-2243,-4543,170642,-704,-19233,-1664,-2514,-1724,-5863,170642,76,-30981,10058,-283,-2521,-1754,170621,8919,29387,1739,-2894,-2912,-337,14,3
2602,170643,14972,-837,-13527,-1968,-13925,-744,170643,-14063,7926,4953,-2777,-2203,-4543,170664,-704,-19233,-1664,-2332,-1502,-5863,170664,76,-30981,10094,-283,-2499,-1754,170643,8919,29445,1739,-2614,-2804,-337,14,3
2603,170665,14972,-837,-14527,-1968,-13925,-744,170665,-14063,7834,4953,-2777,-2203,-4543,170686,-704,-19233,-1836,-2332,-1502,-5863,170686,76,-30981,10094,-283,-2499,-1754,170665,8919,29445,1739,-2614,-2804,-337,14,3
2604,170687,15972,-759,-15527,-1848,-11925,-700,170687,-13505,7765,5252,-1689,-2048,-2558,170708,296,-18233,-2213,-1413,-1127,-3863,170708,525,-29981,10210,-589,-2041,-1710,170687,9439,29617,1936,-1674,-2559,-187,14,3
2605,170709,15972,-759,-15527,-1833,-11925,-700,170709,-13436,7765,5252,-1615,-1900,-2558,170730,296,-18233,-2213,-1413,-976,-3863,170730,525,-29981,10210,-589,-2041,-1710,170709,9439,29715,1936,-1657,-2559,-38,14,3
2606,170731,15972,-759,-16527,-1833,-11925,-700,170731,-13436,7765,5252,-1615,-1900,-2558,170752,296,-18233,-2577,-1413,-976,-3863,170752,525,-29981,10210,-1048,-2041,-1750,170731,9439,29715,1936,-1657,-2559,-38,14,3
2607,170753,16972,-701,-17353,-1664,-9925,-667,170753,-12906,7850,5444,-691,-1388,-1342,170774,1296,-17233,-2862,-785,-347,-2615,170774,926,-30461,9863,-1392,-1509,-1780,170753,9913,29764,2122,-965,-2375,425,14,3
2608,170775,16972,-647,-17353,-1637,-9925,-667,170775,-12889,7884,5444,-691,-1290,-1342,170796,1296,-17233,-2862,-785,-284,-2615,170796,1068,-30461,9863,-1392,-1344,-1780,170775,9913,29764,2122,-965,-2375,468,14,3
2609,170797,16972,-647,-17988,-1637,-9925,-667,170797,-12889,7884,5444,-691,-1290,-1342,170818,1296,-17233,-2930,-785,-284,-2615,170818,1068,-30595,9603,-1578,-1344,-1780,170797,9913,29763,1837,-965,-2375,468,14,3
2610,170819,17972,-563,-18765,-1443,-7925,-687,170819,-12417,8071,5588,-74,-685,-744,170840,2296,-16233,-2953,-259,388,-1881,170840,1425,-30595,9603,-1718,-784,-1751,170819,10364,29763,1623,-485,-2314,822,14,3
2611,170841,17972,-561,-18765,-1427,-7925,-687,170841,-12417,8133,5588,-74,-643,-744,170862,2296,-16233,-2953,114,423,-1881,170862,1425,-29595,9618,-1718,-766,-1664,170841,10368,29763,1623,-485,-2314,822,14,3
2612,170863,17972,-561,-19639,-1427,-7925,-699,170863,-12417,8133,5588,-74,-643,-744,170884,2296,-16233,-2953,114,423,-1881,170884,1425,-29595,9618,-1944,-766,-1664,170863,10368,29762,1483,-485,-2314,822,14,3
2613,170885,18972,-478,-20639,-1261,-5925,-699,170885,-12288,8470,5700,364,-127,-510,170906,3296,-15508,-2726,1029,1145,-1326,170906,1693,-28595,9629,-2418,-212,-1577,170885,10746,29762,1378,189,-2269,933,14,3
2614,170907,18972,-416,-20639,-1079,-5925,-555,170907,-12288,8519,5720,364,-108,-510,170928,3296,-15508,-2540,1535,1170,-1020,170928,1737,-28595,9629,-2418,133,-1563,170907,10770,29706,1378,419,-2269,933,14,3
2615,170929,18972,-416,-21519,-1079,-5925,-555,170929,-12328,8519,5720,364,-108,-510,170950,2296,-15508,-2540,1535,1170,-1020,170950,1737,-28595,9613,-2790,133,-1563,170929,10770,29697,1151,419,-2269,933,14,3
2616,170951,19972,-307,-22519,-457,-3925,-279,170951,-12497,8896,5784,956,346,-335,170972,1296,-15270,-2517,3057,1665,295,170972,2071,-27595,9303,-3069,1042,-1196,170951,11099,29697,947,1513,-1689,522,14,3
2617,170973,19972,-307,-22519,-456,-3925,-279,170973,-12497,8922,5790,1116,346,-278,170994,1296,-15270,-2517,3057,1665,831,170994,2071,-27595,9303,-3069,1090,-1120,170973,11099,29938,947,1665,-1146,522,14,3
2618,170995,19972,-307,-23463,-456,-3925,-279,170995,-12632,8922,5790,1116,346,-278,171016,296,-15270,-2517,3057,1665,831,171016,2071,-28298,8847,-3120,1090,-1120,170995,11099,29938,468,1665,-1146,27,14,3
2619,171017,20972,-426,-24171,20,-1925,-229,171017,-12733,9274,5813,2009,716,178,171038,296,-15208,-2499,3674,2003,2613,171038,2579,-28298,8505,-3120,1987,-257,171017,11252,30191,109,2464,-176,-527,14,3
2620,171039,20972,-426,-24171,55,-1925,-229,171039,-12733,9465,5826,2137,716,362,171060,1296,-15208,-2317,3674,2003,2712,171060,2579,-28199,8505,-3002,1987,-86,171039,11252,30191,109,2464,61,-527,14,3
2621,171061,20972,-525,-24356,55,-1925,-229,171061,-12733,9465,5826,2137,716,362,171082,1296,-15208,-2317,3674,2003,2712,171082,2579,-28199,8248,-3002,1987,-86,171061,11252,29897,-160,2464,61,-1194,14,3
2622,171083,21972,-695,-24356,326,75,-312,171083,-12631,9818,5689,2941,1021,1064,171104,2296,-15090,-2045,4137,2367,4690,171104,3098,-28125,8112,-2108,2817,1114,171083,11511,29344,-160,2727,1854,-1972,14,3
2623,171105,21972,-695,-24051,326,75,-312,171105,-12428,9818,5689,2953,1205,1355,171126,2296,-15090,-1839,4477,2676,4712,171126,3098,-27271,8112,-2108,2817,1153,171105,11511,29344,-142,2727,2061,-1972,14,3
2624,171127,21972,-899,-24051,326,75,-441,171127,-12428,9818,5424,2953,1205,1355,171148,2296,-15099,-1839,4477,2676,4712,171148,2877,-27271,8060,-2108,2817,1153,171127,11511,28344,-142,2727,2061,-2555,14,3
2625,171149,22972,-1052,-23290,425,2075,-561,171149,-12282,10079,5146,3487,1672,2421,171170,3296,-16064,-1229,5079,3670,6467,171170,2464,-26575,8060,-1581,2521,2094,171149,11683,28248,-148,2940,3049,-2986,14,3
2626,171171,22972,-1052,-23051,425,2075,-561,171171,-12282,10079,5146,3487,1821,2508,171192,3296,-16064,-1229,5079,4013,6467,171192,2464,-26575,8101,-1581,2521,2173,171171,11683,28248,-148,2940,3049,-2986,14,3
2627,171193,22972,-1226,-23051,425,2075,-651,171193,-12282,10079,4908,3487,1821,2508,171214,3296,-16843,-1229,5079,4013,6467,171214,2302,-27333,8101,-1581,2194,2173,171193,11532,28248,-153,2940,2986,-3309,14,3
2628,171215,23972,-1785,-22051,340,4075,-834,171215,-12173,10628,4565,3708,2536,3270,171236,4296,-17843,-715,5255,5808,7783,171236,2120,-27901,7755,-1029,1773,3230,171215,11419,28642,-564,2825,2986,-3638,14,3
2629,171237,23972,-1785,-22051,340,4075,-834,171237,-11916,10628,4565,3708,2536,3270,171258,4296,-17843,-695,5255,5808,8215,171258,2120,-27901,7755,-1012,1773,3535,171237,11419,28642,-564,2825,3206,-3638,14,3
2630,171259,22972,-2204,-22051,223,4075,-1010,171259,-11916,10628,4292,3555,2536,3270,171280,4296,-18843,-695,5255,5808,8215,171280,1896,-27901,7504,-1012,1591,3535,171259,11334,28642,-989,2400,3448,-4088,14,3
2631,171281,21972,-2610,-21051,-303,6075,-1163,171281,-11555,11142,4013,3372,3072,3841,171302,5296,-19843,305,3820,6899,10215,171302,1452,-26901,7504,-317,1412,5349,171281,11200,28991,-1251,1427,3613,-5077,14,3
2632,171303,21972,-2610,-21051,-303,6075,-1163,171303,-11526,11142,4013,3372,3362,3887,171324,5296,-19843,305,3820,6899,10215,171324,1452,-26901,7726,-317,1412,5349,171303,11200,28991,-1251,1427,3871,-5077,14,3
2633,171325,21972,-2835,-21051,-770,6075,-1268,171325,-11526,11142,3444,3198,3362,3887,171346,5296,-20276,305,2009,6899,10215,171346,452,-26901,7726,-317,1278,5349,171325,10960,28991,-1378,681,3871,-6193,14,3
2634,171347,22972,-3004,-20051,-1336,8075,-1347,171347,-11284,11635,2753,3068,4200,4947,171368,6296,-20601,1305,650,7613,12176,171368,-548,-27901,8110,-286,96,6721,171347,10012,29253,-1378,122,4181,-7030,14,3
2635,171369,22972,-3004,-20051,-1336,8075,-1347,171369,-11234,11635,2753,3068,4200,5106,171390,6296,-20601,1305,650,7613,12215,171390,-548,-27901,8110,-286,96,6721,171369,10012,29417,-655,122,4181,-7030,14,3
2636,171391,22972,-3004,-20051,-1760,8075,-1365,171391,-11234,11635,2054,2847,4200,5106,171412,6296,-20844,1305,-195,7613,12215,171412,-1094,-28901,8110,-843,-941,6721,171391,9301,29417,-655,-66,2682,-7682,14,3
2637,171413,23972,-2771,-19051,-1931,10075,-1378,171413,-10934,11897,1410,2463,4032,6228,171434,7296,-21844,2232,-829,6795,14215,171434,-1504,-29749,7972,-1287,-1719,8010,171413,8861,29471,-695,-207,1096,-8262,14,3
2638,171435,23972,-2653,-19051,-1931,10075,-1378,171435,-10673,11897,1410,2463,4032,6300,171456,7296,-21844,2232,-829,6795,14215,171456,-1504,-29749,7972,-1287,-1719,8380,171435,8861,29471,-695,-207,1096,-8262,14,3
2639,171457,23972,-2653,-19051,-1931,10075,-1378,171457,-10673,11897,999,2175,3595,6300,171478,7296,-22693,2232,-1667,5915,14215,171478,-1811,-30193,7869,-1595,-1944,8380,171457,8531,29471,-937,-452,858,-8986,14,3
2640,171479,24103,-2323,-18051,-1902,12075,-1240,171479,-9736,12286,770,2049,2839,7398,171500,8296,-23269,2600,-2561,4932,16215,171500,-2811,-30526,7837,-1778,-1944,10038,171479,7726,29511,-1118,-1057,680,-9997,14,3
2641,171501,24103,-2323,-18051,-1902,12075,-1240,171501,-9673,12327,770,2049,2839,7518,171522,8296,-23269,2600,-2561,4932,16215,171522,-2811,-30526,7837,-1778,-1944,10045,171501,7726,29511,-1118,-1057,680,-9997,14,3
2642,171523,24081,-2323,-18051,-1902,12075,-1240,171523,-9673,12327,663,2026,2108,7518,171544,8296,-23293,2600,-3578,3484,16215,171544,-3811,-30732,7837,-1915,-1802,10045,171523,6848,29511,-1118,-1852,546,-10787,14,3
2643,171545,23773,-2102,-17051,-1881,14075,-1252,171545,-8673,12521,582,2026,1503,8687,171566,9206,-23311,2876,-4480,2398,18184,171566,-4811,-30773,7813,-2062,-1802,11176,171545,6066,29855,-934,-2730,-459,-11413,14,3
2644,171567,23773,-2102,-17051,-1881,14075,-1252,171567,-8673,12521,582,2086,1503,8738,171588,9206,-23311,2876,-4480,2398,18184,171588,-4811,-30773,7813,-2062,-1615,11176,171567,6066,29855,-772,-2730,-459,-11413,14,3
2645,171589,23542,-2102,-17051,-1881,14075,-1275,171589,-8673,12521,522,2086,1119,8738,171610,9206,-23733,2876,-4480,1879,18184,171610,-5811,-30773,7729,-2172,-1615,11176,171589,5066,29855,-772,-3268,-736,-11882,14,3
2646,171611,23456,-1936,-16051,-1845,15498,-1275,171611,-7673,12667,423,2509,978,9615,171632,9964,-24377,2571,-4473,1490,18999,171632,-6811,-30699,7388,-2172,-1475,11687,171611,4066,30341,-225,-3671,-1708,-11999,14,3
2647,171633,23456,-1934,-16051,-1778,15498,-1261,171633,-7673,12794,423,2635,978,9615,171654,9964,-24377,2571,-4473,1490,18999,171654,-6811,-30699,7388,-1905,-1335,11687,171633,4066,30341,-225,-3671,-1708,-11999,14,3
2648,171655,23456,-1934,-16051,-1778,15498,-1261,171655,-7673,12794,349,2635,961,9615,171676,9964,-25240,1994,-4473,220,18999,171676,-7811,-30699,7133,-1905,-1335,11687,171655,3066,30341,-225,-3972,-1708,-11999,14,3
2649,171677,24456,-1808,-15051,-1636,15297,-1001,171677,-6673,13273,293,3173,948,10054,171698,10031,-26089,1387,-4468,-1236,18228,171698,-8811,-30644,7081,-1191,-1411,11707,171677,2066,30487,127,-4198,-1334,-11760,14,3
2650,171699,24456,-1808,-15051,-1636,15297,-1001,171699,-6673,13273,293,3173,948,10054,171720,10031,-26089,1387,-4468,-1236,18228,171720,-8811,-30468,7077,-1044,-1411,11707,171699,2066,30487,127,-4198,-1334,-11472,14,3
2651,171721,24456,-1808,-15051,-1636,14896,-1001,171721,-6673,13273,263,3173,685,10054,171742,9707,-27089,864,-4468,-1236,16893,171742,-9811,-30468,7052,-1044,-1411,11125,171721,1115,29487,127,-4198,-1334,-11472,14,3
2652,171743,23456,-1654,-14051,-1529,13648,-788,171743,-5673,13704,263,3094,487,10190,171764,9440,-28089,252,-4172,-1201,14893,171764,-10811,-30295,7052,-328,-915,9125,171743,152,28487,655,-4180,-887,-10590,14,3
2653,171765,23456,-1602,-14051,-1529,13648,-788,171765,-5673,13999,328,3094,487,10190,171786,9440,-28089,252,-4101,-918,14893,171786,-10811,-30295,7415,-328,-96,9125,171765,152,28487,655,-4155,-785,-10170,14,3
2654,171787,22456,-1602,-14051,-1529,11914,-788,171787,-5673,13999,328,3022,487,9653,171808,9240,-28970,252,-3989,-918,12893,171808,-11234,-30295,7415,-328,-96,7125,171787,-772,27487,655,-4155,-785,-10170,14,3
2655,171809,21456,-1071,-13051,-1600,9914,-585,171809,-4713,14978,-41,2361,793,7914,171830,9090,-29531,311,-3444,764,10893,171830,-11234,-30333,7447,-215,675,5125,171809,-1465,26487,1323,-3579,197,-8170,14,3
2656,171831,21456,-1071,-13051,-1600,9914,-585,171831,-4713,14978,-41,2361,793,7914,171852,9090,-29531,311,-3318,764,10893,171852,-11009,-30333,7447,-215,675,5125,171831,-1465,26487,1323,-3110,197,-8170,14,3
2657,171853,21456,-1531,-13051,-1952,8472,-679,171853,-4713,14978,-318,1800,793,6135,171874,8681,-29952,311,-3318,764,8893,171874,-11009,-30361,7387,-456,106,3568,171853,-1548,26487,1323,-3110,197,-8170,14,3
2658,171875,22456,-1876,-12051,-2246,7537,-844,171875,-3713,15203,-524,1324,884,4512,171896,8301,-30267,127,-2702,1586,6893,171896,-11156,-30361,7290,-636,-320,2448,171875,-1611,27487,1816,-1998,338,-6170,14,3
2659,171897,22456,-1876,-12051,-2246,7537,-844,171897,-3713,15203,-524,1324,884,4512,171918,8301,-30267,127,-2702,1586,6893,171918,-11156,-30348,7290,-636,-320,2448,171897,-1611,27487,1816,-1998,338,-6170,14,3
2660,171919,22456,-1876,-12051,-2436,6836,-874,171919,-3713,15203,-665,972,884,3307,171940,8301,-30684,57,-2702,1586,5297,171940,-11482,-30348,7290,-636,-427,1608,171919,-1612,27487,1816,-1998,-14,-6170,14,3
2661,171941,23456,-1561,-11051,-2436,6138,-876,171941,-2713,15326,-770,708,906,2534,171962,8332,-30997,4,-2240,2199,4139,171962,-11749,-30315,7435,-593,-508,906,171941,-1612,28487,1930,-1303,-932,-4414,14,3
2662,171963,23456,-1561,-11051,-2395,6138,-876,171963,-2713,15326,-770,708,906,2534,171984,9028,-30997,4,-2240,2199,4139,171984,-11749,-30315,7467,-593,-508,906,171963,-1612,28487,2186,-1303,-932,-4414,14,3
2663,171985,23456,-1561,-11051,-2395,5403,-876,171985,-2713,15326,-960,576,696,2216,172006,9028,-31047,-35,-2240,2199,3380,172006,-11949,-30356,7467,-891,-1049,359,171985,-1713,28487,2186,-1303,-1901,-4414,14,3
2664,172007,24456,-1324,-10051,-1996,4828,-667,172007,-2017,15472,-1103,576,21,1987,172028,9297,-31085,-64,-1483,995,2811,172028,-12091,-30463,7438,-1184,-1463,-241,172007,-1844,29449,2451,-852,-3526,-3042,14,3
2665,172029,24456,-1324,-10051,-1943,4828,-667,172029,-2017,15619,-1103,581,21,1987,172050,9297,-31085,-64,-1339,995,2811,172050,-12091,-30463,7438,-1184,-1463,-241,172029,-1844,29449,2451,-852,-3526,-2835,14,3
2666,172051,24456,-1324,-10051,-1943,4396,-667,172051,-2017,15619,-1103,581,-525,1815,172072,9165,-31271,-86,-1339,12,2384,172072,-12198,-30535,7408,-1417,-1720,-717,172051,-1943,29449,2334,-852,-4363,-2835,14,3
2667,172073,25456,-1287,-9051,-1579,4072,-550,172073,-1326,15899,-1000,595,-934,1572,172094,8514,-31521,-102,-739,-724,2032,172094,-12198,-30589,7386,-1607,-1870,-1074,172073,-2017,30074,2246,-567,-4990,-1587,14,3
2668,172095,25456,-1287,-9051,-1557,4072,-550,172095,-1280,15899,-1000,595,-934,1572,172116,8514,-31521,-102,-739,-724,2032,172116,-12090,-30589,7386,-1607,-1870,-1074,172095,-2017,30074,2246,-567,-4990,-1587,14,3
2669,172117,25456,-1407,-9051,-1557,3879,-550,172117,-1280,15899,-1000,595,-934,1253,172138,8025,-31708,-316,-739,-809,1714,172138,-12090,-30599,7369,-1651,-1870,-1172,172117,-2017,30074,2194,-567,-5022,-1587,14,3
2670,172139,26456,-1561,-8051,-1290,3831,-497,172139,-676,16008,-999,504,-795,791,172160,7921,-31835,-477,-417,-809,1328,172160,-11899,-30599,7170,-1663,-1739,-1230,172139,-1840,30581,2155,-305,-5022,-850,14,3
2671,172161,26456,-1561,-8051,-1290,3831,-497,172161,-676,16008,-999,504,-469,791,172182,7921,-31835,-477,-417,-783,1328,172182,-11899,-30599,7170,-1663,-1702,-1230,172161,-1840,30581,2155,-239,-4859,-850,14,3
2672,172183,26456,-1676,-8051,-1290,3818,-526,172183,-676,16008,-1018,436,-469,445,172204,7843,-31835,-535,-417,-783,922,172204,-11899,-30607,6959,-1663,-1702,-1273,172183,-1840,30581,2038,-239,-4859,-850,14,3
2673,172205,27456,-1755,-7051,-1317,3808,-689,172205,-417,16051,-1033,427,-192,282,172226,7700,-31862,-579,-175,-665,572,172226,-11756,-30619,6817,-1501,-1042,-1379,172205,-1698,30979,1906,69,-4172,-312,14,3
2674,172227,27456,-1755,-7051,-1317,3808,-689,172227,-417,16051,-1033,427,-192,282,172248,7700,-31862,-579,-170,-645,572,172248,-11756,-30619,6817,-1386,-1042,-1379,172227,-1684,30997,1906,69,-3863,-312,14,3
2675,172249,27456,-1755,-7051,-1337,3733,-811,172249,-417,16051,-1033,427,-364,282,172270,7531,-31882,-579,-170,-645,311,172270,-11756,-30690,6816,-1386,-1042,-1462,172249,-1684,30997,1849,69,-3863,-312,14,3
2676,172271,28382,-1752,-6051,-1343,3562,-897,172271,-222,16108,-1019,442,-630,315,172292,7404,-31882,-656,-45,-668,115,172292,-11512,-30755,6816,-1092,-921,-1524,172271,-1467,31315,1704,202,-2680,5,14,3
2677,172293,28382,-1712,-6051,-1343,3562,-897,172293,-139,16127,-1019,444,-630,315,172314,7404,-31882,-656,-45,-668,115,172314,-11512,-30755,6838,-1092,-921,-1524,172293,-1373,31315,1704,202,-2680,5,14,3
2678,172315,28382,-1712,-6051,-1343,3427,-897,172315,-139,16127,-1019,444,-759,311,172336,7404,-31885,-656,-45,-696,115,172336,-11512,-30786,6838,-1092,-1139,-1524,172315,-1373,31315,1704,202,-2680,5,14,3
2679,172337,29060,-1636,-5051,-1163,3303,-866,172337,224,16169,-1014,464,-784,277,172358,7411,-31887,-658,20,-910,195,172358,-11357,-30807,6848,-1019,-1459,-1188,172337,-1263,31564,1732,237,-2020,82,14,3
2680,172359,29060,-1636,-5051,-1148,3303,-839,172359,311,16169,-1014,467,-784,277,172380,7539,-31887,-658,20,-910,195,172380,-11357,-30807,6848,-1019,-1459,-1188,172359,-1263,31570,1732,237,-2020,82,14,3
2681,172381,29060,-1636,-5051,-1148,3171,-839,172381,311,16169,-1014,467,-784,245,172402,7539,-31889,-659,20,-1065,193,172402,-11357,-30823,6830,-1019,-1459,-1188,172381,-1263,31570,1732,237,-2020,82,14,3
2682,172403,29587,-1601,-4051,-973,2967,-795,172403,525,16200,-1006,492,-719,207,172424,7666,-31916,-659,69,-1088,26,172424,-11269,-30835,6830,-893,-1236,-1098,172403,-1227,31761,1747,279,-1525,254,14,3
2683,172425,29587,-1601,-4051,-963,2967,-784,172425,525,16206,-1006,492,-708,207,172446,7666,-31916,-640,134,-1088,26,172446,-11269,-30835,6842,-830,-1170,-1098,172425,-1227,31767,1747,279,-1329,299,14,3
2684,172447,29587,-1601,-4051,-963,2741,-784,172447,525,16206,-1006,489,-708,141,172468,7565,-31980,-626,134,-1088,-98,172468,-11269,-30906,6842,-830,-1170,-1098,172447,-1227,31767,1714,279,-1329,299,14,3
2685,172469,29734,-1572,-3051,-723,2542,-699,172469,541,16234,-1062,478,-626,72,172490,7372,-32040,-645,257,-1067,-98,172490,-11175,-30959,6899,-673,-953,-1030,172469,-1182,31925,1689,326,-811,450,14,3
2686,172491,29734,-1572,-3051,-719,2542,-699,172491,541,16234,-1062,478,-547,72,172512,7372,-32040,-645,262,-1067,-73,172512,-11167,-30959,6899,-673,-953,-943,172491,-1142,31925,1689,326,-811,450,14,3
2687,172513,29734,-1572,-3051,-719,2380,-699,172513,541,16234,-1104,465,-547,42,172534,7227,-32085,-659,262,-1067,-73,172534,-11167,-30993,6899,-673,-953,-943,172513,-1142,31925,1689,326,-811,450,14,3
2688,172535,29844,-1603,-2051,-544,2212,-611,172535,630,16257,-1113,443,-418,19,172556,7227,-32085,-670,360,-1047,77,172556,-11091,-31000,6860,-668,-852,-886,172535,-1030,32015,1716,414,-817,533,14,3
2689,172557,29986,-1603,-2051,-544,2212,-611,172557,630,16257,-1113,443,-395,19,172578,7288,-32081,-670,360,-1047,77,172578,-11091,-31000,6860,-668,-852,-886,172557,-1030,32015,1737,421,-817,533,14,3
2690,172579,29986,-1630,-2051,-544,2074,-611,172579,630,16257,-1113,421,-395,2,172600,7288,-32081,-678,360,-1047,77,172600,-11091,-31024,6831,-668,-852,-886,172579,-1030,32015,1737,421,-817,533,14,3
2691,172601,30189,-1664,-1051,-465,1930,-545,172601,590,16288,-1107,404,-144,-24,172622,7264,-32114,-678,443,-1022,108,172622,-10994,-31064,6807,-647,-684,-865,172601,-980,32087,1698,496,-703,586,14,3
2692,172623,30189,-1664,-1051,-465,1930,-533,172623,590,16288,-1095,404,-137,-24,172644,7264,-32114,-684,443,-928,108,172644,-10948,-31064,6807,-637,-571,-865,172623,-980,32111,1636,496,-703,595,14,3
2693,172645,30189,-1690,-1051,-465,1812,-533,172645,580,16288,-1095,404,-137,-43,172666,7170,-32139,-716,443,-928,91,172666,-10948,-31094,6797,-637,-571,-865,172645,-980,32111,1635,489,-703,595,14,3
2694,172667,30276,-1727,-51,-433,1698,-474,172667,580,16283,-1094,410,17,-57,172688,7059,-32180,-716,516,-743,38,172688,-10850,-31130,6789,-573,-480,-828,172667,-929,32159,1560,439,-629,615,14,3
2695,172689,30276,-1727,-51,-433,1698,-474,172689,633,16283,-1094,410,17,-57,172710,7059,-32180,-679,516,-736,38,172710,-10850,-31130,6789,-573,-480,-741,172689,-869,32173,1560,439,-629,615,14,3
2696,172711,30276,-1727,-51,-433,1599,-495,172711,633,16283,-1102,410,17,-68,172732,6982,-32180,-679,516,-736,-25,172732,-10850,-31130,6783,-573,-480,-741,172711,-869,32173,1520,395,-629,593,14,3
2697,172733,30297,-1685,949,-436,1539,-510,172733,640,16284,-1125,403,118,-80,172754,6982,-32168,-729,529,-348,-96,172754,-10755,-31123,6779,-496,-322,-648,172733,-779,32193,1398,305,-609,523,14,3
2698,172755,30297,-1685,949,-436,1539,-510,172755,640,16284,-1125,403,118,-80,172776,6994,-32168,-729,529,-348,-96,172776,-10755,-31123,6779,-479,-305,-648,172755,-761,32193,1398,305,-548,523,14,3
2699,172777,30293,-1685,949,-494,1511,-543,172777,620,16278,-1125,397,118,-89,172798,6994,-32168,-766,529,-348,-165,172798,-10755,-31123,6776,-479,-305,-648,172777,-761,32193,1340,211,-548,468,14,3
2700,172799,30244,-1675,1949,-600,1494,-596,172799,605,16273,-1129,394,111,-113,172820,7003,-32159,-766,514,-104,-246,172820,-10586,-31134,6760,-394,-162,-552,172799,-684,32196,1243,124,-303,372,14,3
2701,172821,30244,-1675,1949,-600,1494,-596,172821,605,16273,-1129,394,111,-113,172842,7017,-32151,-746,514,-104,-246,172842,-10586,-31134,6760,-392,-130,-512,172821,-682,32196,1243,124,-280,372,14,3
2702,172843,30193,-1675,1949,-720,1490,-663,172843,605,16271,-1132,393,69,-131,172864,7017,-32145,-746,503,-104,-329,172864,-10586,-31170,6760,-392,-130,-512,172843,-682,32196,1224,0,-280,274,14,3
2703,172865,30139,-1668,2949,-810,1487,-713,172865,629,16269,-1153,393,4,-135,172886,7055,-32145,-731,481,313,-391,172886,-10469,-31177,6778,-280,-16,-343,172865,-625,32199,1224,-153,27,166,14,3
2704,172887,30139,-1654,2949,-810,1487,-713,172887,629,16269,-1153,401,4,-135,172908,7113,-32112,-731,481,313,-391,172908,-10469,-31177,6778,-248,-16,-309,172887,-625,32233,1244,-153,27,166,14,3
2705,172909,30092,-1654,2949,-861,1416,-713,172909,629,16269,-1169,401,-75,-135,172930,7113,-32112,-731,464,313,-391,172930,-10469,-31177,6778,-248,-16,-309,172909,-632,32233,1244,-227,27,85,14,3
2706,172931,30057,-1638,3949,-899,1336,-692,172931,636,16269,-1181,411,-134,-112,172952,7271,-32087,-690,464,353,-345,172952,-10519,-31172,6803,-109,39,-110,172931,-720,32280,1269,-236,207,32,14,3
2707,172953,30057,-1638,3949,-899,1336,-692,172953,636,16269,-1181,432,-134,-74,172974,7271,-32087,-690,476,353,-342,172974,-10519,-31172,6803,-109,39,-110,172953,-720,32284,1303,-236,207,32,14,3
2708,172975,30057,-1638,3949,-916,1253,-692,172975,636,16269,-1188,432,-135,-74,172996,7271,-32087,-690,476,353,-342,172996,-10557,-31172,6803,-109,39,-110,172975,-786,32284,1303,-236,207,32,14,3
2709,172997,30071,-1588,4949,-929,1147,-677,172997,620,16283,-1193,463,-135,-14,173018,7293,-32099,-671,485,335,-305,173018,-10567,-31161,6850,-95,72,-104,172997,-835,32317,1347,-225,274,58,14,3
2710,173019,30099,-1588,4949,-929,1147,-677,173019,620,16305,-1193,463,-90,-14,173040,7293,-32099,-671,485,335,-305,173040,-10567,-31161,6850,-95,72,-104,173019,-835,32317,1347,-224,274,76,14,3
2711,173041,30099,-1588,4949,-929,1089,-677,173041,580,16305,-1197,463,-90,-14,173062,7286,-32108,-671,485,322,-305,173062,-10569,-31161,6850,-110,72,-109,173041,-835,32317,1347,-224,274,76,14,3
2712,173063,30096,-1577,5949,-926,1046,-659,173063,550,16313,-1207,466,12,-28,173084,7276,-32114,-657,534,322,-328,173084,-10569,-31142,6885,-122,100,-135,173063,-816,32335,1352,-185,255,122,14,3
2713,173085,30096,-1577,5949,-904,1046,-659,173085,550,16313,-1207,466,19,-28,173106,7276,-32114,-655,534,507,-328,173106,-10526,-31142,6885,-122,119,-135,173085,-796,32335,1352,-185,255,122,14,3
2714,173107,30062,-1608,5949,-904,1013,-671,173107,543,16313,-1214,463,19,-59,173128,7276,-32114,-655,506,507,-390,173128,-10526,-31144,6879,-122,119,-155,173107,-796,32335,1346,-185,255,122,14,3
2715,173129,30002,-1632,6949,-929,960,-696,173129,540,16315,-1227,446,95,-103,173150,7283,-32083,-607,485,762,-436,173150,-10464,-31156,6875,-116,167,-155,173129,-755,32321,1331,-165,288,156,14,3
2716,173151,30002,-1632,6949,-929,960,-696,173151,540,16315,-1227,446,95,-103,173172,7301,-32083,-607,485,762,-436,173172,-10464,-31156,6875,-97,194,-118,173151,-753,32321,1331,-165,293,156,14,3
2717,173173,29957,-1632,6949,-968,908,-721,173173,540,16313,-1231,424,95,-136,173194,7301,-32083,-607,485,762,-440,173194,-10464,-31167,6875,-97,194,-118,173173,-753,32318,1320,-185,293,156,14,3
2718,173195,29938,-1630,7949,-998,832,-740,173195,568,16299,-1234,403,82,-147,173216,7334,-32064,-607,500,883,-443,173216,-10483,-31173,6864,-68,223,-67,173195,-720,32316,1320,-205,321,140,14,3
2719,173217,29938,-1618,7949,-998,832,-740,173217,568,16299,-1234,403,82,-147,173238,7334,-32064,-589,500,883,-443,173238,-10483,-31173,6864,-43,224,-67,173217,-720,32316,1340,-205,339,140,14,3
2720,173239,29938,-1618,7949,-998,765,-754,173239,568,16299,-1234,391,72,-147,173260,7334,-32064,-589,482,883,-446,173260,-10508,-31173,6864,-43,224,-67,173239,-732,32299,1340,-239,339,128,14,3
2721,173261,29945,-1611,8949,-988,690,-762,173261,562,16309,-1229,385,71,-131,173282,7408,-32049,-575,462,964,-448,173282,-10526,-31159,6890,0,247,-31,173261,-747,32286,1349,-259,363,119,14,3
2722,173283,29945,-1611,8949,-987,690,-762,173283,562,16309,-1227,385,71,-131,173304,7408,-32049,-515,462,964,-448,173304,-10526,-31159,6890,2,247,-31,173283,-747,32286,1357,-259,363,119,14,3
2723,173305,29945,-1611,8949,-987,626,-768,173305,553,16309,-1227,380,71,-131,173326,7408,-32049,-515,443,964,-450,173326,-10530,-31159,6890,2,247,-31,173305,-756,32286,1357,-274,363,106,14,3
2724,173327,29899,-1564,9949,-975,578,-768,173327,540,16313,-1230,373,78,-128,173348,7464,-32058,-460,429,1025,-450,173348,-10535,-31149,6909,40,258,-5,173327,-773,32328,1397,-289,356,94,14,3
2725,173349,29899,-1564,9949,-975,578,-750,173349,540,16313,-1230,373,86,-128,173370,7496,-32058,-460,429,1025,-445,173370,-10535,-31149,6909,40,258,-5,173349,-773,32328,1397,-289,356,94,14,3
2726,173371,29866,-1564,9949,-985,569,-750,173371,531,16313,-1232,368,86,-128,173392,7496,-32065,-463,429,1025,-445,173392,-10539,-31149,6901,40,258,-5,173371,-785,32328,1397,-321,338,85,14,3
2727,173393,29851,-1533,10949,-1046,563,-721,173393,515,16308,-1236,368,123,-126,173414,7562,-32070,-479,437,1028,-445,173414,-10542,-31145,6895,59,309,2,173393,-800,32322,1423,-372,325,33,14,3
2728,173415,29851,-1533,10949,-1046,563,-721,173415,515,16308,-1236,370,123,-125,173436,7576,-32070,-479,443,1028,-439,173436,-10542,-31145,6895,59,311,11,173415,-800,32322,1423,-372,325,33,14,3
2729,173437,29850,-1533,10949,-1117,558,-721,173437,503,16303,-1241,370,123,-125,173458,7576,-32074,-479,443,1028,-439,173458,-10544,-31145,6895,59,311,11,173437,-810,32317,1423,-416,325,-10,14,3
2730,173459,29839,-1539,11949,-1170,527,-721,173459,498,16300,-1252,382,139,-119,173480,7638,-32074,-483,438,1078,-434,173480,-10553,-31132,6935,67,372,20,173459,-833,32317,1449,-452,388,-41,14,3
2731,173481,29839,-1539,11949,-1170,527,-721,173481,498,16300,-1252,382,139,-119,173502,7638,-32065,-483,438,1078,-421,173502,-10553,-31116,6935,67,372,23,173481,-833,32319,1467,-452,393,-41,14,3
2732,173503,29827,-1544,11949,-1187,504,-721,173503,495,16297,-1261,382,139,-119,173524,7638,-32065,-483,438,1058,-421,173524,-10560,-31116,6935,67,372,23,173503,-860,32319,1467,-478,393,-64,14,3
2733,173525,29804,-1544,12835,-1197,487,-720,173525,493,16295,-1269,395,156,-114,174726,7684,-32040,-482,444,1043,-407,174726,-10583,-31095,6965,73,405,38,173525,-883,32321,1524,-494,471,-71,15,3
2734,174727,29804,-1542,12835,-1197,487,-715,174727,493,16295,-1269,395,156,-114,174748,7684,-32036,-482,451,1043,-382,174748,-10583,-31095,6965,73,405,38,174727,-883,32321,1524,-494,471,-71,15,3
2735,174749,29789,-1542,12835,-1197,475,-715,174749,491,16294,-1277,395,156,-114,174770,7684,-32036,-482,451,1036,-382,174770,-10601,-31095,6965,72,399,38,174749,-912,32321,1524,-494,471,-71,15,3
2736,174771,29784,-1538,13504,-1186,445,-682,174771,461,16291,-1322,393,182,-110,174792,7747,-32016,-445,453,1036,-342,174792,-10682,-31049,7051,10,356,10,174771,-1062,32314,1567,-459,326,-68,15,3
2737,174793,29784,-1538,13526,-1177,445,-682,174793,461,16291,-1322,393,196,-95,174814,7763,-32016,-445,453,1055,-342,174814,-10682,-31035,7067,10,356,10,174793,-1062,32314,1651,-456,326,32,15,3
2738,174815,29780,-1569,13526,-1177,418,-682,174815,439,16287,-1364,391,196,-95,174836,7763,-32016,-445,453,1055,-342,174836,-10747,-31035,7067,-62,302,-10,174815,-1186,32309,1651,-456,189,32,15,3
2739,174837,29777,-1604,14032,-1160,394,-709,174837,428,16283,-1395,385,227,-82,174858,7872,-31999,-413,412,1115,-318,174858,-10814,-30980,7168,-125,264,-36,174837,-1289,32307,1760,-393,74,110,15,3
2740,174859,29777,-1604,14032,-1153,394,-709,174859,428,16283,-1395,385,227,-82,174880,7872,-31997,-413,412,1115,-318,174880,-10814,-30980,7168,-125,264,-36,174859,-1289,32307,1760,-381,74,110,15,3
2741,174881,29777,-1621,14032,-1153,375,-729,174881,420,16281,-1401,376,227,-82,174902,7872,-31997,-413,412,1115,-318,174902,-10852,-30980,7168,-172,235,-63,174881,-1362,32307,1760,-381,-12,110,15,3
2742,174903,29777,-1633,14386,-1129,331,-729,174903,414,16280,-1401,365,260,-75,174924,7930,-31967,-359,414,1054,-275,174924,-10886,-30951,7224,-196,214,-83,174903,-1421,32318,1850,-324,-79,171,15,3
2743,174925,29777,-1633,14386,-1129,331,-729,174925,414,16280,-1397,365,260,-75,174946,7930,-31967,-345,414,1054,-268,174946,-10886,-30951,7224,-196,214,-83,174925,-1421,32318,1850,-298,-79,189,15,3
2744,174947,29777,-1642,14386,-1129,297,-729,174947,410,16280,-1397,349,260,-75,174968,7930,-31967,-345,414,1008,-268,174968,-10910,-30951,7224,-204,214,-83,174947,-1421,32318,1850,-298,-79,189,15,3
2745,174969,29755,-1715,14651,-1111,272,-720,174969,410,16281,-1384,337,279,-70,174990,7943,-31955,-308,421,985,-222,174990,-10930,-30931,7258,-204,253,-73,174969,-1439,32328,1935,-246,-39,218,15,3
2746,174991,29755,-1715,14651,-1111,272,-720,174991,414,16281,-1383,337,279,-70,175012,7943,-31955,-308,421,985,-222,175012,-10930,-30931,7258,-204,253,-73,174991,-1439,32328,1935,-246,89,218,15,3
2747,175013,29755,-1760,14651,-1111,253,-738,175013,414,16281,-1383,329,279,-70,175034,7943,-31955,-308,401,985,-222,175034,-10967,-30931,7258,-204,253,-77,175013,-1439,32328,1935,-246,89,218,15,3
2748,175035,29750,-1794,14872,-1122,246,-753,175035,394,16285,-1371,325,297,-54,175056,7953,-31946,-305,386,1020,-188,175056,-10993,-30908,7273,-189,289,-114,175035,-1453,32330,2017,-226,223,198,15,3
2749,175057,29750,-1794,14872,-1122,245,-753,175057,394,16285,-1371,325,300,-53,175078,7969,-31946,-305,386,1020,-188,175078,-10993,-30908,7273,-186,310,-114,175057,-1453,32330,2017,-226,238,198,15,3
2750,175079,29750,-1797,14872,-1131,246,-762,175079,370,16285,-1371,322,300,-53,175100,7969,-31947,-322,386,1020,-188,175100,-11012,-30908,7273,-186,310,-150,175079,-1463,32330,2017,-226,238,180,15,3
2751,175101,29772,-1797,15034,-1178,272,-762,175101,352,16288,-1362,322,314,-34,175122,7991,-31948,-371,418,1002,-185,175122,-11026,-30885,7262,-162,383,-196,175101,-1513,32329,2094,-206,454,151,15,3
2752,175123,29776,-1797,15034,-1178,272,-757,175123,352,16288,-1362,327,314,-25,175144,8045,-31948,-371,460,1002,-185,175144,-11026,-30885,7262,-140,568,-196,175123,-1513,32329,2094,-155,1038,151,15,3
2753,175145,29776,-1797,15034,-1178,272,-757,175145,352,16288,-1362,327,257,-25,175166,8045,-31948,-408,460,989,-214,175166,-11077,-30885,7248,-140,568,-273,175145,-1646,32329,2094,-155,1038,151,15,3
2754,175167,29826,-1759,15163,-1175,283,-727,175167,361,16291,-1353,339,206,-4,175188,8388,-31948,-470,635,979,-332,175188,-11115,-30917,7184,-87,2187,-566,175167,-1746,32332,2058,240,2905,202,15,3
2755,175189,29826,-1759,15207,-1160,283,-727,175189,361,16293,-1347,342,206,-4,175210,8388,-31921,-470,697,979,-332,175210,-11115,-30917,7184,-87,2187,-566,175189,-1746,32332,2058,286,2905,270,15,3
2756,175211,29826,-1759,15207,-1160,248,-727,175211,361,16293,-1347,342,167,-4,175232,8388,-31921,-470,697,475,-443,175232,-11115,-30941,7136,-87,2187,-835,175211,-1746,32332,2003,286,2905,270,15,3
2757,175233,29829,-1789,15343,-1124,217,-737,175233,275,16310,-1317,354,133,-61,175254,8375,-31760,-414,941,97,-707,175254,-11080,-30961,7126,-92,3014,-1074,175233,-1731,32355,1948,610,3596,442,15,3
2758,175255,29829,-1789,15353,-1124,217,-737,175255,275,16310,-1317,360,133,-61,175276,8375,-31760,-414,1035,97,-707,175276,-11052,-30961,7126,-92,3014,-1074,175255,-1721,32355,1948,610,3596,463,15,3
2759,175277,29829,-1833,15353,-1124,161,-754,175277,210,16310,-1329,360,100,-126,175298,8235,-31867,-414,1035,97,-971,175298,-11052,-30961,7118,-148,3014,-1254,175277,-1721,32355,1877,610,3596,463,15,3
2760,175299,29890,-1844,15542,-1092,11,-794,175299,181,16316,-1344,375,83,-175,175320,8066,-31926,-294,1288,556,-1238,175320,-11098,-30958,7048,-246,3278,-1421,175299,-1692,32372,1809,828,3366,657,15,3
2761,175321,29958,-1844,15542,-1050,11,-794,175321,181,16316,-1344,399,83,-175,175342,8066,-31926,-294,1288,869,-1238,175342,-11098,-30958,7048,-246,3278,-1421,175321,-1692,32385,1809,828,3366,676,15,3
2762,175343,29958,-1844,15542,-1050,-258,-833,175343,181,16316,-1344,399,83,-229,175364,8066,-31926,-294,1288,869,-1473,175364,-11133,-30958,6990,-384,3278,-1647,175343,-1692,32400,1736,828,3096,676,15,3
2763,175365,30240,-1707,15538,-981,-871,-912,175365,240,16319,-1332,411,372,-392,175386,8169,-31732,-292,1213,1728,-1954,175386,-11133,-30956,6814,-498,3372,-2281,175365,-1671,32406,1662,1003,2818,959,15,3
2764,175387,30258,-1707,15538,-981,-871,-912,175387,240,16344,-1301,411,372,-392,175408,8369,-31726,-292,1213,1747,-1954,175408,-11121,-30956,6814,-498,3372,-2281,175387,-1671,32418,1662,1033,2818,1112,15,3
2765,175409,30258,-1707,15515,-981,-1495,-1010,175409,240,16347,-1301,394,372,-551,175430,8369,-31726,-317,1109,1747,-2567,175430,-11121,-30971,6682,-585,3372,-2968,175409,-1721,32418,1606,1033,2560,1112,15,3
2766,175431,30507,-1518,15210,-954,-2401,-1083,175431,209,16362,-1224,230,589,-792,175452,8677,-31470,-437,985,2435,-3694,175452,-11130,-31028,6511,-667,3011,-3891,175431,-1794,32431,1576,1363,2316,1786,15,3
2767,175453,30507,-1518,15210,-954,-2401,-1083,175453,209,16371,-1215,230,589,-792,175474,8693,-31446,-437,985,2533,-3694,175474,-11130,-31028,6511,-667,3011,-3891,175453,-1794,32431,1576,1382,2316,1973,15,3
2768,175475,30507,-1518,14867,-954,-3447,-1083,175475,186,16371,-1215,4,589,-1066,175496,8693,-31446,-587,838,2533,-4999,175496,-11213,-31071,6313,-729,2087,-4972,175475,-1849,32431,1430,1382,1981,1973,15,3
2769,175497,30138,-1220,13867,-842,-5301,-927,175497,143,16366,-1068,-382,734,-1606,175518,9364,-30864,-934,783,3123,-6999,175518,-11293,-31211,6032,-775,987,-6972,175497,-1904,32465,1178,1740,1371,3474,15,3
2770,175519,30138,-1044,13867,-770,-5301,-927,175519,143,16366,-1057,-382,734,-1606,175540,9693,-30446,-934,783,3123,-6999,175540,-11293,-31211,6032,-775,987,-6972,175519,-1904,32465,1178,1779,1371,3973,15,3
2771,175541,29143,-1044,12867,-770,-7301,-927,175541,42,16357,-1057,-753,734,-2256,175562,9693,-30446,-960,783,3103,-8999,175562,-11293,-31316,5886,-775,162,-8972,175541,-1904,32099,989,1779,897,3973,15,3
2772,175563,28397,-769,11867,-388,-9301,-972,175563,-195,16064,-709,-1264,735,-3466,175584,10606,-29446,-960,2082,1103,-10999,175584,-10391,-31395,5886,-133,-910,-10972,175563,-1832,31752,739,2174,569,5973,15,3
2773,175585,28397,-769,11867,-388,-9301,-972,175585,-195,16064,-644,-1264,735,-3466,175606,10606,-29446,-816,2459,1103,-10999,175606,-10293,-31395,5900,-125,-910,-10972,175585,-1832,31752,739,2186,569,5973,15,3
2774,175607,27397,-769,10867,-388,-11301,-1161,175607,-195,15797,-644,-1672,670,-5222,175628,10606,-29446,-816,2459,-897,-12999,175628,-10293,-31395,5900,-125,-1847,-12159,175607,-1832,31492,542,2186,569,5973,15,3
2775,175629,26397,-648,9867,-220,-13301,-1464,175629,-185,15561,-334,-2118,670,-7222,175650,9658,-29030,-546,3788,-2496,-14999,175650,-9293,-30395,5939,336,-3255,-12852,175629,-832,31297,186,2702,757,7973,15,3
2776,175651,26397,-648,9867,-220,-13301,-1464,175651,118,15561,-230,-2118,719,-7222,175672,9658,-29030,-322,3788,-2496,-14999,175672,-9293,-30395,5939,336,-3255,-12852,175651,-832,31297,186,2702,757,7973,15,3
2777,175673,25397,-648,8867,-220,-15301,-1775,175673,118,15384,-230,-2653,719,-8897,175694,8967,-29030,-322,3788,-2496,-16999,175694,-9293,-30395,5939,336,-3875,-12867,175673,-832,31084,-112,2702,419,7973,15,3
2778,175695,24616,-596,7867,-147,-17301,-2047,175695,24,15242,-159,-3054,1307,-10307,175716,8967,-29008,392,4086,-1684,-18999,175716,-8293,-30290,5944,681,-3875,-12867,175695,168,30925,-344,3029,-38,9701,15,3
2779,175717,24616,-596,7867,-147,-17301,-2047,175717,24,15242,-159,-3054,1785,-10307,175738,9081,-29008,392,4086,-1684,-18999,175738,-8293,-30290,5944,834,-3717,-12676,175717,168,30925,-344,3029,-38,9701,15,3
2780,175739,24616,-605,6867,-147,-19301,-2251,175739,-518,15242,-360,-3152,1785,-11398,175760,9081,-29008,392,4086,-1684,-20998,175760,-8293,-30290,5944,834,-3717,-12676,175739,168,30504,-524,3029,-38,9701,15,3
2781,175761,24758,-969,5867,-148,-21301,-2251,175761,-1518,15285,-511,-3199,2074,-12245,175782,10081,-29072,910,4230,-2748,-22488,175782,-7293,-30211,5962,1325,-2225,-11537,175761,1168,30296,-1183,2936,414,9811,15,3
2782,175783,25046,-969,5867,-148,-21301,-1884,175783,-1518,15285,-511,-3199,2074,-12245,175804,10081,-29072,910,4230,-2748,-22488,175804,-7293,-30211,6088,1342,-2225,-10902,175783,1168,30296,-1183,2936,786,9811,15,3
2783,175805,25046,-1076,4867,-239,-22962,-1884,175805,-2346,15285,-511,-3199,1833,-12418,175826,10081,-29072,910,4179,-4285,-22846,175826,-7293,-30211,6088,1342,-2225,-10902,175805,1168,30140,-1705,2495,786,9241,15,3
2784,175827,24046,-1076,4020,-239,-24115,-1441,175827,-3346,14958,-422,-3140,626,-12418,175848,11081,-28482,1346,3428,-4909,-22846,175848,-6293,-29211,6494,1739,-232,-8902,175827,2168,30140,-2068,1615,1936,7875,15,3
2785,175849,24046,-933,4020,-238,-24115,-1441,175849,-3346,14958,-278,-3140,626,-12208,175870,11081,-28406,1346,3428,-4909,-22747,175870,-6293,-29211,6848,1739,-232,-8902,175849,2168,30140,-2068,1615,1936,7875,15,3
2786,175871,23046,-933,3473,-238,-24980,-1441,175871,-4346,14834,-278,-3140,-279,-12208,175892,11081,-28406,1346,2596,-5182,-22747,175892,-6293,-29211,6848,1739,-232,-8902,175871,2168,30339,-2369,708,1936,6558,15,3
2787,175893,22046,-825,3062,68,-25957,-1108,175893,-5346,14741,-63,-2827,-958,-11405,175914,12081,-27406,825,918,-5348,-21510,175914,-5293,-28211,7192,1720,860,-6902,175893,3168,30102,-2512,-413,1996,5266,15,3
2788,175915,22046,-825,3062,426,-25957,-1040,175915,-5346,14741,81,-2827,-958,-11395,175936,12081,-27406,825,918,-5348,-21461,175936,-5293,-28211,7244,1720,860,-6902,175915,3168,30102,-2512,-413,1996,5266,15,3
2789,175937,21046,-1184,2726,426,-26433,-1040,175937,-6346,14671,81,-2827,-1792,-11395,175958,12081,-27406,770,-767,-5348,-21461,175958,-5293,-28211,7244,1665,860,-6902,175937,3168,30102,-2512,-1722,1881,4297,15,3
2790,175959,20046,-1719,1726,781,-26834,-731,175959,-7346,13686,510,-2750,-2417,-10745,175980,13081,-26406,729,-2664,-5231,-19551,175980,-4307,-27211,7799,1233,558,-5344,175959,4168,30290,-1984,-3229,977,3724,15,3
2791,175981,20046,-1719,1726,781,-26834,-731,175981,-7346,13686,580,-2750,-2417,-10608,176002,13081,-26406,729,-2664,-4798,-19551,176002,-4307,-27211,7799,1233,558,-5344,175981,4168,30290,-1742,-3229,977,3724,15,3
2792,176003,19046,-1967,726,366,-27091,-750,176003,-8346,12801,580,-2750,-2685,-10608,176024,13081,-26406,729,-4328,-4798,-19551,176024,-4307,-27211,7799,796,141,-5344,176003,4168,30290,-1742,-4359,-330,3724,15,3
2793,176025,18046,-1967,-274,-279,-27091,-767,176025,-9346,11928,1079,-3270,-2886,-9786,176046,14081,-25406,960,-5335,-3634,-18305,176046,-3568,-26211,8057,217,-687,-4950,176025,5168,30431,-960,-5073,-1409,3900,15,3
2794,176047,18046,-1743,-274,-279,-26553,-767,176047,-9346,11928,1137,-3270,-2886,-9784,176068,14081,-25406,1362,-5335,-3496,-18305,176068,-3568,-26211,8057,217,-687,-4950,176047,5168,30431,-936,-5073,-1409,3992,15,3
2795,176069,18046,-1743,-1274,-511,-26553,-767,176069,-10346,10928,1137,-4054,-3036,-9784,176090,14081,-25406,1362,-5696,-3496,-18305,176090,-3568,-26211,8057,-217,-1173,-4978,176069,5168,30431,-936,-5073,-2154,3992,15,3
2796,176091,18790,-897,-2274,-511,-25021,-574,176091,-11160,10127,1829,-4642,-3036,-9110,176112,15081,-24406,1519,-5961,-2168,-17371,176112,-2659,-27211,8174,-583,-1173,-5120,176091,6168,30231,-274,-5048,-2443,4391,15,3
2797,176113,18790,-897,-2274,-333,-24835,-251,176113,-11160,10127,1914,-4642,-2987,-9041,176134,15081,-24406,1519,-5961,-2168,-17325,176134,-2568,-27211,8174,-583,-838,-5120,176113,6168,30231,-274,-4688,-2443,4453,15,3
2798,176135,18790,-897,-3274,-333,-24835,-251,176135,-11623,9642,1914,-4868,-2987,-9041,176156,15081,-24406,1477,-5961,-2168,-17325,176156,-2568,-28211,7948,-857,-838,-5267,176135,6168,30075,-274,-4688,-2443,4453,15,3
2799,176157,19790,-1314,-4274,-625,-22835,110,176157,-11970,9336,2606,-4903,-2951,-8359,176178,14081,-23406,1065,-5866,-1045,-15773,176178,-1568,-29112,7777,-1082,-340,-5339,176157,7168,29964,114,-3991,-2430,4737,15,3
2800,176179,19790,-1314,-4274,-625,-22835,110,176179,-11970,9336,2668,-4903,-2951,-8275,176200,14081,-23406,1065,-5773,-1045,-15662,176200,-1568,-29112,7777,-1082,-340,-5339,176179,7168,29964,114,-3806,-1818,4737,15,3
2801,176201,19790,-1437,-5274,-1060,-22835,110,176201,-12231,9136,2668,-4903,-2951,-8275,176222,13081,-23406,220,-5773,-1045,-15662,176222,-1568,-29452,7648,-1251,-340,-5393,176201,7168,29875,114,-3806,-1818,4737,15,3
2802,176223,20790,-1529,-6274,-1453,-20835,345,176223,-12500,9018,3445,-4732,-2837,-7525,176244,12081,-22406,-527,-5057,-196,-13996,176244,-749,-29452,7648,-1359,71,-5393,176223,8168,29664,265,-2933,-1154,4555,15,3
2803,176245,20790,-1529,-6274,-1453,-20835,345,176245,-12500,9018,3529,-4676,-2746,-7427,176266,12081,-22406,-527,-4978,-196,-13662,176266,-723,-28452,7706,-1359,343,-5212,176245,8168,29664,265,-2933,-1154,4555,15,3
2804,176267,20790,-1598,-7274,-1956,-20835,345,176267,-12734,9002,3529,-4676,-2746,-7427,176288,11081,-22406,-1175,-4978,-196,-13662,176288,-723,-28452,7706,-1440,343,-5212,176267,8168,29664,265,-2933,-1154,4249,15,3
2805,176289,21790,-1650,-8274,-2425,-18835,261,176289,-12996,8990,4328,-3956,-2447,-6414,176310,10081,-21406,-1661,-3988,614,-11662,176310,244,-27452,7749,-1501,639,-5063,176289,9168,29634,328,-2455,-780,3950,15,3
2806,176311,21790,-1650,-8274,-2425,-18835,261,176311,-12996,8990,4376,-3785,-2423,-6263,176332,10081,-21406,-1661,-3988,614,-11662,176332,244,-27452,7749,-1501,639,-4871,176311,9168,29634,488,-2455,-780,3950,15,3
2807,176333,21790,-1650,-9274,-2651,-18835,198,176333,-13192,8990,4376,-3785,-2423,-6263,176354,9081,-21406,-1799,-3988,614,-11662,176354,244,-27452,7749,-1625,639,-4871,176333,9168,29611,488,-2455,-780,3722,15,3
2808,176355,22790,-1169,-10274,-2651,-16835,198,176355,-13306,9000,5197,-2906,-2103,-5136,176376,8081,-20406,-1903,-3190,1221,-9662,176376,1119,-26452,7501,-1750,790,-4437,176355,10168,29564,656,-2096,-1098,3351,15,3
2809,176377,22790,-1169,-10274,-2591,-16835,251,176377,-13306,9075,5205,-2773,-2032,-5028,176398,8081,-20406,-1903,-2999,1221,-9662,176398,1119,-26452,7501,-1750,790,-4225,176377,10168,29564,720,-2003,-1098,3351,15,3
2810,176399,22790,-1169,-11274,-2591,-16835,251,176399,-13357,9075,5205,-2773,-2032,-5028,176420,7081,-20406,-2105,-2999,1221,-9662,176420,1119,-27452,7315,-1750,790,-4225,176399,10168,29529,720,-2003,-1098,2941,15,3
2811,176421,23412,-1158,-12274,-2484,-14835,296,176421,-13357,9273,5819,-1808,-1634,-3854,176442,7081,-19406,-2256,-2066,1354,-7662,176442,1873,-28452,7108,-1723,659,-3314,176421,10994,29430,718,-1646,-920,2432,15,3
2812,176443,23412,-1158,-12274,-2484,-14835,296,176443,-13306,9273,5819,-1808,-1634,-3728,176464,8081,-19406,-2256,-1988,1354,-7662,176464,1873,-28452,7108,-1622,659,-3138,176443,10994,29430,718,-1646,-908,2432,15,3
2813,176465,23412,-1166,-13274,-2484,-14835,170,176465,-13306,9273,5819,-1808,-1634,-3728,176486,8081,-19406,-2256,-1988,1354,-7662,176486,1873,-29411,7027,-1622,507,-3138,176465,10994,29248,634,-1646,-908,2047,15,3
2814,176487,23147,-1172,-14274,-2316,-12835,-71,176487,-13057,9337,6204,-1126,-1470,-2545,176508,9081,-18406,-2212,-1473,1315,-5662,176508,2245,-30116,7018,-1279,264,-2126,176487,11567,29112,569,-1602,-315,1492,15,3
2815,176509,23147,-1172,-14274,-2316,-12835,-71,176509,-12954,9337,6204,-1126,-1470,-2475,176530,9081,-18406,-2200,-1473,1315,-5662,176530,2245,-30116,7018,-1279,264,-2126,176509,11567,29112,569,-1602,-315,1492,15,3
2816,176531,22774,-1172,-15274,-2316,-12835,-251,176531,-12954,9233,6204,-1126,-1470,-2475,176552,9081,-18406,-2200,-1473,1196,-5662,176552,2245,-30623,6959,-1279,77,-2126,176531,11567,29112,569,-1602,-315,1057,15,3
2817,176553,22134,-1152,-16274,-2124,-10835,-368,176553,-12596,9093,6371,-679,-1255,-1544,176574,10081,-17406,-1952,-1167,1107,-4160,176574,2456,-31003,6819,-1077,-110,-1339,176553,11979,29224,626,-1599,-267,731,15,3
2818,176575,22134,-1140,-16274,-2061,-10835,-368,176575,-12591,9093,6371,-679,-1255,-1544,176596,10081,-17406,-1900,-1167,1107,-4160,176596,2456,-31003,6819,-1077,-110,-1337,176575,11979,29224,910,-1599,-267,731,15,3
2819,176597,21654,-1140,-17274,-2061,-10835,-456,176597,-12591,8971,6371,-679,-1255,-1544,176618,10081,-17406,-1900,-1167,1107,-4160,176618,2456,-31356,6714,-1077,-203,-1337,176597,11979,29224,910,-1599,-377,521,15,3
2820,176619,21380,-1116,-18253,-1728,-8835,-561,176619,-12152,8874,6496,-376,-1059,-1094,176640,11081,-16406,-1597,-725,1127,-3473,176640,2614,-31621,6635,-888,-218,-730,176619,12256,29304,988,-1417,-480,364,15,3
2821,176641,21380,-1116,-18253,-1698,-8835,-561,176641,-12152,8874,6501,-376,-1009,-1094,176662,11081,-16406,-1531,-671,1134,-3473,176662,2614,-31621,6635,-767,-218,-716,176641,12288,29304,1079,-1325,-480,364,15,3
2822,176663,21380,-1116,-18993,-1698,-8835,-688,176663,-12152,8802,6501,-376,-1009,-1094,176684,11081,-16406,-1531,-671,1134,-3473,176684,2614,-31729,6584,-767,-218,-716,176663,12288,29100,1106,-1325,-480,195,15,3
2823,176685,21647,-1056,-19993,-1412,-6835,-798,176685,-11870,8748,6615,-147,-473,-973,176706,10081,-15406,-1250,83,1337,-2957,176706,2562,-31729,6584,-641,-72,-219,176685,12572,29100,1147,-1013,-224,-56,15,3
2824,176707,22181,-1056,-19993,-1399,-6835,-798,176707,-11870,8748,6617,-147,-404,-973,176728,10081,-15406,-1084,207,1421,-2848,176728,2562,-30729,6700,-641,-50,-193,176707,12572,29211,1167,-901,-124,-56,15,3
2825,176729,22181,-1056,-20850,-1399,-6835,-798,176729,-11870,8718,6617,-147,-404,-973,176750,9081,-15406,-1084,207,1421,-2848,176750,2562,-30729,6700,-641,-50,-193,176729,12572,29211,1167,-901,-124,-371,15,3
2826,176751,23181,-1005,-21831,-784,-4835,-680,176751,-12200,8718,6704,137,278,-890,176772,8081,-14406,-749,1236,1772,-1895,176772,2765,-29729,6483,-564,281,244,176751,12703,29322,1179,-285,247,-683,15,3
2827,176773,23181,-1005,-21831,-613,-4835,-680,176773,-12200,8736,6704,352,418,-890,176794,8081,-14406,-749,1236,1772,-1569,176794,2781,-29729,6483,-546,281,389,176773,12703,29362,1179,-41,280,-683,15,3
2828,176795,23181,-1005,-22657,-613,-4835,-680,176795,-12534,8736,6704,352,418,-890,176816,7081,-14406,-749,1236,1772,-1569,176816,2781,-29729,6320,-546,281,389,176795,12703,29362,1179,-41,280,-975,15,3
2829,176817,24181,-1079,-23418,174,-2835,-715,176817,-12921,8837,6814,1043,1178,-660,176838,6081,-13446,-429,1966,1823,254,176838,2850,-28729,6310,4,599,1191,176817,12737,29435,1184,717,1057,-1553,15,3
2830,176839,24181,-1079,-23418,186,-2835,-715,176839,-12921,8888,6814,1111,1225,-498,176860,6081,-13440,-319,1966,1823,431,176860,2850,-28729,6310,249,599,1245,176839,12737,29455,1184,798,1368,-1553,15,3
2831,176861,23181,-1135,-24085,186,-2835,-762,176861,-13253,8888,6814,1111,1225,-498,176882,5081,-13440,-319,1966,1823,431,176882,2703,-28729,6310,249,599,1245,176861,12737,29455,1184,798,1368,-2006,15,3
2832,176883,23181,-1341,-24133,965,-835,-842,176883,-13502,9016,6702,1731,1962,202,176904,4081,-12758,128,2721,1861,2431,176904,2343,-27729,6616,863,1788,1890,176883,12704,29525,1132,1678,2690,-2346,15,3
2833,176905,23181,-1341,-24133,965,-835,-842,176905,-13502,9016,6702,1748,1978,415,176926,4081,-12758,128,2843,1861,2431,176926,2343,-27729,6748,863,1788,1890,176905,12704,29751,1132,1997,2690,-2346,15,3
2834,176927,22181,-1597,-24133,965,-835,-990,176927,-13687,9016,6402,1748,1978,415,176948,4081,-12758,128,2843,1861,2431,176948,2073,-27729,6748,747,1713,1890,176927,12680,29751,1132,1997,2690,-2569,15,3
2835,176949,21181,-1871,-23133,1369,1165,-1192,176949,-13803,9032,5985,2423,2636,1531,176970,5081,-13136,296,4079,2908,4431,176970,1871,-28708,7085,638,1423,2374,176949,12560,29913,1055,3380,2625,-2736,15,3
2836,176971,21181,-1871,-23133,1369,1165,-1192,176971,-13803,9032,5985,2423,2763,1704,176992,5081,-13136,296,4411,2952,4431,176992,1871,-28708,7085,638,1423,2437,176971,12560,29913,1055,3380,2625,-2736,15,3
2837,176993,20181,-2051,-23133,1369,1165,-1414,176993,-13803,9032,5566,2423,2763,1704,177014,5081,-14048,296,4411,2952,4431,177014,1735,-29443,7085,638,1247,2437,176993,12470,29913,819,3380,2625,-2862,15,3
2838,177015,19181,-2212,-22133,1305,3165,-1611,177015,-13652,9310,5119,2800,3457,2946,177036,6081,-15048,654,5153,4378,6431,177036,1533,-30018,7337,733,1115,3205,177015,12378,29913,500,3977,2615,-3268,15,3
2839,177037,19181,-2212,-22133,1305,3165,-1611,177037,-13542,9398,5119,2800,3531,3044,177058,6081,-15048,880,5153,4727,6431,177058,1533,-30018,7337,733,1115,3422,177037,12378,29913,500,3977,2615,-3268,15,3
2840,177059,18181,-2500,-22133,1029,3165,-1770,177059,-13542,9398,4722,2800,3531,3044,177080,6081,-16048,880,5153,4727,6431,177080,1382,-30018,7337,733,1016,3422,177059,12309,29913,-31,3977,2608,-3849,15,3
2841,177081,17181,-2819,-21133,365,5165,-1934,177081,-13273,9926,4207,2863,4401,4303,177102,7081,-17048,1318,3771,6103,8431,177102,950,-29018,7530,608,22,4654,177081,12167,29997,-805,3302,2467,-4776,15,3
2842,177103,17181,-2819,-21133,365,5165,-1934,177103,-13268,10038,4207,2863,4506,4457,177124,7081,-17048,1348,3771,6103,8431,177124,950,-29018,7546,608,22,4817,177103,12167,30137,-805,3302,2467,-4776,15,3
2843,177125,16181,-3058,-21133,-410,5165,-2057,177125,-13268,10038,3679,2863,4506,4457,177146,7081,-18048,1348,2623,6103,8431,177146,626,-29018,7546,178,-958,4817,177125,11863,30137,-1019,2451,1774,-5576,15,3
2844,177147,15181,-3099,-20133,-1101,7165,-2084,177147,-12833,10795,2932,2858,5126,5824,177168,8081,-19048,2187,1042,6791,10431,177168,267,-28018,7771,-673,-1693,6379,177147,11465,30507,-1130,1153,1,-6849,15,3
2845,177169,15181,-3099,-20133,-1101,7165,-2084,177169,-12677,10829,2932,2858,5126,5989,177190,8081,-19048,2187,1042,6791,10431,177190,267,-28018,7771,-673,-1693,6673,177169,11465,30507,-1130,1153,1,-6849,15,3
2846,177191,15181,-3099,-20133,-1626,7165,-2084,177191,-12677,10829,2221,2759,5126,5989,177212,8081,-20048,2187,-295,6652,10431,177212,-177,-28961,7771,-1311,-1693,6673,177191,11228,30507,-1213,144,-1328,-7921,15,3
2847,177213,16181,-2862,-19133,-2096,9165,-2039,177213,-11939,11376,1687,2574,4283,7511,177234,9081,-20704,2562,-1999,6074,12431,177234,-638,-29668,7370,-1311,-1567,8673,177213,10281,30540,-1275,-933,-1977,-9371,15,3
2848,177235,16181,-2702,-19133,-2096,9165,-2009,177235,-11677,11376,1687,2574,4283,7867,177256,9081,-20704,2562,-1999,6074,12431,177256,-638,-29668,7370,-1173,-841,8673,177235,10281,30540,-1275,-933,-1977,-9371,15,3
2849,177257,16181,-2702,-19133,-2448,9165,-2009,177257,-11677,11376,1408,2458,3267,7867,177278,9081,-20868,2562,-3518,5504,12431,177278,-990,-30155,7069,-1173,-841,8673,177257,9292,30540,-1572,-1845,-1977,-11208,15,3
2850,177279,17060,-2404,-18133,-2641,11165,-1892,177279,-10677,11694,1218,2397,2112,9429,177300,10081,-20991,2843,-4726,3628,14431,177300,-1990,-30520,7065,-1168,-359,10673,177279,8365,30599,-1795,-2762,-1555,-12586,15,3
2851,177301,17060,-2404,-18133,-2641,11165,-1821,177301,-10677,11694,1218,2397,2112,9475,177322,10081,-20991,2843,-4726,3628,14431,177322,-1990,-30520,7065,-1168,-359,10673,177301,8365,30599,-1795,-2762,-1112,-12586,15,3
2852,177323,17060,-2404,-18133,-2706,11165,-1821,177323,-10677,11694,1076,2397,1246,9475,177344,10081,-21083,2843,-5688,2221,14431,177344,-2990,-30560,7065,-1312,-359,10673,177323,7365,30599,-1795,-3426,-1112,-13262,15,3
2853,177345,17719,-2181,-17133,-2755,13165,-1838,177345,-9677,11635,933,2408,631,10773,177366,10285,-21572,3682,-6353,1590,16431,177366,-3990,-30560,7370,-1570,-30,11375,177345,6365,30701,-1318,-3740,-1465,-13705,15,3
2854,177367,17807,-2181,-17133,-2755,13165,-1838,177367,-9677,11635,933,2527,631,10773,177388,10285,-21572,3682,-6353,1590,16431,177388,-3990,-30518,7370,-1570,-30,11375,177367,6365,30701,-878,-3740,-1465,-13705,15,3
2855,177389,17807,-2181,-17133,-2883,13165,-1851,177389,-9677,11635,768,2527,340,10773,177410,10285,-21987,3391,-6410,1117,16431,177410,-4990,-30518,7053,-1643,-30,11375,177389,5365,30701,-878,-3976,-2046,-13705,15,3
2856,177411,18807,-2299,-16133,-3186,14559,-1851,177411,-8677,11917,702,3119,122,11521,177432,10438,-22987,2391,-6453,889,16979,177432,-5990,-30486,6645,-1643,175,10541,177411,4365,30815,-284,-4154,-2919,-13411,15,3
2857,177433,18807,-2299,-16133,-3186,14559,-1676,177433,-8677,12313,702,3303,122,11521,177454,10438,-22987,2391,-6453,889,16979,177454,-5990,-30486,6645,-1186,175,10541,177433,4365,30815,-284,-4154,-2919,-13192,15,3
2858,177455,18807,-2299,-16133,-3416,14559,-1676,177455,-8677,12313,702,3303,-41,11521,177476,10438,-23987,1391,-6485,868,16567,177476,-6990,-30486,6645,-1186,175,9249,177455,3365,30815,-284,-4288,-3243,-13192,15,3
2859,177477,17807,-1880,-15133,-3673,14457,-1231,177477,-7677,13179,830,3692,-163,11273,177498,9438,-24987,539,-6590,868,15029,177498,-7990,-30470,6715,-612,-386,7985,177477,2635,30947,161,-4288,-3243,-11833,15,3
2860,177499,17807,-1770,-15133,-3673,14457,-1194,177499,-7677,13312,830,3692,-163,11273,177520,9438,-24987,539,-6590,1287,15029,177520,-7990,-30470,6715,-612,-386,7985,177499,2635,31135,365,-4178,-3101,-11833,15,3
2861,177521,16807,-1770,-15133,-3673,13642,-1194,177521,-7677,13312,830,3692,-163,10733,177542,8438,-25860,216,-6669,1287,13814,177542,-8948,-30470,6715,-612,-874,6867,177521,2088,31135,365,-4178,-3101,-11833,15,3
2862,177543,15807,-1121,-14133,-3638,12232,-542,177543,-6677,14037,343,3326,314,9558,177564,8438,-26799,30,-6669,3117,12647,177564,-9948,-30500,6810,-304,-1173,5994,177543,1442,31375,975,-4096,-3357,-10814,15,3
2863,177565,15807,-1121,-14133,-3636,12232,-542,177565,-6677,14037,343,3326,319,9558,177586,8704,-26799,30,-6632,3117,12647,177586,-9948,-30500,6810,-304,-1173,5994,177565,1442,31375,975,-4096,-3357,-10814,15,3
2864,177587,14807,-1121,-14133,-3636,10942,-542,177587,-6677,14037,-22,2958,319,8490,177608,8704,-27577,30,-6632,3117,10964,177608,-10948,-30500,6810,-304,-1173,4520,177587,442,31375,975,-4096,-3549,-10814,15,3
2865,177609,13807,-1020,-13133,-3469,9431,-354,177609,-5677,14581,-321,2650,585,7563,177630,9704,-28086,288,-5501,1799,8964,177630,-11452,-30523,6975,-82,-632,2649,177609,-558,31453,1699,-3341,-3549,-8814,15,3
2866,177631,13807,-1020,-13133,-3410,9431,-354,177631,-5677,14757,-321,2650,585,7563,177652,9704,-28086,288,-4632,1799,8964,177652,-11452,-30523,6975,-82,-632,2649,177631,-558,31511,1699,-2623,-2920,-8814,15,3
2867,177653,13807,-1020,-13133,-3410,8297,-354,177653,-5677,14757,-545,2349,585,6646,177674,9486,-28086,148,-4632,757,6964,177674,-11452,-30586,6975,-82,-632,1343,177653,-778,31609,1699,-2623,-2920,-8814,15,3
2868,177675,14807,-945,-12133,-3135,7634,-77,177675,-4677,15221,-727,1870,399,5186,177696,8486,-27086,-852,-3136,-24,5204,177696,-11132,-30633,7095,-393,-1481,876,177675,-943,31609,1744,-1539,-2602,-6814,15,3
2869,177697,14807,-935,-12133,-2920,7634,-41,177697,-4677,15221,-727,1870,399,5186,177718,8486,-27086,-852,-3136,-24,5204,177718,-11132,-30633,7095,-393,-1481,876,177697,-943,31682,1744,-1539,-2602,-6814,15,3
2870,177719,14807,-935,-12133,-2920,7138,-41,177719,-4677,15221,-876,1387,260,3968,177740,8424,-28086,-977,-3136,-24,4027,177740,-11132,-30668,7095,-626,-2118,526,177719,-1049,31682,1736,-1539,-2602,-6814,15,3
2871,177741,15807,-985,-11133,-2147,6766,-12,177741,-3677,15449,-1058,1025,260,3028,177762,8424,-28974,-1070,-2147,401,3144,177762,-11146,-30668,7145,-794,-2197,252,177741,-1178,31737,1736,-928,-2474,-4923,15,3
2872,177763,15807,-985,-11133,-2110,6766,-12,177763,-3677,15449,-1058,1025,525,3028,177784,9058,-28974,-1070,-2147,401,3144,177784,-11146,-30668,7145,-794,-2197,252,177763,-1178,31837,1736,-928,-2474,-4923,15,3
2873,177785,15807,-1054,-11133,-2110,6281,-144,177785,-3677,15449,-1202,896,525,2331,177806,9058,-29640,-1140,-2147,-79,2619,177806,-11146,-30747,7106,-853,-2197,41,177785,-1331,31837,1714,-928,-2474,-4923,15,3
2874,177807,16807,-1220,-10133,-1501,5872,-298,177807,-2680,15600,-1302,813,741,1830,177828,8969,-30221,-1395,-1447,-1029,2225,177828,-10975,-30752,7053,-883,-1827,-309,177807,-1458,31971,1671,-563,-2264,-3504,15,3
2875,177829,16807,-1220,-10133,-1501,5872,-298,177829,-2680,15620,-1302,813,741,1830,177850,8969,-30221,-1395,-1447,-1029,2225,177850,-10975,-30752,7053,-883,-1619,-309,177829,-1458,31971,1671,-563,-1867,-3349,15,3
2876,177851,16807,-1337,-10133,-1501,5496,-421,177851,-2680,15620,-1302,796,554,1527,177872,8301,-30699,-1576,-1447,-1108,1726,177872,-10975,-30756,6989,-905,-1619,-571,177851,-1541,31971,1665,-563,-1867,-3349,15,3
2877,177873,17807,-1424,-9133,-996,4956,-538,177873,-1921,15807,-1287,783,247,1300,177894,7656,-31122,-1712,-807,-1108,1158,177894,-10837,-30825,6919,-922,-1355,-671,177873,-1541,31998,1660,-241,-1319,-2067,15,3
2878,177895,17807,-1424,-9133,-944,4956,-538,177895,-1715,15816,-1269,783,247,1300,177916,7656,-31122,-1712,-807,-688,1158,177916,-10793,-30825,6919,-922,-1355,-671,177895,-1407,31998,1660,-241,-1319,-2067,15,3
2879,177917,17807,-1490,-9133,-944,4551,-626,177917,-1715,15816,-1269,690,243,940,177938,7480,-31407,-1814,-807,-688,769,177938,-10793,-30876,6859,-924,-1390,-671,177917,-1407,31998,1657,-241,-1319,-2067,15,3
2880,177939,18807,-1667,-8133,-607,4260,-723,177939,-857,15926,-1257,584,243,592,177960,7480,-31535,-1890,-182,-477,557,177960,-10824,-30876,6814,-924,-1416,-517,177939,-1307,32018,1600,-266,-1197,-1331,15,3
2881,177961,18807,-1667,-8133,-607,4260,-723,177961,-857,15926,-1262,584,426,592,177982,7480,-31535,-1890,-182,-477,557,177982,-10847,-30829,6814,-909,-1416,-517,177961,-1307,32018,1600,-266,-1197,-1331,15,3
2882,177983,18807,-1800,-8133,-607,4042,-839,177983,-857,15926,-1279,536,426,378,178004,7480,-31591,-1890,-182,-477,398,178004,-10847,-30829,6780,-909,-1416,-517,177983,-1307,32018,1600,-294,-1197,-1331,15,3
2883,178005,19807,-1894,-7133,-556,3814,-1015,178005,-616,15996,-1296,505,502,260,178026,7480,-31673,-1569,-171,-404,199,178026,-10865,-30795,6739,-760,-883,-531,178005,-1292,32033,1642,-306,-1017,-881,15,3
2884,178027,19807,-1894,-7133,-556,3814,-1015,178027,-616,15996,-1296,505,502,260,178048,7492,-31673,-1569,-171,-404,199,178048,-10865,-30795,6739,-711,-723,-531,178027,-1292,32033,1642,-306,-980,-881,15,3
2885,178049,19807,-1964,-7133,-650,3530,-1165,178049,-616,15996,-1308,481,387,188,178070,7492,-31768,-1569,-171,-404,-43,178070,-10865,-30834,6708,-711,-723,-699,178049,-1377,32033,1642,-306,-980,-881,15,3
2886,178071,20807,-2017,-6133,-841,3174,-1279,178071,-436,16078,-1308,456,-170,134,178092,7425,-31911,-1338,82,24,-228,178092,-10774,-30917,6708,-364,227,-825,178071,-1440,32126,1723,-274,-66,-624,15,3
2887,178093,20807,-2017,-6133,-841,3174,-1279,178093,-369,16087,-1302,456,-170,134,178114,7425,-31911,-1338,82,24,-228,178114,-10774,-30917,6735,-364,227,-825,178093,-1440,32126,1729,-274,397,-624,15,3
2888,178115,20807,-2017,-6133,-989,2898,-1346,178115,-369,16087,-1302,415,-588,70,178136,7425,-31953,-1338,82,24,-270,178136,-10774,-30981,6735,-364,227,-825,178115,-1440,32126,1729,-274,397,-624,15,3
2889,178137,21807,-1972,-5133,-1095,2638,-1355,178137,-73,16139,-1336,385,-588,-21,178158,7451,-31962,-1057,142,277,-270,178158,-10768,-31029,6857,-503,-661,-657,178137,-1386,32164,1804,-275,1816,-587,15,3
2890,178159,21807,-1954,-5133,-1095,2638,-1355,178159,-73,16139,-1336,385,-569,-21,178180,7547,-31962,-1057,142,277,-218,178180,-10768,-31029,6857,-503,-661,-552,178159,-1386,32164,1834,-275,1816,-587,15,3
2891,178181,21807,-1954,-5133,-1116,2424,-1355,178181,-73,16139,-1361,385,-569,-50,178202,7547,-31963,-1057,142,277,-218,178202,-10779,-31045,6857,-608,-1327,-552,178181,-1413,32164,1834,-275,1816,-587,15,3
2892,178203,22807,-1843,-4133,-1116,2250,-1259,178203,43,16171,-1377,411,-466,-50,178224,7956,-31964,-850,292,147,-58,178224,-10788,-31057,6870,-666,-1782,-402,178203,-1463,32193,1891,-185,803,-510,15,3
2893,178225,22807,-1843,-4133,-1056,2250,-1160,178225,43,16178,-1377,411,-430,-33,178246,7956,-31964,-850,323,147,-36,178246,-10788,-31057,6870,-666,-1782,-402,178225,-1463,32225,1939,-185,803,-251,15,3
2894,178247,22807,-1843,-4133,-1056,2050,-1160,178247,43,16178,-1377,411,-430,-33,178268,7956,-31964,-850,323,-100,-36,178268,-10794,-31062,6870,-703,-1782,-402,178247,-1487,32225,1939,-185,-253,-251,15,3
2895,178269,23807,-1724,-3133,-923,1843,-1004,178269,128,16218,-1359,385,-293,-3,178290,7723,-31976,-807,497,-356,100,178290,-10794,-31070,6880,-733,-1559,-402,178269,-1487,32270,1884,-65,-1073,160,15,3
2896,178291,23807,-1724,-3133,-860,1843,-980,178291,128,16218,-1359,385,-292,-3,178312,7723,-31976,-807,510,-356,100,178312,-10739,-31070,6880,-733,-1559,-402,178291,-1411,32270,1884,-65,-1073,160,15,3
2897,178313,23807,-1724,-3133,-860,1688,-980,178313,128,16218,-1359,355,-292,-3,178334,7548,-31976,-807,510,-445,100,178334,-10739,-31072,6856,-753,-1559,-402,178313,-1411,32270,1884,-65,-1535,160,15,3
2898,178335,24807,-1737,-2133,-644,1543,-834,178335,286,16248,-1347,324,-156,-7,178356,7431,-32007,-775,650,-450,129,178356,-10698,-31106,6766,-753,-1350,-333,178335,-1300,32252,1839,28,-1879,410,15,3
2899,178357,24807,-1737,-2133,-644,1543,-834,178357,286,16248,-1347,324,-130,-7,178378,7431,-32007,-775,650,-450,129,178378,-10698,-31106,6766,-751,-1350,-313,178357,-1286,32252,1839,28,-1879,410,15,3
2900,178379,24807,-1784,-2133,-644,1389,-834,178379,286,16248,-1347,301,-130,-19,178400,7385,-32031,-775,650,-450,129,178400,-10698,-31106,6746,-751,-1350,-313,178379,-1286,32233,1805,28,-1879,410,15,3
2901,178401,25807,-1820,-1133,-500,1214,-731,178401,334,16263,-1313,293,72,-28,178422,7369,-32031,-735,597,-422,119,178422,-10669,-31091,6725,-646,-1007,-262,178401,-1192,32218,1779,97,-1785,540,15,3
2902,178423,25807,-1820,-1133,-500,1214,-731,178423,334,16263,-1313,293,72,-28,178444,7369,-32031,-735,597,-422,119,178444,-10665,-31091,6725,-639,-1007,-253,178423,-1184,32218,1779,131,-1723,540,15,3
2903,178445,25807,-1829,-1133,-500,1102,-731,178445,334,16263,-1313,293,72,-28,178466,7357,-32043,-735,597,-422,91,178466,-10665,-31091,6725,-639,-1007,-253,178445,-1184,32209,1760,131,-1723,540,15,3
2904,178467,26807,-1831,-133,-395,999,-559,178467,394,16284,-1288,307,214,-11,178488,7342,-32052,-689,711,-530,53,178488,-10635,-31134,6739,-517,-845,-208,178467,-1102,32209,1692,242,-1370,631,15,3
2905,178489,26807,-1831,-133,-393,999,-533,178489,394,16284,-1288,307,214,-11,178510,7339,-32052,-689,711,-530,53,178510,-10632,-31134,6739,-484,-845,-208,178489,-1102,32240,1692,271,-1313,631,15,3
2906,178511,26807,-1833,-133,-393,915,-533,178511,394,16284,-1292,307,214,-11,178532,7342,-32058,-689,711,-536,-19,178532,-10632,-31166,6739,-484,-845,-208,178511,-1102,32240,1639,271,-1313,631,15,3
2907,178533,27705,-1862,867,-252,819,-354,178533,439,16292,-1295,326,321,1,178554,7330,-32077,-654,647,-541,-118,178554,-10577,-31166,6746,-317,-769,-148,178533,-1062,32264,1589,394,-915,650,15,3
2908,178555,27705,-1862,867,-240,819,-354,178555,439,16292,-1295,326,321,1,178576,7330,-32077,-634,647,-541,-118,178576,-10577,-31138,6746,-317,-769,-86,178555,-1062,32264,1589,394,-766,650,15,3
2909,178577,27705,-1906,867,-240,766,-354,178577,439,16287,-1297,326,321,1,178598,7321,-32077,-634,598,-545,-193,178598,-10577,-31138,6746,-317,-769,-86,178577,-1062,32264,1507,394,-766,650,15,3
2910,178599,28315,-1939,1867,-144,732,-242,178599,516,16287,-1299,341,454,-11,178620,7149,-32095,-671,562,-662,-193,178620,-10594,-31117,6765,-192,-712,4,178599,-996,32270,1446,415,-206,623,15,3
2911,178621,28315,-1939,1867,-144,732,-242,178621,516,16287,-1299,352,454,-11,178642,7149,-32095,-671,562,-662,-177,178642,-10594,-31117,6777,-170,-689,4,178621,-986,32270,1446,415,-206,623,15,3
2912,178643,28315,-1962,1867,-144,732,-242,178643,516,16283,-1303,352,454,-20,178664,7020,-32129,-699,548,-749,-177,178664,-10607,-31117,6777,-170,-689,4,178643,-986,32270,1406,386,-206,488,15,3
2913,178665,28778,-1979,2867,-224,749,-221,178665,455,16272,-1316,377,548,-20,178686,7020,-32154,-796,538,-749,-201,178686,-10617,-31113,6836,-96,-547,10,178665,-929,32280,1376,308,29,345,15,3
2914,178687,28790,-1979,2867,-224,792,-221,178687,455,16272,-1316,384,548,-13,178708,7051,-32154,-796,538,-396,-201,178708,-10617,-31113,6850,-96,-533,10,178687,-929,32280,1376,308,29,345,15,3
2915,178709,28790,-1992,2867,-357,792,-303,178709,409,16271,-1326,384,548,-13,178730,7051,-32154,-796,530,-396,-281,178730,-10620,-31113,6850,-96,-533,-24,178709,-929,32280,1370,251,29,237,15,3
2916,178731,29152,-1992,3867,-668,863,-446,178731,394,16271,-1338,409,435,14,178752,7114,-32149,-777,460,-117,-412,178752,-10668,-31110,6907,-41,-347,-103,178731,-900,32304,1365,211,104,156,15,3
2917,178753,29162,-1974,3867,-668,863,-446,178753,394,16277,-1338,435,435,14,178774,7122,-32149,-775,460,-11,-412,178774,-10668,-31106,6913,-31,-329,-103,178753,-900,32316,1365,211,104,156,15,3
2918,178775,29162,-1974,3867,-902,863,-532,178775,391,16277,-1358,435,350,14,178796,7122,-32149,-775,398,-11,-521,178796,-10668,-31106,6913,-31,-329,-168,178775,-900,32316,1361,181,104,118,15,3
2919,178797,29419,-1934,4867,-1076,872,-594,178797,391,16281,-1373,479,285,36,178818,7189,-32139,-759,295,520,-603,178818,-10654,-31101,6964,22,-147,-217,178797,-909,32315,1328,158,109,68,15,3
2920,178819,29419,-1934,4867,-1076,872,-594,178819,398,16299,-1373,480,285,36,178840,7247,-32139,-759,295,520,-603,178840,-10644,-31071,6982,22,-147,-217,178819,-909,32315,1328,158,109,68,15,3
2921,178841,29419,-1934,4867,-1198,872,-594,178841,398,16299,-1389,480,253,36,178862,7247,-32139,-759,292,520,-603,178862,-10632,-31071,6982,22,-147,-221,178841,-915,32314,1304,110,47,31,15,3
2922,178863,29642,-1898,5867,-1288,731,-589,178863,467,16298,-1409,511,253,52,178884,7357,-32130,-775,290,558,-494,178884,-10590,-31097,6960,-1,-69,-224,178863,-956,32313,1270,66,-45,3,15,3
2923,178885,29642,-1898,5867,-1288,731,-510,178885,492,16298,-1409,511,262,52,178906,7357,-32124,-775,290,558,-494,178906,-10579,-31097,6960,-1,-69,-224,178885,-956,32313,1270,66,-45,3,15,3
2924,178907,29642,-1898,5867,-1355,571,-510,178907,492,16298,-1416,485,262,23,178928,7357,-32124,-799,288,558,-494,178928,-10579,-31116,6960,-9,-69,-261,178907,-991,32313,1270,32,-45,-5,15,3
2925,178929,29753,-1931,6867,-1453,451,-494,178929,536,16297,-1430,422,444,-63,178950,7350,-32136,-817,255,748,-444,178950,-10540,-31135,6954,-13,-2,-289,178929,-1017,32350,1264,-1,9,-5,15,3
2926,178951,29753,-1931,6867,-1453,451,-494,178951,536,16297,-1430,422,446,-63,178972,7350,-32136,-817,255,875,-444,178972,-10522,-31135,6954,-13,-2,-289,178951,-1017,32350,1264,-1,9,-3,15,3
2927,178973,29753,-1938,6867,-1561,436,-500,178973,515,16297,-1454,375,446,-127,178994,7350,-32136,-830,216,875,-444,178994,-10522,-31141,6954,-13,-2,-310,178973,-1028,32350,1264,-23,9,-3,15,3
2928,178995,29803,-1938,7867,-1653,436,-537,178995,494,16261,-1473,340,591,-167,179016,7414,-32121,-832,202,1113,-406,179016,-10479,-31145,6985,-10,81,-330,178995,-1028,32370,1260,-33,0,-1,15,3
2929,179017,29803,-1929,7867,-1653,437,-537,179017,494,16261,-1473,340,591,-167,179038,7526,-32081,-832,202,1113,-406,179038,-10479,-31145,6985,-10,95,-330,179017,-1028,32370,1260,-33,0,-1,15,3
2930,179039,29803,-1929,7867,-1696,437,-565,179039,478,16234,-1487,339,591,-167,179060,7526,-32081,-832,196,1113,-406,179060,-10479,-31145,6985,-10,95,-345,179039,-1033,32370,1231,-33,0,-1,15,3
2931,179061,29880,-1922,8867,-1710,459,-593,179061,475,16234,-1492,339,389,-117,179082,7658,-32040,-814,196,1238,-379,179082,-10447,-31148,7024,-26,198,-357,179061,-1040,32371,1205,-27,62,11,15,3
2932,179083,29880,-1922,8867,-1710,459,-593,179083,475,16236,-1492,369,389,-78,179104,7658,-32040,-814,201,1238,-379,179104,-10445,-31148,7024,-26,198,-357,179083,-1040,32371,1205,-27,78,13,15,3
2933,179105,29880,-1922,8867,-1710,454,-599,179105,475,16236,-1492,369,238,-78,179126,7658,-32040,-814,201,1238,-379,179126,-10445,-31148,7024,-41,198,-357,179105,-1050,32371,1205,-28,78,13,15,3
2934,179127,29952,-1887,9867,-1646,441,-599,179127,567,16248,-1490,391,159,-16,179148,7759,-32047,-800,204,1101,-321,179148,-10415,-31157,7038,-55,264,-337,179127,-1059,32372,1219,-29,91,49,15,3
2935,179149,29952,-1887,9867,-1604,441,-583,179149,567,16248,-1490,391,159,-16,179170,7759,-32047,-800,222,1101,-321,179170,-10415,-31157,7038,-55,264,-327,179149,-1059,32372,1241,-29,91,52,15,3
2936,179171,29952,-1887,9867,-1604,440,-583,179171,567,16248,-1490,391,159,-16,179192,7759,-32047,-864,222,999,-321,179192,-10415,-31159,7038,-65,264,-327,179171,-1059,32372,1241,-29,89,52,15,3
2937,179193,29984,-1931,10867,-1451,418,-543,179193,586,16250,-1496,387,255,-11,179214,7729,-32045,-912,243,925,-287,179214,-10393,-31161,7048,-72,261,-295,179193,-1040,32379,1182,-4,87,132,15,3
2938,179215,29984,-1931,10867,-1451,418,-543,179215,586,16250,-1496,387,263,-11,179236,7729,-32045,-912,272,925,-287,179236,-10393,-31161,7048,-72,261,-280,179215,-1026,32379,1182,-4,87,132,15,3
2939,179237,29984,-1964,10867,-1451,418,-547,179237,586,16250,-1500,384,263,-11,179258,7663,-32045,-958,272,870,-287,179258,-10393,-31162,7048,-72,256,-280,179237,-1026,32366,1138,-4,87,132,15,3
2940,179259,30004,-2031,11867,-1334,406,-550,179259,601,16250,-1503,384,322,-7,179280,7613,-32037,-992,296,828,-269,179280,-10360,-31163,7068,-67,238,-241,179259,-997,32354,1087,10,134,173,15,3
2941,179281,30004,-2031,11867,-1334,406,-550,179281,603,16250,-1503,384,322,-2,179302,7613,-32037,-992,306,828,-261,179302,-10360,-31163,7068,-67,238,-215,179281,-997,32354,1087,10,134,173,15,3
2942,179303,30004,-2063,11867,-1334,397,-561,179303,603,16250,-1503,384,322,-2,179324,7606,-32037,-998,306,828,-261,179324,-10360,-31163,7068,-67,156,-215,179303,-997,32347,1087,7,134,173,15,3
2943,179325,30017,-2105,12622,-1258,364,-573,179325,626,16256,-1502,379,349,1,179346,7602,-32031,-1002,324,879,-235,179346,-10321,-31146,7079,-51,94,-159,179325,-979,32342,1093,-4,149,188,15,3
2944,179347,30029,-2105,12642,-1258,364,-573,179347,626,16261,-1500,379,349,1,179368,7602,-32025,-1002,324,883,-235,179368,-10321,-31146,7079,-51,94,-154,179347,-979,32342,1093,-4,149,188,15,3
2945,179369,30029,-2108,12642,-1258,339,-582,179369,626,16261,-1498,367,349,1,179390,7602,-32025,-1011,324,883,-235,179390,-10321,-31146,7079,-51,52,-154,179369,-979,32338,1093,-13,149,188,15,3
2946,179391,30039,-2109,13183,-1201,321,-591,179391,629,16263,-1498,356,359,3,179412,7639,-32014,-1018,337,922,-218,179412,-10308,-31135,7099,-35,21,-112,179391,-976,32323,1091,-56,142,189,15,3
2947,179413,30048,-2109,13183,-1201,321,-591,179413,629,16263,-1493,356,359,7,181694,7639,-32014,-1018,340,961,-218,181694,-10308,-31135,7119,-35,21,-108,179413,-968,32323,1091,-56,142,189,16,3
2948,181695,30048,-2109,13183,-1201,308,-597,181695,629,16258,-1493,350,356,7,181716,7639,-32014,-1018,340,961,-218,181716,-10352,-31135,7119,-35,16,-108,181695,-968,32323,1088,-90,142,189,16,3
2949,181717,30086,-2103,13589,-1158,295,-602,181717,648,16254,-1489,347,354,17,181738,7619,-32028,-971,345,1004,-205,181738,-10407,-31127,7129,-33,16,-92,181717,-1006,32296,1088,-127,186,186,16,3
2950,181739,30104,-2103,13589,-1158,295,-602,181739,648,16254,-1481,347,354,17,181760,7619,-32028,-971,345,1004,-205,181760,-10407,-31127,7129,-33,54,-92,181739,-1006,32296,1088,-127,186,186,16,3
2951,181761,30104,-2103,13589,-1158,282,-611,181761,648,16254,-1481,347,354,6,181782,7619,-32038,-971,345,1004,-210,181782,-10449,-31127,7129,-33,54,-92,181761,-1056,32296,1088,-141,186,184,16,3
2952,181783,30146,-2049,13821,-1149,275,-613,181783,667,16260,-1463,348,369,-2,181804,7632,-32046,-896,346,1036,-214,181804,-10480,-31109,7130,-51,112,-86,181783,-1100,32306,1268,-144,219,181,16,3
2953,181805,30146,-2047,13821,-1149,275,-613,181805,667,16260,-1463,349,373,-2,181826,7632,-32046,-896,346,1036,-214,181826,-10480,-31093,7130,-51,118,-86,181805,-1100,32306,1268,-144,226,181,16,3
2954,181827,30146,-2047,13821,-1149,275,-615,181827,667,16260,-1463,349,373,-7,181848,7632,-32052,-896,346,1036,-220,181848,-10509,-31093,7130,-64,118,-86,181827,-1133,32306,1268,-147,226,181,16,3
2955,181849,30167,-1999,13973,-1150,302,-616,181849,659,16265,-1448,350,379,-10,181870,7636,-32060,-840,368,1028,-220,181870,-10531,-31075,7131,-64,170,-85,181849,-1165,32293,1369,-149,260,188,16,3
2956,181871,30167,-1993,13973,-1150,310,-616,181871,659,16265,-1448,351,379,-10,181892,7636,-32060,-824,368,1028,-222,181892,-10531,-31075,7132,-63,171,-85,181871,-1165,32293,1369,-149,284,188,16,3
2957,181893,30167,-1993,13973,-1151,310,-616,181893,659,16265,-1448,351,376,-13,181914,7611,-32060,-824,368,996,-222,181914,-10552,-31075,7132,-63,171,-85,181893,-1191,32283,1369,-156,284,188,16,3
2958,181915,30181,-1958,14099,-1155,338,-605,181915,664,16270,-1440,355,373,-20,181936,7611,-32060,-802,385,972,-222,181936,-10567,-31062,7127,-61,211,-83,181915,-1211,32272,1450,-162,326,176,16,3
2959,181937,30183,-1958,14149,-1155,338,-595,181937,674,16270,-1440,355,373,-20,181958,7608,-32060,-802,385,972,-221,181958,-10567,-31062,7127,-61,211,-83,181937,-1211,32272,1456,-162,346,176,16,3
2960,181959,30183,-1958,14149,-1160,338,-595,181959,674,16270,-1440,355,373,-27,181980,7608,-32060,-802,385,972,-221,181980,-10581,-31062,7127,-61,211,-83,181959,-1226,32264,1456,-174,346,163,16,3
2961,181981,30198,-1932,14241,-1167,333,-605,181981,683,16270,-1437,358,378,-32,182002,7590,-32060,-783,391,1016,-217,182002,-10591,-31060,7149,-50,260,-79,181981,-1237,32264,1522,-186,392,152,16,3
2962,182003,30209,-1932,14241,-1167,333,-605,182003,683,16270,-1437,359,378,-32,182024,7590,-32048,-783,391,1016,-214,182024,-10591,-31060,7149,-45,267,-79,182003,-1237,32270,1544,-186,392,152,16,3
2963,182025,30209,-1932,14241,-1172,330,-612,182025,683,16268,-1437,359,378,-32,182046,7590,-32048,-783,391,1016,-214,182046,-10591,-31060,7149,-45,267,-79,182025,-1245,32270,1544,-197,392,144,16,3
2964,182047,30229,-1921,14274,-1173,330,-623,182047,689,16266,-1434,365,365,-28,182068,7592,-32039,-761,401,935,-242,182068,-10553,-31067,7135,-22,335,-42,182047,-1251,32290,1606,-230,436,125,16,3
2965,182069,30233,-1921,14307,-1173,339,-623,182069,692,16266,-1433,365,365,-28,182090,7614,-32023,-761,401,935,-242,182090,-10541,-31067,7135,-20,337,-42,182069,-1251,32290,1606,-230,447,125,16,3
2966,182091,30233,-1921,14310,-1174,339,-640,182091,692,16265,-1433,365,347,-28,182112,7614,-32023,-794,401,835,-288,182112,-10541,-31067,7125,-20,337,-42,182091,-1284,32290,1606,-255,447,107,16,3
2967,182113,30249,-1908,14332,-1175,352,-667,182113,703,16262,-1419,371,325,-30,182134,7694,-31955,-917,519,430,-429,182134,-10489,-31034,7123,35,1250,-123,182113,-1419,32279,1662,-255,572,59,16,3
2968,182135,30281,-1908,14334,-1175,352,-667,182135,703,16262,-1417,375,325,-30,182156,7740,-31947,-917,617,430,-429,182156,-10489,-30974,7123,35,1970,-123,182135,-1419,32279,1666,-135,1483,59,16,3
2969,182157,30281,-1908,14334,-1175,296,-705,182157,703,16262,-1417,375,281,-37,182178,7740,-31947,-1009,617,23,-689,182178,-10712,-30974,7123,35,1970,-256,182157,-1520,32279,1666,-135,1483,23,16,3
2970,182179,30561,-1895,14352,-1152,32,-746,182179,596,16278,-1400,413,169,-78,182200,7841,-32048,-1078,1050,-281,-1106,182200,-10879,-30994,7124,-38,3274,-740,182179,-1528,32311,1649,171,2914,23,16,3
2971,182201,30705,-1851,14470,-1152,32,-746,182201,596,16298,-1400,449,169,-78,182222,7841,-32048,-1078,1172,-281,-1106,182222,-10879,-30994,7128,-38,3274,-740,182201,-1528,32311,1649,285,2914,89,16,3
2972,182223,30705,-1851,14470,-1152,-392,-777,182223,524,16298,-1400,449,149,-130,182244,7717,-32123,-1130,1172,-281,-1488,182244,-11021,-30994,7128,-121,3274,-1297,182223,-1528,32311,1562,285,2914,89,16,3
2973,182245,31037,-1684,14448,-1125,-1221,-810,182245,524,16379,-1367,525,149,-336,182266,7364,-32180,-1187,1350,-62,-2120,182266,-11127,-30953,7132,-385,4130,-2215,182245,-1514,32331,1497,600,3746,141,16,3
2974,182267,31037,-1668,14448,-1125,-1221,-810,182267,638,16379,-1335,525,168,-336,182288,7364,-32180,-1187,1350,1032,-2120,182288,-11127,-30953,7132,-385,4130,-2215,182267,-1514,32331,1497,600,3746,141,16,3
2975,182289,30037,-1668,14176,-1125,-2146,-835,182289,638,16379,-1335,496,168,-626,182310,7364,-32180,-1270,1350,1032,-2681,182310,-11275,-30953,6825,-583,4130,-3268,182289,-1607,32274,1494,600,3746,141,16,3
2976,182311,29037,-1505,13538,-922,-3662,-854,182311,718,16440,-1108,284,313,-1203,182332,7419,-31938,-1534,1484,2095,-3625,182332,-11480,-31056,6500,-621,2990,-5055,182311,-1817,32231,1494,755,3890,416,16,3
2977,182333,29037,-1505,13538,-711,-3662,-854,182333,718,16440,-1108,284,337,-1203,182354,7747,-31938,-1534,1663,2095,-3625,182354,-11480,-31056,6500,-621,2990,-5055,182333,-1817,32231,1512,755,3890,690,16,3
2978,182355,29037,-1505,12707,-711,-5338,-868,182355,605,16440,-1108,-9,337,-1891,182376,7747,-31938,-1732,1663,2095,-4821,182376,-11480,-31156,6279,-621,1875,-7046,182355,-2004,32105,1512,755,3523,690,16,3
2979,182377,29356,-1706,11707,-280,-7338,-1177,182377,284,16218,-858,-746,477,-3341,182398,8747,-31319,-1827,2334,2092,-6821,182398,-10921,-31263,6113,34,436,-9046,182377,-2343,31105,1492,934,1668,2196,16,3
2980,182399,29356,-1706,11707,-280,-7338,-1177,182399,284,16218,-767,-746,504,-3341,182420,8747,-30938,-1827,2755,2092,-6821,182420,-10809,-31263,6113,58,436,-9046,182399,-2343,31105,1492,992,1668,2690,16,3
2981,182421,29356,-1857,10707,-280,-9338,-1832,182421,30,15976,-767,-1299,504,-4769,182442,8747,-30938,-1838,2755,1507,-8821,182442,-10809,-31263,6113,58,-656,-10681,182421,-2597,30105,1492,992,96,2690,16,3
2982,182443,28473,-1882,9707,-929,-11338,-2481,182443,-160,15795,-474,-1730,609,-6377,182464,9747,-29938,-1838,3759,-493,-10821,182464,-9809,-30263,6144,735,-1629,-11405,182443,-2597,29105,1477,1746,-901,4690,16,3
2983,182465,28473,-1882,9707,-929,-11338,-2481,182465,-160,15795,-384,-1730,629,-6377,182486,9747,-29938,-1672,3929,-493,-10821,182486,-9809,-30263,6144,760,-1629,-11405,182465,-2251,29105,1477,1951,-901,4690,16,3
2984,182487,27473,-1882,8707,-1416,-13338,-2481,182487,-160,15714,-384,-1996,629,-7842,182508,9747,-29938,-1672,3929,-2208,-10821,182508,-9809,-30263,6144,760,-2047,-11480,182487,-2251,28105,1209,1951,-901,4690,16,3
2985,182509,26473,-1297,7707,-1491,-15338,-2176,182509,-39,15654,-97,-2131,924,-9054,182530,8747,-28938,-1182,3659,-2208,-8821,182530,-8809,-29263,6168,1736,-2047,-11518,182509,-1251,27219,440,2838,-573,6690,16,3
2986,182531,26473,-957,7707,-1491,-15338,-2155,182531,-39,15654,-97,-2131,1392,-9054,182552,8747,-28938,-1182,3659,-1709,-8821,182552,-8809,-29263,6168,2089,-1353,-11518,182531,-1251,27219,440,2838,1018,6690,16,3
2987,182553,25473,-957,6707,-1491,-17338,-2155,182553,-39,15595,-97,-2232,1392,-9983,182574,8747,-28938,-1182,3456,-1709,-10821,182574,-8809,-29263,6168,2089,-1353,-11518,182553,-1251,26554,-136,2838,1018,6690,16,3
2988,182575,24473,-449,5707,-456,-19338,-1910,182575,-435,15436,-220,-2363,1685,-10694,182596,9626,-27938,-182,3304,291,-12821,182596,-7809,-28263,6396,3084,-910,-10663,182575,-251,25869,-446,2233,2507,7711,16,3
2989,182597,24473,-449,5707,-456,-19338,-1910,182597,-435,15436,-220,-2363,1685,-10694,182618,9747,-27938,-182,3304,291,-12821,182618,-7809,-28263,6650,3084,-910,-10308,182597,-251,25869,-446,2233,2941,7711,16,3
2990,182619,23731,-998,4752,-456,-20977,-1910,182619,-1215,15290,-308,-2489,1491,-11379,182640,9747,-27938,-182,3190,-816,-14821,182640,-7809,-28263,6650,3084,-910,-10308,182619,-251,25356,-446,1749,2941,7711,16,3
2991,182641,23731,-1410,4036,-336,-21208,-1727,182641,-1856,14331,-308,-3553,1345,-11964,182662,10747,-27089,818,1747,-2816,-16821,182662,-6809,-28157,7650,3314,-577,-9773,182641,749,25356,-308,1250,4396,8305,16,3
2992,182663,23882,-1410,4036,-336,-21208,-1549,182663,-1856,14331,-251,-3553,1345,-11964,182684,10747,-26938,818,1747,-2816,-16821,182684,-6809,-28157,7650,3314,-577,-9773,182663,749,26356,-282,1250,4396,8305,16,3
2993,182685,23882,-1410,3331,-336,-21208,-1549,182685,-2856,13612,-251,-3553,1345,-12318,182706,10747,-26938,818,628,-4632,-18821,182706,-6809,-28157,7650,3314,-577,-9773,182685,749,26356,-282,815,4396,8305,16,3
2994,182707,22882,-1149,2802,-246,-20932,-1203,182707,-3856,13357,-182,-3529,1365,-12578,182728,11747,-25938,1583,-814,-4632,-20821,182728,-5809,-28077,8243,3189,-328,-9371,182707,1749,27197,-185,97,4841,8235,16,3
2995,182729,22882,-1013,2802,-5,-20343,-436,182729,-3856,13357,-182,-3512,1365,-12578,182750,11747,-25938,1583,-814,-4584,-20821,182750,-5809,-28077,8243,3189,-328,-9249,182729,1749,27197,-185,97,4841,8235,16,3
2996,182751,21882,-1013,2289,-5,-20343,-436,182751,-4856,13258,-182,-3512,678,-12739,182772,11747,-25938,1583,-1340,-4584,-21609,182772,-5809,-28077,8243,2953,-328,-9249,182751,1749,27197,-185,-441,4142,7819,16,3
2997,182773,20882,-1357,1904,287,-19667,398,182773,-5856,13184,65,-3481,-286,-12739,182794,10747,-24938,1831,-1340,-2709,-21609,182794,-4809,-29077,8770,2268,82,-8032,182773,2749,27844,-164,-642,2689,6878,16,3
2998,182795,20882,-1357,1904,287,-19667,451,182795,-5856,13184,67,-3481,-286,-12685,182816,10747,-24938,1831,-1288,-2709,-21480,182816,-4809,-29077,8848,2268,82,-7691,182795,2749,27844,-164,-642,2689,6878,16,3
2999,182817,19882,-1917,1616,287,-20120,451,182817,-6856,13128,67,-3498,-1185,-12685,182838,9747,-24938,1831,-1288,-2709,-21480,182838,-4809,-29077,8848,1520,82,-7691,182817,2749,27844,-164,-692,1314,5968,16,3
3000,182839,18882,-2781,616,1004,-20967,517,182839,-7856,12860,359,-3510,-1859,-12260,182860,8747,-23938,1423,-1647,-3351,-19728,182860,-3809,-29833,9248,403,-532,-6357,182839,3749,28727,-149,-730,-319,5259,16,3
3001,182861,18882,-2781,616,1004,-20967,517,182861,-7856,12860,397,-3510,-1859,-12116,182882,8747,-23938,1423,-1647,-3351,-19500,182882,-3809,-29833,9248,403,-532,-6357,182861,3749,28727,-73,-730,-319,5259,16,3
3002,182883,17882,-2985,-384,1004,-21602,267,182883,-8856,12386,397,-3594,-2099,-12116,182904,7747,-23938,1117,-1839,-3351,-19500,182904,-3809,-30400,9248,-444,-1003,-6357,182883,3749,28727,-73,-798,-1623,4919,16,3
3003,182905,16882,-3128,-1384,383,-21853,-152,182905,-9856,11434,939,-3657,-2279,-11230,182926,6747,-22938,887,-2304,-2659,-17948,182926,-2809,-30826,9482,-1079,-1357,-5451,182905,4749,29121,147,-1016,-2601,4919,16,3
3004,182927,16882,-3128,-1384,383,-21853,-152,182927,-9856,11434,1141,-3657,-2279,-11154,182948,6747,-22938,887,-2304,-2659,-17748,182948,-2809,-30826,9482,-1079,-1357,-5451,182927,4749,29121,147,-1016,-2601,4931,16,3
3005,182949,15882,-3128,-2384,-82,-21853,-355,182949,-10856,10600,1141,-3924,-2414,-11154,182970,5747,-22938,747,-2652,-2659,-17748,182970,-2809,-31145,9443,-1233,-1357,-5451,182949,4749,29121,147,-1241,-2601,4931,16,3
3006,182971,14882,-2671,-3384,-282,-21703,-507,182971,-11856,9940,2074,-4124,-2445,-10206,182992,4747,-21938,412,-2913,-2418,-15748,182992,-1932,-31145,9328,-1348,-1089,-4819,182971,5749,29394,160,-1410,-2160,4851,16,3
3007,182993,14882,-2671,-3384,-282,-21640,-507,182993,-11856,9940,2141,-4124,-2445,-9998,183014,4747,-21938,412,-2913,-2418,-15748,183014,-1932,-31094,9328,-1348,-1089,-4819,182993,5749,29394,160,-1410,-2134,4851,16,3
3008,183015,13882,-2671,-4384,-432,-21640,-621,183015,-12854,9513,2141,-4209,-2445,-9998,183036,3747,-21938,45,-2913,-2418,-15748,183036,-1932,-31094,9328,-1435,-1089,-4819,183015,5749,29394,160,-1410,-2134,4784,16,3
3009,183037,12882,-2709,-5384,-650,-20584,-697,183037,-13666,9192,2920,-4209,-2237,-8651,183058,2747,-20938,-620,-2907,-2237,-13748,183058,-1072,-30094,9526,-1677,-578,-4444,183037,6749,29691,338,-1333,-2333,4676,16,3
3010,183059,12882,-2709,-5384,-650,-20584,-697,183059,-13666,9192,2971,-4191,-2237,-8401,183080,2747,-20938,-620,-2811,-2176,-13748,183080,-1072,-30094,9526,-1677,-578,-4343,183059,6749,29691,338,-1333,-2333,4676,16,3
3011,183081,12882,-2737,-6384,-1027,-20584,-719,183081,-14211,8952,2971,-4191,-2328,-8401,183102,1747,-20938,-1133,-2811,-2176,-13748,183102,-1072,-30094,9396,-1959,-578,-4343,183081,6749,29691,338,-1333,-2730,4521,16,3
3012,183103,13882,-2810,-7384,-1460,-19619,-788,183103,-14337,8724,3630,-3900,-2561,-6510,183124,747,-19938,-1517,-2734,-1995,-11748,183124,-363,-30346,9045,-2320,-448,-3930,183103,7749,29774,231,-1445,-3028,4403,16,3
3013,183125,13882,-2810,-7384,-1460,-19550,-788,183125,-14337,8724,3649,-3746,-2561,-6401,183146,747,-19938,-1517,-2734,-1995,-11748,183146,-72,-30346,9045,-2320,-179,-3832,183125,7749,29774,231,-1445,-3028,4403,16,3
3014,183147,13882,-2811,-8384,-1844,-19550,-840,183147,-14337,8586,3649,-3746,-2736,-6401,183168,747,-19938,-1743,-2734,-1995,-11748,183168,-72,-30763,8739,-2508,-179,-3832,183147,7749,29774,127,-1538,-3028,4170,16,3
3015,183169,14882,-2811,-9384,-2173,-17550,-988,183169,-14164,8525,4262,-2846,-2736,-4557,183190,1747,-18938,-1813,-2464,-1778,-9748,183190,848,-31092,8366,-2608,197,-3276,183169,8749,29620,49,-1608,-2801,3905,16,3
3016,183191,14882,-2710,-9384,-2173,-17550,-988,183191,-14122,8525,4308,-2654,-2694,-4427,183212,1747,-18938,-1813,-2217,-1778,-9748,183212,848,-31092,8366,-2608,197,-3275,183191,8749,29620,49,-1608,-2242,3905,16,3
3017,183213,14882,-2710,-10384,-2265,-17550,-1030,183213,-14122,8525,4308,-2654,-2694,-4427,183234,1747,-18938,-1865,-2217,-1778,-9748,183234,848,-31323,8026,-2608,197,-3275,183213,8749,29620,49,-1608,-2242,3568,16,3
3018,183235,15882,-1804,-11384,-2265,-15550,-1030,183235,-13530,8590,4993,-1682,-2637,-2785,183256,2747,-17938,-1936,-1415,-1189,-7748,183256,1352,-31323,7771,-2313,328,-2754,183235,9749,29505,158,-1273,-1350,3159,16,3
3019,183257,15882,-1804,-11384,-2100,-15550,-824,183257,-13508,8688,5015,-1604,-2472,-2727,183278,2747,-17938,-1936,-1366,-1146,-7748,183278,1352,-30323,7771,-1941,328,-2712,183257,9749,29505,306,-1112,-1336,3159,16,3
3020,183279,15882,-1804,-12384,-2100,-15550,-824,183279,-13508,8688,5015,-1604,-2472,-2727,183300,2747,-17938,-2098,-1366,-1146,-7748,183300,1352,-30323,7771,-1941,328,-2712,183279,9749,29505,306,-1112,-1336,2847,16,3
3021,183301,16761,-1782,-13384,-1903,-13550,-726,183301,-12966,8863,5523,-944,-2081,-1408,183322,3747,-16938,-2263,-564,-209,-5748,183322,1778,-30796,7848,-1477,174,-2222,183301,10571,29479,499,-574,-608,2613,16,3
3022,183323,16761,-1782,-13384,-1903,-13550,-726,183323,-12954,8863,5523,-944,-2020,-1408,183344,3747,-16938,-2263,-564,-209,-5748,183344,1778,-30796,7848,-1477,174,-2213,183323,10603,29479,499,-574,-608,2613,16,3
3023,183345,16761,-1782,-14384,-1903,-13550,-726,183345,-12954,8863,5523,-944,-2020,-1408,183366,3747,-16938,-2459,-564,-209,-5748,183366,1778,-31151,7848,-1477,59,-2213,183345,10603,29459,460,-574,-608,2411,16,3
3024,183367,17421,-1766,-15384,-1734,-11550,-691,183367,-12398,8959,5774,-611,-1607,-714,183388,4747,-16131,-2730,-261,115,-4170,183388,2085,-31347,7830,-1200,40,-1766,183367,11280,29444,343,-390,-167,2131,16,3
3025,183389,17421,-1766,-15384,-1704,-11550,-691,183389,-12398,8959,5774,-611,-1539,-714,183410,4747,-16131,-2730,-261,115,-4170,183410,2085,-31347,7830,-1200,40,-1766,183389,11280,29444,343,-390,-167,2131,16,3
3026,183411,17421,-1766,-16384,-1704,-11550,-691,183411,-12398,8959,5774,-611,-1539,-714,183432,4747,-16131,-2999,-261,115,-4170,183432,2085,-31466,7816,-1200,26,-1766,183411,11280,29389,255,-390,-167,1855,16,3
3027,183433,17874,-1746,-17384,-1585,-9550,-632,183433,-12042,9052,5948,-354,-1043,-405,183454,5747,-15602,-3243,-161,353,-3519,183454,2302,-31466,7806,-1032,-35,-1393,183433,11804,29348,179,-319,-252,1621,16,3
3028,183455,17916,-1746,-17384,-1585,-9550,-632,183455,-12042,9093,5948,-354,-1043,-405,183476,5747,-15602,-3243,-161,353,-3519,183476,2302,-30466,7806,-1032,-35,-1393,183455,11818,29348,179,-319,-252,1621,16,3
3029,183477,17916,-1746,-18384,-1585,-9550,-632,183477,-12042,9093,5948,-354,-1043,-405,183498,5747,-15602,-3426,-216,353,-3519,183498,2302,-30466,7720,-1032,-35,-1393,183477,11818,29317,122,-405,-321,1441,16,3
3030,183499,18407,-1731,-19384,-1547,-7550,-619,183499,-11778,9217,6120,-184,-671,-409,183520,6747,-15175,-3539,-267,536,-3262,183520,2458,-29466,7700,-921,-84,-1003,183499,12249,29317,113,-652,-452,1115,16,3
3031,183521,18667,-1683,-19384,-1547,-7550,-619,183521,-11778,9248,6120,-184,-671,-409,183542,6747,-15139,-3539,-267,536,-3262,183542,2458,-29466,7700,-921,-84,-915,183521,12249,29331,113,-652,-452,1115,16,3
3032,183543,18667,-1683,-20384,-1547,-7550,-619,183543,-11778,9248,6120,-184,-671,-481,183564,6747,-15139,-3554,-267,536,-3262,183564,2458,-29466,7637,-972,-84,-915,183543,12249,29331,113,-912,-551,861,16,3
3033,183565,19292,-1574,-21384,-1557,-5550,-620,183565,-11684,9373,6249,-96,-357,-669,183586,7747,-14792,-3554,-244,917,-3069,183586,2575,-30095,7637,-1142,-19,-398,183565,12548,29260,124,-1107,-705,541,16,3
3034,183587,19464,-1528,-21384,-1557,-5550,-620,183587,-11684,9373,6249,-96,-351,-669,183608,7747,-14760,-3327,153,1216,-2921,183608,2575,-30095,7629,-1142,-19,-324,183587,12548,29260,124,-1107,-705,541,16,3
3035,183609,19464,-1528,-22384,-1557,-5550,-620,183609,-11684,9373,6249,-96,-351,-820,183630,7747,-14760,-3327,153,1216,-2921,183630,2575,-30567,7575,-1279,-19,-324,183609,12548,29207,124,-1243,-705,176,16,3
3036,183631,20464,-1393,-23384,-1531,-3550,-572,183631,-11816,9423,6360,123,-43,-934,183652,6747,-14089,-2925,588,1917,-2323,183652,2607,-30921,7449,-1381,569,323,183631,12759,29167,137,-1308,-704,-408,16,3
3037,183653,20464,-1367,-23384,-1370,-3550,-572,183653,-11816,9423,6360,242,-1,-934,183674,6747,-14025,-2861,776,1917,-2082,183674,2607,-30921,7449,-1381,571,445,183653,12759,29167,183,-1308,-515,-408,16,3
3038,183675,20464,-1367,-24152,-1370,-3550,-572,183675,-11966,9423,6360,242,-1,-934,183696,5747,-14025,-2861,776,1917,-2082,183696,2567,-30921,7312,-1404,571,445,183675,12759,29167,183,-1308,-515,-1018,16,3
3039,183697,21464,-1292,-24648,-1167,-1550,-499,183697,-12154,9428,6456,781,388,-904,183718,4747,-13256,-2103,1547,2742,-806,183718,2391,-31252,7186,-1404,1012,1120,183697,12771,29285,323,-1142,-93,-1646,16,3
3040,183719,21464,-1247,-24648,-1112,-1550,-499,183719,-12154,9428,6456,902,480,-822,183740,4747,-13198,-1955,1547,2742,-571,183740,2391,-31252,7186,-1278,1012,1170,183719,12771,29285,475,-992,563,-1646,16,3
3041,183741,21464,-1247,-24922,-1112,-1550,-499,183741,-12417,9428,6456,902,480,-822,183762,3747,-13198,-1955,1547,2742,-571,183762,2259,-31473,7091,-1278,1012,1170,183741,12742,29285,475,-992,563,-2117,16,3
3042,183763,22464,-1213,-25045,-403,450,-405,183763,-12732,9400,6535,1587,1128,-507,183784,2747,-12294,-1148,2125,3353,1028,183784,2126,-31730,7091,-856,1200,1753,183763,12502,29365,852,-477,1855,-2450,16,3
3043,183785,22464,-1213,-25045,-201,450,-405,183785,-12732,9400,6535,1612,1233,-359,183806,2747,-12294,-1142,2125,3353,1229,183806,2126,-31730,7096,-642,1200,1753,183785,12502,29365,854,-275,1875,-2450,16,3
3044,183807,22464,-1441,-25061,-201,450,-405,183807,-12920,9379,6408,1612,1233,-359,183828,1747,-12294,-1142,2125,3353,1229,183828,2076,-31857,7096,-642,1200,1753,183807,12260,29365,854,-275,1875,-2636,16,3
3045,183829,23464,-1646,-25061,558,2450,-555,183829,-13027,9303,6158,2234,1837,508,183850,747,-12240,-468,2700,3947,3213,183850,1953,-31952,7100,-83,2038,2183,183829,12127,29411,1056,796,3426,-2776,16,3
3046,183851,23464,-1646,-24629,558,2450,-555,183851,-13027,9303,6158,2252,1895,610,183872,747,-12240,-400,2999,3953,3229,183872,1953,-31952,7100,-48,2439,2186,183851,12127,29411,1034,948,3426,-2776,16,3
3047,183873,23464,-1872,-24629,558,2450,-808,183873,-13094,9295,5765,2252,1895,610,183894,-253,-12332,-400,2999,3953,3229,183894,1861,-31952,7100,-48,2439,2186,183873,12027,29411,1034,948,3426,-2782,16,3
3048,183895,24464,-1991,-23629,924,4450,-1258,183895,-13145,9295,5318,2783,2575,1574,183916,-253,-12949,166,3918,4667,5229,183916,1688,-31910,7119,310,2137,2511,183895,11930,29446,805,2110,4281,-2782,16,3
3049,183917,24464,-1991,-23629,924,4450,-1258,183917,-13145,9409,5318,2783,2663,1656,183938,747,-12949,296,3918,5120,5229,183938,1688,-31910,7225,310,2137,2547,183917,11930,29488,805,2110,4281,-2733,16,3
3050,183939,24464,-2081,-23629,915,4450,-1794,183939,-13190,9409,4968,2783,2663,1656,183960,747,-13685,296,3918,5120,5229,183960,1536,-31910,7225,310,1542,2547,183939,11781,29488,633,2110,4080,-2733,16,3
3051,183961,23464,-2124,-22629,744,6450,-2196,183961,-13224,9668,4653,2913,3446,2568,183982,1747,-14685,872,4223,6372,7229,183982,1422,-30910,7386,330,1096,2929,183961,11669,29530,372,2805,3263,-2543,16,3
3052,183983,23464,-2124,-22629,744,6450,-2196,183983,-13224,9806,4653,2913,3601,2627,184004,1747,-14685,1170,4223,6403,7229,184004,1422,-30910,7386,330,1096,3224,183983,11669,29530,372,2805,3263,-2543,16,3
3053,184005,22464,-2134,-22629,481,6450,-2477,184005,-13224,9806,4347,2862,3601,2627,184026,1747,-15685,1170,4223,6403,7229,184026,1336,-30910,7386,330,581,3224,184005,11669,29530,-223,2805,2678,-2643,16,3
3054,184027,21464,-2142,-21629,220,8450,-2617,184027,-12893,10492,3771,2504,4414,3705,184048,2747,-16685,2121,3211,7365,9229,184048,934,-29910,7537,258,195,4550,184027,11759,29673,-537,2630,2354,-3572,16,3
3055,184049,21464,-2142,-21629,220,8450,-2617,184049,-12807,10632,3771,2504,4512,3918,184070,2747,-16685,2121,3211,7365,9229,184070,934,-29910,7575,258,195,4773,184049,11759,29751,-537,2630,2354,-3572,16,3
3056,184071,20464,-2406,-21629,19,8450,-2617,184071,-12807,10632,3119,2225,4512,3918,184092,2747,-17685,2121,2131,7365,9229,184092,540,-29910,7575,-147,-130,4773,184071,11759,29751,-772,2351,2111,-4642,16,3
3057,184093,20464,-2604,-20629,-239,10450,-2357,184093,-12476,11215,2262,2002,5224,5382,184114,3747,-18685,2818,885,6137,11229,184114,-194,-28910,7717,-944,-1033,6285,184093,11459,30015,-949,1875,1186,-5920,16,3
3058,184115,21464,-2604,-20629,-239,10450,-2327,184115,-12427,11215,2262,2002,5224,5634,184136,3747,-18685,2818,885,6137,11229,184136,-194,-28910,7717,-944,-1033,6412,184115,11459,30015,-949,1875,1186,-5920,16,3
3059,184137,21464,-2673,-20629,-603,10450,-2327,184137,-12427,11215,1620,1808,5224,5634,184158,3747,-19685,2818,-237,5064,11229,184158,-929,-28910,7717,-1549,-1613,6412,184137,10746,30015,-1089,1318,-310,-7085,16,3
3060,184159,22288,-2690,-19629,-1036,12450,-2072,184159,-11839,11548,1237,1642,4363,7281,184180,4747,-20685,2601,-1465,3728,13229,184180,-1514,-29604,7645,-1996,-1817,8001,184159,10207,30219,-1194,458,-1942,-8326,16,3
3061,184181,22288,-2690,-19629,-1036,12450,-2016,184181,-11507,11548,1237,1642,4363,7378,184202,4747,-20685,2601,-1465,3728,13229,184202,-1514,-29604,7645,-1996,-1817,8204,184181,10207,30247,-1194,458,-1942,-8326,16,3
3062,184203,22288,-2690,-19629,-1457,12450,-2016,184203,-11507,11548,1101,1570,3291,7378,184224,4747,-21685,2426,-2386,2583,13229,184224,-1919,-29767,7349,-1996,-1817,8204,184203,9477,30247,-1383,-393,-3166,-9457,16,3
3063,184225,22176,-2631,-18629,-1901,14450,-1792,184225,-10507,11819,999,1570,2182,8857,184246,5747,-22459,2293,-3200,1807,15229,184246,-2919,-30231,7315,-1974,-1707,9831,184225,8663,30197,-1555,-1809,-3964,-10536,16,3
3064,184247,22176,-2631,-18629,-1901,14450,-1792,184247,-10507,11866,999,1702,2182,8952,184268,5747,-22459,2293,-3200,1807,15229,184268,-2919,-30231,7315,-1974,-1544,10109,184247,8663,30197,-1555,-1809,-3964,-10536,16,3
3065,184269,21992,-2631,-18629,-2244,14450,-1792,184269,-10507,11866,923,1702,1351,8952,184290,5747,-22660,2293,-4457,1370,15229,184290,-3681,-30301,7102,-1974,-1544,10109,184269,8047,30182,-1568,-3045,-3964,-11671,16,3
3066,184291,21854,-2521,-17629,-2721,15758,-1914,184291,-9507,12105,764,2149,929,10242,184312,6747,-22811,2463,-5400,1341,17229,184312,-4681,-30353,6864,-1958,-1153,11684,184291,7047,30182,-1568,-4172,-3382,-12665,16,3
3067,184313,21854,-2463,-17629,-2721,15758,-1914,184313,-9507,12124,764,2297,929,10242,184334,6747,-22811,2463,-5400,1341,17229,184334,-4681,-30353,6864,-1958,-1153,11684,184313,7047,30474,-926,-4172,-3198,-12665,16,3
3068,184335,21854,-2463,-17629,-3147,15758,-2006,184335,-9507,12124,645,2297,929,10242,184356,6747,-22924,2341,-5400,1020,17229,184356,-5681,-30402,6540,-1958,-1153,11684,184335,6047,30474,-926,-4669,-3198,-13277,16,3
3069,184357,22078,-2091,-16629,-3467,16010,-2006,184357,-8507,12317,555,3000,972,11149,184378,7747,-23745,1859,-5264,564,17673,184378,-6681,-30439,6297,-1537,-860,11615,184357,5047,30775,-276,-4857,-2737,-13277,16,3
3070,184379,22538,-2091,-16629,-3467,16010,-1931,184379,-8507,12644,555,3093,972,11149,184400,7747,-23745,1859,-4903,564,17673,184400,-6681,-30439,6297,-1227,-860,11615,184379,5047,30905,-268,-4857,-2737,-13201,16,3
3071,184401,22538,-2091,-16629,-3467,15406,-1931,184401,-8507,12644,555,3093,972,11149,184422,7747,-24745,1378,-4903,-732,17592,184422,-7681,-30467,6114,-1227,-938,11563,184401,4047,30905,-268,-4857,-2921,-13201,16,3
3072,184423,23538,-1794,-15629,-3395,14406,-1368,184423,-7507,13268,595,3425,379,11319,184444,7512,-25745,789,-4523,-1704,16760,184444,-8681,-30467,6114,-595,-2248,11325,184423,3047,31114,169,-4807,-3153,-12411,16,3
3073,184445,23538,-1726,-15629,-3310,14406,-1368,184445,-7507,13356,599,3425,379,11319,184466,7512,-25745,789,-4523,-1704,16760,184466,-8681,-30462,6429,-595,-2248,11325,184445,3047,31114,169,-4807,-3153,-12411,16,3
3074,184467,23538,-1726,-15629,-3310,13372,-1368,184467,-7507,13356,599,3425,-111,11155,184488,7336,-26745,317,-4644,-1704,15765,184488,-9681,-30462,6429,-595,-2722,10758,184467,2135,31114,169,-4850,-3499,-12411,16,3
3075,184489,22538,-936,-14629,-2972,11867,-897,184489,-6507,14107,646,3197,-432,10540,184510,7336,-27745,-520,-4735,-418,13765,184510,-10681,-30248,7011,-127,-2722,8758,184489,1135,30114,704,-4882,-3586,-11624,16,3
3076,184511,22538,-936,-14629,-2478,11867,-682,184511,-6507,14356,646,3197,-432,10540,184532,8034,-27745,-520,-4735,296,13765,184532,-10681,-30248,7011,-127,-741,8758,184511,1135,30114,1000,-4882,-3586,-11382,16,3
3077,184533,21538,-936,-14629,-2478,9867,-682,184533,-6507,14356,646,2945,-432,9494,184554,8034,-28745,-1148,-4735,296,11765,184554,-10686,-30248,7011,-127,-741,6758,184533,135,29114,1000,-4882,-3586,-11382,16,3
3078,184555,20538,-1752,-13629,-2445,8272,-375,184555,-5507,15103,172,2476,335,7494,184576,8965,-29538,-1619,-3575,606,9765,184576,-10686,-30246,7114,-119,-71,4758,184555,-824,28114,1318,-3260,-1883,-9382,16,3
3079,184577,20538,-1752,-13629,-2445,8272,-375,184577,-5507,15103,172,2476,335,7494,184598,8965,-29538,-1619,-3536,606,9765,184598,-10682,-30246,7114,-119,-71,4758,184577,-824,28114,1318,-3039,-1820,-9382,16,3
3080,184599,20538,-2364,-13629,-2684,7572,-375,184599,-5507,15103,-183,2068,335,5494,184620,7965,-30115,-1998,-3536,606,7765,184620,-10682,-30394,7114,-119,-71,3015,184599,-824,28114,1318,-3039,-1820,-9382,16,3
3081,184621,21538,-2364,-12629,-2863,7109,-324,184621,-4507,15198,-540,1580,260,3876,184642,6965,-30548,-2282,-2676,838,5765,184642,-10679,-30394,7191,-121,38,2122,184621,-790,28927,1482,-1746,-496,-7382,16,3
3082,184643,21538,-1815,-12629,-2863,7109,-324,184643,-4507,15198,-540,1580,260,3876,184664,6965,-30548,-2282,-2676,1461,5765,184664,-10679,-30383,7191,-121,38,2122,184643,-544,29061,1482,-1746,-496,-7382,16,3
3083,184665,21538,-1815,-12629,-2863,6762,-324,184665,-4507,15198,-808,1214,173,2901,184686,6965,-30870,-2282,-2676,1461,4732,184686,-10707,-30383,7191,-189,-316,1537,184665,-544,29061,1482,-1746,-496,-7382,16,3
3084,184687,22538,-1471,-11629,-2525,6351,-214,184687,-3507,15269,-1026,1012,47,2373,184708,7596,-31004,-1879,-1992,832,4233,184708,-11120,-30375,7285,-298,-708,1098,184687,-482,29735,1577,-1064,-1719,-5642,16,3
3085,184709,22538,-1471,-11629,-2467,6351,-214,184709,-3507,15271,-1026,1012,47,2373,184730,7965,-31004,-1879,-1976,832,4233,184730,-11120,-30375,7285,-298,-708,1098,184709,-482,29735,1577,-1064,-1719,-5642,16,3
3086,184731,22538,-1511,-11629,-2467,5833,-238,184731,-3507,15271,-1189,975,-366,2252,184752,7965,-31105,-1879,-1976,-200,4001,184752,-11401,-30375,7285,-431,-888,235,184731,-1051,29735,1577,-1064,-2636,-5642,16,3
3087,184753,23538,-1611,-10629,-2212,5167,-371,184753,-2719,15551,-1189,948,-853,2161,184774,8492,-31164,-1589,-1252,-1716,3827,184774,-11522,-30491,7405,-560,-926,-498,184753,-1478,30393,1648,-553,-3006,-4337,16,3
3088,184775,23538,-1611,-10629,-2212,5167,-371,184775,-2719,15666,-1117,948,-853,2161,184796,8492,-31164,-1589,-1252,-1716,3827,184796,-11522,-30491,7405,-560,-926,-498,184775,-1478,30393,1708,-528,-3006,-3947,16,3
3089,184797,23538,-1662,-10629,-2212,4667,-444,184797,-2719,15666,-1117,928,-1202,2083,184818,8329,-31294,-1589,-1252,-2541,3351,184818,-11522,-30628,7405,-847,-955,-972,184797,-1478,30393,1708,-528,-3006,-3947,16,3
3090,184819,24538,-1690,-9629,-2021,4285,-444,184819,-1860,15939,-1034,907,-1205,1752,184840,7345,-31560,-1417,-983,-2868,2642,184840,-11241,-30757,7371,-1062,-1039,-1264,184819,-1436,30750,1903,-49,-2561,-2534,16,3
3091,184841,24538,-1690,-9629,-1837,4285,-389,184841,-1719,15939,-1034,907,-1205,1752,184862,7345,-31560,-1417,-983,-2868,2642,184862,-11115,-30757,7371,-1062,-1052,-1264,184841,-1362,30750,1903,-49,-2561,-2534,16,3
3092,184863,24538,-1711,-9629,-1837,3999,-389,184863,-1719,15939,-1060,847,-1205,1370,184884,7269,-31593,-1516,-983,-2868,2015,184884,-11115,-30853,7206,-1116,-1150,-1264,184863,-1362,30750,1903,-49,-2561,-2534,16,3
3093,184885,25538,-1857,-8629,-1413,3579,-184,184885,-857,15981,-1088,741,-768,996,184906,7269,-31618,-1591,-664,-2211,1404,184906,-10860,-30925,7064,-1141,-1185,-1145,184885,-1359,31084,1623,234,-2323,-1672,16,3
3094,184907,25538,-1857,-8629,-1380,3579,-184,184907,-857,15981,-1088,741,-745,996,184928,7666,-31618,-1591,-664,-2211,1404,184928,-10860,-30925,7064,-1141,-1185,-1145,184907,-1359,31094,1623,234,-2323,-1672,16,3
3095,184929,25538,-1966,-8629,-1380,3240,-184,184929,-857,15981,-1100,662,-745,767,184950,7666,-31681,-1599,-664,-2211,1041,184950,-10860,-30941,6990,-1141,-1185,-1145,184929,-1359,31094,1413,234,-2323,-1672,16,3
3096,184951,26538,-2044,-7629,-1044,2890,-160,184951,-404,16013,-1138,603,-467,595,184972,7275,-31782,-1605,-385,-2468,973,184972,-10732,-30967,6976,-998,-1175,-1055,184951,-1357,31352,1233,374,-1668,-989,16,3
3097,184973,26538,-2044,-7629,-1044,2890,-160,184973,-404,16033,-1138,603,-467,595,184994,7275,-31782,-1605,-385,-2468,973,184994,-10732,-30967,6976,-979,-1154,-1055,184973,-1135,31352,1233,374,-1668,-989,16,3
3098,184995,26538,-2047,-7629,-1044,2567,-206,184995,-404,16033,-1166,543,-467,466,185016,6842,-31858,-1625,-385,-2661,926,185016,-10732,-30987,6966,-979,-1154,-1055,184995,-1135,31352,1233,356,-1668,-989,16,3
3099,185017,27538,-2105,-6629,-870,2296,-253,185017,-64,16091,-1224,478,-266,356,185038,6517,-31923,-1666,-89,-2661,891,185038,-10618,-31012,6954,-850,-1129,-897,185017,-1017,31522,1258,293,-1102,-663,16,3
3100,185039,27538,-2105,-6629,-870,2296,-253,185039,-19,16095,-1224,478,-266,356,185060,6517,-31923,-1666,-89,-2348,891,185060,-10618,-31012,6954,-850,-1129,-831,185039,-1017,31522,1258,293,-1102,-663,16,3
3101,185061,27538,-2136,-6629,-870,2087,-292,185061,-19,16095,-1254,445,-266,281,185082,6517,-31972,-1666,-89,-2348,721,185082,-10618,-31031,6941,-850,-1129,-831,185061,-1017,31522,1258,236,-1102,-663,16,3
3102,185083,28383,-2178,-5629,-855,1905,-433,185083,247,16142,-1261,424,-131,224,185104,6670,-32008,-1661,-16,-1583,433,185104,-10567,-31057,6935,-740,-960,-663,185083,-1056,31735,1243,186,-702,-418,16,3
3103,185105,28383,-2178,-5629,-855,1905,-433,185105,247,16142,-1261,424,-130,224,185126,6670,-32008,-1657,-16,-1583,433,185126,-10567,-31057,6935,-712,-840,-663,185105,-1056,31735,1243,186,-677,-388,16,3
3104,185127,28383,-2183,-5629,-877,1756,-558,185127,247,16142,-1266,415,-130,182,185148,6670,-32035,-1657,-16,-1583,217,185148,-10567,-31076,6935,-712,-840,-663,185127,-1056,31735,1232,148,-677,-388,16,3
3105,185149,29011,-2183,-4629,-938,1558,-722,185149,383,16171,-1270,408,-72,148,185170,6628,-32036,-1562,38,-1066,89,185170,-10473,-31085,6991,-625,-683,-532,185149,-1042,31871,1174,93,-383,-116,16,3
3106,185171,29011,-2157,-4629,-938,1558,-722,185171,383,16171,-1270,408,-72,148,185192,6628,-32072,-1562,187,-1066,89,185192,-10473,-31088,6991,-625,-683,-454,185171,-958,31871,1174,93,-383,-116,16,3
3107,185193,29011,-2157,-4629,-985,1417,-845,185193,383,16171,-1279,401,-109,122,185214,6597,-32072,-1562,187,-1066,56,185214,-10473,-31093,6991,-625,-683,-454,185193,-958,31871,1130,-4,-383,-116,16,3
3108,185215,29378,-2141,-3629,-1021,1313,-930,185215,549,16193,-1286,374,-137,88,185236,6597,-32123,-1489,339,-608,31,185236,-10504,-31099,6993,-560,-565,-347,185215,-934,31973,1097,-108,-312,-35,16,3
3109,185237,29378,-2141,-3629,-1021,1313,-930,185237,549,16195,-1286,374,-137,88,185258,6734,-32129,-1489,339,-608,31,185258,-10504,-31099,6993,-536,-379,-347,185237,-934,31989,1097,-108,-312,-35,16,3
3110,185259,29378,-2141,-3629,-1049,1247,-994,185259,549,16195,-1286,347,-137,52,185280,6734,-32138,-1489,339,-608,-51,185280,-10533,-31104,6993,-536,-379,-347,185259,-934,31989,1097,-176,-312,-35,16,3
3111,185281,29689,-2159,-2629,-1110,1184,-1027,185281,599,16230,-1249,326,-125,25,185302,6792,-32173,-1404,393,-218,-166,185302,-10539,-31108,6992,-452,-140,-266,185281,-930,32105,1160,-226,-240,25,16,3
3112,185303,29693,-2159,-2629,-1110,1184,-1027,185303,599,16231,-1249,326,-125,25,185324,6792,-32173,-1396,393,-218,-166,185324,-10539,-31108,6992,-452,-140,-262,185303,-930,32105,1160,-226,-172,53,16,3
3113,185325,29693,-2159,-2629,-1156,1127,-1059,185325,599,16231,-1249,313,-133,2,185346,6792,-32175,-1396,393,-218,-263,185346,-10544,-31108,6992,-452,-140,-262,185325,-930,32105,1160,-264,-172,53,16,3
3114,185347,29888,-2139,-1629,-1176,1084,-1092,185347,668,16249,-1233,305,-148,-15,185368,6836,-32183,-1315,524,140,-353,185368,-10544,-31093,6970,-388,-97,-145,185347,-881,32136,1212,-305,-67,99,16,3
3115,185369,29888,-2067,-1629,-1176,1084,-1092,185369,681,16249,-1233,305,-148,-15,185390,6864,-32183,-1309,538,140,-353,185390,-10533,-31093,6970,-374,-97,-145,185369,-881,32136,1214,-305,-67,99,16,3
3116,185391,29888,-2067,-1629,-1176,1084,-1126,185391,681,16249,-1233,305,-159,-43,185412,6864,-32183,-1309,538,140,-421,185412,-10533,-31093,6953,-374,-97,-145,185391,-881,32136,1214,-374,-67,99,16,3
3117,185413,30022,-2002,-629,-1131,1089,-1171,185413,715,16251,-1222,306,-167,-94,185434,6980,-32155,-1207,609,409,-523,185434,-10503,-31095,6892,-299,-65,-30,185413,-912,32160,1194,-428,11,107,16,3
3118,185435,30022,-2002,-629,-1109,1089,-1171,185435,715,16251,-1221,308,-167,-94,185456,7024,-32155,-1175,609,409,-523,185456,-10497,-31095,6892,-296,-52,-30,185435,-912,32160,1194,-428,35,107,16,3
3119,185457,30022,-2002,-629,-1109,1089,-1204,185457,715,16251,-1221,308,-182,-132,185478,7024,-32155,-1175,609,409,-600,185478,-10497,-31095,6892,-296,-52,-30,185457,-928,32160,1179,-469,35,107,16,3
3120,185479,29966,-1955,371,-1019,1093,-1226,185479,733,16253,-1209,299,-193,-169,185500,7108,-32162,-1037,649,622,-649,185500,-10474,-31091,6959,-161,130,72,185479,-928,32212,1179,-511,608,142,16,3
3121,185501,29966,-1955,371,-1008,1096,-1226,185501,733,16253,-1209,299,-193,-169,185522,7108,-32162,-1031,649,622,-649,185522,-10474,-31091,6959,-161,130,171,185501,-912,32218,1322,-511,608,142,16,3
3122,185523,29924,-1955,371,-1008,1096,-1226,185523,733,16253,-1212,284,-193,-197,185544,7108,-32167,-1031,649,622,-649,185544,-10521,-31091,6959,-161,58,171,185523,-912,32218,1322,-558,608,109,16,3
3123,185545,29924,-1970,1371,-852,1132,-1211,185545,745,16254,-1231,273,-192,-197,185566,7171,-32167,-923,637,651,-562,185566,-10678,-31078,7011,-132,4,292,185545,-1012,32275,1429,-593,485,84,16,3
3124,185567,29961,-1970,1371,-852,1132,-1209,185567,745,16254,-1231,273,-192,-196,185588,7281,-32147,-923,637,651,-552,185588,-10678,-31078,7011,-132,4,292,185567,-1012,32295,1429,-593,485,84,16,3
3125,185589,29961,-1970,1371,-852,1132,-1209,185589,739,16254,-1231,273,-192,-196,185610,7281,-32147,-923,628,651,-552,185610,-10796,-31078,7011,-132,4,291,185589,-1087,32295,1429,-593,392,84,16,3
3126,185611,30037,-1953,2371,-751,1078,-1137,185611,657,16281,-1223,291,-178,-163,185632,7337,-32132,-880,626,594,-481,185632,-10796,-31066,7050,-138,112,150,185611,-1143,32337,1507,-463,311,176,16,3
3127,185633,30079,-1946,2371,-751,1078,-1133,185633,657,16293,-1214,295,-166,-163,185654,7337,-32132,-880,626,594,-481,185654,-10766,-31066,7039,-138,112,150,185633,-1143,32337,1511,-427,311,201,16,3
3128,185655,30079,-1943,2371,-751,1023,-1133,185655,612,16293,-1214,295,-166,-163,185676,7261,-32132,-880,626,572,-481,185676,-10766,-31066,7039,-148,112,90,185655,-1143,32337,1511,-427,167,201,16,3
3129,185677,30093,-1937,3371,-710,968,-1044,185677,612,16303,-1209,314,-141,-149,185698,7186,-32164,-852,627,572,-447,185698,-10690,-31057,7029,-196,83,70,185677,-1105,32336,1529,-325,49,293,16,3
3130,185699,30093,-1875,3371,-710,968,-1044,185699,647,16303,-1209,315,-135,-149,185720,7186,-32164,-852,627,688,-447,185720,-10690,-31041,7029,-196,83,70,185699,-1077,32336,1529,-325,49,293,16,3
3131,185721,30074,-1875,3371,-710,926,-1044,185721,647,16299,-1209,315,-135,-149,185742,7161,-32164,-852,625,688,-447,185742,-10690,-31041,7023,-217,79,70,185721,-1077,32320,1518,-325,-19,293,16,3
3132,185743,30041,-1804,4371,-727,871,-1048,185743,674,16294,-1207,317,-61,-152,185764,7161,-32148,-799,618,846,-426,185764,-10709,-31032,7007,-226,79,96,185743,-1025,32308,1518,-348,-62,298,16,3
3133,185765,30041,-1804,4371,-727,871,-1048,185765,674,16294,-1207,317,-50,-152,185786,7263,-32148,-771,618,846,-421,185786,-10709,-31022,7007,-226,119,96,185765,-1025,32308,1518,-348,-62,298,16,3
3134,185787,30035,-1804,4371,-745,818,-1048,185787,650,16294,-1207,313,-50,-155,185808,7263,-32148,-771,609,846,-421,185808,-10723,-31022,7007,-226,119,92,185787,-1025,32283,1534,-387,-62,287,16,3
3135,185809,30030,-1789,5371,-813,769,-1048,185809,606,16294,-1204,310,13,-155,185830,7321,-32124,-622,602,880,-390,185830,-10736,-31014,7005,-196,186,89,185809,-984,32264,1542,-416,11,227,16,3
3136,185831,30030,-1789,5371,-813,769,-1032,185831,606,16294,-1197,310,13,-147,185852,7321,-32124,-622,602,880,-390,185852,-10736,-31000,7005,-180,198,89,185831,-984,32264,1556,-416,26,227,16,3
3137,185853,30020,-1789,5371,-866,741,-1032,185853,589,16294,-1197,310,13,-147,185874,7321,-32124,-622,582,880,-390,185874,-10745,-31000,7003,-180,198,87,185853,-984,32264,1556,-428,26,182,16,3
3138,185875,30013,-1777,6371,-969,720,-932,185875,577,16297,-1176,310,16,-132,185896,7365,-32094,-578,563,988,-430,185896,-10762,-31000,7002,-140,257,58,185875,-972,32264,1573,-432,120,159,16,3
3139,185897,30013,-1761,6371,-969,720,-924,185897,577,16308,-1176,310,16,-132,185918,7365,-32094,-578,563,988,-430,185918,-10762,-31000,7002,-121,257,58,185897,-972,32280,1607,-432,161,159,16,3
3140,185919,29994,-1761,6371,-1075,711,-924,185919,568,16308,-1176,308,16,-132,185940,7365,-32094,-578,550,988,-460,185940,-10807,-31000,7002,-121,257,27,185919,-973,32280,1607,-432,161,147,16,3
3141,185941,29979,-1716,7371,-1160,711,-827,185941,538,16318,-1169,302,29,-134,185962,7388,-32072,-545,541,1059,-460,185962,-10841,-31000,7015,-94,292,-10,185941,-985,32292,1645,-425,209,138,16,3
3142,185963,29979,-1716,7371,-1160,711,-827,185963,538,16318,-1169,302,44,-134,185984,7388,-32066,-545,541,1059,-454,185984,-10841,-30982,7027,-94,292,-10,185963,-985,32292,1645,-396,209,138,16,3
3143,185985,29979,-1716,7371,-1236,704,-827,185985,516,16316,-1169,302,44,-134,186006,7388,-32066,-545,534,1059,-454,186006,-10841,-30982,7027,-94,292,-43,185985,-996,32292,1645,-396,207,121,16,3
3144,186007,29992,-1693,8371,-1294,685,-804,186007,502,16310,-1180,304,51,-127,186028,7413,-32095,-532,497,1095,-447,186028,-10826,-30962,7046,-89,312,-68,186007,-1011,32307,1649,-364,152,106,16,3
3145,186029,30002,-1693,8371,-1294,685,-804,186029,502,16310,-1180,309,51,-121,186050,7413,-32095,-532,497,1095,-440,186050,-10822,-30962,7046,-89,312,-68,186029,-1011,32318,1649,-364,152,106,16,3
3146,186051,30002,-1693,8371,-1356,644,-804,186051,495,16306,-1189,309,51,-121,186072,7413,-32095,-532,466,1095,-438,186072,-10822,-30962,7046,-89,312,-68,186051,-1016,32321,1649,-364,152,95,16,3
3147,186073,30019,-1675,9371,-1402,588,-813,186073,495,16303,-1194,319,52,-106,186094,7456,-32121,-523,443,1155,-434,186094,-10808,-30969,7066,-85,357,-61,186073,-1026,32340,1652,-348,150,86,16,3
3148,186095,30019,-1675,9371,-1402,588,-813,186095,502,16303,-1194,320,52,-104,186116,7456,-32121,-516,443,1155,-434,186116,-10808,-30969,7066,-85,357,-61,186095,-1026,32346,1656,-348,150,86,16,3
3149,186117,30019,-1675,9371,-1410,545,-821,186117,502,16301,-1195,320,52,-104,186138,7456,-32121,-511,418,1155,-434,186138,-10811,-30974,7066,-85,357,-61,186117,-1051,32346,1656,-348,150,86,16,3
3150,186139,30012,-1654,10371,-1410,468,-827,186139,533,16299,-1198,339,61,-87,186160,7498,-32098,-493,407,1214,-428,186160,-10814,-30974,7037,-50,366,-46,186139,-1080,32359,1712,-332,206,90,16,3
3151,186161,30012,-1628,10371,-1397,468,-827,186161,533,16299,-1198,340,80,-87,186182,7552,-32098,-489,407,1214,-419,186182,-10814,-30968,7037,-50,366,-44,186161,-1080,32359,1712,-329,206,92,16,3
3152,186183,30012,-1628,10371,-1397,410,-827,186183,533,16297,-1198,340,80,-87,186204,7552,-32098,-489,407,1214,-419,186204,-10832,-30968,7037,-50,363,-44,186183,-1090,32351,1712,-329,206,92,16,3
3153,186205,30019,-1619,11371,-1309,353,-786,186205,550,16296,-1197,356,103,-73,186226,7626,-32081,-466,413,1115,-362,186226,-10855,-30970,7045,-27,339,-26,186205,-1097,32345,1738,-314,243,106,16,3
3154,186227,30037,-1619,11371,-1299,353,-777,186227,550,16296,-1197,357,109,-73,186248,7626,-32081,-458,413,1115,-362,186248,-10855,-30974,7045,-27,339,-26,186227,-1097,32345,1738,-314,243,110,16,3
3155,186249,30037,-1620,11371,-1299,311,-777,186249,550,16296,-1197,357,109,-73,187850,7626,-32081,-458,413,1041,-362,187850,-10873,-30975,7045,-27,317,-26,186249,-1102,32326,1738,-314,243,110,17,3
3156,187851,30056,-1641,12340,-1189,253,-715,187851,567,16305,-1186,367,153,-63,187872,7675,-32060,-431,410,998,-341,187872,-10912,-30975,7063,-12,305,-14,187851,-1154,32326,1743,-238,271,134,17,3
3157,187873,30056,-1641,12340,-1189,253,-715,187873,567,16305,-1186,367,153,-62,187894,7675,-32040,-431,410,998,-341,187894,-10912,-30975,7107,-12,305,-14,187873,-1154,32324,1757,-238,312,134,17,3
3158,187895,30044,-1656,12340,-1189,253,-715,187895,567,16305,-1186,367,153,-62,187916,7675,-32040,-431,410,975,-341,187916,-10955,-30975,7107,-12,305,-14,187895,-1211,32314,1757,-238,312,134,17,3
3159,187917,30029,-1678,13123,-1159,268,-696,187917,536,16303,-1208,373,171,-50,187938,7740,-32009,-397,416,975,-310,187938,-11008,-30945,7154,-8,342,-22,187917,-1274,32309,1801,-235,488,123,17,3
3160,187939,30029,-1678,13123,-1159,268,-696,187939,536,16303,-1208,373,171,-50,187960,7740,-32008,-397,416,978,-303,187960,-11008,-30945,7162,-8,348,-22,187939,-1274,32309,1849,-235,488,123,17,3
3161,187961,30018,-1694,13123,-1159,268,-696,187961,513,16301,-1227,373,171,-50,187982,7740,-32007,-397,416,978,-303,187982,-11047,-30945,7162,-13,348,-28,187961,-1321,32305,1849,-235,488,123,17,3
3162,187983,30009,-1708,13724,-1136,248,-699,187983,495,16300,-1241,376,188,-40,188004,7829,-32007,-391,386,984,-272,188004,-11083,-30908,7197,-21,369,-49,187983,-1424,32305,1932,-229,425,146,17,3
3163,188005,30009,-1708,13724,-1133,248,-699,188005,495,16300,-1241,376,208,-40,188026,7829,-32001,-391,386,984,-271,188026,-11083,-30908,7203,-21,370,-49,188005,-1424,32306,1948,-214,425,166,17,3
3164,188027,29967,-1717,13724,-1133,233,-699,188027,442,16300,-1252,366,208,-40,188048,7829,-32001,-395,364,984,-271,188048,-11098,-30908,7203,-37,370,-64,188027,-1476,32306,1948,-214,313,166,17,3
3165,188049,29935,-1717,14145,-1108,221,-699,188049,403,16301,-1260,358,248,-30,188070,7884,-31996,-395,361,954,-236,188070,-11111,-30879,7218,-62,369,-81,188049,-1491,32306,1997,-107,208,200,17,3
3166,188071,29935,-1717,14145,-1108,221,-688,188071,403,16301,-1260,358,248,-26,188092,7884,-31996,-395,361,954,-233,188092,-11111,-30879,7236,-62,369,-81,188071,-1491,32299,1997,-107,208,200,17,3
3167,188093,29927,-1717,14145,-1108,213,-688,188093,392,16301,-1266,356,248,-26,188114,7884,-31996,-398,358,936,-233,188114,-11119,-30879,7236,-94,369,-100,188093,-1502,32297,1997,-107,102,200,17,3
3168,188115,29927,-1717,14498,-1089,202,-660,188115,392,16303,-1266,356,258,-12,188136,7927,-31980,-398,356,923,-208,188136,-11127,-30853,7259,-118,366,-117,188115,-1520,32272,2031,-93,22,225,17,3
3169,188137,29927,-1717,14498,-1089,202,-660,188137,398,16306,-1264,357,258,-12,188158,7939,-31980,-396,356,923,-208,188158,-11127,-30853,7259,-118,366,-117,188137,-1520,32272,2031,-93,22,236,17,3
3170,188159,29927,-1717,14498,-1089,181,-660,188159,398,16306,-1264,357,258,-12,188180,7939,-31980,-396,356,913,-208,188180,-11133,-30853,7259,-118,366,-130,188159,-1534,32272,2031,-93,-28,236,17,3
3171,188181,29937,-1737,14723,-1083,127,-645,188181,396,16307,-1263,357,298,-11,188202,7896,-31968,-409,368,862,-198,188202,-11133,-30835,7268,-110,374,-142,188181,-1534,32280,2031,-109,-28,270,17,3
3172,188203,29943,-1737,14723,-1083,127,-645,188203,396,16307,-1263,358,298,-11,188224,7896,-31968,-409,380,862,-198,188224,-11117,-30835,7268,-91,402,-142,188203,-1516,32282,2031,-109,45,270,17,3
3173,188225,29943,-1746,14723,-1083,73,-645,188225,395,16299,-1266,358,298,-11,188246,7864,-31968,-432,380,824,-198,188246,-11117,-30835,7265,-91,402,-193,188225,-1516,32282,2031,-120,45,270,17,3
3174,188247,29957,-1757,14858,-1079,7,-655,188247,386,16293,-1269,359,288,-7,188268,7864,-31959,-462,411,792,-200,188268,-11095,-30806,7252,47,1319,-294,188247,-1505,32291,2033,-120,313,249,17,3
3175,188269,29963,-1757,14858,-1079,7,-655,188269,386,16293,-1269,363,288,-7,188290,7914,-31959,-462,413,792,-200,188290,-11095,-30806,7252,47,1847,-294,188269,-1505,32291,2034,-108,498,249,17,3
3176,188291,29963,-1765,14858,-1081,-95,-668,188291,379,16293,-1269,363,271,-7,188312,7914,-31959,-522,413,752,-271,188312,-11095,-30806,7177,4,1847,-587,188291,-1516,32291,2035,-108,498,233,17,3
3177,188313,29980,-1829,14959,-1126,-200,-688,188313,338,16312,-1236,369,243,-25,188334,8135,-31921,-625,549,607,-577,188334,-11145,-30872,7120,-80,3135,-961,188313,-1547,32312,2035,200,2103,233,17,3
3178,188335,30022,-1829,14959,-1126,-200,-688,188335,338,16353,-1236,393,243,-25,188356,8135,-31903,-625,686,607,-577,188356,-11145,-30872,7120,-80,3135,-961,188335,-1547,32312,2035,280,2420,345,17,3
3179,188357,30022,-1877,14959,-1159,-317,-703,188357,208,16353,-1236,393,192,-63,188378,8135,-31903,-625,686,607,-920,188378,-11182,-30880,7120,-150,3135,-1302,188357,-1548,32312,1950,280,2420,345,17,3
3180,188379,30138,-1877,15171,-1182,-589,-703,188379,38,16398,-1191,471,143,-148,188400,7955,-31901,-556,1034,796,-1251,188400,-11246,-30880,7144,-348,4071,-2087,188379,-1548,32312,1886,717,3538,451,17,3
3181,188401,30206,-1829,15179,-1182,-589,-702,188401,38,16415,-1191,485,143,-148,188422,7955,-31901,-556,1034,1110,-1251,188422,-11246,-30880,7144,-348,4101,-2087,188401,-1548,32312,1886,745,3538,454,17,3
3182,188423,30206,-1829,15179,-1182,-811,-702,188423,-12,16415,-1191,485,3,-241,188444,7820,-31901,-556,1034,1110,-1602,188444,-11280,-30886,7050,-496,4101,-3111,188423,-1548,32312,1824,745,3538,454,17,3
3183,188445,30474,-1769,15254,-1165,-1373,-725,188445,-27,16427,-1153,568,-102,-475,188466,7820,-31631,-621,1167,2184,-2321,188466,-11301,-31022,6741,-532,4521,-4565,188445,-1607,32312,1778,1108,3953,654,17,3
3184,188467,30544,-1769,15254,-1159,-1373,-725,188467,-27,16427,-1153,568,-102,-475,188488,8125,-31631,-621,1167,2362,-2321,188488,-11301,-31022,6741,-532,4521,-4565,188467,-1607,32312,1778,1181,3953,870,17,3
3185,188489,30544,-1769,15016,-1159,-2004,-742,188489,-27,16427,-1153,205,-102,-1047,188510,8125,-31631,-669,1167,2362,-3348,188510,-11301,-31126,6509,-532,4521,-5750,188489,-1759,32312,1743,1181,3953,870,17,3
3186,188511,30712,-1872,14586,-1259,-3124,-824,188511,-25,16271,-1108,-287,37,-1842,188532,8912,-31183,-705,994,3095,-5348,188532,-10787,-31226,6273,-474,4263,-6665,188511,-1997,32252,1709,1796,4021,1956,17,3
3187,188533,30712,-1872,14586,-1259,-3124,-824,188533,-25,16271,-1108,-287,61,-1842,188554,8912,-30879,-705,994,3095,-5348,188554,-10751,-31226,6273,-391,4263,-6665,188533,-1997,32252,1709,1975,4021,2490,17,3
3188,188555,30612,-1908,14051,-1594,-4196,-1081,188555,-25,16139,-1108,-623,61,-2526,188576,8912,-30879,-726,864,3095,-7348,188576,-10751,-31321,6066,-391,3895,-7393,188555,-1997,32163,1683,1975,4001,2490,17,3
3189,188577,30283,-1908,13052,-2071,-5357,-1274,188577,-328,15985,-945,-875,294,-3146,188598,9520,-29879,-756,864,3385,-9348,188598,-10375,-31416,5881,59,3259,-8592,188577,-1795,32096,1572,2594,3986,4490,17,3
3190,188599,30283,-1851,13052,-2071,-5357,-1274,188599,-328,15985,-924,-875,381,-3146,188620,9520,-29879,-756,1520,3385,-9348,188620,-10375,-31416,5881,85,3259,-8592,188599,-1675,32096,1572,2594,3986,4490,17,3
3191,188621,30002,-1851,12133,-2445,-6688,-1274,188621,-730,15854,-924,-1064,381,-3656,188642,9520,-29879,-756,1520,2968,-11348,188642,-10375,-31596,5862,85,2128,-10043,188621,-1675,32046,1155,2594,3547,4490,17,3
3192,188643,29225,-1300,11133,-2725,-8688,-1113,188643,-1409,15672,-640,-1226,626,-4314,188664,9904,-28879,-779,2351,2655,-13348,188664,-9859,-31623,5862,536,537,-12043,188643,-1166,31992,656,3009,2430,6490,17,3
3193,188665,29225,-1300,11133,-2725,-8688,-1113,188665,-1409,15672,-461,-1226,626,-4314,188686,9904,-28879,-779,2606,2655,-13348,188686,-9375,-31623,5872,776,537,-12043,188665,-724,31992,656,3009,2430,6490,17,3
3194,188687,28225,-1300,10133,-2725,-10688,-1113,188687,-1918,15535,-461,-1353,626,-5076,188708,9904,-28879,-779,2606,2655,-15348,188708,-9375,-31623,5872,776,-809,-13712,188687,-724,31966,208,3009,501,6490,17,3
3195,188709,27225,-1172,9133,-2442,-12688,-1757,188709,-1918,15347,-114,-1844,623,-6854,188730,10192,-28153,-542,3403,2907,-17348,188730,-8375,-30623,5880,1152,-2809,-14715,188709,276,31884,-128,3239,-1221,8490,17,3
3196,188731,27225,-1172,9133,-2442,-12688,-1757,188731,-1467,15347,-114,-1844,623,-6854,188752,10192,-28153,-118,3403,2907,-17348,188752,-8375,-30623,5880,1152,-2809,-14715,188731,276,31884,-128,3239,-1221,8490,17,3
3197,188753,26225,-1172,8133,-2442,-14688,-2280,188753,-1467,15206,-114,-2510,621,-8518,188774,10192,-28153,-118,3403,1788,-19348,188774,-8375,-30623,5800,1152,-2839,-15192,188753,276,31823,-574,3239,-1349,8490,17,3
3198,188775,25225,-1157,7133,-2161,-16688,-2672,188775,-1012,15013,-140,-3060,621,-10010,188796,10866,-27568,379,3112,-17,-19348,188796,-7375,-29623,5740,1288,-2839,-15239,188775,1276,31697,-1126,3244,-1349,10352,17,3
3199,188797,25225,-1076,7133,-2138,-16688,-2672,188797,-1012,15013,-140,-3060,735,-10010,188818,11192,-27153,379,3112,-17,-17348,188818,-7375,-29623,5740,1288,-1935,-15239,188797,1276,31697,-1126,3244,-1347,10352,17,3
3200,188819,24225,-1076,6133,-2138,-18541,-2672,188819,-1191,14812,-159,-3463,735,-11174,188840,11192,-27153,379,2347,-1694,-17348,188840,-7375,-29623,5740,1288,-1935,-15239,188819,1276,31555,-1380,3158,-1347,10352,17,3
3201,188841,23225,-1141,5133,-1685,-19682,-2299,188841,-1677,14539,-159,-3712,821,-12156,188862,12152,-26153,770,1773,-2669,-19348,188862,-6375,-28623,6191,1258,-1257,-14475,188841,2276,31104,-1571,2866,-652,11392,17,3
3202,188863,23225,-1141,5133,-1685,-19682,-2299,188863,-1677,14539,-149,-3712,821,-12156,188884,12192,-26153,770,1773,-2669,-19348,188884,-6375,-28623,6191,1258,-1168,-14153,188863,2276,31104,-1571,2866,-652,11392,17,3
3203,188885,23187,-1277,4133,-1685,-19682,-2299,188885,-2096,13987,-149,-3842,524,-12893,188906,12192,-26153,770,1394,-2680,-21348,188906,-6375,-28623,6191,1139,-1168,-14153,188885,2276,30442,-1714,2620,-652,11392,17,3
3204,188907,23158,-1385,3393,-1065,-19445,-2019,188907,-3096,13573,-109,-3887,212,-13334,188928,13192,-25206,1287,1110,-2688,-23159,188928,-5375,-27623,6529,920,90,-12970,188907,3276,29913,-1769,2189,-532,11230,17,3
3205,188929,23158,-1385,3393,-1065,-19165,-2019,188929,-3096,13573,-109,-3887,212,-13334,188950,13192,-25206,1287,1110,-2688,-23159,188950,-5375,-27623,6529,920,200,-12635,188929,3276,29913,-1769,2189,-532,11230,17,3
3206,188951,22158,-1385,3346,-1065,-19165,-2019,188951,-4096,13361,-109,-3887,-248,-13445,188972,13192,-25206,1287,897,-2688,-24334,188972,-5375,-27623,6529,756,200,-12635,188951,3276,29517,-2038,1499,-532,10781,17,3
3207,188973,21158,-1976,3346,-445,-18585,-1566,188973,-5096,13202,28,-3793,-1073,-13495,188994,14192,-24496,889,12,-2652,-24334,188994,-4375,-26623,6614,633,1419,-10792,188973,4276,29466,-2298,862,444,9190,17,3
3208,188995,21158,-1976,3637,-445,-18585,-1566,188995,-5096,13202,123,-3696,-1073,-13495,189016,14192,-24294,889,12,-2652,-24118,189016,-4375,-26623,6614,633,1419,-10635,188995,4276,29466,-2298,862,619,9190,17,3
3209,189017,20158,-2396,3637,-445,-18585,-1566,189017,-6096,13083,123,-3696,-1692,-13495,189038,14192,-24294,640,-734,-2870,-24118,189038,-4375,-26623,6614,633,1419,-10635,189017,4276,29427,-2485,233,619,7322,17,3
3210,189039,19158,-2711,3011,-228,-20585,-1319,189039,-7096,13083,1002,-3330,-1770,-13166,189060,13192,-23532,484,-1915,-3308,-22118,189060,-3375,-25623,6476,670,1119,-8635,189039,5276,29402,-2625,-1114,1306,5616,17,3
3211,189061,19158,-2711,3011,-228,-20585,-1319,189061,-7096,13189,1020,-2897,-1770,-12842,189082,13192,-23294,484,-1915,-3308,-22118,189082,-3375,-25623,6476,693,1119,-8635,189061,5276,29402,-2625,-1114,1306,5616,17,3
3212,189083,18158,-2711,2036,-228,-22585,-1319,189083,-8096,13189,1020,-2897,-1829,-12842,189104,12192,-23294,484,-2936,-3636,-22118,189104,-3375,-25623,6476,693,-94,-8635,189083,5276,29402,-2625,-2249,108,4457,17,3
3213,189105,17158,-2015,1036,-39,-24479,-1034,189105,-9096,13200,1835,-2704,-2061,-11800,189126,11192,-22294,533,-3826,-3808,-20118,189126,-2375,-24623,6937,1042,-1003,-6635,189105,6276,29609,-2066,-3100,-1779,3589,17,3
3214,189127,17158,-2015,1036,67,-24479,-1034,189127,-9096,13200,2020,-2704,-2061,-11471,189148,11192,-22294,773,-3826,-3808,-20118,189148,-2375,-24623,7027,1042,-1003,-6635,189127,6276,29689,-1876,-3100,-1779,3589,17,3
3215,189149,16158,-2015,36,67,-25739,-1034,189149,-10096,12597,2020,-3180,-2235,-11471,189170,10192,-22294,773,-3826,-3808,-20118,189170,-2375,-24623,7027,1042,-1351,-6635,189149,6276,29689,-1876,-3323,-3194,3090,17,3
3216,189171,15158,-1767,-964,99,-26668,-640,189171,-11096,11597,2633,-4015,-2414,-10023,189192,9192,-21294,989,-3326,-3118,-18118,189192,-1375,-25551,7580,1114,-1351,-4950,189171,7276,29981,-1299,-3323,-3742,2762,17,3
3217,189193,15158,-1767,-964,99,-26668,-570,189193,-11096,11597,2633,-4015,-2414,-9519,189214,9192,-21294,989,-3326,-3118,-18118,189214,-1375,-25551,7580,1114,-1351,-4950,189193,7276,29981,-1299,-2905,-3742,2762,17,3
3218,189215,15158,-1767,-1964,36,-27095,-570,189215,-12096,10617,2633,-4378,-2515,-9519,189236,8192,-21294,989,-3326,-3961,-18118,189236,-1375,-26247,7580,1114,-1548,-4950,189215,7276,29981,-1299,-2905,-3742,2629,17,3
3219,189237,15618,-1691,-2964,-183,-27415,-571,189237,-13065,9842,3044,-4406,-2624,-7519,189258,7192,-20294,657,-2843,-4593,-16118,189258,-375,-27247,7879,874,-1548,-3949,189237,8276,29996,-1162,-2181,-3269,2529,17,3
3220,189259,15618,-1691,-2964,-183,-27415,-571,189259,-13065,9842,3044,-4406,-2624,-7519,189280,7192,-20294,657,-2843,-4593,-16118,189280,-375,-27247,7879,874,-1382,-3949,189259,8276,29996,-1162,-2056,-3017,2529,17,3
3221,189281,15618,-1691,-3964,-393,-27415,-588,189281,-13549,9220,3044,-4406,-2910,-7519,189302,7192,-20294,-99,-2843,-4593,-16118,189302,-375,-28047,7879,474,-1382,-3949,189281,8276,29873,-1162,-2056,-3017,2494,17,3
3222,189303,16618,-1648,-4964,-741,-26843,-680,189303,-13666,8753,3644,-4272,-3125,-5519,189324,8192,-19294,-846,-2216,-4317,-14118,189324,625,-28679,7875,-50,-1258,-3466,189303,9276,29689,-1073,-1342,-2131,2494,17,3
3223,189325,16618,-1648,-4964,-741,-26141,-680,189325,-13666,8753,3665,-4034,-3125,-5519,189346,8192,-19294,-846,-2185,-3747,-14118,189346,625,-28679,7875,-50,-1137,-3466,189325,9276,29689,-1073,-1342,-1878,2513,17,3
3224,189347,16618,-1648,-5964,-1028,-26141,-749,189347,-13666,8547,3665,-4034,-3125,-5519,189368,8192,-19294,-1406,-2185,-3747,-14118,189368,625,-29153,7826,-468,-1137,-3466,189347,9276,29600,-1073,-1342,-1878,2513,17,3
3225,189369,16757,-1579,-6964,-1261,-24234,-1173,189369,-13640,8509,4209,-3232,-3047,-3519,189390,9192,-18294,-1934,-1456,-3425,-12118,189390,1625,-29508,7789,-782,-839,-3104,189369,10207,29534,-1006,-795,-815,2654,17,3
3226,189391,16757,-963,-6964,-1261,-24141,-1173,189391,-13420,8509,4217,-3094,-3038,-3519,189412,9192,-18294,-1934,-1370,-3113,-12118,189412,1625,-29508,7789,-782,-673,-2990,189391,10276,29534,-1006,-795,-815,2654,17,3
3227,189413,16757,-963,-7964,-1261,-24141,-1213,189413,-13420,8509,4217,-3094,-3038,-3519,189434,9192,-18294,-2438,-1370,-3113,-12118,189434,1625,-29508,7761,-982,-673,-2990,189413,10276,29484,-1304,-795,-815,2654,17,3
3228,189435,16685,-684,-8964,-1056,-22141,-1215,189435,-12697,8849,4839,-1860,-2471,-1890,189456,10192,-17294,-2832,-393,-2219,-10118,189456,2395,-28508,7656,-1019,-579,-2600,189435,11139,29447,-1304,-363,-283,2645,17,3
3229,189457,16685,-684,-8964,-1042,-22141,-1215,189457,-12632,8956,4852,-1860,-2338,-1890,189478,10192,-17294,-2832,-379,-1860,-10118,189478,2395,-28508,7656,-1019,-565,-2524,189457,11139,29447,-1296,-356,-283,2645,17,3
3230,189479,16631,-684,-9964,-1042,-22141,-1217,189479,-12632,8956,4852,-1860,-2338,-1890,189500,10192,-17294,-3128,-379,-1860,-10118,189500,2395,-29359,7640,-1019,-565,-2524,189479,11139,29221,-1290,-356,-283,2638,17,3
3231,189501,16591,-596,-10964,-811,-20141,-1247,189501,-11902,9331,5400,-1053,-1689,-959,189522,11192,-16846,-3330,527,-842,-8118,189522,3010,-29997,7562,-848,-498,-2023,189501,11786,29028,-1290,90,-6,2612,17,3
3232,189523,16591,-596,-10964,-811,-20141,-1247,189523,-11902,9339,5400,-1053,-1684,-959,189544,11192,-16846,-3330,527,-842,-8118,189544,3010,-29997,7562,-846,-498,-1894,189523,11890,29028,-1290,97,-6,2612,17,3
3233,189545,16591,-876,-11964,-811,-20141,-1307,189545,-11902,9339,5400,-1053,-1684,-959,189566,11192,-16846,-3481,527,-842,-8118,189566,3010,-30465,7503,-846,-498,-1894,189545,11890,28883,-1407,97,-6,2495,17,3
3234,189567,17079,-1086,-12964,-713,-18141,-1385,189567,-11486,9631,5684,-669,-872,-516,189588,12192,-16600,-3594,879,-204,-6272,189588,3471,-30816,7459,-712,-522,-1336,189567,12483,28804,-1507,372,312,2260,17,3
3235,189589,17079,-1086,-12964,-713,-18141,-1385,189589,-11486,9631,5684,-669,-872,-516,189610,12192,-16600,-3594,879,-204,-6272,189610,3471,-30816,7459,-684,-522,-1314,189589,12523,28804,-1507,372,312,2260,17,3
3236,189611,17079,-1218,-13964,-713,-18141,-1448,189611,-11486,9631,5684,-669,-872,-516,189632,12192,-16600,-3761,879,-204,-6272,189632,3471,-31080,7459,-684,-540,-1314,189611,12523,28745,-1618,372,312,2057,17,3
3237,189633,17547,-1311,-14964,-683,-16141,-1491,189633,-11209,9714,5897,-575,-394,-483,189654,13192,-16523,-3761,628,73,-5368,189654,3817,-31382,7412,-498,-554,-887,189633,13036,28657,-1765,284,460,1794,17,3
3238,189655,17547,-1311,-14964,-683,-16141,-1491,189655,-11209,9714,5903,-575,-394,-483,189676,13192,-16523,-3760,628,73,-5368,189676,3861,-31382,7412,-476,-554,-857,189655,13052,28657,-1765,284,460,1794,17,3
3239,189677,17547,-1357,-15964,-683,-16141,-1491,189677,-11209,9714,5903,-575,-394,-528,189698,13192,-16523,-3760,376,73,-5368,189698,3861,-31608,7412,-476,-567,-857,189677,13052,28591,-1875,93,460,1545,17,3
3240,189699,18242,-1375,-16964,-717,-14141,-1385,189699,-11112,9772,6074,-540,-121,-700,189720,14192,-16430,-3760,49,165,-4956,189720,4077,-31834,7473,-342,-567,-497,189699,13459,28591,-1875,-369,571,1156,17,3
3241,189721,18266,-1375,-16964,-717,-14141,-1350,189721,-11112,9777,6079,-540,-121,-700,189742,14192,-16430,-3760,49,165,-4956,189742,4110,-31834,7473,-342,-549,-426,189721,13489,28595,-1830,-369,571,1156,17,3
3242,189743,18266,-1375,-17964,-795,-14141,-1350,189743,-11112,9777,6079,-540,-121,-880,189764,14192,-16430,-3760,-183,165,-4956,189764,4134,-31834,7473,-342,-549,-426,189743,13489,28595,-1830,-763,306,823,17,3
3243,189765,19049,-1329,-18964,-965,-12141,-1196,189765,-11098,9869,6272,-514,-24,-1094,189786,15192,-16302,-3760,-262,308,-4651,189786,4134,-30834,7514,-369,-512,-4,189765,13782,28636,-1718,-1059,-289,322,17,3
3244,189787,19097,-1251,-18964,-965,-12141,-1196,189787,-11098,9873,6284,-509,-24,-1094,189808,15192,-16236,-3654,-262,341,-4647,189808,4152,-30834,7514,-369,-500,23,189787,13782,28668,-1718,-1059,-289,322,17,3
3245,189809,19097,-1251,-19964,-1092,-12141,-1196,189809,-11114,9873,6284,-509,-24,-1283,189830,15192,-16236,-3654,-262,341,-4647,189830,4152,-30834,7514,-645,-500,23,189809,13782,28668,-1718,-1131,-905,-112,17,3
3246,189831,19921,-1090,-20964,-1153,-10141,-973,189831,-11234,9969,6457,-405,51,-1429,189852,16192,-15936,-3464,283,1313,-4167,189852,4180,-29834,7451,-1002,-441,466,189831,13896,28697,-1610,-1185,-1367,-671,17,3
3247,189853,20097,-1076,-20964,-1153,-10141,-966,189853,-11234,9969,6457,-297,77,-1429,189874,16192,-15916,-3384,405,1472,-3908,189874,4180,-29834,7451,-1002,368,576,189853,13896,28697,-1610,-1185,-1367,-671,17,3
3248,189875,20097,-1076,-21964,-1153,-10141,-966,189875,-11410,9969,6457,-297,77,-1453,189896,16192,-15916,-3384,405,1472,-3908,189896,4180,-29834,7336,-1270,368,576,189875,13896,28697,-1629,-1196,-1367,-1230,17,3
3249,189897,21097,-910,-22964,-1022,-8141,-579,189897,-11681,9913,6535,230,288,-1453,189918,15192,-15106,-3016,1001,2601,-2799,189918,4189,-28834,7192,-1449,1320,1221,189897,13826,28719,-1643,-1234,-1245,-1920,17,3
3250,189919,21097,-886,-22964,-960,-8141,-555,189919,-11681,9913,6535,468,401,-1361,189940,15192,-15014,-3016,1001,2643,-2449,189940,4189,-28834,7192,-1449,1320,1378,189919,13826,28723,-1643,-1234,-982,-1920,17,3
3251,189941,21097,-886,-23964,-960,-8141,-555,189941,-12025,9913,6535,468,401,-1361,189962,14192,-15014,-3016,1001,2643,-2449,189962,4124,-28834,7166,-1449,1320,1378,189941,13755,28723,-1643,-1284,-982,-2586,17,3
3252,189963,22097,-760,-24743,-733,-6141,-271,189963,-12407,9925,6573,1432,995,-1061,189984,13192,-14334,-2684,1328,3474,-638,189984,3955,-27834,7146,-1121,1844,2139,189963,13650,28902,-1560,-1343,-643,-3156,17,3
3253,189985,22097,-760,-24743,-561,-6141,-271,189985,-12407,9932,6573,1460,1076,-921,190006,13192,-14206,-2512,1328,3474,-449,190006,3955,-27834,7146,-1064,1844,2222,189985,13650,28902,-1512,-1343,-574,-3156,17,3
3254,190007,22097,-760,-25033,-561,-6141,-271,190007,-12727,9932,6573,1460,1076,-921,190028,12192,-14206,-2512,1328,3474,-449,190028,3700,-27834,7146,-1064,1844,2222,190007,13469,28902,-1512,-1387,-574,-3607,17,3
3255,190029,23097,-985,-25128,-75,-4141,-142,190029,-12967,9976,6325,2270,1731,-204,190050,11192,-13710,-1550,1574,3936,1551,190050,3387,-26834,7115,-792,1962,2940,190029,13241,29176,-1170,-1387,763,-4055,17,3
3256,190051,23097,-985,-25128,-75,-4141,-142,190051,-12967,9976,6325,2300,1733,-11,190072,11192,-13710,-1512,1594,3936,1551,190072,3387,-26834,7115,-792,1962,2985,190051,13241,29176,-1170,-1202,831,-4055,17,3
3257,190073,23097,-1350,-25128,-75,-4141,-173,190073,-13095,9948,6030,2300,1733,-11,190094,11192,-13710,-1512,1594,3936,1551,190094,3152,-26834,7092,-792,1962,2985,190073,13070,29146,-1170,-1202,831,-4391,17,3
3258,190095,24097,-1712,-24212,97,-2141,-343,190095,-13103,9927,5671,2946,2244,987,190116,12192,-13636,-648,2104,4519,3551,190116,2976,-27834,6993,-588,2050,3639,190095,12822,29123,-993,-661,1885,-4695,17,3
3259,190117,24097,-1712,-24168,97,-2141,-343,190117,-13103,9927,5671,2946,2328,1244,190138,12192,-13636,-618,2412,5720,3551,190138,2976,-27834,6993,-246,2322,3657,190117,12822,29123,-993,-568,2280,-4695,17,3
3260,190139,24097,-1983,-24168,97,-2141,-474,190139,-13103,9927,5365,2946,2328,1244,190160,12192,-14055,-618,2412,5720,3551,190160,2844,-28307,6918,-246,2322,3657,190139,12608,28866,-993,-568,2280,-4946,17,3
3261,190161,25097,-2217,-23168,42,-141,-1026,190161,-12847,10124,5010,3146,2848,2354,190182,13192,-14983,382,3102,7520,5551,190182,2255,-28307,6862,586,1672,4546,190161,12262,28673,-780,64,2772,-5151,17,3
3262,190183,25097,-2217,-23168,42,-141,-1026,190183,-12720,10201,5010,3146,2936,2397,190204,13192,-14983,382,3102,7520,5551,190204,2255,-27307,6862,586,1672,4570,190183,12262,28653,-780,131,2772,-5151,17,3
3263,190205,25097,-2394,-23168,-220,-141,-1661,190205,-12720,10201,4644,3146,2936,2397,190226,13192,-15983,382,3102,7520,5551,190226,1705,-27307,6862,586,804,4570,190205,12002,28653,-829,131,2395,-5305,17,3
3264,190227,24097,-2561,-22168,-685,1859,-2137,190227,-12445,10603,4096,2991,3891,3400,190248,14192,-16983,1354,2727,7748,7551,190248,1157,-26307,7308,619,153,5495,190227,11715,28653,-951,501,2060,-5743,17,3
3265,190249,24097,-2561,-22168,-685,1859,-2137,190249,-12445,10709,4096,2991,4294,3497,190270,14192,-16983,1382,2727,7748,7551,190270,1157,-26307,7308,619,153,5697,190249,11715,28960,-951,501,2060,-5743,17,3
3266,190271,23097,-2686,-22168,-1033,1859,-2137,190271,-12445,10709,3533,2873,4294,3497,190292,14192,-17983,1382,1993,7748,7551,190292,746,-27307,7308,418,-93,5697,190271,11496,28960,-969,501,1852,-6296,17,3
3267,190293,22097,-2700,-21168,-1301,3859,-2103,190293,-12239,11177,2818,2625,5129,4532,190314,15192,-18983,2382,966,7590,9551,190314,17,-28307,7733,-235,-278,6719,190293,11084,29482,-982,568,1652,-7151,17,3
3268,190315,22097,-2700,-21168,-1301,3859,-1885,190315,-12178,11177,2818,2625,5129,4734,190336,15192,-18983,2382,966,7590,9551,190336,17,-28307,7733,-235,-278,6751,190315,11084,29572,-982,568,1652,-7151,17,3
3269,190337,22097,-2700,-21168,-1502,3859,-1885,190337,-12178,11177,2099,2365,5129,4734,190358,15192,-19983,2382,-125,7171,9551,190358,-481,-28307,7733,-1028,-473,6751,190337,10775,29572,-982,446,657,-7989,17,3
3270,190359,23097,-2517,-20168,-1748,5859,-1753,190359,-11700,11485,1560,2170,4423,6261,190380,16192,-20983,2448,-964,5934,11551,190380,-1064,-27307,7677,-1623,-957,7786,190359,10149,30031,-904,-12,-522,-8836,17,3
3271,190381,23097,-2493,-20168,-1748,5859,-1753,190381,-11497,11485,1560,2170,4423,6349,190402,16192,-20983,2448,-964,5934,11551,190402,-1064,-27307,7677,-1623,-957,8036,190381,10149,30031,-904,-12,-522,-8836,17,3
3272,190403,23097,-2493,-20168,-1933,5859,-1753,190403,-11497,11485,1336,2170,3526,6349,190424,16192,-21853,2180,-1627,4872,11551,190424,-1501,-27307,7475,-1657,-1019,8036,190403,9455,29979,-984,-607,-1406,-9781,17,3
3273,190425,23713,-2235,-19168,-1933,7859,-1654,190425,-10497,12020,1264,2231,2481,7653,190446,15924,-22497,1979,-3081,3353,13551,190446,-1849,-26307,7238,-1657,-1030,9545,190425,8543,29940,-1394,-1621,-1818,-10897,17,3
3274,190447,23713,-2091,-19168,-1929,7859,-1525,190447,-10497,12105,1264,2318,2481,7730,190468,15924,-22497,1979,-3081,3353,13551,190468,-1849,-27307,7238,-1489,-1030,9985,190447,8543,29940,-1394,-1621,-1818,-10897,17,3
3275,190469,23629,-2091,-19168,-1929,7859,-1525,190469,-10497,12105,1210,2318,1697,7730,190490,15419,-22564,1979,-4181,2212,13551,190490,-2849,-27307,7146,-1489,-1039,9985,190469,7751,29940,-1421,-2834,-1818,-12308,17,3
3276,190491,23261,-1772,-18168,-1850,9859,-1448,190491,-9497,12424,1047,2518,1191,9009,190512,14620,-22615,2094,-5006,987,15551,190512,-3849,-28150,6991,-1715,-1231,11284,190491,6751,30191,-1421,-3847,-1370,-13367,17,3
3277,190513,23261,-1562,-18168,-1775,9859,-1448,190513,-9497,12424,1047,2575,1191,9095,190534,14620,-22615,2094,-5006,987,15551,190534,-3849,-28192,6991,-1715,-1231,11284,190513,6751,30289,-1129,-3847,-1370,-13367,17,3
3278,190535,22985,-1562,-18168,-1775,9859,-1448,190535,-9497,12424,914,2575,1191,9095,190556,13981,-22653,2020,-5006,68,15551,190556,-4849,-28856,6875,-1884,-1375,11284,190535,5751,30289,-1129,-4701,-1370,-13929,17,3
3279,190557,22972,-1091,-17168,-1476,11671,-1391,190557,-8497,12663,692,2903,1219,9925,190578,13502,-23371,1443,-4992,-1129,17196,190578,-5849,-29474,6728,-1884,-1375,11703,190557,4751,30620,-592,-5341,-1134,-14297,17,3
3280,190579,22972,-1091,-17168,-1335,11671,-1103,190579,-8497,12724,692,2999,1219,9925,190600,13502,-23371,1443,-4968,-1129,17196,190600,-5849,-29474,6728,-1397,-1152,11703,190579,4751,30652,-522,-5341,-1134,-14297,17,3
3281,190601,22972,-1091,-17168,-1335,11671,-1103,190601,-8497,12724,608,2999,1219,9925,190622,13142,-24022,740,-4968,-1931,17196,190622,-6849,-29813,6618,-1397,-1152,11703,190601,3751,30652,-522,-5341,-1134,-14297,17,3
3282,190623,23841,-868,-16168,-806,12022,-543,190623,-7497,13286,545,3279,1240,10122,190644,12776,-25022,213,-4939,-2051,16390,190644,-7849,-30057,6495,-993,-1173,11288,190623,2751,30863,38,-5314,-178,-13675,17,3
3283,190645,23841,-868,-16168,-711,12022,-330,190645,-7497,13342,545,3279,1240,10122,190666,12776,-25022,213,-4939,-2051,16390,190666,-7849,-30057,6495,-716,-1173,11288,190645,2751,30863,252,-5212,-178,-13119,17,3
3284,190667,23841,-868,-16168,-711,11860,-330,190667,-7497,13342,498,3279,1118,10104,190688,11948,-26022,-182,-4939,-2051,14744,190688,-8838,-30236,6495,-716,-1568,10971,190667,1751,30863,252,-5212,-178,-13119,17,3
3285,190689,22841,-1187,-15168,-507,11177,-172,190689,-6497,13822,369,3059,1027,9779,190710,11327,-27022,-484,-4492,-1722,12744,190710,-9838,-30236,6641,-146,-1864,10132,190689,751,29863,1047,-5064,-806,-11589,17,3
3286,190711,22841,-1187,-15168,-507,11177,-172,190711,-6497,13831,369,3059,1027,9779,190732,11327,-27022,-484,-4492,-387,12744,190732,-9838,-30231,6825,-146,-1864,10132,190711,751,29863,1095,-4993,-806,-11180,17,3
3287,190733,21841,-1426,-15168,-700,10321,-441,190733,-6497,13831,272,2788,770,9449,190754,10977,-27886,-711,-4492,-387,10744,190754,-10838,-30231,6825,-146,-1864,8398,190733,-249,29863,1095,-4993,-806,-11180,17,3
3288,190755,20841,-1575,-14168,-1275,8575,-703,190755,-5497,14728,200,2569,228,8749,190776,10715,-28626,-881,-3506,1389,8744,190776,-11768,-30069,7072,174,136,6398,190755,-1249,30315,1317,-3245,9,-9180,17,3
3289,190777,20841,-1575,-14168,-1275,8575,-703,190777,-5497,14822,200,2569,228,8749,190798,10715,-28626,-881,-3237,1389,8744,190798,-11768,-30069,7072,174,136,6398,190777,-1249,30315,1317,-3167,1142,-9180,17,3
3290,190799,20841,-1575,-14168,-1821,7266,-880,190799,-5497,14822,37,2202,92,7785,190820,10354,-29369,-930,-3237,1389,6744,190820,-11768,-30069,7072,174,136,4398,190799,-1260,30315,1317,-3167,1142,-9180,17,3
3291,190821,21841,-1005,-13168,-2230,6463,-1032,190821,-4497,15385,-308,1805,-9,5865,190842,9354,-29946,-967,-2206,1535,4744,190842,-11601,-30249,7344,-137,-338,2456,190821,-1260,30702,1433,-2047,2001,-7180,17,3
3292,190843,21841,-1005,-13168,-2230,6463,-1032,190843,-4497,15385,-308,1805,-9,5865,190864,9354,-29946,-967,-2114,1535,4744,190864,-11555,-30249,7344,-137,-338,2456,190843,-849,30702,1433,-2047,2001,-7180,17,3
3293,190865,21841,-1005,-13168,-2362,6106,-1175,190865,-4497,15385,-581,1308,-85,4237,190886,8409,-30393,-967,-2114,1535,3978,190886,-11555,-30266,7344,-601,-1006,1977,190865,-849,30702,1433,-2047,215,-7180,17,3
3294,190887,22841,-941,-12168,-2445,5838,-1282,190887,-3497,15513,-836,935,-142,3016,190908,8409,-30714,-635,-1435,1608,3734,190908,-11676,-30281,7116,-949,-1507,1617,190887,-582,30992,1520,-1886,-1688,-5727,17,3
3295,190909,22841,-941,-12168,-2445,5838,-1282,190909,-3497,15513,-836,935,-142,3016,190930,8429,-30714,-635,-1435,1608,3734,190930,-11676,-30281,7116,-949,-1507,1617,190909,-582,31066,1526,-1886,-1688,-5727,17,3
3296,190931,22841,-941,-12168,-2445,5461,-1310,190931,-3497,15513,-1004,768,-173,2417,190952,8429,-30955,-635,-1435,1596,3551,190952,-11956,-30306,6987,-949,-1507,1347,190931,-712,31066,1526,-1886,-2753,-5727,17,3
3297,190953,21841,-1053,-11168,-2413,4828,-1331,190953,-2708,15677,-1084,645,-288,2018,190974,9288,-31198,-430,-1111,1596,3036,190974,-12166,-30325,6908,-914,-1197,636,190953,-1328,31339,1596,-1765,-2753,-4637,17,3
3298,190975,21841,-1053,-11168,-2413,4828,-1331,190975,-2708,15679,-1084,645,-288,2018,190996,9288,-31198,-430,-1111,1654,3036,190996,-12166,-30325,6908,-888,-1197,636,190975,-1328,31449,1740,-1711,-1569,-4630,17,3
3299,190997,21841,-1169,-11168,-2451,4217,-1346,190997,-2708,15679,-1084,607,-374,1742,191018,9288,-31304,-430,-1111,1654,2069,191018,-12166,-30449,6908,-888,-1197,103,190997,-1780,31449,1740,-1711,-1569,-4630,17,3
3300,191019,22841,-1256,-10168,-2479,3728,-1358,191019,-2124,15866,-1053,566,-801,1535,191040,8664,-31431,-276,-638,1860,1343,191040,-12046,-30558,6973,-922,-1330,-253,191019,-1780,31564,1947,-1379,-681,-2981,17,3
3301,191041,22841,-1256,-10168,-2479,3728,-1358,191041,-2124,15866,-1053,566,-801,1535,191062,8664,-31431,-276,-629,1860,1343,191062,-11810,-30558,6973,-922,-1330,-253,191041,-1689,31564,1955,-1238,-681,-2981,17,3
3302,191063,22841,-1256,-10168,-2479,3311,-1358,191063,-2124,15866,-1053,535,-1121,1307,191084,8196,-31527,-276,-629,1562,1224,191084,-11810,-30640,6959,-1064,-1664,-253,191063,-1689,31564,1955,-1238,-735,-2981,17,3
3303,191085,23841,-1178,-9168,-2210,3038,-1184,191085,-1198,15953,-1081,481,-1196,1020,191106,8196,-31599,-253,-190,1123,1224,191106,-11781,-30706,6895,-1170,-2222,-141,191085,-1466,31721,2024,-925,-969,-2144,17,3
3304,191107,23841,-1178,-9168,-2060,3038,-1153,191107,-1198,15953,-1081,481,-1196,1020,191128,8273,-31599,-253,-190,1123,1236,191128,-11781,-30706,6895,-1170,-2222,-141,191107,-1466,31721,2024,-925,-969,-2144,17,3
3305,191129,23841,-1178,-9168,-2060,2831,-1153,191129,-1198,15953,-1081,411,-1196,793,191150,8273,-31617,-253,-190,678,1236,191150,-11819,-30729,6859,-1191,-2252,-141,191129,-1507,31721,2024,-925,-1391,-2144,17,3
3306,191151,24841,-1289,-8168,-1753,2678,-1063,191151,-833,16059,-1068,346,-961,623,191172,8687,-31630,-235,-57,80,1146,191172,-11888,-30746,6812,-1207,-2252,-394,191151,-1612,31838,2070,-724,-1776,-1516,17,3
3307,191173,24841,-1289,-8168,-1753,2678,-1063,191173,-833,16059,-1015,346,-802,623,191194,8687,-31630,-207,-57,80,1146,191194,-11888,-30746,6812,-1207,-2151,-394,191173,-1612,31838,2070,-724,-1776,-1313,17,3
3308,191195,24841,-1376,-8168,-1753,2563,-1063,191195,-833,16059,-1015,280,-802,512,191216,8639,-31640,-207,-57,-381,1079,191216,-11888,-30791,6812,-1219,-2151,-654,191195,-1612,31838,2070,-724,-2065,-1313,17,3
3309,191217,25841,-1474,-7168,-1570,2446,-997,191217,-795,16135,-992,231,-566,463,191238,8211,-31801,-269,180,-727,974,191238,-11799,-30829,6845,-1310,-2072,-849,191217,-1481,31916,2202,-317,-2292,-485,17,3
3310,191239,25841,-1474,-7168,-1570,2446,-995,191239,-795,16135,-992,231,-566,463,191260,8211,-31801,-273,235,-727,974,191260,-11691,-30829,6845,-1310,-2044,-849,191239,-1481,31916,2244,-307,-2292,-485,17,3
3311,191261,25841,-1515,-7168,-1570,2298,-995,191261,-795,16135,-992,206,-566,439,191282,7890,-31898,-315,235,-941,865,191282,-11691,-30899,6841,-1378,-2044,-926,191261,-1481,31916,2244,-307,-2292,-485,17,3
3312,191283,26841,-1518,-6168,-1379,2187,-882,191283,-405,16192,-975,193,-642,421,191304,7871,-31971,-350,399,-1101,760,191304,-11542,-30978,6726,-1412,-1991,-984,191283,-1382,32027,2153,91,-2279,12,17,3
3313,191305,26841,-1518,-6168,-1379,2187,-880,191305,-348,16196,-959,193,-642,421,191326,7871,-31971,-350,399,-1101,760,191326,-11530,-30978,6726,-1412,-1963,-984,191305,-1376,32027,2153,91,-2253,12,17,3
3314,191327,26841,-1518,-6168,-1379,2122,-880,191327,-348,16196,-959,193,-642,396,191348,7857,-32012,-376,399,-1319,652,191348,-11530,-31035,6612,-1412,-1963,-1028,191327,-1376,32027,2030,91,-2253,12,17,3
3315,191349,27841,-1460,-5168,-1219,2073,-782,191349,-52,16276,-890,236,-628,368,191370,7705,-32036,-396,404,-1483,561,191370,-11275,-31035,6521,-1354,-1506,-1119,191349,-1212,32066,1936,339,-1739,331,17,3
3316,191371,27841,-1442,-5168,-1184,2073,-781,191371,-52,16276,-890,251,-541,368,191392,7705,-32036,-396,404,-1483,561,191392,-11263,-30980,6521,-1290,-1506,-1119,191371,-1192,32066,1936,339,-1739,331,17,3
3317,191393,27841,-1442,-5168,-1184,2024,-781,191393,-52,16276,-890,251,-541,330,191414,7241,-32054,-489,404,-1483,493,191414,-11263,-30980,6440,-1290,-1506,-1187,191393,-1192,32023,1756,339,-1739,331,17,3
3318,191415,28613,-1443,-4168,-1026,1772,-640,191415,125,16259,-880,306,-382,230,191436,6893,-32076,-664,408,-1368,220,191436,-10967,-31003,6380,-1176,-1163,-1187,191415,-1012,31991,1621,386,-1244,447,17,3
3319,191437,28613,-1443,-4168,-1026,1772,-640,191437,125,16259,-880,306,-378,230,191458,6893,-32076,-664,411,-1042,220,191458,-10963,-31003,6380,-1142,-1163,-1150,191437,-1012,31991,1621,386,-1244,447,17,3
3320,191459,28613,-1468,-4168,-1026,1583,-640,191459,125,16237,-901,306,-378,120,191480,6893,-32092,-796,411,-1042,-28,191480,-10963,-31026,6335,-1142,-1163,-1150,191459,-1012,31991,1519,386,-1244,447,17,3
3321,191481,28988,-1513,-3168,-960,1444,-653,191481,312,16220,-917,335,-222,18,191502,6922,-32104,-796,355,-412,-238,191502,-10796,-31059,6315,-880,-959,-924,191481,-971,32041,1519,280,-845,417,17,3
3322,191503,28988,-1513,-3168,-960,1444,-653,191503,312,16220,-917,335,-213,18,191524,7054,-32104,-719,355,-406,-238,191524,-10796,-31059,6315,-768,-959,-915,191503,-971,32061,1531,280,-761,417,17,3
3323,191525,28988,-1513,-3168,-960,1444,-677,191525,312,16218,-929,335,-213,-30,191546,7054,-32111,-719,313,-406,-272,191546,-10796,-31084,6315,-768,-959,-915,191525,-971,32061,1531,153,-761,388,17,3
3324,191547,29269,-1488,-2168,-960,1475,-695,191547,379,16218,-971,356,-184,-30,191568,7214,-32111,-697,313,-185,-272,191568,-10752,-31089,6458,-551,-863,-635,191547,-1032,32159,1690,83,-399,350,17,3
3325,191569,29371,-1486,-2168,-960,1475,-695,191569,379,16220,-971,364,-184,-28,191590,7252,-32103,-697,348,-185,-171,191590,-10752,-31089,6458,-551,-863,-635,191569,-1032,32159,1718,83,-399,350,17,3
3326,191591,29371,-1486,-2168,-960,1475,-695,191591,379,16220,-1024,364,-261,-28,191612,7252,-32103,-697,348,-185,-171,191612,-10759,-31089,6458,-551,-863,-635,191591,-1078,32159,1718,83,-616,350,17,3
3327,191613,29702,-1452,-1168,-1040,1457,-677,191613,412,16225,-1064,430,-318,64,191634,7199,-32097,-728,493,-19,-253,191634,-10765,-31074,6497,-445,-636,-601,191613,-1078,32171,1692,108,-779,393,17,3
3328,191635,29702,-1436,-1168,-1040,1457,-677,191635,412,16266,-1064,430,-318,64,191656,7199,-32097,-728,493,-12,-253,191656,-10765,-31074,6497,-445,-635,-601,191635,-1022,32171,1692,139,-779,393,17,3
3329,191657,29702,-1436,-1168,-1100,1434,-677,191657,412,16266,-1064,430,-318,64,191678,7159,-32100,-752,493,-12,-323,191678,-10765,-31074,6497,-445,-635,-601,191657,-1014,32171,1673,139,-779,393,17,3
3330,191679,29860,-1399,-168,-1171,1402,-664,191679,414,16319,-1051,470,-291,79,191700,7129,-32118,-752,545,127,-410,191700,-10717,-31113,6544,-365,-461,-603,191679,-972,32214,1654,142,-640,396,17,3
3331,191701,29860,-1399,-168,-1171,1402,-660,191701,414,16319,-1051,470,-255,79,191722,7129,-32118,-698,545,234,-410,191722,-10681,-31113,6544,-361,-460,-603,191701,-940,32214,1654,142,-601,396,17,3
3332,191723,29860,-1399,-168,-1230,1360,-660,191723,414,16319,-1051,470,-255,46,191744,7129,-32132,-658,545,234,-415,191744,-10681,-31142,6544,-361,-460,-603,191723,-940,32214,1650,136,-601,374,17,3
3333,191745,29915,-1399,832,-1284,1326,-648,191745,492,16319,-1083,429,-95,-32,191766,7205,-32132,-617,529,387,-415,191766,-10618,-31142,6590,-300,-267,-500,191745,-913,32264,1647,131,-468,296,17,3
3334,191767,29915,-1399,832,-1284,1326,-648,191767,492,16319,-1083,429,-95,-32,191788,7335,-32062,-596,529,387,-394,191788,-10618,-31136,6590,-300,-246,-453,191767,-913,32264,1647,131,-468,296,17,3
3335,191789,29915,-1399,832,-1319,1300,-648,191789,492,16298,-1118,398,-95,-71,191810,7335,-32062,-587,529,387,-394,191810,-10618,-31136,6586,-300,-246,-453,191789,-913,32264,1635,128,-468,238,17,3
3336,191811,29992,-1393,1832,-1319,1207,-639,191811,514,16282,-1145,393,-28,-74,191832,7543,-32042,-581,575,316,-370,191832,-10577,-31120,6583,-255,-44,-325,191811,-914,32250,1635,112,-358,226,17,3
3337,191833,29992,-1379,1832,-1280,1207,-632,191833,514,16282,-1145,393,-28,-74,191854,7543,-32042,-581,590,316,-370,191854,-10577,-31120,6583,-235,-44,-321,191833,-914,32250,1636,112,-207,226,17,3
3338,191855,29992,-1379,1832,-1280,1129,-632,191855,514,16282,-1145,393,-41,-76,191876,7543,-32049,-593,590,256,-370,191876,-10577,-31126,6583,-235,-44,-321,191855,-914,32250,1636,9,-207,225,17,3
3339,191877,30018,-1364,2832,-1149,1066,-590,191877,530,16296,-1126,398,-51,-78,191898,7527,-32072,-593,617,217,-398,191898,-10520,-31128,6623,-176,46,-222,191877,-893,32249,1635,-114,132,224,17,3
3340,191899,30018,-1364,2832,-1149,1066,-590,191899,556,16301,-1126,398,-51,-78,191920,7527,-32072,-572,617,217,-398,191920,-10518,-31128,6623,-162,46,-182,191899,-865,32249,1635,-114,132,224,17,3
3341,191921,30011,-1365,2832,-1149,1029,-590,191921,556,16301,-1126,398,-51,-104,191942,7527,-32072,-572,600,217,-419,191942,-10518,-31128,6581,-162,46,-182,191921,-865,32249,1634,-212,132,184,17,3
3342,191943,29910,-1413,3832,-1049,1002,-595,191943,615,16307,-1122,395,13,-148,191964,7553,-32039,-495,521,329,-430,191964,-10450,-31126,6523,-63,113,2,191943,-856,32248,1621,-420,431,103,17,3
3343,191965,29910,-1413,3832,-1049,1002,-595,191965,615,16307,-1122,395,79,-148,191986,7631,-32031,-495,521,329,-430,191986,-10450,-31118,6523,-17,166,2,191965,-856,32248,1621,-420,444,103,17,3
3344,191987,29808,-1491,3832,-1049,981,-607,191987,550,16287,-1122,393,79,-181,192008,7631,-32031,-495,500,329,-430,192008,-10475,-31118,6523,-17,166,2,191987,-856,32248,1621,-576,444,25,17,3
3345,192009,29732,-1570,4832,-1050,966,-670,192009,463,16272,-1124,393,154,-181,192030,7709,-32007,-393,484,342,-368,192030,-10594,-31112,6606,103,330,71,192009,-894,32268,1661,-684,762,-32,17,3
3346,192031,29732,-1570,4832,-1050,966,-670,192031,463,16272,-1124,394,154,-176,192052,7709,-32007,-393,484,342,-368,192052,-10594,-31102,6620,103,330,71,192031,-894,32268,1703,-684,762,-32,17,3
3347,192053,29732,-1629,4832,-1051,966,-676,192053,411,16272,-1124,394,143,-176,192074,7709,-32007,-393,484,342,-368,192074,-10683,-31102,6620,103,330,71,192053,-974,32268,1703,-684,671,-32,17,3
3348,192075,29823,-1643,5832,-1051,966,-676,192075,373,16291,-1124,432,76,-95,192096,7818,-31997,-376,487,336,-375,192096,-10750,-31072,6679,86,314,29,192075,-1034,32303,1793,-621,533,-10,17,3
3349,192097,29823,-1643,5832,-1042,966,-645,192097,373,16307,-1124,432,76,-95,192118,7818,-31997,-376,487,336,-375,192118,-10750,-31072,6679,86,314,29,192097,-1034,32303,1793,-548,533,14,17,3
3350,192119,29823,-1643,5832,-1042,881,-645,192119,370,16307,-1124,432,33,-95,192140,7818,-31997,-376,487,336,-384,192140,-10786,-31072,6679,68,287,-3,192119,-1079,32303,1793,-548,429,14,17,3
3351,192141,29811,-1596,6832,-979,815,-579,192141,370,16336,-1102,440,33,-65,192162,7817,-31997,-374,494,332,-387,192162,-10786,-31050,6711,32,281,-52,192141,-1081,32329,1814,-334,328,80,17,3
3352,192163,29811,-1596,6832,-955,815,-566,192163,385,16336,-1102,440,46,-65,192184,7817,-31997,-374,497,332,-387,192184,-10729,-31050,6711,32,281,-52,192163,-1082,32329,1814,-330,328,125,17,3
3353,192185,29792,-1596,6832,-955,768,-566,192185,385,16336,-1106,421,46,-82,192206,7817,-31997,-380,497,332,-387,192206,-10729,-31050,6711,12,276,-52,192185,-1081,32329,1778,-330,220,125,17,3
3354,192207,29778,-1597,7832,-865,730,-517,192207,394,16310,-1135,391,175,-124,192228,7781,-32013,-385,518,362,-345,192228,-10686,-31041,6741,-7,272,-46,192207,-1025,32324,1733,-213,139,184,17,3
3355,192229,29778,-1597,7832,-865,730,-517,192229,394,16310,-1135,391,175,-124,192250,7781,-32013,-385,531,362,-345,192250,-10686,-31041,6741,-7,272,-26,192229,-1024,32324,1733,-213,139,184,17,3
3356,192251,29778,-1617,7832,-865,695,-517,192251,387,16290,-1157,372,175,-141,192272,7754,-32025,-388,531,362,-345,192272,-10686,-31041,6741,-17,272,-26,192251,-1024,32321,1699,-213,138,184,17,3
3357,192273,29801,-1632,8832,-857,614,-531,192273,382,16280,-1172,368,208,-141,192294,7733,-32034,-391,510,545,-348,192294,-10728,-31046,6767,-17,310,1,192273,-1004,32318,1674,-232,138,183,17,3
3358,192295,29801,-1632,8832,-857,614,-531,192295,382,16280,-1172,368,208,-137,192316,7733,-32034,-391,510,568,-348,192316,-10728,-31046,6773,-12,318,1,192295,-1004,32318,1674,-232,291,183,17,3
3359,192317,29801,-1632,8832,-906,553,-557,192317,376,16280,-1172,368,208,-137,192338,7730,-32034,-395,492,568,-363,192338,-10759,-31050,6773,-12,318,1,192317,-1004,32316,1674,-264,291,173,17,3
3360,192339,29801,-1590,9832,-963,492,-602,192339,365,16292,-1168,379,195,-110,192360,7727,-32017,-398,436,760,-371,192360,-10807,-31050,6807,-8,360,-12,192339,-1003,32299,1687,-313,406,155,17,3
3361,192361,29801,-1586,9832,-963,492,-602,192361,365,16292,-1168,379,195,-110,192382,7727,-32017,-419,436,827,-371,192382,-10807,-31041,6807,-8,360,-12,192361,-1003,32299,1687,-313,442,155,17,3
3362,192383,29775,-1586,9832,-1002,446,-631,192383,353,16292,-1168,379,182,-110,192404,7727,-32017,-424,374,827,-371,192404,-10807,-31041,6807,-10,360,-24,192383,-1003,32299,1687,-351,442,141,17,3
3363,192405,29755,-1551,10832,-1009,393,-648,192405,344,16293,-1170,384,169,-95,192426,7737,-32014,-454,344,1022,-330,192426,-10803,-31041,6813,-12,338,-49,192405,-1026,32320,1705,-379,562,123,17,3
3364,192427,29755,-1551,10832,-1009,393,-648,192427,344,16293,-1170,384,169,-95,192448,7843,-32014,-454,344,1022,-315,192448,-10799,-31030,6813,-12,338,-49,192427,-1026,32322,1723,-379,562,123,17,3
3365,192449,29755,-1551,10832,-1009,341,-661,192449,344,16293,-1176,384,164,-95,192470,7843,-32014,-454,329,1022,-315,192470,-10799,-31030,6805,-13,253,-59,192449,-1043,32322,1723,-379,468,123,17,3
3366,192471,29774,-1531,11832,-1007,302,-674,192471,352,16294,-1176,385,164,-77,192492,7938,-32012,-460,329,1050,-273,192492,-10775,-31020,6805,-48,183,-59,192471,-1086,32329,1750,-327,361,136,17,3
3367,192493,29774,-1531,11832,-998,302,-674,192493,357,16299,-1176,385,164,-64,192514,7938,-32012,-460,333,1050,-273,192514,-10775,-31020,6823,-48,183,-50,192493,-1086,32329,1750,-291,361,165,17,3
3368,192515,29774,-1531,11832,-998,302,-687,192515,357,16299,-1176,384,164,-64,192536,7938,-32012,-460,333,900,-273,192536,-10775,-31020,6823,-74,130,-50,192515,-1118,32329,1750,-291,280,165,17,3
3369,192537,29712,-1492,12752,-972,338,-713,192537,353,16304,-1173,381,170,-39,192558,7917,-31988,-455,374,724,-256,192558,-10775,-31013,6837,-84,130,-74,192537,-1118,32326,1724,-180,220,243,17,3
3370,192559,29712,-1492,12752,-972,375,-713,192559,353,16305,-1173,381,177,-39,192580,7917,-31988,-455,396,724,-256,192580,-10775,-31011,6851,-84,134,-74,192559,-1098,32326,1724,-180,220,243,17,3
3371,192581,29696,-1492,12752,-972,375,-759,192581,343,16305,-1173,381,177,-39,192602,7892,-31988,-455,396,589,-256,192602,-10775,-31011,6851,-92,134,-92,192581,-1098,32326,1705,-180,156,243,17,3
3372,192603,29696,-1471,13442,-966,506,-794,192603,334,16309,-1169,381,196,-41,192624,7867,-31970,-413,457,488,-228,192624,-10775,-31004,6864,-98,137,-105,192603,-1051,32326,1690,-97,108,289,17,3
3373,192625,29696,-1471,13456,-966,506,-794,192625,334,16309,-1169,383,196,-41,192646,7867,-31970,-413,457,488,-228,192646,-10769,-31004,6864,-98,137,-105,192625,-1051,32326,1690,-97,108,289,17,3
3374,192647,29696,-1471,13456,-966,506,-794,192647,334,16309,-1169,383,174,-44,194248,7820,-31970,-413,457,444,-228,194248,-10769,-31004,6864,-99,137,-105,192647,-1051,32312,1677,-97,72,280,18,3
3375,194249,29758,-1479,14018,-956,513,-787,194249,337,16304,-1169,405,156,-46,194270,7813,-31969,-427,458,444,-206,194270,-10774,-31009,6874,-100,217,-101,194249,-1090,32302,1677,-92,67,274,18,3
3376,194271,29758,-1479,14018,-956,513,-787,194271,337,16304,-1169,405,156,-46,194292,7813,-31969,-427,458,473,-206,194292,-10774,-31009,6874,-100,224,-101,194271,-1090,32302,1745,-92,67,274,18,3
3377,194293,29758,-1479,14018,-956,454,-787,194293,337,16304,-1175,405,156,-46,194314,7813,-31969,-427,458,473,-206,194314,-10774,-31009,6874,-101,224,-101,194293,-1153,32294,1745,-127,67,263,18,3
3378,194315,29786,-1483,14413,-930,400,-775,194315,333,16307,-1197,384,175,-34,194336,7832,-31964,-398,459,572,-185,194336,-10782,-31014,6881,-132,277,-88,194315,-1204,32292,1822,-165,158,253,18,3
3379,194337,29786,-1483,14413,-930,400,-775,194337,333,16307,-1197,384,185,-34,194358,7832,-31964,-392,459,633,-185,194358,-10782,-31014,6886,-132,277,-88,194337,-1204,32292,1828,-165,177,253,18,3
3380,194359,29786,-1486,14413,-930,351,-775,194359,333,16307,-1213,369,185,-34,194380,7822,-31964,-392,459,633,-185,194380,-10784,-31014,6900,-136,277,-88,194359,-1249,32292,1828,-183,177,252,18,3
3381,194381,29817,-1516,14709,-897,308,-756,194381,341,16313,-1219,358,213,-38,194402,7786,-31990,-370,460,692,-160,194402,-10805,-31010,6900,-137,300,-94,194381,-1280,32301,1925,-183,291,252,18,3
3382,194403,29823,-1516,14709,-897,308,-756,194403,347,16313,-1219,358,230,-38,194424,7786,-31990,-340,460,692,-160,194424,-10805,-31008,6900,-137,300,-94,194403,-1280,32301,1925,-180,291,265,18,3
3383,194425,29823,-1533,14709,-897,267,-756,194425,347,16313,-1220,350,230,-41,194446,7755,-31990,-340,449,692,-160,194446,-10821,-31008,6885,-137,300,-98,194425,-1304,32301,1925,-180,291,265,18,3
3384,194447,29845,-1541,14881,-893,237,-718,194447,348,16314,-1221,342,296,-41,194468,7736,-32008,-301,421,750,-143,194468,-10847,-30998,6885,-116,274,-106,194447,-1312,32307,2001,-152,227,267,18,3
3385,194469,29845,-1541,14881,-893,237,-708,194469,348,16314,-1221,342,296,-38,194490,7736,-32008,-301,420,761,-143,194490,-10847,-30992,6885,-112,274,-106,194469,-1312,32307,2001,-95,227,267,18,3
3386,194491,29845,-1541,14881,-893,214,-708,194491,337,16314,-1221,336,296,-38,194512,7734,-32021,-301,400,761,-143,194512,-10871,-30992,6897,-112,253,-112,194491,-1318,32307,2001,-95,179,267,18,3
3387,194513,29862,-1541,14992,-909,204,-669,194513,328,16315,-1218,334,339,-23,194534,7734,-32021,-355,385,813,-174,194534,-10889,-30990,6897,-112,237,-128,194513,-1322,32292,2058,-72,175,268,18,3
3388,194535,29864,-1541,14992,-909,204,-660,194535,328,16315,-1218,334,339,-23,194556,7748,-32021,-355,385,813,-174,194556,-10889,-30990,6918,-112,237,-128,194535,-1322,32292,2058,-72,175,268,18,3
3389,194557,29864,-1541,14992,-928,198,-660,194557,328,16313,-1218,332,339,-23,194578,7748,-32031,-396,385,813,-199,194578,-10889,-30990,6918,-117,225,-128,194557,-1331,32292,2058,-82,175,267,18,3
3390,194579,29852,-1513,15076,-948,198,-640,194579,333,16308,-1239,331,400,-27,194600,7759,-32031,-445,397,833,-223,194600,-10830,-30988,6964,-120,225,-117,194579,-1344,32303,2071,-119,242,263,18,3
3391,194601,29852,-1513,15076,-948,208,-640,194601,333,16308,-1239,331,400,-27,194622,7759,-32021,-445,404,833,-223,194622,-10830,-30988,6968,-120,229,-117,194601,-1344,32303,2071,-119,254,263,18,3
3392,194623,29843,-1513,15076,-954,208,-640,194623,333,16287,-1265,330,400,-30,194644,7759,-32013,-463,404,833,-244,194644,-10830,-30988,6968,-120,229,-117,194623,-1348,32303,2071,-153,254,252,18,3
3393,194645,29843,-1488,15137,-954,217,-671,194645,331,16272,-1285,330,397,-30,194666,7781,-32013,-503,427,836,-272,194666,-10880,-30981,7000,-82,1071,-151,194645,-1353,32303,2081,-178,328,239,18,3
3394,194667,29850,-1488,15141,-948,217,-671,194667,331,16272,-1285,337,397,-26,194688,7789,-31975,-503,435,836,-272,194688,-10880,-30981,7000,-82,1102,-151,194667,-1353,32303,2093,-178,396,239,18,3
3395,194689,29850,-1488,15141,-948,217,-698,194689,329,16272,-1285,337,368,-26,194710,7789,-31975,-655,435,826,-313,194710,-10929,-30981,7000,-82,1102,-204,194689,-1354,32303,2093,-178,396,212,18,3
3396,194711,29879,-1498,15197,-965,155,-719,194711,320,16296,-1280,360,347,-27,194732,7992,-31941,-783,723,511,-593,194732,-11012,-30973,6948,-157,2255,-438,194711,-1391,32303,2100,-81,1498,86,18,3
3397,194733,30087,-1498,15201,-965,155,-719,194733,320,16328,-1271,373,347,-27,194754,7992,-31897,-783,905,511,-593,194754,-11012,-30973,6948,-157,2255,-438,194733,-1391,32303,2085,173,1842,86,18,3
3398,194755,30087,-1498,15201,-989,-64,-738,194755,251,16328,-1271,373,347,-51,194776,7992,-31897,-879,905,511,-1053,194776,-11102,-30973,6909,-233,2255,-851,194755,-1463,32303,2085,173,1842,7,18,3
3399,194777,30553,-1489,15308,-1046,-645,-778,194777,199,16404,-1230,420,517,-156,194798,7452,-30897,-951,1394,512,-1637,194798,-11162,-30913,6759,-386,3167,-1575,194777,-1571,31303,1899,501,3004,7,18,3
3400,194799,30595,-1455,15308,-1046,-645,-778,194799,199,16420,-1213,420,556,-156,194820,7452,-30897,-951,1394,793,-1637,194820,-11162,-30913,6759,-386,3167,-1575,194799,-1571,31303,1899,627,3004,30,18,3
3401,194821,30595,-1455,15308,-1111,-1394,-816,194821,199,16420,-1213,411,556,-427,194842,7047,-30897,-997,1394,793,-2222,194842,-11207,-30913,6475,-460,3167,-2525,194821,-1732,31303,1760,627,3004,30,18,3
3402,194843,29595,-1303,14931,-1160,-2757,-868,194843,357,16489,-1057,90,803,-978,194864,7047,-30756,-1095,1517,2390,-3434,194864,-11217,-30958,6248,-460,3909,-3782,194843,-2053,31497,1656,1013,3831,282,18,3
3403,194865,29595,-1303,14931,-1160,-2757,-868,194865,357,16489,-1057,90,998,-978,194886,7447,-30756,-1095,1517,2505,-3434,194886,-11217,-30958,6248,-416,3909,-3782,194865,-2053,31497,1656,1098,3831,570,18,3
3404,194887,28595,-1303,14298,-1160,-4298,-909,194887,357,16467,-1057,-349,998,-1603,194908,7447,-30756,-1169,1517,2505,-4968,194908,-11217,-31026,6040,-416,3909,-5072,194887,-2333,31497,1656,1098,3831,570,18,3
3405,194909,27595,-1255,13298,-1150,-6298,-1110,194909,283,16346,-927,-731,1298,-2389,194930,8447,-30222,-1224,1534,3380,-6968,194930,-11186,-31109,5848,-1,3708,-6900,194909,-2607,31724,1664,1519,3867,1974,18,3
3406,194931,27595,-1255,13298,-1150,-6298,-1110,194931,283,16346,-900,-731,1298,-2389,194952,8447,-29756,-1224,1534,3380,-6968,194952,-11134,-31109,5848,199,3708,-6900,194931,-2607,31724,1670,1609,3867,2570,18,3
3407,194953,27094,-1255,12298,-1351,-8298,-1445,194953,92,16236,-900,-1044,1210,-3185,194974,8447,-29756,-1332,1534,3380,-8968,194974,-11134,-31171,5754,199,3557,-8788,194953,-2807,31724,1670,1609,3867,2570,18,3
3408,194975,26718,-1199,11298,-1681,-10298,-1696,194975,-274,15928,-485,-1279,1084,-4349,194996,9447,-28756,-1332,2434,2772,-10968,194996,-10484,-31171,5754,1419,3368,-10204,194975,-2917,31119,1546,2230,3894,4570,18,3
3409,194997,26718,-1053,11298,-1681,-10298,-1696,194997,-274,15928,-430,-1279,1084,-4349,195018,9447,-28756,-731,3149,2772,-10968,195018,-10134,-31140,5923,1419,3368,-10204,194997,-2917,31119,1546,2230,4379,4570,18,3
3410,195019,25718,-1053,10298,-1809,-12298,-1696,195019,-461,15697,-430,-1530,825,-5512,195040,8921,-28756,-731,3149,2316,-12968,195040,-10134,-31140,5923,1419,3226,-10667,195019,-2917,31119,1277,2230,4379,4570,18,3
3411,195041,24772,-597,9298,-1809,-14298,-1529,195041,-479,15472,-209,-1820,631,-7131,195062,8527,-29347,-108,4360,2263,-14968,195062,-9134,-31421,6240,1850,1226,-10778,195041,-1917,31153,935,2176,4882,6570,18,3
3412,195063,24772,-597,9298,-1490,-14298,-1529,195063,-479,15472,-209,-1820,631,-7131,195084,8527,-29347,67,4360,2263,-14968,195084,-9134,-31421,6298,1850,1226,-10778,195063,-1917,31153,935,2176,4882,6570,18,3
3413,195085,24772,-597,8298,-1490,-16298,-1529,195085,-492,15355,-209,-2126,631,-8346,195106,8527,-29790,67,4360,2223,-16918,195106,-9134,-31421,6298,1850,-774,-10778,195085,-1917,31153,679,2084,3977,6570,18,3
3414,195107,25051,-811,7298,-1122,-18298,-2165,195107,-600,15268,-341,-2356,785,-9279,195128,9527,-29790,516,4447,2062,-18381,195128,-8134,-30421,6603,1868,-2661,-10445,195107,-917,31259,377,1974,2776,7237,18,3
3415,195129,25051,-811,7298,-1122,-18298,-2165,195129,-600,15268,-341,-2356,811,-9279,195150,9527,-29646,516,4447,2062,-18381,195150,-8134,-30421,6603,1868,-2661,-10050,195129,-917,31511,377,1974,2776,7237,18,3
3416,195151,25051,-1360,6298,-1122,-18298,-2642,195151,-932,15268,-436,-2411,811,-9979,195172,9527,-29646,516,4447,557,-19731,195172,-8134,-30421,6603,1868,-3317,-10050,195151,-917,31511,150,1820,1413,7237,18,3
3417,195173,24366,-1772,5298,-1044,-16298,-2655,195173,-1610,15422,-436,-2452,987,-10511,195194,10527,-28646,1003,3437,-1443,-21210,195194,-7134,-30617,6774,1881,-3657,-9230,195173,83,31547,-5,788,-54,7446,18,3
3418,195195,24366,-1772,5298,-1044,-16298,-2655,195195,-1610,15422,-347,-2452,987,-10511,195216,10527,-28646,1003,3437,-1443,-21210,195216,-7134,-30617,6774,2231,-3657,-8951,195195,83,31547,-5,788,-54,7446,18,3
3419,195217,23852,-1772,4298,-1044,-16298,-2655,195217,-2351,15422,-347,-2483,933,-10910,195238,10527,-28646,1003,1968,-3443,-22338,195238,-7134,-30617,6774,2231,-3657,-8951,195217,83,31547,-5,-214,-734,7446,18,3
3420,195239,23852,-1636,3298,-985,-18298,-2591,195239,-3330,15015,-36,-2560,574,-11170,195260,11527,-27646,1426,-32,-5443,-23166,195260,-6134,-30646,7128,3360,-2443,-7880,195239,1083,31570,0,-1580,-1244,7233,18,3
3421,195261,24389,-1516,3298,-835,-18298,-2439,195261,-3330,15015,-36,-2560,574,-11170,195282,11527,-27646,1810,-32,-5443,-23166,195282,-6134,-30646,7214,3360,-2422,-7880,195261,1083,31441,0,-1580,-1244,7233,18,3
3422,195283,24389,-1516,2298,-835,-20141,-2439,195283,-4330,14390,-36,-2697,210,-11266,195304,11527,-27646,1810,-1884,-5443,-23571,195304,-6134,-30668,7214,3360,-2422,-7880,195283,1083,31441,0,-2605,-1431,6954,18,3
3423,195305,23389,-1444,1298,-143,-20678,-1815,195305,-5330,13487,105,-3433,-659,-11338,195326,12527,-26646,2433,-3273,-5087,-23874,195326,-5134,-30685,8160,3325,-1466,-7353,195305,2083,31344,296,-2989,-1581,6691,18,3
3424,195327,23389,-1444,1298,37,-20678,-1791,195327,-5330,13487,105,-3433,-659,-11338,195348,12527,-26646,2433,-3273,-5036,-23874,195348,-5134,-30685,8160,3325,-1466,-7353,195327,2083,31344,296,-2989,-1581,6691,18,3
3425,195349,22389,-1614,298,37,-20678,-1791,195349,-6330,12573,105,-4318,-1612,-11392,195370,12527,-26646,2010,-4315,-5036,-24102,195370,-5134,-30723,8160,3121,-1466,-7353,195349,2083,31272,296,-3105,-1581,6363,18,3
3426,195371,21389,-1836,-702,616,-19505,-1067,195371,-7269,11619,424,-4981,-2326,-11619,195392,13527,-25646,1463,-5212,-3872,-24197,195392,-4134,-30723,8632,2968,-1381,-6958,195371,3083,31064,402,-3161,-1359,6057,18,3
3427,195393,21389,-1836,-702,616,-19435,-1067,195393,-7269,11619,574,-4981,-2326,-11619,195414,13527,-25646,1463,-5212,-3392,-24197,195414,-4134,-29723,8632,2968,-1381,-6958,195393,3083,31064,402,-3161,-1359,6057,18,3
3428,195415,20389,-1836,-1702,616,-19435,-1067,195415,-8269,10950,574,-5372,-2326,-11795,195436,13527,-25646,1103,-5851,-3392,-24197,195436,-4134,-29723,8632,2646,-1381,-6958,195415,3083,30908,402,-3161,-1527,5828,18,3
3429,195437,19389,-1458,-2702,801,-18004,-524,195437,-9269,10605,1235,-5665,-1965,-11927,195458,12527,-24646,691,-5851,-2159,-24032,195458,-3134,-28723,9112,2360,-2008,-6638,195437,4083,30791,493,-3145,-1859,5656,18,3
3430,195459,19389,-1458,-2702,801,-18004,-524,195459,-9269,10605,1299,-5665,-1959,-11927,195480,12527,-24646,691,-5587,-2159,-23821,195480,-3134,-28723,9112,2360,-2008,-6606,195459,4083,30791,557,-3055,-1859,5656,18,3
3431,195481,18389,-1458,-3702,801,-18004,-524,195481,-10269,10358,1299,-5826,-1959,-11927,195502,11527,-24646,342,-5587,-2159,-23821,195502,-3134,-28723,9112,2145,-2008,-6606,195481,4083,30699,557,-3055,-2037,5436,18,3
3432,195503,17389,-1175,-4702,940,-17544,-514,195503,-11269,10303,1901,-5826,-1683,-11788,195524,10527,-23646,-425,-5099,-698,-21821,195524,-2134,-29576,9366,1984,-822,-5475,195503,5083,30630,673,-2336,-2037,4893,18,3
3433,195525,17389,-1175,-4702,1136,-17544,-514,195525,-11269,10303,2081,-5816,-1650,-11401,195546,10527,-23646,-425,-4467,-698,-21821,195546,-2134,-29576,9366,1984,-822,-5441,195525,5083,30630,673,-2075,-902,4893,18,3
3434,195547,16389,-1645,-5702,1136,-17544,-514,195547,-12269,10262,2081,-5816,-1650,-11401,195568,9527,-23646,-1082,-4467,-1469,-21821,195568,-2134,-30216,9366,1863,-822,-5441,195547,5083,30578,673,-2075,-902,4114,18,3
3435,195569,15389,-1645,-6702,1086,-17285,-698,195569,-13208,10220,2902,-5511,-1410,-10432,195590,8527,-22646,-1917,-3970,-2070,-19821,195590,-1250,-30654,9586,1737,-1198,-4008,195569,6083,30455,674,-1674,-670,3530,18,3
3436,195591,15389,-1351,-6702,1086,-17199,-698,195591,-13208,10220,2965,-5511,-1410,-10093,195612,8527,-22646,-1917,-3970,-2070,-19821,195612,-1250,-30654,9586,1737,-1198,-3986,195591,6083,30455,674,-1674,-670,3530,18,3
3437,195613,14389,-1351,-7702,747,-17199,-836,195613,-13913,10041,2965,-5511,-1737,-10093,195634,7527,-22646,-2471,-3970,-2520,-19821,195634,-1250,-30982,9586,1552,-1480,-3986,195613,6083,30433,674,-1674,-670,3131,18,3
3438,195635,14389,-1269,-8702,493,-16785,-939,195635,-14441,9591,3960,-5245,-1983,-8498,195656,6527,-21646,-2887,-3597,-2745,-17821,195656,-587,-31304,9903,1351,-1554,-2892,195635,7083,30416,819,-1629,-1218,2832,18,3
3439,195657,15389,-1269,-8702,493,-16511,-939,195657,-14441,9591,3960,-5186,-1983,-8282,195678,6527,-21646,-2887,-3295,-2745,-17821,195678,-569,-31304,9903,1351,-1554,-2810,195657,7083,30416,819,-1629,-1218,2832,18,3
3440,195679,15389,-1269,-9702,258,-16511,-1097,195679,-14784,9165,3960,-5186,-2088,-8282,195700,5527,-21646,-2967,-3295,-2745,-17821,195700,-569,-31546,9903,1163,-1554,-2810,195679,7083,30404,819,-1629,-1629,2559,18,3
3441,195701,16389,-1477,-10702,-16,-15346,-1216,195701,-15041,8798,4668,-4686,-2088,-6333,195722,5527,-20646,-2969,-2546,-2375,-15821,195722,-58,-31739,10141,775,-1328,-1831,195701,8083,30395,966,-1530,-1856,2245,18,3
3442,195723,16389,-1477,-10702,-16,-15093,-1216,195723,-15041,8798,4668,-4548,-2043,-6282,195744,6527,-20646,-2969,-2248,-2375,-15821,195744,-58,-31739,10141,775,-1328,-1831,195723,8083,30395,966,-1522,-1856,2245,18,3
3443,195745,16389,-1477,-11702,-409,-15093,-1341,195745,-15041,8392,4668,-4548,-2043,-6282,195766,6527,-20646,-3002,-2248,-2375,-15821,195766,-58,-31844,10141,355,-1328,-1831,195745,8083,30358,966,-1522,-1856,1971,18,3
3444,195767,17389,-1293,-12702,-704,-13093,-1434,195767,-14701,8046,5180,-3614,-1966,-4282,195788,7527,-19646,-3027,-1227,-2077,-13821,195788,192,-31923,10291,-9,-1064,-1235,195767,8872,30260,1090,-1309,-1515,1548,18,3
3445,195789,17389,-1293,-12702,-704,-13093,-1434,195789,-14665,8046,5183,-3410,-1817,-4282,195810,7527,-19646,-3028,-1198,-1875,-13821,195810,192,-31923,10291,-9,-1064,-1235,195789,8872,30260,1090,-1238,-1514,1548,18,3
3446,195811,17389,-1293,-13702,-851,-13093,-1434,195811,-14665,7802,5183,-3410,-1817,-4282,195832,7527,-19646,-3046,-1198,-1875,-13821,195832,192,-32010,10291,-231,-1064,-1235,195811,8872,30205,1090,-1238,-1514,1231,18,3
3447,195833,18082,-1275,-14702,-961,-11093,-1255,195833,-14165,7619,5569,-2278,-1580,-2536,195854,8527,-18646,-3078,-447,-1157,-11821,195854,342,-32129,10402,-378,-934,-936,195833,9392,30145,1183,-1021,-990,993,18,3
3448,195855,18082,-1275,-14702,-961,-11093,-1255,195855,-14023,7619,5569,-2185,-1475,-2536,195876,8527,-18646,-3078,-447,-1157,-11821,195876,420,-32129,10402,-378,-934,-936,195855,9392,30145,1241,-1020,-988,993,18,3
3449,195877,18082,-1275,-15702,-1044,-11093,-1255,195877,-14023,7600,5569,-2185,-1475,-2536,195898,8527,-18646,-3078,-447,-1157,-11821,195898,420,-32218,10402,-488,-934,-936,195877,9392,30134,1241,-1020,-988,915,18,3
3450,195899,18641,-1240,-16702,-1064,-9093,-1088,195899,-13494,7600,5828,-1217,-1049,-1358,195920,9527,-17646,-3102,-210,-682,-9821,195920,621,-32285,10399,-594,-836,-859,195899,9794,30126,1290,-821,-823,874,18,3
3451,195921,18669,-1240,-16702,-1064,-9093,-995,195921,-13490,7626,5828,-1217,-1029,-1358,195942,9527,-17646,-3102,-210,-682,-9821,195942,635,-32285,10399,-594,-798,-859,195921,9794,30126,1290,-811,-823,874,18,3
3452,195943,18669,-1240,-17702,-1064,-9093,-995,195943,-13490,7626,5828,-1217,-1029,-1358,195964,9527,-17646,-3312,-210,-682,-9821,195964,635,-32285,10397,-737,-798,-859,195943,9794,30122,1290,-811,-823,843,18,3
3453,195965,19196,-1235,-18702,-1031,-7126,-835,195965,-13087,7686,6033,-548,-688,-660,195986,10527,-16646,-3558,-41,-429,-7821,195986,856,-32261,10395,-878,-588,-801,195965,10127,30122,1289,-642,-902,806,18,3
3454,195987,19198,-1235,-18702,-1031,-7126,-835,195987,-13049,7868,6043,-548,-688,-660,196008,10527,-16646,-3558,-41,-429,-7821,196008,856,-32261,10395,-878,-534,-742,195987,10127,30169,1289,-593,-902,806,18,3
3455,196009,19198,-1235,-19702,-1031,-7126,-835,196009,-13049,7868,6043,-548,-688,-660,196030,10527,-16646,-3748,-41,-429,-7821,196030,856,-32261,10338,-984,-534,-742,196009,10127,30169,1288,-593,-1030,708,18,3
3456,196031,19844,-1282,-20702,-1063,-5759,-749,196031,-12748,8103,6222,-137,-436,-244,196052,11527,-15766,-3975,97,-222,-5821,196052,1022,-32261,10257,-1019,-281,-542,196031,10385,30154,1134,-524,-1126,594,18,3
3457,196053,19868,-1282,-20702,-1063,-5759,-749,196053,-12748,8154,6239,-137,-436,-244,196074,11527,-15766,-3975,216,-203,-5821,196074,1048,-32261,10257,-1019,-214,-456,196053,10385,30154,1134,-524,-1126,594,18,3
3458,196075,19868,-1282,-21702,-1073,-5759,-749,196075,-12748,8154,6239,-137,-436,-244,196096,11527,-15766,-4135,216,-203,-5821,196096,1048,-32261,10214,-1019,-214,-456,196075,10385,30091,1018,-524,-1126,408,18,3
3459,196097,20513,-1273,-22638,-1085,-4811,-668,196097,-12580,8436,6421,163,-318,68,196118,12527,-15292,-4255,531,-3,-3821,196118,1070,-32255,10182,-956,128,-47,196097,10654,30091,1017,-620,-1094,76,18,3
3460,196119,20575,-1273,-22638,-1085,-4811,-668,196119,-12580,8458,6421,170,-318,75,196140,12527,-15292,-4255,532,-3,-3821,196140,1070,-32027,10182,-956,128,100,196119,10654,30126,1017,-620,-1088,76,18,3
3461,196141,20575,-1273,-23638,-1090,-4811,-668,196141,-12580,8458,6421,170,-318,75,196162,12527,-15292,-4255,532,-3,-3821,196162,1070,-32027,10060,-1038,128,100,196141,10654,30126,1017,-692,-1088,-271,18,3
3462,196163,21181,-1148,-24638,-1090,-4100,-574,196163,-12504,8719,6543,507,-229,402,196184,13527,-15016,-4111,1035,471,-1821,196184,978,-31027,9905,-1161,452,704,196163,10730,30126,1016,-692,-926,-763,18,3
3463,196185,21285,-1148,-24638,-1079,-4064,-542,196185,-12504,8804,6543,638,-167,472,196206,13527,-14928,-4005,1465,484,-1821,196206,978,-31027,9905,-1161,452,815,196185,10730,30160,1016,-684,-903,-763,18,3
3464,196207,21285,-1148,-25242,-1079,-4064,-542,196207,-12504,8804,6543,638,-167,472,196228,13527,-14928,-4005,1465,484,-1821,196228,951,-31108,9788,-1292,452,815,196207,10691,30160,1016,-684,-903,-1297,18,3
3465,196229,21840,-1002,-26099,-834,-3429,-398,196229,-12471,9104,6472,1272,67,957,196250,14527,-14533,-3589,2360,1069,179,196250,871,-31363,9591,-1493,719,1580,196229,10534,30172,1032,-575,-642,-1805,18,3
3466,196251,21840,-1002,-26099,-627,-3270,-398,196251,-12448,9117,6472,1453,227,1079,196272,14527,-14533,-3589,2671,1069,179,196272,871,-31363,9591,-1493,992,1639,196251,10534,30198,1032,-318,-359,-1805,18,3
3467,196273,21840,-1002,-26886,-627,-3270,-398,196273,-12448,9117,6309,1453,227,1079,196294,14527,-14533,-3589,2671,1069,179,196294,543,-31520,9443,-1629,992,1639,196273,10410,30198,1032,-318,-359,-2215,18,3
3468,196295,22122,-807,-27648,-230,-1748,-320,196295,-12384,9367,6127,2310,600,1749,196316,15527,-14237,-3151,3595,1545,2179,196316,297,-31520,9328,-1703,1536,2372,196295,10207,30288,1240,99,479,-2682,18,3
3469,196317,22122,-807,-27648,64,-1270,-320,196317,-12384,9432,6127,2416,679,1843,196338,15527,-14223,-3031,3604,1556,2179,196338,297,-31444,9328,-1703,1639,2394,196317,10207,30288,1240,111,579,-2682,18,3
3470,196339,22122,-807,-28018,64,-1270,-320,196339,-12384,9432,5983,2416,679,1843,196360,15527,-14223,-3031,3604,1556,2179,196360,109,-31444,9328,-1703,1639,2394,196339,10055,30288,1240,111,579,-3040,18,3
3471,196361,22041,-889,-28018,660,730,-334,196361,-12302,9737,5696,3274,1300,2600,196382,16527,-13991,-2485,4372,2016,4179,196382,-64,-31051,9410,-1612,2380,3075,196361,9939,30320,1418,676,1922,-3395,18,3
3472,196383,22041,-889,-27989,692,730,-334,196383,-12278,9763,5696,3274,1300,2691,196404,16527,-13991,-2395,4372,2219,4179,196404,-64,-31051,9410,-1397,2545,3075,196383,9939,30320,1510,704,2334,-3395,18,3
3473,196405,22041,-996,-27989,692,730,-442,196405,-12278,9763,5442,3274,1300,2691,196426,16527,-13991,-2395,4372,2219,4179,196426,-437,-31051,9410,-1397,2545,3075,196405,9852,30194,1510,704,2334,-3578,18,3
3474,196427,22121,-1334,-27443,1343,2730,-765,196427,-11915,10021,5008,3735,1834,3387,196448,17527,-14497,-1824,5210,3413,5241,196448,-1119,-30051,9483,-1146,3224,3537,196427,9741,30091,1470,1376,3650,-3578,18,3
3475,196449,22145,-1334,-27055,1343,2730,-765,196449,-11915,10034,5008,3735,1904,3387,196470,17527,-14497,-1824,5210,3663,5241,196470,-1119,-30051,9483,-1146,3224,3537,196449,9741,30091,1470,1376,3650,-3252,18,3
3476,196471,22145,-1688,-27055,1343,2730,-1170,196471,-11915,10034,4671,3735,1904,3387,196492,17527,-14968,-1824,5210,3663,5241,196492,-1671,-30051,9483,-1146,3224,3537,196471,9397,30091,1316,1376,3650,-3252,18,3
3477,196493,22199,-2107,-26055,1132,4730,-1487,196493,-11684,10308,4416,3853,2747,3639,196514,18527,-15322,-1342,4637,5520,5554,196514,-2085,-29051,9548,-845,2068,3270,196493,9139,30042,1201,1776,3498,-2847,18,3
3478,196515,22199,-2107,-26055,1132,4730,-1487,196515,-11684,10308,4416,3853,2747,3639,196536,18527,-15322,-1284,4637,5567,5554,196536,-2085,-29051,9548,-792,2068,3270,196515,9139,30042,1201,1776,3498,-2703,18,3
3479,196537,22199,-2288,-26055,846,4730,-1670,196537,-11684,10308,4225,3696,2747,3639,196558,18527,-15833,-1284,4165,5567,5554,196558,-2085,-29051,9548,-792,1201,3070,196537,9072,30042,1114,1776,3384,-2703,18,3
3480,196559,22537,-2423,-25055,546,2730,-1807,196559,-11460,10401,3872,2995,3393,3368,196580,19527,-16482,-284,3811,7497,5641,196580,-2029,-28051,9657,-668,542,3031,196559,9022,30421,883,1656,3298,-2038,18,3
3481,196581,22537,-2423,-25055,546,2730,-1807,196581,-11460,10401,3872,2995,3393,3368,196602,19527,-16482,-284,3811,7567,5641,196602,-2029,-28051,9657,-668,542,3031,196581,9022,30421,883,1656,3298,-2038,18,3
3482,196603,22537,-2525,-25055,136,730,-1910,196603,-11460,10401,3567,2469,3393,3165,196624,19527,-17482,-284,3545,7567,5641,196624,-2043,-28051,9657,-846,10,3031,196603,8984,30421,704,1544,3038,-2038,18,3
3483,196625,21537,-2935,-24055,-614,-1270,-2143,196625,-11357,10470,2962,2102,4230,3165,196646,20527,-18482,716,3025,8999,7641,196646,-2053,-27051,9629,-1332,-395,3252,196625,8956,30694,430,1399,2131,-1893,18,3
3484,196647,21537,-2935,-24055,-614,-1270,-2143,196647,-11357,10717,2962,2102,4253,3180,196668,20527,-18482,716,3025,8999,7641,196668,-2053,-27051,9629,-1332,-395,3541,196647,8956,30694,430,1399,2131,-1893,18,3
3485,196669,20537,-3243,-24055,-1177,-1270,-2296,196669,-11357,10717,2340,1978,4253,3180,196690,20527,-19482,716,1756,8999,7641,196690,-2061,-27051,9421,-1841,-395,3541,196669,8956,30694,222,1275,1451,-2186,18,3
3486,196691,19537,-3336,-23055,-1767,730,-2296,196691,-11225,11717,1722,1885,4506,4025,196712,21251,-20482,1716,62,8699,9641,196712,-2291,-28051,9251,-2325,291,4881,196691,9053,30840,-53,867,1170,-3495,18,3
3487,196713,19537,-3336,-23055,-1767,730,-2286,196713,-11140,11717,1722,1885,4506,4208,196734,21251,-20482,1716,62,8699,9641,196734,-2291,-28051,9251,-2325,291,5282,196713,9053,30840,-53,867,1170,-3495,18,3
3488,196735,19537,-3336,-23055,-2221,730,-2286,196735,-11140,11717,1221,1762,4249,4208,196756,21251,-21482,1716,-1297,7815,9641,196756,-2830,-29051,8972,-2691,291,5282,196735,9007,30840,-239,495,1170,-4915,18,3
3489,196757,20537,-3057,-22055,-2617,2730,-2179,196757,-10583,12251,845,1625,3307,5441,196778,20692,-22207,2423,-2321,6348,11641,196778,-3490,-29920,8703,-2984,624,7048,196757,8449,30882,-239,41,1188,-6269,18,3
3490,196779,20537,-2946,-22055,-2617,2730,-2173,196779,-10402,12251,845,1625,3307,5676,196800,20692,-22207,2423,-2321,6348,11641,196800,-3490,-29920,8703,-2984,624,7228,196779,8449,30882,-153,41,1188,-6269,18,3
3491,196801,20537,-2946,-22055,-2914,2730,-2173,196801,-10402,12251,753,1625,2366,5676,196822,20111,-22715,2423,-3185,5111,11641,196822,-4015,-30350,8501,-3129,624,7228,196801,7832,30882,-153,-610,1188,-7465,18,3
3492,196823,21181,-2739,-21055,-3137,4730,-2093,196823,-9454,12551,684,1702,1334,7187,196844,19111,-23140,2605,-3929,3498,13641,196844,-5015,-30486,8377,-3230,1017,9228,196823,7026,30889,-62,-1221,1151,-8675,18,3
3493,196845,21181,-2739,-21055,-3137,4730,-2093,196845,-9402,12551,684,1821,1334,7332,196866,19111,-23140,2605,-3929,3498,13641,196866,-5015,-30486,8377,-3230,1060,9228,196845,7026,30889,-60,-1221,1151,-8675,18,3
3494,196867,21181,-2739,-21055,-3380,4730,-2176,196867,-9402,12551,675,1821,560,7332,196888,18111,-23459,2605,-4149,2555,13641,196888,-5965,-30582,8284,-3292,1060,9228,196867,6403,30889,-60,-1718,1151,-9593,18,3
3495,196889,21516,-2796,-20055,-3740,6730,-2354,196889,-8402,12780,625,1989,345,8790,196910,17111,-23916,2675,-4165,1848,15641,196910,-6965,-30624,7635,-3339,882,10735,196889,5403,31036,227,-2177,1124,-10304,18,3
3496,196911,21516,-2796,-20055,-3740,6730,-2354,196911,-8402,12780,625,2273,345,8929,196932,17111,-23916,2675,-4165,1848,15641,196932,-6965,-30624,7635,-3339,882,10735,196911,5403,31036,273,-2177,1124,-10304,18,3
3497,196933,21516,-2819,-20055,-4070,6730,-2560,196933,-8402,12780,598,2273,298,8929,196954,16111,-24357,2675,-4165,1674,15641,196954,-7911,-30624,7068,-3339,748,10735,196933,4598,31036,273,-2522,1103,-10674,18,3
3498,196955,22077,-2819,-19055,-4481,8730,-2729,196955,-7402,13177,578,2849,263,10022,196976,15111,-25259,2524,-3940,1354,15865,196976,-8911,-30352,6605,-3036,620,11111,196955,3598,31147,556,-2814,1076,-10765,18,3
3499,196977,22447,-2788,-19055,-4481,8730,-2729,196977,-7402,13208,578,2849,263,10022,196998,15111,-25259,2524,-3940,1354,15865,196998,-8911,-30352,6605,-2606,620,11111,196977,3598,31401,564,-2814,1076,-10765,18,3
3500,196999,22447,-2788,-19055,-4621,8730,-2729,196999,-7402,13208,578,2849,-28,10022,197020,14111,-26126,2359,-3940,835,15632,197020,-9911,-30352,6257,-2606,524,10959,196999,2740,31401,564,-3033,1076,-10765,18,3
3501,197021,23447,-2587,-18055,-4621,10247,-2698,197021,-6402,13569,763,3058,-506,10363,197042,13111,-26962,1839,-3636,181,14667,197042,-10911,-30124,6257,-1930,452,9025,197021,1817,31710,817,-3265,1338,-10276,18,3
3502,197043,23447,-2129,-18055,-4601,10247,-2659,197043,-6402,13922,897,3058,-506,10363,197064,13111,-26962,1839,-3636,181,14667,197064,-10911,-30124,6282,-1671,452,9025,197043,1817,31710,835,-3265,1338,-10122,18,3
3503,197065,22447,-2129,-18055,-4601,10247,-2659,197065,-6402,13922,897,3058,-522,10347,197086,12111,-27647,1449,-3636,-308,13768,197086,-11911,-30124,6282,-1671,452,7025,197065,1136,31710,835,-3333,1338,-10122,18,3
3504,197087,21447,-1129,-17055,-3688,9165,-1888,197087,-5482,14855,931,2934,-522,9587,197108,11111,-28557,1282,-3636,-613,12635,197108,-11911,-30081,6623,-1020,888,5025,197087,548,31892,1242,-3333,1181,-9238,18,3
3505,197109,21447,-1129,-17055,-3688,9165,-1510,197109,-5402,14855,931,2934,-492,9587,197130,11111,-28557,1282,-3636,-613,12635,197130,-11841,-30081,6623,-1020,888,5025,197109,548,31892,1366,-3302,1181,-9105,18,3
3506,197131,20447,-1129,-17055,-3688,8353,-1510,197131,-5402,14855,836,2601,-492,8477,197152,10995,-29239,1282,-3636,-613,11096,197152,-11841,-30226,6623,-1020,70,3025,197131,107,31631,1366,-3302,436,-9105,18,3
3507,197153,20447,-1460,-16055,-3563,7744,-1123,197153,-4402,15149,437,1969,-325,6477,197174,10908,-29769,1645,-3636,486,9096,197174,-11782,-30335,6593,-1121,-895,1635,197153,-779,31435,2138,-3052,-775,-7857,18,3
3508,197175,21447,-1460,-16055,-3563,7744,-1123,197175,-4402,15149,437,1969,-310,6477,197196,10908,-29769,1645,-3283,544,9096,197196,-11770,-30335,6593,-1121,-895,1635,197175,-779,31424,2138,-2758,-775,-7386,18,3
3509,197197,21447,-1709,-16055,-3563,7288,-1123,197197,-4402,15149,134,1495,-310,4922,197218,10799,-30272,1645,-3283,544,7096,197218,-11770,-30401,6570,-1121,-1107,763,197197,-1146,31424,2138,-2758,-2775,-7386,18,3
3510,197219,22447,-1709,-15055,-3469,6526,-832,197219,-3402,15348,-93,1193,-188,3866,197240,10201,-30650,857,-2724,1108,5216,197240,-11703,-30440,6570,-809,-1164,223,197219,-1421,31424,2071,-1782,-4625,-5386,18,3
3511,197241,22447,-1549,-15055,-3321,6526,-806,197241,-3402,15348,-93,1193,-188,3866,197262,10201,-30650,857,-2710,1108,5216,197262,-11703,-30440,6699,-809,-1164,223,197241,-1421,31518,2071,-1782,-4625,-5386,18,3
3512,197263,22447,-1549,-15055,-3321,5785,-806,197263,-3402,15348,-283,1098,-276,3286,197284,9851,-30895,266,-2710,1108,3974,197284,-11703,-30480,6699,-809,-1164,-65,197263,-1627,31518,2021,-1782,-4901,-5386,18,3
3513,197285,23447,-1119,-14055,-2740,4920,-336,197285,-2408,15510,-456,1034,-613,2851,197306,9588,-31079,-128,-2067,967,3045,197306,-11789,-30500,6836,-629,-1128,-276,197285,-1640,31716,1983,-1050,-4901,-3779,18,3
3514,197307,23447,-1119,-14055,-2602,4920,-336,197307,-2408,15516,-456,1034,-613,2851,197328,9588,-31079,-128,-2067,967,3045,197328,-11789,-30500,6836,-629,-1128,-276,197307,-1640,31716,1983,-1050,-4704,-3779,18,3
3515,197329,23447,-1119,-14055,-2602,4240,-336,197329,-2408,15516,-591,992,-856,2525,197350,9391,-31255,-296,-2067,151,2604,197350,-11853,-30515,6836,-629,-1128,-434,197329,-1640,31716,1983,-1050,-4704,-3779,18,3
3516,197351,24447,-1169,-13055,-1981,3676,-230,197351,-1494,15764,-716,960,-856,2065,197372,8715,-31493,-422,-1149,-1300,2273,197372,-11895,-30528,6827,-595,-1048,-553,197351,-1540,31829,2025,-588,-3854,-2657,18,3
3517,197373,24447,-1169,-13055,-1981,3676,-230,197373,-1494,15764,-716,960,-624,2065,197394,8715,-31493,-422,-1149,-1300,2273,197394,-11895,-30528,6827,-595,-1048,-553,197373,-1540,31829,2025,-588,-3839,-2657,18,3
3518,197395,24447,-1236,-13055,-1981,3225,-230,197395,-1494,15764,-807,908,-624,1596,197416,8116,-31685,-516,-1149,-1795,2025,197416,-11927,-30528,6816,-595,-1048,-638,197395,-1540,31829,2025,-588,-3839,-2657,18,3
3519,197417,25447,-1451,-12055,-1653,2789,-150,197417,-919,15886,-875,826,-53,1115,197438,7667,-31829,-516,-750,-1795,1429,197438,-11927,-30540,6788,-527,-966,-677,197417,-1509,31895,2100,-348,-3149,-1910,18,3
3520,197439,25447,-1451,-12055,-1653,2789,-125,197439,-919,15886,-875,826,-53,1115,197460,7667,-31829,-479,-750,-1041,1429,197460,-11911,-30540,6788,-513,-937,-677,197439,-1509,31895,2132,-348,-3144,-1910,18,3
3521,197461,25447,-1612,-12055,-1653,2367,-125,197461,-919,15886,-948,763,-53,754,197482,7380,-31887,-479,-750,-1041,902,197482,-11911,-30540,6788,-513,-937,-677,197461,-1509,31895,2132,-348,-3144,-1910,18,3
3522,197483,26447,-1689,-11055,-1465,1964,-39,197483,-487,15921,-971,701,198,569,197504,7380,-31887,-321,-750,140,507,197504,-11911,-30589,6791,-417,-853,-500,197483,-1573,31981,2221,-227,-2761,-1378,18,3
3523,197505,26447,-1689,-11055,-1465,1964,-39,197505,-487,15921,-971,701,198,569,197526,7661,-31851,-267,-750,140,507,197526,-11915,-30589,6811,-417,-853,-500,197505,-1573,31999,2221,-227,-2761,-1378,18,3
3524,197527,26447,-1689,-11055,-1465,1539,-39,197527,-487,15921,-987,648,198,569,197548,7661,-31851,-267,-750,140,441,197548,-11915,-30589,6811,-417,-853,-500,197527,-1621,31999,2213,-227,-2761,-1378,18,3
3525,197549,27447,-1628,-10055,-1004,1077,-28,197549,-184,15977,-991,541,221,595,197570,8204,-31762,-108,-450,-597,441,197570,-12016,-30547,6904,-366,-977,-517,197549,-1715,32103,2213,-136,-2474,-979,18,3
3526,197571,27447,-1628,-10055,-920,1077,-28,197571,-184,16044,-991,541,221,595,197592,8204,-31762,-108,-405,-597,462,197592,-12016,-30547,6912,-366,-977,-517,197571,-1715,32103,2293,-136,-2194,-883,18,3
3527,197593,27447,-1629,-10055,-920,847,-28,197593,-184,16044,-994,449,221,595,197614,8204,-31762,-108,-405,-1402,462,197614,-12047,-30547,6912,-366,-1070,-529,197593,-1715,32103,2293,-136,-2194,-883,18,3
3528,197615,28007,-1685,-9055,-410,792,-25,197615,-3,16128,-1005,380,396,394,197636,7995,-31877,-123,-139,-2092,508,197636,-12047,-30544,6988,-367,-1140,-529,197615,-1634,32131,2353,-38,-1712,-467,18,3
3529,197637,28007,-1685,-9055,-364,792,-25,197637,-3,16128,-1005,380,457,394,197658,7995,-31877,-123,-139,-2092,508,197658,-12011,-30544,6988,-367,-1140,-434,197637,-1634,32131,2353,-27,-1629,-467,18,3
3530,197659,28007,-1737,-9055,-364,792,-25,197659,-3,16128,-1013,348,457,220,197680,7838,-31985,-134,-139,-2181,476,197680,-12011,-30544,6988,-367,-1140,-434,197659,-1634,32131,2353,-27,-1629,-467,18,3
3531,197681,28521,-1794,-8055,54,825,-23,197681,132,16160,-1029,348,565,90,197702,7838,-32066,-148,-139,-2181,353,197702,-11984,-30560,6977,-339,-731,-403,197681,-1573,32152,2296,103,-1205,-180,18,3
3532,197703,28579,-1794,-8055,54,825,31,197703,132,16160,-1029,349,565,90,197724,7850,-32066,-148,-139,-1831,353,197724,-11984,-30560,6977,-339,-731,-403,197703,-1573,32166,2296,113,-1108,-180,18,3
3533,197725,28579,-1889,-8055,54,706,31,197725,132,16160,-1041,349,565,40,197746,7850,-32066,-159,-139,-1831,261,197746,-11984,-30560,6977,-339,-731,-403,197725,-1573,32166,2254,113,-1108,-180,18,3
3534,197747,28988,-2128,-7055,178,617,26,197747,111,16203,-1055,365,563,4,197768,7997,-32025,-247,-89,-1770,226,197768,-11949,-30556,7040,-341,-549,-438,197747,-1509,32208,2222,227,-599,47,18,3
3535,197769,28988,-2128,-7055,178,617,26,197769,111,16205,-1055,365,563,4,197790,7997,-32025,-247,180,-1770,226,197790,-11875,-30556,7040,-341,-549,-438,197769,-1491,32208,2222,227,-410,66,18,3
3536,197791,28988,-2308,-7055,149,617,-85,197791,95,16205,-1073,365,560,-14,197812,7754,-32025,-313,180,-1770,226,197812,-11875,-30556,7040,-356,-549,-464,197791,-1491,32208,2198,227,-410,66,18,3
3537,197813,29263,-2379,-6055,-71,752,-303,197813,95,16221,-1093,350,364,-14,197834,7331,-32022,-376,380,-1724,279,197834,-11794,-30575,7100,-415,-503,-484,197813,-1372,32210,2180,267,101,198,18,3
3538,197835,29263,-2379,-6055,-71,838,-303,197835,107,16221,-1093,350,364,1,197856,7331,-32022,-376,380,-1201,279,197856,-11794,-30575,7100,-415,-503,-484,197835,-1346,32210,2180,267,101,198,18,3
3539,197857,29263,-2379,-6055,-372,838,-551,197857,107,16221,-1100,339,166,1,197878,7230,-32022,-424,262,-1201,237,197878,-11811,-30599,7100,-501,-503,-532,197857,-1346,32210,2179,259,101,198,18,3
3540,197879,29511,-2268,-5055,-598,1015,-737,197879,166,16233,-1100,339,6,53,197900,7230,-32020,-460,166,-460,170,197900,-11811,-30635,7085,-565,-383,-615,197879,-1257,32213,2086,253,-65,217,18,3
3541,197901,29541,-2190,-5055,-598,1015,-737,197901,190,16246,-1073,350,6,76,197922,7418,-32020,-460,166,-460,170,197922,-11780,-30635,7085,-565,-303,-615,197901,-1237,32213,2086,253,-65,217,18,3
3542,197923,29541,-2190,-5055,-729,1015,-802,197923,190,16246,-1073,350,-98,76,197944,7418,-32020,-460,166,-460,144,197944,-11780,-30662,6999,-572,-303,-677,197923,-1237,32213,2016,249,-273,217,18,3
3543,197945,29832,-2052,-4055,-816,1135,-835,197945,254,16274,-1028,394,-176,162,197966,7671,-31972,-371,197,-379,144,197966,-11668,-30682,6935,-572,-193,-700,197945,-1291,32215,2016,249,-429,231,18,3
3544,197967,29832,-2052,-4055,-816,1135,-835,197967,304,16274,-1017,403,-176,162,197988,7671,-31972,-371,271,-379,150,197988,-11668,-30682,6935,-558,-193,-700,197967,-1291,32223,2016,269,-429,254,18,3
3545,197989,29832,-2052,-4055,-819,1135,-835,197989,304,16274,-1017,403,-211,162,198010,7671,-31972,-371,271,-379,150,198010,-11668,-30713,6935,-558,-193,-700,197989,-1296,32223,2016,269,-429,254,18,3
3546,198011,30050,-1949,-3055,-819,1172,-773,198011,416,16295,-995,457,-231,183,198032,7533,-32028,-344,392,-354,161,198032,-11584,-30732,6943,-475,-149,-679,198011,-1296,32249,2016,278,-338,355,18,3
3547,198033,30064,-1881,-3055,-795,1172,-724,198033,438,16297,-995,457,-231,183,198054,7533,-32028,-344,392,-318,176,198054,-11584,-30732,6943,-475,-149,-672,198033,-1288,32257,2016,285,-328,355,18,3
3548,198055,30064,-1881,-3055,-795,1061,-724,198055,438,16297,-995,457,-231,183,198076,7430,-32070,-344,392,-318,176,198076,-11584,-30732,6943,-475,-149,-672,198055,-1288,32257,2010,285,-328,355,18,3
3549,198077,30238,-1792,-2055,-487,803,-641,198077,582,16309,-1008,452,-37,138,198098,7352,-32070,-516,426,-273,170,198098,-11431,-30727,6927,-436,-95,-632,198077,-1234,32274,1955,290,-238,417,18,3
3550,198099,30238,-1792,-2055,-487,803,-641,198099,582,16309,-1008,452,2,138,198120,7352,-32040,-516,426,-175,170,198120,-11431,-30727,6927,-436,-80,-596,198099,-1234,32274,1955,290,-238,417,18,3
3551,198121,30238,-1856,-2055,-487,604,-641,198121,582,16303,-1024,433,2,87,198142,7294,-32040,-645,426,-175,121,198142,-11431,-30727,6919,-436,-80,-596,198121,-1234,32274,1904,272,-238,417,18,3
3552,198143,30226,-2024,-1055,-684,454,-741,198143,614,16273,-1099,377,187,42,198164,6992,-32113,-741,427,83,64,198164,-11433,-30755,6919,-402,-12,-426,198143,-1203,32303,1796,214,-95,446,18,3
3553,198165,30226,-2024,-1055,-684,454,-741,198165,614,16273,-1099,377,187,42,198186,6992,-32113,-741,427,244,64,198186,-11433,-30755,6919,-402,-7,-426,198165,-1203,32303,1796,214,10,446,18,3
3554,198187,30226,-2106,-1055,-1004,395,-919,198187,611,16250,-1155,331,187,37,198208,6766,-32168,-781,416,244,-25,198208,-11438,-30764,6919,-402,-7,-426,198187,-1203,32303,1715,111,10,446,18,3
3555,198209,30231,-2106,-55,-1405,386,-1198,198209,539,16243,-1169,297,73,37,198230,6682,-32195,-781,380,1119,-114,198230,-11442,-30771,6913,-338,142,-335,198209,-1144,32299,1656,-133,267,340,18,3
3556,198231,30231,-1973,-55,-1405,386,-1198,198231,539,16243,-1169,297,73,63,198252,6682,-32195,-709,380,1119,-114,198252,-11442,-30776,6913,-335,142,-335,198231,-1144,32299,1656,-133,267,340,18,3
3557,198253,30199,-1973,-55,-1706,386,-1463,198253,485,16243,-1170,286,-101,63,198274,6682,-32195,-709,277,1119,-174,198274,-11442,-30780,6886,-335,142,-335,198253,-1144,32296,1656,-344,267,217,18,3
3558,198275,30175,-1825,945,-1918,424,-1661,198275,481,16253,-1170,286,-324,124,198296,6969,-32154,-567,187,1666,-186,198296,-11439,-30780,6866,-274,254,-292,198275,-1122,32294,1720,-503,349,66,18,3
3559,198297,30175,-1817,945,-1918,441,-1661,198297,481,16255,-1157,293,-324,138,198318,7101,-32126,-495,187,1666,-186,198318,-11411,-30779,6866,-274,254,-292,198297,-1122,32294,1728,-503,349,66,18,3
3560,198319,30163,-1817,945,-1918,441,-1661,198319,481,16255,-1157,293,-491,138,198340,7101,-32126,-495,170,1666,-186,198340,-11401,-30779,6851,-274,254,-292,198319,-1169,32294,1728,-539,349,-17,18,3
3561,198341,30154,-1700,1945,-1868,502,-1624,198341,565,16294,-1092,347,-559,186,198362,7496,-32092,-331,170,1439,-162,198362,-11390,-30782,6846,-229,335,-279,198341,-1208,32330,1860,-539,378,-17,18,3
3562,198363,30154,-1680,1945,-1800,507,-1555,198363,570,16294,-1092,347,-559,186,198384,7496,-32092,-331,220,1439,-162,198384,-11382,-30782,6846,-229,335,-279,198363,-1208,32330,1860,-513,378,-6,18,3
3563,198385,30147,-1680,1945,-1800,507,-1555,198385,570,16294,-1092,347,-559,186,198406,7496,-32092,-331,220,1149,-162,198406,-11382,-30796,6842,-229,335,-279,198385,-1238,32330,1860,-513,367,-6,18,3
3564,198407,30096,-1630,2945,-1540,567,-1363,198407,647,16306,-1077,376,-487,143,198428,7580,-32085,-268,278,858,-169,198428,-11354,-30813,6839,-242,309,-269,198407,-1260,32357,1951,-406,310,89,18,3
3565,198429,30096,-1630,2945,-1464,585,-1280,198429,647,16306,-1077,376,-425,143,198450,7580,-32085,-268,317,858,-169,198450,-11354,-30813,6839,-242,309,-240,198429,-1260,32357,1951,-308,310,100,18,3
3566,198451,30058,-1632,2945,-1464,585,-1280,198451,647,16306,-1077,376,-425,96,198472,7580,-32085,-297,317,645,-174,198472,-11354,-30819,6837,-251,273,-240,198451,-1260,32357,1951,-308,267,100,18,3
3567,198473,30058,-1646,3945,-1265,666,-1065,198473,672,16308,-1077,384,-269,51,198494,7455,-32079,-338,405,485,-190,198494,-11333,-30840,6809,-251,243,-210,198473,-1247,32327,1927,-147,235,247,18,3
3568,198495,30065,-1646,3945,-1265,696,-1065,198495,672,16308,-1077,384,-269,51,198516,7455,-32091,-338,406,485,-190,198516,-11325,-30840,6809,-238,243,-210,198495,-1207,32327,1927,-147,235,247,18,3
3569,198517,30065,-1646,3945,-1265,696,-1065,198517,653,16308,-1082,380,-269,17,198538,7295,-32093,-369,406,421,-209,198538,-11325,-30856,6788,-238,226,-210,198517,-1207,32305,1921,-147,235,247,18,3
3570,198539,30071,-1660,4945,-1278,770,-983,198539,618,16308,-1090,377,-218,1,198560,7147,-32141,-369,451,421,-223,198560,-11319,-30868,6787,-197,217,-236,198539,-1151,32288,1921,-131,241,259,18,3
3571,198561,30095,-1660,4945,-1278,770,-983,198561,618,16308,-1090,377,-218,1,198582,7147,-32141,-364,451,608,-223,198582,-11319,-30868,6787,-196,217,-236,198561,-1145,32288,1944,-131,241,259,18,3
3572,198583,30095,-1660,4945,-1364,770,-983,198583,618,16308,-1093,377,-218,1,198604,7128,-32177,-362,383,608,-223,198604,-11319,-30869,6787,-196,217,-256,198583,-1145,32288,1944,-137,233,252,18,3
3573,198605,30125,-1655,5945,-1458,652,-963,198605,618,16314,-1094,385,-198,9,198626,7128,-32177,-359,320,920,-207,198626,-11293,-30869,6786,-170,258,-283,198605,-1110,32292,1962,-141,211,218,18,3
3574,198627,30125,-1655,5945,-1458,652,-963,198627,639,16314,-1094,385,-198,15,198648,7252,-32146,-357,320,920,-174,198648,-11293,-30865,6786,-170,277,-283,198627,-1110,32294,1964,-141,211,218,18,3
3575,198649,30125,-1655,5945,-1506,551,-963,198649,639,16314,-1094,385,-198,15,198670,7252,-32146,-357,314,920,-174,198670,-11293,-30865,6785,-170,277,-302,198649,-1120,32294,1964,-144,189,190,18,3
3576,198671,30150,-1613,6945,-1518,475,-939,198671,666,16307,-1096,385,-138,37,198692,7363,-32123,-353,310,1006,-121,198692,-11269,-30870,6782,-150,326,-307,198671,-1138,32298,1959,-149,178,172,18,3
3577,198693,30150,-1613,6945,-1518,475,-939,198693,668,16307,-1096,385,-138,39,198714,7363,-32123,-353,310,1006,-121,198714,-11269,-30870,6782,-149,326,-307,198693,-1138,32298,1959,-149,178,172,18,3
3578,198715,30150,-1613,6945,-1518,426,-939,198715,668,16302,-1098,385,-138,39,198736,7363,-32138,-353,307,1006,-121,198736,-11269,-30874,6782,-149,326,-307,198715,-1151,32298,1959,-151,178,172,18,3
3579,198737,30192,-1597,7945,-1418,389,-904,198737,704,16302,-1099,388,-84,58,198758,7364,-32138,-354,281,1071,-156,198758,-11227,-30877,6770,-131,357,-267,198737,-1161,32301,1955,-151,272,184,18,3
3580,198759,30192,-1597,7945,-1402,389,-887,198759,717,16304,-1099,388,-84,58,198780,7364,-32129,-354,281,1071,-156,198780,-11227,-30877,6770,-131,357,-253,198759,-1161,32301,1955,-149,280,207,18,3
3581,198781,30192,-1597,7945,-1402,353,-887,198781,717,16304,-1100,388,-84,58,198802,7364,-32129,-354,279,1071,-182,198802,-11227,-30877,6759,-131,357,-253,198781,-1161,32299,1950,-149,280,207,18,3
3582,198803,30198,-1585,8945,-1296,324,-846,198803,770,16305,-1102,385,-2,39,198824,7367,-32119,-327,279,1063,-197,198824,-11204,-30865,6751,-110,380,-171,198803,-1146,32290,1944,-152,372,235,18,3
3583,198825,30198,-1583,8945,-1286,324,-843,198825,770,16305,-1102,385,17,39,198846,7367,-32112,-327,283,1063,-197,198846,-11204,-30865,6751,-88,380,-171,198825,-1138,32290,1944,-152,412,235,18,3
3584,198847,30194,-1583,8945,-1286,281,-843,198847,770,16302,-1105,382,17,23,198868,7367,-32112,-327,283,1057,-197,198868,-11204,-30886,6751,-88,380,-171,198847,-1138,32290,1940,-157,412,228,18,3
3585,198869,30157,-1577,9945,-1200,249,-792,198869,773,16302,-1111,379,125,11,198890,7369,-32119,-303,299,1052,-166,198890,-11248,-30902,6803,-20,398,-114,198869,-1155,32297,1925,-206,525,223,18,3
3586,198891,30157,-1577,9945,-1200,249,-786,198891,773,16303,-1111,379,129,11,200832,7369,-32119,-303,299,1052,-161,200832,-11248,-30902,6803,-20,398,-114,198891,-1155,32303,1925,-206,525,223,19,3
3587,200833,30152,-1588,9945,-1200,208,-786,200833,762,16303,-1121,376,129,8,200854,7369,-32119,-345,299,1050,-161,200854,-11248,-30902,6803,-20,398,-114,200833,-1168,32303,1925,-206,525,220,19,3
3588,200855,30152,-1609,10945,-1197,203,-743,200855,754,16304,-1130,374,213,6,200876,7401,-32111,-400,336,1050,-189,200876,-11229,-30902,6848,-13,411,-79,200855,-1246,32301,1945,-188,483,218,19,3
3589,200877,30160,-1609,10945,-1197,203,-741,200877,754,16304,-1130,374,213,6,200898,7435,-32111,-400,336,1053,-189,200898,-11229,-30900,6902,-13,411,-79,200877,-1246,32301,2007,-188,483,218,19,3
3590,200899,30160,-1672,10945,-1198,203,-741,200899,754,16294,-1158,374,213,-7,200920,7435,-32111,-442,336,1053,-213,200920,-11229,-30900,6902,-13,411,-79,200899,-1360,32285,2007,-188,453,202,19,3
3591,200921,30176,-1754,11838,-1198,239,-722,200921,754,16286,-1186,375,259,-17,200942,7508,-32105,-451,368,1070,-231,200942,-11215,-30891,7024,3,410,-61,200921,-1450,32273,2069,-202,443,166,19,3
3592,200943,30202,-1754,11838,-1196,265,-722,200943,754,16286,-1186,377,259,-17,200964,7508,-32105,-451,368,1070,-231,200964,-11215,-30885,7024,6,410,-61,200943,-1450,32273,2081,-202,443,166,19,3
3593,200965,30202,-1797,11838,-1196,265,-722,200965,753,16286,-1207,377,259,-20,200986,7508,-32105,-452,368,1070,-245,200986,-11225,-30885,7024,6,410,-61,200965,-1513,32273,2081,-217,443,146,19,3
3594,200987,30245,-1855,12508,-1171,310,-722,200987,745,16287,-1222,380,273,-23,201008,7581,-32100,-453,382,1076,-265,201008,-11232,-30879,7128,-1,429,-60,200987,-1564,32284,2136,-236,469,134,19,3
3595,201009,30245,-1855,12508,-1163,310,-722,201009,745,16289,-1222,380,273,-23,201030,7581,-32096,-453,382,1076,-265,201030,-11232,-30879,7128,-1,429,-60,201009,-1564,32288,2150,-236,472,134,19,3
3596,201031,30245,-1899,12508,-1163,310,-727,201031,740,16289,-1232,380,273,-30,201052,7581,-32096,-453,382,1076,-279,201052,-11232,-30879,7128,-6,429,-60,201031,-1609,32288,2150,-253,472,134,19,3
3597,201053,30260,-1946,12999,-1137,344,-740,201053,736,16289,-1235,376,279,-39,201074,7638,-32077,-455,401,1073,-285,201074,-11217,-30875,7172,-6,460,-49,201053,-1652,32298,2212,-271,509,143,19,3
3598,201075,30260,-1946,12999,-1128,347,-740,201075,736,16289,-1235,376,281,-39,201096,7640,-32077,-457,401,1073,-285,201096,-11217,-30869,7172,-6,481,-49,201075,-1652,32298,2212,-271,561,143,19,3
3599,201097,30259,-1979,12999,-1128,347,-750,201097,733,16288,-1237,372,281,-44,201118,7640,-32077,-455,401,1071,-285,201118,-11226,-30869,7172,-6,481,-49,201097,-1693,32281,2212,-284,561,143,19,3
3600,201119,30258,-1986,13373,-1102,391,-757,201119,724,16287,-1239,364,278,-45,201140,7684,-32061,-428,400,1070,-279,201140,-11241,-30857,7177,5,530,-43,201119,-1723,32278,2259,-294,683,128,19,3
3601,201141,30258,-1986,13373,-1102,402,-757,201141,724,16287,-1239,364,278,-45,201162,7684,-32063,-423,400,1070,-276,201162,-11241,-30855,7177,13,550,-43,201141,-1723,32278,2263,-294,683,128,19,3
3602,201163,30258,-1991,13373,-1102,402,-757,201163,720,16287,-1239,358,266,-46,201184,7684,-32065,-423,400,1070,-276,201184,-11262,-30855,7177,13,550,-43,201163,-1738,32278,2263,-302,683,113,19,3
3603,201185,30277,-2001,13723,-1081,449,-752,201185,719,16290,-1237,352,252,-47,201206,7729,-32074,-367,395,1076,-270,201206,-11288,-30847,7234,6,499,-39,201185,-1775,32286,2301,-306,727,105,19,3
3604,201207,30301,-2001,13723,-1081,449,-736,201207,719,16293,-1236,352,252,-47,201228,7729,-32074,-367,395,1076,-270,201228,-11288,-30845,7234,6,499,-39,201207,-1775,32286,2301,-306,727,105,19,3
3605,201229,30301,-2028,13723,-1081,449,-736,201229,718,16293,-1236,347,241,-49,201250,7729,-32074,-367,394,1076,-270,201250,-11288,-30845,7234,-14,461,-39,201229,-1801,32286,2301,-306,727,105,19,3
3606,201251,30316,-2063,13928,-1056,444,-707,201251,715,16300,-1219,342,241,-59,201272,7745,-32055,-375,394,1010,-265,201272,-11285,-30827,7245,-29,440,-37,201251,-1820,32288,2323,-306,688,135,19,3
3607,201273,30316,-2063,13928,-1056,444,-707,201273,715,16300,-1219,342,266,-59,201294,7745,-32055,-375,429,1010,-265,201294,-11283,-30825,7245,-29,440,-37,201273,-1820,32288,2323,-299,688,136,19,3
3608,201295,30316,-2089,13928,-1056,440,-707,201295,706,16300,-1219,340,266,-69,201316,7725,-32055,-381,429,960,-265,201316,-11283,-30825,7245,-31,424,-37,201295,-1820,32288,2323,-299,652,136,19,3
3609,201317,30311,-2108,14082,-1043,427,-696,201317,700,16297,-1209,338,277,-76,201338,7710,-32065,-405,448,960,-264,201338,-11278,-30812,7253,-32,412,-35,201317,-1809,32290,2340,-281,625,159,19,3
3610,201339,30311,-2108,14082,-1043,427,-696,201339,700,16297,-1209,338,277,-76,201360,7710,-32065,-405,448,961,-264,201360,-11278,-30812,7261,-32,412,-35,201339,-1809,32292,2342,-281,625,159,19,3
3611,201361,30311,-2123,14082,-1043,404,-696,201361,697,16297,-1209,338,277,-76,201382,7710,-32065,-423,448,961,-267,201382,-11278,-30817,7263,-33,412,-35,201361,-1809,32292,2342,-281,611,159,19,3
3612,201383,30331,-2140,14191,-1035,368,-686,201383,694,16302,-1198,340,280,-75,201404,7730,-32038,-459,460,930,-271,201404,-11290,-30830,7269,-33,413,-34,201383,-1800,32295,2368,-252,602,162,19,3
3613,201405,30331,-2140,14191,-1035,368,-685,201405,694,16302,-1198,340,280,-75,201426,7740,-32028,-459,460,930,-271,201426,-11290,-30830,7269,-19,461,-34,201405,-1800,32297,2368,-249,602,162,19,3
3614,201427,30331,-2141,14191,-1035,338,-685,201427,684,16302,-1198,340,280,-75,201448,7740,-32028,-486,460,810,-285,201448,-11299,-30830,7269,-19,461,-43,201427,-1816,32297,2368,-249,602,148,19,3
3615,201449,30308,-2141,14261,-1041,315,-677,201449,676,16298,-1194,343,287,-76,201470,7815,-31970,-556,506,513,-360,201470,-11356,-30802,7265,89,1644,-304,201449,-1892,32300,2384,-181,1003,137,19,3
3616,201471,30308,-2127,14261,-1041,315,-677,201471,676,16298,-1194,343,287,-76,201492,7873,-31922,-556,549,513,-360,201492,-11356,-30802,7265,89,1989,-304,201471,-1892,32300,2384,-61,1696,137,19,3
3617,201493,30308,-2127,14261,-1045,297,-695,201493,646,16298,-1194,343,269,-77,201514,7873,-31922,-556,549,-25,-503,201514,-11398,-30802,7224,28,1989,-643,201493,-1957,32300,2372,-61,1696,137,19,3
3618,201515,30323,-2121,14313,-1059,264,-708,201515,568,16338,-1148,361,113,-116,201536,8107,-31843,-537,817,-428,-714,201536,-11460,-30819,7194,-98,3201,-1046,201515,-1997,32363,2273,277,2991,302,19,3
3619,201537,30329,-2121,14391,-1059,264,-708,201537,568,16374,-1148,397,113,-116,201558,8107,-31829,-533,860,-428,-714,201558,-11460,-30819,7194,-98,3201,-1046,201537,-1997,32363,2273,381,2991,334,19,3
3620,201559,30329,-2121,14391,-1059,229,-708,201559,373,16374,-1148,397,-4,-184,201580,8107,-31829,-533,860,-428,-892,201580,-11496,-30819,7171,-192,3201,-1468,201559,-1997,32363,2198,381,2991,334,19,3
3621,201581,30523,-2116,14603,-1021,-51,-697,201581,226,16428,-1140,522,-162,-346,201602,7862,-31793,-515,998,-366,-1096,201602,-11523,-30802,7096,-264,4105,-2369,201581,-1913,32410,2170,663,3716,480,19,3
3622,201603,30537,-2092,14603,-1010,-51,-697,201603,226,16428,-1140,530,-162,-346,201624,7862,-31793,-515,998,-278,-1096,201624,-11523,-30802,7096,-264,4110,-2369,201603,-1913,32410,2170,663,3716,480,19,3
3623,201625,30537,-2092,14603,-1010,-426,-698,201625,226,16428,-1140,530,-280,-514,201646,7678,-31852,-680,998,-278,-1344,201646,-11523,-30819,6908,-317,4110,-3410,201625,-1913,32410,2039,663,3716,480,19,3
3624,201647,30731,-2039,14610,-952,-1100,-699,201647,249,16439,-1153,451,-369,-832,201668,7672,-31904,-804,1101,381,-1829,201668,-11182,-30966,6661,-361,4229,-4259,201647,-1962,32385,1929,857,3742,589,19,3
3625,201669,30849,-2039,14610,-875,-1100,-699,201669,295,16439,-1153,451,-369,-832,201690,7672,-31904,-804,1162,857,-1829,201690,-11100,-30966,6661,-361,4229,-4259,201669,-1962,32385,1929,857,3742,637,19,3
3626,201691,30849,-2039,14455,-875,-1870,-752,201691,295,16418,-1153,184,-369,-1258,201712,7672,-31904,-804,1162,857,-2347,201712,-11100,-31160,6455,-389,4052,-4899,201691,-2025,32370,1836,857,3495,637,19,3
3627,201713,31093,-2011,14013,-824,-3062,-884,201713,301,16329,-1143,-202,-178,-1862,201734,8016,-31841,-671,1432,1708,-3088,201734,-10736,-31286,6263,-410,3349,-5379,201713,-2102,32359,1767,1032,3238,1029,19,3
3628,201735,31113,-2011,14013,-824,-3062,-884,201735,301,16329,-1143,-202,-177,-1862,201756,8080,-31673,-671,1432,1711,-3088,201756,-10736,-31286,6263,-410,3349,-5379,201735,-2102,32359,1767,1042,3238,1203,19,3
3629,201757,31113,-2011,13409,-842,-4136,-1072,201757,280,16262,-1143,-492,-177,-2372,201778,8080,-31673,-671,1432,1711,-4010,201778,-10736,-31380,6077,-410,2654,-5813,201757,-2166,32333,1767,1042,2789,1203,19,3
3630,201779,31291,-1998,12582,-1007,-5660,-1289,201779,106,16202,-1005,-680,-9,-2843,201800,8746,-31182,-911,1758,2121,-5931,201800,-10463,-31451,5881,-187,1619,-6664,201779,-2302,31333,1879,1254,1631,2282,19,3
3631,201801,31291,-1998,12582,-1007,-5660,-1289,201801,106,16202,-955,-680,-4,-2843,201822,8918,-30708,-911,1771,2121,-5931,201822,-10321,-31451,5881,-116,1619,-6664,201801,-2302,31333,1879,1416,1631,2830,19,3
3632,201823,31236,-1998,11790,-1424,-7282,-1629,201823,-198,16156,-955,-800,-4,-3290,201844,8918,-30708,-933,1771,2100,-7931,201844,-10321,-31504,5734,-116,728,-7584,201823,-2404,30333,1879,1416,252,2830,19,3
3633,201845,30783,-1804,10790,-1937,-9282,-1884,201845,-426,16093,-687,-890,138,-3944,201866,9562,-29708,-933,2220,1948,-9931,201866,-9714,-31664,5678,492,-984,-8383,201845,-2404,29333,1541,1950,-781,4830,19,3
3634,201867,30783,-1776,10790,-1937,-9282,-1884,201867,-426,16093,-586,-890,220,-3944,201888,9562,-29708,-789,2495,1948,-9931,201888,-9321,-31664,5678,612,-984,-8383,201867,-2173,29333,1541,2032,-781,4830,19,3
3635,201889,30071,-1776,9790,-2182,-11282,-1884,201889,-484,16010,-586,-958,220,-4668,201910,9441,-29708,-789,2495,1948,-11931,201910,-9321,-31718,5678,612,-2394,-8896,201889,-2173,29333,1017,2032,-1074,4830,19,3
3636,201911,29071,-1102,8790,-2182,-13282,-1707,201911,-484,15903,-246,-1036,282,-5512,201932,8979,-29428,-681,3038,2243,-13931,201932,-8322,-31738,5818,1158,-3325,-9281,201911,-1173,29656,458,2494,-1074,6830,19,3
3637,201933,29071,-1102,8790,-2092,-13282,-1562,201933,-443,15903,-246,-1036,306,-5512,201954,8979,-29428,-681,3144,2303,-13931,201954,-8321,-31738,5872,1256,-3325,-9281,201933,-1173,29826,458,2494,121,6830,19,3
3638,201955,28071,-1102,7790,-2092,-15282,-1562,201955,-443,15794,-246,-1116,306,-6286,201976,8979,-29441,-681,3144,2303,-15931,201976,-8321,-31738,5872,1256,-3882,-9402,201955,-1173,29826,71,2494,121,6830,19,3
3639,201977,27071,-958,6790,-1773,-17282,-1676,201977,-457,15713,-157,-1677,384,-7530,201998,9882,-29484,-600,3631,2510,-17931,201998,-7321,-31639,6220,1860,-4171,-9429,201977,-173,30068,-250,2049,1442,7683,19,3
3640,201999,27071,-958,6790,-1773,-17282,-1676,201999,-457,15713,-157,-1677,470,-7530,202020,9979,-29517,-600,3631,2510,-17931,202020,-7321,-30738,6288,1860,-4171,-9429,201999,-173,30209,-250,2049,1442,7683,19,3
3641,202021,26227,-1338,5790,-1773,-19282,-1780,202021,-587,15539,-157,-2097,470,-8505,202042,9979,-29517,-600,3631,2141,-19584,202042,-7321,-30738,6288,1860,-4171,-9429,202021,-173,30209,-549,1426,1442,7683,19,3
3642,202043,25227,-1961,4790,-1538,-21282,-2034,202043,-1312,15408,-127,-2414,654,-9301,202064,10979,-29517,-8,2647,141,-21063,202064,-6321,-29738,6600,2260,-3919,-9276,202043,827,30524,-647,722,-77,8127,19,3
3643,202065,25227,-1961,4790,-1538,-21282,-2034,202065,-1312,15408,-127,-2414,817,-9301,202086,10979,-28605,316,2647,141,-21063,202086,-6321,-29738,6600,2260,-3552,-9276,202065,827,30524,-647,722,-77,8127,19,3
3644,202087,24362,-2344,3790,-1538,-22901,-2224,202087,-2263,15299,-127,-2552,817,-9916,202108,10979,-28605,316,1563,-1859,-22109,202108,-6321,-29738,6600,2260,-3552,-9276,202087,827,30524,-719,87,-1216,8127,19,3
3645,202109,24181,-2631,2790,-1367,-23073,-2422,202109,-3091,15169,-183,-2655,914,-10414,202130,11979,-27605,1003,303,-3859,-22785,202130,-5321,-28977,6762,2804,-2638,-8901,202109,1827,30051,-747,-705,-1507,8587,19,3
3646,202131,24181,-2631,2790,-1367,-23073,-2422,202131,-3091,15169,-183,-2655,914,-10414,202152,11979,-27605,1003,303,-3859,-22785,202152,-5321,-28977,6762,2804,-1816,-8542,202131,1827,29967,-747,-705,-1507,8587,19,3
3647,202153,24045,-2631,1790,-1367,-24245,-2570,202153,-3824,14931,-225,-2732,402,-10759,202174,11979,-27605,1003,-371,-3859,-22843,202174,-5321,-28977,6762,2804,-1816,-8542,202153,1827,29614,-747,-1611,-1507,8219,19,3
3648,202175,23045,-2615,790,-1204,-24245,-2570,202175,-4824,14514,-225,-2885,-558,-11018,202196,12052,-27451,1256,-728,-2952,-22843,202196,-4321,-28406,7197,2415,184,-6850,202175,2827,29286,-698,-2290,-618,6781,19,3
3649,202197,23045,-2615,790,-1204,-24220,-2461,202197,-4824,14514,-181,-2885,-558,-11018,202218,12052,-27451,1256,-728,-2952,-21882,202218,-4321,-27977,7197,2415,184,-6663,202197,2827,29286,-690,-2290,-463,6781,19,3
3650,202219,22045,-2615,-210,-1204,-24220,-2461,202219,-5824,14375,-181,-2885,-1278,-11018,202240,12052,-27451,1256,-995,-2952,-21882,202240,-4321,-27977,7197,2123,184,-6663,202219,2827,29122,-690,-2849,-463,4990,19,3
3651,202241,21045,-2603,-1210,-1131,-24256,-1898,202241,-6824,14271,153,-2311,-1863,-10664,202262,13052,-26678,734,-2417,-2812,-19882,202262,-3504,-26977,7523,1896,938,-5107,202241,3827,29122,-489,-3268,15,3224,19,3
3652,202263,21045,-2603,-1210,-1131,-24256,-1898,202263,-6824,14271,419,-2311,-1863,-10413,202284,13052,-26451,734,-2417,-2812,-19882,202284,-3504,-26977,7589,1896,938,-5104,202263,3827,29649,-489,-3268,15,3224,19,3
3653,202285,20045,-2603,-2210,-1131,-24283,-1898,202285,-7824,14193,419,-2311,-2302,-10413,202306,13052,-26451,342,-3483,-2812,-19882,202306,-3504,-26977,7589,1718,938,-5104,202285,3827,29649,-489,-3906,-463,2084,19,3
3654,202307,19045,-1848,-3210,-1356,-24355,-1460,202307,-8824,13670,1281,-2218,-2721,-9645,202328,12052,-25451,78,-4575,-1197,-17882,202328,-3229,-25977,7901,1554,-653,-4051,202307,4638,30146,231,-4802,-1473,1351,19,3
3655,202329,19045,-1848,-3210,-1356,-24355,-1460,202329,-8824,13670,1419,-2218,-2721,-9480,202350,12052,-25451,78,-4575,-1197,-17882,202350,-3185,-25977,7901,1554,-653,-4051,202329,4638,30190,431,-4802,-1473,1351,19,3
3656,202351,18045,-1848,-4210,-1525,-24409,-1460,202351,-9824,13179,1419,-2281,-2855,-9480,202372,11052,-25451,78,-5394,-1197,-17882,202372,-3185,-25977,7901,1123,-1966,-4051,202351,4638,30190,431,-5474,-2401,1031,19,3
3657,202373,17045,-848,-5210,-1652,-24536,-1312,202373,-10824,12752,2021,-2567,-2955,-8453,202394,10052,-24451,240,-6008,-1074,-15882,202394,-2946,-26977,8365,731,-2831,-3308,202373,5230,30572,1125,-5720,-3097,883,19,3
3658,202395,17045,-848,-5210,-1652,-24536,-1312,202395,-10824,12752,2021,-2567,-2955,-8232,202416,10052,-24451,242,-6008,-1074,-15882,202416,-2900,-26977,8613,731,-2831,-3308,202395,5230,30572,1125,-5720,-3097,883,19,3
3659,202417,17045,-848,-6210,-1652,-24570,-1312,202417,-11603,12408,2021,-2799,-3030,-8232,202438,9052,-24451,242,-6137,-1074,-15882,202438,-2900,-27948,8613,437,-2831,-3308,202417,5230,30572,1125,-5720,-3097,883,19,3
3660,202439,18045,-79,-7210,-1520,-24596,-1266,202439,-12070,11991,2381,-3002,-3316,-6589,202460,9052,-23451,31,-6137,-1291,-13882,202460,-2446,-28863,8899,226,-2254,-2717,202439,5674,30763,1759,-5551,-2992,963,19,3
3661,202461,18045,-79,-7210,-1492,-24596,-1266,202461,-12070,11991,2381,-3002,-3316,-6376,202482,10052,-23451,5,-5630,-1291,-13882,202482,-2446,-28863,8899,226,-2254,-2717,202461,5674,30859,1781,-5329,-2693,986,19,3
3662,202483,18045,-79,-8210,-1492,-24596,-1301,202483,-12074,11678,2381,-3086,-3530,-6376,202504,10052,-23451,-152,-5630,-1452,-13882,202504,-2446,-29549,8899,209,-2254,-2717,202483,5674,30859,1781,-5329,-2693,986,19,3
3663,202505,19043,563,-9210,-1180,-23047,-1327,202505,-12074,11508,2931,-3086,-3571,-4725,202526,11052,-22451,-440,-4988,-1573,-11882,202526,-2106,-29963,8988,209,-1848,-2269,202505,6075,31148,2511,-4254,-2390,1322,19,3
3664,202527,19043,577,-9210,-1170,-22596,-1327,202527,-12038,11508,3067,-2998,-3571,-4582,202548,11052,-22451,-440,-4732,-1573,-11882,202548,-2106,-29963,8988,212,-1848,-2269,202527,6075,31148,2511,-3896,-2390,1592,19,3
3665,202549,19043,577,-10210,-1170,-22596,-1327,202549,-12038,11401,3067,-2998,-3571,-4582,202570,11052,-22451,-774,-4732,-1640,-11882,202570,-2106,-30274,8988,212,-1848,-2269,202549,6075,31148,2511,-3896,-2390,1592,19,3
3666,202571,18470,965,-11210,-391,-20637,-1297,202571,-11840,11352,3660,-2905,-3316,-3107,202592,12052,-21451,-1202,-2985,-1640,-9882,202592,-1481,-30805,9055,275,-1785,-1775,202571,6642,31233,2705,-2439,-2206,2217,19,3
3667,202593,18470,965,-11210,-391,-20596,-1297,202593,-11645,11352,3678,-2855,-3278,-3081,202614,12052,-21451,-1202,-2732,-1493,-9882,202614,-1263,-30805,9055,278,-1785,-1775,202593,6724,31233,2705,-2377,-2206,2224,19,3
3668,202615,18040,380,-12210,-391,-20596,-1297,202615,-11645,11284,3678,-2855,-3278,-3081,202636,12052,-21451,-1855,-2732,-1493,-9882,202636,-1263,-31203,9055,278,-1785,-1775,202615,6724,31086,2705,-2377,-2206,2224,19,3
3669,202637,18040,-58,-13210,-361,-18596,-1541,202637,-11244,11132,4119,-2628,-2673,-1902,202658,13052,-20554,-2345,-1248,-1240,-7882,202658,-1123,-31502,9121,58,-1738,-1411,202637,7301,30958,2598,-1209,-2126,2640,19,3
3670,202659,18040,-58,-13210,-361,-18596,-1541,202659,-11234,11132,4119,-2572,-2541,-1902,202680,13052,-20554,-2345,-1248,-1240,-7882,202680,-1123,-31502,9135,58,-1529,-1411,202659,7301,30958,2596,-1209,-2126,2640,19,3
3671,202681,17758,-125,-14210,-361,-18596,-1724,202681,-11234,11018,4119,-2572,-2541,-1902,202702,13052,-20554,-2638,-1248,-1240,-7882,202702,-1123,-31570,9135,-303,-1529,-1411,202681,7301,30862,2518,-1209,-2126,2640,19,3
3672,202703,17546,-159,-15210,-339,-16596,-1724,202703,-10926,10944,4462,-2090,-1845,-1098,202724,14052,-19799,-2828,-589,-691,-6094,202724,-854,-31679,9071,-616,-1312,-1601,202703,7843,30790,2514,-297,-1648,2948,19,3
3673,202725,17546,-159,-15210,-320,-16596,-1720,202725,-10926,10944,4485,-1971,-1845,-1098,202746,14052,-19799,-2828,-589,-691,-6094,202746,-854,-31679,9071,-616,-1312,-1601,202725,7843,30790,2514,-297,-1531,2948,19,3
3674,202747,17387,-201,-16210,-320,-16596,-1720,202747,-10926,10907,4485,-1971,-1845,-1098,202768,14052,-19799,-2931,-589,-691,-6094,202768,-854,-31761,8999,-743,-1312,-1744,202747,7843,30736,2511,-297,-1531,2948,19,3
3675,202769,17387,-384,-17210,-304,-14596,-1626,202769,-10645,10907,4962,-1469,-1284,-774,202790,15052,-19449,-3078,-12,14,-4773,202790,-452,-31822,8945,-759,-1042,-1850,202769,8506,30492,2327,139,-1031,3081,19,3
3676,202791,17542,-384,-17210,-304,-14596,-1549,202791,-10630,10911,4964,-1456,-1261,-774,202812,15052,-19449,-3078,-12,29,-4773,202812,-448,-31822,8945,-759,-1042,-1850,202791,8532,30492,2327,139,-919,3081,19,3
3677,202813,17542,-521,-18210,-427,-14596,-1549,202813,-10630,10911,4964,-1456,-1261,-774,202834,15052,-19449,-3118,-12,29,-4773,202834,-448,-31868,8945,-771,-1042,-1850,202813,8532,30483,2177,139,-919,3067,19,3
3678,202835,17882,-554,-19210,-540,-12596,-1389,202835,-10408,10992,5321,-1048,-683,-591,202856,16052,-19394,-3248,302,557,-3761,202856,-61,-31935,8980,-859,-798,-1837,202835,9049,30476,2064,428,-418,2831,19,3
3679,202857,17890,-554,-19210,-540,-12596,-1359,202857,-10408,11024,5321,-1044,-682,-591,202878,16052,-19394,-3248,302,557,-3737,202878,-61,-31935,8980,-859,-798,-1793,202857,9063,30476,2064,428,-385,2831,19,3
3680,202879,17890,-579,-20210,-625,-12596,-1359,202879,-10408,11024,5321,-1044,-682,-591,202900,16052,-19395,-3276,302,557,-3737,202900,-61,-31935,8980,-925,-798,-1793,202879,9063,30471,1980,428,-385,2585,19,3
3681,202901,18165,-622,-21210,-690,-10596,-1179,202901,-10269,11237,5557,-633,-297,-460,202922,17052,-19420,-3297,423,915,-2797,202922,200,-30935,8887,-953,-493,-1519,202901,9543,30467,1867,432,-25,2208,19,3
3682,202923,18259,-622,-21210,-690,-10596,-1140,202923,-10269,11239,5557,-609,-297,-460,202944,17052,-19420,-3297,423,915,-2709,202944,200,-30935,8887,-953,-431,-1442,202923,9543,30467,1867,432,-25,2208,19,3
3683,202945,18259,-654,-22210,-762,-10596,-1140,202945,-10269,11239,5557,-609,-297,-460,202966,17052,-19420,-3304,423,915,-2709,202966,200,-30935,8829,-962,-431,-1442,202945,9543,30392,1696,365,-25,1764,19,3
3684,202967,18536,-654,-23210,-816,-8596,-949,202967,-10182,11435,5748,-220,-86,-321,202988,18052,-19286,-3304,485,1089,-1922,202988,354,-29935,8785,-981,-88,-1109,202967,9879,30250,1596,288,52,1270,19,3
3685,202989,18540,-486,-23210,-816,-8596,-871,202989,-10182,11471,5748,-181,-86,-301,203010,18052,-19228,-3078,485,1089,-1770,203010,354,-29935,8785,-981,-70,-1019,202989,9879,30250,1596,288,52,1270,19,3
3686,203011,18540,-486,-24210,-816,-8596,-871,203011,-10182,11471,5748,-181,-86,-301,203032,18052,-19228,-3078,485,1089,-1770,203032,354,-30339,8785,-1000,-70,-1019,203011,9879,30143,1521,288,-66,755,19,3
3687,203033,18775,-342,-25210,-777,-6596,-577,203033,-10117,11672,5832,205,72,-145,203054,19052,-18942,-2574,886,1078,-719,203054,555,-30642,8786,-1390,517,-442,203033,10131,30143,1518,381,-154,169,19,3
3688,203055,18877,-304,-25210,-597,-6596,-545,203055,-10117,11672,5832,267,76,-119,203076,19052,-18868,-2574,1239,1078,-562,203076,555,-30642,8786,-1390,680,-330,203055,10131,30155,1518,558,-154,169,19,3
3689,203077,18877,-304,-26210,-597,-6596,-545,203077,-10117,11672,5832,267,76,-119,203098,19052,-18868,-2574,1239,1078,-562,203098,555,-30642,8786,-1685,680,-330,203077,10131,30155,1518,558,-154,-393,19,3
3690,203099,19314,-277,-27210,107,-4596,-275,203099,-10136,11815,5675,941,418,99,203120,20052,-18672,-2612,2139,1092,544,203120,584,-30133,8631,-1906,1887,300,203099,10172,30446,1516,1240,227,-984,19,3
3691,203121,19408,-277,-27210,127,-4596,-275,203121,-10136,11823,5675,1139,540,186,203142,20052,-18672,-2612,2185,1243,596,203142,584,-30133,8631,-1906,1887,380,203121,10169,30446,1516,1316,286,-984,19,3
3692,203143,19408,-347,-27815,127,-4596,-275,203143,-10151,11823,5518,1139,540,186,203164,20052,-18672,-2641,2185,1243,596,203164,584,-30133,8407,-1906,1887,380,203143,10169,30446,1431,1316,286,-1508,19,3
3693,203165,19641,-574,-28269,670,-2596,-160,203165,-10151,11944,5323,2222,1023,630,203186,21052,-18611,-2641,2693,1585,1712,203186,436,-29751,8239,-1712,2624,1160,203165,10030,30352,1365,1647,1090,-1990,19,3
3694,203187,19684,-574,-28269,670,-2596,-160,203187,-10091,11967,5323,2222,1033,712,203208,21052,-18611,-2398,2693,1812,1850,203208,436,-29751,8239,-1700,2624,1194,203187,10030,30352,1365,1647,1202,-1990,19,3
3695,203209,19684,-744,-28329,670,-2596,-203,203209,-10091,11967,5175,2222,1033,712,203230,21052,-18611,-2398,2693,1812,1850,203230,303,-29751,8063,-1700,2624,1194,203209,9926,30352,1317,1647,1202,-2352,19,3
3696,203231,19849,-1117,-28329,817,-596,-491,203231,-10030,12086,4972,2902,1410,1297,203252,22052,-18316,-2104,2889,2272,2791,203252,225,-29675,7931,-1255,2459,1891,203231,9834,30282,1317,1576,1889,-2623,19,3
3697,203253,19851,-1117,-28250,817,-596,-491,203253,-9957,12086,4972,2902,1448,1297,203274,22052,-18316,-1980,2889,2276,2801,203274,225,-29675,7931,-1159,2459,1891,203253,9834,30282,1335,1576,2009,-2623,19,3
3698,203275,19851,-1287,-28250,817,-596,-723,203275,-9957,12086,4807,2902,1448,1297,203296,22052,-18316,-1980,2889,2276,2801,203296,-85,-29675,7878,-1159,2335,1891,203275,9741,30282,1335,1400,2009,-2826,19,3
3699,203297,20290,-1443,-27757,904,1404,-959,203297,-9813,12164,4584,2982,1794,1650,203318,23052,-18383,-1485,3052,3860,3514,203318,-491,-28675,7878,-461,2242,2783,203297,9671,30285,1055,1130,3088,-3212,19,3
3700,203319,20332,-1443,-27361,904,1404,-959,203319,-9813,12164,4584,2982,1941,1650,203340,23052,-18383,-1463,3157,4276,3718,203340,-491,-28675,8008,-256,2242,2783,203319,9671,30285,1055,1130,3125,-3212,19,3
3701,203341,20332,-1560,-27361,772,1404,-1197,203341,-9813,12164,4360,2982,1941,1650,203362,23052,-18567,-1463,3157,4276,3718,203362,-860,-28675,8008,-256,2148,2783,203341,9579,30285,1055,928,3125,-3502,19,3
3702,203363,21332,-1619,-26361,528,3404,-1589,203363,-9793,12330,3910,2864,2777,1873,203384,24052,-18783,-687,3358,5780,4384,203384,-1162,-27675,8126,351,1460,3336,203363,9222,30288,1139,884,3202,-3502,19,3
3703,203385,21332,-1619,-26361,528,3404,-1589,203385,-9793,12440,3910,2864,2891,1873,203406,24052,-18783,-511,3358,5780,4384,203406,-1162,-27675,8160,351,1460,3336,203385,9222,30395,1209,884,3202,-3416,19,3
3704,203407,21332,-1624,-26361,344,3404,-1899,203407,-9793,12440,3490,2613,2891,1873,203428,24052,-19045,-511,3358,5780,4384,203428,-1435,-28490,8160,351,483,3336,203407,8996,30395,1209,884,3038,-3416,19,3
3705,203429,22332,-1627,-25361,90,5404,-2132,203429,-9823,12672,3019,2093,3662,1992,203450,24419,-19503,489,3425,6862,4883,203450,-1644,-29101,8240,264,-461,3751,203429,8861,30398,982,1308,3038,-2934,19,3
3706,203451,22332,-1627,-25361,90,5404,-2132,203451,-9823,12672,3019,2093,3671,1992,203472,24419,-19503,489,3425,6862,4913,203472,-1644,-29101,8240,264,-461,3879,203451,8861,30556,982,1329,3038,-2934,19,3
3707,203473,22332,-1630,-25361,-105,5404,-2132,203473,-9845,12672,2561,1619,3671,1992,203494,24419,-20319,489,3425,6862,4913,203494,-1952,-29101,8240,-8,-855,3879,203473,8777,30556,848,1329,3068,-2934,19,3
3708,203495,21332,-1794,-24361,-441,7404,-2047,203495,-9916,12763,2165,1263,4339,2132,203516,24600,-21319,1414,2881,8205,6608,203516,-2335,-28101,8518,-294,-855,4471,203495,8714,30641,748,1539,3068,-3131,19,3
3709,203517,21332,-1794,-24361,-441,7404,-2047,203517,-9916,12763,2165,1263,4375,2249,203538,24600,-21319,1489,2881,8205,6892,203538,-2335,-28101,8540,-294,-705,4519,203517,8714,30641,748,1539,3068,-3131,19,3
3710,203539,20332,-1917,-24361,-693,7404,-2047,203539,-9970,12763,1778,1160,4375,2249,203560,24600,-22319,1489,1902,8205,6892,203560,-2673,-28101,8540,-783,-705,4519,203539,8649,30641,673,1539,2962,-3359,19,3
3711,203561,19332,-2065,-23361,-844,9404,-1823,203561,-9977,12954,1287,1088,4777,2813,203582,24152,-23137,2450,898,7623,8840,203582,-3154,-29101,8647,-1425,-337,5199,203561,8228,30705,332,1571,2453,-3691,19,3
3712,203583,19332,-2065,-23361,-844,9404,-1823,203583,-9977,13064,1287,1088,4777,2990,203604,24152,-23137,2450,898,7623,8892,203604,-3154,-29101,8647,-1425,-337,5379,203583,8228,30705,332,1571,2453,-3691,19,3
3713,203605,19332,-2065,-23361,-932,9404,-1823,203605,-9977,13064,918,1070,4508,2990,203626,23788,-23666,2450,6,7088,8892,203626,-3515,-29935,8449,-1907,-337,5379,203605,7829,30705,77,1571,2185,-4228,19,3
3714,203627,20332,-2034,-22361,-998,11404,-1615,203627,-9576,13380,752,1059,3826,3888,203648,23153,-23965,2921,-859,5606,10892,203648,-3894,-30499,8156,-2225,-4,6398,203627,7501,30823,-114,1196,2185,-4906,19,3
3715,203649,20332,-2034,-22361,-998,11404,-1582,203649,-9498,13380,752,1059,3826,4038,203670,23153,-23965,2921,-859,5606,10892,203670,-3894,-30499,8156,-2225,689,6398,203649,7501,30907,-114,1196,2221,-4906,19,3
3716,203671,20332,-2034,-22361,-1071,11404,-1582,203671,-9498,13380,723,1059,3112,4038,203692,22385,-24189,2921,-1671,3978,10892,203692,-4764,-30894,8063,-2464,689,6398,203671,7081,30907,-165,703,2221,-5415,19,3
3717,203693,21332,-2163,-21361,-1272,13404,-1316,203693,-8821,13472,701,1081,2497,5121,203714,21385,-24591,3200,-2379,2534,12892,203714,-5508,-31190,7993,-2799,1597,6895,203693,6528,31098,-165,330,2484,-5816,19,3
3718,203715,21332,-2163,-21361,-1272,13404,-1316,203715,-8757,13472,701,1083,2497,5199,203736,21385,-24591,3200,-2379,2534,12892,203736,-5508,-31190,7993,-2799,1597,6895,203715,6528,31098,-115,330,3099,-5816,19,3
3719,203737,21332,-2308,-21361,-1423,13404,-1316,203737,-8757,13472,564,1083,2035,5199,203758,20385,-25447,3200,-2910,1420,12892,203758,-6066,-31352,7940,-3065,1597,6895,203737,5956,31098,-115,38,3099,-6117,19,3
3720,203759,22332,-2529,-20361,-1629,15404,-1231,203759,-7956,13483,452,1219,1689,6176,203780,19385,-26169,3140,-3343,584,14444,203780,-6621,-31474,7573,-3264,1098,7217,203759,5277,31185,-2,-289,2328,-6435,19,3
3721,203781,22332,-2529,-20361,-1629,15404,-1231,203781,-7815,13483,452,1232,1689,6203,203802,19385,-26169,3140,-3343,584,14444,203802,-6621,-31474,7573,-3264,1098,7217,203781,5277,31139,-2,-289,2328,-6435,19,3
3722,203803,22332,-2588,-20361,-1812,15404,-1288,203803,-7815,13483,452,1232,1414,6203,203824,18385,-26710,3140,-3833,-42,14444,203824,-7107,-31474,6985,-3264,724,7217,203803,4839,31185,-2,-540,1139,-6676,19,3
3723,203825,23332,-2633,-19361,-2247,17048,-1424,203825,-6940,13969,485,1770,1044,7274,203846,17385,-27120,2773,-4201,-315,14915,203846,-7472,-31381,6486,-3249,444,7457,203825,4097,31043,114,-820,247,-6986,19,3
3724,203847,23332,-2633,-19361,-2247,17048,-1424,203847,-6921,14029,510,1770,1044,7274,203868,17385,-27120,2773,-4201,-315,14915,203868,-7472,-31381,6486,-3084,444,7457,203847,4097,31043,114,-820,247,-6986,19,3
3725,203869,23332,-2633,-19361,-2599,17048,-1424,203869,-6921,14029,510,1770,655,7274,203890,16385,-27428,2497,-4201,-520,14915,203890,-8472,-31381,6186,-3084,-92,7457,203869,3566,31043,114,-1071,247,-7222,19,3
3726,203891,24332,-2588,-18361,-2837,16984,-1395,203891,-5921,14386,623,1931,363,7789,203912,15385,-27659,2170,-4140,-1115,14750,203912,-9377,-31109,5961,-2734,-1277,6933,203891,2948,31286,201,-1326,258,-7399,19,3
3727,203913,24332,-2438,-18361,-2837,16984,-1386,203913,-5921,14386,623,1931,363,7789,203934,15385,-27659,2170,-4067,-1115,14750,203934,-9377,-31109,5961,-2590,-1277,6933,203913,2948,31304,243,-1326,258,-7399,19,3
3728,203935,24332,-2438,-18361,-2837,16363,-1386,203935,-5921,14386,623,1931,162,7789,203956,14397,-27832,1893,-4067,-2669,14341,203956,-10110,-31109,5961,-2590,-2207,6057,203935,2309,31304,243,-1617,-428,-7399,19,3
3729,203957,25332,-1972,-17361,-2805,14995,-1280,203957,-4971,14654,592,2052,11,7775,203978,13397,-28006,1283,-3833,-4558,13575,203978,-10532,-31087,5974,-1933,-3099,5202,203957,1829,31522,414,-2044,-2282,-7120,19,3
3730,203979,25332,-1972,-17361,-2494,14995,-1030,203979,-4969,14742,592,2092,11,7775,204000,13397,-28006,1283,-3762,-4558,13575,204000,-10532,-31087,5974,-1916,-3099,5202,203979,1829,31522,414,-2044,-2282,-7029,19,3
3731,204001,24332,-1972,-17361,-2494,13623,-1030,204001,-4969,14742,523,2092,-346,7629,204022,12397,-28136,826,-3762,-5975,12931,204022,-10848,-31087,5974,-1916,-3222,4299,204001,1471,31522,414,-2547,-3672,-7029,19,3
3732,204023,23332,-1517,-16361,-2168,12133,-657,204023,-4101,15121,346,2187,-736,7276,204044,11397,-28529,469,-3354,-5975,11996,204044,-11085,-30981,6174,-1452,-3222,3151,204023,1203,31571,526,-3078,-4988,-6719,19,3
3733,204045,23332,-1517,-16361,-2034,12133,-595,204045,-3969,15196,346,2187,-736,7276,204066,11397,-28529,469,-3354,-4796,11996,204066,-11085,-30981,6236,-1452,-2998,3151,204045,1203,31571,526,-3078,-4988,-6719,19,3
3734,204067,22332,-1517,-16361,-2034,10680,-595,204067,-3969,15196,195,2012,-937,6663,204088,11397,-28824,455,-3354,-4796,10870,204088,-11329,-30981,6236,-1452,-2998,2012,204067,530,31571,526,-3121,-5686,-6719,19,3
3735,204089,21332,-1609,-15361,-1887,8732,-633,204089,-2969,15599,-61,1814,-951,5757,204110,11610,-29686,441,-3050,-2796,8870,204110,-11440,-30921,6453,-1197,-2351,1019,204089,-428,31608,1088,-3121,-5797,-6038,19,3
3736,204111,21332,-1609,-15361,-1887,8732,-633,204111,-2969,15599,-61,1814,-951,5757,204132,11610,-29686,441,-3050,-2796,8870,204132,-11440,-30921,6453,-1197,-2322,1019,204111,-428,31608,1088,-2521,-5797,-5268,19,3
3737,204133,21332,-1678,-15361,-1887,7165,-662,204133,-2969,15599,-258,1636,-951,4862,204154,11610,-30354,180,-3050,-2796,6870,204154,-11440,-30924,6453,-1197,-2322,274,204133,-725,31608,1088,-2521,-5797,-5268,19,3
3738,204155,22332,-1678,-14361,-1776,5951,-662,204155,-1969,15838,-406,1427,-762,3901,204176,10610,-30903,-455,-1958,-2634,5125,204176,-11167,-30927,6437,-1044,-1866,-148,204155,-725,31744,1376,-1470,-4596,-3561,19,3
3739,204177,22332,-1524,-14361,-1769,5951,-444,204177,-1969,15838,-406,1427,-707,3901,204198,10610,-30903,-455,-1943,-2634,5125,204198,-11157,-30927,6437,-1044,-1789,-148,204177,-669,31744,1376,-1470,-4596,-3561,19,3
3740,204199,22332,-1524,-14361,-1769,5079,-444,204199,-1969,15838,-549,1269,-707,3101,204220,9610,-31293,-931,-1943,-2634,3917,204220,-11157,-30929,6425,-1044,-1789,-288,204199,-669,31744,1376,-1470,-4596,-3561,19,3
3741,204221,23332,-1129,-13361,-1047,4387,18,204221,-1085,15927,-738,1082,-466,2327,204242,8877,-31469,-931,-1128,-2513,3023,204242,-10945,-30930,6416,-927,-1494,-391,204221,-627,31812,1178,-756,-3626,-2468,19,3
3742,204243,23332,-1129,-13361,-1005,4387,18,204243,-1085,15927,-738,1082,-333,2327,204264,8877,-31469,-874,-1128,-2453,3023,204264,-10945,-30930,6416,-927,-1481,-391,204243,-627,31812,1178,-756,-3626,-2468,19,3
3743,204265,23332,-1268,-13361,-1005,3854,18,204265,-1085,15927,-882,942,-333,1734,204286,8328,-31575,-874,-1128,-2453,2379,204286,-10945,-30930,6328,-927,-1481,-391,204265,-627,31812,1029,-756,-3626,-2468,19,3
3744,204287,24332,-1557,-12361,-579,3312,-200,204287,-670,15974,-990,837,16,1289,204308,7702,-31655,-917,-755,-2116,1896,204308,-10800,-30989,6262,-783,-1242,-389,204287,-610,31867,1029,-577,-2775,-1834,19,3
3745,204309,24332,-1557,-12361,-579,3312,-200,204309,-670,15974,-990,837,16,1289,204330,7702,-31655,-917,-755,-1998,1896,204330,-10800,-30989,6262,-750,-1242,-330,204309,-610,31869,1089,-577,-2766,-1834,19,3
3746,204331,24332,-1773,-12361,-579,2906,-363,204331,-670,15974,-1051,763,16,982,204352,7232,-31655,-949,-755,-1998,1534,204352,-10800,-30989,6262,-750,-1242,-330,204331,-610,31869,1089,-577,-2766,-1834,19,3
3747,204353,25332,-1801,-11361,-534,2581,-430,204353,-359,16041,-1079,703,74,757,204374,7016,-31715,-949,-595,-1028,884,204374,-10815,-30987,6278,-537,-1123,-232,204353,-679,31943,1150,-497,-2215,-1371,19,3
3748,204375,25332,-1801,-11361,-534,2581,-430,204375,-320,16042,-1079,703,74,757,204396,7016,-31715,-891,-595,-588,884,204396,-10815,-30987,6288,-532,-1123,-214,204375,-679,32031,1178,-497,-2215,-1371,19,3
3749,204397,25332,-1801,-11361,-534,2337,-462,204397,-320,16042,-1098,656,74,601,204418,7004,-31715,-891,-595,-588,397,204418,-10823,-30987,6288,-532,-1123,-214,204397,-703,32031,1178,-497,-2215,-1371,19,3
3750,204419,26332,-1754,-10361,-495,2154,-478,204419,-39,16121,-1110,612,51,484,204440,7004,-31728,-848,-475,110,146,204440,-10823,-30976,6334,-376,-1033,-156,204419,-721,32095,1305,-467,-1801,-1056,19,3
3751,204441,26332,-1754,-10361,-484,2154,-478,204441,-39,16130,-1110,612,51,484,204462,7151,-31728,-848,-450,110,146,204462,-10823,-30954,6334,-376,-1025,-156,204441,-721,32095,1305,-467,-1801,-1056,19,3
3752,204463,26332,-1754,-10361,-484,2001,-490,204463,-39,16130,-1110,571,34,396,204484,7151,-31728,-848,-450,60,-8,204484,-10819,-30954,6334,-376,-1025,-167,204463,-734,32095,1305,-467,-1801,-1056,19,3
3753,204485,27147,-1749,-9361,-455,1887,-513,204485,106,16183,-1108,508,34,245,204506,7435,-31737,-764,-249,-142,-89,204506,-10819,-30929,6368,-259,-951,-201,204485,-812,32143,1356,-420,-1465,-820,19,3
3754,204507,27147,-1749,-9361,-443,1887,-513,204507,106,16183,-1108,508,107,245,204528,7435,-31737,-764,-201,-142,-89,204528,-10748,-30929,6378,-246,-942,-201,204507,-812,32157,1356,-419,-1342,-789,19,3
3755,204529,27147,-1759,-9361,-443,1757,-537,204529,106,16183,-1110,449,107,99,204550,7412,-31880,-764,-201,-294,-141,204550,-10748,-30934,6378,-246,-942,-201,204529,-812,32157,1356,-419,-1342,-789,19,3
3756,204551,27646,-1767,-8361,-431,1587,-572,204551,200,16199,-1142,404,154,-9,204572,7271,-31987,-717,-62,-294,-141,204572,-10622,-30956,6411,-60,-498,-179,204551,-715,32215,1411,-341,-527,-567,19,3
3757,204573,27646,-1767,-8361,-431,1587,-572,204573,200,16199,-1142,404,154,-9,204594,7271,-31987,-717,-62,-288,-131,204594,-10622,-30956,6411,-60,-498,-18,204573,-715,32215,1411,-341,-502,-567,19,3
3758,204595,27646,-1773,-8361,-431,1436,-611,204595,200,16199,-1168,404,124,-9,204616,7271,-31996,-717,-62,-288,-131,204616,-10622,-30956,6411,-60,-498,-18,204595,-715,32215,1411,-341,-502,-567,19,3
3759,204617,28074,-1773,-7361,-416,1304,-651,204617,309,16203,-1188,414,74,14,204638,7337,-32002,-683,82,38,-91,204638,-10806,-30973,6540,25,-242,137,204617,-800,32243,1442,-327,165,-478,19,3
3760,204639,28088,-1761,-7361,-416,1304,-651,204639,309,16203,-1188,443,74,61,204660,7431,-32002,-605,82,38,-82,204660,-10806,-30973,6552,25,-242,137,204639,-800,32243,1452,-327,232,-478,19,3
3761,204661,28088,-1761,-7361,-416,1205,-681,204661,309,16203,-1199,443,71,61,204682,7431,-32002,-605,82,38,-82,204682,-10944,-30973,6552,25,-242,137,204661,-894,32243,1452,-327,232,-478,19,3
3762,204683,28576,-1774,-6361,-438,1138,-684,204683,302,16251,-1207,494,71,128,204704,7389,-32001,-521,262,-78,1,204704,-10971,-30955,6658,-49,-45,92,204683,-964,32314,1541,-304,361,-314,19,3
3763,204705,28580,-1788,-6361,-438,1138,-684,204705,302,16252,-1207,494,97,128,204726,7389,-32001,-521,262,-78,1,204726,-10971,-30955,6694,-49,-45,92,204705,-964,32314,1541,-260,361,-263,19,3
3764,204727,28580,-1812,-6361,-454,1130,-684,204727,297,16252,-1207,494,97,128,204748,7358,-32042,-521,262,-78,1,204748,-10976,-30955,6694,-150,-140,49,204727,-964,32314,1541,-260,361,-263,19,3
3765,204749,28869,-1835,-5361,-454,1125,-671,204749,297,16288,-1206,480,118,110,204770,7358,-32073,-458,343,-34,-25,204770,-10976,-30942,6755,-246,-211,-73,204749,-947,32327,1607,-121,82,-77,19,3
3766,204771,28869,-1835,-5361,-389,1125,-625,204771,323,16288,-1206,480,129,110,204792,7372,-32073,-458,343,84,-25,204792,-10949,-30942,6766,-246,-211,-73,204771,-947,32327,1639,-120,82,-66,19,3
3767,204793,28869,-1838,-5361,-389,1125,-625,204793,323,16288,-1206,449,129,78,204814,7372,-32096,-458,343,84,-34,204814,-10949,-30982,6766,-315,-211,-164,204793,-947,32327,1639,-120,-126,-66,19,3
3768,204815,29086,-1854,-4361,-321,1138,-579,204815,378,16316,-1198,377,153,37,204836,7415,-32115,-471,388,104,-34,204836,-10913,-31012,6774,-348,-185,-231,204815,-934,32343,1677,29,-393,108,19,3
3769,204837,29096,-1854,-4361,-321,1138,-579,204837,378,16316,-1198,377,225,37,204858,7415,-32115,-471,401,104,-8,204858,-10913,-31012,6774,-348,-181,-231,204837,-934,32343,1677,36,-393,117,19,3
3770,204859,29096,-1874,-4361,-321,1138,-579,204859,378,16316,-1198,323,225,8,204880,7415,-32128,-481,401,-72,-8,204880,-10913,-31015,6774,-353,-181,-281,204859,-934,32343,1655,36,-531,117,19,3
3771,204881,29266,-1889,-3361,-299,1081,-517,204881,391,16324,-1192,298,326,0,204902,7419,-32141,-498,445,-204,12,204902,-10882,-31017,6752,-357,-158,-343,204881,-896,32349,1635,153,-787,251,19,3
3772,204903,29296,-1889,-3361,-299,1081,-517,204903,391,16324,-1182,298,326,0,204924,7419,-32141,-498,445,-204,14,204924,-10882,-31017,6752,-357,-158,-343,204903,-896,32349,1635,155,-787,251,19,3
3773,204925,29296,-1898,-3361,-319,1036,-517,204925,391,16324,-1182,289,326,-6,204946,7224,-32163,-498,445,-204,14,204946,-10882,-31026,6736,-357,-158,-390,204925,-896,32349,1506,155,-787,251,19,3
3774,204947,29410,-1903,-2361,-345,991,-488,204947,405,16330,-1172,282,337,-20,204968,7066,-32198,-523,392,-160,-64,204968,-10835,-31033,6712,-345,-171,-390,204947,-846,32331,1431,216,-764,308,19,3
3775,204969,29410,-1903,-2361,-345,991,-488,204969,409,16330,-1172,282,337,-20,204990,7066,-32198,-523,392,-89,-64,204990,-10835,-31034,6712,-333,-171,-387,204969,-782,32331,1431,216,-752,308,19,3
3776,204991,29410,-1907,-2361,-364,952,-488,204991,409,16330,-1172,282,337,-35,205012,6979,-32206,-576,353,-89,-162,205012,-10835,-31048,6694,-333,-193,-387,204991,-782,32318,1379,195,-752,308,19,3
3777,205013,29437,-1910,-1361,-488,882,-549,205013,460,16322,-1165,296,340,-49,205034,6979,-32210,-616,330,327,-235,205034,-10782,-31060,6682,-308,-223,-367,205013,-728,32308,1340,158,-609,296,19,3
3778,205035,29437,-1910,-1361,-488,882,-549,205035,460,16322,-1159,299,340,-49,205056,6984,-32210,-616,330,327,-235,205056,-10764,-31060,6682,-286,-223,-361,205035,-728,32308,1340,158,-600,296,19,3
3779,205057,29437,-1910,-1361,-584,849,-609,205057,460,16315,-1159,299,340,-56,205078,6984,-32210,-652,318,327,-238,205078,-10764,-31069,6681,-286,-223,-361,205057,-728,32308,1340,123,-600,278,19,3
3780,205079,29446,-1890,-361,-667,805,-640,205079,463,16304,-1170,314,334,-61,205100,7040,-32221,-652,318,456,-238,205100,-10710,-31075,6681,-237,-222,-325,205079,-732,32313,1325,81,-360,252,19,3
3781,205101,29446,-1890,-361,-667,805,-640,205101,463,16304,-1170,320,334,-61,205122,7040,-32221,-649,326,456,-219,205122,-10710,-31075,6681,-237,-210,-325,205101,-732,32313,1325,81,-356,252,19,3
3782,205123,29446,-1890,-361,-753,764,-684,205123,463,16295,-1189,320,301,-61,205144,7040,-32221,-646,326,456,-219,205144,-10710,-31084,6680,-237,-210,-325,205123,-732,32313,1321,38,-356,212,19,3
3783,205145,29508,-1865,639,-872,711,-717,205145,480,16295,-1203,357,255,-37,205166,6994,-32221,-646,332,552,-204,205166,-10672,-31091,6658,-218,-152,-300,205145,-735,32316,1318,-10,-190,171,19,3
3784,205167,29508,-1853,639,-872,711,-717,205167,486,16297,-1203,358,255,-33,205188,6994,-32221,-644,342,562,-204,205188,-10672,-31091,6658,-218,-134,-300,205167,-735,32316,1318,-10,-190,171,19,3
3785,205189,29508,-1853,639,-973,655,-762,205189,486,16297,-1213,358,217,-33,205210,6994,-32221,-644,342,562,-224,205210,-10672,-31096,6641,-218,-134,-300,205189,-735,32315,1306,-49,-190,145,19,3
3786,205211,29543,-1817,1639,-1064,600,-817,205211,499,16294,-1218,387,184,-33,205232,7043,-32219,-699,358,788,-310,205232,-10611,-31102,6632,-193,-77,-276,205211,-723,32314,1239,-78,-65,136,19,3
3787,205233,29543,-1817,1639,-1064,600,-817,205233,499,16294,-1218,387,184,-33,205254,7043,-32219,-699,363,788,-310,205254,-10611,-31102,6632,-183,-77,-268,205233,-723,32314,1239,-78,-41,136,19,3
3788,205255,29543,-1817,1639,-1171,600,-870,205255,499,16286,-1220,387,146,-35,205276,7043,-32219,-724,363,788,-374,205276,-10611,-31106,6626,-183,-77,-268,205255,-723,32314,1189,-100,-41,131,19,3
3789,205277,29569,-1790,2639,-1282,645,-914,205277,508,16280,-1232,410,52,-37,205298,7002,-32184,-751,380,935,-415,205298,-10562,-31113,6626,-129,2,-194,205277,-714,32311,1185,-162,76,127,19,3
3790,205299,29571,-1746,2639,-1282,645,-914,205299,515,16280,-1232,410,52,-37,205320,7002,-32184,-751,381,935,-415,205320,-10562,-31113,6633,-119,2,-188,205299,-708,32311,1185,-162,109,127,19,3
3791,205321,29571,-1746,2639,-1366,645,-947,205321,515,16278,-1232,410,-18,-38,205342,7002,-32184,-763,381,935,-435,205342,-10569,-31113,6633,-119,2,-188,205321,-708,32293,1185,-239,109,103,19,3
3792,205343,29580,-1713,3639,-1429,634,-976,205343,547,16277,-1245,412,-76,-38,205364,7029,-32157,-763,389,1040,-450,205364,-10576,-31118,6638,-48,70,-102,205343,-701,32277,1208,-373,262,14,19,3
3793,205365,29580,-1713,3639,-1429,634,-976,205365,547,16277,-1245,412,-76,-38,205386,7029,-32157,-712,389,1080,-450,205386,-10576,-31118,6640,-48,125,-102,205365,-701,32277,1208,-373,293,14,19,3
3794,205387,29580,-1714,3639,-1471,618,-1002,205387,547,16276,-1254,412,-122,-38,205408,7029,-32157,-712,389,1080,-461,205408,-10583,-31118,6640,-48,125,-102,205387,-741,32277,1208,-473,293,-78,19,3
3795,205409,29587,-1725,4639,-1502,570,-1047,205409,552,16275,-1265,404,-160,-37,205430,7074,-32169,-674,378,1293,-469,205430,-10595,-31136,6662,31,234,-27,205409,-777,32339,1252,-553,473,-147,19,3
3796,205431,29587,-1725,4639,-1502,570,-1047,205431,552,16275,-1265,404,-160,-37,205452,7088,-32169,-669,378,1301,-469,205452,-10595,-31136,6674,31,234,-14,205431,-777,32339,1322,-553,473,-147,19,3
3797,205453,29587,-1725,4639,-1506,534,-1085,205453,552,16275,-1273,398,-184,-37,205474,7088,-32169,-665,352,1301,-475,205474,-10604,-31136,6674,31,234,-14,205453,-812,32339,1322,-560,473,-147,19,3
3798,205475,29638,-1649,5639,-1506,498,-1099,205475,556,16277,-1277,398,-196,-32,205496,7254,-32134,-665,350,1479,-496,205496,-10610,-31124,6697,56,283,44,205475,-867,32362,1407,-560,479,-123,19,3
3799,205497,29638,-1633,5639,-1506,498,-1099,205497,556,16289,-1277,398,-196,-31,205518,7258,-32134,-606,350,1479,-496,205518,-10610,-31124,6697,56,283,44,205497,-867,32362,1409,-541,479,-112,19,3
3800,205519,29638,-1633,5639,-1506,455,-1099,205519,556,16289,-1277,398,-196,-31,205540,7258,-32134,-606,350,1476,-496,205540,-10611,-31124,6697,56,283,44,205519,-908,32362,1409,-541,460,-112,19,3
3801,205541,29596,-1574,6639,-1393,423,-1035,205541,562,16296,-1264,394,-159,-39,205562,7351,-32108,-562,387,1368,-480,205562,-10612,-31107,6714,63,319,87,205541,-923,32365,1474,-491,460,-48,19,3
3802,205563,29596,-1574,6639,-1350,423,-1033,205563,562,16296,-1264,394,-145,-39,209244,7351,-32108,-490,388,1368,-478,209244,-10612,-31107,6724,63,319,88,205563,-923,32365,1474,-491,469,-48,20,3
3803,209245,29565,-1574,6639,-1350,399,-1033,209245,562,16296,-1264,384,-145,-59,209266,7351,-32108,-490,388,1287,-478,209266,-10624,-31107,6724,52,318,88,209245,-934,32365,1474,-491,469,-48,20,3
3804,209267,29542,-1548,7639,-1198,381,-970,209267,567,16294,-1270,374,-40,-74,209288,7407,-32094,-403,401,1256,-446,209288,-10699,-31078,6745,29,318,81,209267,-966,32369,1515,-453,479,0,20,3
3805,209289,29542,-1530,7639,-1198,381,-966,209289,567,16294,-1270,374,-24,-74,209310,7407,-32094,-403,401,1256,-430,209310,-10699,-31076,6760,29,318,81,209289,-966,32369,1515,-453,482,0,20,3
3806,209311,29542,-1530,7639,-1198,322,-966,209311,523,16292,-1306,366,-24,-74,209332,7407,-32094,-403,401,1250,-430,209332,-10778,-31076,6767,6,318,61,209311,-996,32369,1515,-453,482,0,20,3
3807,209333,29580,-1445,8639,-1174,238,-905,209333,490,16291,-1333,360,61,-65,209354,7423,-32100,-376,410,1245,-381,209354,-10847,-31049,6769,-5,333,38,209333,-1049,32358,1612,-397,465,60,20,3
3808,209355,29588,-1445,8639,-1174,238,-905,209355,490,16291,-1333,360,61,-65,209376,7423,-32100,-336,410,1245,-381,209376,-10847,-31049,6769,-5,333,38,209355,-1049,32358,1634,-396,465,60,20,3
3809,209377,29588,-1445,8639,-1174,172,-905,209377,485,16291,-1347,355,61,-65,209398,7423,-32104,-336,410,1242,-381,209398,-10899,-31049,6769,-12,308,26,209377,-1096,32350,1634,-396,389,60,20,3
3810,209399,29623,-1393,9639,-1154,88,-852,209399,481,16292,-1357,349,125,-60,209420,7435,-32104,-306,382,1239,-329,209420,-10938,-31032,6762,-16,295,26,209399,-1132,32350,1723,-341,317,113,20,3
3811,209421,29623,-1393,9639,-1154,88,-852,209421,481,16292,-1357,349,137,-60,209442,7435,-32075,-284,382,1239,-329,209442,-10938,-31032,6762,-16,295,30,209421,-1132,32364,1745,-340,317,113,20,3
3812,209443,29623,-1393,9639,-1154,25,-852,209443,478,16292,-1364,344,137,-60,209464,7435,-32075,-284,382,1217,-329,209464,-10949,-31032,6762,-16,285,30,209443,-1147,32364,1745,-340,298,113,20,3
3813,209465,29633,-1322,10639,-1140,-22,-817,209465,454,16290,-1369,339,202,-57,209486,7450,-32094,-235,383,1201,-296,209486,-10957,-31024,6765,-15,282,15,209465,-1148,32361,1828,-302,284,142,20,3
3814,209487,29633,-1322,10639,-1140,-22,-817,209487,454,16290,-1369,339,202,-52,209508,7450,-32094,-235,383,1201,-296,209508,-10957,-31024,6765,-15,282,15,209487,-1148,32361,1828,-302,284,142,20,3
3815,209509,29633,-1322,10639,-1140,-35,-817,209509,428,16290,-1375,335,202,-52,209530,7450,-32108,-235,383,1201,-296,209530,-10957,-31024,6765,-15,282,4,209509,-1148,32358,1828,-302,284,142,20,3
3816,209531,29647,-1271,11639,-1133,-45,-791,209531,409,16290,-1379,333,228,-41,209552,7461,-32108,-246,354,1225,-263,209552,-10957,-31000,6775,-21,292,-4,209531,-1137,32336,1857,-301,284,139,20,3
3817,209553,29647,-1271,11639,-1133,-45,-763,209553,409,16290,-1379,333,228,-41,209574,7497,-32096,-246,354,1225,-263,209574,-10957,-30998,6775,-21,292,-4,209553,-1137,32336,1857,-301,284,139,20,3
3818,209575,29647,-1271,11639,-1138,-45,-763,209575,409,16290,-1382,333,228,-41,209596,7497,-32096,-266,346,1189,-263,209596,-10957,-30998,6775,-25,292,-4,209575,-1137,32320,1857,-301,284,132,20,3
3819,209597,29673,-1269,12639,-1142,-57,-723,209597,410,16290,-1385,336,245,-35,209618,7571,-32083,-281,346,1100,-286,209618,-10957,-30972,6783,-25,321,-10,209597,-1156,32308,1870,-292,302,120,20,3
3820,209619,29677,-1269,12639,-1142,-57,-720,209619,410,16290,-1385,337,247,-35,209640,7571,-32083,-281,400,1100,-286,209640,-10957,-30956,6783,11,459,-10,209619,-1156,32308,1882,-286,303,120,20,3
3821,209641,29677,-1269,12639,-1142,-68,-720,209641,410,16290,-1388,337,247,-35,209662,7571,-32083,-352,400,986,-315,209662,-10957,-30956,6783,11,459,-25,209641,-1171,32303,1891,-286,303,108,20,3
3822,209663,29693,-1267,13407,-1136,-101,-690,209663,410,16290,-1391,341,266,-42,209684,7632,-32074,-408,512,872,-396,209684,-11037,-30941,6779,35,1628,-207,209663,-1184,32299,1891,-253,466,65,20,3
3823,209685,29724,-1259,13407,-1136,-101,-684,209685,410,16296,-1391,343,266,-42,209706,7646,-32072,-408,559,872,-396,209706,-11037,-30941,6779,35,1836,-207,209685,-1184,32299,1898,-206,682,65,20,3
3824,209707,29724,-1259,13407,-1136,-135,-684,209707,409,16296,-1391,343,266,-50,209728,7646,-32072,-448,559,619,-528,209728,-11125,-30941,6779,6,1836,-427,209707,-1274,32294,1903,-206,682,32,20,3
3825,209729,29837,-1240,13999,-1118,-219,-642,209729,304,16398,-1358,378,280,-82,209750,7826,-32079,-552,1076,419,-889,209750,-11443,-30901,6784,-249,2945,-1108,209729,-1341,32294,1903,192,2497,29,20,3
3826,209751,30093,-1240,13999,-1107,-219,-571,209751,304,16398,-1341,381,449,-82,209772,7826,-32085,-552,1076,419,-889,209772,-11443,-30879,6784,-249,2945,-1108,209751,-1341,32324,1929,338,2497,29,20,3
3827,209773,30093,-1240,13999,-1107,-401,-571,209773,225,16398,-1341,381,449,-149,209794,7826,-32107,-630,1076,419,-1275,209794,-11682,-30879,6780,-523,2945,-2078,209773,-1417,32324,1929,338,2497,29,20,3
3828,209795,30550,-1118,14517,-1022,-811,-496,209795,225,16493,-1217,292,587,-525,209816,7549,-32182,-992,1405,713,-2087,209816,-11682,-30957,6625,-728,3784,-3613,209795,-1496,32383,1918,869,3618,225,20,3
3829,209817,30558,-1118,14517,-976,-811,-496,209817,303,16493,-1198,292,759,-525,209838,7549,-32182,-992,1405,1541,-2087,209838,-11429,-30957,6625,-728,3784,-3613,209817,-1496,32383,1792,869,3618,381,20,3
3830,209839,30558,-1118,14517,-976,-1443,-496,209839,303,16493,-1198,-16,759,-1057,209860,7549,-32182,-1264,1405,1541,-3189,209860,-11429,-31019,6336,-728,3784,-5066,209839,-1612,32383,1758,869,3618,381,20,3
3831,209861,30908,-1188,14273,-754,-3026,-477,209861,407,16377,-1038,-715,1101,-2070,209882,7698,-31976,-1468,1163,3282,-5189,209882,-11177,-31122,5954,-693,3612,-6377,209861,-1903,32341,1624,1306,3798,1095,20,3
3832,209883,30908,-1188,14273,-754,-3026,-477,209883,407,16377,-1038,-715,1102,-2070,209904,8276,-31568,-1468,1163,3282,-5189,209904,-11023,-31122,5954,-390,3612,-6377,209883,-1903,32341,1624,1473,3798,1599,20,3
3833,209905,30908,-1293,13764,-754,-4844,-645,209905,407,16211,-1038,-1254,1102,-3066,209926,8276,-31568,-1621,981,3282,-7189,209926,-11023,-31279,5589,-390,3319,-7587,209905,-2127,31341,1538,1473,3798,1599,20,3
3834,209927,30593,-1371,12764,-959,-6844,-1247,209927,92,15951,-745,-1659,1495,-4161,209948,9276,-30568,-1835,981,3212,-9189,209948,-10505,-31399,5315,476,2997,-9175,209927,-2315,30341,1373,2051,3783,3599,20,3
3835,209949,30593,-1371,12764,-959,-6844,-1247,209949,92,15951,-672,-1659,1723,-4161,209970,9276,-30568,-1835,1491,3212,-9189,209970,-10505,-31399,5315,869,2997,-9175,209949,-2315,30341,1373,2128,3783,3599,20,3
3836,209971,29875,-1371,11764,-1418,-8844,-1699,209971,-446,15730,-672,-1834,1723,-5099,209992,9276,-30568,-1835,1491,2909,-11189,209992,-10505,-31469,5315,869,2755,-10596,209971,-2436,30046,1249,2128,3783,3599,20,3
3837,209993,28875,-1154,10764,-1762,-10844,-1699,209993,-850,15545,-219,-1965,1978,-6219,210014,8687,-29568,-1458,2704,1567,-13189,210014,-9505,-31477,5446,2078,1210,-11711,209993,-2436,30046,908,2481,4508,5599,20,3
3838,210015,28875,-824,10764,-1762,-10844,-1553,210015,-850,15545,-219,-1965,1978,-6219,210036,8687,-29568,-1092,2704,1567,-13189,210036,-9505,-31477,5526,2112,1210,-11711,210015,-1436,30058,908,2481,4508,5599,20,3
3839,210037,27875,-824,9764,-1762,-12844,-1553,210037,-991,15345,-219,-2063,1684,-7457,210058,8245,-29568,-1092,2704,1567,-15189,210058,-9505,-31477,5526,2112,-78,-12547,210037,-1436,30058,653,2481,4508,5599,20,3
3840,210059,26875,-275,8764,-1399,-14844,-1366,210059,-1097,15142,41,-2342,1429,-8836,210080,8245,-29004,-163,3051,1746,-17189,210080,-8505,-31283,6060,2587,-2078,-12708,210059,-436,30009,301,2537,3503,7599,20,3
3841,210081,26875,-275,8764,-1399,-14844,-1366,210081,-1097,15142,41,-2342,1429,-8836,210102,8758,-29004,-163,3051,1746,-17189,210102,-8505,-31283,6138,2587,-2078,-12708,210081,-436,30009,301,2537,3503,7599,20,3
3842,210103,25875,-366,7764,-1399,-16844,-1523,210103,-1176,14964,41,-2624,1238,-10050,210124,8758,-29004,-163,3051,1246,-19189,210124,-8505,-31283,6138,2587,-3961,-12708,210103,-436,29972,143,2537,2749,7599,20,3
3843,210125,24875,-730,6764,-1203,-18844,-1640,210125,-1407,14780,-181,-2989,1048,-11010,210146,9758,-28581,485,3290,-754,-21189,210146,-7505,-30806,6539,2935,-3961,-12433,210125,564,29569,-198,2689,2746,9087,20,3
3844,210147,24875,-730,6764,-1203,-18844,-1640,210147,-1407,14780,-181,-2989,1048,-11010,210168,9758,-28581,485,3290,-754,-21189,210168,-7505,-30806,6597,2935,-2652,-12403,210147,564,29569,-198,2689,2746,9087,20,3
3845,210169,23875,-1003,5764,-1203,-20834,-1640,210169,-1885,14624,-347,-3435,597,-11762,210190,9758,-28581,485,3049,-2754,-21189,210190,-7505,-30806,6597,2935,-2652,-12403,210169,564,29569,-386,2689,2746,9087,20,3
3846,210191,22994,-1034,4764,-1073,-21483,-1114,210191,-2508,14121,-347,-3775,-10,-12568,210212,10758,-27581,1169,1742,-4506,-19189,210212,-6505,-30980,6863,3117,-1670,-11783,210191,1564,29697,-779,2217,3382,9521,20,3
3847,210213,22994,-1034,4764,-1056,-21483,-1114,210213,-2508,14121,-279,-3775,-10,-12568,210234,10758,-27581,1169,1742,-4506,-19189,210234,-6505,-30980,7253,3117,-1670,-11532,210213,1564,29697,-779,2217,3382,9521,20,3
3848,210235,22333,-1034,3849,-1056,-21483,-1114,210235,-3145,13405,-279,-3916,-135,-13318,210256,10758,-27581,1169,605,-4506,-19189,210256,-6505,-30980,7253,3077,-1670,-11532,210235,1564,29697,-966,1668,3382,9521,20,3
3849,210257,21333,-881,3210,-838,-20610,-719,210257,-4145,12835,-114,-4021,-229,-13943,210278,11758,-26581,1408,-1268,-4302,-21189,210278,-5505,-29980,8007,2817,-966,-10779,210257,2564,29862,-1106,850,2983,9198,20,3
3850,210279,21333,-881,3210,-588,-20517,-705,210279,-4145,12835,-104,-4021,-229,-13943,210300,11758,-26581,1408,-1268,-4097,-21189,210300,-5505,-29980,8035,2817,-966,-10768,210279,2564,29862,-1106,850,2983,9198,20,3
3851,210301,20333,-881,2785,-588,-20517,-705,210301,-5145,12312,-104,-4100,-300,-14349,210322,11758,-26581,1408,-2673,-4097,-23189,210322,-5505,-29980,8035,2595,-966,-10768,210301,2564,29862,-1106,236,2293,8883,20,3
3852,210323,19333,-1582,2576,310,-18517,-107,210323,-6145,11312,70,-4531,-1077,-14630,210344,10758,-25581,1352,-3727,-2660,-25063,210344,-4505,-28980,8622,1395,-1406,-10100,210323,3564,29730,-905,-4,1430,8598,20,3
3853,210345,19333,-1582,2576,310,-18517,-107,210345,-6145,11312,186,-4531,-1077,-14630,210366,10758,-25581,1352,-3727,-2097,-25063,210366,-4505,-28980,8790,1395,-1406,-10074,210345,3564,29730,-905,-4,1430,8598,20,3
3854,210367,18333,-2554,2420,310,-18517,-107,210367,-7145,10519,186,-4855,-1660,-14826,210388,9758,-25581,1290,-3727,-2097,-25331,210388,-4505,-28980,8790,411,-1736,-10074,210367,3564,29631,-905,-158,14,8106,20,3
3855,210389,17333,-3283,2303,0,-16884,-427,210389,-8145,10015,684,-5062,-1844,-14958,210410,8758,-24581,1243,-3638,-392,-25331,210410,-3505,-27980,8770,-533,-1843,-9086,210389,4564,29401,-918,-273,-1986,7718,20,3
3856,210411,17333,-3283,2258,0,-16884,-427,210411,-8145,10015,1037,-5062,-1844,-14958,210432,8758,-24581,1208,-3638,-392,-24675,210432,-3505,-27980,8770,-533,-1843,-9068,210411,4564,29401,-918,-273,-1986,7718,20,3
3857,210433,16333,-3382,1303,0,-16884,-475,210433,-9145,9849,1037,-5107,-1844,-14958,210454,7758,-24581,1208,-3638,-415,-24675,210454,-3505,-27980,8755,-999,-1843,-9068,210433,4564,29401,-928,-378,-3986,7270,20,3
3858,210455,15333,-3382,303,69,-18685,-511,210455,-10145,9725,1980,-5141,-1458,-14782,210476,6758,-23581,738,-3571,-854,-23234,210476,-2505,-26980,8636,-999,-1765,-7749,210455,5564,29257,-1090,-649,-5458,6445,20,3
3859,210477,15333,-2382,303,69,-18685,-511,210477,-10145,9725,2037,-5141,-1458,-14425,210498,6758,-23581,738,-3571,-854,-22675,210498,-2505,-26980,8636,-789,-1765,-7149,210477,5564,29257,-1090,-649,-5458,6445,20,3
3860,210499,14333,-2382,-697,69,-20148,-511,210499,-11145,9481,2037,-5207,-1500,-14425,210520,5758,-23581,385,-3571,-854,-22675,210520,-2505,-26980,8619,-789,-1765,-7149,210499,5564,29149,-1267,-853,-5458,5755,20,3
3861,210521,13333,-2348,-1697,150,-21279,-496,210521,-12145,9028,3037,-5348,-1883,-12888,210542,4758,-22581,118,-3042,-1854,-20675,210542,-1505,-25980,8432,-53,-1371,-5589,210521,6564,29068,-1486,-1006,-4405,4803,20,3
3862,210543,13333,-2348,-1697,150,-21279,-496,210543,-12145,9028,3037,-5348,-1883,-12494,210564,4758,-22581,118,-3042,-1854,-20675,210564,-1505,-25980,8432,64,-1371,-5453,210543,6564,29068,-1486,-1006,-4405,4803,20,3
3863,210565,12333,-2348,-2697,150,-21279,-496,210565,-13145,8321,3037,-5454,-2170,-12494,210586,3758,-22581,-389,-3042,-2604,-20675,210586,-1505,-25980,8432,64,-1371,-5453,210565,6564,29007,-1566,-1006,-4405,4016,20,3
3864,210587,11333,-2322,-3697,105,-20897,-281,210587,-14038,7625,4037,-5533,-2745,-10494,210608,2758,-21581,-769,-2524,-3167,-18675,210608,-505,-24980,8482,714,-1223,-4131,210587,7564,28883,-1626,-987,-3225,3369,20,3
3865,210609,11333,-2322,-3697,105,-20897,-281,210609,-14038,7625,4037,-5533,-2745,-10494,210630,2758,-21581,-769,-2524,-3167,-18675,210630,-505,-24980,8620,714,-1223,-4131,210609,7564,28883,-1626,-987,-3162,3369,20,3
3866,210631,11333,-2323,-4697,-75,-20897,-281,210631,-14652,6987,4037,-5533,-3176,-10494,210652,1758,-21581,-1062,-2524,-3403,-18675,210652,-505,-24980,8620,714,-1223,-4131,210631,7564,28883,-1626,-987,-3162,2986,20,3
3867,210653,12333,-2323,-5697,-480,-19594,-555,210653,-15085,6380,4745,-5214,-3176,-8494,210674,1758,-20581,-1446,-1929,-3403,-16675,210674,389,-23980,8957,192,-1379,-3462,210653,8564,28808,-1405,-454,-2172,2786,20,3
3868,210675,12333,-2016,-5697,-480,-19068,-555,210675,-15085,6380,4745,-4917,-3171,-8494,210696,2758,-20581,-1446,-1737,-2921,-16675,210696,389,-23980,8957,192,-1379,-3462,210675,8564,28808,-1405,-446,-2094,2786,20,3
3869,210697,12333,-2016,-6697,-825,-19068,-761,210697,-15085,5925,4745,-4917,-3171,-8494,210718,2758,-20581,-1802,-1737,-2921,-16675,210718,389,-24980,8957,-213,-1417,-3462,210697,8564,28752,-1405,-446,-2094,2636,20,3
3870,210719,13333,-1719,-7697,-1101,-17068,-915,210719,-14834,5814,5276,-3695,-2999,-6494,210740,3758,-19581,-2361,-588,-2351,-14675,210740,1389,-25980,8947,-502,-1445,-2868,210719,9564,28710,-1843,53,-1371,2308,20,3
3871,210741,13333,-1593,-7697,-1101,-17068,-915,210741,-14617,5814,5276,-3417,-2813,-6494,210762,3758,-19581,-2361,-588,-2195,-14675,210762,1389,-25980,8947,-502,-1445,-2826,210741,9564,28710,-1843,53,-1252,2308,20,3
3872,210763,13333,-1593,-8697,-1150,-17068,-915,210763,-14617,5814,5276,-3417,-2813,-6494,210784,3758,-19581,-2728,-588,-2195,-14675,210784,1389,-26980,8882,-518,-1445,-2826,210763,9564,28710,-2172,53,-1252,2062,20,3
3873,210785,14333,-1342,-9697,-1184,-15068,-906,210785,-14194,6065,5676,-2014,-2117,-4494,210806,4758,-18581,-2994,-75,-1598,-12675,210806,2224,-27980,8882,-518,-1252,-2270,210785,10509,28842,-2172,256,-699,1892,20,3
3874,210807,14333,-1342,-9697,-1184,-15068,-906,210807,-14175,6065,5676,-2014,-2117,-4494,210828,4758,-18581,-2994,-75,-1598,-12675,210828,2224,-27980,8941,-338,-1181,-2261,210807,10509,28842,-2099,256,-699,1892,20,3
3875,210829,14333,-1342,-10697,-1209,-15068,-906,210829,-14175,6065,5676,-2014,-2117,-4494,210850,4758,-18581,-3181,-75,-1598,-12675,210850,2224,-28929,8941,-338,-1181,-2261,210829,10509,28842,-2099,256,-699,1853,20,3
3876,210851,15333,-1288,-11697,-1228,-13068,-989,210851,-13581,6253,5967,-1112,-1605,-2714,210872,5758,-17581,-3319,11,-836,-10675,210872,2850,-29756,9011,-247,-857,-1794,210851,11337,28711,-2128,174,-379,1823,20,3
3877,210873,15333,-1288,-11697,-1228,-13068,-989,210873,-13581,6253,5967,-1112,-1605,-2714,210894,5758,-17581,-3319,11,-836,-10675,210894,2922,-29756,9011,-247,-803,-1733,210873,11359,28711,-2128,174,-379,1823,20,3
3878,210895,15333,-1288,-12697,-1228,-13068,-989,210895,-13581,6253,5967,-1112,-1605,-2714,210916,5758,-17581,-3423,11,-836,-10675,210916,2922,-30331,9011,-263,-803,-1733,210895,11359,28613,-2150,93,-379,1801,20,3
3879,210917,16333,-1049,-13697,-1127,-11068,-944,210917,-13201,6450,6107,-659,-1005,-1706,210938,6758,-16581,-3595,204,-467,-8675,210938,3389,-30762,9048,-527,-385,-1283,210917,12035,28594,-2166,14,-155,1647,20,3
3880,210939,16333,-1049,-13697,-1127,-11068,-926,210939,-13201,6481,6107,-659,-1005,-1706,210960,6758,-16581,-3595,215,-467,-8675,210960,3389,-30762,9048,-527,-385,-1281,210939,12067,28594,-2166,14,-155,1647,20,3
3881,210961,16333,-1094,-14697,-1127,-11068,-926,210961,-13201,6481,6107,-659,-1005,-1706,210982,6758,-16581,-3816,215,-467,-8675,210982,3389,-31053,9048,-893,-385,-1281,210961,12067,28594,-2178,-82,-236,1512,20,3
3882,210983,17333,-1128,-15697,-1188,-9068,-870,210983,-12990,6682,6212,-334,-618,-1250,211004,7758,-15581,-4084,277,-35,-6863,211004,3720,-31271,8998,-1207,-71,-922,210983,12566,28611,-2287,-257,-313,1357,20,3
3883,211005,17333,-1128,-15697,-1188,-9068,-870,211005,-12990,6683,6255,-334,-618,-1250,211026,7758,-15581,-4084,277,-35,-6863,211026,3720,-31271,8998,-1207,-71,-908,211005,12566,28611,-2287,-257,-313,1357,20,3
3884,211027,17333,-1128,-16697,-1246,-9068,-870,211027,-12990,6683,6255,-334,-618,-1250,211048,7758,-15581,-4285,202,-35,-6863,211048,3720,-31435,8816,-1231,-71,-908,211027,12566,28611,-2369,-521,-355,1205,20,3
3885,211049,18333,-1103,-17697,-1316,-7068,-764,211049,-12920,6885,6447,-107,-350,-1112,211070,8758,-14581,-4391,80,367,-5574,211070,3906,-31558,8680,-1249,-5,-339,211049,12928,28630,-2369,-1039,-387,989,20,3
3886,211071,18333,-1103,-17697,-1316,-7068,-751,211071,-12920,6911,6486,-107,-350,-1112,211092,8758,-14581,-4391,80,566,-5574,211092,3906,-31558,8680,-1249,-5,-300,211071,13002,28630,-2254,-1039,-387,989,20,3
3887,211093,18333,-1103,-18697,-1369,-7068,-751,211093,-12920,6911,6486,-107,-350,-1112,211114,8758,-14581,-4391,80,566,-5574,211114,3906,-31558,8680,-1263,-5,-300,211093,13002,28630,-2254,-1432,-411,724,20,3
3888,211115,19333,-1089,-19697,-1422,-5068,-659,211115,-13010,7121,6728,31,-229,-1021,211136,9758,-13581,-4051,110,1018,-4384,211136,3933,-30558,8840,-1714,44,274,211115,13441,28562,-2166,-1726,-600,357,20,3
3889,211137,19333,-1089,-19697,-1422,-5068,-642,211137,-13010,7121,6728,31,-229,-1021,211158,9758,-13581,-3797,567,1352,-4071,211158,3933,-30558,8840,-1714,44,344,211137,13441,28562,-2102,-1726,-600,357,20,3
3890,211159,19333,-1089,-20697,-1422,-5068,-642,211159,-13121,7121,6728,31,-229,-1021,211180,8758,-13581,-3797,567,1352,-4071,211180,3933,-30558,8768,-2356,44,344,211159,13441,28511,-2102,-1726,-600,2,20,3
3891,211181,20333,-960,-21697,-1334,-3068,-385,211181,-13395,7189,6820,461,-29,-867,211202,7758,-12581,-2981,1722,2490,-2177,211202,3954,-29558,8354,-2843,521,1024,211181,13584,28459,-1988,-1279,-523,-593,20,3
3892,211203,20333,-960,-21697,-1069,-3068,-385,211203,-13395,7189,6820,730,149,-803,211224,7758,-12581,-2981,2186,2599,-2071,211224,3954,-29558,8354,-2843,692,1037,211203,13584,28459,-1988,-969,-523,-593,20,3
3893,211225,19333,-960,-22560,-1069,-3068,-385,211225,-13635,7189,6820,730,149,-803,211246,6758,-12581,-2981,2186,2599,-2071,211246,3954,-29558,7753,-2843,692,1037,211225,13584,28459,-1988,-969,-523,-1072,20,3
3894,211247,18333,-1217,-23208,-383,-1068,-218,211247,-13888,7253,6947,1819,633,-398,211268,5758,-12021,-2623,3512,2994,-71,211268,3621,-28558,7302,-2673,1178,2038,211247,13600,28670,-2073,-344,-148,-2137,20,3
3895,211269,18333,-1217,-23208,-330,-1068,-218,211269,-13888,7323,7054,2023,790,-180,211290,5758,-12021,-2311,3512,2994,-71,211290,3621,-28558,7302,-2488,1178,2317,211269,13600,28670,-2073,-344,-137,-2137,20,3
3896,211291,17333,-1436,-23694,-330,-1068,-218,211291,-14305,7323,7054,2023,790,-180,211312,4758,-12021,-2311,3512,2994,-71,211312,3256,-28558,7018,-2488,1178,2317,211291,13600,28670,-2073,-344,-137,-2951,20,3
3897,211313,17333,-1840,-24058,282,932,-225,211313,-14617,7726,7145,3055,1617,867,211334,3758,-11825,-1737,3873,3215,1929,211334,3098,-29026,6825,-1816,1816,3277,211313,13574,28752,-1988,51,950,-3642,20,3
3898,211335,18333,-1840,-24058,395,932,-225,211335,-14617,7726,7145,3055,1617,1126,211356,3758,-11825,-1641,3873,3291,1929,211356,3098,-29026,6825,-1676,1860,3277,211335,13574,28752,-1988,51,1747,-3642,20,3
3899,211357,18333,-2143,-24058,395,932,-252,211357,-14617,7726,7110,3055,1617,1126,211378,3758,-11918,-1641,3873,3291,1929,211378,3053,-29387,6680,-1676,1860,3277,211357,13554,28612,-1988,51,1747,-4293,20,3
3900,211379,19333,-2689,-23435,652,2932,-436,211379,-14482,7917,6786,3662,2009,2437,211400,4758,-12276,-896,4263,3792,3929,211400,3020,-29758,6572,-743,3343,4233,211379,13365,28507,-1949,314,3310,-5035,20,3
3901,211401,19333,-2689,-23058,652,2932,-436,211401,-14253,7917,6786,3662,2009,2599,211422,4758,-12276,-868,4263,4296,3929,211422,3020,-29758,6572,-725,3343,4233,211401,13365,28507,-1949,314,3310,-5035,20,3
3902,211423,19333,-3098,-23058,652,2932,-723,211423,-14253,7917,6250,3662,2009,2599,211444,4758,-12605,-868,4263,4296,3929,211444,2469,-29758,6572,-725,3343,4233,211423,13207,28507,-1949,314,3310,-5591,20,3
3903,211445,20333,-3129,-22058,542,4932,-1151,211445,-13900,8159,5655,4089,2845,4015,211466,5758,-13085,-13,3488,5757,5929,211466,1560,-28758,7035,121,2824,4717,211445,12577,29084,-1965,369,3917,-5846,20,3
3904,211467,20333,-3129,-22058,542,4932,-1151,211467,-13862,8227,5655,4089,2953,4015,211488,5758,-13085,19,3488,5788,5929,211488,1560,-28758,7065,121,2824,4717,211467,12577,29084,-1965,369,3917,-5846,20,3
3905,211489,20333,-3132,-22058,197,4932,-1720,211489,-13862,8227,5128,4089,2953,4015,211510,5758,-13519,19,2831,5788,5929,211510,1072,-28758,7065,121,1767,4717,211489,12078,29084,-1965,369,3917,-6007,20,3
3906,211511,21333,-3138,-21058,-473,6932,-2148,211511,-13512,8557,4502,3867,3712,5015,211532,6758,-14519,1016,2061,7370,7929,211532,706,-27758,7458,90,974,5080,211511,11704,29517,-1877,316,3986,-6127,20,3
3907,211533,21333,-3138,-21058,-473,6932,-2148,211533,-13485,8562,4502,3867,3861,5015,211554,6758,-14519,1019,2061,7370,7929,211554,706,-27758,7458,90,974,5251,211533,11704,29517,-1877,316,3986,-6127,20,3
3908,211555,20333,-3139,-21058,-1092,6932,-2468,211555,-13485,8562,3833,3627,3861,5015,211576,6758,-15519,1019,1462,7370,7929,211576,431,-27758,7458,59,902,5251,211555,11450,29517,-1877,213,3279,-6231,20,3
3909,211577,19333,-3139,-20058,-1657,8932,-2701,211577,-13149,8917,3082,3447,4695,5765,211598,7758,-16519,2019,620,8308,9929,211598,-76,-26758,7735,-488,848,5936,211577,11151,29846,-1851,-50,2597,-6860,20,3
3910,211599,19333,-3120,-20058,-1657,8932,-2701,211599,-13144,9098,3082,3447,4695,5925,211620,7758,-16519,2019,620,8308,9929,211620,-76,-26758,7735,-488,848,6101,211599,11151,29846,-1851,-50,2597,-6860,20,3
3911,211621,19333,-3120,-20058,-2085,8932,-2874,211621,-13144,9098,2439,3312,4695,5925,211642,7758,-17519,2019,-971,8308,9929,211642,-504,-27758,7735,-916,518,6101,211621,10927,29846,-1851,-336,2086,-7627,20,3
3912,211643,20333,-2948,-19058,-2479,10932,-2988,211643,-12599,10033,1846,3142,4407,7204,211664,8758,-18519,2802,-2164,6538,11929,211664,-1211,-28758,7813,-1273,-373,7029,211643,10137,30212,-1704,-701,951,-8584,20,3
3913,211665,20333,-2704,-19058,-2479,10932,-2988,211665,-12406,10033,1846,3142,4407,7270,211686,8758,-18519,2802,-2164,6538,11929,211686,-1211,-28758,7813,-1273,-373,7227,211665,10137,30242,-1634,-701,951,-8584,20,3
3914,211687,20333,-2704,-19058,-2904,10932,-2988,211687,-12406,10033,1445,2906,3788,7270,211708,8758,-19415,2802,-2949,4538,11929,211708,-1742,-29368,7749,-1517,-871,7227,211687,9484,30242,-1634,-1003,-407,-9360,20,3
3915,211709,21333,-2202,-18058,-3287,12932,-2851,211709,-11470,10648,1184,2717,2835,8430,211730,9758,-20415,2811,-3494,2824,13929,211730,-2554,-29826,7601,-1632,-871,8340,211709,8769,30509,-1505,-1294,-1425,-10283,20,3
3916,211731,21333,-2108,-18058,-3287,12932,-2618,211731,-11406,10648,1184,2717,2835,8554,211752,9758,-20415,2811,-3494,2824,13929,211752,-2554,-29826,7601,-1632,-245,8496,211731,8769,30509,-1505,-1294,-1425,-10283,20,3
3917,211753,21333,-2108,-18058,-3473,12932,-2618,211753,-11406,10648,989,2668,2117,8554,211774,9758,-21391,2668,-3947,1100,13929,211774,-3193,-30169,7480,-1632,-245,8496,211753,7968,30509,-1505,-1565,-1425,-11357,20,3
3918,211775,21573,-1609,-17058,-3473,14932,-2044,211775,-10406,11255,842,2668,1555,9766,211796,10758,-21883,2371,-4465,-193,15929,211796,-3896,-30464,7400,-1594,404,9732,211775,7284,30716,-1410,-2179,-1343,-12264,20,3
3919,211797,21573,-1609,-17058,-3456,14932,-2036,211797,-10406,11305,842,2671,1555,9863,211818,10758,-21883,2371,-4465,-193,15929,211818,-3896,-30464,7400,-1594,404,9732,211797,7284,30842,-1410,-2179,-1343,-12264,20,3
3920,211819,21573,-1609,-17058,-3456,14932,-2036,211819,-10406,11305,694,2671,1225,9863,211840,10758,-22194,2148,-4894,-570,15929,211840,-4681,-30686,7340,-1894,404,9732,211819,6284,30842,-1410,-2826,-1551,-12930,20,3
3921,211841,21753,-1208,-16058,-3360,15905,-1509,211841,-9406,11829,521,2715,984,10917,211862,10950,-22427,1981,-5215,-853,17713,211862,-5618,-30852,7195,-2164,221,10369,211841,5284,31091,-1199,-3311,-2522,-13182,20,3
3922,211863,21903,-1208,-16058,-3274,15905,-1500,211863,-9406,11849,521,2915,984,10917,211884,10950,-22427,1981,-5215,-853,17713,211884,-5618,-30852,7195,-2164,221,10369,211863,5284,31091,-901,-3311,-2522,-13182,20,3
3923,211885,21903,-1208,-16058,-3274,15905,-1500,211885,-9406,11849,450,2915,804,10917,211906,10950,-23142,1547,-5215,-1065,17713,211906,-6367,-30909,7020,-2227,84,10369,211885,4284,31091,-901,-3846,-3262,-13182,20,3
3924,211907,22457,-982,-15058,-3000,15257,-927,211907,-8406,12435,321,3178,610,11255,211928,10852,-24056,630,-4889,-1911,17828,211928,-7135,-30995,6857,-2227,-1393,10409,211907,3284,31178,-519,-4309,-4219,-12805,20,3
3925,211929,22903,-982,-15058,-2953,15257,-897,211929,-8406,12540,321,3178,610,11255,211950,10852,-24056,630,-4654,-1911,17828,211950,-7135,-30995,6857,-2215,-1393,10409,211929,3284,31178,-519,-4309,-4219,-12293,20,3
3926,211951,22903,-982,-15058,-2953,14451,-897,211951,-8406,12540,224,3178,455,11255,211972,10663,-24741,-57,-4654,-2444,17498,211972,-8135,-30995,6734,-2215,-2455,10345,211951,2284,31178,-519,-4656,-4937,-12293,20,3
3927,211973,23903,-948,-14058,-2525,12997,-306,211973,-7406,13135,119,3318,255,11048,211994,10399,-25741,-662,-4792,-2444,15722,211994,-9135,-30932,6600,-1602,-2905,9794,211973,1284,31203,-233,-4817,-5041,-11229,20,3
3928,211995,23903,-948,-14058,-2525,12997,-306,211995,-7406,13137,119,3318,255,11048,212016,10399,-25741,-662,-4792,-444,15722,212016,-9135,-30882,6600,-1472,-2905,9794,211995,1284,31203,-135,-4817,-5041,-11054,20,3
3929,212017,22903,-1029,-14058,-2525,11803,-306,212017,-7406,13137,119,3318,-67,10801,212038,10353,-26741,-966,-4895,-444,13898,212038,-10135,-30882,6600,-1472,-2905,8458,212017,284,30203,-135,-4817,-5041,-11054,20,3
3930,212039,21903,-1217,-13058,-2641,10019,-414,212039,-6406,13855,174,3234,-458,10401,212060,10319,-27741,-1194,-4895,1511,11898,212060,-11135,-30797,6772,-1033,-2574,6458,212039,-687,29203,865,-4468,-4922,-9063,20,3
3931,212061,21903,-1217,-13058,-2641,10019,-414,212061,-6406,14137,174,3234,-458,10401,212082,10319,-27741,-1194,-3686,1511,11898,212082,-11135,-30797,7160,-1033,-1516,6458,212061,-687,29203,865,-3634,-4540,-9054,20,3
3932,212083,20903,-1358,-13058,-2952,8250,-472,212083,-6406,14137,174,3063,-549,9715,212104,10293,-28357,-1194,-3686,1389,9898,212104,-11135,-30881,7160,-1033,-1516,4458,212083,-843,28203,865,-3634,-4540,-9054,20,3
3933,212105,20903,-1358,-12058,-3186,6923,-484,212105,-5406,14915,-117,2443,-568,7741,212126,9293,-29101,-1187,-2548,1298,7898,212126,-10829,-30944,7008,-1112,-474,2550,212105,-843,28203,970,-2255,-3150,-7054,20,3
3934,212127,21903,-1114,-12058,-3186,6923,-484,212127,-5406,14915,-117,2443,-568,7741,212148,9293,-29101,-1187,-2548,1298,7898,212148,-10733,-30944,7008,-1112,-474,2550,212127,-698,28926,970,-2255,-3150,-7054,20,3
3935,212149,21903,-1114,-12058,-3186,5928,-484,212149,-5406,14915,-364,1902,-568,5961,212170,8293,-29637,-1260,-2548,1298,5898,212170,-10733,-30944,6894,-1151,-474,1681,212149,-698,28926,970,-2255,-3150,-7054,20,3
3936,212171,22903,-935,-11058,-2907,5182,-383,212171,-4406,15159,-581,1455,-514,4452,212192,8293,-30061,-1315,-1740,1756,4469,212192,-10511,-30846,6808,-1151,-136,1029,212171,-757,29584,839,-1568,-2525,-5113,20,3
3937,212193,22903,-935,-11058,-2673,5182,-383,212193,-4406,15159,-581,1455,-162,4452,212214,8522,-30061,-1315,-1740,1756,4469,212214,-10511,-30846,6808,-1041,-136,1029,212193,-757,29584,839,-1568,-2525,-5113,20,3
3938,212215,22903,-935,-11058,-2673,4470,-383,212215,-4406,15159,-752,1120,-162,3320,212236,8522,-30361,-1356,-1740,1226,3602,212236,-10589,-30846,6746,-1041,-136,540,212215,-905,29584,827,-1568,-2525,-5113,20,3
3939,212237,23903,-1147,-10058,-2216,3777,-378,212237,-3406,15342,-946,882,165,2482,212258,8277,-30774,-1493,-1134,828,2952,212258,-10647,-30986,6699,-784,253,174,212237,-1164,30110,827,-1266,-2056,-3722,20,3
3940,212259,23903,-1147,-10058,-2216,3777,-378,212259,-3406,15392,-946,882,165,2482,212280,8277,-30774,-1493,-1134,828,2952,212280,-10647,-30986,6699,-784,253,174,212259,-1164,30296,1046,-1266,-2034,-3722,20,3
3941,212281,23903,-1360,-10058,-2216,3216,-407,212281,-3406,15392,-1026,747,165,1908,212302,8090,-31084,-1595,-1134,538,2382,212302,-10649,-30986,6654,-784,56,21,212281,-1359,30296,1046,-1266,-2034,-3722,20,3
3942,212303,24903,-1560,-9058,-1938,2795,-485,212303,-2476,15616,-1104,667,190,1477,212324,7787,-31353,-1595,-649,406,1828,212324,-10649,-30985,6648,-850,-346,-73,212303,-1367,30830,1234,-974,-1469,-2503,20,3
3943,212325,24903,-1560,-9058,-1938,2795,-485,212325,-2406,15616,-1104,667,190,1477,212346,7787,-31353,-1422,-642,406,1828,212346,-10638,-30985,6648,-850,-346,-73,212325,-1367,30830,1234,-974,-1469,-2503,20,3
3944,212347,24903,-1660,-9058,-1938,2467,-543,212347,-2406,15616,-1126,607,190,1154,212368,7560,-31554,-1422,-642,287,1412,212368,-10638,-30985,6636,-899,-648,-81,212347,-1367,30830,1234,-974,-1469,-2503,20,3
3945,212369,25903,-1735,-8058,-1698,2221,-573,212369,-1564,15778,-1143,562,243,864,212390,7390,-31651,-1446,-308,197,1100,212390,-10568,-30940,6627,-899,-875,-81,212369,-1295,31160,1295,-765,-1170,-1780,20,3
3946,212391,25903,-1735,-8058,-1638,2221,-573,212391,-1564,15778,-1143,562,260,864,212412,7390,-31651,-1446,-308,197,1100,212412,-10568,-30940,6627,-881,-875,-3,212391,-1295,31160,1295,-765,-1170,-1780,20,3
3947,212413,25903,-1791,-8058,-1638,1997,-573,212413,-1564,15778,-1144,534,260,647,212434,7358,-31790,-1464,-308,197,866,212434,-10568,-31011,6610,-881,-990,-3,212413,-1295,31160,1295,-765,-1170,-1780,20,3
3948,212435,26903,-1959,-7058,-1409,1816,-555,212435,-1012,15899,-1144,513,313,503,212456,7334,-31828,-1464,-187,280,686,212456,-10695,-31011,6597,-801,-990,-9,212435,-1281,31456,1341,-582,-946,-1238,20,3
3949,212457,26903,-1959,-7058,-1409,1816,-555,212457,-1012,15899,-1143,513,322,503,212478,7334,-31828,-1306,-187,280,686,212478,-10695,-31011,6597,-744,-744,-9,212457,-1281,31484,1341,-558,-944,-1206,20,3
3950,212479,26903,-2045,-7058,-1409,1637,-555,212479,-1012,15899,-1143,482,322,416,212500,7220,-31910,-1306,-187,280,560,212500,-10769,-31050,6597,-744,-744,-14,212479,-1281,31484,1341,-558,-944,-1206,20,3
3951,212501,27903,-2089,-6058,-1240,1490,-539,212501,-609,15999,-1159,435,333,366,212522,7135,-31972,-1187,-73,-108,466,212522,-10769,-31079,6637,-617,-559,-14,212501,-1270,31727,1471,-392,-683,-776,20,3
3952,212523,27903,-2089,-6058,-1240,1490,-539,212523,-609,15999,-1159,435,333,366,212544,7135,-31972,-1187,95,-108,466,212544,-10764,-31079,6637,-617,-559,58,212523,-1270,31727,1471,-392,-624,-743,20,3
3953,212545,27903,-2110,-6058,-1240,1350,-539,212545,-609,15999,-1171,394,316,336,212566,7059,-32016,-1187,95,-399,395,212566,-10764,-31079,6611,-617,-559,58,212545,-1270,31727,1471,-392,-624,-743,20,3
3954,212567,28669,-2120,-5058,-1113,1226,-544,212567,-266,16093,-1171,351,249,313,212588,7002,-32049,-1168,305,-595,176,212588,-10716,-31077,6572,-522,-437,94,212567,-1186,31847,1457,-234,-249,-367,20,3
3955,212589,28669,-2120,-5058,-1113,1226,-544,212589,-251,16093,-1144,351,249,313,212610,7002,-32049,-1168,305,-595,176,212610,-10716,-31077,6572,-520,-437,94,212589,-1186,31847,1457,-234,-249,-367,20,3
3956,212611,28669,-2120,-5058,-1113,1135,-576,212611,-251,16093,-1144,331,244,262,212632,6699,-32068,-1168,305,-595,-64,212632,-10716,-31077,6543,-520,-437,94,212611,-1186,31847,1336,-234,-249,-367,20,3
3957,212633,29186,-2088,-4058,-1025,1067,-614,212633,47,16137,-1143,324,240,144,212654,6472,-32108,-1204,381,-87,-292,212654,-10652,-31075,6521,-385,-406,121,212633,-993,31907,1220,-259,-49,-182,20,3
3958,212655,29186,-2088,-4058,-1025,1067,-614,212655,47,16137,-1143,324,240,144,212676,6472,-32108,-1204,381,-29,-292,212676,-10652,-31075,6521,-375,-406,214,212655,-993,31907,1220,-259,-49,-182,20,3
3959,212677,29186,-2088,-4058,-1025,1016,-651,212677,47,16137,-1148,324,237,55,212698,6472,-32128,-1204,381,-29,-451,212698,-10652,-31075,6484,-375,-406,214,212677,-993,31907,1159,-365,-49,-182,20,3
3960,212699,29443,-2108,-3058,-1001,1004,-679,212699,249,16169,-1148,334,229,-8,212720,6748,-32143,-1101,427,412,-567,212720,-10664,-31070,6457,-214,-383,368,212699,-954,31974,1159,-592,-74,-178,20,3
3961,212721,29443,-2108,-3058,-1001,1004,-679,212721,249,16169,-1148,339,229,-8,212742,6748,-32143,-1101,429,412,-567,212742,-10664,-31070,6457,-139,-237,373,212721,-954,32006,1251,-592,-74,-178,20,3
3962,212743,29443,-2169,-3058,-1010,1004,-778,212743,249,16169,-1148,339,218,-52,212764,6748,-32155,-1101,429,412,-567,212764,-10765,-31070,6457,-139,-237,373,212743,-954,32006,1251,-747,-92,-225,20,3
3963,212765,29636,-2214,-2058,-1041,1057,-866,212765,333,16170,-1171,356,209,-65,212786,6977,-32155,-995,464,486,-469,212786,-10901,-31068,6584,-82,-51,489,212765,-1033,32120,1476,-792,-98,-260,20,3
3964,212787,29736,-2214,-2058,-1041,1060,-866,212787,333,16170,-1171,362,209,-65,212808,6987,-32116,-995,465,486,-469,212808,-10901,-31068,6584,-82,-11,489,212787,-1033,32120,1476,-792,-98,-260,20,3
3965,212809,29736,-2214,-2058,-1064,1060,-929,212809,333,16170,-1188,362,85,-65,212830,6987,-32116,-995,465,486,-508,212830,-11003,-31068,6584,-88,-11,406,212809,-1092,32120,1476,-792,-98,-260,20,3
3966,212831,30058,-2086,-1058,-1064,1189,-929,212831,346,16247,-1188,394,-34,3,212852,7270,-32062,-822,480,303,-538,212852,-11036,-31023,6622,-97,118,240,212831,-1111,32202,1589,-583,-63,-158,20,3
3967,212853,30058,-2086,-1058,-1037,1190,-838,212853,346,16247,-1182,394,-34,3,212874,7270,-32062,-822,500,303,-538,212874,-11036,-31023,6622,-97,118,240,212853,-1111,32202,1589,-583,-63,-158,20,3
3968,212875,30058,-2086,-1058,-1037,1190,-838,212875,346,16247,-1182,394,-123,3,212896,7262,-32080,-822,500,166,-584,212896,-11036,-31023,6622,-97,118,157,212875,-1117,32202,1589,-583,-63,-158,20,3
3969,212897,30163,-2030,-58,-921,1297,-724,212897,396,16302,-1162,403,-187,-67,212918,7256,-32093,-780,610,166,-613,212918,-11002,-30993,6624,-91,83,130,212897,-1117,32231,1605,-436,42,-84,20,3
3970,212919,30163,-2030,-58,-907,1333,-714,212919,482,16302,-1162,403,-187,-67,212940,7256,-32093,-780,610,189,-613,212940,-10980,-30993,6624,-83,83,130,212919,-1117,32231,1605,-436,42,-84,20,3
3971,212941,30163,-2030,-58,-907,1333,-714,212941,482,16302,-1162,393,-187,-149,212962,7256,-32093,-780,610,189,-634,212962,-10980,-30993,6624,-83,-95,130,212941,-1129,32231,1579,-436,42,-84,20,3
3972,212963,30244,-2042,942,-810,1403,-621,212963,565,16282,-1186,373,-80,-214,212984,7412,-32045,-769,631,115,-634,212984,-10954,-30954,6640,-22,-228,237,212963,-1148,32253,1560,-349,184,-51,20,3
3973,212985,30260,-2042,942,-810,1403,-621,212985,565,16282,-1186,373,-46,-214,213006,7412,-32045,-769,631,115,-621,213006,-10954,-30944,6640,34,-228,237,212985,-1148,32253,1560,-349,249,-51,20,3
3974,213007,30260,-2045,942,-810,1403,-621,213007,565,16267,-1200,358,-46,-251,213028,7412,-32045,-769,631,59,-621,213028,-11063,-30944,6640,34,-228,237,213007,-1159,32253,1546,-349,249,-51,20,3
3975,213029,30333,-2045,1942,-749,1338,-550,213029,568,16267,-1210,353,66,-253,213050,7453,-32049,-760,637,36,-550,213050,-11151,-30908,6734,97,-189,236,213029,-1219,32291,1531,-307,641,-32,20,3
3976,213051,30333,-2045,1942,-749,1338,-550,213051,568,16268,-1210,353,67,-253,213072,7453,-32049,-760,637,36,-550,213072,-11151,-30882,6734,97,-159,236,213051,-1219,32291,1531,-307,641,-26,20,3
3977,213073,30333,-2047,1942,-749,1282,-550,213073,564,16268,-1211,353,67,-253,213094,7453,-32049,-760,637,36,-550,213094,-11169,-30882,6734,97,-159,190,213073,-1219,32291,1531,-307,637,-26,20,3
3978,213095,30374,-2051,2942,-646,1240,-478,213095,517,16296,-1211,353,163,-241,213116,7512,-32008,-730,634,63,-494,213116,-11176,-30865,6766,45,-22,138,213095,-1190,32310,1580,-276,559,69,20,3
3979,213117,30374,-2051,2942,-646,1240,-457,213117,517,16296,-1211,366,168,-241,213138,7512,-32008,-730,634,63,-494,213138,-11176,-30865,6766,45,-22,138,213117,-1190,32310,1580,-243,559,69,20,3
3980,213139,30326,-2082,2942,-646,1201,-457,213139,481,16296,-1212,366,168,-241,213160,7512,-32008,-730,632,63,-494,213160,-11181,-30865,6766,-16,-22,99,213139,-1190,32306,1580,-243,491,69,20,3
3981,213161,30264,-2153,3942,-665,1113,-411,213161,454,16305,-1213,379,264,-249,213182,7496,-32049,-749,593,84,-452,213182,-11185,-30866,6814,-51,80,66,213161,-1202,32283,1603,-204,406,117,20,3
3982,213183,30264,-2153,3942,-665,1113,-411,213183,454,16305,-1213,387,280,-249,213204,7496,-32049,-749,593,228,-452,213204,-11185,-30866,6814,-51,80,66,213183,-1202,32283,1603,-204,406,117,20,3
3983,213205,30240,-2184,3942,-737,1041,-411,213205,434,16305,-1217,387,280,-255,213226,7496,-32049,-749,495,228,-452,213226,-11242,-30866,6814,-77,80,37,213205,-1211,32283,1603,-204,295,117,20,3
3984,213227,30222,-2200,4942,-815,966,-413,213227,413,16302,-1230,404,397,-255,213248,7562,-32042,-719,421,386,-411,213248,-11285,-30849,6850,-108,114,0,213227,-1234,32306,1620,-174,106,153,20,3
3985,213249,30222,-2200,4942,-815,966,-413,213249,413,16302,-1230,404,397,-240,213270,7572,-32042,-763,421,386,-411,213270,-11285,-30849,6850,-108,114,0,213249,-1234,32306,1620,-148,106,153,20,3
3986,213271,30208,-2200,4942,-881,885,-415,213271,400,16302,-1246,404,397,-240,213292,7572,-32042,-777,408,386,-411,213292,-11291,-30849,6850,-134,114,-66,213271,-1234,32306,1620,-148,-67,153,20,3
3987,213293,30208,-2190,5942,-923,795,-424,213293,400,16307,-1269,408,400,-185,213314,7639,-32037,-808,408,466,-342,213314,-11291,-30816,6889,-158,109,-116,213293,-1231,32311,1659,-106,-222,188,20,3
3988,213315,30208,-2178,5942,-923,795,-424,213315,403,16307,-1269,408,400,-185,213336,7639,-32037,-808,408,466,-342,213336,-11262,-30816,6889,-158,109,-116,213315,-1223,32311,1659,-67,-222,197,20,3
3989,213337,30186,-2178,5942,-940,728,-434,213337,403,16307,-1274,408,400,-185,213358,7639,-32037,-808,403,466,-342,213358,-11262,-30828,6889,-173,109,-124,213337,-1223,32311,1658,-67,-257,197,20,3
3990,213359,30145,-2165,6942,-940,679,-470,213359,420,16300,-1278,394,400,-143,213380,7689,-32025,-798,399,502,-289,213380,-11240,-30828,6904,-184,110,-124,213359,-1221,32295,1658,-26,-257,230,20,3
3991,213381,30145,-2165,6942,-925,679,-470,213381,420,16300,-1278,394,406,-143,213402,7689,-32014,-798,399,502,-282,213402,-11240,-30819,6904,-184,125,-120,213381,-1219,32295,1679,-26,-234,230,20,3
3992,213403,30101,-2165,6942,-925,661,-497,213403,420,16294,-1281,364,406,-143,213424,7689,-32011,-798,399,502,-282,213424,-11240,-30819,6904,-184,125,-120,213403,-1219,32295,1679,-26,-234,230,20,3
3993,213425,30078,-2171,7942,-904,661,-517,213425,407,16288,-1287,340,402,-111,215466,7655,-32006,-790,406,450,-231,215466,-11225,-30819,6934,-182,137,-121,213425,-1216,32297,1695,-22,-81,242,21,3
3994,215467,30078,-2171,7942,-904,700,-517,215467,407,16288,-1287,340,402,-110,215488,7655,-32004,-790,406,450,-231,215488,-11225,-30812,6936,-168,137,-121,215467,-1212,32297,1695,-22,-40,242,21,3
3995,215489,30078,-2171,7942,-904,700,-532,215489,397,16288,-1292,327,399,-110,215510,7639,-32004,-790,406,450,-231,215510,-11225,-30812,6936,-168,137,-121,215489,-1212,32297,1695,-22,-40,242,21,3
3996,215511,30092,-2164,8942,-923,580,-543,215511,397,16288,-1292,327,399,-86,215532,7617,-32008,-758,394,527,-200,215532,-11208,-30817,6986,-165,134,-124,215511,-1191,32316,1677,-29,-12,251,21,3
3997,215533,30104,-2108,8942,-923,580,-543,215533,424,16292,-1265,327,404,-86,215554,7617,-32008,-758,394,560,-200,215554,-11188,-30817,6986,-165,134,-124,215533,-1191,32316,1677,-29,-12,262,21,3
3998,215555,30104,-2108,8942,-931,471,-551,215555,424,16292,-1265,327,404,-86,215576,7567,-32011,-762,391,560,-200,215576,-11188,-30854,6986,-165,132,-127,215555,-1191,32316,1663,-29,-35,262,21,3
3999,215577,30112,-2083,9942,-937,401,-559,215577,454,16295,-1245,328,413,-70,215598,7529,-32018,-762,391,618,-178,215598,-11160,-30882,7025,-171,130,-139,215577,-1177,32331,1663,-27,-52,283,21,3
4000,215599,30112,-2083,9942,-937,401,-559,215599,454,16295,-1245,328,413,-70,215620,7529,-32018,-755,396,643,-178,215620,-11154,-30882,7025,-171,130,-139,215599,-1177,32333,1665,-11,-52,283,21,3
4001,215621,30112,-2083,9942,-938,351,-565,215621,454,16295,-1245,328,413,-70,215642,7501,-32023,-755,396,643,-178,215642,-11154,-30882,7025,-171,129,-139,215621,-1177,32333,1665,-11,-52,283,21,3
4002,215643,30112,-2072,10942,-939,328,-585,215643,484,16300,-1224,329,422,-61,215664,7478,-32045,-750,401,726,-172,215664,-11139,-30869,7054,-170,129,-133,215643,-1166,32325,1666,8,-26,286,21,3
4003,215665,30112,-2064,10942,-939,328,-585,215665,485,16300,-1224,329,422,-61,215686,7478,-32045,-750,401,726,-172,215686,-11139,-30869,7054,-170,191,-133,215665,-1158,32325,1666,8,-15,286,21,3
4004,215687,30084,-2064,10942,-939,328,-595,215687,485,16300,-1224,329,422,-61,215708,7460,-32061,-750,401,726,-172,215708,-11139,-30869,7054,-170,191,-133,215687,-1158,32319,1665,-30,-15,285,21,3
4005,215709,30063,-2018,11902,-936,331,-595,215709,493,16296,-1208,330,436,-59,215730,7447,-32079,-778,408,686,-169,215730,-11128,-30871,7080,-154,242,-128,215709,-1142,32315,1648,-66,103,267,21,3
4006,215731,30063,-2018,11902,-936,332,-595,215731,493,16296,-1208,330,436,-59,215752,7447,-32079,-778,449,686,-169,215752,-11114,-30871,7100,-149,245,-128,215731,-1134,32315,1648,-66,137,267,21,3
4007,215753,30063,-2018,11902,-936,332,-595,215753,493,16292,-1208,330,426,-59,215774,7439,-32079,-799,449,608,-172,215774,-11114,-30871,7112,-149,245,-128,215753,-1134,32315,1640,-99,137,244,21,3
4008,215775,30079,-2011,12622,-948,349,-587,215775,499,16287,-1202,336,398,-56,215796,7439,-32075,-833,512,489,-229,215796,-11033,-30859,7110,-126,370,-116,215775,-1114,32320,1636,-129,279,185,21,3
4009,215797,30079,-2011,12624,-948,349,-587,215797,516,16287,-1202,339,398,-51,215818,7439,-32069,-833,520,489,-229,215818,-11033,-30859,7110,-117,468,-116,215797,-1114,32320,1636,-129,356,185,21,3
4010,215819,30079,-2011,12624,-957,349,-588,215819,516,16283,-1202,339,350,-51,215840,7433,-32069,-833,520,235,-320,215840,-11033,-30859,7108,-117,468,-116,215819,-1114,32320,1636,-151,356,137,21,3
4011,215841,30115,-2006,13156,-957,274,-623,215841,496,16273,-1201,347,220,-45,215862,7425,-31979,-938,748,-35,-609,215862,-11114,-30852,7107,-89,1620,-254,215841,-1093,32324,1689,-151,952,-137,21,3
4012,215863,30115,-1962,13158,-947,274,-623,215863,496,16273,-1201,369,220,-45,215884,7425,-31979,-938,995,-35,-609,215884,-11114,-30852,7107,-89,1644,-254,215863,-1093,32360,1735,-69,1424,-137,21,3
4013,215885,30115,-1962,13158,-947,136,-657,215885,390,16265,-1204,369,102,-45,215906,7301,-32042,-1017,995,-35,-911,215906,-11217,-30852,7107,-159,1644,-437,215885,-1185,32360,1735,-69,1424,-342,21,3
4014,215907,29115,-1849,13622,-913,-299,-749,215907,311,16265,-1204,503,-187,-47,215928,7166,-32089,-1194,1334,341,-1489,215928,-11398,-30847,7146,-371,2526,-997,215907,-1402,32416,1809,122,2493,-353,21,3
4015,215929,29115,-1849,13622,-913,-299,-749,215929,311,16281,-1202,558,-187,-47,215950,7166,-32089,-1194,1334,820,-1489,215950,-11398,-30837,7146,-371,2526,-997,215929,-1402,32416,1809,218,2493,-353,21,3
4016,215951,28115,-1849,13622,-913,-1049,-893,215951,311,16281,-1202,558,-404,-112,215972,7064,-32089,-1393,1334,820,-2241,215972,-11482,-30831,7085,-584,2526,-1612,215951,-1575,32416,1809,218,2493,-353,21,3
4017,215973,27115,-1856,13490,-1176,-2737,-1087,215973,534,16415,-1072,634,-404,-444,215994,6988,-31089,-2020,1469,2574,-3878,215994,-11673,-30829,6685,-744,3008,-2953,215973,-1847,32430,1852,690,2748,11,21,3
4018,215995,27115,-1856,13490,-1176,-2737,-1087,215995,578,16491,-931,634,-367,-444,216016,6988,-31089,-2020,1469,2820,-3878,216016,-11673,-30829,6685,-744,3008,-2953,215995,-1847,32440,1852,733,2748,289,21,3
4019,216017,26115,-1862,13051,-1373,-4552,-1181,216017,578,16491,-931,603,-367,-921,216038,6988,-31089,-2463,1469,2820,-5747,216038,-11876,-30875,6385,-744,3008,-4519,216017,-2191,32448,1769,733,2583,289,21,3
4020,216039,25115,-1862,12051,-1568,-6552,-1222,216039,584,16648,-665,221,-6,-1850,216060,7813,-30089,-2515,1679,4749,-7747,216060,-12096,-30984,6070,-302,2700,-6519,216039,-2763,31448,1622,1253,2214,1886,21,3
4021,216061,25115,-1794,12051,-1568,-6552,-1222,216061,584,16648,-659,221,-6,-1850,216082,7988,-30089,-2515,1805,4749,-7747,216082,-12096,-30984,6070,38,2700,-6519,216061,-2763,31448,1622,1296,2214,2289,21,3
4022,216083,24115,-1794,11051,-1714,-8552,-1222,216083,425,16618,-659,-298,-6,-2901,216104,7988,-30089,-2520,1805,4749,-9747,216104,-12096,-31066,5942,38,2469,-8519,216083,-3168,30448,1492,1296,2214,2289,21,3
4023,216105,23360,-1513,10051,-1824,-10552,-1211,216105,-277,16065,-80,-1003,134,-4901,216126,8988,-29089,-2520,2302,3867,-9747,216126,-11609,-31187,5846,1433,2415,-10519,216105,-3168,29458,1395,2102,2894,4289,21,3
4024,216127,23360,-1407,10051,-1824,-10552,-1205,216127,-277,16065,-80,-1003,134,-4901,216148,8988,-29089,-2382,2302,3867,-7747,216148,-11096,-31187,5846,1702,2415,-10519,216127,-2778,29458,1320,2102,3994,4289,21,3
4025,216149,22360,-1407,9051,-1824,-12552,-1205,216149,-649,15632,-80,-1552,131,-6901,216170,7988,-29089,-2382,2302,3206,-7747,216170,-11096,-31187,5846,1702,2375,-12519,216149,-2778,29458,1056,2102,3994,4289,21,3
4026,216171,21360,-1095,8051,-1740,-14552,-1096,216171,-649,15214,73,-2127,-6,-8901,216192,7169,-28206,-2278,2174,3206,-9747,216192,-10096,-31402,6532,2515,375,-13514,216171,-1778,29531,762,2275,5994,6289,21,3
4027,216193,21360,-1095,8051,-1740,-14552,-1096,216193,-366,15214,73,-2127,-6,-8901,216214,7169,-28206,-1382,2174,3264,-9747,216214,-10096,-31402,6536,2515,375,-13514,216193,-1778,29531,762,2275,5994,6289,21,3
4028,216215,20360,-1095,7051,-1740,-16552,-1296,216215,-366,14652,-26,-3036,-6,-10626,216236,7169,-28206,-1382,2078,3264,-11747,216236,-10096,-31475,6536,2515,-1438,-14007,216215,-1778,29531,581,2275,4990,6289,21,3
4029,216237,19360,-1355,6051,-1677,-18552,-1564,216237,-671,14132,-352,-3718,57,-11920,216258,8169,-27206,-382,2006,1264,-11747,216258,-9096,-31530,7004,2631,-2798,-14377,216237,-778,30074,405,2391,4005,8289,21,3
4030,216259,19360,-1355,6051,-1677,-18552,-1564,216259,-671,14132,-352,-3718,265,-11920,216280,8169,-27206,-382,2006,1264,-9747,216280,-9096,-31530,7004,2631,-2798,-14377,216259,-778,30074,405,2391,4005,8289,21,3
4031,216281,18794,-1554,5051,-1709,-20334,-1752,216281,-1540,13742,-597,-4357,265,-12890,216302,8169,-27206,-382,1458,-736,-9747,216302,-9096,-31530,7004,2631,-2800,-14845,216281,-778,30074,273,2391,3266,8289,21,3
4032,216303,18794,-1703,4051,-1711,-20869,-1755,216303,-2464,13449,-770,-4836,-110,-14021,216324,9169,-26206,335,596,-2736,-7747,216324,-8096,-30530,7355,2687,-2800,-15264,216303,222,30011,-219,2521,2300,9851,21,3
4033,216325,18869,-1703,4051,-1711,-20869,-1755,216325,-2464,13449,-770,-4836,-110,-14021,216346,9169,-26206,335,596,-2736,-7747,216346,-8096,-30530,7523,2718,-2003,-15264,216325,222,30011,-219,2521,2300,9851,21,3
4034,216347,18869,-1747,3272,-1713,-20869,-1755,216347,-3234,12629,-770,-5195,-391,-15253,216368,9169,-26206,335,-631,-3406,-7747,216368,-8096,-30530,7523,2718,-2003,-15264,216347,222,30011,-330,2367,1479,9851,21,3
4035,216369,17869,-1756,2670,-1713,-18869,-1628,216369,-4234,12014,-398,-5501,-602,-16177,216390,10169,-25206,873,-2123,-3406,-5747,216390,-7096,-29530,8362,2618,-560,-14998,216369,1222,29964,-330,1774,248,10613,21,3
4036,216391,17869,-1756,2670,-868,-18869,-1282,216391,-4234,12014,-398,-5501,-602,-16177,216412,10169,-25206,873,-2123,-2358,-5747,216412,-7096,-29530,8362,2618,-560,-14662,216391,1222,29964,-330,1774,248,10613,21,3
4037,216413,16869,-1763,2670,-868,-18869,-1282,216413,-5234,11553,-398,-5731,-760,-16765,216434,10169,-25206,873,-3113,-2358,-5747,216434,-7096,-29530,8362,2008,-560,-14662,216413,1222,29941,-413,1428,-495,10613,21,3
4038,216435,15869,-2214,2908,219,-16869,-1257,216435,-6234,11071,-71,-6138,-1481,-17171,216456,9169,-24206,1004,-3855,-1415,-3747,216456,-6096,-28530,8991,1550,-331,-13045,216435,2222,29924,-413,1285,-1052,9951,21,3
4039,216457,15869,-2214,2908,219,-16869,-1257,216457,-6234,11071,-38,-6138,-1481,-17171,216478,9169,-24206,1004,-3855,-1415,-3747,216478,-6096,-28530,8991,1550,-331,-12662,216457,2222,29924,-413,1285,-1052,9951,21,3
4040,216479,14869,-2552,2908,219,-16869,-1295,216479,-7234,10473,-38,-6461,-2022,-17435,216500,8169,-24206,919,-4412,-1415,-5747,216500,-6096,-28530,9017,1281,-637,-12662,216479,2222,29911,-583,1178,-1470,9207,21,3
4041,216501,13869,-2552,1908,100,-14869,-1323,216501,-8234,9905,781,-6704,-2022,-17569,216522,7169,-23206,353,-4797,-1151,-7747,216522,-5096,-27530,9129,1079,-1262,-10724,216501,3222,29779,-947,1003,-2901,8407,21,3
4042,216523,13869,-2225,1908,100,-14869,-1323,216523,-8234,9905,962,-6704,-1818,-17569,216544,7169,-23206,353,-4797,-1151,-7747,216544,-5096,-27530,9129,1079,-1262,-10662,216523,3222,29779,-947,1003,-2901,8407,21,3
4043,216545,12869,-2225,908,0,-14869,-1323,216545,-9234,9471,962,-6886,-1818,-17569,216566,6169,-23206,-71,-4797,-1151,-9747,216566,-5096,-27530,9082,928,-1497,-10662,216545,3222,29580,-1328,818,-4329,7554,21,3
4044,216567,11869,-1892,-92,-75,-14622,-1025,216567,-10234,8843,1962,-7070,-1665,-16946,216588,5169,-22206,-715,-4470,-953,-11747,216588,-4096,-27917,9082,697,-1673,-8662,216567,4222,29407,-1710,556,-5400,6280,21,3
4045,216589,11869,-1892,-92,-75,-14622,-1025,216589,-10234,8843,1962,-7070,-1328,-16625,216610,5169,-22206,-715,-4139,-723,-11747,216610,-4096,-27917,9117,697,-1673,-8662,216589,4222,29407,-1710,556,-5400,6280,21,3
4046,216611,10869,-1892,-1092,-131,-14622,-1088,216611,-11234,8325,1962,-7208,-1328,-16625,216632,4169,-22206,-930,-4139,-723,-11747,216632,-4096,-27917,9143,524,-1673,-8662,216611,4222,29331,-1996,148,-5400,5308,21,3
4047,216633,9869,-1902,-2092,-248,-15054,-1290,216633,-12234,7810,2962,-7233,-1463,-14933,216654,3169,-21206,-1363,-3124,-1803,-11075,216654,-3096,-28613,9143,331,-1142,-6662,216633,5222,29274,-2211,-178,-4155,4036,21,3
4048,216655,9869,-1902,-2092,-248,-15054,-1290,216655,-12234,7810,2962,-7233,-1463,-14625,216676,3169,-21206,-1363,-2979,-1803,-9747,216676,-3096,-28613,9143,331,-1102,-6662,216655,5222,29267,-2211,-178,-3866,4036,21,3
4049,216677,8869,-1910,-3092,-374,-16390,-1472,216677,-13234,7189,2962,-7233,-1536,-14625,216698,2169,-21206,-1434,-2979,-1921,-9747,216698,-3096,-29135,9111,178,-1102,-6662,216677,5222,29181,-2312,-423,-3866,3046,21,3
4050,216699,7869,-1910,-4092,-746,-17392,-1608,216699,-14234,6396,3962,-6541,-1701,-12625,216720,1169,-20206,-1487,-1851,-2715,-7747,216720,-2096,-29135,9087,63,-674,-4710,216699,6222,29112,-2388,-624,-2435,2090,21,3
4051,216721,7869,-1910,-4092,-746,-17392,-1608,216721,-14234,6396,3962,-6292,-1701,-12625,216742,1169,-20206,-1487,-1851,-2715,-7747,216742,-2096,-28135,9087,63,-674,-4710,216721,6222,29112,-2388,-624,-2343,2090,21,3
4052,216743,6869,-1916,-5092,-1025,-18099,-1665,216743,-15234,5554,3962,-6292,-1898,-12625,216764,169,-20206,-1527,-1851,-3196,-7747,216764,-2096,-28135,9087,-25,-674,-4710,216743,6222,29112,-2419,-809,-2343,1373,21,3
4053,216765,5869,-1916,-6092,-1435,-18347,-1708,216765,-16075,4911,4891,-5182,-2398,-10625,216786,-831,-19206,-1555,-1106,-3557,-5747,216786,-1096,-27135,9193,-387,-562,-3459,216765,7222,29214,-2419,-948,-1371,1093,21,3
4054,216787,5869,-1746,-6092,-1435,-18347,-1708,216787,-16075,4911,4891,-4853,-2398,-10625,216808,-831,-19206,-1555,-1106,-3557,-5747,216808,-1096,-27135,9193,-387,-562,-3459,216787,7222,29282,-2288,-948,-1371,1093,21,3
4055,216809,5869,-1746,-7092,-1607,-18347,-1709,216809,-16075,4469,4891,-4853,-2777,-10625,216830,-831,-19206,-1555,-1106,-3557,-5747,216830,-1096,-28135,9193,-659,-562,-3459,216809,7222,29282,-2288,-983,-1371,1065,21,3
4056,216831,6869,-893,-8092,-1699,-18292,-1710,216831,-16016,4251,5460,-3157,-2971,-8625,216852,169,-18206,-1594,-355,-3336,-3747,216852,-96,-29051,9120,-863,-478,-2465,216831,8222,28981,-2184,-983,-728,1044,21,3
4057,216853,6869,-893,-8092,-1699,-17172,-1710,216853,-15633,4251,5460,-3039,-2971,-8625,216874,169,-18206,-1594,-251,-3268,-3747,216874,-96,-29051,9120,-863,-457,-2425,216853,8222,28981,-2184,-982,-728,1044,21,3
4058,216875,6869,-893,-9092,-1699,-17172,-1710,216875,-15633,4251,5460,-3039,-2971,-8625,216896,169,-18206,-1623,-251,-3268,-3747,216896,-96,-29702,9066,-1014,-457,-2425,216875,8222,28756,-2184,-982,-728,982,21,3
4059,216897,7869,-889,-10092,-1601,-15924,-1357,216897,-15119,4399,5684,-1554,-2738,-6625,216918,1169,-17206,-1789,273,-2865,-1747,216918,904,-30200,8947,-1127,-333,-1649,216897,9222,28756,-2042,-840,-246,936,21,3
4060,216919,7869,-889,-10092,-1577,-15906,-1357,216919,-15039,4508,5684,-1554,-2738,-6625,216940,1169,-17206,-1789,273,-2820,-1747,216940,904,-30200,8947,-1127,-232,-1649,216919,9222,28869,-2018,-736,-246,936,21,3
4061,216941,7869,-890,-11092,-1577,-15906,-1357,216941,-15039,4508,5684,-1554,-2738,-6625,216962,1169,-17206,-2131,273,-2820,-1747,216962,904,-30564,8834,-1212,-232,-1649,216941,9222,28869,-2018,-736,-246,936,21,3
4062,216963,8869,-891,-12092,-1436,-14110,-1379,216963,-14190,4724,5832,-645,-2564,-4625,216984,2169,-16206,-2538,424,-2415,-47,216984,1904,-30847,8749,-1281,-63,-1172,216963,10222,28796,-1859,-527,-130,1214,21,3
4063,216985,8869,-891,-12092,-1432,-13906,-1379,216985,-14087,4734,5832,-645,-2564,-4625,217006,2169,-16206,-2538,424,-2329,-47,217006,1904,-30847,8749,-1281,-63,-1172,216985,10222,28796,-1859,-492,-130,1284,21,3
4064,217007,8869,-891,-13092,-1432,-13906,-1410,217007,-14087,4734,5832,-645,-2564,-4625,217028,2169,-16206,-2843,424,-2329,-47,217028,1904,-31083,8749,-1394,-63,-1172,217007,10222,28679,-1859,-492,-130,1284,21,3
4065,217029,9869,-794,-14092,-1308,-11906,-1434,217029,-13431,4988,5989,-38,-1996,-2792,217050,3169,-15206,-3178,507,-1802,477,217050,2666,-31260,8753,-1501,2,-950,217029,11164,28583,-1846,-291,64,1530,21,3
4066,217051,9869,-788,-14092,-1308,-11906,-1434,217051,-13431,5081,6028,-38,-1745,-2792,217072,3169,-15206,-3178,507,-1737,477,217072,2666,-31260,8753,-1501,2,-950,217051,11186,28583,-1846,-291,64,1530,21,3
4067,217073,9869,-788,-15092,-1308,-11906,-1434,217073,-13431,5081,6028,-38,-1745,-2792,217094,3169,-15206,-3413,507,-1737,477,217094,2666,-31393,8652,-1576,2,-950,217073,11186,28541,-1846,-291,64,1530,21,3
4068,217095,10869,-814,-16092,-1180,-9906,-1258,217095,-13050,5481,6265,292,-1165,-1795,217116,4169,-14206,-3647,471,-1113,378,217116,3323,-31492,8473,-1576,-10,-784,217095,11999,28522,-1834,-360,209,1623,21,3
4069,217117,10869,-814,-16092,-1180,-9906,-1258,217117,-13050,5529,6268,292,-1165,-1795,217138,4169,-14206,-3647,471,-1063,378,217138,3323,-31492,8473,-1568,-10,-635,217117,12011,28522,-1834,-360,209,1623,21,3
4070,217139,10869,-840,-17081,-1180,-9906,-1258,217139,-13050,5529,6268,292,-1165,-1795,217160,4169,-14206,-3771,471,-1063,304,217160,3323,-31707,8316,-1568,-23,-635,217139,12011,28495,-1834,-520,209,1565,21,3
4071,217161,11869,-853,-17922,-1177,-7906,-1167,217161,-12887,5977,6556,399,-744,-1245,217182,5169,-13206,-3864,457,-500,265,217182,3820,-31868,8151,-1443,-32,-287,217161,12680,28475,-1827,-780,363,1348,21,3
4072,217183,11869,-853,-17922,-1177,-7906,-1167,217183,-12887,6016,6580,399,-744,-1245,217204,5169,-13206,-3864,457,-500,265,217204,3820,-31868,8151,-1375,-32,-237,217183,12686,28475,-1827,-780,366,1348,21,3
4073,217205,11869,-895,-18571,-1177,-7906,-1167,217205,-12887,6016,6580,399,-744,-1245,217226,5169,-13206,-3916,450,-500,265,217226,3820,-32051,8027,-1375,-34,-237,217205,12686,28460,-1827,-1016,366,1160,21,3
4074,217227,12869,-927,-19058,-1159,-5960,-1096,217227,-12850,6383,6877,385,-557,-888,217248,6169,-12360,-3916,442,-77,290,217248,4135,-32102,7930,-1092,-36,211,217227,13216,28449,-1692,-1193,484,849,21,3
4075,217249,12869,-927,-19058,-1159,-5960,-1091,217249,-12850,6383,6894,385,-557,-888,217270,6169,-12360,-3827,442,-77,309,217270,4135,-32102,7930,-1042,-36,217,217249,13216,28449,-1680,-1193,484,849,21,3
4076,217271,12869,-1003,-19227,-1199,-5960,-1091,217271,-12862,6383,6894,362,-557,-888,217292,6169,-12360,-3827,411,-77,309,217292,4135,-32102,7857,-1042,-37,217,217271,13216,28449,-1680,-1340,484,558,21,3
4077,217293,13869,-1086,-19334,-1271,-4772,-990,217293,-12906,6532,7149,344,-440,-602,217314,7169,-11659,-3712,359,287,521,217314,4261,-32040,7750,-791,-149,457,217293,13530,28471,-1530,-1427,551,227,21,3
4078,217315,13869,-1086,-19334,-1271,-4772,-959,217315,-12906,6532,7149,344,-440,-576,217336,7169,-11637,-3698,359,287,531,217336,4261,-32040,7750,-791,-149,457,217315,13530,28471,-1444,-1427,551,227,21,3
4079,217337,13869,-1114,-19334,-1332,-4772,-959,217337,-12939,6532,7149,344,-440,-576,217358,7169,-11637,-3698,320,287,531,217358,4261,-32040,7698,-791,-149,457,217337,13530,28471,-1444,-1511,551,-36,21,3
4080,217359,14869,-1123,-19330,-1393,-3919,-826,217359,-12939,6574,7292,369,-419,-307,217380,8169,-10855,-3541,291,478,735,217380,4250,-32146,7631,-661,-100,545,217359,13717,28569,-1267,-1560,720,-250,21,3
4081,217381,14869,-1123,-19236,-1393,-3919,-826,217381,-12918,6574,7292,375,-419,-306,217402,8169,-10833,-3525,291,478,735,217402,4250,-32146,7631,-661,-86,545,217381,13717,28569,-1259,-1560,720,-250,21,3
4082,217403,14869,-1123,-19236,-1444,-3919,-826,217403,-12918,6574,7292,375,-419,-306,217424,8169,-10833,-3525,263,478,735,217424,4223,-32225,7631,-661,-86,545,217403,13717,28569,-1259,-1560,720,-387,21,3
4083,217425,15869,-1082,-19163,-1482,-3234,-748,217425,-12852,6574,7328,415,-403,-85,217446,9169,-10160,-3317,179,515,725,217446,4221,-32314,7631,-613,-30,420,217425,13771,28733,-1050,-1525,641,-443,21,3
4084,217447,15869,-1082,-19163,-1482,-3214,-748,217447,-12837,6574,7328,432,-357,-85,217468,9169,-10156,-3313,179,515,725,217468,4221,-32314,7631,-613,-30,420,217447,13771,28733,-1034,-1410,641,-443,21,3
4085,217469,15869,-1082,-19168,-1485,-3214,-748,217469,-12837,6571,7328,432,-357,-85,217490,9169,-10156,-3313,84,515,647,217490,4221,-32349,7631,-613,-30,257,217469,13771,28733,-1034,-1410,404,-443,21,3
4086,217491,16869,-989,-19172,-1485,-2530,-688,217491,-12756,6568,7333,485,-295,19,217512,10169,-9652,-3078,13,614,422,217512,4226,-32375,7619,-613,18,-19,217491,13810,28739,-803,-1192,159,-345,21,3
4087,217513,16869,-959,-19172,-1485,-2414,-682,217513,-12733,6568,7333,485,-288,19,217534,10169,-9652,-3078,13,648,422,217534,4250,-32375,7619,-613,18,-19,217513,13810,28739,-775,-1174,159,-275,21,3
4088,217535,16869,-959,-19177,-1485,-2414,-682,217535,-12733,6568,7333,485,-288,19,217556,10169,-9652,-3078,13,648,186,217556,4250,-32403,7610,-613,18,-234,217535,13810,28739,-775,-1174,-24,-275,21,3
4089,217557,17869,-867,-19206,-1404,-1670,-644,217557,-12614,6606,7339,512,-172,14,217578,11169,-9364,-2992,44,765,-26,217578,4347,-32424,7573,-558,102,-396,217557,13839,28756,-602,-858,-161,-115,21,3
4090,217579,17869,-855,-19206,-1388,-1588,-644,217579,-12614,6644,7346,512,-133,14,217600,11169,-9364,-2992,44,778,-26,217600,4347,-32424,7573,-497,102,-396,217579,13857,28756,-615,-800,-161,-83,21,3
4091,217601,17869,-855,-19232,-1388,-1588,-644,217601,-12614,6644,7346,509,-133,-15,217622,11169,-9364,-3042,44,778,-266,217622,4347,-32440,7543,-497,87,-505,217601,13857,28756,-615,-800,-245,-83,21,3
4092,217623,18869,-761,-19362,-1234,-887,-653,217623,-12547,6736,7399,503,1,-65,217644,12169,-9212,-3129,121,889,-510,217644,4420,-32440,7495,-363,-35,-581,217623,13894,28807,-625,-408,-308,82,21,3
4093,217645,18869,-761,-19362,-1209,-866,-653,217645,-12547,6770,7401,503,71,-65,217666,12169,-9212,-3129,139,889,-510,217666,4420,-32398,7495,-327,-35,-581,217645,13894,28807,-625,-357,-308,90,21,3
4094,217667,18869,-761,-19459,-1209,-866,-665,217667,-12547,6770,7401,476,71,-119,217688,12169,-9212,-3246,139,889,-693,217688,4420,-32398,7461,-327,-126,-619,217667,13894,28807,-632,-357,-308,90,21,3
4095,217689,19869,-714,-19562,-1097,-284,-714,217689,-12528,6876,7442,381,231,-191,217710,13169,-9212,-3356,229,1005,-837,217710,4475,-32366,7435,-137,-190,-641,217689,13934,28845,-674,-9,-274,194,21,3
4096,217711,19869,-714,-19562,-1097,-258,-714,217711,-12528,6876,7442,381,246,-191,217732,13169,-9212,-3356,266,1005,-837,217732,4475,-32342,7435,-116,-190,-641,217711,13974,28845,-674,-2,-274,194,21,3
4097,217733,19869,-714,-19643,-1097,-258,-751,217733,-12528,6876,7442,288,246,-248,217754,13169,-9272,-3447,266,1005,-977,217754,4475,-32326,7416,-116,-195,-649,217733,13974,28845,-759,-2,-274,194,21,3
4098,217755,20869,-755,-19760,-1016,210,-788,217755,-12551,6958,7469,219,377,-306,217776,14169,-9329,-3581,361,1082,-1108,217776,4500,-32220,7416,10,-195,-649,217755,14034,28868,-823,184,-253,244,21,3
4099,217777,20869,-755,-19760,-1016,230,-788,217777,-12551,6958,7474,219,377,-306,217798,14169,-9329,-3581,406,1199,-1108,217798,4500,-32220,7416,10,-170,-593,217777,14034,28855,-823,184,-253,244,21,3
4100,217799,20869,-786,-19854,-1016,230,-816,217799,-12568,6958,7474,175,377,-364,217820,14169,-9442,-3681,415,1199,-1217,217820,4500,-32245,7376,10,-170,-593,217799,14034,28855,-915,184,-253,244,21,3
4101,217821,21869,-819,-19918,-1077,605,-837,217821,-12593,7010,7509,143,480,-428,217842,15169,-9527,-3756,440,1316,-1304,217842,4681,-32263,7376,105,15,-500,217821,14123,28815,-1178,222,-350,190,21,3
4102,217843,21869,-819,-19918,-1077,662,-837,217843,-12593,7010,7514,143,480,-428,217864,15169,-9527,-3756,446,1316,-1304,217864,4681,-32263,7418,129,15,-431,217843,14123,28815,-1178,222,-350,190,21,3
4103,217865,21869,-819,-20090,-1126,662,-844,217865,-12602,7010,7514,143,480,-477,217886,15169,-9527,-3759,446,1316,-1316,217886,4681,-32263,7418,129,15,-431,217865,14123,28785,-1295,165,-475,9,21,3
4104,217887,22816,-808,-20235,-1221,1053,-844,217887,-12619,7046,7549,166,606,-515,217908,16169,-9403,-3759,483,1404,-1316,217908,4375,-32263,7505,-90,154,-431,217887,13818,28785,-1383,122,-826,-126,21,3
4105,217909,22869,-796,-20235,-1221,1066,-826,217909,-12619,7046,7549,189,613,-515,217930,16169,-9181,-3391,515,1465,-1226,217930,4375,-31871,7565,-90,154,-431,217909,13818,28811,-1383,122,-826,-126,21,3
4106,217931,22869,-796,-20906,-1221,1066,-826,217931,-12640,7046,7549,189,613,-530,217952,16169,-9181,-3391,515,1465,-1226,217952,4347,-31871,7565,-693,154,-431,217931,13589,28811,-1383,122,-1089,-126,21,3
4107,217953,23869,-432,-21906,-1178,1699,-666,217953,-13116,6889,7232,453,927,-530,217974,15169,-8181,-2615,1621,2693,-823,217974,4347,-31433,7295,-2157,1430,-431,217953,13589,29236,-1161,550,-1455,-79,21,3
4108,217975,23869,-432,-21906,-900,2695,-616,217975,-13116,6889,7232,680,1081,-530,217996,15169,-8181,-2615,1834,2729,-292,217996,4504,-31433,7295,-2157,1430,-405,217975,13637,29236,-1161,1134,-1455,-79,21,3
4109,217997,22869,-432,-22825,-900,2695,-616,217997,-13517,6771,6987,680,1081,-530,218018,14169,-8181,-2615,1834,2729,-292,218018,4504,-31433,7021,-3255,1430,-405,217997,13637,29236,-1316,1134,-1455,-79,21,3
4110,218019,21869,-159,-23514,-372,4506,-541,218019,-13960,6771,6803,1843,1854,-389,218040,13169,-9003,-3199,3657,3677,1708,218040,5202,-31104,6119,-3255,1798,11,218019,13817,29153,-1937,2272,-1267,-844,21,3
4111,218041,21869,-159,-23514,-315,4565,-541,218041,-13960,6923,6803,2187,2029,-213,218062,13169,-9003,-3199,3657,3677,1708,218062,5202,-31104,6119,-3150,1798,587,218041,13817,29153,-1937,2272,-876,-844,21,3
4112,218063,20869,-159,-24285,-315,4565,-585,218063,-14377,6923,6803,2187,2029,-213,218084,12169,-9620,-3637,3657,3677,1708,218084,5202,-31104,5503,-3150,1798,587,218063,13817,28591,-2642,2272,-876,-1636,21,3
4113,218085,19869,-241,-24863,314,6318,-731,218085,-14777,7833,7087,3420,2811,662,218106,11169,-10288,-3637,3495,4495,3708,218106,5375,-30712,5487,-1550,1677,1943,218085,13944,27991,-3171,1405,700,-2230,21,3
4114,218107,19869,-241,-24863,339,6565,-731,218107,-14777,7923,7087,3420,2813,1038,218128,11169,-10288,-3191,3495,4495,3708,218128,5375,-30424,5487,-1309,1677,2246,218107,13944,27991,-3171,1405,746,-2230,21,3
4115,218129,18869,-630,-24863,339,6565,-844,218129,-15043,7923,7087,3420,2813,1038,218150,10169,-10789,-3191,3495,4495,3708,218150,5375,-30424,5487,-1309,1677,2246,218129,13944,27199,-3422,464,746,-2777,21,3
4116,218151,17869,-966,-24593,656,8565,-1295,218151,-15043,8456,6818,3728,3401,2564,218172,10169,-11551,-2191,3570,5109,5708,218172,4945,-30202,5907,-58,2154,4145,218151,13786,26299,-3422,-241,2411,-3671,21,3
4117,218173,17869,-966,-23863,656,8565,-1295,218173,-14852,8456,6818,3728,3401,2785,218194,11169,-11551,-2191,3603,6013,5708,218194,4945,-29914,6402,-58,2154,4225,218173,13786,26299,-3422,-241,2411,-3671,21,3
4118,218195,16869,-1220,-23863,656,8565,-1846,218195,-14852,8456,6207,3728,3401,2785,218216,11169,-12551,-2191,3603,6013,5708,218216,4255,-29914,6487,-58,2154,4225,218195,13631,25624,-2806,-241,2411,-4498,21,3
4119,218217,15869,-1410,-22863,438,10565,-2260,218217,-14614,8856,5207,3867,4257,4578,218238,12169,-13551,-1191,3826,7151,7708,218238,3737,-28914,6705,-685,2259,5900,218217,13495,25624,-2806,149,3257,-5491,21,3
4120,218239,15869,-1410,-22863,438,10565,-2260,218239,-14614,8861,5207,3867,4919,4703,218260,12169,-13551,-1191,3826,7151,7708,218260,3737,-28914,6705,-685,2259,5913,218239,13495,26586,-2806,295,3257,-5491,21,3
4121,218261,14869,-1529,-22863,152,10565,-2390,218261,-14614,8861,4207,3867,4919,4703,218282,12169,-14551,-1191,3826,7151,7708,218282,3413,-29653,6705,-1155,2259,5913,218261,13291,26586,-2964,295,3257,-6537,21,3
4122,218283,13869,-1618,-21863,-149,12565,-2390,218283,-14436,9612,3383,3845,5608,6385,218304,13169,-15551,-191,3279,6936,9708,218304,3170,-30273,6722,-1299,2337,7913,218283,13060,27307,-3223,426,3286,-8390,21,3
4123,218305,13869,-1618,-21863,-149,12565,-2300,218305,-14014,9765,3383,3845,5608,6518,218326,13169,-15551,-191,3279,6936,9708,218326,3170,-30273,6722,-1299,2872,7913,218305,13060,27586,-3223,426,3286,-8390,21,3
4124,218327,13869,-1685,-21863,-287,12565,-2300,218327,-14014,9765,2786,3782,5476,6518,218348,13169,-16551,-191,2550,6503,9708,218348,2255,-30672,6722,-1299,2872,7913,218327,12633,27586,-3417,216,3286,-10182,21,3
4125,218349,14869,-1685,-20863,-478,14565,-2125,218349,-13014,10585,2339,3712,5124,8364,218370,14169,-17117,804,550,4550,11708,218370,1277,-30904,6717,-1155,3222,9913,218349,12016,28347,-3417,-653,3307,-11969,21,3
4126,218371,14869,-1685,-20863,-478,14565,-2045,218371,-13014,10585,2339,3712,5124,8518,218392,14169,-17117,804,550,4550,11708,218392,1277,-30904,6717,-1155,3222,9913,218371,12016,28413,-2980,-653,3594,-11969,21,3
4127,218393,14869,-1733,-20863,-630,14565,-2045,218393,-13014,10585,2003,3643,4838,8518,218414,14169,-17511,804,-1025,2550,11708,218414,277,-31078,6717,-1155,3077,9913,218393,11016,28413,-2980,-1490,3594,-13324,21,3
4128,218415,15126,-1769,-19863,-1136,16565,-1806,218415,-12014,10463,1662,3208,3567,10269,218436,14213,-17837,951,-2106,550,13708,218436,-723,-31182,6887,-1466,2485,11913,218415,10016,29192,-2413,-2171,3020,-14326,21,3
4129,218437,15126,-1769,-19863,-1136,16565,-1740,218437,-12014,10463,1662,3208,3567,10291,218458,14213,-17837,951,-2106,550,13708,218458,-723,-31182,6909,-1466,2485,11913,218437,10016,29258,-2369,-2171,3020,-14326,21,3
4130,218459,15126,-1902,-19863,-1620,16565,-1740,218459,-12014,10371,1395,2882,2229,10291,218480,13712,-18835,951,-2559,-1450,13708,218480,-1723,-31182,6909,-1855,1260,11913,218459,9016,29258,-2369,-2892,2035,-14831,21,3
4131,218481,15318,-2002,-18863,-2367,18565,-1233,218481,-11014,10371,1170,2882,1225,11681,218502,13138,-19835,989,-2899,-1450,15708,218502,-2723,-31148,6717,-2179,-425,13472,218481,8016,29945,-1794,-3621,35,-15161,21,3
4132,218503,15868,-2002,-18863,-2367,18565,-1233,218503,-11014,10541,1170,2997,1225,11813,218524,13138,-19835,989,-2899,-688,15708,218524,-2723,-30988,6717,-2179,-425,13472,218503,8016,29945,-1636,-3621,35,-15161,21,3
4133,218525,15868,-2047,-18863,-3041,18565,-1233,218525,-11014,10541,1001,2997,909,11813,218546,12773,-20835,989,-3118,-688,15708,218546,-3723,-30988,6447,-2384,-1689,13472,218525,7016,29945,-1636,-4307,-1965,-15161,21,3
4134,218547,16868,-2081,-17863,-3557,18801,-1001,218547,-10014,11251,903,3480,672,12845,218568,12678,-21835,865,-3273,1079,16768,218568,-4723,-30817,6211,-2384,-2394,13827,218547,6016,30252,-963,-4774,-3743,-15048,21,3
4135,218569,16868,-2081,-17863,-3557,18801,-1001,218569,-10014,11251,903,3480,672,12845,218590,12678,-21835,865,-3273,1079,16768,218590,-4723,-30787,6211,-2150,-2394,13827,218569,6016,30252,-963,-4774,-3743,-14824,21,3
4136,218591,16868,-2106,-17863,-3856,18534,-1001,218591,-10014,11251,829,3480,494,12845,218612,12428,-22835,586,-3294,1079,16768,218612,-5723,-30787,6114,-2150,-2625,13584,218591,5016,30252,-963,-5124,-4487,-14824,21,3
4137,218613,17868,-2106,-16863,-4065,16885,-892,218613,-9014,11841,774,3746,40,12906,218634,11767,-23835,27,-3294,635,16403,218634,-6723,-30506,6091,-1398,-2625,11584,218613,4016,30525,-376,-5376,-4798,-13829,21,3
4138,218635,17868,-1789,-16863,-4065,16885,-813,218635,-9014,11912,774,3746,40,12906,218656,11767,-23835,27,-3095,635,16403,218656,-6723,-30506,6091,-1380,-2272,11584,218635,4016,30525,-262,-5376,-4798,-13311,21,3
4139,218657,16868,-1789,-16863,-4065,15388,-813,218657,-9014,11912,728,3746,-343,12532,218678,11159,-24835,-69,-3095,635,15402,218678,-7723,-30506,6091,-1380,-2272,9584,218657,3016,29525,-262,-5384,-4902,-13311,21,3
4140,218679,15868,-865,-15863,-3748,13634,-495,218679,-8014,12912,508,3742,-652,11445,218700,10703,-25835,-141,-2906,1650,13402,218700,-8723,-30501,6416,-1154,-1586,7584,218679,2016,28525,439,-5384,-4902,-11767,21,3
4141,218701,15868,-865,-15863,-3748,13634,-495,218701,-8014,12912,508,3742,-652,11445,218722,10703,-25835,-141,-2889,1659,13402,218722,-8723,-30501,6416,-1154,-1210,7584,218701,2016,28525,601,-5174,-4430,-11311,21,3
4142,218723,14868,-865,-15863,-3748,11690,-495,218723,-8014,12912,254,3552,-1136,10061,218744,10361,-26835,-167,-2889,1659,11402,218744,-9304,-30569,6416,-1154,-1210,5584,218723,1016,27525,601,-5174,-4430,-11311,21,3
4143,218745,13868,-1412,-14863,-3975,9899,-603,218745,-7014,13912,63,2846,-1499,8061,218766,10067,-27835,-213,-2495,2917,9402,218766,-9613,-30666,6294,-995,-308,3584,218745,16,27525,1046,-3779,-3574,-9311,21,3
4144,218767,13868,-1412,-14863,-3975,9899,-603,218767,-7014,13912,63,2846,-1499,8061,218788,10067,-27835,-213,-2495,2981,9402,218788,-9613,-30666,6294,-995,-308,3584,218767,16,28517,1046,-3516,-3073,-9311,21,3
4145,218789,13868,-1412,-14863,-4138,8553,-668,218789,-7014,13912,-115,2202,-1499,6114,218810,9396,-28646,-409,-2495,2981,7402,218810,-9845,-30693,6202,-995,-308,2537,218789,-286,28517,1046,-3516,-3073,-9311,21,3
4146,218811,14868,-1165,-13863,-4138,7362,-668,218811,-6014,14414,-280,1622,-1381,4486,218832,8893,-29316,-556,-1851,3858,5402,218832,-10089,-30713,6202,-674,367,1815,218811,-512,29261,1100,-2289,-1591,-7311,21,3
4147,218833,14868,-1067,-13863,-3961,7362,-624,218833,-6014,14414,-280,1622,-1177,4486,218854,8893,-29316,-556,-1851,3858,5402,218854,-10089,-30713,6245,-604,367,1815,218833,-512,29261,1100,-2289,-1507,-7311,21,3
4148,218855,14868,-1067,-13863,-3961,6198,-624,218855,-6014,14414,-420,1211,-1177,3335,218876,8893,-29818,-556,-1851,3557,4158,218876,-10568,-30724,6245,-604,367,1274,218855,-682,29261,1100,-2289,-1507,-7311,21,3
4149,218877,15868,-1228,-12863,-3083,4923,-522,218877,-5014,14791,-569,978,-935,2635,218898,9182,-30319,-229,-1252,2508,3361,218898,-10981,-30733,6297,-234,1362,862,218877,-1095,29819,1135,-1656,7,-5427,21,3
4150,218899,15868,-1228,-12863,-3006,4923,-432,218899,-5014,14867,-569,978,-935,2635,218920,9182,-30319,-229,-1180,2508,3361,218920,-10981,-30733,6297,-234,1362,862,218899,-1095,29841,1135,-1656,7,-5427,21,3
4151,218921,15868,-1349,-12863,-3006,3890,-432,218921,-5014,14867,-651,848,-935,2110,218942,9182,-30695,-229,-1180,1681,2915,218942,-11291,-30739,6297,-234,1362,500,218921,-1405,29841,1135,-1656,7,-5427,21,3
4152,218943,16868,-1457,-11863,-2178,3002,-282,218943,-4014,15267,-721,754,-606,1666,218964,8904,-31003,8,-676,-158,2580,218964,-11512,-30739,6336,-289,1302,210,218943,-1475,30368,1323,-1176,1557,-3851,21,3
4153,218965,16868,-1457,-11863,-2157,3002,-280,218965,-4014,15267,-721,754,-520,1666,218986,8904,-31003,8,-676,-158,2580,218986,-11512,-30692,6336,-289,1302,210,218965,-1475,30368,1445,-1149,1557,-3851,21,3
4154,218987,16868,-1538,-11863,-2157,2343,-280,218987,-4014,15267,-791,702,-520,1258,219008,8506,-31320,-40,-676,-924,2329,219008,-11512,-30692,6262,-346,1060,37,218987,-1475,30368,1445,-1149,1557,-3851,21,3
4155,219009,17868,-1661,-10863,-1427,1914,-184,219009,-3035,15528,-844,668,3,871,219030,8207,-31557,-88,-586,-924,1844,219030,-11491,-30725,6206,-417,703,-69,219009,-1368,30834,1561,-768,1314,-2850,21,3
4156,219031,17868,-1661,-10863,-1427,1914,-184,219031,-3035,15528,-844,668,3,871,219052,8207,-31557,-124,-586,-908,1844,219052,-11449,-30725,6206,-417,703,-69,219031,-1368,30834,1561,-741,1314,-2850,21,3
4157,219053,17868,-1909,-10863,-1427,1619,-184,219053,-3035,15528,-884,642,3,580,219074,8207,-31701,-124,-586,-908,1449,219074,-11449,-30749,6206,-470,413,-69,219053,-1394,30834,1561,-741,653,-2850,21,3
4158,219075,18868,-2095,-9863,-1108,1439,-182,219075,-2303,15694,-950,623,372,420,219096,8539,-31727,-151,-536,-306,1152,219096,-11628,-30779,6232,-785,-928,-58,219075,-1717,31195,1578,-395,-492,-2099,21,3
4159,219097,18868,-2095,-9863,-1108,1439,-182,219097,-2303,15694,-950,623,372,420,219118,8539,-31727,-151,-536,-306,1152,219118,-11628,-30779,6314,-785,-928,-58,219097,-1717,31221,1578,-266,-492,-1799,21,3
4160,219119,18868,-2095,-9863,-1108,1341,-182,219119,-2303,15694,-966,600,372,420,219140,8539,-31747,-171,-536,-306,1108,219140,-11762,-30836,6314,-1000,-1638,-137,219119,-1717,31221,1578,-266,-1669,-1799,21,3
4161,219141,19868,-1961,-8863,-869,1268,-180,219141,-1778,15851,-978,583,529,468,219162,8222,-31894,-214,-187,-906,1075,219162,-11762,-30939,6155,-1096,-2078,-381,219141,-1395,31492,1585,-6,-2965,-877,21,3
4162,219163,19868,-1917,-8863,-750,1268,-123,219163,-1778,15906,-978,583,529,489,219184,8222,-31894,-214,-99,-906,1075,219184,-11637,-30939,6155,-1096,-2078,-381,219163,-1395,31511,1585,-6,-2965,-877,21,3
4163,219185,19868,-1917,-8863,-750,1182,-123,219185,-1778,15906,-978,570,529,489,219206,7650,-32048,-308,-99,-1356,1050,219206,-11637,-30940,6036,-1096,-2145,-579,219185,-1395,31511,1484,-6,-3524,-877,21,3
4164,219207,20868,-1917,-7863,-474,987,-67,219207,-1384,16083,-956,540,430,486,219228,7221,-32119,-411,-23,-1356,879,219228,-11423,-30940,5947,-1034,-2145,-727,219207,-1210,31667,1337,66,-3670,-418,21,3
4165,219229,20868,-1917,-7863,-474,987,-67,219229,-1262,16083,-944,540,430,486,219250,7221,-32119,-411,-23,-1190,879,219250,-11325,-30925,5947,-917,-1866,-727,219229,-1210,31667,1337,66,-3670,-418,21,3
4166,219251,20868,-1965,-7863,-474,841,-67,219251,-1262,16083,-944,496,406,413,219272,7180,-32119,-488,-23,-1190,537,219272,-11325,-30925,5890,-917,-1866,-767,219251,-1210,31667,1226,66,-3670,-418,21,3
4167,219273,21868,-2023,-6863,-456,768,-122,219273,-746,16122,-908,463,406,236,219294,7180,-32033,-546,1,-433,158,219294,-11117,-30913,5890,-771,-1631,-767,219273,-1071,31784,1143,142,-3091,-212,21,3
4168,219295,21868,-2023,-6863,-456,768,-122,219295,-746,16122,-908,463,518,236,219316,7283,-32033,-546,1,-433,158,219316,-11117,-30913,5915,-593,-1449,-746,219295,-1071,31784,1143,142,-3091,-212,21,3
4169,219317,21868,-2023,-6863,-520,768,-223,219317,-746,16120,-908,438,518,104,219338,7283,-32033,-589,1,-433,-89,219338,-11117,-31024,5915,-593,-1449,-746,219317,-1083,31784,1143,142,-3091,-212,21,3
4170,219339,22868,-2021,-5863,-670,801,-380,219339,-463,16105,-1036,435,628,23,219360,7366,-32058,-631,81,-17,-100,219360,-11141,-31024,6036,-288,-1062,-583,219339,-1083,31912,1199,170,-2366,-134,21,3
4171,219361,22868,-1973,-5863,-670,924,-380,219361,-463,16105,-1036,435,628,23,219382,7458,-32058,-631,106,-17,-100,219382,-11141,-31008,6038,-288,-1062,-429,219361,-1083,31916,1199,170,-2286,-134,21,3
4172,219383,22868,-1973,-5863,-772,924,-516,219383,-463,16092,-1133,435,549,23,219404,7458,-32058,-705,106,-29,-100,219404,-11159,-31008,6038,-288,-1062,-429,219383,-1094,31916,1199,170,-2286,-155,21,3
4173,219405,23868,-1891,-4863,-822,1090,-630,219405,-269,16084,-1206,463,249,147,219426,7589,-32045,-764,180,-143,70,219426,-11317,-30992,6154,-260,-717,-197,219405,-1188,32017,1241,52,-1612,-175,21,3
4174,219427,23868,-1847,-4863,-822,1090,-630,219427,-269,16084,-1206,472,249,211,219448,7597,-32045,-764,180,-143,70,219448,-11317,-30980,6160,-260,-541,-197,219427,-1188,32033,1321,52,-1337,-175,21,3
4175,219449,23868,-1847,-4863,-845,1090,-745,219449,-269,16084,-1210,472,24,211,219470,7597,-32073,-809,164,-143,70,219470,-11449,-30959,6160,-260,-541,-197,219449,-1259,32033,1321,47,-1337,-175,21,3
4176,219471,24868,-1753,-3863,-855,1101,-846,219471,-127,16166,-1210,471,-96,332,219492,7604,-32106,-809,148,58,121,219492,-11548,-30959,6392,-392,-434,-283,219471,-1322,32142,1452,47,-626,-85,21,3
4177,219493,24868,-1749,-3863,-855,1101,-846,219493,-127,16174,-1210,471,-96,332,219514,7604,-32106,-738,148,177,121,219514,-11548,-30959,6392,-392,-434,-283,219493,-1322,32142,1464,66,-626,11,21,3
4178,219515,24868,-1749,-3863,-858,1091,-899,219515,-127,16174,-1211,459,-96,332,219536,7604,-32131,-738,148,177,121,219536,-11548,-30975,6392,-553,-434,-348,219515,-1322,32142,1464,66,-626,11,21,3
4179,219537,25868,-1675,-2863,-858,1011,-899,219537,11,16232,-1211,448,-74,342,219558,7605,-32156,-685,163,352,194,219558,-11440,-30991,6268,-688,-447,-440,219537,-1283,32200,1572,113,-798,253,21,3
4180,219559,25868,-1675,-2863,-806,1011,-892,219559,19,16232,-1205,448,-72,342,219580,7605,-32156,-685,183,352,194,219580,-11406,-30991,6268,-688,-447,-440,219559,-1213,32200,1572,149,-798,253,21,3
4181,219581,25868,-1675,-2863,-806,916,-892,219581,19,16232,-1205,440,-72,342,219602,7605,-32156,-689,183,352,194,219602,-11406,-31041,6235,-711,-447,-505,219581,-1213,32200,1572,149,-829,253,21,3
4182,219603,26868,-1656,-1863,-701,779,-824,219603,170,16271,-1187,423,-49,323,219624,7606,-32154,-692,293,249,231,219624,-11294,-31080,6150,-711,-429,-554,219603,-1184,32230,1365,198,-829,422,21,3
4183,219625,26868,-1656,-1863,-701,779,-824,219625,190,16271,-1149,423,-49,323,219646,7606,-32154,-692,293,249,231,219646,-11242,-31080,6150,-694,-388,-554,219625,-1131,32230,1365,198,-757,422,21,3
4184,219647,26868,-1656,-1863,-701,677,-824,219647,190,16271,-1149,391,-49,274,219668,7424,-32154,-695,293,171,231,219668,-11242,-31110,6116,-694,-388,-554,219647,-1131,32230,1209,198,-757,422,21,3
4185,219669,27799,-1688,-863,-679,600,-781,219669,335,16285,-1107,324,99,161,219690,7128,-32153,-695,346,152,194,219690,-11041,-31110,6091,-621,-303,-478,219669,-996,32222,1196,115,-516,434,21,3
4186,219691,27799,-1688,-863,-679,600,-773,219691,341,16285,-1107,324,103,161,219712,7128,-32153,-695,346,152,194,219712,-11041,-31080,6091,-600,-260,-372,219691,-996,32222,1196,115,-409,434,21,3
4187,219713,27799,-1772,-863,-679,542,-773,219713,341,16285,-1107,274,103,76,219734,7128,-32153,-681,346,152,140,219734,-11041,-31080,6072,-600,-260,-372,219713,-996,32216,1161,26,-409,337,21,3
4188,219735,28447,-1843,137,-733,468,-767,219735,416,16263,-1075,240,217,18,219756,7212,-32144,-681,318,424,31,219756,-10972,-31058,6072,-475,-146,-238,219735,-983,32212,1160,-46,-148,264,21,3
4189,219757,28447,-1843,137,-733,468,-767,219757,416,16263,-1073,240,217,18,219778,7212,-32144,-618,318,424,31,219778,-10972,-31058,6096,-415,-121,-238,219757,-983,32212,1160,-46,-137,264,21,3
4190,219779,28447,-1894,137,-825,415,-767,219779,416,16263,-1073,240,217,16,219800,7212,-32144,-606,318,424,28,219800,-10990,-31058,6096,-415,-121,-238,219779,-983,32212,1160,-95,-137,227,21,3
4191,219801,28969,-1894,1137,-894,398,-762,219801,447,16269,-1069,248,195,16,219822,7219,-32117,-571,364,427,26,219822,-11012,-31033,6150,-281,-28,-158,219801,-961,32235,1190,-144,95,199,21,3
4192,219823,28969,-1864,1137,-894,398,-758,219823,447,16272,-1069,272,195,60,219844,7219,-32117,-562,379,427,26,219844,-11012,-31033,6150,-281,-28,-158,219823,-933,32235,1190,-144,95,199,21,3
4193,219845,28969,-1864,1137,-943,385,-758,219845,447,16272,-1069,272,150,60,219866,7219,-32131,-562,379,427,24,219866,-11038,-31033,6150,-281,-28,-158,219845,-933,32235,1190,-187,95,163,21,3
4194,219867,29329,-1786,2137,-974,375,-744,219867,457,16296,-1066,328,117,82,219888,7224,-32142,-557,360,434,-40,219888,-11076,-31028,6190,-206,0,-154,219867,-923,32268,1190,-239,200,135,21,3
4195,219889,29329,-1786,2137,-974,375,-743,219889,457,16296,-1066,328,117,82,219910,7254,-32142,-557,360,475,-40,219910,-11076,-31028,6190,-180,0,-154,219889,-923,32268,1190,-239,200,135,21,3
4196,219911,29329,-1786,2137,-987,375,-743,219911,457,16296,-1066,328,117,75,219932,7254,-32142,-557,343,475,-88,219932,-11076,-31028,6190,-180,0,-154,219911,-923,32268,1190,-278,200,126,21,3
4197,219933,29609,-1757,3137,-997,410,-733,219933,462,16300,-1086,364,142,58,219954,7298,-32138,-549,330,587,-93,219954,-11008,-31031,6282,-136,21,-136,219933,-988,32297,1226,-278,254,126,21,3
4198,219955,29611,-1757,3137,-997,410,-733,219955,462,16300,-1086,364,154,58,219976,7298,-32130,-549,330,587,-93,219976,-11008,-31031,6282,-136,21,-121,219955,-988,32303,1226,-272,254,154,21,3
4199,219977,29611,-1757,3137,-997,410,-733,219977,462,16300,-1107,364,154,51,219998,7298,-32130,-549,330,587,-97,219998,-11008,-31033,6282,-174,21,-121,219977,-988,32303,1226,-272,254,154,21,3
4200,219999,29866,-1735,4137,-956,384,-724,219999,501,16303,-1116,373,205,46,222080,7285,-32121,-571,389,652,-101,222080,-10997,-31052,6321,-203,73,-87,219999,-949,32281,1253,-221,129,211,22,3
4201,222081,29866,-1735,4137,-956,384,-723,222081,501,16304,-1116,373,205,46,222102,7285,-32121,-571,396,652,-101,222102,-10997,-31052,6321,-203,75,-87,222081,-949,32281,1253,-221,129,211,22,3
4202,222103,29866,-1735,4137,-956,378,-723,222103,501,16304,-1116,367,205,42,222124,7160,-32178,-571,396,652,-158,222124,-10997,-31052,6321,-203,75,-95,222103,-949,32264,1203,-221,129,211,22,3
4203,222125,30033,-1731,5137,-975,378,-715,222125,530,16317,-1075,356,238,15,222146,7066,-32221,-616,407,728,-209,222146,-10989,-31047,6350,-184,115,-101,222125,-891,32256,1162,-203,166,239,22,3
4204,222147,30033,-1731,5137,-975,390,-715,222147,553,16317,-1072,356,238,15,222168,7066,-32221,-616,407,765,-209,222168,-10953,-31035,6350,-154,115,-101,222147,-891,32256,1162,-203,166,239,22,3
4205,222169,30033,-1731,5137,-999,390,-715,222169,553,16317,-1072,349,238,-14,222190,7019,-32221,-622,407,765,-247,222190,-10953,-31035,6350,-154,115,-101,222169,-891,32256,1162,-203,166,239,22,3
4206,222191,30159,-1728,6137,-1023,432,-699,222191,619,16316,-1042,345,247,-36,222212,7019,-32189,-664,415,850,-290,222212,-10920,-31028,6356,-126,130,-86,222191,-880,32262,1197,-197,206,215,22,3
4207,222213,30163,-1728,6137,-1023,446,-699,222213,619,16316,-1042,345,247,-36,222234,7024,-32189,-664,415,850,-290,222234,-10920,-31028,6356,-126,130,-86,222213,-880,32262,1225,-197,222,215,22,3
4208,222235,30163,-1728,6137,-1041,446,-699,222235,619,16312,-1042,345,247,-52,222256,7024,-32203,-676,415,850,-323,222256,-10920,-31028,6356,-126,129,-86,222235,-880,32262,1225,-210,222,197,22,3
4209,222257,30288,-1734,7137,-1067,511,-686,222257,654,16309,-1020,351,247,-66,222278,7002,-32216,-685,444,881,-367,222278,-10897,-31029,6351,-111,128,-79,222257,-902,32268,1256,-220,264,180,22,3
4210,222279,30288,-1734,7137,-1067,511,-686,222279,654,16309,-1020,351,247,-66,222300,7002,-32216,-685,444,881,-367,222300,-10891,-31029,6351,-105,128,-79,222279,-902,32268,1256,-220,264,180,22,3
4211,222301,30288,-1738,7137,-1087,511,-686,222301,654,16307,-1020,351,237,-80,222322,6985,-32225,-691,444,881,-404,222322,-10891,-31029,6351,-105,118,-79,222301,-908,32268,1256,-251,264,169,22,3
4212,222323,30350,-1745,8137,-1102,588,-676,222323,680,16307,-998,360,223,-97,222344,6985,-32225,-704,431,992,-432,222344,-10870,-31029,6393,-62,111,-64,222323,-935,32275,1266,-313,320,148,22,3
4213,222345,30350,-1745,8137,-1102,588,-676,222345,689,16311,-998,360,223,-97,222366,6991,-32208,-704,431,992,-432,222366,-10870,-31029,6431,-56,111,-64,222345,-935,32283,1276,-313,320,148,22,3
4214,222367,30350,-1745,8137,-1115,588,-676,222367,689,16311,-998,360,223,-110,222388,6991,-32208,-706,421,992,-432,222388,-10872,-31029,6431,-56,111,-64,222367,-955,32283,1276,-360,320,121,22,3
4215,222389,30380,-1754,9137,-1145,631,-654,222389,704,16310,-990,367,226,-120,222410,7057,-32191,-715,421,923,-416,222410,-10897,-31015,6491,-22,130,-30,222389,-998,32316,1309,-360,299,101,22,3
4216,222411,30380,-1754,9137,-1145,631,-654,222411,704,16310,-990,367,226,-120,222432,7073,-32189,-715,455,923,-416,222432,-10897,-31015,6491,-22,141,-30,222411,-998,32316,1309,-357,299,101,22,3
4217,222433,30380,-1754,9137,-1167,631,-654,222433,704,16309,-990,367,226,-120,222454,7073,-32189,-722,455,828,-416,222454,-10916,-31015,6491,-22,141,-30,222433,-1008,32316,1309,-357,299,101,22,3
4218,222455,30439,-1729,10137,-1184,660,-657,222455,702,16309,-989,372,211,-105,222476,7065,-32157,-763,524,705,-442,222476,-10930,-31005,6540,-6,90,5,222455,-1016,32329,1331,-351,314,101,22,3
4219,222477,30439,-1729,10137,-1184,660,-657,222477,702,16311,-989,372,211,-105,222498,7065,-32157,-763,524,705,-442,222498,-10930,-31005,6540,-6,90,14,222477,-1016,32329,1331,-351,377,105,22,3
4220,222499,30439,-1729,10137,-1195,636,-660,222499,702,16311,-989,372,191,-105,222520,7055,-32157,-818,524,548,-498,222520,-10933,-31005,6540,-9,-30,14,222499,-1022,32329,1331,-351,377,105,22,3
4221,222521,30451,-1708,11052,-1203,603,-671,222521,721,16310,-1000,372,156,-116,222542,7047,-32117,-917,594,84,-646,222542,-10935,-30993,6607,-17,-120,38,222521,-1026,32332,1348,-365,454,108,22,3
4222,222543,30451,-1702,11052,-1203,603,-671,222543,741,16310,-1000,372,156,-116,222564,7047,-32031,-917,627,84,-646,222564,-10935,-30957,6609,-17,-120,38,222543,-1026,32332,1376,-365,454,108,22,3
4223,222565,30451,-1702,11052,-1214,558,-701,222565,741,16305,-1012,372,115,-129,222586,7047,-32031,-1051,627,-263,-922,222586,-10993,-30957,6609,-34,-120,-5,222565,-1026,32332,1376,-365,454,98,22,3
4224,222587,30600,-1676,11637,-1323,291,-867,222587,747,16302,-1021,372,17,-169,222608,7245,-31897,-1142,1156,-263,-1487,222608,-11046,-30921,6634,-161,614,-422,222587,-1079,32293,1514,-302,514,98,22,3
4225,222609,30600,-1676,11637,-1323,291,-867,222609,747,16302,-1021,374,17,-169,222630,7245,-31883,-1142,1193,-69,-1487,222630,-11046,-30887,6634,-161,614,-422,222609,-1079,32293,1514,-242,598,116,22,3
4226,222631,30600,-1676,11637,-1410,-201,-1046,222631,714,16302,-1021,374,-147,-241,222652,7245,-31883,-1210,1193,-69,-2200,222652,-11212,-30887,6631,-341,614,-787,222631,-1119,32263,1514,-242,598,116,22,3
4227,222653,29600,-1751,12027,-1543,-1206,-1231,222653,634,16344,-918,444,-347,-426,222674,7140,-30883,-1597,1531,205,-3597,222674,-11388,-30981,6441,-476,1204,-1661,222653,-1421,32241,1521,129,915,334,22,3
4228,222675,29600,-1751,12027,-1543,-1206,-1231,222675,634,16387,-909,528,-347,-426,222696,7140,-30883,-1597,1531,1141,-3597,222696,-11388,-30981,6441,-476,1204,-1661,222675,-1421,32241,1521,289,1019,612,22,3
4229,222697,28600,-1751,12027,-1756,-2343,-1319,222697,615,16387,-909,528,-471,-795,222718,7061,-30883,-1895,1531,1141,-5282,222718,-11728,-30981,6244,-476,1204,-2887,222697,-1677,31241,1521,289,1019,612,22,3
4230,222719,27600,-1729,11878,-2279,-4058,-1335,222719,600,16556,-661,604,-515,-1401,222740,7061,-29883,-2111,1500,3141,-7282,222740,-11983,-31051,5945,-384,1822,-4887,222719,-2107,30241,1506,1193,1760,1698,22,3
4231,222741,27600,-1727,11878,-2279,-4058,-1335,222741,600,16569,-526,604,-515,-1401,222762,7822,-29883,-2111,1500,3141,-7282,222762,-11983,-31051,5945,-93,1822,-4887,222741,-2107,30241,1506,1575,1918,2405,22,3
4232,222763,26600,-1727,11456,-2755,-6058,-1335,222763,589,16569,-526,557,-515,-2132,222784,7822,-29883,-2111,1500,3141,-9282,222784,-11983,-31051,5718,-93,1822,-6887,222763,-2430,29241,1471,1575,1918,2405,22,3
4233,222785,25600,-1403,10456,-3112,-8058,-1077,222785,317,16317,-122,-223,-488,-3547,222806,8822,-28883,-1981,1503,4597,-11282,222806,-11961,-31052,5550,792,2216,-8887,222785,-2430,28843,935,2798,3665,4405,22,3
4234,222807,25600,-1135,10456,-3112,-8058,-893,222807,317,16317,-12,-223,-467,-3547,222828,8822,-28883,-1577,2117,4597,-11282,222828,-11911,-31052,5550,1074,2216,-8887,222807,-2300,28843,935,2798,3918,4405,22,3
4235,222829,24600,-1135,9456,-3112,-10058,-893,222829,-333,15854,-12,-867,-467,-5109,222850,8822,-28883,-1577,2117,4597,-13282,222850,-11911,-31052,5550,1074,2216,-10887,222829,-2300,28843,533,2798,3918,4405,22,3
4236,222851,23600,-529,8456,-2559,-12058,-148,222851,-821,15407,373,-1578,-530,-7109,222872,8832,-28544,-577,2943,3539,-15282,222872,-10911,-30413,5956,2321,876,-12333,222851,-1300,29124,185,2975,5918,6405,22,3
4237,222873,23600,-529,8456,-2428,-12058,-148,222873,-821,15407,373,-1578,-530,-7109,222894,8832,-28544,-577,3471,3539,-15282,222894,-10911,-30052,6038,2321,876,-12333,222873,-1300,29124,185,2975,5918,6405,22,3
4238,222895,23008,-529,7456,-2428,-14058,-284,222895,-928,15015,296,-2112,-558,-8951,222916,8832,-28664,-577,3471,2746,-16964,222916,-10911,-30052,6038,2321,-326,-12996,222895,-1300,29124,-75,2742,5918,6405,22,3
4239,222917,22564,-1529,6456,-2417,-16058,-1308,222917,-1009,14695,165,-3270,-558,-10429,222938,9832,-28826,211,4044,793,-17849,222938,-9911,-29052,6596,2702,-1227,-13494,222917,-300,29335,-282,2347,5370,8027,22,3
4240,222939,22564,-1529,6456,-2417,-16058,-1308,222939,-1009,14695,165,-3270,-344,-10429,222960,9832,-28826,211,4044,793,-17849,222960,-9911,-29052,6596,2702,-1227,-13494,222939,-300,29529,-282,2347,5370,8027,22,3
4241,222961,22231,-2304,5456,-2496,-18058,-1558,222961,-1151,14447,-70,-3717,-344,-11537,222982,9832,-28826,211,3699,-1207,-17849,222982,-9911,-29063,6596,2702,-1311,-13776,222961,-300,29529,-447,1974,4400,8027,22,3
4242,222983,21231,-2336,4456,-2777,-19847,-1745,222983,-2150,14197,-246,-4052,497,-12417,223004,10534,-27826,556,1699,-3207,-15849,223004,-8911,-29595,7013,2849,-1374,-14078,222983,700,29832,-561,1237,2649,9487,22,3
4243,223005,21231,-2336,4456,-2777,-19847,-1745,223005,-2150,14197,-246,-4052,497,-12417,223026,10534,-27826,556,1699,-3207,-15849,223026,-8911,-29595,7013,2849,-1374,-14078,223005,700,30023,-561,1237,2649,9521,22,3
4244,223027,20543,-2336,3456,-2988,-19847,-1885,223027,-3047,13789,-315,-4271,497,-13214,223048,10534,-27826,556,336,-3207,-15849,223048,-8911,-29595,7013,2849,-1374,-14078,223027,700,30023,-610,620,1305,9521,22,3
4245,223049,20027,-1821,2456,-3135,-19032,-2232,223049,-4019,13090,-315,-4456,107,-14063,223070,11534,-26826,829,0,-2998,-13849,223070,-7911,-29470,7777,2772,-1208,-13867,223049,1700,30157,-647,16,170,10332,22,3
4246,223071,20027,-1821,2456,-3135,-19032,-2232,223071,-4019,13090,-230,-4456,107,-14063,223092,11534,-26826,829,0,-1872,-13849,223092,-7911,-28595,7863,2772,-1208,-13493,223071,1700,30157,-656,16,170,10332,22,3
4247,223093,19640,-1821,1456,-3135,-19032,-2493,223093,-5019,12758,-230,-4594,-392,-14746,223114,11534,-26826,829,-251,-1872,-15849,223114,-7911,-28595,7863,2447,-1208,-13493,223093,1700,30157,-675,-751,-554,10332,22,3
4248,223115,18640,-1447,456,-2361,-17765,-2493,223115,-6019,12758,-139,-4698,-1072,-15259,223136,10534,-26087,491,-1374,-1660,-17849,223136,-6911,-27595,8253,2203,-515,-11625,223115,2700,30082,-824,-1521,-554,9435,22,3
4249,223137,18640,-1447,456,-1994,-17728,-2276,223137,-6019,12767,-126,-4698,-1072,-15259,223158,10534,-26087,491,-1374,-1660,-17849,223158,-6911,-27595,8253,2203,792,-11493,223137,2700,30082,-824,-1521,-306,9435,22,3
4250,223159,17640,-1447,-414,-1994,-17728,-2276,223159,-6941,12767,-126,-4698,-1582,-15272,223180,9534,-26087,-253,-2473,-1846,-19612,223180,-6911,-27595,8253,2203,792,-11493,223159,2700,30082,-936,-2201,-306,8086,22,3
4251,223181,16640,-1591,-1414,-874,-17439,-2113,223181,-7941,12882,874,-4558,-1582,-15272,223202,8534,-25087,-811,-3490,-1846,-20712,223202,-5911,-26595,8279,2601,1375,-9493,223181,3700,30113,-974,-3048,-62,6086,22,3
4252,223203,16640,-1591,-1414,-874,-17439,-2099,223203,-7941,12882,874,-4558,-1576,-15037,223224,8534,-25087,-811,-3490,-1640,-20712,223224,-5911,-26595,8279,3069,1375,-9493,223203,3700,30113,-974,-3048,-62,6086,22,3
4253,223225,15640,-1699,-2204,-874,-17439,-2099,223225,-8941,12882,874,-4558,-1576,-15037,223246,7534,-25087,-811,-4284,-1640,-20712,223246,-5911,-26595,8279,3069,1375,-9493,223225,3700,30113,-974,-3904,-62,4510,22,3
4254,223247,14640,-1699,-2797,-298,-19439,-1919,223247,-9941,12393,1874,-5111,-1503,-14724,223268,6534,-24087,-760,-5088,-1527,-20420,223268,-4911,-25595,8733,3750,-228,-7493,223247,4700,30238,-516,-4792,-1000,3234,22,3
4255,223269,14640,-1634,-2797,-298,-19439,-1919,223269,-9941,12393,1874,-5111,-1503,-14343,223290,6534,-24087,-236,-5088,-1527,-19487,223290,-4911,-25595,8947,3750,-228,-7493,223269,4700,30238,-370,-4792,-1000,3234,22,3
4256,223291,13640,-1634,-3797,-298,-21278,-1919,223291,-10941,11584,1874,-5875,-1503,-14343,223312,5534,-24087,-236,-5687,-1750,-19487,223312,-4911,-25595,8947,3750,-1685,-7493,223291,4700,30238,-370,-4987,-1895,2315,22,3
4257,223313,12640,-1221,-4797,133,-23016,-1773,223313,-11941,10584,2820,-6448,-1463,-13083,223334,4534,-23087,-283,-5736,-2192,-17487,223334,-3911,-26568,9534,2987,-2523,-5493,223313,5700,30332,364,-4987,-2807,1626,22,3
4258,223335,12640,-1043,-4797,211,-23016,-1739,223335,-11941,10584,2820,-6448,-1463,-12728,223356,4534,-23087,-283,-5736,-2192,-17487,223356,-3911,-26568,9738,2987,-2523,-5493,223335,5700,30332,364,-4630,-2807,1626,22,3
4259,223357,11640,-1043,-5797,211,-24716,-1739,223357,-12941,9584,2820,-6537,-1463,-12728,223378,3534,-23087,-312,-5736,-2523,-17487,223378,-3911,-27470,9738,2229,-2523,-5493,223357,5700,30332,364,-4630,-2961,1349,22,3
4260,223379,10640,-1144,-6797,593,-25594,-1360,223379,-13885,8584,3529,-6537,-2182,-10728,223400,2534,-22087,-342,-5128,-3790,-15487,223400,-2911,-28146,10285,1661,-1942,-4172,223379,6700,30437,917,-3742,-2961,1205,22,3
4261,223401,10640,-1144,-6797,593,-25594,-1360,223401,-13885,8584,3586,-6325,-2182,-10728,223422,2534,-22087,-342,-5128,-3790,-15487,223422,-2911,-28146,10285,1661,-1941,-4172,223401,6700,30471,917,-3537,-2520,1205,22,3
4262,223423,10640,-1144,-7797,593,-25594,-1360,223423,-14386,7605,3586,-6325,-2673,-10728,223444,1534,-22087,-364,-5128,-3790,-15487,223444,-2911,-28146,10285,1235,-1941,-4172,223423,6700,30497,917,-3537,-2520,1205,22,3
4263,223445,11640,-853,-8797,559,-24237,-1288,223445,-14728,6881,4264,-5530,-2976,-8728,223466,1534,-21087,-805,-4158,-4157,-13487,223466,-1911,-27146,10637,840,-1539,-3448,223445,7593,30497,1007,-2613,-2187,1411,22,3
4264,223467,11640,-853,-8797,559,-24026,-1288,223467,-14728,6881,4351,-5346,-2976,-8728,223488,2534,-21087,-805,-3866,-4157,-13487,223488,-1911,-27146,10637,840,-1539,-3448,223467,7593,30664,1007,-2548,-2187,1447,22,3
4265,223489,11640,-853,-9797,416,-24026,-1288,223489,-14844,6338,4351,-5346,-2976,-8728,223510,2534,-21087,-1403,-3866,-4157,-13487,223510,-1911,-27146,10637,514,-1539,-3448,223489,7593,30664,1007,-2548,-2187,1447,22,3
4266,223511,12640,-959,-10797,286,-22026,-1379,223511,-14928,6019,4988,-4312,-2910,-6728,223532,3534,-20087,-2188,-2512,-3317,-11487,223532,-911,-28117,10651,53,-1238,-3027,223511,8593,30496,1075,-1640,-1699,1629,22,3
4267,223533,12640,-959,-10797,286,-22026,-1379,223533,-14928,6019,5013,-4133,-2753,-6728,223554,3534,-20087,-2188,-2283,-3181,-11487,223554,-911,-28117,10651,53,-1238,-3027,223533,8593,30496,1075,-1476,-1699,1629,22,3
4268,223555,12640,-1039,-11797,-153,-22026,-1447,223555,-14928,5869,5013,-4133,-2753,-6728,223576,3534,-20087,-2787,-2283,-3181,-11487,223576,-911,-28845,10651,-503,-1238,-3027,223555,8593,30370,1075,-1476,-1699,1629,22,3
4269,223577,13640,-1039,-12797,-483,-20026,-1498,223577,-14408,5869,5560,-2955,-2580,-4728,223598,4534,-19087,-3434,-807,-2449,-9487,223598,-37,-29665,10530,-920,-988,-2675,223577,9392,30143,956,-423,-1333,1579,22,3
4270,223599,13640,-831,-12797,-483,-20026,-1498,223599,-14379,5965,5593,-2734,-2280,-4728,223620,4534,-19087,-3434,-807,-2449,-9487,223620,-37,-29665,10530,-920,-988,-2669,223599,9408,30143,956,-423,-1333,1579,22,3
4271,223621,13640,-831,-13797,-554,-20026,-1498,223621,-14379,5965,5593,-2734,-2280,-4728,223642,4534,-19087,-3885,-807,-2449,-9487,223642,-37,-30234,10425,-920,-988,-2669,223621,9408,30029,867,-423,-1333,1542,22,3
4272,223643,14640,-737,-14797,-607,-18026,-1251,223643,-13877,6290,6125,-1515,-1581,-2837,223664,5534,-18087,-4257,163,-1096,-7487,223664,738,-30667,10288,-711,-800,-2310,223643,10020,29944,592,163,-911,1533,22,3
4273,223665,14640,-737,-14797,-607,-18026,-1251,223665,-13712,6295,6125,-1515,-1577,-2837,223686,5534,-18087,-4257,163,-1096,-7487,223686,864,-30667,10288,-601,-800,-2278,223665,10078,29944,592,163,-911,1533,22,3
4274,223687,14640,-762,-15797,-647,-18026,-1251,223687,-13712,6295,6125,-1515,-1577,-2837,223708,5534,-18087,-4502,163,-1096,-7487,223708,864,-30992,10288,-601,-800,-2278,223687,10078,29880,368,163,-911,1526,22,3
4275,223709,15640,-781,-16797,-831,-16026,-1217,223709,-13176,6592,6319,-885,-952,-1579,223730,6534,-17087,-4728,754,-506,-5487,223730,1448,-31306,10334,-497,-680,-1923,223709,10580,29832,188,479,-595,1489,22,3
4276,223731,15640,-781,-16797,-831,-16026,-1217,223731,-13176,6654,6319,-885,-943,-1579,223752,6534,-17087,-4728,754,-506,-5487,223752,1448,-31306,10354,-497,-680,-1923,223731,10580,29832,188,479,-558,1489,22,3
4277,223753,15640,-781,-17797,-969,-16026,-1217,223753,-13176,6654,6319,-885,-943,-1579,223774,6534,-17087,-4948,754,-506,-5487,223774,1448,-31541,10354,-554,-680,-1923,223753,10580,29822,65,479,-558,1448,22,3
4278,223775,16640,-781,-18797,-1077,-14026,-1192,223775,-12831,6984,6435,-419,-467,-812,223796,7534,-16087,-5251,780,-44,-3969,223796,1886,-31679,10403,-597,-590,-1634,223775,11047,29814,-109,596,-432,1418,22,3
4279,223797,16640,-777,-18797,-1077,-14026,-1147,223797,-12831,6989,6435,-419,-467,-812,223818,7534,-16087,-5251,780,-44,-3969,223818,1958,-31679,10403,-597,-590,-1634,223797,11097,29814,-109,596,-432,1418,22,3
4280,223819,16640,-777,-19797,-1156,-14026,-1147,223819,-12831,6989,6435,-419,-467,-812,223840,7534,-16087,-5458,648,-44,-3969,223840,1958,-31783,10332,-597,-590,-1634,223819,11097,29790,-273,596,-432,1395,22,3
4281,223841,17640,-720,-20725,-1217,-12026,-1060,223841,-12612,7284,6580,-128,-190,-501,223862,8534,-15087,-5458,341,85,-3007,223862,2352,-31835,10267,-488,-569,-1250,223841,11484,29710,-434,260,-418,1252,22,3
4282,223863,17640,-720,-20725,-1217,-12026,-1059,223863,-12612,7317,6624,-128,-190,-501,223884,8534,-15087,-5427,341,85,-3007,223884,2352,-31835,10267,-488,-569,-1159,223863,11496,29710,-434,260,-418,1252,22,3
4283,223885,17640,-720,-21425,-1263,-12026,-1059,223885,-12612,7317,6624,-128,-190,-501,223906,8534,-15087,-5427,28,85,-3007,223906,2352,-31892,10267,-488,-569,-1159,223885,11496,29692,-434,-112,-418,1042,22,3
4284,223907,18548,-677,-22232,-1336,-10026,-927,223907,-12460,7605,6755,-31,-116,-361,223928,9534,-14331,-5378,-211,159,-2465,223928,2536,-31935,10284,-596,-476,-700,223907,11750,29679,-433,-577,-686,816,22,3
4285,223929,18548,-677,-22232,-1336,-10026,-907,223929,-12460,7610,6755,-31,-116,-361,223950,9534,-14249,-5378,-211,159,-2465,223950,2536,-31935,10288,-596,-465,-690,223929,11796,29679,-265,-577,-686,816,22,3
4286,223951,18548,-677,-22914,-1391,-10026,-907,223951,-12460,7610,6755,-31,-116,-361,223972,9534,-14249,-5378,-236,159,-2465,223972,2536,-31959,10288,-714,-465,-690,223951,11796,29679,-265,-926,-1036,636,22,3
4287,223973,19275,-623,-23567,-1391,-8026,-768,223973,-12368,7817,6853,41,-85,-378,223994,10534,-13474,-5247,-236,522,-2058,223994,2620,-31977,10290,-1101,-335,-188,223973,11837,29723,-138,-1158,-1150,240,22,3
4288,223995,19419,-583,-23567,-1371,-8026,-714,223995,-12368,7817,6853,77,-85,-378,224016,10534,-13432,-5193,183,760,-1880,224016,2620,-31977,10290,-1101,-77,-188,223995,11837,29723,-138,-1158,-1150,240,22,3
4289,224017,19419,-583,-24179,-1371,-8026,-714,224017,-12368,7817,6853,77,-85,-408,224038,10534,-13432,-5193,183,760,-1880,224038,2620,-31977,10290,-1586,-77,-188,224017,11837,29723,-199,-1158,-1150,-95,22,3
4290,224039,20419,-289,-25126,-1269,-6026,-514,224039,-12484,7950,6898,344,60,-431,224060,9534,-12432,-4254,965,1876,-1052,224060,2681,-31858,10195,-2617,1022,218,224039,11767,29896,-199,-928,-1126,-499,22,3
4291,224061,20419,-289,-25126,-983,-6026,-279,224061,-12484,7950,6898,476,150,-431,224082,9534,-12432,-4254,2079,1876,-451,224082,2681,-31858,10195,-2617,1197,241,224061,11767,29918,-199,-623,-895,-499,22,3
4292,224083,20419,-289,-25836,-983,-6026,-279,224083,-12865,7950,6735,476,150,-431,224104,8534,-12432,-4254,2079,1876,-451,224104,2681,-31858,9932,-3390,1197,241,224083,11767,29918,-245,-623,-895,-936,22,3
4293,224105,21419,-482,-26531,-336,-4026,106,224105,-13195,7958,6612,1605,865,-228,224126,7534,-11957,-4010,3698,2558,1427,224126,2905,-30858,9511,-3659,2153,822,224105,11713,30086,-283,498,211,-1671,22,3
4294,224127,21419,-482,-26531,-336,-4026,106,224127,-13195,7958,6612,1897,949,-56,224148,7534,-11957,-4010,3698,2558,1549,224148,2905,-30858,9511,-3659,2625,1001,224127,11713,30086,-283,498,609,-1671,22,3
4295,224149,21419,-917,-26726,-336,-4026,106,224149,-13555,7958,6612,1897,949,-56,224170,6534,-11957,-4010,3698,2558,1549,224170,2905,-30858,9195,-3659,2625,1001,224149,11713,30086,-312,498,609,-2264,22,3
4296,224171,22419,-1377,-26838,-32,-2026,-257,224171,-13726,8222,6618,3231,1604,649,224192,5534,-11873,-3827,4233,3067,3549,224192,2935,-30577,9195,-3133,3699,1618,224171,11786,30008,-398,1147,2276,-2709,22,3
4297,224193,22419,-1377,-26838,-32,-2026,-257,224193,-13726,8287,6618,3231,1774,901,224214,5534,-11873,-3145,4233,3067,3549,224214,2935,-29858,9230,-3133,3699,1621,224193,11786,30008,-398,1147,2566,-2709,22,3
4298,224215,22419,-1742,-26838,-32,-2026,-560,224215,-13854,8287,6530,3231,1774,901,224236,5534,-11873,-3145,4233,3067,3549,224236,2935,-29858,9230,-3133,3699,1621,224215,11786,29950,-398,1147,2566,-3050,22,3
4299,224237,23419,-2016,-26300,23,-26,-811,224237,-13854,8533,6180,4097,2393,1946,224258,6534,-12360,-2164,4802,4173,5549,224258,2481,-28858,8980,-2727,4107,2252,224237,11749,29950,-462,1830,3743,-3306,22,3
4300,224259,23419,-2016,-25838,23,-26,-811,224259,-13809,8533,6180,4097,2393,2086,224280,6534,-12360,-2158,4802,4963,5549,224280,2481,-28858,8980,-2712,4107,2318,224259,11749,29968,-462,1830,3743,-3306,22,3
4301,224281,23419,-2221,-25838,-48,-26,-1048,224281,-13809,8533,5768,4097,2393,2086,224302,6534,-13360,-2158,4802,4963,5549,224302,2057,-28858,8869,-2712,3884,2318,224281,11721,29968,-516,1830,3743,-3580,22,3
4302,224303,24419,-2239,-24838,-461,1974,-1455,224303,-13661,8894,5312,4425,2954,3453,224324,7534,-14360,-1374,4747,6963,7549,224324,1823,-27858,8785,-2339,2660,2997,224303,11416,29982,-633,1971,3942,-3817,22,3
4303,224325,24419,-2239,-24838,-461,1974,-1455,224325,-13577,8997,5312,4425,2980,3458,224346,7534,-14360,-1374,4747,6963,7549,224346,1823,-27858,8785,-2251,2660,3075,224325,11416,30086,-633,1971,3942,-3817,22,3
4304,224347,24419,-2239,-24838,-1154,1974,-1894,224347,-13577,8997,4931,4425,2980,3458,224368,7534,-15360,-1374,4390,6963,7549,224368,1657,-27858,8632,-2251,1409,3075,224347,11236,30086,-776,1910,3277,-4082,22,3
4305,224369,23419,-1993,-23838,-1674,3974,-2224,224369,-13338,9706,4379,4239,3657,4520,224390,8534,-16360,-374,3678,8648,9549,224390,1533,-26858,8422,-2093,471,4239,224369,11001,30174,-960,1371,2431,-4689,22,3
4306,224391,23419,-1993,-23838,-1674,3974,-2224,224391,-13212,9832,4379,4239,3854,4626,224412,8534,-16360,-374,3678,8648,9549,224412,1533,-26858,8422,-2093,471,4646,224391,11001,30174,-960,1371,2431,-4689,22,3
4307,224413,22419,-1993,-23838,-1674,3974,-2224,224413,-13212,9832,3775,3958,3854,4626,224434,8534,-17360,-374,2742,8648,9549,224434,1250,-26858,8264,-2093,-175,4646,224413,10824,30174,-1098,758,1680,-5476,22,3
4308,224435,22419,-1866,-22838,-1671,5974,-1953,224435,-12660,10682,2971,3650,4623,5988,224456,9534,-18360,626,1536,8656,11549,224456,747,-25858,8196,-2125,-566,6646,224435,10280,30464,-1201,121,1116,-6768,22,3
4309,224457,22984,-1866,-22838,-1671,5974,-1847,224457,-12503,10825,2971,3650,4623,6289,224478,9534,-18360,626,1536,8656,11549,224478,747,-25858,8196,-2125,-566,6646,224457,10280,30464,-1201,121,1116,-6768,22,3
4310,224479,22984,-1866,-22838,-1671,5974,-1847,224479,-12503,10825,2224,3354,4623,6289,224500,9534,-19158,626,346,7501,11549,224500,158,-26858,8196,-2190,-860,6646,224479,9844,30464,-1201,-422,693,-7913,22,3
4311,224501,22954,-1651,-21838,-1702,7974,-1535,224501,-11682,11460,1664,2986,4406,7918,224522,10534,-19756,1393,-736,5578,13549,224522,-842,-27858,8145,-2371,-1030,8646,224501,9299,30750,-1022,-862,40,-9028,22,3
4312,224523,22954,-1651,-21838,-1702,7974,-1535,224523,-11603,11460,1664,2986,4406,8034,224544,10534,-19756,1393,-736,5578,13549,224544,-842,-27858,8145,-2371,-1030,8646,224523,9299,30750,-1022,-862,40,-9028,22,3
4313,224545,22519,-1651,-21838,-1727,7974,-1535,224545,-11603,11460,1319,2622,3364,8034,224566,10534,-20507,1393,-1548,3766,13549,224566,-1783,-28769,8106,-2572,-1560,8646,224545,8382,30750,-1022,-1328,-591,-9894,22,3
4314,224567,21975,-1552,-20838,-1760,9974,-1301,224567,-10603,11543,1085,2349,2325,9530,224588,11308,-21507,1922,-1984,1766,15549,224588,-2783,-29426,7861,-2772,-1560,10595,224567,7382,30750,-962,-2029,-1446,-10584,22,3
4315,224589,21975,-1552,-20838,-1760,9974,-1301,224589,-10603,11543,1085,2349,2325,9577,224610,11308,-21507,1922,-1984,1766,15549,224610,-2783,-29426,7861,-2772,-1555,10595,224589,7382,30750,-962,-2029,-1446,-10584,22,3
4316,224611,21569,-1552,-20838,-1785,9974,-1301,224611,-10603,11543,916,2349,1545,9577,224632,11308,-22250,1922,-2311,103,15549,224632,-3783,-29829,7689,-2922,-1555,10595,224611,6750,30750,-962,-2593,-1724,-11143,22,3
4317,224633,21411,-1590,-19838,-1815,11974,-1225,224633,-9603,11710,790,2536,1110,10848,224654,11099,-22827,2185,-2556,96,17549,224654,-4783,-30097,7548,-2997,-984,11837,224633,6072,30768,-861,-3135,-1829,-11950,22,3
4318,224655,21411,-1590,-19838,-1815,11974,-1225,224655,-9603,11809,790,2655,1110,10848,224676,11099,-22827,2185,-2556,96,17549,224676,-4783,-30097,7548,-2997,-661,11837,224655,6072,30808,-781,-3135,-1829,-11950,22,3
4319,224677,21411,-1618,-19838,-1895,11974,-1225,224677,-9603,11809,695,2655,967,10848,224698,10944,-23344,1974,-2725,96,17549,224698,-5783,-30156,6831,-2997,-661,11837,224677,5200,30808,-781,-3706,-1829,-12556,22,3
4320,224699,21592,-1831,-18838,-1955,13417,-1168,224699,-8603,12229,634,3135,860,11571,224720,10828,-24337,1568,-2913,504,18148,224720,-6783,-30237,6271,-2477,631,12076,224699,4200,31000,-645,-4174,-1219,-12556,22,3
4321,224721,22296,-1831,-18838,-1955,13417,-1104,224721,-8603,12377,634,3135,860,11571,224742,10828,-24337,1568,-2913,504,18148,224742,-6783,-30237,6271,-2375,631,12076,224721,4200,31016,-253,-4174,-708,-12495,22,3
4322,224743,22296,-1991,-18838,-2008,13417,-1104,224743,-8603,12377,634,3135,250,11571,224764,10741,-25258,706,-3054,-537,18148,224764,-7783,-30257,6043,-2375,631,11796,224743,3200,31016,-253,-4687,-708,-12495,22,3
4323,224765,23296,-1991,-17838,-2008,13387,-791,224765,-7603,13036,898,3442,-207,11562,224786,10002,-25773,-294,-3744,-2006,18037,224786,-8783,-30257,6042,-1224,-128,10575,224765,2200,31338,-23,-5188,132,-11949,22,3
4324,224787,23296,-1757,-17838,-2008,13387,-769,224787,-7603,13234,898,3442,-207,11562,224808,10002,-25773,-294,-3744,-2006,18037,224808,-8783,-30256,6042,-1224,-128,10575,224787,2200,31348,140,-5188,1022,-11823,22,3
4325,224809,23296,-1757,-17838,-2048,12721,-769,224809,-7603,13234,898,3442,-256,11363,224830,10002,-26159,-294,-4489,-2006,17709,224830,-9783,-30256,6042,-1224,-698,8959,224809,1324,31348,140,-5188,1022,-11823,22,3
4326,224831,22296,-1161,-16838,-2185,11173,-540,224831,-6603,14199,732,3203,-256,10460,224852,10167,-27067,275,-4489,-6,15709,224852,-10783,-30256,6391,-631,-698,6959,224831,324,30348,1140,-5180,2320,-10596,22,3
4327,224853,22296,-1161,-16838,-2185,11173,-540,224853,-6603,14234,732,3203,-190,10460,224874,10167,-27067,275,-4255,-6,15709,224874,-10783,-30256,6391,-631,-57,6959,224853,324,30348,1140,-4363,2320,-9823,22,3
4328,224875,21296,-1410,-16838,-2837,9387,-668,224875,-6603,14234,484,2824,-190,9283,224896,10167,-27948,275,-4255,-6,13709,224896,-11267,-30324,6391,-631,-57,4959,224875,33,29348,1140,-4363,2320,-9823,22,3
4329,224897,21296,-1597,-15838,-3326,8047,-764,224897,-5603,15019,150,2325,78,7410,224918,9167,-28948,-431,-2926,757,11709,224918,-11267,-30493,6493,-745,-230,2959,224897,-185,28348,1347,-2750,320,-7823,22,3
4330,224919,22296,-1597,-15838,-3326,8047,-764,224919,-5603,15019,150,2325,78,7410,224940,9167,-28948,-431,-2926,757,11709,224940,-11222,-30493,6493,-745,-230,2959,224919,-185,28348,1347,-2629,320,-7823,22,3
4331,224941,22296,-1597,-15838,-3326,7469,-764,224941,-5603,15019,-120,1872,78,5635,224962,8225,-29447,-803,-2926,757,9709,224962,-11222,-30619,6415,-856,-1236,1804,224941,-252,28348,1347,-2629,-1680,-7823,22,3
4332,224963,23296,-1047,-14838,-3051,7035,-186,224963,-4603,15239,-323,1472,31,4241,224984,8225,-29821,-803,-2206,1330,7709,224984,-11278,-30619,6351,-914,-1991,1434,224963,-407,29215,1316,-1717,-3680,-5823,22,3
4333,224985,23296,-1047,-14838,-2738,7035,-185,224985,-4603,15239,-323,1472,31,4241,225006,8421,-29821,-750,-2206,1330,7709,225006,-11278,-30506,6351,-914,-1991,1434,224985,-407,29215,1316,-1717,-3680,-5823,22,3
4334,225007,23296,-1047,-14838,-2738,6710,-185,225007,-4603,15239,-475,1238,-3,3338,225028,8421,-30241,-750,-2206,1151,5867,225028,-11320,-30470,6303,-914,-1991,1156,225007,-735,29215,1293,-1717,-5131,-5823,22,3
4335,225029,22296,-1197,-13838,-1996,5914,53,225029,-3603,15403,-617,1120,-29,2748,225050,8568,-30556,-988,-1256,-220,4458,225050,-11511,-30421,6303,-684,-1983,736,225029,-981,29923,1289,-1155,-5620,-4298,22,3
4336,225051,22296,-1197,-13838,-1996,5914,53,225051,-3603,15404,-617,1120,-29,2748,225072,8568,-30556,-988,-1152,-220,4458,225072,-11511,-30394,6329,-672,-1912,736,225051,-981,30017,1289,-1155,-5620,-4298,22,3
4337,225073,21296,-1309,-13838,-1996,4996,53,225073,-3603,15404,-643,1059,-29,2306,225094,8542,-30792,-1167,-1152,-1246,3401,225094,-11641,-30394,6339,-672,-1912,245,225073,-1145,30017,1289,-1155,-5620,-4298,22,3
4338,225095,21296,-1393,-12838,-1645,4068,68,225095,-2603,15742,-662,1014,-28,1845,225116,7928,-30792,-1167,-361,-1720,2439,225116,-11656,-30511,6358,-423,-1152,-277,225095,-1152,30602,1308,-720,-4461,-3136,22,3
4339,225117,22296,-1393,-12838,-1645,4068,68,225117,-2603,15742,-662,1014,-28,1845,225138,7928,-29792,-1163,-361,-1720,2439,225138,-11656,-30511,6392,-337,-998,-277,225117,-1152,30602,1325,-720,-4012,-3136,22,3
4340,225139,22296,-1456,-12838,-1645,3372,44,225139,-2603,15742,-677,944,-28,1351,225160,7468,-29792,-1163,-361,-1720,1510,225160,-11656,-30599,6392,-337,-998,-668,225139,-1158,30602,1337,-720,-4012,-3136,22,3
4341,225161,23296,-1614,-11838,-1530,2805,-31,225161,-1790,15887,-772,866,299,843,225182,7403,-30383,-1040,-528,-585,730,225182,-11473,-30681,6498,-2,67,-861,225161,-1158,30979,1337,-515,-2012,-2410,22,3
4342,225183,23296,-1614,-11838,-1530,2805,-31,225183,-1790,15887,-772,866,299,843,225204,7403,-30383,-1012,-528,-142,730,225204,-11473,-30681,6528,-2,67,-861,225183,-1154,30979,1404,-515,-2012,-2410,22,3
4343,225205,23296,-1774,-11838,-1530,2437,-167,225205,-1790,15887,-873,803,299,462,225226,7403,-30763,-1012,-654,-142,434,225226,-11473,-30742,6528,-2,67,-861,225205,-1154,30979,1404,-515,-2012,-2410,22,3
4344,225227,24296,-1894,-10838,-1553,2147,-271,225227,-1179,15907,-1053,728,324,345,225248,7476,-30934,-897,-654,1169,434,225248,-11536,-30770,6616,3,-113,-792,225227,-1213,31276,1505,-442,-675,-1953,22,3
4345,225249,24296,-1894,-10838,-1553,2147,-271,225249,-1154,15907,-1053,728,324,345,225270,7718,-30934,-887,-503,1169,484,225270,-11536,-30770,6616,3,-113,-792,225249,-1213,31276,1587,-442,-675,-1953,22,3
4346,225271,24296,-1894,-10838,-1553,1929,-271,225271,-1154,15907,-1188,660,324,345,225292,7718,-31062,-887,-503,1169,484,225292,-11583,-30770,6616,-104,-565,-792,225271,-1257,31276,1587,-442,-1417,-1953,22,3
4347,225293,25296,-1734,-9838,-1402,1643,-178,225293,-765,15975,-1193,546,343,420,225314,8502,-31198,-793,-203,-14,793,225314,-11583,-30791,6750,-208,-974,-808,225293,-1686,31543,1680,-312,-2037,-1521,22,3
4348,225315,25296,-1734,-9838,-1338,1643,-167,225315,-765,16031,-1193,546,423,420,225336,8502,-31198,-755,-203,-14,793,225336,-11563,-30791,6750,-208,-974,-808,225315,-1686,31569,1680,-264,-2037,-1284,22,3
4349,225337,25296,-1734,-9838,-1338,1332,-167,225337,-765,16031,-1193,460,423,420,225358,8502,-31410,-755,-203,-1070,793,225358,-11563,-30827,6750,-297,-1199,-808,225337,-1790,31569,1680,-264,-2037,-1284,22,3
4350,225359,26296,-1738,-8838,-934,1089,-89,225359,-476,16130,-1183,400,458,404,225380,7906,-31611,-902,22,-1862,757,225380,-11236,-30856,6850,-364,-1300,-740,225359,-1790,31746,1692,-47,-2022,-588,22,3
4351,225381,26296,-1738,-8838,-921,1089,-89,225381,-476,16130,-1183,400,458,404,225402,7906,-31611,-902,22,-1862,757,225402,-11236,-30856,6850,-364,-1300,-598,225381,-1656,31746,1692,-47,-1902,-588,22,3
4352,225403,26296,-1773,-8838,-921,907,-89,225403,-476,16130,-1183,355,458,359,225424,7459,-31738,-1012,22,-1862,657,225424,-11236,-30872,6850,-370,-1300,-598,225403,-1656,31746,1675,-47,-1902,-588,22,3
4353,225425,27296,-1801,-7838,-598,715,-105,225425,-73,16169,-1149,310,485,222,225446,7306,-31819,-1079,104,-1650,508,225446,-11234,-30884,6881,-370,-839,-383,225425,-1550,31877,1628,12,-1711,-214,22,3
4354,225447,27296,-1801,-7838,-598,715,-105,225447,-73,16169,-1149,310,614,222,225468,7306,-31819,-1079,104,-1308,508,225468,-11234,-30884,6881,-363,-839,-383,225447,-1550,31877,1628,12,-1617,-214,22,3
4355,225469,27296,-1946,-7838,-598,553,-118,225469,-73,16169,-1149,272,614,120,225490,7306,-31880,-1079,104,-1308,467,225490,-11234,-30884,6881,-363,-839,-383,225469,-1550,31877,1593,12,-1617,-214,22,3
4356,225491,28104,-2109,-6838,-517,427,-286,225491,-35,16191,-1154,236,753,59,225512,7345,-31917,-967,155,-892,467,225512,-11235,-30843,6904,-348,-770,-347,225491,-1486,31997,1570,16,-1014,30,22,3
4357,225513,28106,-2109,-6838,-517,427,-286,225513,-35,16191,-1154,236,753,59,225534,7345,-31917,-967,166,-892,515,225534,-11235,-30843,6904,-348,-770,-347,225513,-1486,31999,1570,16,-1014,30,22,3
4358,225535,28106,-2231,-6838,-529,338,-449,225535,-35,16191,-1158,209,753,59,225556,7345,-31947,-967,166,-892,515,225556,-11264,-30843,6904,-373,-831,-347,225535,-1486,31999,1570,16,-1014,30,22,3
4359,225557,28713,-2241,-5838,-590,307,-571,225557,-7,16210,-1158,208,618,111,225578,7257,-31984,-883,277,-856,627,225578,-11337,-30834,6946,-501,-880,-359,225557,-1420,32135,1669,98,-731,230,22,3
4360,225579,28713,-2241,-5838,-590,307,-571,225579,36,16215,-1154,208,618,155,225600,7257,-31984,-883,277,-856,627,225600,-11337,-30834,6946,-501,-880,-359,225579,-1398,32135,1669,145,-731,230,22,3
4361,225601,28713,-2241,-5838,-642,307,-603,225601,36,16215,-1154,208,461,155,225622,7191,-32061,-883,277,-856,627,225622,-11340,-30839,6946,-663,-880,-428,225601,-1398,32135,1669,145,-731,230,22,3
4362,225623,29189,-2230,-4838,-681,386,-603,225623,179,16264,-1080,219,343,245,225644,7137,-32131,-832,287,-829,475,225644,-11340,-30867,6919,-718,-835,-552,225623,-1332,32175,1609,337,-845,377,22,3
4363,225645,29333,-2230,-4838,-681,386,-594,225645,179,16283,-1080,226,343,245,225666,7137,-32131,-906,287,-624,475,225666,-11138,-30867,6919,-718,-835,-552,225645,-1332,32175,1609,337,-845,377,22,3
4364,225667,29333,-2230,-4838,-702,386,-594,225667,179,16283,-1080,226,315,245,225688,7097,-32131,-906,287,-624,264,225688,-11138,-30888,6807,-747,-835,-606,225667,-1332,32175,1550,337,-930,377,22,3
4365,225689,29726,-2198,-3838,-711,445,-567,225689,315,16315,-1024,258,315,231,225710,6867,-32126,-1019,323,-354,106,225710,-10961,-30904,6723,-760,-771,-644,225689,-1275,32203,1454,403,-963,545,22,3
4366,225711,29726,-2198,-3838,-711,445,-563,225711,384,16315,-1024,294,336,231,225732,6867,-32124,-1019,335,-354,106,225732,-10947,-30904,6723,-760,-771,-644,225711,-1209,32203,1454,403,-963,545,22,3
4367,225733,29726,-2198,-3838,-711,445,-563,225733,384,16315,-1024,294,336,188,225754,6694,-32124,-1104,335,-354,51,225754,-10947,-30916,6684,-760,-819,-644,225733,-1209,32202,1310,403,-963,545,22,3
4368,225755,29912,-2166,-2838,-666,487,-539,225755,539,16291,-1023,331,365,107,225776,6574,-32128,-1168,377,-156,28,225776,-10868,-30933,6677,-667,-819,-596,225755,-1064,32201,1274,361,-911,532,22,3
4369,225777,29912,-2166,-2838,-666,505,-539,225777,539,16291,-1023,331,390,107,225798,6574,-32128,-1168,403,-156,28,225798,-10868,-30933,6677,-657,-759,-541,225777,-1064,32201,1274,361,-840,532,22,3
4370,225799,29912,-2166,-2838,-666,505,-541,225799,539,16273,-1050,331,390,46,225820,6574,-32131,-1176,403,-156,11,225820,-10868,-30945,6673,-657,-759,-541,225799,-1064,32201,1259,290,-840,466,22,3
4371,225821,30178,-2186,-1838,-707,558,-573,225821,626,16272,-1071,342,367,44,225842,6600,-32158,-1182,348,9,-6,225842,-10828,-30954,6668,-580,-705,-434,225821,-1062,32260,1248,237,-672,415,22,3
4372,225843,30178,-2186,-1838,-707,558,-573,225843,626,16272,-1071,342,367,44,225864,6656,-32158,-1182,348,85,-6,225864,-10828,-30954,6668,-567,-647,-434,225843,-1062,32260,1248,237,-517,415,22,3
4373,225865,30178,-2197,-1838,-756,558,-623,225865,626,16272,-1071,342,309,44,225886,6656,-32178,-1182,307,85,-39,225886,-10828,-30961,6667,-567,-647,-434,225865,-1062,32260,1240,228,-517,372,22,3
4374,225887,30311,-2205,-838,-845,587,-668,225887,670,16275,-1066,335,204,72,225908,6662,-32193,-1148,276,368,-108,225908,-10814,-30976,6667,-469,-446,-402,225887,-1008,32281,1240,222,-230,345,22,3
4375,225909,30311,-2205,-838,-845,587,-668,225909,670,16280,-1066,335,204,72,225930,6662,-32193,-1146,276,437,-108,225930,-10814,-30976,6692,-469,-446,-402,225909,-990,32305,1218,222,-211,345,22,3
4376,225931,30311,-2205,-838,-958,587,-695,225931,670,16280,-1066,335,123,72,225952,6662,-32196,-1146,256,437,-144,225952,-10814,-30988,6692,-469,-446,-402,225931,-990,32305,1237,210,-211,320,22,3
4377,225953,30385,-2153,162,-1045,630,-702,225953,729,16292,-1057,336,62,93,225974,6680,-32196,-1119,241,611,-168,225974,-10796,-30997,6679,-389,-245,-389,225953,-940,32340,1237,177,-50,295,22,3
4378,225975,30385,-2141,162,-1045,632,-702,225975,731,16292,-1057,351,62,97,225996,6688,-32192,-1119,241,611,-168,225996,-10796,-30997,6679,-389,-245,-389,225975,-940,32342,1247,177,-50,295,22,3
4379,225997,30385,-2141,162,-1083,632,-703,225997,731,16292,-1057,351,53,97,226018,6688,-32192,-1119,233,611,-186,226018,-10796,-31007,6657,-389,-245,-391,225997,-940,32342,1247,138,-50,252,22,3
4380,226019,30477,-2113,1162,-1112,649,-704,226019,773,16298,-1043,378,49,106,226040,6812,-32195,-1125,228,741,-226,226040,-10738,-31015,6648,-329,-65,-392,226019,-945,32350,1247,109,40,220,22,3
4381,226041,30477,-2113,1162,-1112,649,-704,226041,773,16298,-1043,378,49,106,226062,6812,-32195,-1125,228,741,-226,226062,-10694,-31017,6648,-325,-65,-392,226041,-945,32350,1173,109,40,220,22,3
