Timestep,IMU1_ax,IMU1_ay,IMU1_az,IMU1_gx,IMU1_gy,IMU1_gz,IMU2_ax,IMU2_ay,IMU2_az,IMU2_gx,IMU2_gy,IMU2_gz,IMU3_ax,IMU3_ay,IMU3_az,IMU3_gx,IMU3_gy,IMU3_gz,IMU4_ax,IMU4_ay,IMU4_az,IMU4_gx,IMU4_gy,IMU4_gz,IMU5_ax,IMU5_ay,IMU5_az,IMU5_gx,IMU5_gy,IMU5_gz,IMU1_a_mag,IMU1_g_mag,IMU1_pitch,IMU1_roll,IMU1_jerk_a_mag,IMU1_yaw_int,IMU2_a_mag,IMU2_g_mag,IMU2_pitch,IMU2_roll,IMU2_jerk_a_mag,IMU2_yaw_int,IMU3_a_mag,IMU3_g_mag,IMU3_pitch,IMU3_roll,IMU3_jerk_a_mag,IMU3_yaw_int,IMU4_a_mag,IMU4_g_mag,IMU4_pitch,IMU4_roll,IMU4_jerk_a_mag,IMU4_yaw_int,IMU5_a_mag,IMU5_g_mag,IMU5_pitch,IMU5_roll,IMU5_jerk_a_mag,IMU5_yaw_int,IMU1_qw,IMU1_qx,IMU1_qy,IMU1_qz,IMU2_qw,IMU2_qx,IMU2_qy,IMU2_qz,IMU3_qw,IMU3_qx,IMU3_qy,IMU3_qz,IMU4_qw,IMU4_qx,IMU4_qy,IMU4_qz,IMU5_qw,IMU5_qx,IMU5_qy,IMU5_qz,REL_LH_pitch,REL_LH_roll,REL_RH_pitch,REL_RH_roll,REL_LK_pitch,REL_LK_roll,REL_RK_pitch,REL_RK_roll,REL_THIGH_yaw,REL_ANKLE_yaw,move,label
0,-2.1228313,-0.44316936,0.091467716,0.5143384,0.28390074,0.81097054,0.09055917,-0.6011638,0.60430676,0.03658321,-0.2070665,0.0881282,-0.60351604,0.54670054,0.58783096,-0.07567512,0.25931782,0.35813224,-0.1635102,-0.5789347,0.8630732,0.050411407,0.09884256,0.13922818,-0.85263026,0.46449038,0.59703135,0.09147037,0.13764632,0.078612104,0.9075194,-0.48856747,1.7027855,0.2874495,1.3567397e-05,0.78965914,0.3213334,0.53810465,1.8334619,0.78258413,-0.8751743,-0.578126,-0.03331491,-0.023754537,-0.0014001053,0.63109124,0.8145687,0.117834724,-0.19600442,0.04617299,0.24741393,-0.612897,0.35045454,0.3906487,-0.00082696596,0.84534967,0.6641325,0.6394759,-0.16040336,0.3660201,0.57815564,-0.6512718,0.13829118,-0.4248934,-0.0026284144,0.8070337,0.6489882,-0.4913615,0.35506153,0.36886406,0.5496165,-0.66945267,0.77479273,0.1252696,-0.0033960624,-0.269294,0.48490652,0.3427178,0.24109988,-0.10772525,-1.767619,-0.2692643,-1.5422318,0.12267447,0.084314115,-0.34394687,0.052766338,-0.32715237,-0.7794729,0.68238,4,0
1,-2.1228313,-0.44316936,0.091467716,0.5143384,0.28390074,0.81097054,0.09055917,-0.6011638,0.6048123,0.03658321,-0.2070665,0.0881282,-0.6000691,0.56737465,0.5891907,-0.07567512,0.2801791,0.355881,-0.16471569,-0.5789347,0.86281747,0.056989115,0.106434,0.1422685,-0.85595495,0.46449038,0.59703135,0.09147037,0.13764632,0.078612104,0.9075194,-0.48856747,1.7027855,0.2874495,1.3567397e-05,0.79047483,0.31715962,0.5346681,1.8372159,0.78319824,-0.8751851,-0.578126,-0.03331111,-0.024030073,-0.0019693035,0.630832,0.8125357,0.118337885,-0.19594383,0.0455554,0.3097868,-0.6053945,0.33525577,0.39657027,1.3056093,0.84540325,0.66388834,0.6392352,-0.15582605,0.37008813,0.5781801,-0.6527001,0.13935278,-0.42492244,-0.002050498,0.8066847,0.6479333,-0.4918047,0.3554584,0.36747405,0.549715,-0.66945267,0.7773879,0.1252696,-0.00093720184,-0.2695296,0.487402,0.34159648,0.24217296,-0.10742971,-1.7676175,-0.26940984,-1.5481285,0.12729445,0.08477065,-0.34386197,0.065105535,-0.3331258,-0.7796206,0.68226606,4,0
2,-2.1230974,-0.44316936,0.091112584,0.5143384,0.28390074,0.81097054,0.09055917,-0.6011638,0.6052146,0.036067363,-0.2070665,0.0881282,-0.5972767,0.5838265,0.59027284,-0.07251408,0.29678002,0.3540895,-0.16567498,-0.5789347,0.8626138,0.06229418,0.11293444,0.14499834,-0.85978895,0.46454346,0.59651,0.092097625,0.13901749,0.07970778,0.90802383,-0.48856747,1.7029201,0.28734013,0.012082259,0.79129046,0.3129954,0.5312436,1.8409544,0.7838122,-0.8751936,-0.57833546,-0.033308107,-0.02424936,-0.0023060122,0.6305728,0.81053054,0.118833676,-0.19588275,0.044941097,0.3593922,-0.5996998,0.32312623,0.40128252,2.0778246,0.84545684,0.66360605,0.6390352,-0.151276,0.37412596,0.5781999,-0.65388966,0.14019755,-0.42494547,-0.0017086323,0.8063439,0.64688236,-0.4922454,0.35587305,0.36610097,0.5498851,-0.66953677,0.7803793,0.12537096,0.0028135548,-0.26972502,0.48986346,0.34049082,0.24322502,-0.10705878,-1.7677548,-0.269428,-1.5529672,0.13104013,0.085133955,-0.34379438,0.075324856,-0.3378253,-0.7797682,0.6821369,4,0
3,-2.124401,-0.44316936,0.08937353,0.5143384,0.28390074,0.81097054,0.09055917,-0.6011638,0.6052146,0.033541463,-0.2070665,0.0881282,-0.59703475,0.5838265,0.59027284,-0.057035875,0.29678002,0.3540895,-0.16567498,-0.5789347,0.8626138,0.062640384,0.115183756,0.1465185,-0.86560714,0.46480367,0.5939576,0.09516895,0.14573152,0.08507282,0.91049415,-0.48856747,1.7035791,0.2868047,0.071177185,0.7921061,0.30886927,0.5278662,1.8446327,0.7844255,-0.8751936,-0.5793607,-0.033308107,-0.02424936,-0.001736814,0.6303135,0.8086323,0.119300954,-0.19581974,0.04433944,0.35925066,-0.6010492,0.32295612,0.40128252,0.76842177,0.8455104,0.66317546,0.6389932,-0.14683205,0.37804604,0.5781999,-0.6541488,0.14019755,-0.42494547,-0.0022865485,0.80603516,0.64584863,-0.4926761,0.3563571,0.36479372,0.55033493,-0.6699487,0.78491443,0.12586762,0.011598246,-0.2697637,0.49219275,0.33944672,0.24419521,-0.10639404,-1.7684337,-0.26894987,-1.5536828,0.13137902,0.085133955,-0.34379438,0.077283874,-0.3375608,-0.7799159,0.6819488,4,0
4,-2.1257265,-0.43980795,0.08529292,0.48649767,0.28924575,0.805096,0.09253688,-0.6010637,0.60005236,0.031015564,-0.20048359,0.08849653,-0.5968917,0.5838265,0.59027284,-0.047879748,0.29678002,0.35263094,-0.1660689,-0.5788942,0.8626138,0.06284517,0.11651433,0.14741774,-0.86904895,0.46495757,0.5924476,0.09698579,0.1510744,0.08824651,0.9122426,-0.4799504,1.7048206,0.28602052,0.08886017,0.7928473,0.30459008,0.52410036,1.8483963,0.78516555,-0.87522274,-0.58080304,-0.036186427,-0.021448217,-0.0029444336,0.6300651,0.80663437,0.119802594,-0.19576241,0.043876074,0.3591669,-0.6018638,0.3228555,0.40128252,-0.0049426965,0.845536,0.66273475,0.6389391,-0.14237966,0.3818497,0.5780678,-0.6543021,0.14055018,-0.42493644,-0.0057255593,0.8057264,0.6448224,-0.4931031,0.35684007,0.36349934,0.5506008,-0.6699112,0.7875971,0.12616134,0.012202383,-0.2698024,0.4945009,0.3384108,0.24518037,-0.10571506,-1.7708876,-0.26677042,-1.5549456,0.13187544,0.08740129,-0.34489524,0.07844269,-0.33740434,-0.78002733,0.68176055,4,0
5,-2.1270833,-0.43157798,0.077821404,0.41833597,0.3023318,0.79071355,0.09737889,-0.6008186,0.5874137,0.028489664,-0.18436684,0.08939827,-0.5968917,0.5838265,0.59027284,-0.047879748,0.29678002,0.34906,-0.16703328,-0.578795,0.8626138,0.06284517,0.11651433,0.14741774,-0.86904895,0.46495757,0.5924476,0.09698579,0.15443142,0.08824651,0.9129449,-0.4588534,1.706906,0.28487605,0.046567272,0.79348046,0.3000891,0.5197716,1.8522829,0.7860891,-0.8752941,-0.58284926,-0.043233324,-0.014590246,-0.0067253723,0.62983227,0.80449265,0.12035437,-0.19571343,0.043612927,0.3591669,-0.601904,0.3228555,0.40128252,-0.0019760272,0.84552115,0.6622797,0.63886726,-0.13791513,0.38548476,0.5777438,-0.6543021,0.14141357,-0.4249143,-0.013308218,0.80541766,0.64380807,-0.49352446,0.3573215,0.36222368,0.5506008,-0.66922283,0.7875971,0.12616134,0.00095883175,-0.26984107,0.49677888,0.3373873,0.24618718,-0.105015464,-1.7759122,-0.26212692,-1.5570008,0.1325998,0.09295238,-0.34759083,0.07844269,-0.33740434,-0.78008646,0.68157244,4,0
6,-2.1276088,-0.42839044,0.0749275,0.39193532,0.30881518,0.7851429,0.099476814,-0.6007237,0.5825185,0.027511328,-0.17812444,0.08974754,-0.58992624,0.5947766,0.58999515,-0.031746108,0.2752967,0.33992428,-0.16784993,-0.5787566,0.8652003,0.06708728,0.12288806,0.14952882,-0.8717225,0.46495757,0.5924476,0.09698579,0.15573168,0.08824651,0.9132169,-0.44899905,1.7077137,0.2844328,0.019892028,0.7941137,0.29559338,0.51549053,1.8561472,0.7869871,-0.8753495,-0.58364177,-0.046278086,-0.011934108,-0.007343894,0.6295995,0.802377,0.12089978,-0.19567056,0.043358993,0.38919356,-0.61013407,0.31159395,0.4044552,0.6281035,0.8453576,0.66163677,0.6389874,-0.13379666,0.3883346,0.57844216,-0.6541246,0.14210467,-0.42461318,0.007691567,0.8051648,0.6428828,-0.49390388,0.3579933,0.36099336,0.5506878,-0.66895616,0.7896835,0.12616134,-0.0012229326,-0.26987976,0.49902672,0.3363758,0.24719712,-0.10433772,-1.7779871,-0.26032835,-1.5621662,0.13535567,0.09548845,-0.3483916,0.08765155,-0.34060487,-0.7799721,0.68142194,4,0
7,-2.1276088,-0.42839044,0.0749275,0.39193532,0.3111245,0.7851429,0.09983995,-0.6007237,0.5825185,0.027511328,-0.17812444,0.08974754,-0.57855743,0.61264914,0.58954185,-0.0054130484,0.24023193,0.3272707,-0.16857322,-0.5787566,0.869422,0.07401118,0.13329113,0.1529745,-0.87608624,0.46495757,0.5924476,0.09698579,0.15573168,0.08824651,0.9132169,-0.44625208,1.7077137,0.2844328,0.003089993,0.79474694,0.29110125,0.5112396,1.8599975,0.787869,-0.8753949,-0.58364177,-0.046792768,-0.011934108,-0.005963188,0.62936676,0.8002793,0.12144087,-0.19563155,0.04311098,0.43820286,-0.6235416,0.29321292,0.40963373,1.6546333,0.8451001,0.66087514,0.6392289,-0.12989694,0.39068803,0.57978684,-0.653835,0.14268684,-0.4241358,0.046760697,0.8049473,0.6420136,-0.4942567,0.35878545,0.3597916,0.5508296,-0.66895616,0.7930889,0.12616134,0.002324013,-0.26991844,0.50125533,0.3353718,0.24820906,-0.1036738,-1.778197,-0.26032835,-1.5692976,0.13939591,0.09611848,-0.3479945,0.102682054,-0.34582865,-0.7797479,0.68129534,4,0
8,-2.1284347,-0.42839044,0.07308589,0.3206462,0.31154734,0.7761583,0.099906445,-0.6007237,0.5740524,0.02613572,-0.17812444,0.08974754,-0.57608056,0.61596394,0.5894589,0.0017074344,0.23381165,0.32495382,-0.16870566,-0.5787566,0.8701949,0.07527894,0.13519593,0.15410213,-0.8806196,0.46541804,0.5936987,0.08970976,0.16370945,0.08769867,0.91456646,-0.438793,1.7082971,0.28385386,0.032295734,0.79526615,0.28656313,0.50613993,1.863733,0.78920346,-0.8751979,-0.5842152,-0.046957046,-0.007326687,0.0071185557,0.62913394,0.7980136,0.122026496,-0.1956019,0.042861328,0.44708532,-0.62607247,0.28954834,0.4105937,1.0021069,0.8448426,0.6600934,0.63949317,-0.12607105,0.39299637,0.5800328,-0.6539389,0.14279343,-0.4240484,0.028192835,0.804743,0.64115673,-0.4946033,0.3595822,0.358638,0.5522928,-0.66519725,0.7965944,0.12601297,0.036005028,-0.26997724,0.5036738,0.3342788,0.24938336,-0.10295436,-1.7788653,-0.25737825,-1.5712945,0.14051132,0.096285306,-0.3497451,0.10682087,-0.34687608,-0.77952385,0.68118787,4,0
9,-2.1294405,-0.4279848,0.07087107,0.23368405,0.31177965,0.7653923,0.09999083,-0.6007254,0.56374216,0.024469579,-0.17796838,0.089762785,-0.575607,0.6160147,0.58945125,0.0044621984,0.23323497,0.32475045,-0.16872603,-0.5787582,0.8701949,0.07527894,0.13519593,0.15469734,-0.8850945,0.4659698,0.59522307,0.080991074,0.17326899,0.087042205,0.91621166,-0.43001676,1.7090069,0.2832162,0.07081376,0.79575986,0.28200832,0.5008344,1.8674456,0.7906467,-0.87496,-0.5849161,-0.04716142,-0.0017153827,0.021788219,0.6289016,0.7957066,0.122623324,-0.1955757,0.042615704,0.44697315,-0.6263241,0.28919053,0.4106092,-0.0050357245,0.84458125,0.6593081,0.63976014,-0.1222669,0.39527428,0.5800412,-0.65412694,0.14281106,-0.42404875,-0.00243664,0.80454165,0.6403034,-0.49494815,0.36037976,0.35749575,0.55401856,-0.66069317,0.80004764,0.12583053,0.07474755,-0.27004054,0.5061346,0.33316612,0.25059357,-0.10222278,-1.7796798,-0.25384563,-1.572133,0.14092699,0.0964431,-0.35196584,0.1084821,-0.3469889,-0.779295,0.68108475,4,0
10,-2.1302118,-0.40878183,0.070484534,0.16087489,0.32277635,0.7653923,0.1039855,-0.60080713,0.55590624,0.023627613,-0.17058153,0.09048419,-0.575607,0.6160147,0.5890886,0.0044621984,0.20593773,0.3151244,-0.16969042,-0.5788325,0.8701949,0.07527894,0.13519593,0.15469734,-0.8850945,0.4659698,0.5964142,0.080991074,0.17326899,0.087042205,0.9175371,-0.4091445,1.709504,0.2858725,0.06300957,0.79625356,0.2771616,0.49480674,1.871292,0.79242563,-0.87533706,-0.5855634,-0.052863628,0.002556936,-0.011483591,0.62868994,0.79325765,0.12327309,-0.19561216,0.042576827,0.4468303,-0.63392806,0.28921664,0.410675,-0.005693686,0.84413916,0.65857184,0.6399156,-0.118703425,0.39660782,0.5804286,-0.65412694,0.14364485,-0.42406544,0.0066406317,0.80434024,0.63946366,-0.49528626,0.36116838,0.35638112,0.55419064,-0.66069317,0.8000434,0.12561853,0.035064418,-0.27010387,0.5085505,0.33207107,0.2517801,-0.10150534,-1.7825192,-0.25396132,-1.5726128,0.13929713,0.10099338,-0.35367027,0.10846107,-0.34716824,-0.7788486,0.68098164,4,0
11,-2.1308095,-0.38666454,0.07018521,0.10447352,0.33149314,0.7707306,0.10707994,-0.6008704,0.54983616,0.022975385,-0.16485932,0.09104302,-0.5740943,0.6189434,0.58874637,0.01053232,0.17363927,0.30600563,-0.17128867,-0.5788902,0.87071383,0.076371156,0.13697003,0.154606,-0.88671005,0.4659698,0.59752864,0.07732277,0.17326899,0.08665359,0.9184382,-0.39272565,1.7099843,0.28898203,0.046803787,0.796815,0.27232447,0.4888749,1.8751289,0.7942033,-0.8756292,-0.5860648,-0.057280786,0.0058664284,-0.03275775,0.62847835,0.7908195,0.12391954,-0.19564845,0.042538095,0.45505387,-0.6430221,0.28654385,0.41154128,0.16904266,0.8436653,0.65778995,0.64013875,-0.11533997,0.3976794,0.5809611,-0.65370494,0.14503105,-0.42401972,0.017065162,0.8041365,0.6386474,-0.49561414,0.36198932,0.3552449,0.5544094,-0.65961444,0.80129933,0.12542014,0.005492302,-0.27018142,0.5110716,0.33092806,0.2529875,-0.100820415,-1.784817,-0.2549904,-1.5741233,0.13800474,0.10483855,-0.35494187,0.11095405,-0.34814778,-0.7783649,0.68088424,4,0
12,-2.1308095,-0.35452917,0.07018521,0.10447352,0.33237287,0.7944194,0.10707994,-0.6008704,0.54983616,0.022975385,-0.16485932,0.09104302,-0.56738186,0.63193923,0.5884745,0.03746842,0.12414919,0.29863083,-0.17506585,-0.5788902,0.87301654,0.08121789,0.14484264,0.15420061,-0.893879,0.4659698,0.59837943,0.06104473,0.17326899,0.084929116,0.91787916,-0.39161542,1.7104075,0.29364985,0.0017176345,0.7976092,0.26752126,0.48327303,1.8789333,0.79597646,-0.8756292,-0.5860648,-0.057280786,0.0058664284,-0.012790103,0.6282667,0.7884173,0.12455582,-0.19568412,0.042500164,0.49203837,-0.6572387,0.27459365,0.41515917,0.94669515,0.84308183,0.65685105,0.6405947,-0.11266402,0.39785048,0.5819918,-0.65183216,0.14831594,-0.42375946,0.032120872,0.8039244,0.6379113,-0.4959068,0.3629213,0.35403478,0.5547887,-0.6548276,0.8068867,0.12526874,0.010676709,-0.27030802,0.51395136,0.32961977,0.25426674,-0.10024729,-1.7852528,-0.25915867,-1.5791767,0.1378729,0.10625984,-0.3547255,0.12208913,-0.35187805,-0.7777534,0.68080646,4,0
13,-2.1310496,-0.33619836,0.07015753,0.08628399,0.3328747,0.80793196,0.10707994,-0.6009055,0.54603565,0.022975385,-0.16485932,0.09104302,-0.5635529,0.6393524,0.58831936,0.058359895,0.09591893,0.2944241,-0.17722045,-0.5788902,0.87433004,0.08398257,0.14933334,0.15396938,-0.9003338,0.4658022,0.59886485,0.035267167,0.1736623,0.083369255,0.9181066,-0.38871965,1.7107023,0.296304,-0.005184331,0.7984034,0.26272202,0.47750667,1.8826878,0.7978647,-0.87556314,-0.5860648,-0.057302795,0.007937086,0.0020977322,0.6280551,0.78592163,0.12521678,-0.19572401,0.042459045,0.51313484,-0.6651056,0.26777703,0.41722295,1.0575097,0.84249836,0.6558548,0.6411172,-0.11002381,0.39799383,0.5825793,-0.6507639,0.15018971,-0.423611,0.030342,0.8037123,0.637181,-0.496197,0.36384526,0.35283503,0.5546833,-0.6469342,0.8119294,0.12515509,0.0015132431,-0.2704558,0.5173231,0.32808828,0.25558197,-0.09971326,-1.7855656,-0.26043525,-1.5821118,0.13780299,0.10708675,-0.3554216,0.12919067,-0.35402024,-0.77714187,0.68073946,4,0
14,-2.1316082,-0.33619836,0.07009315,0.043941066,0.3328747,0.80793196,0.10707994,-0.6009872,0.5371886,0.022975385,-0.16485932,0.09104302,-0.5635529,0.6393524,0.58831936,0.071224906,0.09591893,0.2944241,-0.17722045,-0.5788902,0.87433004,0.08398257,0.14933334,0.15396938,-0.9058404,0.46541196,0.59886485,-0.0031244722,0.17457785,0.082027994,0.9193788,-0.38345292,1.7108268,0.2962842,0.038617305,0.7991976,0.25792822,0.4715218,1.8863759,0.7999055,-0.8754093,-0.5860648,-0.05735403,0.012757388,0.010240239,0.62784344,0.7833011,0.12591083,-0.19576955,0.04241374,0.51313484,-0.66454095,0.26777703,0.41722295,0.2828507,0.8419149,0.65478253,0.6417284,-0.10743095,0.39810038,0.5825793,-0.6507639,0.15018971,-0.423611,0.0062090093,0.8035002,0.6364582,-0.49648356,0.36475858,0.35164917,0.5539339,-0.63491565,0.81624895,0.12509212,-0.026702322,-0.27063164,0.52134854,0.3262602,0.256945,-0.09923112,-1.7857145,-0.25787205,-1.5822345,0.13781552,0.1071244,-0.35732907,0.13093619,-0.35405385,-0.7765304,0.68068707,4,0
15,-2.1319478,-0.31160828,0.06994709,0.014362167,0.3379626,0.8047146,0.10892126,-0.6010171,0.5305845,0.022708563,-0.16187999,0.09092871,-0.5635529,0.6393524,0.58831936,0.075936034,0.07242885,0.2926036,-0.17854477,-0.5788116,0.87433004,0.08332431,0.14933334,0.15371247,-0.9078568,0.46526903,0.59886485,-0.017183369,0.17491312,0.08153684,0.9197027,-0.37411782,1.7112433,0.2998318,0.031976443,0.799951,0.25304058,0.46552858,1.8901279,0.8018842,-0.8754797,-0.58608073,-0.060016915,0.01635072,0.0013531508,0.6276285,0.78062576,0.12662396,-0.19583052,0.04244396,0.51313484,-0.6706037,0.26777703,0.41722295,-0.00082696596,0.84129655,0.6537962,0.6422856,-0.10521882,0.39779267,0.58237535,-0.65058523,0.15136524,-0.42359337,-0.007409068,0.8032813,0.6357327,-0.49677086,0.36566076,0.3504714,0.55365956,-0.6305145,0.8178308,0.12506905,-0.025162276,-0.27080747,0.5253182,0.3244541,0.2582909,-0.098754965,-1.7872307,-0.25914237,-1.582645,0.13557002,0.10958949,-0.3587365,0.13157538,-0.35406613,-0.77587926,0.68063,4,0
16,-2.1321607,-0.27281046,0.06975383,-0.007842059,0.34599018,0.79963845,0.11182647,-0.6010171,0.52527624,0.022287581,-0.15717927,0.090748355,-0.5635529,0.6393524,0.58831936,0.075936034,0.03536671,0.28973132,-0.18063429,-0.5786876,0.87433004,0.082285725,0.14933334,0.15330708,-0.9078568,0.46526903,0.59886485,-0.017183369,0.17491312,0.08153684,0.9194789,-0.36243212,1.7118286,0.3054406,-0.0038089652,0.8006808,0.24809895,0.45953053,1.893917,0.80382687,-0.87567955,-0.58610594,-0.064188726,0.019234927,-0.017373262,0.62741154,0.7779181,0.12734856,-0.19590043,0.042517737,0.51313484,-0.6804957,0.26777703,0.41722295,-0.00082696596,0.84065807,0.6528593,0.6428114,-0.10322661,0.39724562,0.58205295,-0.65030336,0.15321994,-0.42356572,-0.01495188,0.80305845,0.63500553,-0.4970587,0.3665565,0.3492984,0.55365956,-0.6305145,0.8178308,0.12506905,-0.00643011,-0.27098334,0.5292564,0.32266065,0.2596268,-0.09828227,-1.7895365,-0.26262772,-1.5832222,0.13201989,0.11345708,-0.35985485,0.13157538,-0.35406613,-0.7752052,0.6805703,4,0
17,-2.132195,-0.26586962,0.06972254,-0.011438501,0.34729043,0.7988163,0.11229702,-0.6010171,0.5244165,0.022219395,-0.15641789,0.09071915,-0.5665429,0.64637387,0.5922697,0.10726905,0.016159,0.28926608,-0.18097273,-0.5786675,0.8756165,0.07921629,0.16205704,0.15307157,-0.9082051,0.46526903,0.5985797,-0.05398963,0.16749628,0.08153684,0.91943157,-0.3605394,1.7119318,0.30644533,-0.00538044,0.8014106,0.24321584,0.45364514,1.8976296,0.8057318,-0.875712,-0.58611006,-0.06486441,0.019702218,-0.011536774,0.6271947,0.7752553,0.12806067,-0.19596907,0.042590465,0.53847915,-0.681826,0.26569188,0.41840097,0.5300226,0.8400195,0.65160614,0.6437373,-0.101590574,0.39638928,0.58239293,-0.64550585,0.15350358,-0.42341578,-0.0006756478,0.8028311,0.6342307,-0.49736172,0.3676645,0.34795484,0.5536316,-0.6194842,0.81810355,0.12511973,-0.0040933574,-0.27115917,0.5342813,0.3203744,0.2608233,-0.09791199,-1.7899184,-0.2632782,-1.5841327,0.13230309,0.11407626,-0.35991496,0.13323456,-0.35522753,-0.7745311,0.68050754,4,0
18,-2.132195,-0.26511896,0.06971712,-0.011438501,0.34729043,0.7972792,0.11229702,-0.6010171,0.5243525,0.022219395,-0.15641789,0.09071915,-0.56996006,0.6543984,0.59678453,0.14307812,0.0010678612,0.28930873,-0.18091501,-0.57866335,0.8770868,0.07590062,0.17659836,0.15287745,-0.90861624,0.46525076,0.59825367,-0.09744243,0.15874912,0.08157327,0.919417,-0.3605451,1.7119424,0.30655366,-0.00057809637,0.8021209,0.23834811,0.4477783,1.9013227,0.8076187,-0.8757101,-0.58611006,-0.06486502,0.019737106,-0.0013016807,0.62697774,0.77260065,0.12877,-0.19603749,0.0426629,0.5674437,-0.68154263,0.26330882,0.4197474,1.1099409,0.8393818,0.65029293,0.64473975,-0.10002601,0.39547652,0.58281845,-0.6400752,0.15343449,-0.42324877,0.016051902,0.8026029,0.633447,-0.4976675,0.3688121,0.34657916,0.5535553,-0.60643756,0.8184267,0.12517472,-0.0059657353,-0.2713337,0.5395564,0.31797516,0.26198608,-0.09756312,-1.7899299,-0.26335663,-1.5850679,0.133285,0.11404681,-0.35978967,0.13513543,-0.3565564,-0.7738581,0.6804435,4,0
19,-2.132195,-0.26511896,0.06958824,-0.011438501,0.34729043,0.7609,0.11229702,-0.6010171,0.5228358,0.022219395,-0.15641789,0.09071915,-0.56996006,0.6543984,0.59678453,0.14307812,0.0010678612,0.29031792,-0.17954877,-0.57856417,0.8770868,0.07590062,0.17659836,0.15287745,-0.908928,0.46481705,0.59825367,-0.1303057,0.15234026,0.08243551,0.9193784,-0.36068013,1.7119721,0.306515,-0.001190071,0.80238926,0.23356612,0.44183758,1.9049101,0.80926555,-0.87566614,-0.58611006,-0.06487939,0.02056086,0.001027689,0.62676084,0.7699532,0.12947728,-0.19610634,0.04273294,0.5674437,-0.68218994,0.26330882,0.4197474,0.47649074,0.8387627,0.64900684,0.6457294,-0.098522656,0.39464003,0.5822913,-0.6400752,0.15225326,-0.42322654,-0.0072441064,0.8023747,0.63267785,-0.4979668,0.36992845,0.34522274,0.55250394,-0.59601265,0.81869894,0.12510464,-0.031418413,-0.27147788,0.5457142,0.31517115,0.26299542,-0.09725066,-1.7899661,-0.26288703,-1.5850971,0.13330942,0.113546275,-0.36009717,0.13524543,-0.35659376,-0.7732066,0.680364,4,0
20,-2.1319065,-0.26193127,0.069475286,-0.0076201963,0.3472362,0.7268146,0.11352031,-0.6010171,0.5213815,0.022011865,-0.15542477,0.09089696,-0.5705861,0.6543984,0.59678453,0.14307812,0.0010678612,0.29107836,-0.17851931,-0.5784894,0.87655085,0.07462068,0.17659836,0.15287745,-0.9091629,0.46449038,0.59875697,-0.15506883,0.14751107,0.08308522,0.9186242,-0.3613343,1.711982,0.30694875,-0.018763244,0.8025729,0.22881377,0.435953,1.9084741,0.81082743,-0.875768,-0.58622587,-0.066630736,0.021350676,-0.004942925,0.6265491,0.7673219,0.13018404,-0.19620247,0.042853065,0.5677895,-0.6826777,0.2637362,0.4197474,0.0064132954,0.83814347,0.64772564,0.64671344,-0.09702249,0.39380488,0.5817305,-0.63989043,0.15137011,-0.42327034,-0.025579115,0.80214643,0.63188666,-0.49827483,0.37103894,0.34387392,0.5517844,-0.5881572,0.8189021,0.124962084,-0.04229807,-0.27162206,0.55184126,0.31237888,0.26399988,-0.09693965,-1.7906913,-0.2628572,-1.584941,0.13303484,0.11445093,-0.36044633,0.1350101,-0.35666963,-0.7725534,0.6802844,4,0
21,-2.1307359,-0.2489987,0.0694109,0.007871093,0.34701627,0.6997418,0.118483365,-0.6010171,0.52011764,0.0211699,-0.15139559,0.09161836,-0.57312596,0.6543984,0.59678453,0.14307812,0.0010678612,0.29107836,-0.17851931,-0.5784894,0.87437606,0.06942774,0.17659836,0.15287745,-0.9091629,0.46449038,0.600799,-0.15506883,0.14751107,0.08308522,0.91568357,-0.3635754,1.7119313,0.30882683,-0.08818904,0.8024978,0.22415222,0.43024063,1.9119673,0.8121298,-0.87631595,-0.58669585,-0.07369231,0.022037257,-0.03628769,0.6263534,0.7647427,0.1308898,-0.19638199,0.043126315,0.56919175,-0.6826777,0.26546997,0.4197474,0.035787996,0.83752435,0.646459,0.6476805,-0.09553213,0.39297378,0.5810681,-0.63914096,0.15139829,-0.42351604,-0.02874769,0.80191827,0.63102806,-0.4986097,0.37213176,0.3425483,0.5520798,-0.5881572,0.81889397,0.124598496,-0.008626078,-0.27176628,0.5578753,0.3096215,0.26498935,-0.096633114,-1.7935214,-0.26417175,-1.5842184,0.13184604,0.1196514,-0.3609225,0.13371885,-0.35686332,-0.77189505,0.68020475,4,0
22,-2.130093,-0.24189499,0.069375545,0.028017089,0.34689546,0.68487084,0.12120954,-0.6007593,0.51942337,0.020707414,-0.14918238,0.09217719,-0.57452106,0.6572861,0.59837794,0.14769866,0.005769012,0.29254788,-0.17804845,-0.57854533,0.8718553,0.06423482,0.17875263,0.1550699,-0.91187876,0.46409953,0.60192066,-0.15839107,0.11559994,0.08308522,0.9140679,-0.36624506,1.7119037,0.3098585,-0.09461588,0.80242264,0.21953794,0.42472023,1.9154305,0.8133326,-0.87634254,-0.5870081,-0.07765814,0.022377342,-0.025897725,0.6261624,0.7621904,0.13158894,-0.19656757,0.043404892,0.5797031,-0.6814265,0.26474154,0.4202286,0.24271363,0.8369333,0.645135,0.64872605,-0.09405043,0.39228588,0.5804882,-0.6380533,0.15100797,-0.42381343,-0.028557103,0.8017481,0.63012266,-0.49895954,0.37332797,0.3413282,0.55139166,-0.5878278,0.8210355,0.12433539,-0.014720244,-0.27191046,0.56398046,0.30683514,0.26544952,-0.09679305,-1.7951115,-0.26491332,-1.5844737,0.13156852,0.122396305,-0.36130455,0.13512537,-0.3574888,-0.7712679,0.6801643,4,0
23,-2.130093,-0.24189499,0.069375545,0.053835925,0.34689546,0.68487084,0.12120954,-0.6001875,0.51942337,0.020707414,-0.14918238,0.092537895,-0.57452106,0.66369325,0.6019134,0.15795046,0.01619967,0.29580832,-0.17700368,-0.5786693,0.868913,0.05904189,0.18353243,0.15993439,-0.9179049,0.4632324,0.60192066,-0.16576226,0.044797294,0.08308522,0.9140679,-0.36943704,1.7119037,0.3098585,-0.024263022,0.8023475,0.21498126,0.41943383,1.9188577,0.8144142,-0.87573373,-0.58712804,-0.077851154,0.022295466,0.03535624,0.6259772,0.7596696,0.13228044,-0.1967606,0.04368999,0.6013156,-0.67865074,0.2610123,0.42129618,0.6660287,0.83637667,0.64374125,0.6498668,-0.09257934,0.39177248,0.58000916,-0.6365534,0.15010752,-0.42417383,-0.02427255,0.8016488,0.62916034,-0.49932772,0.37465024,0.34023675,0.54950464,-0.5870969,0.82579696,0.124195,-0.06927922,-0.27205464,0.57017356,0.3040137,0.26526466,-0.09752146,-1.7951902,-0.26495656,-1.5859207,0.13240144,0.122148514,-0.36157185,0.13981976,-0.35864058,-0.770679,0.6801715,4,0
24,-2.130093,-0.25755152,0.06933341,0.06274519,0.3466794,0.67877585,0.12120954,-0.59999007,0.5187612,0.020155983,-0.14918238,0.09266236,-0.57345176,0.66590416,0.60348964,0.16148804,0.036659293,0.29693338,-0.17664316,-0.57871205,0.86789757,0.057249974,0.1851818,0.1627413,-0.924067,0.46193913,0.6078275,-0.16830583,-0.014412599,0.084591106,0.9143167,-0.37077492,1.7117143,0.30755055,0.0059660547,0.8021951,0.21047223,0.41410485,1.9222146,0.8154946,-0.8755042,-0.58740115,-0.0779239,0.022626534,0.03641059,0.6257921,0.757182,0.13296202,-0.196951,0.043971702,0.6083242,-0.67293465,0.25897646,0.42160168,0.5062125,0.83582,0.6423042,0.6510148,-0.09084598,0.39149663,0.57984334,-0.63613385,0.14979681,-0.42429817,-0.015439536,0.80157936,0.62820774,-0.4996898,0.3759951,0.33922413,0.5474467,-0.5844594,0.8306735,0.122932136,-0.092385046,-0.27214357,0.5763493,0.30120334,0.26445857,-0.09866382,-1.795025,-0.26272085,-1.5865238,0.1341006,0.12206754,-0.36180624,0.14330262,-0.35962144,-0.7700901,0.6801705,4,0
25,-2.130093,-0.28145707,0.06926891,0.06274519,0.3463495,0.66946954,0.12120954,-0.59999007,0.5177501,0.019314017,-0.14918238,0.09266236,-0.5718189,0.66590416,0.60403347,0.16148804,0.06240302,0.29693338,-0.17664316,-0.57871205,0.86789757,0.057249974,0.1851818,0.16446415,-0.93030083,0.46042153,0.6168464,-0.16830583,-0.06751453,0.0868904,0.9146966,-0.37113592,1.7114252,0.3040266,0.015054777,0.8020019,0.20598815,0.4087535,1.9255345,0.81657434,-0.87547445,-0.58775496,-0.07793333,0.023174992,0.005747067,0.62560683,0.7547124,0.13363877,-0.19714002,0.044251624,0.60763824,-0.66566956,0.25783294,0.4215058,0.039157134,0.8352634,0.6408442,0.65216666,-0.088974506,0.39134592,0.57984334,-0.6362836,0.14979681,-0.42429817,-0.0042100353,0.80152565,0.62726,-0.50004864,0.37735185,0.338253,0.54529834,-0.5808172,0.8356108,0.121077724,-0.09891889,-0.27220336,0.58251613,0.29839888,0.26332515,-0.100024275,-1.794731,-0.25928435,-1.5866824,0.13625628,0.122074455,-0.3620232,0.14614716,-0.3605123,-0.7695011,0.68016505,4,0
26,-2.1279216,-0.30031228,0.06820849,0.11775749,0.3412012,0.6652513,0.12172956,-0.5994987,0.5163047,0.017386984,-0.13302778,0.093127206,-0.571589,0.66590416,0.6041101,0.16148804,0.066028886,0.29619974,-0.17664316,-0.57871205,0.866029,0.055167932,0.18131676,0.1647068,-0.93117887,0.46020788,0.63390625,-0.16461156,-0.07499367,0.09239982,0.9096763,-0.3833434,1.7109989,0.30094507,-0.112845875,0.8017718,0.20177047,0.4040666,1.9286944,0.81730455,-0.87496877,-0.5874292,-0.07885037,0.023888152,0.02662997,0.62543535,0.7522931,0.13430634,-0.19720162,0.04473341,0.6075418,-0.6642843,0.25767186,0.42149225,-0.014282587,0.83469266,0.6394021,0.6532917,-0.087112404,0.39115775,0.5792757,-0.6372756,0.14982079,-0.42450953,-0.015923155,0.80147195,0.62628496,-0.50041944,0.3786139,0.33735573,0.54731876,-0.5814241,0.836236,0.11800465,0.0043719625,-0.27207276,0.5885572,0.29564965,0.26199678,-0.10105957,-1.794666,-0.25615618,-1.5863248,0.13819627,0.122758605,-0.36248115,0.14651948,-0.3621354,-0.76889133,0.6800617,4,0
27,-2.1255546,-0.31719694,0.067009136,0.1779263,0.33563936,0.6620817,0.12229644,-0.5989631,0.5148842,0.01541548,-0.114905894,0.093633965,-0.57151234,0.6661492,0.6044433,0.16262196,0.066324264,0.29502106,-0.17675014,-0.5787058,0.86396796,0.05267874,0.17642608,0.16479672,-0.9314752,0.4601364,0.65111965,-0.16058424,-0.07667649,0.09805295,0.9041293,-0.3966177,1.7105908,0.29811049,-0.24510396,0.8015357,0.19760062,0.3994966,1.9318237,0.8179756,-0.8744221,-0.5869566,-0.07984865,0.02458114,0.052144982,0.6252661,0.7498846,0.13497189,-0.19723734,0.04525303,0.608404,-0.6633944,0.25746635,0.42149785,0.01723051,0.83411235,0.6379485,0.6544232,-0.085241795,0.39094156,0.5786331,-0.63851905,0.14994226,-0.4247412,-0.029989688,0.8014206,0.62530327,-0.5007931,0.3798502,0.33648732,0.54968894,-0.58242905,0.83639616,0.114927486,0.10964232,-0.271911,0.5945713,0.29291242,0.26061153,-0.102065474,-1.794653,-0.25325897,-1.5860025,0.13999483,0.12354461,-0.3629481,0.14673689,-0.36378002,-0.7682696,0.67994386,4,0
28,-2.1255546,-0.31719694,0.0661718,0.1810245,0.33563936,0.6620817,0.12229644,-0.5989631,0.5148842,0.01541548,-0.10684752,0.093633965,-0.5703029,0.67001414,0.60970116,0.18051235,0.07098478,0.28904358,-0.17843781,-0.5786066,0.8635841,0.04921679,0.16574185,0.16621554,-0.93615055,0.45900905,0.65111965,-0.16058424,-0.10322748,0.09805295,0.903876,-0.39695808,1.7107834,0.2978536,-0.10988785,0.8012996,0.193491,0.3950455,1.9348891,0.8186157,-0.8744221,-0.58596134,-0.07984865,0.02458114,0.021236831,0.62509674,0.74750483,0.13562877,-0.19719909,0.04584294,0.6220059,-0.6555821,0.2542236,0.42158574,0.3021359,0.8334247,0.6362802,0.6557146,-0.083222166,0.39040238,0.5782603,-0.6414369,0.15144598,-0.42476246,-0.023253972,0.80140454,0.6242898,-0.50118065,0.3809375,0.33586597,0.547131,-0.57902366,0.84013,0.11474051,-0.021893406,-0.27174923,0.6004834,0.29021594,0.25885835,-0.10342487,-1.7948514,-0.25302953,-1.5874503,0.14022608,0.12419524,-0.36296594,0.15065466,-0.36396828,-0.76752263,0.6798498,4,0
29,-2.1255546,-0.31719694,0.06533447,0.18329369,0.33519793,0.6620817,0.12229644,-0.599138,0.5144106,0.0144015625,-0.1009456,0.093633965,-0.56941706,0.6728449,0.6149105,0.19361517,0.0743981,0.28466573,-0.17967385,-0.5784411,0.86330295,0.046681277,0.15791677,0.16725466,-0.94052005,0.45795137,0.65471715,-0.1503926,-0.12267326,0.10071927,0.9036231,-0.39771414,1.7109759,0.2975965,-0.010853184,0.8010635,0.18940876,0.39062142,1.937926,0.8192575,-0.8745941,-0.5856059,-0.07979441,0.02486332,-0.010509386,0.62492746,0.7451601,0.13627625,-0.19715911,0.046429615,0.63249356,-0.64986044,0.25175983,0.4214121,0.44556472,0.832737,0.63462377,0.65699416,-0.08121373,0.38986912,0.5776063,-0.6435739,0.15256354,-0.42475724,-0.024888236,0.8013884,0.62328255,-0.5015658,0.38201898,0.33524802,0.5452677,-0.5792973,0.8436037,0.11392447,-0.10086283,-0.27148956,0.6060716,0.2876691,0.25700876,-0.10462932,-1.7950277,-0.2526509,-1.5885959,0.14025326,0.12463893,-0.36307338,0.15388857,-0.3642278,-0.7667756,0.67970544,4,0
30,-2.1255546,-0.31719694,0.064497136,0.18329369,0.33354843,0.6620817,0.12229644,-0.5997916,0.51264125,0.0106127225,-0.1009456,0.093633965,-0.56941706,0.6728449,0.6199871,0.19361517,0.0743981,0.28466573,-0.17967385,-0.5780939,0.86330295,0.046681277,0.15791677,0.16725466,-0.94405264,0.4570842,0.66816044,-0.11230811,-0.12267326,0.11068291,0.9033706,-0.39960784,1.7111684,0.297339,-0.010841066,0.8008274,0.18540101,0.38627127,1.9408855,0.8199043,-0.8752369,-0.5870019,-0.07959174,0.025918227,-0.044549238,0.6247581,0.74291235,0.13689725,-0.19711444,0.04700743,0.6344576,-0.64986044,0.25142813,0.42052236,0.20179585,0.8320494,0.63299984,0.65824157,-0.079235986,0.38935202,0.5761852,-0.6435739,0.15262425,-0.4246798,-0.04942973,0.8013723,0.62229115,-0.50194407,0.38308492,0.3346394,0.5453056,-0.58963996,0.8463654,0.11138644,-0.0359671,-0.27096203,0.61077577,0.28553203,0.25489527,-0.105409786,-1.7951434,-0.25186384,-1.5889144,0.13972202,0.12451631,-0.36342633,0.15525092,-0.36468202,-0.7660286,0.67942315,4,0
31,-2.126094,-0.31201944,0.0634471,0.20181051,0.33267722,0.6776498,0.11966913,-0.6005223,0.51111037,0.0068238704,-0.088905334,0.09269792,-0.57018745,0.6728449,0.6226683,0.19361517,0.0743981,0.28360352,-0.18388286,-0.5779106,0.86330295,0.04129088,0.15340625,0.1670634,-0.9459184,0.45662615,0.6752608,-0.09219306,-0.11720144,0.11784395,0.90421396,-0.4025695,1.7115833,0.2977756,0.015378548,0.80078876,0.1814379,0.38229084,1.9438419,0.82048124,-0.87565964,-0.58588713,-0.07562773,0.026855897,-0.050872974,0.62456137,0.740688,0.13750094,-0.1968481,0.047600575,0.63591486,-0.64927536,0.25177345,0.42005247,0.0624305,0.83134145,0.6313823,0.6594675,-0.07723797,0.38877577,0.57581925,-0.6437725,0.1563518,-0.4246388,-0.037695576,0.80135113,0.6212169,-0.50235695,0.38408053,0.3341174,0.5453256,-0.59542793,0.847824,0.11004593,-0.0021390994,-0.27036482,0.6154292,0.28341597,0.25281635,-0.105995625,-1.7939526,-0.25175858,-1.5891892,0.13907903,0.12321667,-0.3637633,0.15558384,-0.36492196,-0.7652668,0.67910165,4,0
32,-2.127238,-0.30104643,0.062158857,0.24105528,0.33267722,0.71064496,0.11410082,-0.60133934,0.5098465,0.0030350126,-0.063387044,0.09071406,-0.5718203,0.6728449,0.6226683,0.19361517,0.0743981,0.28135225,-0.19280344,-0.5779106,0.86330295,0.029866401,0.14384665,0.16665801,-0.9459184,0.45662615,0.6752608,-0.09219306,-0.10560442,0.12186774,0.906284,-0.40672672,1.7122468,0.29898912,0.07093511,0.8009712,0.17752469,0.3787244,1.9467949,0.82097983,-0.875836,-0.5819617,-0.067453176,0.027662326,-0.026171064,0.6243339,0.73848975,0.13808505,-0.1963336,0.0482108,0.63680476,-0.6480354,0.25287667,0.42005247,0.039935134,0.8306106,0.6297715,0.6606697,-0.0752173,0.3881333,0.5766329,-0.64419353,0.16418406,-0.4246388,0.014645867,0.80132425,0.62004954,-0.5028083,0.3849975,0.3336923,0.5453256,-0.5961175,0.847824,0.11004593,-0.0030885104,-0.26968956,0.62002563,0.28132328,0.25077617,-0.106363624,-1.7912996,-0.2524164,-1.5894152,0.13831095,0.12059946,-0.36408243,0.15476431,-0.36492196,-0.7644885,0.6787362,4,0
33,-2.1276088,-0.29749176,0.061741598,0.25376818,0.33810434,0.7213334,0.11229702,-0.601604,0.5094371,0.001807653,-0.055120666,0.09007141,-0.5731668,0.67470384,0.62150383,0.18763562,0.07679869,0.28062296,-0.1984098,-0.57774293,0.86589754,0.014931247,0.13162588,0.16111407,-0.9459184,0.4561865,0.6752608,-0.09219306,-0.10184769,0.1231712,0.90695447,-0.40172833,1.7124617,0.29938224,0.055456735,0.80115366,0.17351243,0.37516955,1.9498236,0.82141864,-0.8758931,-0.5806901,-0.06480512,0.027923621,-0.011856063,0.6241064,0.73632014,0.13866127,-0.19582608,0.048812956,0.6429719,-0.648108,0.2528687,0.42074144,0.14318478,0.8298798,0.6282298,0.6617947,-0.07317583,0.3875638,0.57725483,-0.6428762,0.16910096,-0.42430776,0.027114956,0.801154,0.6187283,-0.5033326,0.38555986,0.33311734,0.5442493,-0.59634084,0.8478585,0.10997218,-0.03029993,-0.2690143,0.62455595,0.27925593,0.2487641,-0.10672711,-1.7904402,-0.25262946,-1.5896301,0.13859968,0.120781295,-0.36391035,0.1547842,-0.36565632,-0.7637102,0.6782741,4,0
34,-2.1276088,-0.29749176,0.061741598,0.25376818,0.34613192,0.7213334,0.11229702,-0.601604,0.5094371,0.001807653,-0.055120666,0.09007141,-0.5743763,0.67745346,0.6197815,0.17879096,0.08034955,0.28062296,-0.20242806,-0.577495,0.8697354,-0.0016860978,0.11813001,0.15310796,-0.9459184,0.45553607,0.6752608,-0.09219306,-0.10184769,0.1231712,0.90695447,-0.392343,1.7124617,0.29938224,0.005941368,0.8013361,0.16945271,0.37162024,1.9528885,0.8218287,-0.8758931,-0.5806901,-0.06480512,0.027923621,-0.002518022,0.6238789,0.7341641,0.13923365,-0.19532189,0.04941123,0.6516684,-0.6488094,0.25232828,0.42176065,0.30668625,0.829149,0.62672096,0.66288275,-0.07112437,0.3870293,0.57778585,-0.64072585,0.1726209,-0.42381817,0.020478887,0.8009151,0.61733335,-0.5038919,0.3859523,0.33247045,0.54265726,-0.59634084,0.8479095,0.10986306,-0.070095025,-0.26833907,0.6290548,0.27720034,0.24676548,-0.107088424,-1.7904402,-0.25262946,-1.5898399,0.13939483,0.12230429,-0.36350334,0.15520619,-0.3667426,-0.762932,0.6777658,4,0
35,-2.1276088,-0.2999066,0.060891163,0.25376818,0.34709293,0.7213334,0.10856749,-0.60196364,0.5094371,-0.00041584895,-0.055120666,0.088642575,-0.57452106,0.6779196,0.6195753,0.1777321,0.10167816,0.2821947,-0.2029091,-0.5774653,0.87244713,-0.00367547,0.11651433,0.15214948,-0.94472945,0.4553437,0.68409866,-0.05893829,-0.06853534,0.1352311,0.9067398,-0.3912194,1.7126259,0.29876566,-0.005117519,0.80151856,0.16544364,0.36811873,1.9558922,0.8222443,-0.87582326,-0.5807411,-0.05938619,0.027977018,0.0023004604,0.6236095,0.73209786,0.13976532,-0.19467351,0.049845822,0.6531431,-0.6437446,0.25219053,0.42191833,0.1750051,0.8284483,0.6251639,0.66399246,-0.06880497,0.38687715,0.5785354,-0.6404685,0.1730109,-0.42350486,0.024806824,0.80067617,0.6159728,-0.50443614,0.3863376,0.33183435,0.5434627,-0.6045302,0.84695363,0.10825773,-0.014938861,-0.26722112,0.6324952,0.27564165,0.2448596,-0.106275775,-1.7883976,-0.2520507,-1.5900551,0.13990813,0.11849163,-0.36326364,0.15492228,-0.36775666,-0.7622026,0.6770296,4,0
36,-2.1272578,-0.30384207,0.05954395,0.25625554,0.3476877,0.72340673,0.10468877,-0.60236526,0.5094585,-0.0029417481,-0.05478017,0.08698895,-0.57452106,0.6780621,0.619468,0.17672984,0.12341777,0.2838293,-0.20349997,-0.5774653,0.87478954,-0.004874963,0.115611434,0.15129305,-0.9434929,0.4552246,0.6932902,-0.022873972,-0.033890583,0.14781381,0.90559125,-0.39074197,1.7128156,0.29777017,-0.032100514,0.8017273,0.16143194,0.3646534,1.9588978,0.8226541,-0.8757806,-0.58070076,-0.05374046,0.02802472,0.004205465,0.62332946,0.7300532,0.14028808,-0.19399633,0.050255075,0.6535523,-0.6385462,0.2521215,0.42197424,0.015962489,0.8277518,0.62361395,0.6650907,-0.06645092,0.3867826,0.57930547,-0.6399535,0.17349659,-0.42323998,0.029935367,0.8004145,0.6145995,-0.50498706,0.38667825,0.331169,0.54449797,-0.6134164,0.8459532,0.10660172,0.04498869,-0.26604146,0.6357399,0.27417445,0.24296762,-0.10530316,-1.7862885,-0.25113645,-1.5902689,0.14058177,0.11455371,-0.3630623,0.15456928,-0.36869496,-0.7614816,0.6762465,4,0
37,-2.1231077,-0.32069373,0.05406914,0.28568906,0.35472557,0.74794155,0.10468877,-0.602692,0.50971127,-0.0054676477,-0.050750975,0.08500508,-0.57452106,0.6780621,0.6181989,0.1648699,0.12341777,0.2838293,-0.21049176,-0.5774653,0.87478954,-0.019068988,0.10492718,0.14115869,-0.9434929,0.4552246,0.6932902,-0.0053673666,-0.033890583,0.14829282,0.8946397,-0.38509247,1.7130401,0.29357865,-0.28825158,0.802221,0.1573165,0.3615096,1.9620116,0.82299334,-0.87613547,-0.57959616,-0.05362115,0.027935725,-0.01879337,0.6229961,0.7281163,0.14077471,-0.19321956,0.050631125,0.653063,-0.6403979,0.2522039,0.42219606,-0.004601772,0.8270552,0.62221265,0.666032,-0.06411587,0.38674852,0.57998395,-0.6338603,0.17963012,-0.42323998,0.027583843,0.799907,0.6130379,-0.5056288,0.38654596,0.33017132,0.54449797,-0.6177851,0.8459532,0.10660172,0.016714428,-0.26484573,0.63842595,0.2729626,0.24108943,-0.10432721,-1.7864711,-0.24744065,-1.5904582,0.1434079,0.11711988,-0.36302698,0.15450807,-0.3689187,-0.760778,0.67528945,4,0
38,-2.120156,-0.33267957,0.05017502,0.30662405,0.35973138,0.7688122,0.10472372,-0.60292447,0.51127774,-0.0072642323,-0.04788515,0.08359404,-0.573421,0.6786089,0.61580426,0.15388057,0.1395015,0.2838293,-0.2170195,-0.5774295,0.8765255,-0.041459594,0.08953437,0.12818597,-0.94433284,0.4551995,0.6932902,0.007084471,-0.037767738,0.14863354,0.8868503,-0.38105908,1.7132,0.29059738,-0.39480016,0.80275804,0.15321794,0.358406,1.965107,0.8233494,-0.8764336,-0.57881045,-0.05357197,0.02711814,-0.032143876,0.62266284,0.7262315,0.14124784,-0.1924464,0.051007222,0.6532773,-0.6368976,0.25132683,0.42275602,-0.0044934186,0.8263586,0.6207813,0.6669659,-0.06152596,0.38694966,0.58100545,-0.6233359,0.18533742,-0.4230357,0.033943802,0.7992469,0.61128885,-0.50635636,0.3860752,0.32897955,0.54447496,-0.62044746,0.84661096,0.10659741,-0.0039751176,-0.26364997,0.64109653,0.27175665,0.23916112,-0.10341517,-1.7866156,-0.2452102,-1.5909559,0.14573193,0.119553156,-0.36253354,0.15542543,-0.36948588,-0.7600744,0.67422944,4,0
39,-2.120156,-0.33267957,0.05017502,0.30662405,0.35973138,0.7806565,0.10484478,-0.60292447,0.5160804,-0.0072642323,-0.04788515,0.08359404,-0.56961125,0.6805025,0.610637,0.14503588,0.19520554,0.2838293,-0.22240399,-0.57730556,0.88253826,-0.084041536,0.062542625,0.10822132,-0.947242,0.45511281,0.6932902,0.007084471,-0.051195808,0.14863354,0.8868503,-0.38100687,1.7132,0.29059738,-0.13282074,0.80340207,0.14916122,0.35540178,1.9681566,0.82374656,-0.87659186,-0.57881045,-0.053695533,0.024506383,-0.021726875,0.62232953,0.724477,0.14168687,-0.19168203,0.051383324,0.6552246,-0.6202135,0.24808618,0.42414916,0.046539474,0.8256621,0.61927587,0.6678812,-0.058308277,0.38773015,0.582872,-0.6018957,0.18999475,-0.42232832,0.06176347,0.79821056,0.60907936,-0.5072948,0.3847707,0.32730964,0.5443945,-0.618906,0.8488893,0.106582746,-0.005980607,-0.26245424,0.6437305,0.27056518,0.23710932,-0.102660626,-1.7866663,-0.24658942,-1.5922133,0.14681883,0.12165908,-0.3609116,0.15875347,-0.37089902,-0.75937086,0.672916,4,0
40,-2.120156,-0.34214574,0.047571406,0.30662405,0.35973138,0.78666216,0.10490615,-0.60292447,0.5185155,-0.0072642323,-0.04788515,0.081993744,-0.5676796,0.68183345,0.6080171,0.14055127,0.2246532,0.2838293,-0.22513412,-0.5772427,0.8855869,-0.105632335,0.048856698,0.09809842,-0.94989496,0.45502615,0.69782007,0.036305416,-0.07635843,0.15722896,0.8862394,-0.3809804,1.7136723,0.28836462,-0.01460438,0.804046,0.14511745,0.35235238,1.9711745,0.82418895,-0.8766721,-0.5779626,-0.05375821,0.02318211,-0.012315042,0.62194926,0.7227279,0.14211826,-0.19086288,0.051697545,0.65738887,-0.61135375,0.24624643,0.42495108,0.07695996,0.8249655,0.6177764,0.6687894,-0.055104874,0.3885217,0.58381855,-0.5910246,0.19235621,-0.42196962,0.054320786,0.7971742,0.6068893,-0.50822353,0.38347888,0.32565594,0.54498994,-0.6138032,0.850945,0.1057624,0.009890646,-0.26094297,0.6454844,0.26979208,0.23441644,-0.101677224,-1.7871783,-0.24529491,-1.5933926,0.14885779,0.122726865,-0.36008927,0.16095082,-0.37214494,-0.7586826,0.6714402,4,0
41,-2.120156,-0.36134872,0.04228975,0.30662405,0.35973138,0.78666216,0.10490615,-0.60292447,0.5185155,-0.0072642323,-0.04788515,0.078747444,-0.5676796,0.68258566,0.6080171,0.14055127,0.22709441,0.2838293,-0.22513412,-0.5772427,0.8855869,-0.105632335,0.048856698,0.09809842,-0.9522847,0.45493945,0.7070091,0.09558206,-0.11359082,0.17466532,0.8849995,-0.3809804,1.7146305,0.28383538,-0.044257857,0.80468994,0.1410868,0.3492566,1.9741595,0.82467794,-0.8766721,-0.57624257,-0.05375821,0.02318211,-0.0039370926,0.62152076,0.7209824,0.14254151,-0.18998738,0.051948044,0.65977615,-0.6105419,0.2458477,0.425145,0.086179204,0.82426894,0.61628324,0.6696904,-0.051916126,0.3893247,0.58381855,-0.5910246,0.19235621,-0.42196962,0.010608436,0.79613787,0.6047196,-0.509142,0.3822001,0.32401896,0.54628,-0.6050371,0.85277194,0.104113504,0.044149317,-0.25910714,0.64633507,0.26944932,0.2310642,-0.10045844,-1.7881656,-0.24125035,-1.5944918,0.1518758,0.122726865,-0.36008927,0.16198526,-0.37321877,-0.7580103,0.6697974,4,0
42,-2.111754,-0.37699974,0.022234268,0.31022418,0.3397213,0.83443886,0.10068645,-0.6022979,0.52327377,-0.0072642323,-0.037585173,0.07059739,-0.5676796,0.68281347,0.6080171,0.13158199,0.22783364,0.28101495,-0.23079312,-0.5772427,0.8836248,-0.13652661,-0.0140667455,0.07944549,-0.9530083,0.45491314,0.7097917,0.15400226,-0.12486542,0.19136697,0.8599206,-0.40446445,1.7174175,0.27475622,-0.6235154,0.8059399,0.13752705,0.34642053,1.9767132,0.8257714,-0.8756166,-0.5690653,-0.047958698,0.020506276,0.054491572,0.6208819,0.7193132,0.14290445,-0.18863855,0.051937092,0.66049916,-0.6098722,0.24572696,0.42520365,0.054108195,0.8235184,0.6148972,0.6704399,-0.04866118,0.39000568,0.58380485,-0.566185,0.19734563,-0.42219138,-0.0029479668,0.79460734,0.60210174,-0.510284,0.3791569,0.32230362,0.5466708,-0.5939101,0.8533251,0.10361405,0.03203702,-0.25685203,0.6459341,0.26969495,0.22728509,-0.098595776,-1.7886695,-0.2345561,-1.5972856,0.15766832,0.120624624,-0.35921472,0.16229852,-0.37354395,-0.7573441,0.66760606,4,0
43,-2.0997021,-0.39110804,-0.0042382935,0.31538793,0.3110199,0.90296715,0.09463393,-0.6013992,0.53009856,-0.0072642323,-0.022811456,0.0603174,-0.5676796,0.68281347,0.6080171,0.11871696,0.22783364,0.2769782,-0.23891003,-0.5772427,0.8808103,-0.18083961,-0.1043206,0.052690767,-0.9530083,0.45491314,0.7097917,0.2120505,-0.12486542,0.20774952,0.8244869,-0.43814865,1.7209988,0.26370087,-1.44149,0.8074532,0.13417177,0.3436973,1.9790795,0.8271276,-0.8741026,-0.5595176,-0.039640207,0.01666826,0.13465947,0.6201519,0.7176764,0.14324117,-0.18708414,0.05181259,0.66049916,-0.6092643,0.24572696,0.42520365,0.0041030203,0.8227444,0.61355776,0.6711236,-0.045377538,0.39063364,0.5837857,-0.5305565,0.20450215,-0.42250934,-0.0034063146,0.7928622,0.5992894,-0.51152307,0.37534726,0.32055426,0.5466708,-0.58175755,0.8533251,0.10361405,-0.00021623017,-0.25441483,0.6449898,0.27019617,0.22332059,-0.09645342,-1.7889633,-0.22671084,-1.6008154,0.16466598,0.117609285,-0.35796037,0.16229852,-0.37354395,-0.7566805,0.66517633,4,0
44,-2.098514,-0.39249888,-0.0068482296,0.31589702,0.30819026,0.91811216,0.09403723,-0.60131055,0.53077143,-0.0072642323,0.0155698955,0.059303902,-0.56773406,0.6845905,0.58905923,0.035003733,0.19722621,0.24026266,-0.24949,-0.57715327,0.87211466,-0.21516652,-0.259456,-0.008777668,-0.957691,0.45491314,0.7097917,0.21777345,-0.17685848,0.20936468,0.8209936,-0.44135296,1.7213519,0.2626109,-0.75807446,0.809073,0.13086227,0.34107444,1.9814026,0.82850385,-0.8739534,-0.5512963,-0.03882008,0.016289964,0.07029915,0.6194217,0.71599287,0.1435929,-0.185201,0.05208136,0.6589837,-0.5944786,0.24602163,0.42897376,-0.032566234,0.8212742,0.61306584,0.67047906,-0.04131797,0.38918313,0.58191466,-0.44880962,0.21393089,-0.4234729,-0.046806227,0.78955853,0.5961309,-0.51300555,0.36689147,0.31768095,0.5468923,-0.571055,0.8569797,0.10361405,0.0021426354,-0.25197762,0.6440648,0.27067792,0.21857068,-0.09509775,-1.7889924,-0.22593732,-1.6010491,0.16829732,0.121086314,-0.35861215,0.16355641,-0.37734717,-0.75520414,0.6616963,4,0
45,-2.098514,-0.3943617,-0.010345426,0.31589702,0.30347404,0.9264353,0.0935641,-0.60137093,0.53077143,-0.0072642323,0.052206155,0.05808463,-0.5677882,0.6864962,0.5702495,-0.04679681,0.16685797,0.20422894,-0.25919324,-0.5770646,0.86376244,-0.2448905,-0.40455046,-0.067148596,-0.9647187,0.45497277,0.71002537,0.2306212,-0.23299077,0.21534574,0.8200402,-0.4466064,1.7221389,0.26102594,-0.022790972,0.8107043,0.12766702,0.3384528,1.9836212,0.82996494,-0.8739566,-0.5432424,-0.038128316,0.016298272,-0.0015730005,0.6186559,0.71429586,0.14394234,-0.18322639,0.05233485,0.6579343,-0.57986796,0.24623832,0.43275052,-0.05083205,0.8197277,0.61266595,0.6696914,-0.03718335,0.3875093,0.58006036,-0.37118676,0.22258592,-0.42439774,-0.08469305,0.7860843,0.5929362,-0.51451015,0.35794634,0.3146908,0.54741645,-0.5545311,0.86245656,0.10358257,0.0145896245,-0.24932086,0.6427516,0.2713401,0.21343514,-0.09355698,-1.7895209,-0.22451761,-1.6017407,0.17224713,0.12432286,-0.3593849,0.16560864,-0.3811736,-0.7536506,0.65798855,4,0
46,-2.098514,-0.41199702,-0.04345217,0.31589702,0.25882745,0.9264353,0.08908526,-0.60194284,0.53077143,-0.0072642323,0.052206155,0.04654219,-0.5677882,0.68784505,0.5702495,-0.04679681,0.16685797,0.20422894,-0.25919324,-0.5770646,0.86376244,-0.2448905,-0.40455046,-0.067148596,-0.98726445,0.45553637,0.7122376,0.35224608,-0.27602172,0.2719661,0.8110159,-0.497434,1.7295887,0.24602175,-0.23867285,0.81233567,0.12539478,0.33574906,1.9849944,0.83212596,-0.87398756,-0.5353774,-0.03157949,0.016377538,-0.0032097332,0.61758715,0.71252245,0.14425716,-0.18078178,0.0520947,0.66223013,-0.57986796,0.24552159,0.43309084,0.07436777,0.8181813,0.61226106,0.6689211,-0.033132207,0.38586912,0.58006036,-0.37118676,0.22258592,-0.42439774,-0.036138058,0.7826101,0.58974993,-0.5159768,0.34916005,0.31175202,0.5502947,-0.48737663,0.8799783,0.103285395,0.08039756,-0.24480514,0.6381392,0.27354848,0.20576195,-0.089720525,-1.7945223,-0.21107748,-1.6093615,0.18200962,0.11951132,-0.35941607,0.17322147,-0.38167527,-0.7521966,0.6533245,4,0
47,-2.0968323,-0.43631133,-0.08254642,0.31701705,0.2040267,0.9049389,0.083931245,-0.6047173,0.52936155,-0.0007419056,0.0713497,0.027846659,-0.5680317,0.688776,0.56120455,-0.07619631,0.15894973,0.18652487,-0.26407406,-0.5770646,0.8615822,-0.2448905,-0.4421872,-0.092930034,-1.0028242,0.45592538,0.7137643,0.44065693,-0.30571902,0.31971034,0.79679257,-0.5565653,1.7380056,0.22675811,-0.5120192,0.81369424,0.12368515,0.33283812,1.9858503,0.8346004,-0.87621593,-0.51745534,-0.023218881,0.017541379,-0.120704226,0.61620367,0.7103125,0.14463435,-0.17769422,0.051582996,0.6619731,-0.5625327,0.24575229,0.4349155,0.06538732,0.81629544,0.6121034,0.6676515,-0.028598823,0.38326702,0.5799603,-0.34099922,0.22689968,-0.42464468,-0.0049718157,0.77845293,0.58659095,-0.51744777,0.33884874,0.30794212,0.55228096,-0.43206033,0.8920707,0.10308031,0.10351883,-0.23997125,0.63340104,0.27580172,0.19777973,-0.085401855,-1.7997804,-0.19326116,-1.6175681,0.19562633,0.115235046,-0.36008212,0.17793654,-0.38362518,-0.7504497,0.6480365,4,0
48,-2.0914054,-0.47550073,-0.13497613,0.3206317,0.1266101,0.8355648,0.0772735,-0.6123973,0.5248117,0.020307219,0.13313055,-0.006780572,-0.5688179,0.688776,0.53201455,-0.17107567,0.13342796,0.12938957,-0.2798257,-0.5770646,0.85454607,-0.2448905,-0.56365013,-0.17613299,-1.0028242,0.45592538,0.7137643,0.4550922,-0.30571902,0.34768516,0.7709909,-0.634191,1.7485763,0.19800779,-0.91335297,0.81444556,0.12322796,0.32946575,1.9855545,0.837773,-0.8833388,-0.47713357,-0.010822879,0.021121183,-0.4962421,0.6141192,0.70712775,0.14514974,-0.17317471,0.050466347,0.6515723,-0.5065875,0.24809307,0.4400462,-0.2424452,0.8136535,0.6124966,0.66526985,-0.022991354,0.37852255,0.5796371,-0.2435766,0.24082123,-0.4254417,-0.01253454,0.77277446,0.5834933,-0.518929,0.32514092,0.30219194,0.55228096,-0.40311062,0.8920707,0.10308031,0.031566568,-0.23442861,0.62838185,0.27815524,0.18910922,-0.08000917,-1.8056102,-0.16569762,-1.6270785,0.21782707,0.112150945,-0.36216164,0.17619766,-0.38880077,-0.7480505,0.6413588,4,0
49,-2.0887682,-0.49454358,-0.16045244,0.3223881,0.08899231,0.8018549,0.0740384,-0.6161291,0.5226008,0.040274236,0.17143613,-0.023606434,-0.57062995,0.6897095,0.50412935,-0.2603747,0.08748402,0.06275612,-0.2964449,-0.5770263,0.8490884,-0.22958477,-0.70520437,-0.30768403,-1.0119576,0.45592538,0.7137643,0.46210647,-0.3079155,0.36127853,0.7584537,-0.67191035,1.7537127,0.18403761,-0.7910652,0.8151969,0.122773774,0.3261262,1.9852599,0.84091073,-0.8867999,-0.45500848,-0.004799492,0.022860773,-0.48482114,0.6120347,0.7035819,0.1457603,-0.1686361,0.049434874,0.6453284,-0.43879244,0.2505272,0.44519112,-0.3049694,0.8102664,0.6132348,0.66202754,-0.016656883,0.37136817,0.5798113,-0.09547494,0.2554838,-0.42605165,-0.0045764404,0.764682,0.5806497,-0.52030605,0.30684924,0.292579,0.5528097,-0.38875037,0.89918816,0.10308031,0.009820402,-0.22888601,0.6233717,0.28047296,0.18054233,-0.07474991,-1.8084432,-0.1523041,-1.6311967,0.2306837,0.11406956,-0.3633574,0.17726552,-0.39399078,-0.74478155,0.6330544,4,0
50,-2.0887682,-0.49454358,-0.16045244,0.3223881,0.08899231,0.8018549,0.0740384,-0.6161291,0.5226008,0.059218455,0.18755285,-0.023606434,-0.5734117,0.6915252,0.47747752,-0.34439918,0.022237033,-0.012855023,-0.31388423,-0.5769519,0.8451226,-0.199812,-0.865749,-0.4849337,-1.0297241,0.45592538,0.7137643,0.46210647,-0.31218803,0.36127853,0.7584537,-0.67191035,1.7537127,0.18403761,-0.17384996,0.8159481,0.12232222,0.32281744,1.9849666,0.8440155,-0.8867999,-0.45008284,-0.004799492,0.022860773,-0.10764653,0.6099502,0.6996947,0.14646071,-0.16407955,0.0484838,0.6430126,-0.35979676,0.2530495,0.45034972,-0.13562801,0.8061748,0.61429924,0.6579716,-0.00963515,0.36193597,0.5804546,0.100528546,0.27084675,-0.42648476,0.01805195,0.75430775,0.5780459,-0.5215846,0.284225,0.2793149,0.55383813,-0.38818008,0.91303295,0.10308031,0.035529073,-0.22334336,0.6183712,0.28275698,0.17207342,-0.06961678,-1.8084432,-0.1523041,-1.6302181,0.2347084,0.12071673,-0.36371765,0.18098639,-0.3991945,-0.7406904,0.6232125,4,0
51,-2.0887682,-0.51565623,-0.18904504,0.3223881,0.040097296,0.6341269,0.07038643,-0.62317157,0.5226008,0.064554855,0.19209279,-0.05327282,-0.57419527,0.69203675,0.46997005,-0.36806807,0.0038575986,-0.03415393,-0.3187967,-0.576931,0.8440055,-0.18719783,-0.9109729,-0.5348632,-1.0511475,0.45580083,0.67807204,0.6229362,-0.3133916,0.46897748,0.75187016,-0.68423486,1.7599488,0.16614848,-0.15747638,0.8145716,0.123074695,0.318363,1.9835455,0.8470828,-0.8937436,-0.42308533,0.0033383062,0.023901917,-0.36909264,0.6069954,0.69553256,0.14708655,-0.15829255,0.046310388,0.6423603,-0.33754444,0.25376004,0.45180285,-0.053086467,0.8020832,0.6152992,0.6539564,-0.0027253993,0.35264176,0.58063567,0.15556234,0.27517438,-0.4266067,0.013604312,0.74393356,0.5752945,-0.5227592,0.26192522,0.26623625,0.5495487,-0.2605432,0.9299889,0.10941536,-0.0901672,-0.21384719,0.6081013,0.28734085,0.15938409,-0.058338165,-1.8115457,-0.13577992,-1.636089,0.24716519,0.11661017,-0.364231,0.1873104,-0.39728615,-0.73688495,0.6113367,4,0
52,-2.0887682,-0.5450486,-0.22885047,0.3223881,-0.027972247,0.4006232,0.06530234,-0.6329759,0.5226008,0.064554855,0.19209279,-0.094573095,-0.57419527,0.69203675,0.46997005,-0.36806807,0.0038575986,-0.03415393,-0.3187967,-0.576931,0.8440055,-0.18131252,-0.9109729,-0.5348632,-1.0740048,0.4556273,0.6283829,0.8468365,-0.3133916,0.6189113,0.7427048,-0.70139253,1.7686306,0.141244,-0.37672716,0.8123607,0.124299176,0.31345928,1.981682,0.8501353,-0.90341043,-0.3874322,0.014667354,0.025351258,-0.8809785,0.6036993,0.69126356,0.14768311,-0.15202302,0.04365763,0.6423603,-0.33754444,0.25376004,0.45180285,-0.0045840885,0.7979916,0.61627406,0.64995694,0.0041405205,0.3434017,0.58063567,0.15531385,0.27517438,-0.4266067,-0.0014613856,0.73355925,0.5724848,-0.52389294,0.23975274,0.25323033,0.5431738,-0.083076194,0.94816506,0.11823497,-0.275238,-0.20280062,0.59576577,0.29282638,0.14503968,-0.044649564,-1.815865,-0.112775534,-1.644646,0.26292878,0.10828644,-0.36480445,0.19465521,-0.39258876,-0.7331916,0.5986634,4,0
53,-2.0642252,-0.7107406,-0.28137183,0.24902615,-0.15630202,-0.20829609,0.06021823,-0.66697484,0.5407897,0.105722316,0.29864892,-0.14785263,-0.58133614,0.69048125,0.44889525,-0.42629763,-0.11755165,-0.12868719,-0.31924155,-0.576931,0.8401109,-0.18085662,-0.9688157,-0.7077319,-1.0757755,0.4556139,0.6245339,0.87693083,-0.3119839,0.66897213,0.6764451,-0.5550645,1.7729595,0.08083767,-1.7594981,0.8026546,0.12865643,0.30329356,1.9765872,0.8530158,-0.9390819,-0.32175928,0.03778281,0.019981313,-2.297657,0.5989342,0.6850603,0.14851181,-0.14254911,0.039888676,0.63384074,-0.23672003,0.26070446,0.4551822,-0.17927244,0.7920875,0.61766046,0.644291,0.0120108025,0.32757103,0.57952094,0.33805314,0.27563566,-0.42704865,-0.028734324,0.71860534,0.5690855,-0.52490616,0.2106903,0.23152412,0.5426799,-0.0278259,0.9495729,0.118918166,-0.14255694,-0.19034271,0.5828914,0.29827777,0.12939017,-0.028961774,-1.8108897,-0.06167045,-1.6462184,0.3038001,0.09150261,-0.3630471,0.19006547,-0.39563382,-0.72786516,0.582178,4,0
54,-2.0409937,-0.86542326,-0.32816786,0.1795845,-0.272783,-0.76755476,0.055778608,-0.6984381,0.5653443,0.14543696,0.40002164,-0.19525674,-0.5921735,0.68572074,0.42406288,-0.48559436,-0.24499172,-0.23784961,-0.3196626,-0.57660407,0.83313257,-0.16330299,-1.0308737,-0.8970557,-1.0779486,0.4530032,0.6179116,0.8889999,-0.3106514,0.70536417,0.61439836,-0.41529796,1.7764206,0.025485436,-2.8368423,0.79231924,0.13325927,0.29271707,1.9712304,0.8558734,-0.9723032,-0.26206037,0.05890845,0.010434691,-3.3557317,0.59404564,0.6789164,0.14930078,-0.13281475,0.036049277,0.61591923,-0.12025357,0.27226976,0.45847365,-0.5301361,0.7856539,0.6190039,0.63823324,0.020405872,0.30992034,0.57614475,0.538388,0.27621543,-0.42776945,-0.10421755,0.7025862,0.5657784,-0.525751,0.18005916,0.20780514,0.5354835,0.011459483,0.95165545,0.11968287,-0.18329337,-0.1777663,0.5699272,0.30371216,0.113685325,-0.013161818,-1.8058326,-0.017283928,-1.6451427,0.34140375,0.07623199,-0.35986876,0.18231562,-0.39854684,-0.72196114,0.56491387,4,0
55,-2.0409937,-0.86542326,-0.32816786,0.1795845,-0.272783,-0.76755476,0.055778608,-0.6984381,0.623229,0.1513307,0.40405083,-0.19525674,-0.624345,0.6597809,0.38553554,-0.51856095,-0.3437499,-0.3931086,-0.3196626,-0.57402533,0.80716306,-0.024825107,-1.0885123,-1.0997425,-1.0950916,0.43240753,0.5656701,0.8889999,-0.3106514,0.70536417,0.61439836,-0.41529796,1.7764206,0.025485436,-1.1371235,0.78198385,0.13774222,0.28235465,1.9659389,0.85867274,-0.973604,-0.26087996,0.059508655,-0.023939889,-1.4200783,0.58915716,0.6742952,0.14968204,-0.12313977,0.032370422,0.53815436,0.045648035,0.3116502,0.4592051,-1.9655433,0.77662086,0.6198137,0.63044137,0.031835254,0.28354397,0.55783415,0.7540899,0.27734423,-0.43015626,-0.504753,0.681878,0.5634476,-0.5255071,0.1426071,0.17525287,0.47871223,0.011459483,0.968084,0.12571515,-1.6024759,-0.16518989,0.5566551,0.30904785,0.09835438,0.0022544074,-1.8055876,-0.035436627,-1.6298639,0.34197444,0.07627941,-0.34825107,0.1597001,-0.3960718,-0.7130231,0.5444901,4,0
56,-2.0409937,-0.90939564,-0.32816786,0.08951328,-0.30699655,-0.9266076,0.052653473,-0.7073891,0.6619548,0.15527372,0.40674642,-0.20982192,-0.64586824,0.6424268,0.35976028,-0.54061604,-0.40982062,-0.49697915,-0.31431606,-0.5701171,0.78978896,0.09944428,-1.1270734,-1.2353431,-1.1065606,0.4042773,0.51354104,0.9240714,-0.30620688,0.7687838,0.61542815,-0.3595685,1.7753615,0.017942071,0.02464803,0.76963073,0.14300297,0.27013606,1.959691,0.8617782,-0.983401,-0.24665292,0.06942395,-0.046068754,-0.57499033,0.5838413,0.6694791,0.15002003,-0.112795234,0.02800573,0.4861283,0.15663865,0.33799636,0.45969447,-2.3867304,0.76758784,0.62050766,0.62265706,0.043161508,0.25736037,0.53597844,0.89836985,0.27391478,-0.4312682,-0.8557303,0.6611698,0.5613087,-0.5249452,0.105364524,0.14291094,0.40312654,0.082438424,0.9811607,0.13055831,-3.0222685,-0.1502854,0.5419627,0.3147134,0.080582544,0.021304168,-1.8004494,-0.040386815,-1.6185981,0.3471309,0.067510575,-0.340419,0.14541289,-0.39398596,-0.7042253,0.5228686,4,0
57,-2.0409937,-1.0422482,-0.32816786,-0.18261756,-0.4103655,-1.4071515,0.043211572,-0.73443246,0.6619548,0.15527372,0.40674642,-0.25382742,-0.64586824,0.6424268,0.35976028,-0.54061604,-0.40982062,-0.49697915,-0.29816255,-0.5635215,0.78978896,0.19499423,-1.1270734,-1.2353431,-1.1065606,0.3609179,0.4616397,1.0300324,-0.29277882,0.9603926,0.61853933,-0.19119392,1.7721614,-0.0048486544,0.09907574,0.7531993,0.14983603,0.25416565,1.9515108,0.8655025,-1.0103709,-0.20605491,0.09816777,-0.04344608,-1.9342465,0.5776619,0.66426945,0.15026996,-0.10109722,0.02225482,0.4861283,0.15663865,0.33799636,0.45969447,-0.75789094,0.75855476,0.62096775,0.61488813,0.054279216,0.23156655,0.50695854,0.89828604,0.2612719,-0.4298032,-1.1065363,0.64046156,0.55955744,-0.5237403,0.06854547,0.11099425,0.28951046,0.29688588,0.9874625,0.13299736,-4.4432945,-0.13067515,0.52440083,0.3210454,0.057876974,0.04769835,-1.7854204,-0.018650249,-1.6154442,0.36155647,0.04092161,-0.34023812,0.14795943,-0.39268684,-0.6957112,0.49882635,4,0
58,-2.026755,-1.1039966,-0.3278921,-0.43125653,-0.5761213,-1.6305021,0.030659871,-0.76274395,0.68170667,0.18569128,0.41932586,-0.2966746,-0.65418625,0.6285435,0.34428304,-0.55384916,-0.40982062,-0.58007574,-0.29065463,-0.5604559,0.7788339,0.23940462,-1.1270734,-1.3438236,-1.0836504,0.34076506,0.43751663,1.0792818,-0.27232718,1.0494499,0.58658075,0.022610016,1.768052,-0.015249887,-0.70526516,0.73676777,0.15939645,0.2380068,1.9406058,0.87136024,-1.0382247,-0.16141836,0.13435929,-0.053519797,-2.612816,0.5708255,0.65821534,0.15056366,-0.088139355,0.015437393,0.44196266,0.24472706,0.3535937,0.4591269,-0.9259046,0.7479285,0.6206265,0.6061215,0.06796827,0.20127158,0.4902119,1.0132949,0.25558814,-0.4303841,-0.9356754,0.61687946,0.55648184,-0.5222548,0.028233076,0.073313,0.23509984,0.39605787,0.971608,0.13413106,-3.6237319,-0.11106493,0.5065458,0.32716778,0.035513848,0.07411629,-1.7664151,-0.014682127,-1.6053424,0.3676972,0.011871694,-0.33673483,0.12996604,-0.3915104,-0.68555313,0.47284758,4,0
59,-2.0001514,-1.1039966,-0.32737678,-0.6594949,-0.7960547,-1.6305021,0.015407578,-0.79215664,0.71861136,0.24252391,0.44282943,-0.33851585,-0.6697277,0.6026036,0.31536484,-0.57857406,-0.40982062,-0.7353347,-0.29065463,-0.5604559,0.7583654,0.23940462,-1.1270734,-1.5465105,-1.0408447,0.34076506,0.43751663,1.0792818,-0.2457762,1.0494499,0.5241664,0.27586564,1.7631528,-0.014891995,-2.2727427,0.7203363,0.17132555,0.22168435,1.9273345,0.87907076,-1.066846,-0.11327474,0.17701848,-0.07461891,-2.7002668,0.5634186,0.65142643,0.15089528,-0.074087486,0.007693781,0.35944295,0.40931287,0.38273615,0.45806623,-2.6543345,0.7359187,0.61958927,0.5964884,0.083890446,0.1670678,0.48412263,1.2282524,0.2559478,-0.43274167,-0.39863226,0.5908016,0.5522565,-0.5205257,-0.015112997,0.030625671,0.23210433,0.39512283,0.9365125,0.13413106,-0.8584072,-0.09145474,0.48843545,0.33310792,0.013448113,0.100554876,-1.7439563,-0.026143836,-1.5892069,0.3666432,-0.019315358,-0.33034626,0.09413551,-0.39044052,-0.67396754,0.44518703,4,0
60,-1.9932194,-0.8846319,-0.32695678,-0.7189654,-0.85336137,-1.4090459,0.011433388,-0.79982054,0.7282274,0.31087428,0.4489536,-0.34941813,-0.68196017,0.57666385,0.30782986,-0.7492617,-0.28723636,-0.8905936,-0.2312295,-0.55312204,0.7416805,0.42986044,-0.8777978,-1.7491974,-1.0296911,0.34076506,0.3846687,1.0792818,-0.238858,1.0494499,0.5029119,0.33168787,1.7670655,0.024062432,-1.6965625,0.7067142,0.18285222,0.20839202,1.9145117,0.88709,-1.0743036,-0.09304368,0.18813388,-0.08011653,-1.6023736,0.55601174,0.64260536,0.1517283,-0.06033751,-3.609159e-05,0.28317276,0.58757186,0.40907097,0.4527042,-2.973794,0.7217077,0.6182455,0.58371705,0.10578663,0.12940472,0.44301966,1.4335096,0.2044338,-0.4330375,-1.0787339,0.56075317,0.54950505,-0.51667607,-0.059220918,-0.023537112,0.22407418,0.3948792,0.9277089,0.14409448,-0.2637207,-0.07184453,0.46956876,0.33894756,-0.0082902415,0.12657048,-1.7434499,-0.0638321,-1.582846,0.33780316,-0.04977094,-0.32841682,0.07101501,-0.37972483,-0.6598128,0.41485098,4,0
61,-1.9932194,-0.5879671,-0.32657036,-0.7189654,-0.85336137,-1.1095526,0.011433388,-0.79982054,0.7282274,0.38328326,0.4489536,-0.34941813,-0.6930267,0.55072397,0.30782986,-0.9713839,-0.12145577,-1.0458525,-0.15086408,-0.5432038,0.7263291,0.6874293,-0.540682,-1.9518843,-1.0296911,0.34076506,0.3131981,1.0792818,-0.238858,1.0494499,0.4961612,0.31793827,1.7740835,0.07661757,-0.36499786,0.694082,0.19423728,0.19616748,1.9018471,0.89521796,-1.0743036,-0.082648486,0.18813388,-0.08011653,-0.08678758,0.5486049,0.6330683,0.1527382,-0.04669395,-0.0077611357,0.20910527,0.770649,0.43441653,0.44582638,-2.7967596,0.7067211,0.6167937,0.5698397,0.1297879,0.090522625,0.38957772,1.6353483,0.13464053,-0.43260673,-2.1877341,0.5293057,0.5472731,-0.51207924,-0.10359733,-0.081743665,0.2142704,0.3948792,0.92817014,0.15756899,-0.43392596,-0.05223434,0.45043522,0.34475186,-0.029913217,0.15243703,-1.7506795,-0.11076227,-1.5799295,0.29917184,-0.079968736,-0.32805845,0.052373227,-0.36561012,-0.6447528,0.38357207,4,0
62,-1.9932194,-0.571253,-0.32624465,-0.7189654,-1.0609043,-1.0926793,-0.0011319498,-0.8206373,0.7282274,0.38736278,0.39762402,-0.37783983,-0.6936502,0.5492625,0.3626643,-0.98389816,0.03217846,-1.0545999,-0.14633632,-0.542645,0.7254642,0.7391834,-0.52168906,-1.9633036,-0.9568445,0.3502168,0.30917147,0.97726166,-0.1420933,1.2302635,0.4958494,0.55928326,1.7744058,0.07977319,-0.13595222,0.6814499,0.21031465,0.18618257,1.8845534,0.9055114,-1.0934507,-0.05968897,0.22358929,-0.07863255,-1.0152867,0.54036427,0.6232339,0.15355416,-0.03207201,-0.01758243,0.22482106,0.78377235,0.4314167,0.43470132,-0.9062057,0.6917345,0.61399215,0.55604374,0.1555207,0.054473147,0.3865667,1.647649,0.13070841,-0.43258247,-1.0691307,0.49785805,0.5432224,-0.5068085,-0.14702725,-0.13867696,0.23332621,0.5843225,0.8675177,0.1598051,0.27793694,-0.025986573,0.43252373,0.34810033,-0.057690766,0.18978162,-1.7365401,-0.11279634,-1.5814112,0.2884948,-0.10771994,-0.3286257,0.030092439,-0.35319665,-0.62996644,0.3488786,4,0
63,-1.9892849,-0.5132962,-0.32799917,-0.71094704,-1.2808381,-1.0121037,-0.013677678,-0.8422981,0.724377,0.40174446,0.32386413,-0.40683815,-0.6936502,0.5468649,0.4121791,-1.0364869,0.1624741,-1.0775609,-0.14633632,-0.542645,0.7254642,0.7728131,-0.52168906,-1.9932786,-0.8871161,0.35891184,0.33058771,0.88513905,-0.054716147,1.3935356,0.48508957,0.8154611,1.7753589,0.0902234,-0.25599954,0.66983986,0.22733451,0.17760177,1.8663646,0.91645443,-1.1133816,-0.03507771,0.25984532,-0.07433341,-1.911803,0.53197604,0.6127015,0.15449864,-0.017529482,-0.028029824,0.23541354,0.8165682,0.42907676,0.42430457,0.5723394,0.67630756,0.61126393,0.5412935,0.18214364,0.017809961,0.3865667,1.6811547,0.13070841,-0.43258247,-0.0026284144,0.46561635,0.53831,-0.5013349,-0.19130173,-0.1970236,0.25430584,0.75538707,0.8094195,0.15716916,0.9344163,0.0006574783,0.4146514,0.3511638,-0.08577088,0.22771192,-1.7227235,-0.119857796,-1.5832584,0.27376878,-0.13435802,-0.3303269,0.00835357,-0.34411272,-0.61471474,0.31344616,4,0
64,-1.962681,-0.12139851,-0.34171855,-0.65672714,-1.5007728,-0.46725962,-0.021788057,-0.8616616,0.6983413,0.49899203,0.1385205,-0.42938203,-0.6936502,0.53065246,0.4121791,-1.3920854,0.1624741,-1.2328207,-0.14633632,-0.542645,0.7254642,0.7728131,-0.52168906,-2.1959667,-0.8604143,0.35999584,0.47540155,0.88513905,-0.054716147,1.3935356,0.41191402,1.069351,1.782249,0.15969826,-2.0082128,0.66411936,0.24817155,0.17634064,1.8446109,0.9303966,-1.1312444,-0.0052713105,0.2885176,-0.054324802,-1.7832664,0.52302426,0.59824675,0.15625145,-0.0037808327,-0.04136385,0.18559916,1.0211787,0.44029,0.4195656,-0.9125171,0.6583441,0.6094234,0.5210165,0.21329992,-0.023364022,0.3865667,1.9020419,0.13070841,-0.43258247,-0.0026284144,0.4287989,0.5290572,-0.4949238,-0.24076794,-0.26395205,0.27644223,0.75538707,0.78706145,0.13032798,0.9683498,0.027301624,0.39658466,0.35342833,-0.11347739,0.26506886,-1.7181182,-0.17133033,-1.585699,0.22609659,-0.15542424,-0.33824483,-0.009011049,-0.35362828,-0.59668744,0.2749303,4,0
65,-1.945445,0.13250346,-0.35060704,-0.6215993,-1.6432638,-0.1142671,-0.02704261,-0.8742067,0.68147343,0.5619966,0.018440412,-0.44398776,-0.6868149,0.5158649,0.42986313,-1.7163969,0.21811359,-1.38808,-0.118038096,-0.5408988,0.756366,0.93323606,-0.49218604,-2.3986537,-0.84311485,0.36069813,0.5692232,0.8565881,-0.054716147,1.3935356,0.36450514,1.2338405,1.7867129,0.20470947,-2.5270598,0.6583989,0.26864126,0.17518823,1.8228925,0.944172,-1.1428173,0.0140396105,0.3070938,-0.041361656,-1.3669273,0.51407254,0.5838334,0.15797473,0.009864004,-0.054603837,0.14272761,1.2244647,0.44403008,0.41168928,-1.7291055,0.63933253,0.6071048,0.49891505,0.24694006,-0.06576091,0.38711986,2.1276743,0.105038844,-0.42858794,0.010321613,0.39009088,0.5205585,-0.48675716,-0.29228884,-0.33447602,0.2907841,0.7540162,0.7725761,0.112938076,0.79548186,0.05394564,0.37903434,0.35513595,-0.14101556,0.30209348,-1.7151345,-0.20467825,-1.5886476,0.19146128,-0.18017913,-0.34005216,-0.017642798,-0.3549451,-0.5774368,0.23514056,4,0
66,-1.945445,0.13250346,-0.35060704,-0.6215993,-1.6432638,-0.1142671,-0.02704261,-0.8742067,0.68147343,0.5619966,0.018440412,-0.44398776,-0.66740316,0.5036991,0.48008442,-1.9831446,0.37612668,-1.543339,-0.037672665,-0.53593963,0.8441249,1.3888283,-0.40839916,-2.6013405,-0.84311485,0.36069813,0.5692232,0.7755051,-0.054716147,1.3935356,0.36450514,1.2338405,1.7867129,0.20470947,-0.77659273,0.6526785,0.28843522,0.174236,1.8012388,0.95764077,-1.1428173,0.0140396105,0.3070938,-0.041361656,-0.42104638,0.5051208,0.5694937,0.15964329,0.023317948,-0.06767084,0.11262983,1.4253148,0.43401986,0.39804047,-1.3161274,0.61839235,0.60390663,0.47345647,0.28515047,-0.11040806,0.38868994,2.3620393,0.032138705,-0.41724357,0.047098972,0.34790397,0.51344806,-0.47535995,-0.34759063,-0.411616,0.2907841,0.7501228,0.7725761,0.112938076,0.24211071,0.08058963,0.36243346,0.3558192,-0.16824423,0.33850688,-1.7151345,-0.20467825,-1.5925313,0.18081257,-0.21172124,-0.33061618,-0.010206641,-0.34117684,-0.5559351,0.19300656,4,0
67,-1.945445,0.13250346,-0.3651915,-0.6215993,-1.7175355,-0.1142671,-0.02704261,-0.88229764,0.6134095,0.5619966,-0.067114405,-0.4534194,-0.65879107,0.4983017,0.5037777,-2.101489,0.44623023,-1.6122206,-0.0020180077,-0.5337395,0.88505274,1.5909548,-0.37122655,-2.691264,-0.7853123,0.35604244,0.6296239,0.70091516,-0.073222905,1.5001357,0.36130068,1.3256062,1.7905507,0.19604675,-0.07664392,0.64695805,0.30921504,0.17393537,1.7779176,0.9719306,-1.1489892,0.022423105,0.31210956,0.009081229,-0.3282207,0.4958924,0.55256486,0.16187917,0.036059383,-0.08211459,0.09984604,1.5144236,0.42944932,0.3917075,-0.7702617,0.59745216,0.5997516,0.4478768,0.322525,-0.15422459,0.39001396,2.466017,-0.00021668707,-0.41198027,0.057644773,0.3057171,0.50382787,-0.46358505,-0.4019906,-0.4876465,0.28813264,0.86664337,0.725507,0.10092031,-0.06967285,0.11114682,0.344946,0.35495463,-0.20037055,0.38044947,-1.7170409,-0.17030466,-1.5980872,0.18135482,-0.22940582,-0.34620014,-0.0258317,-0.3411893,-0.53452426,0.14885958,4,0
68,-1.945445,0.13250346,-0.39140636,-0.6215993,-1.8510349,-0.1142671,-0.02704261,-0.8968406,0.49106792,0.5619966,-0.22089499,-0.47037232,-0.65879107,0.4983017,0.5063159,-2.101489,0.44623023,-1.6122206,-0.0020180077,-0.5337395,0.8886347,1.5909548,-0.37122655,-2.691264,-0.681415,0.34767407,0.738191,0.63150305,-0.106487915,1.6917441,0.35554063,1.4905505,1.797449,0.18047592,-0.214432,0.6412376,0.3307809,0.1741546,1.7532668,0.9868754,-1.1600828,0.037492074,0.32112527,0.09974993,-0.9156648,0.48644337,0.53357077,0.16456704,0.048232567,-0.097656325,0.10086877,1.5144236,0.42921662,0.39120868,-0.11842436,0.57651204,0.5948334,0.42220056,0.35923296,-0.19737856,0.39114168,2.466017,-0.00023961598,-0.41156623,0.04727218,0.26353022,0.49220636,-0.451509,-0.45567158,-0.5627923,0.28336737,1.0791882,0.6409026,0.07931889,-0.18880214,0.1448246,0.32675162,0.35285556,-0.23640245,0.42680126,-1.7204673,-0.10851966,-1.6049767,0.19082132,-0.23603974,-0.38173592,-0.0598469,-0.35219127,-0.51318586,0.103107266,4,0
69,-1.9252111,-0.048718814,-0.41953173,-0.9094769,-1.9476507,-0.0061658826,-0.03763026,-0.905356,0.39198858,0.5613562,-0.32360113,-0.5113297,-0.6594809,0.49135715,0.5069237,-2.2536104,0.44623023,-1.6976551,-0.0020180077,-0.5337395,0.88949233,1.5909548,-0.47237486,-2.7445252,-0.6565386,0.34567046,0.7641856,0.61488354,-0.11445264,1.7376214,0.3049821,1.6242572,1.7971572,0.121968426,-1.3190764,0.63688856,0.35191923,0.1704371,1.7267435,1.0058635,-1.1615396,0.07759135,0.3428903,0.17346962,-0.5460091,0.47591195,0.5115572,0.16768429,0.06115009,-0.11554561,0.08053666,1.6234254,0.43449986,0.38884804,-0.40964922,0.55393374,0.5886895,0.3932435,0.3978533,-0.24284196,0.39141136,2.526264,-0.0002451102,-0.4114671,0.024706041,0.21993227,0.47553617,-0.43886817,-0.5117099,-0.6379569,0.28222632,1.1300784,0.6206455,0.07414685,-0.12671976,0.17850238,0.3070715,0.3502895,-0.27178758,0.4723605,-1.7112831,-0.017344085,-1.6026393,0.22601247,-0.25203338,-0.4108266,-0.07195731,-0.35256466,-0.49029097,0.05640409,4,0
70,-1.8986073,-0.28699124,-0.44825852,-1.2879807,-2.0326548,0.13596655,-0.05155103,-0.91197383,0.3002324,0.5605142,-0.41022867,-0.5598439,-0.66038805,0.48222634,0.5069237,-2.453621,0.44623023,-1.8099849,-0.0020180077,-0.5337395,0.88949233,1.5909548,-0.6053654,-2.8145535,-0.6565386,0.34567046,0.7641856,0.61488354,-0.11445264,1.7376214,0.24032053,1.7481301,1.7946019,0.049944144,-2.7280953,0.63297117,0.37292305,0.16548032,1.6996306,1.0261246,-1.1599624,0.1255705,0.368669,0.24185377,0.12494923,0.4650397,0.48859316,0.17093666,0.07430195,-0.134174,0.053481713,1.7667418,0.44151956,0.38590127,-0.9977578,0.5308399,0.58215976,0.36325362,0.43707573,-0.2890325,0.39141136,2.605477,-0.0002451102,-0.4114671,-0.0016987311,0.17589018,0.457277,-0.42604962,-0.56849027,-0.7131274,0.28222632,1.1300784,0.6206455,0.07414685,-0.0075904755,0.21218015,0.28692374,0.34757626,-0.30696908,0.51767015,-1.6981287,0.08308392,-1.5973973,0.26930195,-0.2709736,-0.4378883,-0.07717196,-0.34959212,-0.4669061,0.009401607,4,0
71,-1.8976706,-0.29538047,-0.44926998,-1.3013074,-2.0356479,0.14097086,-0.05204114,-0.9122068,0.29700175,0.5604846,-0.41327873,-0.561552,-0.70417756,0.45687827,0.5943843,-2.743037,0.50061536,-1.9008945,0.07551783,-0.525558,1.0129168,1.8351128,-0.7063468,-2.8598447,-0.6565386,0.33303693,0.7641856,0.61488354,-0.13830215,1.7376214,0.23804398,1.7524915,1.7945119,0.047408238,-1.2853597,0.6290539,0.39260593,0.16108501,1.6726283,1.0457734,-1.1599069,0.12725976,0.36957666,0.24426143,0.06799905,0.4541675,0.4658133,0.17405263,0.08719103,-0.15241842,0.045099597,1.907997,0.48253652,0.35984063,-0.6273479,0.5060789,0.5743817,0.3278811,0.47971752,-0.33513784,0.39708656,2.670045,-0.070431575,-0.395293,0.13027464,0.13071346,0.43746153,-0.410489,-0.62810504,-0.7867115,0.251441,1.1303848,0.62052363,0.071733035,-0.77297854,0.24585792,0.2649759,0.34432083,-0.34172675,0.5616392,-1.6976655,0.08661991,-1.5813948,0.2505747,-0.3020084,-0.4253878,-0.10769104,-0.3245889,-0.44157535,-0.038365427,4,0
72,-1.8976706,-0.30014956,-0.45325434,-1.3642331,-2.0464277,0.14097086,-0.05605118,-0.9122068,0.2873465,0.5604134,-0.41327873,-0.5677094,-0.7418665,0.43532267,0.66971505,-2.9862485,0.5474578,-1.9757894,0.14230031,-0.5180502,1.1192236,2.045409,-0.78929013,-2.896731,-0.6389783,0.32041878,0.74951744,0.61670035,-0.1619904,1.7563883,0.2373517,1.7698452,1.7953962,0.043105543,-0.016549058,0.6251365,0.41207123,0.15599999,1.6453207,1.0658994,-1.1582311,0.13324527,0.37585115,0.2511163,0.087332584,0.44311467,0.44258517,0.1772004,0.100339204,-0.17095336,0.038700525,2.0253155,0.51765203,0.33748364,-0.26321366,0.48125696,0.56615835,0.29228204,0.5221192,-0.3809037,0.4001182,2.7232552,-0.1308836,-0.38124377,0.17800191,0.08549532,0.4168227,-0.39472035,-0.68748474,-0.85985947,0.21874718,1.1517824,0.60577965,0.0720783,-1.4554518,0.28022465,0.2419824,0.34085962,-0.3772652,0.6064789,-1.6960155,0.09408217,-1.5686424,0.23585536,-0.33277452,-0.41641444,-0.13973483,-0.30185223,-0.41623285,-0.08651477,4,0
73,-1.8976706,-0.32836616,-0.4768285,-1.7365421,-2.1102087,0.14097086,-0.07977707,-0.9122068,0.2302198,0.55999243,-0.41327873,-0.6041402,-0.7418665,0.43532267,0.66971505,-2.9862485,0.5474578,-1.9757894,0.14230031,-0.51532274,1.1192236,2.045409,-0.78929013,-2.896731,-0.53508055,0.31014258,0.6627314,0.6274501,-0.18060668,1.8674259,0.23325504,1.8725208,1.8006284,0.017647898,-0.11454408,0.6212191,0.43070412,0.14742287,1.6164937,1.0884804,-1.1483167,0.16865948,0.41297498,0.29167438,0.6123317,0.43117368,0.4171228,0.18053041,0.11480808,-0.19098559,0.038700525,2.0253155,0.51765203,0.33748364,-0.101918995,0.456435,0.5559695,0.25653553,0.5627266,-0.42501447,0.3891384,2.7232552,-0.13088161,-0.38054362,-0.21689555,0.04027706,0.392415,-0.37842035,-0.7451998,-0.93114734,0.18219346,1.2768236,0.519166,0.086422965,-1.5715574,0.31797862,0.21416928,0.33648357,-0.4167187,0.6558406,-1.6862527,0.13823308,-1.5737993,0.25196907,-0.36004934,-0.43188214,-0.1747348,-0.29421213,-0.39118192,-0.13640675,4,0
74,-1.8877409,-0.34605095,-0.51564443,-2.0741577,-2.1680381,0.20507342,-0.11705732,-0.91202384,0.1783766,0.5597286,-0.3781882,-0.627512,-0.75676346,0.42569885,0.66971505,-3.0693798,0.53552973,-1.9988245,0.14230031,-0.5136132,1.1192236,2.045409,-0.81720513,-2.896731,-0.4699623,0.30370197,0.60833794,0.6341875,-0.1922745,1.937019,0.20279452,1.9662619,1.8082219,-0.022150591,-0.8066361,0.6181149,0.44867307,0.1375135,1.587203,1.1125797,-1.1343684,0.19084409,0.47160175,0.32820815,1.1549872,0.4192169,0.39078993,0.18391436,0.13001727,-0.21126588,0.021827813,2.0627186,0.53572536,0.3338276,-0.35423946,0.4311714,0.5451299,0.21917932,0.6035525,-0.46889815,0.38225684,2.7243788,-0.13088036,-0.38010484,-0.3684214,-0.004941201,0.36615765,-0.36198932,-0.8026576,-1.0012397,0.1592835,1.3551936,0.46488056,0.09541337,-1.3032647,0.3557326,0.18555298,0.33184922,-0.45580092,0.7047527,-1.6701459,0.1930649,-1.5742717,0.2743074,-0.40312317,-0.4459747,-0.21009713,-0.28573555,-0.36562067,-0.18629856,4,0
75,-1.861137,-0.34605095,-0.58005434,-2.3535173,-2.2158737,0.37681675,-0.17709807,-0.9115336,0.13540536,0.5597286,-0.28417385,-0.62895477,-0.79667544,0.39991462,0.66971505,-3.2921052,0.503572,-2.0605397,0.14230031,-0.5136132,1.1192236,2.045409,-0.8919947,-2.896731,-0.4699623,0.30370197,0.60833794,0.6341875,-0.1922745,1.937019,0.12806316,2.0449998,1.8197806,-0.08603011,-2.496333,0.6163763,0.46552712,0.12536684,1.5571343,1.139229,-1.1136461,0.1908134,0.56633615,0.35798433,1.7272915,0.4072337,0.36299628,0.1873892,0.14646962,-0.23196274,-0.02337793,2.162929,0.5841473,0.32403216,-1.3011005,0.4051662,0.5331974,0.17912014,0.64474535,-0.51240045,0.38225684,2.727389,-0.13088036,-0.38010484,-0.111278825,-0.050159283,0.33679518,-0.34533808,-0.8596835,-1.0693244,0.1592835,1.3551936,0.46488056,0.09541337,-0.38949212,0.39348644,0.1555889,0.3267809,-0.49425974,0.7529097,-1.6433858,0.26583135,-1.5668775,0.3070982,-0.47272664,-0.45775804,-0.24606778,-0.2758544,-0.33920264,-0.23619029,4,0
76,-1.8498962,-0.14780518,-0.60726947,-2.4715552,-2.2360857,0.4493834,-0.20246707,-0.9045797,0.117248766,0.63995326,-0.24445,-0.6295644,-0.8484606,0.37786037,0.7220641,-3.482676,0.47622797,-2.1123931,0.18870895,-0.50727,1.1475177,2.049607,-0.9541201,-2.8916395,-0.4699623,0.29924503,0.5633316,0.6341875,-0.1922745,1.937019,0.092698604,2.0782688,1.830618,-0.062928155,-2.2685685,0.61463755,0.48174536,0.115492985,1.5274515,1.1643946,-1.0984533,0.2050939,0.59948283,0.3667974,1.6763154,0.39525044,0.33244917,0.19149469,0.16243894,-0.25244877,-0.022160267,2.2484562,0.6312905,0.3048883,-0.7288099,0.37866685,0.52005756,0.13698658,0.68576896,-0.5549912,0.36759216,2.724828,-0.17324421,-0.3752074,-0.34607023,-0.09524247,0.30503672,-0.3283674,-0.91624916,-1.1356405,0.14159325,1.3551936,0.4643426,0.103172176,-0.44561875,0.4312403,0.12417948,0.3214642,-0.53215075,0.8003827,-1.641021,0.2498561,-1.5592686,0.27753967,-0.51541007,-0.4571722,-0.28130585,-0.25241044,-0.31220776,-0.28599113,4,0
77,-1.8498962,0.19549517,-0.60726947,-2.4715552,-2.2360857,0.4493834,-0.20246707,-0.8928963,0.117248766,0.77887744,-0.24445,-0.6295644,-0.9089332,0.35853514,0.8127164,-3.64972,0.45225972,-2.15703,0.26907438,-0.4962856,1.1965144,2.0568771,-1.0069789,-2.8828225,-0.4699623,0.2915271,0.48539466,0.6341875,-0.1922745,1.937019,0.086138,2.0782688,1.8409281,0.023817312,-0.6378151,0.61289895,0.49749854,0.10728214,1.498051,1.1884747,-1.0873061,0.2298459,0.58756626,0.36027214,1.1692904,0.3832672,0.2998879,0.19606136,0.17805481,-0.27278063,0.013025124,2.3232403,0.677498,0.2789042,0.9550304,0.35180587,0.50603443,0.09333524,0.7266688,-0.59691507,0.34219754,2.7181907,-0.24660529,-0.3667264,-0.9408054,-0.14022702,0.2715248,-0.31116313,-0.97247833,-1.2006629,0.11095966,1.3551936,0.4634109,0.116608076,-1.2114118,0.46899414,0.09171224,0.31596622,-0.56962615,0.84735507,-1.6565057,0.16894937,-1.5515028,0.2023607,-0.53839624,-0.4475356,-0.31600803,-0.21904267,-0.28479075,-0.3357255,4,0
78,-1.8498962,0.27043974,-0.6571652,-2.4715552,-2.2360857,0.4493834,-0.24892743,-0.89034575,0.09156202,0.8092054,-0.24445,-0.6295644,-0.9221348,0.35431638,0.83250636,-3.6861866,0.4470273,-2.1667745,0.28661862,-0.4935387,1.2072105,2.0584643,-1.0185182,-2.8334453,-0.38874644,0.28513104,0.35425,0.5129451,-0.15028791,1.9367195,0.07743161,2.0782688,1.8562597,-0.018381646,-0.33314508,0.6111602,0.5116149,0.097704895,1.4688151,1.2134764,-1.0679922,0.23524939,0.65315026,0.37621322,1.4910573,0.37128398,0.26617673,0.20055473,0.19437078,-0.29424036,0.020706281,2.3395662,0.68758535,0.27323174,0.7465304,0.32494488,0.48996437,0.04971838,0.7654886,-0.6369959,0.33526096,2.665942,-0.26264876,-0.3647812,-0.6383661,-0.18395437,0.23680271,-0.29402348,-1.0257188,-1.2614353,0.08166749,1.3524909,0.39359373,0.14079024,-1.3450506,0.50673705,0.06086671,0.308476,-0.60662997,0.89392006,-1.6455307,0.21505012,-1.5627004,0.22464529,-0.5935238,-0.45222598,-0.35171413,-0.20044078,-0.2573738,-0.38460702,4,0
79,-1.8498962,0.27043974,-0.7209954,-2.4715552,-2.2360857,0.4493834,-0.30836296,-0.89034575,0.058701683,0.8092054,-0.24445,-0.6295644,-0.9221348,0.35431638,0.83250636,-3.6861866,0.4470273,-2.1667745,0.28661862,-0.49309242,1.2072105,2.0584643,-1.0185182,-2.7727404,-0.28484914,0.27910405,0.20824574,0.35784307,-0.096575625,1.9363363,0.068125956,2.0782688,1.8729938,-0.09659134,-0.39881414,0.60942155,0.52527446,0.08774603,1.4396253,1.2387356,-1.0463976,0.23524939,0.7403779,0.3984287,2.0442832,0.3593007,0.23214304,0.205028,0.21088223,-0.31601498,0.020706281,2.3395662,0.68758535,0.27323174,0.009551208,0.29808387,0.47332233,0.006111162,0.80372757,-0.676562,0.3334785,2.6009557,-0.26268497,-0.36466116,-0.08537046,-0.22733071,0.20174283,-0.27690196,-1.0781248,-1.3210211,0.052750044,1.3490337,0.30453867,0.16797344,-1.3021458,0.5444768,0.030474734,0.30042955,-0.64350206,0.9403715,-1.6271662,0.29662034,-1.5791942,0.27414882,-0.6576276,-0.46091738,-0.3877007,-0.18596259,-0.22995682,-0.43325046,4,0
80,-1.8236669,0.29091775,-0.78539723,-2.248567,-2.0704226,0.5694956,-0.353119,-0.8649721,-0.002319644,0.8652378,-0.39474088,-0.60644907,-0.98175585,0.35431638,0.83250636,-3.7829008,0.4470273,-2.2286925,0.28661862,-0.49308613,1.1971204,2.0584643,-1.0933635,-2.7718856,-0.28338605,0.27901918,0.20618977,0.35565892,-0.07204925,1.9363309,-0.0026085952,1.8613213,1.8861204,-0.20269367,-1.8692191,0.6092066,0.5345146,0.076204605,1.4151433,1.26347,-1.0024737,0.22921227,0.77021194,0.4231748,3.234469,0.34799555,0.19559933,0.2100207,0.22487462,-0.33901158,0.06876759,2.4171746,0.7286502,0.27323174,1.0058457,0.27003568,0.45303878,-0.039774086,0.84133935,-0.716044,0.32989216,2.603978,-0.26275796,-0.3658124,-0.11982528,-0.27070695,0.16263579,-0.2597112,-1.1299086,-1.3777094,0.05234275,1.3488007,0.3032846,0.16835622,-0.5888331,0.5822166,-0.0014728972,0.2917581,-0.6790449,0.98597634,-1.6285114,0.40443438,-1.5761999,0.34130737,-0.6795788,-0.47166786,-0.41871288,-0.18575871,-0.20093158,-0.48189387,4,0
81,-1.8021218,0.30773884,-0.8375601,-2.0653994,-1.9343429,0.6681588,-0.38919523,-0.8441295,-0.05206402,0.9112641,-0.5181937,-0.58729005,-1.0422286,0.35645205,0.8497432,-3.8623443,0.5314231,-2.2795532,0.30189946,-0.4914549,1.1873727,2.0609658,-1.1763347,-2.7476828,-0.28338605,0.27835962,0.18538487,0.3074799,-0.05252398,1.9318497,-0.06060424,1.6831151,1.8967094,-0.28894418,-2.7505603,0.60901344,0.5435089,0.06479585,1.3907745,1.2880852,-0.9666434,0.22410066,0.79370916,0.4432451,3.7602572,0.33670512,0.15908167,0.21497881,0.23876579,-0.36192393,0.13171156,2.4846966,0.7656837,0.27084482,2.1301026,0.2419706,0.43140268,-0.08522367,0.87975967,-0.75460833,0.3208851,2.583,-0.27705276,-0.366486,-0.2808872,-0.31344214,0.12356228,-0.24274917,-1.1811318,-1.432517,0.04815947,1.3439218,0.30303884,0.17232965,-0.10797511,0.6197919,-0.03224721,0.2824647,-0.71443444,1.0308845,-1.629829,0.49205217,-1.5722684,0.3940382,-0.70302784,-0.48017067,-0.4463228,-0.18123464,-0.17188169,-0.5300206,4,0
82,-1.8021218,0.30773884,-0.8375601,-2.0653994,-1.9343429,0.6681588,-0.38919523,-0.8441295,-0.05206402,0.9112641,-0.5181937,-0.5863883,-1.1027012,0.36768398,0.94039553,-3.8623443,0.9752801,-2.2795532,0.3822649,-0.4828756,1.1796969,2.0741212,-1.2893627,-2.6203957,-0.28338605,0.2748909,0.0759668,0.054095317,-0.05252398,1.9082818,-0.06060424,1.6831151,1.8967094,-0.28894418,-1.037484,0.60882026,0.55172455,0.05404876,1.3666024,1.3122247,-0.9666434,0.22329797,0.79370916,0.4432451,1.4174713,0.32543612,0.12282993,0.21975724,0.2523793,-0.38440326,0.25512078,2.5045385,0.78304774,0.25829148,3.6939368,0.21390551,0.4042273,-0.12867908,0.9216623,-0.7892693,0.28889695,2.4556606,-0.35191962,-0.36504856,-0.94546044,-0.35344622,0.08487818,-0.22676508,-1.230006,-1.47949,0.026157582,1.3190577,0.30174616,0.19322632,-0.6579806,0.6566666,-0.0579299,0.27056134,-0.74925125,1.0728765,-1.629829,0.49205217,-1.5655315,0.38424417,-0.7354208,-0.47897476,-0.4597442,-0.15744142,-0.14282475,-0.57594657,4,0
83,-1.8021218,0.30773884,-0.8629613,-2.0653994,-1.9343429,0.6681588,-0.40237093,-0.8441295,-0.0702067,0.8941639,-0.5634796,-0.58584213,-1.1393255,0.37448645,0.99529773,-3.727103,1.2440951,-2.2668483,0.43093696,-0.47666273,1.1750482,2.1186779,-1.3578162,-2.5140507,-0.24241233,0.27135372,0.0035254033,-0.19856296,-0.036276136,1.8693366,-0.06250076,1.6831151,1.9016833,-0.35342744,-0.04535167,0.608627,0.55910337,0.041626945,1.3422892,1.3376772,-0.9602208,0.22093306,0.8092484,0.45459494,0.33869627,0.3141671,0.086835116,0.22434707,0.2656735,-0.40751123,0.32986152,2.4786053,0.793564,0.25068876,3.6216543,0.18608394,0.3760244,-0.17020887,0.96103346,-0.8241929,0.26547045,2.3502204,-0.39743114,-0.36390004,-1.1474264,-0.3926753,0.04703728,-0.21075502,-1.2776662,-1.524033,0.012435666,1.2797967,0.26583824,0.20689556,-0.7841028,0.6926356,-0.08022992,0.2574126,-0.7831844,1.1130584,-1.6286105,0.55562735,-1.5663539,0.41912785,-0.7665295,-0.4825109,-0.4820664,-0.1424917,-0.11405211,-0.6208846,4,0
84,-1.8021218,0.30773884,-0.92737144,-2.0653994,-1.9343429,0.6681588,-0.43578088,-0.8441295,-0.11621138,0.85080254,-0.6783119,-0.58584213,-1.1393255,0.37448645,0.99529773,-3.3841689,1.2440951,-2.2346318,0.43093696,-0.47408396,1.1750482,2.2114584,-1.3578162,-2.4398668,-0.13851462,0.26771146,-0.012130092,-0.4501058,0.0049238037,1.8067762,-0.06730949,1.6831151,1.9142962,-0.51693875,-0.1603851,0.6084339,0.5651967,0.026633443,1.3177596,1.3651463,-0.94393486,0.21616918,0.8486513,0.4833748,1.2010846,0.30289805,0.051237382,0.22864701,0.27847746,-0.4315847,0.32986152,2.3823736,0.793564,0.25068876,1.036758,0.15863648,0.34624347,-0.20878144,0.99651736,-0.85951966,0.25519317,2.2784116,-0.39786118,-0.36319503,-0.638958,-0.43071437,0.010491637,-0.19470516,-1.323462,-1.5648439,0.011429119,1.2184262,0.1767711,0.2094653,-0.25925964,0.7272138,-0.097335674,0.24235183,-0.81576073,1.1504605,-1.6255206,0.71683574,-1.5787854,0.52262396,-0.79566574,-0.49331355,-0.51805794,-0.14112304,-0.08571607,-0.66430503,4,0
85,-1.786197,0.31430733,-0.99178153,-1.9671053,-1.8729934,0.5866238,-0.48614636,-0.85293263,-0.17144576,0.8054252,-0.774251,-0.576342,-1.1755242,0.35895893,0.99529773,-3.2465143,1.1073968,-2.2217002,0.43093696,-0.47304887,1.1750482,2.2487009,-1.3578162,-2.4100893,-0.09680977,0.26624954,-0.018414253,-0.5510759,0.02146158,1.7816644,-0.10932539,1.6016653,1.9225045,-0.7140616,-1.0966158,0.6072064,0.5693688,0.008327767,1.294336,1.393492,-0.9269948,0.20292088,0.9162247,0.52376604,1.5818911,0.2919077,0.015366543,0.23278075,0.29092237,-0.45672315,0.32194173,2.3361075,0.82926863,0.24379729,-0.16670935,0.13118902,0.31663838,-0.24819556,1.0287135,-0.8939083,0.25106782,2.249587,-0.3980338,-0.3629121,-0.29077974,-0.4687532,-0.027140217,-0.17855164,-1.3682925,-1.6047661,0.0110248905,1.193792,0.14101928,0.21049677,-0.03352263,0.76179194,-0.11530361,0.22714843,-0.8478052,1.1872846,-1.6063955,0.91419005,-1.5730232,0.64201814,-0.8453882,-0.5090624,-0.55902845,-0.13362181,-0.057288554,-0.70772535,4,0
86,-1.7595931,0.32528034,-1.0561914,-1.8028976,-1.7705042,0.45041353,-0.5478818,-0.867639,-0.23286925,0.7586962,-0.8575208,-0.5604711,-1.235997,0.33301908,0.99529773,-3.2465143,0.87903243,-2.2217002,0.43093696,-0.47304887,1.1750482,2.2487009,-1.3578162,-2.4100893,-0.09680977,0.26624954,-0.018414253,-0.5510759,0.02146158,1.7816644,-0.17629147,1.4655972,1.9277595,-0.93372333,-2.583519,0.6052852,0.5722528,-0.012198989,1.2716541,1.4224256,-0.9096161,0.1839831,1.0026885,0.57194364,1.6397619,0.28110427,-0.020686664,0.2368033,0.30312648,-0.48257586,0.30871165,2.3233464,0.88891584,0.23228455,-0.44382796,0.10374162,0.28715104,-0.288174,1.0587052,-0.92766774,0.25106782,2.249587,-0.3980338,-0.3629121,-0.050087817,-0.506792,-0.06550062,-0.16232866,-1.4124757,-1.6440923,0.0110248905,1.193792,0.14101928,0.21049677,-0.008357999,0.79637,-0.13384955,0.2118495,-0.879493,1.223721,-1.5765175,1.1357828,-1.5550607,0.77207285,-0.90891504,-0.5281277,-0.6033379,-0.12200827,-0.028799728,-0.75114566,4,0
87,-1.7543474,0.32744402,-1.0688918,-1.7705193,-1.7502955,0.42355576,-0.5600547,-0.8705388,-0.24498074,0.7494822,-0.87393993,-0.55734175,-1.2964696,0.3070793,1.0680753,-2.9237552,0.69663554,-2.2097964,0.49545598,-0.46450904,1.2041135,2.4074004,-1.2447283,-2.2680335,-0.09680977,0.2612021,-0.018414253,-0.6151848,0.02146158,1.7172878,-0.18949568,1.4387674,1.9287957,-0.977036,-1.5906371,0.6033641,0.57444626,-0.031772304,1.249169,1.4509823,-0.9061894,0.18024895,1.0197374,0.5814433,0.9123723,0.2703008,-0.05650809,0.24065198,0.31511572,-0.5079736,0.33707237,2.249844,0.93535966,0.20641072,0.37268296,0.07652242,0.25750008,-0.32538655,1.0816771,-0.9640277,0.23437314,2.1070242,-0.45895925,-0.35716,-0.39360914,-0.5410674,-0.09545316,-0.1459888,-1.4515591,-1.6752683,-0.0014134573,1.1260196,0.13993326,0.20978037,-0.3143368,0.8285849,-0.14858429,0.19646543,-0.90830606,1.2556396,-1.5706261,1.1794763,-1.5380628,0.7793016,-0.94780207,-0.52710253,-0.6382779,-0.09628951,-0.00057732285,-0.79081434,4,0
88,-1.7543474,0.32744402,-1.0692502,-1.7705193,-1.7502955,0.42355576,-0.56038135,-0.8706165,-0.24526921,0.74895126,-0.87437993,-0.55734175,-1.3565162,0.2813222,1.158089,-2.5245564,0.52673405,-2.195008,0.5752553,-0.45389146,1.2406064,2.603685,-1.103877,-2.0923147,-0.09607781,0.2549248,-0.017892761,-0.6944767,0.020468296,1.6367918,-0.1894959,1.4387674,1.9287964,-0.97842336,8.317064e-06,0.601443,0.57645583,-0.051142313,1.2267241,1.479472,-0.90608555,0.18018295,1.0201738,0.5816811,0.0040970445,0.25949737,-0.09226394,0.24445309,0.3270525,-0.53326946,0.37537637,2.1619802,0.97825617,0.17721686,1.4444612,0.049360577,0.22780114,-0.36191484,1.1029103,-1.0010083,0.21371087,1.9306189,-0.5343147,-0.34996688,-0.8740884,-0.574418,-0.12332986,-0.12961444,-1.4893641,-1.704444,-0.016725082,1.0412474,0.13796602,0.20878577,-0.6943702,0.8601873,-0.16236126,0.18107481,-0.93639314,1.2863872,-1.5704486,1.1808408,-1.5214206,0.7574029,-0.98072726,-0.52121335,-0.6709389,-0.06736975,0.027578209,-0.8295447,4,0
89,-1.7543474,0.32744402,-1.1201341,-1.7705193,-1.7502955,0.42355576,-0.60674345,-0.8816463,-0.28621823,0.6735954,-0.93683225,-0.55734175,-1.3565162,0.2813222,1.158089,-2.5245564,0.52673405,-2.1856925,0.5752553,-0.44605604,1.3178753,2.603685,-0.9647008,-2.0894768,0.007819441,0.25002518,0.056130264,-0.6944767,-0.12052647,1.5129169,-0.18952706,1.4387674,1.9288982,-1.1753653,-0.00073695823,0.5995219,0.5764519,-0.07485886,1.2031329,1.5115614,-0.8913496,0.17081398,1.0821255,0.61545,0.7844076,0.24869393,-0.12675399,0.24752757,0.33904487,-0.55995315,0.37537637,2.1526744,0.97825617,0.17721686,0.63646495,0.022376029,0.19697759,-0.39775363,1.1220831,-1.035435,0.21169613,1.9193449,-0.5344436,-0.33877188,-0.4342646,-0.6076938,-0.14968376,-0.1124084,-1.5235547,-1.7338039,-0.0063921683,0.9065054,0.049393546,0.19337879,-0.048757244,0.8872744,-0.17315203,0.16773751,-0.9616517,1.3084623,-1.545267,1.3745366,-1.5215209,0.88205916,-1.0263003,-0.5252651,-0.7067305,-0.0755757,0.055526804,-0.8659019,4,0
90,-1.759968,0.3396149,-1.1686639,-1.6966624,-1.7548491,0.42587936,-0.65290093,-0.89329743,-0.32049197,0.5944151,-1.0137558,-0.55661774,-1.3692923,0.2758419,1.158089,-2.5245564,0.52673405,-2.1783452,0.5752553,-0.43987605,1.3788198,2.5699675,-0.85492814,-2.0872388,0.08976651,0.24616073,0.11451466,-0.6867551,-0.23173346,1.4152131,-0.17590006,1.4388422,1.9293828,-1.3639494,0.32539985,0.59763026,0.5762812,-0.09804601,1.1793455,1.5440367,-0.8775598,0.1623787,1.1450671,0.6457438,1.3497665,0.23791173,-0.16056038,0.25034574,0.35094494,-0.5870481,0.37518042,2.1453347,0.9905147,0.17439646,-0.0049313637,-0.0046085203,0.16582519,-0.43355304,1.1409287,-1.0694122,0.21010697,1.9073925,-0.5345453,-0.3299421,-0.07739313,-0.64096975,-0.17667095,-0.09541597,-1.5572189,-1.7632458,0.0017575301,0.7996719,-0.020466372,0.1812269,0.40588668,0.9143615,-0.18429948,0.15449528,-0.98672557,1.3304694,-1.5200758,1.5589339,-1.5172423,0.9992247,-1.0725889,-0.5299087,-0.7440668,-0.07920285,0.08348233,-0.90225923,4,0
91,-1.7865716,0.39722347,-1.2084048,-1.3470759,-1.7764026,0.43687767,-0.69829476,-0.90726846,-0.32984447,0.500957,-1.1447043,-0.5531911,-1.4297649,0.2499021,1.158089,-2.5245564,0.52673405,-2.1783452,0.5752553,-0.43987605,1.3788198,2.4103715,-0.85492814,-2.0872388,0.08976651,0.24616073,0.11451466,-0.65020627,-0.23173346,1.4152131,-0.111283086,1.4391963,1.9312967,-1.5213308,1.8718885,0.5958486,0.57548857,-0.119256526,1.1548256,1.5779532,-0.8673019,0.15742896,1.2117027,0.6630645,1.1126442,0.22720878,-0.1918199,0.2522085,0.36250013,-0.6156788,0.37425283,2.1453347,1.0485383,0.16104653,-0.024358748,-0.031593002,0.13344534,-0.46920532,1.1585529,-1.1017114,0.21010697,1.8929075,-0.5345453,-0.3299421,-0.030208299,-0.6742456,-0.20602283,-0.07922127,-1.5889174,-1.792993,0.0017575301,0.7970293,-0.020466372,0.1812269,0.14758384,0.9414487,-0.1967819,0.14160918,-1.01111,1.3522228,-1.494849,1.7086171,-1.4966168,1.0884254,-1.1215476,-0.53676313,-0.7871702,-0.065736055,0.111463904,-0.9386164,4,0
92,-1.8021218,0.43089622,-1.2316335,-1.1427398,-1.7890007,0.4433063,-0.72482765,-0.9154346,-0.33531114,0.44633004,-1.2212447,-0.55118823,-1.4902376,0.22396223,1.1795207,-2.3839073,0.7111541,-2.1596696,0.60864663,-0.43489996,1.3930118,2.2673173,-0.77233493,-2.007066,0.08976651,0.24333224,0.11451466,-0.62884325,-0.2785234,1.369436,-0.07351395,1.4394032,1.9324155,-1.6133213,2.1335752,0.594067,0.5742843,-0.13986854,1.1304196,1.6116726,-0.861306,0.1545358,1.250652,0.6731885,0.7483528,0.21650584,-0.22300129,0.2539957,0.37395307,-0.64404786,0.38706568,2.1176949,1.1017042,0.14336126,0.25208297,-0.058219567,0.098955624,-0.5016739,1.176417,-1.1344361,0.2011442,1.7923218,-0.5665938,-0.32680264,-0.21253529,-0.7053976,-0.23131478,-0.06391146,-1.6168385,-1.8197212,-0.005161476,0.74704796,-0.02126808,0.18078718,-0.1763571,0.96685535,-0.20786583,0.12969425,-1.0342022,1.3707368,-1.4801037,1.796108,-1.4770923,1.1328537,-1.164031,-0.538158,-0.8269888,-0.04813015,0.13902764,-0.97267807,4,0
93,-1.8021218,0.43089622,-1.2316335,-1.1427398,-1.7890007,0.4433063,-0.72482765,-0.9154346,-0.33531114,0.44633004,-1.2212447,-0.55118823,-1.5507106,0.19802228,1.2311021,-2.0453956,1.1550131,-2.1147223,0.6890124,-0.42292368,1.4271691,2.1475334,-0.5735512,-1.8141072,0.08976651,0.2365248,0.11451466,-0.62884325,-0.3911366,1.2592607,-0.07351395,1.4394032,1.9324155,-1.6133213,0.5878252,0.59228545,0.57250154,-0.15963857,1.1061743,1.6451151,-0.861306,0.1545358,1.250652,0.6731885,0.20516227,0.2058029,-0.25407216,0.25567645,0.38526216,-0.67204905,0.41920757,2.0511718,1.1480356,0.119577,0.94474804,-0.08434237,0.061497524,-0.5296636,1.1946183,-1.1677591,0.17957275,1.5706115,-0.6437278,-0.31924662,-0.71773547,-0.73356164,-0.25089476,-0.049846567,-1.6394457,-1.8422023,-0.021813758,0.63047135,-0.023197694,0.17972854,-0.5926366,0.9898982,-0.21698228,0.1191458,-1.0554767,1.3846935,-1.4801037,1.796108,-1.4591166,1.1142974,-1.1974051,-0.5318731,-0.8621863,-0.024701389,0.16600339,-1.0035102,4,0
94,-1.8186089,0.43089622,-1.2514321,-1.1427398,-1.7890007,0.4433063,-0.7441822,-0.92196625,-0.33531114,0.4030218,-1.2865825,-0.55118823,-1.5737069,0.18815796,1.2507174,-1.9166678,1.3238019,-2.0976295,0.7195736,-0.41836938,1.440158,2.1019826,-0.4979584,-1.7347003,0.15415418,0.23076533,0.13286416,-0.6351244,-0.48634955,1.1613758,-0.032607213,1.4394032,1.9308691,-1.6784575,0.97857034,0.5905038,0.56975526,-0.18013488,1.0815188,1.6794076,-0.8571913,0.15716115,1.2797257,0.6788288,0.2164861,0.19509996,-0.2835053,0.25672835,0.39637074,-0.7008889,0.4314306,2.0258746,1.1656545,0.11053242,0.7909323,-0.11046517,0.023523595,-0.5573723,1.2117664,-1.1998329,0.17136942,1.4799905,-0.67305994,-0.3163733,-0.5967676,-0.761566,-0.27053207,-0.03591509,-1.6614053,-1.8640131,-0.022864368,0.5295744,-0.07918151,0.1751655,-0.36092412,1.0108856,-0.22427364,0.10955926,-1.0754994,1.3950697,-1.4666439,1.8572512,-1.4507567,1.1484694,-1.2314576,-0.53171515,-0.8978973,-0.018008007,0.19297914,-1.0331774,4,0
95,-1.8452125,0.43089622,-1.2833794,-1.1427398,-1.7890007,0.4433063,-0.7754131,-0.9325057,-0.33531114,0.3331387,-1.3920127,-0.55118823,-1.5737069,0.18815796,1.2507174,-1.9166678,1.3238019,-2.0976295,0.7195736,-0.41836938,1.440158,2.1019826,-0.4979584,-1.7249714,0.25805148,0.22564898,0.1624734,-0.6452598,-0.57088536,1.0710324,0.033400938,1.4394032,1.9283738,-1.7835624,2.5575905,0.5887222,0.5664178,-0.20107684,1.0566113,1.7142217,-0.8505517,0.1613976,1.3266398,0.6879299,0.56807196,0.18439703,-0.3119323,0.2573939,0.4073562,-0.73024344,0.4314306,2.0258746,1.1656545,0.11053242,0.11769747,-0.1365879,-0.01476695,-0.5849085,1.2282678,-1.2311403,0.17136942,1.4698087,-0.67305994,-0.3163733,-0.09156962,-0.78947216,-0.2902051,-0.022065429,-1.6829678,-1.8854123,-0.014341477,0.43829885,-0.16833425,0.16845176,0.26841024,1.030612,-0.23044492,0.10056291,-1.094754,1.4032488,-1.4449246,1.9559127,-1.4482975,1.2149966,-1.2659262,-0.53531665,-0.93392336,-0.021583844,0.21995482,-1.0621295,4,0
96,-1.8713998,0.4715818,-1.332097,-1.114659,-1.7456001,0.43215305,-0.80385125,-0.9509889,-0.3078194,0.23654677,-1.4697778,-0.55802375,-1.6235334,0.16678487,1.2507174,-1.9166678,1.3238019,-2.0976295,0.7195736,-0.41836938,1.440158,2.1019826,-0.4979584,-1.7232586,0.27634278,0.22474822,0.16768622,-0.6470441,-0.5857681,1.0551273,0.09952985,1.3846079,1.9230143,-1.9282335,2.8384688,0.58679914,0.56127787,-0.22433567,1.0319177,1.7498145,-0.8532456,0.16989921,1.3854057,0.68653184,0.13573766,0.1734936,-0.33697152,0.25682327,0.41897956,-0.7606855,0.44057375,2.0258746,1.2116249,0.09798779,0.19068465,-0.1627107,-0.05391025,-0.61234146,1.243729,-1.2606707,0.17136942,1.4680161,-0.67305994,-0.3163733,-0.0026284144,-0.81737834,-0.310294,-0.008291026,-1.7038718,-1.9063376,-0.012841043,0.4222296,-0.18402976,0.16726977,0.2036584,1.0503383,-0.23674259,0.09158829,-1.1136346,1.4112628,-1.4154174,2.084361,-1.4251792,1.2967803,-1.3091028,-0.5347633,-0.97441524,-0.009558923,0.24686469,-1.0910819,4,0
97,-1.8967628,0.5195695,-1.3829244,-1.0815382,-1.69441,0.41899794,-0.83090836,-0.9706007,-0.2753935,0.13712995,-1.5396073,-0.5660862,-1.6840059,0.14084509,1.2509549,-1.9104159,1.3363061,-2.0969143,0.7218376,-0.41811648,1.440158,2.1036015,-0.49376038,-1.7178684,0.27634278,0.22464071,0.16768622,-0.6483939,-0.5867998,1.0529357,0.1638207,1.3199782,1.9172109,-2.077045,2.7972927,0.58484584,0.55572426,-0.24804515,1.0072782,1.7855601,-0.85780156,0.17904693,1.4449769,0.68299264,-0.4402042,0.1625473,-0.36128488,0.25598466,0.43073243,-0.7913409,0.45196298,2.0256934,1.2673268,0.082691714,0.42268562,-0.18881974,-0.0933815,-0.6395788,1.2590078,-1.2898539,0.17082658,1.4624738,-0.6752618,-0.31629437,-0.015340401,-0.8451418,-0.33014342,0.0054245284,-1.7244657,-1.9269133,-0.013101972,0.42016372,-0.18406759,0.16725229,-0.009923087,1.069984,-0.24293695,0.08264491,-1.1323655,1.419099,-1.385124,2.215376,-1.3978481,1.3790381,-1.3538238,-0.53329724,-1.0158093,0.0058617922,0.27374446,-1.1198964,4,0
98,-1.8967628,0.5195695,-1.3829244,-1.0815382,-1.69441,0.41899794,-0.83090836,-0.9706007,-0.2753935,0.13712995,-1.5396073,-0.5660862,-1.7444786,0.11490526,1.2593855,-1.6884947,1.7801632,-2.0715294,0.802203,-0.4091405,1.440158,2.1610699,-0.34474337,-1.5265319,0.27634278,0.22082509,0.16768622,-0.6963066,-0.62342185,0.9751428,0.1638207,1.3199782,1.9172109,-2.077045,1.2147672,0.58289254,0.5491878,-0.2702341,0.9829248,1.820836,-0.85780156,0.17904693,1.4449769,0.68299264,-0.1919563,0.15160105,-0.38555065,0.25501347,0.44224787,-0.82133514,0.4734266,2.0192668,1.3198944,0.06494216,0.63982856,-0.21445574,-0.13788337,-0.6608284,1.2756586,-1.320169,0.15155943,1.2657394,-0.7534181,-0.313494,-0.46657303,-0.8679791,-0.3386576,0.017668143,-1.7392136,-1.9389234,-0.022370098,0.34683374,-0.18541099,0.1666325,-0.24161047,1.0868545,-0.24463631,0.074623376,-1.148684,1.4220133,-1.385124,2.215376,-1.3774531,1.36519,-1.3876401,-0.5309677,-1.0554024,0.02343666,0.30007222,-1.143964,4,0
99,-1.9013132,0.5195695,-1.3920404,-1.0815382,-1.69441,0.41899794,-0.83715355,-0.97483486,-0.2753935,0.12294394,-1.5396073,-0.5705708,-1.7908977,0.094993725,1.265857,-1.518147,2.1208699,-2.052044,0.8638919,-0.40225053,1.4461042,2.2134695,-0.23035729,-1.3779656,0.30048802,0.21729156,0.17282729,-0.75963664,-0.65458274,0.90137964,0.1756765,1.3199782,1.9155475,-2.0947707,0.28362218,0.58093923,0.54232734,-0.29247174,0.9584557,1.8562263,-0.8575947,0.18267481,1.4569788,0.68699723,0.009554083,0.14052318,-0.4096619,0.25386536,0.45407435,-0.85155004,0.48990247,2.0143337,1.3602455,0.05131754,0.7020292,-0.2400918,-0.18250622,-0.681986,1.2919453,-1.350002,0.13911349,1.1139687,-0.81315356,-0.31065714,-0.6531923,-0.8907714,-0.34704736,0.02992449,-1.7538638,-1.9507098,-0.025416944,0.28041214,-0.20687552,0.16502911,-0.263926,1.1032094,-0.2450597,0.066472575,-1.1647395,1.4240556,-1.3785117,2.2333188,-1.360158,1.3657798,-1.4223043,-0.5301929,-1.0940511,0.03632654,0.3263567,-1.167736,4,0
100,-1.9208937,0.5195695,-1.431266,-1.0815382,-1.69441,0.41899794,-0.86402667,-0.9930544,-0.2753935,0.061901476,-1.5396073,-0.5898683,-1.7908977,0.094993725,1.265857,-1.518147,2.1208699,-2.052044,0.8638919,-0.40225053,1.4716898,2.2491276,-0.23035729,-1.3706686,0.4043853,0.21469013,0.19494912,-0.8738901,-0.6677056,0.84092724,0.22669171,1.3199782,1.9083894,-2.1710436,1.5039923,0.5789859,0.53439796,-0.31486946,0.9336039,1.8919953,-0.85670465,0.19828545,1.508623,0.7042292,0.056690052,0.12901081,-0.43326464,0.25213394,0.4669285,-0.8824943,0.48990247,2.0143337,1.3602455,0.05131754,0.25245464,-0.26572788,-0.2275284,-0.7028398,1.3070302,-1.3782418,0.14919744,1.1107134,-0.81204504,-0.30770013,0.034208585,-0.9134153,-0.35502613,0.04222308,-1.7681916,-1.9617583,-0.007913292,0.23680925,-0.29480013,0.16017625,0.40531546,1.1178607,-0.24127097,0.057894815,-1.1799264,1.4232177,-1.3500584,2.3105283,-1.353103,1.4140574,-1.4597688,-0.5345527,-1.129581,0.033741947,0.35249862,-1.1905317,4,0
101,-1.9383367,0.5851043,-1.4814875,-0.88628995,-1.6401545,0.47219032,-0.8974006,-1.0122727,-0.26877162,-0.0006114737,-1.5111667,-0.609402,-1.8173013,0.0836679,1.265857,-1.518147,2.1208699,-2.052044,0.8638919,-0.40225053,1.4861042,2.2692165,-0.23035729,-1.366558,0.46291906,0.21322441,0.2227177,-0.93825823,-0.6750988,0.80686945,0.27345082,1.242186,1.8996227,-2.2749634,2.0897076,0.57770735,0.5257909,-0.33659187,0.9101636,1.9273441,-0.85315317,0.21152405,1.5690638,0.7183554,0.22416095,0.11724435,-0.45660686,0.2500365,0.480763,-0.9136905,0.49986574,2.0143337,1.3834364,0.043786492,0.2078615,-0.29136392,-0.2728582,-0.72367704,1.3216072,-1.4054658,0.15487874,1.1088796,-0.81142044,-0.30603427,0.31836128,-0.9360593,-0.36312968,0.05446988,-1.7822742,-1.972706,0.0039794436,0.2122442,-0.34398457,0.15438637,0.6421001,1.1325121,-0.23744439,0.049288526,-1.1949539,1.422374,-1.3163575,2.4107847,-1.3354645,1.4739587,-1.5039057,-0.5387572,-1.1666837,0.038255103,0.37855706,-1.2133273,4,0
102,-1.9530219,0.7352003,-1.5458975,-0.4391081,-1.5158921,0.5940181,-0.9391628,-1.0327799,-0.25360525,-0.065021805,-1.446028,-0.6292405,-1.877774,0.057728074,1.265857,-1.518147,2.1208699,-2.052044,0.8638919,-0.40225053,1.4861042,2.2692165,-0.23035729,-1.366558,0.46291906,0.21322441,0.25777224,-0.93825823,-0.6750988,0.80686945,0.31471804,1.0640165,1.88878,-2.414556,1.8565122,0.5772995,0.5163097,-0.35744253,0.8885443,1.9621503,-0.8461683,0.22170193,1.640855,0.728474,0.5469029,0.105150014,-0.4796113,0.24746622,0.4958625,-0.9452122,0.5226849,2.0143337,1.4365511,0.026537938,0.68582577,-0.317,-0.31858516,-0.7444931,1.3355287,-1.4313793,0.15487874,1.1088796,-0.81142044,-0.30603427,0.08219301,-0.9587033,-0.37139422,0.06664984,-1.7960405,-1.9835236,0.008632856,0.2122442,-0.3431816,0.14738688,0.32087505,1.1471634,-0.23357034,0.040645335,-1.2097757,1.4215231,-1.2758851,2.5407805,-1.3041704,1.548858,-1.5566522,-0.5427614,-1.2058159,0.051926665,0.4045078,-1.236123,4,0
103,-1.9582963,0.7891083,-1.5690308,-0.17790084,-1.4640039,0.6643398,-0.954162,-1.0401453,-0.24815819,-0.08815521,-1.4110138,-0.63636565,-1.9296045,0.031788155,1.2698655,-1.3596984,2.284283,-2.0782115,0.9153937,-0.3942737,1.520045,2.3393238,-0.24242952,-1.2602421,0.46291906,0.20563863,0.27036235,-0.9931723,-0.6815528,0.77782935,0.32953927,0.98692137,1.8848858,-2.4646916,1.1401315,0.57722867,0.50649166,-0.3762547,0.86758673,1.9965341,-0.8436595,0.22402151,1.6666393,0.7321084,0.42578304,0.09305562,-0.5027011,0.24484377,0.5108622,-0.9761452,0.54097456,2.0481582,1.4833502,0.00785994,0.7626107,-0.3431379,-0.36720476,-0.76338124,1.3480057,-1.4598926,0.15025295,1.0132782,-0.861143,-0.29953992,-0.11096044,-0.9785307,-0.37422153,0.077773355,-1.8085765,-1.9884545,-0.00794701,0.19501926,-0.34606647,0.14355557,-0.32529363,1.1607488,-0.22690958,0.031863824,-1.2237738,1.4186857,-1.2613492,2.587469,-1.2821751,1.5660195,-1.5971103,-0.53879774,-1.2417467,0.068727605,0.43104422,-1.2564723,4,0
104,-1.9582963,0.7891083,-1.5690308,-0.02092178,-1.4526774,0.7057952,-0.954162,-1.0401453,-0.24815819,-0.08815521,-1.3928823,-0.63636565,-1.976592,0.0058482396,1.2761204,-1.1124482,2.5392797,-2.119045,0.99575955,-0.38182625,1.5730077,2.4487216,-0.2612676,-1.0943422,0.46291906,0.19380154,0.27036235,-1.0788628,-0.69162387,0.7325138,0.32953927,0.96647286,1.8848858,-2.4646916,0.15295257,0.57734674,0.4964851,-0.39392436,0.8469999,2.0306814,-0.8436595,0.22193699,1.6666393,0.7321084,0.05590358,0.08096123,-0.5258376,0.24219176,0.5258059,-1.0067484,0.5567254,2.1009393,1.5266095,-0.0116192,0.614557,-0.36955687,-0.4174456,-0.78118896,1.3596724,-1.489863,0.14303483,0.8640975,-0.93873215,-0.28940594,-0.28000647,-0.9967797,-0.37400147,0.08830477,-1.8204229,-1.9900861,-0.03642689,0.16814072,-0.35101807,0.14149974,-1.1535751,1.1737367,-0.21868804,0.023004662,-1.2373103,1.4147351,-1.2613492,2.587469,-1.2653913,1.5508221,-1.6306814,-0.53036857,-1.275883,0.087282345,0.45790893,-1.2754507,4,0
105,-1.9582963,0.7768546,-1.623462,0.0033982368,-1.4509225,0.71221775,-0.98526007,-1.0544374,-0.25093514,-0.11163548,-1.3900733,-0.64825356,-1.9838717,0.0018294854,1.2770896,-1.0741429,2.5787852,-2.1253712,1.0082102,-0.37989783,1.6084566,2.46567,-0.2641861,-1.0551087,0.55072004,0.18445608,0.33219844,-1.0921384,-0.69318414,0.6934324,0.33795387,0.9633049,1.8699989,-2.5079515,0.20130295,0.5774648,0.48564768,-0.41172498,0.8261745,2.0645661,-0.835169,0.2333048,1.7144163,0.7495731,0.4481959,0.068518154,-0.5497252,0.23917939,0.5415169,-1.0381914,0.5591657,2.1091166,1.5333114,-0.014637038,0.3128201,-0.39597586,-0.46799397,-0.79865044,1.370027,-1.5179361,0.15310544,0.82801765,-0.949272,-0.28471783,0.098693706,-1.0146701,-0.37315252,0.09861996,-1.8316249,-1.9910402,-0.029244276,0.13570577,-0.42701933,0.1273772,-0.39039293,1.1855477,-0.20913282,0.01440426,-1.249882,1.4095228,-1.2265124,2.6353216,-1.248118,1.5758492,-1.6703444,-0.53338027,-1.3115734,0.08280473,0.48465893,-1.293582,4,0
106,-1.9575828,0.74861807,-1.6878719,0.030305842,-1.4433545,0.72122663,-1.0234973,-1.0713578,-0.25479436,-0.13850717,-1.3857366,-0.66214305,-1.9838717,0.0005507062,1.2770896,-1.0741429,2.5787852,-2.125857,1.0082102,-0.37989783,1.6391053,2.46567,-0.26487917,-1.0398856,0.6494953,0.17600559,0.40206534,-1.0918962,-0.6930789,0.65736425,0.34650537,0.95337415,1.8520135,-2.5550418,0.39412513,0.57769716,0.47466356,-0.42936504,0.8056082,2.098203,-0.82416725,0.24651934,1.7718952,0.7707477,1.0045503,0.055995982,-0.5738849,0.23609932,0.55744195,-1.0698111,0.5572104,2.109598,1.5343722,-0.015598445,-0.04178224,-0.4224041,-0.5186303,-0.8160598,1.38007,-1.5455488,0.16569234,0.81345046,-0.9476061,-0.28120995,0.5389049,-1.0324945,-0.37221053,0.10888734,-1.8426973,-1.9918661,-0.01615648,0.1038421,-0.511648,0.11178691,0.5967284,1.1971428,-0.19934857,0.0058556995,-1.2622577,1.4040878,-1.1845238,2.6885538,-1.2299796,1.6049055,-1.7118547,-0.5388419,-1.3465593,0.07547101,0.5113938,-1.3115579,4,0
107,-1.9431103,0.45548028,-1.7522818,0.57611555,-1.2898409,0.9039683,-1.0894697,-1.0884334,-0.26970795,-0.14776878,-1.297766,-0.6726033,-1.9838717,-0.02538912,1.2770896,-1.0741429,2.5787852,-2.135716,1.0082102,-0.37989783,1.6391053,2.46567,-0.27893737,-1.0398856,0.6494953,0.17600559,0.40819135,-1.086982,-0.6909425,0.65736425,0.32794842,0.7519341,1.8269054,-2.5230665,-0.28797448,0.58013344,0.46378765,-0.44344753,0.79088306,2.1279855,-0.79475117,0.24778819,1.8475674,0.8017081,2.0301988,0.04318213,-0.6006526,0.23298691,0.5747835,-1.1018668,0.5175479,2.1193614,1.5558902,-0.035100073,-0.8725423,-0.44901207,-0.5698742,-0.833685,1.3887514,-1.5709945,0.16569234,0.81389016,-0.9476061,-0.28120995,0.22883318,-1.0503193,-0.3717029,0.11899703,-1.8535504,-1.99261,-0.015266412,0.10264104,-0.51146674,0.11055531,0.27597806,1.2087381,-0.1898607,-0.0026100038,-1.2742662,1.3988138,-1.1277717,2.6763504,-1.1968839,1.5694512,-1.7674526,-0.5510939,-1.3624709,0.09448743,0.5382428,-1.3295339,4,0
108,-1.9316056,0.23665942,-1.8003623,1.0173258,-1.1740757,1.0403808,-1.1387163,-1.1011801,-0.28084055,-0.15468235,-1.2057095,-0.68041176,-1.9685402,-0.051328946,1.2833408,-1.049885,2.5882375,-2.1430757,1.0285847,-0.3773456,1.6644677,2.4037058,-0.28943148,-1.0039414,0.6494953,0.17462046,0.41276437,-1.0833137,-0.68934786,0.6497134,0.31243035,0.6004218,1.8080475,-2.4991975,-0.72445536,0.58256966,0.45289788,-0.4569063,0.7763532,2.157603,-0.77279276,0.24640496,1.904055,0.82481974,2.4009187,0.030368282,-0.6275802,0.22990276,0.592256,-1.133444,0.4635034,2.1264699,1.5678611,-0.055983264,-1.7939197,-0.47562003,-0.62113,-0.85108674,1.3967717,-1.5962577,0.17250744,0.7702859,-0.96607023,-0.27747038,0.15698282,-1.0671917,-0.36997858,0.1282708,-1.8632696,-1.9922813,-0.01789332,0.09527078,-0.5120045,0.10937223,-0.051358975,1.2200524,-0.18005207,-0.010920859,-1.2859249,1.3931652,-1.0852888,2.667241,-1.1736524,1.5380504,-1.8169442,-0.5571293,-1.3715808,0.114923246,0.56509167,-1.3467237,4,0
109,-1.9288387,0.23665942,-1.8003623,1.1505508,-1.1694571,1.0403808,-1.1387163,-1.1011801,-0.28084055,-0.15468235,-1.1016222,-0.68041176,-1.9080678,-0.07726877,1.3079983,-0.9542016,2.6255217,-2.1430757,1.1089501,-0.3672786,1.764508,2.1592925,-0.28943148,-0.86216193,0.6494953,0.16915724,0.41276437,-1.0833137,-0.68934786,0.6195351,0.30585974,0.59591806,1.8075926,-2.4991975,-0.43773034,0.585006,0.44196758,-0.46852887,0.7623984,2.1867354,-0.77279276,0.23721264,1.904055,0.82481974,0.84325105,0.01755443,-0.6549786,0.2269026,0.610114,-1.1636124,0.3671134,2.1257594,1.551721,-0.08093423,-2.9821124,-0.502228,-0.6724207,-0.86783034,1.4028457,-1.620985,0.19939001,0.59699744,-1.0389006,-0.26271972,0.7865572,-1.0812601,-0.36467278,0.13508296,-1.8696499,-1.9887941,-0.030873831,0.069735825,-0.51465946,0.10833149,-0.39809,1.2305398,-0.16930044,-0.018775094,-1.2965539,1.3864126,-1.0848203,2.667241,-1.1794662,1.5185837,-1.8484563,-0.54486006,-1.3606638,0.13953848,0.5919405,-1.361599,4,0
110,-1.9273385,0.15252616,-1.8298459,1.2227926,-1.1669526,1.0403808,-1.1699123,-1.1050322,-0.28130335,-0.15468235,-1.0451804,-0.68041176,-1.8752763,-0.09133475,1.3213688,-0.9023169,2.645739,-2.135791,1.1525285,-0.36104792,1.8237913,2.0267582,-0.28595656,-0.7710863,0.69705397,0.16460693,0.44002712,-0.96887434,-0.65344584,0.58883053,0.3102766,0.59347594,1.7978432,-2.4989882,-0.019407218,0.5874423,0.4309129,-0.48008236,0.7485514,2.2153785,-0.75621045,0.23222809,1.93266,0.82994926,0.8766784,0.0047405805,-0.682889,0.22377773,0.62809694,-1.1940988,0.31484535,2.1181593,1.5429688,-0.094463944,-2.7022462,-0.52869636,-0.7235207,-0.8841887,1.4083405,-1.6445723,0.21331473,0.4895385,-1.0784926,-0.2538867,0.82448846,-1.0949528,-0.3586243,0.14169137,-1.8756158,-1.9846958,-0.02462573,0.017519943,-0.555375,0.101963215,-0.105430275,1.2405007,-0.16049641,-0.025206719,-1.3055258,1.3804705,-1.0631012,2.669763,-1.1732525,1.5078954,-1.8866035,-0.5395429,-1.370615,0.14979479,0.6186264,-1.3759496,4,0
111,-1.9273385,-0.031272836,-1.8942556,1.2227926,-1.1669526,1.0403808,-1.2380633,-1.1134474,-0.28231445,-0.15468235,-1.0451804,-0.68041176,-1.8752763,-0.09133475,1.3213688,-0.9023169,2.645739,-2.1198769,1.1525285,-0.3593619,1.8347932,2.0267582,-0.27836514,-0.74007523,0.8009512,0.16113819,0.49958593,-0.7188682,-0.5750137,0.55750257,0.32771006,0.59347594,1.7770829,-2.4985306,0.5548093,0.5898785,0.41971135,-0.49155402,0.734832,2.2434423,-0.7199847,0.23222809,1.9951509,0.84115577,2.7949436,-0.008073269,-0.7114067,0.22050498,0.64622813,-1.2249618,0.31484535,2.1023977,1.5429688,-0.094463944,-0.68329334,-0.5549992,-0.77439475,-0.90009063,1.4131485,-1.6668091,0.2118902,0.46006224,-1.07871,-0.25206354,0.16154933,-1.1081998,-0.35169604,0.1480584,-1.8810912,-1.9798734,0.0044001476,-0.06630251,-0.6411775,0.089283615,0.9446622,1.2498382,-0.15399924,-0.029953126,-1.3125348,1.3754884,-1.0162083,2.6752725,-1.1527907,1.5076057,-1.9326108,-0.54246104,-1.4052873,0.14304145,0.64511925,-1.3896796,4,0
112,-1.9097275,-0.19795024,-1.958666,1.5054836,-1.0613271,0.958054,-1.2963585,-1.1185095,-0.28265622,-0.11343787,-0.9500499,-0.66560775,-1.8752763,-0.108506225,1.3213688,-0.9023169,2.512785,-2.1144974,1.1525285,-0.35879192,1.838512,1.8477753,-0.27579898,-0.72959256,0.8360716,0.15996568,0.51971865,-0.60792786,-0.48344982,0.5469127,0.30551812,0.47322297,1.7530704,-2.501136,-0.19898826,0.59127045,0.40906847,-0.5029214,0.72454065,2.2679834,-0.68728745,0.21010411,2.0432997,0.8477676,3.256521,-0.020452905,-0.74202836,0.21773922,0.6643661,-1.2546152,0.29148513,2.0795703,1.5563104,-0.10892979,-0.49012533,-0.5813021,-0.8235651,-0.91723233,1.4162182,-1.6868436,0.21140848,0.42350414,-1.0787834,-0.2514473,-0.040457387,-1.1214468,-0.34629807,0.15329851,-1.8848808,-1.9769515,0.01421197,-0.10576518,-0.6701813,0.08499749,0.8192952,1.2591755,-0.1471531,-0.034680065,-1.3182582,1.3715695,-0.97181886,2.6810908,-1.1239469,1.4979687,-1.9680188,-0.54456496,-1.4269184,0.1553511,0.6717547,-1.4034095,4,0
113,-1.8831236,-0.35588482,-2.023076,1.9325286,-0.90176463,0.83368766,-1.3496207,-1.1218593,-0.28265622,-0.05113218,-0.80634165,-0.64324427,-1.8752763,-0.13444614,1.3213688,-0.9023169,2.3119385,-2.1144974,1.1525285,-0.35879192,1.838512,1.577396,-0.27579898,-0.72959256,0.8360716,0.15996568,0.51971865,-0.5680005,-0.38518032,0.5469127,0.26309195,0.29156372,1.7273971,-2.5053058,-1.6309257,0.59212905,0.39871073,-0.51423573,0.7159997,2.290726,-0.6563921,0.17668277,2.0841248,0.8520333,2.9742527,-0.032610796,-0.7737236,0.21523231,0.68250763,-1.2836509,0.25619593,2.0531352,1.5764645,-0.13078259,-1.2292801,-0.6076051,-0.87186563,-0.93500704,1.4184,-1.7057533,0.21140848,0.38332963,-1.0787834,-0.2514473,-0.007092574,-1.1346939,-0.3416816,0.1579632,-1.8878094,-1.9750001,0.01421197,-0.122575864,-0.6701813,0.08499749,0.09368892,1.2685128,-0.14012796,-0.03939682,-1.3233252,1.3681936,-0.9287079,2.6870663,-1.0908232,1.4835587,-1.9980139,-0.546253,-1.4418901,0.17739525,0.69846314,-1.4171395,4,0
114,-1.8795642,-0.37701625,-2.031694,1.9896663,-0.8804155,0.8170476,-1.356747,-1.1223075,-0.27433604,-0.027844897,-0.7871137,-0.6268172,-1.8228948,-0.1581166,1.3182278,-0.97875565,1.9772978,-2.0133646,1.2221411,-0.35114574,1.8871584,1.1546816,-0.20176136,-0.60046256,0.8360716,0.15936482,0.51971865,-0.56265825,-0.37203202,0.5110629,0.25741535,0.26725808,1.7239621,-2.5058637,-0.9434101,0.59298766,0.3882074,-0.52507,0.70765597,2.313212,-0.6529988,0.15863264,2.091569,0.8463,1.4801722,-0.04437448,-0.80516464,0.21276458,0.6997941,-1.3117177,0.1610583,1.9173465,1.5686948,-0.15115556,-2.581738,-0.631969,-0.91246915,-0.9533255,1.4199146,-1.7177857,0.2268475,0.20038243,-1.1427131,-0.243297,0.35894972,-1.1445199,-0.33269292,0.15890764,-1.8844957,-1.9713787,0.012801578,-0.15824927,-0.6705086,0.08487651,-0.03865206,1.2765342,-0.13147469,-0.04336944,-1.3270078,1.3629799,-0.9221309,2.6845374,-1.090452,1.4680169,-2.031144,-0.5372049,-1.4362508,0.19788218,0.7230374,-1.4278871,4,0
115,-1.8795642,-0.38648275,-2.03623,1.9896663,-0.8804155,0.80763364,-1.3595604,-1.1223075,-0.2654072,-0.011800175,-0.7871137,-0.6123994,-1.7666808,-0.17979419,1.3148571,-1.0607867,1.647013,-1.9021202,1.2968467,-0.3429402,1.939364,0.73986363,-0.12230703,-0.46091446,0.84338856,0.15857325,0.5152365,-0.5468035,-0.3532689,0.4679348,0.25896096,0.26725772,1.722585,-2.5063515,0.03698656,0.5937268,0.37769827,-0.53585094,0.6993363,2.3355415,-0.6520428,0.14406075,2.0954788,0.8395353,0.01319881,-0.05607734,-0.8365742,0.21028693,0.71694446,-1.3396249,0.064027786,1.7726606,1.5574628,-0.16988131,-3.7730367,-0.65598124,-0.9517748,-0.9716314,1.421291,-1.728619,0.24341612,0.008795003,-1.21132,-0.23455034,0.71758395,-1.1537917,-0.32299465,0.1592626,-1.8802036,-1.967459,0.012521876,-0.20224544,-0.67706406,0.08562332,-0.042782787,1.2841815,-0.12252825,-0.047023535,-1.3299536,1.3576274,-0.91911656,2.6814005,-1.0934525,1.4537159,-2.0637012,-0.52725255,-1.430556,0.21716967,0.74722165,-1.4380686,4,0
116,-1.8795642,-0.520903,-2.1006398,1.9896663,-0.8804155,0.6739616,-1.3995067,-1.1223075,-0.2654072,-0.011800175,-0.7871137,-0.6123994,-1.7666808,-0.17979419,1.3148571,-1.0607867,1.647013,-1.8636161,1.2968467,-0.3429402,1.939364,0.73986363,-0.12230703,-0.44713175,0.94728583,0.15649208,0.4515938,-0.3216751,-0.08684373,0.4018299,0.2809075,0.26725298,1.7030321,-2.5132804,0.5619815,0.5928897,0.36741146,-0.54690444,0.6909325,2.3563347,-0.6271855,0.14406075,2.1207979,0.8395353,1.3747333,-0.0677802,-0.86807626,0.20759422,0.7340419,-1.3674014,0.064027786,1.7334933,1.5574628,-0.16988131,-1.586693,-0.67930734,-0.98964196,-0.9886622,1.4222035,-1.737646,0.24341612,-0.0057452363,-1.21132,-0.23455034,0.30015442,-1.1627241,-0.31284392,0.15942141,-1.875725,-1.9630042,0.030038172,-0.31763893,-0.7651601,0.09807066,0.43580386,1.2895728,-0.11302498,-0.047992464,-1.3259954,1.3541906,-0.88863945,2.6875882,-1.0741806,1.4581017,-2.0823038,-0.52725255,-1.466155,0.22379924,0.7706047,-1.4468614,4,0
117,-1.8722575,-0.64908034,-2.1645722,2.0469627,-0.8585792,0.54958385,-1.4431435,-1.1227562,-0.26290798,0.013752408,-0.744878,-0.5954096,-1.7666808,-0.18442503,1.310774,-1.0789504,1.5653366,-1.8356872,1.2968467,-0.3429402,1.9384154,0.64801425,-0.12230703,-0.43713444,1.0226479,0.1549824,0.40543035,-0.15837808,0.11411926,0.35388067,0.2866364,0.2463409,1.6818285,-2.5205495,0.55483663,0.5917047,0.3573051,-0.5581127,0.6832077,2.3762264,-0.60033804,0.1254165,2.1490057,0.8381968,2.4677048,-0.07898459,-0.9002539,0.20525502,0.75068426,-1.3943307,0.05603687,1.6991937,1.5622962,-0.17354271,-0.16819847,-0.7026335,-1.0264986,-1.0065291,1.4227126,-1.7455002,0.24299666,-0.020088756,-1.2113929,-0.23465545,-0.012454259,-1.1716566,-0.303487,0.1590146,-1.8704776,-1.9594955,0.042743962,-0.40111497,-0.8290607,0.107099235,0.6626823,1.2949643,-0.103446655,-0.048998978,-1.3219324,1.3508685,-0.8552831,2.6933718,-1.0514065,1.4598461,-2.10306,-0.5268102,-1.4955672,0.23230152,0.7941516,-1.4556541,4,0
118,-1.8456537,-0.7607704,-2.2272434,2.2555788,-0.77907324,0.44975275,-1.4965265,-1.1243904,-0.25380817,0.10678955,-0.59109735,-0.5335494,-1.7666808,-0.20128593,1.2959069,-1.1450845,1.2679523,-1.8356872,1.2968467,-0.3429402,1.9349614,0.31359023,-0.12230703,-0.43713444,1.0226479,0.1549824,0.40543035,-0.15837808,0.14219613,0.35388067,0.24953455,0.17021278,1.6562657,-2.5287166,-0.8576934,0.58960116,0.34767622,-0.569729,0.67727613,2.393738,-0.5682349,0.057532534,2.1848419,0.8333226,2.8513992,-0.08887277,-0.93421304,0.2038486,0.76612455,-1.4190228,0.026942465,1.6777508,1.5798941,-0.18687402,-0.7775993,-0.7259596,-1.0606863,-1.0266044,1.4221557,-1.7502574,0.24146901,-0.033912554,-1.2116587,-0.23503844,-0.048230235,-1.1805891,-0.2962271,0.157114,-1.8632003,-1.9584866,0.042743962,-0.40029702,-0.8290607,0.107099235,0.22479747,1.3003557,-0.09366947,-0.050104875,-1.3175919,1.3478484,-0.8143222,2.6980913,-1.0193833,1.4546145,-2.1295047,-0.52519995,-1.5086399,0.24574956,0.8181306,-1.4644467,4,0
119,-1.8317897,-0.8189753,-2.2599027,2.364294,-0.73764056,0.3977281,-1.5243459,-1.1252419,-0.2456768,0.15527372,-0.5109582,-0.49077594,-1.7377222,-0.21613443,1.2846432,-1.1795487,1.0000066,-1.7613376,1.3353316,-0.3425246,1.9140477,0.021938207,-0.058756042,-0.34914845,1.0226479,0.15423495,0.38896957,-0.15837808,0.15682776,0.3224542,0.23019978,0.13054036,1.6429441,-2.5329726,-1.168784,0.5874976,0.33801225,-0.5811409,0.67142856,2.4111423,-0.5517798,0.0113964705,2.2042797,0.8281746,2.2227354,-0.098451816,-0.9675433,0.20243989,0.78102636,-1.4431063,-0.032114197,1.5822246,1.5792687,-0.19910945,-1.72276,-0.7478601,-1.0903786,-1.0457162,1.4216721,-1.7525746,0.2444785,-0.1284579,-1.2480012,-0.2372193,0.03938537,-1.1871908,-0.28491032,0.15352929,-1.8527807,-1.9548686,0.038669113,-0.4296758,-0.8301251,0.11030299,-0.10526478,1.3045934,-0.08263043,-0.0505418,-1.3121711,1.3431932,-0.79266506,2.699173,-1.006496,1.4477624,-2.1595104,-0.5249768,-1.5086055,0.2597985,0.8405473,-1.471075,4,0
120,-1.8317897,-0.8189753,-2.2599027,2.364294,-0.73764056,0.3977281,-1.5243459,-1.1252419,-0.23859912,0.15527372,-0.5109582,-0.46877325,-1.6772494,-0.22879308,1.2773002,-1.1795487,0.76409656,-1.6060786,1.415697,-0.34165674,1.8741338,-0.22316764,0.073953405,-0.16541278,1.0226479,0.15267402,0.35459557,-0.15837808,0.15682776,0.25682834,0.23019978,0.13054036,1.6429441,-2.5329726,-0.281249,0.585394,0.3283102,-0.59233034,0.6656725,2.42843,-0.5523536,-0.011072664,2.2058725,0.8227294,0.49238813,-0.10769453,-1.0001899,0.20102838,0.79534227,-1.4665272,-0.123777725,1.4060783,1.5588119,-0.21015233,-3.0333064,-0.7682094,-1.1151788,-1.0637794,1.4212681,-1.7522368,0.2524255,-0.3108473,-1.3236035,-0.24135688,0.26128012,-1.1912555,-0.2691786,0.14811188,-1.8389418,-1.9484113,0.030159248,-0.4919157,-0.8323478,0.11699345,-0.3179907,1.3075757,-0.070218585,-0.05025112,-1.3055749,1.3367585,-0.7920149,2.696297,-1.0144327,1.4391466,-2.193392,-0.52626324,-1.494307,0.27450144,0.86126375,-1.4753482,4,0
121,-1.8317897,-0.8762638,-2.2961571,2.364294,-0.73764056,0.3977281,-1.548739,-1.1260791,-0.23445687,0.15527372,-0.5109582,-0.46180052,-1.6580855,-0.23280464,1.2749733,-1.1772145,0.6893359,-1.5568768,1.4411651,-0.34138176,1.8614851,-0.30084243,0.11600943,-0.1058711,1.0936197,0.15214966,0.33068335,-0.108025715,0.26356435,0.18426548,0.24485727,0.13054036,1.632478,-2.5379152,0.35064366,0.5832904,0.31858504,-0.6036471,0.6599497,2.4452934,-0.5375103,-0.018193228,2.221389,0.820593,0.76042086,-0.11693724,-1.0327736,0.19947357,0.80963,-1.489877,-0.15282607,1.350029,1.5523292,-0.21365187,-2.1371121,-0.78855884,-1.1398499,-1.0816704,1.4203382,-1.7516294,0.2549441,-0.36993045,-1.3475622,-0.24266809,0.20446207,-1.1952856,-0.25374985,0.1427311,-1.8251995,-1.9418948,0.049715843,-0.53213096,-0.89042485,0.12176264,0.31620023,1.3086578,-0.055635232,-0.048953023,-1.2956024,1.3296112,-0.77489984,2.6995826,-1.0066323,1.4395448,-2.215159,-0.52650857,-1.5129597,0.28057188,0.88198036,-1.4786206,4,0
122,-1.8317897,-0.9601293,-2.349231,2.364294,-0.73764056,0.3977281,-1.5844487,-1.1273046,-0.23167637,0.15527372,-0.5109582,-0.46180052,-1.6580855,-0.23280464,1.2749733,-1.1737971,0.6893359,-1.5568768,1.4411651,-0.34138176,1.8614851,-0.30084243,0.11600943,-0.10394556,1.197517,0.15210631,0.31162465,-0.034313835,0.4198183,0.10848437,0.2663146,0.13054036,1.6171566,-2.5451508,0.8639384,0.5811869,0.3088494,-0.61502296,0.6542424,2.46196,-0.5155145,-0.018193228,2.2433653,0.81999207,1.955544,-0.1261799,-1.0653276,0.1978526,0.82390463,-1.5131935,-0.15282607,1.3496948,1.5523292,-0.21365187,-0.217165,-0.8089081,-1.1644611,-1.0994816,1.4191642,-1.7508966,0.2549441,-0.3718092,-1.3475622,-0.24266809,0.018343292,-1.1992995,-0.23846135,0.13736716,-1.8115019,-1.9353508,0.082292795,-0.5621285,-0.97441363,0.12564096,1.3432937,1.3088583,-0.040044717,-0.04718789,-1.284064,1.3221332,-0.7501464,2.7057261,-0.99153095,1.4441247,-2.2313054,-0.5262708,-1.5468992,0.28263742,0.9026968,-1.4814286,4,0
123,-1.8081836,-1.0613823,-2.367099,2.446769,-0.64064986,0.4097393,-1.6059804,-1.1333873,-0.22912018,0.17544532,-0.40846926,-0.3744246,-1.6580855,-0.24155112,1.2749733,-1.1734121,0.5123025,-1.5568768,1.4411651,-0.34138176,1.8349229,-0.42986107,0.11600943,-0.10372861,1.2092241,0.15210146,0.30947706,-0.026008038,0.43742487,0.09994542,0.22347201,0.03281098,1.6033268,-2.5379486,-0.61638623,0.5792357,0.29927322,-0.6286625,0.65130764,2.4759946,-0.5046388,-0.10855882,2.2632709,0.82579654,1.5013708,-0.13285948,-1.0964048,0.19724204,0.8352484,-1.5328201,-0.16271958,1.341396,1.5584911,-0.22227407,-0.20805044,-0.8292574,-1.1865783,-1.1189249,1.4165875,-1.7483537,0.2435078,-0.34980154,-1.3498194,-0.24565907,-0.27046412,-1.2033134,-0.2248425,0.13121912,-1.7968891,-1.9300951,0.08596342,-0.56550854,-0.9838774,0.12607788,0.7364173,1.3090589,-0.024880162,-0.045478225,-1.2726817,1.3147794,-0.7277748,2.70236,-0.9755091,1.432839,-2.2469068,-0.5310556,-1.555301,0.2915679,0.924255,-1.4842366,4,0
124,-1.7840153,-1.155371,-2.3792698,2.5312073,-0.53122175,0.42257866,-1.6239052,-1.1394736,-0.22682387,0.1960972,-0.30354005,-0.28206232,-1.652549,-0.2512872,1.2767079,-1.167891,0.297265,-1.5426624,1.4485228,-0.3413227,1.8077279,-0.5719354,0.1354698,-0.089653544,1.2092241,0.15210146,0.30947706,-0.026008038,0.43742487,0.09312151,0.17713386,-0.07713889,1.5909351,-2.5297399,-2.0794606,0.57731074,0.2896961,-0.64291394,0.64897543,2.48947,-0.49604157,-0.20397067,2.2811148,0.8318085,0.85263264,-0.13912828,-1.1271532,0.19677576,0.8460821,-1.5518517,-0.17920344,1.317113,1.5615659,-0.23213747,-0.5319352,-0.84933436,-1.2073176,-1.1384966,1.4137737,-1.7451887,0.23450187,-0.32860935,-1.3586767,-0.24869996,-0.45374927,-1.2069544,-0.21060361,0.12482363,-1.7815852,-1.9245468,0.08596342,-0.56290054,-0.9838774,0.12607788,-0.0033960624,1.3090087,-0.009500059,-0.043654457,-1.2610933,1.3070837,-0.7077262,2.698205,-0.96210265,1.4199479,-2.2638495,-0.5359643,-1.557585,0.30151767,0.94563013,-1.4866643,4,0
125,-1.7840153,-1.155371,-2.3792698,2.5312073,-0.42059517,0.42850086,-1.6239052,-1.1394736,-0.22682387,0.1960972,-0.30354005,-0.25032067,-1.5920765,-0.25982136,1.2956542,-1.1075865,-0.071802095,-1.3874034,1.5288882,-0.340678,1.8077279,-0.68098676,0.34802982,0.06408443,1.2092241,0.15210146,0.30947706,-0.026008038,0.43742487,0.018585863,0.17713386,-0.1852045,1.5909351,-2.5297399,-0.85927224,0.575454,0.27990848,-0.6603841,0.64912796,2.5007148,-0.49604157,-0.23558877,2.2811148,0.8318085,0.35150558,-0.14455114,-1.1564956,0.19646858,0.8555463,-1.5696272,-0.24861658,1.1442629,1.526241,-0.2434525,-1.7523019,-0.86670685,-1.2175297,-1.1572865,1.4103761,-1.7381324,0.26402107,-0.34560817,-1.4301788,-0.24846871,0.53942883,-1.2068952,-0.18810943,0.116962075,-1.7605762,-1.9144737,0.08596342,-0.5344136,-0.9838774,0.12607788,-0.0033960624,1.3064731,0.008548706,-0.040626545,-1.2472612,1.2958378,-0.7077262,2.698205,-0.97580796,1.4111199,-2.294787,-0.53577197,-1.5313436,0.31293178,0.9641264,-1.4853201,4,0
126,-1.7840153,-1.1783217,-2.3818226,2.5312073,-0.34268937,0.4326714,-1.6243349,-1.1419626,-0.23258068,0.19472753,-0.30354005,-0.22796746,-1.5494902,-0.26583138,1.3166116,-1.0651184,-0.33170795,-1.2780664,1.5854834,-0.34022406,1.8081064,-0.7577833,0.49771968,0.17321965,1.2399546,0.15219118,0.32044944,0.011600792,0.472087,-0.056006458,0.17880271,-0.26130688,1.5898452,-2.5276778,0.03993375,0.57359725,0.2701554,-0.67774326,0.6493096,2.511823,-0.49640948,-0.2580434,2.2832093,0.8396407,-0.020879263,-0.14997402,-1.1861022,0.19620566,0.8648711,-1.5873965,-0.29269978,1.0225377,1.4984536,-0.252499,-2.0811577,-0.8840794,-1.2276821,-1.1760331,1.4067758,-1.7310494,0.28496987,-0.35755935,-1.4804972,-0.2482631,1.0381341,-1.2068131,-0.16585474,0.109130844,-1.7396162,-1.9043472,0.099064626,-0.4907029,-1.0074273,0.12385944,0.32411596,1.3031261,0.02686947,-0.036989428,-1.2320923,1.2842598,-0.70574844,2.7005,-0.98551464,1.4027569,-2.318097,-0.5387003,-1.5202178,0.32087597,0.9826227,-1.4835428,4,0
127,-1.7840153,-1.2559171,-2.3904536,2.5312073,-0.34268937,0.4326714,-1.6257875,-1.150378,-0.2520441,0.1900967,-0.30354005,-0.22796746,-1.5494902,-0.26583138,1.3423568,-1.0651184,-0.33170795,-1.2780664,1.5854834,-0.34022406,1.8093857,-0.7577833,0.49771968,0.1761586,1.3438519,0.15249473,0.35754606,0.13875379,0.58927745,-0.13073371,0.18444474,-0.26130688,1.5861601,-2.5207067,0.1749013,0.5717405,0.2604843,-0.6948374,0.6495604,2.5226061,-0.4976531,-0.25868034,2.2902908,0.8661209,-0.08673704,-0.15539688,-1.2163384,0.19604813,0.87386364,-1.6051518,-0.27647328,1.0225377,1.4886127,-0.25614434,-0.28738332,-0.9014519,-1.2376927,-1.194677,1.4026933,-1.7239038,0.28551346,-0.3574923,-1.4803785,-0.24811848,0.3595315,-1.2066764,-0.1441698,0.10137213,-1.718773,-1.8940935,0.1433596,-0.41074532,-1.0870483,0.11635921,1.4314129,1.2978472,0.045838796,-0.03190095,-1.2137399,1.2718914,-0.6990618,2.7082584,-0.9857006,1.3955003,-2.3232489,-0.5490589,-1.5450816,0.32055852,1.001119,-1.4807351,4,0
128,-1.7881923,-1.3113705,-2.394769,2.5195887,-0.2595529,0.44536203,-1.6265137,-1.1623065,-0.27289802,0.18167695,-0.2575393,-0.16249907,-1.5494902,-0.27009854,1.3552294,-1.0651184,-0.47374496,-1.2780664,1.5854834,-0.34167457,1.8100253,-0.82511944,0.49771968,0.1776281,1.3958005,0.1526465,0.3760943,0.23811194,0.6640477,-0.16809735,0.1969362,-0.3113249,1.5853615,-2.5151222,0.4062322,0.57004476,0.25059894,-0.714799,0.6517769,2.5315843,-0.5006682,-0.32112926,2.3009212,0.8991318,-0.2134642,-0.1588993,-1.2450655,0.19662714,0.88036823,-1.6205958,-0.27291477,1.0269247,1.486442,-0.26224166,0.34417084,-0.91882455,-1.2457898,-1.2146132,1.3977115,-1.7154645,0.29095408,-0.33856806,-1.4791936,-0.24856538,0.13492379,-1.2065393,-0.123567574,0.09324716,-1.6974815,-1.8844461,0.16550708,-0.36694744,-1.1268587,0.1126092,1.4314022,1.2925682,0.06370986,-0.02650708,-1.1950597,1.2600724,-0.6939001,2.7207043,-0.98575556,1.3872085,-2.3305464,-0.5624942,-1.5595562,0.3247118,1.0202461,-1.4779272,4,0
129,-1.7965459,-1.3446817,-2.394769,2.4963517,-0.093282536,0.4707429,-1.6265137,-1.1777483,-0.29514208,0.1694684,-0.16553915,-0.03156432,-1.5494902,-0.2786328,1.3552294,-1.0651184,-0.75781465,-1.2780664,1.5854834,-0.3445757,1.8100253,-0.95978975,0.49771968,0.1776281,1.3958005,0.1526465,0.3760943,0.3096742,0.6963973,-0.16809735,0.21627666,-0.4113593,1.5874492,-2.5109248,0.7339214,0.56851,0.24049917,-0.73762774,0.6559591,2.5387573,-0.5054546,-0.44538832,2.3151002,0.93867385,-0.40105793,-0.16048121,-1.2722832,0.19794296,0.8843846,-1.6337284,-0.2820232,1.0356985,1.491942,-0.27079076,-0.18648708,-0.9361972,-1.2519732,-1.2358416,1.3918306,-1.7057315,0.3012921,-0.30078718,-1.4769425,-0.2496038,0.3643075,-1.2064025,-0.10404845,0.08475607,-1.6757417,-1.875406,0.16550708,-0.35930932,-1.1268587,0.1126092,0.32410052,1.2872895,0.080481395,-0.020807587,-1.176052,1.2488028,-0.69026345,2.7378376,-0.9856795,1.3778818,-2.3399901,-0.5790059,-1.563642,0.33333582,1.0400038,-1.4751195,4,0
130,-1.7990165,-1.354534,-2.3943155,2.489479,-0.044106252,0.4782496,-1.6115102,-1.1823153,-0.30172095,0.16585758,-0.1383291,0.01694077,-1.5069032,-0.28583342,1.3825532,-1.0819644,-1.0804863,-1.1687273,1.6415137,-0.3469529,1.8280437,-1.2112408,0.6883993,0.26034558,1.3958005,0.1526465,0.3760943,0.3308395,0.70596504,-0.21849652,0.22181816,-0.4409456,1.5881822,-2.5095265,0.50074273,0.5669753,0.23041251,-0.7601579,0.6601062,2.5457208,-0.516613,-0.48883954,2.3115458,0.95036876,-0.793966,-0.1617762,-1.2987428,0.1993336,0.88785046,-1.6462132,-0.3208429,0.9490098,1.4606416,-0.28163186,-0.96575516,-0.95147336,-1.2508078,-1.2564362,1.3867817,-1.6920854,0.3415206,-0.17594042,-1.5217171,-0.2484284,1.1321715,-1.2040743,-0.08043058,0.0749355,-1.648126,-1.8655411,0.16550708,-0.3095045,-1.1268587,0.1126092,-0.0033960624,1.2801604,0.09888876,-0.014371207,-1.1554393,1.234883,-0.69246936,2.742765,-0.9985458,1.3685384,-2.3567514,-0.58265626,-1.5403904,0.34427187,1.0574087,-1.4698832,4,0
131,-1.7990165,-1.354534,-2.3936713,2.489479,-0.044106252,0.4782496,-1.5902054,-1.1823153,-0.30172095,0.16585758,-0.1383291,0.030827675,-1.4464308,-0.292474,1.4213523,-1.1058851,-1.4193697,-1.0134691,1.7210752,-0.3491101,1.8536294,-1.5117366,0.9591592,0.37780213,1.3958005,0.1526465,0.3760943,0.3308395,0.70596504,-0.2900619,0.22156413,-0.4409456,1.5883464,-2.5093036,0.032015026,0.56544054,0.22033094,-0.78256255,0.66423845,2.552596,-0.53044754,-0.49835375,2.3005438,0.95036876,-1.2731005,-0.1629507,-1.3248844,0.20075554,0.8910853,-1.6584256,-0.37214062,0.82222956,1.4138861,-0.2934355,-1.8494326,-0.965869,-1.246556,-1.2767645,1.3820821,-1.6767962,0.39430168,-0.014528396,-1.5862412,-0.24632332,2.1261826,-1.2008255,-0.055092335,0.0645566,-1.6180425,-1.85533,0.16550708,-0.24199086,-1.1268587,0.1126092,-0.0033960624,1.2722546,0.11798254,-0.007625358,-1.1341524,1.2198502,-0.697129,2.7425659,-1.0168477,1.3591883,-2.3765862,-0.5809051,-1.5056579,0.35617882,1.0738255,-1.4636271,4,0
132,-1.810424,-1.3769635,-2.3936124,2.3567219,-0.044106252,0.4782496,-1.5882552,-1.194191,-0.30998772,0.15514912,-0.1383291,0.03209895,-1.4408948,-0.2930819,1.4273746,-1.1080749,-1.4503926,-0.999256,1.7283585,-0.3493076,1.8559716,-1.5392454,0.9839459,0.38901496,1.4877328,0.1569401,0.36929238,0.5476362,0.8368255,-0.3504875,0.24734236,-0.47613657,1.5915588,-2.5064692,0.6118339,0.5639057,0.2098205,-0.80599946,0.6679321,2.5593486,-0.5359704,-0.5029946,2.3124747,0.9751948,-0.8768232,-0.16412519,-1.351653,0.20222406,0.89411414,-1.6708523,-0.3751921,0.81062347,1.4086529,-0.2948311,-0.91977036,-0.9802649,-1.2422793,-1.29685,1.3766402,-1.6615835,0.39913335,0.0004205365,-1.5921481,-0.24613059,1.094208,-1.1975647,-0.031045806,0.054358926,-1.5882266,-1.8449432,0.21101168,-0.14787135,-1.194185,0.11480262,1.1341416,1.262371,0.1340266,0.0019894799,-1.108338,1.2055076,-0.69556856,2.7531457,-1.0220444,1.3563054,-2.3879077,-0.5905695,-1.5289763,0.3587549,1.0902424,-1.4563453,4,0
133,-1.8233467,-1.3988707,-2.386855,2.1956325,-0.026757816,0.47109944,-1.585145,-1.2059745,-0.31806213,0.1431718,-0.13053486,0.046650212,-1.4408948,-0.2930819,1.4297879,-1.110544,-1.4867296,-0.999256,1.7283585,-0.34986082,1.8559716,-1.5694013,0.9839459,0.38946462,1.5775257,0.16118245,0.36264864,0.7593875,0.9686985,-0.40310788,0.2740028,-0.5093831,1.5969071,-2.5011857,1.1784259,0.5622803,0.19914834,-0.8303746,0.67189133,2.5656774,-0.54222536,-0.50215286,2.3237088,0.999737,-0.530044,-0.16487283,-1.3778619,0.20382671,0.89658624,-1.6827309,-0.37358558,0.8157927,1.4077219,-0.2951388,0.06299645,-0.9946606,-1.2375534,-1.3172145,1.3709114,-1.6459924,0.4010862,0.008439731,-1.5916939,-0.24632704,0.043111634,-1.1943027,-0.007588906,0.0440038,-1.558228,-1.8347765,0.25556758,-0.061270166,-1.2599081,0.116954416,2.106859,1.252288,0.14969794,0.0118345525,-1.0820469,1.1913044,-0.6964929,2.761388,-1.0276772,1.3527211,-2.395965,-0.6004452,-1.5548431,0.36021128,1.1067995,-1.4489602,4,0
134,-1.8391492,-1.3988707,-2.3268898,1.9167906,0.12719494,0.40764776,-1.5575458,-1.2076086,-0.31806213,0.12970042,-0.06136745,0.17578039,-1.4408948,-0.2930819,1.4297879,-1.1324546,-1.8091904,-0.999256,1.7283585,-0.35477036,1.8559716,-1.8370086,0.9839459,0.38946462,1.5775257,0.16161603,0.36264864,0.7593875,1.00471,-0.40310788,0.28695527,-0.49939528,1.6166558,-2.4786866,0.8088708,0.55994064,0.18754362,-0.861319,0.67828983,2.5687687,-0.5608398,-0.46200812,2.3112595,1.0023466,-1.2676389,-0.16225931,-1.3991684,0.20644867,0.89483815,-1.6901263,-0.37358558,0.8616657,1.4077219,-0.2951388,0.025076225,-1.0090562,-1.2293099,-1.3399712,1.3635119,-1.6273638,0.4184181,0.078107685,-1.5876627,-0.24807082,0.449016,-1.1910405,0.012254355,0.032265976,-1.5265799,-1.8264819,0.2565454,-0.05498053,-1.2595831,0.11703572,0.8791472,1.2422051,0.16484903,0.021215308,-1.0555967,1.177652,-0.7219185,2.7426748,-1.0471419,1.33848,-2.385074,-0.602928,-1.5547116,0.36025465,1.1244601,-1.4415753,4,0
135,-1.849944,-1.3891836,-2.284866,1.7263144,0.24211732,0.3643041,-1.5339744,-1.2087246,-0.31533858,0.12049816,-0.009437567,0.26564628,-1.4600589,-0.29290107,1.436855,-1.1513712,-2.1443818,-0.95005375,1.7384185,-0.35955408,1.8479444,-2.0834424,1.0375853,0.41833705,1.5775257,0.16191228,0.34803447,0.7593875,1.0293094,-0.41719526,0.29515016,-0.48240414,1.6306089,-2.4641776,0.4426175,0.557601,0.17588861,-0.8924281,0.68485785,2.5715477,-0.5768512,-0.4327438,2.3009365,1.0019584,-1.6336474,-0.15959707,-1.4201893,0.20906146,0.893074,-1.6973171,-0.34682703,0.87277395,1.4162877,-0.2958483,0.5596465,-1.0225087,-1.2179334,-1.3623549,1.3565702,-1.6067677,0.43652546,0.1632981,-1.5930144,-0.2506603,0.7444509,-1.1870137,0.032997277,0.020078963,-1.493116,-1.8175981,0.25526986,-0.03740804,-1.260008,0.12006005,-0.01582456,1.2316052,0.18011622,0.03075476,-1.028754,1.1632878,-0.7405059,2.7295134,-1.0575712,1.3287429,-2.3798053,-0.6049282,-1.5612465,0.36258116,1.1410357,-1.4334089,4,0
136,-1.849944,-1.3586156,-2.2815168,1.7263144,0.27290812,0.3643041,-1.5190853,-1.2087246,-0.30674434,0.12049816,0.0053361785,0.27087644,-1.5205317,-0.29233038,1.4591554,-1.1638342,-2.5070143,-0.7947941,1.7701629,-0.36406693,1.8226146,-2.2842362,1.2068468,0.50944513,1.5775257,0.16191228,0.30191866,0.7593875,1.0293094,-0.4616486,0.29308966,-0.45031708,1.6320697,-2.466891,0.08348112,0.55526125,0.1641261,-0.92389256,0.69179124,2.5736547,-0.5872517,-0.42693254,2.2951977,0.9951097,-1.1986871,-0.15683012,-1.4405956,0.21165416,0.89127517,-1.7040675,-0.26238972,0.8089452,1.4433177,-0.29808718,2.3282428,-1.0339277,-1.1998034,-1.3839344,1.3506153,-1.5819312,0.45630452,0.2819478,-1.6185913,-0.2550726,0.8017645,-1.1813377,0.055680644,0.0069235517,-1.4557382,-1.8074433,0.24913785,0.0044850637,-1.2620496,0.12942785,-0.19356184,1.2198902,0.1956336,0.040636055,-1.0010654,1.1473888,-0.7443532,2.7283196,-1.048524,1.3287135,-2.3866553,-0.605888,-1.5821508,0.36982903,1.1552724,-1.4235579,4,0
137,-1.8611045,-1.3439777,-2.279913,1.6011817,0.2876528,0.33961394,-1.5119553,-1.2087246,-0.3026288,0.10557967,0.012410816,0.273381,-1.5494902,-0.28913715,1.4698346,-1.1698023,-2.6806667,-0.72044563,1.7853643,-0.36622795,1.8104848,-2.3803895,1.2879003,0.5530737,1.6040025,0.16575359,0.2591729,0.77523327,1.1148741,-0.5043045,0.3172129,-0.447557,1.6358802,-2.4681904,0.5378582,0.5526083,0.15193024,-0.95637643,0.6982073,2.5756314,-0.59223217,-0.4264923,2.2924497,0.9918299,-0.70339054,-0.1540631,-1.4602249,0.21409261,0.88959485,-1.7106698,-0.2189901,0.77837974,1.4545413,-0.29627433,2.3155994,-1.0453466,-1.1817479,-1.4052423,1.3440402,-1.5571694,0.46577612,0.33876505,-1.6308391,-0.25718546,0.5878093,-1.175662,0.077398196,-0.0060772817,-1.4185698,-1.7971241,0.26334983,0.06075091,-1.2807982,0.13879457,0.2298921,1.2073909,0.21178608,0.050512142,-0.971447,1.1316997,-0.74940026,2.7277482,-1.0479252,1.3309503,-2.3899355,-0.6063477,-1.5980647,0.37298924,1.169509,-1.4133033,4,0
138,-1.8825207,-1.3439777,-2.279913,1.3610659,0.2876528,0.29223627,-1.5119553,-1.2087246,-0.3026288,0.076952726,0.012410816,0.273381,-1.5494902,-0.28353414,1.4698346,-1.1698023,-2.6806667,-0.72044563,1.7853643,-0.36622795,1.8104848,-2.3803895,1.2879003,0.5530737,1.6548084,0.17312479,0.21952355,0.80563956,1.2790635,-0.5453089,0.3653962,-0.4717452,1.6418496,-2.4681904,1.7397653,0.54966766,0.13933647,-0.98979694,0.70414805,2.5774891,-0.59223217,-0.43098727,2.2924497,0.9918299,-0.15265174,-0.15129614,-1.4791409,0.21638855,0.8880237,-1.7171359,-0.21329966,0.77837974,1.4512408,-0.29073843,0.6661922,-1.0567658,-1.1637614,-1.4263008,1.3368952,-1.5324761,0.46577612,0.33876505,-1.6308391,-0.25718546,0.12458795,-1.1699861,0.098228,-0.018936144,-1.3815942,-1.7866538,0.29625553,0.13022363,-1.3148991,0.14816065,1.205775,1.1941708,0.22852297,0.06038302,-0.94005525,1.1162034,-0.7555497,2.7277482,-1.0550895,1.3352695,-2.3899355,-0.6063477,-1.6093928,0.37239334,1.1837456,-1.4026778,4,0
139,-1.9076997,-1.3749626,-2.2358556,1.1647748,0.44718432,0.2147888,-1.476482,-1.2080728,-0.2978616,0.043440133,0.09716686,0.34428504,-1.5933548,-0.28199536,1.4698346,-1.1698023,-2.8778658,-0.72044563,1.7853643,-0.368692,1.789606,-2.40751,1.2879003,0.5530737,1.6687615,0.17552654,0.20863444,0.8139902,1.3241556,-0.5565701,0.40909073,-0.2837186,1.6584208,-2.4446678,1.9624823,0.54590946,0.12606189,-1.0291281,0.7132733,2.5750663,-0.61521673,-0.35743624,2.2727616,0.9869714,-1.2185022,-0.14644915,-1.4941256,0.21931084,0.8843119,-1.7199775,-0.16069281,0.82543045,1.4750634,-0.2892181,1.1959057,-1.0681846,-1.1435736,-1.448679,1.3280834,-1.5055523,0.46595109,0.34560624,-1.6307975,-0.26037923,0.0014623858,-1.1643105,0.11735285,-0.031820904,-1.3447052,-1.7762045,0.30614245,0.14930324,-1.3239735,0.1507981,0.898352,1.1809509,0.24425334,0.06995507,-0.90901077,1.100844,-0.7806565,2.7041776,-1.0621796,1.3215668,-2.3754523,-0.60708153,-1.6307566,0.37226442,1.1986653,-1.3920524,4,0
140,-1.9343033,-1.417679,-2.175117,0.98507667,0.6671168,0.1259564,-1.427578,-1.2071741,-0.29128963,0.00807775,0.21401276,0.44203442,-1.6538272,-0.28199536,1.4698346,-1.1698023,-3.1497269,-0.72044563,1.7853643,-0.37208897,1.7608222,-2.444899,1.2879003,0.5530737,1.6687615,0.1760468,0.20863444,0.8139902,1.3241556,-0.5565701,0.45108572,-0.015344258,1.6790056,-2.4122388,1.8144641,0.5418419,0.112529546,-1.0706968,0.72360414,2.5710227,-0.6469036,-0.25433594,2.2456195,0.98027354,-2.8964164,-0.14081463,-1.5076218,0.22247006,0.8797898,-1.7214468,-0.090322696,0.89029515,1.5091552,-0.2892181,2.550666,-1.0796036,-1.1225525,-1.471557,1.3186406,-1.4777836,0.46619174,0.35503748,-1.6307402,-0.26478225,0.007102023,-1.1586347,0.13583119,-0.044715464,-1.307849,-1.7657633,0.30731374,0.14930324,-1.3235726,0.15088803,0.10505091,1.1677309,0.2596033,0.079413705,-0.87809765,1.0855364,-0.8129408,2.6716826,-1.0692418,1.3010406,-2.3554854,-0.6080934,-1.65592,0.37231225,1.2138433,-1.381427,4,0
141,-1.9361768,-1.4206871,-2.167427,0.97242266,0.682604,0.11970103,-1.4190707,-1.2052879,-0.29082683,0.0055876053,0.28965932,0.44891772,-1.7143002,-0.2717713,1.4861827,-1.0761849,-3.3642385,-0.57611907,1.7920879,-0.3783211,1.7386975,-2.447532,1.3691852,0.6166637,1.6687615,0.17608345,0.18095195,0.8139902,1.3241556,-0.58515775,0.45300907,0.0035540448,1.6812637,-2.4083252,0.84545124,0.53777426,0.098867,-1.1113421,0.7336844,2.5665565,-0.65157115,-0.24075054,2.2382617,0.9769335,-1.5838063,-0.1351801,-1.5211548,0.22576392,0.87581706,-1.7220227,0.0017720871,0.8422796,1.5295293,-0.28138363,3.1010904,-1.0882554,-1.093664,-1.4913204,1.3096954,-1.4470694,0.48254493,0.40185732,-1.6332315,-0.26938954,0.38484234,-1.1512743,0.15640123,-0.05771068,-1.2686174,-1.7524525,0.3040071,0.17627855,-1.324705,0.15652329,-0.06275245,1.1534615,0.27458373,0.08897376,-0.84654754,1.068836,-0.81826997,2.6664245,-1.0635625,1.3046759,-2.3511577,-0.6106039,-1.6715125,0.3674107,1.2257919,-1.3691267,4,0
142,-1.9391457,-1.4206871,-2.164247,0.9644073,0.682604,0.11970103,-1.4143523,-1.2035896,-0.29082683,0.0015879652,0.35248005,0.44891772,-1.7666808,-0.2616267,1.5014161,-0.9889519,-3.5462823,-0.44163528,1.798353,-0.3839053,1.7199707,-2.4382668,1.4449266,0.675917,1.6720843,0.17731346,0.1551573,0.7980029,1.3406131,-0.6162315,0.45885146,0.0035442738,1.6827148,-2.4068062,0.1186007,0.53370667,0.08513992,-1.1518596,0.74368405,2.5620315,-0.6538413,-0.23493521,2.2331867,0.97426116,-0.2320458,-0.12954558,-1.5344973,0.22902648,0.8719231,-1.72251,0.08360619,0.79328257,1.5459039,-0.27349356,3.2756982,-1.0966976,-1.0642288,-1.5107578,1.3005955,-1.4161395,0.49776655,0.44272307,-1.6355567,-0.27339366,0.68137854,-1.1437864,0.17697789,-0.07060798,-1.2293397,-1.7388258,0.3050428,0.20759815,-1.3272904,0.1619735,-0.050034557,1.1389495,0.29014024,0.09825286,-0.81466687,1.0519485,-0.82183623,2.6636567,-1.0586398,1.3098701,-2.348435,-0.61287695,-1.6847214,0.36235443,1.2374958,-1.3566157,4,0
143,-1.9613332,-1.4206871,-2.164247,0.90450794,0.682604,0.11970103,-1.4143523,-1.2035896,-0.29082683,-0.028301671,0.35248005,0.44891772,-1.7666808,-0.25700942,1.5014161,-0.9889519,-3.5462823,-0.44163528,1.798353,-0.3839053,1.7199707,-2.369028,1.4449266,0.675917,1.6969156,0.18650562,0.1551573,0.67852867,1.4636016,-0.6493797,0.50971156,0.0034711442,1.6879301,-2.4068062,1.3618602,0.529639,0.07105809,-1.1920049,0.7532845,2.5573323,-0.6538413,-0.23552273,2.2331867,0.97426116,-0.09326732,-0.12391106,-1.5465983,0.23202004,0.86827046,-1.7228609,0.088369034,0.79328257,1.5431168,-0.2690855,1.4120203,-1.1051396,-1.0351102,-1.5296116,1.2902523,-1.3852565,0.49776655,0.42671412,-1.6355567,-0.27339366,0.26981464,-1.1362984,0.19656934,-0.08282221,-1.1909298,-1.7245618,0.33638063,0.25381088,-1.338531,0.16350596,0.82449925,1.1233839,0.30960482,0.105664745,-0.78095937,1.0345324,-0.8272088,2.6636567,-1.0648615,1.3133093,-2.348435,-0.61287695,-1.687193,0.3587239,1.2491994,-1.3435626,4,0
144,-1.9816412,-1.4124737,-2.1424744,0.86188895,0.7569484,0.11970103,-1.3920927,-1.1985078,-0.29646617,-0.05975675,0.41694763,0.46976742,-1.7871224,-0.25395292,1.5014161,-0.9889519,-3.575465,-0.44163528,1.798353,-0.38553974,1.714522,-2.3231943,1.4449266,0.675917,1.7133533,0.19259055,0.15947142,0.5994404,1.5450162,-0.6713227,0.5501109,0.09666162,1.6977684,-2.3966324,1.934622,0.52557147,0.05668791,-1.234131,0.7644997,2.5505526,-0.66500217,-0.20843796,2.210662,0.9709586,-0.5924022,-0.11766493,-1.5573741,0.2353508,0.864156,-1.7213594,0.11603749,0.8021334,1.5516958,-0.26616746,0.6580935,-1.113582,-1.0058409,-1.5484697,1.2793347,-1.3539916,0.50144535,0.41611665,-1.6346849,-0.27455288,0.08353264,-1.1288104,0.2155028,-0.094953805,-1.1526734,-1.7102344,0.35764456,0.28440234,-1.3457935,0.1636485,1.1515787,1.1078181,0.328569,0.11292675,-0.74743193,1.0171906,-0.8465377,2.6528275,-1.0712299,1.3091463,-2.3315084,-0.61253434,-1.6965009,0.35585624,1.261104,-1.3305094,4,0
145,-1.9982686,-1.3881762,-2.0780642,0.8531105,0.9768827,0.11970103,-1.3262411,-1.1834747,-0.3131492,-0.094277464,0.6076632,0.5314474,-1.8475956,-0.25395292,1.5014161,-0.9889519,-3.6617954,-0.44163528,1.798353,-0.39037487,1.6984029,-2.3231943,1.4449266,0.675917,1.7133533,0.19259055,0.17223416,0.5994404,1.5450162,-0.6713227,0.5700249,0.37249172,1.7166601,-2.3665345,1.1943363,0.5215038,0.041752484,-1.2801359,0.7788767,2.5396976,-0.69801956,-0.12716208,2.1440265,0.9611884,-2.3407748,-0.110221006,-1.5655574,0.23934227,0.85913706,-1.7162294,0.18856254,0.82831717,1.5825344,-0.26616746,2.0774121,-1.122024,-0.9762762,-1.5673367,1.2672924,-1.321979,0.51232886,0.41611665,-1.6321062,-0.2779824,0.33842447,-1.1213225,0.23314762,-0.10692346,-1.1147176,-1.6957824,0.35918024,0.28440234,-1.345266,0.16106927,0.4065681,1.0922521,0.3465549,0.11989559,-0.7142571,0.99999404,-0.8931975,2.6207917,-1.0778856,1.2900956,-2.2814338,-0.6115204,-1.7191963,0.35448256,1.2734019,-1.3174561,4,0
146,-2.0058796,-1.3770542,-2.0485811,0.8490923,1.0775552,0.16099024,-1.2934072,-1.1732262,-0.32078567,-0.11007892,0.7164458,0.55968076,-1.893148,-0.24534439,1.5262897,-0.9091613,-3.7339253,-0.35744402,1.8057178,-0.3969042,1.6690339,-2.26237,1.4604781,0.7126818,1.7133533,0.19259055,0.17807607,0.54964286,1.5450162,-0.68898606,0.5791404,0.49833992,1.7253077,-2.3527575,0.5971573,0.51795995,0.026555726,-1.325448,0.7930924,2.528768,-0.713162,-0.087133065,2.107092,0.9517875,-2.1945298,-0.10277708,-1.5734792,0.24333197,0.8543083,-1.7107438,0.26730344,0.80241096,1.5914909,-0.26140952,2.8572915,-1.1288522,-0.9430416,-1.5835536,1.2557632,-1.2892804,0.527633,0.4280654,-1.6354182,-0.2834442,0.55861723,-1.1128603,0.2521265,-0.11865161,-1.0763488,-1.6790688,0.35988334,0.29975146,-1.3450246,0.15988879,0.0447292,1.076038,0.36576223,0.12616219,-0.68092227,0.98169595,-0.91718113,2.6035244,-1.0829338,1.2850873,-2.2557302,-0.6123433,-1.7257524,0.3490542,1.2838157,-1.3034129,4,0
147,-2.0058796,-1.3770542,-2.0485811,0.8490923,1.0775552,0.23713294,-1.2884442,-1.1670169,-0.32078567,-0.11007892,0.7560663,0.55968076,-1.9261057,-0.22946917,1.57216,-0.7620174,-3.794068,-0.20218435,1.8192997,-0.40486363,1.6284804,-2.1502025,1.489157,0.78048086,1.7133533,0.19259055,0.17807607,0.45780975,1.5450162,-0.72155964,0.5791404,0.49758387,1.7253077,-2.3527575,0.120778926,0.51485825,0.011138348,-1.3701754,0.8071719,2.5177758,-0.7132153,-0.08192168,2.0952287,0.9426984,-0.44898266,-0.09533316,-1.581179,0.2473204,0.84963995,-1.7049574,0.3512918,0.732534,1.5819765,-0.25263527,3.0974016,-1.1343178,-0.90670913,-1.5975333,1.244667,-1.2560029,0.54666793,0.45010048,-1.6437026,-0.2906214,0.7495196,-1.1035762,0.27223128,-0.13017589,-1.037631,-1.6604459,0.35988334,0.3280573,-1.3450246,0.15988879,0.0063367104,1.0592763,0.38600174,0.13183655,-0.6474523,0.96246797,-0.92202324,2.5987246,-1.0866252,1.291933,-2.2505987,-0.6147162,-1.7186844,0.3402031,1.2926394,-1.2885342,4,0
148,-2.0058796,-1.3770542,-2.0485811,0.8490923,1.0775552,0.25643566,-1.2871859,-1.1654427,-0.33229584,-0.13553391,0.76611036,0.55968076,-1.9344608,-0.22385684,1.5837885,-0.7167623,-3.8093147,-0.16282491,1.8227427,-0.40688136,1.6181997,-2.1106548,1.4964273,0.8072762,1.7224275,0.20162106,0.18468164,0.37927496,1.462091,-0.79725766,0.5791404,0.4973922,1.7253077,-2.3527575,1.3567397e-05,0.51175654,-0.004457628,-1.4140121,0.82092494,2.5064008,-0.71210474,-0.07983935,2.0891,0.94917595,0.055162203,-0.08788923,-1.5882177,0.25115383,0.8450551,-1.6991436,0.3742715,0.71413517,1.578604,-0.2489696,1.8804175,-1.1397829,-0.8707239,-1.6109511,1.2324028,-1.2228796,0.55149347,0.45979545,-1.6458027,-0.29244095,0.46513537,-1.0940375,0.29145712,-0.14146633,-0.99913317,-1.641157,0.3848991,0.38977075,-1.3444479,0.16006497,0.6219562,1.0400392,0.40806696,0.13747877,-0.6133874,0.9382776,-0.9245249,2.6021454,-1.0879338,1.2947928,-2.2470043,-0.61879313,-1.7159458,0.33659923,1.3014627,-1.2722105,4,0
149,-2.0058796,-1.3770542,-2.0485811,0.8490923,1.0775552,0.25643566,-1.2871859,-1.1654427,-0.34771487,-0.16963336,0.76611036,0.55968076,-1.9344608,-0.2217298,1.5837885,-0.7061085,-3.8093147,-0.16282491,1.8227427,-0.40688136,1.6181997,-2.0957685,1.4964273,0.82014674,1.7345834,0.2137182,0.19353028,0.30525625,1.3510048,-0.8876006,0.5791404,0.4973922,1.7253077,-2.3527575,1.3567397e-05,0.5086549,-0.020114386,-1.4575462,0.83456725,2.4948964,-0.71059877,-0.078819625,2.0849183,0.9609402,0.13772981,-0.080445364,-1.5950309,0.2549343,0.8404985,-1.6933204,0.37653294,0.7132181,1.577317,-0.24703875,0.16860752,-1.1452483,-0.8348565,-1.6241779,1.219742,-1.1898085,0.55149347,0.46529984,-1.6458027,-0.29244095,0.019345019,-1.0844123,0.3103844,-0.1526774,-0.96071017,-1.6216419,0.41841018,0.4628294,-1.3436754,0.16030112,1.4596765,1.0199615,0.43075255,0.14311011,-0.5791205,0.9124019,-0.92623174,2.6083577,-1.088433,1.2962992,-2.243932,-0.6234487,-1.7146779,0.33477727,1.3102862,-1.255396,4,0
150,-1.980587,-1.1948624,-1.9873459,0.8535106,1.2866488,0.32882518,-1.2334418,-1.14649,-0.3626534,-0.1957284,0.9404027,0.60083145,-1.9344608,-0.22162494,1.5837885,-0.7055834,-3.852357,-0.16282491,1.8202214,-0.41244465,1.6094428,-2.0950346,1.4777158,0.8207812,1.7351826,0.2160459,0.19396642,0.30160782,1.3455292,-0.8920537,0.500269,0.7599254,1.7386907,-2.3442352,-1.8867184,0.50647146,-0.037342507,-1.5064739,0.85240227,2.4774172,-0.73202235,-0.015952636,2.016493,0.9453821,-1.0723834,-0.0717943,-1.5987691,0.25948697,0.8352343,-1.6828468,0.37664443,0.72791106,1.5772536,-0.2469436,0.039199818,-1.1507138,-0.7990773,-1.6370684,1.2054605,-1.1561991,0.5670887,0.46194345,-1.639758,-0.29520905,0.3626113,-1.074787,0.32728216,-0.16372016,-0.9230529,-1.6018649,0.4239575,0.46643052,-1.3423157,0.16059914,0.8019144,0.9998834,0.45163482,0.14833239,-0.5453492,0.88689166,-0.96794707,2.592532,-1.1016483,1.2909793,-2.1910431,-0.6195942,-1.7140813,0.33483997,1.3195059,-1.2385813,4,0
151,-1.9581052,-1.0329173,-1.9329154,0.85743797,1.4725064,0.42004234,-1.1856701,-1.1286054,-0.37525627,-0.21742956,1.0953263,0.6378563,-1.9306846,-0.21851413,1.5961345,-0.6542871,-3.8919568,-0.1387691,1.8161747,-0.41855386,1.5967038,-2.0651574,1.4511513,0.83767664,1.7351826,0.21758477,0.19396642,0.28262055,1.3257638,-0.90631866,0.43016237,0.99322754,1.7505865,-2.33666,-3.2562985,0.5046766,-0.05478468,-1.5554074,0.8704166,2.4596665,-0.75057256,0.040276233,1.9544442,0.929647,-1.936542,-0.06306756,-1.602234,0.26405773,0.8299266,-1.6721103,0.3832014,0.7318025,1.5693847,-0.24580657,0.13651271,-1.155718,-0.76205933,-1.6489664,1.1909852,-1.1228058,0.58248156,0.46429208,-1.6323451,-0.2985934,0.66358674,-1.0647142,0.34473822,-0.17469041,-0.8854438,-1.580877,0.42742008,0.4793605,-1.3411409,0.16085362,0.16467369,0.9792818,0.47295848,0.1533946,-0.51153713,0.8603104,-1.0055279,2.577458,-1.1164261,1.2870716,-2.1422472,-0.6161824,-1.707761,0.3338285,1.3282124,-1.2211958,4,0
152,-1.9581052,-1.0329173,-1.9329154,0.85743797,1.4725064,0.59347695,-1.1856701,-1.1219059,-0.37525627,-0.21742956,1.0953263,0.6407419,-1.9063143,-0.19843683,1.6758177,-0.3232158,-3.9006116,0.016489223,1.8045218,-0.42606688,1.5647217,-1.8723279,1.3870461,0.9467217,1.7351826,0.21758477,0.19396642,0.16007507,1.198198,-0.9983861,0.43016237,0.99286205,1.7505865,-2.33666,-1.2717627,0.504741,-0.072949685,-1.602846,0.888223,2.4421253,-0.7469681,0.042811275,1.9453384,0.92067283,-0.5482954,-0.054269273,-1.6050792,0.2685091,0.8245827,-1.6612552,0.4255205,0.67236817,1.5185986,-0.23846816,1.0229155,-1.1582065,-0.7182608,-1.6555455,1.1759111,-1.0907445,0.59236115,0.5002625,-1.6191803,-0.30455685,0.51077855,-1.0522003,0.36580837,-0.18531314,-0.84788024,-1.5533581,0.42742008,0.5628116,-1.3411409,0.16085362,0.0622448,0.9558242,0.49719393,0.15769888,-0.4773626,0.8277847,-1.0092444,2.572719,-1.1361302,1.292797,-2.1298606,-0.61759156,-1.6700342,0.32642588,1.3340061,-1.2006962,4,0
153,-1.9581052,-1.0329173,-1.9329154,0.85743797,1.4725064,0.7046214,-1.1856701,-1.1176126,-0.3792508,-0.22846712,1.0953263,0.6425911,-1.8855709,-0.18346485,1.7268821,-0.08556574,-3.9061584,0.11598545,1.795986,-0.43088156,1.5442263,-1.7470136,1.3459648,1.027704,1.7369738,0.22133788,0.19084941,0.03344776,0.9875475,-1.1150217,0.43016237,0.9926279,1.7505865,-2.33666,1.3567397e-05,0.5048054,-0.091239825,-1.6497397,0.90581477,2.424367,-0.74424213,0.04504856,1.9384643,0.9177988,0.29483792,-0.045470975,-1.6076314,0.2728714,0.8192956,-1.6504235,0.44912177,0.6340314,1.4822103,-0.2319807,1.1988962,-1.1606953,-0.6744687,-1.661681,1.1600238,-1.0591217,0.5982082,0.5323729,-1.6098607,-0.3083784,0.31842184,-1.0393921,0.38661173,-0.1958788,-0.8102069,-1.5252408,0.43626598,0.67276275,-1.3397168,0.16208652,0.21773624,0.9302508,0.5226213,0.16204277,-0.44344676,0.79023635,-1.0120503,2.571201,-1.1502479,1.2978585,-2.1207778,-0.6196329,-1.6424276,0.32053822,1.3397996,-1.1789098,4,0
154,-1.9581052,-1.0329173,-1.9329154,0.85743797,1.4725064,0.7046214,-1.1856701,-1.1176126,-0.39037275,-0.259199,1.0953263,0.6425911,-1.8712995,-0.17760243,1.7268821,-0.014606943,-3.9061584,0.11598545,1.7930126,-0.43088156,1.5442263,-1.7421668,1.3459648,1.0586139,1.7419608,0.23178744,0.18217087,-0.10046272,0.62865025,-1.2754943,0.43016237,0.9926279,1.7505865,-2.33666,1.3567397e-05,0.50486976,-0.109752834,-1.6956612,0.9230236,2.406221,-0.7430835,0.04675456,1.9355718,0.9258085,0.16532548,-0.03667268,-1.6096591,0.27707437,0.8141103,-1.6396337,0.43932438,0.63333863,1.4715136,-0.2270117,0.10727116,-1.1631838,-0.6306877,-1.6670252,1.142685,-1.0282812,0.59686047,0.5575959,-1.6074024,-0.3083784,0.05549896,-1.0260592,0.40693876,-0.20634276,-0.7723377,-1.4960561,0.46089554,0.8299978,-1.3357518,0.16551909,0.8334349,0.90090233,0.5501746,0.1664573,-0.40999255,0.74372613,-1.0132308,2.575431,-1.154398,1.3017352,-2.117589,-0.6228026,-1.632879,0.3173539,1.3455935,-1.1548276,4,0
155,-1.9431169,-1.0059811,-1.8966278,0.77336234,1.5964137,0.7980426,-1.139091,-1.1005815,-0.39878905,-0.32028916,1.1176479,0.66423327,-1.8650683,-0.17504282,1.7268821,0.016374504,-3.9497945,0.11598545,1.7844247,-0.4333122,1.534064,-1.7400507,1.3188777,1.0721095,1.7441384,0.23669194,0.17838165,-0.15892962,0.47195145,-1.3455586,0.38616353,1.1492275,1.7569568,-2.315054,-1.0525085,0.50611925,-0.12979537,-1.744846,0.9425154,2.384296,-0.7592684,0.07357499,1.8724666,0.9103748,-0.8096144,-0.027239477,-1.6073906,0.28120685,0.80808085,-1.6264219,0.43504652,0.6492199,1.4668434,-0.22484218,-0.2537306,-1.1656724,-0.5869791,-1.6722276,1.1242113,-0.99684626,0.59810585,0.5643561,-1.5991371,-0.31027278,0.0014205624,-1.0127263,0.42584488,-0.21675356,-0.73517907,-1.4666225,0.47242007,0.89864844,-1.3337625,0.16707286,0.7746495,0.8715538,0.57607543,0.17050666,-0.376796,0.69763696,-1.0455506,2.5479875,-1.1624887,1.2897521,-2.067648,-0.6182706,-1.6286057,0.31599292,1.3515956,-1.1307458,4,0
156,-1.9165133,-0.95816994,-1.8322182,0.62413025,1.8163463,0.9638631,-1.0564142,-1.070352,-0.40510827,-0.40490627,1.157268,0.70264775,-1.8650683,-0.17504282,1.7268821,0.016374504,-4.027247,0.11598545,1.7714859,-0.43762666,1.5160261,-1.7400507,1.2707988,1.0721095,1.7441384,0.23729888,0.17838165,-0.15892962,0.47195145,-1.3455586,0.3080669,1.427188,1.7682637,-2.276704,-2.920709,0.50828725,-0.15102337,-1.7965603,0.96377647,2.3594425,-0.78889406,0.119858354,1.7626976,0.87677246,-2.4397392,-0.01731436,-1.6017921,0.28528485,0.8013972,-1.6113335,0.43504652,0.67794544,1.4668434,-0.22484218,-0.048517566,-1.1681612,-0.5433266,-1.67732,1.1048579,-0.96495044,0.6013598,0.55680805,-1.5863713,-0.3136351,0.10919143,-0.99939334,0.44365025,-0.22712322,-0.69857097,-1.4369963,0.4737879,0.89864844,-1.3333043,0.16717078,0.19315599,0.8422055,0.60069513,0.17427282,-0.3437992,0.65187407,-1.1020025,2.495997,-1.1736333,1.2654781,-1.9814746,-0.6077699,-1.6284206,0.31604508,1.3577592,-1.106664,4,0
157,-1.9103308,-0.947059,-1.8172495,0.5894494,1.8674576,1.002399,-1.0349705,-1.0616962,-0.40657684,-0.42457095,1.1664757,0.71171355,-1.8427868,-0.15513119,1.7727389,0.3249767,-4.1202025,0.23516344,1.7592874,-0.44239786,1.4965152,-1.6600623,1.1922885,1.2160246,1.7430218,0.23744,0.17838165,-0.23437202,0.25104314,-1.4621195,0.2899175,1.4917847,1.7708915,-2.2677915,-1.9208194,0.51045525,-0.17264795,-1.8467383,0.98444366,2.3340523,-0.79602844,0.1307362,1.7330528,0.8670332,-1.6275805,-0.007385067,-1.5961835,0.28926998,0.79475224,-1.5963576,0.4630895,0.71597415,1.4289839,-0.21447812,0.5865506,-1.1683648,-0.49270403,-1.677297,1.0840923,-0.933296,0.60626864,0.66864866,-1.5739598,-0.3172871,0.17297651,-0.9822478,0.46561387,-0.23787387,-0.66001135,-1.398317,0.47362852,1.0289803,-1.3323916,0.16719341,0.019832626,0.80857813,0.62647337,0.17777523,-0.31053707,0.5967178,-1.1168094,2.4828951,-1.1909119,1.2679229,-1.954324,-0.60695344,-1.5999277,0.30560234,1.3612573,-1.0778116,4,0
158,-1.9103308,-0.947059,-1.8172495,0.5894494,1.8674576,1.002399,-1.0320654,-1.0595719,-0.40657684,-0.42457095,1.1664757,0.7118939,-1.81376,-0.12919128,1.832479,0.7270095,-4.2178516,0.39042306,1.7473129,-0.4473074,1.4765581,-1.5558573,1.104565,1.4035108,1.7415673,0.23744,0.17838165,-0.33265492,-0.03674608,-1.6139698,0.2899175,1.4917847,1.7708915,-2.2677915,-0.052603044,0.51262325,-0.1943926,-1.896451,1.0049311,2.3084998,-0.7963535,0.13089484,1.7276663,0.86451846,-0.07600954,0.002545501,-1.5905724,0.29322708,0.7881191,-1.5814157,0.4996224,0.75681937,1.3796623,-0.20097624,1.3517592,-1.1678765,-0.43997133,-1.6757252,1.062899,-0.9017147,0.61167794,0.8166346,-1.5616556,-0.32102665,0.22344473,-0.96394795,0.4888366,-0.24873982,-0.6208607,-1.3568965,0.47300667,1.1987706,-1.3313415,0.16719341,-0.029915461,0.7736552,0.6526019,0.18119775,-0.27719465,0.53871757,-1.1190081,2.4815671,-1.2100476,1.278457,-1.9450426,-0.6090688,-1.5628644,0.2919823,1.3639483,-1.0475149,4,0
159,-1.9103308,-0.947059,-1.8172495,0.47452915,1.8674576,1.002399,-1.0319835,-1.059512,-0.4112443,-0.51785207,1.1664757,0.711899,-1.8078883,-0.1284607,1.8341615,0.7383324,-4.2206016,0.3947958,1.7469757,-0.4474457,1.4759961,-1.5529225,1.1020943,1.4235647,1.6745822,0.25248334,0.19954973,-0.3840759,-0.31267172,-1.794683,0.2899175,1.4932543,1.7708915,-2.2677915,1.3567397e-05,0.5147912,-0.21718653,-1.945357,1.024341,2.2826223,-0.79584736,0.14192891,1.7263881,0.86763644,0.011707085,0.012476012,-1.5815923,0.2963891,0.78218246,-1.5662981,0.4949944,0.75796974,1.3756486,-0.20059599,0.5111614,-1.1673883,-0.3886832,-1.6732517,1.0401909,-0.8699769,0.61183,0.83525974,-1.5613091,-0.321132,0.10175039,-0.94525653,0.51004964,-0.25924316,-0.58178455,-1.3149003,0.48175907,1.4077505,-1.2709321,0.16544253,0.2030266,0.73225546,0.67826533,0.1846397,-0.24155648,0.4671892,-1.1195297,2.4832141,-1.2116048,1.2787538,-1.9439538,-0.6103902,-1.5354717,0.2906661,1.3666394,-1.0136226,4,0
160,-1.9056467,-0.91283506,-1.8059092,0.3520056,1.9031795,1.0125281,-1.0165956,-1.0543479,-0.41520137,-0.61420697,1.1566622,0.71783686,-1.8036034,-0.1284607,1.8341615,0.7383324,-4.2206016,0.3947958,1.7453908,-0.44824457,1.474487,-1.5529225,1.0902134,1.4360898,1.6178262,0.26523733,0.22103177,-0.42532432,-0.53973264,-1.9442677,0.27576423,1.5398436,1.7737647,-2.2643902,-0.33855635,0.5170877,-0.24055676,-1.9950327,1.0442458,2.2555387,-0.8003234,0.15784623,1.7041872,0.8645545,-0.21608056,0.022580719,-1.5710249,0.29943788,0.7758846,-1.5505961,0.4901982,0.75796974,1.3734235,-0.20059599,-0.19831058,-1.1669003,-0.33771193,-1.6705933,1.0171856,-0.83822095,0.6135429,0.8463013,-1.5594699,-0.3215404,0.03749683,-0.9265539,0.5306669,-0.269706,-0.5430029,-1.2727982,0.48962638,1.5808715,-1.2196068,0.1632668,0.3727951,0.6906681,0.7030634,0.18786979,-0.20592946,0.3954816,-1.1315511,2.4785495,-1.2153002,1.2766008,-1.9268464,-0.6095102,-1.5130783,0.28950733,1.3693876,-0.97962636,4,0
161,-1.8790431,-0.7184557,-1.7414995,0.20948635,2.1060674,1.0700576,-0.92919797,-1.025017,-0.41520137,-0.7122955,1.1009253,0.7515622,-1.8036034,-0.1284607,1.8341615,0.7383324,-4.2206016,0.3947958,1.7363899,-0.45278218,1.4659158,-1.5529225,1.0227343,1.4360898,1.6178262,0.26523733,0.24111152,-0.42532432,-0.53973264,-1.9442677,0.19537856,1.7973756,1.7900833,-2.2450724,-2.2615132,0.5199854,-0.26648158,-2.0484192,1.0666127,2.2228553,-0.8282281,0.19514026,1.5835183,0.8316936,-1.7217919,0.033500563,-1.5534852,0.3020652,0.76780194,-1.5321811,0.4901982,0.75796974,1.3734235,-0.20059599,-0.076385766,-1.1664121,-0.28802788,-1.6671916,0.9929941,-0.80640084,0.6232743,0.83939767,-1.5490245,-0.32385978,0.26539397,-0.90785146,0.54877037,-0.28002867,-0.5055896,-1.2302796,0.492082,1.5808715,-1.2188396,0.15934123,0.20859635,0.64908093,0.7238713,0.19010557,-0.17066588,0.32476965,-1.1976147,2.4439454,-1.2313843,1.2643733,-1.8336686,-0.5984356,-1.5127685,0.28741655,1.3724035,-0.9456302,4,0
162,-1.8625565,-0.59799576,-1.7015837,0.12116484,2.2318,1.1057096,-0.8726425,-1.0068402,-0.41250986,-0.77308255,1.0663843,0.7725309,-1.7806066,-0.11859617,1.8370918,0.89121884,-4.1444764,0.4538385,1.7002501,-0.456886,1.4606041,-1.5525277,0.9783502,1.5131685,1.5871264,0.26523733,0.25355524,-0.42532432,-0.61191994,-2.0106485,0.14556211,1.9569724,1.8001962,-2.2331004,-2.7219257,0.5228832,-0.29262757,-2.1008532,1.0886215,2.1899176,-0.847059,0.21831143,1.5069273,0.8095593,-2.1744242,0.04442238,-1.5360048,0.3046378,0.7597572,-1.5138429,0.48003164,0.757506,1.354247,-0.19334187,-0.21376862,-1.164792,-0.23645747,-1.6603892,0.9694234,-0.77570444,0.6214384,0.91274893,-1.516079,-0.32567796,0.13573658,-0.88710684,0.568383,-0.2905714,-0.46594718,-1.1833345,0.48152763,1.6575361,-1.1958317,0.15690844,-0.21838939,0.60505694,0.7431133,0.19225375,-0.13402297,0.24949081,-1.2392943,2.421566,-1.2487918,1.2624553,-1.7631408,-0.5911888,-1.4892256,0.27880314,1.3740988,-0.90900445,4,0
163,-1.8625565,-0.59799576,-1.7015837,0.12116484,2.2318,1.1057096,-0.86634785,-1.0068402,-0.4054322,-0.77308255,1.0663843,0.7727113,-1.7201335,-0.09265625,1.8447974,1.2932516,-3.944296,0.60909814,1.6198845,-0.46028304,1.4606041,-1.551489,0.97160226,1.7158562,1.5063978,0.26523733,0.25355524,-0.42532432,-0.8017449,-2.1852045,0.14556211,1.9569724,1.8001962,-2.2331004,-0.79895276,0.525781,-0.3191338,-2.151735,1.1100472,2.1565652,-0.85110337,0.21846783,1.5021664,0.8049049,-0.9109416,0.055347558,-1.5186213,0.30712128,0.7517743,-1.4956299,0.45329812,0.75628674,1.3038198,-0.1742662,-0.7737234,-1.161327,-0.18181312,-1.6480446,0.94686407,-0.74683946,0.60075396,1.116885,-1.4464672,-0.3266796,-0.57659745,-0.8630346,0.59045506,-0.3014728,-0.4226722,-1.1291759,0.4497718,1.8591353,-1.1365796,0.15690844,-1.073617,0.55706173,0.75980395,0.19425885,-0.09513232,0.16676971,-1.2412376,2.419108,-1.2683564,1.277338,-1.7295237,-0.5901799,-1.4278222,0.25956044,1.3736418,-0.8680933,4,0
164,-1.8625565,-0.59799576,-1.7015837,0.06774123,2.2318,1.0043344,-0.8637325,-1.0068402,-0.40249157,-0.84591913,0.951769,0.77278626,-1.6950079,-0.08187858,1.8479989,1.4602903,-3.7186916,0.67360616,1.5864936,-0.46169442,1.465689,-1.5510575,0.96879864,1.8000698,1.4121271,0.27177605,0.30766445,-0.3738012,-0.8806143,-2.33428,0.14556211,1.957902,1.8001962,-2.2331004,1.3567397e-05,0.5273927,-0.34601218,-2.2019033,1.1305363,2.1225915,-0.85278374,0.22146349,1.5001882,0.8029712,-0.26080436,0.06627268,-1.4978359,0.30866107,0.743484,-1.4785495,0.44219062,0.70839876,1.2828681,-0.16634056,-0.67907697,-1.157862,-0.12972973,-1.6344079,0.92516845,-0.71975076,0.59403205,1.2017003,-1.4171739,-0.326524,-0.5455545,-0.8389623,0.6106057,-0.31201214,-0.37973952,-1.0752695,0.4364767,2.026858,-1.0604861,0.14752296,-0.9674713,0.50625664,0.77193993,0.19621618,-0.053109672,0.080118254,-1.2420449,2.4180868,-1.2764853,1.2835215,-1.7153959,-0.58928525,-1.3815091,0.2465665,1.373185,-0.8257368,4,0
165,-1.8625565,-0.59799576,-1.7015837,-0.023656974,2.2318,0.83089983,-0.8637325,-1.0068402,-0.40249157,-0.9705295,0.75568277,0.77278626,-1.6950079,-0.08187858,1.8479989,1.4602903,-3.4750152,0.67360616,1.5864936,-0.46169442,1.474388,-1.5510575,0.96879864,1.8000698,1.3082304,0.2829627,0.4002354,-0.28565446,-0.8806143,-2.4652438,0.14556211,1.9594922,1.8001962,-2.2331004,1.3567397e-05,0.5280903,-0.3731553,-2.2515643,1.1503599,2.0881758,-0.85278374,0.22647747,1.5001882,0.8029712,-0.046645228,0.077197745,-1.4746302,0.30952945,0.734975,-1.4622741,0.44219062,0.6273375,1.2828681,-0.16634056,-0.119126886,-1.154397,-0.07946695,-1.619853,0.90408635,-0.6939248,0.59723485,1.2017003,-1.4165401,-0.3255461,0.013895458,-0.8148902,0.62939054,-0.3222942,-0.33705026,-1.0215425,0.43630353,2.1705012,-0.9724214,0.13146578,-0.17796248,0.4534542,0.7808389,0.19813979,-0.0088607045,-0.0093269255,-1.2420449,2.4180868,-1.2764853,1.2835215,-1.7151216,-0.5884718,-1.3459226,0.23801433,1.3727282,-0.782353,4,0
166,-1.841573,-0.40697107,-1.6507814,-0.10935382,2.2905195,0.62276495,-0.7797134,-1.0108355,-0.35922825,-1.0918201,0.5071589,0.7871533,-1.6950079,-0.08187858,1.8108901,1.4602903,-3.423534,0.67360616,1.5231066,-0.46390435,1.4762259,-1.6160446,0.93021166,1.8000698,1.2862802,0.28532615,0.4554946,-0.24765211,-0.7530386,-2.4929123,0.08273818,2.035235,1.8154227,-2.2207947,-1.5028361,0.5266124,-0.40123135,-2.3012397,1.1700749,2.0509827,-0.9021846,0.25042075,1.4234176,0.7780241,-2.617325,0.08854438,-1.4439502,0.30923194,0.7243036,-1.4459163,0.41823626,0.61021185,1.2937107,-0.16129482,-0.50256634,-1.150932,-0.030746425,-1.6046579,0.88219005,-0.6681075,0.5823165,1.2051487,-1.3612964,-0.32598835,-0.29232,-0.7908178,0.64464116,-0.33274013,-0.29478586,-0.96761024,0.44119793,2.1961572,-0.9525054,0.121223286,0.11550614,0.40065143,0.78421515,0.19887984,0.037071906,-0.0956626,-1.2890658,2.3939242,-1.2872863,1.2796693,-1.634814,-0.5789674,-1.3459294,0.2274691,1.3724097,-0.7389687,4,0
167,-1.8149692,-0.16477866,-1.5863713,-0.19352348,2.364967,0.4053353,-0.6731891,-1.0159011,-0.30437654,-1.2122217,0.2445892,0.8053688,-1.6950079,-0.08187858,1.7638412,1.4602903,-3.423534,0.67360616,1.4427409,-0.46670625,1.4762259,-1.6984395,0.881289,1.8000698,1.2862802,0.28532615,0.5007595,-0.22308137,-0.59129065,-2.4929123,0.0030864207,2.1308398,1.8347278,-2.2051928,-3.4082377,0.52455175,-0.4295573,-2.3509185,1.1897612,2.0130458,-0.96481794,0.27943432,1.3260831,0.7463949,-5.9339495,0.10000386,-1.4112676,0.3086224,0.7130529,-1.4295366,0.38786542,0.61021185,1.3074577,-0.15489751,-1.138701,-1.1474673,0.017561115,-1.5892915,0.8600754,-0.6422925,0.5625436,1.2095207,-1.2914251,-0.32681113,-0.83041173,-0.76674545,0.6589453,-0.34322983,-0.25263542,-0.913623,0.4474491,2.1902096,-0.95084363,0.11253825,0.276106,0.34784853,0.7861121,0.19930318,0.08345552,-0.18116535,-1.3486817,2.3632896,-1.3009803,1.2747849,-1.5330687,-0.56713504,-1.3554701,0.21639,1.3721282,-0.69558454,4,0
168,-1.814782,-0.16307425,-1.585918,-0.19411583,2.3654912,0.4038052,-0.6628235,-1.0159367,-0.28616992,-1.213069,0.2427414,0.80549693,-1.6349607,-0.07028778,1.6734954,1.8594939,-2.9827986,0.8277732,1.362375,-0.46879417,1.4827043,-1.905619,0.8809447,2.001331,1.1831135,0.28532615,0.50107807,-0.22290847,-0.5901524,-2.5747244,0.0025258115,2.1315126,1.8348637,-2.2050831,-1.5296535,0.5224911,-0.45832786,-2.3980222,1.2084883,1.9747036,-0.97185194,0.27963853,1.3177313,0.7338784,-3.013136,0.1114634,-1.3786156,0.3078395,0.70199805,-1.4132093,0.28247982,0.63077503,1.2927059,-0.13293312,-2.7144148,-1.1410465,0.06742081,-1.5636653,0.8436506,-0.6208615,0.54559827,1.4370394,-1.220916,-0.32669663,-0.7679878,-0.73734117,0.6719432,-0.35525784,-0.20338944,-0.84861517,0.41305217,2.2818077,-0.8727987,0.11247722,-0.7389051,0.2920424,0.78079337,0.19814861,0.13289784,-0.27021378,-1.3522305,2.3565814,-1.3068377,1.2918518,-1.4964246,-0.5620868,-1.312974,0.19420072,1.3683968,-0.64706236,4,0
169,-1.814782,-0.16307425,-1.585918,-0.19411583,2.3654912,0.38828993,-0.65504915,-1.0164522,-0.2717621,-1.224691,0.20341223,0.80549693,-1.5864125,-0.06091663,1.6007187,2.182248,-2.626466,0.95241654,1.297857,-0.4704663,1.4879421,-2.072654,0.8823307,2.16405,1.079216,0.28697634,0.5214801,-0.17421457,-0.5467023,-2.6488605,0.0025258115,2.1315632,1.8348637,-2.2050831,1.3567397e-05,0.52023363,-0.48714438,-2.4446526,1.2269803,1.9362315,-0.9775671,0.28192338,1.3122336,0.7244594,-0.58383024,0.12292288,-1.3454497,0.30685073,0.69075567,-1.3973441,0.19744869,0.64740026,1.2807007,-0.11521141,-3.5472798,-1.1346046,0.116843425,-1.5378497,0.8270234,-0.59938,0.53201014,1.6210421,-1.1643072,-0.32659942,-0.6362913,-0.70789915,0.68412745,-0.3671341,-0.15422218,-0.78367287,0.38590604,2.3636377,-0.7924107,0.1089062,-1.3719937,0.23592173,0.772602,0.19732298,0.18331422,-0.35888985,-1.3544745,2.3516076,-1.3114954,1.3056781,-1.4678922,-0.5582785,-1.2715718,0.17442186,1.364641,-0.5983529,4,0
170,-1.814782,-0.16307425,-1.585918,-0.19411583,2.3654912,0.30960983,-0.65504915,-1.0190667,-0.2717621,-1.2836283,0.0039683683,0.80549693,-1.5864125,-0.06091663,1.6007187,2.182248,-2.626466,0.95241654,1.297857,-0.4704663,1.4879421,-2.072654,0.8893599,2.16405,0.9753191,0.2953447,0.6249418,0.072719194,-0.3263608,-2.6893854,0.0025258115,2.131817,1.8348637,-2.2050831,1.3567397e-05,0.5171749,-0.5161346,-2.489432,1.2445418,1.8972435,-0.97951704,0.29351014,1.3157881,0.7270961,-0.33548507,0.13438231,-1.3101934,0.30502844,0.6787443,-1.3833591,0.19744869,0.64740026,1.2807007,-0.11521141,-1.328791,-1.1281629,0.16444223,-1.5115584,0.8094086,-0.5775673,0.53201014,1.6214477,-1.1643072,-0.32659942,-0.23990256,-0.6784574,0.6930341,-0.37834784,-0.105580196,-0.71931523,0.38945138,2.4028873,-0.70468825,0.090796866,-0.41630188,0.17860718,0.7529219,0.19788171,0.2376078,-0.44594815,-1.3530236,2.3530002,-1.3114954,1.3056781,-1.470504,-0.55932194,-1.2361234,0.16477656,1.3608851,-0.5490295,4,0
171,-1.804103,-0.08300272,-1.560063,-0.18520284,2.393786,0.26251274,-0.6157877,-1.0214188,-0.24091649,-1.3246533,-0.17930251,0.799633,-1.5864125,-0.06091663,1.5643299,2.182248,-2.626466,0.95241654,1.2655973,-0.47109333,1.4748986,-2.1353278,0.8935674,2.16405,0.9131276,0.30035383,0.68687296,0.22053115,-0.17155834,-2.7136433,-0.028233325,2.167196,1.8426739,-2.1900392,-0.7357951,0.51411617,-0.5453802,-2.5333,1.2623918,1.8570564,-1.0025129,0.29772574,1.274737,0.70744944,-1.3012706,0.14566971,-1.2731583,0.3028936,0.6662078,-1.3693024,0.17497398,0.64740026,1.2914859,-0.1094867,-0.47157145,-1.1217213,0.21106222,-1.4849746,0.7914608,-0.5557687,0.5198392,1.628252,-1.1366955,-0.32824248,-0.2876588,-0.6490154,0.69934624,-0.38974306,-0.05680822,-0.6551863,0.39157367,2.4262025,-0.6521784,0.07995679,0.12018768,0.12129242,0.73048776,0.1977418,0.29187348,-0.53185433,-1.3778251,2.3291914,-1.315009,1.3006223,-1.4283957,-0.5529138,-1.2229164,0.15322813,1.3570728,-0.49970585,4,0
172,-1.777499,0.1164729,-1.4956528,-0.16299856,2.464275,0.26251274,-0.51797897,-1.0233797,-0.16407351,-1.3389666,-0.33845603,0.7850245,-1.5864125,-0.06091663,1.4736769,2.182248,-2.626466,0.95241654,1.1852317,-0.47265545,1.4424046,-2.2914624,0.8935674,2.16405,0.9131276,0.30035383,0.68687296,0.22053115,-0.11448878,-2.7136433,-0.104860984,2.2549527,1.8621308,-2.1525617,-2.5688531,0.5110573,-0.5750059,-2.575808,1.2806717,1.8150809,-1.0568928,0.29094929,1.1671681,0.65457183,-4.077586,0.15670072,-1.2334703,0.30029252,0.6528879,-1.3551391,0.11898518,0.64740026,1.318354,-0.09522518,-1.6442974,-1.1152793,0.25622267,-1.4579548,0.7730167,-0.5339915,0.48952046,1.6445991,-1.0679086,-0.3323358,-0.997731,-0.6195734,0.701789,-0.4014086,-0.007842344,-0.5913985,0.39157367,2.4257555,-0.6521784,0.07995679,0.031556398,0.06397734,0.70394546,0.1965603,0.34609747,-0.61604244,-1.4417747,2.2678015,-1.323762,1.2880276,-1.3196001,-0.5353933,-1.2428755,0.13884175,1.3531764,-0.45038202,4,0
173,-1.7670076,0.1951378,-1.4702522,-0.14360899,2.5117867,0.36652726,-0.4794073,-1.024153,-0.108204134,-1.3446113,-0.40121955,0.7792636,-1.549788,-0.045206446,1.3830248,2.425734,-2.3576488,1.0464475,1.1048663,-0.4739923,1.4295905,-2.40713,0.8983353,2.2124155,0.8502033,0.30035383,0.68687296,0.22053115,-0.09198295,-2.7136433,-0.13507976,2.3137853,1.8698038,-2.1377823,-2.181567,0.5093181,-0.60523504,-2.6168077,1.2989666,1.7725488,-1.0809985,0.28827694,1.1293291,0.6148536,-3.5693643,0.16773164,-1.1933484,0.29742318,0.63992125,-1.3411036,0.050055034,0.7181042,1.311005,-0.068217956,-2.3778372,-1.1070349,0.30173478,-1.4245733,0.7582386,-0.51365924,0.4675601,1.7065425,-0.9976712,-0.33415738,-1.0819842,-0.5888501,0.7018927,-0.41303948,0.042787913,-0.52513766,0.37460297,2.425579,-0.60327345,0.07995679,-0.42763186,0.006662593,0.6734284,0.19430073,0.4000017,-0.69922036,-1.4651237,2.2336292,-1.334176,1.2997437,-1.2614089,-0.5211908,-1.2176542,0.11159803,1.3471754,-0.400195,4,0
174,-1.7670076,0.1951378,-1.4702522,-0.12605228,2.5443368,0.5382699,-0.4794073,-1.024153,-0.06599142,-1.3446113,-0.40121955,0.7792636,-1.4893156,-0.019266756,1.2923728,2.8277636,-1.9137937,1.2017059,1.0245012,-0.47518253,1.4295905,-2.4964476,0.90620786,2.2922738,0.7463065,0.30035383,0.68687296,0.22053115,-0.09198295,-2.7136433,-0.13507976,2.3537838,1.8698038,-2.1377823,-0.34852442,0.508438,-0.63585716,-2.6568253,1.3172712,1.7296544,-1.0853918,0.28827694,1.136894,0.5837043,-0.9224462,0.17876253,-1.1529453,0.294379,0.6271848,-1.3271511,-0.027301623,0.8348461,1.2813765,-0.03291156,-2.8254046,-1.0976163,0.3474756,-1.3870496,0.7458476,-0.4942677,0.45104346,1.7981755,-0.92648923,-0.33449972,-0.7587414,-0.5572926,0.70047307,-0.42464763,0.09450194,-0.45726672,0.3465821,2.425579,-0.5225244,0.07995679,-1.1281048,-0.050651982,0.64032286,0.19133915,0.45369768,-0.7817405,-1.4620359,2.2171798,-1.3456713,1.3272896,-1.2361684,-0.50914884,-1.1630144,0.07598248,1.3398044,-0.349446,4,0
175,-1.7670076,0.1951378,-1.4702522,-0.122714035,2.5505257,0.5709253,-0.4794073,-1.024153,-0.057965003,-1.3446113,-0.477902,0.7700619,-1.4778172,-0.01433451,1.2751361,2.904206,-1.8293983,1.2312268,1.0092205,-0.47540882,1.4382932,-2.5134308,0.93001974,2.3074582,0.6424089,0.30818444,0.6656498,0.26157245,0.0078682285,-2.639081,-0.13507976,2.3613894,1.8698038,-2.1377823,1.3567397e-05,0.5075579,-0.6667192,-2.6947708,1.3347684,1.6866766,-1.086227,0.28301144,1.1383324,0.5777816,-0.23075604,0.18952355,-1.1132187,0.29106325,0.61438996,-1.3145158,-0.042010378,0.8570436,1.2757429,-0.026198339,-1.5982949,-1.0881978,0.39089456,-1.349212,0.7323407,-0.47433674,0.45114964,1.816849,-0.9125632,-0.3335892,-0.30796567,-0.52573496,0.6958235,-0.4354827,0.1458185,-0.3904008,0.33662853,2.3416111,-0.4381985,0.08542018,-0.8096411,-0.10522983,0.6026004,0.1882852,0.5055851,-0.85725343,-1.4614487,2.214052,-1.347857,1.3325272,-1.2311997,-0.5060477,-1.124754,0.072120406,1.3323448,-0.30010456,4,0
176,-1.7666327,0.19373526,-1.4693446,-0.12236483,2.5508015,0.57341665,-0.47862956,-1.0240413,-0.056344524,-1.3432708,-0.5722571,0.7585804,-1.4778172,-0.01433451,1.2738589,2.904206,-1.8293983,1.2312268,1.0080881,-0.47542143,1.4488878,-2.5134308,0.95718575,2.3070855,0.53997505,0.3177174,0.63981307,0.31153557,0.1294257,-2.5479672,-0.13604905,2.3617282,1.8699002,-2.1355991,-0.023176054,0.50670946,-0.69761294,-2.7321393,1.3520957,1.6436504,-1.0866058,0.27604622,1.1373018,0.5764604,-0.02145676,0.20021303,-1.0736331,0.28767878,0.6015756,-1.3021894,-0.04274338,0.8570436,1.27611,-0.025960933,-0.016183218,-1.0787793,0.43372595,-1.3112935,0.71855783,-0.45427722,0.45489794,1.817992,-0.9110783,-0.332405,0.1598861,-0.494187,0.69035804,-0.44612446,0.19702284,-0.3237998,0.33099732,2.239004,-0.35423285,0.09207138,-0.2577932,-0.15915255,0.5637367,0.18519141,0.55701816,-0.9310729,-1.4619687,2.2114046,-1.3478096,1.3313303,-1.2298001,-0.5045398,-1.0910965,0.0754234,1.3248614,-0.25110683,4,0
177,-1.7400289,0.09419341,-1.4049344,-0.097578675,2.5703757,0.75023687,-0.4234306,-1.0161161,0.05866716,-1.2481283,-0.64343965,0.73874176,-1.4778172,-0.01433451,1.183206,2.904206,-1.8293983,1.2312268,0.9277224,-0.47631407,1.4488878,-2.5134308,0.95718575,2.2806349,0.53997505,0.3177174,0.63981307,0.31153557,0.1294257,-2.523633,-0.20485137,2.3857822,1.8767452,-1.980633,-1.6690387,0.50807244,-0.7267771,-2.7631447,1.3708156,1.5986271,-1.1134882,0.23665808,1.0641474,0.4826823,-1.44496,0.21032873,-1.0327952,0.28395733,0.5883548,-1.2898269,-0.09477812,0.8570436,1.3021704,-0.009111869,-1.1060796,-1.0693607,0.47360262,-1.2728552,0.7038058,-0.43407562,0.44044107,1.7910826,-0.83950484,-0.3326621,-0.272586,-0.4633301,0.6808737,-0.4559416,0.24690257,-0.25922397,0.33099732,2.2116303,-0.35423285,0.09207138,-0.11500813,-0.21219456,0.5208982,0.18084367,0.6063794,-1.0015073,-1.4988794,2.0235023,-1.3444453,1.2463888,-1.1450839,-0.46764275,-1.1104556,0.058426794,1.3171899,-0.20302768,4,0
178,-1.7192333,0.016383644,-1.3545864,-0.07820382,2.5856764,0.8884535,-0.3802827,-1.0045166,0.14856936,-1.1699892,-0.6990816,0.72323436,-1.4646149,-0.008671325,1.0925535,2.8857741,-1.8149598,1.2200919,0.84735674,-0.47724462,1.434895,-2.5095763,0.96805066,2.238232,0.5172922,0.3177174,0.6327543,0.31153557,0.093646616,-2.5046113,-0.25863278,2.4045851,1.8820959,-1.8594996,-2.5962515,0.50943553,-0.7560014,-2.7936249,1.3893278,1.5536448,-1.1297673,0.20486389,0.99958485,0.40584892,-1.9962106,0.2204444,-0.9920498,0.28025293,0.57507724,-1.2773571,-0.15015809,0.8425837,1.3146476,0.012147185,-2.0281017,-1.0601557,0.51248705,-1.234611,0.68888867,-0.41442522,0.42163998,1.7483833,-0.76823056,-0.3345049,-0.71237963,-0.43304878,0.6704407,-0.4655895,0.29612604,-0.19618297,0.3252837,2.1903439,-0.33633408,0.09339873,-0.14622702,-0.2652365,0.4771841,0.17608798,0.65502375,-1.0720822,-1.5307436,1.8747597,-1.3448783,1.1863022,-1.0668098,-0.43877035,-1.1124916,0.037688553,1.3097676,-0.15533647,4,0
179,-1.7192333,0.016383644,-1.3545864,-0.07820382,2.5856764,0.8884535,-0.3802827,-0.979761,0.14856936,-1.152729,-0.6990816,0.72323436,-1.4041425,0.01726841,1.0019014,2.801348,-1.7488253,1.1690897,0.7669917,-0.47831073,1.3708032,-2.4919205,1.0178165,2.138713,0.41339535,0.3177174,0.6004226,0.31153557,-0.07023622,-2.5046113,-0.25863278,2.4045851,1.8820959,-1.8594996,-0.95040256,0.5107986,-0.78544104,-2.8222265,1.4070965,1.5088094,-1.1080824,0.20025939,0.96578395,0.38968498,0.5755601,0.23056,-0.9516332,0.27660912,0.56159616,-1.2645046,-0.21751575,0.77635145,1.2784911,0.049195863,-2.3490648,-1.0517151,0.54781765,-1.197062,0.67338026,-0.3967481,0.38728487,1.6491507,-0.69802696,-0.34202504,-1.178387,-0.40482846,0.6566097,-0.4746312,0.34299994,-0.13863719,0.2991131,2.1908522,-0.25435048,0.09947824,-0.8004512,-0.31827804,0.43033555,0.16987301,0.7011016,-1.1431597,-1.5445399,1.8662233,-1.3589063,1.2152073,-1.0116001,-0.4386289,-1.0525035,0.003553555,1.3032373,-0.109034374,4,0
180,-1.7192333,0.016383644,-1.3545864,-0.11049584,2.5856764,0.8666472,-0.3802827,-0.9654656,0.14856936,-1.1427618,-0.6990816,0.7107367,-1.3692219,0.03224761,0.9495534,2.752595,-1.7106352,1.1396377,0.7205838,-0.47892648,1.3337924,-2.469876,1.0465544,2.0812445,0.30949816,0.32077706,0.5632012,0.2872675,-0.17235166,-2.4283855,-0.25863278,2.405303,1.8820959,-1.8594996,1.3567397e-05,0.511885,-0.8151612,-2.8501468,1.4243549,1.464156,-1.0955602,0.18748899,0.94626516,0.38035074,1.5754664,0.24030904,-0.91205305,0.27288693,0.548719,-1.2521222,-0.2564122,0.7381047,1.257612,0.07059007,-1.9382671,-1.0432744,0.5820506,-1.1595004,0.6574406,-0.37890458,0.36744624,1.5904516,-0.65748703,-0.34636766,-1.1075188,-0.3766081,0.6417984,-0.4832911,0.38941237,-0.08150007,0.2811144,2.105488,-0.17107604,0.1070216,-0.973944,-0.3685216,0.38537434,0.16340901,0.74400216,-1.2092943,-1.5525067,1.8612939,-1.3670069,1.231899,-0.97971857,-0.43854722,-1.0033427,-0.014010343,1.2965866,-0.0641715,4,0
181,-1.7192333,0.016383644,-1.3545864,-0.18691978,2.5856764,0.81503946,-0.3802827,-0.9654656,0.14856936,-1.1427618,-0.6990816,0.6811592,-1.3692219,0.03224761,0.9495534,2.752595,-1.7106352,1.1396377,0.7205838,-0.47892648,1.3337924,-2.4418342,1.0465544,2.0812445,0.20560041,0.32801807,0.5192977,0.22983342,-0.19005236,-2.2479856,-0.25863278,2.4070024,1.8820959,-1.8594996,1.3567397e-05,0.5125933,-0.8452649,-2.8771372,1.4409162,1.4197515,-1.0955602,0.16355854,0.94626516,0.38035074,0.42717725,0.2495571,-0.87361556,0.26905832,0.53666717,-1.2403822,-0.2564122,0.7381047,1.257612,0.07059007,-0.5274048,-1.0348338,0.6147832,-1.1219212,0.6409114,-0.36083376,0.36744624,1.5871481,-0.65748703,-0.34636766,-0.30292714,-0.34838754,0.6256477,-0.49142954,0.4351941,-0.024921456,0.27428505,1.9027661,-0.08603748,0.11656516,-0.49044296,-0.41494128,0.34299132,0.15660498,0.78256065,-1.2686735,-1.5525067,1.8612939,-1.3670069,1.231899,-0.97971857,-0.43854722,-0.9689793,-0.008927305,1.2897713,-0.021275727,4,0
182,-1.7359074,0.064526536,-1.3142164,-0.25136843,2.4965584,0.7719161,-0.32580805,-0.93530405,0.2146342,-1.0651877,-0.68813837,0.63304365,-1.3692219,0.03224761,0.89273554,2.630133,-1.7654396,1.1098119,0.692175,-0.47892648,1.2880893,-2.431368,0.9284843,2.016392,0.16682251,0.33072063,0.50291157,0.20839724,-0.19665882,-2.173629,-0.2219221,2.2969866,1.8931217,-1.7615626,0.8781943,0.512999,-0.87266684,-2.899275,1.4567646,1.3786095,-1.0909647,0.103083506,0.8335262,0.31805396,0.24194899,0.25771743,-0.8351628,0.26537022,0.5245524,-1.2275994,-0.28613147,0.6920382,1.2729297,0.082795046,-0.6233132,-1.0269649,0.645116,-1.0865068,0.6234066,-0.34285408,0.34662277,1.5139209,-0.6329871,-0.35158488,-0.4903019,-0.3218853,0.60757023,-0.49944142,0.47607422,0.029154265,0.27173594,1.8192052,-0.05429846,0.12012712,-0.20297877,-0.46110278,0.29923102,0.1493561,0.82027304,-1.3266132,-1.6098812,1.7409414,-1.3719312,1.1794311,-0.88628626,-0.41823417,-0.9675326,-0.019341996,1.2832667,0.020329498,4,0
183,-1.7625113,0.14133771,-1.2498066,-0.30868602,2.354372,0.73384506,-0.2388946,-0.8871818,0.3200396,-0.9414193,-0.6706786,0.5738891,-1.3692219,0.03224761,0.8020835,2.4347465,-1.8528789,1.0622252,0.646849,-0.47892648,1.2151701,-2.431368,0.74010515,1.9129207,0.16682251,0.33072063,0.50291157,0.20839724,-0.19665882,-2.16242,-0.1633506,2.120446,1.9107131,-1.6053059,2.2793179,0.51322436,-0.89845985,-2.9185236,1.4721887,1.3394104,-1.0836325,0.020846542,0.6536529,0.21866074,0.6302088,0.26523006,-0.796702,0.2617661,0.51240015,-1.2141954,-0.3335479,0.61853975,1.2973689,0.10226781,-1.6164804,-1.0194366,0.6740199,-1.0523816,0.60532063,-0.3249288,0.31339994,1.3990556,-0.5938979,-0.35990903,-1.2683775,-0.2964063,0.5883453,-0.5073779,0.51403546,0.08173954,0.27173594,1.8066028,-0.05429846,0.12012712,-0.03225152,-0.50711066,0.25465086,0.1418419,0.85748154,-1.3836957,-1.701421,1.548921,-1.3797879,1.0957193,-0.7372163,-0.38582486,-0.98568743,-0.03898527,1.2769465,0.06116609,4,0
184,-1.7670076,0.15431991,-1.2389205,-0.3183735,2.3303404,0.7274105,-0.22420493,-0.8747712,0.3378547,-0.85788083,-0.6442902,0.56389105,-1.3189698,0.053803302,0.7261205,2.2817874,-1.9220616,1.0144446,0.61093915,-0.4850667,1.1573461,-2.307664,0.58864045,1.7931955,0.08048507,0.33072063,0.44267187,0.14127335,-0.2078174,-2.1605256,-0.15345113,2.0906081,1.9136862,-1.578896,1.3518062,0.5134497,-0.9243452,-2.9363618,1.4870155,1.3005829,-1.0782546,-0.010747823,0.6187917,0.20025028,0.5923448,0.2727428,-0.7615301,0.25874484,0.50018305,-1.20087,-0.38103244,0.5588331,1.261672,0.13380185,-1.785764,-1.0126703,0.70054615,-1.0203182,0.5855713,-0.30793795,0.31260535,1.2565218,-0.56096274,-0.36820936,-0.64041525,-0.2736357,0.5694383,-0.5143715,0.54556185,0.12941884,0.2512751,1.8049405,0.014966878,0.13149446,-0.51488614,-0.55311877,0.20931885,0.1328374,0.89463824,-1.4396956,-1.7187129,1.5156156,-1.3965681,1.1036059,-0.6973529,-0.3854434,-0.9311798,-0.06474102,1.271516,0.10017788,4,0
185,-1.7679445,0.15431991,-1.2389205,-0.3183735,2.3232148,0.7274105,-0.22420493,-0.8698052,0.3378547,-0.78517836,-0.6170791,0.5622333,-1.2606266,0.07882973,0.655715,2.1425405,-1.9852251,0.96830875,0.5781416,-0.4922969,1.1045208,-2.1598115,0.44975346,1.6744967,-0.023328502,0.3313437,0.3708212,0.060291577,-0.2211273,-2.1537778,-0.1511839,2.0817034,1.9137793,-1.578896,0.054248057,0.51367515,-0.950124,-2.9537566,1.5016152,1.2621725,-1.0734495,-0.032645684,0.6136137,0.19837922,0.4629092,0.28020686,-0.7271083,0.25583273,0.48802683,-1.1876208,-0.42685837,0.50393564,1.2154316,0.16659209,-1.7523803,-1.0060588,0.7265186,-0.9886804,0.56546336,-0.29113626,0.31860676,1.1130416,-0.53036994,-0.3762394,0.2460447,-0.25141582,0.5506235,-0.52112865,0.57575244,0.17606175,0.22841686,1.7979509,0.09839928,0.14515077,-1.0646217,-0.5988792,0.16415428,0.1235352,0.93152934,-1.4950566,-1.7209224,1.5146278,-1.4145999,1.1291885,-0.6803118,-0.39138228,-0.86311543,-0.09054484,1.2662499,0.13869108,4,0
186,-1.7945483,0.15431991,-1.2389205,-0.3183735,2.1208751,0.7274105,-0.22420493,-0.8698052,0.3378547,-0.78517836,-0.6170791,0.51516175,-1.2606266,0.07882973,0.655715,2.1425405,-1.9852251,0.96830875,0.5781416,-0.4951732,1.1045208,-2.0396814,0.44975346,1.6744967,-0.12483661,0.34903425,0.3165374,-0.02632025,-0.2311984,-1.9621686,-0.08680572,1.8288496,1.9164186,-1.578896,1.5942782,0.5139005,-0.97247493,-2.9668632,1.5133146,1.2331173,-1.0734495,-0.0710825,0.6136137,0.19837922,0.19917981,0.2863387,-0.69492257,0.2526613,0.47790423,-1.1760092,-0.42685837,0.50393564,1.2154316,0.16659209,-0.7574916,-0.9994474,0.7505641,-0.9572161,0.54480124,-0.27430764,0.33011603,1.097806,-0.52965534,-0.3769951,0.3797281,-0.22919594,0.53257024,-0.5266605,0.6052021,0.22164835,0.2538997,1.5840559,0.183998,0.15817563,0.18792924,-0.6378536,0.12778474,0.114373356,0.96143144,-1.5389467,-1.7236412,1.5146278,-1.4172014,1.1291885,-0.68000257,-0.39201096,-0.8285256,-0.083607614,1.2605467,0.17371331,4,0
187,-1.8211522,0.14024428,-1.2234977,-0.24431038,1.9296478,0.7511121,-0.21408913,-0.86256677,0.34469408,-0.752619,-0.5710914,0.46873802,-1.2606266,0.07882973,0.6495938,2.1165972,-1.9852251,0.961617,0.56157315,-0.49799606,1.1034486,-1.9483162,0.42390108,1.6446248,-0.20203878,0.362489,0.2752517,-0.09219306,-0.238858,-1.8164399,-0.02248873,1.5877062,1.9192088,-1.5262383,2.76409,0.5144266,-0.992826,-2.9775684,1.5251673,1.2047352,-1.069534,-0.11989839,0.59144664,0.19136082,0.20594098,0.2921589,-0.6641185,0.2498123,0.4681327,-1.1639507,-0.42980805,0.4930436,1.2169284,0.16802295,-0.062611446,-0.99296427,0.773937,-0.9262411,0.52412385,-0.25766167,0.3392889,1.0555944,-0.5139283,-0.37785897,0.42668867,-0.20776756,0.5143001,-0.5321915,0.6330556,0.26581463,0.2732808,1.4213777,0.24910025,0.1680817,0.9880256,-0.6768279,0.09110088,0.1051187,0.99116385,-1.5825468,-1.7355634,1.4638997,-1.4193709,1.0969746,-0.6569112,-0.38995212,-0.80333006,-0.07977489,1.2548907,0.20820217,4,0
188,-1.8477559,0.081460156,-1.159088,0.06499772,1.7737155,0.8500968,-0.17184292,-0.8323372,0.3732572,-0.61664224,-0.37903434,0.42437208,-1.2606266,0.07882973,0.62402993,2.0082502,-1.9852251,0.9336705,0.49237886,-0.50064915,1.0989711,-1.9483162,0.31593454,1.5198716,-0.20203878,0.362489,0.2752517,-0.09219306,-0.238858,-1.8164399,0.04163382,1.3837588,1.922478,-1.306325,2.7579885,0.5159077,-1.006825,-2.9806454,1.5375077,1.1784897,-1.0531814,-0.20168091,0.4988709,0.1620505,1.0718538,0.29698923,-0.6377012,0.24798772,0.45947605,-1.1504731,-0.4421272,0.4475559,1.2231798,0.17399868,-0.32064027,-0.9868887,0.79517275,-0.8968202,0.503398,-0.24159604,0.34104156,0.9276995,-0.4505176,-0.3790664,0.19819373,-0.18885297,0.49534193,-0.5377197,0.6558398,0.3054696,0.2732808,1.4213777,0.24910025,0.1680817,0.3510026,-0.715802,0.05342011,0.09556906,1.0203571,-1.6252247,-1.7767174,1.2520456,-1.4201677,0.96244043,-0.5614576,-0.37935758,-0.807974,-0.08580297,1.2493854,0.24099703,4,0
189,-1.8625565,0.048756443,-1.1232547,0.24005514,1.6869649,0.9051655,-0.14833982,-0.8155194,0.38914785,-0.54099345,-0.24894717,0.3996897,-1.2506459,0.090338334,0.6013215,1.9119426,-1.9376677,0.9094436,0.41822815,-0.50500745,1.0950044,-1.8587704,0.2199429,1.3918806,-0.23582694,0.362489,0.2752517,-0.109362386,-0.25916794,-1.8164399,0.07730744,1.2702296,1.9242969,-1.1839792,2.074045,0.51738876,-1.0208331,-2.9834235,1.5496845,1.152453,-1.044084,-0.24744883,0.44736773,0.14574416,1.1694144,0.30181956,-0.6117052,0.24621022,0.45107928,-1.1368484,-0.43784368,0.3977259,1.2093594,0.1863568,-0.116442196,-0.98097956,0.81514525,-0.86779094,0.4833494,-0.2260219,0.35069042,0.7856352,-0.38247687,-0.38065055,0.25600126,-0.17149037,0.4778594,-0.5426732,0.67587346,0.34205136,0.27072594,1.4221272,0.2766371,0.1680817,-0.067262925,-0.7547762,0.015718175,0.08546636,1.0492204,-1.6677018,-1.7996129,1.1341839,-1.4273224,0.8946422,-0.49417752,-0.37422222,-0.78657985,-0.09826924,1.2440745,0.27274612,4,0
190,-1.8625565,0.048756443,-1.1232547,0.24676807,1.6869649,0.9051655,-0.14833982,-0.8155194,0.38914785,-0.54099345,-0.19656754,0.3996897,-1.2281499,0.11627829,0.58219385,1.8307319,-1.8304759,0.88988084,0.33786234,-0.51150393,1.0916783,-1.6569382,0.13896729,1.2598295,-0.31198397,0.362489,0.2752517,-0.14806128,-0.30494562,-1.8164399,0.07730744,1.2700806,1.9242969,-1.1839792,0.5401164,0.5188699,-1.0348524,-2.9858272,1.5616566,1.1266776,-1.044084,-0.24805596,0.44736773,0.14574416,0.30349416,0.30664992,-0.58623564,0.24449202,0.4430084,-1.1230395,-0.4127414,0.3424512,1.17037,0.20671804,0.6673685,-0.97527903,0.83353376,-0.83925265,0.4641501,-0.2110639,0.37024027,0.6258031,-0.30863026,-0.38270685,0.67281973,-0.15607393,0.4622278,-0.5469058,0.69245815,0.37477946,0.2649675,1.423817,0.33870402,0.1680817,-0.21121609,-0.7937506,-0.022009423,0.07466956,1.0776702,-1.709927,-1.7996129,1.1341839,-1.4424495,0.9105279,-0.46222588,-0.37593263,-0.73253536,-0.1188088,1.239007,0.3031839,4,0
191,-1.8785,0.012193921,-1.1232547,0.24913171,1.6086649,0.8826919,-0.14833982,-0.8155194,0.38914785,-0.54099345,-0.17812444,0.3751517,-1.220229,0.12541185,0.5754588,1.8021374,-1.5746101,0.88299274,0.30956525,-0.5137913,1.0905071,-1.585872,0.110455446,1.2133338,-0.4026805,0.37282693,0.31516245,-0.1788004,-0.3432095,-1.6922982,0.11660103,1.1718022,1.9237746,-1.1835918,0.93997836,0.52006584,-1.047377,-2.9870162,1.5724732,1.1047112,-1.044084,-0.26838577,0.44736773,0.14574416,-0.0014001053,0.31076044,-0.5618935,0.24263589,0.436014,-1.110174,-0.403903,0.2850165,1.1566415,0.21388733,0.6027041,-0.96957856,0.8493924,-0.81012046,0.44880664,-0.19700393,0.37712413,0.56952554,-0.28262854,-0.38343093,0.5229399,-0.1406576,0.44630247,-0.55100304,0.7087772,0.40707248,0.2906948,1.2865692,0.41348138,0.16224352,0.52518797,-0.8281676,-0.05268623,0.06461644,1.1011744,-1.7452042,-1.799075,1.1338379,-1.447261,0.91587615,-0.45097563,-0.37653482,-0.69212013,-0.12915044,1.2337033,0.3312772,4,0
192,-1.9031085,-0.044238724,-1.1232547,0.24913171,1.4878119,0.84800506,-0.14833982,-0.8155194,0.38914785,-0.54099345,-0.17812444,0.33727834,-1.220229,0.12541185,0.5754588,1.8021374,-1.2379459,0.88299274,0.30956525,-0.5137913,1.0905071,-1.585872,0.110455446,1.2133338,-0.50127864,0.38878304,0.37676308,-0.20521373,-0.37738994,-1.5006907,0.17724894,1.0201948,1.9229685,-1.1829937,2.390775,0.5211069,-1.0590892,-2.9875455,1.5826617,1.0848149,-1.044084,-0.29943404,0.44736773,0.14574416,-0.0014001053,0.31447968,-0.5381632,0.24070492,0.4296046,-1.0978208,-0.403903,0.22640803,1.1566415,0.21388733,0.07692891,-0.9638781,0.863876,-0.7806655,0.43555862,-0.18343179,0.37712413,0.56952554,-0.28262854,-0.38343093,0.065083146,-0.12524134,0.43021795,-0.55502665,0.72495174,0.43912908,0.33353302,1.0738147,0.49516633,0.1532324,1.7400295,-0.86010784,-0.07953068,0.05496719,1.1219908,-1.7767059,-1.7982444,1.1333038,-1.4464664,0.91549754,-0.45097563,-0.37653482,-0.6591117,-0.13394989,1.2282709,0.35809636,4,0
193,-1.9067477,-0.090653665,-1.06837,0.5971814,1.3844808,0.81115514,-0.14091313,-0.7986715,0.39819425,-0.4925655,0.037603244,0.3067813,-1.220229,0.12541185,0.5754588,1.7104981,-1.1881573,0.8796853,0.24505648,-0.51793253,1.0860378,-1.585872,0.043132257,1.1255095,-0.5158601,0.39276853,0.385873,-0.20911993,-0.3824448,-1.4723542,0.1878118,0.8862946,1.9186524,-1.0156159,1.4072058,0.52174556,-1.0641904,-2.9816158,1.5935183,1.0640839,-1.0294632,-0.323817,0.4223355,0.13513978,0.7728141,0.31746867,-0.51775324,0.23948632,0.42549694,-1.0837665,-0.403903,0.18849353,1.1566415,0.21388733,-0.00082696596,-0.9582409,0.87692267,-0.75286156,0.42254692,-0.16923892,0.39052588,0.4847003,-0.22404501,-0.38499373,0.3112327,-0.11215159,0.41429174,-0.5591751,0.7368156,0.46713623,0.34387052,1.0423508,0.50733584,0.15215391,1.1072085,-0.8920484,-0.1068383,0.045220822,1.1423863,-1.8075217,-1.8040156,0.978241,-1.4422126,0.8095544,-0.40723625,-0.37363824,-0.6541941,-0.13452427,1.2226729,0.38334784,4,0
194,-1.9052488,-0.13281274,-1.0075889,0.9826229,1.2898414,0.7760272,-0.13268857,-0.78001356,0.40821257,-0.43893477,0.27650714,0.27921063,-1.2175884,0.12687336,0.57401854,1.5900201,-1.163149,0.8758563,0.17042512,-0.522724,1.079524,-1.5813271,-0.036445443,1.0202159,-0.51837724,0.39456883,0.385873,-0.20911993,-0.38412988,-1.4723542,0.18595146,0.76283884,1.9138619,-0.83035433,-0.008881637,0.5223144,-1.0681521,-2.9745524,1.6044757,1.0432316,-1.0132717,-0.34573457,0.39461407,0.12339625,1.5790122,0.32033092,-0.49794695,0.23839042,0.42179212,-1.0694321,-0.40377882,0.14829364,1.1535666,0.21504368,0.0017737508,-0.95261806,0.88945735,-0.72552615,0.41011202,-0.1548436,0.40569556,0.38278112,-0.15628786,-0.38695407,0.64575666,-0.099678524,0.3985159,-0.5633342,0.7475542,0.49404928,0.34824386,1.0424058,0.5094645,0.15243535,0.1993563,-0.92398894,-0.1342492,0.03543665,1.1626687,-1.8382049,-1.8103955,0.8066066,-1.4386837,0.69319344,-0.35755184,-0.37062165,-0.6510497,-0.13554086,1.2170497,0.40818387,4,0
195,-1.8786452,-0.13281274,-1.0075889,0.9826229,1.2898414,0.7760272,-0.13268857,-0.78001356,0.40821257,-0.43893477,0.27650714,0.27921063,-1.1707222,0.15281305,0.5484545,1.2529185,-0.7192939,0.8729064,0.11376773,-0.526369,1.0517635,-1.5006641,-0.12557408,0.8776263,-0.5630529,0.39456883,0.385873,-0.20911993,-0.41403773,-1.4723542,0.12160785,0.76283884,1.9113231,-0.83035433,-1.5928303,0.5228832,-1.0722437,-2.9672804,1.6151795,1.0227779,-1.0132717,-0.34573457,0.39461407,0.12339625,0.67043704,0.32319313,-0.47860515,0.23727743,0.41814348,-1.0553523,-0.40157515,0.00966359,1.0989921,0.23556718,0.04793208,-0.9470485,0.8975883,-0.7012367,0.40665168,-0.13885993,0.4115289,0.24113245,-0.105176285,-0.39103302,0.41403332,-0.09077023,0.38479343,-0.56731015,0.7519765,0.51440847,0.3472013,1.0433828,0.5454894,0.15243535,0.055889737,-0.9559292,-0.16203217,0.025305424,1.1822777,-1.8686633,-1.8077801,0.8066066,-1.4573553,0.7092057,-0.33543712,-0.37401447,-0.5959512,-0.156244,1.2114888,0.4306176,4,0
196,-1.8589734,-0.15405223,-1.0075889,0.9826229,1.2713029,0.76919353,-0.13268857,-0.78001356,0.40821257,-0.43893477,0.27650714,0.27277267,-1.1325223,0.17199397,0.5295517,1.0036519,-0.39108953,0.8707251,0.07187297,-0.5290642,1.0312365,-1.4410187,-0.19147938,0.7721898,-0.60331595,0.39805976,0.3923465,-0.20503856,-0.43615285,-1.4224285,0.074468456,0.73949873,1.9083654,-0.8330882,-2.3525069,0.5233654,-1.0760224,-2.9598598,1.6255672,1.0032946,-1.0132717,-0.34979153,0.39461407,0.12339625,-0.0014001053,0.3258665,-0.4595652,0.23612705,0.4147687,-1.041549,-0.4033856,-0.09284505,1.0561656,0.250743,-0.0020157099,-0.9414789,0.905512,-0.6770401,0.40307835,-0.122885734,0.41584182,0.13639176,-0.06738233,-0.39404908,0.20709327,-0.08186193,0.37106523,-0.57125473,0.7563664,0.53465426,0.35582227,0.9884068,0.57800746,0.15179248,0.19137798,-0.98603684,-0.1869104,0.015848376,1.1999567,-1.8963366,-1.8047333,0.80904776,-1.471056,0.72277606,-0.3190846,-0.37652317,-0.5509967,-0.17189516,1.205866,0.45210856,4,0
197,-1.8589734,-0.23556668,-1.0075889,0.9826229,1.2001542,0.7429666,-0.13268857,-0.78001356,0.40821257,-0.43893477,0.27650714,0.24806462,-1.1189159,0.17199397,0.5295517,1.0036519,-0.39108953,0.8707251,0.07187297,-0.5290642,1.0312365,-1.4410187,-0.19147938,0.7721898,-0.63105667,0.41145793,0.41719115,-0.18937473,-0.43615285,-1.2308195,0.07615324,0.64992166,1.904219,-0.8435805,-0.77298594,0.5236015,-1.078912,-2.9520173,1.6350566,0.9865648,-1.0132717,-0.36536178,0.39461407,0.12339625,-0.0014001053,0.3280039,-0.44137958,0.23487028,0.41217104,-1.0285307,-0.41658765,-0.09284505,1.0466781,0.250743,-0.3247024,-0.93590945,0.91284716,-0.6531067,0.39918426,-0.106938556,0.41584182,0.13639176,-0.06738233,-0.39404908,0.07048535,-0.072953574,0.3573198,-0.57511026,0.760664,0.554578,0.39186755,0.774642,0.60057354,0.14932518,1.1185101,-1.0109437,-0.20354787,0.008305648,1.2121581,-1.9161056,-1.8004618,0.818417,-1.47065,0.7294172,-0.3190846,-0.37652317,-0.53483015,-0.17320925,1.2000672,0.47092414,4,0
198,-1.8713385,-0.33165333,-0.97765154,1.0356647,1.1372856,0.7198855,-0.12638709,-0.770406,0.41526178,-0.4213245,0.29429814,0.22394334,-1.1116337,0.17199397,0.5295517,0.88181835,-0.39108953,0.86423045,0.06556026,-0.5316688,1.0215445,-1.4410187,-0.22336607,0.7224954,-0.64590377,0.4186287,0.4304882,-0.18099129,-0.4345925,-1.1282685,0.109603755,0.5712866,1.8973843,-0.78461474,0.83227545,0.5237229,-1.0800356,-2.9423645,1.6447427,0.9694979,-1.0053258,-0.38154125,0.37806138,0.11659856,0.4193573,0.32982165,-0.42390725,0.23371252,0.40984902,-1.0155143,-0.42365363,-0.12316715,1.0416005,0.250743,-0.3688795,-0.9304644,0.9195905,-0.6311812,0.39577407,-0.090343095,0.42338502,0.09886093,-0.061789505,-0.39579308,0.17402515,-0.06536179,0.3439475,-0.57910275,0.76251596,0.57211506,0.41115937,0.66016495,0.61265105,0.14800473,1.1959096,-1.0358503,-0.22024947,0.0007828427,1.2242535,-1.9356474,-1.8001773,0.7621727,-1.4658837,0.6920944,-0.30450308,-0.37528366,-0.5261777,-0.17391257,1.1943085,0.48885253,4,0
199,-1.8979423,-0.44451964,-0.9132414,1.1497843,1.0839515,0.7004269,-0.11282943,-0.74973536,0.43042815,-0.38343588,0.33257562,0.2004977,-1.1116337,0.17199397,0.5295517,0.6196929,-0.39108953,0.85025704,0.051978447,-0.5372726,1.0006919,-1.4410187,-0.2919704,0.61557764,-0.64590377,0.4186287,0.4304882,-0.18099129,-0.4312355,-1.1282685,0.1796326,0.5052514,1.8874544,-0.64566773,2.4671772,0.52371216,-1.0791254,-2.9306266,1.654655,0.9520426,-0.9882303,-0.39842218,0.3424481,0.10197295,1.3246186,0.3312713,-0.40725696,0.23266903,0.40784425,-1.0025002,-0.42365363,-0.18840523,1.0416005,0.250743,-0.092351496,-0.92516255,0.925652,-0.6115678,0.39292118,-0.07300105,0.43961364,0.01811319,-0.049756523,-0.3995452,0.55409604,-0.05928593,0.3310043,-0.5832529,0.7615518,0.5869037,0.41115937,0.6600178,0.61265105,0.14800473,0.29483825,-1.060757,-0.23702613,-0.0067161922,1.236227,-1.954927,-1.8044838,0.63037395,-1.4560964,0.6041466,-0.2731309,-0.3726168,-0.5261777,-0.17391257,1.1885965,0.50575936,4,0
200,-1.9067477,-0.48187596,-0.89192307,1.1875554,1.0662991,0.6939865,-0.1081802,-0.7426751,0.43544787,-0.37089562,0.34524453,0.19273774,-1.0711763,0.18934827,0.53040075,0.38863474,-0.16555667,0.7994095,0.047483176,-0.54221284,0.97804224,-1.3923804,-0.38164204,0.5346959,-0.64590377,0.4186287,0.4304882,-0.18099129,-0.43012437,-1.1282685,0.20281066,0.48339525,1.8841678,-0.5996794,1.8875527,0.52370137,-1.0783672,-2.9187973,1.6644485,0.9348665,-0.98238623,-0.40400943,0.33026153,0.097081214,1.0284427,0.3327209,-0.3908654,0.23161815,0.40585315,-0.98964494,-0.41798458,-0.26474437,0.99464095,0.25949582,0.11791733,-0.9207472,0.92934084,-0.5939532,0.39436823,-0.05757068,0.45247447,-0.042926207,-0.045872405,-0.40332282,0.6010237,-0.054415416,0.31952876,-0.58716184,0.75774366,0.59990907,0.41115937,0.6599691,0.61265105,0.14800473,-0.0033960624,-1.0856637,-0.2538573,-0.014199833,1.2480178,-1.9739149,-1.8060724,0.58672464,-1.4710764,0.5818666,-0.26249653,-0.37382308,-0.4912934,-0.18274204,1.1839188,0.521854,4,0
201,-1.9067477,-0.48187596,-0.89192307,1.1875554,1.0662991,0.6939865,-0.107938096,-0.7423483,0.43544787,-0.37089562,0.34524453,0.19273774,-1.0107038,0.21528795,0.53166986,0.17294595,0.1715513,0.7303195,0.047483176,-0.5468248,0.9545036,-1.3196797,-0.481736,0.4666948,-0.64590377,0.4186287,0.4304882,-0.18099129,-0.43012437,-1.1282685,0.20281066,0.48339525,1.8841678,-0.5996794,0.21236269,0.52369064,-1.0776843,-2.9069223,1.674183,0.9178283,-0.98210853,-0.40400943,0.32966456,0.09700503,0.13789451,0.33417052,-0.37460405,0.23056373,0.40386865,-0.9768686,-0.40951064,-0.3465754,0.9244496,0.27257884,0.29540655,-0.9167702,0.9318558,-0.5773274,0.39794242,-0.043085948,0.46366972,-0.09421553,-0.046019677,-0.40711296,0.4831393,-0.050141156,0.30877957,-0.59095126,0.75252855,0.61203223,0.41115937,0.6599691,0.61265105,0.14800473,-0.0033960624,-1.1105702,-0.2707161,-0.021675551,1.259718,-1.9927584,-1.8063159,0.5866843,-1.4983091,0.59207404,-0.26212165,-0.3769456,-0.43915117,-0.1959396,1.179753,0.5375467,4,0
202,-1.9252864,-0.5510044,-0.89192307,1.1767333,1.031345,0.6858598,-0.10790742,-0.74230695,0.43544787,-0.37089562,0.34524453,0.17793372,-1.0030383,0.21857609,0.5318307,0.14560497,0.2142835,0.72156155,0.047553353,-0.5474094,0.9515198,-1.3026041,-0.49442405,0.45807487,-0.630843,0.4252547,0.42944807,-0.11689115,-0.4279924,-0.96094793,0.24902396,0.4393038,1.8831793,-0.6117005,1.1055082,0.52357686,-1.0766654,-2.894994,1.6832398,0.90296906,-0.9820733,-0.40952942,0.32958883,0.0969953,0.012166137,0.3351859,-0.35906863,0.22942428,0.40250364,-0.96478826,-0.40843654,-0.35694844,0.91555214,0.27423728,0.16291352,-0.9127932,0.93405014,-0.56095403,0.40125352,-0.028684465,0.46508697,-0.10268514,-0.046101138,-0.4075934,0.23920207,-0.04586684,0.29822752,-0.5946068,0.74739945,0.6238913,0.42747793,0.4722971,0.6007756,0.14922339,0.40454012,-1.1293347,-0.2782942,-0.025903082,1.2646333,-2.0027606,-1.8053285,0.59741384,-1.5007868,0.6009766,-0.26210126,-0.3773414,-0.43734044,-0.19696352,1.1754444,0.5500798,4,0
203,-1.9465576,-0.62861913,-0.8869332,1.1645002,0.98898274,0.67694676,-0.10685709,-0.7409777,0.43632907,-0.37001505,0.34748158,0.16137195,-1.0030383,0.21857609,0.5318307,0.13627695,0.2142835,0.7163655,0.047627494,-0.54769564,0.95015216,-1.2943002,-0.50215656,0.45579803,-0.6147067,0.43225482,0.42834914,-0.048102096,-0.42335212,-0.78418285,0.30242306,0.38588083,1.8813857,-0.61600655,2.2848296,0.5234439,-1.075383,-2.8828497,1.6921893,0.8885229,-0.98097926,-0.41538873,0.3271399,0.09616894,0.056534734,0.33611116,-0.34366524,0.22827645,0.40124452,-0.9527871,-0.40843654,-0.36201116,0.91555214,0.27423728,-0.00082696596,-0.9089158,0.93611044,-0.54484594,0.40454358,-0.014555742,0.4658189,-0.10473455,-0.046177067,-0.40781674,0.014487338,-0.041652903,0.28774866,-0.5982417,0.7420677,0.6356877,0.44472066,0.27386126,0.58805084,0.15051062,0.7993861,-1.1472075,-0.28458032,-0.029623508,1.2685828,-2.011443,-1.8044806,0.60082275,-1.4990191,0.60370207,-0.26033488,-0.37720013,-0.44248238,-0.19627786,1.1712226,0.5621137,4,0
204,-1.9683194,-0.68779516,-0.8225236,1.1541727,0.9188243,0.6727166,-0.09329959,-0.7238204,0.44770375,-0.35864857,0.37635723,0.1494689,-1.0030383,0.21857609,0.5318307,0.015869133,0.2142835,0.64929396,0.047627494,-0.5513902,0.93249804,-1.2943002,-0.60196936,0.4264086,-0.6117976,0.43225482,0.42834914,-0.034281164,-0.39252877,-0.78418285,0.36150968,0.29755467,1.8717157,-0.5076604,2.4323146,0.5232614,-1.071541,-2.8682282,1.7010332,0.8752317,-0.96685666,-0.4157471,0.29552907,0.08550238,0.80436814,0.33671427,-0.32856193,0.22717772,0.40017593,-0.94052774,-0.40843654,-0.42736214,0.91555214,0.27423728,-0.00082696596,-0.9062247,0.9371295,-0.5314608,0.40803733,-0.0035316593,0.4752997,-0.104350224,-0.0463009,-0.41069898,0.23657545,-0.038157232,0.2777999,-0.6018609,0.73417467,0.64719564,0.4447586,0.27166003,0.5857412,0.15051062,0.33318642,-1.1650803,-0.29151818,-0.032920368,1.2727612,-2.019689,-1.8074212,0.49844012,-1.489488,0.5351235,-0.23716326,-0.37537646,-0.4434157,-0.19627786,1.1682798,0.5736635,4,0
205,-1.9839512,-0.730302,-0.7762572,1.1467544,0.8684285,0.6696781,-0.083561026,-0.711381,0.45587435,-0.3504839,0.39709908,0.14091876,-0.98714525,0.22588302,0.53211164,-0.0945732,0.22716151,0.58694553,0.046789885,-0.5553431,0.9116006,-1.2635818,-0.72395855,0.40078726,-0.60970795,0.43225482,0.4250417,-0.024353413,-0.37038788,-0.78418285,0.40395224,0.23410888,1.8647696,-0.42983383,2.1401033,0.523079,-1.0677674,-2.8535936,1.7098347,0.8620356,-0.95659393,-0.4160045,0.27274653,0.07781638,1.137156,0.3373174,-0.31355652,0.22607672,0.39910987,-0.92833364,-0.4031343,-0.4805503,0.89672035,0.27766207,0.11023426,-0.9038054,0.9379206,-0.5185617,0.41163903,0.0068427306,0.48489124,-0.102031566,-0.045680214,-0.414006,0.39868933,-0.034781095,0.26863837,-0.6052392,0.7253252,0.65910196,0.44433826,0.27007887,0.58407784,0.15111166,-0.013142825,-1.1829531,-0.29846314,-0.03619504,1.2769153,-2.0278904,-1.8095647,0.4248846,-1.489948,0.4885344,-0.22015584,-0.3750855,-0.43009844,-0.19941252,1.165654,0.5851327,4,0
206,-1.9839512,-0.730302,-0.7762572,1.1467544,0.8684285,0.6696781,-0.083561026,-0.7109724,0.45587435,-0.3504839,0.39709908,0.14091876,-0.930724,0.25182298,0.5331088,-0.17960316,0.27287897,0.53664136,0.043816358,-0.5599551,0.8824328,-1.1545299,-0.90249854,0.38477492,-0.60970795,0.43225482,0.41330004,-0.024353413,-0.37038788,-0.78418285,0.40395224,0.23410888,1.8647696,-0.42983383,0.7266464,0.5228965,-1.0641677,-2.838926,1.7185284,0.84908235,-0.95617384,-0.4160045,0.27247658,0.07773071,0.41155848,0.33792055,-0.29879907,0.22496985,0.39805,-0.91630644,-0.38431057,-0.5027226,0.8298665,0.28982005,0.50450665,-0.90207887,0.93813074,-0.50690234,0.4155163,0.015560316,0.49476394,-0.094780385,-0.04316096,-0.4183957,0.4078663,-0.03170959,0.26148254,-0.60800385,0.7140368,0.6720244,0.4427501,0.27007887,0.58406246,0.15324491,-0.053796835,-1.2008259,-0.3054267,-0.03941289,1.2810074,-2.035978,-1.8096749,0.42483947,-1.515886,0.49802008,-0.21886754,-0.37870297,-0.38044176,-0.21054073,1.1638368,0.5963967,4,0
207,-1.992716,-0.7384904,-0.7762572,1.1387249,0.84283316,0.6696781,-0.083561026,-0.71076244,0.45587435,-0.3504839,0.39709908,0.13872787,-0.90171885,0.2651582,0.5336215,-0.22331552,0.29638147,0.51078093,0.042287715,-0.562326,0.86743814,-1.0954405,-0.99428266,0.3765433,-0.60375065,0.434741,0.40296406,0.0014654538,-0.3500715,-0.71365476,0.42519557,0.20181915,1.8654929,-0.43139866,0.5081902,0.5227141,-1.0602075,-2.8241103,1.7268672,0.8375066,-0.95595795,-0.41638204,0.27233785,0.07768681,0.027733903,0.33845943,-0.28426352,0.22384848,0.39708412,-0.90446484,-0.3746337,-0.51412106,0.7954982,0.29607025,0.515611,-0.90035236,0.9382694,-0.49534678,0.4193013,0.024257822,0.49983937,-0.09169167,-0.041865867,-0.42065242,0.30023143,-0.028638141,0.25435624,-0.61071086,0.70285124,0.68479306,0.44757515,0.19013807,0.579392,0.15549979,0.08562831,-1.2161099,-0.3085893,-0.04110377,1.2826153,-2.0401905,-1.8104767,0.42621356,-1.5299331,0.5038869,-0.21820524,-0.38056272,-0.35679832,-0.2156447,1.1619985,0.60632885,4,0
208,-2.0107532,-0.75534207,-0.7762572,1.122201,0.79015887,0.6696781,-0.083561026,-0.71076244,0.45587435,-0.3504839,0.39709908,0.13421911,-0.90171885,0.2651582,0.5336215,-0.22331552,0.29638147,0.51078093,0.042287715,-0.562326,0.86743814,-1.089209,-0.99428266,0.3765433,-0.5914907,0.43985748,0.39411524,0.05459966,-0.30826122,-0.56851083,0.46891376,0.13536832,1.8669815,-0.43461898,1.5539978,0.5225316,-1.0558658,-2.8091378,1.7348307,0.82738817,-0.95595795,-0.41715905,0.27233785,0.07768681,0.0054916646,0.33893028,-0.26996332,0.22271185,0.3962176,-0.89281934,-0.3746337,-0.51412106,0.7954982,0.29607025,0.12133859,-0.89862573,0.93833214,-0.48390117,0.42298865,0.032934178,0.49983937,-0.09300675,-0.041865867,-0.42065242,0.06901434,-0.025566693,0.24726082,-0.61335707,0.6917745,0.6973991,0.4591855,0.025623178,0.56979674,0.1578832,0.4155701,-1.2286547,-0.30773097,-0.04117938,1.281595,-2.040303,-1.8120102,0.4290891,-1.5314003,0.5059252,-0.21820524,-0.38056272,-0.36067578,-0.21437532,1.160138,0.6148519,4,0
209,-2.0274687,-0.769489,-0.73180497,1.056497,0.7451501,0.6755169,-0.082474984,-0.70196617,0.4701792,-0.32985556,0.35307086,0.13157737,-0.90171885,0.2651582,0.5336215,-0.2674317,0.29638147,0.51078093,0.040291015,-0.56407154,0.8523407,-1.087278,-1.0457045,0.36829016,-0.58769196,0.44144273,0.3913735,0.071063325,-0.27845654,-0.5235379,0.51435083,0.07807361,1.860596,-0.37268084,1.9191707,0.52242327,-1.0505813,-2.7930498,1.7427931,0.81775075,-0.947634,-0.43284118,0.26538178,0.06753074,0.43937856,0.33936465,-0.2558554,0.22155485,0.39484978,-0.88176143,-0.3746337,-0.50573665,0.7954982,0.29607025,-0.00082696596,-0.8968992,0.9383138,-0.47323698,0.4267472,0.041997902,0.50244546,-0.08260959,-0.040125478,-0.42277005,0.05840198,-0.022713892,0.24028935,-0.6159637,0.67964154,0.7101766,0.46278295,-0.026333997,0.56682366,0.1586216,0.31749743,-1.2411995,-0.30710486,-0.0411255,1.2808406,-2.0402129,-1.8082712,0.368417,-1.5251065,0.4667209,-0.21234143,-0.37830496,-0.36187717,-0.213982,1.1582655,0.62322754,4,0
210,-2.0435903,-0.78242123,-0.66739523,0.96871346,0.7035829,0.6839771,-0.080901325,-0.6892207,0.49090645,-0.29996595,0.2892757,0.12977389,-0.90171885,0.2651582,0.5336215,-0.3313544,0.29638147,0.51078093,0.037397876,-0.5666007,0.8304649,-1.087278,-1.1202127,0.35633168,-0.58769196,0.44144273,0.3913735,0.071063325,-0.25404194,-0.5235379,0.5605598,0.024889784,1.850675,-0.28148904,1.9787654,0.5223481,-1.0448738,-2.776461,1.7507548,0.8083292,-0.93557286,-0.45521516,0.25530276,0.052814707,1.0780499,0.3397826,-0.24183282,0.22038868,0.39325678,-0.8709672,-0.3746337,-0.493588,0.7954982,0.29607025,-0.00082696596,-0.8951726,0.93825895,-0.46292362,0.43053764,0.051235456,0.50622123,-0.06695416,-0.037603736,-0.42583847,0.14683267,-0.019959258,0.23337385,-0.61855274,0.6670344,0.7230312,0.46278295,-0.027757052,0.56682366,0.1586216,0.027262691,-1.2537441,-0.30658203,-0.04101344,1.2802057,-2.040032,-1.8021652,0.2792146,-1.5153282,0.40900016,-0.203845,-0.37503386,-0.36187717,-0.213982,1.1563873,0.63153714,4,0
211,-2.0452936,-0.7837875,-0.6605914,0.9594405,0.6991919,0.68487084,-0.0807351,-0.6878744,0.49445236,-0.28927827,0.28253675,0.12958337,-0.87748885,0.288358,0.52340585,-0.38089502,0.4396884,0.516613,0.026670182,-0.56855327,0.82769644,-1.0098716,-1.1280832,0.34065694,-0.58880705,0.44144273,0.3913735,0.071063325,-0.25146294,-0.5235379,0.56544113,0.01927172,1.8496271,-0.2718561,0.9964266,0.522273,-1.0393844,-2.7598877,1.7585917,0.79914296,-0.9343438,-0.45967546,0.2542657,0.050466854,0.5719211,0.34020057,-0.22834745,0.21927927,0.39165527,-0.86038566,-0.3362072,-0.4430732,0.75767976,0.30855858,0.8040375,-0.89333427,0.9373156,-0.45265108,0.43673924,0.061371263,0.5137385,-0.08518194,-0.028188681,-0.42659214,0.24380134,-0.017586416,0.22800499,-0.62059927,0.6542724,0.73474723,0.4627638,-0.027907362,0.5677063,0.1586216,-0.0038730965,-1.266289,-0.30607975,-0.04090251,1.279586,-2.039858,-1.8015088,0.2693726,-1.528968,0.41264614,-0.19900942,-0.37473142,-0.3334267,-0.22657962,1.1543789,0.6395894,4,0
212,-2.046382,-0.7837875,-0.6605914,0.95292366,0.6961127,0.68487084,-0.0807351,-0.6878744,0.49581945,-0.28168875,0.27783576,0.1295656,-0.8530682,0.3117403,0.51310974,-0.42401984,0.58412296,0.522491,0.0161661,-0.5702519,0.82723516,-0.931856,-1.1248398,0.32613203,-0.59002304,0.4419472,0.3927325,0.068852715,-0.23969772,-0.51391244,0.5680495,0.015398332,1.8497616,-0.2718561,0.06240729,0.52219784,-1.0339199,-2.7433326,1.7663645,0.79018736,-0.9343892,-0.46277413,0.25429362,0.049667068,-0.005923766,0.340618,-0.21493305,0.21816783,0.39001474,-0.8499009,-0.29747865,-0.39345443,0.7195637,0.32114506,1.5265055,-0.8914827,0.9362566,-0.4424028,0.44320145,0.07160922,0.5209134,-0.10618132,-0.018968025,-0.42702493,0.31373894,-0.015258596,0.22279975,-0.6225792,0.6415707,0.74625057,0.46416765,-0.03898594,0.5686858,0.1584521,0.031272013,-1.2784804,-0.30502382,-0.040600963,1.2788252,-2.0390284,-1.8016359,0.26895025,-1.5438889,0.42246604,-0.19504037,-0.37477502,-0.30471614,-0.23936667,1.152355,0.64742965,4,0
213,-2.0574226,-0.7837875,-0.6605914,0.88682777,0.6648823,0.68487084,-0.0807351,-0.6878744,0.49581945,-0.28168875,0.23015727,0.12938525,-0.8530682,0.3117403,0.51310974,-0.42401984,0.58412296,0.522491,0.0161661,-0.5702519,0.82723516,-0.931856,-1.0919437,0.32613203,-0.5909581,0.44706354,0.40651602,0.04643212,-0.120371476,-0.41628838,0.594503,-0.0238866,1.8511263,-0.2718561,0.69522214,0.5221227,-1.0284476,-2.72693,1.7736849,0.78308535,-0.9343892,-0.47276732,0.25429362,0.049667068,-0.0032583782,0.3410307,-0.20158963,0.21697646,0.3880269,-0.84007365,-0.29747865,-0.39345443,0.7195637,0.32114506,0.6265853,-0.8896312,0.9351012,-0.43233237,0.44944227,0.08181113,0.5209134,-0.115931496,-0.018968025,-0.42702493,0.127332,-0.0129308365,0.21741237,-0.6245371,0.62958866,0.7570377,0.47860032,-0.15134804,0.5695973,0.15673204,0.39259997,-1.2874415,-0.29887947,-0.03855806,1.2767593,-2.032195,-1.8030418,0.26895025,-1.545234,0.42246604,-0.19504037,-0.37477502,-0.3043477,-0.24028274,1.1503294,0.6536079,4,0
214,-2.0679312,-0.7818886,-0.6410872,0.8237027,0.62449443,0.68820125,-0.07706955,-0.68497974,0.49673793,-0.26894078,0.18837579,0.1292595,-0.8530682,0.3117403,0.51310974,-0.42548072,0.58412296,0.522491,0.013513493,-0.57067984,0.82711893,-0.931856,-1.0690091,0.32205048,-0.59183025,0.45063064,0.41870221,0.03080077,-0.030802265,-0.3482262,0.6223699,-0.07449675,1.8486732,-0.24910676,1.1702156,0.52208984,-1.0224113,-2.7100604,1.7808897,0.77645713,-0.93216795,-0.48515198,0.24725477,0.04862664,0.116219595,0.34144336,-0.18866755,0.21589403,0.3858024,-0.8303065,-0.29747865,-0.3931602,0.7195637,0.32114506,-0.00082696596,-0.8877797,0.9339169,-0.422342,0.45561674,0.092013724,0.5227349,-0.12395947,-0.016648285,-0.42713356,0.040029675,-0.010711252,0.2120391,-0.62648964,0.6175322,0.76754415,0.48900604,-0.229802,0.57041043,0.15506826,0.54384154,-1.2964026,-0.2928365,-0.036493417,1.2747997,-2.0253189,-1.8033879,0.24808647,-1.5428162,0.4080666,-0.18886513,-0.37445363,-0.30401903,-0.24116895,1.1483036,0.65971345,4,0
215,-2.0772161,-0.7756183,-0.57667696,0.76741743,0.5630228,0.6991996,-0.064964496,-0.6754206,0.4997712,-0.22684234,0.16017137,0.1292595,-0.8530682,0.3117403,0.51310974,-0.4303051,0.58412296,0.522491,0.0047536255,-0.57209325,0.8267351,-0.931856,-1.0690091,0.30857176,-0.59255755,0.45063064,0.42721066,0.03080077,-0.009744511,-0.3482262,0.6534904,-0.15118176,1.8374306,-0.17398013,1.2818469,0.5221542,-1.0150766,-2.6921177,1.7878292,0.7709195,-0.92483276,-0.5030428,0.22401012,0.04519065,0.50464267,0.34185603,-0.1767148,0.21506254,0.38303325,-0.82067764,-0.29747865,-0.3921885,0.7195637,0.32114506,-0.00082696596,-0.88592815,0.9326661,-0.41253608,0.46163815,0.10221772,0.52875,-0.12802207,-0.008987664,-0.42749238,0.18090221,-0.008740562,0.2066967,-0.6284297,0.6053044,0.7774045,0.4901398,-0.23018701,0.5709971,0.15353346,0.21138752,-1.3053635,-0.28702894,-0.034378067,1.2730844,-2.018344,-1.8012936,0.17918637,-1.531735,0.3605145,-0.16847216,-0.3733922,-0.30378202,-0.24198644,1.1462781,0.66565114,4,0
216,-2.081793,-0.7701429,-0.54492563,0.73967135,0.53272,0.7192065,-0.05819933,-0.67033553,0.50126654,-0.2060897,0.14626786,0.1292595,-0.84276557,0.32489303,0.52317613,-0.43268332,0.60651606,0.51796436,0.0004354037,-0.5734563,0.82654595,-0.905701,-1.0376451,0.29678875,-0.5929161,0.45063064,0.43140495,0.022079851,0.00063601416,-0.3482262,0.6687799,-0.18896398,1.8319559,-0.13647431,0.9581784,0.52240366,-1.0078683,-2.6741223,1.7947469,0.76550627,-0.9209868,-0.51186216,0.21118537,0.043433025,0.51135063,0.3422687,-0.16488512,0.21423285,0.38026676,-0.8111182,-0.26446623,-0.38745937,0.6991401,0.32439244,0.6906375,-0.8841633,0.9312452,-0.40275148,0.4677895,0.112227306,0.5344512,-0.14587128,-0.005263645,-0.4278173,0.2430001,-0.006906004,0.20179398,-0.63021773,0.59357506,0.786329,0.4906988,-0.22990492,0.5712863,0.15277672,0.03313109,-1.3143247,-0.28104562,-0.032404434,1.2714552,-2.011378,-1.8008885,0.1447669,-1.5342629,0.33930838,-0.15743825,-0.37296712,-0.28849328,-0.24566528,1.1443537,0.67149717,4,0
217,-2.081793,-0.76544,-0.54492563,0.73967135,0.53272,0.74797153,-0.05662567,-0.6696001,0.50126654,-0.2060897,0.14626786,0.1292595,-0.8224467,0.350833,0.543029,-0.43268332,0.65068007,0.50903696,0.0004354037,-0.57477045,0.82654595,-0.85411775,-0.9757887,0.28665435,-0.5929161,0.45063064,0.43140495,0.004880341,0.00063601416,-0.3482262,0.6686787,-0.1889244,1.8320888,-0.1355438,0.21130635,0.52283293,-1.0007827,-2.6560764,1.8016433,0.7602139,-0.9205331,-0.51186216,0.20849098,0.04330748,0.14695057,0.34268138,-0.15317582,0.21340543,0.37750283,-0.801626,-0.19935896,-0.37907714,0.65886056,0.33079702,2.0543523,-0.882483,0.9296589,-0.3929876,0.47406712,0.12204794,0.53984827,-0.177124,-0.005366825,-0.42810932,0.22851229,-0.00520381,0.1973195,-0.63185805,0.58233035,0.7943435,0.4906988,-0.22897418,0.5712863,0.15277672,0.004787425,-1.3232858,-0.27489164,-0.03056867,1.26991,-2.0044203,-1.8021255,0.14386956,-1.5500218,0.34371623,-0.15550329,-0.3731604,-0.2585713,-0.25212592,1.1425279,0.677254,4,0
218,-2.0867507,-0.759065,-0.54492563,0.7099213,0.49994734,0.75627667,-0.05617133,-0.6693879,0.49982816,-0.2060897,0.13719267,0.12887467,-0.8165801,0.35832244,0.54876107,-0.39708206,0.6634312,0.50645936,0.004379564,-0.5751499,0.82654595,-0.83922446,-0.9521298,0.28372833,-0.5965371,0.4533755,0.44338748,-0.011008349,0.0753077,-0.2967783,0.68038076,-0.22931424,1.8329219,-0.13427939,0.2780152,0.5232622,-0.9932965,-2.6380107,1.8080739,0.7566143,-0.9203556,-0.5139216,0.2076867,0.04409896,0.027114434,0.34308273,-0.14167134,0.21256988,0.37470642,-0.79237854,-0.18056095,-0.38306937,0.64723086,0.33264616,1.4781193,-0.8808026,0.92796886,-0.38285062,0.48003724,0.13148855,0.5412548,-0.18785411,-0.00888434,-0.42819366,0.1308991,-0.0035016749,0.19280311,-0.63347524,0.571307,0.8021042,0.49902898,-0.28344426,0.57422787,0.15104006,0.20484684,-1.3303583,-0.26606774,-0.027695833,1.267786,-1.9938867,-1.8033117,0.14315845,-1.5553547,0.3443586,-0.1564343,-0.37354377,-0.24874339,-0.25491622,1.1406983,0.6820392,4,0
219,-2.093721,-0.7520109,-0.54492563,0.668095,0.45387146,0.75627667,-0.05617133,-0.6693879,0.497806,-0.2060897,0.12443363,0.12833361,-0.8165801,0.35832244,0.54876107,-0.3470294,0.6634312,0.50645936,0.009924755,-0.5751499,0.82654595,-0.83922446,-0.94397604,0.28372833,-0.60162807,0.45723447,0.46023414,-0.02636492,0.18029037,-0.22444645,0.69687384,-0.28611535,1.834039,-0.13287948,0.67497563,0.52369153,-0.98564756,-2.6199377,1.8143151,0.75370204,-0.92029023,-0.51681703,0.20764953,0.0452628,0.0065525384,0.3434795,-0.13024864,0.21173102,0.37189695,-0.7832302,-0.18056095,-0.39208463,0.64723086,0.33264616,0.11441614,-0.87912214,0.9262367,-0.37256217,0.48588258,0.14077494,0.5410424,-0.19025357,-0.01378781,-0.42819366,-0.0004565973,-0.0017994808,0.18826908,-0.6350828,0.56037366,0.8097617,0.5107409,-0.36040276,0.57836336,0.14859843,0.49762043,-1.336664,-0.2561597,-0.024402143,1.2654271,-1.9819016,-1.8044776,0.14252278,-1.5564559,0.34347254,-0.15852861,-0.37400416,-0.24707226,-0.2562167,1.1388674,0.6864301,4,0
220,-2.0990837,-0.7438802,-0.48595858,0.5927038,0.4204802,0.8166903,-0.051184416,-0.66168374,0.49763516,-0.17795493,0.11413363,0.12581125,-0.8165801,0.35832244,0.54876107,-0.34279954,0.59882164,0.48798132,0.010393367,-0.5776015,0.82022166,-0.83922446,-0.943287,0.28372833,-0.6020583,0.45779866,0.46165776,-0.027662665,0.1891622,-0.2175445,0.71942306,-0.3242645,1.822651,-0.07800429,0.8533934,0.5248872,-0.97720456,-2.600839,1.8204777,0.75154775,-0.913241,-0.5265365,0.19607627,0.044049118,0.37463364,0.34380367,-0.11999199,0.2111375,0.3688399,-0.7743031,-0.18056095,-0.42060438,0.64723086,0.33264616,-0.00082696596,-0.87779605,0.9247329,-0.36288503,0.49035424,0.1487364,0.54920065,-0.19045633,-0.014347084,-0.42945385,0.18447605,-9.728673e-05,0.1836398,-0.636673,0.5496277,0.81724584,0.51231676,-0.36775708,0.57871896,0.14842871,0.26898167,-1.3429408,-0.24641263,-0.021197196,1.2630596,-1.9700444,-1.7974702,0.09288028,-1.5452317,0.30873874,-0.15026744,-0.37457216,-0.24692869,-0.2563071,1.137426,0.6908061,4,0
221,-2.1036737,-0.72908175,-0.42925978,0.52361137,0.39211738,0.8749826,-0.046389297,-0.6542759,0.49769565,-0.1509024,0.10526661,0.123429865,-0.81569684,0.36142808,0.55033475,-0.33035728,0.526468,0.46797416,0.010884071,-0.5799974,0.8141405,-0.82853097,-0.9369923,0.28391033,-0.6020583,0.4580277,0.46165776,-0.027662665,0.1891622,-0.21678546,0.73961,-0.35632876,1.8117929,-0.023899416,0.92281044,0.52615625,-0.96870583,-2.5816233,1.826631,0.74944884,-0.9064702,-0.53564686,0.18495221,0.042753328,0.6813464,0.34412113,-0.10986741,0.21056536,0.3657671,-0.76541716,-0.17170352,-0.45347393,0.6438537,0.33351746,0.18469521,-0.87654567,0.9232892,-0.35314476,0.49441338,0.15629746,0.5572038,-0.19435756,-0.014921968,-0.43067396,0.35123196,0.0016097334,0.17919265,-0.6381929,0.53905606,0.8245835,0.5128804,-0.3685751,0.57872486,0.14846386,0.023431811,-1.3492149,-0.23670794,-0.018013531,1.260694,-1.9582208,-1.7908248,0.043882202,-1.5358396,0.27517238,-0.14234309,-0.37507424,-0.24441756,-0.25716734,1.1360708,0.69518393,4,0
222,-2.1036737,-0.66598696,-0.42925978,0.52361137,0.39211738,0.87667465,-0.046389297,-0.6542759,0.49820122,-0.1509024,0.10526661,0.123429865,-0.8083192,0.38736776,0.56347936,-0.22643268,0.44102582,0.44926554,0.014982688,-0.58031976,0.8141405,-0.7392131,-0.88441485,0.28543046,-0.6020583,0.4580277,0.46165776,-0.027662665,0.1891622,-0.21678546,0.73831797,-0.3563128,1.8133153,-0.011752447,0.33911988,0.5274441,-0.96033496,-2.5622423,1.8327698,0.74724317,-0.9064864,-0.53564686,0.18496104,0.042466402,0.27307338,0.34443855,-0.099935085,0.2099861,0.36274624,-0.7566833,-0.09772247,-0.50508827,0.6156466,0.34079525,1.7342775,-0.87561095,0.9221322,-0.3425253,0.49637184,0.1618143,0.5583819,-0.2269427,-0.018560024,-0.43074486,0.1696775,0.003352184,0.17615011,-0.6392084,0.52963835,0.8309611,0.5128804,-0.3685751,0.57872486,0.14846386,0.0074252966,-1.3554891,-0.22720082,-0.014924268,1.258348,-1.9465599,-1.7923895,0.032883704,-1.548284,0.27316195,-0.14392366,-0.37501958,-0.22346361,-0.26450884,1.135084,0.6995856,4,0
223,-2.1036737,-0.623331,-0.42925978,0.50454193,0.38770017,0.8778186,-0.046389297,-0.6542759,0.498543,-0.1509024,0.1028737,0.12278722,-0.8033315,0.40490457,0.5723658,-0.15617344,0.38326186,0.43661737,0.017753601,-0.5805377,0.81617105,-0.6768102,-0.84886926,0.2864582,-0.60054374,0.45854735,0.46573702,-0.019902198,0.19370982,-0.19900241,0.7374444,-0.3605161,1.8143445,-0.0035403864,-0.045477483,0.52873194,-0.9520552,-2.5429845,1.8388007,0.7453888,-0.90649736,-0.53636545,0.18496697,0.04227227,-0.002665164,0.3447371,-0.090080015,0.20939818,0.35974813,-0.74805206,-0.047706828,-0.5399827,0.59657687,0.34571552,2.2799113,-0.8746762,0.9209474,-0.33197245,0.4982912,0.16733001,0.559787,-0.24935426,-0.021029714,-0.43056238,0.052239064,0.005094635,0.17314903,-0.64019823,0.5202826,0.8372857,0.51474255,-0.38795495,0.57755643,0.14781193,0.04315495,-1.3611103,-0.21688348,-0.011503576,1.2553666,-1.9339976,-1.7934475,0.025448019,-1.556697,0.27180275,-0.1449966,-0.37479097,-0.2097696,-0.26981935,1.1340911,0.70365155,4,0
224,-2.1036737,-0.623331,-0.42925978,0.44567478,0.3740642,0.8778186,-0.046389297,-0.6542759,0.498543,-0.1509024,0.09548682,0.120803356,-0.8033315,0.40490457,0.5723658,-0.15617344,0.38326186,0.43661737,0.017753601,-0.5805377,0.82243973,-0.6705787,-0.84886926,0.2864582,-0.59586835,0.46015176,0.4783295,0.0040542567,0.20774832,-0.14410642,0.7374444,-0.37352508,1.8143445,-0.0035403864,-0.014569632,0.53001994,-0.9439658,-2.5239842,1.8446062,0.7442672,-0.90649736,-0.5385838,0.18496697,0.04227227,-0.0018056489,0.34499636,-0.08038575,0.20879245,0.3567973,-0.7396348,-0.047706828,-0.5399827,0.59657687,0.34571552,0.73031604,-0.8737415,0.91970414,-0.3215586,0.50012916,0.17284341,0.56166494,-0.25053358,-0.021061026,-0.42985117,0.068610094,0.0068370854,0.17023352,-0.6411347,0.5110561,0.8434996,0.520491,-0.44778037,0.5739496,0.14579988,0.18685742,-1.3653693,-0.20487578,-0.0073915017,1.2510589,-1.9195545,-1.7934475,0.025448019,-1.556697,0.27180275,-0.14501017,-0.37419948,-0.21122713,-0.2708911,1.1330854,0.70701665,4,0
225,-2.0896223,-0.59455943,-0.39524016,0.39880803,0.3622288,0.90373576,-0.04427941,-0.6527655,0.49881,-0.13978481,0.082425,0.11901002,-0.8033315,0.40490457,0.5723658,-0.15617344,0.34704185,0.42960608,0.017753601,-0.5805377,0.8253973,-0.6676385,-0.84886926,0.2856553,-0.5936624,0.46090865,0.48427093,0.015357599,0.21437208,-0.118204914,0.7104115,-0.3843505,1.8051707,0.025797362,-0.64665836,0.5316366,-0.93552,-2.5044627,1.8504162,0.7429394,-0.9053296,-0.544264,0.18112849,0.041869294,0.06043661,0.34523046,-0.07115684,0.20827325,0.35371518,-0.73140085,-0.047706828,-0.554481,0.59657687,0.34571552,-0.00082696596,-0.87294126,0.9186266,-0.31143728,0.5012506,0.17782155,0.5625504,-0.25133714,-0.021075808,-0.4295156,0.05310985,0.008558289,0.16731183,-0.6420601,0.50189006,0.849591,0.5232034,-0.47600773,0.5722478,0.14485036,0.17876074,-1.3696283,-0.19304384,-0.003352097,1.2467773,-1.9052268,-1.7855636,-0.0009625159,-1.5476552,0.2532331,-0.14219633,-0.3737609,-0.2119148,-0.27139676,1.132228,0.7103674,4,0
226,-2.0630186,-0.54008585,-0.33082992,0.36266157,0.35200188,0.9528055,-0.04028476,-0.6499059,0.49931553,-0.118735604,0.06429357,0.11738685,-0.8033315,0.40490457,0.5723658,-0.15617344,0.27846566,0.41633135,0.017753601,-0.5805377,0.8253973,-0.6676385,-0.84886926,0.28413513,-0.5936624,0.46090865,0.48427093,0.015357599,0.21437208,-0.118204914,0.65922934,-0.39322537,1.7878016,0.081343204,-1.8710177,0.533547,-0.9267561,-2.4844763,1.8562303,0.7414276,-0.90311867,-0.5530368,0.17386098,0.04110653,0.17751352,0.3454421,-0.062343873,0.20783141,0.35051572,-0.7233305,-0.047706828,-0.581931,0.59657687,0.34571552,-0.00082696596,-0.87226117,0.9176971,-0.3015773,0.50173193,0.18232152,0.5625504,-0.25180495,-0.021075808,-0.4295156,0.009138249,0.010260483,0.1643844,-0.64297575,0.49277782,0.855573,0.5232034,-0.47600773,0.5722478,0.14485036,0.035058267,-1.3738873,-0.18136844,0.0006225614,1.242519,-1.891002,-1.7706372,-0.05096597,-1.5305356,0.21807483,-0.13685676,-0.37345904,-0.2119148,-0.27139676,1.1315037,0.7137053,4,0
227,-2.0558994,-0.5255089,-0.31359398,0.35298887,0.34926516,0.9659364,-0.039038498,-0.6491407,0.49945083,-0.11310288,0.05944167,0.1169525,-0.801427,0.42390287,0.57953644,-0.10700068,0.22776933,0.40544468,0.0076886057,-0.5803016,0.8253973,-0.6151531,-0.75558543,0.25990245,-0.5936624,0.46090865,0.48427093,0.015357599,0.21437208,-0.118204914,0.6455332,-0.39560026,1.7831537,0.096207134,-1.3019353,0.5354573,-0.9181645,-2.4645767,1.86194,0.73999006,-0.90255994,-0.55538434,0.17166421,0.040902432,0.12135163,0.3456537,-0.053677343,0.2073873,0.34735683,-0.7153706,0.00894889,-0.60895514,0.579696,0.35114795,1.1858654,-0.8717215,0.9168319,-0.29120937,0.50124687,0.18582723,0.5619637,-0.29610905,-0.012185352,-0.42946357,-0.01636265,0.011331461,0.16257405,-0.6436834,0.48461506,0.8586884,0.5232034,-0.47600773,0.5722478,0.14485036,-0.0033960624,-1.3781462,-0.16992976,0.0044996473,1.238297,-1.8769368,-1.7667458,-0.06434669,-1.532504,0.21290495,-0.13139609,-0.3733351,-0.19937477,-0.27687678,1.1309434,0.7166179,4,0
228,-2.0558994,-0.5255089,-0.31359398,0.35298887,0.34926516,0.9659364,-0.038796388,-0.6491407,0.49945083,-0.11310288,0.05944167,0.1169525,-0.7988267,0.44984257,0.5893268,-0.039861772,0.18360578,0.39543054,-0.006053829,-0.5799793,0.8253973,-0.54349107,-0.62821865,0.22737135,-0.5936624,0.46090865,0.48427093,0.015357599,0.21437208,-0.118204914,0.6455332,-0.39560026,1.7831537,0.096207134,-0.077586405,0.5373677,-0.9096361,-2.4447088,1.8676115,0.73857975,-0.90260494,-0.55538434,0.17132023,0.040902432,0.0018937681,0.3458653,-0.04506471,0.2069419,0.34421268,-0.70745116,0.08630488,-0.6358237,0.55664754,0.35856527,2.8061373,-0.8712334,0.9159903,-0.28065586,0.5004088,0.18896972,0.561163,-0.35642955,-4.6600064e-05,-0.42939255,-0.03511494,0.012171788,0.16117164,-0.64431506,0.4767991,0.86075646,0.5232034,-0.47600773,0.5722478,0.14485036,-0.0033960624,-1.3824052,-0.15857767,0.00834119,1.2340883,-1.8629297,-1.766886,-0.06434669,-1.5414463,0.21869187,-0.12589116,-0.3732759,-0.18225303,-0.28435904,1.1304432,0.7193751,4,0
229,-2.0629013,-0.5255089,-0.31359398,0.34573412,0.34205535,0.9659364,-0.03878105,-0.6491407,0.49945083,-0.11310288,0.023590282,0.11593898,-0.7986619,0.45148668,0.5899473,-0.035606466,0.18080665,0.3947958,-0.0069248304,-0.57995886,0.8271946,-0.5256546,-0.62014604,0.2253095,-0.5903537,0.46220815,0.4742298,0.038658693,0.22037476,-0.083299,0.66206765,-0.40353128,1.7843003,0.096207134,0.39554533,0.5392781,-0.90121365,-2.424945,1.8730775,0.7376103,-0.9026078,-0.5646058,0.17129841,0.040902432,-0.003446559,0.34604722,-0.03649161,0.20642959,0.34084478,-0.700098,0.09120791,-0.6375267,0.5551867,0.3590354,1.3912401,-0.8707453,0.91506314,-0.2702935,0.49952322,0.19212213,0.56165195,-0.3630074,0.00071199023,-0.42918423,-0.0061032576,0.013012174,0.16002016,-0.64484227,0.46915528,0.8627511,0.52507854,-0.513651,0.5696759,0.14685012,0.04348372,-1.3853827,-0.14618634,0.012906037,1.2285476,-1.8472993,-1.7680762,-0.06434669,-1.5431432,0.21905868,-0.12554692,-0.37310272,-0.18220711,-0.28376818,1.1299332,0.7214731,4,0
230,-2.0703545,-0.52672327,-0.3046761,0.33827937,0.3344351,0.9671281,-0.038082,-0.648761,0.49987805,-0.11102756,-0.013268314,0.114653654,-0.7986619,0.45148668,0.5899473,-0.035606466,0.18080665,0.3947958,-0.0069248304,-0.5799973,0.8288433,-0.5134598,-0.62014604,0.22156967,-0.5873188,0.46340027,0.46501917,0.060032487,0.22588095,-0.05128025,0.6817451,-0.41190016,1.7834362,0.100979716,0.8067837,0.5412036,-0.89272606,-2.4051156,1.8785062,0.73661995,-0.90235364,-0.574517,0.17010592,0.04059937,0.01205714,0.34621665,-0.027991274,0.20592311,0.33742198,-0.6928417,0.09120791,-0.6375267,0.5551867,0.3590354,-0.00082696596,-0.8702571,0.9141181,-0.25997248,0.49862766,0.1952764,0.5623052,-0.36597311,0.0006989687,-0.4290057,0.023395423,0.013753448,0.15892866,-0.64536667,0.46139526,0.86453503,0.5267989,-0.54818064,0.5673167,0.14868447,0.07943612,-1.3882737,-0.13377962,0.01749805,1.222927,-1.8315927,-1.7676729,-0.0687685,-1.5422916,0.21603782,-0.12467638,-0.37283432,-0.18316044,-0.28279117,1.129419,0.7234597,4,0
231,-2.0776703,-0.53534496,-0.24136135,0.33259928,0.32728732,0.9755882,-0.033118967,-0.6460648,0.5029113,-0.09629322,-0.041472495,0.112128764,-0.7986619,0.45148668,0.5899473,-0.035606466,0.18080665,0.3947958,-0.0069248304,-0.58027,0.8288433,-0.5134598,-0.62014604,0.1950178,-0.5873188,0.46340027,0.46501917,0.060032487,0.22588095,-0.05128025,0.7137697,-0.4196665,1.7698351,0.1348637,1.1505663,0.5432213,-0.8837965,-2.3848407,1.8837926,0.73532003,-0.90054935,-0.58482987,0.1616393,0.038446832,0.10759965,0.34632248,-0.019914068,0.20547822,0.33375642,-0.68594307,0.09120791,-0.6375267,0.5551867,0.3590354,-0.00082696596,-0.869769,0.9131001,-0.24982473,0.49769107,0.1984375,0.56342524,-0.36908868,0.0006766126,-0.42906588,0.03614937,0.013890344,0.15809736,-0.6459166,0.45285556,0.8650637,0.5267989,-0.54818064,0.5673167,0.14868447,0.029384436,-1.3911644,-0.12170584,0.021957401,1.2173673,-1.8160897,-1.7571174,-0.100162566,-1.528886,0.19459069,-0.11846546,-0.37203246,-0.18316044,-0.28279117,1.128884,0.7250391,4,0
232,-2.082462,-0.5409915,-0.19989447,0.32887918,0.32260597,0.98112917,-0.02986853,-0.6439044,0.5055957,-0.08664323,-0.059944347,0.11047513,-0.79405016,0.46043772,0.58878994,-0.024924383,0.18946025,0.39817104,-0.007008018,-0.5809277,0.8248261,-0.48192212,-0.58958447,0.16734679,-0.5873188,0.46340027,0.46225938,0.060032487,0.22588095,-0.05128025,0.7347435,-0.4247529,1.7609273,0.15705542,1.1113709,0.54523903,-0.8749476,-2.364612,1.8890315,0.73405236,-0.89897734,-0.5915841,0.15589361,0.036581226,0.15787219,0.3464283,-0.011873698,0.20502722,0.3301132,-0.67908597,0.11384449,-0.6336682,0.5454812,0.36229473,0.4733089,-0.869216,0.9120135,-0.23944815,0.49675247,0.20177373,0.56493115,-0.38604495,0.0007199371,-0.429666,0.053514097,0.013754919,0.15792845,-0.646316,0.444552,0.8645171,0.5264234,-0.54818064,0.5673122,0.14917918,-0.012786339,-1.3940554,-0.10977896,0.026373286,1.2118322,-1.8006682,-1.750286,-0.120964184,-1.5238717,0.18308711,-0.1142252,-0.37179336,-0.17595251,-0.28581554,1.1282735,0.72643507,4,0
233,-2.082462,-0.5409915,-0.19989447,0.32887918,0.32260597,0.98112917,-0.02986853,-0.6427605,0.5076179,-0.08664323,-0.059944347,0.11047513,-0.7806857,0.4863776,0.5854357,0.0060321423,0.21453826,0.4079524,-0.007249124,-0.58231634,0.81318456,-0.39052638,-0.50101745,0.1375517,-0.5873188,0.46340027,0.45426136,0.060032487,0.22588095,-0.05128025,0.7347435,-0.4247529,1.7609273,0.15705542,0.34528816,0.54725677,-0.86625195,-2.3444717,1.8941804,0.7328459,-0.8978463,-0.5915841,0.15531206,0.035260037,0.122222885,0.34653413,-0.0039016015,0.20456427,0.32651266,-0.6723073,0.17944476,-0.62248623,0.51735485,0.37174028,1.8473486,-0.86854035,0.9107961,-0.22863714,0.4958098,0.20544228,0.5671667,-0.4292708,0.0008879103,-0.4312911,0.079630025,0.013102457,0.15901598,-0.6464294,0.43669665,0.8619297,0.5253345,-0.54818064,0.5672989,0.15061307,-0.039999243,-1.3969463,-0.09813114,0.030706992,1.2063437,-1.7854013,-1.7505233,-0.121662006,-1.5347842,0.19045646,-0.11372533,-0.37262225,-0.15506391,-0.29458007,1.1275194,0.7274825,4,0
234,-2.0862613,-0.544651,-0.19989447,0.32717735,0.32260597,0.98112917,-0.02986853,-0.642245,0.50852925,-0.08664323,-0.059944347,0.1093854,-0.7745294,0.4980688,0.583924,0.019984294,0.23083904,0.41236088,-0.0073577855,-0.5829422,0.80793774,-0.34286857,-0.46110013,0.12412301,-0.585036,0.46440065,0.44738513,0.07892766,0.20375298,-0.039123904,0.74373394,-0.4245943,1.7615199,0.15643047,0.21507959,0.54927444,-0.8577102,-2.3244276,1.8992585,0.73171943,-0.8973365,-0.59175086,0.15505002,0.03466459,0.07325628,0.34660795,0.003947418,0.20409623,0.32299355,-0.66563827,0.20891969,-0.61571586,0.5045851,0.37599742,1.7099667,-0.8678646,0.90949315,-0.21793325,0.49493173,0.20913067,0.5681744,-0.450065,0.00096361927,-0.43202356,0.062638715,0.012450053,0.1601926,-0.6464976,0.42894226,0.85935354,0.5269058,-0.56497604,0.56553006,0.15199757,0.014222002,-1.3993908,-0.086267136,0.03523856,1.1999493,-1.7699752,-1.751241,-0.12141812,-1.5403227,0.19417344,-0.11350002,-0.37299585,-0.14629251,-0.2981371,1.1267549,0.72830045,4,0
235,-2.0931783,-0.55131316,-0.19989447,0.32407907,0.32260597,0.98112917,-0.02986853,-0.642245,0.50852925,-0.08664323,-0.059944347,0.10740156,-0.7742875,0.4980688,0.583924,0.019984294,0.2399381,0.41236088,-0.0073577855,-0.5829422,0.80793774,-0.331098,-0.46110013,0.12412301,-0.5808801,0.46622163,0.4414294,0.11332639,0.16346894,-0.016993232,0.7601012,-0.42430562,1.762599,0.15529273,0.606608,0.5512922,-0.8492948,-2.3044627,1.9042789,0.7306584,-0.8973365,-0.59205455,0.15505002,0.03466459,0.01336276,0.34665558,0.011694923,0.20362361,0.3195413,-0.65905905,0.20875345,-0.61256504,0.5044154,0.37599742,0.33245817,-0.8671888,0.9081202,-0.20731731,0.4941068,0.21283537,0.5681744,-0.45245388,0.00096361927,-0.43202356,0.010277781,0.01179759,0.16144286,-0.6465283,0.4212707,0.85678667,0.5306588,-0.5955521,0.5623208,0.15334152,0.13526025,-1.4014695,-0.074224785,0.039932445,1.1928113,-1.7544186,-1.7523525,-0.12040222,-1.5414518,0.19489354,-0.11350002,-0.37299585,-0.14746332,-0.29742128,1.1259818,0.72893,4,0
236,-2.0987923,-0.56299555,-0.16412494,0.3205917,0.32616904,0.97220415,-0.025763946,-0.6397209,0.51233864,-0.07839556,-0.057920303,0.10473822,-0.7742279,0.4980688,0.5777079,0.019984294,0.24218087,0.41236088,-0.007478902,-0.58297956,0.80793774,-0.32819673,-0.46110013,0.10724653,-0.57766366,0.46667057,0.4399613,0.12180517,0.15353951,-0.011538348,0.7825156,-0.41994432,1.7551528,0.17022146,0.8477729,0.55319667,-0.8408482,-2.2844388,1.9092128,0.72915745,-0.8955492,-0.59248394,0.14796235,0.03213376,0.093247436,0.3466394,0.019141475,0.2032052,0.3160996,-0.6525155,0.20616359,-0.61178845,0.50498706,0.37720242,-0.05784108,-0.8665132,0.9066756,-0.19683753,0.4932474,0.21652755,0.5683333,-0.4480358,0.0010672028,-0.4320317,0.0010880961,0.010698068,0.16284484,-0.646577,0.41304412,0.8533531,0.5316255,-0.6030886,0.55981344,0.15367277,0.09543175,-1.4035479,-0.06248074,0.04451495,1.1857375,-1.7390316,-1.7475747,-0.1350698,-1.533891,0.18638442,-0.10824772,-0.37200108,-0.14890122,-0.29846042,1.1251879,0.72925836,4,0
237,-2.10398,-0.57632005,-0.11665463,0.31697708,0.33089763,0.9603598,-0.020316666,-0.6363711,0.51739407,-0.06744997,-0.055234164,0.1018526,-0.7742279,0.4980688,0.5694586,0.019984294,0.24218087,0.41236088,-0.007639622,-0.58302915,0.80793774,-0.32819673,-0.46110013,0.08484955,-0.5747545,0.46667057,0.4399613,0.12180517,0.15353951,-0.011538348,0.80690813,-0.41425085,1.744918,0.19040576,1.0397519,0.55506414,-0.83239144,-2.264396,1.9141184,0.7275125,-0.8931771,-0.59295446,0.13855618,0.028774904,0.21885549,0.34660238,0.026489206,0.2028046,0.31266126,-0.64598346,0.20278096,-0.61178845,0.50580126,0.37880164,-0.12521039,-0.8658374,0.9052074,-0.18640234,0.49237677,0.22021562,0.56854343,-0.44139117,0.0012046713,-0.4320425,0.0060203294,0.009452292,0.16429664,-0.64663136,0.404636,0.84963584,0.53168064,-0.6030886,0.55753565,0.15367277,0.0029814872,-1.4056264,-0.05083356,0.04906078,1.1786845,-1.7237,-1.7408704,-0.15486756,-1.5234872,0.17485623,-0.10127732,-0.370681,-0.15042649,-0.3000736,1.1243869,0.7294882,4,0
238,-2.1041994,-0.5768831,-0.11008381,0.31682432,0.33109742,0.9598593,-0.020086497,-0.6362295,0.5176077,-0.06698748,-0.033896416,0.10173068,-0.7625286,0.52291274,0.5686758,0.06310938,0.27640176,0.41771406,-0.007646422,-0.5840049,0.8059774,-0.21778452,-0.39754888,0.0636173,-0.57463163,0.46667057,0.43702766,0.12180517,0.14798601,-0.011538348,0.80914056,-0.4140103,1.7434369,0.19325165,0.5177515,0.55693156,-0.82410914,-2.2444613,1.9188985,0.7259164,-0.89307684,-0.58704805,0.13815872,0.028632984,0.103862256,0.34656534,0.033580903,0.20243555,0.30947804,-0.6393444,0.26908085,-0.59667885,0.48039743,0.38678506,1.3314822,-0.8650591,0.9033719,-0.17521651,0.4916789,0.22405268,0.5719739,-0.46663213,0.0011420808,-0.4324778,0.0816382,0.0076691136,0.16799936,-0.6460545,0.39689568,0.8437905,0.5312879,-0.6036043,0.55743396,0.15419853,-0.012117386,-1.4077048,-0.039523814,0.05343931,1.1716406,-1.7086647,-1.7395068,-0.15748364,-1.5318837,0.17928353,-0.10101239,-0.3709868,-0.13159612,-0.30784696,1.1234664,0.7293558,4,0
239,-2.1048326,-0.5768831,-0.1060895,0.3128932,0.33109742,0.958489,-0.020086497,-0.6362295,0.51646125,-0.06698748,-0.015325329,0.10149698,-0.7518607,0.5446509,0.568296,0.10615084,0.30634484,0.42239803,-0.0071127154,-0.5848568,0.80426204,-0.11545483,-0.3402113,0.04586726,-0.5732011,0.46688834,0.43407494,0.12140719,0.137788,-0.012826349,0.8116709,-0.41365534,1.7426347,0.19499557,0.08442746,0.5587816,-0.8158944,-2.2245896,1.9236486,0.7243642,-0.89304185,-0.5818417,0.13814132,0.029274235,0.0004523499,0.34652144,0.040594444,0.20207542,0.30632308,-0.6327309,0.32693288,-0.58302784,0.45784083,0.3937114,2.3672428,-0.8642761,0.90148854,-0.16395877,0.49095806,0.22784713,0.574946,-0.49013406,0.0006126908,-0.4328583,0.13355869,0.005862217,0.17189127,-0.6454149,0.3892476,0.83783215,0.53145653,-0.6029573,0.55631673,0.15476032,-0.0073861196,-1.4098307,-0.028287198,0.05773725,1.1645733,-1.6938097,-1.7386875,-0.15870233,-1.5398444,0.18358353,-0.10122865,-0.37155706,-0.115291245,-0.31453463,1.1225383,0.7292317,4,0
240,-2.1087434,-0.5768831,-0.1060895,0.28862363,0.33109742,0.9500288,-0.020086497,-0.6362295,0.5093837,-0.06698748,-0.015325329,0.10005418,-0.74919987,0.5446509,0.568296,0.13891624,0.30634484,0.42239803,-0.0038177408,-0.5848568,0.80426204,-0.080143124,-0.3295271,0.04586726,-0.5643699,0.4682324,0.43169263,0.118950136,0.10482832,-0.02077806,0.82080215,-0.41146407,1.7433463,0.19499557,0.2728541,0.56054175,-0.80798966,-2.2050195,1.9282736,0.7230285,-0.8928259,-0.58171296,0.13803394,0.033233523,0.011888832,0.3464421,0.04725852,0.20175397,0.30325598,-0.62627417,0.32517546,-0.58037186,0.4559996,0.3937114,0.8773636,-0.8634933,0.8994416,-0.15250017,0.4900787,0.23138718,0.5748123,-0.4973612,-0.0022861059,-0.4328583,0.046742164,0.0040553208,0.17624713,-0.64459425,0.3819246,0.83177614,0.5346313,-0.59617716,0.54944867,0.15538937,0.082284495,-1.4122012,-0.017350165,0.06165667,1.1573834,-1.679822,-1.7394644,-0.1566116,-1.5412604,0.18358353,-0.102404,-0.37312376,-0.11669885,-0.31419963,1.1215985,0.72923356,4,0
241,-2.111865,-0.5745869,-0.091748856,0.266434,0.32658726,0.9446666,-0.019155607,-0.635302,0.5048979,-0.063133426,-0.018030358,0.09913973,-0.7475135,0.5446509,0.56746614,0.15968315,0.30634484,0.42239803,-0.001729371,-0.5848568,0.80426204,-0.057762343,-0.3227554,0.03829651,-0.5587726,0.46908432,0.43018264,0.11739284,0.08393828,-0.025817905,0.83193606,-0.41457915,1.7406715,0.2012206,0.44017798,0.56230193,-0.7999633,-2.1854146,1.9327862,0.7217998,-0.8918819,-0.58234674,0.13617232,0.035595614,0.057685748,0.34636274,0.053753704,0.20146638,0.30014184,-0.61987096,0.32373083,-0.57868844,0.45490673,0.3938685,-0.060382713,-0.8627104,0.8973607,-0.14112395,0.48917836,0.23493238,0.5747267,-0.49611115,-0.0041233874,-0.4328583,-0.007129655,0.0020479062,0.18063696,-0.6437836,0.37435484,0.82535636,0.53664327,-0.5918798,0.5450957,0.15578812,0.110056676,-1.4145714,-0.0065484913,0.065530136,1.1502322,-1.6659155,-1.7374687,-0.16092288,-1.5390478,0.17976598,-0.10183118,-0.3740586,-0.117645994,-0.31414577,1.1206588,0.7291002,4,0
242,-2.113621,-0.5683165,-0.052587397,0.2478444,0.31427094,0.9446666,-0.016613562,-0.6327692,0.5048979,-0.052608818,-0.025417231,0.09913973,-0.7475135,0.5446509,0.5651998,0.15968315,0.30634484,0.42239803,-0.001729371,-0.5848568,0.80426204,-0.057762343,-0.3227554,0.017622372,-0.5587726,0.46908432,0.43018264,0.11739284,0.08393828,-0.025817905,0.8465351,-0.42687848,1.7321352,0.21821983,0.5709774,0.56406206,-0.7917263,-2.1657481,1.9371047,0.72075653,-0.889678,-0.5843004,0.13127461,0.03519359,0.16295348,0.34628338,0.059954222,0.20123732,0.29694644,-0.6135602,0.32282692,-0.57868844,0.45510897,0.39429766,-0.042500876,-0.8619276,0.89522094,-0.12989031,0.48824194,0.23848638,0.5747267,-0.48018882,-0.0041233874,-0.4328583,-0.0039809975,-0.00030675041,0.18508543,-0.6429907,0.36635795,0.8183068,0.53664327,-0.5918798,0.5450957,0.15578812,0.030695487,-1.4169418,0.004020958,0.06932436,1.1431476,-1.6521497,-1.730674,-0.17631486,-1.5305558,0.16934095,-0.0982327,-0.37389952,-0.11779622,-0.31457868,1.1197189,0.728733,4,0
243,-2.1143754,-0.5544457,-0.035764683,0.23985875,0.30898014,0.9514228,-0.015521548,-0.63168126,0.5048979,-0.048087716,-0.028590443,0.09965411,-0.73906225,0.55725765,0.56324375,0.19408232,0.30634484,0.42837605,-0.00035410133,-0.58461636,0.8089323,0.014119445,-0.22091255,-0.0007393348,-0.5587726,0.46908432,0.429212,0.10740668,0.04285453,-0.041775383,0.8525947,-0.4320547,1.7286417,0.22723277,0.4228856,0.5659079,-0.7836016,-2.146094,1.9413856,0.71975124,-0.88873124,-0.5851963,0.12917066,0.03502105,0.14160328,0.3462191,0.06608467,0.20100851,0.2937663,-0.6073021,0.3549892,-0.5712471,0.44113606,0.398402,0.65777045,-0.8610301,0.8929741,-0.11811677,0.48696852,0.24215797,0.5750751,-0.4817726,-0.005340871,-0.43227658,0.005533424,-0.00291254,0.19089794,-0.64183885,0.35994673,0.8091402,0.53651303,-0.5727756,0.5450936,0.15596193,-0.0066484874,-1.419898,0.014268372,0.072484255,1.1361437,-1.6398536,-1.7279341,-0.18445414,-1.5325339,0.16683838,-0.09721364,-0.3733475,-0.10741718,-0.31862637,1.1186501,0.7284978,4,0
244,-2.1143754,-0.53485096,-0.035764683,0.23985875,0.30898014,0.9632672,-0.015521548,-0.63168126,0.5048979,-0.048087716,-0.028590443,0.10055585,-0.7242465,0.57935834,0.5615214,0.25438675,0.30634484,0.43885604,0.0020568531,-0.58419484,0.81711984,0.14013378,-0.042374108,-0.017359583,-0.5587726,0.46908432,0.42751026,0.08990019,-0.029168468,-0.069750085,0.8522235,-0.43186662,1.7289461,0.23023137,0.064767174,0.5678182,-0.7755615,-2.1264489,1.9456383,0.7187746,-0.88873124,-0.5852957,0.12917066,0.03502105,0.024899958,0.3461662,0.072162114,0.20077972,0.29059774,-0.60108393,0.4120528,-0.55820185,0.41648826,0.40527412,1.8719339,-0.8600463,0.8906463,-0.10593667,0.4854412,0.24591811,0.57568634,-0.49653983,-0.0074752197,-0.4312569,0.01984176,-0.0057074293,0.197738,-0.6404166,0.35472965,0.7983793,0.53628504,-0.5392846,0.54509,0.15626666,-0.012350242,-1.4232953,0.024274578,0.075166255,1.1292005,-1.6286644,-1.7282476,-0.1871319,-1.5423965,0.1703019,-0.09813713,-0.37249923,-0.08910878,-0.32539633,1.1174846,0.7283621,4,0
245,-2.1143754,-0.53043514,-0.035764683,0.23985875,0.3018246,0.9659364,-0.015521548,-0.63168126,0.5033314,-0.048087716,-0.028590443,0.100759074,-0.7209076,0.5843389,0.5611332,0.2707797,0.30634484,0.44819346,0.008078593,-0.5840999,0.81896484,0.16853216,-0.0021389858,-0.021105098,-0.5570825,0.46945372,0.4271268,0.07286942,-0.08724382,-0.11056402,0.85213983,-0.43996546,1.7290146,0.23090711,-0.009056848,0.5697286,-0.7674971,-2.1068947,1.9497013,0.718123,-0.8886824,-0.5853181,0.12914678,0.035893694,0.0011870154,0.34611326,0.07808234,0.20056084,0.28747427,-0.5949615,0.4249127,-0.5513683,0.4109337,0.40682277,1.2196695,-0.8589288,0.8882795,-0.093809456,0.4837842,0.250113,0.5756206,-0.49986777,-0.012775783,-0.4310271,0.007227671,-0.008502377,0.20441315,-0.6390058,0.34955826,0.7877408,0.537182,-0.4907122,0.54378164,0.15639088,0.014485591,-1.4279594,0.033063207,0.07695742,1.123055,-1.6199675,-1.7283281,-0.18727452,-1.5446193,0.1710824,-0.10041303,-0.37265342,-0.0855112,-0.32689244,1.1161628,0.7288781,4,0
246,-2.1143754,-0.53043514,-0.035764683,0.23985875,0.29258737,0.9659364,-0.015521548,-0.63168126,0.5013092,-0.048087716,-0.028590443,0.100759074,-0.7209076,0.5843389,0.5611332,0.274398,0.30634484,0.4571985,0.015150781,-0.5840999,0.81896484,0.16853216,-0.0021389858,-0.021105098,-0.5549006,0.4699308,0.4271268,0.055977035,-0.14126152,-0.15511318,0.85213983,-0.45047513,1.7290146,0.23090711,-0.00017409728,0.571639,-0.7594257,-2.0873668,1.9537089,0.71756583,-0.8886193,-0.5853181,0.129116,0.03702004,0.0045267795,0.3460604,0.083956756,0.2003445,0.28436387,-0.58886695,0.4249127,-0.54634196,0.4109337,0.40682277,0.02442481,-0.85777223,0.8859012,-0.081697606,0.48208946,0.2544344,0.57535857,-0.49986777,-0.018997464,-0.4310271,-0.013218677,-0.011297326,0.2110411,-0.63759834,0.3444002,0.777138,0.5384062,-0.43775228,0.54209363,0.15646248,0.05078724,-1.4329922,0.041497085,0.07848915,1.1171416,-1.6119957,-1.7283405,-0.1866797,-1.5446193,0.1710824,-0.10308238,-0.37309915,-0.08619329,-0.3268543,1.1147956,0.7295837,4,0
247,-2.0883334,-0.4890044,-0.013066849,0.33387595,0.28022844,0.98249954,-0.010781837,-0.62928194,0.49978197,-0.027071113,-0.0055833203,0.10040599,-0.7209076,0.5843389,0.5598908,0.27447444,0.30634484,0.45738873,0.01530019,-0.58460957,0.81896484,0.16853216,-0.0021389858,-0.033009432,-0.5548545,0.47108674,0.4294588,0.055620153,-0.14240274,-0.15605435,0.7975399,-0.4741644,1.7192397,0.24551255,-1.3061057,0.57375956,-0.75039375,-2.0669289,1.9574752,0.71650255,-0.8868742,-0.5764977,0.12119664,0.03748567,0.09366698,0.34599712,0.08881601,0.20038038,0.28132334,-0.5825695,0.42442805,-0.54623574,0.41103533,0.40705335,-0.01097573,-0.8566158,0.88342345,-0.069830544,0.48034194,0.25876054,0.5774489,-0.48682752,-0.019164382,-0.4311387,0.04143767,-0.014407617,0.21757951,-0.6362133,0.33887762,0.7660919,0.5415672,-0.43663344,0.5421086,0.15621835,0.09997975,-1.4380249,0.049705792,0.07997469,1.1113166,-1.6041627,-1.7215031,-0.1994759,-1.5349454,0.16201761,-0.09733605,-0.37337622,-0.08626281,-0.3272169,1.113425,0.7300768,4,0
248,-2.0666008,-0.45442945,0.00587501,0.4123358,0.27007744,0.9966317,-0.0067820665,-0.6272797,0.498543,-0.009532204,0.013616735,0.100111336,-0.7195789,0.587222,0.5565801,0.28209344,0.3073201,0.46176672,0.017610481,-0.58510756,0.82130724,0.17195521,0.0060981694,-0.043778952,-0.556034,0.47220984,0.43140495,0.050671272,-0.14715256,-0.16445702,0.75197476,-0.49374172,1.7110822,0.25770116,-2.1517806,0.5758885,-0.74138355,-2.0465019,1.9612155,0.7154431,-0.88542646,-0.5691368,0.11452577,0.037854236,0.1503266,0.34593362,0.09363394,0.2004201,0.27829432,-0.57628906,0.4312016,-0.54206717,0.4085659,0.40847653,0.13279922,-0.8553753,0.8809166,-0.057813257,0.47850072,0.26330528,0.5801238,-0.47494727,-0.021239553,-0.43098298,0.099918805,-0.017546866,0.22415982,-0.6348132,0.33346632,0.75488305,0.54456884,-0.4269,0.54307854,0.15603828,0.13535568,-1.4433662,0.057618767,0.08125853,1.1057904,-1.5968604,-1.7158226,-0.21016535,-1.5278633,0.15541314,-0.093332686,-0.37339255,-0.08403641,-0.32874852,1.1119562,0.730709,4,0
249,-2.0666008,-0.45442945,0.00587501,0.4123358,0.27007744,0.99832374,-0.0065399837,-0.6272797,0.498543,-0.009532204,0.013616735,0.100111336,-0.71232224,0.6029674,0.5441608,0.3237035,0.31264636,0.48567653,0.030227799,-0.5855043,0.8341002,0.19064964,0.05108423,-0.04833939,-0.5624756,0.47312048,0.43140495,0.023643704,-0.17309305,-0.210347,0.75197476,-0.49370536,1.7110822,0.25770116,-0.8174829,0.578035,-0.7325628,-2.026213,1.9648631,0.7144506,-0.88546765,-0.5691368,0.11418441,0.037854236,0.05381714,0.34587017,0.09836114,0.20045343,0.2753102,-0.5701036,0.47040284,-0.51930094,0.39461625,0.41519892,0.9642605,-0.8537604,0.87828946,-0.045102216,0.47624663,0.26882482,0.5851816,-0.4694979,-0.032411136,-0.42962378,0.16823214,-0.020784754,0.23093374,-0.6333436,0.32858664,0.7429908,0.54667157,-0.37374237,0.548145,0.15617457,0.10784966,-1.4500834,0.06423269,0.08164859,1.1015885,-1.5919136,-1.7159618,-0.21016535,-1.5332754,0.1606579,-0.09791557,-0.372262,-0.0716265,-0.3354571,1.1100504,0.73198265,4,0
250,-2.0666008,-0.45442945,0.00587501,0.4123358,0.27007744,0.99936044,-0.00639165,-0.6272797,0.4980535,-0.009532204,0.013616735,0.098923825,-0.70787615,0.6126142,0.5365517,0.3502871,0.32759994,0.5041742,0.037958167,-0.58574736,0.84193796,0.20210333,0.07864626,-0.051133465,-0.5765631,0.47389668,0.4362164,-0.0007668532,-0.19525108,-0.25679377,0.75197476,-0.49368304,1.7110822,0.25770116,1.3567397e-05,0.58018154,-0.7238294,-2.0059953,1.9684662,0.71348685,-0.88547736,-0.5689845,0.11396795,0.038125735,-0.0036476555,0.34577182,0.10300839,0.20048194,0.2723953,-0.56400615,0.49442062,-0.49974993,0.3860696,0.41931757,1.1556501,-0.85207176,0.8755563,-0.032404486,0.47413605,0.2746371,0.5882805,-0.4661592,-0.03925573,-0.42879096,0.16420686,-0.0240227,0.23762034,-0.63187855,0.3237478,0.7311842,0.5489759,-0.3204197,0.55918014,0.15543143,0.0960401,-1.4574734,0.070112094,0.08165402,1.0981063,-1.588093,-1.7160501,-0.21002197,-1.5365913,0.16387126,-0.100718014,-0.3716767,-0.060818255,-0.34000772,1.1080471,0.73360246,4,0
251,-2.0666008,-0.45442945,0.00587501,0.4123358,0.27007744,0.99936044,-0.00639165,-0.6272797,0.49678957,-0.009532204,0.013616735,0.09585785,-0.70787615,0.6126142,0.5365517,0.35310134,0.3577823,0.5141108,0.037958167,-0.58574736,0.84193796,0.20210333,0.07864626,-0.051133465,-0.6027454,0.47446027,0.44863865,-0.021037698,-0.21142589,-0.30412123,0.75197476,-0.49368304,1.7110822,0.25770116,1.3567397e-05,0.582328,-0.7152346,-1.9858902,1.9719992,0.7125686,-0.8854373,-0.56859124,0.11394894,0.03882679,0.0006499197,0.34561837,0.10752807,0.20050332,0.26959005,-0.5580477,0.49442062,-0.48528492,0.3860696,0.41931757,0.33454964,-0.8502663,0.8726555,-0.019727737,0.47225258,0.28091225,0.5882805,-0.4661592,-0.03925573,-0.42879096,0.045753565,-0.027260648,0.24416846,-0.6304205,0.3189736,0.7195129,0.5515993,-0.266836,0.5796569,0.15329646,0.10905983,-1.4659282,0.07482973,0.08105048,1.0957627,-1.5860546,-1.7160581,-0.20965175,-1.5365913,0.16387126,-0.10070405,-0.37195414,-0.052543752,-0.34114483,1.1058894,0.73576987,4,0
252,-2.0508633,-0.45605224,0.01334291,0.43157995,0.2711833,1.0183781,-0.002524876,-0.62694144,0.49582478,-0.0028083343,0.031095462,0.09193842,-0.70787615,0.6126142,0.5365517,0.35425082,0.37011024,0.5181694,0.037958167,-0.58574736,0.84193796,0.19514042,0.051369354,-0.051133465,-0.61343944,0.4749726,0.45632988,-0.02931729,-0.21803243,-0.32345203,0.7180014,-0.49363282,1.7059325,0.26003513,-0.8126862,0.5847158,-0.7065785,-1.9656497,1.9754729,0.71149725,-0.8856994,-0.5622554,0.10831044,0.039307375,-0.013589089,0.3453867,0.11163449,0.200613,0.26696262,-0.5519755,0.49442062,-0.47937673,0.3860696,0.41931757,-0.00082696596,-0.848461,0.86969197,-0.007215772,0.47032753,0.28717417,0.5882805,-0.4664007,-0.03925573,-0.42879096,-0.0026284144,-0.030498596,0.25046962,-0.62899107,0.31377956,0.70840627,0.5537205,-0.24494986,0.5880298,0.15199994,0.1018138,-1.4743828,0.079498604,0.08044784,1.0934365,-1.5840431,-1.7130544,-0.21148229,-1.5315155,0.16239393,-0.09656132,-0.37214422,-0.049160294,-0.34183535,1.1037061,0.7379372,4,0
253,-2.0242598,-0.45879546,0.025967201,0.4641115,0.27305275,1.0505271,0.0040117907,-0.6263695,0.4950665,0.008558146,0.06064271,0.08742968,-0.70787615,0.6126142,0.5365517,0.35425082,0.37011024,0.5181694,0.037958167,-0.58574736,0.84193796,0.18336985,0.0052586417,-0.051133465,-0.61343944,0.47544953,0.46075413,-0.02931729,-0.21803243,-0.32345203,0.66057026,-0.4935479,1.6972269,0.26398063,-2.186529,0.5872701,-0.69788,-1.9453164,1.978906,0.7103201,-0.8861699,-0.5518163,0.09879184,0.03963559,-0.040627006,0.345101,0.115454346,0.20078379,0.26445785,-0.5458246,0.49442062,-0.47937673,0.3860696,0.41931757,-0.00082696596,-0.8466555,0.8666851,0.0051824567,0.46837372,0.29342693,0.5882805,-0.46680894,-0.03925573,-0.42879096,-0.0026284144,-0.033736482,0.25659966,-0.6275811,0.30829576,0.69768953,0.5554941,-0.24494986,0.5880456,0.15128246,0.0805749,-1.4828374,0.084134124,0.07984565,1.0911224,-1.5820506,-1.7079715,-0.21483204,-1.522935,0.15989658,-0.089567795,-0.3722742,-0.049153928,-0.34221753,1.1015052,0.7401046,4,0
254,-2.0188265,-0.45935574,0.02854551,0.4707555,0.28971112,1.0604591,0.00534679,-0.62625265,0.4949116,0.010879538,0.06667718,0.086508855,-0.7067213,0.6183321,0.517435,0.3508916,0.42432785,0.5446093,0.040388368,-0.5854317,0.85059124,0.15534517,-0.031678945,-0.046455972,-0.6389871,0.47571948,0.46165776,-0.030783735,-0.21803243,-0.34106305,0.64884114,-0.4740944,1.695449,0.2647864,-1.3738407,0.5898671,-0.6897948,-1.9252119,1.9824915,0.70865923,-0.88626605,-0.5496843,0.096847825,0.039702754,-0.026319183,0.3448153,0.11920413,0.20094591,0.26199335,-0.53976923,0.50429976,-0.44830865,0.38316196,0.4243698,0.20610155,-0.8443432,0.8633733,0.017901426,0.46698835,0.30167055,0.5895251,-0.4706707,-0.041407254,-0.42774495,0.02652697,-0.036850482,0.26209334,-0.6263113,0.30255657,0.6878119,0.556088,-0.22575346,0.6079802,0.15116191,0.04673834,-1.4919386,0.08770667,0.0790001,1.0896372,-1.5811591,-1.7069334,-0.21551608,-1.5223107,0.1633283,-0.0890704,-0.37143064,-0.03893859,-0.34737816,1.0987123,0.7426881,4,0
255,-2.0188265,-0.45935574,0.02854551,0.4707555,0.310165,1.0646892,0.00534679,-0.62625265,0.4949116,0.010879538,0.06667718,0.086508855,-0.7052699,0.6255175,0.493412,0.34667024,0.49246016,0.57783484,0.04344226,-0.58503497,0.8614651,0.123148926,-0.06626227,-0.04057804,-0.67109156,0.47593632,0.46165776,-0.03262654,-0.21803243,-0.36319393,0.64884114,-0.44966996,1.695449,0.2647864,1.3567397e-05,0.5924752,-0.68186706,-1.9051666,1.986116,0.70687425,-0.88626605,-0.5496843,0.096847825,0.039702754,-0.0014001053,0.34452963,0.122935936,0.201106,0.25953928,-0.5337385,0.51671475,-0.40926707,0.37950814,0.43071872,0.46613756,-0.8419007,0.8599833,0.03070274,0.46574888,0.3104251,0.5910898,-0.47541884,-0.04411097,-0.42643046,0.063164994,-0.0399327,0.2674234,-0.6250774,0.2967519,0.6781497,0.5563792,-0.20163031,0.63302684,0.15119469,0.009668629,-1.5012056,0.091005936,0.07809206,1.0883646,-1.5805503,-1.7069334,-0.21551608,-1.5237284,0.16828169,-0.090240225,-0.37033746,-0.026103115,-0.3537652,1.0957677,0.74537843,4,0
