Timestep,IMU1_ax,IMU1_ay,IMU1_az,IMU1_gx,IMU1_gy,IMU1_gz,IMU2_ax,IMU2_ay,IMU2_az,IMU2_gx,IMU2_gy,IMU2_gz,IMU3_ax,IMU3_ay,IMU3_az,IMU3_gx,IMU3_gy,IMU3_gz,IMU4_ax,IMU4_ay,IMU4_az,IMU4_gx,IMU4_gy,IMU4_gz,IMU5_ax,IMU5_ay,IMU5_az,IMU5_gx,IMU5_gy,IMU5_gz,IMU1_a_mag,IMU1_g_mag,IMU1_pitch,IMU1_roll,IMU1_jerk_a_mag,IMU1_yaw_int,IMU2_a_mag,IMU2_g_mag,IMU2_pitch,IMU2_roll,IMU2_jerk_a_mag,IMU2_yaw_int,IMU3_a_mag,IMU3_g_mag,IMU3_pitch,IMU3_roll,IMU3_jerk_a_mag,IMU3_yaw_int,IMU4_a_mag,IMU4_g_mag,IMU4_pitch,IMU4_roll,IMU4_jerk_a_mag,IMU4_yaw_int,IMU5_a_mag,IMU5_g_mag,IMU5_pitch,IMU5_roll,IMU5_jerk_a_mag,IMU5_yaw_int,IMU1_qw,IMU1_qx,IMU1_qy,IMU1_qz,IMU2_qw,IMU2_qx,IMU2_qy,IMU2_qz,IMU3_qw,IMU3_qx,IMU3_qy,IMU3_qz,IMU4_qw,IMU4_qx,IMU4_qy,IMU4_qz,IMU5_qw,IMU5_qx,IMU5_qy,IMU5_qz,REL_LH_pitch,REL_LH_roll,REL_RH_pitch,REL_RH_roll,REL_LK_pitch,REL_LK_roll,REL_RK_pitch,REL_RK_roll,REL_THIGH_yaw,REL_ANKLE_yaw,move,label
0,-1.3563867,0.76166177,-0.50455827,0.3715348,0.20017107,0.68183225,0.29337332,-2.3680933,0.5861499,-0.030699935,-0.08768049,0.10594097,0.88489187,-1.3828707,-0.5946854,0.08098974,0.057659674,0.34224007,0.39225966,1.5577505,-1.6752269,0.08025244,-0.008702787,0.17417029,-1.0804399,-0.77182853,-0.1583716,-0.010564867,0.32946074,0.09289166,-1.0645531,-0.5725546,1.6981784,0.26460278,1.3567397e-05,0.7880209,0.3210918,0.49489376,1.827152,0.8051621,-1.5205696,-0.5989548,-0.17040442,-6.665306,-0.0014001053,0.6316138,0.44181886,-6.1879244,-0.3278239,0.7857419,-2.1351523,-0.69263947,-0.9713583,-1.9215152,-0.00082696596,0.845045,0.5797369,-1.7950193,-0.84172523,0.6228252,-2.9044838,-0.6759574,-0.5904798,2.1400373,-0.0026284144,0.80795944,-0.0426016,2.122422,0.07640925,0.45821407,-2.5619862,-0.599342,1.2499377,-0.0039061434,-0.0033960624,-0.2687698,0.70163155,0.23067778,0.4233027,-0.25044423,-1.8188281,-3.7561665,-2.0505266,-1.6668001,-0.13028434,4.417789,1.2266891,1.9364568,-0.7789457,0.68273413,1,2
1,-1.3568373,0.76370406,-0.50288,0.36951658,0.1935808,0.67962784,0.29368874,-2.3681998,0.5851619,-0.03234533,-0.08943026,0.10711578,0.8857585,-1.382803,-0.60696816,0.08701313,0.041468263,0.34224007,0.39372545,1.5578799,-1.6727269,0.08025244,-0.008702787,0.17984767,-1.0778681,-0.7705292,-0.17167343,0.0022395614,0.4467523,0.09813391,-1.0630342,-0.5795233,1.6976634,0.26622924,0.036349505,0.7878671,0.31719208,0.48909685,1.8303058,0.8065435,-1.5204391,-0.5995979,-0.17137854,-6.6663156,0.005510707,0.6316896,0.44242346,-6.187774,-0.32717556,0.7851703,-2.1387882,-0.69795454,-0.97301054,-1.9256936,-0.07698625,0.84494996,0.58033735,-1.7944871,-0.8392073,0.62014484,-2.9035645,-0.6739683,-0.59305876,2.139415,0.018901177,0.80822176,-0.041309882,2.122005,0.07549768,0.45823485,-2.5617027,-0.56727767,1.2459176,0.0012236215,0.00369182,-0.26850405,0.7056384,0.22861496,0.42852104,-0.24547675,-1.8186953,-3.7581518,-2.0506604,-1.6710896,-0.13068447,4.4176707,1.226292,1.9434041,-0.7788099,0.68277425,1,2
2,-1.3570077,0.7644768,-0.50224495,0.3687529,0.1910872,0.6787937,0.29380807,-2.36824,0.5847881,-0.032967906,-0.09009233,0.107560314,0.88608646,-1.3827775,-0.61161566,0.08945504,0.035341777,0.34418902,0.3942801,1.5582099,-1.671781,0.08726167,0.0074641635,0.18199585,-1.0768949,-0.77003765,-0.17670661,0.007084471,0.4911329,0.10011746,-1.0624595,-0.5821602,1.6974686,0.26684466,0.02751103,0.7877133,0.31333086,0.48337516,1.8334155,0.80790615,-1.5203897,-0.5998412,-0.17174713,-6.6666975,0.003829698,0.6317654,0.44302088,-6.1876254,-0.32653528,0.7846058,-2.1401641,-0.7000669,-0.97363573,-1.9272747,-0.058461018,0.84489226,0.5809343,-1.7939619,-0.83665097,0.6176084,-2.9019918,-0.6765544,-0.5938567,2.1392052,0.042351305,0.8084841,-0.040160608,2.121632,0.0748677,0.4585361,-2.5615954,-0.5551452,1.2443966,0.0031645088,0.00196774,-0.2682383,0.7095747,0.22657228,0.43367383,-0.2405705,-1.818645,-3.7589033,-2.0507107,-1.6727127,-0.13075894,4.4176474,1.2261418,1.9460328,-0.7787177,0.6828143,1,2
3,-1.3570077,0.7644768,-0.50224495,0.3687529,0.1898675,0.6787937,0.29380807,-2.3682919,0.58462787,-0.033234727,-0.090305135,0.107560314,0.885799,-1.3827857,-0.61385643,0.08965323,0.032387946,0.34695524,0.3942801,1.558552,-1.671781,0.09579465,0.027145663,0.18074335,-1.0768949,-0.77003765,-0.17735374,0.007084471,0.4737245,0.10011746,-1.0624595,-0.5834854,1.6974686,0.26684466,1.3567397e-05,0.7875595,0.30953714,0.47773728,1.8364524,0.8092604,-1.5203272,-0.5999481,-0.17177735,-6.666846,0.0019104778,0.63184124,0.44359136,-6.1874843,-0.325906,0.7840505,-2.14083,-0.7012664,-0.9732974,-1.9280465,-0.014773633,0.8448649,0.58150893,-1.7934595,-0.83411497,0.61523914,-2.9005005,-0.6812106,-0.5936402,2.1392362,0.04975665,0.80871326,-0.039098214,2.121289,0.07446434,0.4589421,-2.561715,-0.5604303,1.2444189,0.0033881422,-0.0063861567,-0.26797253,0.71348405,0.22454296,0.43846348,-0.23596293,-1.8186574,-3.7589815,-2.0505798,-1.6733148,-0.13064305,4.4177322,1.2258995,1.9469303,-0.7786609,0.682832,1,2
4,-1.3570077,0.7644768,-0.50224495,0.3687529,0.18485317,0.6787937,0.29380807,-2.3685048,0.58396924,-0.034331653,-0.09118002,0.107560314,0.8846172,-1.3828195,-0.6230686,0.08965323,0.020244362,0.34857345,0.3942801,1.558552,-1.671781,0.09579465,0.027145663,0.17559409,-1.0768949,-0.77003765,-0.18001416,0.007084471,0.40215677,0.10011746,-1.0624595,-0.5889334,1.6974686,0.26684466,1.3567397e-05,0.78740567,0.30588096,0.4722173,1.8393468,0.81062454,-1.5200702,-0.6003879,-0.1719016,-6.6674557,0.015520656,0.63191706,0.44409534,-6.187359,-0.3252958,0.78351045,-2.1435673,-0.7056908,-0.97190654,-1.9312192,-0.072109945,0.8448611,0.5820215,-1.7930148,-0.83171445,0.6131173,-2.9005005,-0.6836426,-0.5936402,2.1392362,0.0036078962,0.80883914,-0.0380367,2.120956,0.07423279,0.45914277,-2.562207,-0.5821577,1.2445102,0.0043070447,-0.01867877,-0.26770678,0.7174421,0.22251634,0.4422476,-0.23216856,-1.8187081,-3.7593036,-2.0500398,-1.6757901,-0.13055177,4.417973,1.2249032,1.95062,-0.77863145,0.6827801,1,2
5,-1.3573076,0.7755161,-0.5036964,0.40657204,0.18095398,0.6997657,0.2935353,-2.3685336,0.58388025,-0.034954235,-0.09583818,0.10776352,0.88254964,-1.3833209,-0.6243134,0.09712762,0.010101292,0.35071644,0.39147294,1.558105,-1.6725017,0.09969543,0.04108508,0.1710158,-1.0749047,-0.7695491,-0.18842667,0.015043973,0.32715037,0.100441314,-1.0624301,-0.59820884,1.6985472,0.26899123,0.0007167707,0.7875179,0.30238122,0.46747506,1.8421698,0.8118118,-1.520011,-0.60162467,-0.17114303,-6.6675377,0.0068819057,0.63199884,0.44457415,-6.1872373,-0.32471803,0.7830519,-2.1425622,-0.7082772,-0.9688222,-1.9318159,-0.0014619472,0.8448941,0.582615,-1.7924951,-0.82940704,0.6113018,-2.9028919,-0.6848514,-0.5887933,2.1393785,-0.05863493,0.8088622,-0.03704531,2.120656,0.07443564,0.459347,-2.5628483,-0.60490423,1.2415589,0.007414621,-0.024090087,-0.26742917,0.7211673,0.22064799,0.4448024,-0.22930643,-1.8195095,-3.761264,-2.0499065,-1.6776145,-0.12901197,4.4181237,1.2214193,1.9528775,-0.77864313,0.6826529,1,2
6,-1.3574855,0.7820707,-0.50455827,0.4365546,0.17904118,0.715435,0.29337332,-2.3685336,0.58388025,-0.035235878,-0.098533764,0.10788418,0.88141686,-1.383616,-0.61839545,0.10156554,0.0050532003,0.35244945,0.38980624,1.5578395,-1.6729296,0.10201153,0.049361605,0.16871059,-1.0735257,-0.76925904,-0.19320813,0.019769933,0.28835765,0.10063359,-1.0624126,-0.604218,1.6991876,0.2702658,0.0007387458,0.7877125,0.29894248,0.46300954,1.8449582,0.8129252,-1.5199965,-0.6023238,-0.17068264,-6.6675377,-6.669602e-05,0.63208157,0.4450449,-6.1871176,-0.32415092,0.7826105,-2.1400547,-0.7094266,-0.96691597,-1.9298879,0.06429079,0.84494424,0.58325344,-1.7919325,-0.827116,0.6095904,-2.904312,-0.685374,-0.58591545,2.1394627,-0.06038513,0.80886924,-0.036074646,2.1203637,0.07470374,0.45954984,-2.5632162,-0.61666673,1.2394993,0.009186003,-0.018879537,-0.2671497,0.72481495,0.21882127,0.4471396,-0.22661452,-1.8199815,-3.762402,-2.049798,-1.676917,-0.12810504,4.418195,1.219171,1.9518759,-0.7786745,0.6825138,1,2
7,-1.3574855,0.7811876,-0.5046943,0.45035496,0.17859201,0.7213334,0.29330513,-2.3685336,0.58388025,-0.035235878,-0.09900667,0.10780798,0.8810336,-1.383616,-0.6075459,0.10156554,0.0050532003,0.3535319,0.38942137,1.5577978,-1.6730016,0.10201153,0.049361605,0.16831091,-1.0731634,-0.76925904,-0.19332795,0.019769933,0.28521985,0.10063359,-1.0624379,-0.60643965,1.6992245,0.26993436,-0.00059234735,0.7879502,0.2955568,0.45870888,1.8477046,0.81399876,-1.5199904,-0.60245055,-0.17048883,-6.6675377,-0.0010752451,0.63216203,0.44551116,-6.1869993,-0.32359505,0.78218085,-2.1370275,-0.70936906,-0.96603197,-1.9261698,0.09012112,0.8450062,0.5839248,-1.7913384,-0.8248264,0.6079467,-2.9045527,-0.68532825,-0.5852372,2.1394773,-0.008269687,0.80886567,-0.03511545,2.120076,0.07499036,0.45972466,-2.5632858,-0.61744416,1.2389534,0.009227409,-0.00564807,-0.26687017,0.7284183,0.21701449,0.4493911,-0.22399692,-1.8199402,-3.7621062,-2.0494914,-1.6738062,-0.12795399,4.4182067,1.2182938,1.9481474,-0.77872044,0.68236756,1,2
8,-1.3574855,0.7730184,-0.505953,0.45035496,0.17443728,0.7213334,0.2926743,-2.3685336,0.58388025,-0.035235878,-0.10338108,0.10710308,0.8774882,-1.383616,-0.6075459,0.10156554,0.0050532003,0.3535319,0.38586152,1.5574101,-1.6736684,0.10201153,0.049361605,0.16461402,-1.0731634,-0.76925904,-0.19443643,0.019769933,0.25619516,0.10063359,-1.0626724,-0.6110664,1.6995653,0.2668684,-0.006197067,0.7881879,0.29229477,0.45441785,1.850309,0.81514335,-1.5199337,-0.60362345,-0.16869609,-6.6675377,0.001929716,0.632224,0.44597292,-6.186881,-0.32308388,0.7818105,-2.1376944,-0.70936906,-0.9610184,-1.9261698,0.0033659483,0.8450683,0.5845843,-1.7907552,-0.8225332,0.606372,-2.906781,-0.6849049,-0.57896364,2.1396112,-0.060451545,0.8087747,-0.034162868,2.1198,0.07545265,0.45968556,-2.563489,-0.62463576,1.2389907,0.009610842,-0.009379633,-0.26659068,0.7320126,0.2152283,0.45115685,-0.22177921,-1.8195595,-3.7593682,-2.047882,-1.6718657,-0.12655675,4.418318,1.2145845,1.9483516,-0.77877253,0.6821625,1,2
9,-1.3562462,0.7663397,-0.5069668,0.46900997,0.17111892,0.73822415,0.2918133,-2.368456,0.58388025,-0.034035187,-0.10903236,0.105883814,0.8745753,-1.3837392,-0.5984104,0.10385881,0.009694951,0.35094878,0.38191965,1.5570933,-1.6738485,0.10299891,0.050698128,0.1618806,-1.0702989,-0.76925904,-0.19829518,0.017433994,0.24225771,0.10090684,-1.0657115,-0.6169995,1.6993346,0.26436722,-0.07481266,0.7886399,0.2891408,0.45046082,1.8528333,0.81629,-1.5199381,-0.60478956,-0.16620898,-6.667573,-0.0005027967,0.632256,0.44648048,-6.1867514,-0.32262802,0.781496,-2.1351368,-0.7074706,-0.9565702,-1.9230934,0.04745342,0.8450808,0.5853193,-1.7900885,-0.82026273,0.6046408,-2.9087179,-0.6843034,-0.5719344,2.1396284,-0.06773424,0.8086378,-0.033232335,2.1195366,0.07604294,0.45954165,-2.5645692,-0.6273302,1.2347679,0.010945957,-0.03231441,-0.26630116,0.73560125,0.21345209,0.45274952,-0.21963306,-1.8183069,-3.7571533,-2.045929,-1.6678823,-0.1253427,4.4183455,1.2095737,1.9459592,-0.77877665,0.68192136,1,2
10,-1.3551446,0.7623655,-0.50756556,0.48559222,0.1691674,0.75323814,0.29119954,-2.3683121,0.58388025,-0.032775205,-0.113004796,0.10496936,0.8728378,-1.3838489,-0.5901241,0.105897285,0.013820946,0.3486527,0.379271,1.5569046,-1.6736729,0.10387659,0.051886145,0.16033904,-1.0667064,-0.76925904,-0.20145889,0.015357599,0.23684178,0.10114972,-1.0683569,-0.6211618,1.6990478,0.26288047,-0.100180686,0.7891713,0.28604534,0.44665548,1.8553085,0.81742877,-1.5200354,-0.60549235,-0.16438949,-6.6676364,-0.007094788,0.6322766,0.44700605,-6.1866164,-0.32219493,0.7812048,-2.1326544,-0.70578295,-0.95381564,-1.9203024,0.08090021,0.845075,0.5860771,-1.7893944,-0.8180165,0.60286444,-2.909894,-0.6838705,-0.5671919,2.139567,-0.046381902,0.8084839,-0.03231415,2.1192787,0.076676115,0.4593601,-2.565616,-0.62799746,1.2294149,0.012040618,-0.04285625,-0.2660079,0.73916095,0.21169193,0.45425516,-0.21751857,-1.8172688,-3.7558594,-2.0445774,-1.6647637,-0.12462754,4.41832,1.2053645,1.9437269,-0.7787631,0.6816668,1,2
11,-1.3551446,0.7623655,-0.50756556,0.48559222,0.1691674,0.75323814,0.29119954,-2.3680992,0.58388025,-0.03222674,-0.113004796,0.10496936,0.8728378,-1.3838489,-0.58965164,0.105897285,0.013820946,0.3486527,0.379271,1.5569046,-1.6731728,0.10387659,0.051886145,0.16033904,-1.0637286,-0.76925904,-0.20145889,0.015357599,0.23684178,0.10114972,-1.0683569,-0.6211618,1.6990478,0.26288047,-0.0026231213,0.7897026,0.28298444,0.44290176,1.8577483,0.8185515,-1.520262,-0.6053444,-0.16427736,-6.6677313,-0.017647881,0.6322973,0.44753426,-6.1864805,-0.321766,0.78091866,-2.1325154,-0.70578295,-0.953801,-1.9201413,0.0052380273,0.84506917,0.586825,-1.7887067,-0.8157994,0.6011117,-2.909865,-0.6838705,-0.5671879,2.1394398,-0.0028651473,0.80833,-0.031403463,2.119023,0.07730093,0.45918074,-2.5660021,-0.62799746,1.2248882,0.012040618,-0.017388524,-0.26571468,0.74267316,0.20995441,0.45571858,-0.21541363,-1.8172228,-3.7559094,-2.0445719,-1.664638,-0.12470821,4.4182515,1.2035242,1.9435644,-0.7787495,0.6814122,1,2
12,-1.3563923,0.7623655,-0.50756556,0.48559222,0.16777346,0.75323814,0.2907392,-2.3680933,0.58388025,-0.032211915,-0.11470727,0.10405491,0.8728378,-1.3838489,-0.5896388,0.105897285,0.013820946,0.3485543,0.37509423,1.5569046,-1.6731594,0.10387659,0.05046052,0.16033904,-1.063648,-0.76925904,-0.2051259,0.0067924745,0.23645493,0.10114972,-1.065484,-0.6227252,1.6995524,0.26288047,0.06873592,0.7902339,0.27999872,0.43923753,1.8601123,0.8196664,-1.5202258,-0.60573316,-0.16296597,-6.667734,-0.0040271976,0.63229114,0.448058,-6.1863475,-0.32137567,0.7806499,-2.1325116,-0.7057823,-0.95380056,-1.920137,0.00035540733,0.8450615,0.58755517,-1.7880306,-0.8136287,0.5993876,-2.9104247,-0.6840861,-0.559526,2.1394365,-0.0154815465,0.8081761,-0.030508215,2.118774,0.077946216,0.4589221,-2.5666792,-0.62576514,1.224886,0.0133101735,-0.02397515,-0.26542142,0.74632335,0.20814605,0.4571518,-0.21334578,-1.8172075,-3.7559106,-2.045069,-1.6646348,-0.12235658,4.41825,1.2035232,1.9442364,-0.77874255,0.68115765,1,2
13,-1.3576335,0.7623655,-0.50686705,0.49399245,0.16608523,0.75454885,0.29045364,-2.3677137,0.5832928,-0.030255234,-0.117497444,0.103534184,0.8728847,-1.383688,-0.59645057,0.106053,0.014508602,0.3485133,0.37148628,1.557212,-1.6719701,0.102267526,0.049213104,0.16198766,-1.0610726,-0.76935977,-0.2082356,-0.015334085,0.23629373,0.09855221,-1.0624106,-0.625623,1.6997399,0.2633267,0.10026387,0.7907819,0.2770862,0.43575323,1.8624246,0.8207153,-1.5205762,-0.60573727,-0.16196606,-6.668533,-0.019087743,0.6322801,0.44860783,-6.186207,-0.32100773,0.7804106,-2.1350572,-0.70551735,-0.9541367,-1.9224063,-0.054142248,0.84505373,0.5882344,-1.7874008,-0.8114743,0.5976678,-2.9094932,-0.6843219,-0.5527212,2.1391625,0.014082466,0.8080659,-0.029580768,2.118512,0.078528985,0.45870793,-2.5678148,-0.61981714,1.2211121,0.014346607,-0.03826961,-0.26522356,0.7504579,0.20608729,0.45865285,-0.21140967,-1.8169925,-3.756731,-2.0453842,-1.6666876,-0.120147005,4.418338,1.2022477,1.9470773,-0.7787371,0.6809816,1,2
14,-1.3585843,0.7623655,-0.5055289,0.50506544,0.16462547,0.75627667,0.29033002,-2.367213,0.5825185,-0.027675973,-0.12024031,0.10335002,0.8732019,-1.3834761,-0.6054296,0.10739074,0.015415082,0.34866637,0.3690244,1.557617,-1.6704025,0.100146465,0.04835179,0.16518854,-1.0576776,-0.7694926,-0.21032082,-0.039796583,0.24274129,0.09512822,-1.0598077,-0.6285841,1.6995225,0.26417986,0.090842,0.7913412,0.27423728,0.43241367,1.8646897,0.821708,-1.5210613,-0.60552704,-0.16136666,-6.669585,-0.039491255,0.6322664,0.44917378,-6.186062,-0.32065582,0.7801921,-2.1383653,-0.70498925,-0.95494133,-1.9253975,-0.104051456,0.8450489,0.5888905,-1.7867907,-0.80933875,0.59596455,-2.9079573,-0.6845624,-0.54795957,2.1388018,0.05070596,0.80801266,-0.02863877,2.1182418,0.079023056,0.45857877,-2.568946,-0.6118514,1.2160715,0.015015351,-0.045317303,-0.26509067,0.7548791,0.20387165,0.4603048,-0.20948356,-1.8165239,-3.7580488,-2.0454822,-1.6695615,-0.118527144,4.4184546,1.2008086,1.9504513,-0.778736,0.6808773,1,2
15,-1.3585843,0.7623655,-0.5035989,0.50506544,0.16462547,0.75627667,0.29033002,-2.367213,0.5825185,-0.027675973,-0.12024031,0.10335002,0.8743837,-1.3834761,-0.6054296,0.11262848,0.015415082,0.34937432,0.3690244,1.557617,-1.6704025,0.100146465,0.04835179,0.1699417,-1.0576776,-0.7694926,-0.21032082,-0.039796583,0.27256116,0.09512822,-1.0592109,-0.6285841,1.6986566,0.26540524,0.029624261,0.79190046,0.27144367,0.4291602,1.8669059,0.8226598,-1.5210613,-0.60552704,-0.16136666,-6.669585,-0.006715145,0.6322526,0.44973078,-6.18592,-0.32030943,0.77997696,-2.1381483,-0.7041605,-0.9566136,-1.9253975,-0.009840142,0.8450547,0.58958846,-1.786138,-0.807234,0.59431255,-2.9079573,-0.6847852,-0.54795957,2.1388018,0.0048135854,0.8080581,-0.02772632,2.1179712,0.07935145,0.4586423,-2.568946,-0.60560143,1.2160715,0.015015351,-0.0092455335,-0.2649578,0.7591509,0.20170152,0.4623343,-0.20727068,-1.8156317,-3.7591429,-2.0452774,-1.6703371,-0.118527144,4.4184546,1.2020508,1.9504513,-0.7787473,0.68083966,1,2
16,-1.3586423,0.75808775,-0.5032859,0.50506544,0.15790354,0.739654,0.29033002,-2.367213,0.5825185,-0.027675973,-0.120973326,0.10335002,0.8745753,-1.3834761,-0.6126531,0.11347784,0.015415082,0.34948912,0.3690244,1.557617,-1.6704025,0.100146465,0.04835179,0.17071247,-1.0576776,-0.7694926,-0.21032082,-0.062258415,0.27739683,0.08958574,-1.0588982,-0.63620394,1.6984208,0.26442152,0.012894704,0.7922489,0.2688619,0.42588052,1.8689109,0.82358253,-1.5210613,-0.60566986,-0.16136666,-6.669585,-0.0014001053,0.6322388,0.45027968,-6.1857796,-0.3199758,0.7797734,-2.1401901,-0.70402616,-0.9571067,-1.9278711,-0.041870262,0.8450605,0.5902262,-1.78554,-0.80516374,0.59268177,-2.9079573,-0.6848213,-0.54795957,2.1388018,-0.0026284144,0.8081036,-0.026829746,2.1177049,0.07967437,0.45870483,-2.568946,-0.59835523,1.2160715,0.015015351,-0.0033960624,-0.2650284,0.7639846,0.19921964,0.46456328,-0.2053929,-1.815389,-3.7582645,-2.0452363,-1.6716443,-0.118527144,4.4184546,1.2024171,1.9529464,-0.77875865,0.6809066,1,2
17,-1.3586799,0.75368583,-0.5022063,0.50506544,0.14843245,0.7198141,0.29083723,-2.3669684,0.58282113,-0.028431965,-0.12144623,0.10367389,0.8758423,-1.3836313,-0.6209491,0.11263555,0.015813615,0.3502326,0.3722956,1.55781,-1.6738485,0.10118261,0.051886152,0.17508024,-1.0580508,-0.76918113,-0.20899658,-0.08594226,0.27045497,0.08371604,-1.0583922,-0.6467911,1.69783,0.26388928,0.0144524975,0.7924409,0.26648402,0.42262194,1.8707213,0.82447624,-1.5213821,-0.6060059,-0.16267471,-6.669371,-0.018386045,0.6322345,0.45080522,-6.1856456,-0.31965736,0.7795601,-2.1417797,-0.7040088,-0.95909697,-1.9307669,-0.053763714,0.8450806,0.5908112,-1.784992,-0.80310184,0.59108657,-2.9068809,-0.68275934,-0.55386776,2.1396928,0.022578707,0.8082648,-0.026029313,2.1174557,0.07982588,0.45909715,-2.5679119,-0.5928254,1.2164639,0.0146823805,0.02245878,-0.26522255,0.76917183,0.19654784,0.46678996,-0.20381558,-1.815314,-3.7576761,-2.0454264,-1.6735667,-0.12012243,4.4191113,1.2040542,1.9556903,-0.77878344,0.68111515,1,2
18,-1.3585478,0.7504017,-0.50004727,0.50506544,0.13816373,0.70158285,0.29190284,-2.3664794,0.58345306,-0.029943945,-0.12144623,0.104397826,0.87843364,-1.383942,-0.6282204,0.11095099,0.017079564,0.35171962,0.3789484,1.5581958,-1.6807405,0.103291474,0.058954854,0.18381576,-1.058797,-0.76855826,-0.20579094,-0.10432698,0.25657126,0.079128236,-1.0579621,-0.65813345,1.6967176,0.2643505,0.0175288,0.7924968,0.26430163,0.41939935,1.8723475,0.8253406,-1.5220296,-0.6064894,-0.165436,-6.668913,-0.04967193,0.63224363,0.45130742,-6.1855187,-0.31935382,0.7793328,-2.142268,-0.7038107,-0.96287274,-1.9333671,-0.0153592555,0.84511745,0.59134716,-1.7844907,-0.80103827,0.58952355,-2.9047132,-0.67864364,-0.5658862,2.1414747,0.06889604,0.8085621,-0.025340455,2.117226,0.079775594,0.459878,-2.5657415,-0.58980787,1.2172308,0.013823646,0.0721417,-0.2655158,0.7746439,0.19372481,0.46896508,-0.20251726,-1.8152955,-3.757846,-2.045795,-1.6758873,-0.12329373,4.420412,1.207169,1.9578558,-0.7788235,0.6814663,1,2
19,-1.3569188,0.7504017,-0.50004727,0.50506544,0.13816373,0.70158285,0.29253364,-2.3664794,0.5837824,-0.029943945,-0.12144623,0.10533769,0.8791427,-1.383942,-0.6282204,0.11095099,0.022862198,0.35171962,0.3803095,1.5581958,-1.6807405,0.1037425,0.058954854,0.18381576,-1.058797,-0.76855826,-0.19891828,-0.10432698,0.25657126,0.079128236,-1.0617089,-0.65813345,1.6960548,0.2643505,-0.0912067,0.79255277,0.26216614,0.416234,1.8739308,0.82618415,-1.5221021,-0.6064367,-0.16722678,-6.6685596,-0.016545884,0.6322781,0.45181677,-6.18539,-0.31904885,0.7791075,-2.1421342,-0.7017953,-0.9638772,-1.9333671,-0.0011824158,0.8451543,0.59187436,-1.7839938,-0.7989325,0.5879026,-2.9045281,-0.6787447,-0.56837827,2.1414747,0.018369319,0.8088594,-0.02467453,2.1170025,0.07970979,0.46066228,-2.5644906,-0.58980787,1.2170087,0.011445844,0.047146484,-0.26580903,0.78007877,0.19091377,0.47110033,-0.20123881,-1.8153436,-3.7576594,-2.0455313,-1.6758873,-0.12305624,4.4202724,1.2078253,1.9565893,-0.7788552,0.68181753,1,2
20,-1.3564345,0.7504017,-0.5020522,0.49466518,0.13222396,0.69228846,0.29272118,-2.367377,0.58388025,-0.033412613,-0.12144623,0.1056171,0.8793535,-1.3841082,-0.63303393,0.109846815,0.024581362,0.35171962,0.38071418,1.5581958,-1.6807405,0.10387659,0.058954854,0.18381576,-1.0598433,-0.76855826,-0.19687514,-0.10432698,0.22499971,0.079128236,-1.0634468,-0.66299385,1.6967579,0.26307893,-0.07547305,0.7924908,0.2601727,0.41294408,1.8753524,0.82712275,-1.5211686,-0.6074296,-0.168227,-6.668054,0.046582006,0.63231254,0.45220846,-6.185291,-0.31875905,0.7788789,-2.142856,-0.70136446,-0.9642592,-1.9350771,-0.014885259,0.8451911,0.5923463,-1.7835482,-0.7968538,0.58629906,-2.904473,-0.6787748,-0.56911916,2.1414747,0.0003011572,0.8091568,-0.024017865,2.1167824,0.07964489,0.46143556,-2.563985,-0.594811,1.2185327,0.010738929,0.021072118,-0.26610228,0.78552836,0.18812357,0.47267264,-0.2004121,-1.8164762,-3.7562568,-2.0463724,-1.6764166,-0.12264193,4.420072,1.208725,1.9579376,-0.77888685,0.6821687,1,2
21,-1.356232,0.751064,-0.5050413,0.48117393,0.12604801,0.6833515,0.29318154,-2.3687925,0.5846279,-0.037993025,-0.11974375,0.106379144,0.88019675,-1.38429,-0.6400372,0.10182032,0.024018735,0.34948912,0.38149518,1.558154,-1.6797675,0.10519311,0.05943006,0.18146059,-1.0612445,-0.7686315,-0.19292046,-0.089532636,0.1838107,0.08143564,-1.0648537,-0.66762143,1.698037,0.26135895,-0.041677196,0.7923789,0.25824714,0.40956995,1.8766888,0.828137,-1.5197376,-0.60813457,-0.17025068,-6.666627,0.10161157,0.63236934,0.45255524,-6.1852036,-0.3184576,0.7786279,-2.1440053,-0.7025292,-0.9655985,-1.9375459,-0.033492163,0.8451852,0.5926787,-1.7832259,-0.79489267,0.5845751,-2.904493,-0.68011904,-0.57056653,2.1412246,-0.0030925875,0.8093916,-0.023375312,2.1165717,0.07967782,0.46209875,-2.5632555,-0.60597074,1.2205633,0.009342784,0.016636552,-0.2663108,0.79060006,0.18555431,0.4737165,-0.19981104,-1.8186198,-3.7539673,-2.048153,-1.6772541,-0.12178133,4.419299,1.2105405,1.9596846,-0.7788613,0.68243426,1,2
22,-1.3556082,0.7531063,-0.508314,0.47041002,0.12461536,0.6833515,0.29460087,-2.3704956,0.5869331,-0.041832265,-0.11449446,0.10872878,0.88279665,-1.3843576,-0.6473596,0.08034563,0.02228393,0.34261182,0.38390332,1.5580248,-1.6767675,0.10925237,0.060895283,0.17419884,-1.0624627,-0.7688574,-0.1807271,-0.043916922,0.15041246,0.08855011,-1.0673419,-0.66747975,1.6993123,0.25982556,-0.07995895,0.792267,0.2563381,0.40612984,1.8779907,0.82922554,-1.518157,-0.60731786,-0.17510335,-6.663415,0.11332613,0.63247275,0.45291367,-6.1851134,-0.3181183,0.7783327,-2.145292,-0.70562136,-0.9694807,-1.9400891,-0.037742674,0.8450902,0.5927695,-1.7831156,-0.7931521,0.58258444,-2.9045541,-0.6842639,-0.5750293,2.1404524,-0.004523781,0.8094966,-0.022753488,2.1163778,0.079913765,0.46254227,-2.5614018,-0.6255467,1.2221103,0.0050376807,0.05823265,-0.26634288,0.7948732,0.18342674,0.47415555,-0.19928184,-1.8219141,-3.750902,-2.050916,-1.6782676,-0.12014689,4.417386,1.2140495,1.9599571,-0.77871644,0.68252146,1,2
23,-1.3555746,0.7546656,-0.50849086,0.4698282,0.124537915,0.68752205,0.29482678,-2.3705876,0.5870577,-0.042039793,-0.113383114,0.108855784,0.8829372,-1.3843613,-0.6477554,0.079184845,0.02219016,0.34224007,0.3840335,1.5580177,-1.675817,0.10947178,0.060974482,0.17380631,-1.0625286,-0.7688697,-0.18006803,-0.02479681,0.14860713,0.09460197,-1.0675045,-0.6674771,1.6994221,0.26014543,-0.026397074,0.7922081,0.25446,0.4027935,1.8792704,0.8303083,-1.5180848,-0.6070735,-0.17578852,-6.6632414,0.03409241,0.63257617,0.45326585,-6.185026,-0.31778488,0.77802587,-2.1453614,-0.70578855,-0.9696905,-1.9402267,-0.012480437,0.8449952,0.5928567,-1.7830064,-0.7914449,0.58063096,-2.904512,-0.68448794,-0.57526416,2.1402109,-0.0021820478,0.8096015,-0.022132987,2.1161842,0.08014497,0.46297702,-2.5613015,-0.6318861,1.2221938,0.00480499,0.016643813,-0.26616693,0.79859453,0.18160184,0.4743536,-0.19844942,-1.822307,-3.751096,-2.0511055,-1.6785772,-0.11974509,4.417116,1.2142392,1.9599718,-0.77857155,0.68250173,1,2
24,-1.3555746,0.75532794,-0.50953865,0.4698282,0.124537915,0.6894286,0.294895,-2.3705876,0.5870577,-0.042039793,-0.113004796,0.108855784,0.8829372,-1.3843613,-0.65090585,0.07205019,0.02153376,0.33701646,0.38254786,1.5579627,-1.6754566,0.10947178,0.060974482,0.17080882,-1.0625286,-0.7694147,-0.18006803,-0.017183369,0.14477085,0.097192734,-1.06784,-0.6674794,1.6999122,0.25965184,-0.008282147,0.79215217,0.25259146,0.3994793,1.8805399,0.83139485,-1.5180908,-0.606982,-0.17598185,-6.6632414,-0.0019989558,0.6326795,0.45361263,-6.1849394,-0.31745553,0.7777219,-2.14622,-0.70562315,-0.9697864,-1.9413129,-0.018808117,0.8448,0.5928143,-1.7830007,-0.7899471,0.5784041,-2.904935,-0.68477094,-0.5725743,2.1401145,-0.012113153,0.80962706,-0.02150587,2.1159966,0.080519214,0.46323287,-2.5626059,-0.63475263,1.2224275,0.0045813564,-0.03600486,-0.26597905,0.80225945,0.17980818,0.4744715,-0.19766212,-1.8228909,-3.7506552,-2.0516257,-1.6791126,-0.118439235,4.4170365,1.2144048,1.9609486,-0.7783099,0.6824222,1,2
25,-1.3490171,0.75532794,-0.5110355,0.47173733,0.12640813,0.6956845,0.29444742,-2.370527,0.58712,-0.04120968,-0.11168064,0.10850016,0.882803,-1.384278,-0.65621096,0.061857853,0.020596024,0.32825306,0.38004917,1.5578719,-1.6750151,0.110069096,0.06298422,0.1659272,-1.0620164,-0.7703323,-0.18090689,-0.00991597,0.13929044,0.098845705,-1.0833526,-0.6657799,1.6977856,0.2586837,-0.37621772,0.7921756,0.25073963,0.39621606,1.8817971,0.8324677,-1.518118,-0.6065594,-0.17468089,-6.6632013,-0.0028351806,0.6327725,0.45398635,-6.1848454,-0.31710902,0.77741945,-2.147982,-0.704955,-0.96978986,-1.9431161,-0.049714763,0.84450364,0.59266526,-1.7830762,-0.78865707,0.5759031,-2.905648,-0.68467915,-0.56805027,2.1399944,-0.026255628,0.8095762,-0.020876989,2.1158164,0.081064306,0.463351,-2.5650225,-0.63742083,1.2220695,0.004494664,-0.085540205,-0.26573053,0.8056774,0.17814809,0.4744639,-0.1968332,-1.8201691,-3.7497694,-2.0495312,-1.6799064,-0.11743761,4.4169207,1.2142626,1.9627211,-0.7779333,0.6822601,1,2
26,-1.3143574,0.75532794,-0.5110355,0.48182848,0.13629353,0.72875106,0.29208186,-2.3702078,0.5874494,-0.03682197,-0.10468159,0.10662045,0.88209397,-1.3838388,-0.66046274,0.061857853,0.020596024,0.32137576,0.37805983,1.5578074,-1.6726818,0.113226295,0.07360709,0.16275842,-1.0593092,-0.77106667,-0.18534085,0.028497316,0.13929044,0.107582785,-1.1629102,-0.65679723,1.6829857,0.2586837,-2.2657661,0.7925391,0.24893454,0.39311796,1.8830318,0.83346844,-1.5182611,-0.60432565,-0.16780438,-6.6629896,-0.010420547,0.6328207,0.45449123,-6.184716,-0.31667632,0.77711207,-2.1508114,-0.70267266,-0.9690839,-1.9444422,-0.07730254,0.8441003,0.5924817,-1.7831618,-0.78758013,0.5731267,-2.9060636,-0.68205744,-0.56442636,2.139397,-0.017668454,0.80945724,-0.02026266,2.1156476,0.081873626,0.46346137,-2.5679448,-0.6481092,1.2184125,0.00572648,-0.10114049,-0.26522192,0.80811447,0.17701504,0.47413582,-0.19562218,-1.8021159,-3.7496576,-2.03467,-1.6809411,-0.120921984,4.41634,1.2122606,1.9647151,-0.7774467,0.6819183,1,2
27,-1.3078002,0.7569838,-0.5108314,0.48591948,0.13816373,0.73679423,0.2916343,-2.3700612,0.58751166,-0.03599187,-0.10335744,0.10626484,0.8819598,-1.3837557,-0.66126704,0.06291955,0.022237057,0.32007465,0.3776835,1.557795,-1.6722404,0.11382361,0.07561681,0.16215894,-1.0567117,-0.7712056,-0.18617971,0.035764646,0.15734357,0.109235734,-1.177929,-0.655394,1.6801385,0.25927788,-1.0793723,0.79292536,0.24716188,0.39012778,1.8842483,0.8344336,-1.5183802,-0.6039031,-0.16645837,-6.6629868,-0.010570976,0.632869,0.45498532,-6.184589,-0.31624997,0.7768107,-2.1513467,-0.701608,-0.9689504,-1.9446931,-0.03446601,0.84369695,0.5923141,-1.7832303,-0.7864949,0.5703716,-2.9061422,-0.6815614,-0.5637408,2.1392841,-0.008152421,0.8093384,-0.019658478,2.1154814,0.08266984,0.46357003,-2.568762,-0.6473686,1.214547,0.0059593865,-0.051468004,-0.26471335,0.81045663,0.17590913,0.47410136,-0.19417097,-1.7986333,-3.750187,-2.031812,-1.681513,-0.12161427,4.416245,1.2105994,1.9650923,-0.7769601,0.6815766,1,2
28,-1.3078002,0.758143,-0.51068854,0.4874468,0.13816373,0.7380454,0.29088414,-2.3700006,0.5872268,-0.03599187,-0.10335744,0.1056552,0.8817213,-1.3837557,-0.66223747,0.064568736,0.02338576,0.32007465,0.3776835,1.557795,-1.6735377,0.11382361,0.07561681,0.16215894,-1.0552521,-0.7712056,-0.18617971,0.035764646,0.16998075,0.109235734,-1.1779062,-0.65560144,1.6801053,0.25969377,0.0009227075,0.79331684,0.2454106,0.3871886,1.8854492,0.8353815,-1.5183626,-0.6039434,-0.16430743,-6.663317,-0.002740522,0.6328994,0.45545337,-6.184468,-0.3158175,0.77653384,-2.151653,-0.70110744,-0.96864057,-1.9450285,-0.007242626,0.8432936,0.5921566,-1.7832886,-0.78541523,0.56764823,-2.9062176,-0.6815614,-0.563751,2.1396132,-0.004395282,0.8092194,-0.01907943,2.1153226,0.08345657,0.46367806,-2.568947,-0.6454347,1.2123253,0.0059593865,-0.011106531,-0.26420474,0.8127551,0.17481886,0.47413498,-0.19267698,-1.7977214,-3.750733,-2.031659,-1.6820381,-0.12319908,4.416649,1.2094715,1.9654309,-0.7764794,0.68123484,1,2
29,-1.3083191,0.75794977,-0.51059324,0.48733768,0.13820246,0.73822415,0.28924313,-2.369972,0.58658594,-0.035873283,-0.103546605,0.104308926,0.88119966,-1.3837392,-0.66443026,0.06660721,0.023463914,0.320512,0.37771174,1.5578003,-1.6764838,0.11389674,0.07559701,0.16232309,-1.0550692,-0.77118117,-0.18635951,0.035288814,0.16976583,0.108999595,-1.1766837,-0.6555436,1.680286,0.25970155,0.029257393,0.79371065,0.24367471,0.38428748,1.886638,0.8363191,-1.5182134,-0.6040486,-0.15965624,-6.664014,0.010301717,0.6329059,0.45589265,-6.1843514,-0.3153775,0.77628917,-2.1523998,-0.70108783,-0.96797127,-1.9457818,-0.022080773,0.8428986,0.592009,-1.7833385,-0.78432965,0.56498617,-2.9063623,-0.68161386,-0.56382304,2.1403606,-0.0075600166,0.80910486,-0.018534783,2.1151733,0.08422655,0.46379426,-2.5689445,-0.6453848,1.2120425,0.0060316306,-0.0033333343,-0.26370484,0.8150344,0.17373516,0.47417152,-0.1912166,-1.7960092,-3.7511075,-2.0315776,-1.6826307,-0.12664755,4.4175463,1.2088598,1.9662292,-0.77601624,0.68090045,1,2
30,-1.3179199,0.7543758,-0.5088311,0.48531947,0.13891879,0.7415308,0.28924313,-2.3694398,0.5862567,-0.03367943,-0.107046135,0.104073964,0.88119966,-1.3834351,-0.6657294,0.067654744,0.024909573,0.32860297,0.37823525,1.5578973,-1.6784837,0.115249835,0.0752307,0.16535982,-1.0516852,-0.7707293,-0.18968497,0.026485756,0.16578984,0.10463106,-1.1540678,-0.6544743,1.6836299,0.2598453,0.5702687,0.7941441,0.24188912,0.38145494,1.8878747,0.83727956,-1.5187645,-0.60436517,-0.15937984,-6.664599,-0.028914658,0.6329059,0.4563796,-6.1842237,-0.3149802,0.7760813,-2.1538181,-0.70305246,-0.9681292,-1.9461337,-0.03695251,0.8426505,0.5918923,-1.7833884,-0.78297305,0.5627891,-2.9059834,-0.6825839,-0.5647401,2.1408763,0.0053953864,0.80906636,-0.018065989,2.11504,0.084850416,0.46405777,-2.568898,-0.644462,1.2068084,0.007367177,-0.0021728673,-0.26335663,0.81747276,0.17255546,0.47426996,-0.1900411,-1.7993411,-3.7515445,-2.0349345,-1.6829962,-0.12724745,4.418207,1.2068622,1.9672955,-0.77572656,0.6806954,1,2
31,-1.3210337,0.7532167,-0.50825953,0.48466492,0.13915111,0.7426032,0.2906284,-2.3692672,0.5861499,-0.032967906,-0.10818112,0.10399776,0.88183844,-1.3833364,-0.6661508,0.074541666,0.025769155,0.33122706,0.37861732,1.5579287,-1.6791323,0.11568867,0.0751119,0.16634472,-1.0505877,-0.7703537,-0.19076346,0.023630725,0.16450034,0.103214234,-1.1467328,-0.6541275,1.6847144,0.2598919,0.3801833,0.79457754,0.24012546,0.37866116,1.8890934,0.83822626,-1.5190704,-0.60446787,-0.1632204,-6.6647887,-0.02864226,0.6329059,0.45686918,-6.184101,-0.31465518,0.7757988,-2.1541555,-0.70299786,-0.9690888,-1.9462478,-0.019139286,0.8424022,0.59186083,-1.7833542,-0.7816456,0.560613,-2.905832,-0.6828985,-0.56542635,2.1410437,0.0042752107,0.8090279,-0.01760425,2.1149085,0.085463025,0.46432075,-2.5683343,-0.6441627,1.2050155,0.00789402,0.011134105,-0.2630084,0.8198726,0.17139274,0.47436607,-0.18888131,-1.8020259,-3.7516863,-2.0363758,-1.6831144,-0.12472259,4.4184213,1.2068506,1.9676911,-0.7754369,0.68049026,1,2
32,-1.323177,0.7532167,-0.50825953,0.4836649,0.13915111,0.7419478,0.29206905,-2.3692672,0.5861499,-0.033294026,-0.10844121,0.10399776,0.8825028,-1.3833364,-0.66646683,0.08135072,0.026175497,0.33122706,0.37883803,1.5579287,-1.6791323,0.11568867,0.07369617,0.16634472,-1.050628,-0.7701155,-0.19082941,0.02291696,0.15953569,0.102249436,-1.1418195,-0.6539911,1.6856444,0.2598919,0.1175485,0.7950027,0.23836331,0.37589276,1.8903108,0.8391695,-1.5192025,-0.6046101,-0.16730781,-6.6647887,-0.012169741,0.6329059,0.4573444,-6.1839843,-0.31436932,0.77548563,-2.1541128,-0.70227844,-0.9700431,-1.9463571,0.0015058193,0.842154,0.5918677,-1.7832817,-0.7803401,0.5584593,-2.9058022,-0.6833027,-0.56583065,2.1410437,-0.0015548228,0.8089894,-0.01715045,2.114779,0.08604337,0.46455777,-2.5677712,-0.6448256,1.2049795,0.008014139,0.018369738,-0.2626956,0.8222725,0.17022888,0.474413,-0.18785925,-1.8046523,-3.7516863,-2.0376625,-1.6831999,-0.121894404,4.4184213,1.2075449,1.9678652,-0.77514714,0.68030345,1,2
33,-1.3303862,0.7532167,-0.50825953,0.48030117,0.13915111,0.7397434,0.29206905,-2.3692672,0.5861499,-0.03439095,-0.1093161,0.10399776,0.8825028,-1.3833364,-0.66752976,0.08135072,0.026175497,0.33122706,0.37883803,1.5579287,-1.6791323,0.11568867,0.0689342,0.16634472,-1.0507634,-0.7701155,-0.19105114,0.020516135,0.14283657,0.09900425,-1.125293,-0.6535323,1.6887724,0.2598919,0.5128898,0.7954082,0.23658052,0.37314028,1.8915452,0.8401204,-1.5192025,-0.6050885,-0.16730781,-6.6647887,-0.0022078184,0.6329059,0.45778373,-6.183876,-0.31409413,0.77518433,-2.1543968,-0.70227844,-0.97007495,-1.9467251,-0.008237892,0.84190583,0.5918684,-1.7832142,-0.7790533,0.55633503,-2.9058022,-0.68466216,-0.56583065,2.1410437,-0.002547896,0.80895096,-0.016707677,2.1146526,0.08656028,0.46473423,-2.5677948,-0.6470552,1.2051928,0.008090696,-0.0025255946,-0.2624665,0.8247134,0.16904353,0.47434628,-0.1871448,-1.8078746,-3.7516863,-2.0407581,-1.683487,-0.121894404,4.4184213,1.2076547,1.9682773,-0.7748574,0.6801597,1,2
34,-1.3355889,0.75509334,-0.50980175,0.46890086,0.13967772,0.73855186,0.2943878,-2.3694627,0.58675504,-0.035487875,-0.10938704,0.105509154,0.8837336,-1.3832743,-0.6676159,0.08905162,0.025644127,0.33132,0.37960774,1.5577505,-1.6791323,0.11693204,0.06619185,0.16646604,-1.0531377,-0.7700636,-0.1992179,0.020321475,0.12942566,0.09874112,-1.1138746,-0.6513552,1.6917505,0.25941733,0.42274794,0.7958008,0.2347452,0.37029707,1.8928052,0.8411496,-1.5192289,-0.60527694,-0.17397785,-6.664057,-0.0027876082,0.63295025,0.45822483,-6.183773,-0.3138771,0.774811,-2.1544008,-0.70165735,-0.9718524,-1.9467351,-0.0031597565,0.84165937,0.59196657,-1.78305,-0.7778236,0.5542529,-2.906474,-0.68571204,-0.56734693,2.141028,-0.018365555,0.8089157,-0.01630371,2.114537,0.08701363,0.4648861,-2.5688663,-0.64868003,1.2090462,0.010938841,-0.030400328,-0.2622374,0.827046,0.16792111,0.47409838,-0.1866315,-1.8136648,-3.7508762,-2.044383,-1.6831944,-0.117649846,4.4181185,1.2105323,1.9698043,-0.77455527,0.68001807,1,2
35,-1.337898,0.7560317,-0.51057285,0.46333712,0.14071542,0.7380454,0.29554713,-2.3695605,0.5870577,-0.03599187,-0.10702248,0.10651886,0.8843489,-1.3832433,-0.66678596,0.09290204,0.02537843,0.33136645,0.38010576,1.5576614,-1.6781414,0.12023554,0.065013744,0.1665267,-1.0543193,-0.77003765,-0.2032924,0.029622028,0.123397246,0.09988808,-1.1088353,-0.64946216,1.6931127,0.25918004,0.2198313,0.79619235,0.23290426,0.36747074,1.8940706,0.84216636,-1.5192419,-0.60475034,-0.17731284,-6.66369,-0.0026651737,0.6330059,0.45865694,-6.1836715,-0.31363514,0.77441883,-2.1541693,-0.7013468,-0.9727148,-1.9464377,0.0041857734,0.84141314,0.59207714,-1.7828734,-0.7766126,0.55219746,-2.9067378,-0.6867897,-0.5683046,2.1407685,-0.015285803,0.80888075,-0.015950903,2.1144366,0.087456554,0.4650372,-2.5694008,-0.65226346,1.2109644,0.012359786,-0.027767109,-0.2619662,0.8290744,0.16695671,0.47378758,-0.1860864,-1.8164296,-3.7504709,-2.04606,-1.6828122,-0.115613945,4.417758,1.211948,1.9702612,-0.77424955,0.679855,1,2
36,-1.3384769,0.7560317,-0.51085865,0.46104613,0.14191577,0.7380454,0.29541925,-2.369595,0.5870577,-0.036169752,-0.10335744,0.106912576,0.8843489,-1.3832433,-0.6654996,0.09290204,0.025331533,0.33136645,0.38028124,1.5575882,-1.6766053,0.1243923,0.064716734,0.16618413,-1.0543193,-0.7701384,-0.2032924,0.044037774,0.12178534,0.10166585,-1.1075939,-0.64785427,1.6934851,0.25899422,0.029711604,0.79658383,0.23105638,0.3646435,1.8953387,0.8431862,-1.5191939,-0.6038557,-0.17696734,-6.6636753,0.0011435869,0.63306797,0.459072,-6.183573,-0.3133627,0.77402425,-2.1538255,-0.70136327,-0.97267586,-1.9459922,0.009629319,0.84116685,0.59219,-1.7826939,-0.7754179,0.5501688,-2.9069457,-0.68774796,-0.568658,2.1403725,-0.0063123917,0.80883664,-0.015638227,2.1143494,0.08790312,0.4651668,-2.569642,-0.6568717,1.2110069,0.012319027,-0.009434907,-0.2616592,0.8308526,0.1661227,0.47341052,-0.18552281,-1.8166721,-3.7502968,-2.0464122,-1.6823469,-0.116020665,4.4174223,1.2119362,1.9697899,-0.7739417,0.6796674,1,2
37,-1.3420469,0.7560317,-0.51262087,0.4469185,0.14191577,0.7380454,0.2946307,-2.369808,0.5870577,-0.037266675,-0.10335744,0.106912576,0.8843489,-1.3832433,-0.6654996,0.09290204,0.02504241,0.33136645,0.38028124,1.557136,-1.6766053,0.1243923,0.06288521,0.16407162,-1.0543193,-0.77075976,-0.2032924,0.044037774,0.1118454,0.10166585,-1.0999382,-0.64580697,1.6957818,0.25784823,0.21284752,0.7969754,0.22917847,0.3617013,1.8966066,0.84430665,-1.5188977,-0.60408866,-0.17483687,-6.663582,0.01682952,0.63313,0.4594439,-6.183483,-0.31306517,0.7736723,-2.1538255,-0.70146483,-0.97267586,-1.9459922,0.0010319278,0.84092057,0.5922995,-1.782517,-0.7742478,0.5481777,-2.9089177,-0.68784726,-0.56892914,2.140332,-0.055622045,0.8087457,-0.0153242275,2.1142652,0.08838995,0.46517912,-2.5711317,-0.65793866,1.2112691,0.012067143,-0.046674043,-0.26135224,0.83263475,0.16529503,0.4728966,-0.1850812,-1.8181686,-3.7492244,-2.048676,-1.6816217,-0.11770327,4.4173517,1.2120422,1.9696559,-0.7736339,0.6794482,1,2
38,-1.3449105,0.75883293,-0.5153038,0.4359546,0.14685653,0.74754834,0.29371858,-2.369854,0.5870577,-0.03750385,-0.097185954,0.107649215,0.88261986,-1.3834287,-0.66559225,0.090849414,0.024979895,0.32898837,0.37946054,1.5567596,-1.6752989,0.12085721,0.056747105,0.16237304,-1.0538949,-0.77124834,-0.20172852,0.04278329,0.10720316,0.103426754,-1.0942359,-0.6389401,1.698269,0.2568768,0.20571579,0.79748744,0.22714542,0.3587117,1.8979996,0.8455002,-1.5187675,-0.60247636,-0.17227207,-6.6635623,0.011428005,0.63321364,0.45979246,-6.1833935,-0.31264895,0.7733264,-2.1535304,-0.70109844,-0.9701472,-1.9460838,0.005351002,0.84062874,0.592372,-1.7823676,-0.77315307,0.54610306,-2.9105945,-0.6879319,-0.5676389,2.1399665,-0.05937248,0.8086219,-0.014924231,2.114158,0.08883398,0.4650165,-2.5720708,-0.65757525,1.2107784,0.011326587,-0.040962562,-0.2609806,0.8344643,0.1644549,0.47227576,-0.18456864,-1.8196838,-3.7483466,-2.0501463,-1.6810783,-0.119029425,4.41704,1.2099655,1.969354,-0.77326584,0.6791736,1,2
39,-1.3464974,0.760958,-0.51705015,0.42995444,0.15095319,0.7547574,0.29315594,-2.3698108,0.5870577,-0.037059147,-0.092504166,0.108208045,0.88130826,-1.3835694,-0.6656624,0.08929226,0.032130107,0.3271843,0.37883803,1.5565482,-1.674308,0.118175425,0.052391052,0.16143098,-1.0535729,-0.77151704,-0.20054214,0.041831605,0.105311885,0.10476262,-1.0911659,-0.6336969,1.6997789,0.25632784,0.12019196,0.79803276,0.22507578,0.35573083,1.8994228,0.8467001,-1.5187633,-0.60113186,-0.17065357,-6.663581,0.0005135404,0.6333033,0.46014822,-6.183302,-0.3122028,0.77298504,-2.1533067,-0.69829315,-0.9682289,-1.9461535,0.006842205,0.8403243,0.5924369,-1.7822208,-0.7719678,0.5439171,-2.9115431,-0.68797976,-0.5666156,2.139696,-0.03898212,0.8084889,-0.014503507,2.1140451,0.08926274,0.46480742,-2.572539,-0.65712464,1.2103629,0.010806213,-0.022543447,-0.26059115,0.8362913,0.16361819,0.47163072,-0.18404111,-1.8205786,-3.7478662,-2.0508902,-1.6807852,-0.11977581,4.4168224,1.2083727,1.9691468,-0.77288103,0.6788837,1,2
40,-1.3465292,0.7609442,-0.51705927,0.42995444,0.15178955,0.7547574,0.29314315,-2.3697073,0.5870577,-0.03599187,-0.092598744,0.10819535,0.88130826,-1.3835757,-0.6656624,0.08914361,0.049290463,0.32712144,0.37883803,1.5565413,-1.674308,0.11785847,0.05063866,0.16143098,-1.0536424,-0.77152616,-0.20070985,0.041788347,0.105311885,0.10476262,-1.0910951,-0.63280976,1.6997957,0.256318,0.0017080578,0.798578,0.22301647,0.3527835,1.9008387,0.8478795,-1.5188723,-0.60095793,-0.1705639,-6.663626,-0.009448686,0.63339245,0.46052375,-6.1832047,-0.31176186,0.7726493,-2.1532843,-0.69226414,-0.96822643,-1.9461555,-0.00035564453,0.84001863,0.5925036,-1.7820683,-0.77062213,0.5415996,-2.9115734,-0.68770796,-0.56661975,2.1396952,-0.0033416257,0.80835605,-0.014084106,2.1139324,0.0896571,0.464571,-2.5725827,-0.6571103,1.2104783,0.010860774,-0.004489333,-0.2602017,0.83809334,0.16279188,0.4709946,-0.18352133,-1.8205593,-3.7478814,-2.0509057,-1.6807805,-0.119843505,4.41684,1.2084174,1.9691778,-0.772495,0.6785937,1,2
41,-1.3477076,0.7604336,-0.5173949,0.42995444,0.15178955,0.7547574,0.29267004,-2.3697073,0.5870577,-0.03599187,-0.09609829,0.10772542,0.88130826,-1.3838123,-0.6656624,0.08364398,0.049290463,0.32479528,0.37883803,1.5562829,-1.674308,0.10613171,-0.014197541,0.16143098,-1.0562142,-0.7718652,-0.20691746,0.040187787,0.105311885,0.10476262,-1.0884743,-0.63280976,1.7004147,0.2559531,0.06440206,0.7991234,0.22098042,0.349885,1.9022344,0.8490462,-1.5188298,-0.6019081,-0.16922165,-6.663626,-0.0011962007,0.6334683,0.46089566,-6.1831074,-0.3113576,0.7723664,-2.1524515,-0.6921251,-0.9681337,-1.9462316,0.017082654,0.83966964,0.5924894,-1.781984,-0.7693754,0.5391946,-2.9127002,-0.6776514,-0.5667742,2.139672,-0.029729534,0.80822307,-0.013517849,2.113773,0.08899799,0.4632586,-2.5742009,-0.65658116,1.2147424,0.012876278,-0.04493897,-0.25981224,0.8398344,0.16199093,0.47040147,-0.18303813,-1.8206491,-3.7475557,-2.0514798,-1.6806089,-0.12089652,4.4168205,1.2100717,1.9703283,-0.7720627,0.6783038,1,2
42,-1.3490659,0.7592607,-0.5175128,0.4360637,0.153834,0.7583322,0.2925038,-2.3694313,0.5870577,-0.035280347,-0.10300278,0.10725549,0.8818193,-1.384005,-0.6530987,0.07831424,0.05791759,0.32017303,0.379653,1.5552702,-1.6904163,0.09177192,-0.37603933,0.17444867,-1.0583471,-0.7719842,-0.22060278,0.038846787,0.22059439,0.106058,-1.085359,-0.63145685,1.7009873,0.25554544,0.09826024,0.799714,0.21891622,0.34709144,1.9036696,0.8501603,-1.5191089,-0.60349256,-0.16860668,-6.6637473,-0.015323454,0.63353515,0.46129364,-6.183005,-0.31102124,0.7721403,-2.1482544,-0.6880388,-0.9684029,-1.9419593,0.09368345,0.83924764,0.59250236,-1.781853,-0.7681385,0.53648025,-2.9178827,-0.5430031,-0.56900316,2.1436875,-0.13398692,0.8084351,-0.013495358,2.1137311,0.08221274,0.45687905,-2.5766857,-0.6309981,1.2184864,0.017583145,-0.080813505,-0.2593752,0.8410712,0.16131064,0.47178248,-0.18097387,-1.8209879,-3.7472553,-2.0521488,-1.6770175,-0.12231276,4.420208,1.2117844,1.9685252,-0.77154815,0.6782218,1,2
43,-1.3501283,0.758143,-0.5173541,0.4429366,0.15613401,0.7623538,0.2926743,-2.3691204,0.5870577,-0.034035187,-0.10938704,0.106912576,0.8827349,-1.3841283,-0.63896465,0.07449212,0.06981107,0.3158925,0.38139045,1.5542328,-1.7085379,0.08025244,-0.7574809,0.18909347,-1.0597299,-0.7718316,-0.23354518,0.037970815,0.3753244,0.10781891,-1.0828413,-0.62993485,1.701315,0.25533575,0.09086077,0.80032927,0.21684885,0.3443731,1.9051166,0.8512373,-1.519455,-0.6047876,-0.16892956,-6.663883,-0.028804593,0.6335972,0.46172127,-6.182895,-0.31073105,0.77193594,-2.1437964,-0.68273157,-0.969225,-1.9371227,0.14025964,0.8387861,0.5925304,-1.7816951,-0.7668819,0.5335777,-2.923154,-0.39549983,-0.5729606,2.1482143,-0.1914748,0.80883384,-0.01378466,2.1137474,0.07215384,0.44781458,-2.578475,-0.5947118,1.2209471,0.022142505,-0.07606399,-0.2589013,0.8419456,0.16071095,0.4746419,-0.17771837,-1.8214574,-3.7471402,-2.0527906,-1.6731113,-0.12378785,4.424027,1.2133896,1.9660748,-0.7709892,0.67824674,1,2
44,-1.3501283,0.758143,-0.5167666,0.4429366,0.15613401,0.7623538,0.29330513,-2.3691204,0.5870577,-0.032389797,-0.10938704,0.106912576,0.8839955,-1.3841283,-0.63896465,0.07449212,0.07790677,0.3158925,0.38442683,1.5542328,-1.7085379,0.08025244,-0.7574809,0.18909347,-1.0597299,-0.77126664,-0.23354518,0.037970815,0.46796474,0.10894225,-1.0826612,-0.62993485,1.7010491,0.25572324,0.014238055,0.8009445,0.2148141,0.34170452,1.9065381,0.8522907,-1.5195117,-0.6043734,-0.170721,-6.663883,-0.0078115887,0.63365924,0.4621929,-6.182777,-0.31046632,0.77170753,-2.143554,-0.6799003,-0.971011,-1.9371227,0.01924691,0.8383246,0.5925586,-1.7815329,-0.7655572,0.5306186,-2.9227338,-0.39549983,-0.5785511,2.1482143,-0.008804521,0.80923253,-0.01412027,2.11375,0.062215384,0.43891138,-2.5771189,-0.56616753,1.2207038,0.022367863,0.03167865,-0.25839728,0.84257615,0.16015199,0.4786056,-0.1735587,-1.8219146,-3.7474859,-2.0532212,-1.6733568,-0.124890484,4.424027,1.214618,1.966195,-0.77043015,0.6782562,1,2
45,-1.3505919,0.758143,-0.5167031,0.4429366,0.14795618,0.75547236,0.29337332,-2.3691204,0.5870577,-0.032211915,-0.11562946,0.10628388,0.8841317,-1.3842489,-0.63896465,0.06982061,0.07878197,0.3112019,0.3847551,1.5542328,-1.7202812,0.06134577,-1.0835332,0.18909347,-1.0614201,-0.7712056,-0.24540909,0.03725705,0.4779799,0.10906369,-1.0815734,-0.6387027,1.7012084,0.2557651,0.02766415,0.8014724,0.21301912,0.3391137,1.9077446,0.85336834,-1.5195179,-0.60578066,-0.17091466,-6.663883,-0.002861973,0.6337029,0.46266815,-6.1826587,-0.3102902,0.77152866,-2.1431048,-0.6780552,-0.9711566,-1.9371629,0.010502858,0.83777314,0.5925068,-1.7814268,-0.7644157,0.52744216,-2.9232583,-0.26671547,-0.57923615,2.1512113,-0.011187732,0.8096313,-0.014839998,2.113765,0.047095936,0.42460802,-2.5788615,-0.56297714,1.2236366,0.026523517,-0.03413834,-0.2578933,0.84305537,0.15965848,0.4825154,-0.16949348,-1.8221579,-3.7475235,-2.053435,-1.6734145,-0.12504458,4.42652,1.2159113,1.9684488,-0.7697722,0.6782656,1,2
46,-1.3513432,0.758143,-0.5158413,0.4332636,0.13996424,0.7319087,0.29539794,-2.3700495,0.5887488,-0.030240405,-0.11993293,0.105578996,0.88688284,-1.3844708,-0.6305952,0.050193217,0.08279076,0.301736,0.3864218,1.5546311,-1.7286552,0.042231914,-1.3038902,0.1642107,-1.0636626,-0.77082855,-0.25381562,0.033169143,0.5955835,0.11919065,-1.0795784,-0.6457351,1.7011231,0.2563311,0.05858027,0.8017385,0.21136259,0.3363835,1.9088094,0.85441804,-1.518781,-0.60617346,-0.17708845,-6.661678,0.037619192,0.6337336,0.4633599,-6.1824956,-0.31024936,0.7712282,-2.139436,-0.67277706,-0.9746908,-1.934365,0.079775125,0.8370784,0.59225243,-1.7814791,-0.76349944,0.5237824,-2.9216878,-0.17882968,-0.5821116,2.1533766,0.028486514,0.8093709,-0.015540322,2.1137564,0.03184023,0.4078194,-2.579156,-0.5220589,1.2271638,0.029599825,-0.030784352,-0.25701752,0.84321064,0.1592143,0.48804182,-0.16332288,-1.82459,-3.7468638,-2.0547223,-1.67159,-0.12175273,4.4274483,1.219962,1.9672652,-0.7689511,0.67763954,1,2
47,-1.3521826,0.75828093,-0.5142084,0.4169723,0.13401674,0.69854426,0.2993193,-2.3716147,0.5929765,-0.026919983,-0.12144623,0.10496936,0.8915162,-1.3847339,-0.6164994,0.021428209,0.08993311,0.2901025,0.38932797,1.5553322,-1.7319705,0.02740894,-1.375488,0.122303106,-1.065887,-0.7701705,-0.25707513,0.026939977,0.79365164,0.13636453,-1.0771463,-0.6495245,1.7007288,0.25744125,0.083085276,0.80176646,0.2098158,0.33352533,1.9097608,0.85543203,-1.5176421,-0.60550106,-0.18891071,-6.656492,0.087656274,0.63375425,0.4643391,-6.182273,-0.31034857,0.7707783,-2.1336462,-0.66517514,-0.9806867,-1.9296165,0.17350848,0.8362582,0.59181607,-1.781674,-0.7627712,0.51969486,-2.918372,-0.1491201,-0.58704317,2.1542723,0.10749455,0.8084859,-0.016201397,2.113717,0.017090805,0.3893467,-2.5778599,-0.45321512,1.2303756,0.030994892,0.042557776,-0.25578526,0.84306693,0.15880953,0.49508122,-0.15516105,-1.829009,-3.7451172,-2.0566597,-1.6685877,-0.115200415,4.4261413,1.225714,1.963218,-0.76798695,0.67640936,1,2
48,-1.3521826,0.75930214,-0.5128658,0.4169723,0.13401674,0.69854426,0.3031042,-2.3716147,0.6031853,-0.026919983,-0.12144623,0.10496936,0.8915162,-1.3847339,-0.6164994,0.021428209,0.09282443,0.2901025,0.3900609,1.5555582,-1.7319705,0.02740894,-1.375488,0.122303106,-1.065887,-0.770001,-0.25707513,0.026939977,0.79365164,0.13723823,-1.0767533,-0.6495245,1.7001511,0.2586031,0.02669478,0.8017944,0.20830747,0.33075076,1.9106883,0.85640323,-1.5183982,-0.60550106,-0.199451,-6.645612,-0.028369598,0.63377494,0.46585822,-6.181927,-0.31058896,0.7701452,-2.1336462,-0.6642411,-0.9806867,-1.9296165,0.033282224,0.8354379,0.59138566,-1.7818607,-0.76201427,0.51564133,-2.9172812,-0.1491201,-0.58824795,2.1542883,0.04724162,0.8076009,-0.017016824,2.1136355,0.002600142,0.3711952,-2.5774531,-0.45302796,1.2303014,0.031061312,0.016881602,-0.25452524,0.84287316,0.15840226,0.50196254,-0.14709015,-1.8327163,-3.7404087,-2.0560906,-1.6693231,-0.10797751,4.4218493,1.2256838,1.9632534,-0.7670228,0.6751648,1,2
49,-1.3521826,0.7595505,-0.5125392,0.4022083,0.13401674,0.6918714,0.30402488,-2.372823,0.6056685,-0.026919983,-0.12144623,0.10425812,0.8915162,-1.3856034,-0.6164994,0.0026006668,0.09352773,0.2901025,0.39023918,1.5556132,-1.7319705,0.017852003,-1.375488,0.088431515,-1.066604,-0.7699598,-0.25707513,0.026939977,0.79365164,0.13745075,-1.0766575,-0.6471384,1.7000107,0.2588857,0.0058603263,0.8017377,0.20680122,0.32780895,1.9115851,0.85743004,-1.5172923,-0.6055137,-0.2025743,-6.642481,0.042018022,0.63377476,0.46738726,-6.1815815,-0.31086305,0.7694849,-2.1306021,-0.66326785,-0.980337,-1.9299115,0.0629371,0.8346177,0.5907105,-1.7822843,-0.7612372,0.51163906,-2.9170158,-0.14330555,-0.588541,2.154292,0.013252339,0.8058186,-0.017697746,2.113514,-0.010239477,0.3515721,-2.5772603,-0.45298243,1.231377,0.031077487,0.005266964,-0.25326523,0.84263456,0.15798979,0.5087429,-0.139144,-1.8338462,-3.7390077,-2.0558162,-1.6697322,-0.10580954,4.4206133,1.2258589,1.9635596,-0.76606554,0.6733156,1,2
50,-1.3390679,0.7647666,-0.51066583,0.3676801,0.13759454,0.6838877,0.30623275,-2.374943,0.611525,-0.025052236,-0.12144623,0.102162495,0.89303654,-1.3863177,-0.6147119,-0.014549367,0.09932603,0.36663893,0.39091265,1.5565667,-1.7259164,0.0035165946,-1.3229576,0.039326258,-1.0678587,-0.7695964,-0.25514567,0.029968055,0.82012963,0.14184293,-1.1062461,-0.6379082,1.6936405,0.26154113,-0.7077952,0.8016221,0.20531484,0.32459086,1.9124254,0.8584883,-1.5154305,-0.60466,-0.2096727,-6.6354427,0.13133773,0.6337235,0.46938074,-6.181133,-0.3113096,0.768628,-2.1272862,-0.6247354,-0.9821304,-1.9295437,0.10050786,0.83526486,0.59023553,-1.7828538,-0.7576686,0.5119351,-2.9124737,-0.15110308,-0.58913416,2.1528237,0.1037482,0.8031841,-0.01803159,2.1133296,-0.020700784,0.3314259,-2.575884,-0.44334197,1.2330679,0.030548487,0.03217979,-0.251844,0.8422002,0.1576321,0.5157319,-0.13069129,-1.8301811,-3.7376623,-2.0502334,-1.671126,-0.100850835,4.416607,1.2278745,1.9629067,-0.7668377,0.6708092,1,2
51,-1.3044082,0.77855194,-0.5057149,0.30847865,0.14705013,0.67727447,0.3120679,-2.3779235,0.62700284,-0.02011607,-0.12144623,0.09816813,0.89705455,-1.3863177,-0.6099878,-0.019001434,0.114650026,0.56891286,0.3926926,1.5590863,-1.7099164,-0.013622481,-1.184128,-0.016919326,-1.0696185,-0.7686361,-0.2500467,0.037970815,0.8901069,0.15345074,-1.1844445,-0.61869425,1.676805,0.26855892,-2.578425,0.8014543,0.20385979,0.32100707,1.9131882,0.8595692,-1.5133107,-0.602376,-0.22721815,-6.617895,0.15332246,0.63359946,0.4721333,-6.1805167,-0.31202182,0.7674627,-2.1251316,-0.52451974,-0.987629,-1.9279308,0.06137578,0.8383229,0.59021914,-1.7835386,-0.7495248,0.51926583,-2.9004693,-0.1843335,-0.59070164,2.1489434,0.38488525,0.7996233,-0.017866652,2.1130645,-0.028126756,0.3111976,-2.572449,-0.41786376,1.2351624,0.029150186,0.11496199,-0.25015786,0.8414657,0.15736768,0.5231168,-0.1213405,-1.8199996,-3.7346625,-2.0357733,-1.6743096,-0.08863802,4.4064355,1.2328054,1.960535,-0.7704477,0.66754234,1,2
52,-1.3044082,0.78110474,-0.5057149,0.30847865,0.16524503,0.67727447,0.3120679,-2.3779235,0.62700284,-0.00585599,-0.12144623,0.09816813,0.8973696,-1.3863177,-0.6099878,-0.019001434,0.117830485,0.56891286,0.3926926,1.5590863,-1.7099164,-0.014524544,-1.1306473,-0.016919326,-1.0696185,-0.7686361,-0.24339578,0.05637719,0.8901069,0.15345074,-1.184496,-0.6004743,1.6768793,0.26926935,-0.70902145,0.8012865,0.20197175,0.31737074,1.9143502,0.8604257,-1.5133107,-0.597102,-0.22721815,-6.617895,0.041072574,0.63347536,0.4753872,-6.1797733,-0.3127056,0.7663066,-2.1250675,-0.52399516,-0.98807216,-1.9279308,0.01758729,0.84138083,0.59016615,-1.7841929,-0.7414929,0.52640027,-2.9004693,-0.203546,-0.59070164,2.1489434,0.10374743,0.79606247,-0.017692013,2.1127572,-0.034516003,0.292279,-2.5712729,-0.41920945,1.2349466,0.026837727,0.058495108,-0.24847172,0.8402129,0.15732013,0.53034186,-0.11219757,-1.8200762,-3.7352965,-2.0360184,-1.6747593,-0.08863802,4.4064355,1.2330475,1.9593033,-0.7740576,0.6642755,1,2
53,-1.3095574,0.7820707,-0.5057149,0.263732,0.17212954,0.6745338,0.3120679,-2.3781881,0.62700284,-0.0004603183,-0.12144623,0.09597725,0.89748895,-1.3864647,-0.6099878,-0.021117767,0.119033895,0.56891286,0.3926926,1.5590863,-1.7099164,-0.028603977,-1.1104115,-0.05294988,-1.071049,-0.7686361,-0.2408792,0.06334174,0.85748225,0.15345074,-1.1727426,-0.5862863,1.6792302,0.26953813,0.28070965,0.8010839,0.19999105,0.3132598,1.9155014,0.8616002,-1.5130274,-0.59446836,-0.22732936,-6.617801,0.013600907,0.633287,0.47861502,-6.1790404,-0.3134701,0.7650849,-2.1245291,-0.52372164,-0.9881795,-1.9279809,0.010960197,0.84443873,0.5900624,-1.7848587,-0.73355633,0.5334459,-2.9004693,-0.19144982,-0.59070164,2.1489434,-0.0026284144,0.79154706,-0.017313184,2.1124117,-0.03930446,0.2717366,-2.5706394,-0.4306575,1.237042,0.025962602,0.02356584,-0.2467856,0.83906007,0.15725742,0.5369218,-0.10360977,-1.8225433,-3.7354867,-2.0383773,-1.6749686,-0.08855631,4.406398,1.2339739,1.9588879,-0.77768874,0.66036546,1,2
54,-1.3173352,0.78579646,-0.5054496,0.19616671,0.18565083,0.66395843,0.31279674,-2.3785105,0.6279641,0.004876096,-0.12144623,0.09125258,0.8988113,-1.3866438,-0.609126,-0.029236257,0.12691084,0.54915833,0.39241242,1.5590235,-1.7117813,-0.053995658,-1.0663062,-0.123822495,-1.0732182,-0.7686086,-0.23909955,0.06879228,0.79552144,0.15557599,-1.1549418,-0.5615314,1.6827042,0.27074212,0.59726316,0.8007684,0.19759592,0.30862433,1.9169447,0.86285645,-1.5127707,-0.5907763,-0.22950596,-6.6166687,0.021324096,0.63299924,0.48209348,-6.1782565,-0.31439054,0.7637102,-2.1233826,-0.5384967,-0.98993385,-1.9277482,0.02974739,0.84711796,0.5897916,-1.7855729,-0.72629595,0.53914595,-2.9008744,-0.16016597,-0.5902419,2.1494117,-0.012114738,0.7857352,-0.016597865,2.1120417,-0.041232497,0.24966589,-2.5699704,-0.45098665,1.2402726,0.02535532,0.016191412,-0.24502145,0.8379137,0.15725878,0.5426124,-0.09557821,-1.8270106,-3.7359643,-2.0424821,-1.675549,-0.086758226,4.406339,1.2365825,1.9583298,-0.7809103,0.6555416,1,2
55,-1.3235394,0.80111355,-0.50435865,0.14234726,0.24123822,0.6341986,0.31579316,-2.3785105,0.6319158,0.026814617,-0.12144623,0.0827939,0.9042474,-1.3866438,-0.6055829,-0.052020375,0.1592936,0.4679453,0.39126074,1.558765,-1.719448,-0.089626886,-0.8849852,-0.23486131,-1.074978,-0.7684957,-0.2317836,0.09119999,0.7040738,0.16431305,-1.1406821,-0.4962667,1.6853607,0.2756918,0.4853248,0.80016714,0.19408701,0.30325565,1.9193184,0.8637643,-1.5131332,-0.57879186,-0.23789753,-6.612488,-0.022002079,0.6325236,0.48639756,-6.1772904,-0.31564334,0.7619837,-2.121243,-0.5996139,-0.9974484,-1.9265403,0.057228606,0.8486188,0.58909637,-1.7864159,-0.7209594,0.54082763,-2.9025395,-0.12847653,-0.5883521,2.151336,-0.051113956,0.7776971,-0.015222795,2.1116672,-0.037292752,0.22591566,-2.5681646,-0.479815,1.2426578,0.022859123,0.053757146,-0.24301459,0.83659923,0.1574897,0.54675794,-0.08822596,-1.8331723,-3.738176,-2.0480156,-1.6777395,-0.079775065,4.4062853,1.2431287,1.9557817,-0.7828183,0.64909273,1,2
56,-1.3243779,0.8031834,-0.50421125,0.13507429,0.25506932,0.63017696,0.31619808,-2.3776817,0.63244987,0.030727996,-0.1290128,0.08165083,0.90498203,-1.3866438,-0.60020113,-0.055099327,0.16366969,0.45697054,0.39110512,1.5585626,-1.720484,-0.09444195,-0.8421075,-0.24986666,-1.0752157,-0.76848036,-0.23079494,0.10564825,0.69171596,0.17002758,-1.1387551,-0.48071143,1.6857197,0.27636066,0.1751801,0.7995659,0.1904674,0.2979318,1.9217887,0.8645884,-1.5140697,-0.5773399,-0.23869824,-6.6122117,-0.05824774,0.632048,0.49065492,-6.1763315,-0.31693968,0.76037496,-2.119535,-0.6078731,-0.9982925,-1.924708,0.05190554,0.8501197,0.58843434,-1.7872111,-0.7157157,0.5424841,-2.9034958,-0.12851772,-0.5882016,2.1515837,-0.039779224,0.769659,-0.0139645925,2.1112566,-0.03310837,0.20289144,-2.5679207,-0.48262185,1.24298,0.02252184,0.01978752,-0.24084128,0.83494544,0.15789606,0.5506492,-0.080747105,-1.8338687,-3.7386277,-2.048697,-1.6767331,-0.07912165,4.406382,1.2438859,1.9537532,-0.7847263,0.6425583,1,2
57,-1.3266542,0.8031834,-0.50421125,0.13507429,0.25882134,0.6156992,0.31619808,-2.3771899,0.63244987,0.03129128,-0.13776162,0.07684995,0.90498203,-1.3867424,-0.59729004,-0.06338062,0.16366969,0.42557973,0.39110512,1.558463,-1.7232407,-0.14754154,-0.8311975,-0.31030887,-1.0752157,-0.76848036,-0.23079494,0.11242896,0.6485818,0.17271955,-1.1335363,-0.4766276,1.6867048,0.27636066,0.12485264,0.79878104,0.1868508,0.29259333,1.9242535,0.8653142,-1.5145965,-0.57468367,-0.23850034,-6.6123824,-0.049859654,0.6314316,0.4948916,-6.1753883,-0.3184617,0.7586753,-2.118348,-0.6212625,-0.99814916,-1.9237509,0.037034895,0.8510187,0.58756846,-1.7880832,-0.7116429,0.54233354,-2.9040587,-0.07272874,-0.58828235,2.1522758,-0.02330324,0.76001966,-0.0118861105,2.110596,-0.026361039,0.17705011,-2.5679207,-0.49556917,1.24298,0.02252184,-0.0033960624,-0.23864199,0.83342,0.15831986,0.5537114,-0.07389062,-1.8348029,-3.738718,-2.0496123,-1.6759866,-0.07930197,4.407026,1.2437794,1.952788,-0.78597796,0.63493145,1,2
58,-1.3308275,0.80069953,-0.50481904,0.13521974,0.26225972,0.5646099,0.31676072,-2.3765225,0.63387394,0.035797577,-0.15029371,0.06525419,0.9054589,-1.3869233,-0.59653676,-0.083404325,0.16501378,0.3589878,0.3906976,1.558463,-1.7297183,-0.27297622,-0.81931734,-0.43976086,-1.0748498,-0.768456,-0.23125032,0.11926376,0.55020314,0.1753373,-1.1241138,-0.47234422,1.6887215,0.27528203,0.32251513,0.79749084,0.18318015,0.28703934,1.9267516,0.86579597,-1.5154005,-0.56611806,-0.23982349,-6.611086,-0.0439757,0.63058454,0.49937895,-6.174402,-0.32038394,0.75678456,-2.1173956,-0.64222366,-0.9987142,-1.9235575,0.024734387,0.851109,0.5863957,-1.7890936,-0.70909667,0.53974444,-2.9044144,0.05299525,-0.5875792,2.15392,-0.013307692,0.74819624,-0.0084277075,2.1095276,-0.01596897,0.147388,-2.5679915,-0.5241639,1.2424278,0.022689618,-0.005167471,-0.2363466,0.83196306,0.15884688,0.55549383,-0.06783332,-1.8374206,-3.73707,-2.0518193,-1.675153,-0.0780256,4.4078794,1.243976,1.9526823,-0.78636163,0.62578344,1,2
59,-1.3308275,0.77772397,-0.5104413,0.13656524,0.29406497,0.33755258,0.321965,-2.3703487,0.6470466,0.07748088,-0.19403791,0.039408173,0.9098709,-1.3869233,-0.5895686,-0.12818702,0.17744648,0.2753473,0.38692832,1.558463,-1.742885,-0.5327692,-0.70942545,-0.612195,-1.071466,-0.76822996,-0.23546255,0.1824857,0.3716811,0.19955152,-1.1254542,-0.43415716,1.6906743,0.26530457,0.033836167,0.7936316,0.178891,0.27989635,1.9297025,0.8650069,-1.5228376,-0.53361905,-0.25206256,-6.5990896,-0.43780032,0.6290613,0.5060349,-6.172942,-0.32370284,0.75426835,-2.1144242,-0.6090528,-1.0046453,-1.92119,0.07214444,0.8497691,0.58450747,-1.7905115,-0.7090743,0.5327381,-2.9055226,0.22632301,-0.58076155,2.1572626,-0.033058867,0.7322985,-0.0008868718,2.1072297,0.0025061935,0.11172459,-2.5686471,-0.5581359,1.2373196,0.024241898,-0.021553013,-0.23325841,0.82948816,0.16031228,0.5535912,-0.062777445,-1.8444275,-3.7218254,-2.056045,-1.6669906,-0.066083476,4.405913,1.246318,1.9511209,-0.7852978,0.61348206,1,2
60,-1.305535,0.77151436,-0.51196086,0.13692887,0.3026609,0.2761862,0.33234805,-2.3679035,0.67079294,0.110759266,-0.20586058,0.03242282,0.92279166,-1.3863066,-0.58768535,-0.14029036,0.18080665,0.25274193,0.38590965,1.5591938,-1.7464436,-0.60298294,-0.67972517,-0.6587984,-1.0705514,-0.76767427,-0.23660102,0.2115443,0.3234323,0.21392888,-1.183665,-0.4238364,1.679766,0.262608,-1.4046141,0.78977245,0.17487104,0.27279446,1.9324104,0.8641574,-1.526824,-0.51786625,-0.2807996,-6.5742536,-0.36150056,0.62753797,0.5147221,-6.170997,-0.32737488,0.7512584,-2.1131432,-0.60008776,-1.0229206,-1.9203342,0.04955074,0.84842926,0.58263624,-1.7918931,-0.70921934,0.52568567,-2.902633,0.273168,-0.57847136,2.158213,0.055226095,0.7164007,0.006178996,2.1048539,0.020735187,0.07659749,-2.5676367,-0.5602665,1.2357211,0.02485716,0.015660163,-0.22988269,0.82668155,0.16196603,0.5514056,-0.057347365,-1.84492,-3.706302,-2.0523841,-1.6646163,-0.04397883,4.396875,1.2592479,1.9505856,-0.7842341,0.6010328,1,2
61,-1.283053,0.74855256,-0.5154989,0.13432884,0.29969105,0.14761388,0.34032708,-2.367213,0.6887362,0.13032603,-0.21723408,0.022598797,0.9332168,-1.3857588,-0.5978519,-0.16688249,0.17664158,0.23071043,0.37240875,1.5598433,-1.7464436,-0.6812669,-0.67972517,-0.7055128,-1.0769718,-0.76723456,-0.23660102,0.22218579,0.24031267,0.22089155,-1.2357632,-0.42156208,1.6705911,0.25379243,-1.9638023,0.78428227,0.17106384,0.26470333,1.93484,0.8628046,-1.5285807,-0.50371635,-0.30340326,-6.5550594,-0.14868158,0.62572646,0.5241532,-6.168895,-0.3316496,0.7478599,-2.115634,-0.5807216,-1.0381342,-1.9236121,-0.047807492,0.8466669,0.58028454,-1.7936383,-0.71024144,0.5174609,-2.9014752,0.32750618,-0.553345,2.1582549,0.063212216,0.69926536,0.014200533,2.1019616,0.04095381,0.039261777,-2.565711,-0.56075764,1.2452774,0.025031192,0.060136084,-0.22640048,0.82409567,0.16367456,0.54776126,-0.052980095,-1.8446944,-3.6882935,-2.0492435,-1.6615937,-0.01649987,4.389314,1.2744111,1.9539846,-0.78277194,0.5876948,1,2
62,-1.283053,0.68319976,-0.5255686,0.12692864,0.2912383,-0.21832214,0.34032708,-2.367213,0.6887362,0.13032603,-0.24960469,-0.0053618187,0.9332168,-1.3857588,-0.6267872,-0.24256766,0.16478717,0.1680055,0.33398336,1.5598433,-1.7464436,-0.90407485,-0.67972517,-0.83846897,-1.0952452,-0.76723456,-0.23660102,0.22218579,0.0037417929,0.22089155,-1.2376918,-0.41508898,1.6734092,0.22870205,-0.11358458,0.775781,0.16746561,0.25475806,1.9369223,0.86056405,-1.5285807,-0.4810753,-0.30340326,-6.5550594,-0.0052760625,0.623383,0.53356624,-6.1668334,-0.33679548,0.74408185,-2.123932,-0.52560276,-1.0392551,-1.9334865,-0.23532702,0.84412473,0.5770344,-1.7960787,-0.71276844,0.5071031,-2.906248,0.482161,-0.48296428,2.1582549,-0.15091512,0.6798453,0.024310254,2.0981684,0.06501389,-0.0025181177,-2.563234,-0.5799941,1.2730275,0.025031192,0.0813719,-0.22291824,0.82214487,0.1653566,0.5416172,-0.050830767,-1.8475974,-3.6658888,-2.0524561,-1.6534164,0.013952137,4.389314,1.2864574,1.9639455,-0.78057426,0.57281727,1,2
63,-1.2493299,0.49613854,-0.5430682,0.044908322,0.2710764,-0.7226025,0.35214227,-2.3606884,0.7201369,0.19969933,-0.25899196,-0.040409517,0.97284776,-1.3814511,-0.66043395,-0.65205264,0.1557459,0.16631073,0.24126016,1.5607549,-1.732822,-1.0729063,-0.5613985,-0.9390525,-1.1241865,-0.76525587,-0.2396209,0.34560147,-0.3829286,0.3147663,-1.3154404,-0.38792753,1.6580805,0.16353928,-1.8773177,0.76100785,0.16457522,0.23892859,1.937666,0.85761213,-1.5368651,-0.43321905,-0.33601454,-6.522137,-0.4400838,0.62003344,0.54757,-6.163719,-0.34377187,0.73853457,-2.1378312,-0.40988517,-1.0985173,-1.9436936,-0.35771817,0.8415826,0.56824774,-1.8036914,-0.71532613,0.49642232,-2.908361,0.59225106,-0.3120604,2.1548681,-0.09440564,0.65785563,0.0364645,2.0932674,0.09603173,-0.047861848,-2.554796,-0.42543063,1.3159566,0.026858645,0.23096728,-0.21598996,0.8178846,0.16924638,0.52565086,-0.048642866,-1.8451173,-3.5903146,-2.0603402,-1.6201345,0.11185826,4.373469,1.3478281,1.9752154,-0.77870697,0.55443543,1,2
64,-1.2352786,0.41893235,-0.55024624,0.010816606,0.26277086,-0.92859775,0.35706523,-2.3579698,0.7402697,0.23317042,-0.2625388,-0.05469781,0.98936063,-1.3796564,-0.6741276,-0.82181865,0.122198425,0.2865831,0.20305832,1.5611346,-1.7048485,-1.1407433,-0.48160303,-0.97946495,-1.1360396,-0.75962836,-0.2408792,0.44556072,-0.54137677,0.39098835,-1.347814,-0.37668318,1.6516619,0.13667074,-1.4972019,0.7460605,0.16172141,0.22313625,1.9383523,0.8546575,-1.5404379,-0.4122734,-0.34957656,-6.5006275,-0.36119598,0.616656,0.5621226,-6.1604486,-0.35070637,0.73299533,-2.143529,-0.3804308,-1.1231971,-1.9478354,-0.2315603,0.8413464,0.5598458,-1.8114028,-0.71401066,0.49307114,-2.9080276,0.6345888,-0.24160333,2.1478233,-0.01289119,0.6357945,0.04826329,2.0881467,0.12739438,-0.09220322,-2.5398011,-0.3227164,1.3310974,0.029491998,0.45283288,-0.20760371,0.8119879,0.17401157,0.508127,-0.044336315,-1.8440405,-3.554963,-2.063589,-1.606359,0.1523076,4.359097,1.3722801,1.980796,-0.7795403,0.5352555,1,2
65,-1.2352786,0.38802135,-0.55311304,-0.027876442,0.25558406,-1.0108197,0.35488287,-2.3579698,0.74956167,0.23918866,-0.26386297,-0.060438707,0.98936063,-1.3796564,-0.6857212,-0.9350704,0.06795077,0.44512108,0.1865546,1.5611346,-1.6754566,-1.1512756,-0.44140872,-0.9854887,-1.1436492,-0.753297,-0.24917218,0.50953907,-0.6054243,0.4399021,-1.3478477,-0.36865807,1.6517113,0.1258432,-0.0007920685,0.7300701,0.1589948,0.20629944,1.9387399,0.85185236,-1.5405006,-0.40574095,-0.3431029,-6.490356,-0.008792427,0.6131102,0.5769025,-6.157106,-0.35767302,0.7274483,-2.1464257,-0.3599659,-1.1236843,-1.9519011,-0.06149906,0.8426824,0.5502272,-1.82052,-0.7101287,0.49489743,-2.906564,0.6395008,-0.21115825,2.1403973,0.048938032,0.6135739,0.059654586,2.0827847,0.15921406,-0.13613082,-2.5248392,-0.25964847,1.3395832,0.034819517,0.5536796,-0.19828877,0.80510455,0.17934206,0.4887791,-0.03954524,-1.841449,-3.5398703,-2.0638268,-1.6026777,0.1607241,4.3488555,1.3760711,1.9877347,-0.782264,0.5154903,1,2
66,-1.2352786,0.24506275,-0.56637144,-0.20682575,0.22234635,-1.3910836,0.3447897,-2.3579698,0.74956167,0.23918866,-0.26998714,-0.086989485,0.98936063,-1.3796564,-0.73933995,-1.4588418,-0.0005733425,0.44512108,0.11022748,1.5611346,-1.6754566,-1.1999867,-0.44140872,-1.0133473,-1.1788424,-0.753297,-0.28752577,0.50953907,-0.90163404,0.4399021,-1.3480034,-0.3315433,1.65194,0.07576747,-0.0045180074,0.71029896,0.15668821,0.18518011,1.9380934,0.84954685,-1.5400511,-0.38321364,-0.31332174,-6.490356,0.02579277,0.6089539,0.5914641,-6.1538134,-0.36498553,0.7217311,-2.1598222,-0.15473008,-1.125937,-1.9707048,-0.3420979,0.84401846,0.5348688,-1.8348438,-0.70651764,0.4973543,-2.9068654,0.6731389,-0.0705976,2.1403973,-0.0038050357,0.590775,0.070585914,2.077015,0.19231647,-0.18128173,-2.5257928,-0.20021471,1.3936652,0.048046447,0.046057176,-0.18897386,0.79852974,0.18471058,0.4659941,-0.038231228,-1.829529,-3.4951544,-2.0649261,-1.5856522,0.19966032,4.3488555,1.3995986,2.0137477,-0.78518814,0.4953354,1,2
67,-1.2062391,0.17824747,-0.58398896,-0.41114026,0.09428106,-1.4527471,0.33681068,-2.355116,0.7862583,0.28238404,-0.27977636,-0.10704391,0.9926611,-1.3768816,-0.8111662,-1.9826156,-0.0465688,0.27564743,0.052234177,1.561703,-1.6525556,-1.2384948,-0.31373584,-1.0353432,-1.2066643,-0.74615026,-0.31807816,0.6935926,-1.1332189,0.6490531,-1.4171275,-0.34013656,1.6409653,0.041018195,-1.654956,0.6905277,0.15728499,0.16235732,1.9343195,0.85042566,-1.5430655,-0.35490328,-0.28867564,-6.449838,-0.1520152,0.60433555,0.6097234,-6.1495595,-0.37245083,0.71593755,-2.1845279,0.06684041,-1.13506,-1.9955513,-0.6244744,0.8421052,0.5124322,-1.854499,-0.7091373,0.49066934,-2.9008193,0.6946005,0.03583089,2.1346784,0.13629426,0.56751287,0.08114017,2.0708978,0.22839023,-0.22500259,-2.5089834,0.04686052,1.4321537,0.061204586,0.40779686,-0.17198113,0.7860781,0.1934536,0.43238282,-0.027398026,-1.808164,-3.4427273,-2.057649,-1.5830426,0.22760126,4.328064,1.4219288,2.0458202,-0.7844715,0.47091874,1,2
68,-1.1875043,0.15009737,-0.5939679,-0.5242332,0.015136432,-1.2603036,0.33271885,-2.3532748,0.80993325,0.31025174,-0.28545126,-0.117204435,0.9947904,-1.3713647,-0.85189575,-2.2657344,-0.06907411,0.16631073,0.022804743,1.5628415,-1.6377808,-1.2582424,-0.23136711,-1.0466193,-1.2209318,-0.73920363,-0.33377665,0.81233555,-1.251638,0.78398776,-1.4617069,-0.3690671,1.6338611,0.023838364,-1.8128881,0.6731977,0.15828829,0.14053173,1.9301167,0.85295933,-1.5450572,-0.33899555,-0.27589074,-6.4236975,-0.1806971,0.59962785,0.62849295,-6.1451516,-0.37987578,0.71017915,-2.2122366,0.1883162,-1.1430746,-2.00868,-0.7943532,0.839563,0.48863405,-1.8748419,-0.7129548,0.4822727,-2.8935118,0.7049274,0.08955485,2.1310668,0.23297772,0.54416114,0.09101351,2.0646212,0.26470006,-0.26798216,-2.4924307,0.20004436,1.4499526,0.06914152,0.6019081,-0.15350242,0.7721927,0.2026589,0.39697123,-0.014847108,-1.7956269,-3.4135818,-2.0537562,-1.5824113,0.24145295,4.314716,1.4350748,2.063291,-0.7830502,0.44567725,1,2
69,-1.1875043,0.15009737,-0.59541047,-0.52968836,0.0027525928,-0.8754232,0.33271885,-2.3532748,0.80993325,0.31025174,-0.28608975,-0.11830949,0.99091256,-1.3639117,-0.8555158,-2.3082058,-0.06907411,0.14990886,0.019493658,1.564385,-1.6377808,-1.2662883,-0.23136711,-1.0515763,-1.2209318,-0.7345318,-0.33544853,0.81233555,-1.2649533,0.78398776,-1.4621735,-0.40365824,1.6345726,0.022317536,-0.011147711,0.65873975,0.15938652,0.12029322,1.9258517,0.85693526,-1.5450572,-0.33802852,-0.27589074,-6.4236975,-0.0014001053,0.59488773,0.6469939,-6.140787,-0.387256,0.7044549,-2.240318,0.21035096,-1.1422443,-2.0081432,-0.81620616,0.8367064,0.46413708,-1.8952367,-0.71725804,0.4731117,-2.8864782,0.71089745,0.09513035,2.1312227,0.22719325,0.5206781,0.100153446,2.0581622,0.30081427,-0.3106355,-2.4814816,0.2025256,1.447269,0.071378715,0.38576007,-0.1350237,0.7579166,0.21161632,0.36173066,-0.0026477298,-1.7963599,-3.4122238,-2.0541356,-1.5810301,0.24386533,4.3148456,1.4333737,2.0639412,-0.7812724,0.4203473,1,2
70,-1.1875043,0.15009737,-0.61320025,-0.5969625,-0.14996903,-0.8754232,0.33271885,-2.3532748,0.80993325,0.31025174,-0.29396364,-0.13193731,0.94309044,-1.3639117,-0.90015864,-2.8319771,-0.06907411,-0.052364547,-0.021339785,1.564385,-1.6377808,-1.3655142,-0.23136711,-1.1127069,-1.2209318,-0.7345318,-0.35606635,0.81233555,-1.4291608,0.78398776,-1.4679276,-0.34920403,1.643347,0.0035624916,-0.14879233,0.6442819,0.16363177,0.10034801,1.9185333,0.86341065,-1.5450572,-0.32610306,-0.27589074,-6.4236975,-0.0014001053,0.5897802,0.66515523,-6.1364965,-0.39506188,0.69845355,-2.2617648,0.48209146,-1.0736847,-2.0245667,-0.6649787,0.830286,0.4316116,-1.9208053,-0.7271726,0.45451874,-2.882999,0.7845224,0.16965212,2.1312227,0.13662262,0.49570692,0.109087,2.0508657,0.33923173,-0.35578576,-2.4847686,0.23312517,1.4480716,0.07845605,-0.0015286696,-0.11654508,0.74317354,0.22031225,0.32449582,0.0072301747,-1.805399,-3.395476,-2.0361838,-1.5819722,0.27610904,4.3148456,1.3827678,2.084278,-0.7754558,0.39401466,1,2
71,-1.1631485,0.41272363,-0.6299287,-0.6524185,-0.27581123,0.09816641,0.35554793,-2.3474407,0.8335372,0.3221994,-0.29630452,-0.14308853,0.903683,-1.3579035,-0.93700063,-3.3117676,0.04043712,-0.25463873,-0.055036668,1.5689707,-1.6233752,-1.5135493,-0.10034805,-1.2030632,-1.1258142,-0.727347,-0.37310115,0.88769156,-1.5503422,0.9066042,-1.5366651,-0.29480863,1.6509647,0.063219525,-1.6963811,0.6421748,0.16937597,0.08892889,1.9105371,0.87523746,-1.5522805,-0.31346956,-0.34311566,-6.3970265,-0.383897,0.58446443,0.68510705,-6.131789,-0.4042384,0.6910064,-2.2992942,0.75137943,-1.0191424,-2.0369477,-0.95688033,0.8211404,0.3933106,-1.9492047,-0.7398933,0.427129,-2.8585443,0.8920281,0.2284431,2.1281104,0.6009244,0.46882343,0.118233554,2.0426795,0.38275138,-0.4020132,-2.484074,0.37548527,1.3044225,0.086746015,-0.017122628,-0.09356525,0.72510296,0.23004979,0.2805434,0.024062254,-1.8406852,-3.4346633,-2.0225308,-1.6293925,0.35093808,4.301702,1.2842029,2.1011832,-0.7665266,0.36407778,1,2
72,-1.1397299,0.66524714,-0.6409282,-0.6865101,-0.35315558,1.0343038,0.3774988,-2.3418307,0.8562333,0.33368745,-0.2914808,-0.14991516,0.8794621,-1.3521265,-0.95966357,-3.6233764,0.14573567,-0.39131,-0.07576466,1.5733796,-1.6006047,-1.6275251,0.038936913,-1.272469,-1.0343555,-0.7204385,-0.3835868,0.96014875,-1.6199218,1.0245037,-1.6011134,-0.25807202,1.6557811,0.12594292,-2.4050565,0.6452929,0.17568262,0.08117608,1.9022883,0.8892237,-1.559226,-0.3048693,-0.4077545,-6.3713818,-0.5751413,0.5790606,0.7056464,-6.1269298,-0.41388458,0.6829457,-2.3292494,0.93262875,-0.9862967,-2.044158,-0.97961307,0.81084186,0.35239977,-1.9783142,-0.7537122,0.39627126,-2.8353522,0.9743843,0.26358783,2.1229107,0.83586854,0.44113085,0.12700348,2.034015,0.42834377,-0.44809592,-2.4824665,0.5036218,1.16607,0.09269397,0.059301592,-0.06868105,0.70525604,0.24001916,0.23403999,0.04369061,-1.8720303,-3.477131,-2.0145347,-1.6747193,0.4136359,4.287229,1.2038959,2.1116245,-0.75628066,0.33261606,1,2
73,-1.1397299,0.66524714,-0.6409282,-0.6865101,-0.35315558,1.0343038,0.3774988,-2.3418307,0.8562333,0.33368745,-0.27660775,-0.14991516,0.8794621,-1.3521265,-0.95966357,-3.6233764,0.14573567,-0.39131,-0.07576466,1.5733796,-1.5731045,-1.6275251,0.07996321,-1.272469,-1.0343555,-0.7204385,-0.3835868,0.96014875,-1.6199218,1.0245037,-1.6011134,-0.25807202,1.6557811,0.12594292,-0.123310894,0.648411,0.1818403,0.0735467,1.894111,0.90299237,-1.559226,-0.30529565,-0.4077545,-6.3713818,-0.03081976,0.5736567,0.72583264,-6.1221194,-0.423301,0.67488116,-2.3292494,0.93262875,-0.9862967,-2.044158,-0.05101606,0.80054325,0.31114227,-2.0064085,-0.76734555,0.36594197,-2.8332765,0.9744843,0.2633353,2.116107,0.10393268,0.41343826,0.13480274,2.0251384,0.47375715,-0.4929277,-2.4824665,0.5036218,1.16607,0.09269397,-0.00018112262,-0.043796863,0.68464386,0.2495543,0.1881431,0.06301513,-1.8720303,-3.477131,-2.0145347,-1.6747193,0.41352665,4.281569,1.2038959,2.1116245,-0.7460347,0.30115438,1,2
74,-1.1397299,0.66524714,-0.65132684,-0.6865101,-0.3985557,1.0343038,0.3774988,-2.3418307,0.8562333,0.33368745,-0.2758039,-0.16258416,0.8794621,-1.3521265,-0.9939615,-3.9503815,0.14573567,-0.5826509,-0.14370762,1.5733796,-1.5716182,-1.813971,0.08218061,-1.345408,-1.0343555,-0.7204385,-0.5014464,0.96014875,-1.7447896,1.0245037,-1.6044894,-0.21565409,1.6617501,0.115151614,-0.080743246,0.651529,0.18874839,0.0661535,1.885079,0.91730803,-1.559226,-0.2942043,-0.4077545,-6.3713818,-0.0014001053,0.56788117,0.74559397,-6.117385,-0.4330338,0.66650015,-2.3344882,1.1532885,-0.9869574,-2.0571473,-0.110558376,0.78657615,0.26284012,-2.0365636,-0.7878658,0.3265297,-2.8229,1.0704988,0.38457993,2.1157393,0.25877878,0.38381347,0.14308448,2.0145817,0.52254385,-0.54116815,-2.4995394,0.52564394,1.1687808,0.13320956,-0.430194,-0.018912816,0.6615445,0.25923547,0.14094408,0.08013391,-1.8781793,-3.4674945,-2.0206742,-1.6780229,0.4659862,4.2812634,1.2054821,2.1463063,-0.7316289,0.26839074,1,2
75,-1.120058,0.7475454,-0.66074795,-0.68116444,-0.43671104,0.90230536,0.37275484,-2.338327,0.8704384,0.39003113,-0.2236655,-0.18837935,0.92417794,-1.3505727,-1.0266666,-4.2059965,0.23779719,-0.75323886,-0.20739153,1.5766066,-1.5463612,-2.0295017,0.20442797,-1.4126979,-0.95752984,-0.7156934,-0.6276765,0.96741617,-1.8269203,1.0987453,-1.6544296,-0.18080251,1.6587169,0.13325372,-1.2269386,0.65297264,0.19633074,0.05917493,1.8755255,0.9304014,-1.5627598,-0.25825226,-0.39262924,-6.354766,-0.18851815,0.56149757,0.768125,-6.111909,-0.44262514,0.6571455,-2.333407,1.3433949,-1.0560234,-2.0693128,-0.022069275,0.7708057,0.21125352,-2.066587,-0.81107926,0.28079545,-2.7956126,1.1667007,0.4942214,2.1099546,0.7325921,0.3531789,0.15194747,2.0029151,0.5751148,-0.5889077,-2.511206,0.61148965,1.0543079,0.1781327,-0.46576223,0.008696684,0.6358939,0.26898932,0.08988608,0.101621754,-1.8688811,-3.4748845,-2.0444808,-1.6989723,0.5023125,4.269876,1.2105308,2.1825054,-0.7153181,0.23354463,1,2
76,-1.0919554,0.865114,-0.6674157,-0.6735279,-0.4615697,0.713737,0.36597776,-2.333321,0.8910428,0.48681286,-0.14918238,-0.21695593,0.9880575,-1.3483533,-1.0509895,-4.3576074,0.36931318,-0.87197906,-0.25399777,1.5812163,-1.509397,-2.2156422,0.39396632,-1.4611928,-0.8477793,-0.7089147,-0.7310355,0.9777981,-1.862704,1.2074021,-1.7235677,-0.15871593,1.650486,0.16616112,-2.4256997,0.6531404,0.20434268,0.052533623,1.8656366,0.9424834,-1.5678039,-0.20964313,-0.37102255,-6.330668,-0.39324772,0.5546669,0.7933053,-6.105709,-0.4520482,0.64709044,-2.3284407,1.4708716,-1.1542572,-2.0782096,0.15173249,0.75382113,0.15730138,-2.096002,-0.8359258,0.23090483,-2.7632523,1.2419167,0.5716459,2.1014755,1.1080174,0.32185903,0.16076767,1.9904437,0.63043576,-0.635632,-2.5167232,0.7222789,0.88900554,0.21584974,-0.20567101,0.038478024,0.60809743,0.27863675,0.036040794,0.12656957,-1.8515825,-3.491544,-2.0744808,-1.7267426,0.5199372,4.2532873,1.216707,2.2115688,-0.69773674,0.19711944,1,2
77,-1.0919554,0.865114,-0.6674157,-0.6735279,-0.4615697,0.713737,0.36597776,-2.333321,0.8926894,0.57292175,-0.14918238,-0.21695593,0.9880575,-1.3483533,-1.0509895,-4.3576074,0.36931318,-0.87197906,-0.25399777,1.5812163,-1.5047302,-2.2156422,0.47272217,-1.4611928,-0.8477793,-0.7089147,-0.7310355,0.9777981,-1.862704,1.2211318,-1.7235677,-0.15871593,1.650486,0.16616112,-0.38588688,0.6533083,0.21213494,0.0460274,1.8558537,0.9543246,-1.5677831,-0.18581748,-0.37102646,-6.328765,-0.06246781,0.5478362,0.8207243,-6.0988517,-0.4612712,0.6371535,-2.3284407,1.4708716,-1.1542572,-2.0782096,0.023443326,0.7368365,0.102624126,-2.1236277,-0.86026305,0.18214999,-2.7628229,1.2444768,0.5715543,2.100338,0.18572251,0.29053915,0.16759628,1.9778336,0.6858157,-0.6802759,-2.5167232,0.7356758,0.88900554,0.21584974,-0.035575464,0.06866802,0.5789769,0.28761905,-0.017392294,0.15166798,-1.8515843,-3.4905388,-2.0744808,-1.7267426,0.51990044,4.251588,1.216707,2.2115688,-0.68015546,0.16048403,1,2
78,-1.0919554,0.865114,-0.67326707,-0.6735279,-0.46528685,0.5734273,0.36086297,-2.333321,0.8930009,0.58921224,-0.14918238,-0.24000779,0.9880575,-1.3483533,-1.1372691,-4.47121,0.36931318,-0.9908017,-0.28897384,1.5812163,-1.5038475,-2.3743558,0.48762155,-1.4975909,-0.8477793,-0.7089147,-0.8059935,0.9777981,-1.862704,1.2237293,-1.7255343,-0.15441573,1.6542084,0.16009893,-0.04702872,0.6516961,0.21980621,0.038738895,1.8460146,0.96532667,-1.5675933,-0.1626363,-0.35524133,-6.3284044,0.009067974,0.54032934,0.84762675,-6.0920806,-0.47094184,0.62680775,-2.3365977,1.5855135,-1.1558226,-2.1114914,-0.17167936,0.71757376,0.043488722,-2.1507125,-0.88893163,0.12897815,-2.7545195,1.3018925,0.63209987,2.1001227,0.19563952,0.25825512,0.17466038,1.963754,0.7425408,-0.725867,-2.5246139,0.73821026,0.8895951,0.24204892,-0.20065147,0.0988579,0.5477279,0.2964146,-0.06996008,0.17624332,-1.848976,-3.4849355,-2.078757,-1.7488716,0.53449935,4.2512665,1.218108,2.259096,-0.66013724,0.123199046,1,2
79,-1.0769674,0.9101544,-0.6796853,-0.63949066,-0.46807477,0.41896808,0.3572826,-2.3278437,0.9194886,0.6468454,-0.1401025,-0.2679303,0.99790347,-1.3472426,-1.232138,-4.5961437,0.119252525,-1.1351625,-0.34048694,1.5934538,-1.4879193,-2.5490377,0.5831382,-1.5376288,-0.80212295,-0.70852387,-0.88521147,0.9710498,-1.8484336,1.2800244,-1.7627212,-0.15579408,1.6497558,0.16994458,-0.91151106,0.6489552,0.2276677,0.03191301,1.8361155,0.9751282,-1.5727938,-0.123506956,-0.34291267,-6.29615,-0.27218777,0.5323189,0.8780804,-6.0843177,-0.480923,0.6158988,-2.3445542,1.7203264,-1.1728362,-2.148153,-0.24721238,0.6966063,-0.01919939,-2.1775815,-0.92417586,0.0774066,-2.6876845,1.3690891,0.70609254,2.0980587,1.6524906,0.22536038,0.18112648,1.948878,0.80163074,-0.77045363,-2.5330067,0.7917804,0.8208196,0.26987132,-0.30526057,0.13111436,0.51459414,0.30461362,-0.12445732,0.2043224,-1.839357,-3.476694,-2.0809696,-1.7837069,0.557456,4.236786,1.202955,2.310897,-0.6382946,0.08443937,1,2
80,-1.0441811,1.0086803,-0.6847656,-0.5596885,-0.46848133,0.29593676,0.3587489,-2.3158617,0.9779466,0.7729179,-0.12024031,-0.29371276,1.0194415,-1.344813,-1.3075488,-4.6954837,-0.42775464,-1.2690051,-0.39961496,1.6202222,-1.4530768,-2.6881251,0.79208094,-1.569477,-0.7006401,-0.70766884,-0.9437217,0.956288,-1.8009038,1.40317,-1.8410562,-0.1661685,1.6343164,0.2007646,-2.6234474,0.6452778,0.23581266,0.026004404,1.826167,0.9835617,-1.5844736,-0.0665055,-0.34477895,-6.2249823,-0.86687523,0.5238547,0.9133404,-6.075224,-0.49125174,0.6043045,-2.3494687,1.8396854,-1.2076558,-2.177388,-0.14494212,0.6740991,-0.08523525,-2.2041833,-0.9666628,0.02938272,-2.5540729,1.4289052,0.77521527,2.0935438,4.378172,0.19195926,0.18660206,1.9333901,0.86333007,-0.8133568,-2.5392816,0.9068636,0.667025,0.29061574,-0.2230243,0.16608328,0.4796096,0.31202167,-0.18143287,0.23736273,-1.8242136,-3.4666328,-2.079261,-1.8260235,0.5887349,4.204867,1.1666737,2.3514366,-0.61480385,0.043943133,1,2
81,-1.0441811,1.0086803,-0.6847656,-0.46079496,-0.46848133,0.29593676,0.3858744,-2.3158617,0.98749673,0.7729179,-0.12024031,-0.29371276,1.0194415,-1.344813,-1.3075488,-4.6954837,-0.42775464,-1.2690051,-0.39961496,1.6202222,-1.4530768,-2.6881251,0.79208094,-1.569477,-0.67086095,-0.70766884,-0.9437217,0.956288,-1.4991261,1.40317,-1.8410562,-0.18049598,1.6343164,0.2007646,-0.64246047,0.6416004,0.24390453,0.02133258,1.816439,0.9911305,-1.5848268,-0.0665055,-0.431048,-6.21367,-0.23281123,0.5153904,0.94838923,-6.0661044,-0.5029306,0.5914657,-2.3494687,1.8396854,-1.2076558,-2.177388,-0.036120135,0.6515919,-0.15214959,-2.2281506,-1.0080736,-0.016982771,-2.5540729,1.4289052,0.77521527,2.0935438,1.0702105,0.15855819,0.189735,1.9176122,0.92358994,-0.85494584,-2.5392404,0.8679901,0.62177956,0.29061574,-0.056104407,0.20105219,0.4441273,0.3182896,-0.23282489,0.27394372,-1.8594257,-3.4606586,-2.079261,-1.8260235,0.6521187,4.20039,1.1483903,2.3514366,-0.59131306,0.0034469387,1,2
82,-1.0441811,1.0086803,-0.6874871,-0.42872176,-0.4707078,0.2400807,0.3946717,-2.3158617,0.9905941,0.7729179,-0.16102907,-0.31006506,1.0194415,-1.344813,-1.3491248,-4.748746,-0.7391605,-1.3406899,-0.4452454,1.6077154,-1.4530768,-2.6881251,0.7153542,-1.569477,-0.66120297,-0.73163885,-0.9437217,0.89707786,-1.4012533,1.40317,-1.8420241,-0.18177481,1.6362275,0.19799733,-0.02313914,0.63721436,0.25187016,0.01638264,1.8067298,0.99833363,-1.5849413,-0.053589366,-0.4590268,-6.2100005,-0.014538347,0.5064464,0.98285323,-6.0570607,-0.515477,0.5786064,-2.3494816,1.9169123,-1.2076585,-2.1936467,-0.001096001,0.62771034,-0.22249472,-2.2514696,-1.0553725,-0.05887881,-2.593047,1.4250464,0.8651386,2.0917234,-0.915392,0.12515706,0.19150831,1.9013457,0.9821643,-0.89734334,-2.599038,0.8523348,0.6063938,0.28590757,-1.4978424,0.2360211,0.4096348,0.32313856,-0.28358,0.30978355,-1.8728144,-3.4562497,-2.0811458,-1.8369571,0.7115829,4.1974235,1.142175,2.3653305,-0.5663756,-0.037049297,1,2
83,-1.0338765,1.0306903,-0.6924381,-0.3023163,-0.47609,0.18133588,0.411879,-2.3170326,1.006357,0.7877563,-0.2167141,-0.33377734,1.0245008,-1.3462598,-1.4215063,-4.8216567,-1.0630177,-1.4389049,-0.51249766,1.5856036,-1.4450496,-2.6743135,0.5953741,-1.5621759,-0.62096035,-0.7644774,-0.9395034,0.78958094,-1.3060968,1.4163804,-1.867434,-0.18897048,1.6322671,0.20149449,-0.6207985,0.63248,0.26018074,0.01306243,1.7970331,1.0043168,-1.5825478,-0.03040571,-0.5129191,-6.192021,0.1253433,0.4970755,1.0183243,-6.0476737,-0.529793,0.564764,-2.3412535,2.0200088,-1.2137911,-2.2217875,0.17136805,0.6027153,-0.29564232,-2.273698,-1.1061356,-0.09907591,-2.6635559,1.4104004,1.0051521,2.086358,-2.1650743,0.09194944,0.19216761,1.8846996,1.0388258,-0.9402482,-2.6788516,0.85232246,0.54015684,0.27776188,-2.8358943,0.2714749,0.37694368,0.3261262,-0.33323273,0.34742096,-1.8907317,-3.449878,-2.0796218,-1.8611257,0.8117592,4.185846,1.1199647,2.3893788,-0.54027885,-0.07766451,1,2
84,-0.99921674,1.1047224,-0.69957083,0.12285638,-0.4864052,0.17913143,0.4697569,-2.3209708,1.0593766,0.8376663,-0.26133293,-0.3563337,1.0415183,-1.3511262,-1.519532,-4.880581,-1.0630177,-1.5184995,-0.5790876,1.5549794,-1.4180496,-2.627858,0.46020782,-1.537618,-0.4856016,-0.7910838,-0.9253148,0.63512814,-0.9860312,1.4608145,-1.9495163,-0.22495437,1.6122619,0.22293748,-2.550075,0.62772596,0.26944965,0.01390996,1.7873443,1.0078319,-1.5744971,0.002392614,-0.6941894,-6.131544,0.55165285,0.48723963,1.0568426,-6.0373907,-0.547307,0.548621,-2.313532,2.0966356,-1.2344091,-2.259565,0.7524031,0.5766481,-0.37152195,-2.2940857,-1.1584059,-0.140328,-2.7643843,1.3746364,1.1615399,2.0746787,-3.175566,0.05919912,0.19173762,1.8677099,1.0928779,-0.98343515,-2.738088,0.8629431,0.3198546,0.2668332,-2.1038718,0.30807477,0.3473882,0.32632336,-0.38100266,0.3901477,-1.9441113,-3.4370892,-2.0679033,-1.9041722,1.0126077,4.152199,1.0462583,2.4216666,-0.5130832,-0.11856122,1,2
85,-0.9964067,1.1107249,-0.7001491,0.1573294,-0.4872415,0.1789527,0.47647855,-2.3212903,1.0657939,0.841713,-0.26495063,-0.35816258,1.081341,-1.3515209,-1.5274798,-4.8966694,-0.93070406,-1.524953,-0.5844867,1.5524963,-1.4158604,-2.4549916,0.44924855,-1.5116042,-0.47462672,-0.793241,-0.92416435,0.62260514,-0.9600802,1.4644173,-1.9561718,-0.22787197,1.6106399,0.22467609,-0.90215296,0.62297195,0.27846545,0.0147594195,1.7777878,1.0112301,-1.5736094,0.0050518825,-0.71515495,-6.1241837,0.20691663,0.4774037,1.0944607,-6.0271654,-0.56461984,0.53265727,-2.2967508,2.1011615,-1.292476,-2.262628,0.57037103,0.55058074,-0.44790643,-2.311134,-1.2082562,-0.18307279,-2.7725592,1.3251784,1.1742198,2.0737317,-1.0875784,0.027085027,0.18716523,1.8518463,1.1439961,-1.0247579,-2.7428908,0.8638043,0.30199248,0.26594704,-0.6837668,0.3446748,0.3163188,0.32594892,-0.4277966,0.4319353,-1.9509978,-3.4347546,-2.0888333,-1.9076624,1.0334979,4.1484985,1.0821759,2.4242845,-0.48588744,-0.1590293,1,2
86,-0.9964067,1.1071372,-0.7048665,0.1573294,-0.49142337,0.1789527,0.47749293,-2.3212903,1.0668529,0.841713,-0.26495063,-0.3627349,1.1005622,-1.3515209,-1.5671885,-4.9195952,-0.8645478,-1.5304745,-0.6410825,1.5350347,-1.4158604,-2.3704426,0.4215279,-1.4995928,-0.47462672,-0.8111345,-0.9649092,0.5514449,-0.9600802,1.4644173,-1.957851,-0.22291201,1.6140993,0.21837401,-0.04016384,0.6182179,0.28731054,0.015444387,1.7682657,1.0147527,-1.5734918,0.008737987,-0.7182891,-6.1229544,0.009946816,0.4674337,1.1314096,-6.017001,-0.58189857,0.5167022,-2.2857833,2.109571,-1.3197389,-2.2778788,0.3542419,0.52440745,-0.52537733,-2.3264978,-1.2570847,-0.22508699,-2.8186147,1.3010662,1.3038197,2.0703657,-1.08123,-0.0049728644,0.18102945,1.8357291,1.1945838,-1.0664128,-2.791075,0.8621682,0.29636773,0.27776426,-1.2079209,0.38127488,0.28608078,0.32441583,-0.4741317,0.47290775,-1.9558407,-3.428478,-2.1028204,-1.9155719,1.0918752,4.145212,1.1001555,2.4459627,-0.4586121,-0.19945946,1,2
87,-1.0020273,1.071024,-0.71398824,0.21264155,-0.4979052,0.21452266,0.4862906,-2.3184593,1.0790291,0.84891737,-0.26338997,-0.36982185,1.1133386,-1.3503315,-1.6399977,-4.9512906,-0.8154094,-1.5402794,-0.74513894,1.5027305,-1.3966975,-2.336578,0.350464,-1.481179,-0.4526759,-0.840518,-1.0372306,0.42518514,-0.94467014,1.4585474,-1.947579,-0.21895002,1.6235839,0.19449891,0.21761405,0.6139151,0.29591587,0.016347926,1.758905,1.0185244,-1.5748569,0.016512783,-0.74712235,-6.106866,-0.073688194,0.45734963,1.1687925,-6.006585,-0.5996845,0.50031954,-2.276953,2.1251981,-1.3373166,-2.3060465,0.23838976,0.49812034,-0.603859,-2.340031,-1.3046783,-0.26731518,-2.8991652,1.2764035,1.5433499,2.0585663,-2.6441166,-0.036542967,0.17396359,1.8194083,1.2437677,-1.1080287,-2.8680625,0.8518403,0.24983029,0.29938745,-2.7711103,0.4176594,0.25691923,0.3216761,-0.5197827,0.5131837,-1.97738,-3.398662,-2.1189885,-1.922436,1.2166983,4.1290307,1.0944076,2.4858937,-0.4312414,-0.23945013,1,2
88,-1.036687,0.8826249,-0.72514886,0.55372155,-0.4979052,0.43386325,0.5405413,-2.3010027,1.1541127,0.8933428,-0.2537663,-0.36982185,1.192123,-1.3429981,-1.7094424,-4.9816694,-0.5123998,-1.5479658,-0.84586143,1.4704264,-1.2785305,-2.1277523,0.17720208,-1.3676319,-0.31731716,-0.8506861,-1.0937634,0.3267515,-0.8496444,1.422351,-1.868184,-0.24192508,1.649007,0.10750888,2.191201,0.6119435,0.3039344,0.019103304,1.7502754,1.0229905,-1.583275,0.02922433,-0.92492163,-6.0076547,-0.5194495,0.44726562,1.2110021,-5.9946175,-0.6201627,0.481759,-2.257871,2.1331284,-1.4546392,-2.3339756,0.49468008,0.4717099,-0.682989,-2.3502076,-1.349442,-0.31443453,-2.9556863,1.1322887,1.781702,2.0179758,-1.9724376,-0.06559262,0.1673577,1.8035855,1.2868927,-1.1472595,-2.8822622,0.8037917,0.016619736,0.31977993,-0.89773804,0.4529305,0.22908428,0.31756586,-0.5635372,0.55307716,-2.0761414,-3.268591,-2.189565,-1.889165,1.4504603,4.056008,1.087323,2.5249288,-0.4037266,-0.2771696,1,2
89,-1.0441811,0.84189,-0.72756195,0.6274685,-0.4934136,0.48819935,0.5522711,-2.294642,1.1731863,0.90294826,-0.22288527,-0.3567464,1.2091576,-1.3414125,-1.7244574,-4.988238,-0.44688427,-1.5496278,-0.86763924,1.4634417,-1.252981,-2.00094,0.1397401,-1.307379,-0.28805044,-0.85288453,-1.1059867,0.3054686,-0.8290984,1.4145249,-1.8510175,-0.25255948,1.6545038,0.08870026,1.1293046,0.6100596,0.31166437,0.021824932,1.7418647,1.0273435,-1.587579,0.02157054,-0.9654359,-5.9807935,-0.39797953,0.43756515,1.2524806,-5.982653,-0.6395864,0.46366745,-2.253745,2.1348433,-1.4800062,-2.3400142,0.23682469,0.44529933,-0.7621913,-2.3581421,-1.3928126,-0.3597425,-2.9679072,1.0547986,1.8332376,2.0091994,-0.78970087,-0.09369648,0.15948124,1.7885414,1.3274957,-1.1840641,-2.8853326,0.79340297,-0.033804163,0.32418922,-0.21446136,0.48820177,0.20019215,0.3131065,-0.60650784,0.5921993,-2.0983405,-3.23761,-2.2048247,-1.8819712,1.5025254,4.0380774,1.085791,2.5333688,-0.37608582,-0.31425172,1,2
90,-1.0582324,0.7845541,-0.7314402,0.6274685,-0.49000618,0.49344233,0.5522711,-2.29268,1.1753402,0.90294826,-0.2010369,-0.3468272,1.2091576,-1.3414125,-1.7455726,-4.988238,-0.44688427,-1.5496278,-0.8993895,1.4519433,-1.252981,-1.938991,0.1139005,-1.2802947,-0.28805044,-0.86149544,-1.1157835,0.3054686,-0.8290984,1.3875543,-1.8184396,-0.25685847,1.663028,0.062251464,0.77932864,0.6081999,0.31892085,0.023637313,1.7336403,1.0322303,-1.5894635,0.0136792045,-0.9670072,-5.9766884,-0.16468015,0.4279705,1.2932466,-5.9707355,-0.65856194,0.4458486,-2.2502482,2.1348433,-1.4789135,-2.348083,0.07241396,0.41888875,-0.84159166,-2.3644228,-1.4350158,-0.40361366,-2.991385,1.0194926,1.919045,2.0054862,-0.5524719,-0.121539496,0.15072542,1.7734543,1.3671572,-1.2205746,-2.9073706,0.76375693,-0.039096043,0.3265711,-0.5543085,0.522483,0.17106843,0.3087171,-0.6477785,0.62926394,-2.107763,-3.211825,-2.2128024,-1.8715254,1.5408067,4.0333643,1.082841,2.5427768,-0.34841022,-0.35064885,1,2
91,-1.0928904,0.64694947,-0.7410903,0.6332514,-0.4898745,0.4968389,0.5535202,-2.292214,1.1776725,0.9027111,-0.20124975,-0.34645882,1.2112874,-1.3404989,-1.7993227,-4.986836,-0.44867405,-1.54539,-0.97710353,1.4239565,-1.250949,-1.9313099,0.051886145,-1.2757798,-0.2843915,-0.88255984,-1.1396968,0.30556595,-0.8296358,1.3204945,-1.7381909,-0.25712916,1.6842281,-0.0017361935,2.6470463,0.6063834,0.32558525,0.024204236,1.7256277,1.0379418,-1.5895298,0.013325498,-0.97120345,-5.9734497,-0.004914005,0.41838664,1.3333838,-5.958841,-0.6773784,0.4282087,-2.2430875,2.1313405,-1.4801308,-2.368915,0.21751876,0.39255938,-0.92119795,-2.3691628,-1.4758422,-0.44595218,-3.0477483,1.0135889,2.1283998,1.9958167,-1.8358288,-0.14926286,0.14121284,1.7580606,1.4062736,-1.257423,-2.9605699,0.6901026,-0.058401525,0.33238125,-1.8474671,0.5552266,0.14202617,0.30458555,-0.68680507,0.6635079,-2.1313152,-3.1529753,-2.2341702,-1.8472769,1.6344721,4.0240397,1.075944,2.566886,-0.32082587,-0.38617435,1,2
92,-1.1274809,0.64694947,-0.75376135,0.8471833,-0.48500347,0.6224913,0.5997279,-2.2749703,1.263953,0.8939356,-0.20912367,-0.332831,1.2900718,-1.3067042,-1.913056,-4.934983,-0.5148851,-1.3886284,-1.0331186,1.4095167,-1.1757822,-1.6471629,0.051886145,-1.1087599,-0.14903271,-0.89730346,-1.1545506,0.30916718,-0.8495156,1.2342474,-1.6618818,-0.26714247,1.711688,-0.02064815,2.5501935,0.60611767,0.3317375,0.027451321,1.7185918,1.0435222,-1.5919846,0.00024031181,-1.1264337,-5.8536177,-0.13490556,0.40919182,1.3778781,-5.945366,-0.698767,0.40943938,-2.2886333,2.0017712,-1.6221688,-2.4231846,-0.91712844,0.3691545,-0.9988175,-2.3730838,-1.5084616,-0.48257786,-3.048395,0.8093429,2.2548954,1.967786,-0.4947034,-0.17268088,0.1323988,1.7452343,1.438728,-1.2866069,-2.9719894,0.59744966,-0.302744,0.3358466,-0.7740323,0.5848895,0.112812646,0.3009609,-0.72338104,0.6936021,-2.2229629,-3.072806,-2.3163433,-1.8776469,1.803255,3.9533029,1.082721,2.6234763,-0.2965273,-0.41721404,1,2
93,-1.1396343,0.65291077,-0.7582134,0.9223487,-0.483292,0.6666395,0.61596304,-2.2689118,1.2961903,0.8908524,-0.21189018,-0.32423258,1.317753,-1.2948304,-1.9530164,-4.8838086,-0.5381485,-1.3335497,-1.0527997,1.4044433,-1.1493722,-1.5473274,0.087764315,-1.0473366,-0.10147417,-0.9024837,-1.1597694,0.3937478,-0.85650045,1.2039443,-1.635243,-0.27066064,1.7217145,-0.02511779,1.3279642,0.605852,0.3377832,0.030762933,1.711646,1.0489806,-1.5926573,-0.0072445055,-1.1807396,-5.809214,-0.08620711,0.4001087,1.4215844,-5.9319353,-0.7197347,0.3910714,-2.304636,1.946006,-1.6720742,-2.4422522,-0.69698286,0.34574956,-1.0754868,-2.3754168,-1.5403478,-0.5176189,-3.0486221,0.73504484,2.29934,1.9579371,-0.013676162,-0.1960264,0.122835495,1.7325841,1.4711386,-1.3146312,-2.9760015,0.5661954,-0.38859418,0.33706418,-0.21171038,0.61455256,0.080571204,0.2982746,-0.75913763,0.72360027,-2.2554574,-3.0453663,-2.345588,-1.8896945,1.8623848,3.927539,1.0851021,2.6433594,-0.27219188,-0.44820482,1,2
94,-1.1455827,0.65961707,-0.7619782,0.9223487,-0.483292,0.6541278,0.61596304,-2.2689118,1.298353,0.88210654,-0.22891505,-0.3199461,1.317753,-1.2948304,-1.9760946,-4.846734,-0.5381485,-1.3335497,-1.0648829,1.4015185,-1.1493722,-1.5473274,0.12812722,-1.0442535,-0.10147417,-0.90547615,-1.1597694,0.4874774,-0.8605839,1.1809376,-1.6224923,-0.27062666,1.7271367,-0.028675018,0.3026262,0.6054276,0.34362042,0.033873733,1.7048385,1.054445,-1.5924438,-0.0129817175,-1.180476,-5.806627,0.015772033,0.39108613,1.4641714,-5.918658,-0.74053377,0.37318414,-2.298374,1.9344847,-1.6695892,-2.4512105,0.130336,0.32234457,-1.1517129,-2.3763885,-1.5713394,-0.5512317,-3.0500524,0.73219204,2.3285172,1.9566901,-0.03612673,-0.2193326,0.11256877,1.7199833,1.5035079,-1.3419586,-2.9833133,0.5431456,-0.39134443,0.3365132,-0.18617713,0.64337105,0.047171205,0.2963166,-0.79336923,0.7520466,-2.2609358,-3.0408232,-2.3499682,-1.8944321,1.8748152,3.925478,1.0821447,2.6521027,-0.2478365,-0.4787347,1,2
95,-1.1675917,0.65961707,-0.77590805,0.9223487,-0.483292,0.6078345,0.61596304,-2.2689118,1.298353,0.8497472,-0.2919067,-0.3199461,1.317753,-1.2948304,-2.0614836,-4.846734,-0.5381485,-1.3335497,-1.1095904,1.3906965,-1.1493722,-1.5473274,0.12812722,-1.0442535,-0.10147417,-0.9165481,-1.1597694,0.4874774,-0.87569267,1.0958134,-1.574596,-0.27050102,1.745624,-0.05089087,1.4547448,0.6045747,0.34905022,0.036347777,1.6982734,1.0601045,-1.5924438,-0.022190941,-1.180476,-5.806627,0.00027517084,0.38206357,1.504888,-5.9057302,-0.7614928,0.3560076,-2.2752047,1.9344847,-1.6603944,-2.4843562,0.61563605,0.2989396,-1.2281326,-2.3760083,-1.6009871,-0.5833062,-3.0553448,0.73219204,2.4364717,1.9520764,-0.16006973,-0.24263893,0.10149721,1.7072593,1.5358298,-1.3690995,-3.0103664,0.4524519,-0.4015203,0.33447504,-0.862463,0.6699093,0.01507282,0.29495308,-0.8246812,0.776444,-2.2799804,-3.0209851,-2.364622,-1.9062303,1.9215245,3.9216404,1.0712024,2.6844528,-0.22348118,-0.50809157,1,2
96,-1.1847165,0.5571583,-0.79522645,0.97455007,-0.45543632,0.57235515,0.68699473,-2.2499247,1.3697256,0.7899944,-0.34085262,-0.2939604,1.3880206,-1.264689,-2.1379187,-4.505715,-0.5077193,-1.2444286,-1.1442126,1.3845421,-1.0595877,-1.1691945,0.2597894,-0.91742766,0.019251702,-0.92973596,-1.0241262,0.57598364,-0.9489582,0.99733096,-1.5358142,-0.3049599,1.7563913,-0.121876776,1.3612702,0.60333514,0.3533392,0.036668483,1.6924351,1.0663337,-1.5853716,-0.059199084,-1.4104265,-5.6961737,0.37308887,0.37380332,1.5474769,-5.8918276,-0.7867291,0.33760482,-2.3000543,1.7646326,-1.7879473,-2.5285084,-0.33769265,0.27724344,-1.2967823,-2.3736422,-1.6278782,-0.61175406,-3.0321462,0.5631159,2.4944017,1.9216444,0.49377325,-0.26258513,0.08842919,1.6981525,1.5640342,-1.389517,-2.9984205,0.3591224,-0.617031,0.27390102,0.039340466,0.69317,-0.017022356,0.29469725,-0.8540442,0.79610485,-2.3849304,-2.8992684,-2.424723,-1.8957464,2.115539,3.8526177,1.0788696,2.6967292,-0.20086999,-0.5334982,1,2
97,-1.1927594,0.50127184,-0.80494237,1.0030235,-0.44024232,0.55573255,0.7257392,-2.239568,1.416604,0.75931007,-0.36383605,-0.2797864,1.4263483,-1.2482483,-2.1745753,-4.3197045,-0.49112153,-1.1958174,-1.1604611,1.3818234,-1.0106145,-0.9629404,0.34627703,-0.8390293,0.0851021,-0.9362765,-0.950139,0.62425977,-0.9880303,0.9486328,-1.5174847,-0.32376295,1.7611743,-0.1592863,0.7795183,0.60204875,0.35742873,0.036751173,1.6867374,1.0725694,-1.5805433,-0.078842245,-1.5340245,-5.6264696,0.413152,0.36563545,1.5900226,-5.8777194,-0.81221735,0.31932348,-2.3149748,1.6719863,-1.8580637,-2.550637,-0.5564217,0.25575426,-1.3640852,-2.3702447,-1.6537833,-0.6389108,-3.0191805,0.4619799,2.5196342,1.9053173,0.53720015,-0.2818799,0.07517727,1.6896449,1.5913566,-1.4081697,-2.9903092,0.31356326,-0.73398215,0.240981,0.3570788,0.7160336,-0.04915089,0.2944686,-0.8828366,0.81494236,-2.440306,-2.8290534,-2.4566407,-1.8893322,2.2172668,3.811453,1.083697,2.7015178,-0.17847021,-0.55826163,1,2
98,-1.195092,0.48961142,-0.8069609,1.002478,-0.44024232,0.54828507,0.7257392,-2.239568,1.4299903,0.7520466,-0.36383605,-0.2797864,1.4263483,-1.2482483,-2.1828268,-4.3197045,-0.49112153,-1.1958174,-1.1652011,1.380457,-1.0106145,-0.9629404,0.37098783,-0.82349944,0.0851021,-0.93828416,-0.950139,0.6217724,-0.9880303,0.935527,-1.512044,-0.32370502,1.7622381,-0.16719985,0.13016531,0.60066795,0.36138716,0.036556225,1.6810871,1.0788704,-1.5789082,-0.08097056,-1.5309436,-5.6105423,0.12306919,0.3574676,1.6318675,-5.8636227,-0.83738005,0.30134085,-2.31203,1.6719863,-1.8566434,-2.5538394,0.06085368,0.23426512,-1.4309738,-2.3659236,-1.6788627,-0.6650266,-3.0200305,0.44696897,2.5316849,1.9045982,-0.022529962,-0.3009433,0.06190727,1.681267,1.6183169,-1.4259082,-2.9950838,0.29995257,-0.7364332,0.24041834,-0.12275145,0.738416,-0.080820106,0.29425716,-0.91071373,0.8327773,-2.4401443,-2.8135755,-2.4571383,-1.8868215,2.2202172,3.8045523,1.0816514,2.7044487,-0.15607035,-0.5826216,1,2
99,-1.2123525,0.40332532,-0.8218977,0.9984415,-0.44024232,0.49317408,0.7257392,-2.239568,1.4299903,0.6982971,-0.36383605,-0.2797864,1.4263483,-1.2482483,-2.2438865,-4.3197045,-0.49112153,-1.1958174,-1.2002761,1.3703458,-1.0106145,-0.9629404,0.37098783,-0.82349944,0.0851021,-0.9531409,-0.950139,0.603366,-0.9880303,0.8385453,-1.4717826,-0.32327637,1.77011,-0.22575991,1.0932823,0.5986824,0.36487526,0.03444451,1.6754221,1.0859677,-1.5789082,-0.09671994,-1.5309436,-5.6105423,0.022952333,0.3492997,1.6708539,-5.850135,-0.86207473,0.2836324,-2.2902389,1.6719863,-1.8461335,-2.577536,0.5172877,0.21277589,-1.4976653,-2.3604856,-1.7026074,-0.6896465,-3.0263188,0.44696897,2.62086,1.8992773,-0.16980052,-0.32000667,0.04817156,1.6727455,1.6452827,-1.443555,-3.0304153,0.19923408,-0.75457084,0.23625536,-1.005976,0.7577196,-0.10934338,0.29480115,-0.93475944,0.84570736,-2.4482536,-2.7612834,-2.4608192,-1.8682437,2.2588012,3.8001263,1.0665147,2.7261357,-0.13367042,-0.6053975,1,2
100,-1.2263608,0.382337,-0.83404034,0.9134571,-0.43482137,0.47976887,0.76524264,-2.226116,1.4905492,0.6337561,-0.34198746,-0.26093844,1.4859697,-1.2226737,-2.2941315,-4.0965476,-0.47733682,-1.1391037,-1.2221191,1.3621414,-0.95347863,-0.76395035,0.443893,-0.7222838,0.18753676,-0.9652189,-0.90702146,0.56951636,-1.0361723,0.74827,-1.4403622,-0.3301678,1.7793828,-0.25769404,1.1160575,0.5966969,0.36778122,0.03077346,1.6699393,1.0938895,-1.5700201,-0.13086274,-1.6490676,-5.516782,0.469241,0.34168476,1.7112561,-5.835866,-0.88838744,0.26562798,-2.3006303,1.5623626,-1.9546075,-2.6131794,-0.045783103,0.19237414,-1.5591507,-2.3541048,-1.7247988,-0.7121872,-3.0228488,0.3281413,2.6691003,1.877005,0.022908196,-0.3363885,0.03513353,1.6664442,1.6691092,-1.4559227,-3.0190825,0.114997655,-0.9404901,0.21391812,-0.0542936,0.774575,-0.13557969,0.29536283,-0.95780504,0.85502833,-2.5060203,-2.683254,-2.5120444,-1.8758394,2.366462,3.7444963,1.0719669,2.7501938,-0.11235822,-0.6251074,1,2
101,-1.2344186,0.4292822,-0.8410301,0.84445584,-0.43036854,0.48769304,0.7976915,-2.2124078,1.5402932,0.5914802,-0.3240407,-0.24510074,1.5349437,-1.2016662,-2.323204,-3.9028375,-0.46601388,-1.0925181,-1.2330533,1.3574225,-0.9065463,-0.6004962,0.5037786,-0.63914347,0.2716784,-0.9753351,-0.87160397,0.5453893,-1.075717,0.69349325,-1.4239277,-0.3359942,1.7887342,-0.25592867,0.6518329,0.59481186,0.37050596,0.027288677,1.6646748,1.1017647,-1.5649517,-0.15605082,-1.7512277,-5.434706,0.50230545,0.33425793,1.7517966,-5.821312,-0.9151352,0.24764568,-2.3135202,1.4691831,-2.0458102,-2.6377225,-0.43515387,0.17232195,-1.6184324,-2.347004,-1.7461826,-0.73345935,-3.0187426,0.23053412,2.6909084,1.8597729,0.15208611,-0.3519086,0.022326149,1.6608659,1.6917229,-1.4664724,-3.0100152,0.065928034,-1.0943642,0.19536,0.4723385,0.79064363,-0.16100448,0.2958575,-0.98037803,0.86313176,-2.5573516,-2.6414876,-2.5566463,-1.8961052,2.4509568,3.6976836,1.077538,2.7650678,-0.09139218,-0.6438317,1,2
102,-1.2344186,0.55334985,-0.8410301,0.84445584,-0.43036854,0.50863504,0.7976915,-2.2053826,1.5402932,0.5914802,-0.3240407,-0.24416088,1.5349437,-1.2016662,-2.323204,-3.8753395,-0.46601388,-1.0925181,-1.2330533,1.3574225,-0.9065463,-0.6004962,0.5037786,-0.63914347,0.2716784,-0.98369545,-0.87160397,0.5453893,-1.075717,0.69349325,-1.4274433,-0.3362055,1.7974741,-0.21286058,-0.11590583,0.593092,0.37324026,0.0249334,1.6596725,1.1091273,-1.5708514,-0.15681542,-1.7647873,-5.4213347,-0.43200713,0.3268483,1.7918179,-5.8067017,-0.94174325,0.22985609,-2.3135202,1.4609051,-2.0458102,-2.6377225,-0.00082696596,0.15226975,-1.6768434,-2.339217,-1.7670593,-0.7537455,-3.0187426,0.23053412,2.6909084,1.8597729,-0.0026284144,-0.36742854,0.009530233,1.6553032,1.7140013,-1.4768227,-3.0293093,0.065928034,-1.106998,0.1926074,-0.66821545,0.80671215,-0.1863029,0.29623193,-1.0027028,0.87114066,-2.5718899,-2.6728847,-2.5652606,-1.9233656,2.4609194,3.6923919,1.0724329,2.7636018,-0.07042059,-0.66255593,1,2
103,-1.2433609,0.55334985,-0.85856825,0.7610354,-0.43036854,0.50863504,0.7976915,-2.2053826,1.5402932,0.52456754,-0.3240407,-0.24416088,1.5349437,-1.2016662,-2.3772955,-3.8753395,-0.46601388,-1.0925181,-1.2449893,1.3574225,-0.9065463,-0.6004962,0.47190994,-0.63914347,0.2716784,-0.9803626,-0.9263634,0.51457864,-1.075717,0.6214746,-1.4090589,-0.33489567,1.8079447,-0.2520993,0.40797627,0.5913722,0.37532455,0.02041747,1.6547055,1.1178523,-1.5708514,-0.17462394,-1.7647873,-5.4213347,-0.119605444,0.31943864,1.8281515,-5.792952,-0.9677507,0.21234082,-2.2910259,1.4609051,-2.032932,-2.6586647,0.4703317,0.1322175,-1.7348826,-2.3305697,-1.7865859,-0.77260774,-3.0088933,0.22811882,2.7089393,1.8597729,0.2280378,-0.38294864,-0.002943303,1.6496203,1.7353574,-1.4873252,-3.0274916,-0.0030626224,-1.1057966,0.21782923,-0.14045577,0.8201371,-0.20907828,0.29761198,-1.0216128,0.8750283,-2.5826762,-2.6378458,-2.5705843,-1.914868,2.4687212,3.6923919,1.0633516,2.7981608,-0.04944892,-0.67992014,1,2
104,-1.2509242,0.59492695,-0.88174003,0.6608872,-0.4214627,0.47985807,0.82210195,-2.1937373,1.5879909,0.46038234,-0.28216434,-0.22400473,1.5605575,-1.1806583,-2.4288907,-3.720847,-0.4575665,-1.0416569,-1.2558188,1.360274,-0.9090328,-0.5567584,0.42205262,-0.57463306,0.3558211,-0.97910154,-1.0155762,0.4884939,-0.9894591,0.54666287,-1.3955456,-0.3428176,1.822829,-0.2930572,0.48967704,0.5892873,0.37674752,0.014147497,1.649995,1.1273258,-1.5637939,-0.20936757,-1.8342301,-5.3422313,0.37231368,0.31262025,1.8659043,-5.7785115,-0.99413544,0.19510733,-2.303636,1.3765903,-2.0865734,-2.6949162,-0.086680725,0.11314033,-1.789101,-2.3218722,-1.8043325,-0.78995246,-2.9912562,0.15378875,2.715859,1.8622432,0.49770004,-0.3967596,-0.013075075,1.6448123,1.7536534,-1.495122,-2.9981518,-0.09049011,-1.2463901,0.2578186,0.7472421,0.8318161,-0.23046032,0.29942396,-1.0378937,0.87846744,-2.6263535,-2.5594983,-2.6060665,-1.9172264,2.522736,3.6631432,1.0463867,2.8560283,-0.029421225,-0.6952346,1,2
105,-1.2560127,0.64554197,-0.9018703,0.57739455,-0.40985432,0.4448256,0.8532381,-2.1795084,1.6473387,0.41306645,-0.23118488,-0.19746664,1.591739,-1.155084,-2.466786,-3.5327706,-0.4472828,-0.9765165,-1.2635045,1.3637453,-0.91205984,-0.5035128,0.3760369,-0.49609926,0.45825467,-0.9784969,-1.0989583,0.47093114,-0.88445055,0.4887623,-1.3875631,-0.35401282,1.8361259,-0.32484412,0.28644434,0.58698016,0.37773785,0.0068524843,1.6454781,1.1372018,-1.5544778,-0.24518938,-1.9219414,-5.2443852,0.7193889,0.30622044,1.9042592,-5.763659,-1.0206238,0.17818232,-2.329349,1.271549,-2.1578078,-2.7294009,-0.8086886,0.09471858,-1.8407067,-2.3130195,-1.8206307,-0.8061161,-2.9743226,0.064413294,2.715977,1.8652503,0.59225327,-0.40953034,-0.021762978,1.6405455,1.7699957,-1.5012276,-2.961903,-0.1651435,-1.4170414,0.29502523,1.3387357,0.84243226,-0.25092757,0.30148,-1.0524921,0.8816022,-2.675852,-2.4794424,-2.6468096,-1.9240115,2.5872307,3.6269238,1.0303446,2.910632,-0.010021045,-0.7093014,1,2
106,-1.2560127,0.64554197,-0.9018703,0.57739455,-0.40670246,0.4448256,0.8590732,-2.1792955,1.6526077,0.41306645,-0.23118488,-0.18924294,1.591739,-1.155084,-2.466786,-3.5327706,-0.4472828,-0.96326756,-1.2635045,1.3637453,-0.91205984,-0.5035128,0.3760369,-0.49609926,0.45825467,-0.9760114,-1.0989583,0.47093114,-0.88445055,0.4887623,-1.3875631,-0.3579097,1.8361259,-0.32484412,0.034112655,0.5846731,0.37863442,-0.0003099388,1.6410782,1.1469142,-1.5514997,-0.25229597,-1.9349862,-5.2380223,0.2759059,0.30000326,1.9417956,-5.7488394,-1.046721,0.1616833,-2.329349,1.2616906,-2.1578078,-2.7294009,-0.097001486,0.0764892,-1.8914182,-2.3037772,-1.835794,-0.8214794,-2.9743226,0.064413294,2.715977,1.8652503,0.068191215,-0.42230096,-0.030394433,1.6363046,1.7860544,-1.507197,-2.9562783,-0.1651435,-1.412691,0.295609,0.3271285,0.85304844,-0.2711895,0.30347854,-1.0668349,0.88463897,-2.6811764,-2.476082,-2.6468096,-1.9240115,2.596815,3.6244056,1.0321025,2.910943,0.009214621,-0.7233682,1,2
107,-1.2603593,0.64554197,-0.9236427,0.57739455,-0.40627652,0.4448256,0.85986173,-2.1792667,1.6533197,0.37749043,-0.23118488,-0.18813163,1.591739,-1.155084,-2.4992676,-3.5327706,-0.4472828,-0.9614772,-1.3036193,1.3637453,-0.9982586,-0.5035128,0.3367531,-0.49609926,0.45825467,-0.9756755,-1.1106542,0.4615874,-0.88445055,0.43424827,-1.379748,-0.3584363,1.8453399,-0.38813314,0.18696336,0.58236593,0.37897247,-0.009279039,1.6366441,1.1580138,-1.5510973,-0.26194385,-1.9367491,-5.237162,0.07958284,0.29378605,1.9770061,-5.734533,-1.0723107,0.145412,-2.3139634,1.2603583,-2.1480234,-2.7417514,0.3214348,0.058259632,-1.941687,-2.2940516,-1.8500698,-0.8358477,-2.959406,0.061885543,2.7956498,1.892033,0.34671506,-0.43507162,-0.040090047,1.6322925,1.8014871,-1.5142639,-2.9564059,-0.21219198,-1.4127884,0.3009018,0.046616886,0.86166346,-0.2893576,0.30625266,-1.0786833,0.884705,-2.691388,-2.419113,-2.652095,-1.8935876,2.6325827,3.6463428,1.024795,2.9262204,0.028450362,-0.7364056,1,2
108,-1.2632772,0.6296452,-0.94816387,0.5751036,-0.37080044,0.48128834,0.8755898,-2.1697388,1.6885656,0.34142518,-0.20522204,-0.1732717,1.6067636,-1.1386433,-2.5760098,-3.4421856,-0.39706728,-0.8695185,-1.3443482,1.365757,-1.085845,-0.4828873,0.276362,-0.47528803,0.5169277,-0.9934285,-1.1278449,0.45214626,-0.80127686,0.37886727,-1.3750384,-0.40239054,1.8533175,-0.4692809,0.19446683,0.5805214,0.37814945,-0.020135576,1.6329949,1.1699811,-1.5455914,-0.28397417,-1.9779971,-5.1757765,0.29015785,0.28800473,2.0134358,-5.719618,-1.0979843,0.12970579,-2.3022356,1.1658707,-2.1679273,-2.7854524,0.3858071,0.04179323,-1.9882426,-2.2851381,-1.8598747,-0.850282,-2.9362946,0.03496331,2.8675337,1.9204947,0.6914711,-0.44729102,-0.04953869,1.6287255,1.8153968,-1.5212357,-2.969019,-0.27870855,-1.5391092,0.30458042,-0.32841003,0.869121,-0.30573717,0.3089188,-1.0886588,0.885048,-2.716442,-2.3142338,-2.6676803,-1.8763198,2.6939907,3.6457243,0.98853517,2.9722633,0.04577134,-0.74847597,1,2
109,-1.2638955,0.60050154,-0.9694192,0.5709035,-0.30556008,0.5481362,0.90442437,-2.1514075,1.7531825,0.31403172,-0.15762381,-0.14602873,1.6343085,-1.1085019,-2.681345,-3.249642,-0.3050062,-0.69949657,-1.3753512,1.3694448,-1.1525884,-0.44507414,0.20840755,-0.43713444,0.62449414,-1.0259755,-1.1466293,0.4450087,-0.6487928,0.3366764,-1.374911,-0.48321882,1.8579133,-0.5491585,0.004352946,0.5791651,0.37618715,-0.032653745,1.6301883,1.1826092,-1.5360887,-0.31490618,-2.0553224,-5.060963,0.72855765,0.28268358,2.0514834,-5.7039566,-1.123822,0.114592366,-2.2974827,0.983293,-2.2150674,-2.852127,0.14096235,0.027215352,-2.0303628,-2.2771757,-1.8652534,-0.8645976,-2.910161,-0.0116423005,2.9125934,1.9435205,0.8690593,-0.45892835,-0.05853883,1.6255939,1.8277737,-1.5279058,-2.9911761,-0.34944093,-1.7699507,0.30564898,-0.7922751,0.8756868,-0.32054698,0.31133547,-1.0970502,0.8861683,-2.752738,-2.1822743,-2.6904995,-1.8777795,2.7702997,3.619442,0.9302722,3.040091,0.061039247,-0.7596954,1,2
110,-1.2638955,0.60050154,-0.9694192,0.5709035,-0.30369762,0.5481362,0.90442437,-2.1434243,1.7531825,0.31403172,-0.15762381,-0.14602873,1.6343085,-1.1085019,-2.681345,-3.0047789,-0.3050062,-0.68624765,-1.3753512,1.3694448,-1.1525884,-0.44507414,0.20840755,-0.43713444,0.62449414,-1.0259755,-1.1466293,0.4450087,-0.6487928,0.3366764,-1.374911,-0.48549488,1.8579133,-0.5491585,0.0009368437,0.5778088,0.37417492,-0.04490143,1.6274555,1.1950166,-1.5415608,-0.31490618,-2.0710876,-5.0399375,-0.1605154,0.2773624,2.0890915,-5.6881347,-1.1495888,0.09975845,-2.2974827,0.89679766,-2.2150674,-2.852127,0.029341117,0.012864104,-2.067621,-2.2693248,-1.8718418,-0.87600374,-2.910161,-0.0116423005,2.9125934,1.9435205,0.18283795,-0.4705658,-0.06743754,1.6224903,1.8399137,-1.5344105,-2.9911761,-0.34944093,-1.7699507,0.30564898,-0.17124346,0.88225263,-0.3351406,0.31369215,-1.1052873,0.8872488,-2.7591727,-2.1711714,-2.6904995,-1.8777795,2.7818825,3.6111217,0.9302722,3.040091,0.076042555,-0.7709148,1,2
111,-1.2638955,0.5949129,-0.974869,0.56844884,-0.30319425,0.5481362,0.90442437,-2.1412668,1.7531825,0.29722205,-0.15762381,-0.14602873,1.6343085,-1.1085019,-2.7675285,-2.938599,-0.3050062,-0.68266684,-1.3753512,1.3694448,-1.1525884,-0.44507414,0.19156739,-0.43713444,0.62449414,-1.0259755,-1.1466293,0.4096776,-0.6487928,0.3174582,-1.3752325,-0.48595604,1.8589927,-0.57003564,-0.007675207,0.5764525,0.3720049,-0.057608116,1.6246718,1.207754,-1.5430397,-0.31884053,-2.0753484,-5.034255,-0.18935636,0.27204123,2.1251943,-5.6726117,-1.1749378,0.08510873,-2.2482312,0.8734204,-2.183585,-2.8810215,1.0307761,-0.0014871457,-2.1051362,-2.2614882,-1.877641,-0.88653255,-2.910161,-0.012266086,2.9125934,1.9435205,-0.0026284144,-0.48220313,-0.07601166,1.6193416,1.8515905,-1.5409716,-2.9911761,-0.36685354,-1.7699507,0.30564898,-0.0033960624,0.88811296,-0.3478283,0.3158759,-1.1127471,0.8870655,-2.7620237,-2.149528,-2.679349,-1.8871084,2.785013,3.608873,0.90688515,3.0692384,0.091045946,-0.7817714,1,2
112,-1.261874,0.58797187,-0.9816888,0.56532145,-0.27148187,0.5740831,0.91295755,-2.1396585,1.772274,0.27553546,-0.14870943,-0.13504891,1.6590278,-1.0966281,-2.8856323,-2.8250532,-0.28225058,-0.6459239,-1.365014,1.3705344,-1.1226647,-0.40910143,0.15922353,-0.42586175,0.6494625,-1.0124989,-1.1415662,0.30783674,-0.60869974,0.2934464,-1.380477,-0.52392775,1.8597987,-0.5962956,-0.12943168,0.5754253,0.36906368,-0.07096474,1.6226398,1.2204083,-1.5369033,-0.3336176,-2.0882154,-5.0103106,0.32353947,0.26704213,2.1611476,-5.656989,-1.1998849,0.07106879,-2.1816335,0.81173897,-2.184357,-2.9321685,1.9290044,-0.01513404,-2.1401312,-2.2541127,-1.8821945,-0.89635265,-2.909874,-0.028212208,2.8875341,1.9346422,0.004093411,-0.49354193,-0.083668485,1.6163573,1.862079,-1.5471221,-2.9485712,-0.397804,-1.7797701,0.30641586,1.0616564,0.89345765,-0.35678563,0.31705174,-1.1193324,0.88621694,-2.7681057,-2.1134338,-2.6804428,-1.9103917,2.7836242,3.5920124,0.9034907,3.121242,0.10533286,-0.79216135,1,2
113,-1.2561204,0.58235556,-0.9873111,0.56263053,-0.18122377,0.6479318,0.93724424,-2.1350815,1.8266113,0.2563392,-0.123337805,-0.10379872,1.7293829,-1.0628331,-3.003736,-2.5018845,-0.21748482,-0.541348,-1.3355927,1.3736356,-1.0374973,-0.3067177,0.10977219,-0.3937779,0.7205262,-0.97414255,-1.1271558,0.10736718,-0.49458873,0.2737255,-1.3945906,-0.6323903,1.8593613,-0.6182179,-0.45651686,0.5750059,0.3648064,-0.085207455,1.6220298,1.2326834,-1.5194381,-0.36572164,-2.1248367,-4.9421597,1.2483658,0.26263767,2.197855,-5.6409793,-1.2243757,0.058028605,-2.116689,0.6361842,-2.266202,-3.0046403,1.8756294,-0.027480286,-2.1702983,-2.2475777,-1.8849883,-0.90546405,-2.9090574,-0.07201907,2.8162122,1.9093733,0.023224724,-0.50432926,-0.08985277,1.6137078,1.87069,-1.5524771,-2.827311,-0.4418412,-1.807717,0.3085985,4.092954,0.8983328,-0.36015803,0.31648576,-1.1248343,0.88500404,-2.7826028,-2.0578682,-2.711766,-1.9530576,2.7796714,3.5440242,0.9529968,3.1955106,0.11829695,-0.8019383,1,2
114,-1.2557962,0.58220387,-0.987463,0.5625578,-0.13278446,0.80328465,0.95309156,-2.1349578,1.8424983,0.25582045,-0.12265215,-0.10295422,1.738183,-1.0619198,-3.0069277,-2.4128866,-0.2157346,-0.5385219,-1.3347977,1.3737195,-1.0351957,-0.2561175,0.10843581,-0.3569411,0.7224467,-0.973106,-1.1267663,0.10194966,-0.491505,0.27319258,-1.3953767,-0.6847736,1.8593059,-0.6188103,-0.14653963,0.5765318,0.35948467,-0.09909998,1.622675,1.2449969,-1.5095428,-0.36658928,-2.152063,-4.9261456,0.8725333,0.25823325,2.2337365,-5.624905,-1.249037,0.045107022,-2.1085346,0.6070147,-2.276277,-3.006599,0.6846918,-0.039826464,-2.1985452,-2.241038,-1.8884126,-0.9133164,-2.9090352,-0.115091644,2.8142848,1.9086903,0.005127528,-0.5141638,-0.09514401,1.6118032,1.8778152,-1.5562606,-2.8240342,-0.4430313,-1.8084724,0.3086576,1.2255092,0.9032079,-0.36347398,0.31592205,-1.1302269,0.8838111,-2.7936585,-2.0488825,-2.71562,-1.9542106,2.7988412,3.5371192,0.960176,3.1975176,0.13126105,-0.81107324,1,2
115,-1.2557261,0.58220387,-0.98995775,0.56135774,-0.11361767,0.8671836,0.9594211,-2.1349578,1.8485061,0.24668929,-0.12265215,-0.10295422,1.7410576,-1.0619198,-3.0609295,-2.379443,-0.2157346,-0.5385219,-1.3360428,1.3665934,-1.0351957,-0.23618686,0.10538657,-0.34195367,0.7224467,-0.973106,-1.1267663,0.012491965,-0.491505,0.25931448,-1.3957361,-0.70519954,1.8599408,-0.62795925,-0.012349618,0.5781118,0.35408828,-0.113087006,1.6233014,1.2573849,-1.5056163,-0.36876887,-2.1629949,-4.9202404,0.4005762,0.2538288,2.2685661,-5.609032,-1.2733785,0.032325223,-2.0707026,0.59683746,-2.2572813,-3.0213997,0.84371126,-0.05217271,-2.2268262,-2.2345629,-1.8914651,-0.92057985,-2.9309459,-0.13260932,2.841944,1.9049022,-0.5157764,-0.5239718,-0.100358516,1.6098161,1.8849826,-1.560069,-2.8240342,-0.4441766,-1.8084724,0.3086576,-0.0033960624,0.9075735,-0.36350542,0.3144648,-1.135343,0.88130504,-2.7987747,-2.0375946,-2.7088761,-1.9599673,2.8188405,3.5316315,0.94606495,3.2124486,0.14422522,-0.81992817,1,2
116,-1.2547668,0.59909403,-0.9955687,0.55657583,-0.10485129,0.91008085,0.9658998,-2.1362927,1.8597561,0.2309765,-0.12908372,-0.09731508,1.7415516,-1.0546128,-3.152492,-2.3124564,-0.20529456,-0.51350546,-1.3380235,1.3552511,-1.0213939,-0.2116119,0.1013671,-0.32916436,0.73397785,-0.9721533,-1.1068734,-0.13553777,-0.45763388,0.23724234,-1.3988826,-0.7092917,1.8626748,-0.64406323,-0.078161575,0.5802361,0.3483863,-0.12715165,1.6241441,1.2700394,-1.4997469,-0.37754944,-2.1682663,-4.913301,0.30940375,0.24958976,2.302599,-5.593292,-1.2974272,0.01999031,-2.022937,0.5581073,-2.2278872,-3.0544584,1.4683758,-0.064039335,-2.2535489,-2.228606,-1.8935616,-0.92711085,-2.9627082,-0.14798108,2.8825846,1.8943964,-1.0730369,-0.533441,-0.10513731,1.6079661,1.8917339,-1.5633919,-2.8143167,-0.448979,-1.8215799,0.30009848,0.23951977,0.9114532,-0.35949087,0.31181157,-1.1398313,0.8780341,-2.8037426,-2.0195494,-2.7001662,-1.9755661,2.840298,3.5201466,0.9189324,3.2412379,0.15668389,-0.82830465,1,2
117,-1.2503303,0.67721117,-1.0063097,0.5417754,-0.06430677,1.1084803,0.9958641,-2.1424663,1.9117882,0.21397413,-0.15882978,-0.0712341,1.7438364,-1.0208179,-3.2467387,-2.0026438,-0.15700936,-0.39780447,-1.3395941,1.3462381,-0.95755994,-0.097952455,0.1013671,-0.27001393,0.7873094,-0.9677472,-1.0148686,-0.27478608,-0.3009798,0.21976817,-1.4122716,-0.7293104,1.8713369,-0.6627664,-0.39076915,0.5843329,0.3416885,-0.1412396,1.6259046,1.2834783,-1.4726007,-0.40487126,-2.1926467,-4.8812046,1.7468729,0.2459504,2.3362849,-5.577534,-1.3212165,0.008937871,-2.0164094,0.37898052,-2.227721,-3.1171162,0.36633417,-0.074167326,-2.2744067,-2.2243662,-1.8931551,-0.9323555,-2.9760256,-0.21868527,2.9019196,1.868901,-0.5218992,-0.541682,-0.10846561,1.6068681,1.8967714,-1.5647861,-2.7693744,-0.46420732,-1.8822021,0.26051214,1.3630066,0.91482997,-0.34892398,0.30703142,-1.1427205,0.87523776,-2.8226173,-1.9858984,-2.7086396,-2.012613,2.8665767,3.4862382,0.89431196,3.28336,0.16731006,-0.83559513,1,2
118,-1.2496109,0.6898786,-1.0080515,0.53937536,-0.057732068,1.1406529,1.0111614,-2.1434674,1.9326419,0.211217,-0.1636534,-0.067004815,1.7442069,-1.0153377,-3.2620215,-1.7786245,-0.057610016,-0.37904236,-1.3398489,1.3447767,-0.9472087,-0.030395674,0.10320854,-0.25876275,0.7959577,-0.9670327,-0.9999491,-0.29736662,-0.27557677,0.21693458,-1.4144428,-0.7325567,1.8727416,-0.6657993,-0.17311285,0.5884298,0.33503553,-0.15504888,1.6276151,1.2966843,-1.4610687,-0.4093018,-2.2112057,-4.864774,1.153161,0.24231108,2.3693385,-5.561744,-1.3449802,-0.0019596987,-2.015351,0.3009136,-2.227694,-3.127277,0.073076084,-0.08429525,-2.291258,-2.2199452,-1.8948045,-0.9373393,-2.978185,-0.23410635,2.9050553,1.8647667,-0.17121491,-0.5498789,-0.11235929,1.6061189,1.9013673,-1.5664293,-2.7620864,-0.46667674,-1.8920325,0.25409275,0.6038892,0.9182069,-0.33855534,0.30231786,-1.1455535,0.87249774,-2.8316398,-1.9745135,-2.7100136,-2.0186207,2.8815691,3.4762974,0.8903195,3.2901905,0.17793623,-0.8428558,1,2
119,-1.2496109,0.6898786,-1.0206592,0.53937536,-0.057732068,1.1406529,1.0178959,-2.1455705,1.9406521,0.19004916,-0.16686922,-0.067004815,1.7080083,-1.0153377,-3.3141153,-1.6665094,0.0014663951,-0.37904236,-1.3398489,1.3416747,-0.9472087,0.001298036,0.10439655,-0.25769225,0.7884324,-0.9670327,-1.0133948,-0.3265985,-0.27557677,0.21320693,-1.4151354,-0.7325567,1.8753936,-0.7196728,-0.01655447,0.59252673,0.32803082,-0.17030877,1.6290671,1.310933,-1.4551983,-0.41416612,-2.21698,-4.8631973,0.4799655,0.23867172,2.4008684,-5.5463676,-1.3683953,-0.012770051,-2.0078735,0.26928833,-2.1647844,-3.1387043,0.15579589,-0.094423175,-2.3075037,-2.2157826,-1.8965465,-0.94141614,-2.9878886,-0.23665832,2.9165885,1.862831,-0.22988112,-0.55806744,-0.11633147,1.60539,1.9059335,-1.5681304,-2.7672353,-0.46112874,-1.8824754,0.2600017,-0.13210888,0.92144686,-0.32746562,0.29745463,-1.1482224,0.8693764,-2.8367283,-1.9255735,-2.6882198,-1.9934363,2.8908014,3.4740636,0.8474487,3.304865,0.1885624,-0.85004026,1,2
120,-1.2477983,0.6965849,-1.047997,0.54253906,-0.05526946,1.1527176,1.0188805,-2.150303,1.9447109,0.14491223,-0.17372638,-0.06458535,1.6292237,-1.0125976,-3.4251962,-1.6317922,0.00552202,-0.37200654,-1.3363768,1.3354704,-0.94314116,0.0068200342,0.12584004,-0.25031635,0.7721747,-0.9641334,-1.0475842,-0.38506177,-0.271128,0.20565055,-1.4211205,-0.7326697,1.881244,-0.83645254,-0.15680441,0.5967766,0.32048434,-0.18752085,1.6302596,1.3266532,-1.4511137,-0.42671764,-2.2085993,-4.8723893,0.27029973,0.23510337,2.4306996,-5.5315084,-1.3912753,-0.023365147,-1.9966909,0.25454536,-2.030772,-3.166137,0.36238018,-0.104416154,-2.3232431,-2.212176,-1.8979042,-0.94416213,-3.0093384,-0.24239537,2.9334092,1.857664,-0.69213265,-0.5660604,-0.12025338,1.6048014,1.9106338,-1.5692289,-2.7723932,-0.45068017,-1.8566012,0.27560642,-0.23833004,0.9245221,-0.31553105,0.29246485,-1.150575,0.8658348,-2.8393342,-1.8261472,-2.641992,-1.9409227,2.891922,3.4734032,0.7583519,3.3408494,0.19905436,-0.8570084,1,2
121,-1.2254426,0.7792972,-1.0741783,0.5815583,-0.024896884,1.3015172,1.0310239,-2.1567957,1.9947668,0.11035896,-0.17897569,-0.03474495,1.5504386,-0.97880256,-3.5102305,-1.2036067,0.055542003,-0.28523085,-1.2935538,1.3354704,-0.8929741,0.074925475,0.39031315,-0.15934613,0.75728524,-0.92837566,-1.1375937,-0.38506177,-0.2162593,0.2044024,-1.4778538,-0.7340636,1.8879834,-0.9478683,-1.4778956,0.6027611,0.31160173,-0.20679748,1.6318303,1.3445495,-1.4320724,-0.46153358,-2.1952362,-4.8460197,1.1321677,0.23233937,2.4599674,-5.516923,-1.4126759,-0.032283254,-2.0432203,0.07271286,-1.9297044,-3.2226102,-0.95309544,-0.11288036,-2.3309846,-2.2109685,-1.8989742,-0.94324553,-3.034539,-0.31315312,2.8563826,1.8416826,-0.78771454,-0.57183886,-0.12401917,1.6064305,1.9161083,-1.5633652,-2.709,-0.45866442,-1.7732323,0.32231173,1.6265227,0.9275553,-0.30415007,0.28820562,-1.1513876,0.86276,-2.8408227,-1.7127312,-2.6094224,-1.9144608,2.8487766,3.4496748,0.7169618,3.422693,0.20802602,-0.8624625,1,2
122,-1.2184311,0.8038871,-1.081962,0.636178,-6.139323e-05,1.3457549,1.0346341,-2.1587262,2.0283926,0.10008641,-0.18053629,-0.025708407,1.5270163,-0.9687556,-3.535511,-1.0606663,0.07041276,-0.2594327,-1.2808226,1.3499079,-0.8780596,0.09517296,0.48386943,-0.11458015,0.7528586,-0.917745,-1.1643531,-0.33444953,-0.19994707,0.20403135,-1.4956014,-0.73952603,1.8899037,-0.9809918,-0.9380505,0.60874563,0.30253077,-0.22549973,1.6337848,1.3616673,-1.4227371,-0.472037,-2.181428,-4.8226085,0.8744458,0.22958024,2.4892848,-5.502222,-1.4336041,-0.040820584,-2.0570536,0.014973666,-1.8996574,-3.2393992,-0.65933156,-0.12134449,-2.338356,-2.2098079,-1.900215,-0.942131,-2.9959557,-0.3480017,2.782126,1.8461045,0.6776698,-0.5771479,-0.1272306,1.6085209,1.920838,-1.5563859,-2.6901538,-0.47501382,-1.7484471,0.33619705,1.0673512,0.9305885,-0.29450506,0.28464255,-1.1519768,0.860087,-2.8371649,-1.6707898,-2.5996578,-1.9065938,2.806502,3.4440885,0.7046567,3.4470246,0.21699928,-0.86760044,1,2
123,-1.2180798,0.8038871,-1.0908343,0.6775425,0.015136432,1.3457549,1.0346341,-2.159244,2.046416,0.09812972,-0.18195502,-0.025549645,1.5014641,-0.9687556,-3.5561955,-1.0456256,0.07041276,-0.2594327,-1.2970204,1.3637898,-0.8780596,0.09517296,0.4982246,-0.097540945,0.7528586,-0.917745,-1.1862835,-0.28578424,-0.19994707,0.20374796,-1.4965373,-0.74438,1.8902164,-1.027381,-0.033725575,0.6147301,0.2930932,-0.24520482,1.6356351,1.3793038,-1.4188955,-0.47257417,-2.1711571,-4.808983,0.30679682,0.22682314,2.5181923,-5.4875793,-1.4541761,-0.049139075,-2.0571897,0.011434177,-1.860361,-3.2429717,-0.0036827787,-0.1298087,-2.345633,-2.2088337,-1.9014455,-0.9404504,-2.93797,-0.36128294,2.7561867,1.8549248,1.9364203,-0.58225834,-0.13036354,1.6107527,1.9253881,-1.5490888,-2.6913795,-0.488621,-1.7494804,0.34551245,-0.03403756,0.9336113,-0.2859961,0.28154084,-1.1524254,0.857644,-2.8332949,-1.6221701,-2.5847194,-1.8800185,2.7877326,3.4460328,0.67504734,3.4555895,0.22597322,-0.87259907,1,2
124,-1.2180798,0.8038871,-1.1181903,0.6775425,0.015136432,1.3457549,1.0346341,-2.1608407,2.046416,0.092096634,-0.18632941,-0.025549645,1.4226797,-0.9687556,-3.6199708,-1.0456256,0.07041276,-0.2594327,-1.3469628,1.3637898,-0.8780596,0.09517296,0.4982246,-0.097540945,0.7528586,-0.917745,-1.253901,-0.28578424,-0.19994707,0.20287427,-1.4968115,-0.74438,1.8914274,-1.1704127,-0.010292421,0.6207146,0.2830574,-0.26750532,1.6369295,1.3987072,-1.4179441,-0.47377774,-2.1686487,-4.813135,0.08027315,0.22406606,2.5462034,-5.473157,-1.4744223,-0.05733734,-2.0576103,0.011434177,-1.7391977,-3.253986,-0.012488107,-0.13827276,-2.353039,-2.2082067,-1.9025043,-0.9377644,-2.8957815,-0.36128294,2.828466,1.8549248,1.3888685,-0.5873687,-0.13382018,1.6128734,1.9302195,-1.542114,-2.695159,-0.48914236,-1.752667,0.37423432,-0.1285145,0.9366125,-0.2783237,0.2787857,-1.1527777,0.8553262,-2.8335183,-1.4966404,-2.5389044,-1.7980785,2.8171628,3.447676,0.58375263,3.4819982,0.23494716,-0.8775864,1,2
125,-1.2003424,0.7710452,-1.1397518,0.7799996,0.054573458,1.3853751,1.0431374,-2.1620345,2.100931,0.08761998,-0.20146252,-0.0008784913,1.3438946,-0.94190234,-3.6691117,-0.63092464,0.105968215,-0.14032333,-1.3851196,1.378366,-0.9121139,0.14338425,0.6167294,0.04121755,0.8097094,-0.9163022,-1.4672705,-0.11318413,-0.14165054,0.20223671,-1.538522,-0.72444713,1.8826808,-1.2791463,-1.0002491,0.6272018,0.27191532,-0.2917564,1.6386229,1.4184811,-1.4024825,-0.4968585,-2.155055,-4.773081,0.836404,0.22203271,2.5751712,-5.45845,-1.4935445,-0.063694835,-2.1001785,-0.17961843,-1.6353575,-3.2938442,-0.89577913,-0.14445326,-2.3509977,-2.210712,-1.9019195,-0.93161094,-2.8244085,-0.41822833,2.8397844,1.8735358,2.0427592,-0.588803,-0.13495225,1.6176535,1.9326417,-1.5276741,-2.668644,-0.53826296,-1.833653,0.46551448,0.62368345,0.93959194,-0.2789716,0.27933878,-1.1516808,0.85605055,-2.8189597,-1.3783927,-2.4899955,-1.7603517,2.8120728,3.4473057,0.47388807,3.5708227,0.24149323,-0.88008577,1,2
126,-1.1832045,0.7560317,-1.1489325,0.89403903,0.07260183,1.4804341,1.0470246,-2.162541,2.1279082,0.08572259,-0.20827243,0.01066647,1.3098255,-0.9296266,-3.69,-0.40418714,0.15963756,-0.06417519,-1.4013284,1.3850293,-0.92768157,0.16542372,0.74803525,0.10862175,0.8356984,-0.9156427,-1.5631399,-0.017929535,-0.019544574,0.20196684,-1.5793105,-0.70530754,1.8762624,-1.3253187,-1.3746848,0.63469374,0.260819,-0.3147327,1.6404467,1.4380046,-1.3950167,-0.5076111,-2.1478457,-4.7530975,0.7203438,0.22004853,2.6037347,-5.4438157,-1.5123477,-0.06983528,-2.119628,-0.28948075,-1.5908817,-3.311793,-0.764664,-0.15008725,-2.3469424,-2.2135584,-1.9007471,-0.9259295,-2.7928236,-0.41545612,2.8431723,1.8820435,1.3843341,-0.5899221,-0.13698399,1.6228666,1.9360192,-1.5118785,-2.6564295,-0.56787455,-1.8705964,0.5065327,0.56911856,0.94257015,-0.27912173,0.2799518,-1.1490011,0.85838425,-2.809405,-1.3266093,-2.4664137,-1.7451298,2.8082416,3.4464743,0.42592025,3.6107757,0.24741764,-0.8823719,1,2
127,-1.1703055,0.73651946,-1.1524252,0.9900413,0.07260183,1.5903579,1.0470246,-2.162702,2.1308453,0.076487556,-0.2105897,0.011047496,1.2949201,-0.9296266,-3.6968598,-0.35110205,0.21308789,-0.033178095,-1.4017048,1.3850293,-0.9277761,0.16542372,0.85822386,0.11429554,0.8356984,-0.9156427,-1.5744226,0.005429846,0.11682075,0.20187238,-1.6096971,-0.6909827,1.8702388,-1.3388989,-1.0733879,0.64292943,0.24974911,-0.33701873,1.6422315,1.4574296,-1.3943214,-0.5097273,-2.1461008,-4.751268,0.050281428,0.21807033,2.6314745,-5.4294043,-1.530884,-0.07587861,-2.121024,-0.32165763,-1.5689476,-3.3127809,-0.03006748,-0.1554043,-2.3418117,-2.2166002,-1.8991799,-0.9205134,-2.7925205,-0.37430716,2.8437116,1.8820717,0.004463166,-0.590961,-0.13981351,1.628265,1.9402132,-1.4954239,-2.6564722,-0.5782048,-1.8706341,0.5113636,-0.0044622603,0.9455449,-0.27871245,0.28054133,-1.1451706,0.8618213,-2.8024879,-1.3135164,-2.4519668,-1.7373052,2.807193,3.4457736,0.40961105,3.6143456,0.25297403,-0.8846021,1,2
128,-1.1703055,0.6333843,-1.1708864,0.9900413,0.07260183,1.5903579,1.0470246,-2.1635537,2.1308453,0.02767411,-0.2228381,0.011047496,1.216135,-0.9296266,-3.7331178,-0.35110205,0.21308789,-0.033178095,-1.4036942,1.3850293,-0.9282762,0.16542372,0.85822386,0.11429554,0.8356984,-0.9156427,-1.6340597,0.005429846,0.11682075,0.20137312,-1.6062458,-0.6909827,1.8564483,-1.4106798,-0.07505376,0.6511651,0.23843816,-0.36087298,1.6434984,1.4773209,-1.3938258,-0.5191671,-2.1448605,-4.7534566,0.037237056,0.21609212,2.6571875,-5.415661,-1.549107,-0.081870764,-2.128403,-0.32165763,-1.4530107,-3.3180046,-0.18462346,-0.16072129,-2.336885,-2.2199502,-1.8975326,-0.9140472,-2.7909203,-0.37430716,2.8465633,1.8822205,0.04194699,-0.59199977,-0.14268933,1.6335402,1.9443375,-1.479178,-2.6566975,-0.57867247,-1.8708333,0.5368986,-0.010097843,0.9485048,-0.27908388,0.28145027,-1.1413059,0.86529875,-2.7877748,-1.2505741,-2.3933933,-1.695946,2.8075156,3.4467635,0.32340586,3.633215,0.2585304,-0.8868248,1,2
129,-1.1422025,0.50872195,-1.1856055,1.1367743,0.052389354,1.7288818,1.0930583,-2.1642325,2.1690288,-0.022473522,-0.23792402,0.031051403,1.1373497,-0.9334628,-3.7399771,0.048103463,0.42407924,0.070557125,-1.4040705,1.3856318,-0.9283708,0.3943543,0.87277716,0.25400156,0.8722459,-0.9147266,-1.6816529,0.18192557,0.28220242,0.15776137,-1.6687951,-0.6707307,1.8301508,-1.4526789,-1.4650316,0.66115814,0.22782078,-0.38300392,1.6442221,1.4970121,-1.3647269,-0.5438975,-2.207951,-4.7268515,1.549404,0.2147007,2.681561,-5.4022045,-1.5680999,-0.087248355,-2.1516185,-0.37108752,-1.3417625,-3.3144357,-0.54556525,-0.16404946,-2.320747,-2.224867,-1.8957562,-0.9078472,-2.788689,-0.32783377,2.8450284,1.8825761,0.063805655,-0.5893375,-0.14368425,1.6418431,1.9431698,-1.4577968,-2.6347542,-0.59039056,-1.917988,0.557249,0.54301935,0.9498672,-0.28188983,0.284916,-1.1327128,0.8703719,-2.7864358,-1.1990205,-2.3243117,-1.6665778,2.8532054,3.4365308,0.22170934,3.6404538,0.2619581,-0.8857318,1,2
130,-1.122531,0.43511876,-1.1934638,1.239484,0.038241077,1.8258452,1.125281,-2.164595,2.1957562,-0.051111676,-0.24686185,0.04932126,1.0926348,-0.9361481,-3.7208245,0.34112856,0.5717684,0.15156682,-1.3819298,1.3860534,-0.9241904,0.55460054,0.8829643,0.35356262,0.89782834,-0.9140854,-1.7070699,0.3054686,0.39796588,0.12730023,-1.7130355,-0.6565547,1.8135695,-1.472572,-1.7638258,0.6715612,0.2173702,-0.40453297,1.6447939,1.5164577,-1.344424,-0.56409377,-2.2522774,-4.7079387,1.7904477,0.21357141,2.7053182,-5.388917,-1.5869701,-0.09225045,-2.1848092,-0.40867856,-1.2833921,-3.3084319,-0.90930426,-0.16675249,-2.3015661,-2.2302055,-1.8936503,-0.9017756,-2.8051655,-0.2943457,2.8116493,1.8815643,-0.3674253,-0.5857647,-0.14399517,1.6507906,1.9405032,-1.435075,-2.6193645,-0.59853107,-1.9509689,0.56811255,0.63780284,0.9508569,-0.28527635,0.28893617,-1.1230974,0.8757698,-2.787447,-1.1712692,-2.2853224,-1.649302,2.8713307,3.4282053,0.16502097,3.6401832,0.26474229,-0.8838334,1,2
131,-1.122531,0.43089554,-1.1934638,1.239484,0.037032783,1.8258452,1.1249484,-2.164595,2.1957562,-0.05357277,-0.24747673,0.058656167,1.0883754,-0.93655914,-3.6789303,0.3708558,0.5717684,0.16993526,-1.3334988,1.3860534,-0.91504633,0.55460054,0.8829643,0.35743433,0.89782834,-0.9148642,-1.7070699,0.3054686,0.39796588,0.12396675,-1.712883,-0.6568284,1.8130777,-1.4718848,0.003658537,0.6819641,0.20696199,-0.42574447,1.6452998,1.5356135,-1.3445785,-0.5728621,-2.2516975,-4.7079387,-0.009587089,0.21260647,2.7285688,-5.3758044,-1.6054118,-0.09694102,-2.2248495,-0.4152217,-1.2862055,-3.301783,-1.167878,-0.16924423,-2.2818282,-2.235629,-1.8911436,-0.8957259,-2.8441582,-0.29225072,2.7418115,1.8788496,-1.2811196,-0.58213055,-0.14399782,1.6596432,1.9374899,-1.4121826,-2.6210327,-0.5983615,-1.9525083,0.56813586,-0.045100745,0.95172423,-0.28858522,0.2929491,-1.1134698,0.8809361,-2.7867038,-1.1718827,-2.2859292,-1.6445498,2.8406875,3.4259472,0.166489,3.6334891,0.26733375,-0.88183063,1,2
132,-1.122531,0.3527789,-1.1934638,1.239484,0.01468328,1.8258452,1.1187979,-2.164595,2.1957562,-0.09909508,-0.2588502,0.058656167,1.0095909,-0.94416296,-3.6789303,0.3708558,0.5717684,0.16993526,-1.3334988,1.3860534,-0.91504633,0.55460054,0.8829643,0.35743433,0.89782834,-0.92926884,-1.7070699,0.3054686,0.39796588,0.062308185,-1.7100646,-0.6618907,1.8039811,-1.4591751,0.07107869,0.692367,0.19718583,-0.44599262,1.6452386,1.5542688,-1.3474385,-0.5677195,-2.2409751,-4.7079387,-0.1610198,0.21164149,2.749896,-5.3633976,-1.6232914,-0.10151185,-2.2405064,-0.4152217,-1.1704245,-3.2926726,-0.62796843,-0.17173602,-2.2621362,-2.241256,-1.8885049,-0.88854235,-2.8441582,-0.29225072,2.7418115,1.8788496,-0.31572527,-0.5784963,-0.14423552,1.6682653,1.9344789,-1.3895841,-2.6518908,-0.5952253,-1.9809804,0.5685663,-0.8165026,0.9504504,-0.29023135,0.29780552,-1.1017679,0.8831404,-2.7729561,-1.1832322,-2.2320426,-1.6454867,2.8328094,3.4259472,0.06897453,3.6245282,0.26992524,-0.8787264,1,2
133,-1.1251304,0.29501554,-1.1899484,1.2326655,-0.0038910746,1.6247622,1.1136063,-2.1639476,2.1973138,-0.13980007,-0.26845023,0.088026986,0.9840394,-0.95434713,-3.59913,0.6525647,0.56629825,0.29813507,-1.2986214,1.3864245,-0.8907215,0.61707497,0.82777023,0.4409368,0.9057854,-0.9413836,-1.5936728,0.2965465,0.42912945,-0.00660373,-1.7019637,-0.692983,1.7989589,-1.437691,0.21931358,0.70021915,0.18809685,-0.4662623,1.644701,1.571362,-1.3498825,-0.56650776,-2.2319777,-4.7051635,-0.18813007,0.21153812,2.770457,-5.351546,-1.6399499,-0.10470644,-2.307702,-0.3621791,-1.1444125,-3.2671564,-1.5323677,-0.17176983,-2.2338343,-2.2492394,-1.8825107,-0.8798658,-2.8658664,-0.241804,2.6842852,1.8718904,-0.5110309,-0.5726499,-0.14102055,1.6778445,1.9274188,-1.3637587,-2.6726508,-0.5523199,-2.0153658,0.5188382,-0.8142427,0.9473811,-0.28793666,0.30234954,-1.0881203,0.88302505,-2.76411,-1.2009512,-2.2170007,-1.6391778,2.801309,3.41906,0.03575652,3.572302,0.26993072,-0.87320775,1,2
134,-1.127834,0.2612909,-1.1838475,1.2255745,-0.015669763,1.4156414,1.1102818,-2.1628315,2.1989336,-0.1667782,-0.27459797,0.11899098,1.007463,-0.96237385,-3.516139,0.9455343,0.56060946,0.43272227,-1.26235,1.3868104,-0.8654244,0.6820466,0.7703699,0.5277771,0.9140605,-0.94912404,-1.4757429,0.2872677,0.46153867,-0.05747379,-1.6946057,-0.72361064,1.7971599,-1.4108053,0.27230117,0.7068469,0.17941253,-0.4861445,1.6439782,1.5874387,-1.351704,-0.5668606,-2.2268565,-4.7011423,-0.1428289,0.2118606,2.7905014,-5.3399973,-1.6559324,-0.10720088,-2.3640082,-0.30675718,-1.1916014,-3.243693,-1.90879,-0.17059955,-2.2014928,-2.2580907,-1.8747998,-0.8709024,-2.8884425,-0.18934076,2.6244597,1.8646529,-0.8160521,-0.56574154,-0.13629249,1.6877965,1.9184402,-1.3364915,-2.683833,-0.50875723,-2.0415223,0.46697703,-0.43344173,0.9434498,-0.28381178,0.3067059,-1.0736187,0.88180256,-2.7601666,-1.222836,-2.2335358,-1.6378893,2.7716613,3.411449,0.060241435,3.5210114,0.26867074,-0.86653024,1,2
135,-1.127834,0.2612909,-1.175624,1.2255745,-0.015669763,1.4156414,1.1102818,-2.1613412,2.1989336,-0.1667782,-0.27459797,0.12040076,1.0862476,-0.96237385,-3.516139,0.9455343,0.56060946,0.43697003,-1.26235,1.3868104,-0.8654244,0.6820466,0.7703699,0.5277771,0.9140605,-0.94912404,-1.4757429,0.2872677,0.46153867,-0.05747379,-1.6949972,-0.72361064,1.7983562,-1.3811073,0.008493652,0.7134746,0.17090532,-0.50508636,1.6433583,1.6028851,-1.3525248,-0.5664522,-2.2289393,-4.6973267,-0.06742226,0.21221212,2.81019,-5.328533,-1.6717029,-0.1096019,-2.3361096,-0.3058859,-1.3099598,-3.243693,0.6011446,-0.16937213,-2.1693714,-2.2663205,-1.8668386,-0.8629546,-2.8884425,-0.18934076,2.6244597,1.8646529,-0.06362918,-0.5588333,-0.1319062,1.6975441,1.9095198,-1.3094767,-2.683833,-0.50875723,-2.0415223,0.46697703,-0.035646312,0.93951863,-0.27983445,0.3109726,-1.059305,0.8805951,-2.762249,-1.2473401,-2.2806354,-1.6566869,2.7731915,3.4099388,0.14816496,3.5210114,0.26735348,-0.8598529,1,2
136,-1.1388859,0.23126373,-1.1749573,1.2212472,-0.01869774,1.2110448,1.1070936,-2.1612206,2.1765401,-0.19903398,-0.28102958,0.12051505,1.0926348,-0.9710071,-3.516139,0.9455343,0.5550299,0.4373144,-1.26235,1.3868104,-0.9174971,0.6820466,0.51724136,0.5277771,0.9140605,-0.9529653,-1.4757429,0.2692506,0.44765487,-0.110004485,-1.6676952,-0.74824095,1.7995671,-1.3754101,0.64957917,0.71750677,0.16282001,-0.5244377,1.6424115,1.6169105,-1.3586202,-0.55324155,-2.2351406,-4.713365,-0.34061092,0.21256365,2.8276486,-5.3178873,-1.6872448,-0.1122446,-2.3196952,-0.30704218,-1.3159449,-3.2332268,0.564092,-0.16814469,-2.1374118,-2.2741532,-1.8587224,-0.85489786,-2.9005501,-0.23446907,2.6366348,1.8800353,-0.28618398,-0.55192506,-0.12493779,1.7063847,1.8965728,-1.2861136,-2.691973,-0.4629679,-2.0494323,0.46671978,-0.20688644,0.933659,-0.2740532,0.3157663,-1.0433781,0.87639683,-2.7660277,-1.2608973,-2.2841508,-1.6521271,2.7830153,3.4290805,0.14941461,3.5103164,0.2660362,-0.85218346,1,2
137,-1.1495264,0.20300317,-1.1690152,1.2172651,-0.020211702,1.0616798,1.0998731,-2.1547763,2.142736,-0.23057808,-0.29039323,0.1396934,1.1352218,-0.97835606,-3.4522984,1.1145597,0.55224025,0.51592904,-1.2442391,1.3887837,-0.9665065,0.6761954,0.18752544,0.56695896,0.9063779,-0.9548859,-1.4625608,0.23774762,0.43469533,-0.15947863,-1.6416149,-0.7652521,1.8013164,-1.3514097,0.89313155,0.72071296,0.15503863,-0.54314435,1.641498,1.6299949,-1.3723701,-0.5317069,-2.2496274,-4.721689,-0.8609488,0.21347779,2.8442109,-5.3076987,-1.7023461,-0.11415397,-2.3439167,-0.22258765,-1.392076,-3.2118242,-0.38609663,-0.16540994,-2.1003053,-2.2827477,-1.8484612,-0.8465882,-2.9195065,-0.22511536,2.6140769,1.8956122,-0.56333756,-0.54397875,-0.11379831,1.7148842,1.8786736,-1.2636445,-2.7000887,-0.41729385,-2.042743,0.46074378,-0.290063,0.9267773,-0.26663995,0.32055235,-1.0266346,0.87043124,-2.7737424,-1.2867244,-2.315412,-1.6506201,2.7838988,3.445331,0.20867246,3.4855433,0.26314443,-0.8432887,1,2
138,-1.1574541,0.18247017,-1.1553278,1.2144469,-0.020118766,0.98872554,1.0911525,-2.1446497,2.1076953,-0.2544731,-0.2999223,0.16995266,1.2012302,-0.9830563,-3.3533475,1.3765432,0.5551474,0.63777906,-1.216168,1.391842,-1.0021144,0.6671261,-0.12735611,0.62768966,0.89447,-0.95419884,-1.4421288,0.20288181,0.42536795,-0.19545215,-1.6224513,-0.7725502,1.8033943,-1.3006843,0.6662987,0.7234116,0.14762719,-0.56072557,1.6407291,1.6420349,-1.3890858,-0.50820726,-2.267615,-4.7215495,-1.2844715,0.21488577,2.8601148,-5.297861,-1.7170335,-0.11539263,-2.3924267,-0.090290114,-1.5128747,-3.1867619,-1.4757699,-0.161394,-2.0588968,-2.2918859,-1.8363428,-0.83810925,-2.939505,-0.17564426,2.5696776,1.9078354,-0.6825102,-0.53515005,-0.099431075,1.7231218,1.8569156,-1.2417076,-2.7048986,-0.3819859,-2.024838,0.45173612,-0.19442426,0.91917133,-0.25802583,0.32526907,-1.0093585,0.8632008,-2.783225,-1.3319472,-2.364328,-1.663174,2.7779047,3.4554434,0.30564412,3.4554641,0.25891948,-0.8334267,1,2
139,-1.1574541,0.18247017,-1.12772,1.2144469,-0.0195457,0.98872554,1.0911525,-2.1437984,2.1076953,-0.2544731,-0.2999223,0.17324214,1.2012302,-0.9830563,-3.3533475,1.3765432,0.57307357,0.63777906,-1.216168,1.391842,-1.0021144,0.6671261,-0.12735611,0.62768966,0.89447,-0.9499622,-1.4421288,0.20288181,0.42536795,-0.19545215,-1.6229264,-0.77266806,1.8048129,-1.2015619,0.10558442,0.72611016,0.14095624,-0.57548195,1.6404339,1.6522597,-1.3895541,-0.5061478,-2.2689016,-4.719256,-0.25760412,0.21637459,2.8756816,-5.2881393,-1.7314289,-0.11647971,-2.3924267,-0.08754612,-1.5128747,-3.1867619,-0.26303127,-0.15737818,-2.017926,-2.3003325,-1.82399,-0.8298245,-2.939505,-0.17564426,2.5696776,1.9078354,-0.123492695,-0.52632153,-0.085704625,1.7311511,1.8354089,-1.2200099,-2.6958907,-0.3819859,-2.0161667,0.4520801,0.21784918,0.9115654,-0.24968432,0.32986677,-0.99229145,0.8560369,-2.7852116,-1.4192487,-2.365726,-1.7259144,2.7788496,3.4545357,0.30914816,3.4556475,0.25472108,-0.82356507,1,2
140,-1.1574541,0.18247017,-1.1217511,1.2144469,-0.0194218,0.98872554,1.084972,-2.1436143,2.0723338,-0.26822925,-0.30677953,0.17395337,1.2012302,-0.98575807,-3.3533475,1.3765432,0.57694936,0.63777906,-1.216168,1.391842,-1.0021144,0.61091787,-0.35503128,0.62768966,0.8684772,-0.94904613,-1.4421288,0.14423418,0.42536795,-0.20670247,-1.623029,-0.7726935,1.8051196,-1.1801308,-0.0067418017,0.7288088,0.13433836,-0.5899863,1.6401272,1.6623037,-1.3995562,-0.5005053,-2.2773283,-4.74687,-0.5404303,0.2178634,2.8892684,-5.27917,-1.745693,-0.11791307,-2.3876529,-0.08695281,-1.5112337,-3.1834283,0.09915992,-0.1533623,-1.9773815,-2.3082407,-1.8114369,-0.8214303,-2.939505,-0.15735172,2.5696776,1.9078354,-0.0026284144,-0.51749295,-0.06850302,1.7378699,1.8107572,-1.2009485,-2.7083852,-0.36858097,-1.9789523,0.4521545,-0.2305343,0.90354663,-0.23923483,0.333819,-0.97499585,0.8477945,-2.7889671,-1.4529687,-2.3653917,-1.7368784,2.7850409,3.4654634,0.32296708,3.4523244,0.2505227,-0.81349087,1,2
141,-1.1434027,0.184333,-1.1051494,1.2346296,0.025765864,0.9949814,1.0742736,-2.1400757,2.026283,-0.2837789,-0.31978458,0.18652722,1.2331705,-0.98884887,-3.3054671,1.4681693,0.63321364,0.69161475,-1.1930344,1.3929552,-0.9716409,0.5434098,-0.616108,0.6484582,0.8386616,-0.9450384,-1.4317927,0.057079546,0.4282694,-0.21963942,-1.6560881,-0.7391633,1.7985544,-1.1203898,-0.79081416,0.7315868,0.12753363,-0.60333,1.6411016,1.6698966,-1.4156331,-0.48578408,-2.2888315,-4.7745895,-1.1058068,0.21972111,2.9017837,-5.2707133,-1.7596166,-0.118951015,-2.4034843,-0.020249665,-1.5718727,-3.1688921,-0.28415823,-0.14831422,-1.9335651,-2.3159063,-1.7971418,-0.8141194,-2.9466684,-0.10942995,2.5239503,1.8994099,-0.17039019,-0.5081141,-0.047795378,1.7438254,1.783172,-1.1822134,-2.7158942,-0.35067388,-1.9300543,0.44797662,-0.36539307,0.89525217,-0.22658177,0.3370131,-0.9575753,0.838706,-2.786899,-1.5209538,-2.3824472,-1.7633511,2.7737074,3.4694247,0.38777265,3.4354353,0.24524072,-0.80290407,1,2
142,-1.1096797,0.18930104,-1.0652108,1.2830669,0.13568626,1.0099953,1.05985,-2.1315832,1.9801433,-0.29605258,-0.33851174,0.21671669,1.3098255,-0.9913479,-3.1905563,1.688068,0.7683003,0.82084817,-1.1375145,1.3956705,-0.8985057,0.48372808,-0.82816803,0.6983018,0.81442875,-0.93542004,-1.4069866,-0.045312002,0.44125313,-0.2302048,-1.7354448,-0.6570447,1.7828462,-0.9766276,-2.636408,0.7344812,0.120408855,-0.61508596,1.6439927,1.6739284,-1.4361904,-0.45990652,-2.301603,-4.789937,-1.5133,0.22212017,2.9135172,-5.2627077,-1.7730864,-0.11926832,-2.4501703,0.13986069,-1.7203915,-3.1400747,-1.3589683,-0.14175168,-1.8848008,-2.3234112,-1.7803627,-0.8084339,-2.9637096,-0.027723873,2.4140687,1.8792126,-0.55829936,-0.49792826,-0.023381928,1.7491878,1.7525673,-1.1628964,-2.7076213,-0.33115157,-1.8770416,0.43794957,0.28383055,0.8867207,-0.2114865,0.33933285,-0.93997973,0.8289041,-2.7759302,-1.6574336,-2.4245872,-1.8318639,2.735548,3.458698,0.5195232,3.4010253,0.23836868,-0.7916515,1,2
143,-1.1096797,0.20768136,-1.0616865,1.2830669,0.19012737,1.0099953,1.05985,-2.1315832,1.9801433,-0.29605258,-0.33851174,0.21718663,1.3098255,-0.9913479,-3.1905563,1.688068,0.7703243,0.82196057,-1.1375145,1.3972857,-0.8985057,0.48372808,-0.82816803,0.6983018,0.81442875,-0.93542004,-1.4069866,-0.045312002,0.66390747,-0.2302048,-1.7360446,-0.5961193,1.7846307,-0.9623309,-0.7000843,0.73737556,0.11240948,-0.62728906,1.6480703,1.6765321,-1.4361904,-0.45955586,-2.301603,-4.789937,-0.39448825,0.22453257,2.9248815,-5.254835,-1.7862858,-0.11956213,-2.4501703,0.14081322,-1.7203915,-3.1400747,-0.35393855,-0.1351685,-1.8368609,-2.330058,-1.7632103,-0.80246633,-2.958147,-0.027723873,2.408955,1.880079,-0.014220091,-0.4877425,-7.541277e-05,1.7543709,1.7223413,-1.1437794,-2.7076213,-0.29596043,-1.8770416,0.43794957,0.07128175,0.8781893,-0.1940972,0.34079984,-0.91936654,0.82239044,-2.7777684,-1.6702,-2.426346,-1.840913,2.7333355,3.4594185,0.5195232,3.4010253,0.23147698,-0.7803991,1,2
144,-1.1096797,0.21413922,-1.0604482,1.2830669,0.20925497,1.0099953,1.0513594,-2.1315832,1.9534417,-0.3024563,-0.33851174,0.21735175,1.3098255,-0.99259734,-3.1905563,1.688068,0.7710354,0.8223515,-1.1375145,1.3978531,-0.91266805,0.45066866,-0.82816803,0.6983018,0.81442875,-0.93542004,-1.4069866,-0.09644354,0.74213576,-0.23546736,-1.7362554,-0.57471347,1.7852576,-0.95730776,-0.010458891,0.7402699,0.10448477,-0.6393327,1.6520786,1.6790638,-1.4452983,-0.45756903,-2.3004336,-4.813625,-0.48369867,0.22694503,2.9349513,-5.247524,-1.799148,-0.120114155,-2.4478626,0.14114784,-1.71936,-3.1384933,0.047512926,-0.12858525,-1.7894624,-2.3361542,-1.7458798,-0.7962881,-2.959521,-0.029136725,2.4102175,1.8845115,0.0144821815,-0.4775568,0.022848304,1.759279,1.6925657,-1.1246505,-2.7076213,-0.27420548,-1.8770416,0.43794957,-0.0033960624,0.86946464,-0.17532995,0.34160283,-0.89896685,0.8153883,-2.777937,-1.6871947,-2.4265637,-1.8428589,2.7330227,3.4724798,0.518757,3.39943,0.22458528,-0.7690472,1,2
145,-1.100312,0.21814097,-1.0513535,1.2907037,0.23976728,1.0129744,1.0382699,-2.1306627,1.9101415,-0.32018512,-0.33827525,0.2254168,1.3302672,-0.994542,-3.158636,1.7165221,0.92732525,0.85362244,-1.1291666,1.4021751,-0.9330149,0.40604132,-0.8129216,0.71575165,0.8171726,-0.94015294,-1.3890707,-0.1792721,0.81671333,-0.24742606,-1.757891,-0.5376041,1.7793281,-0.9251499,-0.5175475,0.7432021,0.09641935,-0.65089345,1.656795,1.6801165,-1.4602213,-0.4463422,-2.3014088,-4.8501267,-1.072949,0.22959407,2.9436402,-5.2408905,-1.8115073,-0.120616704,-2.4548373,0.19601925,-1.7597256,-3.1278954,-0.118724234,-0.12140244,-1.7401171,-2.3409975,-1.7271385,-0.7933739,-2.955276,-0.01678042,2.3880794,1.8925908,0.051318984,-0.4669087,0.045724392,1.7642459,1.6626738,-1.1043243,-2.7156818,-0.2403471,-1.8896314,0.4295369,-0.20489253,0.8604137,-0.15385875,0.34137508,-0.8775902,0.80880594,-2.7722266,-1.7351868,-2.4363804,-1.8549448,2.7241604,3.4936447,0.54365534,3.384259,0.21707149,-0.7572159,1,2
146,-1.0656519,0.23294769,-1.0177037,1.318959,0.3526622,1.0239966,1.0251801,-2.1272566,1.8610729,-0.3591263,-0.33740038,0.25525737,1.4059013,-0.99653584,-3.0405316,1.8218012,1.5055943,0.96932405,-1.0982794,1.4181657,-0.9493485,0.37852842,-0.7565102,0.7803158,0.82732457,-0.9576648,-1.3227826,-0.2729051,1.0926486,-0.26976815,-1.8379428,-0.40030035,1.7573893,-0.8061664,-2.4325118,0.7462363,0.08786504,-0.6613833,1.6635245,1.6772816,-1.4775239,-0.41256058,-2.3098843,-4.8865843,-1.2456328,0.2328819,2.950493,-5.235267,-1.8230017,-0.12060804,-2.490251,0.39904222,-1.9133704,-3.0952644,-0.93500894,-0.11260081,-1.6847243,-2.343263,-1.70485,-0.7995804,-2.9257143,0.034818698,2.2934349,1.9053026,0.8638283,-0.45501238,0.06903091,1.7697743,1.63181,-1.0807825,-2.745505,-0.15416023,-1.9362142,0.39841068,-0.95042497,0.8507642,-0.12710346,0.33933604,-0.8532641,0.80407065,-2.7530854,-1.8606879,-2.4743679,-1.9047983,2.6894374,3.5186455,0.6389679,3.3347638,0.20787796,-0.74423575,1,2
147,-1.0619054,0.23454815,-1.0088271,1.3220133,0.36486575,1.0251881,1.0237652,-2.1268883,1.8557688,-0.36333573,-0.33340424,0.26560822,1.414077,-0.9967514,-3.0277648,1.8331815,1.5681032,0.98192126,-1.0949405,1.4198942,-0.9511141,0.37555432,-0.7504122,0.7905922,0.828422,-0.9595578,-1.3146284,-0.28302652,1.1224765,-0.27218327,-1.8461325,-0.38545826,1.7536811,-0.775821,-0.92048126,0.7492705,0.07960752,-0.67113465,1.6701778,1.674066,-1.4793942,-0.40348697,-2.3108006,-4.890525,-0.44712183,0.23637873,2.957236,-5.2297764,-1.8340502,-0.12031846,-2.494079,0.42104304,-1.9299787,-3.0917373,-0.361675,-0.10379755,-1.6304021,-2.3446412,-1.6822462,-0.80513155,-2.9225187,0.04368028,2.283204,1.9066768,0.33417293,-0.44302875,0.09138881,1.7751318,1.6012269,-1.0573478,-2.7486866,-0.14484374,-1.9412097,0.3946074,-0.36501908,0.8411148,-0.10115328,0.3372173,-0.829324,0.7994026,-2.7496397,-1.8898664,-2.4771569,-1.9212537,2.685684,3.521348,0.6492869,3.3291795,0.19875108,-0.73119676,1,2
148,-1.0619054,0.23009092,-1.0059695,1.2926488,0.36486575,1.0104719,1.0186632,-2.1288562,1.8332773,-0.3836142,-0.3312762,0.26949456,1.414077,-1.0141057,-3.0277648,1.8331815,1.4812455,0.9819704,-1.0949405,1.4198942,-0.96780354,0.37555432,-0.7504122,0.7923907,0.828422,-0.9628647,-1.3140892,-0.32679334,1.1224765,-0.28602776,-1.8456858,-0.38736993,1.752397,-0.76712394,0.015402098,0.75211805,0.071373075,-0.6811138,1.6766462,1.6709077,-1.4846562,-0.39473423,-2.3094394,-4.918456,-0.2800436,0.23990089,2.9622688,-5.2250705,-1.8447074,-0.12036396,-2.4594955,0.4040275,-1.9113848,-3.0702448,0.72354776,-0.09499409,-1.5767103,-2.3459258,-1.6597326,-0.80817556,-2.926172,0.04547141,2.2863266,1.9114517,-0.088190235,-0.43103465,0.11282456,1.7804343,1.5708914,-1.034164,-2.7557454,-0.12869927,-1.9479091,0.39391083,-0.17940667,0.8309572,-0.07399705,0.33463535,-0.8052768,0.7938551,-2.747761,-1.9123825,-2.468677,-1.9099905,2.686035,3.5363731,0.6327672,3.3071284,0.18963234,-0.7178891,1,2
149,-1.0572215,0.21872051,-1.0025563,1.2341019,0.37630785,0.9704941,1.0078539,-2.132947,1.7893003,-0.42236236,-0.3292663,0.27349535,1.4186977,-1.0479004,-3.0118046,1.8438342,1.3129239,0.9983986,-1.0912901,1.4188247,-0.9959117,0.38853684,-0.7582831,0.79949194,0.8264464,-0.969083,-1.2994989,-0.41380697,1.1293539,-0.31732267,-1.8556908,-0.37688965,1.7469491,-0.7585567,-0.2359017,0.75459594,0.0630649,-0.6915376,1.6831182,1.6673032,-1.4951264,-0.38062504,-2.304272,-4.9740186,-0.7611393,0.24354039,2.9653213,-5.2213326,-1.8547596,-0.1206732,-2.3986797,0.3857114,-1.8868914,-3.024129,1.8067485,-0.085875645,-1.5229261,-2.3473272,-1.6367221,-0.80822855,-2.9387448,0.05426066,2.2890496,1.9189928,-0.3601242,-0.41885245,0.13345988,1.7857953,1.5403751,-1.0110362,-2.7693636,-0.091843374,-1.9570469,0.3865014,-0.47428063,0.8200252,-0.044765558,0.33141592,-0.78076136,0.7870311,-2.7400398,-1.9493747,-2.4538045,-1.8794336,2.6834161,3.5646334,0.6108795,3.2566621,0.18018451,-0.7040564,1,2
150,-1.0225613,0.1901285,-0.9772978,1.166827,0.46097904,0.858067,0.9914524,-2.1386948,1.7441838,-0.4563673,-0.3143932,0.30310094,1.4528906,-1.0816956,-2.8937001,1.9226625,1.149852,1.1199663,-1.0642769,1.41091,-0.9959117,0.48460665,-0.81652606,0.85204107,0.81182754,-0.97388476,-1.1915312,-0.5122417,1.1802468,-0.3763608,-1.9321421,-0.27551088,1.7135538,-0.68469864,-2.073777,0.75584036,0.0543652,-0.7028822,1.6906784,1.6602122,-1.5070235,-0.34844464,-2.2829938,-5.0370774,-0.848513,0.24793108,2.9659908,-5.219119,-1.8629854,-0.12043241,-2.3796573,0.46260834,-1.9373733,-2.9507265,0.79456085,-0.07474124,-1.4655169,-2.3493922,-1.6097534,-0.8038578,-2.9862504,0.11930086,2.2702801,1.9152834,-1.3060732,-0.40546596,0.1538619,1.7917368,1.5074074,-0.98682463,-2.7818763,-0.02031852,-1.9409008,0.33737084,-0.4423154,0.8072188,-0.010154395,0.32686397,-0.75418216,0.77741987,-2.6969523,-2.0486279,-2.440475,-1.8689147,2.6596618,3.586502,0.65490496,3.1564496,0.16863029,-0.68844813,1,2
151,-1.014131,0.18317392,-0.96537536,1.1504636,0.48254958,0.8307211,0.98746294,-2.140093,1.73321,-0.46463844,-0.2862786,0.31030202,1.4612074,-1.0899156,-2.8649735,1.9418362,1.1101878,1.1495354,-1.0577065,1.408985,-0.9662716,0.51172847,-0.8306926,0.8793107,0.80827177,-0.9750526,-1.1652699,-0.53618425,1.1926258,-0.39072078,-1.949947,-0.24963175,1.7033372,-0.64951414,-1.1178939,0.75708485,0.045934524,-0.713507,1.6981703,1.6527879,-1.5099174,-0.34142575,-2.2778182,-5.0524154,-0.39301082,0.25232172,2.9667695,-5.2169175,-1.8708004,-0.1203884,-2.3750305,0.4813122,-1.949652,-2.9328728,0.2468442,-0.06360696,-1.4091475,-2.3506267,-1.58262,-0.7989384,-2.9911506,0.14972317,2.2599893,1.9057773,-0.5383568,-0.39169586,0.17409809,1.7974958,1.4743323,-0.96198386,-2.7849197,-0.0029213373,-1.9369735,0.3254206,-0.1978313,0.79441255,0.023524659,0.32225636,-0.7279535,0.7679252,-2.684315,-2.0881462,-2.4351692,-1.8772557,2.6514065,3.584665,0.66561335,3.1320746,0.15707621,-0.67258126,1,2
152,-1.014131,0.17409399,-0.96062857,1.1313719,0.4833511,0.7986075,0.9760057,-2.1411805,1.7180079,-0.4750149,-0.26615655,0.31030202,1.4612074,-1.102703,-2.8649735,1.9418362,1.0639104,1.1495354,-1.0577065,1.4067482,-0.94192487,0.51481247,-0.85411656,0.89121133,0.80412316,-0.9764205,-1.1652699,-0.56479985,1.1926258,-0.41556266,-1.9488522,-0.24920413,1.7004553,-0.63744146,0.0356621,0.7579219,0.03761434,-0.72424746,1.7054573,1.6452546,-1.517036,-0.33903086,-2.2582097,-5.072028,-0.37834877,0.25671238,2.966775,-5.2152247,-1.8778542,-0.12043256,-2.344734,0.47496706,-1.9339136,-2.9198322,0.63375866,-0.052472685,-1.3534861,-2.3514595,-1.5555725,-0.79240817,-2.9936016,0.1654819,2.2621422,1.8975796,0.017898913,-0.37780252,0.19409218,1.8030118,1.4410698,-0.93740845,-2.7901099,0.022261258,-1.9339143,0.32513785,-0.133137,0.7806943,0.058044087,0.31750607,-0.7010533,0.7570151,-2.6733427,-2.109284,-2.4262226,-1.8747232,2.6379313,3.5856075,0.65515804,3.1187692,0.14552215,-0.6561622,1,2
153,-1.014131,0.15009737,-0.96062857,1.0809163,0.4833511,0.713737,0.9457263,-2.1440544,1.6778315,-0.50243795,-0.26615655,0.31030202,1.4612074,-1.1364979,-2.8649735,1.9418362,0.9416079,1.1495354,-1.0577065,1.4008365,-0.94192487,0.51481247,-0.916022,0.89121133,0.79315907,-0.9800359,-1.1652699,-0.6404256,1.1926258,-0.48121533,-1.9476757,-0.2507236,1.6973847,-0.64291704,0.038803887,0.75808966,0.02933356,-0.73555726,1.7124441,1.6377176,-1.535849,-0.33094665,-2.2063882,-5.123862,-1.3745562,0.261103,2.9654517,-5.2143593,-1.883875,-0.12051774,-2.264665,0.4581979,-1.8923197,-2.8853683,2.3108542,-0.041338407,-1.2984385,-2.352071,-1.5287529,-0.78352106,-3.0145254,0.17543,2.2802622,1.8945918,-0.67808443,-0.36390904,0.21377535,1.8082249,1.4075565,-0.91360146,-2.803826,0.088814296,-1.9258299,0.32439083,-0.4760189,0.765478,0.09443542,0.31255072,-0.672865,0.7437182,-2.6490278,-2.131767,-2.4070585,-1.8443688,2.6076968,3.6036346,0.6275266,3.0836055,0.13396807,-0.63897234,1,2
154,-0.97947085,0.13222736,-0.9359575,0.9403118,0.5478215,0.5241541,0.9152888,-2.1461833,1.645229,-0.5380884,-0.22503677,0.3366181,1.4858673,-1.1684004,-2.7468693,2.0041656,0.8482174,1.240863,-1.0244112,1.3981876,-0.9125912,0.6406504,-0.9892837,0.98680323,0.7731257,-0.98845285,-1.0843496,-0.6968455,1.2375547,-0.57058376,-2.0216403,-0.17010027,1.6563829,-0.57841563,-1.7586893,0.75585246,0.02092014,-0.7489055,1.7197729,1.62685,-1.553275,-0.30054647,-2.1464736,-5.1666865,-1.3010935,0.2662657,2.962788,-5.2149134,-1.8869122,-0.11962535,-2.2341528,0.5338643,-1.9183936,-2.8180122,1.2728335,-0.028452966,-1.2401446,-2.3524358,-1.4987279,-0.77059895,-3.0404334,0.28758758,2.2278545,1.8846546,-0.7948039,-0.34748295,0.2340345,1.8144834,1.3692297,-0.88624495,-2.8268518,0.18441515,-1.9088825,0.28599405,-0.7087394,0.7469809,0.13545331,0.3069932,-0.64095587,0.7257921,-2.5823345,-2.21198,-2.376762,-1.8326446,2.5410006,3.6123164,0.6537441,2.9952087,0.12062361,-0.6183883,1,2
155,-0.9663566,0.1254659,-0.92260617,0.8871114,0.57221514,0.45242196,0.90377223,-2.1469889,1.6328933,-0.5515773,-0.20947835,0.34672132,1.4951978,-1.1804713,-2.7021823,2.0396333,0.8128814,1.2815796,-1.0016599,1.3971853,-0.9014922,0.6882635,-1.0170035,1.0471022,0.7655458,-0.9916376,-1.0097692,-0.71819305,1.2545544,-0.604398,-2.0488477,-0.13959491,1.6390059,-0.5434446,-1.3203107,0.7536152,0.0127046425,-0.7617053,1.7270062,1.6158494,-1.5598685,-0.2889287,-2.1238036,-5.182891,-0.69968987,0.27143258,2.9601505,-5.2154617,-1.8899075,-0.11874193,-2.222608,0.5704284,-1.9282593,-2.7925265,0.48280296,-0.015449544,-1.1824626,-2.3521047,-1.4684376,-0.7570687,-3.0572631,0.35406277,2.191149,1.8808947,-0.6263574,-0.3304178,0.25407487,1.8207543,1.3303251,-0.85770696,-2.8317378,0.22058748,-1.8988407,0.25171712,-0.34333056,0.72848386,0.17614338,0.3010406,-0.609441,0.70791143,-2.5551803,-2.2517648,-2.3634624,-1.8348962,2.5084631,3.615601,0.6651308,2.9512439,0.10714274,-0.5973736,1,2
156,-0.9663566,0.1254659,-0.91771656,0.8583103,0.57221514,0.41783562,0.89774954,-2.1473773,1.6246425,-0.5621169,-0.20947835,0.34689915,1.4951978,-1.1853625,-2.7021823,2.0541008,0.8128814,1.28908,-0.9892996,1.3971853,-0.9014922,0.6882635,-1.0303689,1.0764773,0.76189107,-0.9931765,-0.95625067,-0.7286076,1.2545544,-0.6296886,-2.0479002,-0.138886,1.6367377,-0.53058225,0.034017157,0.75093925,0.004587074,-0.7745636,1.7340324,1.6048098,-1.5634881,-0.28559232,-2.1118824,-5.193654,-0.19307518,0.2766021,2.9569793,-5.2163377,-1.8925196,-0.117872745,-2.2096605,0.58008707,-1.92192,-2.788513,0.27036592,-0.0023742127,-1.125414,-2.351075,-1.4379777,-0.74293125,-3.0658174,0.38538766,2.1706047,1.8808947,-0.30313793,-0.31296363,0.27374572,1.8269235,1.2909824,-0.8287236,-2.8323276,0.24583656,-1.8922728,0.22720587,0.04007587,0.7090585,0.2171882,0.2949148,-0.5772687,0.68865883,-2.547978,-2.2689345,-2.3587673,-1.839906,2.4908154,3.6198604,0.66307557,2.9341397,0.09357893,-0.57561916,1,2
157,-0.9663566,0.1254659,-0.91771656,0.73990774,0.57221514,0.27565005,0.8729897,-2.1489737,1.5907232,-0.6054453,-0.20947835,0.34689915,1.4951978,-1.2054703,-2.7021823,2.0541008,0.8128814,1.28908,-0.9892996,1.3971853,-0.9014922,0.6882635,-1.0853146,1.0764773,0.74686617,-0.9995033,-0.95625067,-0.7714222,1.2545544,-0.7336595,-2.0479002,-0.13597162,1.6367377,-0.53058225,0.004061635,0.74689835,-0.0036004712,-0.7886424,1.7405945,1.5938995,-1.5783689,-0.27245334,-2.0628734,-5.2379036,-0.9810582,0.28177163,2.9520984,-5.2182426,-1.8940188,-0.11703054,-2.156433,0.58008707,-1.8958594,-2.7720118,1.3852494,0.010701054,-1.0691775,-2.3491883,-1.4074931,-0.7280559,-3.0658174,0.39386332,2.1706047,1.8808947,-0.038403552,-0.29550937,0.29268092,1.8327533,1.2513709,-0.8005914,-2.853903,0.3496363,-1.8834383,0.22527447,-0.65314066,0.6867449,0.25995675,0.2889989,-0.5423047,0.6650528,-2.5279741,-2.292302,-2.3486564,-1.8270323,2.4548073,3.637371,0.64728624,2.9164658,0.08001504,-0.55237895,1,2
158,-0.9363802,0.1281153,-0.89819384,0.60346717,0.5992269,0.16873428,0.8506848,-2.1582112,1.5576577,-0.644505,-0.1951018,0.37514573,1.5140041,-1.2212234,-2.600038,2.1501358,0.84789014,1.4152125,-0.90291184,1.4216318,-0.9053842,0.8068482,-1.1345582,1.1227244,0.6324504,-1.0003583,-0.85788804,-0.80489343,1.2837833,-0.876601,-2.1101282,-0.09727208,1.5952396,-0.48116225,-1.4885839,0.7417448,-0.011373602,-0.8036228,1.7468178,1.5813059,-1.5857053,-0.23902468,-1.9990908,-5.299923,-0.68804246,0.28776982,2.945277,-5.221765,-1.8929187,-0.11498656,-2.150331,0.71051556,-1.923386,-2.7252076,0.54883045,0.02619484,-1.008453,-2.346396,-1.3717252,-0.71068054,-3.0325723,0.45384884,1.9569421,1.8942739,0.7759663,-0.27682984,0.31006292,1.8397549,1.2077692,-0.7702173,-2.9035342,0.49818134,-1.7051702,0.18095991,-1.4481624,0.6596996,0.30726138,0.28309,-0.5010376,0.6334795,-2.4591908,-2.3691843,-2.3184342,-1.8217968,2.315498,3.6730428,0.7397715,2.8456492,0.0639005,-0.5258789,1,2
159,-0.91858214,0.13291754,-0.8866024,0.53195703,0.61526483,0.11666248,0.8394282,-2.163568,1.5407472,-0.6642199,-0.18656588,0.3953461,1.5273931,-1.2289633,-2.5393908,2.2853832,0.87627184,1.4902991,-0.8516199,1.4361466,-0.90769494,0.9196053,-1.1593875,1.1501832,0.5657226,-0.9728766,-0.7994862,-0.8213313,1.3011379,-0.95312893,-2.1472712,-0.07452849,1.571035,-0.45094487,-1.5397636,0.73641753,-0.01904355,-0.8185016,1.7529204,1.568531,-1.5888674,-0.21754491,-1.9651529,-5.333197,-0.2922138,0.29399806,2.938249,-5.225525,-1.8913277,-0.11262672,-2.1492937,0.8080883,-1.9446065,-2.698742,0.0109070055,0.042070236,-0.9464849,-2.3424134,-1.3358109,-0.6922427,-3.012833,0.49158484,1.8300819,1.9022177,0.8002859,-0.2579588,0.3256769,1.8470491,1.1637106,-0.739872,-2.870535,0.57805,-1.5519258,0.16435175,0.31061673,0.63191503,0.35376993,0.27720824,-0.4587454,0.60064954,-2.4204037,-2.4137387,-2.3028107,-1.8202748,2.2356741,3.692818,0.8174604,2.8101063,0.047416102,-0.4988697,1,2
160,-0.91858214,0.13883728,-0.8866024,0.5206109,0.6141651,0.11666248,0.8375868,-2.1655242,1.5361544,-0.6691414,-0.18656588,0.40163293,1.5314686,-1.2301872,-2.5393908,2.4287968,0.890197,1.4906598,-0.8516199,1.4361466,-0.91483027,0.99724257,-1.1593875,1.1501832,0.55501056,-0.92249465,-0.7994862,-0.8213313,1.3011379,-0.965206,-2.1476302,-0.07542784,1.5718316,-0.44934124,-0.012213652,0.7310902,-0.026679544,-0.8331781,1.7588918,1.5559622,-1.5886734,-0.21113186,-1.957664,-5.343007,0.008878227,0.3003324,2.9309022,-5.229504,-1.8894298,-0.11014073,-2.1427891,0.8449962,-1.9480336,-2.6978862,0.16286448,0.057949413,-0.88413566,-2.337184,-1.3006163,-0.6729902,-3.014478,0.49671862,1.831216,1.9042063,-0.041154057,-0.239088,0.33942008,1.8544525,1.1199001,-0.7099949,-2.763833,0.5904052,-1.4476733,0.1818564,3.8448608,0.6036873,0.39868623,0.27141935,-0.41587514,0.56707317,-2.4181678,-2.4203515,-2.3049254,-1.8206223,2.2306626,3.698354,0.8621338,2.818566,0.030962022,-0.47163254,1,2
161,-0.91858214,0.13883728,-0.8866024,0.41566324,0.60399324,0.11666248,0.8205546,-2.1836195,1.4936728,-0.71466374,-0.18656588,0.40163293,1.5314686,-1.2415085,-2.5393908,2.4287968,0.890197,1.4906598,-0.8516199,1.4361466,-0.98083043,0.99724257,-1.1593875,1.1501832,0.455928,-0.92249465,-0.7994862,-0.8213313,1.3011379,-1.0769154,-2.1476302,-0.08374624,1.5718316,-0.44934124,-0.002587981,0.72576284,-0.034368817,-0.848294,1.7643722,1.5443776,-1.586878,-0.1973605,-1.8883941,-5.4337516,0.103949554,0.3066668,2.9200797,-5.2354264,-1.8857367,-0.107729115,-2.1111982,0.8449962,-1.9324892,-2.689971,0.75200486,0.07382866,-0.82336223,-2.3307917,-1.2654479,-0.6528681,-3.029694,0.49671862,1.8417057,1.9225984,-0.3975041,-0.22021708,0.35101026,1.8618045,1.0766842,-0.680681,-2.8067982,0.7046867,-1.2991666,0.1818564,-0.3500791,0.5718022,0.44357175,0.2661665,-0.36858636,0.52744216,-2.3898942,-2.468272,-2.2988946,-1.8144467,2.184307,3.749563,0.9105973,2.8105812,0.01450794,-0.44251388,1,2
162,-0.8932896,0.1403276,-0.87423295,0.2365852,0.58828026,0.122292764,0.78464866,-2.2001612,1.4552763,-0.76378846,-0.16613609,0.41860753,1.545899,-1.2627189,-2.4532068,2.7110624,0.92100143,1.5192957,-0.80126953,1.4516107,-1.0475608,1.2977389,-1.0746516,1.169742,0.37492064,-0.88288015,-0.83135694,-0.7722763,1.3971744,-1.127783,-2.1983824,-0.092677355,1.5302012,-0.42024943,-1.2140648,0.72050697,-0.041223444,-0.86402446,1.7687218,1.5331182,-1.5910668,-0.16939546,-1.7660758,-5.5130405,-0.18724924,0.31349918,2.907616,-5.2429514,-1.8788335,-0.10390465,-2.0761614,0.9454056,-1.9384044,-2.6461508,0.9834133,0.09025708,-0.7570913,-2.3215551,-1.2314734,-0.63070583,-3.013016,0.531773,1.7255322,1.9473349,0.25312766,-0.20082788,0.35559016,1.871676,1.0326711,-0.6499641,-2.751517,0.7635752,-1.1232905,0.20628741,0.9721452,0.53915787,0.48509514,0.2616714,-0.31825227,0.4877885,-2.2970822,-2.5361214,-2.2601573,-1.7986724,2.0441718,3.8015156,0.9860618,2.7793899,-0.0024236133,-0.41265544,1,2
163,-0.87080777,0.16622914,-0.85984725,0.10261892,0.5767571,0.15285744,0.7568243,-2.210518,1.431352,-0.7965182,-0.1430581,0.4336959,1.5587261,-1.2788527,-2.3765996,2.9619627,0.948383,1.5447491,-0.75651413,1.4653565,-1.0910205,1.5648439,-0.99881697,1.1871272,0.3267184,-0.8476677,-0.8596862,-0.723611,1.4837967,-1.146161,-2.2440271,-0.099077694,1.494301,-0.379745,-1.7213949,0.71560174,-0.04763589,-0.8791786,1.7727433,1.521949,-1.5952218,-0.14782083,-1.6739907,-5.561719,-0.34975323,0.32051596,2.8946335,-5.2510023,-1.8707327,-0.09962364,-2.0526068,1.0346574,-1.9473966,-2.6091018,0.78032845,0.10688877,-0.6896357,-2.310774,-1.1979488,-0.6074826,-2.9945362,0.56286705,1.6197481,1.9649041,0.6826326,-0.18124683,0.3570649,1.8823161,0.9886218,-0.6188745,-2.6920567,0.7882211,-1.0026349,0.22800379,2.3500762,0.5062324,0.5240801,0.25732908,-0.26705858,0.44839686,-2.2225134,-2.597997,-2.228262,-1.7954047,1.9307446,3.8353922,1.0414978,2.7535827,-0.019531867,-0.38252303,1,2
164,-0.87080777,0.23617662,-0.8501972,0.10261892,0.5767571,0.22560355,0.7568243,-2.210518,1.431352,-0.7965182,-0.12906003,0.4336959,1.5587261,-1.2788527,-2.3765996,2.9619627,0.948383,1.5447491,-0.75651413,1.4653565,-1.0910205,1.5648439,-0.9973517,1.1871272,0.3267184,-0.8476677,-0.8596862,-0.7092061,1.487375,-1.146161,-2.245541,-0.10038717,1.4974437,-0.33806303,-0.09388983,0.7112951,-0.053802956,-0.89284885,1.7769327,1.5107238,-1.5952218,-0.14774826,-1.6739907,-5.561719,-0.010566343,0.3275327,2.8818183,-5.2589254,-1.8626165,-0.09546584,-2.0526068,1.0346574,-1.9473966,-2.6091018,0.019727627,0.1235204,-0.6237521,-2.2990859,-1.164438,-0.5836955,-2.9945362,0.5626821,1.6197481,1.9649041,0.015402902,-0.16166595,0.35760117,1.8926525,0.9450511,-0.588056,-2.6920567,0.7875268,-1.0026349,0.22800379,0.058531,0.4733072,0.56067926,0.25275087,-0.21636018,0.4095044,-2.2257512,-2.6352174,-2.2313595,-1.8217876,1.9307446,3.8353922,1.0414978,2.7535827,-0.036640044,-0.35239086,1,2
165,-0.87080777,0.23806694,-0.84993637,0.06989048,0.57369035,0.22756946,0.72015095,-2.222221,1.3919406,-0.8333398,-0.12868175,0.4336959,1.5195546,-1.2971021,-2.3765996,2.9619627,0.8296656,1.5447491,-0.75651413,1.4653565,-1.139832,1.5648439,-0.9973121,1.1871272,0.2866809,-0.8476677,-0.8819041,-0.7088168,1.4874719,-1.1668063,-2.245582,-0.10157782,1.4975287,-0.33693656,-0.014668859,0.70698845,-0.059951823,-0.906432,1.780908,1.4999534,-1.6007056,-0.13613261,-1.5535564,-5.629373,-0.29178828,0.33454952,2.8666403,-5.268538,-1.8517631,-0.090248294,-2.0272686,1.0248785,-1.8749793,-2.5989306,0.529897,0.14015222,-0.56013554,-2.286832,-1.1316239,-0.55585474,-3.003736,0.56267715,1.6252757,1.9783423,-0.21809138,-0.14208482,0.3561842,1.9027756,0.90214634,-0.55782133,-2.708337,0.8088472,-0.9434533,0.236705,-0.41037756,0.43962374,0.59435254,0.24793746,-0.16521604,0.36972314,-2.1766815,-2.6719503,-2.2033467,-1.8145652,1.8446507,3.873343,1.0116171,2.7479568,-0.053748377,-0.3218685,1,2
166,-0.8501988,0.28572994,-0.8238907,-0.014548939,0.57190144,0.26099408,0.68649143,-2.2324133,1.3575048,-0.86433536,-0.10527231,0.44361532,1.4630401,-1.3130652,-2.3063745,2.947481,0.7257031,1.5544914,-0.7256974,1.4796859,-1.2041706,1.6600492,-0.9084469,1.224889,0.25164858,-0.8323176,-0.9013117,-0.59128225,1.6461058,-1.1926264,-2.28038,-0.09704875,1.4476585,-0.27030444,-0.83241194,0.70310587,-0.064752765,-0.91867685,1.7842603,1.4883127,-1.6048853,-0.118775696,-1.4416976,-5.687475,-0.33565524,0.34185728,2.8506863,-5.278943,-1.8389772,-0.084120534,-2.0429637,1.02043,-1.7943146,-2.565873,-0.12317682,0.15697066,-0.49735618,-2.274071,-1.0986457,-0.52550894,-2.9735384,0.60091245,1.5460858,2.0002632,0.6208035,-0.12150336,0.35183805,1.9139365,0.8588801,-0.52437276,-2.6859195,0.84826994,-0.8734637,0.2479863,0.39873788,0.40528738,0.62311316,0.24443707,-0.110645756,0.3314535,-2.0796504,-2.7621338,-2.1228971,-1.8309493,1.728202,3.9145696,0.9799768,2.7206182,-0.0709791,-0.2903362,1,2
167,-0.8230334,0.35661572,-0.7895588,-0.1078773,0.5712277,0.3050524,0.6622647,-2.2394214,1.3337588,-0.8849691,-0.07441538,0.45669058,1.410059,-1.324084,-2.213808,2.9283917,0.6538664,1.5673327,-0.68498605,1.4985738,-1.2621702,1.7855432,-0.77784514,1.2828864,0.2274598,-0.812084,-0.91469127,-0.43635514,1.8552076,-1.2153223,-2.3267853,-0.09044438,1.3829015,-0.1798381,-1.6397977,0.6995124,-0.06861532,-0.92983174,1.787208,1.476087,-1.607383,-0.10227511,-1.3603953,-5.7269073,-0.19750842,0.34936345,2.834275,-5.2897997,-1.8249795,-0.07741756,-2.0775676,1.0199368,-1.7277589,-2.5278845,-1.0755429,0.17391643,-0.43564174,-2.2607167,-1.0655763,-0.49341896,-2.9287243,0.658241,1.4385093,2.021778,1.5540794,-0.100022115,0.3452939,1.9257493,0.81544334,-0.48819485,-2.6474285,0.88851506,-0.8137103,0.25807783,1.4233353,0.37052023,0.6479016,0.24170075,-0.053966865,0.29438236,-1.9797556,-2.8637407,-2.0332484,-1.8585721,1.6219217,3.9480698,0.9546813,2.6876721,-0.08829315,-0.25797597,1,2
168,-0.8230334,0.39388698,-0.7895588,-0.1078773,0.5712277,0.3050524,0.6622647,-2.2394214,1.3337588,-0.8849691,-0.07441538,0.45669058,1.410059,-1.324084,-2.213808,2.9283917,0.6538664,1.5673327,-0.6845672,1.4985738,-1.2621702,1.7855432,-0.7155735,1.3209115,0.2274598,-0.812084,-0.91469127,-0.43635514,1.8552076,-1.2153223,-2.3292668,-0.09044438,1.3874282,-0.16764784,-0.2992018,0.6959189,-0.07240714,-0.9403361,1.7902126,1.4639211,-1.607383,-0.10227511,-1.3603953,-5.7269073,-0.028763762,0.35686958,2.8179643,-5.30045,-1.8111771,-0.07080568,-2.0775676,1.0199368,-1.7277589,-2.5278845,-0.15078571,0.19086212,-0.3758742,-2.246427,-1.0326291,-0.46092,-2.9289258,0.6902864,1.4377831,2.021778,0.20899147,-0.077751346,0.337888,1.9373438,0.7723278,-0.4501065,-2.6474285,0.88851506,-0.8137103,0.25807783,0.19568056,0.33575317,0.6702292,0.23847225,0.0019187155,0.25785878,-1.984419,-2.8746262,-2.0377102,-1.8662881,1.6216073,3.9480698,0.9546813,2.6876721,-0.10560735,-0.22508374,1,2
169,-0.8230334,0.39993092,-0.7895588,-0.13493279,0.5712277,0.3050524,0.6399341,-2.2450397,1.3080988,-0.88910484,-0.07441538,0.45669058,1.3730277,-1.3295205,-2.213808,2.9283917,0.6538664,1.5673327,-0.6844993,1.4985738,-1.3076935,1.7855432,-0.70547545,1.3270776,0.17892027,-0.812084,-0.92490745,-0.43635514,1.8552076,-1.2335185,-2.3296695,-0.08787276,1.3881623,-0.16567108,-0.03207387,0.69232535,-0.07627232,-0.95085025,1.7931261,1.4521037,-1.6097304,-0.10096185,-1.2858374,-5.765928,-0.12569904,0.3643758,2.8007293,-5.311762,-1.7959273,-0.06335906,-2.0830038,1.0199368,-1.6736221,-2.5254502,-0.114690065,0.20780802,-0.31799364,-2.231307,-0.99949867,-0.4274395,-2.9355407,0.69548285,1.4410926,2.0339975,-0.15933096,-0.05548033,0.32872912,1.9486964,0.7297747,-0.41265017,-2.6632807,0.9071373,-0.74088913,0.26197687,-0.3996722,0.30031776,0.69013387,0.23487158,0.058216266,0.22037816,-1.9547433,-2.8969977,-2.0174298,-1.8656403,1.5682601,3.9736753,0.9438918,2.6872935,-0.12292163,-0.1918476,1,2
170,-0.80710816,0.45412138,-0.77772206,-0.16351528,0.5712277,0.32429698,0.6152382,-2.2534087,1.2706634,-0.89177305,-0.0671797,0.4694297,1.33806,-1.3347824,-2.159543,2.957752,0.65466344,1.5752325,-0.6363921,1.5032048,-1.3558244,1.8112402,-0.5415451,1.3633552,0.09984054,-0.8027921,-0.93149835,-0.44996017,1.8192185,-1.2488706,-2.3569696,-0.08535813,1.3474933,-0.12744121,-0.65304923,0.68897605,-0.07907923,-0.96037257,1.7955232,1.4396896,-1.6104939,-0.09040286,-1.201244,-5.8222795,-0.097968474,0.3722557,2.7825544,-5.3237624,-1.7792537,-0.05486345,-2.1035664,1.0342959,-1.6279305,-2.5037146,-0.4829508,0.2249053,-0.26042658,-2.2151089,-0.96629715,-0.3930645,-2.9444776,0.7264254,1.3506258,2.047948,-0.28154862,-0.032248344,0.31786615,1.960438,0.68836904,-0.3705897,-2.6639109,0.91881824,-0.61220163,0.26655433,-0.1981064,0.26462057,0.7085592,0.23082426,0.11421477,0.18179987,-1.8783197,-2.960894,-1.9596179,-1.8728803,1.4669645,4.007579,0.96195126,2.6678054,-0.14028995,-0.15782921,1,2
171,-0.77525896,0.5624987,-0.7540494,-0.18577017,0.5712277,0.3627848,0.59466,-2.2628963,1.2289029,-0.8890157,-0.05157376,0.49507853,1.3159069,-1.3382915,-2.0510168,3.0164704,0.65625757,1.5910317,-0.540181,1.5130793,-1.3933467,1.8626325,-0.19584398,1.4359077,0.0043145763,-0.784076,-0.9306894,-0.47716925,1.7472434,-1.2560964,-2.411568,-0.08364719,1.2661585,-0.050983924,-1.843879,0.68591386,-0.08062545,-0.9687028,1.7973317,1.4265109,-1.6089925,-0.07164137,-1.1282607,-5.8846326,0.11085107,0.38058022,2.7635782,-5.336363,-1.7612475,-0.045327455,-2.137677,1.0630136,-1.6064003,-2.4633853,-1.0094895,0.24218072,-0.20300749,-2.1977494,-0.9330764,-0.35783464,-2.951314,0.7881413,1.1642076,2.0602083,-0.2531946,-0.0078858165,0.30520827,1.9726703,0.64854085,-0.32275552,-2.6443207,0.918152,-0.44865265,0.27040592,0.68388796,0.22876757,0.72556293,0.22628522,0.16968359,0.14221153,-1.7647426,-3.0620959,-1.8710986,-1.88981,1.3326837,4.0424523,1.0120466,2.6291742,-0.1577201,-0.122968785,1,2
172,-0.77525896,0.5624987,-0.7540494,-0.18577017,0.5712277,0.3627848,0.59466,-2.2628963,1.2289029,-0.85501105,-0.03757569,0.4971932,1.3159069,-1.3382915,-2.0510168,3.0164704,0.65625757,1.5910317,-0.540181,1.5206385,-1.3933467,1.8626325,0.024304844,1.4359077,0.0043145763,-0.7824378,-0.92071307,-0.47716925,1.7472434,-1.2560964,-2.411568,-0.08364719,1.2661585,-0.050983924,-0.42254376,0.68285173,-0.08217805,-0.9767697,1.7991202,1.4135276,-1.6089925,-0.079797044,-1.1282607,-5.8846326,0.024324037,0.3889617,2.7456675,-5.348298,-1.7433832,-0.035833623,-2.137677,1.0630136,-1.6064003,-2.4633853,-0.23197807,0.25945616,-0.14795034,-2.1794634,-0.9001138,-0.3223097,-2.9199321,0.78607786,1.1510329,2.0617805,0.7208419,0.016476652,0.2904062,1.9846511,0.61274064,-0.272502,-2.6394267,0.918152,-0.4469327,0.26704323,0.28409126,0.19291455,0.73992175,0.22116777,0.22419968,0.10334104,-1.7647426,-3.0620959,-1.8710986,-1.88981,1.3269833,4.04376,1.0127414,2.6273832,-0.17513157,-0.08810836,1,2
173,-0.77525896,0.5624987,-0.7540494,-0.18577017,0.57072437,0.3627848,0.5788125,-2.2683566,1.2013648,-0.8449016,-0.033414118,0.49782187,1.3032287,-1.34031,-2.0510168,3.0164704,0.6030255,1.5910317,-0.540181,1.5232036,-1.3933467,1.8626325,0.089754224,1.4359077,-0.05047348,-0.7819508,-0.9177471,-0.49263418,1.4446576,-1.2560964,-2.411568,-0.08423381,1.2661585,-0.050983924,1.3567397e-05,0.67978954,-0.08372334,-0.9846322,1.8008834,1.400704,-1.60829,-0.082221664,-1.0735552,-5.9237933,0.03579378,0.39734328,2.7266078,-5.360804,-1.7245715,-0.0257111,-2.1381104,1.0597678,-1.5872277,-2.462645,-0.009901647,0.2767317,-0.09468338,-2.1607726,-0.86787,-0.28537855,-2.9092817,0.7854644,1.1465701,2.0623126,0.5248852,0.040839355,0.27463523,1.9962165,0.5773491,-0.22287402,-2.6501875,0.8864193,-0.36221302,0.26604345,-0.22610469,0.15706125,0.7529636,0.21565007,0.27337208,0.0603568,-1.7424139,-3.082776,-1.8636599,-1.8892326,1.2848591,4.0597,1.0327334,2.6261046,-0.19254318,-0.053247776,1,2
174,-0.7640175,0.5911465,-0.755383,-0.17704237,0.5608542,0.37601182,0.5558001,-2.2752984,1.1601467,-0.8329833,-0.017240124,0.5027753,1.2812008,-1.3445855,-2.0127118,2.925586,0.5334617,1.5869641,-0.5072075,1.5239387,-1.3892385,1.9265587,0.2184205,1.4521375,-0.123699345,-0.7786529,-0.8866845,-0.50750405,0.9929081,-1.2553272,-2.4330246,-0.09673536,1.2369726,-0.042732283,-0.513265,0.67689514,-0.0844503,-0.99205834,1.8020383,1.3878896,-1.6079239,-0.08114,-0.9949935,-5.9809785,0.038012084,0.40587014,2.7069345,-5.3737082,-1.7046154,-0.014877302,-2.1452157,1.0277846,-1.556009,-2.4471493,-0.1545397,0.29392922,-0.044156477,-2.1423793,-0.8358584,-0.24757282,-2.9174385,0.8139401,1.0861939,2.0613918,-0.17700376,0.06563199,0.2566945,2.0080168,0.54335225,-0.17056364,-2.654577,0.845352,-0.24643146,0.25536728,-0.2775557,0.12123621,0.76517016,0.20969702,0.31742558,0.013547066,-1.6802816,-3.1203432,-1.8227813,-1.8823658,1.2010146,4.0815635,1.0563291,2.6047866,-0.20981602,-0.018111955,1,2
175,-0.7293579,0.67947465,-0.7594948,-0.15013278,0.5319144,0.41679376,0.53182894,-2.280514,1.1147014,-0.7962364,0.032627996,0.51804787,1.2508687,-1.351784,-1.8946086,2.6453683,0.47679198,1.5744233,-0.4055427,1.5252632,-1.3765718,2.1236575,0.6151279,1.5021772,-0.18704723,-0.76848483,-0.79091126,-0.50750405,0.49710464,-1.2529558,-2.4991803,-0.13354135,1.1469859,-0.017290568,-2.09582,0.6743503,-0.08347945,-0.99875504,1.8019481,1.3749542,-1.6088775,-0.07780491,-0.91494864,-6.0411983,-0.06541294,0.41469964,2.686997,-5.386936,-1.68311,-0.0031160733,-2.165839,0.9387953,-1.5165949,-2.4015653,-0.57358915,0.31096417,0.0022402224,-2.124962,-0.8036973,-0.20918448,-2.9465022,0.901737,0.90165937,2.0583606,-0.90167904,0.091320165,0.23508762,2.020672,0.51190054,-0.11211412,-2.6318972,0.81280655,-0.1390934,0.22244984,0.72396517,0.08547027,0.77680063,0.20318933,0.35552493,-0.037606373,-1.5549097,-3.1748629,-1.718796,-1.862905,1.0623605,4.102873,1.0704246,2.541271,-0.22679976,0.0175969,1,2
176,-0.7274845,0.7219203,-0.75971705,-0.07167619,0.5303503,0.43776548,0.5305333,-2.2807958,1.1122451,-0.77557284,0.035323285,0.51887333,1.2492293,-1.352173,-1.8882254,2.630223,0.47372907,1.5737454,-0.3971757,1.5253347,-1.3758872,2.1343102,0.6365693,1.5048819,-0.19047105,-0.76793534,-0.7760881,-0.4904711,0.47030732,-1.251883,-2.5054345,-0.1432764,1.1461012,-0.0017999824,-0.7484097,0.6720436,-0.082194,-1.0037585,1.8021436,1.3616649,-1.608929,-0.082595594,-0.9106225,-6.044453,-0.023236165,0.4235292,2.6676247,-5.3996115,-1.6619933,0.008516371,-2.1669533,0.93398565,-1.5144645,-2.3991015,-0.1876217,0.32799911,0.0465177,-2.1068964,-0.77193195,-0.1708153,-2.9489813,0.9064823,0.8864739,2.0581968,-0.3182414,0.11700828,0.21211584,2.0326931,0.48090693,-0.05463993,-2.6296015,0.80900955,-0.1330276,0.2171497,0.26851684,0.049738973,0.78566885,0.19650188,0.39288834,-0.08773619,-1.5522326,-3.1904144,-1.7170978,-1.8707877,1.0526115,4.104025,1.0712932,2.5359628,-0.2437834,0.05328795,1,2
177,-0.7274845,0.7391416,-0.7964378,-0.036475495,0.47497538,0.44634485,0.5149586,-2.2807958,1.0903766,-0.7670346,0.035323285,0.51887333,1.2340707,-1.355242,-1.8882254,2.5108654,0.44960585,1.5661682,-0.39586267,1.5248946,-1.3778738,2.1343102,0.6365693,1.5048819,-0.21743701,-0.7716224,-0.7716781,-0.48268467,0.16317616,-1.2514513,-2.5285366,-0.21073528,1.1856464,-0.062325567,-0.57825476,0.6697505,-0.081016414,-1.009624,1.8015811,1.350935,-1.6117762,-0.08486803,-0.85996604,-6.0716634,-0.15216975,0.43235877,2.647494,-5.412622,-1.6401023,0.020815687,-2.1640964,0.8961437,-1.4906082,-2.3982472,0.059009857,0.3448889,0.087485366,-2.0897405,-0.7402461,-0.13220873,-2.951507,0.9064823,0.8847872,2.0586226,-0.07028458,0.14269662,0.18828452,2.0443172,0.45024577,0.0021597815,-2.64251,0.8070187,-0.09316473,0.21458665,-0.31538704,0.014009436,0.7937749,0.18951969,0.42477158,-0.14160977,-1.5722941,-3.1507363,-1.7468185,-1.831811,1.0146633,4.115147,1.0696796,2.5337358,-0.26059768,0.088978164,1,2
178,-0.72248113,0.78811723,-0.858072,-0.0041457787,0.38201833,0.45489493,0.4881741,-2.279648,1.0523449,-0.75759166,0.042440925,0.51647276,1.200282,-1.3596644,-1.8658805,2.3184564,0.3947402,1.5491441,-0.37761825,1.5240705,-1.393041,2.125521,0.66602373,1.5070302,-0.27519232,-0.7778088,-0.7631213,-0.4802621,-0.35238165,-1.2499871,-2.5771027,-0.32156652,1.2395399,-0.15796807,-1.5106554,0.6675658,-0.07950734,-1.0155805,1.8002177,1.3423553,-1.6177033,-0.08908285,-0.7729539,-6.1185403,-0.41576678,0.44111794,2.6268163,-5.4258757,-1.6174022,0.033694264,-2.1693783,0.8304507,-1.440701,-2.3887405,-0.07156857,0.36154917,0.12544689,-2.0733974,-0.7090308,-0.09317774,-2.9618928,0.9095699,0.8527789,2.0624256,-0.2788117,0.16844194,0.16361704,2.055565,0.42008236,0.05911261,-2.665346,0.8075534,-0.006351701,0.20983213,-0.7975243,-0.021666428,0.8011939,0.18219294,0.45123354,-0.19930056,-1.5922976,-3.0900857,-1.7805746,-1.763856,0.93688434,4.136861,1.0676863,2.5216134,-0.27716714,0.12467921,1,2
179,-0.69603574,1.0469744,-0.9065743,0.1667306,0.30880937,0.5000857,0.46420285,-2.2735808,1.0164497,-0.70768166,0.08006074,0.5037848,1.1361513,-1.3598672,-1.7477773,2.202703,0.2868942,1.516376,-0.28118852,1.5230368,-1.4582078,2.079065,0.8217031,1.5183848,-0.3768467,-0.78266686,-0.71789515,-0.46745768,-0.75832814,-1.2422487,-2.6686084,-0.42474326,1.2395383,-0.15775903,-2.7775428,0.665846,-0.076166324,-1.0187987,1.7979507,1.3345666,-1.6275324,-0.1113601,-0.6955385,-6.1608543,-0.6706022,0.44957528,2.606375,-5.438981,-1.5938352,0.046854053,-2.2188654,0.7689622,-1.3570496,-2.344946,-1.21353,0.37769988,0.16093679,-2.0574467,-0.6796459,-0.05310625,-3.0008526,0.9258897,0.67834795,2.0793107,-1.1041603,0.19443092,0.13791981,2.066377,0.39105225,0.11874202,-2.6848865,0.8183782,0.1524199,0.1919007,-0.6959352,-0.057111662,0.80764425,0.17431787,0.47221863,-0.2609351,-1.5606977,-3.112618,-1.748118,-1.7298199,0.8045336,4.1676507,1.0697037,2.4678848,-0.293241,0.16042581,1,2
180,-0.6910327,1.0959461,-0.9157502,0.19905771,0.29495937,0.50863504,0.4596679,-2.272433,1.0096588,-0.6982395,0.099946395,0.50138444,1.1240189,-1.3599056,-1.7254341,2.1808043,0.26649144,1.5101767,-0.25691807,1.5228411,-1.4705365,2.0702765,0.85115516,1.520533,-0.3960781,-0.7835859,-0.709339,-0.46503532,-0.8351268,-1.2233778,-2.6859198,-0.44426268,1.239538,-0.15771945,-1.2423719,0.6641261,-0.07288872,-1.0219245,1.7957225,1.3268738,-1.6293918,-0.11504592,-0.6808927,-6.16886,-0.2968045,0.4580326,2.585974,-5.45179,-1.5704609,0.059712242,-2.2282276,0.7573295,-1.3412241,-2.3366604,-0.5891315,0.39385062,0.194947,-2.0411487,-0.65063894,-0.013278861,-3.0096638,0.9289771,0.6340595,2.0825052,-0.5542296,0.22041994,0.11120429,2.0766714,0.36235562,0.17750883,-2.6885834,0.80151796,0.18245697,0.18850847,-0.28064463,-0.09191789,0.81225985,0.16623951,0.49218288,-0.32049108,-1.5547194,-3.1168807,-1.7419779,-1.7233809,0.7746105,4.1734757,1.0700852,2.45772,-0.30931488,0.1958437,1,2
181,-0.6910327,1.0959461,-0.931499,0.19905771,0.27123117,0.50863504,0.4515524,-2.2732155,1.0053866,-0.6982395,0.108884364,0.49315432,1.0920278,-1.3599056,-1.7254341,2.1509066,0.23148277,1.4975809,-0.25269893,1.5228411,-1.5043386,1.9778272,0.85115516,1.5062592,-0.42909136,-0.7838302,-0.709339,-0.5036219,-0.88739526,-1.2111932,-2.6935744,-0.47010413,1.2620584,-0.21073388,-0.18310268,0.6624063,-0.07009456,-1.026231,1.7931831,1.3207889,-1.6290709,-0.121600755,-0.6528377,-6.174677,0.01560286,0.4662485,2.5654516,-5.4644794,-1.5470353,0.07252304,-2.2401242,0.73785216,-1.2951584,-2.3366604,-0.25000852,0.4097599,0.2273148,-2.025078,-0.62244725,0.026871428,-3.0138998,0.90420514,0.6269619,2.0914383,-0.11758041,0.2460309,0.085201874,2.0861158,0.33455718,0.23483388,-2.691967,0.79480374,0.23487014,0.18843988,-0.0879809,-0.1265752,0.81668115,0.15733802,0.51125723,-0.37999126,-1.5664679,-3.0726125,-1.746302,-1.6898249,0.75092685,4.1832085,1.0570447,2.4576836,-0.3251862,0.23093025,1,2
182,-0.68996084,1.1064353,-0.96742356,0.20596817,0.21710327,0.5104823,0.43291315,-2.2758825,0.9956495,-0.6986546,0.11342507,0.47403324,1.0184742,-1.3599129,-1.719049,2.0827024,0.15263538,1.4676057,-0.24703841,1.522918,-1.5798663,1.7622824,0.8501055,1.4718235,-0.5049734,-0.7843859,-0.7071336,-0.6005113,-1.0066323,-1.2098234,-2.7137892,-0.5300012,1.3113233,-0.32669175,-0.6437776,0.66070986,-0.067843705,-1.0319912,1.7901945,1.3168044,-1.6273712,-0.13729335,-0.5883683,-6.1882696,0.103469566,0.47411484,2.5447364,-5.4771013,-1.5234307,0.08531704,-2.2679217,0.69238544,-1.1892363,-2.3342493,-0.8010904,0.4253059,0.2578854,-2.0094006,-0.59531915,0.067481615,-3.021853,0.8453449,0.61793846,2.11141,-0.25503087,0.27106062,0.060654357,2.0944943,0.30789664,0.2903692,-2.6993227,0.8090483,0.3553892,0.18747418,-0.2612845,-0.16118243,0.8217003,0.14720362,0.5293801,-0.43998405,-1.5909045,-2.9762437,-1.7537636,-1.614547,0.69965565,4.2051992,1.0270606,2.4547372,-0.34074828,0.26559937,1,2
183,-0.6701355,1.3004504,-0.99469566,0.33378908,0.1759859,0.544651,0.41651177,-2.293552,0.9884045,-0.70633304,0.19741349,0.45335653,0.9523739,-1.3600482,-1.600946,2.030849,0.11071134,1.4228022,-0.1423373,1.5243394,-1.6091996,1.5160218,0.83069134,1.4124092,-0.5727882,-0.78478134,-0.66634136,-0.83139014,-1.0972844,-1.1844859,-2.7779708,-0.5923249,1.3113625,-0.32650644,-1.75565,0.6594235,-0.06432334,-1.035583,1.7867004,1.3131636,-1.6089284,-0.1473639,-0.53103805,-6.204303,1.0407573,0.48140728,2.5236912,-5.4896812,-1.4989057,0.09728834,-2.3007326,0.6394819,-1.0939022,-2.289651,-0.9121106,0.44003916,0.2867877,-1.993518,-0.5701041,0.10741544,-3.0383618,0.75892985,0.41848338,2.1193671,-0.46685994,0.2946011,0.03973459,2.1009684,0.2823087,0.34307748,-2.6984725,0.80866003,0.46389768,0.17239155,-0.04442743,-0.19490945,0.83179563,0.13330352,0.54582053,-0.4987422,-1.5675447,-2.9848764,-1.7168144,-1.5798692,0.5712346,4.2181625,1.0000883,2.401715,-0.35555017,0.29881215,1,2
184,-0.6637057,1.3633735,-1.0035405,0.375244,0.1626507,0.55573255,0.41119248,-2.2992826,0.9860549,-0.7088233,0.22465262,0.44665065,0.93093634,-1.3600919,-1.5626428,2.014032,0.09711453,1.4082714,-0.10838061,1.5248003,-1.618713,1.4361545,0.82439506,1.3931401,-0.5947818,-0.7849096,-0.64846796,-0.9062688,-1.1266847,-1.1713771,-2.7987862,-0.61253774,1.3113751,-0.3264463,-1.0788649,0.6581371,-0.060857005,-1.0391115,1.7832503,1.3095529,-1.602947,-0.15062997,-0.5124447,-6.209503,0.6848653,0.48869976,2.5026326,-5.5020294,-1.4746838,0.109113365,-2.3113737,0.6223242,-1.0629834,-2.275187,-0.48375797,0.45477238,0.31463817,-1.9774581,-0.54517925,0.14703679,-3.0437162,0.7309036,0.35379604,2.1219478,-0.27431864,0.3181416,0.018249448,2.1071396,0.25704515,0.3950524,-2.6975904,0.8034383,0.49911752,0.16580029,0.02669955,-0.22845693,0.84044313,0.11927416,0.5618311,-0.5563564,-1.5599685,-2.987676,-1.7048309,-1.5686225,0.529585,4.2223673,0.9913522,2.3836138,-0.37035206,0.33193257,1,2
185,-0.6637057,1.3633735,-1.0096278,0.375244,0.15349324,0.55573255,0.4075354,-2.3032382,0.98439044,-0.7088233,0.22465262,0.43889683,0.9302102,-1.3604435,-1.5626428,2.0025089,0.09711453,1.3863821,-0.10838061,1.5248003,-1.630605,1.3642823,0.7924867,1.3655453,-0.6098726,-0.7849935,-0.6436385,-0.9577786,-1.1266847,-1.16629,-2.8011293,-0.62166137,1.3223522,-0.36134398,-0.05603963,0.6568507,-0.057816904,-1.0435368,1.779681,1.3068398,-1.5987388,-0.15660605,-0.50063974,-6.2128654,0.22143663,0.4957648,2.4814394,-5.514205,-1.4507641,0.120678976,-2.3102834,0.6006589,-1.061702,-2.2751474,0.02201184,0.46908596,0.34119523,-1.9614317,-0.5213562,0.18527476,-3.0445182,0.6937011,0.35392448,2.1251025,-0.02141373,0.34095114,-0.002258855,2.1126468,0.23266804,0.4443919,-2.6974676,0.8033334,0.52323794,0.16400735,0.008157372,-0.26191834,0.8491375,0.1043628,0.577825,-0.61310405,-1.5664582,-2.9582891,-1.7151531,-1.5465027,0.5209672,4.226322,1.0001472,2.3826191,-0.38473883,0.36451617,1,2
186,-0.6637057,1.3633735,-1.0301031,0.375244,0.12269069,0.55573255,0.39523426,-2.3165436,0.97879213,-0.7088233,0.22465262,0.4128157,0.9277679,-1.3616265,-1.5626428,1.9637494,0.09711453,1.3127538,-0.10838061,1.5248003,-1.6706055,1.122529,0.68515843,1.272726,-0.66063267,-0.78527606,-0.6436385,-1.1310396,-1.1266847,-1.16629,-2.8090112,-0.65235,1.359275,-0.4787276,-0.24458298,0.6555643,-0.05572232,-1.0501529,1.7757803,1.3062142,-1.5845839,-0.17670746,-0.4609319,-6.2241745,0.9709814,0.5022922,2.4599388,-5.5262356,-1.4272146,0.1317973,-2.3066158,0.52778405,-1.0573919,-2.2750144,0.0988336,0.4824077,0.36588857,-1.9456857,-0.49980825,0.22059722,-3.0472164,0.56856453,0.35435647,2.135715,-0.08460097,0.36203292,-0.019818563,2.1169276,0.21001796,0.48833427,-2.6991765,0.8208062,0.60427123,0.16392282,-0.05699602,-0.29537997,0.8595857,0.08751312,0.594267,-0.6691018,-1.5882872,-2.8594413,-1.7498732,-1.4720997,0.4919799,4.2396245,1.0296905,2.3824396,-0.39814436,0.3959356,1,2
187,-0.6500422,1.497088,-1.0458744,0.4636467,0.09886597,0.57902825,0.37641183,-2.3351307,0.92053854,-0.6891675,0.24233954,0.37939376,0.92590475,-1.3927772,-1.4541147,1.8992404,0.13245142,1.150557,-0.012167873,1.5292532,-1.6738485,0.9044027,0.52027136,1.0646468,-0.7521905,-0.7855066,-0.60411614,-1.1450865,-1.0075765,-1.1095155,-2.8520808,-0.69085026,1.3623843,-0.48819783,-1.1016281,0.6545734,-0.052881077,-1.0552639,1.7716752,1.3056331,-1.5654328,-0.20561697,-0.4044028,-6.2959037,1.2963165,0.50790113,2.4360304,-5.538862,-1.403953,0.14225872,-2.1999662,0.38020924,-1.0394222,-2.2329228,2.262081,0.49273393,0.38820952,-1.9302,-0.4840267,0.24719833,-3.038404,0.32198036,0.16780111,2.1370118,0.17984226,0.37780124,-0.03271503,2.1198003,0.19214359,0.51992106,-2.6931076,0.7532389,0.75022006,0.14942244,0.13215119,-0.32675713,0.86876756,0.070813075,0.6113173,-0.7199047,-1.5684172,-2.8888638,-1.745966,-1.4332659,0.3697288,4.2690887,1.0753185,2.3322566,-0.4083553,0.4227023,1,2
188,-0.64321053,1.5639442,-1.0529299,0.5078473,0.08820241,0.59067583,0.3674994,-2.343885,0.8916392,-0.67845035,0.25118285,0.36374032,0.9250722,-1.4083045,-1.3998514,1.8685575,0.2085713,1.0724444,0.035937708,1.5314795,-1.6720467,0.8051409,0.44217983,0.9643713,-0.7959111,-0.7856104,-0.5392965,-1.1379488,-0.9336238,-1.0361952,-2.873296,-0.70885605,1.3624423,-0.48817468,-0.925435,0.6536086,-0.05001169,-1.0601805,1.7675921,1.3050499,-1.5564313,-0.21952896,-0.3777483,-6.331309,0.8678133,0.5134291,2.4119678,-5.5513487,-1.3809514,0.15256278,-2.1467912,0.31250125,-1.0306121,-2.2118828,2.0302172,0.50279593,0.4097045,-1.9146342,-0.46799523,0.27190042,-3.0337784,0.2037627,0.07450004,2.136756,0.19279268,0.3931008,-0.04527192,2.1224482,0.17487498,0.55007535,-2.6834283,0.6709249,0.8195402,0.12585253,0.30246878,-0.35630092,0.87818676,0.054224644,0.62677336,-0.7667671,-1.5575973,-2.9075816,-1.7426049,-1.4168653,0.3097761,4.282887,1.0967857,2.2984786,-0.41828433,0.44820997,1,2
189,-0.648831,1.5284255,-1.0529299,0.5078473,0.0853913,0.59067583,0.36512104,-2.3449032,0.8834152,-0.67707175,0.24976414,0.35943478,0.924855,-1.4083045,-1.3998514,1.7836217,0.3123462,1.0396434,0.035937708,1.5314795,-1.669254,0.7788839,0.42150843,0.93279094,-0.8074348,-0.7856104,-0.4694558,-1.1268855,-0.91130453,-0.96654826,-2.8590486,-0.71132237,1.3767049,-0.51131845,0.34083387,0.65264386,-0.047612067,-1.0655729,1.7636155,1.305133,-1.5552819,-0.22296613,-0.37083262,-6.3406286,0.059463337,0.5188308,2.387542,-5.563765,-1.358258,0.16271226,-2.1468408,0.26999688,-1.0303049,-2.2118828,-0.0018658043,0.51222897,0.429097,-1.9000704,-0.45218238,0.29380688,-3.0336075,0.16723979,0.0744885,2.1360214,0.0031816266,0.40756378,-0.05715053,2.1248531,0.1587906,0.577873,-2.6725893,0.5968,0.83718574,0.100551546,0.38262355,-0.38444275,0.88758934,0.037711147,0.6409083,-0.8106237,-1.5694674,-2.8918366,-1.7565434,-1.4022163,0.30469,4.2859635,1.103688,2.2850027,-0.4275208,0.4724327,1,2
190,-0.6834911,1.30939,-1.0529299,0.5078473,0.06805591,0.59067583,0.35045427,-2.3511834,0.8327002,-0.67707175,0.24101523,0.33288375,0.9235157,-1.4083045,-1.3998514,1.2598445,0.393593,0.8373677,0.035937708,1.5314795,-1.669254,0.6169634,0.29403317,0.73804224,-0.878499,-0.7856104,-0.4694558,-1.1268855,-0.91130453,-0.96654826,-2.7711887,-0.72653127,1.4646592,-0.65403986,2.4425855,0.65167904,-0.047471926,-1.0736898,1.7600126,1.3086827,-1.5481939,-0.24155948,-0.32818532,-6.3981004,0.43479267,0.52357984,2.3609917,-5.5766706,-1.3361268,0.17249954,-2.1471467,-0.021977821,-1.028411,-2.2118828,-0.008272056,0.5184128,0.4403348,-1.8911353,-0.44083157,0.30623013,-3.0336075,-0.05798744,0.0744885,2.1360214,-0.0015955489,0.41770414,-0.06521044,2.1264446,0.14801481,0.5949983,-2.6686034,0.5968,0.9495223,0.100551546,0.17815404,-0.41258478,0.89536566,0.021150561,0.6554546,-0.85424376,-1.642667,-2.794741,-1.8424989,-1.3118794,0.27335608,4.3087068,1.1476754,2.2850027,-0.43317908,0.49374276,1,2
191,-0.7181509,1.1331755,-1.028463,0.5642673,0.0540894,0.60622615,0.32342684,-2.3562956,0.7812114,-0.6401021,0.23226643,0.29509905,0.90130454,-1.4075627,-1.3072832,0.8241302,0.41115925,0.6594298,0.10314801,1.534366,-1.6612853,0.48686033,0.19153723,0.5735129,-0.911475,-0.78051865,-0.39595354,-0.90703523,-0.5370331,-0.77656454,-2.6798263,-0.74983615,1.5038477,-0.6066993,2.9808023,0.6509115,-0.046317983,-1.0778211,1.757024,1.311264,-1.5407271,-0.2780236,-0.25016662,-6.455248,0.53600484,0.52738893,2.3337893,-5.5895805,-1.3143288,0.18226314,-2.153367,-0.26238135,-0.9970805,-2.17867,-0.13354698,0.5220235,0.44656733,-1.8859708,-0.43367806,0.31240362,-3.0224195,-0.247208,-0.05437524,2.134224,0.25939155,0.4246011,-0.0704148,2.1274633,0.14032951,0.6053001,-2.6422064,0.34818873,0.9987003,0.07616796,0.6941919,-0.43375248,0.900109,0.009750896,0.6688061,-0.8816826,-1.651193,-2.8671935,-1.8689686,-1.3159314,0.16027787,4.3298273,1.1442738,2.2385118,-0.43614268,0.5092795,1,2
192,-0.7387593,1.035423,-1.0099022,0.607068,0.04633758,0.6180228,0.30532914,-2.3591435,0.7504695,-0.5695876,0.22706446,0.27079004,0.8846747,-1.4041504,-1.2370601,0.5795016,0.41983324,0.55762106,0.15413441,1.5365555,-1.6552403,0.41472068,0.13469101,0.48064163,-0.92483526,-0.77665603,-0.3401939,-0.728575,-0.25310707,-0.632441,-2.6249287,-0.76502097,1.5191506,-0.54737735,2.148972,0.6501984,-0.044898205,-1.0808266,1.7542259,1.3135557,-1.5362253,-0.31631505,-0.19797577,-6.489175,0.38868764,0.5309386,2.3078194,-5.6018667,-1.2928318,0.19205338,-2.1684008,-0.3949444,-0.974815,-2.1533194,-0.37794274,0.5249244,0.45135108,-1.8818575,-0.42759895,0.31667677,-3.0139322,-0.3538113,-0.15213256,2.1328604,0.32263547,0.43060338,-0.07481123,2.1283119,0.13355123,0.61365044,-2.622835,0.15803918,1.0175822,0.057670232,0.78902394,-0.45299625,0.9034897,-1.6073403e-05,0.6816727,-0.9044851,-1.6456548,-2.9380822,-1.8754131,-1.3337017,0.079634935,4.342119,1.1353637,2.2030873,-0.43836296,0.52322364,1,2
193,-0.7387593,1.035423,-1.0104238,0.607068,0.046074305,0.6180228,0.30471116,-2.3591435,0.7494194,-0.4676624,0.22659159,0.26968518,0.88410836,-1.3973111,-1.2370601,0.578893,0.44065076,0.55664533,0.15413441,1.5365555,-1.6556367,0.4127827,0.13380009,0.47778717,-0.9250438,-0.77665603,-0.3401939,-0.7005437,-0.25310707,-0.632441,-2.6250415,-0.7652162,1.5196286,-0.5500205,-0.0026858354,0.64948535,-0.043531332,-1.0838704,1.751449,1.3158714,-1.5361453,-0.34984893,-0.19619296,-6.490332,0.0028393224,0.53445596,2.2838697,-5.613245,-1.2716647,0.2018802,-2.1933794,-0.39102817,-0.97685677,-2.1529486,-0.7266438,0.5278066,0.4560169,-1.877773,-0.42142847,0.32064694,-3.0139568,-0.35702002,-0.15213272,2.1329641,-0.003206554,0.43653005,-0.07911902,2.1291332,0.1269609,0.62173414,-2.6228173,0.15431757,1.0179061,0.057670232,-0.0029537242,-0.47224006,0.90608525,-0.009474252,0.69430685,-0.92702293,-1.6454196,-2.9363332,-1.8766762,-1.3317394,0.078324996,4.342663,1.1370113,2.2027135,-0.44057205,0.5371168,1,2
194,-0.7387593,1.035423,-1.0297242,0.607068,0.036332104,0.6180228,0.28184363,-2.3591435,0.71055984,-0.4676624,0.2090938,0.22880127,0.86315143,-1.3973111,-1.2370601,0.55637056,0.44065076,0.52053916,0.15413441,1.5365555,-1.6703035,0.34106863,0.10083235,0.37216076,-0.9327593,-0.77665603,-0.3401939,-0.7005437,-0.25310707,-0.632441,-2.6292171,-0.7724389,1.5373172,-0.64782995,-0.102574356,0.6487722,-0.0433351,-1.0896822,1.7483397,1.3202373,-1.5331827,-0.37591052,-0.13022253,-6.533153,0.15971485,0.5368064,2.2581353,-5.6249485,-1.2513565,0.21127114,-2.19724,-0.41665992,-0.94658726,-2.1529486,-0.27202064,0.53001523,0.4600234,-1.8741409,-0.4163808,0.32302192,-3.0148704,-0.47575486,-0.15213867,2.1367936,-0.024599992,0.43973413,-0.081345685,2.1296532,0.12426131,0.62387776,-2.6221623,0.15431757,1.0298957,0.057670232,0.013414537,-0.49148408,0.90817976,-0.018860215,0.7067656,-0.94915444,-1.6367148,-2.8716056,-1.8823667,-1.26983,0.02985246,4.3627944,1.1193702,2.2027135,-0.44237816,0.54917544,1,2
195,-0.7202789,1.168227,-1.0459219,0.64197826,0.028169788,0.6273172,0.26265895,-2.357072,0.67469114,-0.4000675,0.13995408,0.19462366,0.84817386,-1.3933653,-1.1604519,0.5374156,0.41908288,0.4936176,0.17430516,1.5383366,-1.6754566,0.29802606,0.07095371,0.2965102,-0.9392456,-0.7752636,-0.3120081,-0.492903,-0.40037,-0.5435448,-2.68169,-0.78617847,1.5435218,-0.6823892,-1.2930194,0.64817697,-0.04291956,-1.0949349,1.7452328,1.3244816,-1.5323663,-0.42577806,-0.073912755,-6.5732865,0.1011917,0.5385756,2.2333727,-5.6360793,-1.2322137,0.22111145,-2.2082472,-0.44063154,-0.9257087,-2.1247137,-0.26197475,0.53195095,0.46432567,-1.8702811,-0.41218895,0.32512677,-3.0070045,-0.5600904,-0.19032708,2.1383078,0.17349079,0.44191715,-0.082936406,2.130092,0.12263751,0.6240136,-2.6134186,0.05026563,1.0389422,0.048287336,0.22137545,-0.5074646,0.9083267,-0.025166875,0.71253264,-0.9679672,-1.6201228,-2.8619392,-1.8803816,-1.2259266,-0.028042732,4.3799357,1.107516,2.1692338,-0.44405654,0.5588673,1,2
196,-0.69948876,1.3176293,-1.0565156,0.6812517,0.022837982,0.63777333,0.250115,-2.3546846,0.6496989,-0.32402423,0.069089025,0.17233403,0.83960766,-1.3889263,-1.0742687,0.52499384,0.39481935,0.47760248,0.19699694,1.5403403,-1.6731594,0.2779493,0.05037142,0.25315398,-0.9434929,-0.77369726,-0.28029948,-0.25931025,-0.5660386,-0.44353795,-2.739071,-0.79878044,1.5435102,-0.6826079,-2.0843809,0.6476457,-0.042390708,-1.0998557,1.7421422,1.3286352,-1.5326798,-0.4715773,-0.036597118,-6.601532,-0.024930479,0.54002994,2.209178,-5.646826,-1.2137971,0.23114508,-2.219104,-0.45746818,-0.91418487,-2.0929499,-0.3461428,0.53373873,0.46875703,-1.8663175,-0.4084777,0.327081,-2.9976547,-0.6080358,-0.23328157,2.1379004,0.32818732,0.44354713,-0.08414389,2.1304746,0.12160144,0.62306666,-2.6038408,-0.06679129,1.0443805,0.03773171,0.36018112,-0.52167755,0.9073708,-0.029787865,0.7146642,-0.98488873,-1.6048799,-2.8766596,-1.8758992,-1.2010062,-0.0740447,4.3907743,1.1011531,2.1315699,-0.44566575,0.56727713,1,2
197,-0.69948876,1.3176293,-1.0565156,0.6812517,0.022837982,0.63777333,0.250115,-2.3544717,0.6496989,-0.32402423,0.069089025,0.17233403,0.83960766,-1.3889263,-1.0742687,0.52499384,0.39481935,0.47760248,0.19699694,1.5403403,-1.6646593,0.2779493,0.05037142,0.25315398,-0.9434929,-0.77369726,-0.28029948,-0.25931025,-0.5660386,-0.44353795,-2.739071,-0.79878044,1.5435102,-0.6826079,-0.20334825,0.64711434,-0.041876677,-1.1046983,1.7390914,1.332721,-1.5329053,-0.4715773,-0.036436908,-6.6016054,-0.018560223,0.5414843,2.1850963,-5.657373,-1.1956357,0.24104357,-2.219104,-0.45746818,-0.91418487,-2.0929499,-0.034517355,0.5355266,0.4731037,-1.8624057,-0.4048122,0.3290235,-2.9971366,-0.6080358,-0.23326464,2.1356924,0.044737123,0.44517714,-0.08524642,2.1308248,0.12057895,0.62213266,-2.6038408,-0.06679129,1.0443805,0.03773171,0.03207598,-0.5358904,0.90628475,-0.034360863,0.7167658,-1.001557,-1.6048145,-2.8766983,-1.8758992,-1.2010062,-0.07415512,4.3889666,1.1011531,2.1315699,-0.44727492,0.575687,1,2
198,-0.69948876,1.2720921,-1.0565156,0.6812517,0.017982388,0.63777333,0.250115,-2.3544486,0.6282577,-0.32402423,-0.00425947,0.16101763,0.83960766,-1.3889263,-1.0742687,0.5137822,0.35820103,0.47489637,0.19699694,1.5403403,-1.6612133,0.27634022,0.03501624,0.2354902,-0.94735616,-0.77369726,-0.29829296,-0.25931025,-0.7178142,-0.44353795,-2.7357142,-0.80170983,1.5246787,-0.704068,0.08031015,0.646583,-0.04124577,-1.1104165,1.7356039,1.3368212,-1.5321211,-0.4840003,-0.036992904,-6.6252294,0.035611097,0.5426067,2.1597848,-5.668055,-1.1790442,0.25100204,-2.219104,-0.47064033,-0.91418487,-2.0929499,-0.00082696596,0.5372626,0.4772431,-1.8587601,-0.40185925,0.33140317,-2.996922,-0.6261367,-0.23325762,2.1347976,0.0069897007,0.44633916,-0.0861452,2.1311738,0.12007458,0.62005854,-2.6065962,-0.046186656,1.0507442,0.044043906,-0.0722741,-0.5501035,0.905717,-0.039306037,0.71621704,-1.0197973,-1.5856422,-2.8700109,-1.8573384,-1.1874229,-0.073743545,4.397571,1.1037246,2.1349318,-0.4489326,0.5837816,1,2
199,-0.7172872,1.1591593,-1.013424,0.69265205,0.013200378,0.60607684,0.25578395,-2.3530822,0.6072616,-0.29614127,-0.08020881,0.15074274,0.8451503,-1.3885791,-1.0345441,0.47391146,0.3103143,0.4722258,0.20898679,1.5408547,-1.6580375,0.27546254,0.019868998,0.21907538,-0.965659,-0.77326214,-0.3163045,-0.19355725,-0.8412308,-0.39501807,-2.6780665,-0.80568665,1.4935486,-0.553907,1.4131058,0.64564955,-0.03827658,-1.1109114,1.7324522,1.337817,-1.5334114,-0.5055309,-0.05296211,-6.6489387,-0.05156488,0.5435685,2.1346586,-5.6784635,-1.1636482,0.2608006,-2.2142208,-0.49379873,-0.9218618,-2.0785053,0.10145717,0.53896934,0.48117444,-1.8553835,-0.399509,0.33422214,-2.993976,-0.64201856,-0.25583664,2.1340249,0.067942046,0.44726485,-0.08696459,2.131518,0.11965058,0.61758137,-2.606837,-0.07808974,1.0792748,0.050534017,-0.038636476,-0.56253535,0.9049863,-0.043070607,0.7128352,-1.0359246,-1.5600915,-3.0166204,-1.8296343,-1.271199,-0.071779974,4.4063106,1.1209564,2.1238174,-0.45060888,0.59080064,1,2
200,-0.74726313,1.0107915,-0.9408497,0.7118525,0.009607114,0.552694,0.2653315,-2.3507805,0.5915969,-0.24918117,-0.14074095,0.14383358,0.8544852,-1.3879946,-0.9676404,0.41706112,0.26330316,0.470214,0.23017038,1.5417207,-1.6550106,0.2764987,0.0084640775,0.20765646,-0.9929356,-0.7724453,-0.33010963,-0.08281685,-0.90966046,-0.3133015,-2.5840604,-0.80969334,1.458419,-0.2812934,3.2326434,0.64433527,-0.033121444,-1.1063675,1.7296752,1.3358734,-1.5363277,-0.53038025,-0.07933066,-6.667175,-0.22338754,0.54441637,2.1098833,-5.6885633,-1.1492416,0.27041653,-2.2059963,-0.52070135,-0.9347912,-2.0541775,0.24680595,0.5406544,0.48492008,-1.8522391,-0.39765164,0.33740133,-2.9891071,-0.6519255,-0.29573926,2.1333268,0.16074295,0.4480204,-0.08775488,2.1318622,0.11923176,0.61487514,-2.6045084,-0.15074879,1.1214495,0.055697426,0.078064114,-0.5732798,0.9040196,-0.045666803,0.7070899,-1.0498325,-1.5346649,-3.2696855,-1.8000258,-1.4247723,-0.06967132,4.4129467,1.1476038,2.1020267,-0.4522973,0.5968369,1,2
201,-0.74726313,1.0107915,-0.9408497,0.7118525,0.009607114,0.552694,0.2653315,-2.3507805,0.5915969,-0.24918117,-0.14074095,0.14383358,0.8544852,-1.3879946,-0.9676404,0.41706112,0.26330316,0.470214,0.23749954,1.5417207,-1.6550106,0.28416625,0.0084640775,0.20765646,-0.9929356,-0.77182394,-0.33010963,-0.08281685,-0.90966046,-0.3133015,-2.5840604,-0.80969334,1.458419,-0.2812934,0.6324623,0.64302087,-0.028067429,-1.1018872,1.7269391,1.3339533,-1.5363277,-0.53038025,-0.07933066,-6.667175,-0.0448309,0.5452641,2.0853221,-5.6984453,-1.1350713,0.27987748,-2.2059963,-0.52070135,-0.9347912,-2.0541775,0.04762124,0.5423395,0.48858407,-1.849146,-0.39581817,0.34054372,-2.9887142,-0.650351,-0.30958158,2.1333268,0.03953511,0.44877592,-0.0886841,2.1322393,0.11873947,0.6123104,-2.6030054,-0.15074879,1.1212249,0.05593098,0.05419446,-0.58402437,0.9029046,-0.04821659,0.7014467,-1.063504,-1.5346649,-3.2696855,-1.8000258,-1.4247723,-0.075660564,4.4129467,1.147513,2.102151,-0.4539857,0.6028734,1,2
202,-0.7734925,1.0026776,-0.9408497,0.7067614,0.005812446,0.5518599,0.2653315,-2.3507805,0.5838713,-0.24918117,-0.1592792,0.13974391,0.8544852,-1.3879946,-0.9676404,0.37980208,0.145586,0.46891287,0.23928222,1.5417207,-1.6659837,0.28603125,0.003751557,0.20276053,-1.0061498,-0.7715445,-0.33010963,-0.08281685,-0.90966046,-0.3133015,-2.5279999,-0.80977666,1.5172387,-0.28539363,1.3410679,0.64169586,-0.02403247,-1.0968473,1.7251084,1.3330702,-1.5359623,-0.5323014,-0.079565935,-6.67568,0.017951831,0.54599196,2.0604787,-5.7082715,-1.1214712,0.289216,-2.2059963,-0.5555353,-0.9347912,-2.0541775,-0.00082696596,0.5439996,0.49187467,-1.846736,-0.39585313,0.34549433,-2.9892976,-0.6533903,-0.31298804,2.136171,-0.012806651,0.44940174,-0.08972311,2.1326632,0.118387476,0.6094587,-2.600875,-0.15074879,1.1414738,0.056035787,0.06408049,-0.5947688,0.90158826,-0.050747808,0.69604194,-1.0770925,-1.5953547,-3.2705157,-1.8580002,-1.422177,-0.076961584,4.4186783,1.1556954,2.1022067,-0.4556844,0.6088223,1,2
203,-0.8081522,0.99292165,-0.92005235,0.70054305,0.0012860193,0.55117476,0.2677781,-2.3516667,0.5746594,-0.23901226,-0.17450668,0.13505101,0.84566116,-1.3887235,-0.9413637,0.33413494,0.04845433,0.4610706,0.24918652,1.5424787,-1.6802316,0.27715686,-0.007603948,0.19499205,-1.0170039,-0.77139646,-0.32482475,-0.06949319,-0.83519053,-0.28095034,-2.4462898,-0.8096195,1.5659207,-0.23279358,2.6251862,0.64036757,-0.01972755,-1.0897856,1.7238364,1.331636,-1.534855,-0.5386248,-0.087506734,-6.6853724,0.06691041,0.5466421,2.0358267,-5.7179093,-1.1083379,0.29826525,-2.2002559,-0.5926292,-0.92136824,-2.0449266,0.11941218,0.54552186,0.49495414,-1.8446069,-0.39658546,0.3508085,-2.9861722,-0.65951383,-0.33147547,2.139931,0.06261416,0.44988662,-0.09067482,2.133069,0.11797675,0.60635567,-2.5984306,-0.19562782,1.1579915,0.054235507,0.0797676,-0.6043257,0.9005625,-0.052594215,0.6908628,-1.0877422,-1.6487457,-3.3226044,-1.9007746,-1.4482533,-0.07912634,4.4256415,1.1523988,2.091916,-0.45724764,0.61406535,1,2
204,-0.842812,0.9847526,-0.8650886,0.69516116,-0.002438898,0.55117476,0.274244,-2.3540084,0.56708515,-0.21213764,-0.17450668,0.13152657,0.82234097,-1.3906498,-0.87191904,0.2943283,0.047297794,0.44316941,0.2753618,1.5444814,-1.6940649,0.25370345,-0.027384372,0.18508969,-1.0170039,-0.77128345,-0.31085786,-0.034281164,-0.63838005,-0.19545215,-2.3520417,-0.80902314,1.5668896,-0.08487994,3.1076677,0.6390392,-0.014440531,-1.0796987,1.7230043,1.3287486,-1.5327219,-0.55116564,-0.10798215,-6.6925235,0.15428919,0.547228,2.0116353,-5.727267,-1.0956703,0.30690396,-2.1850846,-0.6150426,-0.88589346,-2.020478,0.43718258,0.5468308,0.4978839,-1.8425789,-0.39747706,0.3557651,-2.9764395,-0.6682682,-0.38024843,2.1436932,0.31156328,0.4502084,-0.09142453,2.133421,0.11739541,0.60299134,-2.5958025,-0.314235,1.1575694,0.049372505,0.087161206,-0.61193156,0.90011925,-0.053325668,0.68592846,-1.0936078,-1.6581014,-3.4584627,-1.8879663,-1.5228019,-0.08518545,4.4316006,1.1258755,2.0646634,-0.458583,0.6181948,1,2
205,-0.842812,0.9847526,-0.8650886,0.69516116,-0.002438898,0.5776282,0.274244,-2.3540084,0.56708515,-0.21213764,-0.14301068,0.13152657,0.82234097,-1.3906498,-0.86731297,0.2943283,0.047297794,0.44316941,0.2753618,1.5444814,-1.6940649,0.25370345,-0.027384372,0.18508969,-1.0119957,-0.7710575,-0.31085786,-0.034281164,-0.63838005,-0.19545215,-2.3520417,-0.8105121,1.5668896,-0.08487994,0.85307896,0.6380465,-0.009309596,-1.0696602,1.7222228,1.326042,-1.5327219,-0.55060345,-0.10798215,-6.6925235,0.041337326,0.5478139,1.987799,-5.736387,-1.0829008,0.31508774,-2.1842077,-0.6150426,-0.8858209,-2.0188434,0.13777784,0.5481397,0.5007719,-1.8405608,-0.39834508,0.3606417,-2.9764395,-0.6682682,-0.38024843,2.1436932,0.083618656,0.4505302,-0.0921619,2.1337647,0.11682461,0.59969383,-2.5958223,-0.314235,1.149784,0.049458336,0.020968951,-0.61953753,0.89964324,-0.054024294,0.68103874,-1.0993195,-1.6581014,-3.4584627,-1.8879383,-1.5215268,-0.08518545,4.4316006,1.1226755,2.0630603,-0.45991838,0.62232435,1,2
206,-0.842812,0.9847526,-0.8650886,0.69516116,-0.0029732503,0.5876373,0.27091086,-2.355067,0.56360507,-0.21213764,-0.13109359,0.13065022,0.8114685,-1.3907129,-0.8655702,0.27576953,0.047297794,0.41890168,0.2753618,1.5444814,-1.6953081,0.22118023,-0.027384372,0.17876992,-1.0101006,-0.7709369,-0.31085786,-0.034281164,-0.63838005,-0.19545215,-2.3520417,-0.81113505,1.5668896,-0.08487994,1.3567397e-05,0.6370537,-0.004241697,-1.0597235,1.7214334,1.3233746,-1.5310569,-0.55073184,-0.09917501,-6.6957817,0.0867657,0.54837406,1.9640023,-5.7454224,-1.0701748,0.32331818,-2.1850657,-0.6322902,-0.8700787,-2.0182397,-0.011850966,0.54898334,0.50321996,-1.8388803,-0.399902,0.3643309,-2.9765072,-0.6760796,-0.38025382,2.1440146,-0.0042181243,0.4506846,-0.0921716,2.1339068,0.11649182,0.59609973,-2.5957448,-0.314235,1.1468248,0.049504057,-0.0016484777,-0.62714344,0.89913005,-0.054708432,0.67621166,-1.1049654,-1.6545066,-3.4601834,-1.8818303,-1.5210556,-0.0916586,4.4331574,1.1097856,2.0624754,-0.46071908,0.62634104,1,2
207,-0.834381,0.9949365,-0.8761723,0.70448875,-0.0037979975,0.5924633,0.26497343,-2.35677,0.5583271,-0.20720139,-0.121304214,0.1292976,0.7972746,-1.3907896,-0.85106236,0.23973535,0.05531547,0.38224924,0.279615,1.5448508,-1.6968217,0.16831256,-0.02702796,0.16924582,-1.0098702,-0.7708667,-0.3105342,-0.030095873,-0.620101,-0.18309526,-2.3746848,-0.81383884,1.5656883,-0.109257884,-0.5416477,0.6361222,0.000550614,-1.0505992,1.7205166,1.3211061,-1.5283185,-0.55248076,-0.08339817,-6.7006655,0.19727623,0.5489102,1.9404562,-5.7543125,-1.0573593,0.3315447,-2.1836169,-0.65555966,-0.8493612,-2.013143,0.014347116,0.5494073,0.505252,-1.8374985,-0.40195674,0.36682597,-2.9746144,-0.6842769,-0.38809788,2.144437,0.04073415,0.45068857,-0.091452755,2.1338418,0.11631623,0.5923093,-2.595546,-0.32901946,1.1464353,0.04941736,0.0028678342,-0.6342957,0.8988118,-0.055169355,0.6713109,-1.1095903,-1.6468294,-3.4409938,-1.8726084,-1.5016489,-0.106644146,4.4354415,1.0942379,2.0572882,-0.461038,0.63002306,1,2
208,-0.79972136,1.036803,-0.9217376,0.74283504,-0.0045143277,0.61230314,0.25724587,-2.3584733,0.55404603,-0.18690832,-0.08105976,0.12812279,0.7933354,-1.3907896,-0.79142034,0.18447746,0.08827644,0.35302076,0.2971001,1.5463691,-1.6968217,0.11373828,-0.025562746,0.16172002,-1.0089227,-0.7707537,-0.30920416,-0.012890001,-0.54495513,-0.1322956,-2.4677715,-0.824656,1.5607493,-0.20947641,-2.768436,0.63538116,0.0046050837,-1.0438104,1.7192177,1.3200046,-1.5253931,-0.55796343,-0.0626153,-6.7044353,0.21035178,0.54942024,1.9176188,-5.76291,-1.0441833,0.33967084,-2.1717055,-0.66490436,-0.8428378,-1.9921174,0.30393386,0.5494073,0.5068237,-1.8364067,-0.40425596,0.36785436,-2.9664931,-0.67888343,-0.4203181,2.1445663,0.23349044,0.45054168,-0.08984616,2.1335132,0.116179064,0.5884696,-2.5951526,-0.38979888,1.1449006,0.048993602,0.009285123,-0.6400367,0.8991666,-0.054964475,0.66606206,-1.1111625,-1.6332587,-3.3534925,-1.8652096,-1.4218106,-0.13585463,4.437041,1.0887719,2.035853,-0.46087053,0.6328774,1,2
209,-0.79503757,1.0424606,-0.9278951,0.748017,-0.00461113,0.6149842,0.2562016,-2.3587034,0.5534675,-0.17799945,-0.0756213,0.12796403,0.79280305,-1.3906434,-0.78336054,0.17701013,0.10573387,0.3490709,0.301274,1.547133,-1.696101,0.10636335,0.001563838,0.16070302,-1.0087945,-0.7694682,-0.30902436,-0.010564867,-0.53480023,-0.12543072,-2.4803512,-0.8261178,1.5600818,-0.22301951,-1.1434647,0.6346401,0.008581135,-1.0371283,1.7179363,1.3189158,-1.5249977,-0.56099075,-0.059806798,-6.704945,0.0781453,0.54993033,1.895219,-5.771256,-1.0312301,0.34767163,-2.1706183,-0.66186136,-0.84199107,-1.9892372,0.11634415,0.5494073,0.50834495,-1.8353115,-0.4063022,0.3686719,-2.962746,-0.6833109,-0.42782512,2.1444454,0.157099,0.45039475,-0.08823559,2.1331677,0.11645796,0.5851844,-2.592032,-0.39801237,1.1442143,0.049418654,0.078337654,-0.6457778,0.8994591,-0.05474533,0.66089976,-1.1127125,-1.6314249,-3.3416681,-1.8642232,-1.4109912,-0.14116623,4.4371414,1.0878655,2.0331733,-0.46070302,0.63573176,1,2
210,-0.79503757,1.0243282,-0.9278951,0.748017,-0.0048899227,0.6149842,0.2562016,-2.3593247,0.55138475,-0.17433812,-0.0756213,0.12636371,0.79280305,-1.3905567,-0.78336054,0.15114668,0.113454424,0.34360945,0.30234933,1.5474647,-1.695673,0.088809535,0.017552417,0.15736291,-1.0120213,-0.76871395,-0.30902436,-0.010564867,-0.53480023,-0.12543072,-2.4793773,-0.8261396,1.5568242,-0.23232244,0.023305383,0.633899,0.012460009,-1.0308731,1.7165608,1.3179551,-1.5242325,-0.56295913,-0.0603135,-6.70687,0.03913087,0.5503934,1.8729151,-5.77949,-1.0185021,0.3555062,-2.1709287,-0.6627731,-0.84201175,-1.989214,-0.01211392,0.54930264,0.5094629,-1.8345585,-0.40842745,0.3692134,-2.9611726,-0.6797625,-0.42969713,2.1443632,0.061368316,0.45015934,-0.086245745,2.1327136,0.11692156,0.5818379,-2.5898473,-0.39801237,1.1488806,0.049704827,0.08476925,-0.651519,0.89969647,-0.054525737,0.6558374,-1.114277,-1.6282756,-3.334378,-1.8610201,-1.4050847,-0.1416039,4.4378357,1.0897665,2.0333025,-0.46042874,0.63852656,1,2
211,-0.7987847,0.98805046,-0.92187124,0.7510717,-0.0054474985,0.6166525,0.2565085,-2.3605676,0.54721045,-0.17119548,-0.07855343,0.12269321,0.7946343,-1.390341,-0.78080696,0.10070192,0.11726796,0.3327113,0.30371895,1.5476394,-1.6958531,0.053702608,0.02618561,0.15025462,-1.0188003,-0.768659,-0.3088086,-0.010781172,-0.526848,-0.12155794,-2.4672272,-0.8270446,1.5506843,-0.23526753,0.30878413,0.6331791,0.01640492,-1.0245441,1.7151581,1.3168824,-1.5227374,-0.565864,-0.062196016,-6.7107296,0.10929249,0.55078536,1.8507516,-5.7875957,-1.0060768,0.36315423,-2.1708841,-0.6677848,-0.84465617,-1.9882606,0.000108543034,0.5490704,0.5101287,-1.8341849,-0.41066238,0.36937478,-2.9602845,-0.66533345,-0.43217632,2.1444242,0.01816871,0.44980446,-0.08378888,2.1321256,0.11767113,0.5784593,-2.5889118,-0.4028917,1.1592528,0.049650267,0.027056998,-0.65711796,0.89997745,-0.054258604,0.6508907,-1.115536,-1.622719,-3.3337858,-1.8559945,-1.4024769,-0.14129345,4.4394135,1.0959221,2.0323117,-0.460029,0.64116764,1,2
212,-0.83344436,0.9599693,-0.8661523,0.7793269,-0.0058772964,0.6320835,0.2593472,-2.3615255,0.54391736,-0.142127,-0.105674684,0.11587929,0.81157297,-1.3883471,-0.7571863,0.07268016,0.15254198,0.3245192,0.3163878,1.5492547,-1.6975198,0.026640985,0.10603993,0.14114444,-1.0267864,-0.76815057,-0.30681336,-0.012781841,-0.4532926,-0.08573607,-2.3713517,-0.83504415,1.5491366,-0.10475617,2.554404,0.63263375,0.021631906,-1.0140331,1.7143704,1.313783,-1.5218879,-0.5823765,-0.07101612,-6.7137685,0.07096674,0.55099905,1.8295053,-5.795268,-0.994488,0.3705402,-2.1704712,-0.6553288,-0.8691156,-1.9794436,0.008761706,0.5486981,0.51050556,-1.83396,-0.41277224,0.368517,-2.9520707,-0.6439561,-0.45510817,2.1449888,0.21053554,0.4492343,-0.080775894,2.131357,0.11973764,0.5761026,-2.5864196,-0.4480243,1.1712383,0.04914456,0.07068205,-0.66154397,0.9010205,-0.053583972,0.64614534,-1.1141188,-1.6247249,-3.4519334,-1.8639588,-1.4782063,-0.14473519,4.441086,1.1189355,2.023148,-0.4595243,0.64306027,1,2
213,-0.842812,0.95237976,-0.8463167,0.78696346,-0.005993459,0.6362541,0.26241606,-2.3617845,0.5430273,-0.1338704,-0.113004796,0.114037685,0.816151,-1.3878083,-0.7508023,0.06510667,0.16207556,0.3223051,0.31981185,1.5496911,-1.6979703,0.019326994,0.1276223,0.13868222,-1.0289448,-0.7677658,-0.30044997,-0.013322576,-0.43080136,-0.07605442,-2.343626,-0.8372061,1.5439237,-0.05951928,1.5310513,0.6320885,0.026953632,-1.0033684,1.7135512,1.310503,-1.521924,-0.58699507,-0.0799279,-6.71459,0.01370399,0.5512127,1.808453,-5.8027983,-0.9831714,0.3776931,-2.1703594,-0.65196234,-0.8757263,-1.9770606,0.0047858874,0.5483258,0.5108779,-1.8337357,-0.4148512,0.36767292,-2.9498506,-0.63817847,-0.461306,2.1451414,0.12214986,0.44866416,-0.07781187,2.1305985,0.12177518,0.57378,-2.5841568,-0.46081215,1.1742152,0.04706587,0.076747686,-0.66597,0.9020694,-0.052937414,0.64151144,-1.1126908,-1.6229922,-3.492762,-1.8613858,-1.5049801,-0.14086914,4.441538,1.1250491,2.019637,-0.45901957,0.644953,1,2
214,-0.85498995,0.9435895,-0.8420711,0.7767994,-0.005993459,0.6362541,0.264462,-2.3618968,0.5430273,-0.13351463,-0.12007493,0.11222145,0.816151,-1.3878083,-0.7508023,0.06510667,0.1525262,0.32013747,0.31981185,1.5496911,-1.6979703,0.019168518,0.1276223,0.13404316,-1.0305619,-0.76748645,-0.2952731,-0.018243296,-0.42848027,-0.07605442,-2.315032,-0.8345758,1.5558714,-0.05468375,0.7065245,0.6315431,0.03191441,-0.99279666,1.7129693,1.3074841,-1.5220418,-0.58814603,-0.08580392,-6.714531,-0.014938711,0.5513731,1.787556,-5.810208,-0.97217315,0.3847045,-2.1703594,-0.654821,-0.8757263,-1.9770606,-0.00082696596,0.54791194,0.51124936,-1.8335334,-0.41713923,0.36686695,-2.9498506,-0.6352813,-0.461306,2.1451414,-0.0026284144,0.4479711,-0.074856654,2.129852,0.123985596,0.57125163,-2.582408,-0.46075526,1.1764315,0.045362417,0.060916025,-0.67039615,0.90322155,-0.052377563,0.63699037,-1.1112739,-1.6376985,-3.4970489,-1.8731618,-1.5080408,-0.1365519,4.4415145,1.1259447,2.01873,-0.45848382,0.64676285,1,2
215,-0.88964975,0.9185718,-0.8420711,0.74787146,-0.005993459,0.6362541,0.264462,-2.362216,0.5430273,-0.13351463,-0.14019716,0.107052274,0.816151,-1.3878083,-0.7508023,0.06510667,0.12534785,0.31396815,0.31981185,1.5496911,-1.6979703,0.018717496,0.1276223,0.120840006,-1.0351641,-0.767317,-0.2952731,-0.03224808,-0.42848027,-0.07605442,-2.2382357,-0.8270896,1.6020045,-0.066126935,2.484182,0.63099784,0.036144286,-0.9825019,1.7128478,1.3050708,-1.5217048,-0.5910279,-0.086012855,-6.714363,0.022201734,0.5514351,1.7668138,-5.817495,-0.96157616,0.39161408,-2.1703594,-0.6629567,-0.8757263,-1.9770606,-0.00082696596,0.54742134,0.51162225,-1.8333714,-0.4198343,0.366122,-2.9498506,-0.627036,-0.461306,2.1451414,-0.0026284144,0.44705117,-0.071884245,2.1291196,0.12653498,0.5683201,-2.5814528,-0.4591014,1.1834035,0.045427114,0.030340964,-0.6748222,0.9045578,-0.05195852,0.6326015,-1.1098851,-1.6853081,-3.486742,-1.9186318,-1.5007977,-0.13639839,4.4414477,1.1287621,2.0187643,-0.45789084,0.64841986,1,2
216,-0.92430943,0.8925605,-0.79602253,0.70192504,0.056315847,0.64054376,0.26998594,-2.3623283,0.54719275,-0.111101754,-0.14074095,0.10325477,0.8198305,-1.3882687,-0.7279349,0.08472691,0.10492112,0.30838922,0.32735035,1.5507598,-1.6995919,0.018705307,0.09091258,0.110848434,-1.0389761,-0.76720244,-0.29376307,-0.07116953,-0.3511098,-0.048365664,-2.144478,-0.7673393,1.6003084,0.0050181267,2.937972,0.63050693,0.039540086,-0.9714833,1.714281,1.3002301,-1.52242,-0.600664,-0.1016412,-6.7098327,-0.032519538,0.5513899,1.7473066,-5.824281,-0.95156616,0.39795887,-2.1626923,-0.6667594,-0.88042706,-1.9692222,0.15976685,0.54682696,0.5124068,-1.8328787,-0.4230965,0.36531854,-2.9444678,-0.6242887,-0.47482356,2.1456459,0.12343664,0.445876,-0.068994306,2.1284366,0.12875172,0.5644311,-2.5804586,-0.490869,1.1891408,0.0449434,0.030501818,-0.6782319,0.9074292,-0.051665578,0.62889117,-1.1058758,-1.6899397,-3.5478797,-1.9187838,-1.5397142,-0.13076462,4.440075,1.1345725,2.0105999,-0.45721197,0.64938194,1,2
217,-0.93836075,0.88200414,-0.77683556,0.6831063,0.08227814,0.6423311,0.2722876,-2.3623714,0.5489283,-0.10176303,-0.13813993,0.10173068,0.8213636,-1.3884605,-0.7144742,0.09290204,0.096716,0.30613413,0.33049142,1.551205,-1.7002677,0.02058257,0.07561681,0.10683395,-1.0405126,-0.7669887,-0.28970665,-0.08722918,-0.3101248,-0.03682865,-2.1062772,-0.74252754,1.5990821,0.034790818,1.7667475,0.6300175,0.042859714,-0.9605558,1.7157356,1.2953798,-1.5227218,-0.6043362,-0.10815068,-6.7079477,-0.03229825,0.55134165,1.7279998,-5.830959,-0.94166064,0.40418985,-2.1585171,-0.6682523,-0.88230664,-1.9645909,0.14907248,0.5462297,0.5132206,-1.832355,-0.42633554,0.36452752,-2.942225,-0.6235726,-0.48045594,2.1458561,0.09892385,0.4446937,-0.06618728,2.1277742,0.1309358,0.5605626,-2.5790615,-0.50590396,1.1912837,0.043609366,0.04093685,-0.6816133,0.9102852,-0.05136358,0.6253901,-1.1017368,-1.6913335,-3.57347,-1.9183046,-1.5549458,-0.12841894,4.439503,1.1368346,2.0052173,-0.45653075,0.65032476,1,2
218,-0.945855,0.88134176,-0.77683556,0.66870546,0.08227814,0.6411395,0.2722876,-2.3623714,0.5489283,-0.10176303,-0.13471134,0.10137504,0.8213636,-1.3884605,-0.7092905,0.08497442,0.096716,0.30504072,0.3296764,1.551205,-1.7002677,0.023057124,0.06302343,0.10683395,-1.0410393,-0.7667674,-0.28518882,-0.09605412,-0.29859447,-0.03682865,-2.089502,-0.74045664,1.6063179,0.03451854,0.40129793,0.629513,0.04594634,-0.9498525,1.7172713,1.2907487,-1.5227218,-0.6038661,-0.10815068,-6.7079477,-0.0014001053,0.55128294,1.7088647,-5.837536,-0.93186975,0.41031373,-2.1572251,-0.6681582,-0.8822023,-1.9627912,0.03930416,0.54561156,0.5139299,-1.8319178,-0.4295549,0.36370727,-2.9423125,-0.6241999,-0.4789429,2.1458561,-0.0046781283,0.44351143,-0.06346007,2.127135,0.13290085,0.556515,-2.5776882,-0.50656736,1.1918653,0.04211747,0.046728976,-0.6849947,0.9133131,-0.051185187,0.62207705,-1.0975629,-1.6987876,-3.573227,-1.9253958,-1.5533694,-0.12776428,4.439503,1.1369922,2.002607,-0.45582846,0.6512676,1,2
219,-0.98051465,0.8782783,-0.77683556,0.60210407,0.08227814,0.63562846,0.2722876,-2.3623714,0.5489283,-0.10176303,-0.13471134,0.09973031,0.8213636,-1.3884605,-0.7092905,0.048310425,0.096716,0.2999839,0.32590714,1.551205,-1.7002677,0.023057124,0.004781065,0.10683395,-1.0434759,-0.7667674,-0.28518882,-0.13686804,-0.29859447,-0.03682865,-2.0119207,-0.730879,1.6397821,0.033259325,2.2571745,0.62895375,0.048321016,-0.9396876,1.7191561,1.2867697,-1.5227218,-0.60358393,-0.10815068,-6.7079477,-0.0014001053,0.55118644,1.6899397,-5.8439875,-0.9222757,0.41629192,-2.1572251,-0.66772306,-0.8822023,-1.9627912,0.004772665,0.54491735,0.5142172,-1.8318468,-0.43279922,0.36274642,-2.942717,-0.6250541,-0.4719454,2.1458561,-0.014157731,0.44232917,-0.06082547,2.1265335,0.13412978,0.55170137,-2.5773914,-0.49878508,1.1955857,0.04211747,0.012408471,-0.6883761,0.9171089,-0.051486053,0.6189749,-1.0934036,-1.7332609,-3.5721025,-1.9583791,-1.5525724,-0.12473667,4.439503,1.1384957,2.002607,-0.4550499,0.6522104,1,2
220,-1.0151744,0.8756427,-0.7463928,0.54903024,0.10784538,0.6319644,0.2680594,-2.3621929,0.54589325,-0.08797735,-0.11345409,0.09926674,0.82373995,-1.3883471,-0.68524534,0.01954549,0.1475876,0.2960286,0.32292742,1.551611,-1.696637,0.046864096,-0.041492037,0.11756421,-1.0457989,-0.76724064,-0.28128815,-0.1716475,-0.23829928,-0.02061953,-1.9237294,-0.69634205,1.6469768,0.07500979,2.8119204,0.6283593,0.050316736,-0.9291476,1.7217225,1.2817655,-1.522282,-0.60339236,-0.09612083,-6.7112985,0.021892667,0.55108416,1.6716121,-5.8502154,-0.91243094,0.42221808,-2.151084,-0.64859295,-0.8851186,-1.9544437,0.12780254,0.54416305,0.5142609,-1.8318367,-0.4352574,0.36088684,-2.9410622,-0.63342005,-0.46620497,2.1449604,0.032543994,0.44143116,-0.05879638,2.1260934,0.13434003,0.54685533,-2.5775726,-0.51221323,1.1992134,0.04057511,-0.0051212516,-0.69116247,0.9218669,-0.05190804,0.61655056,-1.0875682,-1.7357625,-3.611154,-1.9666018,-1.572486,-0.13109152,4.4400845,1.1421279,1.9933652,-0.45420307,0.6530387,1,2
221,-1.0339096,0.8742628,-0.7226654,0.52175677,0.12434044,0.63017696,0.2653315,-2.3613932,0.5439352,-0.07908332,-0.099739686,0.09913973,0.82527304,-1.3882742,-0.6697322,0.0048231776,0.18040812,0.29400587,0.32139936,1.551873,-1.6942946,0.06284517,-0.06525245,0.12800546,-1.0470427,-0.767546,-0.27836406,-0.18981595,-0.18441923,-0.010162005,-1.8735722,-0.67506206,1.6452705,0.10714018,2.016695,0.6277581,0.0523087,-0.91847163,1.7243675,1.2764976,-1.522721,-0.60329825,-0.087912746,-6.713822,-0.014135267,0.55098075,1.653501,-5.8563385,-0.90262014,0.42809013,-2.147122,-0.6362964,-0.8870001,-1.9490584,0.14025076,0.5433971,0.5142584,-1.8318357,-0.43754244,0.35887167,-2.9399521,-0.641328,-0.46323356,2.1443827,0.041567862,0.4406814,-0.056938406,2.1256888,0.13420472,0.54222614,-2.5776503,-0.5238118,1.2011521,0.03943797,-0.007929753,-0.6938338,0.9266853,-0.05229629,0.6145331,-1.0812858,-1.7306545,-3.641178,-1.96565,-1.5886216,-0.13583651,4.4406023,1.144309,1.9873267,-0.45334303,0.6539076,1,2
222,-1.0339096,0.8742628,-0.7144917,0.52175677,0.12434044,0.63017696,0.26513967,-2.3600237,0.5439084,-0.07908332,-0.099739686,0.09913973,0.82527304,-1.3882742,-0.6697609,0.0048231776,0.18040812,0.29400587,0.32139936,1.551873,-1.6942946,0.064088546,-0.06525245,0.13504241,-1.0471854,-0.7675781,-0.27754924,-0.19247656,-0.15445966,-0.010162005,-1.8708203,-0.67506206,1.6395766,0.11726573,0.09295371,0.6271568,0.054377396,-0.9077355,1.726945,1.271163,-1.5241435,-0.60329825,-0.0864741,-6.714572,-0.10824874,0.5508774,1.6355302,-5.862377,-0.8929131,0.43391177,-2.1471295,-0.6362964,-0.8870007,-1.9490682,-0.0009865474,0.54263115,0.51425654,-1.8318315,-0.43979907,0.35688135,-2.9399521,-0.64652777,-0.46323356,2.1443827,-0.0026284144,0.44004127,-0.055148344,2.1252894,0.13389532,0.53786635,-2.5775688,-0.527346,1.201359,0.039141443,9.308795e-05,-0.696505,0.9314164,-0.05265715,0.61285514,-1.0748652,-1.7242017,-3.6506157,-1.960038,-1.5950384,-0.13689351,4.4408994,1.1443931,1.9871788,-0.45248297,0.6548504,1,2
223,-1.0339096,0.8742628,-0.7144917,0.52175677,0.12434044,0.63017696,0.2627741,-2.3600237,0.54357916,-0.07908332,-0.099739686,0.09913973,0.82527304,-1.3882742,-0.67011523,0.0048231776,0.18040812,0.29400587,0.32139936,1.551873,-1.6942946,0.064088546,-0.06525245,0.13504241,-1.0489451,-0.7679735,-0.27754924,-0.22528774,-0.15445966,-0.010162005,-1.8708203,-0.67506206,1.6395766,0.11726573,0.021312283,0.62655556,0.056384742,-0.8971618,1.7294697,1.2659324,-1.5238545,-0.60329825,-0.07975351,-6.7149267,-0.009618536,0.550774,1.6177893,-5.868292,-0.88327956,0.43975088,-2.1472235,-0.6362964,-0.8870084,-1.9491903,-0.0029545587,0.5418652,0.5142544,-1.8318243,-0.4420143,0.3549269,-2.9399521,-0.64652777,-0.46323356,2.1443827,-0.0026284144,0.43940118,-0.053397093,2.124896,0.13359241,0.53358644,-2.5783026,-0.5186165,1.2042112,0.038988758,-0.02208078,-0.69917625,0.93683195,-0.05346897,0.6113454,-1.0685123,-1.7214586,-3.6508033,-1.960041,-1.5951337,-0.14183128,4.4410396,1.1455514,1.9872209,-0.45162293,0.65579325,1,2
224,-1.0095539,0.87533915,-0.7657338,0.5704488,0.10752794,0.6386968,0.26207083,-2.3602483,0.54348123,-0.07330223,-0.097280554,0.099965274,0.8364008,-1.3873005,-0.6706355,0.026170436,0.17228118,0.29677758,0.32780027,1.5535073,-1.7001505,0.08373873,-0.03976952,0.15072207,-1.0537485,-0.7680911,-0.26103577,-0.25219423,-0.07427387,-0.0020928765,-1.9422836,-0.699966,1.6569111,0.041105635,-1.7095073,0.6260624,0.057845417,-0.88824856,1.7316087,1.2624687,-1.5235317,-0.60356593,-0.07790558,-6.7149134,0.021482678,0.5506948,1.6004418,-5.8740444,-0.87372667,0.44552016,-2.1491168,-0.6404352,-0.903164,-1.9490615,-0.041228026,0.5411524,0.5145712,-1.8315543,-0.44444048,0.35308594,-2.9324334,-0.664137,-0.4743388,2.1460118,0.17346077,0.43917647,-0.052245174,2.124631,0.13298458,0.53069633,-2.5750916,-0.5219201,1.2110784,0.033193484,0.069924615,-0.70155126,0.94265234,-0.05429188,0.6110926,-1.0607892,-1.7385616,-3.5827875,-1.9833946,-1.546827,-0.14799395,4.4423895,1.1603277,1.9840043,-0.45081696,0.6568636,1,2
225,-0.9861352,0.9518826,-0.8150053,0.61726826,0.091362014,0.646889,0.2625823,-2.360464,0.54422885,-0.067743465,-0.09491601,0.100759074,0.84735626,-1.3863643,-0.6710345,0.050688714,0.16446677,0.30193555,0.33456627,1.5550789,-1.7057812,0.102633215,-0.015266587,0.16579874,-1.0578642,-0.76796275,-0.24486968,-0.26868644,0.002828179,0.005665937,-2.0132222,-0.7239123,1.6795003,0.0030656543,-2.6174624,0.62561494,0.059295587,-0.87888575,1.7338452,1.259163,-1.5234032,-0.60382324,-0.07947901,-6.7139945,0.012157892,0.55062586,1.5833809,-5.879673,-0.8642908,0.45119312,-2.1508691,-0.6452065,-0.9190598,-1.9489031,-0.05857052,0.5405099,0.5150896,-1.8311177,-0.44686115,0.35143104,-2.9251359,-0.6810691,-0.48614523,2.1475785,0.2630957,0.43912748,-0.05135433,2.1244218,0.13224445,0.52841777,-2.571436,-0.52759206,1.2168021,0.027615376,0.13414565,-0.7038009,0.94859976,-0.055119548,0.6113623,-1.0525382,-1.7624743,-3.548334,-2.0118265,-1.5226254,-0.15194628,4.443329,1.1744488,1.9808732,-0.45008963,0.65798783,1,2
226,-0.9861352,1.1847035,-0.8150053,0.61726826,0.091362014,0.646889,0.26415938,-2.360464,0.5465341,-0.067743465,-0.09491601,0.100759074,0.8481441,-1.3863643,-0.6710345,0.06299748,0.16446677,0.30962205,0.33645087,1.5550789,-1.7057812,0.102633215,-0.015266587,0.16579874,-1.0578642,-0.7675674,-0.24398293,-0.26868644,0.002828179,0.005665937,-2.0200775,-0.7239123,1.697758,0.11157298,-0.34864855,0.62516755,0.06120651,-0.86712307,1.7366244,1.2546297,-1.5237087,-0.60382324,-0.0838853,-6.7115126,-0.02186779,0.55055696,1.566569,-5.8851833,-0.85502744,0.4567271,-2.1507423,-0.64764774,-0.9201814,-1.9489031,-0.00030558632,0.53996694,0.51574636,-1.8305656,-0.4490845,0.3500638,-2.9249265,-0.6810691,-0.48962396,2.1475785,0.01740542,0.4390785,-0.050478484,2.1242144,0.1314975,0.52618814,-2.5703292,-0.52759206,1.2166053,0.027462907,0.03984139,-0.7060507,0.9544541,-0.055946764,0.61161244,-1.0443945,-1.7830809,-3.6439168,-2.0302567,-1.5913062,-0.15021405,4.442347,1.1752026,1.980792,-0.4494785,0.65911216,1,2
227,-0.9861352,1.1972871,-0.8667602,0.61726826,0.07442167,0.646889,0.26424462,-2.3622763,0.5466587,-0.067743465,-0.09491601,0.100759074,0.8481867,-1.3863643,-0.67148143,0.06366275,0.15626165,0.31003746,0.33655277,1.5550789,-1.7116145,0.102633215,-0.015266587,0.16579874,-1.0626017,-0.767546,-0.24393503,-0.26868644,0.002828179,0.005665937,-2.0338225,-0.741246,1.7402766,0.014234808,-0.39084464,0.6247201,0.061743803,-0.8582853,1.7391983,1.2529838,-1.5218112,-0.60382324,-0.08531322,-6.710435,0.09294703,0.55048805,1.5500381,-5.890557,-0.84595495,0.46213162,-2.1508536,-0.6507104,-0.92025316,-1.9490572,-0.0021560339,0.539424,0.5164006,-1.8300351,-0.45139802,0.34884948,-2.9252086,-0.6810691,-0.4898452,2.149065,-0.007379794,0.4390295,-0.049700543,2.1240344,0.13076678,0.5240031,-2.5696611,-0.52759206,1.2238064,0.027454713,0.023766993,-0.7083003,0.96014875,-0.056777146,0.6118909,-1.0364425,-1.8274646,-3.556428,-2.0721924,-1.5298154,-0.14926063,4.4431567,1.1781658,1.9809434,-0.44886744,0.6602364,1,2
228,-0.9664634,1.2969718,-0.913709,0.64705074,0.059034124,0.6518936,0.2671089,-2.3639507,0.5487147,-0.06556444,-0.09441946,0.10195929,0.85529643,-1.38623,-0.6716857,0.07139192,0.114931464,0.31583506,0.34124735,1.554914,-1.7142812,0.10391315,-0.0030003379,0.1671476,-1.0669186,-0.76831543,-0.23349132,-0.23393941,0.00846976,0.015300305,-2.0935776,-0.7616992,1.7757425,-0.032949362,-1.5573986,0.6243361,0.06217341,-0.8490927,1.741896,1.251704,-1.5204684,-0.6039101,-0.094442606,-6.7073684,0.110257216,0.5504543,1.5338639,-5.8957863,-0.8370843,0.4673373,-2.1501765,-0.6667812,-0.9304177,-1.9490852,0.012362107,0.53899217,0.5172413,-1.8294547,-0.4542079,0.3484441,-2.925523,-0.68374974,-0.49860904,2.149732,-0.012744667,0.43901628,-0.048964057,2.1238565,0.13012615,0.5221917,-2.5690854,-0.54347193,1.2303729,0.023523338,0.017080486,-0.7101963,0.9652411,-0.05708888,0.61179733,-1.0280226,-1.8677266,-3.5126748,-2.1110923,-1.4999717,-0.14634496,4.442498,1.1883701,1.9788778,-0.4483745,0.6612029,1,2
229,-0.93836075,1.4393792,-0.94698,0.68959737,0.04811486,0.65904313,0.27120072,-2.365159,0.5517764,-0.062451534,-0.09371009,0.10376279,0.8654533,-1.3860382,-0.671574,0.082433656,0.06124648,0.3241174,0.34795392,1.5546781,-1.7129569,0.10574166,0.01452297,0.16907457,-1.0699916,-0.7694147,-0.21848772,-0.18119684,0.01652921,0.030126363,-2.1702075,-0.7795983,1.7992859,-0.032958135,-2.6885571,0.62400055,0.06257601,-0.83953506,1.7446846,1.2505822,-1.5198059,-0.6040342,-0.1067039,-6.7034707,0.050196778,0.55045,1.5180024,-5.900888,-0.82838815,0.47238132,-2.1491022,-0.6878257,-0.9449284,-1.9489859,0.031883273,0.5386451,0.51822066,-1.8288364,-0.45737964,0.3486484,-2.9257143,-0.6875793,-0.5110992,2.1493762,-0.009920576,0.43903026,-0.0482408,2.1236744,0.1295553,0.5206681,-2.5686448,-0.56763554,1.2350413,0.01787816,0.012591153,-0.7117839,0.9698105,-0.056956217,0.6113667,-1.0192121,-1.8969845,-3.5106084,-2.139927,-1.4998885,-0.1427405,4.44066,1.201036,1.9757708,-0.44797075,0.66202897,1,2
230,-0.93836075,1.4393792,-0.94698,0.68959737,0.04811486,0.65904313,0.27120072,-2.365159,0.5524351,-0.062451534,-0.09371009,0.10423272,0.8654533,-1.3860382,-0.67098343,0.082433656,0.06124648,0.3241174,0.34795392,1.5546781,-1.7059568,0.10574166,0.01452297,0.16907457,-1.0699916,-0.7694147,-0.21804427,-0.16479103,0.01652921,0.035743095,-2.1702075,-0.7795983,1.7992859,-0.032958135,-0.4277042,0.623665,0.06295928,-0.83011794,1.7474223,1.2494804,-1.5198404,-0.6040342,-0.10668376,-6.7027664,0.0046991576,0.5504569,1.5023655,-5.9058843,-0.8198165,0.47735757,-2.1489458,-0.6878257,-0.9449123,-1.948782,0.008180652,0.538298,0.5191865,-1.8282213,-0.46049902,0.34885266,-2.925361,-0.6875793,-0.51105684,2.1475914,0.005799967,0.43904424,-0.04745139,2.1234717,0.12899226,0.5191665,-2.5685647,-0.5754475,1.2350265,0.017724399,0.0014589282,-0.71320426,0.9740797,-0.056614827,0.61071146,-1.0102907,-1.8969764,-3.5102365,-2.1399207,-1.4997294,-0.14273696,4.4388967,1.2010181,1.9754833,-0.4475634,0.6627691,1,2
231,-0.93836075,1.4393792,-0.94698,0.68959737,0.039983492,0.65904313,0.27120072,-2.3655906,0.5525597,-0.062451534,-0.09371009,0.10432163,0.8654533,-1.3860382,-0.67087173,0.082433656,0.021158578,0.3241174,0.34795392,1.5546257,-1.7046325,0.10574166,0.01452297,0.1671476,-1.0699916,-0.770285,-0.21796042,-0.16168733,0.01652921,0.036805693,-2.1702075,-0.78700787,1.7992859,-0.032958135,1.3567397e-05,0.6233294,0.06350558,-0.82072014,1.7499363,1.2485807,-1.5193905,-0.6040342,-0.10694682,-6.702416,0.021743366,0.5504638,1.4869334,-5.9107823,-0.8113864,0.48224732,-2.148916,-0.7017602,-0.9449093,-1.9487432,0.0010356271,0.5379509,0.52019066,-1.8276745,-0.46422058,0.3496667,-2.925523,-0.6874765,-0.5110763,2.1472495,-0.0032933853,0.4390072,-0.04666639,2.1232736,0.12852009,0.51759154,-2.570636,-0.57692546,1.2354069,0.017345494,-0.054420486,-0.71462464,0.97826296,-0.056295622,0.6100554,-1.0015112,-1.8970838,-3.5100513,-2.1399198,-1.4996994,-0.14255211,4.438473,1.2011695,1.9752425,-0.44715598,0.6634748,1,2
232,-0.92337275,1.3852868,-0.91631734,0.6948338,0.034291565,0.66190296,0.27263284,-2.3660767,0.5538413,-0.060316984,-0.09219678,0.10472804,0.8649082,-1.385892,-0.67036104,0.08198066,-0.01965584,0.3218869,0.3498555,1.554589,-1.7037677,0.107887074,0.027036702,0.16351496,-1.069699,-0.7713094,-0.2120166,-0.13625163,0.019624017,0.045063708,-2.1955678,-0.79324377,1.7510761,0.007148702,-0.60664225,0.62303007,0.06530375,-0.81043243,1.751742,1.2464706,-1.5190936,-0.6035838,-0.11126002,-6.7008023,0.025592363,0.55048263,1.4718003,-5.915564,-0.80309695,0.4869929,-2.1493917,-0.7146472,-0.9441733,-1.9485205,-0.010789294,0.537561,0.5211955,-1.8271731,-0.46833092,0.35069498,-2.9254098,-0.6866063,-0.51459825,2.147026,-0.002479612,0.4388977,-0.045900356,2.1230829,0.12835036,0.516139,-2.5720506,-0.58850324,1.2352139,0.014870215,-0.06310024,-0.7157419,0.98201966,-0.055594508,0.60905635,-0.99234605,-1.8491805,-3.5450134,-2.0921173,-1.5249114,-0.14090696,4.437649,1.2005448,1.9736992,-0.44669476,0.6639758,1,2
233,-0.8905864,1.266959,-0.8490519,0.7062887,0.03632033,0.6681588,0.27576566,-2.3664794,0.556645,-0.05564762,-0.08888641,0.1056171,0.8637158,-1.3855724,-0.6692438,0.08098974,-0.047553275,0.31700772,0.3540153,1.5546119,-1.7018757,0.11260461,0.05441068,0.15851913,-1.0690295,-0.7722178,-0.19901422,-0.08061068,0.026651828,0.06312825,-2.2509794,-0.7934092,1.6454233,0.095233455,-1.856357,0.6227784,0.0686519,-0.7990013,1.7527264,1.242661,-1.5191438,-0.60259867,-0.120286666,-6.6976066,-0.005115411,0.5505171,1.4570087,-5.9202147,-0.79495746,0.4915709,-2.150432,-0.72150046,-0.9425633,-1.9480327,-0.031336863,0.537115,0.52218795,-1.8267108,-0.47276214,0.35181665,-2.9247127,-0.6848659,-0.5222484,2.1465454,0.019299764,0.43870884,-0.0451599,2.1229007,0.1285497,0.5148708,-2.5719545,-0.6138368,1.2341605,0.00999104,1.4370697e-05,-0.71646124,0.9852374,-0.05438651,0.6076124,-0.9826377,-1.7440258,-3.6219823,-1.987358,-1.5802851,-0.13758494,4.4359846,1.1989231,1.9706086,-0.44616285,0.6642185,1,2
234,-0.8905864,1.266959,-0.84552747,0.7062887,0.07385645,0.6681588,0.27576566,-2.3664794,0.556645,-0.05564762,-0.08888641,0.1056171,0.8637158,-1.3855724,-0.6692438,0.08098974,-0.047553275,0.31700772,0.3540153,1.5550319,-1.7018757,0.11305564,0.05441068,0.15851913,-1.0684881,-0.7722178,-0.19901422,-0.08061068,0.031423043,0.06312825,-2.2497966,-0.7540054,1.6418476,0.1017175,-0.42515042,0.6225267,0.07124063,-0.788104,1.7544144,1.2379913,-1.5191438,-0.60259867,-0.120286666,-6.6976066,-0.0023099675,0.5505516,1.4424363,-5.9247637,-0.78697056,0.4960616,-2.150432,-0.72150046,-0.9425633,-1.9480327,-0.008298706,0.53666896,0.5231578,-1.8262515,-0.4771093,0.3529204,-2.922879,-0.68497545,-0.5220222,2.1465795,0.047440313,0.43851995,-0.044445906,2.1227255,0.1287475,0.51362526,-2.5720253,-0.6139671,1.233336,0.00999104,-0.0044051637,-0.7171806,0.9883327,-0.053197533,0.60625446,-0.97304904,-1.7403421,-3.6277726,-1.9838338,-1.5843891,-0.13748705,4.4360127,1.19859,1.9706086,-0.44563097,0.6644613,1,2
235,-0.8905864,1.2131422,-0.84438443,0.7062887,0.08603018,0.6681588,0.27576566,-2.3668392,0.556645,-0.05564762,-0.08888641,0.10434703,0.8637158,-1.3855724,-0.6692438,0.07939718,-0.047553275,0.31700772,0.3540153,1.5551679,-1.7039028,0.113201916,0.05441068,0.15441543,-1.0683124,-0.7722178,-0.19901422,-0.08061068,0.032970447,0.06312825,-2.2476945,-0.7412259,1.6356194,0.075053096,0.061008606,0.622275,0.0736016,-0.7783452,1.7558541,1.2338678,-1.5187628,-0.6026184,-0.12050092,-6.697428,0.018770913,0.55054873,1.4280275,-5.9292383,-0.7791406,0.50043696,-2.150432,-0.7216915,-0.9425633,-1.9480327,-0.00082696596,0.536223,0.5240905,-1.8258137,-0.48139346,0.3540143,-2.922389,-0.68232447,-0.52196175,2.147107,0.025097953,0.43822238,-0.043748666,2.1225643,0.12911722,0.5121889,-2.5720482,-0.61400944,1.2330688,0.00999104,-0.0046412284,-0.7178999,0.9913574,-0.05203323,0.6049041,-0.96358603,-1.7340137,-3.603868,-1.977695,-1.5675117,-0.1373035,4.4363813,1.1984819,1.9706086,-0.4451113,0.66463083,1,2
236,-0.88028204,1.1571729,-0.8590536,0.7090888,0.08100422,0.66979724,0.27609387,-2.3672447,0.55654705,-0.054669276,-0.09174752,0.102327615,0.8641842,-1.3854318,-0.66899806,0.07719591,-0.046693694,0.32019493,0.3549802,1.5553408,-1.7060109,0.11360419,0.057351038,0.14865598,-1.0679101,-0.7721171,-0.1980915,-0.07525745,0.0431361,0.06620816,-2.2737477,-0.7472223,1.6322398,0.010841157,-0.6002026,0.62204415,0.07560314,-0.7702187,1.7569386,1.2307804,-1.518362,-0.6032762,-0.12167343,-6.6973324,0.031120453,0.5505076,1.4137928,-5.933636,-0.7715031,0.5047144,-2.15078,-0.72310555,-0.9432737,-1.9479029,-0.008110411,0.53583807,0.5250127,-1.8253819,-0.4854971,0.35525614,-2.9216242,-0.6779145,-0.5236585,2.1476576,0.013908414,0.43783304,-0.04306378,2.122413,0.1296662,0.51065767,-2.5716908,-0.61652863,1.2323812,0.009712416,0.005545138,-0.7185062,0.99423003,-0.05076592,0.6036064,-0.95393485,-1.7310107,-3.546478,-1.9746397,-1.5267668,-0.13717616,4.4368014,1.1987319,1.9703293,-0.4446756,0.66468036,1,2
237,-0.8456219,1.1571729,-0.9083956,0.7185073,0.064098634,0.67530835,0.2771978,-2.3673513,0.55621773,-0.05137847,-0.101371296,0.099977955,0.86575997,-1.3849585,-0.6681713,0.0753627,-0.04380234,0.33091554,0.358226,1.5559225,-1.7060109,0.11495728,0.06724136,0.14363873,-1.0665563,-0.7717781,-0.19498762,-0.05725111,0.07732982,0.07656792,-2.3673937,-0.7673919,1.6386034,-0.104512036,-2.9012105,0.62186235,0.0770126,-0.7646586,1.7574661,1.2295228,-1.5183464,-0.6054197,-0.1248678,-6.6976304,0.0020981098,0.550418,1.3997837,-5.937938,-0.7641422,0.5088915,-2.1519496,-0.72719353,-0.9456635,-1.9474666,-0.032609377,0.5355976,0.52595156,-1.8249402,-0.48924524,0.35685864,-2.9186857,-0.6724793,-0.52932054,2.147704,0.08635467,0.43735033,-0.042389475,2.1222684,0.13044381,0.5091187,-2.5704877,-0.6250025,1.2300686,0.008774751,0.03562021,-0.7188453,0.9968249,-0.049226724,0.60242414,-0.9436959,-1.7388699,-3.4436293,-1.9818388,-1.4534124,-0.13727899,4.4369574,1.1995726,1.9693894,-0.44442436,0.6645295,1,2
238,-0.842812,1.325137,-0.9123959,0.7439989,0.062728055,0.67575514,0.27728733,-2.3673599,0.556191,-0.051111676,-0.10215152,0.099787466,0.8687112,-1.3849202,-0.6681043,0.07521407,-0.043567937,0.33178467,0.35848916,1.5562071,-1.7057046,0.11506698,0.068043195,0.14323197,-1.0664467,-0.77159494,-0.18923554,-0.055791296,0.08010199,0.07740781,-2.3809042,-0.77201366,1.6611537,-0.007832204,-1.1708134,0.6216806,0.07907698,-0.75512606,1.7588813,1.2263763,-1.5183451,-0.60559344,-0.1251268,-6.697655,-0.001018342,0.5503284,1.3859813,-5.942151,-0.7569158,0.5129913,-2.151538,-0.7275249,-0.94987285,-1.9474311,-0.0014746557,0.5353572,0.52686924,-1.8245021,-0.49296346,0.35839832,-2.9173949,-0.6720386,-0.52964747,2.1476486,0.053641107,0.43686765,-0.04172575,2.1221259,0.13120827,0.50760674,-2.5690064,-0.62568945,1.2296298,0.0068578017,0.04500591,-0.71918434,0.99938774,-0.04776178,0.6012488,-0.9336342,-1.762206,-3.529974,-2.0056982,-1.5145792,-0.13723017,4.4369216,1.2025223,1.9683328,-0.44417316,0.6643787,1,2
239,-0.842812,1.4091177,-0.93239933,0.7563627,0.055835754,0.67575514,0.27728733,-2.3673599,0.556191,-0.051111676,-0.105934806,0.09915243,0.8701229,-1.3849202,-0.6681043,0.07521407,-0.047787715,0.33178467,0.35848916,1.5563257,-1.7055514,0.11506698,0.068043195,0.14144774,-1.0664467,-0.77151704,-0.18648529,-0.055791296,0.08010199,0.07740781,-2.3892357,-0.7812054,1.6955845,-0.01717871,-0.25758865,0.6214988,0.08035305,-0.7471,1.7603191,1.2247041,-1.5183451,-0.60640407,-0.1251268,-6.697655,-0.0014001053,0.55022013,1.3723145,-5.946302,-0.7498413,0.51705307,-2.1512847,-0.7289576,-0.95188063,-1.9474311,0.00884532,0.53511673,0.5277781,-1.8240731,-0.49670774,0.35998166,-2.9168687,-0.6704896,-0.52958137,2.147619,0.01984738,0.43633768,-0.04106203,2.121986,0.13203898,0.5060228,-2.5683148,-0.62568945,1.2295041,0.0059373896,0.028136142,-0.71952343,1.0018947,-0.046326943,0.6000785,-0.92369324,-1.7976753,-3.521628,-2.0404131,-1.5086632,-0.13720159,4.436897,1.2039628,1.9678425,-0.44392806,0.66419595,1,2
240,-0.8371914,1.4313895,-0.96790874,0.7607264,0.04359616,0.6764701,0.27777323,-2.3673425,0.556191,-0.05040016,-0.111798875,0.09816813,0.8705829,-1.384975,-0.66795105,0.07805942,-0.05775104,0.3330803,0.35870987,1.5563886,-1.705119,0.115286395,0.06929061,0.13833965,-1.0680051,-0.7711232,-0.18576625,-0.05358513,0.07604006,0.07870318,-2.4123623,-0.7954228,1.7346858,-0.113809764,-0.64316857,0.62132615,0.08090817,-0.74056786,1.7617253,1.2244688,-1.5184125,-0.60757107,-0.12649211,-6.697664,-0.0049661463,0.5500961,1.3588084,-5.950386,-0.74293095,0.52104855,-2.1509666,-0.7321165,-0.9525093,-1.9473956,0.005833773,0.53490114,0.5287274,-1.8236187,-0.50048596,0.3617157,-2.9165444,-0.66759896,-0.52994984,2.147514,0.0049656406,0.43575844,-0.04039655,2.1218486,0.13295643,0.5043877,-2.5670342,-0.6266176,1.2316723,0.0058502657,0.028618678,-0.7198149,1.0043337,-0.044895507,0.5988039,-0.9138594,-1.838513,-3.435344,-2.0791965,-1.447472,-0.13635789,4.436813,1.2053062,1.9677604,-0.44371715,0.6639556,1,2
241,-0.80253136,1.5687333,-0.99568456,0.78763634,0.03399723,0.680879,0.28076968,-2.3672361,0.556191,-0.04601242,-0.111798875,0.09816813,0.8734191,-1.3853129,-0.66700625,0.09560595,-0.078857854,0.3410702,0.360071,1.5567763,-1.7024523,0.11663949,0.07698308,0.13622713,-1.0776157,-0.7686941,-0.18133229,-0.039980352,0.050991174,0.086691424,-2.503626,-0.80951303,1.7520131,-0.113630824,-2.588595,0.62120026,0.081453905,-0.73360246,1.7632145,1.2244505,-1.5188277,-0.6070203,-0.13491184,-6.697716,-0.026957013,0.549972,1.345615,-5.9543533,-0.7362547,0.5248384,-2.1490054,-0.73790216,-0.95638615,-1.9471769,0.04690885,0.5348139,0.5299176,-1.8229947,-0.5043134,0.3640124,-2.9145446,-0.6645788,-0.53222215,2.146867,0.051796243,0.43513232,-0.03972577,2.1217096,0.13402584,0.50281453,-2.5591364,-0.632341,1.2450429,0.005313718,0.22604543,-0.71986073,1.0066574,-0.04337759,0.59697026,-0.9041174,-1.8597995,-3.4355316,-2.0977788,-1.4474148,-0.13115488,4.4362955,1.2135891,1.9672542,-0.44365603,0.6635573,1,2
242,-0.79503757,1.5984282,-1.0016899,0.7934545,0.03192186,0.68183225,0.28141752,-2.3668795,0.556191,-0.044203997,-0.111798875,0.09816813,0.8740324,-1.3853861,-0.65125054,0.103094414,-0.08342133,0.3427977,0.3603653,1.55686,-1.7017452,0.11693204,0.07864626,0.13577038,-1.0796936,-0.7681689,-0.17846222,-0.0012857751,0.045575395,0.08871203,-2.523358,-0.8125595,1.7557594,-0.113592155,-1.2980734,0.62107444,0.08198557,-0.72674096,1.7646776,1.2244331,-1.5192714,-0.6067612,-0.13654196,-6.697893,-0.03321021,0.54984796,1.3326148,-5.9582424,-0.7296796,0.52857274,-2.1443558,-0.738266,-0.9567724,-1.9417717,0.112107165,0.5347266,0.5312389,-1.822237,-0.50809103,0.36628446,-2.9141057,-0.6639258,-0.5327126,2.146694,0.025376637,0.43450624,-0.039064698,2.121572,0.13507867,0.5012659,-2.5570762,-0.64611924,1.247868,0.004538226,0.122808866,-0.7198957,1.0079865,-0.041368864,0.59501296,-0.8945789,-1.8643242,-3.4356594,-2.1016214,-1.443222,-0.13016939,4.436221,1.2150176,1.9613885,-0.44359496,0.6631534,1,2
243,-0.79503757,1.5984282,-1.0101267,0.7934545,0.029017799,0.68183225,0.28141752,-2.3666263,0.556191,-0.043551773,-0.111798875,0.09816813,0.8740324,-1.3853861,-0.639453,0.105897285,-0.08365575,0.3427977,0.3603653,1.55686,-1.701646,0.115834944,0.07864626,0.13577038,-1.082602,-0.7681689,-0.17701219,0.025836892,0.037838325,0.088934675,-2.5249524,-0.8155617,1.7670405,-0.16318396,-0.038119186,0.6209486,0.081943735,-0.72142094,1.7660077,1.2256359,-1.5195396,-0.606655,-0.13639764,-6.6980186,-0.02465675,0.54972386,1.3197547,-5.9620757,-0.7231852,0.53226143,-2.1411502,-0.73766285,-0.9564294,-1.9377071,0.10904859,0.5346394,0.5325836,-1.8214473,-0.51182777,0.3685369,-2.9141004,-0.66379255,-0.532712,2.146669,-0.002429484,0.4338801,-0.03838951,2.1214292,0.13611762,0.49973604,-2.5564141,-0.65533954,1.2522227,0.004038124,0.017412912,-0.7199278,1.0090348,-0.039273888,0.592929,-0.88529056,-1.8758867,-3.3914416,-2.1126072,-1.4086611,-0.13027516,4.43625,1.2165226,1.9570217,-0.44353384,0.662748,1,2
244,-0.7941009,1.6012017,-1.0307968,0.79399997,0.021904826,0.6819216,0.28141326,-2.3666148,0.55618215,-0.04337391,-0.111751586,0.09821257,0.8740366,-1.3853796,-0.6395583,0.10634316,-0.084226206,0.34275395,0.36039355,1.5568663,-1.7015874,0.1131166,0.07887393,0.13580963,-1.0895821,-0.7681689,-0.177162,0.027512979,0.019118987,0.089248374,-2.531144,-0.8229994,1.79427,-0.2822092,-0.18369246,0.6208239,0.08106932,-0.7183116,1.7671524,1.2286285,-1.519551,-0.6066184,-0.13637921,-6.6980333,-0.0019992993,0.54960114,1.307033,-5.965852,-0.7167693,0.53590536,-2.1412008,-0.7377053,-0.956441,-1.9377413,-0.0018894207,0.5345513,0.53391296,-1.8206604,-0.51552564,0.37076622,-2.9140673,-0.66345,-0.53276014,2.1466544,-0.0018486453,0.43325505,-0.03768698,2.1212766,0.13714403,0.49823064,-2.5554948,-0.6551366,1.2627993,0.0040898807,0.028790079,-0.71994835,1.0100342,-0.037225325,0.5906905,-0.8762777,-1.9039298,-3.285164,-2.1394498,-1.3333497,-0.13030957,4.436244,1.220805,1.9570837,-0.44347134,0.66233736,1,2
245,-0.7594408,1.7038265,-1.0464051,0.8141824,0.01660392,0.6852283,0.28125554,-2.366189,0.55585283,-0.0367923,-0.11000181,0.09985732,0.8741942,-1.385143,-0.6434558,0.12284213,-0.08451534,0.34113574,0.3614406,1.5570923,-1.6994207,0.10995938,0.08729903,0.13726199,-1.0895821,-0.7681689,-0.18270443,0.08953484,0.013552568,0.10085629,-2.6186926,-0.8316055,1.7999947,-0.2824002,-2.1839392,0.62074,0.08029227,-0.7148911,1.7682825,1.2316414,-1.5199697,-0.6052638,-0.13569763,-6.698597,-0.024171833,0.5495253,1.2947217,-5.969487,-0.7103894,0.53953886,-2.1430779,-0.7330686,-0.9568679,-1.9390033,-0.04120443,0.534433,0.53539217,-1.8197132,-0.51925373,0.37284425,-2.912835,-0.66260916,-0.53454435,2.1461222,0.027005885,0.4326674,-0.036907274,2.1210933,0.13820921,0.49697748,-2.556516,-0.67366946,1.2629948,0.006002302,-0.021061715,-0.71955436,1.0096301,-0.034250613,0.587774,-0.8669381,-1.9095489,-3.285291,-2.1452577,-1.3342136,-0.13158229,4.436024,1.2212011,1.9593756,-0.44335815,0.6617387,1,2
246,-0.74726313,1.7398833,-1.0518888,0.8212734,0.01474148,0.6863901,0.28120014,-2.3660393,0.55573714,-0.034479886,-0.10938704,0.100435205,0.8742496,-1.3849941,-0.6448251,0.12863895,-0.08461693,0.3405672,0.36180848,1.5571717,-1.6986595,0.1088501,0.09097195,0.13794355,-1.0870358,-0.7681689,-0.18465179,0.111325875,0.011596838,0.10493466,-2.6494524,-0.8346292,1.802006,-0.28246734,-1.528245,0.62065613,0.07952291,-0.7115135,1.7693963,1.2346156,-1.5201168,-0.60478795,-0.13545817,-6.698795,-0.017579848,0.5494495,1.2825435,-5.9730697,-0.7040918,0.5431246,-2.1439686,-0.73143953,-0.95704263,-1.9394253,-0.034358952,0.53431475,0.5368492,-1.8187748,-0.52293277,0.3748986,-2.9124022,-0.6622963,-0.5351712,2.1459353,0.018427314,0.4320843,-0.036139034,2.120912,0.13926515,0.49576148,-2.5572221,-0.6801809,1.2592062,0.00667428,-0.030706892,-0.7191603,1.0092053,-0.031318914,0.5848604,-0.8576939,-1.911523,-3.2853355,-2.147308,-1.3345002,-0.13202947,4.4359474,1.2198001,1.9601591,-0.44324502,0.66114306,1,2
247,-0.74726313,1.7398833,-1.0550641,0.8212734,0.013657296,0.6863901,0.28115752,-2.3660393,0.55573714,-0.034479886,-0.10938704,0.100435205,0.8742496,-1.3849202,-0.6456869,0.12863895,-0.08852414,0.3405672,0.36158207,1.5571717,-1.6986595,0.1086063,0.09177385,0.13813624,-1.0841714,-0.76842844,-0.18525103,0.111325875,0.011596838,0.10493466,-2.649891,-0.8356312,1.806785,-0.31495658,-0.010475033,0.6205722,0.07842506,-0.70915323,1.7703876,1.2383236,-1.5201126,-0.60478795,-0.13533723,-6.698795,-0.0011747308,0.5493737,1.2704928,-5.9766016,-0.69787043,0.5466674,-2.144465,-0.7324141,-0.95709574,-1.9396976,-0.014047902,0.53419644,0.5382827,-1.8178561,-0.52662915,0.37698877,-2.9124305,-0.66224426,-0.5347554,2.1459353,-0.0032941492,0.43150365,-0.035376087,2.120731,0.14031328,0.49456868,-2.558344,-0.6801809,1.2550052,0.006775206,-0.03650612,-0.7187663,1.0087525,-0.028427511,0.58196294,-0.8485509,-1.9163969,-3.2563236,-2.152039,-1.3141483,-0.13193841,4.4359474,1.2181419,1.9604875,-0.44313186,0.6605491,1,2
248,-0.74726313,1.7398833,-1.066812,0.8212734,0.009645848,0.6863901,0.28099978,-2.3660393,0.55573714,-0.034479886,-0.10938704,0.100435205,0.8742496,-1.3849202,-0.6488758,0.12863895,-0.102980696,0.3405672,0.36074448,1.5571717,-1.6986595,0.10770424,0.09177385,0.13813624,-1.0841714,-0.7693888,-0.18746799,0.111325875,0.011596838,0.10493466,-2.651513,-0.83933836,1.8244674,-0.43516585,-0.04928262,0.62048835,0.07642859,-0.7094782,1.7710714,1.2440706,-1.5200968,-0.60478795,-0.13488975,-6.698795,-0.00034085015,0.54929787,1.2585895,-5.980074,-0.6917345,0.55016404,-2.1453388,-0.73602027,-0.9571894,-1.9407955,-0.024887182,0.5340782,0.5396858,-1.8169771,-0.53044415,0.3792103,-2.9125357,-0.6621244,-0.5332169,2.1459353,-0.0057573533,0.43092304,-0.034610935,2.1205487,0.14135394,0.49338436,-2.5610483,-0.6801809,1.2555169,0.007148719,-0.090721264,-0.7183722,1.0082552,-0.025581613,0.5791041,-0.8395418,-1.9344299,-3.1489806,-2.1695037,-1.2389174,-0.13160151,4.4359474,1.2184182,1.9617941,-0.4430187,0.65995514,1,2
249,-0.72049254,1.8086445,-1.0759406,0.83507377,0.006528809,0.6883562,0.27732566,-2.3658495,0.5560308,-0.032034032,-0.112508245,0.100435205,0.87565494,-1.3844982,-0.6514326,0.14101845,-0.114085026,0.3405672,0.35663846,1.5570565,-1.697173,0.107606724,0.10712904,0.1402559,-1.0784972,-0.7694926,-0.19957152,0.13773507,0.008405294,0.11272722,-2.7183933,-0.8447579,1.8265313,-0.44882026,-1.6145476,0.6204294,0.07455763,-0.7096113,1.7717012,1.2497056,-1.5199379,-0.6048402,-0.12435137,-6.698575,0.0073301014,0.54922205,1.2469673,-5.9834466,-0.6855617,0.55383766,-2.1472597,-0.73420537,-0.9594189,-1.941539,-0.047990806,0.5339599,0.54121923,-1.8159817,-0.534397,0.3815035,-2.9134676,-0.65981466,-0.525725,2.145548,-0.025382083,0.43039855,-0.033830784,2.1203556,0.1425907,0.4925346,-2.564269,-0.68255895,1.2473638,0.011294023,-0.10949235,-0.71769214,1.0071179,-0.022294037,0.57580006,-0.83026224,-1.9322547,-3.1366718,-2.1724029,-1.2308546,-0.13610274,4.4355383,1.2167798,1.9647521,-0.44290555,0.65925187,1,2
250,-0.70589054,1.8461505,-1.080227,0.84260124,0.0050651752,0.6894286,0.2753309,-2.3657458,0.556191,-0.030699935,-0.11421072,0.100435205,0.87642145,-1.384268,-0.6526391,0.14777085,-0.119289376,0.3405672,0.35444826,1.5569936,-1.6963621,0.10783834,0.11550452,0.14324269,-1.0754024,-0.7693766,-0.20604265,0.15213998,0.0066644675,0.11697766,-2.7547772,-0.84749544,1.8266145,-0.44917935,-1.5473021,0.6203735,0.07271762,-0.70971733,1.772316,1.2552682,-1.5198522,-0.60486877,-0.11862958,-6.6984553,0.006672109,0.5491462,1.235479,-5.9867687,-0.6794477,0.5574943,-2.148256,-0.7330028,-0.96062946,-1.94188,-0.03792578,0.5338416,0.5427493,-1.8149801,-0.5383249,0.3837847,-2.9139695,-0.6597168,-0.52172923,2.1453369,-0.023530412,0.42992938,-0.033071365,2.1201637,0.14376122,0.49182698,-2.5655882,-0.68385607,1.242835,0.013580172,-0.06743301,-0.7169774,1.0058805,-0.018992197,0.57247204,-0.82104343,-1.9300047,-3.136288,-2.1729543,-1.2308931,-0.1385778,4.435315,1.2158489,1.9663132,-0.4427924,0.658568,1,2
251,-0.70589054,1.8264177,-1.080227,0.84260124,0.0050651752,0.6894286,0.27503255,-2.3657458,0.55614656,-0.030699935,-0.11468363,0.1003082,0.87638956,-1.384268,-0.6528785,0.14777085,-0.12038339,0.3405672,0.35398132,1.5569805,-1.6963621,0.10822841,0.11550452,0.1463258,-1.0754024,-0.76918113,-0.2064021,0.15213998,0.0066644675,0.11697766,-2.754054,-0.84749544,1.817616,-0.47274774,0.017307997,0.6203175,0.07082696,-0.710735,1.7726642,1.2610757,-1.5198183,-0.6049378,-0.11778581,-6.698503,0.00039041464,0.54906666,1.2241102,-5.9900436,-0.67340523,0.56112134,-2.1483274,-0.73318976,-0.9605911,-1.9419624,-0.0023143617,0.53372335,0.5442556,-1.8139911,-0.5422201,0.38605773,-2.914083,-0.66166186,-0.52087766,2.145336,-0.0052847755,0.42950612,-0.032334436,2.1199741,0.14484969,0.49121076,-2.5651853,-0.68385607,1.2427602,0.013783534,0.011803813,-0.7162626,1.0046141,-0.015735636,0.5691803,-0.81193745,-1.9203908,-3.1152673,-2.1640704,-1.2160398,-0.1388293,4.4353333,1.2157903,1.9665048,-0.44268045,0.6579151,1,2
252,-0.70589054,1.6803956,-1.080227,0.84260124,0.0050651752,0.6894286,0.2728247,-2.3657458,0.55581725,-0.030699935,-0.11818314,0.09936835,0.8761532,-1.384268,-0.6546501,0.14777085,-0.12847908,0.3405672,0.35052618,1.5568836,-1.6963621,0.10822841,0.11550452,0.1463258,-1.0754024,-0.76918113,-0.20906253,0.15213998,0.0066644675,0.11697766,-2.7487044,-0.84749544,1.7510284,-0.6471531,0.14528601,0.6202616,0.06851514,-0.7176083,1.7713583,1.2688061,-1.5195681,-0.6054489,-0.11154197,-6.6988554,0.013640182,0.54896325,1.2128915,-5.993258,-0.667438,0.5647923,-2.1488526,-0.7345731,-0.96030766,-1.9425737,-0.013321022,0.53360504,0.5457261,-1.813034,-0.54615897,0.38840333,-2.9149222,-0.66166186,-0.5145763,2.1453278,-0.024941728,0.4290829,-0.031608094,2.1197886,0.14595924,0.4905633,-2.5656676,-0.68385607,1.2428497,0.01470524,-0.013788903,-0.71554786,1.003292,-0.012530915,0.56593907,-0.802988,-1.8492465,-2.959715,-2.0983298,-1.1061251,-0.14069033,4.4354663,1.215616,1.9676123,-0.44257632,0.6572622,1,2
253,-0.6888416,1.5173719,-1.0167241,0.89045703,0.014931224,0.7052768,0.27157152,-2.365343,0.55573714,-0.0319451,-0.13227588,0.098606296,0.8740685,-1.3842169,-0.65633225,0.1444017,-0.15079702,0.345389,0.3488934,1.5567868,-1.6973712,0.10959368,0.12215743,0.15212095,-1.0694611,-0.76918113,-0.21675614,0.14729506,0.021708753,0.12009468,-2.7562697,-0.8385398,1.5040318,-0.37440947,-0.13253921,0.6204067,0.07293505,-0.71593416,1.7679791,1.2671212,-1.5198565,-0.60808474,-0.10774668,-6.699142,-0.01166021,0.5488442,1.2017561,-5.996432,-0.6616773,0.56856704,-2.149874,-0.7390899,-0.95741457,-1.9431378,-0.026385175,0.53357923,0.5471614,-1.8121572,-0.55016166,0.3913218,-2.9155943,-0.6622559,-0.5116308,2.1455762,-0.025803564,0.42881316,-0.030955398,2.1196117,0.14692791,0.49032465,-2.567835,-0.681648,1.2340697,0.017372236,-0.062141214,-0.7147186,1.0020334,-0.009350193,0.562843,-0.7937393,-1.5932517,-3.2034173,-1.8537604,-1.2792009,-0.14220434,4.4357862,1.2099189,1.969602,-0.44258523,0.65665394,1,2
254,-0.670247,1.4126365,-0.96456116,0.9297671,0.023360714,0.72621894,0.27098334,-2.3647304,0.5552387,-0.032967906,-0.14315277,0.09816813,0.87240344,-1.384175,-0.6573601,0.1416342,-0.16751198,0.34934974,0.34824255,1.5567263,-1.6982,0.110715166,0.1276223,0.15758064,-1.0645809,-0.7689888,-0.22254416,0.1433153,0.034066528,0.12265508,-2.7716374,-0.83058804,1.2870427,-0.115522735,-0.47366175,0.6207169,0.079892114,-0.71180695,1.7635189,1.2621676,-1.520416,-0.6101478,-0.105716616,-6.699982,-0.040272024,0.5487202,1.1906838,-5.9995756,-0.6560244,0.5723505,-2.150608,-0.7425237,-0.95509475,-1.9434788,-0.025558984,0.5335831,0.5485715,-1.8113105,-0.554154,0.39440307,-2.9159787,-0.66293466,-0.5104704,2.145782,-0.017105823,0.4286113,-0.030334456,2.119439,0.1478148,0.49025375,-2.5690577,-0.67983425,1.2267561,0.019455886,-0.059584893,-0.7138526,1.0007799,-0.0062041073,0.5598131,-0.78446335,-1.3688902,-3.4350388,-1.6389898,-1.443332,-0.1431938,4.43629,1.2052401,1.9710559,-0.44263053,0.6560724,1,2
255,-0.6581161,1.4126365,-0.96456116,0.9297671,0.02422031,0.74716103,0.27098334,-2.3639853,0.5539214,-0.032967906,-0.14315277,0.09816813,0.87240344,-1.384175,-0.6573601,0.1416342,-0.16751198,0.34934974,0.34824255,1.5567263,-1.6982,0.110715166,0.1276223,0.15942909,-1.0645809,-0.76848036,-0.22254416,0.1433153,0.034066528,0.12265508,-2.793003,-0.82901454,1.2146182,-0.115522735,-0.70448095,0.6211924,0.08746188,-0.70816374,1.758377,1.2568157,-1.5211363,-0.6101478,-0.10529346,-6.701767,-0.053967025,0.5485961,1.1796699,-6.002691,-0.6504397,0.5760933,-2.150608,-0.7425237,-0.95509475,-1.9434788,-0.00082696596,0.533587,0.549959,-1.8104714,-0.5580953,0.39744914,-2.9159787,-0.66343915,-0.5104704,2.145782,-0.0026284144,0.42843994,-0.029727185,2.1192672,0.14864175,0.49024275,-2.5678382,-0.67983425,1.2265356,0.019659247,0.038623586,-0.7129867,0.9995007,-0.0031023934,0.5568148,-0.7753006,-1.2941086,-3.4359813,-1.567606,-1.443332,-0.14350471,4.436996,1.2051511,1.9711642,-0.4426758,0.65551144,1,2
