Timestep,IMU1_ax,IMU1_ay,IMU1_az,IMU1_gx,IMU1_gy,IMU1_gz,IMU2_ax,IMU2_ay,IMU2_az,IMU2_gx,IMU2_gy,IMU2_gz,IMU3_ax,IMU3_ay,IMU3_az,IMU3_gx,IMU3_gy,IMU3_gz,IMU4_ax,IMU4_ay,IMU4_az,IMU4_gx,IMU4_gy,IMU4_gz,IMU5_ax,IMU5_ay,IMU5_az,IMU5_gx,IMU5_gy,IMU5_gz,IMU1_a_mag,IMU1_g_mag,IMU1_pitch,IMU1_roll,IMU1_jerk_a_mag,IMU1_yaw_int,IMU2_a_mag,IMU2_g_mag,IMU2_pitch,IMU2_roll,IMU2_jerk_a_mag,IMU2_yaw_int,IMU3_a_mag,IMU3_g_mag,IMU3_pitch,IMU3_roll,IMU3_jerk_a_mag,IMU3_yaw_int,IMU4_a_mag,IMU4_g_mag,IMU4_pitch,IMU4_roll,IMU4_jerk_a_mag,IMU4_yaw_int,IMU5_a_mag,IMU5_g_mag,IMU5_pitch,IMU5_roll,IMU5_jerk_a_mag,IMU5_yaw_int,IMU1_qw,IMU1_qx,IMU1_qy,IMU1_qz,IMU2_qw,IMU2_qx,IMU2_qy,IMU2_qz,IMU3_qw,IMU3_qx,IMU3_qy,IMU3_qz,IMU4_qw,IMU4_qx,IMU4_qy,IMU4_qz,IMU5_qw,IMU5_qx,IMU5_qy,IMU5_qz,REL_LH_pitch,REL_LH_roll,REL_RH_pitch,REL_RH_roll,REL_LK_pitch,REL_LK_roll,REL_RK_pitch,REL_RK_roll,REL_THIGH_yaw,REL_ANKLE_yaw,move,label
0,-2.094549,-0.17503811,0.16375884,0.641378,0.22070855,1.0586121,0.018824259,-0.6239052,0.42500767,-0.017092107,0.06426535,0.100435205,-0.6686732,0.6423802,0.7509479,-0.16483693,0.6291573,0.4449817,-0.00952256,-0.5757733,0.9519792,-0.11930948,-0.6070184,0.21511807,-0.9048716,0.4623102,0.48427093,0.09643425,-0.040467076,-0.0075813625,0.86102635,-0.5687496,1.683532,0.3453506,1.3567397e-05,0.79280066,0.3483745,0.64037216,1.8212332,0.7166483,-0.8835262,-0.55691516,0.07558079,0.077909894,-0.0014001053,0.63145226,0.5107199,0.18446563,-0.11356648,-0.06986764,0.6477464,-0.45277005,0.3256273,0.3893231,-0.00082696596,0.8470148,0.6676016,0.6393146,-0.17295347,0.3760978,0.58287275,-0.43585443,0.0025746939,-0.4141558,-0.0026284144,0.80904424,0.67489797,-0.4820013,0.2994208,0.32541,0.5300975,-0.60425436,0.81613564,0.1450671,-0.0033960624,-0.27245808,0.44754523,0.3587817,0.25614578,-0.12129415,-1.7033374,-0.26728064,-1.5328875,0.084991135,-0.054415144,-0.3752472,0.08791586,-0.31527072,-0.7812979,0.68536246,5,0
1,-2.0987725,-0.18360743,0.1676166,0.77147216,0.237645,1.115719,0.018479005,-0.6242159,0.42260456,-0.017092107,0.07958762,0.101292506,-0.6559676,0.64896476,0.7521545,-0.16789463,0.63253313,0.43885607,-0.01548205,-0.57586753,0.9535604,-0.088371344,-0.5217484,0.20278554,-0.89716715,0.46301097,0.49381596,0.108405955,-0.010872847,0.03996319,0.8721125,-0.55030614,1.683443,0.3451411,0.26520807,0.79596376,0.34499782,0.6407504,1.824649,0.7172777,-0.8837042,-0.55280125,0.07617179,0.079294205,-0.010825489,0.6314221,0.50943166,0.18480566,-0.11224376,-0.06846395,0.6612321,-0.4531869,0.31338772,0.39097047,0.2816449,0.84787095,0.6676877,0.6388714,-0.1666645,0.38500112,0.5840126,-0.47261927,0.0077917874,-0.4139999,0.024075653,0.8093735,0.6728936,-0.48284602,0.29523677,0.32972872,0.5328554,-0.6471043,0.81002736,0.14346693,0.06555191,-0.2726119,0.4495711,0.35788882,0.25594726,-0.121776186,-1.7030042,-0.2663626,-1.5375482,0.08640903,-0.05259204,-0.37566534,0.09453976,-0.31778485,-0.782307,0.6856635,5,0
2,-2.1025271,-0.19122452,0.1710458,0.8871114,0.25269958,1.1664805,0.018172123,-0.62449205,0.42046845,-0.017092107,0.09320741,0.102054544,-0.64466095,0.65481764,0.753227,-0.17061259,0.6355338,0.43341106,-0.020779388,-0.5759514,0.9553442,-0.060870785,-0.44526976,0.19182332,-0.8901651,0.46363387,0.50240827,0.11904746,0.015433127,0.082225,0.88196653,-0.53391194,1.6833637,0.34495494,0.4714703,0.7991268,0.34162658,0.6411283,1.8280563,0.7179054,-0.8838624,-0.5491445,0.07669712,0.080524735,-0.018156338,0.63139194,0.508147,0.18514468,-0.11092403,-0.067063354,0.67321247,-0.45355743,0.30249965,0.39243487,0.50119215,0.848727,0.6677688,0.6384269,-0.1603906,0.39388546,0.58514494,-0.50554806,0.012426638,-0.41381878,0.04762209,0.8097028,0.6708927,-0.4836876,0.29107463,0.33402818,0.5353168,-0.6851931,0.80447716,0.14202529,0.119416416,-0.27276567,0.45159313,0.35699776,0.25574833,-0.12225635,-1.7027084,-0.26554662,-1.5416945,0.08766934,-0.05097263,-0.37600175,0.10038528,-0.3200299,-0.7833162,0.6859645,5,0
3,-2.1025271,-0.19122452,0.1710458,0.8871114,0.25269958,1.1664805,0.018172123,-0.62449205,0.42046845,-0.017092107,0.09320741,0.102054544,-0.64454585,0.65481764,0.753227,-0.17061259,0.6355338,0.43341106,-0.020779388,-0.5759514,0.95874953,-0.060870785,-0.43912178,0.19182332,-0.88878214,0.46363387,0.50337887,0.11904746,0.015433127,0.082225,0.88196653,-0.53391194,1.6833637,0.34495494,0.2062759,0.80228984,0.33830097,0.64150316,1.8313957,0.71851987,-0.8838624,-0.5491445,0.07669712,0.080524735,-0.008730957,0.6313617,0.5068821,0.18547732,-0.109627865,-0.06568764,0.6731471,-0.45355743,0.30242306,0.39243487,0.21734343,0.8495831,0.6678105,0.6379725,-0.15423751,0.4026179,0.5862123,-0.50778943,0.012403548,-0.41343635,0.045907497,0.810032,0.668921,-0.48450485,0.2870878,0.3381731,0.5354026,-0.6851931,0.8033921,0.14185147,0.05261341,-0.27291948,0.45358372,0.3561196,0.2555458,-0.12272173,-1.7027084,-0.26554662,-1.5417242,0.08766934,-0.050982628,-0.37568355,0.100003704,-0.32012242,-0.7843253,0.68626547,5,0
4,-2.1025271,-0.19263203,0.1710458,0.8871114,0.25269958,1.1655868,0.018172123,-0.62449205,0.41988102,-0.017092107,0.09320741,0.102054544,-0.6444565,0.65481764,0.753227,-0.17061259,0.62850094,0.43234503,-0.020779388,-0.57596713,0.9613982,-0.060870785,-0.43434003,0.18865456,-0.8877066,0.46363387,0.5041339,0.11904746,0.015433127,0.082225,0.8819897,-0.5339452,1.6833475,0.344761,0.0005652925,0.80544156,0.33498678,0.64186513,1.8347175,0.71912974,-0.88383937,-0.5491445,0.07668693,0.08084821,-0.00018163525,0.63133156,0.5056055,0.18581301,-0.10833854,-0.0643186,0.67309564,-0.45631957,0.30236346,0.39243487,-0.0031217993,0.85041875,0.6678614,0.63749945,-0.14820196,0.41115832,0.58710617,-0.5097258,0.012384201,-0.41314256,0.04052163,0.8102774,0.66695756,-0.48531848,0.28300762,0.34211728,0.5354693,-0.6851931,0.80254817,0.14171647,0.00017886651,-0.2730733,0.4555647,0.3552453,0.25534415,-0.12318502,-1.7026957,-0.26520258,-1.5417314,0.08779211,-0.050983492,-0.3755673,0.09970694,-0.32019433,-0.78531057,0.6865099,5,0
5,-2.1025271,-0.19896585,0.1710458,0.8871114,0.25269958,1.1615653,0.018172123,-0.62449205,0.41723758,-0.017092107,0.09320741,0.102054544,-0.6444565,0.65481764,0.753227,-0.17061259,0.5968526,0.42754784,-0.020779388,-0.5760378,0.9613982,-0.060870785,-0.43434003,0.1743951,-0.8877066,0.46363387,0.5041339,0.11904746,0.015433127,0.082225,0.8820934,-0.534095,1.6832747,0.34388834,0.0030480518,0.80855364,0.33171237,0.6421823,1.8379778,0.7197233,-0.88373584,-0.5491445,0.076641016,0.08230443,0.005301472,0.6313014,0.50428313,0.18615915,-0.107073136,-0.062972955,0.67309564,-0.4687492,0.30236346,0.39243487,-0.0017448993,0.8511829,0.6679437,0.63696164,-0.14257783,0.41902676,0.58739424,-0.5105947,0.012377973,-0.4131587,0.022286328,0.8102289,0.6650233,-0.48611975,0.2786009,0.34535897,0.5354693,-0.6851931,0.80254817,0.14171647,-0.0019660909,-0.2732271,0.4575136,0.3543846,0.2551456,-0.12364111,-1.7026397,-0.2636543,-1.5416597,0.0883445,-0.050952468,-0.3761569,0.09970694,-0.32019433,-0.7862123,0.6865564,5,0
6,-2.103581,-0.21399318,0.17200512,0.88547504,0.2564284,1.1371675,0.01913114,-0.6244144,0.4148345,-0.016558466,0.093633026,0.10102578,-0.6412753,0.6564617,0.753543,-0.17048518,0.56668127,0.42314428,-0.018767424,-0.5761007,0.962655,-0.051874597,-0.4150941,0.16010351,-0.88721275,0.4641698,0.509904,0.1163222,0.022783328,0.08583791,0.88507134,-0.5302558,1.6831046,0.34206888,0.07346204,0.8113902,0.3283717,0.6422939,1.8412875,0.72019345,-0.88371176,-0.54889715,0.075207844,0.08361257,0.0047494657,0.631241,0.5029248,0.18651241,-0.10579749,-0.061642792,0.67652303,-0.48054367,0.2993237,0.39283782,0.07095692,0.8519239,0.66803706,0.6364144,-0.13714574,0.42667574,0.58795804,-0.51866776,0.010597941,-0.41303214,0.016567864,0.81005365,0.66326237,-0.48685077,0.27439892,0.3480186,0.5375759,-0.68443274,0.8021097,0.14076953,0.04926612,-0.27324826,0.45957348,0.35347995,0.254915,-0.123777024,-1.7030494,-0.26133874,-1.5426713,0.08981064,-0.050669685,-0.3765694,0.10178789,-0.3211053,-0.78709704,0.68644917,5,0
7,-2.1067426,-0.24640737,0.17488322,0.8805658,0.2676148,1.0720176,0.022008222,-0.62418133,0.412912,-0.014957547,0.09490988,0.09793951,-0.6317316,0.6613939,0.75449103,-0.17010298,0.5394637,0.41952795,-0.012731511,-0.57614785,0.96642536,-0.024886008,-0.35735643,0.1457477,-0.88573104,0.4657774,0.5272144,0.1081464,0.04483393,0.0966766,0.89379823,-0.5184389,1.6827396,0.33835596,0.2797385,0.81367576,0.32489806,0.64199436,1.8446968,0.7204168,-0.8838466,-0.5481552,0.07100015,0.08462475,-0.007872768,0.6311203,0.5014937,0.18688017,-0.10450123,-0.060343597,0.6868044,-0.49106786,0.29020438,0.39404693,0.2863086,0.85261863,0.6681528,0.63584846,-0.1320977,0.4338857,0.5890713,-0.541149,0.0052703335,-0.41262,0.03588308,0.8096248,0.66184807,-0.48744136,0.27060646,0.34951416,0.5438956,-0.6821519,0.8007945,0.13792829,0.20725267,-0.27300417,0.46185338,0.35248792,0.25462013,-0.12327261,-1.7043909,-0.25748867,-1.5458497,0.09310404,-0.049883313,-0.37662706,0.10803072,-0.32383814,-0.7879476,0.6860346,5,0
8,-2.108499,-0.2644152,0.1764821,0.8778385,0.27443352,1.035823,0.023606585,-0.62391376,0.41184396,-0.013534505,0.09561925,0.09622491,-0.6264297,0.664134,0.7550177,-0.1632656,0.5243429,0.41751885,-0.009378241,-0.576174,0.96851987,-0.009892352,-0.31244934,0.13777226,-0.88394207,0.46667057,0.5368313,0.103604294,0.05708426,0.1026981,0.89864653,-0.5111229,1.682537,0.33629325,0.3015545,0.81596136,0.32143342,0.6416956,1.8480862,0.72063273,-0.8837766,-0.547679,0.06859927,0.08515968,-0.004038175,0.63099957,0.50005543,0.18724896,-0.10321855,-0.0590555,0.6925162,-0.49766007,0.28513816,0.39471862,0.3102364,0.8533134,0.6681793,0.63536745,-0.12711048,0.44100177,0.5896893,-0.5581501,0.0023105515,-0.41239104,0.035027348,0.809196,0.660439,-0.48802784,0.26708472,0.35081434,0.5473739,-0.6808847,0.79930973,0.13634992,0.22397952,-0.2727601,0.46411276,0.35150474,0.2543223,-0.12276786,-1.7051618,-0.25536424,-1.5476155,0.094933696,-0.04939994,-0.37664828,0.11119426,-0.3253564,-0.78879815,0.6856201,5,0
9,-2.108499,-0.2644152,0.1764821,0.8778385,0.27579263,1.035823,0.023606585,-0.62360317,0.41184396,-0.012333816,0.09561925,0.09622491,-0.6264297,0.664134,0.7550177,-0.1483593,0.5243429,0.41751885,-0.009378241,-0.576174,0.96851987,-0.009892352,-0.28358048,0.13777226,-0.8817691,0.46667057,0.5368313,0.103604294,0.05708426,0.1026981,0.89864653,-0.509433,1.682537,0.33629325,0.09279535,0.81824696,0.3179802,0.6413978,1.8514512,0.7208393,-0.88345045,-0.54753494,0.06845685,0.08509751,0.020367412,0.6308789,0.49860904,0.18761952,-0.1019528,-0.05778124,0.6925162,-0.49933735,0.28513816,0.39471862,0.09488479,0.8540082,0.6680944,0.6349926,-0.122199416,0.44800037,0.5896893,-0.56830096,0.0023105515,-0.41239104,0.008957967,0.80876714,0.65903705,-0.48860908,0.26390135,0.3518703,0.5472992,-0.6808847,0.797613,0.13634992,0.06413201,-0.272516,0.46634647,0.35053217,0.25402072,-0.12226268,-1.7052202,-0.25539708,-1.5476155,0.094933696,-0.0492953,-0.37662366,0.1105087,-0.3253564,-0.7896488,0.6852056,5,0
10,-2.108499,-0.27538544,0.1764821,0.87402016,0.27639666,0.9978412,0.023606585,-0.623465,0.4106424,-0.011800175,0.09349115,0.09489134,-0.6264297,0.664134,0.7550177,-0.14173427,0.5126213,0.4160018,-0.009378241,-0.5762002,0.96851987,-0.009892352,-0.2707499,0.1338113,-0.8808033,0.46667057,0.5368313,0.09971105,0.05708426,0.1026981,0.8988321,-0.50943583,1.6824077,0.33479616,0.0044523263,0.8200506,0.31456733,0.64079803,1.8547502,0.7208734,-0.88325757,-0.5478499,0.06837262,0.085730925,0.024162136,0.630719,0.49713305,0.18799008,-0.10067071,-0.05659266,0.6925162,-0.5046108,0.28513816,0.39471862,-0.00082696596,0.8546739,0.66803074,0.63459074,-0.11750175,0.4546814,0.5897963,-0.57151836,0.0023084055,-0.41239703,-0.00012336124,0.8082334,0.65765184,-0.4891837,0.26061425,0.35268694,0.54726624,-0.67957354,0.796859,0.13634992,-0.0058773845,-0.27227193,0.46867773,0.34951547,0.2537234,-0.12176192,-1.7051214,-0.2537257,-1.5474882,0.095881306,-0.049234338,-0.3768793,0.11020398,-0.3253564,-0.79047817,0.68472034,5,0
11,-2.108499,-0.29513204,0.1764821,0.86714727,0.27639666,0.9294739,0.023606585,-0.623465,0.4084796,-0.011800175,0.089660585,0.0924909,-0.6264297,0.664134,0.7550177,-0.14173427,0.49152243,0.4132711,-0.009378241,-0.57624733,0.96851987,-0.009892352,-0.2707499,0.12668158,-0.8808033,0.46667057,0.5368313,0.09270322,0.05708426,0.1026981,0.899166,-0.5107931,1.6821754,0.33210143,0.012442087,0.82146895,0.31118673,0.6399568,1.8579961,0.7207695,-0.8831712,-0.5485321,0.06833495,0.08692087,0.011468187,0.6305279,0.49563277,0.18836091,-0.09937558,-0.055472575,0.6925162,-0.51276106,0.28513816,0.39471862,-0.00082696596,0.8553163,0.6679842,0.63416725,-0.11297484,0.46110836,0.5899888,-0.56918895,0.002304541,-0.41240788,0.0043857316,0.8076157,0.65627986,-0.48975295,0.25724408,0.35331216,0.54726624,-0.6772134,0.796859,0.13634992,-0.004016393,-0.27202785,0.47108722,0.34846348,0.25342953,-0.12126467,-1.7048975,-0.25069103,-1.5472591,0.09758695,-0.04920834,-0.3773592,0.11020398,-0.3253564,-0.79129076,0.6841786,5,0
12,-2.0916374,-0.3116497,0.17889063,0.83671016,0.28176337,0.8670049,0.02291608,-0.622999,0.40775865,-0.010199255,0.085830025,0.090661995,-0.62167704,0.66567945,0.7554773,-0.13115971,0.46592247,0.40955636,-0.006016481,-0.57626307,0.96957386,0.002833967,-0.23635677,0.12096495,-0.8789595,0.46680805,0.5428711,0.088226005,0.06636873,0.108102284,0.8617596,-0.50453615,1.6777012,0.3304795,-0.88771325,0.8223838,0.3077763,0.6384928,1.8612084,0.72058475,-0.8825447,-0.5490184,0.06908381,0.0872237,0.03584119,0.6303066,0.49408847,0.18873504,-0.098070905,-0.05444872,0.69485474,-0.52387595,0.28111002,0.39506626,0.048154183,0.85590494,0.66785926,0.63384885,-0.108807094,0.4670224,0.5902471,-0.5793297,-0.0006539338,-0.41229326,0.007436001,0.8069095,0.6551526,-0.49022523,0.25441518,0.3532291,0.5483954,-0.6730338,0.79539156,0.13529429,0.024828142,-0.27158543,0.47357368,0.3473836,0.25305527,-0.1203198,-1.6999826,-0.24908282,-1.5444121,0.09888475,-0.05103859,-0.37738365,0.11260335,-0.32626927,-0.79205054,0.6834751,5,0
13,-2.066345,-0.3265528,0.18250349,0.7944909,0.2898134,0.8074851,0.021880347,-0.62229985,0.40775865,-0.0077978703,0.08199946,0.08911885,-0.614548,0.66799766,0.75616676,-0.11529786,0.438072,0.4053496,-0.0009738227,-0.57626307,0.97115505,0.021923466,-0.18476705,0.11595487,-0.8761937,0.4670141,0.5519307,0.08501409,0.08029542,0.11620853,0.80548215,-0.49447227,1.6711063,0.32939398,-2.241941,0.82304704,0.30435106,0.6367175,1.8644037,0.7203596,-0.88164806,-0.5494066,0.07022591,0.0870832,0.07874767,0.6300702,0.49252263,0.1891107,-0.09676141,-0.05347295,0.6983622,-0.5364732,0.27506775,0.3955875,0.1216259,0.8564667,0.6676951,0.6335828,-0.10481896,0.47268,0.5905389,-0.59570557,-0.005089718,-0.412116,0.009756859,0.8061591,0.65414757,-0.49064896,0.25185695,0.35279185,0.55008894,-0.6679444,0.7931905,0.13371097,0.06716445,-0.27104375,0.4760993,0.34629017,0.25264084,-0.1191511,-1.6927228,-0.24818774,-1.5402563,0.09997858,-0.053797,-0.3771806,0.11620241,-0.32763857,-0.79278386,0.68269074,5,0
14,-2.0607245,-0.32986456,0.18330637,0.78510886,0.29265937,0.79425853,0.021650178,-0.6217217,0.411123,-0.0066416496,0.081148215,0.08877594,-0.6129638,0.66851276,0.7584651,-0.11043528,0.431883,0.40441477,0.00014676708,-0.57626307,0.97150636,0.026165565,-0.17330271,0.11484151,-0.87511814,0.46705988,0.55394405,0.084300324,0.083390236,0.118151605,0.7929764,-0.49091113,1.6696409,0.32915276,-1.4958053,0.82371026,0.30094138,0.6349663,1.867568,0.7201276,-0.88113844,-0.5494059,0.070344,0.08511981,0.06778914,0.62983376,0.49106368,0.18945912,-0.09547071,-0.052505996,0.7000211,-0.5394054,0.27357453,0.39533508,0.099221185,0.8570285,0.6675115,0.6333248,-0.100899026,0.47824827,0.5906039,-0.5993446,-0.006075443,-0.4120766,0.004960417,0.80540866,0.65315443,-0.4910657,0.24933861,0.35236135,0.55044985,-0.6667328,0.79234153,0.13335901,0.04326562,-0.2704969,0.47858384,0.34521303,0.25222412,-0.11799017,-1.6911649,-0.24900913,-1.5393913,0.09993425,-0.054310255,-0.37637085,0.11696868,-0.32757127,-0.7935171,0.6819037,5,0
15,-2.0607245,-0.32986456,0.18330637,0.78510886,0.29401848,0.79425853,0.021650178,-0.6211779,0.4154486,-0.00584119,0.081148215,0.08877594,-0.6129638,0.66851276,0.76122284,-0.10871532,0.431883,0.40441477,0.00014676708,-0.57626307,0.97150636,0.026165565,-0.17330271,0.11484151,-0.87452555,0.46705988,0.55394405,0.084300324,0.083390236,0.11833377,0.7929764,-0.4892079,1.6696409,0.32915276,-0.14956793,0.8243735,0.2975362,0.63322204,1.8707236,0.7198936,-0.88073945,-0.54929394,0.0701695,0.08263574,0.04144067,0.62959737,0.48963708,0.18979965,-0.09418533,-0.051541578,0.7011513,-0.53957623,0.27338094,0.39486152,0.049423296,0.85759026,0.6673226,0.63306904,-0.096998505,0.483791,0.5906039,-0.5993446,-0.006075443,-0.4120766,-0.0018695332,0.8046582,0.65216434,-0.49148032,0.2468317,0.3519327,0.5504307,-0.66662914,0.79187906,0.13335901,0.00044253544,-0.26994857,0.4810562,0.34414086,0.25180674,-0.11683146,-1.691236,-0.25032094,-1.5394664,0.09956478,-0.054182045,-0.3753879,0.11692553,-0.32709354,-0.7942504,0.68111604,5,0
16,-2.0607245,-0.3391376,0.18330637,0.720089,0.2941695,0.7549361,0.020831825,-0.62111753,0.41592923,-0.0057522515,0.054476105,0.08877594,-0.6129638,0.66851276,0.7615293,-0.10852421,0.413316,0.400741,0.00014676708,-0.57628405,0.97150636,0.026165565,-0.17330271,0.11484151,-0.8744597,0.46705988,0.55394405,0.084300324,0.083390236,0.11835401,0.793141,-0.486886,1.6695275,0.32789794,0.0039562876,0.8245379,0.29412445,0.63046545,1.8737589,0.71992016,-0.8805659,-0.5560768,0.071304075,0.08235973,0.026574675,0.62936103,0.48829493,0.19011296,-0.09315504,-0.05090323,0.70127684,-0.54709095,0.27335942,0.39480892,0.02284682,0.8580815,0.667176,0.6327644,-0.0933774,0.48877993,0.5906895,-0.5993446,-0.0060770568,-0.41208133,-0.00062437117,0.8039078,0.6511875,-0.49188694,0.24436949,0.3515115,0.5504284,-0.6666176,0.7918276,0.13335901,-0.0038828612,-0.26940024,0.48348173,0.3430868,0.25139672,-0.11569337,-1.6906561,-0.24934614,-1.539363,0.10031802,-0.05501634,-0.37528273,0.11692076,-0.3270405,-0.79490155,0.68032825,5,0
17,-2.0607245,-0.34956974,0.18330637,0.6469417,0.2941695,0.7106985,0.019911151,-0.62111753,0.41592923,-0.0057522515,0.024470009,0.08877594,-0.6129638,0.66851276,0.7615293,-0.10852421,0.39242816,0.39660808,0.00014676708,-0.5763076,0.97150636,0.026165565,-0.17330271,0.11484151,-0.8744597,0.46705988,0.55394405,0.084300324,0.083390236,0.11835401,0.7933266,-0.48448673,1.6693999,0.32648623,0.008391841,0.8246399,0.2907118,0.6275824,1.8767794,0.7199793,-0.88042045,-0.5637216,0.07260228,0.08235973,0.013144004,0.6291246,0.48696354,0.1904227,-0.092156686,-0.0503057,0.70127684,-0.5555237,0.27335942,0.39480892,-0.00082696596,0.8585641,0.6670347,0.6324536,-0.089791216,0.49369964,0.59078574,-0.5993446,-0.006078872,-0.41208676,0.0016301742,0.8031573,0.6502124,-0.49229258,0.24191286,0.3510913,0.5504284,-0.6666176,0.7918276,0.13335901,-0.0033960624,-0.2688519,0.4859015,0.342035,0.25098762,-0.114557855,-1.6899948,-0.24808547,-1.5392371,0.10121162,-0.055970937,-0.37528723,0.11692076,-0.3270405,-0.79554236,0.6795405,5,0
18,-2.035432,-0.3551584,0.18410248,0.5728126,0.3028468,0.6833515,0.019450814,-0.62111753,0.41592923,-0.003350872,-0.015112542,0.09254806,-0.6035927,0.670313,0.7620465,-0.08043155,0.36120182,0.38686612,0.0038905519,-0.57633114,0.97320914,0.033735532,-0.1345436,0.12042969,-0.8686319,0.46673018,0.5607388,0.101819895,0.08484094,0.12372781,0.7362209,-0.46946362,1.6632227,0.32593948,-1.3621035,0.824395,0.28718203,0.62361574,1.8797734,0.72032416,-0.8803475,-0.57345015,0.073251136,0.08235973,0.009306044,0.6289988,0.48569775,0.19072963,-0.091694556,-0.05002807,0.7019244,-0.57130843,0.26612395,0.39521575,0.012734766,0.85885984,0.6666471,0.6324162,-0.08663683,0.49745542,0.5912739,-0.6144324,-0.009376238,-0.41190135,0.010809404,0.80255497,0.6493877,-0.49263754,0.24039182,0.3504272,0.5503993,-0.6675487,0.7872759,0.13209528,-0.00412119,-0.26810628,0.4877702,0.34123406,0.25034687,-0.11309092,-1.6833665,-0.2475973,-1.5359559,0.101875044,-0.05787436,-0.37513283,0.120456435,-0.3281239,-0.7959289,0.678751,5,0
19,-2.0129502,-0.36012608,0.18481003,0.50692004,0.31107107,0.65904313,0.019041637,-0.62111753,0.41619626,-0.0011718394,-0.05029699,0.095996305,-0.59526277,0.6719406,0.76273596,-0.052402582,0.33344513,0.3782066,0.0072183646,-0.5763521,0.97493887,0.040464394,-0.10009109,0.12539694,-0.86345166,0.46643698,0.56728184,0.11752261,0.08613044,0.12850453,0.6854604,-0.45548758,1.6577318,0.32545352,-2.4285355,0.82415015,0.28364572,0.6196552,1.8827716,0.72066396,-0.8802931,-0.58210313,0.07383252,0.08221306,0.00491342,0.62887585,0.4844427,0.19103454,-0.09123685,-0.049747504,0.70268005,-0.58550286,0.25966206,0.3955456,0.0270524,0.85915554,0.6662251,0.6324175,-0.08349477,0.50118774,0.5917759,-0.6278436,-0.012308451,-0.41171223,0.019292898,0.8019526,0.64856523,-0.49298117,0.2388742,0.34976456,0.5504457,-0.6684071,0.78322846,0.13088244,-0.0028872786,-0.2673607,0.48963442,0.34043515,0.2497075,-0.111627236,-1.6774727,-0.24724075,-1.5330511,0.10243995,-0.059570204,-0.37491757,0.12362111,-0.32910264,-0.7963144,0.6779615,5,0
20,-2.0129502,-0.36012608,0.18481003,0.50692004,0.3156711,0.65904313,0.019041637,-0.62111753,0.41859937,-0.0007716095,-0.05029699,0.09685361,-0.59526277,0.6721873,0.76480424,-0.024883237,0.33344513,0.3782066,0.0072183646,-0.5763521,0.97688484,0.040464394,-0.10009109,0.12539694,-0.86345166,0.46643698,0.57181174,0.11869058,0.08613044,0.12850453,0.6854604,-0.4498873,1.6577318,0.32545352,-1.0624756,0.8239052,0.28005615,0.6157437,1.8858048,0.72096354,-0.88038695,-0.5821523,0.07387376,0.08089282,-0.0039164955,0.62877524,0.48326856,0.19132264,-0.090814374,-0.04944314,0.7042996,-0.58697504,0.25938943,0.39525914,0.047417205,0.8594513,0.66552734,0.6327278,-0.080451794,0.5047322,0.59238863,-0.6278436,-0.012319432,-0.4114942,0.022210548,0.80135024,0.6477639,-0.4933149,0.23738378,0.34911352,0.5510928,-0.66868407,0.7832143,0.13007525,0.014018848,-0.26661506,0.49145567,0.3396523,0.24907932,-0.110189684,-1.6774559,-0.24793795,-1.5331569,0.10221653,-0.059605278,-0.37421376,0.12381795,-0.32924363,-0.79669267,0.67717206,5,0
21,-2.0129502,-0.36012608,0.1845787,0.49371964,0.31924888,0.65564716,0.019041637,-0.62111753,0.42046845,-0.0004603183,-0.058241915,0.09752039,-0.59526277,0.6723791,0.7664131,-0.0034793385,0.32627147,0.37658292,0.0072183646,-0.5763521,0.9783983,0.040464394,-0.10009109,0.123427145,-0.86345166,0.46640033,0.5753349,0.11959901,0.08613044,0.12850453,0.68537897,-0.4445187,1.6577874,0.32539287,-0.001931559,0.82361734,0.2764645,0.6116717,1.8888147,0.7213381,-0.8804599,-0.58363837,0.07390588,0.079866156,-0.00968018,0.62867475,0.48211956,0.19160362,-0.09046875,-0.049225543,0.7055594,-0.59101176,0.25917733,0.39503643,0.055717207,0.8597159,0.66485184,0.6330166,-0.07749605,0.5080727,0.5928654,-0.6264321,-0.012327976,-0.41132462,0.021290606,0.8006956,0.64696836,-0.493647,0.23583053,0.34835246,0.5515062,-0.6688995,0.7832053,0.12944165,0.021324165,-0.26586947,0.4932692,0.33887285,0.24845392,-0.10875855,-1.6775002,-0.24842611,-1.533294,0.10208114,-0.059632562,-0.3736664,0.12397182,-0.32935643,-0.79703444,0.6763474,5,0
22,-2.0129502,-0.36012608,0.1835377,0.43431816,0.31924888,0.640365,0.019041637,-0.62111753,0.42046845,-0.0004603183,-0.09399384,0.09752039,-0.59526277,0.6723791,0.7664131,-0.0034793385,0.29399028,0.36927646,0.0072183646,-0.5763521,0.9783983,0.040464394,-0.10009109,0.114563175,-0.86345166,0.46623546,0.5753349,0.11959901,0.08613044,0.12850453,0.68501323,-0.4399607,1.6580378,0.32511985,-0.010684578,0.8231786,0.2728655,0.6070376,1.8917427,0.72197485,-0.8804599,-0.5901538,0.07390588,0.079866156,-0.004712135,0.62857413,0.48105767,0.19185992,-0.09039229,-0.049311616,0.7055594,-0.60402447,0.25917733,0.39503643,0.021790704,0.8598715,0.6642547,0.6332299,-0.07484595,0.5106997,0.5928654,-0.6200802,-0.012327976,-0.41132462,0.006939194,0.7998584,0.646193,-0.49397326,0.23405747,0.34720632,0.5511016,-0.6688995,0.7832141,0.12941535,-0.0049730996,-0.26512384,0.49505258,0.3381045,0.24783829,-0.10734983,-1.6777581,-0.24818222,-1.5335408,0.10225393,-0.059632562,-0.3736664,0.123975396,-0.3293705,-0.7972492,0.6753997,5,0
23,-2.0185313,-0.35801482,0.18259883,0.37998953,0.32242012,0.6269597,0.019501975,-0.6208845,0.42102918,7.331963e-05,-0.12676646,0.098434836,-0.59480286,0.67265856,0.7672749,0.011554378,0.26438156,0.3628064,0.008568169,-0.5763286,0.97803354,0.041451786,-0.090824544,0.1051211,-0.8627932,0.4660843,0.5812129,0.12553619,0.081584916,0.12971896,0.69732326,-0.43183878,1.6596069,0.3251592,0.28671098,0.822699,0.26916486,0.6022382,1.8947375,0.72267383,-0.8803097,-0.59504634,0.07315942,0.07951326,0.0065510925,0.62850034,0.48003715,0.19211137,-0.09044966,-0.049446274,0.7065347,-0.61574364,0.25866467,0.39496583,0.019606933,0.85999656,0.66351473,0.63361484,-0.0723318,0.51303625,0.5926049,-0.61442506,-0.013508855,-0.41136006,-0.008722641,0.79892755,0.6454433,-0.49429178,0.23233284,0.34572577,0.5515583,-0.66920525,0.7826901,0.1283444,-0.0009738926,-0.26433367,0.4966788,0.33740744,0.24709496,-0.10594365,-1.6796792,-0.2484038,-1.5352862,0.10217398,-0.059595056,-0.37355617,0.1241445,-0.3298696,-0.7974193,0.67436594,5,0
24,-2.0352747,-0.351681,0.18186393,0.3358066,0.3319338,0.61730784,0.020882959,-0.62018543,0.42271134,0.001674245,-0.15358046,0.1011782,-0.593423,0.6734971,0.7698605,0.05665553,0.24011785,0.35800925,0.012617573,-0.5762578,0.97693896,0.04441394,-0.06302491,0.09452284,-0.8608177,0.46596065,0.5988469,0.14334776,0.06794836,0.13336222,0.7349855,-0.4165889,1.6638134,0.32582322,1.1964037,0.8221378,0.26526067,0.59710795,1.8978649,0.7234971,-0.8798592,-0.5966931,0.07091999,0.07845408,0.030404685,0.6284802,0.47909656,0.19235392,-0.090774775,-0.04967811,0.70946133,-0.62487555,0.25712684,0.39475402,0.08090863,0.8600603,0.6624888,0.6343425,-0.07008959,0.51479214,0.59182477,-0.6101635,-0.017051477,-0.41146642,-0.027005319,0.7978096,0.64474475,-0.4945948,0.23070508,0.34357652,0.55373734,-0.67012244,0.7811006,0.12518485,0.06361826,-0.26345432,0.49799132,0.33685347,0.24609621,-0.10454255,-1.6849264,-0.24955593,-1.5400287,0.10158837,-0.059482515,-0.37322557,0.12464453,-0.3313388,-0.7975002,0.6731602,5,0
25,-2.044577,-0.3481622,0.18145572,0.31126055,0.33721915,0.6119457,0.022570854,-0.61979705,0.4237527,0.0025636435,-0.16847709,0.10270228,-0.5926565,0.6739629,0.77137345,0.081711695,0.22663805,0.35534415,0.014867235,-0.57621855,0.97633076,0.046059586,-0.04758068,0.08863494,-0.8597202,0.46589193,0.60878736,0.15363237,0.060372505,0.13538624,0.75590885,-0.4081168,1.6661501,0.3261921,1.3013698,0.82157665,0.26138255,0.592025,1.9009597,0.7243099,-0.87975734,-0.597608,0.06837961,0.07780713,0.0251985,0.6284601,0.47817394,0.19259493,-0.09111907,-0.04988251,0.71111894,-0.6299488,0.2562672,0.39462322,0.08838116,0.8601239,0.6614705,0.6350627,-0.06786819,0.5165334,0.59139085,-0.60779595,-0.019019604,-0.4115255,-0.029036703,0.79669166,0.6440502,-0.49489486,0.22909197,0.34144634,0.5549692,-0.6706985,0.78021705,0.123403765,0.07581408,-0.26257497,0.49927947,0.33630902,0.24510625,-0.10315401,-1.6883707,-0.25022706,-1.5426656,0.10125284,-0.058467593,-0.3730186,0.12492612,-0.33215544,-0.7975812,0.6719545,5,0
26,-2.044577,-0.3481622,0.18145572,0.31126055,0.33721915,0.6119457,0.024642345,-0.61979705,0.42399302,0.0025636435,-0.16847709,0.10270228,-0.5926565,0.6739629,0.77154577,0.081711695,0.22663805,0.35534415,0.014867235,-0.57621855,0.97633076,0.046059586,-0.04758068,0.08863494,-0.8597202,0.46589193,0.60911083,0.15450837,0.060372505,0.13538624,0.75590885,-0.4081168,1.6661501,0.3261921,0.40043005,0.8210155,0.25753686,0.5870012,1.904014,0.7251097,-0.8800912,-0.597608,0.06546302,0.07767518,-0.016332306,0.62843996,0.47727197,0.19283469,-0.09148738,-0.050052613,0.71119034,-0.6299488,0.25625524,0.39459383,0.028567404,0.86018753,0.66046166,0.63577354,-0.06567276,0.51825655,0.59139085,-0.60779595,-0.019019604,-0.4115255,-0.010754026,0.79557365,0.6433609,-0.49519128,0.22749718,0.33933994,0.5550159,-0.67084795,0.78021604,0.1233464,0.022514652,-0.26169562,0.50053746,0.33577657,0.24412729,-0.10178118,-1.6895611,-0.25029674,-1.5426701,0.10122992,-0.05632471,-0.37296656,0.12493459,-0.33215642,-0.79766214,0.6707489,5,0
27,-2.0515604,-0.3481622,0.1811495,0.30498767,0.33721915,0.6119457,0.025562992,-0.61979705,0.42409983,0.0025636435,-0.16847709,0.10270228,-0.5926565,0.6739629,0.7716224,0.081711695,0.22663805,0.35526216,0.014867235,-0.57621855,0.97518206,0.046059586,-0.04758068,0.0833358,-0.8597202,0.46589193,0.60925466,0.15489767,0.060372505,0.13538624,0.77170825,-0.40752938,1.6678156,0.3261118,0.3779646,0.8204543,0.25368425,0.58196634,1.9070536,0.7259531,-0.88023955,-0.597608,0.064166754,0.07761656,-0.024969703,0.6284199,0.4763808,0.19307163,-0.0918516,-0.050220825,0.71122175,-0.6299525,0.25624996,0.39458072,0.0011569535,0.8602497,0.65946144,0.63647497,-0.06350028,0.51995695,0.5910287,-0.6026079,-0.01901348,-0.4116542,-0.011101399,0.7943153,0.6426769,-0.4954857,0.22573316,0.33695346,0.555037,-0.6709145,0.78021556,0.12332074,-0.0018274891,-0.26081628,0.50178003,0.33524975,0.2431592,-0.100423604,-1.6918058,-0.250256,-1.5443139,0.10127052,-0.05536966,-0.37305033,0.12493834,-0.33215684,-0.7977412,0.6694485,5,0
28,-2.0641305,-0.3481622,0.1805984,0.2936965,0.33721915,0.6119457,0.025562992,-0.61979705,0.42409983,0.0025636435,-0.16847709,0.10270228,-0.5926565,0.6739629,0.7716224,0.081711695,0.22663805,0.35511455,0.014867235,-0.57621855,0.9731145,0.046059586,-0.04758068,0.07379739,-0.8597202,0.46589193,0.60925466,0.15489767,0.060372505,0.13538624,0.8001476,-0.40647206,1.6708134,0.32596725,1.0582749,0.81989306,0.24982621,0.5769226,1.9100816,0.7268316,-0.88023955,-0.597608,0.064166754,0.07761656,-0.007292505,0.6283997,0.4754968,0.1933063,-0.09221253,-0.050387494,0.71122175,-0.6299591,0.25624996,0.39458072,-0.0003309861,0.8603105,0.6584681,0.63716865,-0.061346017,0.52163917,0.59037775,-0.5932696,-0.019002467,-0.411886,-0.026352735,0.79294455,0.64199686,-0.4957785,0.22383378,0.33434284,0.555037,-0.6709145,0.78021556,0.12332074,-0.003003919,-0.25993693,0.50301045,0.33472726,0.24219978,-0.09907826,-1.6948941,-0.25012693,-1.5472685,0.10136202,-0.055364884,-0.37324324,0.12493834,-0.33215684,-0.7978188,0.6680725,5,0
29,-2.0750315,-0.34543002,0.18041472,0.28993273,0.33875248,0.6248148,0.02755777,-0.6191239,0.4274642,0.0030972813,-0.16422088,0.10201644,-0.5919666,0.6743903,0.77012855,0.09827426,0.2315611,0.3550161,0.019553335,-0.57618713,0.96926314,0.051325656,-0.033680867,0.06541514,-0.8575471,0.46616673,0.61712795,0.16424143,0.06482131,0.13860446,0.8248908,-0.40436244,1.6733385,0.32628936,1.1966373,0.81949514,0.24593458,0.57203317,1.9131311,0.7277572,-0.8799685,-0.5972251,0.06110447,0.075642966,0.012950589,0.6283595,0.47471073,0.19352084,-0.092549644,-0.050467294,0.71156687,-0.626877,0.25566936,0.3949533,0.006402997,0.8603704,0.65727085,0.6380774,-0.059166726,0.52327555,0.588881,-0.586301,-0.023095736,-0.41231075,-0.051234853,0.791436,0.6414072,-0.49603587,0.22199912,0.3312454,0.55679566,-0.66874856,0.77848333,0.12196557,0.04056798,-0.25893945,0.5039785,0.3343236,0.24117817,-0.09749266,-1.6987453,-0.25145677,-1.5499827,0.10144881,-0.054886006,-0.37281534,0.1246696,-0.33325446,-0.797902,0.6665428,5,0
30,-2.085098,-0.3413317,0.18041472,0.28993273,0.3410525,0.64411855,0.030549908,-0.6181141,0.43251073,0.0038977468,-0.15783662,0.10098768,-0.5909317,0.67503154,0.7678878,0.12311811,0.2389457,0.35494235,0.026582493,-0.5761399,0.96451974,0.05922476,-0.012831137,0.057610966,-0.8542875,0.46657902,0.62893784,0.17825711,0.07149453,0.14343178,0.8477864,-0.4017267,1.6756272,0.32684475,1.0640255,0.8191788,0.24202606,0.567221,1.9161913,0.7287063,-0.879562,-0.5966509,0.056511063,0.072682574,0.03447663,0.6283092,0.47397408,0.19372521,-0.092874855,-0.050503686,0.71208495,-0.62225044,0.25479853,0.39551213,0.017247941,0.8604298,0.6559713,0.6390935,-0.05697487,0.524889,0.5869618,-0.5805174,-0.029241152,-0.41283196,-0.080932364,0.7898586,0.6408626,-0.49627537,0.22019686,0.32790446,0.5594337,-0.6654998,0.77588475,0.11993303,0.10651404,-0.2578829,0.50481564,0.33397907,0.24012545,-0.095786944,-1.702978,-0.25351605,-1.5525763,0.10153329,-0.05417009,-0.37207735,0.12426648,-0.33490083,-0.7979878,0.66493636,5,0
31,-2.0873349,-0.3404209,0.18112917,0.29298738,0.3415636,0.6546641,0.031214833,-0.6178897,0.4336322,0.0043869154,-0.15542477,0.100759074,-0.58980745,0.6753658,0.76738983,0.12863895,0.24075082,0.35492593,0.02814452,-0.5761295,0.9634658,0.060980104,-0.00570304,0.055876717,-0.85356313,0.46667057,0.6315623,0.18137169,0.07365444,0.14570881,0.8531141,-0.40144095,1.6759701,0.32715502,0.6143074,0.81894183,0.23816802,0.5625639,1.9191983,0.72964454,-0.8794717,-0.59634715,0.05549029,0.07202471,0.022517707,0.6282589,0.4732347,0.19392984,-0.09318624,-0.05052927,0.7123119,-0.6211624,0.25390887,0.39568886,0.01356633,0.8604893,0.6546883,0.64009416,-0.05482342,0.5264869,0.58653545,-0.57933164,-0.030606795,-0.4129478,-0.052571572,0.78828114,0.64032054,-0.49651065,0.218469,0.32457972,0.5600199,-0.6634623,0.77530736,0.119481236,0.06987731,-0.2567821,0.50563806,0.33363995,0.23904973,-0.09402867,-1.7037477,-0.2541404,-1.5532594,0.10147475,-0.054010995,-0.37191337,0.12469404,-0.33531964,-0.7980737,0.6633072,5,0
32,-2.0873349,-0.3404209,0.1820476,0.29691473,0.3415636,0.6627073,0.031214833,-0.6178897,0.4336322,0.004787145,-0.15414792,0.100759074,-0.5886577,0.67561245,0.76738983,0.12863895,0.24096182,0.35492593,0.02814452,-0.5761295,0.9634658,0.060980104,-0.0024953876,0.055876717,-0.85356313,0.46667057,0.6315623,0.18137169,0.074524865,0.14725721,0.853423,-0.40182668,1.6757569,0.3273952,0.0739868,0.8187276,0.23432441,0.5579513,1.92219,0.73057956,-0.8794717,-0.5961207,0.05549029,0.07202471,0.0009916476,0.62820864,0.47249445,0.19413498,-0.09349363,-0.050551824,0.71245545,-0.6210852,0.25301385,0.39575636,0.005734274,0.86054873,0.65341014,0.6410903,-0.052683532,0.5280803,0.58653545,-0.57945955,-0.030606795,-0.4129478,-0.0076226704,0.7867037,0.639779,-0.49674478,0.21676241,0.32125953,0.5600199,-0.6617708,0.77530736,0.119481236,0.003931187,-0.25566873,0.5064566,0.33330262,0.23796743,-0.09225538,-1.7035283,-0.25435498,-1.5533966,0.10137543,-0.054010995,-0.37191337,0.12535891,-0.33538774,-0.79815954,0.66167146,5,0
33,-2.094147,-0.3404209,0.18214971,0.2973511,0.3415636,0.663601,0.031214833,-0.6178897,0.4336322,0.004831615,-0.15400605,0.10030185,-0.5885299,0.6756398,0.765781,0.12863895,0.24098526,0.3548603,0.02814452,-0.5761295,0.9631414,0.059517313,-0.0021389858,0.054335155,-0.85356313,0.46667057,0.6315623,0.18137169,0.07462158,0.14742924,0.8690191,-0.40186954,1.6772203,0.3274219,0.3796623,0.81851333,0.23050483,0.5534314,1.9251447,0.7315003,-0.8794717,-0.59603214,0.05549029,0.07202471,-0.0014001053,0.62814486,0.4717614,0.19433476,-0.09377746,-0.050590105,0.71181124,-0.62107927,0.2530245,0.39603886,-0.011639018,0.8606069,0.6521457,0.64207155,-0.050581433,0.52964157,0.5864338,-0.5777258,-0.030605245,-0.41298416,-0.0050113737,0.78508544,0.6392136,-0.49698466,0.21503195,0.3179098,0.5600199,-0.6615828,0.77530736,0.119481236,-0.0033960624,-0.25455534,0.5072579,0.3329703,0.23690435,-0.090513624,-1.7050358,-0.2543788,-1.5548346,0.10157896,-0.054010328,-0.37194362,0.12535101,-0.3356727,-0.79824847,0.6600082,5,0
34,-2.1018107,-0.3404209,0.18214971,0.2973511,0.3415636,0.663601,0.031214833,-0.6178897,0.4336322,0.004831615,-0.15400605,0.099787466,-0.5885299,0.6756398,0.7639712,0.12863895,0.24098526,0.35478652,0.02814452,-0.5761295,0.9627766,0.057871666,-0.0021389858,0.052600894,-0.85356313,0.46667057,0.6315623,0.18137169,0.07462158,0.14742924,0.88652647,-0.40186954,1.678893,0.3274219,0.79108584,0.81829906,0.22668824,0.5489231,1.9280949,0.73241925,-0.8794717,-0.59596086,0.05549029,0.07202471,-0.0014001053,0.62807953,0.47103012,0.1945343,-0.09405834,-0.050630327,0.71106887,-0.6210823,0.2531483,0.39634824,-0.030204952,0.8606649,0.65088296,0.64305097,-0.048484046,0.53119874,0.5863192,-0.5757594,-0.030603511,-0.41302514,-0.0076921987,0.78346205,0.6386452,-0.4972253,0.21329851,0.31455642,0.5600199,-0.6615828,0.77530736,0.119481236,-0.0033960624,-0.25344196,0.5080565,0.33263862,0.23584367,-0.08877583,-1.706759,-0.2543788,-1.5564353,0.10182032,-0.05400957,-0.3719778,0.12525904,-0.3359848,-0.79833764,0.6583415,5,0
35,-2.1075518,-0.33744025,0.17902674,0.3037331,0.3451182,0.70462143,0.03340141,-0.6160255,0.43747717,0.004831615,-0.14826019,0.099787466,-0.5860577,0.6768975,0.7505266,0.15634944,0.24668199,0.34770146,0.0473219,-0.5765067,0.9627766,0.057871666,0.0082858885,0.052600894,-0.850106,0.46695906,0.62395865,0.1980153,0.08332577,0.15398712,0.8985724,-0.39823228,1.680879,0.327008,0.66044414,0.8186052,0.22278816,0.5447898,1.931116,0.733493,-0.87798685,-0.59563935,0.051641863,0.069573864,0.07722599,0.6280141,0.47045428,0.19470456,-0.09433918,-0.050527528,0.7081823,-0.6156098,0.25175583,0.3989924,-0.07511713,0.8605871,0.64923286,0.6443642,-0.046170406,0.5322335,0.5873461,-0.5760055,-0.047467828,-0.41311175,0.019030849,0.78183866,0.63807803,-0.49746206,0.21165276,0.31101468,0.5595172,-0.6550677,0.77262104,0.120879754,-0.015961576,-0.2520878,0.5082599,0.33257502,0.23465207,-0.08655719,-1.7103755,-0.25530344,-1.558933,0.10414524,-0.05847882,-0.37107995,0.12520795,-0.33790728,-0.79826826,0.65655106,5,0
36,-2.1126554,-0.33479086,0.17625076,0.30940595,0.34859145,0.7421564,0.035345025,-0.6143685,0.44097504,0.004831615,-0.14315277,0.09986367,-0.5838603,0.67801553,0.73857576,0.1814693,0.25181603,0.34140363,0.06436842,-0.57684195,0.96283066,0.058895644,0.017552417,0.053425226,-0.84674764,0.46722472,0.61719984,0.21280958,0.091062814,0.15981632,0.9092801,-0.39462373,1.6826444,0.32664007,0.5122998,0.81892484,0.21888621,0.5406704,1.9341369,0.73456734,-0.87667,-0.59536344,0.048222255,0.06735132,0.13822348,0.62795097,0.4698838,0.19487381,-0.09462222,-0.050422143,0.7056161,-0.6106487,0.2505181,0.40134275,-0.10832045,0.8605093,0.64757967,0.64568067,-0.043861713,0.5332645,0.58827513,-0.57718265,-0.06245847,-0.41318253,0.04051106,0.7802371,0.63752896,-0.49769098,0.21004,0.3075281,0.559085,-0.6492764,0.77001035,0.12212429,-0.025369585,-0.25073367,0.508462,0.3325114,0.23346147,-0.08434206,-1.7135898,-0.25614867,-1.5611533,0.10621182,-0.06245246,-0.3702595,0.12507243,-0.33961532,-0.7981981,0.6547752,5,0
37,-2.1126554,-0.33479086,0.17625076,0.30940595,0.35141417,0.7518082,0.035345025,-0.6143685,0.44169596,0.004831615,-0.14315277,0.10054951,-0.5838603,0.67801553,0.73857576,0.18586475,0.25244895,0.34140363,0.06436842,-0.57684195,0.96331704,0.06811125,0.017552417,0.06084399,-0.84417945,0.46730715,0.61719984,0.21280958,0.091062814,0.15981632,0.9092801,-0.39124462,1.6826444,0.32664007,0.2241386,0.8193534,0.21496888,0.5366609,1.9371567,0.7356473,-0.8766964,-0.5954526,0.048233353,0.06695712,0.058195803,0.62790567,0.46934837,0.19503671,-0.09492337,-0.050296243,0.7056161,-0.6097788,0.2505181,0.40134275,-0.047855325,0.86043143,0.64590305,0.64702255,-0.041592713,0.53426653,0.58842796,-0.58580726,-0.06246006,-0.413128,0.020049637,0.77881026,0.63712674,-0.49785635,0.20869121,0.3044831,0.55921644,-0.6492764,0.7680047,0.122137666,-0.009518206,-0.24937955,0.508657,0.332448,0.2322787,-0.082155064,-1.7135854,-0.25635684,-1.5611533,0.10621182,-0.062461287,-0.37005794,0.12426194,-0.33960813,-0.79812217,0.6531171,5,0
38,-2.1129365,-0.33479086,0.17570643,0.30940595,0.35360962,0.7593152,0.035345025,-0.6143685,0.4422567,0.00438691,-0.14372027,0.10108294,-0.5838603,0.67801553,0.73599017,0.18928343,0.25294128,0.33884513,0.06436842,-0.57690483,0.9636955,0.07527894,-8.974331e-05,0.066614136,-0.842182,0.46737134,0.61719984,0.21280958,0.091062814,0.15981632,0.90974456,-0.38861647,1.6828288,0.3264965,0.011122357,0.81978196,0.21106093,0.5326657,1.9401639,0.73672515,-0.87671703,-0.5957519,0.048241943,0.066650495,-0.0037363467,0.6278604,0.46883363,0.19519424,-0.09522777,-0.050176222,0.7045727,-0.608798,0.2506921,0.4017868,-0.022683106,0.86030453,0.64421606,0.64834535,-0.03925285,0.53511226,0.5888038,-0.5906164,-0.062463965,-0.4131,0.009349549,0.77738345,0.6367188,-0.49802032,0.20702393,0.30170387,0.5593188,-0.6492764,0.7664447,0.12214823,0.002080422,-0.24802543,0.5088501,0.33238485,0.23110117,-0.0799778,-1.7137717,-0.25639054,-1.5612675,0.10664915,-0.062469274,-0.3699133,0.123502314,-0.34005058,-0.79798895,0.6514591,5,0
39,-2.114201,-0.33479086,0.17325701,0.30940595,0.35360962,0.7593152,0.035345025,-0.6143685,0.4422567,0.0023857602,-0.14627399,0.10108294,-0.5838603,0.67801553,0.7243555,0.18928343,0.25294128,0.3273319,0.06436842,-0.5771877,0.9636955,0.07527894,-0.07947901,0.066614136,-0.842182,0.46737134,0.61719984,0.21280958,0.091062814,0.15981632,0.9118341,-0.38861647,1.6836586,0.32585052,0.06111163,0.82021046,0.2071858,0.52872026,1.9431264,0.7377961,-0.87671703,-0.5967865,0.048241943,0.066650495,-0.002334602,0.6278152,0.46839252,0.19533244,-0.09554333,-0.05007671,0.6998769,-0.60742897,0.25147533,0.40378547,-0.12103518,0.860006,0.6424931,0.649601,-0.036664702,0.53541046,0.5899583,-0.5820718,-0.062475994,-0.4131649,0.032813873,0.77595663,0.6362897,-0.49817923,0.2042419,0.29985514,0.5593188,-0.6492764,0.7664447,0.12214823,-0.0012054689,-0.24667129,0.5090361,0.33232147,0.22994196,-0.0778346,-1.7146267,-0.25581366,-1.5617815,0.108617395,-0.062474497,-0.36996722,0.12292049,-0.3420666,-0.7976553,0.649801,5,0
40,-2.115044,-0.3367779,0.1607651,0.28698716,0.351449,0.77406114,0.035575196,-0.6147568,0.44337815,0.00051801885,-0.15904255,0.101425864,-0.58508676,0.6779827,0.7115141,0.2027246,0.24815887,0.30359203,0.049495123,-0.57744694,0.9641415,0.08120326,-0.17089702,0.061218657,-0.85054505,0.46746746,0.6210286,0.23344375,0.06001785,0.16212374,0.90977454,-0.38885075,1.6866802,0.3221346,-0.004826635,0.8208261,0.2032921,0.5245325,1.9460479,0.739211,-0.8772015,-0.5974272,0.048105337,0.06610679,-0.0270539,0.62777996,0.46803588,0.19544977,-0.09597471,-0.050079945,0.6952833,-0.59887975,0.25317553,0.4059861,-0.18446384,0.85939944,0.64057004,0.6508983,-0.03367479,0.53462225,0.59165287,-0.5626853,-0.04943987,-0.41317442,0.061090443,0.77438676,0.63595456,-0.4982903,0.20068757,0.29834393,0.5603763,-0.6438576,0.7729419,0.1214838,0.02304155,-0.24523246,0.50860566,0.33253813,0.2282218,-0.0760613,-1.717795,-0.2527826,-1.5641,0.112686336,-0.056733713,-0.36976007,0.12428291,-0.34464046,-0.7969589,0.64800304,5,0
41,-2.115044,-0.3427392,0.1281881,0.21973087,0.34496716,0.8182989,0.0362657,-0.615922,0.44674253,-0.0010829007,-0.19224085,0.10245462,-0.5887663,0.677884,0.69625956,0.24304813,0.2338116,0.25539875,0.0048752353,-0.57765913,0.9654793,0.09897626,-0.28637254,0.04503222,-0.8756341,0.4677561,0.632515,0.29534632,-0.03311705,0.16904594,0.89941525,-0.38955355,1.6940852,0.31227902,-0.30261993,0.82181585,0.19936126,0.51985997,1.9488878,0.74131405,-0.87865484,-0.5972801,0.047695562,0.064475656,-0.104015276,0.6277649,0.4678508,0.19552562,-0.09663763,-0.050288677,0.69089466,-0.5759703,0.25671005,0.40859094,-0.17804569,0.8581768,0.6382466,0.6522787,-0.02988126,0.53166133,0.5944263,-0.52161497,-0.010307448,-0.41307312,0.09899152,0.77253115,0.63580817,-0.49830577,0.1955886,0.2975076,0.56354916,-0.6276014,0.7924333,0.119490296,0.102354385,-0.24362421,0.5069397,0.33331418,0.22537978,-0.07502781,-1.7255907,-0.24484336,-1.5700274,0.12095684,-0.039501008,-0.36903033,0.12953365,-0.3483299,-0.7955369,0.6459253,5,0
42,-2.1121662,-0.34605095,0.11008991,0.18236639,0.34136614,0.84287524,0.036649298,-0.6165693,0.45074773,-0.001972299,-0.21068425,0.10302615,-0.59081036,0.6778292,0.68778485,0.26544997,0.22584097,0.22862484,-0.01991348,-0.577777,0.9662226,0.1088501,-0.35052532,0.036039796,-0.8895724,0.46791637,0.6388963,0.34466058,-0.08485842,0.17754687,0.88703996,-0.389944,1.6976054,0.3068037,-0.5162919,0.8228056,0.1954687,0.5152261,1.9516876,0.74339217,-0.8795386,-0.59719837,0.047499813,0.062397875,-0.116604626,0.62774974,0.46773311,0.19558415,-0.0972911,-0.05049338,0.688456,-0.5632429,0.2586736,0.41003805,-0.13362032,0.8569543,0.6359368,0.6536456,-0.026123894,0.5287291,0.5959666,-0.49879825,0.0114326915,-0.4130168,0.091182485,0.7706755,0.6356564,-0.49831975,0.19053505,0.29667827,0.5653117,-0.6122851,0.8032618,0.11838269,0.11116658,-0.2418451,0.50481504,0.3342942,0.22236656,-0.07373759,-1.7292969,-0.24105133,-1.5727351,0.1255515,-0.029950788,-0.3681612,0.13245073,-0.3503796,-0.7941149,0.6437596,5,0
43,-2.1056914,-0.34605095,0.11008991,0.18236639,0.34136614,0.84287524,0.036649298,-0.6165693,0.45555395,-0.001972299,-0.21068425,0.10302615,-0.59081036,0.6778292,0.68778485,0.26544997,0.22584097,0.22862484,-0.01991348,-0.577777,0.9662226,0.1088501,-0.35052532,0.036039796,-0.8895724,0.46791637,0.6388963,0.37823972,-0.08485842,0.18802124,0.8721448,-0.389944,1.6962693,0.3068037,-0.6248132,0.8237953,0.19162397,0.5106408,1.9544371,0.74543947,-0.87971014,-0.59719837,0.047571577,0.059762385,-0.04872975,0.62773466,0.467699,0.19562106,-0.097932704,-0.050693102,0.688456,-0.5632429,0.2586736,0.41003805,-0.041686382,0.85573167,0.6336435,0.65499556,-0.02241179,0.52583265,0.5959666,-0.49879825,0.0114326915,-0.4130168,0.02623642,0.7688198,0.6354972,-0.4983316,0.18553832,0.29585755,0.5653117,-0.5981436,0.8032618,0.11838269,0.031853914,-0.23985234,0.50211495,0.3355298,0.2191393,-0.07212646,-1.7278912,-0.24244297,-1.5714183,0.1255515,-0.030003512,-0.36711836,0.13245073,-0.3503796,-0.79269284,0.6414841,5,0
44,-2.102814,-0.35019067,0.08154768,0.062363155,0.32876253,0.82142663,0.036649298,-0.61855423,0.45769003,-0.001972299,-0.23480268,0.10302615,-0.60460836,0.67663723,0.67088336,0.20440197,0.15152602,0.18774626,-0.039778512,-0.577777,0.9662226,0.1088501,-0.39864013,-0.0036769356,-0.91508937,0.46725225,0.6388963,0.39316374,-0.12370493,0.19267653,0.85689396,-0.38708988,1.7022479,0.29726595,-0.68154466,0.82451296,0.18783496,0.504366,1.9568776,0.74859726,-0.88187635,-0.59282184,0.04848292,0.05894219,-0.12418089,0.6277196,0.46770167,0.19564371,-0.09878031,-0.05116797,0.68580973,-0.54532087,0.26967204,0.41266158,-0.056260865,0.8537254,0.63216865,0.6551749,-0.018515315,0.5198638,0.5970423,-0.45337695,0.02884348,-0.4130168,0.02256424,0.76591194,0.6353089,-0.49832213,0.1784497,0.2935711,0.5647787,-0.5851497,0.8231745,0.11827379,-0.01671826,-0.23785962,0.4994514,0.33674595,0.21544668,-0.07121615,-1.7336781,-0.23435934,-1.5730437,0.13363536,-0.023139901,-0.36679378,0.13232704,-0.3530841,-0.79035604,0.6384995,5,0
45,-2.102814,-0.35764232,0.030171609,-0.15364216,0.30607608,0.7828193,0.036649298,-0.6221273,0.45769003,-0.001972299,-0.27821577,0.10302615,-0.6294448,0.67449176,0.64046043,0.09451581,0.017759364,0.11416496,-0.07553547,-0.577777,0.9662226,0.1088501,-0.4852466,-0.07516689,-0.9610201,0.46605676,0.6388963,0.39316374,-0.19362849,0.19267653,0.84135884,-0.38195246,1.7140778,0.28009805,-0.69684446,0.8250129,0.18409023,0.49673966,1.9590707,0.75264364,-0.8856381,-0.58494407,0.050065927,0.059574187,-0.31429228,0.6277045,0.46773311,0.19565491,-0.09979279,-0.051862918,0.6810459,-0.5130612,0.28946912,0.41738385,-0.15604165,0.851092,0.6313481,0.6544178,-0.01447131,0.5114369,0.59897834,-0.37161875,0.060182843,-0.4130168,0.06791092,0.7621624,0.6350968,-0.49829555,0.1696876,0.2901121,0.56381965,-0.573074,0.8590171,0.11807754,-0.040698163,-0.23586687,0.4968161,0.3379467,0.21138178,-0.070866495,-1.745219,-0.21869515,-1.5770228,0.14818619,-0.010743169,-0.3670438,0.13210434,-0.35795215,-0.7872873,0.63494766,5,0
46,-2.0912805,-0.36012608,-0.027736189,-0.40728503,0.24721669,0.69863355,0.038183738,-0.62642527,0.46377793,0.0062991376,-0.31439334,0.09125256,-0.65458775,0.6596868,0.61176133,-0.03970477,-0.1296514,-0.008765917,-0.10533297,-0.57628405,0.9495197,0.13474162,-0.55242914,-0.22746064,-1.0001682,0.46565834,0.6167864,0.48757485,-0.24865831,0.27628943,0.7978569,-0.38185722,1.7253939,0.2592571,-1.3709539,0.82460815,0.18131989,0.4865409,1.9600171,0.75841564,-0.89060843,-0.57186073,0.04988356,0.056956735,-0.44165924,0.627344,0.46754447,0.19566101,-0.100549825,-0.053194325,0.6381473,-0.3948124,0.31681094,0.41849104,-0.9880606,0.8465719,0.6316331,0.6514364,-0.008744626,0.49647263,0.58958465,-0.21197467,0.086701006,-0.41455394,-0.18232206,0.7550094,0.6351709,-0.49802196,0.1559227,0.28000936,0.5616349,-0.47394153,0.8896475,0.121946596,-0.07931927,-0.23080477,0.4910541,0.34053066,0.20345208,-0.06629142,-1.7569506,-0.20146711,-1.5775682,0.16224149,0.00086456625,-0.36728647,0.124170765,-0.3570084,-0.78212994,0.6275236,5,0
47,-2.0739806,-0.36012608,-0.08890985,-0.67974687,0.17027077,0.5916587,0.040485397,-0.6310858,0.4729098,0.018706294,-0.34695324,0.07359218,-0.67988414,0.6385522,0.583924,-0.18609254,-0.28388423,-0.15637161,-0.13215074,-0.5740445,0.92446554,0.1735789,-0.6098996,-0.42015633,-1.035925,0.46565834,0.58362144,0.6291915,-0.29624122,0.40170884,0.74037164,-0.38428307,1.7364529,0.23657973,-2.3744683,0.8237511,0.17903657,0.47505608,1.9603401,0.76505053,-0.8961831,-0.55617476,0.04881858,0.052714318,-0.5376539,0.62681085,0.4672471,0.19566433,-0.10117918,-0.054843936,0.576181,-0.23356894,0.34792513,0.41779077,-2.1861987,0.8411085,0.6324709,0.6473429,-0.0021766264,0.47823966,0.5745258,-0.013387663,0.11080857,-0.41685966,-0.58034486,0.7461548,0.6353883,-0.4976248,0.13965641,0.26658475,0.5588379,-0.33128077,0.91767174,0.12784818,-0.12526098,-0.22420798,0.48372874,0.34380648,0.19358999,-0.05960364,-1.7687777,-0.18345729,-1.5763966,0.17604902,0.012077789,-0.36752558,0.11238173,-0.35315874,-0.7759282,0.6181634,5,0
48,-2.0639198,-0.3476655,-0.10250386,-0.74029326,0.15317188,0.56788677,0.044308707,-0.6321214,0.47493905,0.05757316,-0.35418868,0.0696677,-0.6855055,0.6338557,0.5777379,-0.21862279,-0.31815782,-0.18917249,-0.13811018,-0.5735469,0.9188979,0.22163175,-0.6226706,-0.46297705,-1.0438709,0.46995452,0.5762516,0.6711084,-0.30681512,0.4737137,0.7128793,-0.38482213,1.7379247,0.23358102,-1.8799913,0.82289404,0.1767919,0.46381745,1.9606297,0.7715197,-0.89791846,-0.5421183,0.043836493,0.051771663,-0.3556873,0.62627774,0.46557435,0.19602497,-0.10194655,-0.056438435,0.56241083,-0.19773747,0.35483932,0.41763514,-1.4429547,0.83564514,0.63317734,0.6432706,0.0042628297,0.46029806,0.57117933,0.03108763,0.11616576,-0.41737205,-0.39448944,0.7373002,0.63610625,-0.4969134,0.1236449,0.25338647,0.5687501,-0.2532258,0.92343813,0.12984493,0.18224135,-0.21599106,0.47602168,0.34715223,0.18201141,-0.05048232,-1.7723273,-0.18127733,-1.5751647,0.17782573,0.01805614,-0.36757874,0.10957566,-0.3519382,-0.7697265,0.6079697,5,0
49,-2.0559273,-0.33164456,-0.10250386,-0.74029326,0.15317188,0.56788677,0.048566774,-0.6321214,0.47493905,0.10399983,-0.35418868,0.0696677,-0.6855055,0.6338557,0.5777379,-0.21862279,-0.31815782,-0.18917249,-0.13811018,-0.5735469,0.9188979,0.2723176,-0.6226706,-0.46297705,-1.0438709,0.47547826,0.5762516,0.68454003,-0.30681512,0.53045744,0.6939564,-0.38482213,1.7366573,0.23620468,-0.9575227,0.8220369,0.17455831,0.4526492,1.9609097,0.77794147,-0.89855695,-0.52852756,0.03773526,0.051771663,-0.094304234,0.6257445,0.4635081,0.19648741,-0.102753274,-0.058017205,0.56241083,-0.19773747,0.35483932,0.41763514,-0.14503826,0.8301817,0.63384634,0.6392044,0.010665545,0.44243968,0.57117933,0.03153161,0.11616576,-0.41737205,-0.041814115,0.7284456,0.636968,-0.49611214,0.107706174,0.24025288,0.58229387,-0.19362937,0.9228453,0.13072631,0.59072626,-0.20731127,0.46820685,0.35051838,0.1699424,-0.040665712,-1.7735121,-0.18361996,-1.5739154,0.17616504,0.022538846,-0.36757874,0.10933608,-0.3514688,-0.7635248,0.597538,5,0
50,-2.0550394,-0.32986456,-0.1569349,-0.97157204,0.051506717,0.44277,0.049039874,-0.64420414,0.47493905,0.1091583,-0.35418868,0.05015937,-0.6964417,0.6119347,0.5077184,-0.3120527,-0.40574157,-0.32037747,-0.15284763,-0.5735469,0.90214103,0.2779493,-0.6226706,-0.634262,-1.0677527,0.47609207,0.55410576,0.6860325,-0.30681512,0.53676224,0.6777565,-0.3400533,1.7495756,0.21215664,-0.789888,0.8195926,0.17439003,0.43822172,1.9588307,0.7868154,-0.911359,-0.516312,0.04247086,0.053902604,-0.7093595,0.6246391,0.4611436,0.19691372,-0.10268508,-0.060369484,0.47478747,-0.048910294,0.3813632,0.42459333,-1.8361526,0.82220274,0.6349355,0.6327697,0.019966416,0.41647673,0.5672255,0.21166058,0.12933215,-0.419266,-0.09521858,0.71505326,0.6372017,-0.49512726,0.086114876,0.21763547,0.58226013,-0.18700765,0.94144243,0.13475968,0.29671016,-0.19863148,0.46021497,0.3538408,0.15822229,-0.03114856,-1.7848872,-0.16102064,-1.5763575,0.19681522,0.02475627,-0.36999747,0.09714756,-0.35633972,-0.75457484,0.5840484,5,0
51,-2.0550394,-0.32986456,-0.21816967,-1.2317601,-0.062866434,0.30201387,0.049039874,-0.65779716,0.47493905,0.1091583,-0.35418868,0.028212527,-0.70874494,0.58727354,0.4289466,-0.41716123,-0.5042732,-0.46798286,-0.16942726,-0.5735469,0.8832896,0.2779493,-0.6226706,-0.8269573,-1.0946196,0.47609207,0.52919173,0.6860325,-0.30681512,0.53676224,0.6618968,-0.28968838,1.7642672,0.18477465,-0.7166063,0.81694996,0.1744799,0.42338684,1.9564568,0.79599583,-0.9256815,-0.50426835,0.04856103,0.056300055,-1.4339682,0.62346214,0.4587414,0.19733544,-0.10250747,-0.062818386,0.3762115,0.11851999,0.41120258,0.43242133,-3.9008908,0.81390935,0.6360774,0.6260389,0.02962955,0.38950077,0.5627781,0.4142499,0.14414433,-0.42139673,-0.19938235,0.70109373,0.637357,-0.4941193,0.06381701,0.19383258,0.58052945,-0.18700765,0.9624382,0.13918707,-0.08511743,-0.18995169,0.45220193,0.35715783,0.14654581,-0.021668835,-1.797536,-0.13530342,-1.579261,0.22025423,0.026690546,-0.37271842,0.08346544,-0.36187816,-0.7452813,0.57017666,5,0
52,-2.029747,-0.23895557,-0.26752505,-1.4477658,-0.21163547,0.19664764,0.053988446,-0.6860707,0.49993145,0.17239475,-0.3146061,-0.013452255,-0.71690875,0.5626124,0.34276292,-0.5006749,-0.5781192,-0.6155885,-0.16942726,-0.5714018,0.86918133,0.47180656,-0.5550425,-1.0196528,-1.1137822,0.47431946,0.5105871,0.874368,-0.28389403,0.7189255,0.5890622,-0.16880353,1.7735873,0.1756551,-2.0795395,0.8129706,0.17790645,0.4066026,1.9506737,0.8076505,-0.95704466,-0.45770735,0.054928932,0.046717834,-2.3363223,0.62106293,0.45393693,0.19813943,-0.100291185,-0.06647912,0.27438042,0.28344724,0.44069853,0.4424575,-3.9690623,0.8027858,0.63695335,0.6168997,0.042767264,0.3538205,0.54969424,0.6211805,0.14468993,-0.42251384,-0.40164772,0.6820291,0.63977283,-0.49133977,0.036377296,0.1586918,0.57502043,0.023805138,0.97766614,0.14222671,-0.17957176,-0.17458482,0.43757173,0.3628736,0.12789182,-0.0016746059,-1.8045381,-0.1322201,-1.5770032,0.23385674,0.022247996,-0.36985567,0.067707606,-0.37038335,-0.73308593,0.5494249,5,0
53,-2.007265,-0.15682326,-0.31139633,-1.6397705,-0.34387422,0.10298902,0.05838715,-0.7112026,0.52214694,0.2287382,-0.27544913,-0.050487522,-0.72416544,0.54069144,0.26615527,-0.57490903,-0.64376,-0.7467932,-0.1612349,-0.5691701,0.85664076,0.6445991,-0.49483982,-1.1909375,-1.1308155,0.4683606,0.4940496,1.0417769,-0.26351985,0.8808479,0.5242972,-0.061350632,1.7818973,0.16780928,-3.097996,0.80899125,0.18131445,0.38986942,1.9448972,0.8192708,-0.9849229,-0.41639698,0.060589258,0.03820025,-2.953878,0.61866367,0.44912797,0.19894546,-0.098042816,-0.07008917,0.18386446,0.43004885,0.46691713,0.45137858,-3.7926636,0.7916624,0.6377626,0.6077547,0.05585981,0.31823012,0.53618014,0.8051291,0.13795897,-0.4234334,-0.59149593,0.6629646,0.64206743,-0.4885382,0.008945825,0.123584345,0.55937505,0.21119379,0.99180484,0.14423358,-0.5169204,-0.15921794,0.4229345,0.36854684,0.10928401,0.018270459,-1.8107884,-0.12971205,-1.5750215,0.245783,0.015176895,-0.36724985,0.053944252,-0.37831354,-0.7208905,0.5286731,5,0
54,-2.007265,-0.14490081,-0.31139633,-1.6397705,-0.34387422,0.10298902,0.05838715,-0.7112026,0.52214694,0.2299389,-0.23969719,-0.050487522,-0.72416544,0.54069144,0.26615527,-0.57490903,-0.64376,-0.7467932,-0.08750526,-0.56624705,0.85664076,0.64887774,-0.49403796,-1.1909375,-1.1308155,0.42891127,0.4940496,1.0417769,-0.26351985,0.8808479,0.524087,-0.061350632,1.782127,0.1701534,-1.3607074,0.8050119,0.18457292,0.37354562,1.9391736,0.8306159,-0.9849229,-0.41709086,0.060589258,0.03820025,-1.293108,0.61626446,0.444275,0.19976906,-0.09553817,-0.07329351,0.18386446,0.43004885,0.46691713,0.45137858,-1.659754,0.78053886,0.63803947,0.5985636,0.06859157,0.28335914,0.5192311,0.805226,0.07301679,-0.42277253,-0.6820093,0.64390004,0.6433935,-0.48556063,-0.018419795,0.088743605,0.46264157,0.21119379,0.9972301,0.13798048,-2.797374,-0.14385109,0.40823954,0.3738805,0.09104559,0.03782222,-1.811025,-0.13180527,-1.5752478,0.24429926,-0.0129219685,-0.36670026,0.056136552,-0.38164407,-0.7086952,0.5079214,5,0
55,-2.007265,-0.13562776,-0.3179825,-1.6397705,-0.39033931,0.10298902,0.05838715,-0.7161048,0.52214694,0.23087277,-0.21189018,-0.06412817,-0.72416544,0.53521115,0.25782415,-0.5878194,-0.64376,-0.77142704,-0.030160079,-0.56397355,0.85664076,0.6522056,-0.49341422,-1.2337589,-1.1308155,0.39783454,0.4940496,1.0417769,-0.26351985,0.8808479,0.5224757,-0.02119221,1.7839373,0.1680471,-0.04300382,0.80103254,0.18892981,0.357551,1.9324254,0.842456,-0.9900788,-0.40541968,0.06309178,0.0390812,-0.27442294,0.6134651,0.43924147,0.20056058,-0.09246296,-0.07701687,0.16408946,0.45688143,0.47169033,0.45155847,-0.41502434,0.76894313,0.6381051,0.5889464,0.08205728,0.24728857,0.50604856,0.8517306,0.022506306,-0.42225856,-0.6641986,0.62370104,0.6441944,-0.48245424,-0.047145143,0.05161378,0.38643938,0.21119379,1.0015056,0.13305235,-4.0578074,-0.12848423,0.39348617,0.37915415,0.072889104,0.057283834,-1.8118684,-0.12945914,-1.5751803,0.24577287,-0.036615256,-0.36662135,0.05431844,-0.38445032,-0.69607997,0.48640522,5,0
56,-2.007265,-0.13562776,-0.34762016,-1.6397705,-0.599431,0.10298902,0.05838715,-0.73816425,0.52214694,0.23087277,-0.21189018,-0.12551074,-0.72416544,0.5105501,0.22033428,-0.64591575,-0.64376,-0.88227874,-0.030160079,-0.56397355,0.85664076,0.6522056,-0.49341422,-1.4264542,-1.1308155,0.39606193,0.4940496,1.0417769,-0.26351985,0.8808479,0.51596016,0.15951982,1.7912805,0.15036464,-0.19383569,0.7970532,0.19713068,0.34270898,1.9220914,0.85602826,-1.0132805,-0.3504711,0.07435309,0.04304571,-1.5030187,0.6092652,0.43357727,0.2012414,-0.08739068,-0.08255705,0.075103246,0.57762736,0.49316934,0.4523684,-2.278902,0.75569427,0.6374321,0.57783765,0.09809206,0.20701921,0.50604856,1.0606604,0.022506306,-0.42225856,-0.26725647,0.59953153,0.6431576,-0.47889668,-0.08062955,0.0064721843,0.3820967,0.21119379,1.0017567,0.13276273,-1.7481966,-0.11311739,0.3785295,0.3842166,0.055019427,0.07642996,-1.8148365,-0.11157565,-1.5740845,0.25759688,-0.044889193,-0.36819014,0.038464025,-0.38542157,-0.6819951,0.4622135,5,0
57,-1.9988343,-0.05800768,-0.36960346,-1.615388,-0.80852264,0.30487353,0.060151756,-0.75916225,0.5386483,0.2635582,-0.19316298,-0.18500723,-0.72012186,0.49173364,0.19534104,-0.8120509,-0.5822217,-0.98390496,-0.0046921596,-0.5620248,0.8758166,0.7675104,-0.4765741,-1.6191496,-1.0978903,0.39100534,0.4705916,1.0477141,-0.17560765,0.94156885,0.4899058,0.35242745,1.79686,0.15392807,-0.76179016,0.7956349,0.20691772,0.33055782,1.9103975,0.87082374,-1.0361191,-0.28987163,0.08265653,0.036245886,-2.3028643,0.60452044,0.4269599,0.20206067,-0.08146308,-0.08856553,0.005696113,0.70014447,0.50636023,0.45223004,-3.1113832,0.74191386,0.6373113,0.5648956,0.11625396,0.16711698,0.5033577,1.2735035,-0.00013839638,-0.4196246,-0.06565464,0.5736603,0.6431148,-0.4741749,-0.11608709,-0.042203758,0.36436048,0.2767584,0.97596115,0.13628694,-0.54327554,-0.09552153,0.36286455,0.38913122,0.035916872,0.100338064,-1.817195,-0.1183486,-1.5744659,0.2552335,-0.060787726,-0.36330837,0.018241275,-0.38340494,-0.66746885,0.43572843,5,0
58,-1.973542,0.17485291,-0.376278,-1.5422407,-1.0176144,0.9105271,0.06544556,-0.77803713,0.5881524,0.36161453,-0.13698135,-0.24073164,-0.7079911,0.48460656,0.19534104,-1.1942636,-0.39760685,-1.0670807,0.0717116,-0.5561787,0.9333438,1.1134248,-0.42605364,-1.8118448,-0.9991147,0.37938085,0.40021753,1.0655257,0.08812895,1.1237317,0.42477393,0.5697267,1.798912,0.19998339,-2.1639898,0.79933876,0.2198775,0.32378858,1.8959849,0.8880657,-1.0582321,-0.21797042,0.08504431,0.007917863,-2.2452104,0.59868586,0.4184389,0.20315735,-0.07382476,-0.095510595,-0.024551867,0.8262033,0.50297475,0.45019555,-1.8810717,0.72707033,0.63829494,0.5482873,0.13867013,0.12794892,0.49528426,1.4941734,-0.06807251,-0.41172284,-0.25473332,0.5443858,0.6450601,-0.46712452,-0.15549085,-0.097948425,0.31983638,0.47345242,0.8980723,0.1474395,-1.5477338,-0.073467635,0.34578252,0.39374948,0.01434859,0.13377011,-1.8183345,-0.1744342,-1.5778022,0.22449507,-0.091935486,-0.34552562,-0.010718152,-0.3754126,-0.6520595,0.40465674,5,0
59,-1.9594907,0.30422005,-0.37998617,-1.4359291,-1.1337767,1.247002,0.068540014,-0.7885232,0.61565477,0.41609043,-0.10576928,-0.2716897,-0.70125186,0.4806471,0.23364486,-1.4066045,-0.29504284,-1.1132895,0.114158235,-0.5529308,0.96530366,1.3055999,-0.39798665,-1.918898,-0.9442392,0.37292275,0.3611207,1.075421,0.23464961,1.2249336,0.3885895,0.68353075,1.8000522,0.2255697,-2.2505207,0.8030426,0.23268138,0.3179081,1.8816699,0.9046372,-1.0705419,-0.17802519,0.08611746,-0.007819848,-1.6940787,0.5928513,0.4099727,0.20423749,-0.06626162,-0.1023897,-0.027511576,0.896236,0.4976542,0.44112927,-0.6259899,0.71222675,0.6389616,0.5315038,0.16074659,0.089328036,0.49079868,1.6167681,-0.10581377,-0.4073329,-0.27574235,0.51511127,0.64585304,-0.45992824,-0.19446133,-0.15313911,0.29510108,0.5827271,0.85480064,0.15363525,-1.6110924,-0.05141371,0.3283387,0.39818257,-0.007018481,0.16689043,-1.8190709,-0.2055929,-1.5809901,0.20122653,-0.10905367,-0.33564615,-0.02425152,-0.362967,-0.63665015,0.37358502,5,0
60,-1.9594907,0.30422005,-0.37998617,-1.2881615,-1.1337767,1.247002,0.068885244,-0.7885232,0.61565477,0.41609043,-0.10576928,-0.2716897,-0.70125186,0.4806471,0.31982857,-1.4066045,-0.29504284,-1.1132895,0.114158235,-0.5529308,0.96530366,1.3055999,-0.39798665,-1.918898,-0.9442392,0.37292275,0.3611207,1.075421,0.23464961,1.2249336,0.3885895,0.66796523,1.8000522,0.2255697,-0.69245714,0.8067465,0.24529035,0.3131383,1.8674767,0.92037094,-1.0705978,-0.17802519,0.085547246,-0.007819848,-0.5260968,0.58701664,0.4015748,0.20529675,-0.0587924,-0.10918647,0.003639304,0.896236,0.48991492,0.42327332,0.6600552,0.69738317,0.6392322,0.51450163,0.18239835,0.051390953,0.49079868,1.6167681,-0.10581377,-0.4073329,-0.08666331,0.4858367,0.6452065,-0.4525494,-0.23289016,-0.2076374,0.29510108,0.5827271,0.85480064,0.15363525,-0.4980709,-0.029359788,0.31044325,0.40238452,-0.028134027,0.19962111,-1.8193038,-0.2055929,-1.5839927,0.18729542,-0.10863472,-0.33564615,-0.018502345,-0.3449547,-0.62124074,0.3425133,5,0
61,-1.9594907,0.30422005,-0.37998617,-1.2224872,-1.2499391,1.247002,0.0690387,-0.8039718,0.61565477,0.41609043,-0.10576928,-0.30169523,-0.70125186,0.477674,0.3581324,-1.61799,-0.29504284,-1.1479357,0.114158235,-0.5529308,0.96530366,1.3055999,-0.39798665,-2.0166376,-0.9442392,0.37292275,0.3402691,0.9568393,0.23464961,1.2249336,0.3885895,0.79907393,1.8000522,0.2255697,1.3567397e-05,0.8104503,0.2603492,0.3096103,1.8506235,0.9370623,-1.0868598,-0.14975044,0.09431486,-0.0055308514,-0.86516094,0.5803018,0.39273936,0.20626669,-0.05006633,-0.11714339,0.008464895,0.96652734,0.48870176,0.41440985,0.6802266,0.68187535,0.6406596,0.49433288,0.20552725,0.013613887,0.49079868,1.7225877,-0.10581377,-0.4073329,-0.0026284144,0.45397282,0.6418539,-0.44462362,-0.27407208,-0.26701322,0.29233968,0.5755476,0.85489607,0.15752587,-0.07242415,-0.0073058666,0.29585284,0.40479985,-0.049147353,0.23182447,-1.8157251,-0.20438398,-1.5844635,0.1803802,-0.115076475,-0.33655208,-0.017562652,-0.33394137,-0.6053451,0.3096967,5,0
62,-1.9594907,0.30422005,-0.37998617,-1.2224872,-1.4590307,1.247002,0.0690387,-0.8317793,0.61565477,0.41609043,-0.10576928,-0.355705,-0.70125186,0.4723226,0.3581324,-1.9984827,-0.29504284,-1.2102991,0.114158235,-0.5529308,0.96530366,1.3055999,-0.39798665,-2.1925683,-0.9442392,0.37292275,0.30273616,0.74339277,0.23464961,1.2249336,0.3885895,1.0475212,1.8000522,0.2255697,1.3567397e-05,0.8141542,0.27736834,0.30707568,1.831642,0.9545197,-1.1160868,-0.09885599,0.11055267,-0.0014104205,-2.4098556,0.57288283,0.38355538,0.20716536,-0.04033472,-0.12602855,-0.007769612,1.0930514,0.49270964,0.41274038,-0.3122958,0.6658361,0.64301217,0.471631,0.22983763,-0.024035316,0.49079868,1.9130628,-0.10581377,-0.4073329,-0.0026284144,0.42003745,0.63633645,-0.43626016,-0.31745642,-0.33029112,0.2873694,0.5626244,0.85506773,0.16452923,-0.1966744,0.014748036,0.283908,0.40578598,-0.07007886,0.26360607,-1.8090973,-0.2022083,-1.5829085,0.1790777,-0.12700675,-0.33818248,-0.02047052,-0.32852718,-0.58906037,0.2754843,5,0
63,-1.9426291,0.2711849,-0.37990448,-1.1072845,-1.6681224,1.3124202,0.05484517,-0.85497797,0.53491014,0.48386267,-0.089170165,-0.40445673,-0.68001825,0.46785894,0.40714213,-2.3801222,-0.013724973,-1.2929828,0.16509408,-0.5500077,1.0107905,1.4583157,-0.39103675,-2.3341994,-0.8783888,0.368196,0.2714589,0.5418206,-0.07908765,1.3463755,0.34919107,1.2936914,1.7965101,0.2182677,-0.942459,0.8186879,0.2971715,0.30758914,1.8094757,0.9727841,-1.1345707,-0.0397354,0.14801548,0.059346117,-2.3558743,0.56456184,0.3678861,0.20938699,-0.029142676,-0.13661738,-0.016061937,1.2512859,0.47563452,0.40135846,-0.47677356,0.6486101,0.6447168,0.4455263,0.2610374,-0.0591417,0.4943506,2.0737314,-0.15116622,-0.40148363,0.0805561,0.38390356,0.63003314,-0.42599532,-0.36340708,-0.39719555,0.26965424,0.6978153,0.8016066,0.16967064,-0.5566907,0.041259967,0.2728401,0.40468597,-0.10165064,0.29727483,-1.7901576,-0.16360314,-1.5860422,0.17481945,-0.1741544,-0.35736042,-0.02938943,-0.31430724,-0.5716867,0.23749706,5,0
64,-1.9173367,0.2216321,-0.37978205,-0.9344795,-1.8772149,1.4105476,0.033554785,-0.8758725,0.41379282,0.58552146,-0.0642714,-0.45057952,-0.6481678,0.46383914,0.48065704,-2.7623363,0.40825343,-1.385827,0.24149813,-0.5456231,1.0790209,1.6873902,-0.38061187,-2.458681,-0.7796128,0.3611057,0.2433091,0.34618482,-0.5496954,1.5285393,0.2900933,1.5387237,1.7911968,0.20731464,-2.3561735,0.8236366,0.3183665,0.3096267,1.7857165,0.9914519,-1.1476831,0.023498574,0.19609095,0.14842094,-1.5025517,0.5557899,0.34897548,0.21227007,-0.01722041,-0.14805806,-0.020382505,1.4253764,0.4480178,0.3851205,-0.2272281,0.63079065,0.6460974,0.41772005,0.2956819,-0.09297684,0.49967816,2.2194977,-0.21919514,-0.39270976,0.20533335,0.34667027,0.62333596,-0.4147797,-0.41064104,-0.4659135,0.24556647,0.9070641,0.7213287,0.17388129,-1.0345918,0.07000106,0.262211,0.40254277,-0.13854268,0.3318873,-1.7650613,-0.10678337,-1.59152,0.16908342,-0.23891094,-0.38531208,-0.041313916,-0.29568443,-0.5537685,0.19762225,5,0
65,-1.9117162,0.21062043,-0.3797548,-0.896079,-1.9236791,1.4323534,0.02882367,-0.88051564,0.38687825,0.608112,-0.058738425,-0.4608289,-0.6270492,0.46294588,0.4969934,-2.8472714,0.50202495,-1.4064586,0.25847656,-0.5407617,1.1104534,1.738295,-0.37829527,-2.4863431,-0.75766295,0.35953018,0.23705372,0.3027109,-0.6542732,1.5690194,0.27696073,1.5931745,1.7900162,0.20488067,-1.5707701,0.82858527,0.338603,0.31187582,1.7620144,1.009652,-1.150597,0.03755034,0.20677426,0.168215,-0.7728843,0.5470179,0.33024007,0.21507171,-0.005489974,-0.15931156,-0.030403193,1.4640625,0.43141028,0.38151205,-0.29116264,0.61297137,0.6462215,0.3898783,0.32916215,-0.12581176,0.490626,2.2518897,-0.2344718,-0.38795987,-0.1037225,0.30943707,0.61381495,-0.4031406,-0.45679986,-0.5332423,0.2402138,0.9535632,0.7034894,0.17481701,-0.6724494,0.09874203,0.25035277,0.4000095,-0.1748027,0.36590213,-1.7594844,-0.09415686,-1.5967996,0.16780882,-0.25337,-0.3891944,-0.03618556,-0.29154605,-0.5358504,0.15774755,5,0
66,-1.9117162,0.21062043,-0.3797548,-0.896079,-1.9236791,1.4323534,0.02882367,-0.88051564,0.38687825,0.608112,-0.058738425,-0.4608289,-0.6089968,0.46294588,0.4969934,-2.8472714,0.50202495,-1.4064586,0.25847656,-0.5357642,1.1313723,1.738295,-0.37829527,-2.4863431,-0.75766295,0.35953018,0.23705372,0.3027109,-0.6542732,1.5690194,0.27696073,1.5931745,1.7900162,0.20488067,-0.15705834,0.83353394,0.35856542,0.3141853,1.7383287,1.0277184,-1.150597,0.03755034,0.20677426,0.168215,-0.078545354,0.53824586,0.31155586,0.2178502,0.0061856546,-0.17051156,-0.042052437,1.4640625,0.4179482,0.38151205,-0.44466132,0.59515196,0.6459867,0.36202642,0.3623099,-0.15836093,0.4774649,2.2518897,-0.23467666,-0.38435963,-0.53672874,0.2722038,0.60348696,-0.39138043,-0.5026516,-0.60017437,0.2402138,0.9535632,0.7034894,0.17481701,-0.07029866,0.12748304,0.23814362,0.39736485,-0.2108822,0.3997462,-1.7594844,-0.09415686,-1.6020226,0.16780882,-0.25345868,-0.3861996,-0.026185136,-0.29154605,-0.51793224,0.11787286,5,0
67,-1.9117162,0.1775023,-0.3797548,-0.896079,-2.1095393,1.4323534,0.014604509,-0.88051564,0.3016475,0.608112,-0.058738425,-0.4974071,-0.60699105,0.45115232,0.4969934,-3.0159554,0.50202495,-1.4683218,0.25847656,-0.53520894,1.1336966,1.738295,-0.37829527,-2.555885,-0.75766295,0.35480332,0.23705372,0.13711807,-0.8773589,1.5690194,0.27750042,1.8231184,1.789364,0.19761187,0.012922164,0.8384826,0.38136965,0.31858614,1.7101322,1.0472769,-1.1423204,0.07208366,0.22767138,0.22717571,0.43686548,0.52840084,0.2891731,0.2211998,0.019239804,-0.18337715,-0.07891679,1.55752,0.4248099,0.37749198,-0.98986167,0.57614654,0.6448385,0.33103254,0.39670315,-0.19191276,0.47600257,2.3270104,-0.23469941,-0.3839596,-0.31085634,0.23312837,0.5884388,-0.3788407,-0.54947585,-0.6694315,0.22854368,0.9703416,0.7036037,0.17410621,-0.29512468,0.15622397,0.22893673,0.39240906,-0.25019154,0.42928818,-1.750283,-0.05652976,-1.5987177,0.16927336,-0.2688221,-0.4091994,-0.03123619,-0.28786936,-0.4989821,0.07675683,5,0
68,-1.9117162,0.14024478,-0.3797548,-0.896079,-2.3186305,1.4323534,-0.0013919442,-0.88051564,0.2057635,0.608112,-0.058738425,-0.53855735,-0.60699105,0.4378847,0.4969934,-3.2057235,0.50202495,-1.5379177,0.25847656,-0.53520894,1.1336966,1.738295,-0.37829527,-2.634119,-0.75766295,0.34948578,0.23705372,-0.049172796,-1.1283288,1.5690194,0.2781074,2.0818038,1.7886302,0.18943447,0.027444255,0.8434313,0.40452904,0.32324842,1.681372,1.0670217,-1.1330094,0.11093336,0.2511805,0.29350606,0.9299114,0.5184217,0.26632854,0.22462067,0.032466248,-0.19645086,-0.118932776,1.6626593,0.43421194,0.37296957,-1.5840222,0.5569929,0.6435762,0.29964596,0.431252,-0.22558998,0.47600257,2.4115205,-0.23469941,-0.3839596,-0.0026284144,0.19382265,0.5728006,-0.36620352,-0.5964218,-0.73897916,0.21541527,0.9892171,0.7037323,0.17330678,-0.62331754,0.18496487,0.22010577,0.38716435,-0.28990462,0.45829245,-1.7399316,-0.014199616,-1.5943466,0.1709209,-0.28609475,-0.43544835,-0.038168624,-0.28373313,-0.47990295,0.035485614,5,0
69,-1.8864238,0.14024478,-0.41747555,-1.0251917,-2.4519267,1.5063511,-0.024638683,-0.8702626,0.13391028,0.6197187,-0.15386431,-0.574221,-0.569564,0.41322356,0.548876,-3.381733,0.32753724,-1.6290642,0.33488047,-0.5240352,1.2161566,1.7731826,-0.37749332,-2.6738145,-0.6588871,0.3242992,0.26196775,-0.28451926,-1.1283288,1.7511827,0.21006356,2.2533696,1.7943733,0.1648539,-1.6147969,0.8493187,0.42825627,0.32775214,1.6492972,1.089193,-1.1119678,0.14703134,0.27841482,0.33635455,1.551079,0.50739634,0.24055265,0.2283505,0.046212044,-0.21223195,-0.19377667,1.7793825,0.41747618,0.3533667,-2.3135138,0.5360916,0.6419126,0.26364475,0.46413583,-0.26280078,0.46386757,2.4562364,-0.3034424,-0.37180102,-0.28682485,0.15346514,0.5531588,-0.3523292,-0.6437542,-0.8090082,0.15695162,1.1958055,0.6213781,0.16463469,-1.7566123,0.22039296,0.21367788,0.376778,-0.33764753,0.49666807,-1.7347318,0.030377652,-1.6065001,0.17118536,-0.3358478,-0.44229147,-0.05901509,-0.26857752,-0.45912752,-0.009934309,5,0
70,-1.8639419,0.14235605,-0.45100495,-1.1399579,-2.5704117,1.598491,-0.045302406,-0.86114883,0.07004091,0.6300357,-0.23842041,-0.605922,-0.5361294,0.3913026,0.5979433,-3.5381854,0.17243744,-1.7100831,0.4027949,-0.514103,1.2919139,1.8041939,-0.3767211,-2.709099,-0.57108665,0.3019111,0.28411362,-0.4937155,-1.1243635,1.9131051,0.14954415,2.4061086,1.7995255,0.14349754,-2.8945644,0.8555405,0.45175332,0.33243915,1.6172503,1.1114262,-1.0932642,0.17911832,0.302623,0.37444183,1.979422,0.496371,0.2148064,0.23206355,0.05992684,-0.22797436,-0.2590528,1.8831363,0.40214893,0.33534223,-2.7615454,0.5151903,0.64002043,0.22763667,0.49682376,-0.2998332,0.45396203,2.495983,-0.3645158,-0.36071858,-0.48722634,0.11310768,0.5331061,-0.33840016,-0.69090724,-0.8788068,0.104984365,1.3791693,0.5481746,0.15692635,-2.601591,0.25582102,0.2069889,0.36631376,-0.38519767,0.5349986,-1.7301586,0.06956158,-1.6175251,0.17064044,-0.38005906,-0.4481457,-0.07721015,-0.25450075,-0.43835214,-0.055354312,5,0
71,-1.8639419,0.16135748,-0.45100495,-1.1399579,-2.5704117,1.8357662,-0.045302406,-0.86114883,0.07004091,0.6300357,-0.23842041,-0.605922,-0.53463465,0.3913026,0.6244878,-3.5381854,0.17243744,-1.7100831,0.4027949,-0.514103,1.3140492,1.8041939,-0.37618655,-2.709099,-0.57108665,0.3019111,0.28411362,-0.4937155,-1.0886763,1.9131051,0.14921938,2.408242,1.7999525,0.14793438,-1.2746162,0.864438,0.4734081,0.33859307,1.5854249,1.1341537,-1.0932642,0.17911832,0.302623,0.37444183,0.86520636,0.4853456,0.18929371,0.2356417,0.073393874,-0.24340686,-0.24778877,1.8831363,0.39808935,0.32994363,-0.9579554,0.494289,0.6362996,0.19157316,0.5279435,-0.33543995,0.46189335,2.4959724,-0.36423457,-0.35824576,-0.01728529,0.072750166,0.5097656,-0.3240333,-0.73662597,-0.94676244,0.104984365,1.3767401,0.5481746,0.15692635,-1.1401023,0.29124913,0.19821054,0.3552272,-0.43120533,0.5729682,-1.7305983,0.06559972,-1.619521,0.16362022,-0.37993735,-0.4460887,-0.07419446,-0.24905492,-0.4175767,-0.10077431,5,0
72,-1.8639419,0.17613636,-0.4593603,-1.1954876,-2.5809362,2.0203123,-0.05154259,-0.862616,0.058078483,0.6300357,-0.26083678,-0.61186606,-0.533472,0.38582218,0.64513355,-3.5675313,0.14336734,-1.7100831,0.4027949,-0.514103,1.3312654,1.787737,-0.37565193,-2.7131884,-0.57108665,0.30121487,0.28411362,-0.53297305,-1.0393846,1.9131051,0.14730307,2.4256148,1.8025787,0.14498876,-0.05273256,0.87333536,0.49469596,0.344047,1.5533105,1.1572595,-1.0921526,0.18522516,0.3130797,0.3831068,0.057466194,0.4741459,0.16328242,0.23923895,0.08695881,-0.25945896,-0.25505468,1.8897153,0.3988228,0.32353687,0.056700163,0.47338772,0.6325418,0.15498307,0.5584181,-0.37061733,0.46806207,2.4995613,-0.36401582,-0.35632235,0.3069447,0.032284364,0.48526484,-0.30966428,-0.78202873,-1.0145633,0.10326936,1.3755995,0.5481466,0.1568142,-0.046271287,0.32667717,0.19030462,0.34342548,-0.47672737,0.6109084,-1.7290355,0.07280581,-1.621825,0.16048609,-0.38752547,-0.44791785,-0.07475071,-0.24265178,-0.39685857,-0.1462673,5,0
73,-1.8639419,0.17613636,-0.4969584,-1.4453661,-2.6282954,2.0203123,-0.079622686,-0.86921835,0.0042488663,0.6300357,-0.36170807,-0.63861376,-0.533472,0.36116114,0.64513355,-3.6995854,0.012554779,-1.7100831,0.4027949,-0.514103,1.3312654,1.7136832,-0.3751173,-2.731591,-0.57108665,0.29808208,0.28411362,-0.7096282,-0.9424783,1.9131051,0.1398173,2.4963248,1.8129014,0.116205394,-0.22403388,0.8822327,0.5147004,0.34705102,1.5201855,1.1816883,-1.0871502,0.21270522,0.36013392,0.42209783,0.3223585,0.46233588,0.13552473,0.24290338,0.100866616,-0.27767962,-0.32717487,1.9193207,0.4163318,0.31360146,-1.6898339,0.45248654,0.6286546,0.11654997,0.58663493,-0.40429208,0.46806207,2.515747,-0.36401582,-0.35632235,0.12120082,-0.0085604675,0.4567037,-0.2952877,-0.8263258,-1.0818228,0.095551476,1.3789687,0.5480205,0.15630978,-0.23920539,0.3621051,0.18545035,0.329119,-0.52054995,0.64874566,-1.7204639,0.11909906,-1.6252061,0.17095332,-0.4220972,-0.46334776,-0.08780832,-0.2328981,-0.37634087,-0.19201566,5,0
74,-1.855511,0.18097985,-0.53392375,-1.6744623,-2.6709154,1.9562347,-0.11311171,-0.8776589,-0.0446945,0.62963545,-0.48088115,-0.6611892,-0.5526359,0.33650008,0.6647547,-3.8206196,-0.10468433,-1.7357663,0.42826283,-0.5093726,1.3467115,1.606058,-0.3747609,-2.743859,-0.5381614,0.290291,0.2885895,-0.85455364,-0.8778741,1.9394884,0.112488225,2.5599716,1.8218006,0.08741304,-0.8129197,0.89031726,0.5341606,0.34899256,1.486706,1.2060666,-1.0824466,0.23745854,0.41734126,0.4592593,0.48313138,0.45038676,0.10720106,0.24652886,0.11473527,-0.2970781,-0.3759705,1.9694996,0.4468379,0.2993273,-2.365644,0.4310929,0.62398577,0.07701225,0.61456347,-0.43878,0.45740548,2.5240583,-0.38744465,-0.35329387,-0.2522014,-0.049405415,0.42616946,-0.2811187,-0.8699604,-1.1487824,0.07827542,1.4117918,0.51967376,0.15416704,-0.60676557,0.39850163,0.17983973,0.3139464,-0.56537724,0.68779504,-1.7062813,0.16443406,-1.6221417,0.17804107,-0.47426575,-0.47553477,-0.12192475,-0.21964015,-0.3552941,-0.23826225,5,0
75,-1.8302188,0.19551046,-0.5696237,-1.8619946,-2.7040563,1.7640016,-0.15741867,-0.8897762,-0.0838653,0.6284348,-0.63665783,-0.6754204,-0.6101276,0.31183895,0.7236182,-3.9196126,-0.19477655,-1.8128165,0.50466675,-0.49518153,1.3930497,1.4312904,-0.3747609,-2.743859,-0.43938556,0.27318397,0.30201727,-0.9360197,-0.8778741,2.0186384,0.045472343,2.609492,1.8278531,0.058602728,-2.2369745,0.8967761,0.55253273,0.34880924,1.4525179,1.2303437,-1.0783405,0.256758,0.49485502,0.49276125,0.43566537,0.4381593,0.07774545,0.25007674,0.12852563,-0.3188321,-0.37811744,2.060826,0.50333846,0.2763755,-0.90000564,0.4087143,0.6177541,0.035265084,0.6419157,-0.47489458,0.42543566,2.5166206,-0.45773107,-0.3442086,-1.0009204,-0.090250425,0.39168906,-0.2673649,-0.9122702,-1.2151424,0.041883014,1.5035235,0.43488583,0.14874808,-1.3235779,0.43683526,0.17271453,0.29704058,-0.61221385,0.7292691,-1.6808779,0.20785256,-1.6061862,0.17837003,-0.56162804,-0.4812355,-0.19815889,-0.19937356,-0.33318916,-0.28550547,5,0
76,-1.8161675,0.22378494,-0.589457,-1.9661788,-2.722468,1.6572059,-0.1820335,-0.8965079,-0.10562678,0.62776774,-0.7232,-0.6833266,-0.6420674,0.29813835,0.7684625,-3.974609,-0.24482757,-1.855622,0.5471132,-0.4872976,1.4187931,1.3341975,-0.3747609,-2.7398338,-0.38451037,0.26368004,0.30947706,-0.9812785,-0.8306777,2.0626104,0.007896288,2.637003,1.8317686,0.048061214,-2.3238678,0.90323484,0.5700999,0.3490901,1.4184409,1.2541103,-1.0760593,0.26747996,0.53791803,0.51137316,0.31266057,0.42593175,0.048391357,0.2535439,0.14219153,-0.34037203,-0.37311596,2.1115627,0.5330083,0.2611453,0.06395708,0.3863357,0.6105309,-0.0064136614,0.66838765,-0.5101894,0.40767515,2.5081084,-0.49677888,-0.3391612,-1.0841076,-0.13098884,0.3559774,-0.25349283,-0.9537681,-1.2803279,0.021665094,1.5523349,0.38778165,0.14573756,-1.3174708,0.47516885,0.16477397,0.27975035,-0.65773237,0.77093387,-1.6673347,0.22709459,-1.5985341,0.17315991,-0.61016244,-0.48440257,-0.2392339,-0.1856135,-0.3110842,-0.33267674,5,0
77,-1.8161675,0.26923943,-0.589457,-1.9661788,-2.722468,1.6572059,-0.1820335,-0.8965079,-0.10562678,0.62776774,-0.7232,-0.6833266,-0.6420674,0.29813835,0.7957826,-3.974609,-0.24482757,-1.855622,0.5471132,-0.4872976,1.4187931,1.3341975,-0.3747609,-2.7307773,-0.38451037,0.26368004,0.30947706,-0.9812785,-0.72448653,2.0626104,0.007119168,2.637003,1.8330129,0.06035548,-0.73932624,0.90969366,0.58666104,0.34995112,1.384503,1.2772391,-1.0760593,0.26747996,0.53791803,0.51137316,0.09523319,0.41370428,0.01916573,0.25690982,0.1557018,-0.36164415,-0.3591796,2.1115627,0.52913994,0.2555672,0.40083173,0.36395714,0.60206825,-0.048006937,0.69375944,-0.54445964,0.40767515,2.4982536,-0.49677888,-0.3391612,-0.33538863,-0.17159396,0.31872523,-0.23947285,-0.99425113,-1.3440448,0.021665094,1.547497,0.38778165,0.14573756,-0.40772355,0.5135025,0.15581407,0.2619795,-0.7016033,0.81283706,-1.6686167,0.21611615,-1.6012615,0.16102612,-0.61016244,-0.48440257,-0.23636025,-0.1799865,-0.28897926,-0.3797582,5,0
78,-1.8161675,0.28944117,-0.6043235,-1.9661788,-2.722468,1.5454938,-0.20895022,-0.897932,-0.11830999,0.62776774,-0.7881072,-0.68532693,-0.67400736,0.28443766,0.80792487,-3.974609,-0.24482757,-1.8877264,0.5471132,-0.4872976,1.4153471,1.2820852,-0.40045196,-2.726752,-0.38451037,0.2577945,0.30947706,-1.0151823,-0.677291,2.0626104,0.0043095266,2.6363444,1.8376886,0.050237827,-0.0837202,0.91473526,0.60222286,0.35024372,1.3506405,1.2995375,-1.067873,0.27316523,0.57906,0.5206509,0.43208864,0.40141812,-0.010488418,0.26011613,0.16911152,-0.38433963,-0.36652094,2.1400747,0.56311494,0.24651185,0.104878515,0.34096307,0.59156436,-0.090171106,0.7187376,-0.5796654,0.40639085,2.4926226,-0.49685118,-0.33954656,-0.032710288,-0.21219896,0.27888215,-0.225747,-1.0340039,-1.4066124,0.0072056055,1.547681,0.38713855,0.14474101,-0.36485785,0.551836,0.14641921,0.24346927,-0.7449354,0.853985,-1.6566405,0.23005033,-1.5926882,0.1603652,-0.64042157,-0.4883946,-0.26185885,-0.17138265,-0.26617518,-0.4268397,5,0
79,-1.8161675,0.28944117,-0.631083,-1.9661788,-2.722468,1.3444141,-0.25739995,-0.90049523,-0.1411395,0.62776774,-0.9049393,-0.6889276,-0.73149896,0.2597766,0.80792487,-3.974609,-0.24482757,-1.945514,0.5471132,-0.4872976,1.4091443,1.1882836,-0.44669545,-2.726752,-0.38451037,0.24720049,0.30947706,-1.0762086,-0.677291,2.0626104,-0.00012622235,2.63516,1.845109,0.022191152,-0.17124732,0.9186432,0.6169853,0.35008147,1.3168385,1.3211718,-1.0531379,0.28339866,0.653115,0.53735054,1.2123613,0.38908505,-0.04048664,0.26319468,0.18244085,-0.40817362,-0.3908839,2.191396,0.6273639,0.23467477,-0.6973266,0.31747663,0.5794276,-0.13279194,0.7434009,-0.61561984,0.4040789,2.4903708,-0.49698126,-0.34024027,-0.08685716,-0.25280383,0.23696676,-0.21225636,-1.0731723,-1.4682605,-0.018820938,1.5518824,0.38598087,0.14294721,-1.0154831,0.5901694,0.13667601,0.22436774,-0.78783643,0.8945288,-1.6340581,0.26391384,-1.5750749,0.16888238,-0.6948877,-0.49557996,-0.3100545,-0.16039734,-0.24281181,-0.47392103,5,0
80,-1.7993059,0.32943106,-0.6635171,-1.8647215,-2.5841885,1.1765791,-0.29771724,-0.9026443,-0.15916283,0.6432434,-0.9766559,-0.6919567,-0.78899056,0.23511547,0.8653807,-3.9307816,0.03649087,-1.9936577,0.5980491,-0.48055562,1.3692927,1.1570164,-0.4852763,-2.685708,-0.31865984,0.23688127,0.3027902,-1.1239982,-0.59914666,2.0867772,-0.046218306,2.4587216,1.8528311,-0.0041860645,-1.196904,0.9212723,0.62893265,0.34857902,1.2870508,1.3403015,-1.040199,0.29323602,0.71317506,0.550626,1.3773333,0.37669832,-0.071515284,0.26625362,0.19578886,-0.4329033,-0.37993258,2.2292118,0.68151665,0.21048698,-0.2250407,0.29343635,0.5624922,-0.17411381,0.77160954,-0.6511936,0.3697452,2.4455295,-0.5458818,-0.34284127,-0.85483766,-0.29232156,0.19435194,-0.19906588,-1.1110063,-1.5263066,-0.0400864,1.5791352,0.32796544,0.14250576,-1.1133289,0.6293902,0.12572679,0.2039201,-0.8301405,0.9369456,-1.6174988,0.29447874,-1.5616758,0.16670698,-0.76017326,-0.5029971,-0.3737259,-0.13623291,-0.21881963,-0.52072614,5,0
81,-1.7740135,0.38941616,-0.69878846,-1.7125356,-2.376769,1.0253665,-0.3339684,-0.90458614,-0.17478313,0.6664567,-1.0258149,-0.69470006,-0.84648234,0.21045433,0.95156455,-3.8650408,0.4584685,-2.0369802,0.674453,-0.4704427,1.3126166,1.1570164,-0.5200259,-2.6241417,-0.21988405,0.22669938,0.29275978,-1.165169,-0.48193014,2.1230278,-0.113138214,2.1946573,1.8607041,-0.029728482,-2.691625,0.92326194,0.63947237,0.3464065,1.2592707,1.3581791,-1.0281581,0.30287522,0.7662377,0.56218964,1.2346549,0.36428472,-0.103058696,0.2693029,0.20914628,-0.4580808,-0.35132352,2.2602754,0.730621,0.18012391,0.8844907,0.2691192,0.54315776,-0.21478617,0.8015909,-0.6865772,0.31940135,2.3793938,-0.61916757,-0.346396,-1.9797349,-0.33129558,0.15138827,-0.18602555,-1.1481731,-1.5825521,-0.058970943,1.6179136,0.24152109,0.1427404,-0.93478507,0.6690545,0.11417456,0.18279897,-0.87214595,0.98029906,-1.6039507,0.32339382,-1.5503839,0.15918519,-0.8308685,-0.5105298,-0.44513515,-0.10547895,-0.19451308,-0.5673931,5,0
82,-1.768393,0.40274596,-0.7066264,-1.5767684,-2.3293755,0.99176407,-0.3420241,-0.9050176,-0.17825425,0.6716152,-1.036739,-0.6953097,-0.8592581,0.2049741,0.97071624,-3.850432,0.55224025,-2.0466073,0.6914315,-0.4681954,1.300022,1.1659762,-0.5277479,-2.5909767,-0.1979341,0.22443677,0.29053086,-1.1743182,-0.41458562,2.1310835,-0.12800924,2.128369,1.8624535,-0.035404496,-1.7786838,0.9252516,0.64926106,0.34598082,1.2319076,1.375206,-1.0254824,0.30501723,0.7780292,0.5647594,0.7070382,0.35187113,-0.13443412,0.27219948,0.22228627,-0.48282507,-0.34496617,2.2671783,0.741533,0.17337665,0.6649812,0.24480198,0.52218294,-0.2551431,0.8298669,-0.72033757,0.30821374,2.3438017,-0.6354531,-0.3471859,-1.3126718,-0.36975342,0.10773442,-0.17295156,-1.1838193,-1.6362172,-0.06316763,1.6255231,0.22231147,0.14279258,-0.52793145,0.70871884,0.10099675,0.1612022,-0.9125228,1.0233022,-1.60094,0.32981935,-1.5478747,0.15751374,-0.84657836,-0.51220375,-0.46100366,-0.09864481,-0.17020653,-0.6137123,5,0
83,-1.768393,0.40274596,-0.7066264,-1.4456921,-2.3277028,0.99176407,-0.3420241,-0.9050176,-0.17825425,0.6716152,-1.036739,-0.6953097,-0.8592581,0.2049741,0.97071624,-3.850432,0.55224025,-2.0466073,0.6914315,-0.4681954,1.300022,1.1774956,-0.5277479,-2.565926,-0.1979341,0.22443677,0.29053086,-1.1743182,-0.36149,2.1310835,-0.12800924,2.1185875,1.8624535,-0.035404496,-0.17784886,0.92724127,0.65883535,0.3460543,1.2046638,1.3919898,-1.0254824,0.30501723,0.7780292,0.5647594,0.06944083,0.3394575,-0.16576192,0.27505255,0.23536414,-0.50744563,-0.34496617,2.2671783,0.741533,0.17337665,0.06575111,0.22048484,0.5007395,-0.2954099,0.8576555,-0.7536343,0.30821374,2.316937,-0.6354531,-0.3471859,-0.13362737,-0.40806392,0.06388344,-0.15986793,-1.2190311,-1.6891452,-0.06316763,1.6242276,0.22231147,0.14279258,-0.055847447,0.74838316,0.08735449,0.13946937,-0.9524343,1.0662053,-1.60094,0.32981935,-1.5478747,0.15751374,-0.84657836,-0.51220375,-0.46100366,-0.09864481,-0.1459,-0.6599322,5,0
84,-1.7908752,0.40274596,-0.7437485,-1.4311289,-2.3275168,0.9688856,-0.40278795,-0.90626043,-0.17825425,0.65418285,-1.0690862,-0.6953097,-0.91036195,0.18305303,0.97071624,-3.850432,0.55224025,-2.0466073,0.6914315,-0.4681954,1.262292,1.1787755,-0.54604346,-2.563143,-0.1979341,0.21648556,0.28506634,-1.1849597,-0.35559076,2.1196678,-0.07857148,2.1174445,1.8752128,-0.092883795,1.1826429,0.9289407,0.66698277,0.3446345,1.1776801,1.4096054,-1.0041037,0.30480963,0.86305946,0.5656918,1.1306672,0.32704398,-0.19667019,0.2773098,0.24919362,-0.5336796,-0.35462236,2.2671783,0.7979737,0.1610249,-0.20307893,0.19616775,0.47728282,-0.33557454,0.88401335,-0.785147,0.2945576,2.314496,-0.6365366,-0.3515196,-0.32245505,-0.44637418,0.01795794,-0.14678884,-1.2533675,-1.7402649,-0.083403565,1.6123565,0.22080831,0.14250576,-0.5092583,0.78762823,0.07218672,0.117458776,-0.9908949,1.1074041,-1.5793778,0.3816388,-1.5385529,0.18425912,-0.90952075,-0.51617754,-0.5035385,-0.08633773,-0.12159356,-0.7059361,5,0
85,-1.8161675,0.40274596,-0.7855105,-1.4311289,-2.3275168,0.9431473,-0.47114694,-0.9076585,-0.17825425,0.6345717,-1.1054764,-0.6953097,-0.9678534,0.15839198,0.97071624,-3.850432,0.55224025,-2.0466073,0.6914315,-0.4681954,1.2198458,1.1787755,-0.56662583,-2.563143,-0.1979341,0.20754036,0.27891868,-1.1969314,-0.35559076,2.1068254,-0.022954501,2.1173818,1.8895669,-0.15754765,2.5130932,0.93060386,0.6749518,0.343028,1.1507292,1.4273249,-0.98005277,0.30457613,0.9587179,0.5667408,2.4042358,0.31463042,-0.22752725,0.2794922,0.263117,-0.56011516,-0.3654852,2.2671783,0.86146903,0.14712928,-0.4306111,0.17185068,0.45357457,-0.37572643,0.91019225,-0.81643665,0.2791942,2.315108,-0.6377556,-0.35639504,-0.682258,-0.48468444,-0.028226426,-0.13371025,-1.2875944,-1.7911588,-0.106168695,1.5991634,0.2191173,0.14218293,-1.0783501,0.82682097,0.05682843,0.095413305,-1.0291741,1.1483898,-1.5551202,0.43993545,-1.5280657,0.21434747,-0.98033047,-0.520648,-0.55138993,-0.07249233,-0.097287126,-0.75191313,5,0
86,-1.8394364,0.19931857,-0.83504957,-1.0187542,-2.1184247,0.9431473,-0.55066925,-0.90874594,-0.16816114,0.6345717,-1.1329288,-0.68862283,-1.0253451,0.14204167,1.0568999,-3.8011262,0.84678066,-2.027935,0.76783544,-0.46060482,1.1850617,1.3094399,-0.58212954,-2.3918366,-0.09915832,0.20082113,0.27422705,-1.1969314,-0.45772,2.0172012,0.03210255,1.8379662,1.894688,-0.3194263,2.4996912,0.93226695,0.6792863,0.33874446,1.1297861,1.444918,-0.94896936,0.30056134,1.0614835,0.5609845,2.7766206,0.302413,-0.2583268,0.2811025,0.2777557,-0.5881642,-0.30237365,2.2535338,0.8979755,0.120361514,1.1188369,0.1478915,0.4254738,-0.41321227,0.9386953,-0.8446627,0.2505605,2.1353269,-0.71166587,-0.35831994,-0.9930449,-0.5184565,-0.06718616,-0.12153403,-1.3181599,-1.8308,-0.11209992,1.5041484,0.1319889,0.14195219,-0.657527,0.8627238,0.04100184,0.07486833,-1.0651069,1.182569,-1.5184504,0.5814481,-1.5189494,0.29592597,-1.0878139,-0.51997125,-0.61371714,-0.045613125,-0.073334016,-0.7931398,5,0
87,-1.8601199,0.018494913,-0.87908417,-0.65110916,-1.9325656,0.96084285,-0.6213555,-0.9097126,-0.15852195,0.6345717,-1.157331,-0.68216443,-1.0764488,0.12750804,1.1335076,-3.7572994,1.1085936,-2.0113378,0.8357498,-0.45326042,1.1541427,1.4255857,-0.5959105,-2.2371879,-0.011357831,0.1948486,0.27005675,-1.195309,-0.54850125,1.9375352,0.08104203,1.5896246,1.89924,-0.46331793,2.341436,0.9341546,0.68352425,0.3345756,1.1088899,1.4625913,-0.9214042,0.29651323,1.1529288,0.5554313,2.921334,0.29021066,-0.28907517,0.28268808,0.29234245,-0.61612713,-0.24627437,2.2414055,0.9304257,0.096568026,2.3492374,0.12393235,0.39719397,-0.4506399,0.9669585,-0.8726623,0.22275615,1.9729564,-0.77760726,-0.35986283,-1.2498776,-0.5521656,-0.10614193,-0.10937329,-1.348553,-1.870172,-0.11737213,1.4195589,0.054541666,0.14174688,-0.26698825,0.89862674,0.024928274,0.054325387,-1.1009125,1.2166548,-1.485815,0.70700604,-1.5108461,0.36844006,-1.183532,-0.51905704,-0.6691189,-0.021720586,-0.049375877,-0.8343241,5,0
88,-1.8601199,0.018494913,-0.87908417,-0.64129066,-1.9325656,1.1200987,-0.6213555,-0.9097126,-0.15251414,0.6345717,-1.157331,-0.67753506,-1.0764488,0.12750804,1.1335076,-3.7572994,1.1085936,-2.0113378,0.8357498,-0.44788575,1.1541427,1.4255857,-0.5959105,-2.2157986,-0.011357831,0.1948486,0.27005675,-1.1807094,-0.54850125,1.9375352,0.08104203,1.5898708,1.89924,-0.46331793,1.0243822,0.9378381,0.6869893,0.33132443,1.0883682,1.4809047,-0.921983,0.29219818,1.1538134,0.5515024,1.2447239,0.278129,-0.3194112,0.28407645,0.30651456,-0.6434005,-0.24627437,2.2414055,0.9304257,0.096568026,1.0273224,0.09997319,0.36748207,-0.48760223,0.9933006,-0.89884955,0.20158581,1.9498665,-0.7797992,-0.35834986,-1.0750884,-0.5853711,-0.1450655,-0.097336166,-1.3775672,-1.9073901,-0.11737213,1.4183719,0.054541666,0.14174688,-0.11871722,0.93452954,0.006879508,0.033797838,-1.1357,1.2499945,-1.485454,0.7049314,-1.5108461,0.36844006,-1.1851302,-0.5162437,-0.6691189,-0.021720586,-0.025378212,-0.8751688,5,0
89,-1.8621097,-0.037061647,-0.88709927,-0.6336542,-1.9325656,1.2439635,-0.6331453,-0.9097126,-0.1478415,0.6298577,-1.1622967,-0.6739344,-1.0892249,0.1247788,1.1335076,-3.7572994,1.1085936,-2.0113378,0.8357498,-0.4437054,1.1541427,1.4255857,-0.5959105,-2.1991627,-0.011357831,0.19316296,0.26930177,-1.1693543,-0.57648414,1.9166265,0.086465724,1.5900624,1.8980634,-0.4934705,0.12975654,0.9415215,0.6901307,0.32723293,1.0677197,1.499787,-0.91711664,0.28857628,1.1681023,0.5484469,0.2290416,0.26604742,-0.34959805,0.28533193,0.32078803,-0.6708628,-0.24021843,2.2414055,0.9415111,0.09486133,0.12601738,0.07601403,0.3373748,-0.5244822,1.019261,-0.9245969,0.18512033,1.9319077,-0.781504,-0.357173,-0.82896185,-0.6185764,-0.18419062,-0.08528776,-1.4063565,-1.944324,-0.12158952,1.3960361,0.05409914,0.14160304,-0.108823955,0.9696648,-0.01098258,0.013752495,-1.1699454,1.2816601,-1.4784099,0.7302428,-1.5053856,0.38619384,-1.1963662,-0.5140556,-0.67753255,-0.020075552,-0.001380548,-0.91561884,5,0
90,-1.8710631,-0.28705996,-0.9231665,-0.6336542,-1.9325656,1.2439635,-0.6861983,-0.9097126,-0.1478415,0.60864556,-1.1846415,-0.6739344,-1.1467166,0.112497635,1.1335076,-3.7572994,1.1085936,-2.0113378,0.8357498,-0.4437054,1.1541427,1.4255857,-0.5959105,-2.1991627,-0.011357831,0.18557826,0.26590437,-1.1693543,-0.7024044,1.8225394,0.110871665,1.5900624,1.8927691,-0.62915367,0.71358657,0.945205,0.6921401,0.3202007,1.0466279,1.5206606,-0.8931927,0.28738037,1.2293038,0.5484469,1.5265375,0.25396582,-0.37926838,0.2861227,0.3354161,-0.6989855,-0.21296754,2.2414055,0.99139386,0.08718123,0.6968039,0.052054927,0.30588368,-0.56107414,1.043885,-0.9488049,0.18512033,1.9319077,-0.781504,-0.357173,-0.33316177,-0.65178174,-0.22402091,-0.07320015,-1.4343586,-1.980264,-0.14056754,1.2996832,0.052107777,0.14095521,-0.58323866,1.0021138,-0.02819418,-0.004605596,-1.2022943,1.3074661,-1.4479753,0.8514035,-1.4808137,0.46608394,-1.2413325,-0.5140556,-0.7153932,-0.012673251,0.02261704,-0.95468676,5,0
91,-1.8792663,-0.48365614,-0.9571723,-0.5024144,-1.9383852,1.4257404,-0.7348399,-0.90875465,-0.14864251,0.5863661,-1.2140092,-0.6683905,-1.204208,0.096098,1.161862,-3.629895,1.2492528,-2.0023582,0.8612178,-0.44046804,1.1613184,1.4572918,-0.5942176,-2.1349308,0.021567415,0.17626214,0.2627766,-1.163709,-0.8368355,1.7102362,0.1327759,1.5949492,1.8889656,-0.74731517,1.042963,0.9511944,0.69374394,0.31487572,1.0256501,1.5429806,-0.87016314,0.28164822,1.2831341,0.5482656,2.3441718,0.24204685,-0.40846345,0.28674218,0.34980658,-0.72712415,-0.17615594,2.2191741,1.0372456,0.07139047,1.2775862,0.028268036,0.27276632,-0.5951714,1.0686822,-0.97383654,0.18072566,1.8646721,-0.8062015,-0.35539454,-0.10554831,-0.6832854,-0.26054406,-0.061605047,-1.4610142,-2.0125127,-0.15874478,1.1856991,0.020818312,0.13993992,-0.87950563,1.0327426,-0.044559635,-0.021790102,-1.2335204,1.3299574,-1.4220855,0.9568223,-1.4592754,0.5285555,-1.2915688,-0.51250446,-0.76209843,0.0027150158,0.0464671,-0.9916718,5,0
92,-1.8859687,-0.5734473,-0.9870548,-0.10869479,-1.9558445,1.9710709,-0.7746586,-0.90588063,-0.15104565,0.56195205,-1.2574223,-0.6517589,-1.2616998,0.07146148,1.2469255,-3.2476814,1.6712306,-1.9754205,0.9376217,-0.4307558,1.1828456,1.5524102,-0.58913887,-1.9422352,0.120343246,0.16348323,0.26018825,-1.1467735,-0.9882885,1.5615,0.1496772,1.6096096,1.8881443,-0.8304338,0.8634321,0.9617958,0.6945364,0.3129653,1.0049006,1.5681934,-0.8489225,0.2668434,1.3222216,0.5477216,2.2020822,0.23045313,-0.43671077,0.28701934,0.36372167,-0.7552944,-0.12022254,2.1524801,1.075035,0.039378267,1.8783598,0.00482536,0.23639706,-0.62427914,1.0938262,-1.0005156,0.16754204,1.6629647,-0.880294,-0.35005912,-0.41430798,-0.71138585,-0.29045293,-0.050994813,-1.484976,-2.03738,-0.1753216,1.0364529,-0.06906749,0.13818902,-0.8194771,1.0597316,-0.05923087,-0.03662789,-1.2625006,1.3458188,-1.4052852,1.0307573,-1.4438045,0.5561905,-1.3523452,-0.5078515,-0.8264927,0.03407504,0.07002217,-1.0244911,5,0
93,-1.8896923,-0.623331,-1.0036563,0.13360167,-1.965544,2.274746,-0.79677993,-0.904284,-0.1523807,0.5483887,-1.2815406,-0.6410712,-1.2936395,0.05777461,1.2941827,-3.0353415,1.9056615,-1.9604548,0.98006815,-0.42536017,1.2383733,1.6052536,-0.5861984,-1.8351825,0.17521845,0.15638395,0.25875017,-1.1373649,-1.0724287,1.478869,0.15906654,1.6172601,1.8876879,-0.87661046,0.5840026,0.97240627,0.6950603,0.3116823,0.9843434,1.5931653,-0.8371221,0.25728196,1.3439369,0.54741925,1.6232477,0.21890189,-0.46486196,0.2872326,0.37743798,-0.7831424,-0.08914843,2.115428,1.0960289,0.021593757,1.6914239,-0.018617315,0.1995738,-0.65316045,1.1181399,-1.0263301,0.17637378,1.5509005,-0.9194173,-0.34200266,-0.07024225,-0.73948634,-0.32031506,-0.040294092,-1.5085913,-2.061857,-0.1845307,0.9535386,-0.11900379,0.13721642,-0.6019546,1.0867207,-0.074186936,-0.051474962,-1.2911434,1.3614793,-1.3959517,1.071832,-1.4352095,0.5715431,-1.3852276,-0.5010305,-0.86226726,0.051497202,0.09359112,-1.0573103,5,0
94,-1.8896923,-0.623331,-1.0036563,0.18662128,-1.965544,2.2763546,-0.79677993,-0.904284,-0.1523807,0.5483887,-1.2815406,-0.6378135,-1.2936395,0.05777461,1.2941827,-3.0353415,1.9056615,-1.9604548,0.98006815,-0.42536017,1.336401,1.6052536,-0.5859311,-1.8351825,0.17521845,0.15638395,0.25875017,-1.1373649,-1.0724287,1.478869,0.15906654,1.616148,1.8876879,-0.87661046,0.1797011,0.98302805,0.69524926,0.31118345,0.9640269,1.6178362,-0.8371221,0.25427467,1.3439369,0.54741925,0.49848762,0.20740369,-0.49289456,0.28736573,0.39090556,-0.8105874,-0.08914843,2.115428,1.0960289,0.021593757,0.51986146,-0.04205999,0.16218312,-0.6817588,1.1414155,-1.0510639,0.2127249,1.5508891,-0.9148294,-0.33054483,1.0898468,-0.7675867,-0.350119,-0.029480042,-1.5317732,-2.0858462,-0.1845307,0.9535386,-0.11900379,0.13721642,-0.18756647,1.1137097,-0.08949776,-0.06633358,-1.3193647,1.3768885,-1.3959517,1.071832,-1.4352095,0.5715431,-1.3832425,-0.49150002,-0.86226726,0.051497202,0.11717757,-1.0901297,5,0
95,-1.8930787,-0.6504464,-1.0376757,0.21018527,-1.98837,2.2770696,-0.8133392,-0.9076931,-0.16933617,0.50280666,-1.3113341,-0.63636565,-1.3255795,0.044073917,1.2941827,-3.0353415,1.9056615,-1.9604548,0.98006815,-0.42536017,1.3799685,1.5946484,-0.58581233,-1.8351825,0.17521845,0.14921594,0.25875017,-1.1373649,-1.0724287,1.4152125,0.16729647,1.6441587,1.8879282,-0.962303,0.19688828,0.9936499,0.6946739,0.3090932,0.94263923,1.64432,-0.830076,0.25051206,1.3627524,0.56101817,0.37171543,0.19590557,-0.519788,0.28706285,0.40429085,-0.83835477,-0.08228038,2.115428,1.1275282,0.012030931,0.14303084,-0.0655026,0.12410671,-0.710267,1.1639096,-1.074625,0.22888057,1.5501963,-0.9127903,-0.32545248,1.1324729,-0.7956871,-0.38022855,-0.018742066,-1.5544419,-2.109497,-0.20191482,0.8878709,-0.12141166,0.135913,-0.43797395,1.1383617,-0.10190127,-0.07994843,-1.34499,1.388668,-1.3885194,1.1555339,-1.4232252,0.61832213,-1.3961844,-0.4926458,-0.8866399,0.060449604,0.14076395,-1.1217468,5,0
96,-1.899174,-0.6992539,-1.0989106,0.21018527,-2.0294564,2.2770696,-0.8431456,-0.9138294,-0.19985564,0.4207597,-1.3649619,-0.63636565,-1.383071,0.019412825,1.2941827,-3.0353415,1.9056615,-1.9604548,0.98006815,-0.42536017,1.3799685,1.5755589,-0.58581233,-1.8351825,0.17521845,0.13631338,0.25875017,-1.1373649,-1.0724287,1.3006324,0.18211043,1.6954672,1.8883607,-1.1165481,0.55125946,1.0042716,0.69348747,0.30572984,0.92039466,1.672254,-0.8173929,0.24614517,1.3966202,0.5854963,1.0433172,0.18440746,-0.54576963,0.2864108,0.41761026,-0.86638,-0.06991783,2.115428,1.1842264,-0.0051819845,0.4019725,-0.08894514,0.08548193,-0.73870313,1.185778,-1.0972478,0.22888057,1.5489582,-0.9127903,-0.32545248,0.2811469,-0.8237875,-0.41058195,-0.008064872,-1.5767001,-2.1328776,-0.23320629,0.7696703,-0.12574583,0.13356711,-1.220207,1.1611445,-0.11197933,-0.09256809,-1.3685385,1.3975437,-1.3751414,1.3061965,-1.4016538,0.70252365,-1.4210677,-0.50233257,-0.93051004,0.07656373,0.16435026,-1.152402,5,0
97,-1.9082034,-0.86356044,-1.1601453,0.63925123,-2.0450337,2.4395425,-0.8744864,-0.9462196,-0.22829247,0.3469839,-1.4253998,-0.63167906,-1.4022349,-0.005248267,1.2774056,-2.7840998,2.114681,-1.9513034,1.0310041,-0.41553798,1.43705,1.4432487,-0.5050864,-1.7067188,0.24106893,0.124757625,0.26328006,-1.1073868,-1.0513452,1.1895736,0.20847203,1.7169405,1.8804973,-1.2548531,0.94562674,1.0169545,0.69173694,0.3067376,0.8984851,1.7017283,-0.8220991,0.24111322,1.4659593,0.63230485,0.34637746,0.17304677,-0.5721061,0.2854607,0.43080407,-0.8956479,-0.104685985,2.090594,1.2216923,-0.020122241,-0.4989006,-0.11221235,0.044697832,-0.7627897,1.2065525,-1.1227516,0.22708587,1.4000849,-0.9612649,-0.3158109,-0.04465651,-0.8484845,-0.43417645,0.0008629322,-1.5937864,-2.1515794,-0.24801598,0.65132165,-0.1876827,0.13049641,-1.0689329,1.1812525,-0.11938102,-0.10355528,-1.3890504,1.4031643,-1.3387389,1.4544171,-1.3793674,0.77840894,-1.4929866,-0.5128364,-0.98337007,0.08999931,0.187777,-1.1793883,5,0
98,-1.9186997,-1.085617,-1.2213804,1.2828501,-2.0478563,2.6832523,-0.9065945,-0.9917369,-0.255688,0.27734378,-1.4892426,-0.6246492,-1.4022349,-0.02990945,1.2522398,-2.4072373,2.4282105,-1.937576,1.107408,-0.4008047,1.5226724,1.2543285,-0.38399747,-1.5140232,0.33984476,0.113874964,0.2700748,-1.0624199,-1.01972,1.0802758,0.24060778,1.7234967,1.8684859,-1.3851882,1.3599918,1.0306679,0.6897043,0.30993086,0.8767431,1.7319729,-0.8354997,0.23574878,1.5530342,0.6902785,-1.0348331,0.1617548,-0.5986196,0.28436148,0.44393504,-0.9255375,-0.16301966,2.0533433,1.2495419,-0.033926196,-1.9796811,-0.13539186,0.002834259,-0.7847017,1.2267798,-1.1496958,0.22439422,1.1773937,-1.0339768,-0.3013484,-0.10769866,-0.87148,-0.45439193,0.008916072,-1.6082869,-2.1679423,-0.2545848,0.53289914,-0.27842093,0.12706342,-0.4509054,1.2000229,-0.12544389,-0.11372589,-1.4080439,1.4071574,-1.2908244,1.6014172,-1.3567237,0.85013586,-1.5884233,-0.52374876,-1.040725,0.10209562,0.21112399,-1.2045398,5,0
99,-1.9210323,-1.134962,-1.2349879,1.4258704,-2.0484838,2.7374094,-0.9137296,-1.0018518,-0.26177585,0.26186836,-1.5034298,-0.62308705,-1.357519,-0.03538963,1.2466476,-2.323491,2.4978828,-1.9345255,1.1243864,-0.39753065,1.5416993,1.2123467,-0.32777464,-1.4712023,0.3617947,0.11145663,0.3166316,-1.0217681,-0.92242616,1.0559875,0.247749,1.7249534,1.8658167,-1.414151,0.8541627,1.0443814,0.68704855,0.31371376,0.8553172,1.761863,-0.8384777,0.23455669,1.5723839,0.7031614,-0.7898477,0.15046288,-0.6250675,0.2831518,0.45684418,-0.954904,-0.22296853,2.0450656,1.2273585,-0.03699368,-2.342566,-0.15857129,-0.039318424,-0.80623746,1.2455561,-1.1751282,0.22379598,1.1270351,-1.0501348,-0.29813454,-0.07267492,-0.89447546,-0.4741611,0.017085034,-1.6219975,-2.1842177,-0.24949917,0.49387684,-0.29746062,0.11695593,-0.022224938,1.2187935,-0.13039953,-0.12410999,-1.425089,1.4123278,-1.2801768,1.6340835,-1.3626994,0.8660751,-1.6096311,-0.52617365,-1.0319397,0.09980662,0.2344709,-1.2296914,5,0
100,-1.9210323,-1.134962,-1.2349879,1.4258704,-2.0484838,2.7374094,-0.9137296,-1.0018518,-0.26177585,0.26186836,-1.5034298,-0.62308705,-1.3000271,-0.03538963,1.2466476,-2.323491,2.4978828,-1.9345255,1.1243864,-0.39753065,1.5416993,1.2123467,-0.29008472,-1.4712023,0.3617947,0.11145663,0.37454864,-0.982349,-0.8063702,1.0559875,0.247749,1.7249534,1.8658167,-1.414151,0.085424975,1.0580947,0.684215,0.3176651,0.83398163,1.791652,-0.8384777,0.23455669,1.5723839,0.7031614,-0.08024162,0.13917096,-0.65149736,0.28191057,0.46968988,-0.9841208,-0.28337872,2.0450656,1.1908801,-0.03699368,-2.386057,-0.1817508,-0.08155381,-0.8276658,1.2639178,-1.2001289,0.22379598,1.125914,-1.0501348,-0.29813454,-0.009632778,-0.9174709,-0.49380282,0.025287071,-1.6354825,-2.2004676,-0.24108356,0.47754014,-0.29601532,0.104941614,0.35235718,1.2375641,-0.1350389,-0.13455488,-1.4415773,1.4178345,-1.2801768,1.6340835,-1.3768524,0.8660751,-1.6096311,-0.52617365,-1.0042574,0.09340762,0.2578179,-1.2548428,5,0
101,-1.9210323,-1.2829996,-1.289419,1.4258704,-2.0484838,2.4857454,-0.9475896,-1.0321622,-0.26626164,0.21526363,-1.5045648,-0.6246111,-1.2936395,-0.0573107,1.2466476,-2.323491,2.4978828,-1.9345255,1.1243864,-0.39753065,1.5416993,1.0865458,-0.28589714,-1.4712023,0.3617947,0.10530084,0.38098365,-0.9779692,-0.7934757,0.98312205,0.25490275,1.7203374,1.8539814,-1.5029846,0.17114082,1.0686157,0.6806686,0.3194914,0.8119134,1.8206775,-0.839491,0.23314865,1.645303,0.73790765,-0.055065036,0.12783429,-0.6785202,0.28025472,0.4831541,-1.0144475,-0.32740185,2.0450656,1.2051063,-0.05433811,-2.0476596,-0.20493023,-0.124325156,-0.8490094,1.2810181,-1.2231863,0.22379598,1.1193175,-1.0501348,-0.29813454,-0.0026284144,-0.9404662,-0.5147345,0.03268652,-1.6474146,-2.217476,-0.2549139,0.40306664,-0.29839778,0.10238051,-0.1621263,1.2536597,-0.13609096,-0.14340408,-1.4552733,1.4193575,-1.2382216,1.7317579,-1.3596675,0.9087713,-1.6632062,-0.5399236,-1.0157882,0.1095399,0.28115013,-1.2786182,5,0
102,-1.9210323,-1.4495411,-1.3506536,1.4258704,-2.0484838,2.202625,-0.9856819,-1.0662612,-0.27130818,0.16283362,-1.5058416,-0.6263257,-1.2936395,-0.08197175,1.2466476,-2.323491,2.4978828,-1.9345255,1.1243864,-0.39753065,1.5416993,0.94502074,-0.28589714,-1.4712023,0.3617947,0.09837554,0.38098365,-0.9779692,-0.7934757,0.901149,0.2629505,1.7151446,1.8406669,-1.6029222,0.36365786,1.0787375,0.677033,0.32105207,0.7897536,1.8496076,-0.8406312,0.23156469,1.7273363,0.77699643,-0.11543774,0.11649212,-0.7056176,0.27854696,0.49669567,-1.0449129,-0.36937684,2.0450656,1.2256703,-0.0738505,-1.6615291,-0.22810961,-0.16716339,-0.87034243,1.2979608,-1.2460008,0.22379598,1.1120368,-1.0501348,-0.29813454,-0.0026284144,-0.9634616,-0.535828,0.039985623,-1.6591524,-2.2345788,-0.27152443,0.32132646,-0.30125865,0.10100119,-0.78773725,1.269421,-0.13669463,-0.15205394,-1.4686201,1.4203825,-1.1910224,1.8416411,-1.338566,0.95680416,-1.7234777,-0.55539227,-1.0322205,0.12848844,0.30448043,-1.3022218,5,0
103,-1.9198436,-1.5747273,-1.4118886,1.5034361,-1.8476509,1.7562262,-1.0462155,-1.0935249,-0.27515322,0.12361101,-1.5058416,-0.62821174,-1.2361478,-0.10663288,1.2491468,-2.044475,2.5449333,-1.8870702,1.2007904,-0.38788918,1.5414561,0.88939786,-0.16694665,-1.2785066,0.46057054,0.09318164,0.46413854,-0.7423308,-0.6066256,0.8505987,0.26939285,1.4596249,1.8270979,-1.6835903,0.3252528,1.0831964,0.6723784,0.31680503,0.7724898,1.8740875,-0.82184154,0.2316253,1.8172188,0.8123246,0.9399066,0.105094574,-0.7337679,0.27638263,0.5109574,-1.0767859,-0.46762103,1.9705695,1.2064395,-0.09500662,-2.8401203,-0.25037926,-0.20825906,-0.8876476,1.3109032,-1.2698475,0.21097375,0.89828146,-1.1252003,-0.2950196,-0.30292404,-0.981352,-0.5451858,0.04513863,-1.664973,-2.2439883,-0.24856734,0.2240698,-0.38731465,0.082669504,0.20138872,1.2833269,-0.13724054,-0.15798831,-1.476084,1.4232163,-1.1403574,1.9323317,-1.332653,0.991358,-1.8219955,-0.5667817,-1.0527093,0.14006604,0.32673076,-1.3214307,5,0
104,-1.9161085,-1.6860033,-1.4663196,1.5723833,-1.6682153,1.3594283,-1.100023,-1.1177592,-0.27857095,0.088746555,-1.4889582,-0.6298883,-1.1850442,-0.12855387,1.2513685,-1.7964618,2.586756,-1.8440515,1.2687047,-0.37931898,1.5412397,0.83995545,-0.06121319,-1.1072221,0.548371,0.088564724,0.5380537,-0.532875,-0.4232251,0.8056652,0.268754,1.2313474,1.8145915,-1.7552952,0.12171944,1.0876553,0.66766715,0.3125976,0.75528526,1.8985186,-0.8051396,0.22978973,1.897114,0.84372693,1.7674328,0.09369703,-0.7620062,0.27423963,0.5253251,-1.1083912,-0.554949,1.9035614,1.1893456,-0.11381197,-3.6591058,-0.2726328,-0.24936517,-0.9048846,1.3237164,-1.2934865,0.19957605,0.7082772,-1.1919248,-0.2922507,-0.5364858,-0.9992424,-0.5545401,0.050284084,-1.6707727,-2.2533786,-0.22816129,0.13674447,-0.46380857,0.066374674,1.0168428,1.2972326,-0.13745737,-0.16401085,-1.4832605,1.426241,-1.0948632,2.012945,-1.3269585,1.0220726,-1.9095664,-0.57690555,-1.0709217,0.15035726,0.3489624,-1.3406397,5,0
105,-1.8920051,-1.6860033,-1.4663196,1.5723833,-1.6599562,1.3594283,-1.100023,-1.1177592,-0.27857095,0.088746555,-1.3370123,-0.6298883,-1.1850442,-0.12855387,1.2513685,-1.7964618,2.586756,-1.8365237,1.2687047,-0.37931898,1.5412397,0.83995545,-0.06121319,-1.1072221,0.548371,0.088564724,0.5380537,-0.532875,-0.26742,0.8056652,0.21146633,1.2210032,1.8105848,-1.7552952,-1.4028065,1.0921142,0.6625038,0.3087079,0.73855543,1.9225596,-0.8051396,0.21278463,1.897114,0.84372693,0.7724615,0.08229942,-0.7909435,0.27226898,0.5405404,-1.1378536,-0.554949,1.8964583,1.1893456,-0.11381197,-1.6013181,-0.29475808,-0.2905563,-0.9215749,1.3354974,-1.3154646,0.19957605,0.7082772,-1.1919248,-0.2922507,-0.23619016,-1.0171329,-0.56386304,0.055369694,-1.6764051,-2.2626169,-0.22816129,0.12886795,-0.46380857,0.066374674,0.4429568,1.3111384,-0.13504082,-0.17073894,-1.4881371,1.4307926,-1.0907356,2.012945,-1.3230094,1.0220726,-1.9095664,-0.57690555,-1.0709217,0.15035726,0.37104416,-1.3598486,5,0
106,-1.8732579,-1.7184596,-1.4799275,1.5646374,-1.6535325,1.3058058,-1.1151886,-1.1213841,-0.27857095,0.084655225,-1.2188329,-0.6298883,-1.1850442,-0.13403423,1.2513685,-1.7964618,2.5456827,-1.8306686,1.2687047,-0.37931898,1.5412397,0.8306665,-0.06121319,-1.1072221,0.548371,0.087859385,0.5380537,-0.532875,-0.14623903,0.7986619,0.16973677,1.2124869,1.8039032,-1.7686632,-2.2163675,1.0958929,0.6572629,0.30442637,0.7216853,1.9463184,-0.7980142,0.19942825,1.9138377,0.84848815,0.37590578,0.07090186,-0.82009095,0.27021253,0.5558534,-1.1675423,-0.56326365,1.885223,1.1936661,-0.118692905,-0.1749845,-0.31688333,-0.33128828,-0.9385931,1.3466102,-1.3368121,0.19957605,0.7078484,-1.1919248,-0.2922507,-0.0026284144,-1.0350235,-0.5732658,0.06038628,-1.6819078,-2.2719026,-0.22983146,0.11533239,-0.46414757,0.066222,-0.04514554,1.324787,-0.13229133,-0.1772935,-1.4927554,1.4349585,-1.0770267,2.0273962,-1.3147477,1.0267259,-1.9218534,-0.5787897,-1.0742682,0.1551996,0.393126,-1.3789253,5,0
107,-1.8732579,-1.8645093,-1.5411621,1.529782,-1.6535325,1.0645101,-1.1834326,-1.1376957,-0.27857095,0.066244684,-1.2188329,-0.6298883,-1.1850442,-0.15869527,1.2513685,-1.7964618,2.3608572,-1.8306686,1.2687047,-0.37931898,1.5412397,0.78886724,-0.06121319,-1.1072221,0.548371,0.08468523,0.5380537,-0.532875,-0.14623903,0.76714784,0.18245907,1.2103684,1.7878606,-1.8288181,-0.54162383,1.0972908,0.65175134,0.29877385,0.70432425,1.969089,-0.7659513,0.19884175,1.9890916,0.8699124,2.0737436,0.059504375,-0.84997237,0.26785576,0.57150877,-1.1980215,-0.6006791,1.8595283,1.2131082,-0.1406566,-0.95867556,-0.3390086,-0.37041306,-0.9567587,1.3553857,-1.3559517,0.19957605,0.7059187,-1.1919248,-0.2922507,-0.0026284144,-1.0529139,-0.582946,0.06516149,-1.6869568,-2.2813551,-0.23734665,0.08199066,-0.465673,0.0655347,-0.23301391,1.3375359,-0.12837493,-0.18324132,-1.496469,1.4377745,-1.0297842,2.0924265,-1.2913924,1.0476655,-1.9771446,-0.58726794,-1.0893273,0.17698963,0.41520768,-1.397539,5,0
108,-1.864827,-2.0281947,-1.602397,1.5065452,-1.5838352,0.8709371,-1.2534795,-1.149787,-0.2780903,0.04930163,-1.1809528,-0.6284594,-1.1658802,-0.1758676,1.2603316,-1.7587501,2.1158295,-1.7916515,1.2941726,-0.37685946,1.5449696,0.7458611,-0.046333246,-1.0517899,0.58129627,0.08105772,0.5302343,-0.47768828,-0.060744483,0.7382446,0.1769999,1.1215216,1.7690294,-1.8822638,0.13994393,1.0982736,0.64594895,0.29092744,0.6887468,1.9908319,-0.7300415,0.19344819,2.0576518,0.8854932,3.4093232,0.048148748,-0.8800398,0.26544148,0.58753806,-1.228182,-0.6404431,1.7853839,1.2099268,-0.15743126,-1.5303235,-0.36038563,-0.40645996,-0.97451943,1.3625238,-1.3733648,0.2008489,0.6436775,-1.216261,-0.29099956,0.027184376,-1.0693357,-0.58950603,0.069215365,-1.690707,-2.288515,-0.23849382,0.04638365,-0.49612382,0.06637727,-0.19907267,1.3499949,-0.124090314,-0.18878439,-1.4983776,1.4417448,-0.98240113,2.1483798,-1.274066,1.068407,-2.0380468,-0.59239316,-1.099269,0.19435987,0.43643,-1.4150143,5,0
109,-1.8395348,-2.2271512,-1.6636318,1.5065452,-1.374743,0.77280974,-1.3271325,-1.1534377,-0.27664843,0.035293557,-1.0673125,-0.624173,-1.1083885,-0.17806242,1.287221,-1.6456149,1.7503967,-1.6746001,1.3705765,-0.36948106,1.5561589,0.70044124,-0.001693399,-0.8854936,0.68007207,0.076523386,0.5067763,-0.31212816,0.19573914,0.7145634,0.135178,0.85921913,1.7446208,-1.9222912,-1.1648402,1.0984267,0.6395648,0.27869308,0.6767364,2.0105188,-0.68643856,0.1784406,2.112824,0.88938725,4.020385,0.036876917,-0.9104791,0.2629127,0.6043154,-1.2577049,-0.6849038,1.6143401,1.1614989,-0.16382788,-1.6778852,-0.3802668,-0.43635112,-0.9914705,1.3663874,-1.3873247,0.20466788,0.46081287,-1.2892693,-0.28724632,0.116622746,-1.0828205,-0.58982706,0.071826376,-1.6918597,-2.2910905,-0.22690569,0.006246069,-0.5844255,0.0702791,0.27848786,1.3618745,-0.119066685,-0.19351755,-1.4966757,1.4480236,-0.93473715,2.1861792,-1.2687973,1.0887522,-2.1101716,-0.59081197,-1.0989761,0.20289072,0.45593378,-1.4302121,5,0
110,-1.8254834,-2.3376818,-1.6976511,1.5065452,-1.2585813,0.71829486,-1.3680507,-1.1554658,-0.2758474,0.027511328,-1.0027605,-0.6158476,-1.0764488,-0.17928179,1.30576,-1.5827622,1.5473794,-1.5959922,1.413023,-0.36538196,1.5623751,0.67520803,0.023106402,-0.7813741,0.73494726,0.07400422,0.49374405,-0.22015075,0.3382294,0.70140725,0.11194376,0.71349627,1.7310605,-1.9445283,-1.4450731,1.0985798,0.6330518,0.26672295,0.6648384,2.030148,-0.66221476,0.16405794,2.1434748,0.89155024,3.33368,0.025779514,-0.94069564,0.26037115,0.62070286,-1.2867209,-0.70713115,1.5059911,1.1333518,-0.16795754,-1.294182,-0.39988747,-0.4658094,-1.007921,1.3701023,-1.4004792,0.20678957,0.34651008,-1.3298293,-0.2851611,0.12656006,-1.0959945,-0.58948797,0.074260406,-1.6927668,-2.293121,-0.22046754,-0.016052471,-0.6334817,0.07244685,0.41504607,1.3737541,-0.11413479,-0.1982051,-1.4949741,1.4542624,-0.9082573,2.2071786,-1.2663524,1.0996056,-2.150241,-0.58993363,-1.09789,0.20821106,0.47519076,-1.4452007,5,0
111,-1.8254834,-2.3376818,-1.6976511,1.5065452,-1.2585813,0.71829486,-1.3680507,-1.1554658,-0.2758474,0.027511328,-0.99956834,-0.6024738,-1.0764488,-0.17928179,1.3138611,-1.5827622,1.5473794,-1.5654379,1.413023,-0.36538196,1.5623751,0.67520803,0.023106402,-0.75497484,0.73494726,0.07400422,0.49374405,-0.22015075,0.3382294,0.70140725,0.11194376,0.71349627,1.7310605,-1.9445283,-0.44463027,1.0987328,0.6263779,0.25508302,0.6530807,2.0497055,-0.66221476,0.15045665,2.1434748,0.89155024,1.0247824,0.014900028,-0.9706337,0.25781408,0.63660294,-1.3151033,-0.70156825,1.4760102,1.1305557,-0.16925353,-0.24640438,-0.4191825,-0.49472672,-1.0237454,1.3736309,-1.412627,0.20678957,0.31790882,-1.3298293,-0.2851611,0.03712204,-1.1087799,-0.58832365,0.076473095,-1.6933665,-2.2944713,-0.22046754,-0.016052471,-0.6334817,0.07244685,0.12535588,1.3856336,-0.10931708,-0.20283549,-1.4932729,1.4604515,-0.9082573,2.2071786,-1.2674373,1.0985943,-2.150241,-0.58993363,-1.0958129,0.20951842,0.49413937,-1.4599272,5,0
112,-1.8254834,-2.4374492,-1.7316705,1.4920903,-1.2585813,0.6780789,-1.3993787,-1.1554658,-0.2758474,0.024843132,-0.99814963,-0.59652984,-1.0764488,-0.17928179,1.3174618,-1.5827622,1.366516,-1.5518582,1.413023,-0.36538196,1.5623751,0.61285657,0.023106402,-0.74324185,0.73494726,0.07047739,0.49158704,-0.22015075,0.3382294,0.67914295,0.122836635,0.7131479,1.7206744,-1.9630357,0.26058888,1.0983757,0.61954874,0.24287905,0.6411361,2.068903,-0.64244574,0.1443542,2.1625378,0.89155024,1.045429,0.0040205433,-1.0005726,0.25507784,0.65255886,-1.3435005,-0.6990955,1.4461806,1.129313,-0.1698295,0.1545409,-0.4384778,-0.521326,-1.0408796,1.3751106,-1.4232669,0.20678957,0.30263537,-1.3298293,-0.2851611,-0.0026284144,-1.1215655,-0.58774817,0.07830467,-1.6933324,-2.2963963,-0.22908585,-0.04009099,-0.6355144,0.0721376,-0.2188377,1.3966957,-0.10346398,-0.20693386,-1.490863,1.4654089,-0.8897771,2.2237053,-1.2576826,1.1098593,-2.164247,-0.58993363,-1.0957111,0.20993473,0.5130881,-1.4742334,5,0
113,-1.8254834,-2.6170316,-1.7929053,1.4660715,-1.2585813,0.6056899,-1.4557693,-1.1554658,-0.2758474,0.020040369,-0.99814963,-0.59652984,-1.0764488,-0.17928179,1.3174618,-1.5827622,1.0409602,-1.5518582,1.413023,-0.36538196,1.5623751,0.50062346,0.023106402,-0.74324185,0.73494726,0.064129226,0.48770428,-0.22015075,0.3382294,0.63906705,0.14244385,0.7125207,1.7019794,-1.9963493,0.7296266,1.0976104,0.612596,0.23022379,0.6290418,2.0878127,-0.6068614,0.14425097,2.1968515,0.89155024,2.9297302,-0.006858942,-1.0305125,0.25219834,0.6685593,-1.3719089,-0.6990955,1.4164714,1.129313,-0.1698295,0.038014997,-0.457773,-0.54607093,-1.0590614,1.3749511,-1.4327004,0.20678957,0.2980244,-1.3298293,-0.2851611,-0.0026284144,-1.1343508,-0.5876432,0.07983127,-1.6927913,-2.2987812,-0.24459863,-0.08336046,-0.63917345,0.07158078,-0.6066344,1.4071043,-0.09678141,-0.21060652,-1.4878861,1.4693815,-0.85651267,2.2534535,-1.2392563,1.1309456,-2.1894581,-0.58993363,-1.0971897,0.20963821,0.5320368,-1.488203,5,0
114,-1.8086219,-2.7757497,-1.8541402,1.387033,-1.1538959,0.48986745,-1.5056386,-1.149459,-0.27040035,0.018439442,-0.9296249,-0.5658956,-1.038121,-0.17910093,1.3398695,-1.6335967,0.716811,-1.4534545,1.463959,-0.3644233,1.5811049,0.34121504,0.058212392,-0.61477804,0.80079776,0.058825374,0.48641002,-0.1280756,0.403801,0.5677805,0.124603525,0.57990295,1.6792703,-2.0275886,-0.009834507,1.0956819,0.6053707,0.21307807,0.6193494,2.1046917,-0.5728776,0.10805029,2.2192879,0.87921596,3.4730735,-0.016839786,-1.0592062,0.24944556,0.6839476,-1.3983103,-0.72081953,1.303559,1.0930873,-0.1731754,-0.4558512,-0.47518155,-0.56479776,-1.076648,1.3744848,-1.4365382,0.23063552,0.1544605,-1.3742174,-0.28267202,0.55583686,-1.1437329,-0.58107346,0.07919961,-1.6884569,-2.2967145,-0.23743401,-0.16012883,-0.69846815,0.070701994,-0.16899821,1.4153862,-0.08868946,-0.21227102,-1.4817711,1.4720204,-0.82396084,2.2748353,-1.2309283,1.1481084,-2.2251482,-0.5829823,-1.0942397,0.21254534,0.5490785,-1.4987857,5,0
115,-1.7833295,-2.9240353,-1.9153751,1.2814847,-0.99686766,0.35232833,-1.5522472,-1.1404488,-0.26222977,0.018439442,-0.8268379,-0.5199443,-0.9806292,-0.17882967,1.3734812,-1.7098482,0.39336514,-1.3058486,1.540363,-0.3629853,1.6091999,0.15821904,0.11087137,-0.42208242,0.8995737,0.054043602,0.48641002,0.010037159,0.5021584,0.48088858,0.088039525,0.38129,1.6545539,-2.0577908,-1.353545,1.0931718,0.59800917,0.193687,0.610858,2.1205552,-0.5396941,0.053800855,2.2357857,0.8607146,3.3459384,-0.02637134,-1.0872766,0.24675615,0.6990298,-1.4237078,-0.7534057,1.1490444,1.0387487,-0.17819421,-1.1383876,-0.49164665,-0.5805154,-1.0939372,1.3738649,-1.4375781,0.26640445,-0.058579788,-1.4407994,-0.2789384,1.3935348,-1.1514134,-0.5712711,0.07748879,-1.6822258,-2.2924225,-0.2189307,-0.25364664,-0.7855808,0.069662325,0.68135446,1.4226048,-0.07989249,-0.21293162,-1.4740871,1.4739927,-0.7917654,2.2920344,-1.2276495,1.1633093,-2.2660778,-0.5725551,-1.0890757,0.21705423,0.5651666,-1.5076747,5,0
116,-1.7777091,-2.9569876,-1.9289827,1.2580299,-0.96197295,0.3217644,-1.5626044,-1.1384466,-0.26041406,0.045521703,-0.77916884,-0.47692707,-0.9678534,-0.1787694,1.4091038,-1.7267928,0.32148913,-1.2730478,1.5573413,-0.36266577,1.615443,0.11755373,0.14856113,-0.3792616,0.9215235,0.052981038,0.49647638,0.042772464,0.52401537,0.4615795,0.07991421,0.3371542,1.6490616,-2.0645022,-0.9718434,1.0906618,0.59049004,0.17474441,0.60250616,2.1363428,-0.53232,0.007913293,2.239452,0.8566032,1.9510028,-0.034940407,-1.1152921,0.24452078,0.71255773,-1.4475135,-0.74039793,1.1147083,1.0173327,-0.18356612,-0.3350706,-0.50811183,-0.59613436,-1.1111032,1.3727605,-1.4384038,0.27435297,-0.105069496,-1.4555953,-0.27810875,0.92814547,-1.159094,-0.5612121,0.07594228,-1.6756701,-2.2883656,-0.21323742,-0.27453426,-0.80451584,0.0673117,0.55008453,1.4298236,-0.07129631,-0.2135775,-1.4664845,1.4759568,-0.78461087,2.2958562,-1.2305449,1.1633664,-2.2751732,-0.57023805,-1.080818,0.22122133,0.5815708,-1.5165637,5,0
117,-1.7777091,-2.9569876,-1.9289827,1.2580299,-0.96197295,0.3217644,-1.5626044,-1.1384466,-0.26041406,0.08034164,-0.7472475,-0.43474805,-0.9678534,-0.1787694,1.4453007,-1.7267928,0.32148913,-1.2730478,1.5573413,-0.36266577,1.615443,0.11755373,0.18197407,-0.3792616,0.9215235,0.052981038,0.5094186,0.045400403,0.52401537,0.4615795,0.07991421,0.3371542,1.6490616,-2.0645022,-0.09717412,1.0881518,0.58292586,0.15593,0.5941943,2.1521087,-0.53232,-0.035585213,2.239452,0.8566032,0.1938442,-0.043234553,-1.1432923,0.24241471,0.7256416,-1.4708642,-0.7143634,1.1147083,1.0053229,-0.1890389,0.8927696,-0.52457696,-0.6117251,-1.1282343,1.3715177,-1.4391683,0.27435297,-0.10397399,-1.4555953,-0.27810875,0.09045088,-1.1667743,-0.5510799,0.07444263,-1.6690216,-2.2843761,-0.2112044,-0.27467072,-0.80397207,0.06458691,0.13835518,1.4370422,-0.06275787,-0.21421908,-1.458905,1.4779184,-0.78461087,2.2958562,-1.2352045,1.1590965,-2.2751732,-0.57023805,-1.0716766,0.22529072,0.5980652,-1.5254526,5,0
118,-1.7777091,-3.0556786,-1.9566882,1.1480637,-0.96197295,0.22453105,-1.5913496,-1.1384466,-0.26041406,0.08421061,-0.7437006,-0.4300614,-0.9678534,-0.1787694,1.4493228,-1.7954211,-0.0380348,-1.2730478,1.5573413,-0.36266577,1.615443,-0.09367366,0.1856867,-0.3792616,0.9215235,0.050013095,0.51085675,0.0456924,0.52401537,0.37365562,0.09187827,0.33662865,1.6398407,-2.0727572,0.2862109,1.0844083,0.57520247,0.13569517,0.58552676,2.1669958,-0.5138597,-0.040418494,2.2548378,0.8566032,0.97613174,-0.051528756,-1.1712459,0.24016434,0.7386558,-1.4940512,-0.7114707,1.1226112,1.0039885,-0.18964699,0.54448175,-0.54104203,-0.6231406,-1.1485381,1.3676432,-1.4358984,0.27435297,-0.09413379,-1.4555953,-0.27810875,-0.0026284144,-1.1744546,-0.5431329,0.0717221,-1.6604024,-2.2823396,-0.21786362,-0.3596525,-0.80575734,0.063627675,-0.12469036,1.4410332,-0.049903378,-0.21298176,-1.4485976,1.4751294,-0.7688319,2.3032281,-1.2266339,1.1638472,-2.2864776,-0.57023805,-1.0714067,0.22539322,0.6145597,-1.5326812,5,0
119,-1.7777091,-3.166707,-1.9878566,1.0243512,-0.96197295,0.11514321,-1.6236879,-1.1384466,-0.26041406,0.08421061,-0.7437006,-0.4300614,-0.9678534,-0.1787694,1.4493228,-1.8726283,-0.44250038,-1.2730478,1.5573413,-0.36266577,1.615443,-0.33130518,0.1856867,-0.3792616,0.9215235,0.04667408,0.51085675,0.0456924,0.52401537,0.27474096,0.10533767,0.33603743,1.6294671,-2.0820444,0.60818374,1.0805105,0.567459,0.115282774,0.5768149,2.1817732,-0.4930917,-0.040418494,2.2721472,0.8566032,2.0758584,-0.059822902,-1.1991941,0.23789589,0.7516612,-1.5172178,-0.7114707,1.1315018,1.0039885,-0.18964699,-0.00082696596,-0.5575073,-0.6340339,-1.1692386,1.3634398,-1.4321243,0.27435297,-0.08320048,-1.4555953,-0.27810875,-0.0026284144,-1.1821351,-0.53545886,0.06884892,-1.6515368,-2.280547,-0.22560948,-0.45524013,-0.80783397,0.06288906,-0.36914992,1.444621,-0.03651002,-0.21150947,-1.4379492,1.4717464,-0.7510805,2.3115213,-1.2164093,1.1697254,-2.299195,-0.57023805,-1.072246,0.22499983,0.63105404,-1.5397022,5,0
120,-1.7524166,-3.2501643,-2.0112484,0.8706926,-0.864536,-0.38031942,-1.6458989,-1.13332,-0.2642591,0.12623483,-0.6313371,-0.32547078,-0.91036177,-0.20343053,1.5230962,-2.0371714,-0.8013924,-1.125442,1.6337452,-0.36217076,1.632835,-0.66306776,0.25010708,-0.18656597,1.0202993,0.04667408,0.5247697,0.25913936,0.5475167,0.16116215,0.05973706,0.22824527,1.6135633,-2.088374,-0.80462945,1.0703274,0.5603798,0.08981821,0.56984293,2.1915982,-0.47618136,-0.14908008,2.2762861,0.8528644,1.87159,-0.0650489,-1.225314,0.23690255,0.7608846,-1.5357854,-0.74422246,1.0416032,0.950597,-0.22210789,-0.6868314,-0.57114244,-0.6361452,-1.1904134,1.3600953,-1.4178925,0.31213397,-0.18727887,-1.5209055,-0.2759402,0.88218766,-1.1847106,-0.51978934,0.062014733,-1.6354388,-2.2733538,-0.1903217,-0.494776,-0.88999456,0.059956595,0.7066163,1.4440391,-0.023067266,-0.20523053,-1.4224875,1.4647329,-0.73300767,2.3151994,-1.2214489,1.1484061,-2.3304942,-0.56695473,-1.0657842,0.25618315,0.6452529,-1.5411383,5,0
121,-1.7299347,-3.3243484,-2.032041,0.73410755,-0.7779256,-0.8207293,-1.6656419,-1.1287632,-0.26767683,0.16358961,-0.5291888,-0.23042502,-0.8592581,-0.22535151,1.5900512,-2.1834311,-1.1204066,-0.9942374,1.7016597,-0.36173072,1.6482946,-0.9579669,0.31036925,-0.015281416,1.1080998,0.047287866,0.5426376,0.46041963,0.5684067,0.060203522,0.019203309,0.1324302,1.5994266,-2.0940003,-1.9392532,1.0601444,0.55328053,0.06442066,0.56288373,2.2014196,-0.4611498,-0.24784315,2.2799652,0.84954137,1.5905215,-0.07021395,-1.2513379,0.23592472,0.77001935,-1.5542214,-0.7722695,0.9616937,0.902688,-0.2511401,-1.1980731,-0.5847776,-0.6382645,-1.2115579,1.3566586,-1.4036669,0.34571663,-0.27946064,-1.578959,-0.27401263,1.5703741,-1.187286,-0.5041432,0.055209,-1.6193203,-2.2661777,-0.15666272,-0.5278688,-0.9623518,0.056337055,1.6221414,1.4434574,-0.009933718,-0.19883174,-1.4069729,1.4578167,-0.716943,2.3184683,-1.2261031,1.1293168,-2.3583155,-0.56403637,-1.0594337,0.28354165,0.65947163,-1.5425745,5,0
122,-1.7299347,-3.3243484,-2.032041,0.73410755,-0.7779256,-0.8207293,-1.6656419,-1.1287632,-0.26767683,0.16358961,-0.50875914,-0.21173595,-0.8592581,-0.22535151,1.6024615,-2.1834311,-1.1204066,-0.9942374,1.7016597,-0.36173072,1.6482946,-0.9579669,0.3373669,-0.015281416,1.1080998,0.052811623,0.592142,0.5643688,0.5684067,0.060203522,0.019203309,0.1324302,1.5994266,-2.0940003,-0.8484171,1.0499614,0.54601955,0.039559986,0.5560268,2.2112138,-0.4611498,-0.26741993,2.2799652,0.84954137,0.6950668,-0.07489168,-1.2765846,0.2350716,0.7784449,-1.5716019,-0.7626817,0.9616937,0.8986394,-0.25274318,-0.3112481,-0.5984126,-0.6404477,-1.2324587,1.3524848,-1.3894874,0.34571663,-0.27647194,-1.578959,-0.27401263,0.68556136,-1.1898613,-0.48868355,0.04863148,-1.6030377,-2.259137,-0.136031,-0.50941825,-0.9562846,0.047220495,1.2557703,1.4428756,0.0007274676,-0.19147465,-1.3910354,1.4516801,-0.716943,2.3184683,-1.2276739,1.128066,-2.3583155,-0.56403637,-1.0539743,0.2803032,0.6738503,-1.5440108,5,0
123,-1.7299347,-3.3243484,-2.032041,0.7084708,-0.7779256,-0.90759516,-1.6657186,-1.1290566,-0.26933226,0.16358961,-0.4928694,-0.19719994,-0.8592581,-0.23048095,1.6121142,-2.2304006,-1.180233,-0.9942374,1.7016597,-0.3620136,1.6477,-1.0268639,0.35836515,-0.015281416,1.1080998,0.057327714,0.6306455,0.6452184,0.5684067,0.039639547,0.019203309,0.13721883,1.5994266,-2.0940003,1.3567397e-05,1.0386765,0.53887004,0.01448998,0.54904664,2.2204335,-0.46109957,-0.2826464,2.280002,0.8511851,0.0012628229,-0.0795694,-1.3018476,0.23422484,0.78680503,-1.5889125,-0.7617948,0.9779961,0.8982963,-0.25872162,0.19625874,-0.61204773,-0.6422665,-1.254143,1.3482395,-1.3738694,0.3464944,-0.25464982,-1.5787778,-0.27417746,0.015578289,-1.1924368,-0.47405085,0.04166537,-1.5861433,-2.2526786,-0.11948102,-0.4841736,-0.95141876,0.040180247,0.86877674,1.441539,0.012298307,-0.18374254,-1.3744756,1.4444363,-0.71692795,2.3193362,-1.2278069,1.1234016,-2.3582644,-0.5648239,-1.0517532,0.28258434,0.68822896,-1.5450585,5,0
124,-1.7299347,-3.3243484,-2.032041,0.5931041,-0.7779256,-1.2984958,-1.6660639,-1.130377,-0.27678195,0.16358961,-0.4928694,-0.19719994,-0.8592581,-0.2535638,1.6121142,-2.4417646,-1.4494547,-0.9942374,1.7016597,-0.36328655,1.6450242,-1.3369039,0.35836515,-0.015281416,1.1080998,0.058316976,0.6306455,0.6452184,0.5684067,-0.052899387,0.019203309,0.15876788,1.5994266,-2.0940003,1.3567397e-05,1.0235344,0.5321107,-0.011312726,0.5416352,2.2276433,-0.46087322,-0.2826464,2.2801685,0.85858107,0.013246136,-0.08424712,-1.3271652,0.23340176,0.79493684,-1.6059796,-0.7913622,1.0513576,0.9109227,-0.28001398,-0.6238678,-0.6256829,-0.6428096,-1.2785696,1.3437439,-1.353216,0.34999213,-0.1669096,-1.577962,-0.2749195,0.09750939,-1.1950123,-0.46231335,0.033339337,-1.5671068,-2.2482572,-0.11721734,-0.43514952,-0.9507585,0.040407978,0.40960306,1.4375602,0.02704845,-0.1746982,-1.355737,1.4333185,-0.71686,2.323242,-1.2229081,1.1067894,-2.3580337,-0.56836796,-1.0608661,0.30418435,0.7026078,-1.5447471,5,0
125,-1.7239909,-3.3131711,-2.0294285,0.516193,-0.7489315,-1.6566874,-1.666294,-1.1340277,-0.28294992,0.17212786,-0.4552021,-0.15399203,-0.87842196,-0.26895237,1.6163086,-2.6355467,-1.769595,-0.9450356,1.7230272,-0.36647677,1.6325781,-1.6247824,0.3695028,0.046927165,1.1410251,0.062219284,0.63021415,0.83988047,0.58426774,-0.13960911,0.004732997,0.14733864,1.5983484,-2.093513,-0.34614083,1.0071545,0.52554196,-0.03782917,0.5349157,2.2337768,-0.4618393,-0.3186732,2.2834604,0.8681315,-0.041906662,-0.08765734,-1.3515847,0.23309126,0.8014789,-1.6214088,-0.7900898,1.0966781,0.9327391,-0.29470763,-0.52466923,-0.63837457,-0.64060855,-1.3030077,1.3395593,-1.3289042,0.3663109,-0.08400085,-1.5946108,-0.27742746,0.4523768,-1.1959395,-0.44826674,0.02384627,-1.5460753,-2.2416656,-0.096437335,-0.3379156,-0.9748023,0.041387912,0.5663729,1.432663,0.037938654,-0.16278611,-1.3348851,1.4227111,-0.7144055,2.3278499,-1.213381,1.0950171,-2.3676558,-0.5742334,-1.0867884,0.3195286,0.7163017,-1.5428529,5,0
126,-1.7061598,-3.2796392,-2.0215902,0.516193,-0.6619492,-1.9494607,-1.666294,-1.1423389,-0.28655457,0.19774264,-0.34220022,-0.024368249,-0.9359137,-0.26895237,1.6288912,-2.7941656,-2.1915727,-0.79742986,1.7871302,-0.37350166,1.6005914,-1.8683383,0.4029159,0.23355293,1.2398008,0.07194768,0.6289199,1.4238666,0.63185066,-0.21466038,-0.03867817,0.06995312,1.5951134,-2.0920506,-1.384604,0.9882986,0.5193541,-0.065773,0.5295801,2.237758,-0.46519026,-0.42675352,2.2930036,0.8819903,-0.23133168,-0.08853249,-1.3742118,0.23380567,0.8048414,-1.6335632,-0.7271388,1.0859164,0.9729352,-0.29620376,1.41318,-0.6491798,-0.63291866,-1.327469,1.3359969,-1.2972755,0.40827033,-0.010754875,-1.6461886,-0.28346756,1.3531169,-1.1935711,-0.4296023,0.012019083,-1.5210537,-2.2307332,-0.038623516,-0.14426202,-1.0482546,0.043873325,1.9550295,1.4259293,0.041108333,-0.14513841,-1.3098062,1.4131246,-0.70717794,2.3338628,-1.1945972,1.0929242,-2.3969836,-0.58474195,-1.1463301,0.32236153,0.7286259,-1.5377928,5,0
127,-1.6962538,-3.2047098,-2.003029,0.5207749,-0.6105592,-2.1121118,-1.6631742,-1.1469562,-0.28855723,0.211973,-0.2680718,0.05465546,-0.9678534,-0.26671642,1.6358817,-2.8822865,-2.4260035,-0.71542704,1.8227427,-0.3774043,1.5828211,-2.0036466,0.42147863,0.33813265,1.2946761,0.07768206,0.6282009,1.748302,0.70573956,-0.25635532,-0.06973159,0.023544924,1.5984563,-2.0878778,-1.6659116,0.9694426,0.51310223,-0.093278565,0.52442944,2.2418253,-0.46907195,-0.48978165,2.296722,0.8896896,-0.36467475,-0.089202024,-1.3964661,0.23459186,0.80795264,-1.6452442,-0.68948674,1.0799377,0.9940666,-0.29495165,1.9598668,-0.6599849,-0.62537205,-1.3516943,1.3318417,-1.2657058,0.4315807,0.030187385,-1.6748428,-0.28682312,1.4167823,-1.1911784,-0.41142604,0.00028157,-1.4961487,-2.219655,-0.0057580476,-0.030764673,-1.0888275,0.045328345,2.1028476,1.4191954,0.044635974,-0.12797146,-1.2841426,1.4040762,-0.70910376,2.3342025,-1.1896936,1.0912598,-2.412114,-0.5905798,-1.178423,0.3218735,0.74101764,-1.5327165,5,0
128,-1.6962538,-3.078033,-1.9710646,0.53108436,-0.60365915,-2.1121118,-1.6561539,-1.1469562,-0.28855723,0.211973,-0.24253456,0.07042984,-0.9678534,-0.26168552,1.6358817,-2.8822865,-2.4260035,-0.71542704,1.8227427,-0.3774043,1.5828211,-2.0036466,0.42147863,0.340156,1.2946761,0.0784242,0.6282009,1.748302,0.8125114,-0.25635532,-0.08533814,0.015857928,1.6100214,-2.0803165,-1.0007793,0.9505865,0.50677025,-0.12023657,0.5195099,2.2460005,-0.47361723,-0.49649507,2.2931604,0.8896896,-0.42791665,-0.089614496,-1.4182551,0.23546839,0.8107501,-1.6563338,-0.68345684,1.0799377,0.9913673,-0.2902643,0.76760966,-0.67078996,-0.61800414,-1.3756248,1.3269455,-1.2342092,0.4315807,0.030750489,-1.6748428,-0.28682312,0.4341076,-1.188756,-0.3938597,-0.011343926,-1.4713898,-2.2083943,-0.004077148,-0.017461635,-1.0883014,0.04549591,0.6996224,1.4124615,0.048610102,-0.11140521,-1.2577474,1.3957007,-0.72247154,2.327451,-1.2021399,1.0901309,-2.409497,-0.5905798,-1.1762052,0.31723434,0.7534937,-1.5276201,5,0
129,-1.7030687,-3.021733,-1.9568583,0.5356662,-0.6005925,-2.1121118,-1.653034,-1.1502789,-0.28855723,0.211973,-0.23118488,0.07744054,-0.9997934,-0.25944963,1.6358817,-2.8822865,-2.6598508,-0.71542704,1.8227427,-0.3802331,1.5491045,-2.0036466,0.42147863,0.3410552,1.2946761,0.0787539,0.59476614,1.748302,0.8599646,-0.28767744,-0.07706545,0.012441584,1.6174132,-2.076956,-0.13394488,0.9317306,0.5003445,-0.14681014,0.5146346,2.2502625,-0.4770733,-0.49947876,2.2957382,0.89428085,-0.39835244,-0.0900269,-1.4401294,0.23634237,0.8134898,-1.6674231,-0.65009123,1.1248358,1.0136917,-0.28818107,0.8103026,-0.681595,-0.6080808,-1.40098,1.3194342,-1.2002575,0.4288371,0.031000772,-1.6755213,-0.29164958,-0.06688131,-1.1863335,-0.37713748,-0.022933602,-1.4467921,-2.197057,-0.008573084,0.009486928,-1.0897131,0.052502293,-0.07844016,1.4045779,0.05326102,-0.09441585,-1.2304914,1.3856332,-0.7290338,2.326875,-1.2007638,1.0896292,-2.4116848,-0.5964113,-1.1933597,0.31886467,0.7659699,-1.5219321,5,0
130,-1.7153354,-3.021733,-1.9568583,0.5356662,-0.6005925,-2.1121118,-1.653034,-1.1562599,-0.28855723,0.211973,-0.23118488,0.07744054,-1.057285,-0.25944963,1.6358817,-2.8822865,-3.0807717,-0.71542704,1.8227427,-0.38532495,1.4884151,-2.0036466,0.42147863,0.3410552,1.2946761,0.0787539,0.5345844,1.748302,0.8599646,-0.34405673,-0.049689986,0.012441584,1.621466,-2.076956,0.8942519,0.9128747,0.4938433,-0.17307611,0.5097947,2.2545938,-0.47965822,-0.49947876,2.3032281,0.902545,-0.29454526,-0.09043937,-1.4620728,0.23721431,0.8161833,-1.6785127,-0.5948568,1.205652,1.0560352,-0.28818107,1.8409282,-0.6924001,-0.59611315,-1.4274753,1.3098305,-1.1643417,0.4238992,0.031000772,-1.6767424,-0.30033708,-0.18253547,-1.1839113,-0.36109135,-0.034494635,-1.4223233,-2.1856587,-0.018010948,0.047351662,-1.0926749,0.064980045,-0.35639143,1.3957744,0.058453366,-0.07708827,-1.2025465,1.3742123,-0.730152,2.3312387,-1.1883303,1.0896292,-2.4177158,-0.60690796,-1.2260116,0.32551038,0.77844596,-1.5157712,5,0
131,-1.7362859,-2.9375305,-1.9263631,0.7536365,-0.48489442,-2.0145204,-1.6393007,-1.1582536,-0.2646861,0.19436277,-0.11243667,0.16042753,-1.1147768,-0.24300876,1.6421444,-2.871457,-3.4315057,-0.6170229,1.8563097,-0.38925377,1.4378605,-1.9125869,0.41951838,0.4459463,1.3605269,0.08400285,0.4160534,1.9565914,0.952036,-0.39515358,-0.01441573,-0.10968854,1.6375297,-2.0642192,1.4259342,0.8952567,0.48766968,-0.19910005,0.5088945,2.2580934,-0.49131876,-0.45504817,2.3042667,0.8865118,-0.7405291,-0.08841739,-1.4796296,0.23869964,0.8167826,-1.6854832,-0.5136609,1.2268234,1.0854731,-0.27404603,2.7282476,-0.7013184,-0.57908994,-1.4521916,1.2999353,-1.1236913,0.43534428,0.058338813,-1.7061143,-0.30748662,0.16261762,-1.1787102,-0.3396516,-0.04660196,-1.396807,-2.16845,0.00268668,0.14518338,-1.1464301,0.09078932,0.30429363,1.385785,0.059166078,-0.05701757,-1.1712588,1.363971,-0.74627614,2.311398,-1.1927418,1.0925953,-2.4311872,-0.60650975,-1.2696018,0.32499805,0.7895193,-1.5071275,5,0
132,-1.7615783,-2.8112261,-1.8806205,1.080592,-0.31134728,-1.8681331,-1.6187006,-1.1582536,-0.22887959,0.16794744,0.065685675,0.28490803,-1.1722687,-0.21834753,1.6515386,-2.855213,-3.7471461,-0.4694166,1.90666,-0.39260125,1.3923736,-1.7759976,0.41657802,0.603283,1.459303,0.09187636,0.2683477,2.2690253,1.0901432,-0.4436092,0.024808036,-0.29288375,1.6595985,-2.045114,1.709359,0.8782577,0.48165983,-0.22500263,0.5099643,2.261176,-0.50751716,-0.3884023,2.3020792,0.85832953,-1.4614085,-0.085178174,-1.4949934,0.24049139,0.8163349,-1.6903945,-0.41948396,1.2181727,1.1084583,-0.25284347,3.5439136,-0.7092935,-0.559539,-1.4760185,1.2898943,-1.0806733,0.45498198,0.09934585,-1.7495613,-0.31386727,0.7381743,-1.1721197,-0.31551555,-0.058982488,-1.3707665,-2.1483362,0.038451865,0.2729986,-1.2255821,0.12326467,1.4342968,1.3752027,0.057639297,-0.035575647,-1.1382997,1.3543196,-0.7699033,2.279455,-1.2055756,1.0970448,-2.4483788,-0.6006644,-1.3186615,0.32090664,0.7998915,-1.4972427,5,0
133,-1.7671987,-2.7831597,-1.86455,1.1532454,-0.24513613,-1.724249,-1.6014127,-1.1581327,-0.22092289,0.16207764,0.10725285,0.31256908,-1.1850442,-0.2128675,1.6630106,-2.7023687,-3.8172855,-0.4366167,1.9178485,-0.39334506,1.3822658,-1.5974265,0.41592464,0.646713,1.4812523,0.09362586,0.2355258,2.3384516,1.1436244,-0.45437664,0.03207981,-0.36863518,1.665728,-2.036231,1.0080023,0.8626713,0.47537908,-0.25129062,0.511881,2.2644331,-0.51929027,-0.37342033,2.294785,0.85190326,-1.3872706,-0.08193896,-1.5100609,0.24228823,0.81581575,-1.695069,-0.3917524,1.1806985,1.1104358,-0.24932365,2.33344,-0.71726847,-0.5389832,-1.4983517,1.2768232,-1.0402393,0.45934534,0.08087817,-1.7592158,-0.3152851,0.50836694,-1.1653048,-0.29042163,-0.07032298,-1.346099,-2.126589,0.046399258,0.30440685,-1.2431706,0.13048111,0.99000454,1.3646204,0.05533308,-0.014792059,-1.1053543,1.3448865,-0.77919495,2.2681293,-1.2108498,1.0941683,-2.4471967,-0.59930074,-1.3272378,0.32119954,0.81026334,-1.4872067,5,0
134,-1.7671987,-2.7831597,-1.856957,1.1532454,-0.20959061,-1.5810803,-1.5850711,-1.1579773,-0.22092289,0.16207764,0.10980656,0.31256908,-1.1850442,-0.2128675,1.6750762,-2.5104985,-3.8172855,-0.4366167,1.9178485,-0.39334506,1.3822658,-1.4068613,0.41592464,0.6576003,1.4812523,0.09362586,0.2355258,2.3384516,1.1729286,-0.45437664,0.030222863,-0.4136901,1.6673037,-2.0302684,0.025295772,0.84748864,0.46902102,-0.27768886,0.51403964,2.2677395,-0.52979916,-0.37319848,2.2860315,0.851692,-1.0859983,-0.07869975,-1.5250438,0.2440866,0.8152762,-1.6996759,-0.38300377,1.1349895,1.1064115,-0.2508558,0.5441038,-0.7252436,-0.51814026,-1.5202581,1.2628864,-1.0005434,0.45934534,0.045418672,-1.7592158,-0.3152851,0.048469026,-1.1584259,-0.2650547,-0.08136624,-1.3218236,-2.1043754,0.046399258,0.30827203,-1.2431706,0.13048111,0.09593992,1.3540382,0.052803624,0.0058031776,-1.0724127,1.3355161,-0.78439105,2.2626936,-1.2139642,1.0891988,-2.4407651,-0.5992173,-1.3242484,0.3227451,0.8206353,-1.4771276,5,0
135,-1.7896808,-2.7831597,-1.8561133,1.1532454,-0.2056413,-1.5651734,-1.5832554,-1.15796,-0.22092289,0.09661755,0.110090286,0.31256908,-1.236148,-0.2128675,1.6764168,-2.4891803,-4.0155215,-0.4366167,1.9178485,-0.39556623,1.3674549,-1.3856884,0.4140238,0.65880996,1.4812523,0.09362586,0.14737356,2.3384516,1.1761845,-0.5032774,0.08131562,-0.41869596,1.6736634,-2.029606,1.1827488,0.83230597,0.4625583,-0.30348715,0.5161917,2.2711606,-0.5309668,-0.38137597,2.285059,0.8516688,-0.55787647,-0.0754606,-1.537196,0.24533497,0.81521857,-1.7038819,-0.33020633,1.184494,1.1399446,-0.25102603,1.2679355,-0.7332186,-0.4957831,-1.5427724,1.245939,-0.9585701,0.46200642,0.041325703,-1.7585229,-0.31772053,0.059699155,-1.151547,-0.24109815,-0.09221936,-1.2977793,-2.0821235,0.03535789,0.34306383,-1.2469516,0.14908731,-0.27941185,1.3416609,0.050596844,0.02687541,-1.0381012,1.3235074,-0.7913396,2.2620895,-1.2072225,1.0886467,-2.439751,-0.6012339,-1.3506866,0.33282676,0.8310072,-1.466125,5,0
136,-1.8149731,-2.7831597,-1.8561133,1.1532454,-0.2056413,-1.5651734,-1.5832554,-1.15796,-0.22092289,0.022975385,0.110090286,0.31256908,-1.2936395,-0.2128675,1.6764168,-2.4891803,-4.238536,-0.4366167,1.9178485,-0.39806497,1.3507926,-1.3856884,0.41188538,0.65880996,1.4812523,0.09362586,0.048202995,2.3384516,1.1761845,-0.55829054,0.13902652,-0.41869596,1.6806211,-2.029606,2.6077077,0.8171233,0.45608243,-0.32921037,0.518343,2.2745955,-0.5309668,-0.39060324,2.285059,0.8516688,-0.0014001053,-0.07222138,-1.5489942,0.24651487,0.815221,-1.7080379,-0.2719027,1.2458997,1.178172,-0.25102603,2.3058972,-0.7411936,-0.47323668,-1.5653626,1.2286155,-0.91631204,0.46500063,0.041153405,-1.7577431,-0.3204604,0.12981728,-1.144668,-0.217318,-0.1030487,-1.2737641,-2.0598674,0.022936402,0.3817213,-1.2512056,0.17001913,-0.5899279,1.3290592,0.04842984,0.048007183,-1.0036185,1.3111691,-0.7985071,2.2620895,-1.1992487,1.0886467,-2.4394135,-0.6035129,-1.3808031,0.34397537,0.84137917,-1.4550071,5,0
137,-1.8388997,-2.685544,-1.7971438,1.3937982,0.003451643,-1.2820508,-1.5160469,-1.1451437,-0.2302951,-0.051467836,0.4299444,0.4024145,-1.3511314,-0.18820623,1.7030478,-2.1069653,-4.351837,-0.28901044,1.9571203,-0.40131807,1.3507926,-1.128308,0.41188538,0.7903253,1.5800287,0.106033705,-0.021686148,2.1550794,1.2429168,-0.63798726,0.1775032,-0.43521023,1.7015736,-1.9910879,2.1475825,0.80553216,0.44984353,-0.35659975,0.52726674,2.2762098,-0.5672428,-0.26721463,2.2281325,0.84210885,-1.9223238,-0.066346556,-1.5551391,0.24893653,0.8139978,-1.7044462,-0.16214246,1.1499016,1.191085,-0.2332585,3.3836792,-0.7463386,-0.4423918,-1.5812283,1.209197,-0.87478155,0.49662513,0.11728903,-1.7870978,-0.3214714,0.8003307,-1.1343049,-0.18553525,-0.113349654,-1.2493134,-2.0293238,0.08502278,0.41606408,-1.3202592,0.1868309,1.2726407,1.3135319,0.053309772,0.06697312,-0.96715623,1.2946452,-0.84332675,2.222646,-1.21489,1.0781285,-2.4102895,-0.6005707,-1.4182998,0.33500648,0.8493135,-1.4400362,5,0
138,-1.8601677,-2.5987754,-1.7444754,1.6076205,0.18930991,-1.0293165,-1.4545159,-1.1332424,-0.23862582,-0.11763883,0.7160294,0.48227617,-1.4022349,-0.16628538,1.7268535,-1.7672225,-4.4525485,-0.15780632,1.9920281,-0.40420973,1.3517522,-0.89437145,0.41473687,0.90968883,1.6678287,0.117099464,-0.08380917,1.9920834,1.3022339,-0.70882803,0.21165556,-0.45000702,1.7202442,-1.9566195,1.6351417,0.7939546,0.44359034,-0.3839311,0.53617465,2.2778008,-0.6003669,-0.15726937,2.1757643,0.83296186,-3.4628904,-0.060471673,-1.5612282,0.25136074,0.8127761,-1.700801,-0.064486414,1.0645713,1.20252,-0.21748284,4.088172,-0.7514837,-0.4116543,-1.5970076,1.189607,-0.8332771,0.52508044,0.1870394,-1.8130982,-0.32225782,1.322126,-1.1238766,-0.15372606,-0.123590946,-1.2248199,-1.998654,0.14029206,0.4465906,-1.3816093,0.20178004,2.7578368,1.2980045,0.05799597,0.08585891,-0.9307533,1.2781296,-0.8839352,2.1870358,-1.2288556,1.0686194,-2.3830633,-0.59760493,-1.4515858,0.32705486,0.85724777,-1.4250213,5,0
139,-1.8601677,-2.5987754,-1.7422097,1.6076205,0.18930991,-1.0196648,-1.4384046,-1.1286596,-0.23862582,-0.11763883,0.7319901,0.48227617,-1.4022349,-0.16628538,1.7280598,-1.7672225,-4.4525485,-0.15780632,1.9920281,-0.40420973,1.3603872,-0.84796435,0.44039798,0.93184876,1.6678287,0.11742917,-0.08380917,1.9920834,1.3022339,-0.70882803,0.21121661,-0.45106536,1.7206625,-1.9545418,0.70421875,0.7824859,0.43722442,-0.41079846,0.54495555,2.279205,-0.60827833,-0.15486076,2.159861,0.8271152,-1.9609143,-0.054596905,-1.5668762,0.25380582,0.8115663,-1.6967287,-0.06365294,1.0645713,1.202135,-0.21764006,1.8066579,-0.7566286,-0.38177517,-1.6120956,1.1686459,-0.7919798,0.52818924,0.2057134,-1.8122673,-0.32124728,0.65429884,-1.1129262,-0.12170122,-0.13335454,-1.1999853,-1.966973,0.14103499,0.4465906,-1.3813396,0.20183136,1.2243634,1.2824771,0.06113037,0.10410359,-0.89482427,1.2616816,-0.8908574,2.1820934,-1.2294173,1.0671816,-2.3710191,-0.5944509,-1.4511906,0.32724065,0.8651819,-1.4096549,5,0
140,-1.8601677,-2.5987754,-1.7404475,1.6076205,0.18930991,-1.0121578,-1.4258734,-1.1250952,-0.2410824,-0.13462672,0.74440384,0.48227617,-1.4116638,-0.16628538,1.7289983,-1.7672225,-4.465958,-0.15780632,1.9920281,-0.40474927,1.3671036,-0.81187016,0.4603565,0.94908416,1.6678287,0.11768572,-0.09445088,1.941146,1.3022339,-0.72631603,0.21087502,-0.45188853,1.7209878,-1.9529258,-0.017493395,0.7710173,0.43083337,-0.43756297,0.5536967,2.2805557,-0.61422336,-0.15205361,2.146922,0.8244528,-0.688592,-0.048722077,-1.5719268,0.25613126,0.8104516,-1.692597,-0.053076494,1.0689595,1.2075518,-0.21776234,0.23622277,-0.76177365,-0.35200468,-1.6270752,1.1472633,-0.7505771,0.5325587,0.22023761,-1.8111012,-0.3206283,0.16442022,-1.1019763,-0.0900843,-0.1430513,-1.1751871,-1.9353126,0.14050241,0.45457977,-1.3815336,0.20412181,-0.00020602974,1.2663078,0.06603212,0.121780254,-0.85863423,1.2440311,-0.89647365,2.1792445,-1.2276363,1.0660634,-2.3610082,-0.59288245,-1.4552929,0.32858393,0.8731161,-1.3939583,5,0
141,-1.8601677,-2.5987754,-1.7404475,1.6076205,0.18930991,-1.0121578,-1.4258734,-1.1250952,-0.25213665,-0.21107048,0.74440384,0.48227617,-1.4540923,-0.16628538,1.7289983,-1.7672225,-4.526301,-0.15780632,1.9920281,-0.4071773,1.3671036,-0.81187016,0.4603565,0.94908416,1.6678287,0.11768572,-0.14233755,1.7119322,1.3022339,-0.80501026,0.21087502,-0.45188853,1.7209878,-1.9529258,-0.0069892174,0.7595486,0.42435414,-0.46396682,0.5622988,2.281719,-0.61328626,-0.14785151,2.14436,0.8329348,-0.22003636,-0.04284725,-1.5748887,0.25803754,0.80966973,-1.6882571,-0.008402143,1.0887055,1.2332753,-0.21776234,1.1544907,-0.76691854,-0.32261497,-1.6416761,1.1244061,-0.7088055,0.5413427,0.22023761,-1.8087618,-0.32137993,0.2973434,-1.0910261,-0.059894055,-0.15251428,-1.1505167,-1.9037241,0.13550723,0.4905304,-1.383351,0.2142498,-0.14364399,1.2478918,0.07712118,0.13746971,-0.8215308,1.2221727,-0.8975194,2.1837232,-1.2176563,1.0660634,-2.3581135,-0.5968639,-1.4751362,0.33397824,0.8810504,-1.3771058,5,0
142,-1.8517368,-2.5595305,-1.7200358,1.61973,0.25900757,-0.98534703,-1.4015524,-1.1198651,-0.26623505,-0.28711423,0.8259103,0.50193703,-1.4854636,-0.15806496,1.7394555,-1.6398176,-4.5665293,-0.10860423,1.9893794,-0.4101161,1.3725361,-0.7563568,0.48477042,1.0132521,1.6905472,0.12103842,-0.18591009,1.4555625,1.2817305,-0.901162,0.18605243,-0.38210046,1.7242984,-1.9373456,-0.593784,0.74842006,0.4179066,-0.49182436,0.5728244,2.2814977,-0.62435687,-0.11334264,2.118059,0.83711886,-0.54351574,-0.036395673,-1.5762812,0.26024416,0.8086075,-1.6818526,0.04273203,1.0727454,1.2439437,-0.21244958,1.9019763,-0.77112025,-0.29096517,-1.6537873,1.1014965,-0.6674528,0.5525952,0.28464305,-1.8032638,-0.32165635,0.4437564,-1.078376,-0.026315087,-0.16199599,-1.1242839,-1.8687402,0.14871763,0.5467483,-1.3992518,0.22393957,0.21584958,1.2278718,0.0919637,0.15219793,-0.78390265,1.1972855,-0.911665,2.1720202,-1.21678,1.0603466,-2.3364105,-0.59874964,-1.4894867,0.33377987,0.88807285,-1.3582828,5,0
143,-1.8264444,-2.4417956,-1.6588005,1.6560584,0.46810052,-0.9049144,-1.3285896,-1.1041747,-0.28642127,-0.3623579,1.0704294,0.5609195,-1.4947199,-0.13340373,1.7708265,-1.2576025,-4.5665293,0.03900204,1.9814334,-0.4140765,1.3888335,-0.58981663,0.5580122,1.2057558,1.7587028,0.13109668,-0.22085465,1.1448805,1.2202207,-1.0322291,0.111584425,-0.17273627,1.7342297,-1.8906047,-2.3751764,0.7379717,0.4115223,-0.522589,0.5871971,2.278508,-0.6594432,-0.018220276,2.044279,0.8327065,-2.4510653,-0.0287906,-1.5745374,0.26305112,0.8069846,-1.6713188,0.106786184,0.9853729,1.2245016,-0.19651125,2.3078976,-0.77343524,-0.25479546,-1.6609182,1.0784824,-0.6269381,0.56878257,0.4778596,-1.7914484,-0.32098216,0.61714906,-1.0623258,0.014041769,-0.17151514,-1.0949256,-1.8269653,0.19834037,0.643501,-1.4433198,0.23275292,1.5812062,1.2046442,0.114311844,0.16500367,-0.74522525,1.166341,-0.95201033,2.1279523,-1.2341119,1.0431966,-2.2770908,-0.5964428,-1.4928516,0.32239616,0.8932721,-1.3355184,5,0
144,-1.8123933,-2.3763883,-1.6247817,1.6762404,0.5842611,-0.86023045,-1.2811503,-1.0944569,-0.29763564,-0.4041592,1.2062709,0.59368694,-1.4998621,-0.11970326,1.7969879,-1.0452646,-4.527238,0.12100404,1.977019,-0.4162766,1.4006983,-0.49729595,0.6047603,1.3127861,1.7965662,0.1372707,-0.24026802,0.97228265,1.1860492,-1.1050427,0.0702142,-0.056424968,1.7397472,-1.8646381,-2.5730793,0.7275234,0.4050211,-0.5530987,0.6014328,2.2753582,-0.6825553,0.034624502,1.9970357,0.829046,-2.8767385,-0.021185469,-1.5726931,0.2658482,0.80530447,-1.6607349,0.14829655,0.92272556,1.2110683,-0.1888059,2.061211,-0.77575016,-0.21955943,-1.6675361,1.0552847,-0.5870965,0.5787936,0.58571863,-1.7846195,-0.32028234,0.56881213,-1.0462734,0.053349905,-0.18081942,-1.0655265,-1.7853036,0.22722179,0.6972515,-1.4673084,0.23772979,1.8212296,1.1814166,0.13555145,0.17748229,-0.7067814,1.1355516,-0.9769772,2.1028318,-1.2447618,1.0327724,-2.2394254,-0.5944123,-1.4925662,0.31727406,0.89847136,-1.3127527,5,0
145,-1.8123933,-2.3763883,-1.6247817,1.6762404,0.5842611,-0.86023045,-1.2656142,-1.0922043,-0.29763564,-0.4041592,1.2062709,0.59368694,-1.4998621,-0.11970326,1.8166376,-1.0452646,-4.4388337,0.12100404,1.977019,-0.4162766,1.4070227,-0.49729595,0.61839265,1.3129787,1.7965662,0.13858983,-0.24026802,0.97228265,1.1860492,-1.1050427,0.0702142,-0.056424968,1.7397472,-1.8646381,-0.7917011,0.71707505,0.3983734,-0.5832893,0.61549723,2.2720084,-0.6907006,0.034624502,1.9829613,0.8263249,-1.4501435,-0.013580452,-1.5707221,0.2686328,0.8035526,-1.6500885,0.1616281,0.8909831,1.2051455,-0.19139116,0.99879855,-0.77806515,-0.18549079,-1.6735125,1.0318577,-0.54809654,0.58108336,0.5868852,-1.7840233,-0.31955057,0.24332464,-1.0302184,0.0913478,-0.18985501,-1.0360763,-1.7437828,0.23017745,0.6972515,-1.4661994,0.23791158,0.6546445,1.1581893,0.15540542,0.18955207,-0.6686295,1.1049562,-0.9827219,2.1013951,-1.2470598,1.0307555,-2.2288265,-0.59272677,-1.4877185,0.31997874,0.9036705,-1.2899854,5,0
146,-1.8123933,-2.3763883,-1.6247817,1.6762404,0.5842611,-0.8973187,-1.2587093,-1.0912032,-0.30644712,-0.44040254,1.2062709,0.59368694,-1.4998621,-0.11970326,1.8253708,-1.0452646,-4.3995433,0.12100404,1.9727743,-0.41792673,1.4098336,-0.49729595,0.6244516,1.3130643,1.7965662,0.13917609,-0.25015458,0.8027635,1.0577422,-1.1817036,0.0702142,-0.054457564,1.7397472,-1.8646381,1.3567397e-05,0.70615625,0.39167956,-0.61317396,0.6293399,2.2682414,-0.69348717,0.039054617,1.9746351,0.83152324,-0.5323502,-0.005975378,-1.5676937,0.27117762,0.80196273,-1.6393906,0.16755319,0.8768756,1.2025131,-0.19254015,0.37148786,-0.78037995,-0.15206382,-1.6790973,1.0077574,-0.5093395,0.58595634,0.5874037,-1.7787488,-0.31973192,0.15915519,-1.0141633,0.12797679,-0.1986849,-1.0066844,-1.7023429,0.23056214,0.7651085,-1.4660548,0.24007417,0.07189791,1.1321477,0.18047804,0.20030652,-0.6306429,1.0678566,-0.9861203,2.1041403,-1.2480811,1.029859,-2.220427,-0.5949347,-1.4857044,0.32228968,0.90886956,-1.2657701,5,0
147,-1.8123933,-2.3763883,-1.6247817,1.6762404,0.5842611,-0.9640774,-1.2587093,-1.0912032,-0.32230768,-0.50563985,1.2062709,0.59368694,-1.4998621,-0.11970326,1.8253708,-1.0452646,-4.3995433,0.12100404,1.965134,-0.420897,1.4098336,-0.49729595,0.6244516,1.3130643,1.7965662,0.13917609,-0.26795036,0.49763197,0.8267918,-1.3196915,0.0702142,-0.050916266,1.7397472,-1.8646381,1.3567397e-05,0.6948611,0.38494855,-0.642814,0.64300525,2.2641413,-0.691987,0.047028784,1.9709077,0.8430577,-0.0215901,0.001629696,-1.5638181,0.27353108,0.8005025,-1.6286513,0.16755319,0.8768756,1.2025131,-0.19254015,0.09225174,-0.78269494,-0.11914999,-1.6843686,0.9831186,-0.47077668,0.5928952,0.5874037,-1.7697313,-0.32064366,0.26803628,-0.99810815,0.16351165,-0.20735016,-0.9773393,-1.6609678,0.22889005,0.88725,-1.4666822,0.24382159,-0.043787517,1.1038547,0.20972492,0.21000852,-0.5927886,1.0255538,-0.9876418,2.1102312,-1.2480811,1.029859,-2.2137866,-0.6002575,-1.485958,0.32428557,0.9140688,-1.2403967,5,0
148,-1.7955315,-2.2966564,-1.5839581,1.6811496,0.7236565,-1.067299,-1.1954135,-1.0803287,-0.34505716,-0.57354575,1.3067175,0.6231782,-1.4874054,-0.10326241,1.8574312,-0.79045457,-4.3183827,0.21940824,1.928409,-0.42653885,1.4391041,-0.4797423,0.725493,1.4415287,1.8134899,0.14926171,-0.2769021,0.21371701,0.63433224,-1.4871302,0.021543767,0.11875105,1.7463204,-1.8263034,-1.1642629,0.6825387,0.37833312,-0.67530924,0.6602023,2.2559958,-0.720423,0.09578218,1.9014856,0.84629005,-1.4365598,0.010099893,-1.5569807,0.27635208,0.7981042,-1.6144568,0.2001764,0.82087064,1.1758823,-0.18414961,0.6824894,-0.78312325,-0.0827987,-1.684323,0.9598393,-0.43339983,0.60627323,0.73123604,-1.7319419,-0.31902102,0.45513278,-0.9786496,0.20420279,-0.21623953,-0.9427707,-1.6136733,0.258378,1.0606099,-1.470998,0.247037,0.69660074,1.0711036,0.24528359,0.21827863,-0.5531276,0.9745626,-1.0227488,2.0777066,-1.264892,1.0121409,-2.1464303,-0.6001871,-1.4679189,0.31753418,0.91735,-1.2104367,5,0
149,-1.7702391,-2.1770587,-1.5227231,1.6885135,0.93274933,-1.188752,-1.1004696,-1.064017,-0.3712513,-0.64278597,1.4573873,0.667415,-1.4687207,-0.07860118,1.905522,-0.4082395,-4.196642,0.3670145,1.8771418,-0.43351656,1.48301,-0.45341182,0.8770552,1.6342251,1.8388753,0.16439037,-0.281432,-0.059589643,0.46111804,-1.6692944,-0.051462103,0.37148124,1.75618,-1.7688013,-2.910678,0.6697027,0.37177566,-0.70923215,0.6791652,2.2458282,-0.7638273,0.16492532,1.799216,0.8453716,-3.814394,0.01900274,-1.5486627,0.2794067,0.79523706,-1.5985347,0.24911158,0.73686314,1.1359361,-0.17156376,1.7074639,-0.78260815,-0.04472822,-1.6816187,0.93723965,-0.39661577,0.6228709,0.9469845,-1.6797665,-0.31613111,0.68133706,-0.9574894,0.24747251,-0.22524096,-0.90559053,-1.5634197,0.30344617,1.2595787,-1.4771582,0.2499865,1.8650259,1.0361235,0.28399783,0.22583245,-0.5125632,0.91922724,-1.0746487,2.0258737,-1.2901083,0.98556376,-2.0487156,-0.5974199,-1.4407337,0.30640906,0.9196721,-1.1781831,5,0
150,-1.7646189,-2.0670245,-1.5091158,1.6901499,0.97921234,-1.2157404,-1.0768658,-1.0587008,-0.37707195,-0.658172,1.490868,0.6783119,-1.4386332,-0.073121145,1.9162084,-0.32330668,-4.1479278,0.3998144,1.8657496,-0.43506712,1.4948475,-0.44756088,0.91073424,1.6770445,1.8445164,0.16820097,-0.28243858,-0.12032169,0.42262775,-1.7097733,-0.07090194,0.427641,1.7622792,-1.7660347,-2.0173829,0.6568668,0.36472085,-0.742711,0.6977163,2.2356265,-0.77386844,0.18112113,1.7720984,0.84320384,-2.5761135,0.027936842,-1.5403465,0.28239337,0.79231155,-1.5827057,0.23410007,0.7100835,1.1114862,-0.16876705,0.59583616,-0.78209305,-0.007817585,-1.6783516,0.91389924,-0.3604217,0.62732744,0.99492645,-1.6679891,-0.31525302,0.44726866,-0.93632936,0.28812397,-0.23383708,-0.8685774,-1.5133051,0.31446648,1.3037921,-1.4781526,0.2507003,1.273534,1.0011435,0.31934157,0.23256698,-0.47235712,0.86446154,-1.0920004,2.0222588,-1.305606,0.98599464,-2.023696,-0.59583145,-1.4229728,0.30396798,0.9220045,-1.1459298,5,0
151,-1.7646189,-1.9597226,-1.5091158,1.6901499,0.97921234,-1.2157404,-1.0736434,-1.056526,-0.37707195,-0.658172,1.490868,0.6796835,-1.4052881,-0.073121145,1.9162084,-0.32330668,-4.1200776,0.3998144,1.8657496,-0.43506712,1.4975233,-0.44756088,0.91073424,1.6770445,1.8445164,0.16877796,-0.28243858,-0.12032169,0.42262775,-1.7097733,-0.075038165,0.427641,1.7673041,-1.7789056,-0.36992928,0.64403087,0.35752386,-0.7760631,0.7161498,2.225415,-0.7743779,0.18219006,1.7664518,0.8406792,-0.3047175,0.036879815,-1.5320303,0.28536096,0.7893694,-1.5669034,0.20081963,0.69965386,1.0914633,-0.16876705,-1.1262137,-0.78157806,0.028761867,-1.6749237,0.89034736,-0.32439622,0.6283153,0.99492645,-1.6677535,-0.31494963,0.08170147,-0.9151692,0.32802746,-0.24231745,-0.83161205,-1.4632305,0.31575924,1.3037921,-1.4776713,0.25077513,0.17923836,0.9661635,0.3537218,0.2390672,-0.43225333,0.8098587,-1.0994815,2.0324187,-1.318327,0.9941414,-2.0194452,-0.5945799,-1.4079045,0.30400798,0.9243399,-1.1136767,5,0
152,-1.7646189,-1.9478008,-1.5091158,1.6901499,0.97921234,-1.331563,-1.0732855,-1.0562843,-0.39501527,-0.7200745,1.490868,0.679836,-1.4015833,-0.073121145,1.9162084,-0.32330668,-4.116983,0.3998144,1.8061883,-0.4397189,1.4978206,-0.57277656,0.91073424,1.6770445,1.8395118,0.16884214,-0.28243858,-0.29655606,0.3264301,-1.8708059,-0.0754978,0.43248263,1.7678623,-1.7803358,-0.098933645,0.6297257,0.35022292,-0.8088385,0.7340094,2.2141566,-0.77250963,0.19240168,1.7615719,0.8526978,0.073554195,0.045822848,-1.5221232,0.28791827,0.78668326,-1.5510724,0.1971219,0.69849515,1.0892388,-0.16876705,-0.6979105,-0.7810629,0.06413976,-1.6709694,0.86587393,-0.28878927,0.6184686,1.0005774,-1.6147285,-0.31632802,-0.21267147,-0.8940092,0.36350808,-0.25128618,-0.7936376,-1.413761,0.3136197,1.4879011,-1.4739609,0.25078356,-0.028147567,0.9252722,0.39319685,0.24366872,-0.3882745,0.744869,-1.1020484,2.0400426,-1.3197403,0.9950466,-1.9929173,-0.60048276,-1.4047523,0.3040124,0.9266752,-1.0783824,5,0
153,-1.7646189,-1.9478008,-1.5091158,1.6901499,0.97921234,-1.4618628,-1.0732855,-1.0562843,-0.41520137,-0.78971434,1.490868,0.679836,-1.4015833,-0.073121145,1.9162084,-0.32330668,-4.116983,0.3998144,1.7391825,-0.44495216,1.4978206,-0.71364343,0.91073424,1.6770445,1.8338815,0.16884214,-0.28243858,-0.4948186,0.21820837,-2.0519664,-0.0754978,0.43792942,1.7678623,-1.7803358,1.3567397e-05,0.6152368,0.34290904,-0.8415419,0.7517973,2.2027671,-0.77034414,0.20375608,1.7567879,0.8665338,0.21519752,0.054765824,-1.5120175,0.29042467,0.78402895,-1.5352377,0.1971219,0.69849515,1.0892388,-0.16876705,-0.00082696596,-0.7805478,0.09936753,-1.6669493,0.8412851,-0.25323468,0.60726726,1.0069349,-1.5551052,-0.31791678,-0.49814564,-0.87284905,0.3984361,-0.26031595,-0.755537,-1.3643671,0.31105143,1.6950225,-1.4698468,0.25078356,-0.124675475,0.8836421,0.4333083,0.24803299,-0.34381127,0.6785811,-1.1040009,2.0473492,-1.3197403,0.9950466,-1.9636048,-0.60727966,-1.4030898,0.3040124,0.92901057,-1.0427082,5,0
154,-1.7393265,-1.7775322,-1.4478807,1.3828315,1.1883053,-1.5768814,-0.9949137,-1.0517792,-0.4298604,-0.8421447,1.3874421,0.7244157,-1.3440914,-0.06451437,1.8888881,0.058908366,-3.8566215,0.5474207,1.6627781,-0.45124626,1.5368617,-1.1721227,1.034764,1.869741,1.7794559,0.18693858,-0.190709,-0.5903007,0.1369689,-2.2341304,-0.14857462,0.68918794,1.7803116,-1.7130702,-1.7481005,0.59928876,0.33413824,-0.88168025,0.7738951,2.1851377,-0.8088602,0.23360975,1.6765486,0.8711488,-1.9390128,0.06501666,-1.4971926,0.29293695,0.77811867,-1.5176713,0.13519865,0.6258389,1.0558938,-0.15877923,-1.2978481,-0.7772026,0.13774402,-1.6544963,0.8213675,-0.2200776,0.61333436,1.2504275,-1.4835556,-0.31543887,-0.09372699,-0.8465838,0.43163183,-0.2728192,-0.7066321,-1.3077152,0.3364584,1.9020314,-1.412202,0.23436105,0.57466054,0.83532447,0.4747855,0.2508164,-0.2937525,0.6009462,-1.1495767,1.9897201,-1.3449479,0.96026254,-1.8736935,-0.6070449,-1.3550255,0.28519025,0.92847204,-1.0001534,5,0
155,-1.7168446,-1.6222095,-1.39345,1.1096625,1.3741635,-1.6791189,-0.9245857,-1.0477746,-0.44289058,-0.88874906,1.2955091,0.7650706,-1.292988,-0.056863986,1.8646035,0.39865118,-3.617174,0.67862475,1.5948641,-0.45684096,1.5715643,-1.5796552,1.1471204,2.0410247,1.731078,0.20307004,-0.10917261,-0.67517275,0.06475683,-2.3960521,-0.21367443,0.91252625,1.7915841,-1.6537445,-3.1111429,0.5833407,0.3252845,-0.92170393,0.79592377,2.1674757,-0.84345037,0.2609895,1.6045855,0.87525123,-3.6459641,0.075297646,-1.4823705,0.29544795,0.7721666,-1.5000985,0.08015648,0.5583675,1.0262542,-0.14990129,-2.3066173,-0.77385753,0.17587689,-1.6419623,0.8014531,-0.18706954,0.61872685,1.4670349,-1.4199566,-0.3132362,0.24996366,-0.8203186,0.46437111,-0.2852316,-0.65774107,-1.2511084,0.35914537,2.0860374,-1.3609273,0.2197699,1.1282983,0.787007,0.515473,0.25341576,-0.24376136,0.52343863,-1.1905619,1.9389108,-1.367558,0.9296382,-1.7933028,-0.606836,-1.3122876,0.2684631,0.92794347,-0.95759887,5,0
156,-1.7168446,-1.586442,-1.39345,1.1096625,1.3741635,-1.6791189,-0.9186014,-1.0477746,-0.44289058,-0.88874906,1.2955091,0.7743294,-1.292988,-0.056863986,1.8646035,0.39865118,-3.545016,0.67862475,1.5948641,-0.45684096,1.5715643,-1.5796552,1.1660988,2.0410247,1.731078,0.20348233,-0.10917261,-0.67517275,0.06475683,-2.3960521,-0.21496531,0.91252625,1.7934438,-1.6579324,-1.3939244,0.56739277,0.31576648,-0.96081024,0.8173991,2.1495519,-0.8466376,0.26857898,1.5988253,0.87525123,-1.7752147,0.08581999,-1.4675654,0.2979485,0.7658803,-1.4824733,0.08015648,0.5323723,1.0262542,-0.14990129,-1.0096065,-0.77051234,0.2120599,-1.6287792,0.7815644,-0.15525246,0.61872685,1.4685827,-1.4199566,-0.3132362,0.107880205,-0.79405355,0.49346146,-0.29691783,-0.6089609,-1.1948627,0.3600772,2.0860374,-1.3606046,0.21982834,0.5164698,0.7386897,0.54984486,0.25454158,-0.19431186,0.44694993,-1.1948286,1.9426506,-1.3693908,0.93228906,-1.7890707,-0.606836,-1.312157,0.2684942,0.9274943,-0.91504455,5,0
157,-1.7168446,-1.5586234,-1.39345,1.0519508,1.3741635,-1.7002106,-0.913947,-1.0477746,-0.44289058,-0.8974654,1.2603239,0.7815307,-1.292988,-0.056863986,1.8505456,0.39865118,-3.4888935,0.67862475,1.5778852,-0.45788863,1.5708345,-1.6560878,1.1808599,2.0410247,1.7091274,0.20380291,-0.10917261,-0.68205094,0.06475683,-2.4352584,-0.2159694,0.9133968,1.79489,-1.6611897,-0.051456038,0.55117726,0.30593574,-1.0004004,0.83855504,2.1315072,-0.8491166,0.27207997,1.5943453,0.87525123,-0.28269026,0.096342325,-1.4522654,0.30026275,0.7594024,-1.465271,0.07040383,0.512154,1.0301429,-0.14795366,-0.20510583,-0.76716727,0.24789609,-1.6154755,0.76152784,-0.123575024,0.61595035,1.4771781,-1.4049898,-0.31363082,-0.06766003,-0.76778847,0.5205382,-0.30899855,-0.5597634,-1.1388912,0.35159916,2.130142,-1.3440486,0.21987362,-0.194626,0.6889333,0.5833475,0.2553534,-0.14331037,0.36833313,-1.1981472,1.9455591,-1.3693075,0.9358704,-1.7793033,-0.6071644,-1.3083556,0.26655367,0.92704505,-0.8717499,5,0
158,-1.7168446,-1.5586234,-1.39345,0.79225403,1.3741635,-1.79512,-0.913947,-1.0477746,-0.44289058,-0.9366878,1.1019942,0.7815307,-1.292988,-0.056863986,1.7872872,0.39865118,-3.4888935,0.67862475,1.5014815,-0.46260333,1.5675508,-2.0000267,1.1808599,2.0410247,1.610352,0.20380291,-0.10917261,-0.71300215,0.06475683,-2.611683,-0.2159694,0.91731375,1.79489,-1.6611897,-0.020574274,0.5340253,0.2950105,-1.0416831,0.8585934,2.1130393,-0.8491166,0.26127186,1.5943453,0.87525123,-0.11391616,0.10686466,-1.435236,0.30192444,0.75225383,-1.44955,0.026516885,0.512154,1.0476415,-0.13918959,-1.1243398,-0.7638222,0.28251883,-1.6017503,0.74097323,-0.09238592,0.60345477,1.5104399,-1.3376414,-0.31540656,-0.36029562,-0.7415235,0.5405671,-0.32246026,-0.5091051,-1.0838797,0.3101874,2.328609,-1.2706776,0.21987362,-1.2531471,0.6341397,0.6138075,0.2550668,-0.08687707,0.28226802,-1.1981472,1.9455591,-1.3625184,0.9427081,-1.7501633,-0.60864127,-1.291706,0.25771284,0.9265957,-0.825864,5,0
159,-1.7084136,-1.4961543,-1.3730383,0.5425387,1.4438611,-1.8790375,-0.8859817,-1.0470755,-0.42366552,-0.97177464,0.9130193,0.79313284,-1.273824,-0.055335008,1.7163868,0.52605623,-3.348234,0.72782683,1.4250777,-0.46758515,1.5473613,-2.3028252,1.2779809,2.0811698,1.5115763,0.21170379,-0.074389786,-0.7336362,0.08129488,-2.7734134,-0.23979768,1.0075368,1.7991773,-1.6317836,-0.569996,0.5166114,0.2834778,-1.084625,0.8801441,2.0923347,-0.8653679,0.2591722,1.5690722,0.8613459,-0.8619543,0.117727384,-1.4159822,0.3033151,0.7439165,-1.4338465,-0.03836607,0.50023764,1.0537839,-0.12794602,-2.1769414,-0.7595337,0.31746903,-1.5850646,0.72304225,-0.062255647,0.5866799,1.589801,-1.2709942,-0.3191335,-0.6556098,-0.71419483,0.5597493,-0.33612895,-0.45510903,-1.0280063,0.29185653,2.5103219,-1.1901956,0.21404839,-1.381843,0.5777266,0.641951,0.2540947,-0.02843433,0.19411764,-1.2128793,1.9119574,-1.3643609,0.9328674,-1.7027581,-0.60623854,-1.2637465,0.24326822,0.9251571,-0.77842814,5,0
160,-1.6831212,-1.3087472,-1.3118032,0.3127862,1.6529542,-1.9409707,-0.802086,-1.0449783,-0.36599055,-0.9985902,0.66275424,0.8279394,-1.216332,-0.050747987,1.6302024,0.90827125,-2.9262543,0.8754331,1.3486736,-0.47310132,1.4933608,-2.5233428,1.5693439,2.201605,1.4128002,0.23540658,0.029958542,-0.7336362,0.13090898,-2.9057553,-0.31128228,1.2703719,1.8120388,-1.5435659,-2.2800248,0.49867368,0.27072984,-1.130885,0.90471935,2.067157,-0.91412175,0.27448946,1.4932532,0.81962895,-3.4436166,0.12927084,-1.3922806,0.30416438,0.7332013,-1.4181783,-0.14524171,0.46448848,1.0372143,-0.111743525,-3.4962778,-0.7533584,0.35307363,-1.5624584,0.7103584,-0.03424304,0.56134635,1.7613604,-1.2057494,-0.32676247,-0.95628077,-0.68473893,0.577238,-0.35021162,-0.39443743,-0.97040933,0.31968734,2.6585271,-1.0954914,0.19657284,0.3491117,0.5180744,0.6654609,0.2517523,0.0340274,0.101796605,-1.2570755,1.8111516,-1.3834665,0.88967,-1.6188226,-0.59607583,-1.2131684,0.21761608,0.92173994,-0.7278928,5,0
161,-1.6690701,-1.1223342,-1.2777842,0.18514827,1.7691147,-1.9753773,-0.7514373,-1.0438132,-0.3299975,-1.0134875,0.5237206,0.847276,-1.1843926,-0.04819971,1.5823233,1.120609,-2.6918256,0.95743513,1.3062274,-0.47616577,1.4633609,-2.6458504,1.8141346,2.2685122,1.3579254,0.2485745,0.08792888,-0.7203989,0.18452048,-2.9792774,-0.35365343,1.4163886,1.8239398,-1.503102,-2.533586,0.480736,0.2574365,-1.1765599,0.92893124,2.0421014,-0.9436875,0.28299892,1.4475538,0.79370034,-3.86179,0.14081429,-1.3686563,0.30496177,0.722546,-1.4025443,-0.2046158,0.44462824,1.028009,-0.10274228,-3.234291,-0.74718326,0.38792005,-1.5397241,0.69725037,-0.006336242,0.54727226,1.866098,-1.1695031,-0.33100075,-0.8596204,-0.6552831,0.5930063,-0.3636433,-0.33262432,-0.9139632,0.3351484,2.740569,-1.042879,0.18686432,1.001522,0.4584224,0.6843911,0.24858966,0.09647798,0.010617059,-1.2879883,1.7613262,-1.3987677,0.8710808,-1.569563,-0.58934027,-1.1850698,0.20336516,0.9183229,-0.6773575,5,0
162,-1.6690701,-0.9371638,-1.2777842,0.18514827,1.7691147,-1.9753773,-0.74234575,-1.0438132,-0.32110605,-1.0134875,0.5237206,0.847276,-1.1843926,-0.04819971,1.5823233,1.120609,-2.6918256,0.95743513,1.3062274,-0.47616577,1.4633609,-2.6458504,2.0007124,2.2685122,1.3579254,0.2485745,0.08792888,-0.6906157,0.2431285,-2.9792774,-0.3596341,1.4163886,1.83464,-1.5223287,-0.9666374,0.4627984,0.24346142,-1.221503,0.95268905,2.0171983,-0.9492692,0.28299892,1.4395022,0.7875057,-1.5757141,0.1523577,-1.34513,0.30569375,0.7119654,-1.3869534,-0.2046158,0.44462824,1.028009,-0.10274228,-0.9957312,-0.74100816,0.42181844,-1.5168301,0.68361217,0.021438235,0.54727226,1.8873128,-1.1695031,-0.33100075,-0.26631618,-0.62582755,0.6066247,-0.37626126,-0.26938426,-0.8589556,0.3351484,2.73991,-1.042879,0.18686432,0.30580705,0.39877063,0.6975965,0.24440199,0.15891461,-0.07913568,-1.3022976,1.7752235,-1.4093142,0.8832506,-1.5636474,-0.5868889,-1.1850698,0.20336516,0.9149057,-0.62682253,5,0
163,-1.6690701,-0.85486686,-1.2777842,0.18514827,1.7691147,-1.9753773,-0.73830515,-1.0438132,-0.3171543,-1.0159334,0.34992528,0.847276,-1.1843926,-0.04819971,1.5344433,1.120609,-2.6918256,0.95743513,1.2638656,-0.4790077,1.43032,-2.6458504,2.0836349,2.2685122,1.3030498,0.2485745,0.08792888,-0.67737895,0.26917621,-2.9980507,-0.36229205,1.4163886,1.8393955,-1.5308738,-0.19074175,0.44486076,0.22901712,-1.2655879,0.97602,1.9921128,-0.95174986,0.2774508,1.4359237,0.7847527,-0.39548737,0.16390112,-1.3207232,0.30591518,0.7001559,-1.3734477,-0.23652805,0.44462824,1.0416274,-0.095094405,-0.66925305,-0.734833,0.45473677,-1.4936968,0.6696554,0.048872836,0.533296,1.8967413,-1.133049,-0.33551657,-0.32995555,-0.5963718,0.61753666,-0.38846838,-0.20637067,-0.80391836,0.31577456,2.7606432,-1.0008779,0.18686432,-0.48770493,0.33842972,0.7056506,0.23900494,0.22176933,-0.16922943,-1.308657,1.7814001,-1.4087178,0.89462596,-1.5452455,-0.58955556,-1.178214,0.19565032,0.9114886,-0.5759329,5,0
164,-1.6690701,-0.85486686,-1.2777842,0.18514827,1.7691147,-1.9753773,-0.73830515,-1.0438132,-0.3171543,-1.0203359,0.03709641,0.847276,-1.1843926,-0.04819971,1.44826,1.120609,-2.6918256,0.95743513,1.1876147,-0.48412302,1.3708467,-2.6458504,2.0836349,2.2685122,1.2042742,0.2485745,0.08792888,-0.67737895,0.26917621,-3.0318415,-0.36229205,1.4163886,1.8393955,-1.5308738,-0.047675263,0.42692316,0.21419746,-1.3089863,0.9990094,1.9668812,-0.95174986,0.26746422,1.4359237,0.7847527,-0.09992192,0.17544451,-1.2956111,0.3057281,0.68736345,-1.3616104,-0.29397017,0.44462824,1.0661403,-0.08132842,-1.872409,-0.72865784,0.48687118,-1.4703723,0.65544397,0.07603547,0.5081382,1.8967413,-1.0674325,-0.34364507,-0.91913915,-0.5669163,0.62628365,-0.40034676,-0.14353816,-0.74885726,0.28090253,2.7984898,-0.92527616,0.18686432,-1.359453,0.27753758,0.7095837,0.23264101,0.2849585,-0.25959602,-1.308657,1.7814001,-1.3992074,0.9053662,-1.5168548,-0.5963168,-1.1658735,0.1817638,0.9080714,-0.5247598,5,0
165,-1.6522083,-0.6064809,-1.2369608,0.22867686,1.90851,-1.8852928,-0.66158295,-1.0435024,-0.26076093,-1.0218034,-0.2510481,0.8525341,-1.1460645,-0.03175886,1.3620758,1.3754191,-2.5378032,1.0374377,1.1112617,-0.48914418,1.2898055,-2.6390483,2.0071855,2.322082,1.1054983,0.25607693,0.13214883,-0.66745114,0.36975843,-3.0454128,-0.41127837,1.585718,1.8552892,-1.4499227,-1.1718189,0.41012827,0.19843002,-1.3517858,1.0258061,1.9370022,-0.9943466,0.27148184,1.3536662,0.74393284,-2.2570262,0.18714221,-1.2663658,0.30497882,0.6723829,-1.3498238,-0.357281,0.5058889,1.0508212,-0.054414455,-2.3963857,-0.7209488,0.5200243,-1.4417,0.64405274,0.102504015,0.4776078,1.9398917,-1.0020152,-0.3542125,-1.2413658,-0.53604126,0.6326911,-0.41201642,-0.08070481,-0.68972695,0.27113935,2.814642,-0.8431436,0.1793341,-1.0223455,0.21656036,0.7072717,0.22494411,0.34948805,-0.34775448,-1.3586047,1.6875573,-1.4208161,0.8751257,-1.4281138,-0.58895296,-1.1213043,0.15060352,0.90291446,-0.4725865,5,0
166,-1.6269159,-0.23390196,-1.1757256,0.29396978,2.117603,-1.750166,-0.5464995,-1.0430365,-0.17617081,-1.0218034,-0.52685046,0.8604213,-1.0885726,-0.007097632,1.2758918,1.7576342,-2.3067696,1.1574416,1.0348575,-0.49411818,1.19798,-2.6288455,1.8925115,2.4024365,1.0067222,0.26733053,0.19847886,-0.6525594,0.52063173,-3.048874,-0.48475796,1.8397119,1.8791295,-1.3284965,-2.9295676,0.3939047,0.18218867,-1.3942856,1.0545064,1.9047995,-1.0582418,0.2825017,1.2302796,0.68270355,-5.6404657,0.19891709,-1.2350514,0.30394858,0.65630853,-1.3380628,-0.42352647,0.59777975,1.0155861,-0.020926459,-2.5807729,-0.7124728,0.5536866,-1.4103538,0.63407165,0.12862547,0.44439033,2.0046177,-0.9366979,-0.3659996,-1.430114,-0.5044565,0.6379294,-0.42358163,-0.017871005,-0.6285621,0.27393064,2.8199463,-0.7577453,0.168039,-0.080810644,0.15554065,0.7018375,0.21658096,0.41468784,-0.4348089,-1.4335262,1.5467931,-1.4579842,0.8243947,-1.309198,-0.57452685,-1.0606209,0.11080624,0.89688796,-0.41991308,5,0
167,-1.6212957,-0.1511104,-1.1621184,0.42341,2.164066,-1.6957413,-0.5209266,-1.0385227,-0.13027176,-1.0127759,-0.58813703,0.862174,-1.0757972,-0.0016175914,1.2567407,1.842567,-2.255431,1.1841079,1.0178795,-0.49522346,1.1775752,-2.5822916,1.8670295,2.4202921,0.9847729,0.26983127,0.2132182,-0.6492503,0.5541576,-3.049643,-0.50108594,1.8942264,1.8844272,-1.301514,-1.9530159,0.37799075,0.16552731,-1.4339323,1.0827631,1.8722031,-1.0718434,0.28305095,1.2017843,0.6447983,-3.7291338,0.21069187,-1.203314,0.3026615,0.6405959,-1.3263246,-0.4382469,0.618199,1.0077565,-0.013485025,-1.5425329,-0.7039968,0.58568925,-1.378873,0.6232317,0.15462379,0.4370091,2.0144022,-0.9221836,-0.36861876,-0.86699146,-0.47287196,0.64021957,-0.434071,0.043941215,-0.5677767,0.27455097,2.8211248,-0.73876876,0.165529,0.07413624,0.094521314,0.68976307,0.20664081,0.47877035,-0.52022105,-1.4506145,1.5026816,-1.4662435,0.8131217,-1.2819818,-0.56170535,-1.0471362,0.10196284,0.8908612,-0.36723995,5,0
168,-1.6212957,-0.1511104,-1.1621184,0.571177,2.164066,-1.6643729,-0.5209266,-1.0328524,-0.09542673,-1.0011692,-0.58813703,0.862174,-1.0757972,-0.0016175914,1.2567407,1.842567,-2.255431,1.1841079,1.0178795,-0.49522346,1.1775752,-2.5253522,1.8670295,2.4202921,0.9847729,0.26983127,0.2132182,-0.6492503,0.5541576,-3.049643,-0.50108594,1.8917503,1.8844272,-1.301514,-0.19528136,0.36216524,0.14874625,-1.4727637,1.1108929,1.8394945,-1.0710762,0.2806089,1.200399,0.6135566,-0.30509984,0.22246663,-1.1714551,0.30130142,0.6249866,-1.3145931,-0.4382469,0.618199,1.0077565,-0.013485025,-0.15499122,-0.69552094,0.6172176,-1.3473538,0.61214644,0.18058681,0.4370091,2.00849,-0.9221836,-0.36861876,-0.08906117,-0.4412876,0.64166784,-0.44425282,0.10546159,-0.5070998,0.27455097,2.8211248,-0.73876876,0.165529,0.00435685,0.033502076,0.67579234,0.19625036,0.5425337,-0.605164,-1.4511797,1.4861832,-1.4662435,0.8131217,-1.2809641,-0.549342,-1.0471362,0.10196284,0.8848347,-0.3145669,5,0
169,-1.6212957,-0.1511104,-1.1621184,0.5875948,2.164066,-1.6608876,-0.5209266,-1.0322225,-0.09155521,-0.99987966,-0.6982307,0.862174,-1.0757972,-0.0016175914,1.1801326,1.842567,-2.255431,1.1841079,0.9499648,-0.50406605,1.1111962,-2.519026,1.790521,2.4202921,0.896972,0.26983127,0.2132182,-0.6871446,0.47627106,-3.049643,-0.50108594,1.8914753,1.8844272,-1.301514,1.3567397e-05,0.34633976,0.13103393,-1.5099775,1.1381614,1.8066102,-1.070991,0.28544325,1.2002453,0.61008555,0.039222166,0.2342414,-1.1396809,0.29962012,0.60875565,-1.3042632,-0.48579517,0.618199,1.0287282,0.0009070366,-0.99675494,-0.6870449,0.64683133,-1.3155385,0.60041493,0.20603952,0.4343686,2.0000665,-0.8605485,-0.3785302,-0.06447602,-0.40970314,0.63870645,-0.45394254,0.16505694,-0.44561777,0.24925779,2.8212004,-0.6695369,0.165529,-0.63568664,-0.027517142,0.6559166,0.18342538,0.60420966,-0.6895528,-1.4512426,1.4843502,-1.4581069,0.8243503,-1.2541829,-0.55621254,-1.0347391,0.08744476,0.87880796,-0.26189396,5,0
170,-1.6212957,-0.1511104,-1.1621184,0.5875948,2.164066,-1.6608876,-0.5209266,-1.0322225,-0.09155521,-0.99987966,-0.8220854,0.862174,-1.0757972,-0.0016175914,1.0939493,1.842567,-2.255431,1.1841079,0.8735612,-0.51401395,1.0365204,-2.519026,1.7044493,2.4202921,0.7981966,0.26983127,0.2132182,-0.7297754,0.3886492,-3.049643,-0.50108594,1.8914753,1.8844272,-1.301514,1.3567397e-05,0.33051425,0.11320529,-1.5469892,1.1653223,1.7737042,-1.070991,0.291187,1.2002453,0.61008555,-0.0014001053,0.24601616,-1.1079165,0.29789886,0.59244704,-1.2941086,-0.53928655,0.618199,1.0523213,0.01709797,-2.1171675,-0.678569,0.67620575,-1.2836864,0.5886027,0.23142835,0.43139735,1.9913286,-0.7912094,-0.3896806,-0.13405418,-0.37811866,0.6351938,-0.46357068,0.22441168,-0.3840352,0.2208028,2.8212852,-0.5916516,0.165529,-1.3470095,-0.08853638,0.6353031,0.17029612,0.6656247,-0.7738723,-1.4512426,1.4843502,-1.4489532,0.83698237,-1.2241818,-0.56548715,-1.0207925,0.07111205,0.8727813,-0.20922093,5,0
171,-1.5960033,-0.032257684,-1.1008831,0.6131228,2.2031662,-1.523348,-0.41562533,-1.008687,0.010337412,-0.95985645,-0.8220854,0.82633865,-1.0490634,0.023043683,1.007765,2.2161822,-2.1402307,1.1107476,0.797157,-0.52285403,0.9862899,-2.196807,1.5536889,2.340034,0.69942045,0.2882576,0.22243972,-0.7948901,0.26562938,-2.9774148,-0.5646228,1.9371415,1.8876967,-1.1018378,-1.51989,0.31643343,0.09628596,-1.5770333,1.1943743,1.7365994,-1.104166,0.25058866,1.0317757,0.51495254,-1.7581187,0.25673977,-1.0723305,0.2958269,0.5760125,-1.2814016,-0.5656669,0.64788455,1.0332344,0.052137922,-1.5493004,-0.6714995,0.7051424,-1.24731,0.5749021,0.24665557,0.43649796,1.8651778,-0.7214154,-0.39764604,0.054978274,-0.3486603,0.6318232,-0.47039664,0.27681798,-0.32531703,0.24094754,2.7419016,-0.5041561,0.16664867,-0.1320949,-0.14690466,0.6113332,0.15462026,0.72141063,-0.8536965,-1.5233742,1.2558075,-1.4595813,0.73793334,-1.0702053,-0.53446573,-0.97125715,0.036361683,0.8680512,-0.15934427,5,0
172,-1.5735214,0.07338792,-1.0464526,0.6358142,2.237922,-1.4010918,-0.32202527,-0.9871108,0.10090759,-0.92428064,-0.8128628,0.79448545,-1.0253004,0.044964526,0.93115795,2.548281,-2.0378315,1.0455393,0.7292429,-0.53071165,0.94164133,-1.8929479,1.4196813,2.2686944,0.61162037,0.30463633,0.23063646,-0.85276926,0.15627971,-2.9055817,-0.62109923,1.9777335,1.8906031,-0.9243498,-2.7020078,0.30235264,0.079246946,-1.6068712,1.2233162,1.6995049,-1.1330684,0.21400161,0.8811803,0.4299433,-3.093381,0.26746342,-1.0368701,0.29377022,0.5596741,-1.2685958,-0.589116,0.67427135,1.0162681,0.08328415,-0.9831354,-0.66443014,0.73381996,-1.2109373,0.5610976,0.26186976,0.44103166,1.7516279,-0.65937704,-0.4047264,0.20973149,-0.3192019,0.62837404,-0.47701678,0.32906413,-0.2667022,0.25885388,2.662812,-0.4263832,0.16764414,0.8918583,-0.20499276,0.58688223,0.13884862,0.7767406,-0.9328321,-1.5878359,1.0524244,-1.4690282,0.6498907,-0.93271697,-0.50671434,-0.92722625,0.0054728743,0.86332095,-0.10961173,5,0
173,-1.5735214,0.07338792,-1.0464526,0.6358142,2.237922,-1.4010918,-0.32202527,-0.9812076,0.10090759,-0.92428064,-0.72986746,0.79448545,-1.0253004,0.044964526,0.93115795,2.548281,-2.0378315,1.0455393,0.7292429,-0.53071165,0.94164133,-1.7359537,1.4196813,2.2686944,0.61162037,0.30463633,0.23063646,-0.85276926,0.15627971,-2.8369064,-0.62109923,1.9777335,1.8906031,-0.9243498,-1.1821164,0.28827187,0.06125191,-1.6350626,1.2513779,1.662491,-1.1277933,0.2095024,0.8735614,0.42591614,-1.0573387,0.27818695,-1.0024107,0.29183516,0.5441028,-1.2550011,-0.589116,0.67427135,1.0162681,0.08328415,-0.43058535,-0.65736073,0.7604247,-1.1745926,0.54646236,0.27698037,0.44103166,1.738873,-0.65937704,-0.4047264,0.0902787,-0.2897436,0.6242995,-0.4819908,0.3800287,-0.20891368,0.25885388,2.5860677,-0.4263832,0.16764414,0.38827628,-0.26083958,0.5585835,0.12230932,0.8284227,-1.0064602,-1.5909456,1.0502979,-1.4690282,0.6498907,-0.92711926,-0.50512075,-0.92722625,0.0054728743,0.85859084,-0.061032318,5,0
174,-1.5735214,0.07338792,-1.0464526,0.6358142,2.2267702,-1.4010918,-0.32202527,-0.9766162,0.10090759,-0.92428064,-0.66531587,0.78435004,-1.0253004,0.044964526,0.9271934,2.548281,-2.0378315,1.0239228,0.71226394,-0.5321837,0.94164133,-1.613848,1.3945543,2.2481399,0.58966976,0.30463633,0.23063646,-0.8636705,0.13577612,-2.7834928,-0.62109923,1.9638071,1.8906031,-0.9243498,1.3567397e-05,0.2741912,0.043198336,-1.6626345,1.2789872,1.625865,-1.1236904,0.19694845,0.8676356,0.42278394,0.464163,0.28861317,-0.9684731,0.28983167,0.5290053,-1.2417648,-0.59137774,0.66358393,1.0172831,0.084118366,-0.048203494,-0.6507057,0.7863834,-1.1386003,0.53126943,0.29070443,0.44454542,1.7054889,-0.6438259,-0.40507945,0.07966525,-0.26082996,0.6193783,-0.48688546,0.42969257,-0.15205254,0.25401887,2.5268342,-0.4087584,0.16764414,-0.12426211,-0.31668636,0.52941805,0.1052525,0.8796148,-1.0799454,-1.5933644,1.0486438,-1.4686345,0.65054154,-0.9160369,-0.5041748,-0.9208581,0.004631349,0.8542468,-0.012819832,5,0
175,-1.5735214,0.07338792,-1.0464526,0.6358142,2.176588,-1.4010918,-0.32202527,-0.9766162,0.10090759,-0.92428064,-0.66531587,0.7387419,-1.0253004,0.044964526,0.90935344,2.548281,-2.0378315,0.926651,0.6358603,-0.5388078,0.94164133,-1.613848,1.2814848,2.155646,0.49089438,0.30463633,0.23063646,-0.91272515,0.043512013,-2.7834928,-0.62109923,1.9011396,1.8906031,-0.9243498,1.3567397e-05,0.2601105,0.024939153,-1.6880381,1.3050132,1.5905967,-1.1236904,0.15620363,0.8676356,0.42278394,0.18482512,0.29799876,-0.9363655,0.28758892,0.51556563,-1.2297838,-0.60155594,0.61549175,1.0218502,0.087872274,-0.26139298,-0.64550126,0.8100812,-1.10384,0.5141249,0.29957575,0.46035767,1.5999036,-0.5738474,-0.40666798,0.44997832,-0.23382215,0.61149347,-0.4915029,0.47480386,-0.09843716,0.2322622,2.5288868,-0.32944855,0.16764414,-0.66814685,-0.37253317,0.4972183,0.086384356,0.92909133,-1.1529304,-1.5933644,1.0486438,-1.4668626,0.65347046,-0.8857589,-0.50549626,-0.8922023,0.00084456947,0.85125417,0.03410845,5,0
176,-1.581952,0.06382501,-1.0260408,0.59244925,2.096053,-1.2908993,-0.3052998,-0.96382576,0.12325669,-0.9142748,-0.6129645,0.68650377,-1.0149136,0.053184953,0.89668447,2.5500646,-2.0354404,0.8304861,0.5594565,-0.54354596,0.95230365,-1.4730896,1.1282303,2.0490856,0.39211863,0.30923942,0.2517219,-0.94542825,-0.041015245,-2.7227714,-0.59950864,1.7989644,1.8884684,-0.86537355,0.51649463,0.24742761,0.0075076725,-1.7105575,1.3303283,1.5565038,-1.1192809,0.10568546,0.82872474,0.39930776,0.23208782,0.30674395,-0.90408635,0.28528586,0.5030234,-1.2171199,-0.6004972,0.5720566,1.0095912,0.09600617,-0.16815323,-0.64089733,0.8329708,-1.069485,0.4961712,0.30640835,0.4729908,1.4669505,-0.50427216,-0.40658873,0.6224027,-0.20800368,0.6052347,-0.49506736,0.51657367,-0.04660675,0.22555928,2.462713,-0.2480158,0.16434938,-0.6544087,-0.42615113,0.46596542,0.06762466,0.9756495,-1.2221961,-1.6070473,0.98358244,-1.4695147,0.6224867,-0.8270667,-0.49614006,-0.85018915,-0.009115389,0.848752,0.07908863,5,0
177,-1.6072446,0.03513645,-0.9648057,0.46235436,1.9548105,-0.9603213,-0.25512347,-0.9254544,0.19030395,-0.88425744,-0.45591038,0.6210057,-0.9837529,0.077846184,0.89435756,2.5554154,-2.0282667,0.7365346,0.48305228,-0.5445125,0.98429054,-1.0508149,0.8946052,1.9143907,0.29334244,0.32304895,0.314978,-0.94542825,-0.11006881,-2.5406075,-0.534737,1.6177727,1.8820643,-0.68844455,2.065938,0.23754045,-0.008268777,-1.7273089,1.3542219,1.5247613,-1.106053,0.03562057,0.7119919,0.32887954,0.93255156,0.3142082,-0.8714649,0.2828627,0.49227616,-1.2030905,-0.5769647,0.5379358,0.9636798,0.11290009,0.53794503,-0.6374942,0.8542443,-1.0359405,0.4765992,0.30916354,0.47926572,1.2792616,-0.4355034,-0.40317377,0.39904985,-0.184564,0.6022274,-0.4965255,0.55166054,0.001653594,0.24896467,2.2600853,-0.16233715,0.1544653,0.47457528,-0.47531125,0.436605,0.049082287,1.0163711,-1.2840233,-1.6480963,0.7883985,-1.4810154,0.5236785,-0.71154606,-0.46542898,-0.7814613,-0.031421646,0.84723103,0.12017266,5,0
178,-1.6212957,0.01919867,-0.9307868,0.39008072,1.876344,-0.774168,-0.22724822,-0.9041373,0.22755174,-0.84570163,-0.3686597,0.5846186,-0.9664417,0.09154665,0.89306474,2.5583882,-2.0242813,0.68434036,0.4406063,-0.5450495,1.0165476,-0.816222,0.7648159,1.8395617,0.2384678,0.3314535,0.3515578,-0.9162285,-0.1484312,-2.439407,-0.4987534,1.5170715,1.8785067,-0.5901525,2.2380724,0.22768502,-0.024334323,-1.743486,1.3777828,1.4932035,-1.0987042,-0.008785586,0.64714164,0.2897535,1.0103692,0.32167247,-0.8400922,0.28061637,0.4814835,-1.1892525,-0.5638912,0.51898015,0.9381739,0.12228546,0.7111417,-0.6340912,0.8746356,-1.0025012,0.4568285,0.31188774,0.48747516,1.174992,-0.3971091,-0.39963573,0.3202611,-0.16112442,0.59845984,-0.49780056,0.58638525,0.04952848,0.26394218,2.1461174,-0.11448992,0.14882055,0.891095,-0.5244713,0.40476513,0.03064134,1.0564191,-1.3451924,-1.670901,0.67996484,-1.4874046,0.46878588,-0.64728683,-0.4470027,-0.74317926,-0.043895617,0.84570986,0.16125652,5,0
179,-1.6212957,0.01919867,-0.9307868,0.39008072,1.876344,-0.76853776,-0.22724822,-0.9041373,0.22755174,-0.7964735,-0.3686597,0.5846186,-0.9664417,0.09154665,0.89306474,2.5583882,-2.0242813,0.68434036,0.4406063,-0.5450495,1.0491422,-0.816222,0.7648159,1.8395617,0.2384678,0.33310232,0.35479328,-0.8505302,-0.1484312,-2.439407,-0.4987534,1.516979,1.8785067,-0.5901525,0.6886416,0.21786933,-0.040761378,-1.7589462,1.4009275,1.4618765,-1.0987042,-0.021119649,0.64714164,0.2897535,0.30991107,0.3291367,-0.8102817,0.27859125,0.4706338,-1.1756533,-0.5638912,0.51898015,0.9381739,0.12228546,0.21823856,-0.630688,0.89392394,-0.9691938,0.4368096,0.3145732,0.4981012,1.174992,-0.39668134,-0.39594415,0.42217013,-0.13768497,0.5937415,-0.49884656,0.6206571,0.09692155,0.26838487,2.1429691,-0.11392987,0.14847486,0.41707072,-0.573631,0.3698249,0.012327394,1.0956253,-1.4055387,-1.670901,0.67996484,-1.4874046,0.46878588,-0.64710164,-0.44393203,-0.74295306,-0.04407985,0.8441887,0.20234023,5,0
180,-1.635347,0.01919867,-0.9307868,0.3445338,1.839927,-0.7660355,-0.22724822,-0.9041373,0.22755174,-0.7745945,-0.3686597,0.55689913,-0.9664417,0.09154665,0.89210707,2.5583882,-2.0242813,0.6346462,0.39981487,-0.54668653,1.0636286,-0.816222,0.7216014,1.7725996,0.18359205,0.33383518,0.35623136,-0.8213313,-0.19582094,-2.439407,-0.4649083,1.4722914,1.8805256,-0.5901525,0.80964386,0.20805365,-0.05715898,-1.7735612,1.4228851,1.432222,-1.0987042,-0.050129596,0.64714164,0.2897535,-0.0014001053,0.33578777,-0.78172714,0.276405,0.46101424,-1.1630471,-0.5644279,0.50776887,0.93839735,0.12248746,-0.012066789,-0.6282377,0.9118299,-0.93675154,0.41596356,0.3140058,0.5068661,1.1010243,-0.3600689,-0.39470237,0.42385536,-0.11601952,0.58801985,-0.49993503,0.6516228,0.14086504,0.26204288,2.1421542,-0.06922215,0.14832109,-0.06321603,-0.62279075,0.33316988,-0.006646239,1.1337109,-1.4657135,-1.6729809,0.67996484,-1.4893079,0.46894348,-0.6312604,-0.4428991,-0.72505295,-0.044365454,0.8435127,0.24222852,5,0
181,-1.6606393,0.01919867,-0.9307868,0.26255018,1.7743767,-0.7660355,-0.22724822,-0.9041373,0.22755174,-0.7745945,-0.3686597,0.50700444,-0.9664417,0.09154665,0.8903835,2.5583882,-2.0242813,0.54519755,0.32639098,-0.54963315,1.0636286,-0.816222,0.6438162,1.6520691,0.08481668,0.33383518,0.35623136,-0.8213313,-0.28112173,-2.439407,-0.4039875,1.3919284,1.8841599,-0.5901525,2.2669652,0.19823796,-0.07353313,-1.7875004,1.4438928,1.4039054,-1.0987042,-0.09248001,0.64714164,0.2897535,-0.0014001053,0.34178832,-0.754177,0.27408972,0.45237875,-1.1512349,-0.56539357,0.4875887,0.9387997,0.12285108,-0.032298286,-0.6265496,0.92862976,-0.9050016,0.39445588,0.31083614,0.51414114,0.96788365,-0.2945093,-0.3954205,0.34536326,-0.09577323,0.58149505,-0.5010573,0.6799434,0.18204896,0.24707265,2.1432061,0.010802906,0.14832109,-0.5485127,-0.6719505,0.2951427,-0.026147805,1.1708999,-1.5257509,-1.6767248,0.67996484,-1.4927338,0.46922722,-0.6028944,-0.44349644,-0.6930141,-0.04473226,0.8435127,0.28116053,5,0
182,-1.6859317,0.027147029,-0.88996327,0.18383889,1.7114052,-0.6040979,-0.21305463,-0.8819223,0.22578947,-0.72683346,-0.31673393,0.46533963,-0.9634904,0.10798749,0.8581506,2.5901122,-2.0107782,0.4706566,0.2565832,-0.5518883,1.0790342,-0.7299897,0.6100468,1.5024405,-0.013959285,0.34224448,0.39462733,-0.71932805,-0.35230276,-2.3179643,-0.3395968,1.3126274,1.8796765,-0.49549586,2.835744,0.19047652,-0.08872426,-1.7975227,1.4644824,1.3763158,-1.0813347,-0.14138865,0.60274184,0.28084645,0.9183688,0.34705454,-0.7289949,0.27221859,0.4443797,-1.1390476,-0.5477014,0.48500535,0.92826974,0.13986604,0.35176772,-0.6257189,0.94404215,-0.87328815,0.37239417,0.30423018,0.5256198,0.8014095,-0.2323588,-0.39424068,0.4176483,-0.078426465,0.5756848,-0.50174075,0.7041017,0.21668205,0.26023057,2.0047162,0.09321185,0.14248937,-0.0071204714,-0.7166525,0.258965,-0.043401357,1.202071,-1.5791641,-1.6902286,0.59073585,-1.4924002,0.4225883,-0.5433819,-0.43899032,-0.65189093,-0.06500227,0.8442723,0.31584546,5,0
183,-1.7112241,0.03906948,-0.8287282,0.106763795,1.6497228,-0.36119154,-0.1917642,-0.8485998,0.223146,-0.65519184,-0.23884533,0.42778975,-0.9590636,0.13264872,0.8106632,2.637698,-1.990523,0.40356952,0.18858343,-0.5537978,1.1021427,-0.6006413,0.5982854,1.3382632,-0.11273548,0.35485852,0.45222107,-0.566323,-0.41642392,-2.1358004,-0.27347085,1.2338573,1.8711342,-0.35351107,2.960251,0.1837422,-0.10332426,-1.8055863,1.484863,1.34909,-1.0552803,-0.19357651,0.5361422,0.26748604,2.2980223,0.3519536,-0.7049969,0.27056935,0.43669885,-1.1266727,-0.52067983,0.49122018,0.9122738,0.1652066,0.93798244,-0.6253171,0.95876074,-0.841593,0.3500554,0.29590616,0.53920037,0.6182684,-0.17191282,-0.3921119,0.5653219,-0.062529474,0.5702317,-0.5022046,0.72617877,0.24803977,0.28745255,1.7964556,0.17681277,0.1337418,1.0476162,-0.7591256,0.22371167,-0.059531134,1.230233,-1.6292653,-1.7086124,0.45689252,-1.4901868,0.35248822,-0.46829614,-0.43193248,-0.6062256,-0.09522386,0.8454121,0.34840688,5,0
184,-1.7168446,0.041718878,-0.81512094,0.08963677,1.6360162,-0.30408692,-0.1870332,-0.8411951,0.2225586,-0.6392722,-0.22153753,0.4194457,-0.9580799,0.13812877,0.8001109,2.648272,-1.9131601,0.38866198,0.17347306,-0.55422205,1.1072775,-0.5718985,0.59567183,1.301781,-0.13468474,0.3599058,0.46501917,-0.5323234,-0.4306724,-2.0953214,-0.25877675,1.2163136,1.8692361,-0.3219603,1.7575918,0.17704764,-0.1182473,-1.8129332,1.5047795,1.3222666,-1.0494908,-0.20517327,0.5213429,0.2645171,1.5315288,0.35685262,-0.68147045,0.26891327,0.4291181,-1.1144743,-0.5146753,0.47864923,0.90871936,0.1708376,0.6280352,-0.62491524,0.9716291,-0.81004965,0.32903013,0.2873647,0.54221827,0.5775723,-0.15848099,-0.3916388,0.35076034,-0.046632536,0.5642282,-0.5025654,0.7478548,0.27892178,0.2989905,1.7501776,0.19579445,0.13217075,0.8899288,-0.8015984,0.18682574,-0.07589589,1.2577636,-1.6782727,-1.7126974,0.42715076,-1.489695,0.33691108,-0.45161122,-0.43036407,-0.5959148,-0.101740815,0.84655166,0.3809681,5,0
185,-1.7168446,0.041718878,-0.81512094,0.08963677,1.6360162,-0.30006534,-0.1870332,-0.8411951,0.2225586,-0.6392722,-0.22153753,0.4194457,-0.9580799,0.13812877,0.8001109,2.648272,-1.8194815,0.38866198,0.17347306,-0.55422205,1.1072775,-0.5718985,0.59567183,1.301781,-0.13468474,0.36279133,0.46501917,-0.5323234,-0.4306724,-2.0953214,-0.25877675,1.2162622,1.8692361,-0.3219603,0.17576419,0.17036444,-0.13326283,-1.8200754,1.5245632,1.295558,-1.0494908,-0.20517327,0.5213429,0.2645171,0.15188651,0.36175165,-0.6580788,0.2672554,0.4215659,-1.1023262,-0.5146753,0.46071118,0.90871936,0.1708376,0.062056668,-0.6245134,0.9839687,-0.7785496,0.30838025,0.27876103,0.54221827,0.5775723,-0.15848099,-0.3916388,0.03270901,-0.030735662,0.55806816,-0.5028968,0.76941633,0.30966786,0.30604818,1.7501776,0.19631459,0.13265038,0.385855,-0.8440712,0.14947213,-0.09232789,1.2851138,-1.7269673,-1.7126974,0.42715076,-1.489695,0.33691108,-0.45161122,-0.43036407,-0.5957046,-0.101485424,0.84769136,0.41352925,5,0
186,-1.7168446,0.041718878,-0.81512094,-0.080113426,1.5949411,-0.29961848,-0.1870332,-0.8411951,0.2225586,-0.6392722,-0.22153753,0.39597467,-0.9580799,0.13812877,0.76847184,2.6413074,-1.8090731,0.38866198,0.12817395,-0.5555002,1.1072775,-0.5718985,0.59567183,1.1901029,-0.21396892,0.3631119,0.46501917,-0.5323234,-0.45336783,-2.0953214,-0.25877675,1.1711334,1.8692361,-0.3219603,1.3567397e-05,0.16368116,-0.14870441,-1.8275493,1.5427948,1.271567,-1.0494908,-0.22380403,0.5213429,0.2645171,-0.0014001053,0.36596215,-0.6358793,0.26546922,0.41507825,-1.091117,-0.53129566,0.45619535,0.9154635,0.17774354,-0.34895185,-0.6241116,0.9947751,-0.74739116,0.2877336,0.2701854,0.5476184,0.46008134,-0.118461005,-0.39195043,0.123837106,-0.01779741,0.55144066,-0.5035444,0.78689647,0.33381638,0.30012885,1.7507594,0.26061237,0.13270363,0.0054554874,-0.8865439,0.11022288,-0.109255,1.3117936,-1.7749988,-1.7126974,0.42715076,-1.4870784,0.34229904,-0.4342956,-0.4306233,-0.57473224,-0.10842349,0.84860486,0.44409677,5,0
187,-1.7168446,0.041718878,-0.81512094,-0.27108142,1.5487319,-0.29961848,-0.1870332,-0.8411951,0.2225586,-0.6392722,-0.22153753,0.36956996,-0.9580799,0.13812877,0.7328781,2.633472,-1.8090731,0.38866198,0.07721275,-0.55693823,1.1072775,-0.5718985,0.59567183,1.0644659,-0.3031631,0.3631119,0.46501917,-0.5323234,-0.47890005,-2.0953214,-0.25877675,1.1203703,1.8692361,-0.3219603,1.3567397e-05,0.15699796,-0.16419908,-1.8350646,1.5608326,1.2479156,-1.0494908,-0.24476351,0.5213429,0.2645171,-0.0014001053,0.3700866,-0.613828,0.26366732,0.40872353,-1.0800253,-0.5499935,0.45335725,0.9230506,0.18551272,-0.7405901,-0.62370974,1.0053899,-0.71627545,0.26708737,0.26161328,0.5536931,0.3279049,-0.07343878,-0.3923011,0.26611,-0.005229,0.5447545,-0.5042316,0.80386657,0.3571402,0.29258758,1.7514138,0.33288196,0.13270363,-0.3594855,-0.92901665,0.07073692,-0.12624368,1.3383895,-1.8229473,-1.7126974,0.42715076,-1.4841348,0.34836054,-0.41481557,-0.430915,-0.55116475,-0.11626068,0.84949005,0.47441503,5,0
188,-1.691552,0.012657652,-0.7538858,-0.4144313,1.4177352,-0.04625592,-0.17034611,-0.8136205,0.24779142,-0.604452,-0.2841038,0.34968048,-0.95474535,0.16279,0.7058162,2.4005117,-1.4672699,0.40312737,0.03901064,-0.55693823,1.1094667,-0.5324028,0.6747942,0.9303492,-0.3647007,0.3801779,0.4331485,-0.41873765,-0.4847029,-1.9131573,-0.310648,0.9635485,1.8480543,-0.22898008,-1.2408286,0.15352876,-0.17702754,-1.8380536,1.576475,1.2289665,-1.0283213,-0.26892972,0.4733282,0.23747893,1.119594,0.3736276,-0.59186476,0.26175544,0.40194425,-1.0695512,-0.5067094,0.31087494,0.90208673,0.20538361,0.5576636,-0.62303054,1.0122334,-0.68783504,0.25375873,0.2550238,0.55549926,0.1974181,-0.039733153,-0.39205655,0.16614209,0.0037864137,0.538314,-0.5050967,0.817406,0.37140697,0.32646036,1.5443976,0.38423392,0.1413643,0.6757943,-0.96480256,0.037215676,-0.13913274,1.3574473,-1.8606135,-1.7104748,0.32984418,-1.471391,0.3050109,-0.36495453,-0.42001164,-0.51484066,-0.13169271,0.84986,0.4988993,5,0
189,-1.6690701,-0.013174129,-0.69945514,-0.5418519,1.301295,0.17931022,-0.15469486,-0.7890842,0.2712351,-0.57350105,-0.33971766,0.3320012,-0.94886816,0.18471089,0.68176156,2.1934385,-1.1568601,0.41605923,0.0050535896,-0.55667627,1.1114126,-0.49729595,0.7451245,0.8111357,-0.41940016,0.39534748,0.4048192,-0.31777367,-0.48986086,-1.7512356,-0.35675508,0.82414997,1.8292261,-0.14633198,-2.205904,0.15006414,-0.18987477,-1.8409816,1.5920715,1.2100693,-1.0097449,-0.29041052,0.42944238,0.21279621,1.9787037,0.37716863,-0.5699114,0.25984025,0.3951612,-1.0590732,-0.47079435,0.18334402,0.8812744,0.2230464,1.5573068,-0.62235,1.0189161,-0.6594275,0.24053049,0.24845462,0.5560463,0.08143108,-0.009753403,-0.39177507,0.047777362,0.012801887,0.5318642,-0.5059552,0.83091265,0.3856419,0.35656905,1.3603853,0.42987964,0.14906272,1.50194,-1.0005885,0.0035885833,-0.15203153,1.3764474,-1.8981677,-1.7089914,0.24300769,-1.4609082,0.2664784,-0.31973916,-0.4100099,-0.48093492,-0.14540993,0.85022837,0.52338356,5,0
190,-1.6690701,-0.013174129,-0.69945514,-0.5418519,1.301295,0.1825275,-0.14732961,-0.7888512,0.2803669,-0.57350105,-0.33971766,0.3320012,-0.922652,0.18471089,0.68176156,2.1934385,-1.0975724,0.41672343,0.0050535896,-0.55431896,1.1114126,-0.49729595,0.7451245,0.8111357,-0.41940016,0.39534748,0.4048192,-0.31777367,-0.48986086,-1.7512356,-0.35675508,0.82412386,1.8292261,-0.14633198,-0.96507186,0.14663582,-0.20287038,-1.8434222,1.6073005,1.1915885,-1.0119121,-0.29041052,0.4185837,0.20695613,0.7429541,0.38070962,-0.5480362,0.2578968,0.38834944,-1.0485643,-0.49382514,0.17541175,0.86167485,0.2230464,0.16831045,-0.621658,1.0243126,-0.63128245,0.22810513,0.24204804,0.5465151,0.08143108,-0.009577661,-0.39119914,-0.21774691,0.02181724,0.5253386,-0.5067615,0.8441573,0.3996227,0.35656905,1.3603853,0.42987964,0.14906272,0.6551861,-1.0363742,-0.030880805,-0.16500808,1.3949865,-1.9348277,-1.7134237,0.23992337,-1.4685124,0.2664784,-0.31168497,-0.40721962,-0.46637523,-0.14540993,0.85058343,0.5478676,5,0
191,-1.6746907,-0.013174129,-0.69945514,-0.5418519,1.2782712,0.18502979,-0.14160109,-0.78866994,0.2874694,-0.57350105,-0.35021645,0.3281147,-0.90226185,0.18471089,0.67724156,2.131179,-1.0514601,0.41724005,-0.0012795654,-0.5524855,1.1114126,-0.49729595,0.7387684,0.7825948,-0.42965108,0.39534748,0.39964217,-0.31777367,-0.48986086,-1.7512356,-0.34333277,0.7960605,1.8302288,-0.14633198,0.32109675,0.14320748,-0.215448,-1.845444,1.6220274,1.1739888,-1.0135977,-0.29262647,0.41013813,0.20241374,-0.19267452,0.3841366,-0.5263362,0.2559134,0.38163105,-1.0383382,-0.5139897,0.14542073,0.8472936,0.22405063,-0.85198665,-0.6209661,1.0294168,-0.60414755,0.21588401,0.23613188,0.5393921,0.05374859,-0.003840923,-0.3907511,-0.36786386,0.03007649,0.5189091,-0.50767744,0.85625136,0.41206524,0.3554602,1.3603853,0.43811524,0.15001808,-0.031112606,-1.07216,-0.0656408,-0.17799924,1.4134644,-1.9713062,-1.7179037,0.23752461,-1.4750801,0.26726183,-0.3029977,-0.4050494,-0.45236406,-0.14591411,0.85090107,0.5718422,5,0
192,-1.699983,-0.013174129,-0.69945514,-0.5418519,1.1746665,0.18502979,-0.14160109,-0.78866994,0.2874694,-0.57350105,-0.39745995,0.31062585,-0.90226185,0.18471089,0.6569024,1.8510176,-1.0514601,0.41724005,-0.029778108,-0.5524855,1.1114126,-0.49729595,0.71016705,0.6541636,-0.47577915,0.39534748,0.37634587,-0.31777367,-0.48986086,-1.7512356,-0.2829339,0.6698693,1.8347404,-0.14633198,1.7659382,0.13977915,-0.22656159,-1.8459997,1.6349968,1.159473,-1.0135977,-0.30259794,0.41013813,0.20241374,-0.07790987,0.3871645,-0.50524974,0.25378978,0.37523976,-1.0291023,-0.52412456,0.038226534,0.8511764,0.2285694,-0.5818743,-0.62027407,1.0334984,-0.580548,0.2043781,0.23193231,0.5406978,-0.07081975,0.02135873,-0.3907511,-0.11406699,0.0356894,0.51281387,-0.5089776,0.86431867,0.41912395,0.35047114,1.3603853,0.47517475,0.15431693,-0.15583421,-1.1079457,-0.10141822,-0.19104111,1.431728,-2.0071497,-1.7225515,0.23752461,-1.4780205,0.27078745,-0.29209444,-0.4050494,-0.44027275,-0.14818285,0.8510876,0.5940335,5,0
193,-1.7252752,-0.012677411,-0.6790434,-0.51828754,1.079704,0.2263185,-0.13059147,-0.78173095,0.29379764,-0.55255556,-0.42895567,0.28965056,-0.89120424,0.19293126,0.63745356,1.5942342,-0.95173234,0.41591159,-0.055908196,-0.55189615,1.1236559,-0.49641827,0.67185336,0.5364268,-0.51808804,0.3994972,0.36081514,-0.2893529,-0.47477356,-1.6905142,-0.21917772,0.5523786,1.8336467,-0.12175348,2.8094697,0.13687459,-0.23673679,-1.8450936,1.6475868,1.1454594,-1.0095131,-0.32224372,0.38857982,0.19624376,0.21488936,0.3899192,-0.4848353,0.2518018,0.36883202,-1.0198616,-0.52201134,-0.07312346,0.83860457,0.23712608,-0.14525536,-0.61960757,1.0367919,-0.5578198,0.1949388,0.22814639,0.5437211,-0.18326257,0.044405706,-0.38923824,0.095356174,0.040451445,0.5070168,-0.51036537,0.8708877,0.42464682,0.35706675,1.2912676,0.5093523,0.15781699,0.05062271,-1.1415024,-0.13432682,-0.2026203,1.4479111,-2.0395088,-1.730224,0.21231848,-1.48182,0.26190603,-0.2662832,-0.40134946,-0.4171227,-0.1549503,0.85121423,0.6145049,5,0
194,-1.7505678,-0.011187082,-0.6178082,-0.44759446,1.002026,0.35018465,-0.097562514,-0.76091415,0.31278235,-0.4897191,-0.42895567,0.26170248,-0.8580314,0.21759258,0.6197858,1.3842071,-0.6525491,0.4119262,-0.077301376,-0.55012816,1.1603862,-0.4937852,0.61411536,0.44007856,-0.5527585,0.41194627,0.36081514,-0.20409054,-0.42951155,-1.5083503,-0.14870721,0.45228907,1.8213421,-0.04801785,3.0503824,0.1350175,-0.24503577,-1.8412644,1.6594181,1.1324507,-0.9972595,-0.36123803,0.32390487,0.17773363,0.86375767,0.39212728,-0.4657657,0.25008515,0.3623917,-1.0106109,-0.49540198,-0.19278495,0.7931239,0.25375852,0.62437683,-0.618992,1.0385089,-0.5368341,0.18963286,0.22518784,0.55017936,-0.27145436,0.063147336,-0.38469958,0.21603194,0.043511946,0.50181556,-0.5119285,0.87446016,0.4270981,0.3868325,1.0839143,0.53776616,0.15971927,0.91943663,-1.1706014,-0.16149972,-0.21127413,1.4599332,-2.0648987,-1.7439463,0.13670006,-1.487338,0.22821088,-0.21065608,-0.39024928,-0.37185514,-0.17071514,0.8512209,0.63153636,5,0
195,-1.7646189,-0.010359103,-0.58378935,-0.40352097,0.9588723,0.41899794,-0.07819046,-0.74928033,0.3233292,-0.45481056,-0.4241319,0.24617605,-0.83960235,0.23129301,0.6099706,1.2675276,-0.48633912,0.40971217,-0.08918627,-0.549146,1.1807915,-0.49232244,0.5820393,0.38655275,-0.5720195,0.41886228,0.3687245,-0.15672345,-0.40436643,-1.40715,-0.109557815,0.39633006,1.8145063,-0.007054387,2.43498,0.13316047,-0.25334075,-1.8373011,1.6711308,1.1195753,-0.99060357,-0.3832934,0.28638512,0.16742946,0.9278234,0.39433536,-0.446909,0.24838756,0.35601544,-1.0013546,-0.4806191,-0.25926235,0.76785725,0.2629986,0.80422705,-0.6183765,1.0399777,-0.5160124,0.18430685,0.2222688,0.5537672,-0.32044888,0.07355916,-0.38217822,0.21584764,0.046572387,0.49664864,-0.5134767,0.8779999,0.42952347,0.4044239,0.9687201,0.5535668,0.15932937,1.0977701,-1.1997001,-0.1887355,-0.21994472,1.4718293,-2.0900114,-1.752219,0.09467948,-1.4904033,0.20949171,-0.1785845,-0.38407445,-0.34670076,-0.18024379,0.85122746,0.6485678,5,0
196,-1.7646189,-0.010359103,-0.58378935,-0.39272076,0.9588723,0.41899794,-0.07588883,-0.749125,0.3233292,-0.45481056,-0.41327867,0.24617605,-0.83960235,0.23129301,0.6099706,1.2675276,-0.48633912,0.40971217,-0.08918627,-0.549146,1.1807915,-0.49232244,0.5820393,0.38655275,-0.5720195,0.41886228,0.38652027,-0.15672345,-0.40436643,-1.40715,-0.109557815,0.395532,1.8145063,-0.007054387,0.74922806,0.13130344,-0.26165363,-1.8331698,1.6826952,1.1068662,-0.99094427,-0.38417593,0.28280786,0.16738296,0.26091588,0.39654347,-0.42831734,0.24671364,0.34971908,-0.992091,-0.4806191,-0.25926235,0.76785725,0.2629986,0.24688001,-0.6177609,1.0411359,-0.49539557,0.1789559,0.21939914,0.5537672,-0.32044888,0.07355916,-0.38217822,0.06459445,0.04963277,0.491525,-0.5150061,0.88149875,0.4319166,0.4067983,0.9687201,0.55360156,0.15607408,0.41303867,-1.2287987,-0.21605016,-0.22863658,1.483568,-2.114777,-1.753679,0.09465492,-1.4904033,0.20949171,-0.17595619,-0.38405603,-0.34668678,-0.18197764,0.8512342,0.6655991,5,0
197,-1.7786702,-0.010359103,-0.58378935,-0.38792074,0.92652094,0.41899794,-0.074865885,-0.749056,0.3233292,-0.45481056,-0.40845504,0.2321734,-0.83960235,0.23129301,0.602645,1.1873684,-0.48633912,0.39962572,-0.08918627,-0.549146,1.1807915,-0.49232244,0.4500199,0.36851418,-0.5752572,0.41886228,0.39442933,-0.15672345,-0.40436643,-1.40715,-0.07610639,0.35622522,1.8169717,-0.007054387,0.8002239,0.1294464,-0.26935098,-1.8285319,1.6935624,1.095456,-0.9910957,-0.39254767,0.281218,0.16736206,-0.02545936,0.39834076,-0.41034552,0.24497712,0.3440461,-0.98337805,-0.48412424,-0.2925317,0.76910126,0.26462436,-0.074241556,-0.6173387,1.0419512,-0.47626212,0.1738763,0.21645479,0.5537672,-0.353241,0.07355916,-0.38217822,-0.0026284144,0.05221531,0.48724985,-0.5165534,0.8819392,0.43518773,0.40779108,0.9687201,0.55620253,0.15462725,0.07418447,-1.2578975,-0.24351047,-0.23732018,1.4951696,-2.1392171,-1.7568674,0.09464389,-1.4923508,0.2107601,-0.1747881,-0.38404778,-0.3465598,-0.18438822,0.85133153,0.6823085,5,0
198,-1.8039625,-0.010359103,-0.58378935,-0.38792074,0.86828905,0.41899794,-0.074865885,-0.749056,0.3233292,-0.45481056,-0.40845504,0.20696886,-0.83960235,0.23129301,0.5894589,1.0430834,-0.48633912,0.3814703,-0.08918627,-0.549146,1.1807915,-0.49232244,0.21238719,0.33604512,-0.58108497,0.41886228,0.39442933,-0.15672345,-0.40436643,-1.40715,-0.015894692,0.2861123,1.8214095,-0.007054387,2.2405891,0.12758937,-0.27655584,-1.8234887,1.7038721,1.0850849,-0.9910957,-0.40691072,0.281218,0.16736206,-0.0074149193,0.39980948,-0.3928714,0.24319021,0.3388716,-0.97510535,-0.4904332,-0.35241595,0.7713404,0.26755074,-0.20638663,-0.6170713,1.0424924,-0.45831537,0.16901392,0.21345066,0.5537672,-0.41226628,0.07355916,-0.38217822,-0.0026284144,0.054415595,0.4836534,-0.5181149,0.87993276,0.4391612,0.40767917,0.9687201,0.5608565,0.15462725,0.012026505,-1.2869961,-0.27108815,-0.24599732,1.5066614,-2.1633966,-1.761439,0.09464389,-1.4958558,0.21304327,-0.1747881,-0.38404778,-0.34634256,-0.18734021,0.8515017,0.6987602,5,0
199,-1.8292549,-0.009613939,-0.5429659,-0.30217266,0.82476306,0.42328766,-0.0586775,-0.73787075,0.3327815,-0.42332563,-0.36972353,0.18279298,-0.82714576,0.24773385,0.57546836,0.9227498,-0.4095389,0.3663161,-0.08653759,-0.5531063,1.1781969,-0.51338685,-0.059283692,0.3143026,-0.585925,0.42328683,0.40338123,-0.11448162,-0.46955147,-1.2857074,0.05202294,0.22702773,1.8148026,0.029347643,2.9050336,0.12578681,-0.28228953,-1.8163816,1.713781,1.0743858,-0.9833853,-0.43376642,0.25002852,0.15848494,0.40689045,0.40081546,-0.37668198,0.2416802,0.33409226,-0.9665121,-0.46310285,-0.40763888,0.74899805,0.2784057,0.45415682,-0.61697835,1.0424023,-0.44138908,0.16570006,0.21048883,0.5686726,-0.4162897,0.07077434,-0.38344845,0.34644935,0.056326546,0.48075595,-0.51980495,0.87406707,0.44531214,0.41969568,0.83558303,0.5648682,0.15367644,0.2945068,-1.3116369,-0.2900222,-0.25255063,1.5127748,-2.1818504,-1.7673633,0.057450168,-1.4980123,0.1984713,-0.15307742,-0.38159147,-0.32812434,-0.19879673,0.8517235,0.71272373,5,0
200,-1.8545473,-0.008496279,-0.48173067,-0.1735505,0.78859,0.42972228,-0.034394898,-0.721093,0.34695995,-0.37609822,-0.3116263,0.1591314,-0.80846083,0.27239507,0.5610756,0.8143918,-0.2943385,0.35266253,-0.08256458,-0.55904675,1.174305,-0.5449833,-0.34797367,0.29792342,-0.5902711,0.42992362,0.41680902,-0.051118843,-0.56732893,-1.1035433,0.1237932,0.17345731,1.8026735,0.08395069,3.1815171,0.12401136,-0.28728765,-1.8082427,1.7234895,1.0635227,-0.97181964,-0.46686843,0.20324434,0.1451696,1.0193262,0.40159002,-0.36113486,0.24030839,0.3295105,-0.9577583,-0.41895357,-0.46053106,0.7143652,0.29322502,1.5110446,-0.61697274,1.0419967,-0.42497304,0.16316031,0.20754814,0.5910302,-0.39281213,0.0665971,-0.3853539,0.87006587,0.058092892,0.47820735,-0.5215594,0.86627185,0.4525518,0.43777674,0.63587725,0.5685588,0.1522501,0.74930614,-1.3340486,-0.30463377,-0.25804207,1.5161992,-2.1974413,-1.7739642,0.0016598386,-1.4994944,0.17547168,-0.12051147,-0.37790695,-0.30090562,-0.21450548,0.8519713,0.7254432,5,0
201,-1.8601677,-0.008247834,-0.4681235,-0.13236868,0.7805519,0.4311521,-0.028999016,-0.7168211,0.35590485,-0.3656037,-0.29375076,0.1538735,-0.80430883,0.27787513,0.55787736,0.79031336,-0.2687396,0.34962854,-0.059099916,-0.5603668,1.1734401,-0.5520045,-0.41212407,0.29428375,-0.5912369,0.43139833,0.41979277,-0.037038874,-0.5890563,-1.0630643,0.13974133,0.16064523,1.7999781,0.096084185,1.9076124,0.12223603,-0.29227227,-1.79995,1.7330452,1.0528255,-0.9689666,-0.47454375,0.19268495,0.13862252,0.6940636,0.4023646,-0.34568477,0.23890553,0.32504094,-0.949069,-0.40914282,-0.47228435,0.70666933,0.2965181,1.0266508,-0.616967,1.0413486,-0.4087936,0.16060153,0.20467898,0.5947724,-0.38759512,0.045867365,-0.38577732,0.5504331,0.059859235,0.4756689,-0.52328986,0.85842603,0.45954266,0.4417945,0.5915003,0.5693789,0.15193309,0.4988145,-1.3564603,-0.31928256,-0.26347002,1.5195607,-2.212784,-1.7754977,-0.01263252,-1.4998237,0.17036088,-0.12172246,-0.37566817,-0.2948573,-0.21799615,0.852219,0.7381626,5,0
202,-1.8601677,-0.008247834,-0.4681235,-0.11616829,0.7805519,0.4311521,-0.028999016,-0.716122,0.36335444,-0.3656037,-0.2873665,0.1538735,-0.80430883,0.27787513,0.55787736,0.79031336,-0.2687396,0.34962854,-0.030066533,-0.5603668,1.1734401,-0.5520045,-0.41212407,0.29428375,-0.5912369,0.43139833,0.41979277,-0.037038874,-0.5890563,-1.0630643,0.13974133,0.15947758,1.7999781,0.096084185,0.19076563,0.12046063,-0.2972531,-1.791614,1.7425575,1.0421755,-0.9686027,-0.47495472,0.19247483,0.13400917,0.10090292,0.4031392,-0.33026072,0.23749377,0.32060352,-0.9403981,-0.40914282,-0.47228435,0.70666933,0.2965181,0.10191659,-0.6169614,1.040631,-0.39268172,0.15803732,0.20183036,0.59319466,-0.38759512,0.020408642,-0.38577732,-0.01011395,0.06162558,0.47313353,-0.5250135,0.8505658,0.46646246,0.4417945,0.5915003,0.5693789,0.15193309,0.046822935,-1.3788719,-0.3339429,-0.26887986,1.5229044,-2.2280562,-1.7755833,-0.015068637,-1.4998237,0.17036088,-0.13258348,-0.3738426,-0.2948573,-0.21799615,0.8524667,0.7508819,5,0
203,-1.8826499,-0.008247834,-0.4681235,-0.11436837,0.7672629,0.4311521,-0.028999016,-0.7160443,0.36418217,-0.3656037,-0.28665718,0.13802296,-0.80430883,0.27787513,0.5499868,0.71811736,-0.2687396,0.34962854,-0.026840758,-0.5643272,1.141656,-0.5520045,-0.5912778,0.29428375,-0.5951879,0.43139833,0.41979277,-0.037038874,-0.6543057,-1.0630643,0.1930879,0.1432554,1.8038608,0.096084185,1.2761521,0.11868524,-0.30206195,-1.7830682,1.7517122,1.0322715,-0.96856225,-0.47891757,0.19245149,0.13349655,0.017870046,0.4034488,-0.31556526,0.23601557,0.3168684,-0.932394,-0.41276544,-0.50213814,0.7078671,0.29825187,-0.0767064,-0.61695564,1.039743,-0.37788308,0.15571935,0.19955166,0.5984573,-0.34001985,0.01745851,-0.3902666,0.087786555,0.06339187,0.47129276,-0.5267024,0.83961976,0.47586447,0.44173127,0.5958804,0.57251716,0.15193309,-0.0049736565,-1.4012835,-0.3476724,-0.27475467,1.5252115,-2.2437587,-1.7795926,-0.015339345,-1.5031856,0.17171358,-0.13384275,-0.37737387,-0.29447895,-0.2197451,0.8525617,0.76360124,5,0
204,-1.907942,-0.008247834,-0.4681235,-0.11436837,0.7523129,0.4311521,-0.028999016,-0.7160443,0.36418217,-0.3656037,-0.28665718,0.12019119,-0.80430883,0.27787513,0.54110986,0.6368973,-0.2687396,0.34962854,-0.026840758,-0.5687825,1.1058991,-0.5520045,-0.7928245,0.29428375,-0.5996328,0.43139833,0.41979277,-0.037038874,-0.7277108,-1.0630643,0.25310266,0.12515157,1.8082285,0.096084185,2.7117996,0.11690985,-0.30684918,-1.7744967,1.7608224,1.0224609,-0.96856225,-0.4833244,0.19245149,0.13349655,-0.0014001053,0.4037003,-0.30096054,0.23452924,0.31322104,-0.9244734,-0.416841,-0.53572345,0.7092147,0.30020237,-0.1620703,-0.61695004,1.0388334,-0.36324862,0.15343222,0.19734426,0.6045748,-0.28649798,0.017321806,-0.39531705,0.2679888,0.06515821,0.4695393,-0.52838695,0.82828796,0.48557675,0.4416604,0.60080796,0.57604766,0.15193309,-0.0067484393,-1.4236952,-0.3612858,-0.28068757,1.5273889,-2.2595146,-1.784092,-0.015339345,-1.5069679,0.17323533,-0.1339019,-0.38157475,-0.29405335,-0.2217127,0.8526377,0.7763206,5,0
205,-1.9332346,-0.055192824,-0.40688834,0.027508672,0.7288945,0.46493378,-0.013923105,-0.700354,0.3877328,-0.30316743,-0.22664464,0.11024646,-0.7902808,0.30253634,0.5343876,0.5336992,-0.0058464613,0.3784856,-0.013087991,-0.5701261,1.079142,-0.53291494,-0.9197946,0.29746324,-0.62491953,0.4361801,0.41591,0.010264202,-0.76165724,-0.93345463,0.32677898,0.08700631,1.7956564,0.12768069,3.0385983,0.11556299,-0.3099131,-1.7634449,1.7695096,1.0121815,-0.9560926,-0.51386803,0.16173804,0.11585645,0.65890616,0.40366006,-0.288343,0.2335476,0.30980816,-0.915953,-0.36261693,-0.54287565,0.67774653,0.31236595,1.0590507,-0.61639106,1.0367854,-0.34929135,0.15629272,0.19840005,0.60070884,-0.24769112,0.0053378292,-0.3986154,0.03418723,0.06700878,0.46850294,-0.52987754,0.8149185,0.4969861,0.45263547,0.46147648,0.5961896,0.15337,0.26938465,-1.4413491,-0.3660958,-0.28396294,1.524625,-2.2690172,-1.7836771,-0.052869443,-1.5067856,0.162726,-0.11652121,-0.37733763,-0.26253766,-0.23321755,0.85197204,0.78664917,5,0
206,-1.9557165,-0.09692115,-0.3524577,0.15427482,0.7080783,0.49746418,-0.00052243023,-0.6863468,0.4086665,-0.24766919,-0.17330076,0.10140681,-0.77776045,0.32445723,0.52841216,0.44196868,0.22783364,0.40547273,-0.0008634611,-0.57132053,1.0553583,-0.5132036,-1.0326557,0.30028942,-0.6473963,0.44043052,0.41245878,0.052310903,-0.79183155,-0.8182473,0.39226836,0.05304886,1.7844816,0.15576613,3.1332378,0.11424784,-0.31298473,-1.7523772,1.7781819,1.0019422,-0.94494563,-0.5410176,0.13440505,0.10016288,1.1757996,0.4036198,-0.275756,0.23256595,0.3064012,-0.9074503,-0.3144575,-0.5488094,0.6497363,0.32317796,2.0174534,-0.6158065,1.0347282,-0.33534947,0.15913315,0.19955364,0.59727305,-0.21357629,-0.0053144726,-0.4015472,-0.16357397,0.068859346,0.46749654,-0.5313432,0.8015784,0.5083601,0.462391,0.3376277,0.61409336,0.1546471,0.4843467,-1.4590031,-0.37091738,-0.28722832,1.5218647,-2.2785017,-1.7833216,-0.08623641,-1.5066386,0.15338449,-0.101048075,-0.37356573,-0.2344952,-0.24344397,0.8512765,0.7969779,5,0
207,-1.9557165,-0.09692115,-0.3524577,0.16016589,0.7080783,0.51998514,-0.00052243023,-0.68580306,0.4086665,-0.24766919,-0.17330076,0.10140681,-0.77730054,0.32445723,0.52841216,0.44196868,0.22783364,0.41750255,-0.0008634611,-0.57132053,1.0553583,-0.48851898,-1.0326557,0.30028942,-0.6473963,0.44043052,0.41245878,0.052310903,-0.79183155,-0.8182473,0.39226836,0.052590117,1.7844816,0.15576613,1.3707942,0.113186665,-0.3161175,-1.7411827,1.7867362,0.9920223,-0.94437885,-0.5410176,0.13411325,0.10004113,0.54550904,0.40357956,-0.26342145,0.23158686,0.30304205,-0.8990892,-0.31480998,-0.5449963,0.64938784,0.32317796,0.8743257,-0.61501694,1.0325972,-0.32153034,0.16181244,0.20148952,0.59727305,-0.21699342,-0.0053144726,-0.4015472,-0.073041834,0.070709914,0.46673095,-0.53260964,0.7884728,0.5194513,0.462391,0.3376277,0.61409336,0.1546471,0.20999064,-1.4766569,-0.3758377,-0.29041392,1.5191332,-2.287841,-1.7834406,-0.08630058,-1.5067738,0.15338449,-0.100833684,-0.37351766,-0.23423633,-0.24344397,0.8503417,0.8073064,5,0
208,-1.9601005,-0.10271683,-0.3524577,0.16474776,0.7021075,0.5375013,-0.00052243023,-0.68538016,0.4086665,-0.24766919,-0.17330076,0.10075906,-0.7769428,0.32445723,0.52841216,0.42086157,0.22783364,0.42685902,-0.0008634611,-0.5715458,1.0508987,-0.46931997,-1.0326557,0.30028942,-0.64831823,0.44043052,0.41181165,0.052310903,-0.79183155,-0.8182473,0.4027323,0.04490882,1.7851185,0.1545839,0.25032994,0.112125546,-0.3191518,-1.7299622,1.7951472,0.9823878,-0.9439381,-0.5409728,0.13388631,0.09994644,0.04861709,0.40352035,-0.25116593,0.23060547,0.2997216,-0.89078563,-0.315084,-0.547221,0.6491168,0.32317796,-0.013127736,-0.61422735,1.0304719,-0.3080842,0.1645376,0.20358874,0.596755,-0.21965116,-0.005304662,-0.4020981,-0.014751848,0.07256042,0.46590096,-0.5338758,0.77542,0.5304884,0.46229824,0.3376277,0.614823,0.15476441,-0.005709531,-1.4943107,-0.38079143,-0.29357934,1.5164136,-2.297148,-1.7841892,-0.08529495,-1.5075067,0.15413275,-0.10066269,-0.3739384,-0.23374023,-0.2433815,0.84940064,0.817635,5,0
209,-1.9798286,-0.12879723,-0.3524577,0.16474776,0.67523926,0.5375013,-0.00052243023,-0.68538016,0.4086665,-0.24766919,-0.17330076,0.09784424,-0.7769428,0.32445723,0.52841216,0.32588196,0.22783364,0.42685902,-0.0008634611,-0.5725595,1.0308311,-0.46931997,-1.0326557,0.30028942,-0.65246683,0.44043052,0.40889964,0.052310903,-0.79183155,-0.8182473,0.4498194,0.011949461,1.787984,0.14926405,1.376728,0.111064374,-0.32184106,-1.7186514,1.8030561,0.9737524,-0.9439381,-0.54077137,0.13388631,0.09994644,0.018606775,0.40339458,-0.23918714,0.22961669,0.2965367,-0.88268304,-0.315084,-0.57057756,0.6491168,0.32317796,-0.005747274,-0.61343765,1.028368,-0.29594368,0.16742334,0.2062596,0.5944263,-0.21965116,-0.0052604987,-0.40457714,-0.06930605,0.07441099,0.46484476,-0.5351413,0.7625524,0.5413356,0.46188214,0.3376277,0.61810607,0.1552919,-0.016119901,-1.5119646,-0.38586125,-0.29667404,1.5137352,-2.3063405,-1.7871413,-0.08054453,-1.510331,0.15750006,-0.10064357,-0.37600026,-0.23241356,-0.24310052,0.8484377,0.82796353,5,0
210,-1.9978619,-0.15276636,-0.33204594,0.20614901,0.6346057,0.57369596,0.0032753253,-0.681367,0.4125916,-0.232994,-0.15840402,0.09521521,-0.7695263,0.33267763,0.5267459,0.24466175,0.2867701,0.43940553,0.0006391529,-0.5732352,1.0174526,-0.44507396,-0.9978169,0.29534355,-0.6562533,0.44162598,0.40625727,0.043453746,-0.76233387,-0.787917,0.4975667,-0.040400814,1.7855515,0.15567206,2.1434505,0.110462375,-0.32366025,-1.7063348,1.8106084,0.96557236,-0.9405465,-0.5461128,0.12633362,0.09683155,0.1781895,0.40324876,-0.22770602,0.2287679,0.29334417,-0.87439,-0.29799667,-0.56364834,0.6368578,0.3268363,0.3570802,-0.61240757,1.0260735,-0.28380287,0.1712981,0.21010846,0.592815,-0.23633552,-0.0065495437,-0.4062298,-0.088845275,0.07613055,0.46405798,-0.5362619,0.75021964,0.5512474,0.4644512,0.3022957,0.621112,0.15595159,0.051575992,-1.528505,-0.38890776,-0.29908043,1.5106677,-2.3135486,-1.7877182,-0.08791154,-1.5126898,0.1562983,-0.09565218,-0.37614244,-0.22209215,-0.24643958,0.84718746,0.8376311,5,0
211,-2.0125062,-0.17251295,-0.27081078,0.3303528,0.56644136,0.6822799,0.014668565,-0.66932744,0.42436692,-0.18896845,-0.11371384,0.09315767,-0.74727696,0.35733894,0.52174723,0.19096053,0.46357945,0.47704515,0.005147004,-0.5732352,1.0174526,-0.37233606,-0.8933004,0.28050593,-0.65931535,0.44521227,0.404154,0.016882267,-0.6738409,-0.69692606,0.54663444,-0.13153316,1.7725229,0.18553577,2.190822,0.11077864,-0.3237398,-1.6920065,1.8174472,0.9583024,-0.93037206,-0.56253994,0.1036756,0.08748713,0.7169582,0.40306264,-0.2172221,0.22819959,0.29013625,-0.8657161,-0.24673434,-0.4961477,0.6000808,0.33781147,1.4308017,-0.6108963,1.0233984,-0.27166176,0.17715105,0.21631351,0.59264153,-0.28638852,-0.010505007,-0.4062298,-0.03835452,0.07758802,0.46381146,-0.53709304,0.73895687,0.5592882,0.4729917,0.1962997,0.62356347,0.15687545,0.2754844,-1.5428187,-0.38790956,-0.30011013,1.5068225,-2.3167875,-1.7835448,-0.119513646,-1.5141171,0.14595845,-0.08071629,-0.37244436,-0.19378145,-0.25701872,0.8453624,0.8459765,5,0
212,-2.0206418,-0.1834832,-0.23679188,0.4013174,0.52857304,0.75440013,0.020998044,-0.66263884,0.43090865,-0.16451024,-0.08888641,0.092014626,-0.73348546,0.37103936,0.51897025,0.16112706,0.56180507,0.49795565,0.0076513193,-0.5731514,1.0175607,-0.32783094,-0.82501966,0.27226296,-0.6610164,0.44720465,0.4029857,0.0021205947,-0.61578125,-0.6463765,0.57389367,-0.18223082,1.7652849,0.20212641,1.6954519,0.11124465,-0.32386136,-1.6776556,1.8242465,0.95116895,-0.9247197,-0.571666,0.091088034,0.08229589,0.7768125,0.40287653,-0.20684688,0.22762923,0.28695384,-0.8571168,-0.21929619,-0.45864806,0.57857084,0.34390864,1.5282955,-0.60938495,1.0206678,-0.2596269,0.18290205,0.22252584,0.5922389,-0.31822056,-0.012696968,-0.40619817,-0.015676897,0.07904544,0.46354377,-0.5378892,0.72797483,0.56708914,0.47773632,0.13656615,0.6249253,0.1573887,0.30498633,-1.5571322,-0.3870968,-0.30104285,1.5031352,-2.3199139,-1.7812264,-0.13707003,-1.5153286,0.14021426,-0.07241632,-0.37036374,-0.17725228,-0.26289594,0.8435374,0.85432196,5,0
213,-2.0206418,-0.1834832,-0.23679188,0.4057357,0.52857304,0.7809427,0.020998044,-0.66263884,0.43090865,-0.16451024,-0.08888641,0.092014626,-0.730266,0.37103936,0.51897025,0.16112706,0.56180507,0.49795565,0.0076513193,-0.5729628,1.0178039,-0.31861538,-0.8020315,0.27226296,-0.6610164,0.44720465,0.4029857,0.0021205947,-0.59576166,-0.6463765,0.57389367,-0.18238728,1.7652849,0.20212641,0.52168274,0.11189763,-0.32403582,-1.6632758,1.8309968,0.94420606,-0.9247197,-0.571666,0.091088034,0.08229589,0.23804805,0.40269044,-0.1966082,0.22705658,0.28380328,-0.84861094,-0.22163671,-0.45864806,0.5761438,0.34390864,0.40555474,-0.6078738,1.0178683,-0.24772479,0.18852589,0.22874725,0.591549,-0.32727733,-0.012684657,-0.4061268,-0.027764268,0.08050291,0.46324918,-0.5386417,0.7173437,0.5745904,0.47773632,0.13465837,0.6249253,0.1573887,0.091490075,-1.571446,-0.38651493,-0.30185443,1.4996454,-2.3228993,-1.7812264,-0.13707003,-1.5162702,0.14021426,-0.07241099,-0.3703044,-0.17544934,-0.26289594,0.8417125,0.86266726,5,0
214,-2.026656,-0.19176282,-0.23679188,0.40769935,0.4926787,0.7927392,0.020998044,-0.66263884,0.43090865,-0.16451024,-0.08888641,0.091157325,-0.72883505,0.37103936,0.51897025,0.14721867,0.56180507,0.49795565,0.0076513193,-0.572879,1.017912,-0.31451958,-0.7918147,0.26610738,-0.66365045,0.44720465,0.40208682,-0.011992483,-0.5868642,-0.6463765,0.58817685,-0.22652948,1.7662069,0.20060183,0.34169126,0.112550676,-0.32343346,-1.6486639,1.8370357,0.93852204,-0.9247197,-0.5714331,0.091088034,0.08229589,-0.0014001053,0.40247917,-0.18652135,0.22647834,0.28071848,-0.84022516,-0.22267714,-0.45941272,0.57506514,0.34390864,-0.06619748,-0.6063625,1.0150392,-0.23616107,0.19408482,0.23506956,0.5912426,-0.33315557,-0.012679178,-0.4060952,-0.024163384,0.08179731,0.46293384,-0.5394004,0.706598,0.5816566,0.4776068,0.13432704,0.62700546,0.1575513,-0.006630141,-1.5857595,-0.38568354,-0.30282223,1.4963366,-2.3257754,-1.7821761,-0.13570848,-1.5175974,0.14117928,-0.07240862,-0.3702781,-0.1738075,-0.2628094,0.83987904,0.87090284,5,0
215,-2.0374808,-0.20666575,-0.23679188,0.40769935,0.4280695,0.7927392,0.020998044,-0.66263884,0.43090865,-0.16451024,-0.08888641,0.08961418,-0.72883505,0.37103936,0.51897025,0.122183785,0.56180507,0.49795565,0.0076513193,-0.572879,1.017912,-0.31451958,-0.7918147,0.2550274,-0.6683917,0.44720465,0.4004691,-0.037395775,-0.5868642,-0.6463765,0.6138864,-0.3058597,1.7678661,0.19785757,0.9567056,0.11320373,-0.32220954,-1.6338662,1.8425057,0.93386096,-0.9247197,-0.5710141,0.091088034,0.08229589,-0.0014001053,0.40224782,-0.17655668,0.22589526,0.27768633,-0.8319354,-0.22267714,-0.46078908,0.57506514,0.34390864,-0.017169593,-0.60485125,1.0121866,-0.22486803,0.19959205,0.24147263,0.5912426,-0.33649105,-0.012679178,-0.4060952,-0.008012157,0.082961276,0.4626009,-0.54016435,0.6957605,0.58837485,0.47737426,0.13525687,0.63074976,0.15784374,-0.012451429,-1.6000731,-0.3846533,-0.3039148,1.4931732,-2.328564,-1.7838854,-0.13325807,-1.5192327,0.14291619,-0.07240862,-0.3702781,-0.17229445,-0.2626536,0.8380391,0.87905043,5,0
216,-2.046603,-0.22206558,-0.20180647,0.47937372,0.37426335,0.9042715,0.026828893,-0.6567356,0.43507403,-0.14529924,-0.05739072,0.08727091,-0.71258414,0.38748002,0.52126837,0.10135322,0.5370492,0.5071072,0.012031791,-0.572879,1.0329931,-0.31035063,-0.8260296,0.2513341,-0.6724744,0.45077726,0.39992985,-0.054817952,-0.49788833,-0.6189307,0.64442813,-0.37430683,1.7607591,0.21103293,1.2773013,0.11527161,-0.3197268,-1.6172949,1.8475684,0.92995745,-0.91961145,-0.57004285,0.07988605,0.07876995,0.26909482,0.4019628,-0.16737269,0.22551934,0.27477863,-0.82331204,-0.185245,-0.46415076,0.54972833,0.3495786,0.7832145,-0.60316455,1.0095652,-0.21371473,0.20419307,0.24862224,0.5959368,-0.32612523,-0.016602628,-0.40441215,0.1073073,0.08412518,0.46248844,-0.5408292,0.6844213,0.5954648,0.48609638,0.0991195,0.633984,0.15847732,0.20947419,-1.6133792,-0.38274032,-0.30386814,1.4906304,-2.3289273,-1.7811363,-0.14688519,-1.522058,0.13900042,-0.06587585,-0.36748296,-0.15216583,-0.26803562,0.8359769,0.8866798,5,0
217,-2.0548735,-0.23771386,-0.14932829,0.58688515,0.3258587,1.0715699,0.03557514,-0.64788073,0.44132212,-0.11648274,-0.010147178,0.08452755,-0.6882078,0.41214108,0.5247158,0.08262484,0.49991524,0.52083445,0.018602502,-0.572879,1.055615,-0.3040972,-0.8773518,0.2513341,-0.67622787,0.45613602,0.39992985,-0.0682496,-0.3644245,-0.5777619,0.6773858,-0.43731236,1.7492687,0.23216802,1.4506879,0.118046954,-0.31661466,-1.5998368,1.8524276,0.92643267,-0.9119492,-0.5687955,0.063083075,0.07348094,0.67483723,0.40165094,-0.15857859,0.2252465,0.27193314,-0.81452185,-0.12909666,-0.46850508,0.5117231,0.3580834,1.9592768,-0.60139,1.0070595,-0.20263131,0.20834102,0.25614512,0.602978,-0.30890873,-0.022487799,-0.40188763,0.27221087,0.08528915,0.46248665,-0.54144454,0.6728312,0.60274065,0.49929643,0.044448376,0.63696337,0.15928172,0.54527324,-1.6261815,-0.380386,-0.30325192,1.4883981,-2.3280776,-1.776158,-0.16855107,-1.525478,0.13225815,-0.056076694,-0.36329013,-0.12272939,-0.27618656,0.8338035,0.89404994,5,0
218,-2.0567117,-0.24119124,-0.13766627,0.6107772,0.3151019,1.1087482,0.03751881,-0.64591295,0.4427106,-0.11007892,0.00531717,0.08391791,-0.68279064,0.4176215,0.5254819,0.078462884,0.4916631,0.523885,0.020062694,-0.57265896,1.0608312,-0.3027075,-0.888757,0.2630992,-0.677062,0.45732692,0.41100278,-0.071234465,-0.3347652,-0.5686131,0.68470985,-0.4513139,1.7467153,0.2368648,0.8760175,0.120822296,-0.31360343,-1.5825444,1.8571932,0.92300004,-0.91024643,-0.56733567,0.059348978,0.07230571,0.44942635,0.40133908,-0.14996685,0.2249752,0.26917264,-0.8058101,-0.116618946,-0.46947274,0.5032773,0.3599734,1.3059134,-0.59961563,1.0044736,-0.19172443,0.2123538,0.26363292,0.60370994,-0.3016994,-0.023782184,-0.40125352,0.16110322,0.08676481,0.46230805,-0.54200554,0.6618426,0.61054283,0.50371,0.03229896,0.637627,0.157467,0.4002495,-1.638984,-0.37801883,-0.30267045,1.486191,-2.3272395,-1.7750516,-0.1733659,-1.5262382,0.13075985,-0.05389323,-0.36229745,-0.11618711,-0.27905965,0.8316299,0.9016302,5,0
219,-2.0567117,-0.24119124,-0.13766627,0.6107772,0.3151019,1.1087482,0.03751881,-0.64591295,0.4427106,-0.11007892,0.0117014805,0.08391791,-0.68279064,0.4176215,0.5254819,0.078462884,0.4916631,0.523885,0.020062694,-0.5723761,1.0610746,-0.3027075,-0.888757,0.27822587,-0.677062,0.45732692,0.4252394,-0.071234465,-0.3347652,-0.5686131,0.68470985,-0.4513139,1.7467153,0.2368648,0.087610364,0.12359764,-0.31062093,-1.5652997,1.861932,0.91959375,-0.91024643,-0.5658151,0.059348978,0.07230571,0.04368069,0.40102723,-0.14140633,0.2247044,0.26643637,-0.7971208,-0.116618946,-0.46947274,0.5032773,0.3599734,0.1298417,-0.5978412,1.0018643,-0.180868,0.21632785,0.27111068,0.60264033,-0.29734933,-0.023764879,-0.40115958,-0.028867055,0.088329464,0.46207872,-0.542551,0.65102583,0.6184954,0.50561315,0.03229896,0.6376291,0.15490393,0.11784378,-1.6517864,-0.3756472,-0.30209893,1.4839913,-2.3264048,-1.7750516,-0.1733659,-1.5262382,0.13075985,-0.053885747,-0.3622193,-0.11618632,-0.28042474,0.8294563,0.90927047,5,0
220,-2.0622196,-0.25344494,-0.13766627,0.6107772,0.29484317,1.1087482,0.03751881,-0.64591295,0.4427106,-0.11007892,0.012410816,0.07995527,-0.68279064,0.4176215,0.5254819,0.078462884,0.46390632,0.523885,0.020062694,-0.57234466,1.0611016,-0.30358517,-0.92297196,0.27990654,-0.68470067,0.45732692,0.4268212,-0.071234465,-0.3347652,-0.5686131,0.6978033,-0.47590628,1.7475379,0.23478508,0.3132327,0.12637298,-0.3072904,-1.548111,1.8662058,0.9169509,-0.91024643,-0.56393623,0.059348978,0.07230571,-0.0014001053,0.40059915,-0.13311532,0.22440739,0.26390368,-0.7887135,-0.116618946,-0.47775522,0.5032773,0.3599734,-0.00082696596,-0.5960667,0.9993284,-0.17026156,0.2196062,0.27844247,0.6025211,-0.2847463,-0.023762958,-0.40114918,-0.027693605,0.089894176,0.46184632,-0.5430571,0.6397764,0.62679976,0.5058235,0.03229896,0.6436357,0.15461928,0.044151217,-1.6645887,-0.37338716,-0.30153865,1.4818573,-2.3256092,-1.7758988,-0.1715088,-1.5270488,0.1320762,-0.05388491,-0.36221066,-0.11375909,-0.2805764,0.8272447,0.91691065,5,0
221,-2.0684164,-0.2672302,-0.13766627,0.6107772,0.2720522,1.1087482,0.03751881,-0.64591295,0.4427106,-0.11007892,0.012410816,0.07549733,-0.68279064,0.4176215,0.5254819,0.078462884,0.43268007,0.523885,0.020062694,-0.57234466,1.0611016,-0.30457258,-0.9614637,0.27990654,-0.6932941,0.45732692,0.4268212,-0.071234465,-0.3347652,-0.5686131,0.7125336,-0.5035725,1.7484632,0.23244539,0.66560215,0.12914832,-0.3039164,-1.530929,1.8704214,0.9144034,-0.91024643,-0.5620126,0.059348978,0.07230571,-0.0014001053,0.40015653,-0.12485754,0.22410707,0.26139647,-0.78034157,-0.116618946,-0.48707294,0.5032773,0.3599734,-0.00082696596,-0.5942923,0.9968014,-0.15968639,0.22279757,0.285756,0.6025211,-0.27111167,-0.023762958,-0.40114918,-0.0026284144,0.09145883,0.46161348,-0.5435582,0.628473,0.63514805,0.5058223,0.03229896,0.6503928,0.15461928,-0.0034535318,-1.6773912,-0.3711406,-0.30097967,1.4797316,-2.3248188,-1.7768523,-0.16941959,-1.5279609,0.13355719,-0.05388491,-0.36221066,-0.111028574,-0.2805764,0.8250283,0.92455083,5,0
222,-2.0737276,-0.28213334,-0.098721,0.64857805,0.26170218,1.1899844,0.03924505,-0.6420292,0.44150907,-0.1108794,0.07625344,0.07172522,-0.680376,0.44228253,0.5280673,0.06432104,0.40862745,0.522778,-0.011644808,-0.5720382,1.0746017,-0.31280077,-0.9791058,0.29570752,-0.7351749,0.4613255,0.4232621,-0.03707141,-0.2665826,-0.53773654,0.73573893,-0.5149659,1.7399449,0.24545564,0.8683411,0.1329542,-0.30000976,-1.5127794,1.8744702,0.91203856,-0.9063822,-0.544898,0.055070594,0.07223451,0.20322163,0.39960325,-0.1170759,0.22389685,0.25958425,-0.77148193,-0.043925997,-0.49506935,0.48306617,0.36806524,1.5217764,-0.5925391,0.9943893,-0.14940779,0.22521348,0.29303095,0.60699755,-0.25866124,0.003935761,-0.3995743,0.102207735,0.09344211,0.46106794,-0.544002,0.6178646,0.64463496,0.515541,-0.0070847063,0.6832207,0.15586123,0.2395244,-1.68906,-0.36871958,-0.29893768,1.4775696,-2.3220878,-1.7698232,-0.18107481,-1.5274066,0.13163541,-0.03875694,-0.36087254,-0.08274902,-0.28807762,0.8228002,0.93189013,5,0
223,-2.078449,-0.29538047,-0.064102806,0.682179,0.2525021,1.2621948,0.04077949,-0.63857704,0.440441,-0.11159091,0.13300274,0.06837222,-0.67822963,0.4642036,0.5305858,0.051750444,0.3872472,0.52179396,-0.039829407,-0.57176584,1.0866017,-0.3201148,-0.9947876,0.3097529,-0.77240247,0.4648797,0.42009836,-0.00469265,-0.20597552,-0.50982505,0.75636595,-0.5250934,1.7323731,0.2570204,0.9868782,0.13676007,-0.2961185,-1.4946558,1.8785068,0.9096836,-0.9029473,-0.52968484,0.051267587,0.072171144,0.36237377,0.39904994,-0.10931492,0.22368509,0.25777587,-0.76264143,0.020782052,-0.5021773,0.4650786,0.37521416,2.7079537,-0.5907858,0.99196875,-0.13915381,0.22761436,0.3002996,0.6109766,-0.24759412,0.02855699,-0.39817435,0.18374793,0.09542539,0.46050918,-0.54444355,0.60727817,0.6540986,0.52417964,-0.042689543,0.71240115,0.15696517,0.42851287,-1.7007118,-0.36631712,-0.29686624,1.4753777,-2.3193505,-1.7635754,-0.19143514,-1.5269223,0.1298929,-0.025309794,-0.3596832,-0.05759515,-0.2947011,0.82057226,0.9392205,5,0
224,-2.078449,-0.29538047,-0.064102806,0.682179,0.2525021,1.2621948,0.04077949,-0.63857704,0.440441,-0.11159091,0.13300274,0.06837222,-0.67822963,0.4642036,0.5325681,0.051750444,0.3872472,0.52179396,-0.039829407,-0.57176584,1.0866017,-0.3201148,-0.9947876,0.3097529,-0.77240247,0.4648797,0.42009836,0.013410993,-0.20597552,-0.50563526,0.75636595,-0.5250934,1.7323731,0.2570204,0.43176523,0.140566,-0.2923501,-1.476743,1.8824453,0.9074064,-0.9029473,-0.52968484,0.051267587,0.072171144,0.1577504,0.3984967,-0.10171384,0.22346367,0.25599712,-0.7539546,0.02160551,-0.5021773,0.46488127,0.37481916,1.2025826,-0.5890327,0.98948056,-0.129097,0.22989503,0.30751768,0.6109766,-0.24759412,0.02855699,-0.39817435,0.07891094,0.097408675,0.45984414,-0.54486644,0.596867,0.6633769,0.52417964,-0.04806163,0.71240115,0.15696517,0.18556339,-1.7122269,-0.3640603,-0.29455858,1.4729481,-2.31656,-1.7635754,-0.19143514,-1.526999,0.12958473,-0.025309794,-0.3596832,-0.057448555,-0.2943027,0.8183442,0.94648063,5,0
225,-2.0789604,-0.30332902,-0.064102806,0.682179,0.2517819,1.2621948,0.040191278,-0.63857704,0.43963996,-0.11159091,0.13300274,0.06787688,-0.67822963,0.4642036,0.53428215,0.051750444,0.38335556,0.5191698,-0.04512685,-0.57176584,1.0834936,-0.32143134,-0.9947876,0.30833977,-0.77938277,0.46457738,0.42009836,0.02749152,-0.20597552,-0.5023766,0.75769824,-0.52595145,1.7323506,0.25575122,0.03188109,0.14437194,-0.28860483,-1.4589132,1.8863397,0.9051944,-0.9028268,-0.5294732,0.052099377,0.07261826,0.0049826154,0.39792886,-0.094195426,0.22324148,0.25425822,-0.74533856,0.022317482,-0.50510234,0.46471062,0.37447757,0.029415853,-0.5873297,0.986982,-0.119124696,0.23209858,0.31453076,0.61026603,-0.24795003,0.03321977,-0.39852032,-0.019269453,0.09935453,0.45911866,-0.5453023,0.58648324,0.6725624,0.52357656,-0.052239932,0.7178859,0.15691987,-0.01847023,-1.723742,-0.36186123,-0.29227027,1.4705621,-2.3138003,-1.7632126,-0.19006556,-1.527043,0.13012165,-0.02390346,-0.36014786,-0.05510546,-0.29398236,0.81617016,0.9537155,5,0
226,-2.081262,-0.3390962,-0.064102806,0.682179,0.24854098,1.2621948,0.037544392,-0.63857704,0.4360353,-0.11159091,0.13300274,0.065647915,-0.67822963,0.4642036,0.5350578,0.051750444,0.36584356,0.5073614,-0.06896478,-0.57176584,1.0695069,-0.32735565,-0.9947876,0.30198085,-0.81079334,0.46321702,0.42009836,0.02749152,-0.20597552,-0.5023766,0.76369274,-0.5298129,1.7322491,0.25004,0.17528169,0.14817782,-0.2849398,-1.4413754,1.8900782,0.90321094,-0.9022844,-0.52852094,0.055842444,0.074630305,0.033704203,0.3973102,-0.086966276,0.22301674,0.25265875,-0.736971,0.022640256,-0.5182647,0.4646333,0.37432316,0.018929971,-0.58580285,0.9844476,-0.10944816,0.2340324,0.32082617,0.6070686,-0.24955146,0.05420179,-0.40007687,-0.09415242,0.10116937,0.45818108,-0.5457833,0.57619536,0.6814227,0.52086306,-0.052239932,0.74256647,0.15671565,-0.08630244,-1.7352571,-0.35986614,-0.29005,1.4683286,-2.3111482,-1.7615805,-0.1839032,-1.526973,0.13361609,-0.017575167,-0.36223882,-0.0450748,-0.2939352,0.81418484,0.9608621,5,0
227,-2.083378,-0.37188292,-0.05306011,0.6402871,0.24554402,1.2654121,0.032787643,-0.6384994,0.4313092,-0.111190684,0.14598408,0.064161934,-0.6828481,0.47128135,0.535575,0.052897077,0.3541689,0.49609417,-0.09387235,-0.5716951,1.0547501,-0.33240223,-0.9685919,0.29285997,-0.84259903,0.4623102,0.41923547,0.031190088,-0.18295786,-0.48440325,0.7723559,-0.53023094,1.7295654,0.24888578,0.3347213,0.15202451,-0.28140932,-1.4242258,1.8937129,0.90153086,-0.90127945,-0.52466404,0.062546045,0.07725179,0.07734365,0.3966915,-0.0799725,0.22282027,0.25124997,-0.7286006,0.047169093,-0.5291918,0.4629246,0.37654647,0.5189581,-0.58434117,0.98185736,-0.099813096,0.23594528,0.3268619,0.60352886,-0.2611572,0.076151535,-0.40170425,-0.15209791,0.10285485,0.45712265,-0.5463086,0.5663236,0.68960834,0.5192745,-0.0732524,0.76754373,0.15673463,-0.103406265,-1.7461125,-0.3570307,-0.28731978,1.4659129,-2.3073902,-1.7560796,-0.18148814,-1.5249907,0.13608128,-0.013003346,-0.36462978,-0.033712294,-0.296168,0.8122757,0.96758205,5,0
228,-2.085123,-0.39870846,-0.019932248,0.5146116,0.24303491,1.2750639,0.0238112,-0.6382663,0.42434016,-0.10999,0.18492809,0.064161934,-0.69670355,0.49251452,0.535575,0.056336984,0.3541689,0.48590943,-0.12091923,-0.5714829,1.0384529,-0.3356935,-0.8900047,0.27821514,-0.87519485,0.4623102,0.4166471,0.042285778,-0.11390485,-0.4304831,0.78635687,-0.5237622,1.7217169,0.25684568,0.5262389,0.15595284,-0.27814728,-1.4078528,1.8971399,0.9004574,-0.8993495,-0.514998,0.07517075,0.08109242,0.15081885,0.39607286,-0.073447675,0.22267953,0.25022256,-0.7202248,0.12011105,-0.5356485,0.4579531,0.3835256,2.0400143,-0.5830096,0.97915596,-0.09026096,0.23781666,0.3323783,0.59930307,-0.29277158,0.10003671,-0.40347332,-0.17616846,0.104281664,0.45582125,-0.5469224,0.55728394,0.6964445,0.5199354,-0.13628986,0.79311466,0.15719958,-0.019053372,-1.7556483,-0.35251448,-0.2835697,1.4631327,-2.30142,-1.7428412,-0.18656792,-1.5191839,0.13648814,-0.011944441,-0.36762118,-0.019686116,-0.3029606,0.8105183,0.973449,5,0
229,-2.0860927,-0.41361156,-0.0015276021,0.4447912,0.24085106,1.280426,0.018824259,-0.63813686,0.42046845,-0.106121115,0.20656383,0.06484777,-0.70440114,0.5043108,0.54005647,0.058248065,0.35463777,0.4802512,-0.13594541,-0.57136506,1.0293987,-0.33752206,-0.83232623,0.27007908,-0.8933039,0.46284154,0.41520903,0.04845011,-0.07554171,-0.39611486,0.79413486,-0.5210575,1.7173566,0.26126787,0.48378646,0.15988117,-0.27491415,-1.3915752,1.9005104,0.8994343,-0.89827734,-0.51012033,0.08218454,0.083226204,0.14621814,0.3954743,-0.06709892,0.22256652,0.24916321,-0.7119084,0.16245688,-0.5390903,0.45477098,0.38653195,2.244193,-0.581678,0.97643584,-0.08081396,0.23964615,0.33788997,0.59695596,-0.31510955,0.11330639,-0.40445608,-0.1455619,0.10570854,0.4544563,-0.5475412,0.5485712,0.7030044,0.521611,-0.1762215,0.8072872,0.1575375,0.053179506,-1.7650219,-0.34771922,-0.27978024,1.4602369,-2.295256,-1.7354866,-0.18939005,-1.5161208,0.13603455,-0.011356176,-0.36928296,-0.011595264,-0.3058132,0.8087676,0.97923255,5,0
230,-2.0860927,-0.41361156,-0.0015276021,0.4447912,0.23907378,1.280426,0.018824259,-0.63813686,0.42046845,-0.09891693,0.20656383,0.06639091,-0.70440114,0.5043108,0.55014,0.058248065,0.35569268,0.4802512,-0.13594541,-0.57136506,1.0293987,-0.33752206,-0.8007842,0.27007908,-0.8933039,0.46403688,0.41520903,0.04845011,-0.07554171,-0.38618693,0.79413486,-0.52305764,1.7173566,0.26126787,0.14886561,0.16380951,-0.27171737,-1.3754176,1.9038104,0.89847445,-0.89827734,-0.5112283,0.08218454,0.083226204,0.04402053,0.3949009,-0.06097207,0.22248814,0.24806361,-0.7036661,0.16655682,-0.53876317,0.45382586,0.3845719,0.8022413,-0.5803465,0.97369295,-0.07149832,0.24142349,0.34339574,0.59695596,-0.3258518,0.11330639,-0.40445608,-0.046607602,0.10713535,0.45301244,-0.54816604,0.5402672,0.7092189,0.5245555,-0.18727033,0.80721146,0.1577165,0.11026205,-1.7741932,-0.34257436,-0.27594152,1.4571968,-2.2888496,-1.7354866,-0.18939005,-1.5164875,0.13450533,-0.011356176,-0.36928296,-0.010923803,-0.3037407,0.80702513,0.984912,5,0
231,-2.0860927,-0.41361156,-0.0015276021,0.39215314,0.23927125,1.2486999,0.014924209,-0.6383094,0.41753128,-0.09571511,0.20656383,0.06707675,-0.70440114,0.5043108,0.5546215,0.032023832,0.35616156,0.47676602,-0.15772063,-0.57136506,1.0293987,-0.33752206,-0.7867656,0.2527899,-0.9018645,0.46456823,0.41520903,0.045205727,-0.07554171,-0.38177454,0.79413486,-0.51829433,1.7173566,0.26126787,1.3567397e-05,0.16733542,-0.26881105,-1.3600696,1.9069767,0.89776367,-0.89770305,-0.5117208,0.08777557,0.08489815,0.02900868,0.39432752,-0.055064417,0.222411,0.24706437,-0.6956238,0.16837898,-0.5403115,0.4534058,0.38370085,0.1136726,-0.5790818,0.97102195,-0.06271368,0.24325384,0.34885615,0.5988469,-0.3346885,0.13236064,-0.40445608,0.041662876,0.108104154,0.45167664,-0.5488101,0.5315709,0.7145146,0.5261958,-0.1920381,0.81388265,0.15779607,0.10303464,-1.7833645,-0.33748016,-0.27220094,1.4542584,-2.282499,-1.7332047,-0.18850723,-1.5166506,0.13382573,-0.0072197244,-0.3699445,-0.007915951,-0.3028196,0.8053606,0.9902827,5,0
232,-2.0860927,-0.41361156,-0.0015276021,0.29740554,0.24104853,1.1915933,0.007904172,-0.63862014,0.41224444,-0.09571511,0.20656383,0.06707675,-0.70440114,0.5043108,0.5546215,-0.015179345,0.35616156,0.47049284,-0.1969157,-0.57136506,1.0293987,-0.33752206,-0.7867656,0.22166967,-0.91727346,0.46456823,0.41520903,0.039365876,-0.07554171,-0.38177454,0.79413486,-0.50812036,1.7173566,0.26126787,1.3567397e-05,0.1705393,-0.26613715,-1.3453699,1.9100358,0.89725214,-0.89666945,-0.5117208,0.097839296,0.087907664,0.08374399,0.39375412,-0.049332846,0.2223349,0.24614541,-0.6877414,0.16837898,-0.54336035,0.4534058,0.38370085,0.027797924,-0.57787055,0.96840847,-0.05435382,0.24512655,0.35428026,0.6022514,-0.34200078,0.16665797,-0.40445608,0.121386476,0.108706534,0.45042768,-0.54946977,0.5225606,0.7190752,0.52679276,-0.19178109,0.82595116,0.15779607,0.04436032,-1.7925358,-0.33242637,-0.26853904,1.4514012,-2.2761931,-1.7290969,-0.18691783,-1.5166506,0.13382573,0.00022581099,-0.37113556,-0.0030391137,-0.3028196,0.80375874,0.99540657,5,0
233,-2.0692313,-0.41460517,0.015454828,0.21673101,0.24770461,1.1441383,0.0022651467,-0.63944876,0.4043943,-0.0831746,0.17974994,0.06776258,-0.7071608,0.5207515,0.5546215,-0.030913739,0.34842533,0.45457608,-0.23539764,-0.5684578,1.036777,-0.2763042,-0.67271626,0.18470438,-0.9361725,0.46456823,0.41305202,0.02320899,-0.043239605,-0.34042367,0.7603787,-0.49260542,1.7098161,0.26686123,-0.8074918,0.17338264,-0.26366735,-1.3313855,1.9129665,0.8966867,-0.8962775,-0.5193982,0.106127985,0.092456706,0.06800536,0.39320084,-0.044296607,0.22236265,0.24499306,-0.6803696,0.21997045,-0.553852,0.44420338,0.3888148,1.0797926,-0.5769244,0.96573275,-0.04617157,0.24686287,0.35874957,0.5967008,-0.39359248,0.20081072,-0.40294242,-0.06176182,0.108604416,0.45030332,-0.5498189,0.51500875,0.720447,0.5273204,-0.23737614,0.84075814,0.1581834,0.023054477,-1.800189,-0.32461926,-0.2641881,1.4479656,-2.267395,-1.7179459,-0.18951036,-1.5127887,0.13427515,0.008912999,-0.3716765,0.00978039,-0.307772,0.80247265,0.9992748,5,0
234,-2.043939,-0.41609535,0.040928416,0.14309299,0.2568001,1.1015095,-0.0026833988,-0.6405361,0.3952625,-0.06436383,0.1395291,0.06879134,-0.7113001,0.54541254,0.5546215,-0.030913739,0.336821,0.43383756,-0.27352303,-0.5640967,1.0478446,-0.18447746,-0.50164205,0.14481653,-0.9568165,0.46456823,0.40981638,0.0018935854,0.005213554,-0.2783973,0.7097442,-0.47442,1.6985052,0.27525124,-2.01875,0.1760457,-0.2612996,-1.3177588,1.9158328,0.8960942,-0.89620656,-0.5309144,0.11352913,0.09777539,0.01702976,0.39265764,-0.03960804,0.22244257,0.24372402,-0.6732533,0.29735816,-0.56806517,0.43039972,0.3964857,2.700722,-0.57611066,0.963026,-0.038078174,0.24853112,0.3627415,0.5866722,-0.4673238,0.2348912,-0.4006718,-0.37634605,0.10815012,0.45074078,-0.5500127,0.50818634,0.72022426,0.5278123,-0.3058972,0.85693437,0.15876436,0.020432867,-1.8070834,-0.31543547,-0.25949275,1.4442408,-2.257351,-1.703273,-0.1941936,-1.5069959,0.13494933,0.018220987,-0.37189272,0.0265712,-0.3152006,0.80134463,1.0025153,5,0
235,-2.0383184,-0.4164266,0.050590016,0.12672862,0.27028653,1.0920361,-0.003783108,-0.6407778,0.39323315,-0.05987227,0.13059092,0.06942003,-0.71221995,0.55089295,0.56052035,-0.019617233,0.3342422,0.4292289,-0.28199553,-0.560854,1.0503042,-0.1530635,-0.46258515,0.13595237,-0.9614042,0.4652736,0.40909734,-0.0028432815,0.015981168,-0.26092964,0.69974965,-0.45811132,1.695033,0.27841002,-1.3157433,0.1787088,-0.2592525,-1.3043623,1.9188415,0.8951963,-0.89619076,-0.5336384,0.11517386,0.09895726,0.0027773664,0.3921261,-0.03500661,0.22251816,0.24245703,-0.66623276,0.31690517,-0.5716757,0.42682096,0.39707628,1.8494253,-0.57529706,0.9602586,-0.02997421,0.25010258,0.36663985,0.57524854,-0.48569444,0.24298342,-0.39962333,-0.47892407,0.107695766,0.45137057,-0.550116,0.5015105,0.7199705,0.52965873,-0.32517642,0.86046994,0.15899877,0.053693462,-1.8138428,-0.30616698,-0.2548256,1.4404361,-2.2472222,-1.6990248,-0.19639009,-1.504962,0.13341078,0.020513864,-0.37148848,0.030658403,-0.31567156,0.8002203,1.0056863,5,0
236,-2.0383184,-0.4164266,0.055733755,0.12672862,0.28502756,1.0920361,-0.003783108,-0.6407778,0.39323315,-0.059472043,0.13059092,0.06993442,-0.71221995,0.55089295,0.5681046,-0.005093061,0.3342422,0.4292289,-0.28199553,-0.5579309,1.0503042,-0.13891087,-0.46124864,0.13595237,-0.9614042,0.4661804,0.40909734,-0.0028432815,0.015981168,-0.2561934,0.7013669,-0.4423388,1.6938003,0.28007415,-0.06578806,0.18137187,-0.2572971,-1.2910312,1.9218911,0.8942112,-0.89619076,-0.5338504,0.11517386,0.09895726,-0.0009823752,0.39159802,-0.030431235,0.22259273,0.24119054,-0.65923977,0.31992596,-0.57225686,0.4261637,0.3956439,0.2917578,-0.57448345,0.9574742,-0.021867277,0.25164634,0.3705115,0.5634268,-0.4882473,0.24365021,-0.39892408,-0.5209271,0.10724141,0.452055,-0.55019355,0.4948766,0.71970785,0.5318914,-0.33038604,0.86039376,0.159134,0.097206414,-1.8205632,-0.29687414,-0.25016633,1.4366084,-2.2370691,-1.6977549,-0.19787598,-1.504002,0.1312399,0.02080237,-0.37090677,0.031115916,-0.31415457,0.79909724,1.0088372,5,0
237,-2.0383184,-0.4164266,0.056305308,0.0778545,0.2866654,1.0698726,-0.006442811,-0.6414683,0.38725206,-0.05942757,0.094838835,0.069991566,-0.7149796,0.55089295,0.5689472,-0.0034793385,0.3342422,0.4292289,-0.28199553,-0.55760616,1.0503042,-0.13733844,-0.46110013,0.107947215,-0.97141355,0.46628124,0.40909734,-0.044630807,0.015981168,-0.25566715,0.70154655,-0.43441594,1.6936634,0.280259,0.038700737,0.18375379,-0.2555946,-1.2784647,1.9247925,0.8935473,-0.8962012,-0.54290414,0.11917893,0.10244309,-0.0019545269,0.39106986,-0.026032837,0.22263855,0.23968238,-0.65284216,0.32204086,-0.5723215,0.42801118,0.3954847,0.09971426,-0.57366973,0.9546665,-0.013913466,0.25313795,0.37435076,0.5621134,-0.4793928,0.2437243,-0.3988464,-0.27949172,0.10604513,0.4529595,-0.5503156,0.4873243,0.71788687,0.5326393,-0.32735315,0.86821353,0.1591491,0.06491344,-1.8272837,-0.28686213,-0.24615885,1.43327,-2.2268093,-1.695979,-0.19620034,-1.5031502,0.13099872,0.01789182,-0.37222162,0.032903392,-0.313986,0.7979742,1.0114884,5,0
238,-2.0383184,-0.4164266,0.056305308,0.022871455,0.2866654,1.0449387,-0.00943495,-0.642245,0.38052335,-0.05942757,0.054617994,0.069991566,-0.71808416,0.55089295,0.5689472,-0.0034793385,0.3342422,0.4292289,-0.28199553,-0.55760616,1.0503042,-0.13733844,-0.46110013,0.0764416,-0.98267394,0.46628124,0.40909734,-0.091641515,0.015981168,-0.25566715,0.70154655,-0.42747423,1.6936634,0.280259,1.3567397e-05,0.18610059,-0.25392383,-1.2659935,1.9276754,0.8929235,-0.896213,-0.55306315,0.12368457,0.106364645,-0.0025782478,0.39054173,-0.021656,0.22268079,0.2381439,-0.646519,0.3240426,-0.5723215,0.4301718,0.3954847,0.07836495,-0.5728561,0.95185614,-0.005978766,0.2546231,0.378186,0.5621134,-0.46911246,0.2437243,-0.3988464,-0.0026284144,0.104756095,0.4538918,-0.5504433,0.4796572,0.71587116,0.5332014,-0.32329,0.8770202,0.1591491,0.023145184,-1.8340043,-0.27676034,-0.24223275,1.4299926,-2.216536,-1.6941401,-0.19412944,-1.5023121,0.13099872,0.014581425,-0.3737735,0.034857128,-0.313986,0.79685116,1.0140771,5,0
239,-2.0458302,-0.36240315,0.0793908,-0.012965732,0.29900178,0.9934622,-0.011621525,-0.642245,0.3747559,-0.030611072,0.024611954,0.07119178,-0.71808416,0.5619904,0.5605013,0.008942552,0.36673433,0.43336183,-0.21720529,-0.54822403,1.0293852,-0.05011948,-0.22507124,0.05283648,-0.9911686,0.46900192,0.41281822,-0.1687274,0.07633001,-0.18936,0.7251799,-0.41022858,1.6905286,0.29513225,0.5653612,0.18779434,-0.25255132,-1.2540272,1.9306202,0.8917475,-0.8955823,-0.5582472,0.12666547,0.10958063,0.031441707,0.3900488,-0.018564723,0.22297578,0.23624806,-0.64075464,0.35455728,-0.559574,0.42359573,0.40037137,0.6755902,-0.5719632,0.9487826,0.0021709646,0.25650293,0.38236633,0.51078933,-0.5123515,0.18852572,-0.39894563,-1.2046208,0.10284173,0.45617184,-0.550236,0.4751676,0.7086114,0.5408442,-0.37954158,0.8833842,0.1588875,0.20015189,-1.8382907,-0.2611801,-0.23788117,1.426311,-2.2018056,-1.689694,-0.20571245,-1.5017737,0.1253971,-0.011491786,-0.3751287,0.042313863,-0.31905475,0.79564714,1.014992,5,0
240,-2.0525074,-0.31322283,0.10023787,-0.04482116,0.30996752,0.94770515,-0.013565142,-0.64183074,0.36962923,-0.0046849814,-0.0020602164,0.072258644,-0.71680015,0.57330155,0.55299366,0.019984294,0.3986639,0.4370356,-0.15881562,-0.53988427,1.0107905,0.029164223,-0.0046342523,0.031854022,-0.99871945,0.47142023,0.41666502,-0.23724855,0.14660773,-0.12920558,0.74627274,-0.39489904,1.6876795,0.3086131,1.007122,0.18948816,-0.25118127,-1.2420738,1.9335573,0.8905739,-0.89458996,-0.56279874,0.12910452,0.11234617,0.08083343,0.3895559,-0.015486025,0.2232715,0.2343519,-0.6349994,0.3853193,-0.54718167,0.4159414,0.40513098,1.2116413,-0.5710704,0.94569194,0.010316344,0.2584136,0.38657278,0.46510148,-0.5504353,0.13874723,-0.39903393,-2.141066,0.10092736,0.45845407,-0.5500262,0.47087508,0.701202,0.5477095,-0.42912757,0.8890384,0.15855841,0.3380598,-1.8425325,-0.24579166,-0.23339623,1.422845,-2.1868527,-1.6857635,-0.2162901,-1.5019352,0.120577686,-0.034821726,-0.37629664,0.05028478,-0.32403132,0.79444313,1.0158842,5,0
241,-2.0525074,-0.30279055,0.10317718,-0.04482116,0.30996752,0.94770515,-0.013565142,-0.63810235,0.36962923,-0.0018833547,-0.0020602164,0.072258644,-0.7052443,0.5863227,0.55299366,0.019984294,0.4260926,0.4370356,-0.15163365,-0.53988427,1.0107905,0.044962507,0.09106113,0.031854022,-0.99871945,0.47142023,0.42151842,-0.23724855,0.2963205,-0.118275754,0.7470405,-0.39489904,1.6871151,0.31095457,0.4601371,0.19118191,-0.24983127,-1.2302204,1.9364333,0.8894193,-0.8907041,-0.5622894,0.1272084,0.11150842,0.25320563,0.38906297,-0.012514232,0.22357412,0.23245448,-0.6293175,0.41806066,-0.5376305,0.39966083,0.40887436,1.2582748,-0.57017744,0.9424641,0.01842698,0.26057026,0.3909879,0.46450555,-0.5472741,0.13233171,-0.39903393,-0.9530273,0.09901299,0.46075436,-0.54979616,0.46815935,0.69259423,0.5483563,-0.42538583,0.8890135,0.15768954,0.16316113,-1.8464178,-0.2319377,-0.227844,1.4211044,-2.1701214,-1.685956,-0.21882322,-1.5076956,0.1220162,-0.036204435,-0.37596512,0.062368818,-0.3282703,0.7932391,1.0165929,5,0
242,-2.0537608,-0.29467672,0.10546328,-0.04482116,0.30996752,0.9418067,-0.013565142,-0.6352025,0.36962923,0.00029567213,-0.017666545,0.072258644,-0.69625646,0.5964502,0.55299366,0.019984294,0.4474258,0.4370356,-0.14604768,-0.5403663,1.0107905,0.057249974,0.16549039,0.030333843,-0.99871945,0.47142023,0.4252933,-0.2500965,0.412763,-0.10977481,0.75051194,-0.39497456,1.6869498,0.31277573,0.09938382,0.19280085,-0.24849424,-1.2184387,1.9392874,0.88825417,-0.8876818,-0.56421894,0.12573364,0.110856965,0.34154496,0.38857007,-0.009493029,0.22385027,0.23042539,-0.6238298,0.44352612,-0.5302018,0.38699827,0.41178584,1.1421453,-0.5692846,0.9392336,0.026499169,0.26270574,0.39539802,0.46599463,-0.54327494,0.12726475,-0.3991508,0.019838043,0.09705832,0.46304366,-0.5495695,0.4653998,0.6839386,0.548859,-0.41985285,0.8889941,0.15701368,0.02353838,-1.850303,-0.21785536,-0.2225006,1.419477,-2.1533592,-1.6863877,-0.22079362,-1.5124453,0.12313508,-0.03731324,-0.37580433,0.071767524,-0.33156726,0.792035,1.0172744,5,0
243,-2.059401,-0.29467672,0.10546328,-0.04482116,0.30996752,0.9152641,-0.013565142,-0.6352025,0.36962923,0.00029567213,-0.08789343,0.072258644,-0.69625646,0.5964502,0.55299366,0.019984294,0.4474258,0.4370356,-0.14604768,-0.54253495,1.0107905,0.057249974,0.16549039,0.023493174,-0.99871945,0.47142023,0.4252933,-0.30791092,0.412763,-0.10977481,0.7634462,-0.39531448,1.6881807,0.31277573,0.39042184,0.19415794,-0.24720334,-1.2069076,1.9420651,0.88705194,-0.8876818,-0.5746845,0.12573364,0.110856965,0.13577794,0.38807714,-0.0063020345,0.22403403,0.227936,-0.6190218,0.44352612,-0.5302018,0.38699827,0.41178584,0.45636192,-0.5683917,0.9359934,0.034436803,0.26476654,0.39979053,0.4747832,-0.53634286,0.12691763,-0.39967662,0.2396179,0.09496274,0.46529326,-0.5493551,0.46248692,0.67511535,0.548859,-0.40805092,0.8889941,0.15701368,0.0073777153,-1.8541881,-0.20297436,-0.2178879,1.4182465,-2.136489,-1.6876558,-0.22079362,-1.5136586,0.12313508,-0.03746343,-0.3762418,0.071767524,-0.33156726,0.79083097,1.0178609,5,0
244,-2.064569,-0.28946057,0.112709336,-0.042693824,0.30641297,0.8868448,-0.011992358,-0.6333642,0.3717119,0.008300252,-0.15514098,0.07448761,-0.68914664,0.5991136,0.55557907,0.02304199,0.4306171,0.4351905,-0.12806737,-0.5451359,1.0147227,0.064600505,0.22741567,0.018932724,-0.9945709,0.4721347,0.43316653,-0.35930148,0.46024904,-0.09061739,0.7775727,-0.3996969,1.6876624,0.3155221,0.6129671,0.19537891,-0.24577099,-1.1953721,1.9447302,0.8858405,-0.88612163,-0.5795077,0.12264958,0.10930581,0.0812143,0.3876496,-0.0032080633,0.22425443,0.22511391,-0.6143518,0.4484358,-0.53682506,0.3802818,0.41205868,0.102007225,-0.56753427,0.9328423,0.042330313,0.266429,0.40397555,0.48540542,-0.5179491,0.110493004,-0.39986065,0.42910352,0.09286716,0.46755388,-0.5491409,0.4605792,0.66531706,0.55146104,-0.3990906,0.8856577,0.15571459,0.06164889,-1.8573701,-0.18719396,-0.21285295,1.4172051,-2.1180558,-1.6883805,-0.22406518,-1.5157535,0.12160951,-0.04230404,-0.37578106,0.0754087,-0.33253437,0.7896897,1.0180856,5,0
245,-2.0687928,-0.27381247,0.13444774,-0.036311872,0.29574934,0.8546721,-0.007273981,-0.62784934,0.37796,0.032314006,-0.21642989,0.08117452,-0.6678173,0.6071038,0.56333566,0.032215077,0.380191,0.42965534,-0.07412643,-0.5486011,1.0265203,0.08665209,0.41319153,0.018932724,-0.9821252,0.47427824,0.4567863,-0.39784446,0.6027071,-0.03314511,0.7940835,-0.41216436,1.6836449,0.32376134,0.69852704,0.19632782,-0.24405536,-1.1838275,1.9471695,0.88461065,-0.8814412,-0.5730465,0.113397464,0.10465258,0.3290575,0.38735282,-0.0003081394,0.22454838,0.22162636,-0.6099577,0.46316427,-0.55669475,0.36013234,0.412877,0.41050977,-0.5667474,0.92986995,0.050135553,0.26729468,0.40774557,0.499698,-0.47663206,0.06191337,-0.39936125,0.55800074,0.09077158,0.46983653,-0.54892737,0.46068174,0.65356874,0.55926704,-0.39581326,0.87564844,0.15181707,0.25678375,-1.8591455,-0.16961542,-0.2069736,1.4165416,-2.096497,-1.6880184,-0.23387983,-1.5196115,0.11703288,-0.056525495,-0.37352422,0.08633222,-0.3354357,0.788674,1.0175868,5,0
246,-2.0711393,-0.26511896,0.14652464,-0.02600255,0.28982502,0.8367982,-0.0014303146,-0.6247855,0.38228562,0.04690025,-0.2504796,0.08519433,-0.65412784,0.6115428,0.56764483,0.037311282,0.35217622,0.4265802,-0.044158954,-0.5505263,1.0330744,0.09890309,0.5164013,0.0315649,-0.9731037,0.47546914,0.4707714,-0.41925737,0.68185127,-0.0012157772,0.8032561,-0.42008948,1.681413,0.3283387,0.5705213,0.19727671,-0.24233767,-1.1722975,1.949587,0.8833579,-0.8794106,-0.5690906,0.10374318,0.10159774,0.32643083,0.38706502,0.002578309,0.2248561,0.21807878,-0.60550684,0.4702456,-0.56773365,0.34767509,0.41333166,0.42172158,-0.5659607,0.9268978,0.057868272,0.2681195,0.4115161,0.50763774,-0.46151686,0.034924448,-0.39908385,0.48084962,0.08901065,0.47197634,-0.54868996,0.4612528,0.64262646,0.563617,-0.39399254,0.86844355,0.14949793,0.27879798,-1.860921,-0.15224858,-0.20120506,1.4158362,-2.0750563,-1.6896597,-0.23958048,-1.5222448,0.114490315,-0.061109718,-0.3720845,0.092674695,-0.33712956,0.7876614,1.0173135,5,0
247,-2.0711393,-0.26511896,0.14652464,-0.010783892,0.28982502,0.8367982,0.005819917,-0.6247855,0.38420814,0.049701877,-0.2504796,0.085880175,-0.6499885,0.6115428,0.56764483,0.037311282,0.35217622,0.4265802,-0.044158954,-0.5505263,1.0330744,0.09890309,0.5164013,0.059987634,-0.9683624,0.47546914,0.47271264,-0.41925737,0.68185127,-0.0012157772,0.8032561,-0.42233664,1.681413,0.3283387,0.17555304,0.19822566,-0.24061754,-1.1607856,1.9519768,0.88207644,-0.88069236,-0.5682667,0.09358615,0.1005407,0.010710325,0.38678837,0.0054494855,0.22518083,0.21445623,-0.6009853,0.4677679,-0.56773365,0.3448333,0.41333166,0.0613123,-0.56517386,0.9239258,0.065510176,0.26889327,0.41528723,0.50763774,-0.47915465,0.034924448,-0.39908385,0.14613289,0.087668054,0.4739375,-0.54842275,0.46240938,0.63269186,0.5636465,-0.39399254,0.8647442,0.14915179,0.08440696,-1.8626964,-0.1351473,-0.19557483,1.4150785,-2.0537634,-1.6938055,-0.24013844,-1.5233474,0.114490315,-0.05364712,-0.37166637,0.09329085,-0.337314,0.786652,1.0173223,5,0
248,-2.0761135,-0.26511896,0.14652464,-0.004020132,0.28500426,0.8233927,0.009042225,-0.6247855,0.38506258,0.05094703,-0.2760169,0.08618499,-0.6481487,0.6115428,0.56764483,0.037311282,0.3289673,0.4087854,-0.044158954,-0.5519669,1.0330744,0.09890309,0.5164013,0.0726198,-0.9662552,0.47443852,0.4735755,-0.41925737,0.67894983,-0.0012157772,0.8146443,-0.42846972,1.6824946,0.3283387,0.27243406,0.19900452,-0.23881619,-1.1494001,1.9542382,0.88089865,-0.88126206,-0.56399846,0.08907199,0.10007103,-0.09189975,0.38651174,0.00838175,0.22546157,0.21064425,-0.5967896,0.4666664,-0.5810084,0.34357035,0.41333166,-0.07003206,-0.5647283,0.92099917,0.07281625,0.2694714,0.41774076,0.5134818,-0.48699355,0.034777015,-0.39943013,0.13423988,0.08632541,0.47583824,-0.5481575,0.4635549,0.6228663,0.5611257,-0.39466658,0.8631872,0.1488406,-0.065754056,-1.8644719,-0.118279554,-0.19010377,1.4142389,-2.0326617,-1.6967622,-0.24038659,-1.5249034,0.114490315,-0.050394252,-0.37176856,0.09359989,-0.3374797,0.7860412,1.0173309,5,0
249,-2.085067,-0.26511896,0.14652464,-0.004020132,0.27632695,0.7992632,0.009042225,-0.6247855,0.38506258,0.05094703,-0.32198355,0.08618499,-0.6481487,0.6115428,0.56764483,0.037311282,0.2871917,0.37675512,-0.044158954,-0.55455995,1.0330744,0.09890309,0.5164013,0.0726198,-0.9662552,0.47258362,0.4735755,-0.41925737,0.67372733,-0.0012157772,0.8351424,-0.43771148,1.6844416,0.3283387,0.7627864,0.19964734,-0.23694973,-1.1381158,1.9563967,0.87980366,-0.88126206,-0.55697495,0.08907199,0.10007103,-0.024025017,0.38623512,0.0113625275,0.22570743,0.20668083,-0.59285474,0.4666664,-0.6049028,0.34357035,0.41333166,-0.01812824,-0.56455564,0.918109,0.07985367,0.26989296,0.41914025,0.5240016,-0.48699355,0.034511615,-0.40005362,0.38060057,0.08498281,0.47769138,-0.5478938,0.4646915,0.6131278,0.55656385,-0.3958799,0.863344,0.14855766,-0.18053181,-1.8662473,-0.10159912,-0.18476003,1.4133338,-2.011713,-1.6987677,-0.24038659,-1.5268223,0.114490315,-0.050509084,-0.37228715,0.09366327,-0.33763036,0.7857489,1.0173393,5,0
250,-2.0880516,-0.25741905,0.14905563,0.023798695,0.2691133,0.7300917,0.022468505,-0.623232,0.38089716,0.05628342,-0.3373058,0.089728475,-0.64408594,0.6155379,0.5740799,0.050816104,0.22291069,0.34939897,-0.039370995,-0.5580017,1.0363988,0.09078459,0.52923185,0.09246738,-0.9600653,0.47103092,0.4897534,-0.41186023,0.60796255,0.021858143,0.8426761,-0.44950032,1.6845922,0.330082,0.61610615,0.1995147,-0.23483357,-1.1269534,1.9583546,0.87832415,-0.88153607,-0.55357164,0.06932954,0.102023266,-0.015908679,0.3860624,0.014189684,0.22608791,0.20227286,-0.5884912,0.47920752,-0.6302122,0.33792672,0.41327006,0.26185432,-0.56470275,0.9153724,0.08672421,0.2695145,0.4190685,0.53880614,-0.4894343,0.02991357,-0.40050346,0.5630826,0.08416603,0.47917405,-0.54766715,0.4667313,0.60441446,0.5546872,-0.41779444,0.85857344,0.14543132,-0.1516806,-1.8671757,-0.08289089,-0.17962243,1.4105351,-1.9904504,-1.7069811,-0.24091247,-1.5291605,0.11333883,-0.037993327,-0.3734339,0.095927924,-0.33923334,0.7858639,1.0172666,5,0
251,-2.0880516,-0.24586925,0.15285227,0.06552691,0.2626315,0.63839936,0.04260794,-0.62090176,0.3746491,0.064288005,-0.3373058,0.095043726,-0.63799185,0.6215306,0.5837324,0.07107334,0.14737701,0.3243799,-0.032189064,-0.56186765,1.0413853,0.07860685,0.5484777,0.12223875,-0.9507804,0.46962938,0.51402026,-0.40076455,0.51192665,0.056469023,0.84372777,-0.4625627,1.6838448,0.33269694,0.15090972,0.1989943,-0.23259246,-1.1158521,1.9602122,0.8766522,-0.88194704,-0.5519786,0.039715882,0.10495185,-0.037671544,0.3859417,0.016941378,0.22653586,0.1976426,-0.5839135,0.49801922,-0.6562289,0.32946125,0.4131776,0.6558763,-0.56500983,0.9127125,0.09351127,0.268736,0.41826105,0.5557537,-0.4930954,0.023149187,-0.40086645,0.7136253,0.08361209,0.48047107,-0.54745907,0.4692227,0.5962136,0.5541523,-0.45005965,0.85133904,0.1408834,-0.05101491,-1.8676805,-0.06316908,-0.17458807,1.4067895,-1.9690307,-1.7182986,-0.24170102,-1.5317082,0.1116116,-0.019162294,-0.37489465,0.099293195,-0.34156248,0.7861825,1.017153,5,0
252,-2.0683796,-0.22823393,0.15369593,0.07556371,0.26119104,0.6180228,0.047083467,-0.6203839,0.3732606,0.06606684,-0.27672613,0.09622491,-0.6366376,0.6228623,0.5858775,0.084790625,0.13059138,0.31882,-0.030593034,-0.5627268,1.0424933,0.07590062,0.55275464,0.12885475,-0.94595134,0.4693179,0.51941305,-0.37740508,0.49058485,0.0641605,0.7987444,-0.4655779,1.6794908,0.3353736,-1.0537051,0.19847393,-0.23029733,-1.1048447,1.9619766,0.87496334,-0.88203835,-0.558495,0.0331349,0.10560259,-0.025581146,0.385821,0.019393915,0.22706193,0.1936292,-0.578745,0.5021996,-0.6613377,0.32758,0.4131571,0.43697667,-0.5653169,0.9099947,0.10032057,0.26793525,0.41741654,0.5595196,-0.493909,0.021645948,-0.40094718,0.43837687,0.08305821,0.48172706,-0.5472459,0.4716792,0.5881409,0.5539086,-0.4631385,0.8475751,0.13987263,-0.021367628,-1.8681855,-0.04442107,-0.16944763,1.402837,-1.947966,-1.7164994,-0.2437475,-1.5281466,0.10990134,-0.01497753,-0.37521923,0.09916974,-0.3420801,0.78650135,1.0170395,5,0
253,-2.0430872,-0.20885967,0.15369593,0.07654557,0.26119104,0.6180228,0.047083467,-0.6203839,0.3732606,0.06606684,-0.19883752,0.09622491,-0.6366376,0.6228623,0.5858775,0.09663929,0.13059138,0.31882,-0.030593034,-0.5627268,1.0424933,0.07590062,0.55275464,0.12885475,-0.9423954,0.4693179,0.51941305,-0.3505416,0.49058485,0.0641605,0.7406075,-0.46572235,1.6741064,0.33806786,-2.4695885,0.19795352,-0.22798663,-1.0938641,1.9637144,0.8732697,-0.88203835,-0.5673285,0.0331349,0.10560259,-0.0038181103,0.38570032,0.021762008,0.22761065,0.18979204,-0.5734077,0.5021996,-0.6604726,0.32758,0.4131571,0.042951602,-0.565624,0.9072603,0.10713626,0.2671281,0.4165614,0.5595196,-0.493909,0.021645948,-0.40094718,0.041470308,0.082504325,0.4829716,-0.54703134,0.4741257,0.58010495,0.5537484,-0.47073537,0.84480274,0.13987263,-0.012011911,-1.8686903,-0.025952118,-0.16427687,1.3988254,-1.9270029,-1.7109524,-0.2461533,-1.5228397,0.10819596,-0.01497753,-0.37521923,0.09804946,-0.3420801,0.78682005,1.0169259,5,0
254,-2.0402772,-0.20670716,0.15369593,0.07665463,0.26119104,0.5257937,0.034194157,-0.6203839,0.36343452,0.03582713,-0.19018364,0.09607251,-0.6409303,0.6228623,0.5858775,0.09795575,0.127028,0.30307537,-0.03358128,-0.56530416,1.0424933,0.038745493,0.541112,0.12885475,-0.94200027,0.46840182,0.51941305,-0.34755692,0.42662504,0.0641605,0.7341481,-0.46466973,1.6735082,0.33836722,-1.3907025,0.19626318,-0.22567461,-1.0835767,1.9652556,0.87120074,-0.8796365,-0.5814031,0.051140673,0.11097658,0.12578464,0.38557512,0.024806568,0.22789213,0.18642418,-0.5684416,0.50473136,-0.6551636,0.33051494,0.4131571,0.052202772,-0.5662328,0.9044562,0.11362849,0.2665455,0.41468906,0.5701311,-0.49594665,0.02403057,-0.40155882,0.24588194,0.08195039,0.4834792,-0.54707605,0.4763024,0.5724418,0.5514798,-0.4835646,0.8445656,0.13972965,-0.06367308,-1.8691952,-0.0071021104,-0.15974891,1.3937988,-1.9070295,-1.702987,-0.2435827,-1.5211112,0.10800648,-0.02717501,-0.37785473,0.09577338,-0.34215626,0.78748965,1.0168126,5,0
255,-2.0402772,-0.20670716,0.15369593,0.07665463,0.26119104,0.42203647,0.019693771,-0.6203839,0.35238022,0.001807653,-0.19018364,0.09590104,-0.64575964,0.6228623,0.5858775,0.09795575,0.12301924,0.28536275,-0.03694304,-0.5682036,1.0424933,-0.0030537816,0.5280142,0.12885475,-0.94200027,0.46737134,0.51941305,-0.34755692,0.35467064,0.0641605,0.7341481,-0.46346754,1.6735082,0.33836722,1.3567397e-05,0.19442655,-0.22336242,-1.0733759,1.9667723,0.86908484,-0.87693447,-0.59613276,0.071397044,0.11702219,0.26886663,0.38544938,0.027936473,0.22814028,0.18311498,-0.5635218,0.5075796,-0.64929926,0.3338167,0.4131571,0.11186089,-0.5668795,0.9016435,0.12008025,0.26599088,0.4126896,0.5820682,-0.49823895,0.026713252,-0.4022469,0.52545446,0.081396505,0.48389465,-0.5471532,0.47844532,0.5648253,0.5489475,-0.4970479,0.8446453,0.13956878,-0.12296098,-1.8697001,0.011795367,-0.15530123,1.3886453,-1.8871801,-1.694719,-0.2403901,-1.5198302,0.10800648,-0.04089709,-0.38081947,0.09335281,-0.34224194,0.7882032,1.016699,5,0
