Timestep,IMU1_ax,IMU1_ay,IMU1_az,IMU1_gx,IMU1_gy,IMU1_gz,IMU2_ax,IMU2_ay,IMU2_az,IMU2_gx,IMU2_gy,IMU2_gz,IMU3_ax,IMU3_ay,IMU3_az,IMU3_gx,IMU3_gy,IMU3_gz,IMU4_ax,IMU4_ay,IMU4_az,IMU4_gx,IMU4_gy,IMU4_gz,IMU5_ax,IMU5_ay,IMU5_az,IMU5_gx,IMU5_gy,IMU5_gz,IMU1_a_mag,IMU1_g_mag,IMU1_pitch,IMU1_roll,IMU1_jerk_a_mag,IMU1_yaw_int,IMU2_a_mag,IMU2_g_mag,IMU2_pitch,IMU2_roll,IMU2_jerk_a_mag,IMU2_yaw_int,IMU3_a_mag,IMU3_g_mag,IMU3_pitch,IMU3_roll,IMU3_jerk_a_mag,IMU3_yaw_int,IMU4_a_mag,IMU4_g_mag,IMU4_pitch,IMU4_roll,IMU4_jerk_a_mag,IMU4_yaw_int,IMU5_a_mag,IMU5_g_mag,IMU5_pitch,IMU5_roll,IMU5_jerk_a_mag,IMU5_yaw_int,IMU1_qw,IMU1_qx,IMU1_qy,IMU1_qz,IMU2_qw,IMU2_qx,IMU2_qy,IMU2_qz,IMU3_qw,IMU3_qx,IMU3_qy,IMU3_qz,IMU4_qw,IMU4_qx,IMU4_qy,IMU4_qz,IMU5_qw,IMU5_qx,IMU5_qy,IMU5_qz,REL_LH_pitch,REL_LH_roll,REL_RH_pitch,REL_RH_roll,REL_LK_pitch,REL_LK_roll,REL_RK_pitch,REL_RK_roll,REL_THIGH_yaw,REL_ANKLE_yaw,move,label
0,-2.1241212,-0.6606301,-0.08700464,0.2704595,0.51731694,1.2242129,0.12620924,-0.62067735,0.1490233,-0.15846232,-0.17450668,0.051854927,-0.2069258,0.7515221,0.58083093,-0.18108098,0.29678002,0.22444269,-0.79374826,-0.5496803,0.8038026,-0.057762343,0.81884104,-0.15759768,-0.71419066,0.44447944,0.69053996,0.38213292,0.4697593,0.24325712,0.86337703,-0.18285057,1.7403923,0.1899932,1.3567397e-05,0.79490143,0.26749462,0.37218627,1.8562233,0.8984132,-0.8805923,-0.55509245,-0.083618626,0.22731455,-0.0014001053,0.6300272,0.11269367,0.2979424,-0.26495805,0.07212917,0.7070681,-0.544369,-0.030315794,0.44673237,-0.00082696596,0.84278643,0.64560765,0.7057485,-0.36378378,0.5037387,0.54968655,-0.22746623,0.70121866,-0.4250752,-0.0026284144,0.7991701,0.6233814,-0.48661613,0.5862747,0.54733324,0.51206124,-0.49710506,0.6668019,0.10526834,-0.0033960624,-0.26325,0.52258474,0.3264653,0.20110609,-0.073211946,-1.8268923,-0.049653288,-1.7270291,0.22811653,0.36483812,-0.4434538,0.29198644,-0.39438012,-0.77683055,0.6739719,2,1
1,-2.1178079,-0.6012441,-0.07089084,0.24609892,0.46952626,1.1141521,0.1270745,-0.62067735,0.13565305,-0.16809157,-0.1620266,0.04618278,-0.2064071,0.75193006,0.58692193,-0.088548616,0.19208279,0.22155727,-0.786855,-0.55474925,0.78130776,-0.05380305,0.9036516,-0.19294801,-0.72577596,0.44782665,0.688837,0.31275976,0.4479451,0.21285208,0.85183233,-0.2407212,1.7365519,0.20598641,-0.2761493,0.7988445,0.2576275,0.36482465,1.8645759,0.90003055,-0.87981737,-0.54772943,-0.08512557,0.23448722,0.039635208,0.62864304,0.11545525,0.2971356,-0.26286733,0.07073008,0.71050745,-0.5821704,-0.031081455,0.44579837,0.07121579,0.8408289,0.6456055,0.70458436,-0.35539255,0.50194335,0.5616833,-0.17688058,0.6935097,-0.42881748,0.27832845,0.79135936,0.61957234,-0.48904768,0.58880377,0.520617,0.5200711,-0.5309658,0.67586005,0.1061413,0.19683681,-0.2598915,0.5210156,0.32716802,0.20250085,-0.06358975,-1.823551,-0.060146965,-1.723541,0.21726473,0.36260983,-0.4494051,0.29621553,-0.39297295,-0.7750002,0.666981,2,1
2,-2.1161907,-0.5860319,-0.066763125,0.23985875,0.45728433,1.0859591,0.12729613,-0.62067735,0.13222818,-0.17055815,-0.15882973,0.04472982,-0.20627423,0.7520345,0.5938805,-0.064845756,0.16526383,0.22081815,-0.78389275,-0.5560477,0.77554566,-0.05278884,0.9253766,-0.20200327,-0.7287436,0.44868407,0.68840086,0.29498932,0.44235724,0.20506361,0.84887534,-0.25554523,1.7355682,0.21008322,-0.14146884,0.8027877,0.24785,0.35759595,1.8727734,0.9016132,-0.8796188,-0.5458433,-0.085511595,0.23632458,0.019622905,0.627259,0.1181746,0.29634,-0.26080775,0.06935198,0.71342206,-0.5918535,-0.031505242,0.444648,0.0786742,0.8388713,0.645603,0.70341265,-0.34712863,0.5001819,0.5644498,-0.16392271,0.6904993,-0.42977607,0.1341368,0.7835486,0.6156438,-0.49140856,0.5912758,0.49428466,0.52212286,-0.5396395,0.67818034,0.106364936,0.09918626,-0.25653303,0.51943815,0.3278517,0.20387475,-0.05411073,-1.8226953,-0.06283499,-1.7227356,0.21377411,0.36159092,-0.45092955,0.29746798,-0.3916934,-0.7731699,0.65999,2,1
3,-2.1161907,-0.5860319,-0.066763125,0.23085853,0.43420756,1.0452604,0.12729613,-0.6209622,0.13222818,-0.17055815,-0.15882973,0.04472982,-0.20627423,0.75013554,0.59759843,-0.064845756,0.1261184,0.22081815,-0.7830687,-0.55613416,0.77554566,-0.05278884,0.8824475,-0.20200327,-0.7332346,0.44868407,0.68840086,0.26993632,0.42512295,0.1905695,0.84887534,-0.2828688,1.7355682,0.21008322,1.3567397e-05,0.8062146,0.23874903,0.3503746,1.8802544,0.90321946,-0.8799176,-0.5458433,-0.085418396,0.23641667,-0.017220927,0.6258749,0.12084544,0.29555687,-0.2587775,0.06799247,0.7085441,-0.6010272,-0.03095746,0.4435728,-0.08833829,0.83691376,0.64568084,0.702198,-0.33965427,0.49790546,0.5645881,-0.17458342,0.6897423,-0.42979538,-0.001862793,0.7757379,0.6117391,-0.4936826,0.59291035,0.46894753,0.5221612,-0.5552064,0.68170244,0.106364936,-0.0024403813,-0.2537066,0.51865745,0.32816252,0.20557228,-0.045876533,-1.8226572,-0.06278636,-1.7225231,0.21293524,0.36119497,-0.45098215,0.2984843,-0.3906088,-0.7713395,0.6532728,2,1
4,-2.116279,-0.5757847,-0.069214806,0.20026863,0.38634256,0.96684796,0.12917922,-0.62141097,0.13247919,-0.15537015,-0.17594434,0.053624146,-0.211138,0.74643075,0.59831864,-0.06551109,0.050478235,0.22503203,-0.7851967,-0.5562703,0.7836331,-0.012225466,0.77311015,-0.16456893,-0.74536645,0.44915763,0.6979759,0.2215131,0.3825111,0.1625616,0.8482226,-0.33772808,1.73631,0.21068609,-0.015597218,0.8089178,0.23061287,0.34301034,1.8867283,0.9049974,-0.88061553,-0.5552038,-0.087954976,0.23642734,-0.0466692,0.6247517,0.122973666,0.2949356,-0.25736028,0.066802494,0.6984456,-0.6218294,-0.02625032,0.44257635,-0.28142038,0.83503705,0.645895,0.7009339,-0.3333361,0.49511576,0.56808275,-0.23355246,0.6912125,-0.4288945,0.08351077,0.76891893,0.6086397,-0.49545988,0.59427947,0.44729576,0.52490264,-0.58721113,0.69119006,0.10474106,0.06563696,-0.25162888,0.51906097,0.32793546,0.20759447,-0.039473534,-1.8244569,-0.063319005,-1.7214283,0.2117762,0.36369473,-0.45023683,0.29882145,-0.39046854,-0.7695178,0.64760894,2,1
5,-2.1166592,-0.5315253,-0.07980388,0.12940139,0.33666545,0.9051655,0.13731262,-0.62141097,0.13356324,-0.089770935,-0.24986485,0.09204003,-0.23214547,0.74335283,0.6014288,-0.06838477,-0.009801966,0.24323232,-0.79438776,-0.5562703,0.81856394,0.1629736,0.5930383,-0.0028846387,-0.7672003,0.45120323,0.7393314,0.18287489,0.31575972,0.14023718,0.8454043,-0.3887111,1.7395147,0.21328999,-0.08302247,0.81101984,0.22342788,0.33530477,1.8921727,0.9072198,-0.88159674,-0.5956329,-0.09954503,0.23584566,-0.06618524,0.62449455,0.12341387,0.29482186,-0.25791255,0.0661353,0.6975631,-0.64924186,-0.010714756,0.44131976,-0.030239157,0.83342844,0.646281,0.6996464,-0.32825553,0.49245846,0.5808007,-0.41569212,0.6978589,-0.42487186,0.36459583,0.7653916,0.6079857,-0.49580497,0.59761876,0.43486717,0.5364831,-0.6194971,0.7081975,0.09772691,0.35316864,-0.25018087,0.520607,0.3271995,0.2095411,-0.03498001,-1.8324887,-0.06595114,-1.7185593,0.20914765,0.37508592,-0.44666067,0.2941533,-0.39293674,-0.7677247,0.6444872,2,1
6,-2.1166685,-0.48344067,-0.08006469,0.12765592,0.3354419,0.90364623,0.13751294,-0.6192464,0.13358995,-0.08815521,-0.25168553,0.092986226,-0.2326629,0.7432771,0.60150546,-0.06845555,-0.01128669,0.25482973,-0.7946142,-0.55502564,0.84297043,0.1672888,0.58860314,0.0010976945,-0.76773804,0.45125356,0.74035007,0.18192323,0.31411558,0.13968731,0.8444578,-0.38996685,1.7403427,0.22079977,-0.0398967,0.81312186,0.2163652,0.32803822,1.8975209,0.9092373,-0.87934774,-0.5966287,-0.10051274,0.2351337,0.10438132,0.6242374,0.1238882,0.29470146,-0.25846395,0.065496005,0.69754106,-0.6594996,-0.010332097,0.4412888,-0.0060185487,0.8320336,0.6466951,0.69842994,-0.3236458,0.49050266,0.5831714,-0.42017823,0.69776374,-0.42178547,0.12918735,0.7618643,0.60742384,-0.49607942,0.600896,0.42266622,0.5367682,-0.62029237,0.7086164,0.09755417,0.07788958,-0.24873292,0.52211004,0.32647482,0.21145014,-0.030574238,-1.8337368,-0.0730334,-1.7192268,0.20437016,0.37575576,-0.44381163,0.2940383,-0.39299753,-0.7661811,0.64136547,2,1
7,-2.1166685,-0.46991208,-0.08602487,0.12765592,0.3086456,0.90364623,0.13751294,-0.6186233,0.13021135,-0.08815521,-0.25513777,0.092986226,-0.24397898,0.74231696,0.60150546,-0.06990229,-0.01128669,0.25803933,-0.8208903,-0.55466735,0.84974885,0.1672888,0.4914707,0.0010976945,-0.77243835,0.45004988,0.74035007,0.16108143,0.3072124,0.13308762,0.8426111,-0.41982245,1.7419288,0.22051375,-0.04966779,0.8152238,0.2100171,0.3210647,1.902183,0.9115503,-0.87846965,-0.595843,-0.100776106,0.23674038,0.07670994,0.6239802,0.12425653,0.29460552,-0.2590433,0.064826645,0.6988542,-0.662055,-0.0021592188,0.44106004,0.026681215,0.8306442,0.6471088,0.69720215,-0.31902856,0.48853153,0.5907032,-0.44757423,0.72032243,-0.42092556,0.1864295,0.7583371,0.6071226,-0.49630782,0.6025312,0.4121762,0.5338953,-0.62409574,0.71232647,0.09734606,-0.075214535,-0.24752723,0.5242571,0.3254606,0.21351656,-0.026735086,-1.8354781,-0.071929514,-1.7176193,0.20437273,0.38570982,-0.44373235,0.2894662,-0.39287767,-0.76464385,0.63836837,2,1
8,-2.1167915,-0.39986753,-0.09388563,0.15431845,0.27568266,0.9042063,0.13334607,-0.6191101,0.12618302,-0.07394257,-0.2577151,0.09752293,-0.25663054,0.74134254,0.60366577,-0.0717808,-0.0027658748,0.269499,-0.85322213,-0.55235296,0.8791347,0.17233056,0.37205106,0.01854021,-0.78124326,0.44915125,0.7547689,0.13494916,0.28104827,0.12498946,0.8395572,-0.45975503,1.7448514,0.22869623,-0.08662719,0.8173329,0.20437063,0.31507188,1.9063164,0.913694,-0.87824714,-0.59710324,-0.09476435,0.23905405,0.014602765,0.6238561,0.12397265,0.2946681,-0.259736,0.06416661,0.7014978,-0.66832745,0.0068384316,0.4404617,0.064341284,0.82947445,0.64755553,0.6960212,-0.31464833,0.48733106,0.59908533,-0.4945622,0.74817616,-0.41702417,0.25155935,0.75527185,0.60726416,-0.4963494,0.60337746,0.40414953,0.53408307,-0.6330443,0.719214,0.09462818,-0.02428197,-0.2465325,0.52706504,0.324153,0.21543537,-0.023656726,-1.836035,-0.07801442,-1.717009,0.1987267,0.3933445,-0.44140264,0.28556547,-0.39372167,-0.76331925,0.6357912,2,1
9,-2.117003,-0.27989784,-0.099727884,0.22136743,0.2534895,0.9051655,0.12620924,-0.6199438,0.12240747,-0.049599696,-0.24877709,0.10529323,-0.26382977,0.7409014,0.60886747,-0.07314827,0.012419048,0.2905732,-0.87499946,-0.548389,0.9294656,0.18096593,0.29171732,0.04841512,-0.7903138,0.449164,0.77966607,0.116841294,0.2450624,0.119558305,0.83636457,-0.4926122,1.7481047,0.24581742,-0.10102581,0.8194502,0.19926746,0.31035924,1.9101459,0.91533977,-0.87807167,-0.6026729,-0.08440716,0.24134518,0.009518451,0.6238864,0.122932345,0.29491627,-0.26046434,0.063632585,0.7049178,-0.6800406,0.011729824,0.43947506,0.09008102,0.82858723,0.64804745,0.69490737,-0.31060663,0.48713467,0.60456717,-0.54001,0.76694185,-0.41034195,0.1672191,0.75274247,0.6077983,-0.4961945,0.604049,0.3982319,0.538141,-0.64350766,0.7262656,0.090205535,0.13030715,-0.24567276,0.5303348,0.32264212,0.21710458,-0.0212152,-1.8351591,-0.09209297,-1.7183177,0.18711989,0.3938543,-0.43675116,0.28478137,-0.395082,-0.76227385,0.6336445,2,1
10,-2.117003,-0.27989784,-0.099727884,0.3247155,0.2534895,0.9051655,0.12620924,-0.6199438,0.11662573,-0.049599696,-0.20557682,0.10529323,-0.26382977,0.7409014,0.61612475,-0.07314827,0.015274413,0.29756483,-0.87499946,-0.548389,0.9294656,0.18096593,0.29171732,0.04841512,-0.7903138,0.44922605,0.78063923,0.116841294,0.2450624,0.119558305,0.83636457,-0.5053661,1.7481047,0.24581742,-0.0047300174,0.8215676,0.19436166,0.30668458,1.9139733,0.91635084,-0.8776832,-0.6143041,-0.084528446,0.24443823,0.023740452,0.6239167,0.12170787,0.29521355,-0.2608745,0.0634868,0.7076816,-0.68347347,0.011397743,0.4382465,0.072738215,0.82780635,0.648562,0.6938198,-0.3067755,0.48730364,0.60456717,-0.54001,0.76694185,-0.41034195,0.005345566,0.7502131,0.6083134,-0.4960406,0.6047106,0.3924084,0.53844523,-0.64350766,0.72626173,0.09004358,0.0119821755,-0.24481304,0.5335513,0.32115227,0.21874782,-0.018812576,-1.8352084,-0.0904597,-1.7184467,0.18616135,0.3939434,-0.43797526,0.2850265,-0.39392877,-0.7613524,0.6314978,2,1
11,-2.117003,-0.27989784,-0.10252927,0.32980648,0.2534895,0.9051655,0.11979274,-0.6199438,0.11084399,-0.049599696,-0.20344874,0.102106616,-0.26382977,0.7409014,0.61648226,-0.07314827,0.015415082,0.2979092,-0.8845024,-0.548389,0.9294656,0.15226342,0.2401276,0.04841512,-0.7985041,0.4492291,0.78068715,0.112666875,0.21270859,0.112917446,0.8356259,-0.5059944,1.7487566,0.24470505,-0.01765946,0.8236849,0.18951494,0.303054,1.9177274,0.91737133,-0.87654835,-0.6146137,-0.075528376,0.24752915,0.06396136,0.6238535,0.12028576,0.29553065,-0.26100525,0.0630476,0.70781773,-0.6836426,0.011381368,0.4381859,0.016851721,0.8270255,0.64906186,0.69275045,-0.30301803,0.48746958,0.6072367,-0.5514741,0.77508587,-0.41034195,0.059898358,0.7476837,0.60845715,-0.4960803,0.6044714,0.38753206,0.5386169,-0.6540611,0.7326673,0.0900356,0.002847695,-0.24419709,0.5368525,0.3196339,0.22014286,-0.017339768,-1.8322067,-0.08783409,-1.7190956,0.1868182,0.39085457,-0.43919843,0.2876271,-0.39387196,-0.76046175,0.62947655,2,1
12,-2.118218,-0.38068417,-0.10342918,0.41235772,0.25556415,0.9303676,0.11424576,-0.62424356,0.108325206,-0.03705914,-0.16077335,0.094636045,-0.2599267,0.7418802,0.614772,-0.057978652,0.07050658,0.3096258,-0.8875552,-0.5457792,0.9373413,0.12723011,0.18307301,0.05123276,-0.8055713,0.44944444,0.80180836,0.110106,0.16473886,0.107169196,0.8400216,-0.5114027,1.7476074,0.22788087,0.100404344,0.8261219,0.18473727,0.299962,1.9214858,0.9182294,-0.8802228,-0.60708356,-0.066218376,0.2503182,-0.18005516,0.62359625,0.11812698,0.2959936,-0.26038504,0.06270488,0.70881176,-0.6731041,0.008391946,0.43870968,0.019994516,0.82646924,0.6492796,0.6920153,-0.29881352,0.48904264,0.6001351,-0.56445587,0.77880114,-0.40882388,-0.15210676,0.745229,0.608484,-0.49619824,0.6035552,0.38353732,0.5426216,-0.6668348,0.7381359,0.08632765,0.09776343,-0.24372646,0.5403012,0.31806186,0.22105289,-0.016698621,-1.8272226,-0.071337715,-1.7191226,0.19787592,0.3856218,-0.43903953,0.29205766,-0.39637533,-0.75989693,0.62758034,2,1
13,-2.1192005,-0.46217078,-0.10141068,0.47910115,0.27716026,0.9507437,0.11142751,-0.6277199,0.10771641,-0.026919983,-0.1262699,0.08942367,-0.25677106,0.7426715,0.6133892,-0.03727262,0.11504856,0.3190988,-0.8839789,-0.5436691,0.9437089,0.11444529,0.15034315,0.053510845,-0.80915797,0.44972715,0.8188851,0.109119706,0.13435806,0.10424649,0.844299,-0.49196672,1.746045,0.21540941,0.14321212,0.8286995,0.17952603,0.29697746,1.9256525,0.91877884,-0.8834834,-0.6010638,-0.061030313,0.25181,-0.25281456,0.6232559,0.11566906,0.2965151,-0.25944924,0.062413882,0.7096155,-0.6653749,0.005974943,0.43913326,0.023686238,0.8260117,0.64926845,0.6915387,-0.2944639,0.4911876,0.59269196,-0.5719743,0.7766187,-0.40759656,-0.2456974,0.7428071,0.6084699,-0.496345,0.60234725,0.3799211,0.54608345,-0.6744213,0.7408895,0.083349034,0.11960119,-0.2433142,0.54377943,0.31648055,0.22174944,-0.016404564,-1.8234955,-0.0594133,-1.7185203,0.20610031,0.38086575,-0.43860883,0.29496583,-0.398389,-0.75947475,0.62573624,2,1
14,-2.1193392,-0.482083,-0.09764589,0.47910115,0.31431198,0.94831884,0.11142751,-0.6277199,0.10771641,-0.026919983,-0.1262699,0.08890676,-0.25677106,0.7426715,0.61303484,-0.021528287,0.11504856,0.3189572,-0.87730855,-0.5440567,0.9437089,0.11444529,0.15034315,0.053510845,-0.81002426,0.44996378,0.8188851,0.109119706,0.12696275,0.10404679,0.8459902,-0.44759753,1.74488,0.21379918,0.0478967,0.8312464,0.17373174,0.2937128,1.9303029,0.9190758,-0.8834834,-0.60070246,-0.061030313,0.25181,-0.0014001053,0.62290037,0.113242574,0.29702795,-0.25850636,0.062109593,0.7094807,-0.66680974,0.0059910114,0.43919313,-0.0036531999,0.82555157,0.6491199,0.6912068,-0.29019347,0.4932562,0.59235734,-0.5719743,0.77067953,-0.40768868,-0.024261525,0.74038523,0.6084536,-0.49649104,0.601123,0.376333,0.54668003,-0.6754629,0.7415573,0.083391085,0.0153863,-0.24290927,0.5472051,0.31492415,0.22232534,-0.016235583,-1.8222953,-0.05797554,-1.7173659,0.20716625,0.378296,-0.43868545,0.29522377,-0.39842704,-0.75905436,0.623896,2,1
15,-2.1200998,-0.5913307,-0.09764589,0.47910115,0.31431198,0.9350148,0.11142751,-0.6277199,0.10771641,-0.026919983,-0.1262699,0.08607069,-0.25677106,0.7426715,0.6110911,-0.021528287,0.11504856,0.31818038,-0.87730855,-0.5461836,0.9437089,0.11444529,0.15034315,0.053510845,-0.8147772,0.45014977,0.8188851,0.109119706,0.08638835,0.10295111,0.84982735,-0.44780573,1.7432323,0.196347,0.110679105,0.83365524,0.1679774,0.28992826,1.9347984,0.9196024,-0.8834834,-0.59872025,-0.061030313,0.25181,-0.0014001053,0.6224768,0.11083944,0.29752806,-0.25748378,0.061730683,0.70874035,-0.6665846,0.006079082,0.43952197,-0.019159313,0.8250792,0.64896154,0.6908794,-0.28597286,0.49525267,0.6008349,-0.5719743,0.7695195,-0.40819386,0.22813527,0.7379633,0.608417,-0.49664143,0.5999101,0.37279916,0.5472383,-0.68117714,0.74526256,0.08342429,0.014227298,-0.24253722,0.5505839,0.31339943,0.22239345,-0.016612986,-1.820598,-0.042391304,-1.7157079,0.21846925,0.3777941,-0.43910584,0.29665557,-0.39874104,-0.75864214,0.6220726,2,1
16,-2.1206844,-0.6440243,-0.08536623,0.4797848,0.33032688,0.93403167,0.112869866,-0.6246911,0.10704711,-0.013543388,-0.10048685,0.085861124,-0.25284794,0.74304926,0.6109474,0.01865791,0.10447099,0.31760907,-0.863583,-0.54634076,0.9515,0.1369041,0.11051282,0.06867242,-0.82338166,0.45016345,0.8260945,0.12741794,0.073289074,0.10248963,0.8554771,-0.42849466,1.7396754,0.19329636,0.15868507,0.8360641,0.16195385,0.28599572,1.9394941,0.91995484,-0.8804425,-0.59117943,-0.06414699,0.2511493,0.15962237,0.62205327,0.1079494,0.29815337,-0.25631434,0.061693694,0.7083592,-0.6717906,0.0032402435,0.43963653,-0.012779562,0.82459694,0.6483441,0.69106233,-0.28209102,0.49692369,0.60008085,-0.5932768,0.7573257,-0.40734205,0.030570349,0.7359431,0.60892415,-0.49656782,0.5984368,0.37064603,0.54862225,-0.68832654,0.75196195,0.08214978,0.034775637,-0.24217913,0.55337447,0.3121423,0.22235939,-0.017191444,-1.8182061,-0.040016096,-1.7133033,0.22048955,0.374808,-0.43813568,0.30147168,-0.39953536,-0.75821835,0.620527,2,1
17,-2.1208725,-0.65992635,-0.08099002,0.48002845,0.3360343,0.9542887,0.11338391,-0.62361175,0.10680857,-0.007163429,-0.091298245,0.08845207,-0.25144988,0.7431839,0.6143334,0.034519713,0.10070134,0.31742594,-0.8586915,-0.5446546,0.95427656,0.16049169,0.09631803,0.07795819,-0.826323,0.45174158,0.82866377,0.13393909,0.06968921,0.10235402,0.8573898,-0.4212958,1.7384511,0.19266875,0.08127255,0.8387299,0.15595864,0.28222874,1.9441475,0.92039865,-0.8793588,-0.5893085,-0.06525769,0.2509139,0.10052345,0.6217058,0.10501354,0.29879957,-0.2552573,0.06177103,0.70953345,-0.67364854,0.0020735203,0.43909624,0.021872848,0.824114,0.6476873,0.6912905,-0.27829123,0.49854568,0.5928662,-0.60509276,0.75391376,-0.4066235,-0.1805362,0.7340577,0.60975146,-0.49634776,0.597114,0.3688291,0.55295074,-0.690724,0.75418556,0.081976175,0.114091106,-0.24182215,0.5560707,0.3109273,0.22231762,-0.017777562,-1.8173981,-0.039579958,-1.7125494,0.2204653,0.37414783,-0.4374448,0.30323687,-0.39908287,-0.75776875,0.619073,2,1
18,-2.1208725,-0.65992635,-0.08099002,0.48002845,0.3360343,0.97201353,0.11338391,-0.62361175,0.10591142,-0.0057522515,-0.091298245,0.09071915,-0.25477678,0.7431839,0.6172962,0.035867367,0.10070134,0.31742594,-0.8586915,-0.54317933,0.95427656,0.17412736,0.08434278,0.08135533,-0.82908875,0.4531223,0.8282611,0.13393909,0.06968921,0.102184005,0.8573898,-0.4210235,1.7384511,0.19266875,1.3567397e-05,0.84152234,0.15002738,0.27858412,1.9487281,0.9208883,-0.87929726,-0.5899772,-0.065277874,0.25139445,0.0018601627,0.62139565,0.102070495,0.2994519,-0.2542711,0.061889835,0.7119955,-0.6736456,0.0042258524,0.43859535,0.061076656,0.823631,0.6470293,0.6915162,-0.27452666,0.5001248,0.5869839,-0.60975564,0.75470406,-0.40627202,-0.20058751,0.73222315,0.6107442,-0.4960642,0.5956669,0.36730856,0.5563248,-0.6907913,0.75628537,0.082293406,0.11774641,-0.24147144,0.5587182,0.30973357,0.22229986,-0.018378142,-1.8174065,-0.039326042,-1.7117145,0.22007452,0.37450457,-0.43734282,0.30248657,-0.39840856,-0.7573068,0.6176563,2,1
19,-2.1205308,-0.6528611,-0.08078681,0.48095936,0.33382875,0.9662939,0.113356635,-0.6232251,0.10169259,-0.0012933601,-0.08887693,0.091491364,-0.26250318,0.74311376,0.61817473,0.041982815,0.10370209,0.31774083,-0.8589632,-0.5428832,0.9573613,0.17896436,0.056036264,0.085055105,-0.8358428,0.45338613,0.8273264,0.13871482,0.06982676,0.10183789,0.85650915,-0.4238463,1.7384593,0.19385688,-0.021047162,0.8442422,0.14423572,0.2750426,1.9531809,0.92132646,-0.87859803,-0.58826905,-0.06546659,0.25351995,0.03764653,0.62110823,0.09888849,0.30016375,-0.25332233,0.06205531,0.7151998,-0.67242,0.0095211,0.43843013,0.08357565,0.823154,0.64629483,0.691814,-0.27074745,0.5016878,0.5868487,-0.6156839,0.7549661,-0.4058487,-0.005798974,0.73048645,0.61188424,-0.49572882,0.59399325,0.3663126,0.5569907,-0.692415,0.7615427,0.08250582,0.0133375265,-0.24112956,0.56117004,0.3086279,0.22232562,-0.019007292,-1.817492,-0.039264634,-1.7096679,0.21919362,0.3747566,-0.43783176,0.30067736,-0.39812884,-0.7568445,0.6163102,2,1
20,-2.118363,-0.60804147,-0.07949766,0.48686498,0.31983742,0.93001,0.113183595,-0.6207723,0.086515576,0.02699254,-0.07351684,0.09639003,-0.26855472,0.74266875,0.6237473,0.08077744,0.12273795,0.31973845,-0.86068654,-0.5410044,0.97692996,0.20964895,0.031115599,0.10852541,-0.8429722,0.45505977,0.8265966,0.1690107,0.07069933,0.10183789,0.8509245,-0.44175336,1.7385116,0.20139407,-0.15465032,0.8465743,0.13889167,0.2717867,1.9572858,0.92153674,-0.87495714,-0.5774331,-0.0664031,0.26079607,0.22256199,0.6209418,0.09445685,0.30118638,-0.25250083,0.06248069,0.7183121,-0.66464525,0.01359369,0.43738213,0.08128258,0.82270926,0.64514977,0.69253117,-0.26682714,0.5034033,0.58598995,-0.6408049,0.75662833,-0.40316382,-0.02591209,0.72927356,0.61359006,-0.49511814,0.5926894,0.36671996,0.5611479,-0.7018465,0.7670255,0.08293239,0.11693859,-0.24078767,0.5627654,0.30790982,0.22240376,-0.019648384,-1.8179281,-0.04215268,-1.7081394,0.21360524,0.3761639,-0.4384779,0.29986754,-0.39684442,-0.75638,0.615317,2,1
21,-2.1181495,-0.60362583,-0.0793707,0.52005494,0.31845897,0.9264353,0.11316653,-0.6202148,0.085020326,0.029779298,-0.072003536,0.09687265,-0.26915094,0.74262494,0.62429625,0.084599525,0.15235607,0.32933936,-0.8608563,-0.54081935,0.97885776,0.21267202,0.028660387,0.11083773,-0.8436746,0.4552246,0.8265247,0.17199548,0.08612401,0.10331948,0.8503741,-0.44568795,1.7385167,0.20213667,-0.047372628,0.84890646,0.1336812,0.26896676,1.9613334,0.9214911,-0.8742683,-0.57636553,-0.06660288,0.2614048,0.08446426,0.6207754,0.09010966,0.30218863,-0.25169587,0.06290097,0.7186185,-0.6556705,0.0139949415,0.43727887,0.022293044,0.8224449,0.64398414,0.69330907,-0.2628128,0.5060162,0.58590513,-0.64327985,0.75679207,-0.4028993,-0.009762107,0.7280607,0.61526453,-0.4945178,0.5914099,0.3671194,0.56155753,-0.700121,0.7675656,0.08297444,0.033462614,-0.2403914,0.5643243,0.30720258,0.22267728,-0.019974943,-1.8180147,-0.042494323,-1.7079889,0.21305464,0.37638152,-0.43849877,0.29978776,-0.39671788,-0.75612605,0.6142959,2,1
22,-2.1186893,-0.60362583,-0.0793707,0.5328843,0.31845897,0.9084841,0.11271984,-0.6200905,0.07919055,0.029779298,-0.072003536,0.09687265,-0.27205193,0.74262494,0.62429625,0.084599525,0.16327116,0.3330393,-0.86686164,-0.54081935,0.97885776,0.21267202,0.018803779,0.11083773,-0.84501654,0.4552246,0.8265247,0.17199548,0.0921589,0.10390241,0.85163313,-0.44678423,1.7386156,0.20213667,0.030131372,0.85101086,0.12855119,0.26613256,1.9653046,0.9213186,-0.8736723,-0.57636553,-0.066146426,0.26446748,0.035125025,0.62060905,0.085642986,0.30321735,-0.25090158,0.06329984,0.7197988,-0.6524409,0.01598353,0.43727887,0.023898171,0.82220024,0.64282393,0.6940797,-0.25882065,0.5086771,0.587573,-0.64307624,0.76195586,-0.4028993,0.036429346,0.7268479,0.61693776,-0.49392298,0.5900123,0.36768514,0.56159467,-0.6990765,0.7686112,0.08297444,-0.0024709925,-0.23998919,0.5658575,0.30650553,0.22297639,-0.02026987,-1.8179303,-0.040877096,-1.7073146,0.21305464,0.3782804,-0.43971065,0.29873303,-0.39671788,-0.75589514,0.61327165,2,1
23,-2.120266,-0.5953407,-0.0790124,0.54983383,0.3198049,0.8834905,0.11128684,-0.6200905,0.071000345,0.02415827,-0.06752034,0.0964713,-0.27785945,0.74269706,0.6236406,0.08750719,0.18722391,0.3375309,-0.8752734,-0.5407642,0.9851209,0.2190279,0.002278439,0.11173984,-0.84692246,0.45507982,0.82737666,0.18088074,0.08621639,0.1052349,0.85524696,-0.4464441,1.7389575,0.20358373,0.09841354,0.8528886,0.12349117,0.2634749,1.9692485,0.92087424,-0.87291837,-0.57741976,-0.064306706,0.26882833,0.048319448,0.6204308,0.08126974,0.30422038,-0.25003424,0.0636971,0.722158,-0.6436804,0.01996384,0.43740696,0.058400504,0.82204163,0.6415866,0.6949201,-0.25459898,0.5118519,0.5916781,-0.64274377,0.76894456,-0.4021719,0.10901632,0.7256589,0.6187613,-0.4932717,0.5884812,0.36849084,0.5614299,-0.70079494,0.77010053,0.082798034,-0.0071413885,-0.23953807,0.5670969,0.30594364,0.22312577,-0.02057505,-1.8175317,-0.039866205,-1.7061075,0.2122386,0.37995255,-0.44083145,0.29637808,-0.39694098,-0.75576854,0.6122384,2,1
24,-2.1226401,-0.5768831,-0.07818953,0.5899512,0.32466435,0.86566436,0.10903634,-0.6200905,0.06504778,0.011315344,-0.057021763,0.09557717,-0.28468007,0.74300575,0.6220076,0.093984984,0.24185267,0.34753746,-0.8813495,-0.54064125,0.9990741,0.23318775,-0.013751864,0.11374957,-0.848339,0.45475742,0.83024555,0.20090924,0.07297745,0.10869532,0.8606493,-0.44299832,1.7395052,0.20681778,0.16737981,0.854607,0.1184501,0.26116526,1.9732407,0.9200517,-0.87222147,-0.579765,-0.061259776,0.27199566,0.046406496,0.6202342,0.077172294,0.30515343,-0.24904214,0.06411477,0.72534436,-0.62369233,0.024586506,0.43775675,0.083028406,0.8220182,0.64021945,0.69588107,-0.2499807,0.5158835,0.59730667,-0.6424326,0.773625,-0.40055156,0.168141,0.7245074,0.6208125,-0.4925301,0.5868494,0.36952615,0.56114024,-0.704181,0.7712108,0.08223367,-0.013918078,-0.23899211,0.5678885,0.30558777,0.22301632,-0.02086449,-1.8168521,-0.041081633,-1.7048535,0.21046455,0.37973902,-0.44073698,0.2933927,-0.39759454,-0.7558058,0.6111816,2,1
25,-2.1226401,-0.5768831,-0.07800541,0.60766804,0.33865574,0.86566436,0.10903634,-0.6200905,0.06504778,0.008908029,-0.05318173,0.09557717,-0.28468007,0.7441183,0.6207116,0.093984984,0.25137058,0.34753746,-0.8813495,-0.54064125,0.9990741,0.23318775,-0.013751864,0.11374957,-0.848339,0.45475742,0.8375438,0.20266554,0.07297745,0.11239323,0.8606989,-0.4266306,1.7394632,0.20689406,0.019692184,0.8563254,0.11318615,0.25896725,1.9774333,0.9189894,-0.87222147,-0.57974106,-0.061259776,0.27199566,0.0038417971,0.62003756,0.073223084,0.3060521,-0.24803431,0.06456509,0.7285,-0.6201499,0.024201017,0.43824214,0.08229373,0.8219948,0.6388376,0.6968358,-0.24530716,0.5199615,0.59730667,-0.6424326,0.773625,-0.40055156,0.016096126,0.72335595,0.622827,-0.49180046,0.5852469,0.37054262,0.56230545,-0.70085543,0.77118754,0.08094384,0.028027123,-0.23832844,0.56865513,0.3052423,0.22277571,-0.020961974,-1.816809,-0.04114981,-1.704962,0.21079493,0.37973902,-0.44073698,0.29366967,-0.39877105,-0.75584304,0.6100643,2,1
26,-2.124441,-0.5768831,-0.07798271,0.6098499,0.34037876,0.8614223,0.10736721,-0.6200905,0.06061179,0.0012236107,-0.052708827,0.09489896,-0.28468007,0.7442553,0.62055206,0.093984984,0.25254273,0.34753746,-0.8813495,-0.54064125,0.9990741,0.23318775,-0.028554572,0.11374957,-0.848339,0.45448565,0.83844244,0.20288181,0.06264849,0.11284863,0.8649049,-0.4246575,1.7397857,0.20690346,0.10094163,0.85798997,0.10799406,0.256796,1.9815452,0.9179234,-0.8716983,-0.5816909,-0.0590045,0.27435395,0.026300393,0.6198211,0.06948947,0.30689427,-0.24697463,0.064943604,0.7288885,-0.61971366,0.024153577,0.43830192,0.0242449,0.8219714,0.6374706,0.6977686,-0.24071753,0.5239697,0.59730667,-0.64063317,0.773625,-0.40055156,-0.0026284144,0.72220457,0.6248486,-0.4910797,0.5834017,0.37175116,0.5617863,-0.70093274,0.7711979,0.0807366,-0.008915522,-0.2376648,0.5694127,0.30490342,0.22236568,-0.02120369,-1.8162205,-0.039912827,-1.7052983,0.2108356,0.37808204,-0.44167033,0.2937091,-0.39894179,-0.7558868,0.608947,2,1
27,-2.1261878,-0.5636691,-0.0760967,0.63825786,0.3554055,0.85958725,0.10460439,-0.6221929,0.056449972,-0.005707776,-0.045558445,0.09428552,-0.28248006,0.7448538,0.61829984,0.09755229,0.28562573,0.3477441,-0.8753594,-0.5402672,1.00702,0.20953435,-0.06863828,0.11968458,-0.84704834,0.4543681,0.83723444,0.22114109,0.05276441,0.1206695,0.8692347,-0.4071912,1.7398871,0.20975228,0.132935,0.85964704,0.102526754,0.25494254,1.9859452,0.9164231,-0.8732502,-0.5817745,-0.054460585,0.27731696,-0.075483724,0.6195923,0.06584121,0.30770868,-0.24578442,0.06530494,0.7290922,-0.6071749,0.022514211,0.43882513,0.0034429024,0.821952,0.6359747,0.6987698,-0.23566177,0.52838457,0.596674,-0.6389897,0.76834077,-0.39955625,-0.017446524,0.7212103,0.6265672,-0.49050096,0.5810875,0.3737892,0.56127053,-0.69346267,0.77020174,0.080929175,-0.021134479,-0.23671405,0.56957245,0.30483684,0.22151722,-0.021081109,-1.8144705,-0.040891886,-1.7060343,0.20944063,0.37245715,-0.442015,0.2945244,-0.399367,-0.7559392,0.60778797,2,1
28,-2.127179,-0.5501403,-0.07416573,0.67649156,0.37285304,0.85958725,0.10251499,-0.62434536,0.054153655,-0.009532204,-0.038237795,0.093957834,-0.28022766,0.7454664,0.61599386,0.10120456,0.32897997,0.34795567,-0.86922675,-0.53967756,1.0151553,0.18531775,-0.103120536,0.12576091,-0.8457269,0.4550234,0.8359978,0.23983513,0.04721952,0.12917584,0.87180686,-0.38701615,1.739846,0.21266894,0.086352244,0.8613041,0.09687822,0.2533816,1.9905427,0.9145763,-0.8750707,-0.58099514,-0.050807256,0.27930596,-0.13666001,0.6193578,0.062252242,0.3085053,-0.2445282,0.065659486,0.7293011,-0.59080225,0.020835746,0.43936074,0.005306741,0.82193494,0.6343783,0.69981194,-0.23019184,0.5331514,0.59520483,-0.638104,0.76304215,-0.398487,-0.043142743,0.7203121,0.62808913,-0.49001032,0.57852757,0.3762993,0.56263417,-0.68503904,0.7691447,0.08126452,0.02832969,-0.23556952,0.56936395,0.30493736,0.22040242,-0.020696979,-1.8129368,-0.04244595,-1.7066449,0.20801242,0.3674804,-0.44191262,0.2953441,-0.39972878,-0.75599635,0.60659397,2,1
29,-2.127179,-0.5501403,-0.07416573,0.6988703,0.37789914,0.8591941,0.10251499,-0.62434536,0.05380119,-0.009532204,-0.038237795,0.093929894,-0.28022766,0.7454664,0.615699,0.10120456,0.35217622,0.34795567,-0.8693637,-0.5391719,1.0151553,0.18226051,-0.107563704,0.12576091,-0.8457269,0.45662615,0.8358396,0.23983513,0.04655757,0.130397,0.87180686,-0.38145763,1.739846,0.21266894,1.3567397e-05,0.8629561,0.09122782,0.25199848,1.995153,0.9125896,-0.8750448,-0.58098817,-0.050816,0.2794937,-2.951418e-05,0.61912256,0.05870639,0.3092925,-0.24329036,0.06600784,0.729189,-0.5821551,0.020849366,0.4394105,-0.003173336,0.82191795,0.6327474,0.7008476,-0.2245217,0.53807753,0.5932352,-0.63671124,0.76343244,-0.39836392,-0.06227836,0.719414,0.6295489,-0.48954478,0.5759259,0.3788405,0.5665186,-0.68364793,0.7690687,0.08157787,0.121789426,-0.23439305,0.5691484,0.3050399,0.21925627,-0.020276872,-1.8129405,-0.04234669,-1.7066394,0.20805123,0.3676557,-0.44188464,0.2953033,-0.399612,-0.75605375,0.6053836,2,1
30,-2.127179,-0.5501403,-0.07416573,0.6988703,0.37789914,0.8555657,0.10251499,-0.62434536,0.05054899,-0.009532204,-0.038237795,0.09367207,-0.28022766,0.7454664,0.6129775,0.10120456,0.35217622,0.34795567,-0.8706275,-0.5391719,1.0151553,0.1540505,-0.14856222,0.12576091,-0.8457269,0.45662615,0.83438003,0.23983513,0.0404496,0.130397,0.87180686,-0.38148978,1.739846,0.21266894,1.3567397e-05,0.86456716,0.08566033,0.2506354,1.9996674,0.9106207,-0.874806,-0.58092344,-0.050896768,0.28122663,0.01261735,0.6188805,0.0551291,0.3100853,-0.24207003,0.06634105,0.72815555,-0.5821551,0.020974929,0.43987018,-0.024824012,0.8219009,0.6311241,0.7018648,-0.21895564,0.54291546,0.5935866,-0.62385976,0.764518,-0.39836392,-0.0012980207,0.7185159,0.6306426,-0.48925984,0.5726965,0.38190112,0.56628567,-0.68345535,0.7690733,0.08183557,0.006346716,-0.23321657,0.5689297,0.30514497,0.21803863,-0.019941477,-1.8129735,-0.041431796,-1.7065908,0.20840988,0.36818472,-0.4425702,0.29521188,-0.39993834,-0.7561133,0.6041731,2,1
31,-2.1243913,-0.5076473,-0.071262345,0.7271801,0.37334403,0.84987587,0.10502209,-0.62354904,0.040829733,-0.0008131142,-0.030874597,0.09275508,-0.273818,0.7461617,0.60561734,0.11565362,0.38435116,0.35722423,-0.8715975,-0.5389302,1.0234158,0.13301063,-0.18065456,0.1319343,-0.84433454,0.4577354,0.83312774,0.2581701,0.035457052,0.1382172,0.8652933,-0.38800877,1.7393492,0.22052413,-0.1558041,0.86611277,0.08039245,0.24990943,2.0040283,0.9083137,-0.87356323,-0.5769354,-0.054967817,0.28610888,0.06764879,0.61861277,0.05098494,0.31101504,-0.240856,0.06678455,0.7250386,-0.5689956,0.016647462,0.441279,-0.0716611,0.82206154,0.6292591,0.70315033,-0.21331339,0.5486256,0.59553945,-0.6154738,0.76512223,-0.39736548,0.045212243,0.7177813,0.6315215,-0.48906076,0.56926006,0.38565543,0.56875354,-0.67381954,0.76794094,0.08225394,0.056808587,-0.23175302,0.56811756,0.30551827,0.21644302,-0.01921074,-1.8141235,-0.045867894,-1.7077801,0.20453699,0.37143725,-0.44367185,0.29796895,-0.40113673,-0.7563888,0.60292524,2,1
32,-2.1230702,-0.487506,-0.06769071,0.7405986,0.37118497,0.8474331,0.106210425,-0.62317157,0.03645071,0.003319634,-0.027384523,0.092338495,-0.27077988,0.74649125,0.6023194,0.12250232,0.39960176,0.3616174,-0.8719688,-0.5388156,1.0292932,0.12501399,-0.19299412,0.13486043,-0.8436746,0.45826128,0.8320564,0.26686066,0.033518486,0.14192387,0.8627998,-0.39109644,1.7386113,0.22512083,-0.106463306,0.8676471,0.07524144,0.24933906,2.0082986,0.9059556,-0.87299085,-0.5750497,-0.05689176,0.28830153,0.048125803,0.61834043,0.04679137,0.31195697,-0.23965773,0.06724192,0.72363335,-0.56275815,0.014587485,0.4419146,-0.04891856,0.82225305,0.6273644,0.7044604,-0.20772766,0.5544193,0.597069,-0.6123992,0.765247,-0.39666915,0.04658234,0.71707505,0.63235945,-0.48887306,0.56582826,0.3894815,0.56984746,-0.6692657,0.76740557,0.08253666,0.04275017,-0.23023969,0.5672079,0.30593392,0.2148015,-0.018421074,-1.8141487,-0.048814595,-1.7078521,0.20212333,0.3729048,-0.44396058,0.29928294,-0.40162736,-0.75670177,0.60167086,2,1
33,-2.1230702,-0.487506,-0.065259464,0.7405986,0.36963534,0.8474331,0.106210425,-0.6233701,0.034976795,0.003319634,-0.027384523,0.092338495,-0.27077988,0.74649125,0.5997645,0.11761845,0.39960176,0.3616174,-0.8719688,-0.5388156,1.0314662,0.11996731,-0.20447044,0.13486043,-0.8439775,0.45826128,0.83141404,0.26686066,0.032480426,0.14192387,0.863458,-0.3930361,1.7380548,0.22608805,0.021863079,0.8691814,0.07020468,0.24882236,2.0124602,0.90363634,-0.8730869,-0.5750497,-0.0568598,0.28915733,-0.006486363,0.61806816,0.042608578,0.3128961,-0.23847891,0.06769057,0.72267,-0.5630599,0.014703484,0.4423468,-0.021001238,0.8224446,0.6255366,0.7056891,-0.20222194,0.5601467,0.59776586,-0.60796124,0.7651523,-0.39642212,0.020015938,0.71636885,0.6331299,-0.48871666,0.5622336,0.393419,0.5697536,-0.6692153,0.7676433,0.082650095,-0.006737837,-0.22872634,0.56630915,0.3063439,0.21316859,-0.017659442,-1.8135623,-0.049226422,-1.7072586,0.2018483,0.37284032,-0.44409373,0.29929283,-0.40200296,-0.75701463,0.6004165,2,1
34,-2.1230257,-0.48440936,-0.06468882,0.74220604,0.36436543,0.84702796,0.10641331,-0.62393457,0.030731307,0.003672447,-0.026982527,0.09266237,-0.27114913,0.74652857,0.59251934,0.10356292,0.39941576,0.36289996,-0.87181485,-0.5388216,1.0325537,0.102715954,-0.23752707,0.13572188,-0.84490603,0.4580537,0.8303342,0.26803735,0.029609123,0.14262354,0.86345255,-0.3996744,1.7379636,0.22679754,-0.0001126561,0.8707105,0.06534953,0.24840233,2.0164654,0.901368,-0.8733804,-0.5749332,-0.05705775,0.29162005,-0.020775583,0.61780536,0.038368296,0.3138495,-0.23733564,0.068149164,0.7202127,-0.5638402,0.015270548,0.4435813,-0.067509025,0.8226606,0.6238383,0.70678365,-0.19683178,0.56589764,0.5980959,-0.5951719,0.76496947,-0.39630005,0.005107753,0.7156854,0.6337186,-0.48864752,0.5582644,0.3977124,0.5691007,-0.6682264,0.7683791,0.08280408,-0.019559067,-0.22718734,0.5653802,0.30676726,0.21149988,-0.016901994,-1.8135489,-0.048559427,-1.7069486,0.20236239,0.37290666,-0.4449668,0.29916885,-0.40316623,-0.7573532,0.59916425,2,1
35,-2.1224933,-0.4474331,-0.05787504,0.7613992,0.35131732,0.8421901,0.108836025,-0.6242849,0.02747905,0.007885234,-0.022182506,0.09652974,-0.27555805,0.7469735,0.5882427,0.09293033,0.39719495,0.37821484,-0.86997664,-0.53889245,1.0455384,0.059163716,-0.26284963,0.14600822,-0.8462427,0.45557424,0.81744105,0.2820876,0.028736556,0.15097807,0.8633898,-0.4165063,1.7368741,0.23526935,-0.0016198471,0.87218344,0.060985513,0.24854866,2.0201478,0.8989393,-0.8737934,-0.57354164,-0.060450066,0.29347712,-0.02768396,0.6176466,0.03397798,0.31485608,-0.23637904,0.06882512,0.7218676,-0.5634449,0.018308941,0.44441035,0.026518218,0.8231458,0.62230486,0.7078226,-0.19201022,0.57234347,0.6020405,-0.58530647,0.76278716,-0.3948432,0.09748264,0.71525174,0.6336864,-0.48881426,0.5542404,0.40283638,0.56103873,-0.6580378,0.7695785,0.08464274,-0.22170551,-0.22536732,0.56399006,0.307395,0.20953995,-0.015733339,-1.8138113,-0.05514389,-1.704696,0.1976469,0.37445483,-0.44448987,0.29739645,-0.40302318,-0.7579716,0.59793574,2,1
36,-2.1224015,-0.44105807,-0.056700196,0.76470834,0.3490677,0.841356,0.10925372,-0.62434536,0.026918354,0.009607698,-0.021354927,0.09869012,-0.27631822,0.7470502,0.5875054,0.091097146,0.39681202,0.3808553,-0.8696597,-0.5389047,1.0498961,0.051654782,-0.26721555,0.14778171,-0.8464732,0.45514673,0.8152181,0.28451002,0.028586116,0.15287188,0.8633789,-0.41940832,1.7366862,0.23673001,-0.00063237164,0.8736564,0.056681342,0.24870512,2.023763,0.8965539,-0.8738647,-0.5732155,-0.06103495,0.29379725,-0.010773896,0.61753154,0.029629892,0.3158576,-0.23550141,0.06953968,0.72215337,-0.5633768,0.018832773,0.44455326,0.0140335,0.8236309,0.62078416,0.708836,-0.18727139,0.5786851,0.60340434,-0.5836055,0.7623183,-0.39435157,0.05296959,0.714818,0.6336569,-0.48897028,0.5502809,0.4078726,0.55964863,-0.65579003,0.7697853,0.08495975,-0.08976882,-0.22353067,0.5626198,0.30801147,0.20759328,-0.014557857,-1.8138565,-0.056279108,-1.7043077,0.19683388,0.3746817,-0.44420758,0.2970909,-0.40299857,-0.75857556,0.59669864,2,1
37,-2.1224015,-0.44105807,-0.056700196,0.76470834,0.34313878,0.8385916,0.10925372,-0.6247458,0.026918354,0.010123548,-0.021354927,0.0994636,-0.2781954,0.7470502,0.5823956,0.08649926,0.39681202,0.3808553,-0.8696597,-0.53892493,1.0509933,0.03298948,-0.27433577,0.14778171,-0.846643,0.45514673,0.8053484,0.28250283,0.028586116,0.15310666,0.8633789,-0.42685848,1.7366862,0.23673001,1.3567397e-05,0.87509423,0.052595545,0.24890569,2.027191,0.8942573,-0.8742816,-0.5731709,-0.060897395,0.29394558,-0.023478227,0.6174256,0.025329417,0.3168484,-0.23464833,0.07025116,0.72101176,-0.56356424,0.020350937,0.4454193,-0.024743723,0.8241161,0.61931366,0.7097839,-0.18258743,0.58493817,0.6038383,-0.57898015,0.7622595,-0.3942321,0.012497174,0.71438426,0.6333129,-0.4892526,0.5462387,0.41296014,0.55809534,-0.6556955,0.7699483,0.08670633,-0.04222705,-0.22169052,0.56126815,0.3086182,0.20567179,-0.013395882,-1.8138003,-0.056200903,-1.7037188,0.19750957,0.3745552,-0.4441668,0.29602894,-0.40294203,-0.75917655,0.59545976,2,1
38,-2.1222694,-0.4241016,-0.05463911,0.7712249,0.33256492,0.80744326,0.10821711,-0.6254098,0.02646266,0.010692767,-0.01802563,0.10076416,-0.28120798,0.7471555,0.57414824,0.07093324,0.40211332,0.38564867,-0.8692251,-0.5393851,1.0498402,-0.02073913,-0.2857823,0.15024823,-0.8468464,0.45542032,0.78646564,0.2764986,0.035325978,0.15837456,0.86333334,-0.44042262,1.7364424,0.24017678,-0.0010733305,0.8761527,0.04883167,0.24919353,2.0303824,0.8917988,-0.8748122,-0.57231766,-0.059210666,0.29443377,-0.039389886,0.6173579,0.021041518,0.31783742,-0.2338073,0.07099903,0.71951306,-0.5610496,0.022747204,0.44684237,-0.042937364,0.8246931,0.61799395,0.7105909,-0.1780172,0.5914895,0.6051708,-0.5678997,0.7616904,-0.39447576,0.029415688,0.7140159,0.63217115,-0.48985243,0.54216146,0.41829127,0.5557995,-0.6503944,0.7701523,0.09009663,-0.07819898,-0.219657,0.5599877,0.30918506,0.20367205,-0.0118516125,-1.8128608,-0.059021022,-1.7025486,0.19643812,0.37306964,-0.44456276,0.29433134,-0.4025717,-0.7598723,0.59416544,2,1
39,-2.1218758,-0.37270263,-0.048487924,0.7914581,0.322211,0.7243719,0.105123535,-0.6259592,0.025102668,0.01246267,-0.008089813,0.104660735,-0.28348553,0.7475001,0.5678077,0.040921073,0.4179906,0.3999538,-0.8673031,-0.5406858,1.0463988,-0.11433598,-0.29448056,0.15760918,-0.84668833,0.45623684,0.765408,0.2657576,0.05665228,0.17421733,0.86318374,-0.45427492,1.7357266,0.25058833,-0.004448616,0.87644416,0.045437563,0.24961556,2.03334,0.8888529,-0.8749044,-0.56975263,-0.054668758,0.29536074,-0.007616032,0.61737347,0.016722176,0.31883866,-0.23298085,0.071843475,0.7192247,-0.5528537,0.024456736,0.44799912,-0.009076185,0.82546973,0.61692494,0.7111891,-0.17363745,0.59879017,0.6086876,-0.5513726,0.7594947,-0.39518496,0.10325274,0.71378946,0.6298122,-0.49093068,0.53816503,0.42402798,0.5544979,-0.633846,0.77005464,0.09396935,-0.04476179,-0.21719906,0.5588439,0.3096763,0.20148288,-0.009430622,-1.8102694,-0.06782854,-1.7011799,0.1907506,0.36878264,-0.44551957,0.2930219,-0.40167594,-0.7607737,0.59274846,2,1
40,-2.1218758,-0.35925668,-0.048487924,0.80474573,0.322211,0.7243719,0.105123535,-0.6259592,0.025102668,0.01366633,-0.008089813,0.10491856,-0.28348553,0.74801934,0.5678077,0.040921073,0.4189424,0.3999538,-0.85673326,-0.5406858,1.0463988,-0.11433598,-0.29448056,0.15760918,-0.84401476,0.45623684,0.765408,0.2657576,0.07715765,0.17627172,0.86294675,-0.45451567,1.7359251,0.2527042,-0.0066747614,0.8767357,0.0421245,0.250252,2.0362554,0.88582456,-0.8749044,-0.56943446,-0.054668758,0.29536074,-0.0024232941,0.6173962,0.012439668,0.31983125,-0.23218201,0.07267913,0.720935,-0.5525051,0.024247615,0.4481204,0.035405166,0.8262464,0.6158566,0.7117688,-0.16933064,0.60596925,0.6057759,-0.5513726,0.7504294,-0.39518496,-0.05675502,0.713563,0.6274924,-0.49198505,0.5341691,0.42960295,0.5544236,-0.6311997,0.7679692,0.09396935,-0.0121495575,-0.21467014,0.55770975,0.31015262,0.19956417,-0.006657465,-1.8104739,-0.06971798,-1.7014565,0.18950592,0.3648603,-0.44551957,0.2923346,-0.40179828,-0.76167274,0.5912949,2,1
41,-2.1218758,-0.3566073,-0.048487924,0.807364,0.31577328,0.6719301,0.105123535,-0.6261468,0.024232225,0.0139035,-0.008089813,0.10496936,-0.28348553,0.7481216,0.5627088,0.021769349,0.4191299,0.3999538,-0.8546506,-0.5406858,1.0463988,-0.17434236,-0.30029,0.15760918,-0.84348804,0.45598802,0.7605246,0.25870648,0.081198074,0.17667654,0.8628999,-0.46260774,1.7359643,0.2531211,-0.0025577277,0.87636197,0.0390692,0.25062373,2.0389457,0.8826413,-0.87503344,-0.56937176,-0.054625545,0.29589355,-0.008230378,0.6174189,0.008193093,0.32081443,-0.23139684,0.0734998,0.7193829,-0.5523377,0.024437454,0.44901022,-0.024161693,0.827023,0.6150123,0.712104,-0.16507737,0.6131138,0.6052021,-0.5374657,0.7486432,-0.39518496,-0.033531293,0.7133365,0.62415314,-0.49344933,0.5300941,0.4352522,0.55304307,-0.6309025,0.76758474,0.09479185,-0.03838128,-0.21214122,0.5567815,0.3105336,0.19767413,-0.003929216,-1.8104964,-0.069808975,-1.7014215,0.18993625,0.3640557,-0.44573033,0.29203814,-0.40225777,-0.7625717,0.58984137,2,1
42,-2.122957,-0.32964927,-0.052012343,0.8319864,0.30887327,0.6291045,0.10909772,-0.62625265,0.023148121,0.012916263,-0.0028405052,0.106520124,-0.28183103,0.7485069,0.55614597,0.000117688855,0.43005913,0.4047477,-0.8555301,-0.54008496,1.0484989,-0.25205097,-0.30642608,0.16172859,-0.8420261,0.45327163,0.75537395,0.25472674,0.10004428,0.18708615,0.86398566,-0.47149554,1.7373712,0.2560856,0.025983198,0.87565714,0.03623096,0.25126395,2.04152,0.8791686,-0.87554073,-0.56832725,-0.060255155,0.29650941,-0.030444073,0.617487,0.0040399497,0.32179123,-0.23073088,0.074535385,0.7175464,-0.54674834,0.02344511,0.45021477,-0.05191916,0.8278916,0.6143203,0.7122846,-0.16086443,0.6206552,0.6037367,-0.51889473,0.7496259,-0.39479947,-0.036953807,0.7132193,0.6198264,-0.4952931,0.52611834,0.44119635,0.5455654,-0.61848736,0.76658565,0.095234595,-0.20121509,-0.20923015,0.55588657,0.31088135,0.1956872,-0.0003648792,-1.8142439,-0.07213079,-1.7031932,0.18899965,0.3686171,-0.4456535,0.29237157,-0.40323713,-0.76356316,0.5882648,2,1
43,-2.12436,-0.29467672,-0.05658453,0.8647872,0.30463567,0.6119457,0.11425343,-0.626049,0.022379138,0.011635529,0.00396938,0.108531915,-0.2787802,0.74912524,0.55136573,-0.013947728,0.45318195,0.4109668,-0.85667104,-0.5383988,1.0512232,-0.30892438,-0.3101327,0.16707267,-0.8401296,0.44992986,0.75226784,0.25472674,0.14604974,0.20059049,0.8653939,-0.4771413,1.7391964,0.2599314,0.045869675,0.8748133,0.03353492,0.2521891,2.04403,0.87550354,-0.87589234,-0.5669722,-0.06765896,0.29684237,-0.030799614,0.61759293,-1.3475483e-05,0.32275787,-0.23016535,0.07574666,0.7165677,-0.5363276,0.021320859,0.4511709,-0.028885297,0.8288363,0.6136786,0.7123884,-0.15655458,0.62861675,0.5982403,-0.5049855,0.7513827,-0.3940764,-0.14743452,0.71319234,0.61491925,-0.49734998,0.5222663,0.44733596,0.5368651,-0.59985,0.76527,0.09520656,-0.2994322,-0.2060024,0.5549782,0.31121257,0.19398847,0.0041819545,-1.8191462,-0.07538906,-1.7058165,0.18731134,0.37481692,-0.44518372,0.293418,-0.4042166,-0.76463103,0.58658624,2,1
44,-2.12436,-0.29467672,-0.056879796,0.86763823,0.30463567,0.6119457,0.11425343,-0.62537235,0.022005338,0.01134499,0.00396938,0.10843412,-0.27577525,0.74951905,0.5511199,-0.013947728,0.48289534,0.4109668,-0.85703945,-0.53538704,1.0512232,-0.31156963,-0.3101327,0.16650315,-0.8401296,0.44980806,0.75226784,0.25472674,0.21766034,0.20059049,0.86531335,-0.4771611,1.7392647,0.25982118,-0.0019079349,0.8739694,0.030874152,0.25313145,2.046502,0.8718827,-0.8751591,-0.5670445,-0.067897126,0.2967885,0.04732716,0.6176959,-0.003997727,0.32370692,-0.22960709,0.0769408,0.71654636,-0.5255578,0.019113742,0.451304,-0.00089707004,0.829781,0.6129623,0.7124959,-0.15195647,0.6367788,0.5863987,-0.50428563,0.75330025,-0.39333504,-0.35414544,0.7131504,0.6100461,-0.4993809,0.51845956,0.45336157,0.5365674,-0.591987,0.7652757,0.09518542,-0.0108394865,-0.20277464,0.5540756,0.31152248,0.19320387,0.009409483,-1.8193136,-0.075319126,-1.7067401,0.18748492,0.3758216,-0.44454587,0.29505986,-0.40436214,-0.76569986,0.5848975,2,1
45,-2.12436,-0.29467672,-0.06544325,0.86763823,0.30463567,0.6119457,0.11425343,-0.62537235,0.011164579,0.0029193866,0.00396938,0.10559805,-0.27577525,0.74951905,0.5439923,-0.013947728,0.48289534,0.4109668,-0.8677242,-0.53538704,1.0512232,-0.38828117,-0.3101327,0.14998697,-0.8401296,0.44627485,0.75226784,0.25472674,0.21766034,0.20059049,0.86298406,-0.4771611,1.7412474,0.2566254,-0.057630863,0.87312555,0.02820194,0.25397336,2.0489461,0.8684135,-0.87432563,-0.5691418,-0.06816745,0.3025441,0.05282055,0.61771864,-0.007922686,0.3246318,-0.22895183,0.07802564,0.7139261,-0.5255578,0.019431897,0.45251653,-0.05726683,0.8307258,0.61222154,0.7126108,-0.14745064,0.644777,0.58935624,-0.48398876,0.762488,-0.39333504,0.004800103,0.712686,0.6039782,-0.5019274,0.5141814,0.45851207,0.52793264,-0.591987,0.7654404,0.09457081,-0.22669634,-0.19954686,0.5531987,0.31181407,0.19243531,0.014534946,-1.8214666,-0.06942622,-1.7085707,0.19045371,0.37999552,-0.4468235,0.29489008,-0.40591255,-0.7667951,0.5829241,2,1
46,-2.119772,-0.29031622,-0.08368162,0.8716602,0.30732754,0.61476976,0.104151696,-0.62609965,0.008761486,-0.038763896,0.03012132,0.09533712,-0.28243658,0.75078905,0.5262734,0.01758914,0.4438796,0.37477496,-0.87626266,-0.5329316,1.0533582,-0.45805892,-0.19563134,0.08644882,-0.8661406,0.43704876,0.7552973,0.2994947,0.6295601,0.24770737,0.8472943,-0.47381496,1.7447186,0.25034088,-0.38958895,0.8723175,0.025405722,0.25467342,2.0514452,0.86509174,-0.8736644,-0.5654337,-0.053666573,0.30409524,0.044919793,0.61745876,-0.010359951,0.32515737,-0.22738792,0.07881433,0.71440345,-0.5460104,0.024275238,0.455827,-0.004887157,0.8309766,0.611102,0.71290445,-0.14244458,0.6498327,0.5827085,-0.46286115,0.7710682,-0.3924846,-0.14058277,0.71063524,0.5970345,-0.504948,0.5099536,0.45863473,0.5066626,-0.45311558,0.7863459,0.092413835,-0.59040505,-0.19458948,0.550827,0.3125618,0.1968097,0.028015612,-1.8191235,-0.06299516,-1.7101128,0.19701439,0.3730539,-0.44673,0.29973993,-0.4104008,-0.7671732,0.57899207,2,1
47,-2.1086936,-0.28763917,-0.09371326,0.8741293,0.32465896,0.6386075,0.09795004,-0.6265461,0.017818587,-0.06320752,0.046176556,0.08942367,-0.2865262,0.7515687,0.5163656,0.08586803,0.419927,0.35255605,-0.8800506,-0.53046167,1.054669,-0.49045736,0.19116823,0.049689054,-0.8821093,0.4318655,0.7777356,0.35540807,0.9070383,0.28121048,0.81867975,-0.4521067,1.745083,0.24691759,-0.80395275,0.8718001,0.022178017,0.2553294,2.0542533,0.8617848,-0.87406445,-0.5628718,-0.044489868,0.2994489,-0.014279918,0.6171184,-0.012071338,0.32549968,-0.2255699,0.07951543,0.71505296,-0.55628425,0.02720536,0.45769435,0.020072818,0.8310298,0.609281,0.71386164,-0.1373846,0.65377915,0.57441574,-0.4151526,0.77561164,-0.39172336,-0.25312823,0.70813274,0.58915895,-0.50818384,0.5115685,0.45278168,0.4980282,-0.35669,0.7990781,0.08749714,-0.378483,-0.18897146,0.54720634,0.31374604,0.20282273,0.044324026,-1.8157533,-0.062391836,-1.7093352,0.20063818,0.3682774,-0.4442581,0.30270827,-0.41490328,-0.76734704,0.5744157,2,1
48,-2.097081,-0.29523978,-0.09824467,0.84761935,0.346698,0.6696781,0.09532613,-0.6275093,0.030549727,-0.07329341,0.046176556,0.086817466,-0.28992978,0.7515687,0.5119529,0.15462944,0.40988386,0.33720496,-0.8882412,-0.5291087,1.054669,-0.5702389,0.63606447,0.020013724,-0.8887866,0.4297054,0.8066617,0.39536992,0.9416228,0.28764418,0.7904792,-0.4240864,1.7439258,0.24384366,-0.9010693,0.87153924,0.018525017,0.25559506,2.0572996,0.8587606,-0.8757027,-0.5611458,-0.040084835,0.29303783,-0.10613781,0.61670166,-0.013144884,0.32567912,-0.22357997,0.080051325,0.7148854,-0.55416214,0.029733159,0.45844835,-0.0043358686,0.8307887,0.6069187,0.7152704,-0.1320633,0.65641475,0.5714154,-0.32998985,0.78339684,-0.39138713,-0.1166618,0.70484406,0.57934076,-0.5120962,0.517427,0.44128823,0.49757606,-0.34098962,0.80436575,0.08194016,0.025140982,-0.18319969,0.5428294,0.31518745,0.20900232,0.06091911,-1.8127633,-0.06303251,-1.707214,0.20317212,0.36840937,-0.44144115,0.30296716,-0.41862363,-0.7672025,0.56923044,2,1
49,-2.0969205,-0.32393914,-0.11582994,0.74820966,0.34715956,0.67075056,0.08551685,-0.631168,0.030809658,-0.11105432,0.045665786,0.07694393,-0.3026929,0.7515852,0.4954057,0.15524386,0.37222323,0.2790616,-0.91892374,-0.5290716,1.0546043,-0.87086254,0.64375144,-0.09329828,-0.9141441,0.42105463,0.8078602,0.39936724,0.9460332,0.2897048,0.78593516,-0.42201945,1.7475839,0.2320091,-0.13339327,0.87129205,0.014679724,0.25477573,2.0602727,0.8566015,-0.8782669,-0.554685,-0.024835372,0.294256,-0.1710735,0.61606884,-0.013205973,0.32557985,-0.2210997,0.080126464,0.7143126,-0.55764043,0.039205518,0.46127957,-0.016203808,0.82971615,0.60455245,0.71637934,-0.1257696,0.65605426,0.5800634,-0.20491211,0.8098141,-0.39138532,0.2529774,0.69931054,0.565807,-0.517705,0.5203147,0.42544058,0.4776344,-0.33803323,0.82490957,0.080156706,-0.6227259,-0.17735226,0.538317,0.316613,0.21519497,0.077349134,-1.8103074,-0.051821455,-1.7071444,0.21287182,0.36863533,-0.44192183,0.30423215,-0.42242953,-0.76615846,0.5624936,2,1
50,-2.0806427,-0.3653974,-0.18875673,0.67365134,0.39400706,0.7796022,0.08119056,-0.6386432,0.057188757,-0.13332199,-0.006174651,0.05941182,-0.31228885,0.7532538,0.48296458,0.21760271,0.34398666,0.1771841,-0.9387995,-0.5253142,1.0480204,-1.2425424,1.4239302,-0.3830555,-0.96523833,0.35906893,0.92949474,0.8050691,1.393661,0.49884245,0.73002845,-0.36096412,1.7611637,0.19214132,-1.3743047,0.8724121,0.008937768,0.252181,2.0642846,0.85608923,-0.8874224,-0.55099565,-0.015112935,0.28283593,-0.52357835,0.61492676,-0.011775776,0.32505327,-0.21820123,0.0788931,0.719463,-0.5003612,0.045629688,0.46378493,0.104862064,0.8267096,0.6013284,0.7175518,-0.11666515,0.6491805,0.56898427,0.23051006,0.82935685,-0.39119968,-0.21364185,0.68617624,0.5444348,-0.52653056,0.5268129,0.383041,0.34971708,-0.037978142,0.87011826,0.046265792,-3.3487868,-0.16390322,0.5210419,0.3228753,0.2206515,0.11141628,-1.8203285,-0.022251412,-1.7180365,0.2400612,0.3699477,-0.43724817,0.31772846,-0.4430076,-0.7630243,0.54672456,2,1
51,-2.0766335,-0.3756087,-0.20671876,0.6552874,0.4055457,0.8064127,0.080125004,-0.64048433,0.06368601,-0.13880657,-0.018943088,0.055093613,-0.31465238,0.7536649,0.47892356,0.23296188,0.33703193,0.1520914,-0.943695,-0.5243888,1.0463988,-1.3340883,1.6160904,-0.45442352,-0.97782296,0.34380174,0.9594536,1.241877,1.537782,0.59917945,0.7162584,-0.34592602,1.7645084,0.18232177,-0.67196774,0.8735322,0.0032678517,0.24962963,2.0682266,0.85558134,-0.8896774,-0.5500869,-0.012718282,0.28002316,-0.24499986,0.6137847,-0.010370732,0.3245341,-0.21534634,0.07767856,0.7203856,-0.4862531,0.04725574,0.46456933,0.046127293,0.8237031,0.59811443,0.7187024,-0.10770702,0.6424135,0.5662552,0.33775574,0.8341702,-0.39115396,-0.13300525,0.67304194,0.5227882,-0.53511304,0.5331951,0.34128502,0.31821066,0.12706093,0.88125324,0.037918467,-1.6101222,-0.14866185,0.49255008,0.33365375,0.22481956,0.14820465,-1.8227965,-0.014968125,-1.7207024,0.24688847,0.37027094,-0.43609712,0.3210201,-0.4482448,-0.7598901,0.53003347,2,1
52,-2.0766335,-0.39985928,-0.23777978,0.6475745,0.36776745,0.7552638,0.080125004,-0.64873624,0.06368601,-0.13880657,-0.03995919,0.03585201,-0.3159428,0.7513771,0.47427478,0.23296188,0.33703193,0.042323187,-0.943695,-0.52567625,1.0395744,-1.5099018,1.6160904,-0.5985882,-0.9893511,0.33806553,0.9594536,1.466464,1.5603614,0.6317299,0.70944625,-0.3927477,1.7713354,0.16143264,-0.16294408,0.8740033,-0.0014848755,0.24634406,2.0713258,0.8557945,-0.8982472,-0.53579086,-0.009468537,0.28308252,-0.45519233,0.61207813,-0.009280116,0.32400954,-0.21188416,0.07552434,0.71172374,-0.38654235,0.049311507,0.46485433,-0.18470652,0.8185919,0.5946739,0.71900636,-0.095172815,0.6294734,0.5691333,0.47754765,0.8337461,-0.39225438,0.0647843,0.6560884,0.4975827,-0.5449855,0.5341449,0.29232445,0.30496615,0.18781713,0.8911754,0.036748543,-0.33448595,-0.13283475,0.46033943,0.34565765,0.22859922,0.1854331,-1.8285029,0.005300605,-1.7266337,0.26033285,0.36769974,-0.438223,0.32350242,-0.44915548,-0.7544848,0.51046747,2,1
53,-2.069115,-0.44576085,-0.29645318,0.63296324,0.2964285,0.56283474,0.08187937,-0.66433495,0.071710594,-0.12820198,-0.08451669,-0.011347644,-0.31791025,0.7389377,0.45160022,0.17511196,0.35908723,-0.17862129,-0.9411992,-0.5304286,0.98502463,-1.8418856,1.6503389,-0.8883448,-1.0069288,0.32782295,0.90073377,1.6784288,1.6838895,0.69784814,0.6789978,-0.47793648,1.782974,0.12097496,-0.81226265,0.87236744,-0.004929636,0.24139106,2.0732088,0.85650694,-0.9152721,-0.4970302,-0.0056467163,0.28442246,-1.1365612,0.6092776,-0.008842612,0.32349035,-0.20721522,0.0717015,0.66346717,-0.17821503,0.057093695,0.46599263,-1.1025072,0.8103282,0.59143674,0.7173257,-0.07679913,0.6078742,0.5702014,0.76666063,0.83133113,-0.39968318,0.05707886,0.6334248,0.46699116,-0.5567857,0.52765036,0.23184758,0.2713865,0.29919925,0.9068869,0.045566857,-1.0132926,-0.11458048,0.42001885,0.36029008,0.23189032,0.22752427,-1.8389329,0.042135637,-1.7350858,0.28682902,0.3638469,-0.4449324,0.32407027,-0.44560683,-0.74575907,0.48580518,2,1
54,-2.0379665,-0.4827371,-0.3433215,0.621152,0.23951979,0.08872529,0.089147486,-0.67683256,0.10495554,-0.08426849,-0.13635711,-0.08534345,-0.31791025,0.7018546,0.382915,-0.06455295,0.45045945,-0.40057656,-0.93085915,-0.5419844,0.8021402,-2.1066642,1.7922262,-1.1781021,-1.0069288,0.32162428,0.65746486,2.5565712,2.195651,0.9717677,0.5958848,-0.53509694,1.7880665,0.085317485,-2.472928,0.86616886,-0.0071005747,0.23357348,2.0738726,0.8565042,-0.9316709,-0.42675588,-0.010341683,0.2706486,-1.0928462,0.6048304,-0.009484045,0.3230121,-0.20072637,0.06563626,0.5168009,0.054999955,0.07653286,0.46961245,-3.8196156,0.7988361,0.5895683,0.71207166,-0.051574662,0.5787647,0.55644053,1.0813736,0.8240058,-0.42350802,-0.40068036,0.6049378,0.43048564,-0.57029873,0.5148812,0.15871161,0.21593405,0.76064163,0.90930045,0.089491725,-1.7340558,-0.08869797,0.35438192,0.3839771,0.23354231,0.28632405,-1.8460951,0.0667031,-1.7325631,0.31222296,0.3641269,-0.45929885,0.31060505,-0.4258634,-0.7338059,0.45329452,2,1
55,-2.030724,-0.48328346,-0.34401408,0.62097746,0.23867883,0.08171919,0.0919828,-0.6770172,0.11648333,-0.04389273,-0.13712318,-0.08643693,-0.30240878,0.7013066,0.38189992,-0.06809457,0.4518097,-0.4038565,-0.82770276,-0.5421552,0.7994377,-2.1105769,1.7943228,-1.1823839,-0.8605946,0.32153273,0.6538699,2.5695477,2.2032137,0.97581553,0.5786283,-0.5359416,1.7870218,0.08479054,-0.92208475,0.8599703,-0.009209792,0.22589839,2.0744998,0.8564772,-0.9330622,-0.42567214,-0.014144765,0.26426458,-0.29751244,0.6003831,-0.011365223,0.3228253,-0.1944678,0.05972444,0.5078323,0.0584463,0.06585261,0.46966597,-0.9756041,0.787344,0.5873549,0.7067763,-0.027049065,0.5503347,0.5274665,1.0860242,0.7346865,-0.42386007,-0.7637515,0.57645077,0.39258653,-0.5830983,0.5015298,0.086501375,0.20898938,0.7674606,0.78872865,0.09014084,-0.5320898,-0.06281551,0.28768328,0.40653577,0.23420824,0.34461752,-1.8465712,0.06380227,-1.735677,0.3125982,0.32827485,-0.4570655,0.26981664,-0.42557165,-0.7218528,0.420784,2,1
56,-2.0288591,-0.48328346,-0.35153282,0.62097746,0.23867883,0.03586692,0.09273296,-0.67965704,0.11951838,-0.032967906,-0.13712318,-0.13493338,-0.2981459,0.69143844,0.36460954,-0.20427568,0.4518097,-0.56567585,-0.79937667,-0.54972726,0.6947702,-2.1105769,1.690585,-1.3201197,-0.82035255,0.32153273,0.4765114,2.5695477,2.2032137,0.97581553,0.572616,-0.533556,1.7884874,0.079825535,-0.24350235,0.85319006,-0.011322387,0.21788971,2.075092,0.85632485,-0.93612677,-0.3750301,-0.014112496,0.26352412,-0.17949872,0.5945132,-0.013688396,0.3225484,-0.18629196,0.052239515,0.46730492,0.23161697,0.06810755,0.4704989,-0.88673633,0.7727493,0.5858655,0.6983289,0.0026382124,0.5138902,0.51989424,1.2003415,0.71010953,-0.43774232,-0.3551512,0.54431474,0.352414,-0.59585655,0.4811902,0.009517518,0.18126394,0.7674606,0.75604606,0.123623736,-0.7362923,-0.036933016,0.21904343,0.42881283,0.23481502,0.40196067,-1.8480678,0.06784484,-1.7362467,0.31639066,0.3176173,-0.46831936,0.25493473,-0.40857828,-0.70674556,0.3858145,2,1
57,-2.0108733,-0.33041093,-0.36062643,0.66705865,0.2569674,0.0027169627,0.104681104,-0.6828359,0.13541101,0.005454226,-0.13349123,-0.19364886,-0.29062343,0.6833922,0.34371296,-0.45439315,0.48676822,-0.74779695,-0.74504507,-0.5588226,0.5926336,-2.0265539,1.3597337,-1.4867057,-0.750112,0.3314114,0.24992405,2.618343,1.9657377,1.0947964,0.52526444,-0.5123443,1.7909366,0.1044193,-1.1461964,0.8461937,-0.013742836,0.21117006,2.0761683,0.8549188,-0.94205976,-0.31199628,-0.030312378,0.25569406,-0.36670747,0.5874207,-0.017351931,0.32244405,-0.17679411,0.0437909,0.43015584,0.4381277,0.06732372,0.47241464,-1.0634251,0.7557529,0.58565456,0.6862142,0.036777828,0.47259545,0.51446277,1.3156929,0.6616912,-0.45164195,-0.12703171,0.5090475,0.31201172,-0.6079696,0.4508662,-0.068484284,0.17374873,0.84103256,0.6980653,0.16804245,-0.41999274,-0.0066828495,0.14481801,0.45189673,0.22599827,0.46175075,-1.8572031,0.041748375,-1.7389648,0.30231848,0.3085703,-0.47678217,0.2320874,-0.38685292,-0.68923646,0.34648824,2,1
58,-1.9810847,-0.057058226,-0.3666846,0.79186165,0.28725782,0.14401506,0.12447022,-0.68494004,0.16188975,0.0690908,-0.122273825,-0.23282549,-0.27816436,0.68188184,0.3298067,-0.7055834,0.5446681,-0.85566866,-0.6550584,-0.5648196,0.54880095,-1.8716218,0.93597966,-1.5976855,-0.6337763,0.35086283,0.08701213,2.69916,1.5724183,1.2918583,0.44841707,-0.48306233,1.7932718,0.1553313,-2.4368317,0.84098977,-0.016484275,0.20760588,2.0779512,0.8524145,-0.9486054,-0.26815584,-0.05840791,0.2414883,-0.4611899,0.57955486,-0.022330672,0.32256874,-0.16661632,0.035017755,0.4149167,0.5728024,0.059713773,0.47459045,-0.4244154,0.73736477,0.5863527,0.6712941,0.073518485,0.42942277,0.50505996,1.3682816,0.58155096,-0.45804045,-0.29486483,0.4718017,0.27219027,-0.6190795,0.41242608,-0.14528537,0.20013621,0.96288574,0.60150915,0.2019463,0.80941135,0.028435448,0.0649082,0.4756987,0.20676415,0.52434886,-1.8710763,-0.011216318,-1.744219,0.27179086,0.29453802,-0.47648275,0.19872281,-0.37099004,-0.67035687,0.30332446,2,1
59,-1.9810847,0.03594261,-0.3666846,1.0155368,0.28725782,0.7959156,0.12447022,-0.68494004,0.16261245,0.0690908,-0.09827363,-0.23282549,-0.27816436,0.68188184,0.3298067,-0.7055834,0.5446681,-0.85566866,-0.6550584,-0.5648196,0.54880095,-1.7988696,0.93597966,-1.5976855,-0.6337763,0.36511964,0.08701213,2.69916,1.5724183,1.2918583,0.44683418,-0.49687186,1.7951286,0.17486282,-0.13813312,0.8422632,-0.019151047,0.20974974,2.0802898,0.8508036,-0.9486537,-0.26785222,-0.05839092,0.24107844,-0.021924762,0.57168895,-0.027291447,0.32268557,-0.15643114,0.026595222,0.4149167,0.5728024,0.059713773,0.47459045,-0.016886728,0.7189765,0.5862763,0.65629053,0.10946733,0.38698772,0.50505996,1.3610117,0.58155096,-0.45804045,-0.01370815,0.43455586,0.23202127,-0.6291185,0.37442473,-0.22081335,0.23544468,0.96288574,0.60176086,0.20392643,1.0941298,0.063553825,-0.015925381,0.49845096,0.18777396,0.5858272,-1.8729823,-0.028873723,-1.746049,0.25942814,0.29452553,-0.47632048,0.1988245,-0.3699354,-0.6514773,0.26016054,2,1
60,-1.9810847,0.039607607,-0.37225693,1.0243512,0.28725782,0.82160544,0.12447022,-0.6932426,0.16264094,0.0690908,-0.09732784,-0.26873678,-0.30639914,0.6804926,0.3298067,-0.92006856,0.5446681,-0.954917,-0.6550584,-0.57033575,0.5083954,-1.7960026,0.32940733,-1.6998354,-0.6337763,0.3656814,0.0070930338,2.69916,0.9991028,1.2918583,0.44557172,-0.49741605,1.7966232,0.17225565,-0.039887566,0.84353673,-0.021818945,0.21175016,2.0825937,0.84931344,-0.9573442,-0.23076153,-0.05530169,0.24396573,-0.4622409,0.5627696,-0.032688826,0.32273522,-0.14492156,0.017056985,0.4227641,0.69665545,0.08065519,0.47427016,0.16354233,0.6986854,0.587078,0.63742894,0.14828971,0.34113088,0.51683277,1.4439847,0.5802694,-0.46390373,0.27308515,0.3946039,0.18930766,-0.6392036,0.32262978,-0.29051316,0.22773522,0.91365826,0.60170627,0.21913674,0.029985972,0.09867206,-0.09823506,0.5215982,0.16009687,0.6371781,-1.873261,-0.025021153,-1.7393973,0.26082847,0.29170135,-0.48234016,0.18324593,-0.36151096,-0.6307225,0.21517323,2,1
61,-1.9542935,0.06368154,-0.42177603,1.5298042,0.06577523,0.64013255,0.12581113,-0.7111008,0.18504152,0.07756976,-0.0067088646,-0.31919807,-0.33901995,0.6595067,0.34687817,-0.9860641,0.59897655,-1.0530775,-0.58788526,-0.5750544,0.47380403,-1.6394664,-0.42351952,-1.8118913,-0.52914715,0.38598558,-0.061367415,2.7402966,0.37983084,1.4247099,0.37138027,-0.5361892,1.805521,0.14456189,-1.7824218,0.842508,-0.017462434,0.21883222,2.0805814,0.84587246,-0.97768444,-0.17576726,-0.04999029,0.23724137,-1.2011642,0.55265087,-0.038528204,0.32269907,-0.13101435,0.007207864,0.37462234,0.8074062,0.11345184,0.46613723,-0.96535826,0.6770198,0.5863493,0.6174842,0.18969597,0.29258215,0.51327014,1.5566683,0.52023107,-0.46890903,-0.012544306,0.35240486,0.14716074,-0.64838356,0.2572914,-0.35441354,0.2734272,1.0217047,0.51711035,0.23460928,1.0781583,0.13866729,-0.18676543,0.545534,0.11902781,0.6880253,-1.8802592,-0.0038422933,-1.735443,0.27201223,0.2618218,-0.48384243,0.12469802,-0.34506598,-0.6087572,0.16616288,2,1
62,-1.9333103,0.08253676,-0.45921725,1.925683,-0.107693404,0.49800014,0.12686138,-0.72308683,0.20922753,0.08421061,0.10342705,-0.3500659,-0.35776475,0.643405,0.36024868,-0.8634273,0.64151186,-1.1060404,-0.5265188,-0.5774208,0.456449,-1.5168647,-0.86704594,-1.8750384,-0.4472,0.401888,-0.09572693,2.772515,0.032970447,1.5464433,0.31356156,-0.566557,1.8121474,0.12368546,-2.0252635,0.84051347,-0.010239168,0.22798349,2.0767844,0.8416514,-0.9919475,-0.1397951,-0.046414576,0.22736178,-1.0968562,0.5420471,-0.04439543,0.32258785,-0.11589878,-0.0022201058,0.33502558,0.8533323,0.134092,0.45984456,-1.2152717,0.6548101,0.583015,0.598631,0.23118284,0.24254793,0.50601804,1.6248591,0.4658029,-0.47141618,-0.23365214,0.30930966,0.10428263,-0.65671885,0.18706389,-0.41535175,0.311407,1.1356874,0.45086908,0.24308082,1.386841,0.18135779,-0.278885,0.56903696,0.07206543,0.7391905,-1.885626,0.0095825475,-1.733966,0.28031668,0.23564495,-0.4820182,0.08259765,-0.33420616,-0.5863163,0.11516211,2,1
63,-1.9333103,0.067252904,-0.4689998,1.925683,-0.16809765,0.3804264,0.12686138,-0.7274176,0.22119683,0.08421061,0.174004,-0.36636218,-0.3614851,0.63628066,0.3562153,-0.6424121,0.64151186,-1.1429254,-0.51074004,-0.5774208,0.45346248,-1.5168647,-1.004345,-1.8915439,-0.4472,0.401888,-0.10170924,2.772515,-0.13466549,1.5783097,0.31198823,-0.50601816,1.8142992,0.11221855,-0.03762161,0.8370274,-0.0014773713,0.23639138,2.0716846,0.8378298,-0.99725044,-0.119838506,-0.044376183,0.2218231,-0.29510382,0.5309652,-0.050314758,0.32239696,-0.099869885,-0.011545227,0.3122091,0.87210107,0.14077327,0.45880568,-0.47873354,0.6318932,0.5767079,0.5810774,0.2724111,0.19011727,0.502311,1.6538973,0.45197037,-0.47176653,-0.111186005,0.26577723,0.059275318,-0.6644996,0.11483627,-0.47383532,0.3107951,1.1734356,0.45084965,0.2442033,-0.018694038,0.22484714,-0.3728265,0.5918388,0.022241835,0.7878819,-1.8870106,0.016897168,-1.7334949,0.28676417,0.22816229,-0.4801177,0.07762663,-0.33256027,-0.56320685,0.06345573,2,1
64,-1.9333103,-0.012302509,-0.5199198,1.925683,-0.48251146,-0.23156413,0.12686138,-0.74996,0.22119683,0.08421061,0.174004,-0.45118695,-0.38085005,0.5991975,0.33522078,-0.6424121,0.64151186,-1.3349173,-0.51074004,-0.5774208,0.43791726,-1.5168647,-1.7190093,-1.9774572,-0.4472,0.401888,-0.13284774,2.772515,-1.0072377,1.5783097,0.30379924,-0.19090377,1.8255004,0.05253149,-0.2335188,0.8272692,0.014171696,0.24201238,2.060975,0.8354791,-1.0208561,-0.033177957,-0.035267364,0.22970584,-1.4947584,0.5178729,-0.05723936,0.32207832,-0.08116641,-0.023193352,0.19344555,1.0726875,0.17555009,0.45339772,-2.9663146,0.6060024,0.5679824,0.5613303,0.3174894,0.12975615,0.4982502,1.8050463,0.45233232,-0.47359058,-0.1214278,0.22040571,0.010551614,-0.6723495,0.031320106,-0.5252523,0.30760956,1.2057992,0.45074874,0.25004622,-0.09832248,0.2683368,-0.46923327,0.615608,-0.037420325,0.8243328,-1.8948317,0.07435861,-1.7310423,0.32032448,0.22162645,-0.48475438,0.0517515,-0.323993,-0.53728634,0.010510002,2,1
65,-1.8977135,-0.07350424,-0.5231804,1.3867582,-0.79692316,-0.78242195,0.08312977,-0.7711904,0.23235804,0.054356277,0.35640597,-0.55338585,-0.3956837,0.5621145,0.31919965,-0.5423568,0.77246594,-1.481932,-0.40320832,-0.54424345,0.40131778,-1.2185504,-2.5171866,-2.0148246,-0.30818182,0.36214682,-0.22546259,2.9936085,-1.7589337,1.7657225,0.21951045,0.16940612,1.819158,0.035427865,-2.0664918,0.81102014,0.03702546,0.24050672,2.0432568,0.83836746,-1.0374486,0.08012052,0.045088172,0.23057064,-1.2002189,0.50194216,-0.06469849,0.3211916,-0.055852927,-0.03737894,0.07547575,1.2303909,0.20844774,0.44664562,-3.1089919,0.57752866,0.5545031,0.54093033,0.36709303,0.06386107,0.33341354,1.9330552,0.36770666,-0.47129673,-3.8874154,0.17419027,-0.036722932,-0.67833984,-0.06584754,-0.5647972,0.20819472,1.4872359,0.33195093,0.2630659,-2.5090032,0.3187059,-0.58360285,0.6420652,-0.11504406,0.85913765,-1.8554995,0.090088226,-1.7120274,0.3258824,0.12597205,-0.4831886,-0.0206922,-0.3102473,-0.5092833,-0.04654339,2,1
66,-1.885536,-0.09269861,-0.51178795,1.2023921,-0.8975959,-0.957464,0.068169184,-0.77795947,0.23617625,0.044143118,0.43577373,-0.5864899,-0.40033412,0.55024076,0.31417874,-0.5081279,1.0801767,-1.5280199,-0.36642173,-0.53289354,0.38913774,-1.1148152,-2.7745874,-2.025726,-0.26062372,0.34855142,-0.25646397,3.0692446,-1.9969741,1.8415676,0.19299465,0.28576505,1.8137842,0.040796585,-1.1826887,0.794327,0.05993794,0.23900814,2.0251355,0.8412886,-1.0426078,0.11806985,0.07237821,0.23069382,-0.49315467,0.48581704,-0.07230315,0.3202372,-0.03029778,-0.051348276,0.037719853,1.3022711,0.21894021,0.4444542,-1.4243126,0.54887825,0.53776544,0.52093273,0.4201053,0.0019717528,0.27711225,1.9734532,0.33874828,-0.470472,-2.3760693,0.1279171,-0.085816205,-0.68331677,-0.16252133,-0.60267776,0.1742545,1.5939983,0.29131246,0.26739195,-1.5306093,0.36997634,-0.7010119,0.6670168,-0.19334918,0.89360464,-1.8388251,0.08535912,-1.70266,0.32077453,0.093391865,-0.48255146,-0.044908307,-0.3057326,-0.48113772,-0.10409942,2,1
67,-1.885536,-0.09269861,-0.50212926,0.7420421,-1.0307963,-1.131163,0.044709153,-0.78468907,0.22040813,0.03394457,0.45015952,-0.60396624,-0.40033412,0.5345306,0.31214732,-0.58579993,1.3030782,-1.5733898,-0.36642173,-0.53289354,0.36093554,-1.113389,-3.1151557,-2.0365286,-0.26062372,0.33507994,-0.268522,3.0692446,-2.2416906,1.8515137,0.19480908,0.46286976,1.8112758,0.0492005,0.06270788,0.7754303,0.08518326,0.23283604,2.0037527,0.84820116,-1.0443707,0.13653874,0.113376185,0.2431733,-0.09474538,0.4691793,-0.080680415,0.31919804,-0.0036990142,-0.0664364,-0.013280138,1.3720236,0.22850715,0.4404051,-1.0690536,0.5193579,0.51917607,0.49925655,0.47545907,-0.05886967,0.26979327,2.0467894,0.3392931,-0.47389543,-0.17403603,0.08135766,-0.13889048,-0.6880204,-0.26353154,-0.63448757,0.13964185,1.634473,0.2892283,0.26820236,-0.86865884,0.42144972,-0.8214154,0.69105107,-0.27416953,0.92344284,-1.819507,0.08444498,-1.6964759,0.31229606,0.06350548,-0.49033752,-0.0528574,-0.3012164,-0.45214516,-0.16195266,2,1
68,-1.8791656,-0.036771104,-0.4932766,-0.2990915,-1.3452095,-1.4724977,-0.016464168,-0.80575806,0.1769541,0.00876255,0.47765565,-0.6383088,-0.39645353,0.49818033,0.3075477,-0.761488,1.3176385,-1.6760037,-0.3471785,-0.52695626,0.29715306,-1.0721899,-3.9190505,-2.071564,-0.23574586,0.29958522,-0.33296344,3.065788,-2.7951446,1.8814505,0.1805323,0.8823353,1.8090361,0.068930626,-0.34151095,0.75353587,0.114940055,0.21969527,1.9766481,0.86187947,-1.0514177,0.17290156,0.22314967,0.27935606,-0.43100473,0.45184407,-0.090750195,0.31812984,0.025030779,-0.083550535,-0.13323231,1.4885949,0.24770743,0.4309189,-3.1591895,0.48839602,0.49958527,0.47446942,0.5323657,-0.121086515,0.22604375,2.2316592,0.32412025,-0.48045605,-1.1308706,0.03404294,-0.19695169,-0.6925994,-0.37390345,-0.6568023,0.04821656,1.7333047,0.2618998,0.27699178,-2.8120377,0.47402224,-0.94691,0.71454996,-0.3610753,0.9473056,-1.7723941,0.08593412,-1.6868191,0.2924066,-0.023712417,-0.5101132,-0.07816377,-0.28696573,-0.42169908,-0.22088026,2,1
69,-1.8411335,0.29713473,-0.44042328,-1.1140635,-1.6596211,-1.4724977,-0.1064502,-0.8525945,0.1025146,-0.02193062,0.6418165,-0.6383088,-0.37328476,0.46547315,0.30391905,-0.8991369,1.4045688,-1.7563512,-0.23228997,-0.49150917,0.24722578,-0.8262188,-4.7229414,-2.1539998,-0.08721671,0.24571985,-0.5762317,3.045152,-3.2283735,2.0601826,0.09529492,1.3088462,1.7956644,0.1867259,-2.380524,0.73164153,0.14996435,0.20509504,1.9434025,0.8811614,-1.0728096,0.18414374,0.39753523,0.34896553,-1.3434337,0.4345089,-0.104368515,0.31739813,0.056625113,-0.10192813,-0.2510412,1.5882654,0.2500985,0.4217882,-3.105291,0.4561518,0.47819346,0.4469934,0.59102654,-0.18326089,0.05071209,2.4741657,0.22714184,-0.47946087,-4.83249,-0.015089684,-0.25899038,-0.69558465,-0.49693593,-0.67025805,-0.09153449,1.9598316,0.12319192,0.31996024,-4.263175,0.5320566,-1.083237,0.7362105,-0.4594763,0.9720508,-1.687441,0.01750651,-1.672712,0.21072333,-0.19379756,-0.5368321,-0.13599095,-0.2548695,-0.38975623,-0.28384262,2,1
70,-1.8377615,0.32674026,-0.43573707,-1.1863227,-1.6874983,-1.4361243,-0.11442877,-0.85674727,0.09591445,-0.024652012,0.6563717,-0.63548934,-0.37123057,0.46257323,0.30359727,-0.9113414,1.4122764,-1.7634753,-0.22210343,-0.48836625,0.24279897,-0.8044099,-4.7942185,-2.1613088,-0.07404746,0.24094386,-0.59780097,3.043322,-3.2667856,2.1019914,0.0877375,1.3457209,1.7944788,0.19717015,-0.70308685,0.7102086,0.18336964,0.19141248,1.9102147,0.90001833,-1.0747063,0.18231577,0.41299704,0.35513738,-0.39200458,0.41725639,-0.11808207,0.31658676,0.08750798,-0.11984718,-0.26148683,1.5971028,0.2503105,0.4209786,-0.8517106,0.4239076,0.45502335,0.4191734,0.6475044,-0.24354596,0.035166495,2.4956675,0.21854329,-0.4793726,-1.4185503,-0.064222306,-0.3246127,-0.69697165,-0.617196,-0.6827276,-0.103925325,2.004072,0.11089345,0.32376996,-1.2080522,0.59104407,-1.2230629,0.7548987,-0.5570304,0.9968586,-1.6799088,0.011439401,-1.6714611,0.20348091,-0.20887807,-0.539201,-0.14111817,-0.2520237,-0.35778627,-0.34729528,2,1
71,-1.8377615,0.1413755,-0.44303674,-1.4494287,-1.8934933,-1.4223617,-0.17701358,-0.8833011,0.059454598,-0.0542247,0.6563717,-0.6344224,-0.4278707,0.43827736,0.3016444,-0.9113414,0.9965491,-1.9088945,-0.22210343,-0.48836625,0.24279897,-0.8044099,-5.086795,-2.2574635,-0.07404746,0.20033251,-0.7516061,2.9176114,-3.6723957,2.1118145,0.089400224,1.6113995,1.7923214,0.14925647,0.039787833,0.68882054,0.21980621,0.17552404,1.8719404,0.9237062,-1.07941,0.1811997,0.5335059,0.3947158,-0.25047413,0.400012,-0.13357349,0.31573212,0.11963214,-0.14003776,-0.3055273,1.7203401,0.3125559,0.41355973,-0.92328477,0.38887528,0.4313599,0.38667855,0.69972944,-0.31468078,0.035166495,2.6489608,0.21854329,-0.4793726,-0.0026284144,-0.115902275,-0.39769387,-0.6970373,-0.7435658,-0.6940697,-0.21507694,2.0655308,0.100037515,0.35233423,-2.782,0.6501242,-1.3653342,0.77189666,-0.6588708,1.0135317,-1.6284987,0.07512562,-1.6451848,0.22802015,-0.2974186,-0.5548635,-0.1917445,-0.22932608,-0.32255936,-0.41251212,2,1
72,-1.822586,-0.11338108,-0.48107272,-1.8109497,-2.2043295,-0.9233591,-0.2851734,-0.9276986,0.003949872,-0.09768073,0.5675023,-0.6367886,-0.5143211,0.40119436,0.29897395,-0.752646,0.36202154,-2.1308494,-0.17626102,-0.47422224,0.25498548,-0.7309481,-5.48877,-2.3895993,-0.014781888,0.13834696,-0.96296656,2.8022983,-4.2296815,2.2211127,0.050394103,2.0053809,1.7936422,0.05932826,-0.91752493,0.67376274,0.25892156,0.15978234,1.8283222,0.95577604,-1.0818809,0.17774278,0.7407264,0.46031588,-0.2296288,0.38269815,-0.1512542,0.3147637,0.15278709,-0.16444549,-0.36904138,1.9155669,0.40876958,0.4018205,-1.6918266,0.3506775,0.40565845,0.35058835,0.7460927,-0.3998017,-0.024653142,2.8580592,0.17668447,-0.47479138,-1.4035903,-0.17008692,-0.47698134,-0.6950854,-0.8762142,-0.7040785,-0.373388,2.2462099,0.028239543,0.3921662,-5.0472755,0.7132166,-1.5170245,0.7862618,-0.7700981,1.0274892,-1.5452791,0.19007082,-1.6091577,0.27578214,-0.46777928,-0.5770128,-0.29223078,-0.19626902,-0.28366062,-0.48148078,2,1
73,-1.7899871,-0.29538047,-0.5483956,-2.0691087,-2.4661446,0.14856723,-0.39419493,-0.9707475,-0.043439507,-0.13275863,0.37659845,-0.6418714,-0.5884213,0.369409,0.29708564,-0.41174656,-0.18185921,-2.321096,-0.07778513,-0.44383898,0.28116408,-0.5731419,-5.775759,-2.4839773,0.112528816,0.08521658,-1.1139319,2.8069398,-4.627572,2.4559002,-0.03667271,2.3274975,1.8007306,-0.039438352,-2.7052066,0.66823924,0.299119,0.14628509,1.7806756,0.99642503,-1.0779206,0.17041002,0.94840705,0.5232465,0.27098665,0.36527976,-0.17086284,0.3136324,0.18635683,-0.19327694,-0.41869786,2.0921068,0.49279824,0.39122143,-1.3517491,0.30992216,0.3767222,0.31271023,0.78640884,-0.4967389,-0.15315433,3.0051744,0.08676592,-0.4649504,-3.9114704,-0.22602473,-0.5606538,-0.69072354,-1.0126721,-0.7127198,-0.49444225,2.5316937,-0.10460125,0.42144555,-3.9339218,0.7823521,-1.6819673,0.79726505,-0.8914828,1.0436193,-1.4678134,0.31149897,-1.5835427,0.3300281,-0.65927243,-0.5937307,-0.40833223,-0.1699825,-0.24181107,-0.55473953,2,1
74,-1.7899871,-0.29538047,-0.5483956,-2.0691087,-2.4661446,0.14856723,-0.39419493,-0.9707475,-0.043439507,-0.13275863,0.37659845,-0.6418714,-0.5884213,0.369409,0.29708564,-0.41174656,-0.18185921,-2.321096,-0.07778513,-0.44383898,0.28116408,-0.5731419,-5.775759,-2.4839773,0.112528816,0.08521658,-1.1139319,2.8394313,-4.627572,2.4559002,-0.03667271,2.3274975,1.8007306,-0.039438352,-0.27528387,0.66271573,0.33676898,0.13401233,1.7329302,1.0359755,-1.0779206,0.17041002,0.94840705,0.5232465,0.026319403,0.3478613,-0.19068348,0.312382,0.21933244,-0.22155751,-0.41869786,2.0921068,0.49279824,0.39122143,-0.1383039,0.26916665,0.34527385,0.27452114,0.8241986,-0.5906596,-0.15315433,3.0051744,0.08676592,-0.4649504,-0.40041277,-0.28196278,-0.648365,-0.6845907,-1.1455896,-0.7202997,-0.49444225,2.5348678,-0.10460125,0.42144555,-0.40338704,0.851488,-1.8513286,0.8052225,-1.009762,1.0586041,-1.4678134,0.31149897,-1.5835427,0.3300281,-0.65927243,-0.5937307,-0.40833223,-0.1699825,-0.19996129,-0.62799865,2,1
75,-1.7899871,-0.29538047,-0.6006496,-2.2301319,-2.4661446,0.14856723,-0.4551124,-1.0040959,-0.08028746,-0.13382593,0.20805265,-0.66519004,-0.6650772,0.3365273,0.29708564,-0.41174656,-0.7444982,-2.495665,-0.07778513,-0.44383898,0.28116408,-0.5266248,-5.775759,-2.5572019,0.112528816,0.030253675,-1.2888705,2.8431125,-4.627572,2.4559002,-0.045980416,2.3386414,1.8143749,-0.09537802,-0.22264098,0.6571923,0.37103257,0.11918823,1.6850519,1.0768089,-1.0772063,0.18747807,1.0727829,0.5775595,0.036426216,0.32975885,-0.21397181,0.3111479,0.2525739,-0.25485447,-0.46092388,2.2895548,0.5818644,0.3789441,-0.8852801,0.22506432,0.31245387,0.22932534,0.85515106,-0.69545496,-0.15315433,3.0676887,0.08676592,-0.4649504,-0.0026284144,-0.33984044,-0.7406773,-0.6757064,-1.2779193,-0.7297939,-0.6363984,2.5352273,-0.12559919,0.45851627,-3.552056,0.92062354,-2.0254807,0.81031233,-1.1249646,1.072445,-1.4311032,0.39013326,-1.5624352,0.35585704,-0.7506541,-0.61522406,-0.48298085,-0.13785322,-0.15442975,-0.7025644,2,1
76,-1.7660061,-0.28478274,-0.64471674,-2.3833354,-2.423818,0.33312112,-0.4804942,-1.047376,-0.15146422,-0.20067951,-0.14546666,-0.6960401,-0.7515275,0.29944438,0.37880084,-0.22366285,-1.3790257,-2.685961,-0.0053426493,-0.43577024,0.28104877,-0.502562,-5.609752,-2.6544902,0.20618327,-0.031731714,-1.4550225,2.7683618,-4.299932,2.565231,-0.11083687,2.2979755,1.8219218,-0.14366582,-1.615779,0.65401006,0.40176207,0.10339356,1.6382421,1.1187158,-1.0940169,0.21808076,1.1549572,0.6708855,-0.8806465,0.31094906,-0.23837142,0.309646,0.2838026,-0.29305536,-0.46761,2.5148714,0.6716644,0.34558812,-0.3963766,0.17828038,0.27700117,0.17986134,0.87809724,-0.81030893,-0.19011436,3.114709,0.015626779,-0.46315017,-0.86822593,-0.39973503,-0.8355814,-0.66399497,-1.4082125,-0.74476737,-0.7752463,2.5778925,-0.24261428,0.49504918,-4.4995284,0.9937725,-2.199964,0.8086939,-1.240187,1.0953865,-1.4053371,0.4825368,-1.5350332,0.36039716,-0.8418095,-0.6506584,-0.5969747,-0.0847472,-0.10600059,-0.78055406,2,1
77,-1.7422128,-0.2742678,-0.6668374,-2.4687734,-2.3598695,0.5162314,-0.46552825,-1.0765314,-0.20685132,-0.26656896,-0.42654383,-0.7170089,-0.80561197,0.27624476,0.45987698,-0.030917957,-1.7759948,-2.8026016,0.06653319,-0.42776465,0.28093436,-0.48309454,-5.4287925,-2.7207465,0.29910508,-0.0705107,-1.5475551,2.6941962,-3.9193196,2.6737065,-0.17133808,2.2266064,1.8237692,-0.16845043,-2.0398726,0.6521996,0.4293166,0.08747852,1.5926719,1.1604148,-1.1175246,0.24138823,1.1637521,0.7410285,-1.6142415,0.29177597,-0.2631717,0.3079749,0.31331924,-0.33295283,-0.45678723,2.6567817,0.723942,0.31756848,0.31867906,0.13017575,0.23855889,0.1284032,0.89537257,-0.928307,-0.22678562,3.1316566,-0.0549559,-0.46136394,-1.2131045,-0.4606662,-0.9326319,-0.6500499,-1.5354753,-0.7624466,-0.85432327,2.6120496,-0.35003358,0.5159713,-2.7895968,1.0692729,-2.3744175,0.8018539,-1.3535992,1.1240405,-1.4036504,0.54170996,-1.5165714,0.35422406,-0.87881076,-0.6769305,-0.67921686,-0.04533884,-0.056149215,-0.86045194,2,1
78,-1.7422128,-0.2742678,-0.6699726,-2.4687734,-2.3081641,0.5162314,-0.43027976,-1.0806603,-0.21471228,-0.2768149,-0.46002606,-0.71996564,-0.8158328,0.27186048,0.45987698,-0.01647458,-1.7759948,-2.8191335,0.06653319,-0.42776465,0.2737992,-0.44818255,-5.3905144,-2.7310748,0.29910508,-0.0705107,-1.5636612,2.6837103,-3.7885208,2.6737065,-0.17181386,2.1643937,1.8245616,-0.1727033,-0.011369698,0.6503891,0.45429346,0.072021514,1.5481328,1.2008387,-1.1351,0.24630885,1.1175457,0.7518467,-1.1687709,0.27251616,-0.2881166,0.30624527,0.341735,-0.37199682,-0.4600056,2.674281,0.7359451,0.3155524,-0.06823928,0.081754185,0.19656353,0.07650033,0.91006017,-1.0432091,-0.22870445,3.131992,-0.0549306,-0.46229613,-0.047563884,-0.52187103,-1.0320511,-0.6344738,-1.6594486,-0.7797927,-0.85432327,2.5918612,-0.35003358,0.51983476,-0.0033960624,1.1447735,-2.5491695,0.7920835,-1.4631772,1.1528959,-1.4233266,0.5512206,-1.5126954,0.35534304,-0.84485096,-0.681987,-0.68813354,-0.04124745,-0.0059562502,-0.9405341,2,1
79,-1.7422128,-0.2742678,-0.69649154,-2.4687734,-2.3081641,0.5162314,-0.43027976,-1.1155834,-0.28120226,-0.36347848,-0.7432292,-0.74497473,-0.9022836,0.23477729,0.45987698,-0.01647458,-1.7759948,-2.9589658,0.06653319,-0.42776465,0.21344699,-0.44818255,-5.3905144,-2.818437,0.29910508,-0.0705107,-1.6998923,2.5950177,-3.7885208,2.6737065,-0.17583889,2.1643937,1.8312643,-0.2086755,-0.10765294,0.64857864,0.47696844,0.056771196,1.5037642,1.2409842,-1.153605,0.2879294,1.1514349,0.8433496,-1.2246003,0.2526093,-0.31404793,0.30422014,0.36832958,-0.41466117,-0.48722813,2.8226616,0.8374718,0.2985002,-0.6384338,0.030968323,0.14738579,0.021503253,0.9240417,-1.1591396,-0.24493347,3.211747,-0.05471659,-0.47018036,-0.42764223,-0.58511704,-1.137027,-0.61649454,-1.7823398,-0.7991556,-0.85432327,2.5839465,-0.35003358,0.55251217,-0.0033960624,1.2202744,-2.7244606,0.77921915,-1.5697387,1.1795825,-1.416399,0.63166386,-1.4799114,0.36480793,-0.8696576,-0.7247553,-0.76355344,-0.006641408,0.046783637,-1.0219921,2,1
80,-1.7094263,-0.4698717,-0.7795281,-1.978758,-2.0371177,0.4192655,-0.48189682,-1.1262403,-0.3084409,-0.4314641,-0.86422205,-0.76998377,-0.91621953,0.19769438,0.45015734,0.47898945,-1.7349691,-3.068661,0.16557573,-0.4246171,0.16602343,-0.41789028,-4.6974998,-2.8869393,0.42714834,-0.03481539,-1.8449308,2.572565,-3.484625,2.7397072,-0.26001826,1.8000045,1.8358603,-0.38574558,-2.0383549,0.64553803,0.4931925,0.038907405,1.4664525,1.2773612,-1.134783,0.32430652,1.2332675,0.87712085,0.7442714,0.23207012,-0.3395148,0.30135283,0.3956413,-0.45973194,-0.57653546,2.943855,0.88748574,0.2825518,-2.0174835,-0.02155069,0.08902997,-0.030364629,0.9306814,-1.2803053,-0.27071851,3.1380553,-0.15439388,-0.475723,-0.70386887,-0.64985836,-1.2339108,-0.59444594,-1.8950138,-0.830778,-0.7346112,2.606762,-0.4536029,0.5861171,2.9892085,1.2981979,-2.8997169,0.760838,-1.6736792,1.2128825,-1.3877323,0.807616,-1.465037,0.46444333,-0.9729097,-0.7427302,-0.8425585,0.027345134,0.10133889,-1.1057037,2,1
81,-1.6944383,-0.55928916,-0.815815,-1.7547551,-1.9132129,0.374939,-0.50549275,-1.1289098,-0.31670037,-0.45707855,-0.90167606,-0.7798394,-0.9171394,0.18308051,0.44571415,0.7054833,-1.7162147,-3.10999,0.2108515,-0.42317834,0.14814971,-0.4040427,-4.380699,-2.912746,0.48568135,-0.018497786,-1.9026434,2.567893,-3.327992,2.7698784,-0.29824567,1.6334296,1.8375386,-0.4644224,-1.5088623,0.6423008,0.5074708,0.021396386,1.4304717,1.3126411,-1.125012,0.3383115,1.2685394,0.8867895,0.85231525,0.21142977,-0.3651344,0.2982389,0.42275414,-0.5045561,-0.6156445,2.9899013,0.90394765,0.27633646,-1.3524572,-0.074346974,0.026851567,-0.08172439,0.93366516,-1.3981029,-0.28148246,3.09934,-0.19997333,-0.47775966,-0.41858116,-0.7148388,-1.3314936,-0.57097715,-2.0032835,-0.86347926,-0.6798864,2.6154563,-0.5009481,0.5994189,2.2538586,1.3765087,-3.0757575,0.7398372,-1.7746755,1.2464075,-1.3750646,0.8829777,-1.4603045,0.50939333,-1.0185457,-0.7482504,-0.8739192,0.040699624,0.15618457,-1.189776,2,1
82,-1.6944383,-0.5855464,-0.8480201,-1.7547551,-1.9132129,0.3453279,-0.5527025,-1.1289098,-0.31670037,-0.45707855,-0.90167606,-0.7856106,-0.9171394,0.17195229,0.4227337,0.7054833,-1.7162147,-3.10999,0.2108515,-0.42317834,0.14814971,-0.41598645,-4.380699,-2.9211068,0.48568135,-0.018497786,-1.9410166,2.567893,-3.3089848,2.7698784,-0.30039236,1.6335481,1.8416169,-0.5337491,-0.051338036,0.63868773,0.5201898,0.00253785,1.3944378,1.3487027,-1.1020031,0.3441081,1.3288728,0.8867895,1.2169977,0.1906201,-0.39146727,0.29475543,0.4504883,-0.55011135,-0.65426326,2.9899013,0.9204132,0.27605352,-0.8097215,-0.12714325,-0.038196873,-0.13305879,0.9337876,-1.5107645,-0.28148246,3.1076808,-0.19997333,-0.47775966,-0.0026284144,-0.7800408,-1.4318689,-0.54651564,-2.1084175,-0.89555204,-0.67884266,2.613059,-0.50071025,0.6083638,0.022696797,1.4548197,-3.2532809,0.7169254,-1.8726507,1.2787596,-1.3546398,0.9448843,-1.4579357,0.55305356,-1.062874,-0.7482504,-0.88605475,0.04574929,0.21097456,-1.2739974,2,1
83,-1.6908786,-0.66775066,-0.9400991,-1.7240087,-1.8837849,0.2503643,-0.6864993,-1.1287459,-0.3077037,-0.44902343,-0.8975428,-0.80314904,-0.9090479,0.1408813,0.35856956,0.75855064,-1.6568247,-3.0892155,0.22160475,-0.42480072,0.15325068,-0.48140305,-4.334237,-2.9427743,0.4995833,-0.024299387,-2.0564911,2.574263,-3.2600236,2.7565212,-0.3144731,1.5961736,1.8515673,-0.73452795,-0.374428,0.6341452,0.5305166,-0.020448327,1.3587617,1.3865215,-1.0372293,0.360955,1.5000005,0.8796816,4.320914,0.16941996,-0.4189977,0.29062548,0.48007992,-0.5980165,-0.76949567,2.967869,0.9600922,0.2752584,-3.0068705,-0.17954129,-0.106011964,-0.18288462,0.9310115,-1.6180239,-0.272904,3.1222377,-0.21052893,-0.47744498,0.19827472,-0.84565455,-1.534933,-0.5210522,-2.209995,-0.92852414,-0.68569463,2.5942597,-0.5166385,0.6357141,-0.15557285,1.5326403,-3.4313796,0.69252324,-1.9666555,1.3103535,-1.2950419,1.1204196,-1.4523484,0.6795181,-1.1931726,-0.7451758,-0.92196697,0.06111855,0.26517153,-1.3582442,2,1
84,-1.6528462,-0.8190176,-1.0321786,-1.3955078,-1.5693713,0.055640243,-0.80884635,-1.1269939,-0.21158224,-0.36296168,-0.8533823,-0.8307364,-0.8225971,0.1170368,0.30932343,1.3255293,-1.0222933,-2.8672597,0.33649397,-0.44213453,0.20775038,-0.8496197,-3.8378313,-2.9427743,0.6481133,-0.08628523,-2.227753,2.6423192,-2.736917,2.6138086,-0.40547532,1.1935843,1.8449594,-0.96014225,-2.4045315,0.62736356,0.53505117,-0.050121933,1.3298717,1.4214981,-0.9822574,0.38045272,1.6578251,0.80374056,3.7482502,0.14748615,-0.44791877,0.28557193,0.51280534,-0.6481207,-0.9313674,2.732473,0.92812365,0.27459845,-4.0846224,-0.22808233,-0.17650509,-0.21846935,0.92262894,-1.7161925,-0.18125132,3.0468194,-0.32330656,-0.4740824,2.344754,-0.9112688,-1.637104,-0.49474633,-2.3011465,-0.97118455,-0.7878023,2.393407,-0.6934011,0.68025684,-2.7826996,1.605713,-3.597627,0.66775256,-2.0470238,1.345969,-1.2238163,1.2817826,-1.4582387,0.82180816,-1.3579258,-0.7123265,-0.9696475,0.085508265,0.31462586,-1.4400487,2,1
85,-1.6466639,-0.84360677,-1.0471466,-1.3421084,-1.5182617,0.023986794,-0.8287346,-1.1267091,-0.1959572,-0.3489719,-0.84620374,-0.83522093,-0.80854404,0.11316075,0.3013182,1.4176948,-0.91914696,-2.8311796,0.35516983,-0.44495216,0.2898178,-0.9094752,-3.7571378,-2.8954566,0.67225766,-0.09636143,-2.2555926,2.7375846,-2.5422747,2.5906098,-0.42026836,1.1281413,1.8438852,-0.996817,-0.91149175,0.620582,0.5387458,-0.078572825,1.3012542,1.4560273,-0.9733215,0.38362214,1.6834804,0.7913959,1.2174387,0.12555246,-0.47727197,0.2803377,0.5449686,-0.69725126,-0.95768034,2.694208,0.92292696,0.2744912,-1.420473,-0.27662313,-0.24887866,-0.25382254,0.9120154,-1.8093395,-0.14669527,2.9873178,-0.34094706,-0.4640994,1.3565065,-0.97562903,-1.73947,-0.4684263,-2.3871534,-1.0108933,-0.8044005,2.3574708,-0.7221348,0.68749744,-1.0721687,1.6787853,-3.7645664,0.6415434,-2.123244,1.3829328,-1.2122381,1.308013,-1.4591962,0.8449381,-1.3844079,-0.6991378,-0.9773982,0.089472964,0.3640799,-1.521008,2,1
86,-1.6466639,-0.84360677,-1.1006707,-1.3421084,-1.5182617,0.023986794,-0.8820481,-1.1267091,-0.1959572,-0.3489719,-0.8835922,-0.84721047,-0.85879636,0.098395035,0.26493323,1.4176948,-0.91914696,-2.8311796,0.35516983,-0.44495216,0.32642114,-1.2336961,-3.7571378,-2.8717983,0.67225766,-0.13239267,-2.3098934,2.7796853,-2.487471,2.5046284,-0.42050102,1.1281413,1.8443458,-1.1236458,-0.0055502215,0.61380035,0.54090625,-0.1096829,1.2720777,1.492726,-0.94350255,0.39788032,1.7354556,0.7913959,1.5776039,0.10326708,-0.50739956,0.27461734,0.57748604,-0.7474225,-0.96326697,2.694208,0.9888529,0.27564484,-0.1178402,-0.32516384,-0.3232392,-0.28902698,0.89994055,-1.8981105,-0.13686648,2.976643,-0.34060106,-0.45938134,0.36837763,-1.0397459,-1.848669,-0.44307563,-2.46821,-1.0532877,-0.88777155,2.268213,-0.7464933,0.7041196,-2.0875309,1.7487011,-3.9284143,0.6169316,-2.1928627,1.4169691,-1.191498,1.421267,-1.4340723,0.9261157,-1.4224455,-0.69521344,-1.036215,0.09716236,0.4134183,-1.6001799,2,1
87,-1.6519686,-0.7793079,-1.1927496,-1.232905,-1.4160384,0.058983915,-0.9726394,-1.1248103,-0.16999267,-0.34564552,-0.9529065,-0.8661599,-0.94524664,0.069195375,0.18055548,1.6045557,-0.7128457,-2.8821268,0.39252305,-0.43342733,0.26696092,-1.7460856,-3.637563,-2.799494,0.7205483,-0.19437821,-2.3957155,2.7786858,-2.317113,2.3545747,-0.40878075,0.9966699,1.8472311,-1.3469584,0.2779297,0.60746276,0.5401849,-0.14481358,1.2449511,1.5306894,-0.8935362,0.4209207,1.8243032,0.7684162,3.3402982,0.08058076,-0.53729445,0.268066,0.61073023,-0.7989455,-0.98730886,2.7607608,1.1126567,0.28169784,-0.55596524,-0.3746814,-0.40426165,-0.32153642,0.8857765,-1.9862278,-0.19730307,2.9097269,-0.38119918,-0.4646242,-1.4180332,-1.1019473,-1.9609267,-0.4198431,-2.5409672,-1.0987118,-1.0145317,2.0983613,-0.8379561,0.73152214,-4.090618,1.8144996,-4.0832224,0.59379363,-2.2540298,1.4500142,-1.1582061,1.6085426,-1.3888828,1.0721859,-1.5052896,-0.6904806,-1.1651433,0.105651416,0.46376526,-1.6759425,2,1
88,-1.6671592,-0.592708,-1.2784783,-0.9086828,-1.1233104,0.18622762,-1.0548083,-1.1193732,-0.095515884,-0.33612007,-1.0270916,-0.8805625,-1.0257348,0.03466988,0.059898634,2.1396527,-0.12207912,-3.0280197,0.49948815,-0.4004249,0.09668992,-2.1354444,-3.2948422,-2.5924435,0.8588339,-0.2520887,-2.460945,2.7758243,-1.8292736,2.2107391,-0.374514,0.61908484,1.8541046,-1.5651143,1.045713,0.6023896,0.53546673,-0.18362881,1.2230589,1.5680168,-0.84960085,0.43949556,1.9059552,0.7025102,2.9653697,0.05758816,-0.56571245,0.2604498,0.6447417,-0.85134995,-1.0375822,2.951342,1.2480007,0.2951958,-1.3435538,-0.4262267,-0.49681735,-0.3485906,0.8686346,-2.0775654,-0.3703694,2.675017,-0.4974564,-0.4796376,-5.170964,-1.1601725,-2.0694478,-0.39952177,-2.602189,-1.1454504,-1.100343,1.9032583,-1.0188862,0.75472975,-2.738736,1.8764707,-4.2240663,0.57085395,-2.3061712,1.4856759,-1.1319594,1.768545,-1.343147,1.2208009,-1.615583,-0.6768875,-1.3387972,0.104395986,0.5163783,-1.7470572,2,1
89,-1.6671592,-0.5568523,-1.2784783,-0.7418498,-1.1233104,0.5780924,-1.0548083,-1.1193732,-0.09370912,-0.33612007,-1.0270916,-0.8805625,-1.0257348,0.03466988,0.059898634,2.1396527,-0.12207912,-3.0280197,0.49948815,-0.4004249,0.09668992,-2.1354444,-3.290421,-2.5924435,0.8588339,-0.2520887,-2.460945,2.7758243,-1.8292736,2.2107391,-0.37551308,0.6031032,1.8561685,-1.5700352,0.13960959,0.6019446,0.5298647,-0.21798758,1.202033,1.6068472,-0.8497556,0.43949556,1.9063618,0.7010452,0.4577195,0.03459561,-0.5946228,0.25262693,0.67809033,-0.9026014,-1.0375822,2.951342,1.2480007,0.2951958,-0.21254422,-0.47777188,-0.59113026,-0.37542415,0.8490733,-2.1620479,-0.3703694,2.6743388,-0.4974564,-0.4796376,-0.8175565,-1.2183979,-2.1789694,-0.37876683,-2.660498,-1.190808,-1.100343,1.9032583,-1.0188862,0.75472975,-0.43469647,1.9384418,-4.364616,0.54715633,-2.3563266,1.5200659,-1.1339195,1.7721654,-1.3451811,1.2239157,-1.6158818,-0.6763076,-1.3387972,0.104395986,0.5689914,-1.8181716,2,1
90,-1.6684575,-0.5501403,-1.353321,-0.71061975,-1.1233104,0.6514468,-1.1088206,-1.1207023,-0.09337089,-0.3933532,-1.0809326,-0.8843347,-1.0257348,0.004528428,-0.045437306,2.1396527,-0.12207912,-3.1235454,0.49948815,-0.4004249,-0.051960196,-2.1354444,-3.2895932,-2.5924435,0.8588339,-0.3024712,-2.460945,2.773683,-1.8292736,2.1165607,-0.3664005,0.60011166,1.844568,-1.7296743,0.21187621,0.6014997,0.5228467,-0.25550008,1.1798732,1.6477487,-0.8184272,0.45028904,1.9519093,0.70228785,1.6554328,0.011492303,-0.6219457,0.24385422,0.7114107,-0.954271,-1.1468735,3.051437,1.3175523,0.3090468,-2.2900057,-0.53114885,-0.6917258,-0.40376714,0.82806087,-2.2432249,-0.40653333,2.6742117,-0.49979326,-0.49987122,-0.84957725,-1.2766235,-2.2904038,-0.3580009,-2.7162542,-1.2349304,-1.2182493,1.8075914,-1.0642631,0.76127636,-2.950857,1.9969559,-4.5001707,0.52592945,-2.400682,1.5513836,-1.1033783,1.9153743,-1.3067626,1.3357673,-1.6503577,-0.69362944,-1.408801,0.093910545,0.6237059,-1.8875082,2,1
91,-1.6696103,-0.45938823,-1.4454002,-0.3428443,-0.94829166,0.8083144,-1.1809554,-1.1338454,-0.0026517736,-0.49224293,-1.1343478,-0.88682264,-0.9776118,-0.032554667,-0.1750321,2.3874373,0.2311338,-3.17565,0.5634414,-0.38069308,-0.22140649,-1.9803406,-3.0049899,-2.501554,0.9415134,-0.3644569,-2.442799,2.2836943,-1.5089424,2.0070205,-0.3562254,0.36218765,1.83086,-1.9231364,0.31352812,0.60304475,0.5132555,-0.29413834,1.1621051,1.6873002,-0.7885085,0.46379256,2.0459173,0.6389791,2.1061819,-0.011649102,-0.643758,0.2330798,0.74622697,-1.0061015,-1.3326278,3.1379895,1.3693831,0.32789898,-4.6130004,-0.58494735,-0.7984259,-0.4266453,0.80326515,-2.3220468,-0.5199496,2.532025,-0.5766128,-0.5194692,-2.9257264,-1.3324412,-2.3904727,-0.33740398,-2.7654998,-1.2770226,-1.3299595,1.6175982,-1.2094593,0.76457196,-3.7248485,2.0525382,-4.6053133,0.501806,-2.4419336,1.5791295,-1.0508862,2.0546975,-1.2731425,1.4729292,-1.752665,-0.6848775,-1.5059767,0.076648556,0.6789003,-1.9537138,2,1
92,-1.670169,-0.3453472,-1.5098099,0.12263763,-0.7283592,1.0054375,-1.2345803,-1.1494504,0.113410935,-0.577281,-1.1645665,-0.88736373,-0.9171394,-0.05849436,-0.26568407,2.6988091,0.6749887,-3.1733153,0.64380646,-0.35589764,-0.33244798,-1.7042335,-2.6013324,-2.3873405,1.0454102,-0.407816,-2.4199965,1.6694314,-1.103523,1.9339223,-0.34981307,0.06300792,1.8218504,-2.0574558,0.20957887,0.60617465,0.5017361,-0.33266252,1.1480969,1.7252258,-0.77253395,0.47336343,2.133271,0.5565211,1.1567682,-0.03480048,-0.66162825,0.2208216,0.7820285,-1.0575987,-1.4911397,3.1757424,1.3868426,0.34209526,-4.536795,-0.63870114,-0.9091352,-0.4447787,0.7750045,-2.396971,-0.6376838,2.3423297,-0.67154413,-0.5302279,-3.7696521,-1.3863407,-2.47883,-0.31644064,-2.8094203,-1.3167663,-1.3895209,1.4442294,-1.3608131,0.7642261,-2.037582,2.1064198,-4.6869736,0.47485182,-2.4813216,1.6044289,-1.00595,2.1310956,-1.2574885,1.569024,-1.8579204,-0.66119534,-1.5801077,0.06214374,0.7340389,-2.0177522,2,1
93,-1.670169,-0.34673822,-1.5138923,0.13321969,-0.7283592,1.0054375,-1.2396594,-1.150191,0.119972296,-0.5826442,-1.1645665,-0.88736373,-0.9171394,-0.06013847,-0.27142978,2.6988091,0.6749887,-3.1658914,0.64380646,-0.35589764,-0.33244798,-1.4459921,-2.4549809,-2.3873405,1.0454102,-0.41002825,-2.4228654,1.6367081,-1.0943503,1.930449,-0.34909236,0.062374085,1.820704,-2.0624604,0.017255785,0.6093046,0.48985055,-0.37026903,1.1341746,1.7627728,-0.77009577,0.47394115,2.138931,0.5513771,0.12188938,-0.05795186,-0.67977256,0.20835418,0.81738275,-1.1082144,-1.4966736,3.1680973,1.3913158,0.34318322,-0.11673839,-0.69235075,-1.0206327,-0.46262035,0.74499345,-2.465408,-0.6376838,2.3072813,-0.67154413,-0.5302279,-0.0026284144,-1.4402405,-2.561838,-0.2943015,-2.85183,-1.354234,-1.3943115,1.437982,-1.3632109,0.76540613,-0.12314922,2.1601737,-4.7669864,0.4476805,-2.5196767,1.6288,-1.0024588,2.1328478,-1.2546229,1.5730406,-1.8620789,-0.6591598,-1.5843996,0.061674763,0.7890559,-2.0817246,2,1
94,-1.670169,-0.3781119,-1.6059712,0.13321969,-0.7283592,1.0054375,-1.3542185,-1.1668932,0.119972296,-0.70361143,-1.1645665,-0.88736373,-0.9171394,-0.097221434,-0.40102425,2.6988091,0.6749887,-3.1658914,0.64380646,-0.35589764,-0.33244798,-1.4459921,-2.4549809,-2.3873405,1.0454102,-0.45992655,-2.4875748,0.89863163,-1.0943503,1.8521081,-0.33283517,0.062374085,1.7948467,-2.175339,0.4061544,0.61243457,0.47703034,-0.40976682,1.1193655,1.8007183,-0.7058513,0.4869725,2.2387042,0.56897235,3.5465503,-0.081103235,-0.6960051,0.19454753,0.85370564,-1.1591533,-1.6214911,3.1680973,1.492209,0.36772284,-2.731123,-0.74600023,-1.1340814,-0.47996557,0.71326095,-2.5258546,-0.6376838,2.3072813,-0.67154413,-0.5302279,-0.0026284144,-1.49414,-2.6453717,-0.27204823,-2.8921514,-1.3907167,-1.50236,1.3107934,-1.4172934,0.79202366,-2.8241844,2.2111795,-4.8203926,0.4193877,-2.558678,1.6414528,-0.93509775,2.2429366,-1.1899928,1.6636338,-1.9353844,-0.66612273,-1.6812031,0.051097143,0.8440731,-2.1442835,2,1
95,-1.6401927,-0.7230036,-1.6980505,0.53526765,-0.48054582,1.3419429,-1.499058,-1.1725485,0.21652447,-0.7771443,-1.0714976,-0.86622965,-0.84900093,-0.13430457,-0.5306194,2.823156,0.9097963,-2.990951,0.73435944,-0.36117804,-0.30635768,-0.8164026,-2.0009978,-2.222564,1.1624781,-0.4704962,-2.5394382,0.3277018,-0.8278509,1.6765052,-0.3745115,-0.24987024,1.7487392,-2.2039058,-0.8973362,0.6198334,0.4619619,-0.44953027,1.1119878,1.8334045,-0.6194905,0.469269,2.3450677,0.48269466,5.443083,-0.10363472,-0.70752394,0.17920415,0.89203596,-1.2078992,-1.8223383,3.0142207,1.5433335,0.39672434,-4.877383,-0.796296,-1.2419853,-0.490272,0.6785277,-2.5788832,-0.59257126,2.0575032,-0.7642304,-0.5275086,1.0538927,-1.5436747,-2.7016454,-0.24936962,-2.9266527,-1.4184167,-1.4674013,1.0866752,-1.547363,0.80896485,0.17863487,2.2563484,-4.8435707,0.39258406,-2.5915732,1.649315,-0.8441858,2.2228837,-1.1247126,1.704342,-2.0536351,-0.6297179,-1.7717419,0.030864805,0.8953791,-2.2008986,2,1
96,-1.6223946,-0.92383504,-1.7411414,0.77398133,-0.33340803,1.5919313,-1.5706475,-1.1738057,0.27385175,-0.8055901,-1.0075557,-0.84106183,-0.80854404,-0.1516586,-0.59126675,2.8969865,1.049212,-2.8870811,0.7881248,-0.3643133,-0.29086664,-0.44258738,-1.669433,-2.081796,1.2319864,-0.45446894,-2.5620933,0.08154262,-0.66961837,1.5820947,-0.40130135,-0.43248606,1.7246152,-2.2066705,-0.99162596,0.6290161,0.446056,-0.48871017,1.1067011,1.864684,-0.5762943,0.44438708,2.3956723,0.4292546,3.5380065,-0.12562941,-0.7179549,0.16353883,0.9300153,-1.2549342,-1.9258918,2.9228575,1.560999,0.4108574,-3.357064,-0.84569013,-1.3486406,-0.49857295,0.6422655,-2.6259725,-0.56578606,1.857481,-0.8192624,-0.525894,0.96804124,-1.5908988,-2.7473652,-0.22732641,-2.957078,-1.4431486,-1.3975514,0.9696024,-1.5982945,0.8128503,2.2126906,2.2999482,-4.858418,0.36626828,-2.622275,1.6557678,-0.79867935,2.1971319,-1.0940814,1.7171185,-2.1146264,-0.6072271,-1.805446,0.018677413,0.9458091,-2.2551496,2,1
97,-1.6223946,-1.0060567,-1.7665428,0.77398133,-0.33340803,1.6602445,-1.6022981,-1.1743535,0.27385175,-0.8055901,-0.9957378,-0.8238855,-0.80854404,-0.16188851,-0.6270174,2.7805321,1.049212,-2.8870811,0.7881248,-0.37320206,-0.29238018,-0.44258738,-1.5850247,-2.0233603,1.2319864,-0.4326545,-2.5620933,0.08154262,-0.66961837,1.50653,-0.39200616,-0.4287057,1.7144681,-2.2136383,0.22236949,0.6387589,0.42989028,-0.5274899,1.1014004,1.8955747,-0.55549246,0.42705822,2.411371,0.42975083,1.1001146,-0.1472984,-0.72900295,0.14787425,0.96719587,-1.3009725,-1.9566394,2.9086373,1.5938822,0.4213227,-0.6448546,-0.89508426,-1.4559159,-0.50684834,0.60757756,-2.666314,-0.5287733,1.7870878,-0.8147618,-0.5277826,0.864197,-1.637122,-2.7903965,-0.2060041,-2.9849005,-1.467239,-1.3492277,0.88590217,-1.5717598,0.8090045,1.6319513,2.3407743,-4.868658,0.34285384,-2.6490545,1.6605437,-0.7818187,2.2036157,-1.0713223,1.7296938,-2.1242135,-0.6089944,-1.819151,0.0060721594,0.9963459,-2.3072991,2,1
98,-1.6216451,-1.2995915,-1.8586218,0.7702719,-0.3386403,1.6566457,-1.7160175,-1.1762999,0.27527592,-0.8045939,-0.9937514,-0.8214316,-0.8068405,-0.19897147,-0.7566119,2.355383,1.0367206,-2.882707,0.79038876,-0.40526497,-0.29784146,-0.44701502,-1.5745933,-2.0176504,1.2349133,-0.431433,-2.5607605,0.09452092,-0.67438984,1.2326111,-0.3600721,-0.42237464,1.6775868,-2.2394538,0.97039795,0.64845604,0.41362232,-0.5666775,1.0956919,1.9254973,-0.48078692,0.42443237,2.4678712,0.43009663,4.9773154,-0.1688954,-0.7411857,0.13201575,1.004265,-1.3468659,-2.0700843,2.852007,1.7117981,0.45947313,-2.9750307,-0.94439447,-1.563955,-0.51541245,0.5788903,-2.6977842,-0.39474902,1.7802583,-0.8007836,-0.5345904,3.9410973,-1.6831942,-2.8333733,-0.18494612,-3.01141,-1.4910914,-1.345211,0.5835334,-1.573182,0.80843586,0.097013794,2.374121,-4.867521,0.3271404,-2.6665175,1.6612176,-0.7207637,2.226851,-0.98922205,1.7757987,-2.159677,-0.61479396,-1.9073206,-0.03271515,1.0468085,-2.355499,2,1
99,-1.5836129,-1.3685015,-1.9507009,0.582031,-0.60416096,1.4740173,-1.7793537,-1.1762999,0.34754726,-0.7540405,-0.8929509,-0.6969024,-0.7203902,-0.23605444,-0.8862064,1.7806486,0.40282762,-2.6607528,0.9052773,-0.4294399,-0.30204776,-0.67170507,-1.0452309,-1.7278941,1.3834425,-0.36944762,-2.4931319,0.7531258,-0.91652703,0.95869225,-0.41572797,-0.10109377,1.6357923,-2.293042,-1.1670113,0.65588194,0.3993998,-0.6031759,1.0823042,1.9588125,-0.4408978,0.29117846,2.5041308,0.35814902,3.096622,-0.1869113,-0.74973094,0.11688184,1.0378106,-1.386934,-2.2823472,2.5425506,1.7658674,0.508268,-5.086433,-0.98953295,-1.6567271,-0.5286088,0.5601184,-2.7158756,-0.267918,1.4336718,-0.9030124,-0.5394727,3.7692385,-1.7217411,-2.854048,-0.16900466,-3.023923,-1.5169888,-1.1413789,0.33296135,-1.645349,0.7795804,5.1924753,2.3976102,-4.878118,0.32576644,-2.6692061,1.6628313,-0.6629087,2.2367086,-0.92705035,1.8477874,-2.2305498,-0.5903832,-1.9766483,-0.09730611,1.0935779,-2.3935573,2,1
100,-1.5746201,-1.3847955,-1.9724731,0.5375208,-0.6669443,1.4308342,-1.79433,-1.1762999,0.3646361,-0.58263165,-0.86911625,-0.5924526,-0.6999487,-0.24482283,-0.9168495,1.6447505,0.25294128,-2.6082706,0.9324431,-0.43515617,-0.30304238,-0.72483385,-0.92006123,-1.6593801,1.4185628,-0.35479084,-2.4771407,0.9088554,-0.9737813,0.89392316,-0.42888808,-0.02512574,1.6259098,-2.3057132,-0.6558347,0.66330796,0.38488066,-0.6387924,1.069075,1.9917357,-0.43146583,0.1657003,2.5127046,0.34113687,1.0391132,-0.20272702,-0.76220924,0.10379164,1.066872,-1.4248376,-2.3325374,2.4693785,1.7786523,0.5198057,-2.1909528,-1.0346715,-1.7491878,-0.5417557,0.54080033,-2.730148,-0.23792814,1.3517202,-0.9271848,-0.5406271,1.4605904,-1.7602881,-2.8749895,-0.15320005,-3.0358665,-1.54273,-1.0931818,0.2737127,-1.6624131,0.7727576,2.506672,2.4210997,-4.8885984,0.32441017,-2.6718595,1.6644139,-0.6492287,2.23904,-0.91234964,1.8648093,-2.2473078,-0.58461124,-1.9930413,-0.112578884,1.1410699,-2.4316158,2,1
101,-1.5746201,-1.3919022,-1.9850409,0.4659802,-0.77813727,1.361489,-1.8125055,-1.1777815,0.3646361,-0.47975823,-0.86911625,-0.5440631,-0.6999487,-0.26297998,-0.9826049,1.3531336,0.011796448,-2.6082706,0.9324431,-0.43515617,-0.30304238,-0.85164714,-0.92006123,-1.6593801,1.4185628,-0.35479084,-2.4863982,0.9088554,-1.0459471,0.7549383,-0.4244212,0.11410182,1.6219947,-2.3124788,0.106870644,0.66985434,0.3710065,-0.6717957,1.0529345,2.026298,-0.41978636,0.10507523,2.5221577,0.3422993,0.61706334,-0.21786125,-0.77628845,0.09131658,1.0943456,-1.4618098,-2.3782194,2.448334,1.8463863,0.5528772,-0.9576664,-1.0798104,-1.8404514,-0.5577206,0.5271607,-2.7376409,-0.23792814,1.3583546,-0.9271848,-0.5406271,-0.0026284144,-1.7988353,-2.8977845,-0.13791713,-3.0463796,-1.5702934,-1.0924895,0.15575907,-1.6620443,0.77531844,0.013913323,2.4394872,-4.8933225,0.3287208,-2.669043,1.6620345,-0.64133716,2.2456958,-0.8822115,1.894894,-2.2542531,-0.5850712,-2.043209,-0.14457598,1.1887857,-2.4670498,2,1
102,-1.5721359,-1.4023894,-2.0078902,0.36040723,-1.0212166,1.2591562,-1.8398491,-1.1805254,0.37970647,-0.40461192,-0.81822586,-0.48615474,-0.6782294,-0.29387385,-1.1045482,0.7783993,-0.503478,-2.552508,0.9613071,-0.4304362,-0.29546115,-1.0857866,-0.88411146,-1.5865831,1.4558784,-0.34125793,-2.5477314,0.9560679,-1.1524426,0.4810195,-0.4218674,0.41825297,1.6139977,-2.3250453,0.11504873,0.6755465,0.35840148,-0.7000859,1.0320424,2.0640473,-0.40286377,0.038138323,2.5386937,0.328983,1.2069318,-0.2312968,-0.7912687,0.079957046,1.1194327,-1.4963083,-2.484819,2.3574498,1.9444222,0.61890274,-2.716686,-1.1238797,-1.9267004,-0.57736045,0.52213395,-2.7372646,-0.24823749,1.2925986,-0.9584107,-0.53874606,-0.24407363,-1.8354537,-2.918976,-0.12473701,-3.0531998,-1.599062,-1.0391257,-0.050786823,-1.6773281,0.78980654,1.3393481,2.450395,-4.890591,0.34130695,-2.657656,1.6551758,-0.6263496,2.249885,-0.8362935,1.9543608,-2.2799132,-0.5782367,-2.1222122,-0.2034631,1.2358111,-2.4973366,2,1
103,-1.5622475,-1.4023894,-2.0250168,0.36040723,-1.3356283,1.2591562,-1.8419257,-1.1827446,0.4396917,-0.10550397,-0.6156647,-0.25565976,-0.59177905,-0.31019035,-1.203688,0.20366506,-1.1380056,-2.3305533,1.0761956,-0.41164926,-0.26528537,-1.2728633,-0.74101883,-1.2968267,1.6044077,-0.28739256,-2.7374804,1.1439898,-1.1524426,0.2071007,-0.43794107,0.8110812,1.6051632,-2.3353238,-0.48005792,0.6812388,0.34744677,-0.7210992,1.0055548,2.1062002,-0.4041094,-0.22829324,2.5489867,0.2691506,-0.07792862,-0.2396694,-0.80782825,0.07197308,1.1379832,-1.524192,-2.6407938,2.119311,1.9367825,0.68745154,-4.0978856,-1.1647625,-2.00119,-0.5997544,0.5258561,-2.7296298,-0.28927284,0.9918981,-1.0827003,-0.5312585,-1.2051072,-1.8663242,-2.9302652,-0.11643712,-3.0526395,-1.6260101,-0.8307869,-0.18007211,-1.740329,0.8324325,6.513355,2.4537735,-4.882195,0.36217454,-2.636519,1.6464028,-0.6130474,2.2274666,-0.83055,2.014348,-2.3412528,-0.5483312,-2.141995,-0.24990897,1.2807798,-2.5198765,2,1
104,-1.5621988,-1.2775126,-2.025101,0.44414756,-1.3371766,1.717691,-1.8419359,-1.1827555,0.4399871,-0.104031004,-0.6041592,-0.225534,-0.59135336,-0.3102707,-1.2041762,0.20083475,-1.1411303,-2.3294604,1.0767614,-0.41155672,-0.26331696,-1.2737845,-0.74031407,-1.2953998,1.605139,-0.28712735,-2.738415,1.1449152,-0.94753116,0.20575178,-0.44256583,0.8174763,1.6089886,-2.3543954,-0.2091126,0.69274783,0.33475563,-0.7390737,0.9802711,2.1507208,-0.4041156,-0.25918484,2.5490375,0.26885587,-0.018621119,-0.24719155,-0.82340145,0.0643304,1.1550968,-1.5504507,-2.6415617,2.1181383,1.9367449,0.68778914,-0.8537858,-1.2056456,-2.074794,-0.6221797,0.5289357,-2.7186944,-0.28909636,0.99041736,-1.0832492,-0.5309709,-0.24467292,-1.8971949,-2.9419243,-0.10831871,-3.0517707,-1.6526765,-0.8297608,-0.23424926,-1.7406393,0.8326424,1.356361,2.4571521,-4.867391,0.38123238,-2.6143904,1.6403906,-0.61696756,2.2443411,-0.83433515,2.0266826,-2.3415277,-0.5479753,-2.1420922,-0.2501377,1.326028,-2.542417,2,1
105,-1.5621988,-1.244748,-2.0261216,0.466119,-1.545571,1.8379995,-1.8419359,-1.184309,0.4399871,-0.104031004,-0.60140216,-0.21792753,-0.59135336,-0.3102707,-1.2165291,-0.2238456,-1.4651144,-2.3294604,1.0767614,-0.41155672,-0.26283944,-1.3706946,-0.74031407,-1.2953998,1.605139,-0.28712735,-2.8295505,1.0715928,-0.89376724,0.0033487873,-0.44339958,1.0791904,1.6096961,-2.3599758,-0.047922295,0.70428574,0.3230192,-0.7497212,0.9503159,2.1991606,-0.40472662,-0.26694578,2.5512426,0.26991576,-0.033757318,-0.25470954,-0.839033,0.056727942,1.1719328,-1.5763214,-2.642356,2.1422243,1.9381372,0.69771236,-0.017458312,-1.2465285,-2.1459644,-0.64815277,0.54111004,-2.7003696,-0.28899702,0.9993416,-1.0832326,-0.530905,0.0019801566,-1.9280655,-2.9550292,-0.100626454,-3.0499613,-1.680645,-0.8208463,-0.23448835,-1.7359775,0.8565338,0.21944927,2.4531012,-4.839991,0.40711984,-2.583993,1.6288949,-0.6167963,2.2498841,-0.83449215,2.037957,-2.3431406,-0.5483401,-2.141243,-0.24742278,1.3712775,-2.5611348,2,1
106,-1.5586185,-1.2112106,-2.0273695,0.44188565,-1.7663537,1.668091,-1.8205491,-1.1887796,0.4537685,0.003177355,-0.48368546,-0.10715178,-0.5496187,-0.31005588,-1.2299937,-0.7985816,-1.8738607,-2.2223098,1.1322249,-0.40474597,-0.2595727,-1.4385319,-0.7635993,-1.1555172,1.6768428,-0.27934706,-2.9380903,0.9212791,-0.7562325,-0.2681244,-0.45209777,1.3539869,1.608945,-2.3658988,-0.20508635,0.7136683,0.31185442,-0.75537956,0.9168392,2.2492535,-0.42134702,-0.3600402,2.5504684,0.25842047,-0.89271885,-0.25897786,-0.8548353,0.051321134,1.184654,-1.5976425,-2.6976728,2.0794044,1.8978914,0.7085986,-1.1652464,-1.2853571,-2.2091413,-0.67545635,0.5627425,-2.6756892,-0.29876277,0.8667344,-1.1428303,-0.52917975,-0.23133777,-1.9552302,-2.9636786,-0.096370764,-3.0446954,-1.7055943,-0.75579584,-0.15136732,-1.7823428,0.88329154,1.700013,2.4416597,-4.794457,0.4380978,-2.544996,1.6134591,-0.61633855,2.2491026,-0.8493664,2.0501995,-2.3683581,-0.5423561,-2.1300821,-0.24415286,1.4151963,-2.5735543,2,1
107,-1.545945,-1.1574821,-2.028224,0.40306285,-1.8863562,1.3958908,-1.776405,-1.1941996,0.4758469,0.17492947,-0.2950986,0.070315436,-0.482758,-0.30898905,-1.2377112,-1.2430811,-2.1653624,-2.05065,1.2210797,-0.39383486,-0.25433937,-1.4348309,-0.800903,-0.9314196,1.7917153,-0.2668828,-3.0097733,0.7626968,-0.53589636,-0.47605404,-0.48179004,1.5020394,1.6052849,-2.374726,-0.82387066,0.7207414,0.30066672,-0.7581662,0.88150036,2.299333,-0.45397267,-0.5091812,2.5426815,0.23881578,-2.1839905,-0.25976446,-0.87068063,0.048278727,1.1929642,-1.6140816,-2.7839024,1.9517534,1.8293123,0.71510386,-2.4155674,-1.3219849,-2.2643974,-0.70287913,0.59083074,-2.6464052,-0.3144077,0.64383364,-1.2383082,-0.52641594,-0.49038446,-1.9784245,-2.9670472,-0.09565124,-3.0361028,-1.726683,-0.6615789,-0.033689555,-1.8618503,0.8993657,3.1319427,2.4251134,-4.7346516,0.47165477,-2.499943,1.5957862,-0.6157463,2.246632,-0.872366,2.060862,-2.4039478,-0.5322989,-2.111266,-0.24215376,1.4576893,-2.5806718,2,1
108,-1.5153291,-1.1574821,-2.028224,0.40306285,-1.8863562,1.3958908,-1.7327963,-1.1941996,0.4758469,0.17492947,-0.2950986,0.070315436,-0.482758,-0.30579993,-1.2377112,-1.2430811,-2.1653624,-2.05065,1.2210797,-0.39383486,-0.25433937,-1.4184989,-0.800903,-0.9314196,1.7917153,-0.2668828,-3.0097733,0.7626968,-0.53589636,-0.47605404,-0.54955053,1.5020394,1.5929197,-2.374726,-2.0013463,0.7278145,0.28855398,-0.7599487,0.8466394,2.3483691,-0.48346996,-0.5091812,2.5247033,0.23881578,-1.9698178,-0.260551,-0.8861307,0.045327175,1.2009164,-1.6300021,-2.7772806,1.9517534,1.8180941,0.7159567,0.09907952,-1.3586124,-2.3187091,-0.7304271,0.61812186,-2.6151261,-0.3144077,0.64184463,-1.2383082,-0.52641594,-0.016630135,-2.0016186,-2.970553,-0.0949837,-3.027585,-1.7473183,-0.6615789,-0.033689555,-1.8618503,0.8993657,0.08660823,2.4085674,-4.6762166,0.5042353,-2.454994,1.5777833,-0.61034626,2.246632,-0.86453104,2.0615275,-2.390739,-0.5322989,-2.1029322,-0.24301401,1.500182,-2.5877893,2,1
109,-1.5144244,-1.1574821,-2.028224,0.3536325,-1.8863562,1.1400212,-1.7315075,-1.2015672,0.4758469,0.17492947,-0.2950986,0.070315436,-0.482758,-0.30570567,-1.2377112,-1.7085218,-2.1653624,-2.05065,1.2210797,-0.39383486,-0.29799917,-1.4180162,-0.836009,-0.9314196,1.7917153,-0.2668828,-3.0097733,0.60759884,-0.53589636,-0.67169994,-0.55155325,1.5012927,1.5925543,-2.374726,-0.46311235,0.73164165,0.27573884,-0.7611016,0.8119331,2.395067,-0.4873039,-0.5091812,2.5351343,0.24364628,-0.6045325,-0.26133755,-0.90176314,0.04239395,1.2087815,-1.6458579,-2.7770848,1.9975684,1.8177627,0.71598184,0.038800944,-1.3952397,-2.3728964,-0.7569354,0.6541152,-2.575913,-0.32343656,0.6452416,-1.2400784,-0.5325161,-0.214085,-2.024813,-2.9757416,-0.09468565,-3.0192785,-1.7673304,-0.6615789,0.16465151,-1.8618503,0.8993657,-0.0033960624,2.3848393,-4.6035156,0.5413099,-2.4023237,1.5528234,-0.6057123,2.2491834,-0.86429954,2.061547,-2.3991687,-0.5392846,-2.1026862,-0.24303943,1.5426747,-2.5912127,2,1
110,-1.4872586,-1.1306703,-2.0231595,0.19091229,-1.8674916,0.9230097,-1.6563545,-1.2077408,0.46887788,0.2793894,-0.10652621,0.19315033,-0.5445082,-0.29185253,-1.1871693,-2.068675,-2.336005,-1.8921108,1.3031429,-0.3842641,-0.33488944,-1.4091785,-0.8463447,-0.7244507,1.8978076,-0.2550612,-3.0036914,0.27998993,-0.3467364,-0.8344664,-0.61411405,1.4801589,1.5832232,-2.376047,-1.4965417,0.73357266,0.26190877,-0.76400685,0.7774698,2.4397264,-0.5402842,-0.41972876,2.5108333,0.25536323,-2.8482645,-0.25852078,-0.9180685,0.04233694,1.2121072,-1.6560707,-2.6646657,1.9061931,1.8269529,0.6821009,2.3538651,-1.4288274,-2.4166586,-0.7829045,0.69650704,-2.5332193,-0.34005255,0.4518766,-1.3304937,-0.5359387,-0.4475842,-2.042524,-2.9723892,-0.09902584,-3.0063107,-1.7823857,-0.57946235,0.3271167,-1.9348582,0.89542943,2.0493798,2.357032,-4.511389,0.5776951,-2.3455586,1.5245212,-0.6060186,2.25655,-0.8515369,2.0359497,-2.4204347,-0.54676807,-2.1390152,-0.21095839,1.5828028,-2.5888426,2,1
111,-1.46665,-1.1103305,-2.0193179,0.07850922,-1.8251643,0.81552833,-1.5906209,-1.2107787,0.463591,0.35863513,0.036529202,0.28728065,-0.59135336,-0.27556702,-1.1308972,-2.2379391,-2.4654584,-1.7718396,1.3653979,-0.37700355,-0.35312378,-1.3809344,-0.7715827,-0.5674394,1.9782915,-0.23768759,-2.9990778,0.06609945,-0.14986897,-0.9142472,-0.6615741,1.4291936,1.5761445,-2.3770492,-1.6720017,0.7347848,0.24709097,-0.7679121,0.74408215,2.4826112,-0.58566403,-0.35117635,2.485888,0.26317313,-3.3939333,-0.2542349,-0.9343954,0.04344482,1.2134987,-1.6638544,-2.5655277,1.8266407,1.812947,0.64612544,2.920119,-1.4611993,-2.4553683,-0.8089645,0.74081326,-2.4881086,-0.35064116,0.2919159,-1.3986894,-0.53717256,-0.36783648,-2.058042,-2.9633887,-0.10480426,-2.9911287,-1.7956756,-0.4995152,0.40498093,-1.980512,0.89079434,2.7313147,2.3276806,-4.411425,0.6125744,-2.2868452,1.4955462,-0.60890824,2.2615693,-0.8499938,2.0085158,-2.4316134,-0.550885,-2.1470592,-0.17713659,1.6219941,-2.5842,2,1
112,-1.46665,-1.1103305,-2.0193179,0.037805654,-1.7763623,0.78572625,-1.5754298,-1.2107787,0.4622043,0.35863513,0.036529202,0.2889267,-0.60881406,-0.26550528,-1.0996642,-2.2401445,-2.510506,-1.7718396,1.3653979,-0.37700355,-0.3647223,-1.3434136,-0.6413522,-0.5674394,1.9782915,-0.22304557,-3.01313,0.0012737237,-0.056908313,-0.9334725,-0.6615741,1.3692851,1.5761445,-2.3770492,1.3567397e-05,0.73561877,0.23132464,-0.77237415,0.71182173,2.524027,-0.5958134,-0.3499715,2.4786632,0.26468083,-0.7120333,-0.24991618,-0.9504411,0.04458121,1.214716,-1.6714191,-2.5187764,1.8328267,1.7924176,0.6282312,1.1406603,-1.4935712,-2.4923553,-0.83599967,0.7844993,-2.4409342,-0.35289922,0.27014577,-1.3992033,-0.5388261,-0.05550916,-2.0735598,-2.9519641,-0.110123955,-2.975544,-1.8091513,-0.46723866,0.4270005,-1.962728,0.8914387,1.0501825,2.2976232,-4.3086987,0.64592016,-2.227141,1.4658852,-0.6118571,2.2623653,-0.8579588,1.9945551,-2.4265275,-0.55285704,-2.1246223,-0.15874247,1.6611964,-2.5791943,2,1
113,-1.46665,-1.1103305,-2.0193179,-0.16372278,-1.7763623,0.6381722,-1.5754298,-1.2107787,0.45533854,0.35863513,0.036529202,0.2889267,-0.69526434,-0.26550528,-1.0996642,-2.2510645,-2.7335424,-1.7718396,1.3653979,-0.37700355,-0.4221478,-1.3434136,-0.6413522,-0.5674394,1.9782915,-0.22304557,-3.0827045,-0.31968638,-0.056908313,-1.0286593,-0.6615741,1.3753858,1.5761445,-2.3770492,1.3567397e-05,0.73495907,0.21457022,-0.77767617,0.67943335,2.5642602,-0.59561574,-0.3499715,2.477925,0.27214637,-0.02545017,-0.24559747,-0.96652544,0.045760095,1.2158027,-1.6789262,-2.40679,1.8634542,1.871697,0.6282312,2.852878,-1.525943,-2.5266643,-0.86551434,0.8282541,-2.3908463,-0.36407843,0.27014577,-1.4017478,-0.54701287,-0.3173282,-2.0890777,-2.941296,-0.115559585,-2.9599917,-1.8223802,-0.45967174,0.54538816,-1.9586099,0.9088491,0.27616084,2.2647774,-4.1961803,0.6787024,-2.1654112,1.4308054,-0.6121585,2.266308,-0.82720006,1.9945551,-2.4270864,-0.562621,-2.1818516,-0.14946939,1.7003982,-2.5727546,2,1
114,-1.4306787,-0.9365274,-2.0527601,-0.5048912,-1.7072226,0.27441642,-1.4644593,-1.2079066,0.44095367,0.45540202,0.22357452,0.41597468,-0.7817146,-0.23611362,-1.0160698,-2.2516563,-2.9871864,-1.5619115,1.4740613,-0.39524192,-0.45674065,-0.9399157,-0.31783083,-0.29338348,2.1033196,-0.19771875,-3.1359432,-0.5866602,0.22822808,-1.091332,-0.73276395,1.3051702,1.5532205,-2.4228485,-1.702963,0.7297862,0.19628477,-0.7897645,0.64716876,2.6003466,-0.6677495,-0.20973873,2.4157805,0.2855939,-3.8184237,-0.23755185,-0.9822567,0.049954925,1.2117584,-1.6801432,-2.2246838,1.7126634,1.8463318,0.5883075,4.4143553,-1.5542897,-2.546494,-0.8947443,0.87435466,-2.3408566,-0.25168324,-0.07273478,-1.4904498,-0.55505496,2.5625727,-2.0973353,-2.9052947,-0.12433644,-2.938692,-1.8260746,-0.33091262,0.6341822,-2.0232532,0.91680616,3.2638211,2.2298203,-4.0683613,0.70786273,-2.1005769,1.3960322,-0.61390823,2.314307,-0.8144467,1.992396,-2.4198062,-0.574632,-2.1891308,-0.10495809,1.7361262,-2.5603359,2,1
115,-1.4188756,-0.87331647,-2.0637333,-0.61325365,-1.6791153,0.15768287,-1.4280472,-1.2064807,0.4363557,0.4871535,0.2849486,0.45766217,-0.80854404,-0.22350283,-0.96879905,-2.1731753,-3.0664475,-1.4930292,1.5097163,-0.4012264,-0.4670705,-0.7266258,-0.12685129,-0.20345919,2.1443443,-0.18940848,-3.1521754,-0.66855425,0.32178816,-1.110204,-0.7563459,1.2753282,1.5458833,-2.4388647,-1.0253305,0.7243548,0.17729113,-0.80141795,0.6155031,2.6356213,-0.6912037,-0.163725,2.394607,0.2895159,-2.2780242,-0.22929268,-0.99772745,0.054254107,1.207455,-1.680974,-2.1579807,1.6503354,1.8247908,0.56478375,2.3949442,-1.5824059,-2.5639796,-0.9246381,0.91804725,-2.290593,-0.21460478,-0.20437016,-1.5195097,-0.5575482,1.582489,-2.1051767,-2.8650749,-0.13257635,-2.9170554,-1.8286462,-0.28879818,0.6612128,-2.0445375,0.9191074,1.91837,2.1947422,-3.9426327,0.73532695,-2.0355706,1.3610699,-0.614992,2.33068,-0.8155723,1.9841806,-2.4168234,-0.5782579,-2.1817298,-0.08000274,1.7716551,-2.547575,2,1
116,-1.4188756,-0.8682383,-2.0802588,-0.6759753,-1.6746624,0.034996938,-1.4280472,-1.2060838,0.4208476,0.4871535,0.2849486,0.45766217,-0.84602016,-0.22106595,-0.95250076,-2.1087086,-3.0682354,-1.4930292,1.5097163,-0.4012264,-0.4670705,-0.66017824,-0.05717393,-0.20345919,2.1443443,-0.18940848,-3.1521754,-0.8339564,0.32178816,-1.1299748,-0.74950945,1.274301,1.5403526,-2.4478145,0.16157043,0.71736705,0.15774198,-0.81312954,0.5839069,2.6695964,-0.69049114,-0.163725,2.3920188,0.30577505,0.040627755,-0.2210335,-1.0137588,0.058677994,1.2029359,-1.6819384,-2.1016896,1.6405278,1.8442863,0.5562215,1.2477856,-1.6105225,-2.580201,-0.95499486,0.95995164,-2.2393453,-0.21460478,-0.22008257,-1.5195097,-0.5575482,-0.0026284144,-2.113018,-2.8240266,-0.14044203,-2.8954127,-1.8308568,-0.28879818,0.69861996,-2.0445375,0.9191074,-0.0033960624,2.1589382,-3.8130414,0.76061404,-1.9706253,1.3234867,-0.61035097,2.347258,-0.8025574,1.9831651,-2.4149218,-0.5846922,-2.1962118,-0.07136543,1.807184,-2.5344403,2,1
117,-1.4121308,-0.83783513,-2.1200125,-0.7950037,-1.6515503,-0.19782716,-1.4124571,-1.2029353,0.38526535,0.4796824,0.30282494,0.4723852,-0.93247086,-0.21507482,-0.93691844,-2.072117,-3.072191,-1.4536669,1.5222467,-0.3973415,-0.45785937,-0.56170064,0.0045568664,-0.1520726,2.1604385,-0.17841572,-3.1155477,-1.2102152,0.37200275,-1.1745625,-0.74768776,1.2544965,1.5238332,-2.47167,0.14281788,0.7083453,0.13762985,-0.8263654,0.5525889,2.7015214,-0.6979368,-0.15092893,2.373343,0.34099045,-0.37899062,-0.21234243,-1.0298737,0.06354219,1.1974981,-1.6821764,-1.9745122,1.601721,1.8929673,0.550844,3.2687871,-1.6378841,-2.5933673,-0.98499346,1.0006359,-2.1879227,-0.2230415,-0.26839855,-1.5349746,-0.5555672,-0.20021825,-2.1194983,-2.7783775,-0.14867127,-2.8727849,-1.8307937,-0.26050758,0.7866544,-2.0461683,0.9082632,0.7038181,2.1219263,-3.6731448,0.7828936,-1.9054301,1.2825164,-0.6009562,2.387157,-0.7673881,1.9940693,-2.4078915,-0.59698004,-2.2330341,-0.07171676,1.8419741,-2.5197675,2,1
118,-1.3740987,-0.66640055,-2.167341,-0.7950037,-1.5212266,-0.19782716,-1.3245475,-1.1851819,0.3505751,0.4375545,0.4036255,0.55540466,-1.0189211,-0.18129224,-0.8490534,-1.8657877,-3.0753639,-1.2317123,1.5929033,-0.3754351,-0.40592036,-0.006409528,0.35264173,0.13768376,2.25119,-0.11643017,-2.9090128,-1.5619102,0.6551505,-1.2144176,-0.8125283,1.0949736,1.4914894,-2.5190997,-1.795629,0.69932365,0.11658026,-0.84407055,0.52375317,2.7302465,-0.74562776,-0.078775086,2.288737,0.36242798,-2.969502,-0.20164786,-1.0423232,0.06950306,1.1892024,-1.6781644,-1.7811611,1.3796848,1.8550562,0.5205223,4.9536576,-1.6617448,-2.5958972,-1.0123804,1.0395668,-2.140889,-0.27061537,-0.5408406,-1.6221774,-0.54439694,-1.3143791,-2.1196635,-2.708862,-0.15886833,-2.8456044,-1.8207966,-0.10098461,0.8827735,-2.0553646,0.8471151,4.691626,2.083711,-3.516949,0.8003591,-1.8387208,1.2411581,-0.6021702,2.4408307,-0.7502179,2.0004334,-2.38346,-0.59617233,-2.2085876,-0.07369784,1.873336,-2.5002196,2,1
119,-1.3711013,-0.6528888,-2.1710713,-0.6841608,-1.351658,-0.094212584,-1.3109237,-1.1825991,0.347841,0.43423417,0.4115701,0.5619478,-1.0257348,-0.17558938,-0.81538707,-1.7105486,-3.0756137,-1.2142189,1.598472,-0.361235,-0.40081602,0.037355952,0.38007617,0.16052103,2.2583425,-0.11154483,-2.8927348,-1.5896292,0.71886235,-1.2175587,-0.8176388,0.8799219,1.4889402,-2.5228376,-0.5195641,0.6916165,0.09514215,-0.8655807,0.49956092,2.7555282,-0.75312555,-0.07308824,2.2759802,0.36314473,-1.0453346,-0.19095324,-1.0544251,0.07535755,1.1809576,-1.6741018,-1.7551199,1.3420873,1.8393923,0.5058189,1.5820334,-1.6856054,-2.5963778,-1.0407593,1.0746607,-2.0947974,-0.32418644,-0.56231326,-1.6425686,-0.54108834,-1.5426536,-2.1198285,-2.6407554,-0.1687448,-2.8182437,-1.8106357,-0.08841178,0.89242226,-2.0560894,0.8422957,1.3324192,2.0454957,-3.3648775,0.8155489,-1.7717013,1.2004188,-0.60475105,2.4445474,-0.7537826,1.991328,-2.3829103,-0.59370387,-2.1972446,-0.06143252,1.9046973,-2.4806716,2,1
120,-1.3711013,-0.6528888,-2.2042606,-0.64385444,-1.2937319,-0.056534708,-1.308489,-1.1821686,0.33029827,0.38660684,0.4115701,0.5619478,-1.0832263,-0.17448384,-0.805663,-1.6600118,-3.0770907,-1.2142189,1.598472,-0.35669914,-0.4004484,0.037355952,0.38007617,0.16052103,2.2583425,-0.11154483,-2.8927348,-1.7405893,0.73391515,-1.2545378,-0.80148536,0.80629355,1.4772555,-2.5358236,0.38643387,0.6840217,0.073280245,-0.88715214,0.47596297,2.7800407,-0.7537299,-0.0809637,2.2712188,0.38046372,-0.088460594,-0.18025868,-1.0654373,0.08093691,1.172884,-1.669934,-1.6758262,1.3350638,1.8738106,0.5013412,1.7229427,-1.7094663,-2.5959773,-1.0693737,1.1084596,-2.0479896,-0.34230337,-0.56231326,-1.6474843,-0.5402053,-0.7513827,-2.1199934,-2.5738025,-0.17841385,-2.790721,-1.8003303,-0.08841178,0.9524083,-2.0560894,0.8422957,-0.0033960624,2.005923,-3.2095952,0.8288101,-1.7036748,1.1570077,-0.5946574,2.465289,-0.7289122,1.996054,-2.3815386,-0.59982306,-2.2228127,-0.056915633,1.9360589,-2.4604259,2,1
121,-1.3555512,-0.64578784,-2.243174,-0.6012972,-1.1651797,0.022091782,-1.2767203,-1.171376,0.29815713,0.32237142,0.44257864,0.5724894,-1.1696767,-0.1593219,-0.75267625,-1.5903375,-3.079182,-1.1234691,1.620174,-0.34220603,-0.3842223,0.107572265,0.4868983,0.27899247,2.2728567,-0.1044486,-2.8785114,-1.9306072,0.8557495,-1.3294628,-0.8141733,0.6472894,1.4542847,-2.551829,-0.15466154,0.67742443,0.05122717,-0.91331685,0.45563444,2.8012915,-0.7669159,-0.07822416,2.227659,0.40299508,-0.68423337,-0.16925487,-1.074624,0.08664531,1.1642781,-1.664267,-1.5231317,1.2507864,1.8874404,0.4847917,3.805511,-1.7315869,-2.5902097,-1.0965879,1.1415554,-2.0030148,-0.38628975,-0.45506465,-1.6841811,-0.53499347,-1.0327736,-2.1170201,-2.4989011,-0.18945025,-2.7595997,-1.7867866,-0.06658039,1.0626752,-2.0594304,0.83782214,0.5423526,1.9641225,-3.0484397,0.8401613,-1.6322157,1.112418,-0.58877325,2.49148,-0.7009834,1.9932731,-2.3654122,-0.60440433,-2.2342873,-0.04260395,1.9654913,-2.436919,2,1
122,-1.3233268,-0.63107234,-2.2626786,-0.5131057,-0.8987807,0.19740422,-1.2100933,-1.147405,0.25972682,0.27698818,0.5068377,0.59433466,-1.2429255,-0.12790172,-0.6428716,-1.4459512,-3.0807948,-0.9354084,1.6677086,-0.31217188,-0.35059676,0.25308177,0.7423935,0.52450126,2.3029342,-0.08974302,-2.8490362,-2.046306,1.1101594,-1.4166123,-0.8702226,0.31765592,1.4282058,-2.5610769,-1.7461313,0.67242616,0.029107498,-0.946144,0.43996772,2.818192,-0.7950464,-0.058040038,2.1382399,0.41961494,-1.9507208,-0.15780397,-1.0820005,0.0927622,1.1547201,-1.6564797,-1.3455287,1.0756142,1.8437945,0.45049626,4.843831,-1.7511922,-2.5770466,-1.1216909,1.1740992,-1.9611641,-0.47616035,-0.22423251,-1.762713,-0.5241931,-2.7527738,-2.109509,-2.4112294,-0.2023601,-2.7230034,-1.7689751,-0.02133903,1.1822066,-2.0663538,0.8285514,1.469478,1.9200902,-2.8823786,0.84962994,-1.5565251,1.0681393,-0.5984058,2.5085146,-0.6922131,1.9723694,-2.3336928,-0.6019978,-2.2046623,-0.012945873,1.9921345,-2.4092062,2,1
123,-1.3233268,-0.63107234,-2.2626786,-0.5131057,-0.8987807,0.27843845,-1.2049018,-1.136893,0.23262495,0.27698818,0.5068377,0.59433466,-1.2429255,-0.12790172,-0.6428716,-1.4459512,-3.0807948,-0.9354084,1.6844823,-0.31217188,-0.35059676,0.25308177,0.9658766,0.52450126,2.3029342,-0.08974302,-2.8490362,-2.046306,1.1228118,-1.4166123,-0.8702226,0.31681624,1.4282058,-2.5610769,-0.16368376,0.6682989,0.0065771635,-0.9780207,0.42473626,2.8352122,-0.791207,-0.058040038,2.1130729,0.43586954,0.047303125,-0.146353,-1.0896922,0.099032305,1.1448218,-1.6485516,-1.3455287,1.0756142,1.8437945,0.45049626,0.45334935,-1.7707975,-2.5630546,-1.1469227,1.2053161,-1.9187284,-0.46776488,-0.16804273,-1.778988,-0.5241931,-0.03662225,-2.1019976,-2.320635,-0.21396862,-2.684304,-1.752934,-0.02133903,1.1830827,-2.0663538,0.8285514,0.1346827,1.8760576,-2.7218199,0.85697025,-1.480931,1.0240269,-0.60867804,2.5170987,-0.6922131,1.9723694,-2.3222437,-0.60843015,-2.2046623,-0.012945873,2.0187771,-2.3814933,2,1
124,-1.3233268,-0.63107234,-2.2626786,-0.5131057,-0.8987807,0.28682113,-1.2043647,-1.1358056,0.1990436,0.22303113,0.5068377,0.59433466,-1.3204329,-0.12790172,-0.6428716,-1.4459512,-3.0807948,-0.9354084,1.6862175,-0.3217059,-0.3819141,0.25308177,0.98899496,0.52450126,2.3029342,-0.08974302,-2.8490362,-2.1380262,1.1241206,-1.4880769,-0.8702226,0.31672934,1.4282058,-2.5610769,1.3567397e-05,0.66417164,-0.016135521,-1.0088779,0.4098513,2.851966,-0.7891147,-0.0637835,2.1054173,0.4656666,0.1614707,-0.13490206,-1.0966465,0.10507716,1.1350366,-1.6406152,-1.2437989,1.0756142,1.8905051,0.45049626,2.1299744,-1.7904028,-2.5482943,-1.1722549,1.235193,-1.8755968,-0.43551084,-0.16223013,-1.7710868,-0.53075814,0.8031222,-2.0944865,-2.2325273,-0.22530624,-2.6451209,-1.7365772,-0.02133903,1.2680237,-2.0663538,0.8285514,-0.0033960624,1.8294017,-2.5612555,0.8628522,-1.4023696,0.97658885,-0.6118028,2.5328343,-0.6740903,1.9723694,-2.3132005,-0.62568265,-2.239362,-0.012945873,2.0454202,-2.3524308,2,1
125,-1.2989712,-0.6195914,-2.2501776,-0.61805373,-0.69743305,0.28682113,-1.1314449,-1.1149371,0.15707818,0.20138913,0.545569,0.6067179,-1.4068832,-0.104153976,-0.55988,-1.3640585,-3.0362997,-0.7932699,1.6972537,-0.34212384,-0.41122323,0.3377045,1.165574,0.7100597,2.2558513,-0.08140705,-2.8323667,-2.329744,1.22107,-1.5602443,-0.9258901,0.10149455,1.4168394,-2.5582583,-1.3316426,0.6600443,-0.038711257,-1.0486472,0.3990067,2.863081,-0.8188428,-0.05043951,2.0086324,0.48434594,-1.5499456,-0.12308792,-1.1023709,0.11183593,1.1237944,-1.6302418,-1.0675017,0.945213,1.8782952,0.42964193,4.300631,-1.8072828,-2.526765,-1.1943567,1.2651953,-1.8359361,-0.35486275,0.042619042,-1.7591169,-0.5389801,2.0961409,-2.0820591,-2.1328368,-0.23897462,-2.59917,-1.7149805,-0.031784974,1.3751818,-2.0238426,0.82339877,-0.2645249,1.7808465,-2.3956885,0.86603975,-1.320902,0.9273216,-0.63959783,2.5401814,-0.66762453,1.9543151,-2.2369113,-0.63991344,-2.213113,0.005346643,2.0690014,-2.3190787,2,1
126,-1.2755524,-0.58831704,-2.23745,-0.7189654,-0.5038295,0.28682113,-1.0613296,-1.0941082,0.12859681,0.20462655,0.58281064,0.6191202,-1.4601161,-0.0813196,-0.48008028,-1.241149,-2.9935157,-0.6565981,1.7078654,-0.35807946,-0.42732698,0.4190725,1.3353617,0.8884815,2.210579,-0.06572254,-2.7606292,-2.4787147,1.3142909,-1.6020745,-0.98053116,-0.105462134,1.4066625,-2.558299,-1.8397558,0.65591717,-0.06129731,-1.0930332,0.39047247,2.8710046,-0.84761965,-0.034628637,1.9162974,0.49079975,-2.1693022,-0.111055225,-1.1074916,0.11896958,1.1117544,-1.618559,-0.93721944,0.8138759,1.8485397,0.40958965,3.8632233,-1.8226324,-2.500852,-1.2148302,1.2940537,-1.7988557,-0.28942105,0.2395895,-1.7513038,-0.5443539,2.1675732,-2.0668716,-2.0278065,-0.25370494,-2.5491786,-1.690249,-0.029908283,1.4454944,-1.9769397,0.8044044,-0.060935456,1.7313942,-2.2296567,0.8666523,-1.2382283,0.8771967,-0.66680175,2.543626,-0.66913825,1.9386961,-2.1656902,-0.6469373,-2.172056,0.0154578155,2.0908685,-2.2834048,2,1
127,-1.2755524,-0.542399,-2.2358441,-0.7347546,-0.5038295,0.28682113,-1.0613296,-1.092377,0.12660669,0.211973,0.58281064,0.62024415,-1.4681658,-0.0813196,-0.48008028,-1.140924,-2.9935157,-0.6565981,1.7066588,-0.36231983,-0.42732698,0.4190725,1.3353617,0.8884815,2.20238,-0.04831956,-2.6342108,-2.5134676,1.3142909,-1.6124414,-0.9830606,-0.10297857,1.4083693,-2.5645418,-0.078270584,0.65178984,-0.08411974,-1.1366944,0.38201153,2.8788116,-0.8464415,-0.03289257,1.913183,0.4909742,0.077282004,-0.09899922,-1.1127568,0.12603681,1.0997597,-1.6070069,-0.92667204,0.80037135,1.8529459,0.40958965,0.2200932,-1.837982,-2.4738395,-1.2356143,1.3206352,-1.762657,-0.27310112,0.2395895,-1.7453952,-0.5451022,0.37957722,-2.051684,-1.9253341,-0.26794863,-2.498645,-1.6650947,-0.007335878,1.4611354,-1.9572495,0.7725445,0.7595452,1.6815614,-2.0667257,0.8649318,-1.1555668,0.8263206,-0.66983134,2.5492923,-0.669111,1.9426476,-2.1608453,-0.64762855,-2.1673725,-0.0015111625,2.1127431,-2.2475355,2,1
128,-1.2755524,-0.542399,-2.2358441,-0.8580356,-0.5038295,0.28682113,-1.0613296,-1.092377,0.11106819,0.211973,0.58281064,0.62024415,-1.531016,-0.0813196,-0.48008028,-1.140924,-2.9935157,-0.6565981,1.6972378,-0.39542785,-0.42732698,0.4190725,1.3353617,0.8884815,2.1383631,-0.04831956,-2.6342108,-2.7848165,1.3142909,-1.6933855,-0.9830606,-0.08358693,1.4083693,-2.5645418,-0.0088738855,0.6476625,-0.10747328,-1.180379,0.37334985,2.8862872,-0.845421,-0.03289257,1.9104949,0.5040956,0.067706876,-0.0869431,-1.1185694,0.13309412,1.0877745,-1.5957029,-0.8443195,0.80037135,1.8873498,0.40958965,1.9450217,-1.8533319,-2.446243,-1.2564147,1.3459076,-1.7260689,-0.14567721,0.2395895,-1.6992605,-0.55094403,3.3638113,-2.036496,-1.8258107,-0.28176445,-2.4473877,-1.6393752,-0.0423041,1.5832584,-1.9102894,0.7725445,-0.8901771,1.6291372,-1.8993382,0.8599463,-1.070438,0.77083236,-0.67092854,2.556222,-0.6557631,1.9426476,-2.1389093,-0.6576804,-2.1739533,-0.0015111625,2.134618,-2.2103329,2,1
129,-1.2423912,-0.39096645,-2.2122402,-0.9105123,-0.22968562,0.28682113,-0.9878477,-1.0563256,0.06937854,0.209874,0.65312314,0.6472206,-1.5600955,-0.048985966,-0.3744282,-0.8878554,-3.1744323,-0.46306998,1.6478474,-0.39966795,-0.40340778,0.52911186,1.4667869,1.1411277,2.076808,0.0057272357,-2.4524307,-2.935567,1.4010235,-1.7604755,-1.0667535,-0.27366078,1.3971572,-2.579171,-2.002056,0.6435353,-0.13035199,-1.2353632,0.37001598,2.8860712,-0.86178577,-0.00017885881,1.7824248,0.50715023,-0.8541213,-0.074095845,-1.1221745,0.14111957,1.073706,-1.5805421,-0.71971,0.69290584,1.8255707,0.38899732,3.0510583,-1.8649709,-2.4059145,-1.2750456,1.3707805,-1.6946172,-0.14749788,0.508452,-1.6475724,-0.54833275,0.71917534,-2.0146153,-1.713753,-0.2986141,-2.3872318,-1.6043613,0.03081291,1.6788954,-1.8150078,0.72535056,1.6004804,1.5746316,-1.729794,0.85161304,-0.9820234,0.71317124,-0.71165204,2.5708983,-0.6686811,1.9358413,-2.022449,-0.656717,-2.0895576,-0.005874714,2.1524215,-2.1675494,2,1
130,-1.2277781,-0.31595486,-2.2018385,-0.9266798,-0.108878255,0.5526957,-0.9554663,-1.0404387,0.051884048,0.20894903,0.68765473,0.6591084,-1.5693631,-0.03473748,-0.32268336,-0.7763353,-3.254157,-0.3777877,1.6266141,-0.39966795,-0.34016395,0.6004594,1.5247021,1.2524617,2.0532951,0.029544082,-2.3708277,-2.9866846,1.4392443,-1.7854722,-1.1039214,-0.36043593,1.3924158,-2.5869112,-1.4772766,0.6427809,-0.15411974,-1.2913009,0.3679866,2.8858514,-0.86905485,0.014612082,1.7261397,0.50775564,-0.6429356,-0.061132215,-1.1255146,0.14916156,1.0595102,-1.5649529,-0.6680808,0.6455489,1.7952558,0.37803978,1.7824614,-1.876065,-2.3632812,-1.293324,1.394486,-1.6636419,-0.1452761,0.6276972,-1.6247292,-0.53948796,-0.07540117,-1.9917512,-1.6019057,-0.31509674,-2.3254542,-1.5672472,0.06492938,1.7141477,-1.7757052,0.70421493,1.4193243,1.51982,-1.5655737,0.8411228,-0.893612,0.6554204,-0.7297413,2.5781298,-0.67576945,1.9321916,-1.9712112,-0.64959985,-2.0511558,-0.0060783615,2.1696272,-2.123946,2,1
131,-1.2277781,-0.30734435,-2.2018385,-0.9266798,-0.108878255,0.8292018,-0.9554663,-1.0404387,0.039538838,0.20894903,0.69134337,0.6591084,-1.5693631,-0.03473748,-0.31728894,-0.7763353,-3.254157,-0.3777877,1.593603,-0.39590746,-0.2853531,0.6242296,1.5247021,1.2524617,2.0247192,0.029544082,-2.3692696,-3.022527,1.4392443,-1.8042866,-1.1042196,-0.36243328,1.3926232,-2.5882566,-0.009973361,0.64413106,-0.17852123,-1.3462607,0.3663125,2.8862038,-0.8681281,0.015002057,1.72401,0.5173557,0.047671217,-0.04816858,-1.1294045,0.15717226,1.0453765,-1.5495917,-0.66666156,0.6455489,1.7940606,0.37608135,0.040793907,-1.8871592,-2.3201585,-1.3115335,1.4168401,-1.6323651,-0.16439083,0.62849295,-1.5947869,-0.5311263,-0.3507702,-1.9688871,-1.4927217,-0.33077207,-2.2631078,-1.5293492,0.050313566,1.7382647,-1.7545068,0.7038628,-0.3695731,1.4643172,-1.4062885,0.82854706,-0.8048403,0.5967971,-0.7308242,2.5844011,-0.6764375,1.9315152,-1.9566914,-0.64644367,-2.0417018,-0.004290328,2.186833,-2.079987,2,1
132,-1.2238432,-0.27830493,-2.1947603,-0.91866046,-0.07634915,0.86298716,-0.9469083,-1.0379856,0.0061070533,0.20751692,0.688761,0.6592151,-1.5684776,-0.030900868,-0.30388105,-0.73934984,-3.2373512,-0.35482424,1.5024009,-0.3865324,-0.2765736,0.63687694,1.5346825,1.2816006,1.9403383,0.03157705,-2.3441012,-3.1180625,1.438838,-1.8564637,-1.1168841,-0.35482004,1.3931752,-2.5904694,-0.3029449,0.64590985,-0.20300283,-1.4014302,0.365394,2.8855646,-0.86855996,0.014716958,1.7062585,0.5412303,0.010688749,-0.035201818,-1.133961,0.16529164,1.0309949,-1.5342807,-0.65650934,0.625398,1.784658,0.37378448,0.21181801,-1.8978132,-2.2756104,-1.3289968,1.4377581,-1.6018912,-0.24035773,0.659539,-1.5181048,-0.52814597,-2.2778502,-1.9452511,-1.3848461,-0.34619462,-2.1990314,-1.48962,0.011149416,1.8045005,-1.6901274,0.6980584,-1.2412479,1.4073912,-1.2498784,0.81376857,-0.7146994,0.53603905,-0.7386384,2.5989842,-0.6806297,1.9311239,-1.9104705,-0.65341246,-2.0087016,-0.00506489,2.203526,-2.0347755,2,1
133,-1.1858113,0.0023760372,-2.126346,-0.84115005,0.23806065,1.1895391,-0.8641909,-1.0142756,-0.019549109,0.193675,0.663801,0.6602464,-1.5599191,0.0061818655,-0.17428738,-0.3818673,-3.0749128,-0.13287097,1.41635,-0.3865324,-0.19171607,0.7591194,1.6311489,1.5632421,1.8133466,0.051226217,-2.1008344,-3.1777759,1.4349113,-1.9074122,-1.239294,-0.28123465,1.3985108,-2.6118572,-3.2311873,0.6514026,-0.22763468,-1.4667076,0.37056738,2.8783274,-0.8950638,0.011961498,1.5859977,0.54066026,-1.5292236,-0.022208087,-1.1364045,0.1736225,1.0152237,-1.5172231,-0.558383,0.43062916,1.693775,0.35158485,2.2671363,-1.9046515,-2.2220683,-1.3407298,1.4564154,-1.5803535,-0.2580124,0.95961386,-1.4315517,-0.5162751,-0.75461394,-1.9149258,-1.2669517,-0.36406204,-2.125712,-1.4390295,-0.017140804,1.8635554,-1.5795593,0.6419573,-0.93806434,1.348789,-1.0965354,0.79604167,-0.6229345,0.47245675,-0.7932212,2.6177819,-0.72114927,1.9273412,-1.7846628,-0.64331305,-1.8965088,-0.012551097,2.2157743,-1.9841945,2,1
134,-1.1800036,0.049984578,-2.0958478,-0.6704429,0.28607297,1.2916691,-0.84906673,-1.0106548,-0.023466954,0.19156125,0.6599895,0.66040385,-1.5580262,0.011844641,-0.15449758,-0.32727745,-2.9960754,-0.09897734,1.4032093,-0.3865324,-0.1787578,0.81762373,1.64588,1.6131247,1.7939543,0.054226857,-2.063686,-3.1868944,1.4343119,-1.9151925,-1.2692714,-0.30052555,1.408125,-2.6084251,-1.4671822,0.6575584,-0.25177333,-1.5286294,0.3764597,2.871279,-0.9004219,0.011540715,1.5650969,0.5405731,-0.644633,-0.009214184,-1.1388886,0.18176885,0.99964637,-1.5003765,-0.5441262,0.3825123,1.6795684,0.3481948,0.82427514,-1.9114902,-2.1689258,-1.3517681,1.4733781,-1.5590364,-0.26070827,1.0139073,-1.4183344,-0.51446235,-0.1716779,-1.8844181,-1.1530325,-0.3807831,-2.0517147,-1.3871788,-0.021460872,1.8725735,-1.5626748,0.63339025,-0.29254687,1.2901862,-0.9513948,0.77616113,-0.5321486,0.40944356,-0.8116565,2.6146712,-0.7361372,1.922524,-1.7635876,-0.6417707,-1.8791325,-0.013694304,2.228023,-1.9334903,2,1
135,-1.1800036,0.052275226,-2.0861726,-0.59378046,0.28607297,1.3168887,-0.8478639,-1.0106548,-0.02368056,0.13036929,0.6475044,0.6465344,-1.5577434,0.011844641,-0.15449758,-0.32727745,-2.9700024,-0.09897734,1.3650407,-0.39501894,-0.1787578,0.836847,1.62402,1.6164418,1.7376728,0.054226857,-2.063686,-3.2073991,1.359261,-1.9411815,-1.2747167,-0.31525663,1.4123712,-2.605193,-0.21185689,0.6638337,-0.2758814,-1.588947,0.38242507,2.8639867,-0.90103686,-0.0067749238,1.5638362,0.5407319,-0.054948967,0.0033728166,-1.1394644,0.18910535,0.9851213,-1.4839574,-0.54447734,0.37364575,1.6794101,0.3481948,-0.012789504,-1.9183289,-2.1156683,-1.3625246,1.4889746,-1.5375642,-0.24082722,1.0148301,-1.3741175,-0.5161311,0.4629836,-1.8538775,-1.0434128,-0.3967555,-1.97724,-1.3343147,-0.04761922,1.8967036,-1.5191497,0.63339025,-0.6573061,1.2306292,-0.8126961,0.75462276,-0.4417953,0.34406546,-0.8165451,2.6118689,-0.7403838,1.9204783,-1.7435299,-0.64322156,-1.8614266,-0.013694304,2.240138,-1.882273,2,1
136,-1.1672633,0.12077671,-2.0553274,-0.5139064,0.39139712,1.4262803,-0.8195167,-1.0051771,-0.023920875,0.03048376,0.62445474,0.62497246,-1.5513142,0.024267009,-0.12337072,-0.284536,-2.8943312,-0.024625197,1.2934687,-0.40816388,-0.15743801,0.9064786,1.5597076,1.6945305,1.636495,0.06940555,-1.9826014,-3.239144,1.2748319,-1.9814751,-1.319088,-0.2127355,1.417939,-2.6054606,-1.0614195,0.6714967,-0.29976737,-1.6514938,0.39076674,2.8538005,-0.9115177,-0.03476217,1.525626,0.5364819,-0.55599105,0.015503625,-1.1369624,0.19565694,0.9712675,-1.4672201,-0.5173052,0.31997645,1.6510421,0.34560168,0.56830907,-1.9237418,-2.060128,-1.3704513,1.50425,-1.5178472,-0.2090954,1.0896548,-1.2930061,-0.51580304,0.9422768,-1.8212683,-0.9349106,-0.41287088,-1.9005013,-1.2760301,-0.060590155,1.9361234,-1.4280629,0.61494404,-0.6110099,1.1700069,-0.67933345,0.73116213,-0.3513353,0.27633986,-0.837877,2.6098635,-0.7568777,1.9186246,-1.6803612,-0.64126676,-1.8035457,-0.020903181,2.2504394,-1.8291135,2,1
137,-1.1322292,0.3094996,-1.9705068,-0.29275095,0.6810242,1.7270925,-0.74037915,-0.98993015,-0.023920875,-0.05489163,0.59969354,0.6085849,-1.5334444,0.05842676,-0.03777618,-0.1670028,-2.6816447,0.17983302,1.2147297,-0.41887355,-0.097571604,1.0990093,1.4504807,1.9095609,1.5323743,0.111145176,-1.7596302,-3.2630072,1.275623,-2.0118806,-1.4411141,0.069046006,1.43326,-2.6062677,-3.7307222,0.68191445,-0.32314247,-1.7196655,0.40388685,2.8382032,-0.94084007,-0.055064034,1.4190731,0.52415955,-1.9793066,0.02728726,-1.1309686,0.20170943,0.9573477,-1.4493101,-0.4428148,0.17069958,1.5729246,0.33847085,1.9946389,-1.9263248,-2.0003653,-1.3729098,1.5201944,-1.5018886,-0.17971753,1.305561,-1.2060789,-0.50973195,0.85312945,-1.7845445,-0.8241998,-0.4298965,-1.8196955,-1.2080113,-0.015339594,1.9699211,-1.3122307,0.56421936,1.4423625,1.1085792,-0.5505069,0.70545036,-0.26041675,0.20743492,-0.89715105,2.604077,-0.8022865,1.9135721,-1.564463,-0.63134056,-1.6987083,-0.040726613,2.2573233,-1.7727673,2,1
138,-1.1322292,0.31398156,-1.9705068,-0.27355766,0.6810242,1.7270925,-0.7253237,-0.9875941,-0.023920875,-0.05489163,0.59969354,0.6085849,-1.5310239,0.05842676,-0.03777618,-0.1670028,-2.623268,0.17983302,1.2147297,-0.42922422,-0.08184354,1.112372,1.4504807,1.9133277,1.5323743,0.111145176,-1.7596302,-3.2630072,1.2856573,-2.0118806,-1.4412541,0.0673023,1.4333881,-2.6071684,-0.56548303,0.6923324,-0.34663558,-1.7858145,0.41681364,2.8220527,-0.9465118,-0.055064034,1.3988636,0.522321,-0.61975604,0.039071012,-1.1248623,0.20767032,0.9434092,-1.4313216,-0.4457208,0.14921239,1.5715283,0.33847085,0.23478732,-1.9289079,-1.9412076,-1.374599,1.5343889,-1.4860052,-0.13376035,1.3101226,-1.197633,-0.5096476,1.2746308,-1.7477285,-0.7192173,-0.4455385,-1.7381842,-1.1393819,-0.015339594,1.9704897,-1.3122307,0.56421936,0.21436363,1.0471509,-0.43053058,0.6776542,-0.17072625,0.13961534,-0.9055318,2.6039104,-0.8029545,1.914142,-1.5459605,-0.630543,-1.6976713,-0.040726613,2.2642076,-1.7163584,2,1
139,-1.1322292,0.3147764,-1.9705068,-0.27015412,0.6810242,1.7270925,-0.72265387,-0.98717993,-0.033731002,-0.09945086,0.59969354,0.59776765,-1.5305946,0.05842676,-0.03777618,-0.1670028,-2.612916,0.17983302,1.1302334,-0.44768155,-0.07905446,1.1147416,1.4180753,1.9139956,1.431812,0.111145176,-1.7596302,-3.2709537,1.2874368,-2.0223591,-1.4412789,0.066993095,1.4334109,-2.6073282,-0.0014386505,0.7027502,-0.37026715,-1.8503171,0.4295126,2.8054261,-0.9466728,-0.065034345,1.3936831,0.52910227,-0.08686084,0.050537333,-1.1179737,0.2131293,0.9303029,-1.4137096,-0.44623616,0.14540212,1.5712807,0.33847085,-0.02721227,-1.9314909,-1.881995,-1.3760128,1.5471098,-1.4697244,-0.08318502,1.3074185,-1.1041065,-0.5128246,1.4575416,-1.7109128,-0.619747,-0.46027422,-1.6561862,-1.069693,-0.056681976,1.9821875,-1.232464,0.56421936,-1.0368826,0.98533833,-0.31784815,0.6481138,-0.081304304,0.07155582,-0.9076698,2.6076343,-0.8030729,1.9142431,-1.5016876,-0.635869,-1.665254,-0.040726613,2.2709877,-1.6597522,2,1
140,-1.1106838,0.37666607,-1.9183433,-0.15933228,0.8591407,1.7832763,-0.67863655,-0.97917366,-0.053230073,-0.15429719,0.6116582,0.58593315,-1.4873009,0.07943452,-0.013034914,-0.014788892,-2.441631,0.30557197,1.0206239,-0.4676454,-0.05450003,1.2125912,1.3841496,2.0059192,1.3008217,0.13042343,-1.6302235,-3.2848418,1.2874368,-2.0333118,-1.5142566,0.27526313,1.4431887,-2.5955508,-1.7457294,0.7138808,-0.39313367,-1.9189768,0.44574594,2.7828357,-0.9596533,-0.07368387,1.3278128,0.53674936,-0.67482924,0.061755355,-1.1095587,0.21848291,0.91710585,-1.3949785,-0.44354346,0.0761019,1.5116227,0.34257552,0.055571113,-1.9316632,-1.8193749,-1.3721086,1.5592875,-1.4579687,-0.025947781,1.4051285,-0.98654205,-0.5134054,1.6472384,-1.6716615,-0.5208001,-0.47469908,-1.570962,-0.99401534,-0.062743865,1.9951997,-1.1131159,0.5361772,-0.4767437,0.9232433,-0.21045431,0.616564,0.0077989507,0.0031641438,-0.94462854,2.6011558,-0.83585644,1.909991,-1.402424,-0.63937813,-1.5727086,-0.059802823,2.274872,-1.6013596,2,1
141,-1.0844549,0.4520089,-1.854841,0.011548527,1.0759754,1.8516729,-0.6200562,-0.9674695,-0.07067481,-0.19248188,0.62622374,0.5784651,-1.4317522,0.10500888,0.017084507,0.17051251,-2.233113,0.45864338,0.9413908,-0.4812864,-0.024608161,1.3317108,1.3636365,2.1178246,1.2058657,0.15389231,-1.4726871,-3.2966511,1.2898741,-2.0399234,-1.6030977,0.5272215,1.455092,-2.5812135,-2.9145699,0.72555685,-0.4153038,-1.9900157,0.46470767,2.7555642,-0.97671044,-0.07781785,1.2398916,0.5399739,-1.2260796,0.072835706,-1.1000091,0.2238098,0.90366524,-1.3752563,-0.4435211,-0.0082624955,1.4372542,0.34757242,0.025144877,-1.9299906,-1.7541993,-1.3640468,1.5707015,-1.4494915,0.016516287,1.5263318,-0.9024566,-0.51206493,1.3612458,-1.6305466,-0.4235922,-0.48852995,-1.4832516,-0.9139705,-0.04360376,2.0037386,-1.0189937,0.5020396,0.6527956,0.8609953,-0.10875448,0.58319014,0.09619606,-0.06501808,-0.99277717,2.590056,-0.8764421,1.9048148,-1.3014448,-0.6395395,-1.4794295,-0.08302572,2.2765584,-1.5416323,2,1
142,-1.0844549,0.4520089,-1.854841,0.12116484,1.0759754,1.8510175,-0.60483474,-0.96150416,-0.0719283,-0.19414546,0.62622374,0.5773053,-1.4230852,0.10500888,0.017084507,0.17051251,-2.233113,0.45864338,0.93516386,-0.48199156,-0.024608161,1.3317108,1.3636365,2.1178246,1.200931,0.15389231,-1.4726871,-3.2981267,1.2973015,-2.0410964,-1.6030977,0.5223789,1.455092,-2.5812135,1.3567397e-05,0.7372246,-0.43729198,-2.0585399,0.48361197,2.72782,-0.9787658,-0.07881437,1.2130088,0.53619975,-0.14139953,0.083882086,-1.0902852,0.2290527,0.8902026,-1.3554211,-0.453442,-0.0082624955,1.4319457,0.34757242,-0.26490554,-1.9283183,-1.689131,-1.3556656,1.5806985,-1.4404174,0.018106986,1.5263318,-0.89623165,-0.512195,0.034624718,-1.5894316,-0.33173636,-0.5011622,-1.3952767,-0.83399504,-0.04534673,2.0055501,-1.0149763,0.5020396,-0.046970528,0.79870427,-0.013829581,0.54842746,0.18345006,-0.13227987,-1.0037498,2.5880632,-0.87850165,1.9048148,-1.2789997,-0.63815403,-1.4738624,-0.08302572,2.2782333,-1.481883,2,1
143,-1.0844549,0.4520089,-1.854841,0.12116484,1.0759754,1.8389229,-0.60483474,-0.96150416,-0.09505498,-0.22483845,0.62622374,0.555906,-1.4230852,0.10500888,0.017084507,0.17051251,-2.233113,0.45864338,0.8202761,-0.49500054,-0.024608161,1.3317108,1.3636365,2.1178246,1.1098832,0.15389231,-1.4726871,-3.3253489,1.2973015,-2.0627358,-1.6030977,0.5221118,1.455092,-2.5812135,1.3567397e-05,0.74874705,-0.45952344,-2.1248076,0.50204873,2.6994414,-0.9765955,-0.09720036,1.2093722,0.5523226,0.09517673,0.09433454,-1.0812305,0.23394515,0.877775,-1.3364227,-0.453442,-0.0082624955,1.4319457,0.34757242,-0.045200158,-1.9266456,-1.6242995,-1.34688,1.5889115,-1.4306066,0.047455054,1.5263318,-0.78138167,-0.51459444,0.72194815,-1.5483172,-0.2461076,-0.51247627,-1.306471,-0.7536685,-0.0775072,2.0312302,-0.94085413,0.5020396,-0.85092306,0.73566276,0.073443435,0.51169837,0.2703994,-0.19992368,-1.0052341,2.5965774,-0.87850165,1.9048148,-1.2266352,-0.6465303,-1.4439102,-0.08302572,2.2797136,-1.4217478,2,1
144,-1.0541037,0.48732954,-1.7813585,0.36918068,1.3268878,1.829724,-0.54669434,-0.9479887,-0.11010737,-0.24928808,0.67142487,0.5299799,-1.3600278,0.13460253,0.07282862,0.32393423,-2.270585,0.63577163,0.71638936,-0.50540715,0.046322696,1.4474336,1.433564,2.2040758,0.9729627,0.13474865,-1.3360145,-3.5211108,1.03687,-2.0671062,-1.7034304,0.8274228,1.4698393,-2.5452778,-2.4001086,0.76018393,-0.4798564,-2.1955519,0.5254528,2.6615522,-0.98929846,-0.11360669,1.1158371,0.55217713,-0.6446199,0.10415337,-1.0714446,0.23891063,0.865598,-1.3158791,-0.4364538,0.07341036,1.3428154,0.34707516,0.3549984,-1.9215772,-1.551568,-1.3327446,1.5973009,-1.4217734,0.08814774,1.629788,-0.6776488,-0.50753236,1.1264474,-1.5049175,-0.16058113,-0.52250355,-1.2133553,-0.66909903,-0.16611974,2.055605,-0.83896685,0.47198606,-2.4245014,0.6726206,0.16143365,0.47048414,0.35231933,-0.27106342,-1.058604,2.5644107,-0.9276177,1.881681,-1.1130303,-0.6405985,-1.336527,-0.0985311,2.2770216,-1.3600724,2,1
145,-1.0366805,0.5076057,-1.7391752,0.53195727,1.4709266,1.8225684,-0.51331836,-0.93845785,-0.11606698,-0.25976503,0.697373,0.5175778,-1.323829,0.151591,0.10482904,0.41200742,-2.2920961,0.73745376,0.6700724,-0.5098729,0.0953656,1.5138655,1.4737064,2.2535892,0.90491825,0.12375908,-1.2575562,-3.630334,0.8873667,-2.060798,-1.7610275,1.0023791,1.4783051,-2.5246487,-2.148208,0.7715575,-0.49986252,-2.2656806,0.5498218,2.6208758,-0.9953609,-0.12089322,1.0603383,0.5488717,-0.5457901,0.113811746,-1.0615438,0.24380001,0.8535752,-1.2951033,-0.4267018,0.12029541,1.2916491,0.34678972,0.3176534,-1.915649,-1.4771334,-1.3169475,1.6044438,-1.4124982,0.11007599,1.6891783,-0.6312564,-0.5021546,0.7722734,-1.4609394,-0.079140626,-0.5312974,-1.1192483,-0.58377796,-0.21326002,2.060465,-0.7890712,0.4547335,-1.8407437,0.60981023,0.24481657,0.42738116,0.431678,-0.34192407,-1.0899777,2.544244,-0.95581335,1.8684007,-1.0521811,-0.63481736,-1.2783554,-0.1074321,2.273274,-1.2981266,2,1
146,-1.0366805,0.5076057,-1.7391752,0.5588486,1.4709266,1.8182489,-0.51331836,-0.9361219,-0.12215846,-0.25976503,0.697373,0.51632553,-1.323829,0.151591,0.10482904,0.41200742,-2.3164804,0.73745376,0.6372469,-0.5098729,0.10633863,1.5138655,1.4737064,2.2535892,0.86248106,0.11862313,-1.2575562,-3.656553,0.8873667,-2.0524826,-1.7610275,1.001929,1.4783051,-2.5246487,1.3567397e-05,0.78289586,-0.5201319,-2.333519,0.5737563,2.5797114,-0.99280155,-0.12201446,1.0564988,0.55119103,0.17120825,0.12343341,-1.0520598,0.24860872,0.841693,-1.2746162,-0.4267018,0.12833908,1.2916491,0.34678972,-0.00082696596,-1.909721,-1.4027897,-1.3009351,1.6097462,-1.4020548,0.10825417,1.6891783,-0.60010725,-0.5007765,-0.023473142,-1.4169617,-0.0031078,-0.5389029,-1.0251106,-0.49875185,-0.23833941,2.0568886,-0.75573623,0.45453316,-0.6303341,0.5471958,0.3224824,0.38289586,0.5096654,-0.4115543,-1.0915449,2.5454693,-0.95581335,1.8684007,-1.0358828,-0.63458896,-1.264885,-0.107538804,2.2695143,-1.2362818,2,1
147,-1.0355561,0.5033161,-1.736453,0.56904,1.4802214,1.8166399,-0.5122287,-0.9355902,-0.14345732,-0.2585374,0.6990191,0.5120721,-1.3212734,0.15268722,0.106721655,0.40921247,-2.4041133,0.7440153,0.5223577,-0.50882506,0.10944202,1.5152261,1.485292,2.2548654,0.71395105,0.10077365,-1.2503645,-3.7488122,0.88761175,-2.0519118,-1.7644689,1.0135138,1.4786216,-2.5211773,-0.082311824,0.794214,-0.5406286,-2.3994172,0.59740907,2.5377164,-0.9906689,-0.12567514,1.0512584,0.5651213,0.14033256,0.13296323,-1.0435117,0.253436,0.8299517,-1.2544702,-0.4260449,0.16081849,1.2882781,0.34681717,0.012933927,-1.9036673,-1.3277949,-1.284872,1.613253,-1.3899275,0.08931211,1.6918286,-0.49193904,-0.50017315,-0.5390464,-1.3729496,0.06797204,-0.54538476,-0.9304424,-0.41388622,-0.32538792,2.0723302,-0.63879746,0.4522468,-2.7415323,0.4846018,0.39588284,0.33644372,0.58689713,-0.48050794,-1.0940098,2.5497255,-0.95743316,1.866225,-0.985231,-0.6395998,-1.2151266,-0.108784296,2.2655773,-1.1744242,2,1
148,-0.9975238,0.35821187,-1.6443735,0.91378117,1.794635,1.7622138,-0.47536877,-0.917603,-0.16405468,-0.21701112,0.75469965,0.5120721,-1.2348226,0.18977042,0.17074174,0.31466812,-2.5668705,0.96597123,0.40746847,-0.4733777,0.21441796,1.5612533,1.8771912,2.2980394,0.56542104,0.087074816,-1.0070949,-3.8572633,0.8959012,-2.0326004,-1.8808824,1.405385,1.489327,-2.403751,-2.8671112,0.8048621,-0.5576616,-2.4682794,0.62720037,2.4821677,-0.9882293,-0.12068107,0.97804403,0.5649879,0.15708074,0.1424931,-1.0364048,0.25889397,0.8176117,-1.2328565,-0.40382123,0.33532628,1.1742469,0.34774733,0.47842,-1.8934834,-1.2444767,-1.2634625,1.6192982,-1.3705472,-0.04364105,1.7814803,-0.38767964,-0.47976154,-3.2904959,-1.3278277,0.13856766,-0.5495273,-0.8277784,-0.33244643,-0.38851494,2.0733526,-0.5131174,0.39792177,-2.1253216,0.42269573,0.46620536,0.28657815,0.6624679,-0.5474724,-1.1349217,2.444797,-1.0122265,1.7926245,-0.8863283,-0.6225687,-1.0796309,-0.13865684,2.2568202,-1.1121727,2,1
149,-0.9889061,0.32533273,-1.6235094,0.9918959,1.8658777,1.7498816,-0.46701673,-0.90919125,-0.1687219,-0.2076017,0.7673163,0.52283984,-1.2152337,0.19817312,0.18524797,0.29324538,-2.6037498,1.0162641,0.38143578,-0.46534565,0.23820435,1.5716825,1.9659915,2.3078222,0.5317657,0.08397076,-0.9519725,-3.8818371,1.0290375,-1.9870197,-1.9072604,1.494179,1.4917526,-2.3771434,-1.3443501,0.81551,-0.5752901,-2.5344305,0.6563425,2.426199,-0.9839633,-0.109988414,0.95638764,0.5617038,0.2575877,0.15233874,-1.0289313,0.26427507,0.8049506,-1.2111081,-0.39878568,0.37486795,1.1484087,0.3479581,0.22388674,-1.8833001,-1.1619741,-1.2415888,1.6229821,-1.3498427,-0.073766895,1.8017943,-0.36405557,-0.47513655,-1.5057833,-1.2827059,0.20322153,-0.55247355,-0.72574264,-0.25170866,-0.40281886,2.04001,-0.48463956,0.38561225,-0.7652116,0.36230278,0.53010637,0.23646624,0.7370091,-0.60902953,-1.1462599,2.419303,-1.024642,1.7759475,-0.8601953,-0.6174221,-1.048929,-0.14542566,2.2481673,-1.0507,2,1
150,-0.9889061,0.16595115,-1.6235094,0.9918959,1.8658777,1.7286116,-0.46701673,-0.9064848,-0.17675905,-0.2076017,0.7673163,0.529561,-1.2152337,0.19817312,0.18524797,0.29324538,-2.6669295,1.0162641,0.32201004,-0.46534565,0.23820435,1.5716825,1.9659915,2.3078222,0.4695365,0.08397076,-0.9519725,-3.8818371,1.1109675,-1.9612999,-1.8996545,1.4939312,1.4810604,-2.3347254,0.18196146,0.82588816,-0.59252834,-2.5975113,0.6851062,2.3690522,-0.98081225,-0.10402044,0.9520971,0.56488234,0.23057854,0.162277,-1.0217884,0.2696114,0.7922535,-1.1895366,-0.39878568,0.39367476,1.1484087,0.3479581,-0.00082696596,-1.8731165,-1.0794288,-1.2197934,1.6240888,-1.3273585,-0.07677218,1.8017943,-0.30611908,-0.47513655,-0.07301362,-1.2375842,0.2624682,-0.5543446,-0.6239573,-0.17134108,-0.417409,2.0190532,-0.42873254,0.38561225,-0.36812598,0.30235288,0.5879369,0.18581149,0.81058365,-0.6686114,-1.1369964,2.3831034,-1.0141035,1.7490984,-0.83197534,-0.6186798,-1.0263374,-0.14542566,2.2395444,-0.98945487,2,1
151,-0.9789761,-0.12214539,-1.5994681,0.9662617,1.9062663,1.6593851,-0.45829654,-0.9006602,-0.18824053,-0.20241632,0.70565623,0.5297629,-1.2080108,0.2078552,0.18893605,0.32498288,-2.7571852,1.0302593,0.20712084,-0.4684183,0.24536684,1.5786602,2.0906665,2.292805,0.34185892,0.10015469,-0.8884568,-3.7991831,1.1376225,-1.9339441,-1.9154621,1.5439233,1.4627925,-2.228139,-0.28802976,0.8355219,-0.6086969,-2.6582532,0.71426165,2.3085196,-0.97787595,-0.11174702,0.9323225,0.5680411,0.17593747,0.17222121,-1.0144551,0.27481127,0.7789119,-1.1685774,-0.38016525,0.43124357,1.1317502,0.35134995,0.38918668,-1.8626643,-0.9962649,-1.1974616,1.6224533,-1.3035697,-0.06654381,1.8044333,-0.19418891,-0.47487822,0.20206252,-1.1928601,0.31735456,-0.5549387,-0.5207064,-0.093895994,-0.40206328,1.9795138,-0.30694672,0.3732809,0.19959542,0.24340679,0.6382797,0.13580146,0.882432,-0.7260657,-1.1262488,2.2895935,-1.0025611,1.6842799,-0.76901704,-0.619715,-0.9647495,-0.15541513,2.2306104,-0.9289943,2,1
152,-0.9411317,-0.35238475,-1.5078435,0.8685655,2.0601938,1.5113556,-0.42502767,-0.87844366,-0.18797101,-0.18265401,0.47066015,0.5305326,-1.1804831,0.24475524,0.20299223,0.44596073,-2.7543235,1.0835968,0.09279913,-0.4801287,0.27266404,1.6056595,2.565822,2.235572,0.19406265,0.1618344,-0.64638877,-3.4841754,1.2392092,-1.8295693,-2.0171187,1.7357997,1.451383,-2.0528646,-3.0577686,0.8437611,-0.62333363,-2.7183695,0.74501884,2.241192,-0.9712461,-0.14119425,0.8630654,0.5515345,0.4403729,0.1821822,-1.0054148,0.27968234,0.7635957,-1.148779,-0.30920064,0.4712648,1.0682625,0.3642771,1.8682101,-1.8514532,-0.9121421,-1.1730217,1.6180419,-1.2797819,-0.011199063,1.8145154,-0.08303665,-0.47389352,1.6271926,-1.149262,0.36955962,-0.5538236,-0.41314083,-0.024291538,-0.26414374,1.828711,-0.1471834,0.32628408,4.331898,0.18730703,0.67847,0.0888583,0.95113856,-0.77851814,-1.1427636,2.1243625,-1.0159475,1.583424,-0.6700394,-0.61236376,-0.8530279,-0.19348665,2.2207954,-0.8707565,2,1
153,-0.9411317,-0.35238475,-1.5078435,0.8685655,2.0601938,1.5113556,-0.4179326,-0.8748229,-0.13340643,-0.18265401,0.47066015,0.5305326,-1.1804831,0.24475524,0.20299223,0.45027122,-2.1750035,1.0835968,0.09279913,-0.4801287,0.27266404,1.6878144,2.565822,2.235572,0.19406265,0.1618344,-0.64638877,-3.4841754,1.2392092,-1.8057386,-2.0171187,1.7357997,1.451383,-2.0528646,-0.6139424,0.8520002,-0.6388637,-2.7746997,0.7749063,2.173782,-0.9761477,-0.14119425,0.85636103,0.5143751,-0.17327309,0.19214307,-0.9944502,0.28396115,0.7487092,-1.12902,-0.30920064,0.315924,1.0682625,0.3642771,0.37444708,-1.8402419,-0.8378673,-1.1436317,1.6143284,-1.2590865,-0.011199063,1.8195119,-0.08303665,-0.47389352,0.32461473,-1.1056644,0.41613162,-0.55082023,-0.30708644,0.044502042,-0.26414374,1.8061255,-0.1471834,0.32628408,0.86706483,0.13207842,0.7131844,0.041674715,1.0170904,-0.82823575,-1.1455001,2.1047387,-1.0159475,1.583424,-0.66511357,-0.5976589,-0.8530279,-0.19348665,2.2109807,-0.8129672,2,1
154,-0.9411317,-0.35238475,-1.5078435,0.82434577,2.0601938,1.4878097,-0.41615015,-0.8739133,-0.11969835,-0.18310465,0.24710408,0.5257063,-1.1804831,0.24475524,0.20299223,0.45135412,-2.0294623,1.0835968,0.0067732097,-0.4801287,0.27266404,1.7084539,2.565822,2.1507397,0.11187462,0.1618344,-0.64638877,-3.4841754,1.2392092,-1.7997516,-2.0171187,1.7356952,1.451383,-2.0528646,1.3567397e-05,0.85994065,-0.6552523,-2.828634,0.80395347,2.106365,-0.9773791,-0.16310965,0.8546766,0.5050397,-0.13309176,0.20196244,-0.982387,0.2875958,0.732425,-1.112156,-0.30920064,0.27689815,1.0682625,0.3642771,-0.00082696596,-1.8290304,-0.76477456,-1.1139988,1.608647,-1.2372617,-0.008006589,1.7379082,-8.937596e-05,-0.47389352,0.07213405,-1.0643135,0.45745078,-0.5466487,-0.20468749,0.10827695,-0.27746755,1.8004514,-0.07430979,0.32628408,-0.33647266,0.07684933,0.7432518,-0.0058674715,1.0821373,-0.8774334,-1.1461877,2.099809,-1.0159475,1.583424,-0.6279868,-0.5939646,-0.8235802,-0.19348665,2.201119,-0.75669175,2,1
155,-0.92239636,-0.27731648,-1.4624838,0.7943818,2.1104538,1.4599385,-0.38673973,-0.85665214,-0.08320614,-0.1964547,-0.028284628,0.5186256,-1.1378962,0.263023,0.20822714,0.3900577,-1.7168827,1.1033871,-0.10488934,-0.47969213,0.3289715,1.7508755,2.6293817,2.0167477,0.0057699713,0.17972799,-0.5452453,-3.358076,1.2770354,-1.6839755,-2.0764837,1.7987291,1.4597716,-1.9915848,-1.4200957,0.86762977,-0.6713522,-2.8799918,0.8335465,2.0365083,-0.97536063,-0.18342048,0.8001773,0.47130117,0.10548167,0.21162249,-0.96635383,0.29035342,0.7144808,-1.0965765,-0.29958418,0.22696044,1.0181817,0.3705445,0.2005973,-1.81744,-0.6968739,-1.0815021,1.6044595,-1.2148728,0.011752981,1.6233513,0.10674344,-0.46674037,0.4857191,-1.025744,0.4952793,-0.5409526,-0.10561617,0.16499957,-0.24060231,1.6716164,0.025307145,0.3071331,0.80423087,0.02587041,0.76925653,-0.050657254,1.1423774,-0.91942114,-1.177074,2.0272713,-1.0436459,1.5495261,-0.541721,-0.5746634,-0.7461227,-0.21000907,2.1907623,-0.7044768,2,1
156,-0.8933573,-0.160963,-1.3921777,0.8013639,2.1883554,1.4414691,-0.3378402,-0.8298978,-0.026644405,-0.21667358,-0.22033162,0.5127198,-1.0718879,0.29133734,0.237056,0.29505026,-1.2323946,1.1340615,-0.18761136,-0.47901553,0.41624603,1.8166276,2.7278972,1.8981625,-0.07236827,0.2074625,-0.38847613,-3.1626265,1.3885863,-1.5029718,-2.1684978,1.8965226,1.4727737,-1.896603,-2.9395707,0.8751631,-0.6870165,-2.9285867,0.86379564,1.9641993,-0.9733193,-0.19188432,0.71108973,0.41900763,0.16227232,0.22116742,-0.9466949,0.2924241,0.6953258,-1.0812923,-0.27681708,0.14955857,0.9375085,0.37540817,0.58078384,-1.8054585,-0.63420546,-1.0462024,1.6019258,-1.1918532,0.03902749,1.5328168,0.18521293,-0.4556532,0.8504289,-0.9892621,0.530049,-0.53389156,-0.009111868,0.21596044,-0.16946813,1.4747577,0.1031724,0.2774496,2.3714213,-0.02067384,0.79120564,-0.09231001,1.1984773,-0.95322675,-1.2268305,1.9148405,-1.0877606,1.493201,-0.4423146,-0.544747,-0.6547291,-0.23072508,2.1799123,-0.65594995,2,1
157,-0.8933573,-0.160963,-1.3921777,0.830892,2.1883554,1.4414691,-0.32382303,-0.8298978,-0.026644405,-0.21667358,-0.22033162,0.5127198,-1.0718879,0.29133734,0.3246624,0.29505026,-1.2323946,1.1340615,-0.18761136,-0.47901553,0.41624603,1.8166276,2.7278972,1.8981625,-0.07236827,0.2074625,-0.38847613,-3.1626265,1.6124009,-1.4963976,-2.1684978,1.896453,1.4727737,-1.896603,-0.056772217,0.8826965,-0.7031922,-2.9741566,0.89341015,1.8920773,-0.9779172,-0.19188432,0.6915714,0.41900763,-0.29816708,0.2307124,-0.9273037,0.2944752,0.6762219,-1.0659224,-0.24356867,0.14955857,0.92461103,0.35489362,0.868305,-1.793477,-0.5724835,-1.011106,1.5975671,-1.1674147,0.03902749,1.5328168,0.18521293,-0.4556532,0.013850625,-0.9527799,0.5606895,-0.5261902,0.08609121,0.26617053,-0.16946813,1.4867307,0.1031724,0.2774496,0.042479765,-0.06703424,0.808382,-0.13338819,1.2561855,-0.9840103,-1.2347972,1.9148405,-1.0927646,1.4771957,-0.427974,-0.544747,-0.64514816,-0.21003091,2.1690621,-0.60751754,2,1
158,-0.93064046,-0.160963,-1.3921777,0.83147365,2.1883554,1.4236844,-0.32354692,-0.8298978,-0.026644405,-0.23614277,-0.3869064,0.4912363,-1.0718879,0.29133734,0.32638806,0.20349507,-1.2323946,1.1340615,-0.26735064,-0.4978843,0.41624603,1.7035841,2.6810076,1.7727542,-0.14750007,0.2074625,-0.38847613,-3.1626265,1.6168096,-1.4962682,-2.0899384,1.8963251,1.5216563,-1.896603,1.8792793,0.89000434,-0.7203684,-3.015358,0.9225424,1.8219914,-0.97800773,-0.2073503,0.6911869,0.41900763,-0.06856164,0.23962715,-0.90722525,0.29576784,0.6570967,-1.0532467,-0.24291378,0.14611876,0.924357,0.3544895,0.1912775,-1.7814956,-0.5128317,-0.97660905,1.5921636,-1.1398319,0.12620874,1.3997245,0.25598696,-0.4597762,2.039137,-0.91962016,0.5842571,-0.5185385,0.17473528,0.30937347,-0.1778075,1.4869666,0.1690211,0.2774496,-0.21186961,-0.11339466,0.82158804,-0.17460765,1.3127544,-1.0143279,-1.285311,1.9148405,-1.1410432,1.4768806,-0.39706933,-0.5481763,-0.6183504,-0.20962328,2.1580045,-0.5613239,2,1
159,-0.9686724,-0.26644468,-1.3254992,0.84644145,2.1170917,1.3153327,-0.26991275,-0.8049468,0.013653501,-0.2525165,-0.5026025,0.44523668,-1.0092852,0.31819084,0.3947075,0.036643244,-0.85262585,1.1089077,-0.37298477,-0.5136668,0.47743082,1.4545909,2.3945012,1.6539545,-0.22037642,0.22716762,-0.2332778,-2.985846,1.6506143,-1.3394669,-2.0150938,1.8059767,1.5789411,-1.7238083,2.2814898,0.8959965,-0.7341197,-3.0484495,0.9516931,1.7549671,-0.97398347,-0.245443,0.5954072,0.3810409,0.21170096,0.24735712,-0.88452804,0.29639167,0.6381451,-1.0406702,-0.19736624,0.075081944,0.8442652,0.35004622,0.9531987,-1.7699964,-0.4605394,-0.9412657,1.5898639,-1.1111994,0.22308773,1.2169333,0.34836507,-0.45576033,2.7997732,-0.8887398,0.60114914,-0.51191235,0.25457355,0.3514177,-0.12053393,1.316923,0.23730673,0.24845405,1.3738753,-0.15399863,0.833411,-0.21132813,1.3631788,-1.0355958,-1.3834175,1.7404904,-1.2285789,1.3640417,-0.28672814,-0.52981144,-0.5312597,-0.22058454,2.1471214,-0.5196274,2,1
160,-0.9889061,-0.3439397,-1.2765119,0.85743797,2.0647357,1.2394056,-0.23050891,-0.78661585,0.043259535,-0.26052102,-0.5531654,0.41588315,-0.9632924,0.33791947,0.44538537,-0.06701163,-0.541399,1.0904276,-0.43410704,-0.52136093,0.52238184,1.2950312,2.1937048,1.5926011,-0.25838482,0.25394422,-0.11925688,-2.8485718,1.67545,-1.2211279,-1.9763476,1.7396259,1.6109215,-1.5968597,1.3731599,0.90148926,-0.7469279,-3.0771785,0.9804825,1.6894114,-0.97102684,-0.27023154,0.5250399,0.35314742,0.23054312,0.2546406,-0.86113816,0.2967388,0.6194226,-1.0282166,-0.16370359,0.0216863,0.7853564,0.34667584,1.041733,-1.758681,-0.41214484,-0.9054725,1.5882294,-1.081812,0.27623898,1.1101552,0.4016019,-0.45195764,1.8415169,-0.8587022,0.6140425,-0.5054606,0.33038455,0.39265433,-0.046282012,1.1878119,0.27580786,0.22879826,2.3799932,-0.19229469,0.8435198,-0.24610712,1.4105498,-1.0530407,-1.4450837,1.6123993,-1.2829549,1.2810588,-0.21199352,-0.5156101,-0.47194076,-0.22765365,2.1363058,-0.47968605,2,1
161,-0.9969624,-0.36708152,-1.2765119,0.85743797,2.008524,1.214042,-0.23050891,-0.78661585,0.043259535,-0.26434556,-0.5531654,0.4051786,-0.9632924,0.33791947,0.44620252,-0.08405604,-0.4871362,1.0836809,-0.45676458,-0.52284765,0.52238184,1.2443949,2.1337633,1.5616968,-0.27691644,0.27465883,-0.11925688,-2.8361137,1.6621418,-1.2158383,-1.95691,1.6687715,1.6149302,-1.5933591,0.464992,0.90666026,-0.75973046,-3.102665,1.007921,1.6270106,-0.97102684,-0.27976972,0.5250399,0.35314742,-0.0014001053,0.26161012,-0.8383547,0.2969442,0.6014159,-1.0162456,-0.16336747,0.011855993,0.78524363,0.34649754,0.008502007,-1.7474952,-0.36555532,-0.86992604,1.5857631,-1.0516717,0.28653955,1.0667714,0.42161617,-0.45227888,0.23861013,-0.8294832,0.62389207,-0.49906787,0.40298542,0.43248528,0.0036870968,1.179388,0.29488823,0.23157157,1.662396,-0.23045987,0.85187286,-0.28067365,1.4566998,-1.0701795,-1.4492134,1.6092734,-1.2869499,1.2787039,-0.20333384,-0.5158772,-0.46414673,-0.22599664,2.125538,-0.44036373,2,1
162,-1.0349941,-0.47632855,-1.2765119,0.85743797,1.7431619,1.0943061,-0.23050891,-0.78661585,0.043259535,-0.28240025,-0.5531654,0.35464534,-0.9632924,0.33791947,0.44620252,-0.16451836,-0.4871362,1.0518305,-0.5637252,-0.52986616,0.52238184,1.0053539,1.8507954,1.4158055,-0.36439958,0.27465883,-0.11925688,-2.8361137,1.5993176,-1.2158383,-1.8651501,1.3342865,1.6338545,-1.5768329,2.6600358,0.91063404,-0.77095,-3.1216183,1.0319068,1.5750049,-0.97102684,-0.3247969,0.5250399,0.35314742,-0.0014001053,0.26741117,-0.81656307,0.29673958,0.58538204,-1.0056206,-0.16336747,-0.019304242,0.78524363,0.34649754,-0.00043091568,-1.7367903,-0.32098576,-0.8358171,1.582423,-1.0203354,0.33516622,0.861967,0.51609856,-0.45379537,1.3774353,-0.80331075,0.628804,-0.4938084,0.46670103,0.4688612,-0.0025173258,1.1728874,0.369487,0.23157157,-0.11923614,-0.26862466,0.8588473,-0.3154083,1.5013614,-1.0877833,-1.4687083,1.5945162,-1.3056022,1.2682436,-0.1624536,-0.51713854,-0.43400195,-0.22599664,2.1149485,-0.40309447,2,1
163,-1.0730265,-0.60324544,-1.1885148,0.8623763,1.5411971,0.9884392,-0.21231726,-0.7659659,0.08331873,-0.28320074,-0.34490472,0.31569207,-0.8806745,0.37335855,0.5051549,-0.28095788,-0.062050615,1.0275099,-0.64510465,-0.53349715,0.5515696,0.7786075,1.6254432,1.2235296,-0.44152173,0.30712113,0.06649788,-2.3380415,1.5515022,-1.0142709,-1.7788495,1.0796821,1.661213,-1.346129,2.6267383,0.9133322,-0.7765375,-3.1307342,1.0548174,1.5304025,-0.9589947,-0.37582684,0.48443747,0.3194739,0.6357366,0.27213532,-0.79509306,0.29643136,0.57239646,-0.9930785,-0.10604217,-0.03905815,0.68712044,0.3477005,1.1998868,-1.7265248,-0.28399172,-0.8006702,1.582763,-0.9882066,0.37562817,0.62542325,0.5867052,-0.45109218,1.236685,-0.7820606,0.62940115,-0.49002454,0.5190834,0.497539,0.09519553,0.8957286,0.43863866,0.19987516,2.3995323,-0.29939055,0.86101943,-0.33998644,1.5361267,-1.0970026,-1.5134643,1.3707222,-1.3706372,1.1231558,-0.10207238,-0.5015645,-0.33316636,-0.24409212,2.1045177,-0.37294826,2,1
164,-1.0844549,-0.6416287,-1.1608461,0.86392903,1.4813927,0.9568208,-0.20659727,-0.75947297,0.105772674,-0.26636124,-0.27942166,0.3041485,-0.8546971,0.3845016,0.5236912,-0.3164481,0.071608365,1.0203068,-0.66920155,-0.534541,0.5638174,0.7106443,1.5585309,1.1651064,-0.4645516,0.3173281,0.1591087,-2.1556342,1.5373436,-0.9238752,-1.7529932,1.0042902,1.6695515,-1.2738194,1.1457974,0.9159712,-0.7822117,-3.138538,1.0773264,1.4866529,-0.9559314,-0.39429307,0.47226617,0.302967,0.33158374,0.27680945,-0.774339,0.2961639,0.5596731,-0.98067194,-0.08801755,-0.044834964,0.6562676,0.34807876,0.69854546,-1.7162794,-0.2481647,-0.76576674,1.5822703,-0.955414,0.38852796,0.5539023,0.6074901,-0.44985563,0.53995144,-0.76103866,0.6288724,-0.4861728,0.57017463,0.52541655,0.13025379,0.7806616,0.45947444,0.18333794,1.5295656,-0.32882136,0.86287147,-0.36324194,1.5688999,-1.1041989,-1.5270222,1.2974353,-1.3908261,1.077682,-0.08413677,-0.49400365,-0.30182758,-0.25328162,2.0940943,-0.34364274,2,1
165,-1.1013166,-0.6841032,-1.1608461,0.86392903,1.4254249,0.9219663,-0.20659727,-0.75947297,0.1136174,-0.25296113,-0.27942166,0.28837395,-0.8546971,0.3845016,0.5236912,-0.33020797,0.071608365,0.9831589,-0.68718225,-0.53570396,0.5662605,0.6562274,1.5177218,1.0956064,-0.48582166,0.3173281,0.18632683,-2.135104,1.5216757,-0.9023763,-1.7120299,0.93374217,1.6752762,-1.2721838,0.97992074,0.9181681,-0.7876353,-3.1444666,1.098703,1.4461164,-0.9565044,-0.41148925,0.4727399,0.29825705,-0.045699716,0.28102088,-0.75452286,0.2958096,0.5477514,-0.9689556,-0.08801755,-0.08211776,0.6562676,0.34807876,-0.00082696596,-1.7067465,-0.21416168,-0.732386,1.5806628,-0.92316157,0.39821503,0.47845444,0.6228467,-0.44981608,0.2315677,-0.7418582,0.6270047,-0.48274416,0.6173536,0.5496287,0.13287725,0.7564497,0.47734588,0.17810918,0.10107387,-0.357826,0.86443806,-0.3861437,1.6004931,-1.110858,-1.5327263,1.2934875,-1.3964685,1.0766467,-0.077840395,-0.4921069,-0.29460582,-0.25606656,2.0843503,-0.31579724,2,1
166,-1.1393486,-0.7873506,-1.1436094,0.86130345,1.3051041,0.84697425,-0.20394096,-0.756412,0.11950242,-0.24361047,-0.26899862,0.25443527,-0.83851403,0.39144334,0.53235173,-0.35543382,0.13278003,0.8968369,-0.72584516,-0.53853273,0.57053995,0.53849256,1.4058127,0.9438933,-0.5315442,0.3217721,0.22344063,-2.0525017,1.4929523,-0.85563815,-1.6190346,0.78209215,1.686788,-1.2286212,2.7907834,0.9196691,-0.791725,-3.1473258,1.1188629,1.4097605,-0.954593,-0.44545117,0.4668564,0.29350322,0.09981157,0.28450403,-0.7358162,0.29535097,0.5369872,-0.95796937,-0.07625181,-0.1614551,0.6379967,0.34887284,0.24561399,-1.6984571,-0.18338451,-0.70096415,1.578526,-0.89263487,0.42017,0.30933627,0.65568364,-0.4499203,0.6334038,-0.72563314,0.62381357,-0.48007274,0.65835625,0.56859237,0.1472283,0.69849974,0.51579434,0.1717737,0.34442067,-0.3851148,0.8656024,-0.4070577,1.6295879,-1.1155123,-1.5469867,1.252077,-1.4149039,1.049693,-0.05930993,-0.49031237,-0.26549634,-0.26024207,2.075819,-0.290826,2,1
167,-1.1773809,-0.9229306,-1.0515299,0.8472776,1.2104657,0.78771037,-0.18975075,-0.74006003,0.15094066,-0.19365853,-0.21331799,0.22762136,-0.7520632,0.42852652,0.5786172,-0.35543382,0.4595637,0.7995092,-0.75629073,-0.54225475,0.5934004,0.44247907,1.2076524,0.81408167,-0.5674885,0.34551275,0.4217055,-1.6112338,1.4929523,-0.6059596,-1.5234225,0.66288304,1.6922209,-1.0119252,2.8677697,0.920559,-0.79220384,-3.1450725,1.1390883,1.3752302,-0.9443825,-0.48222536,0.43542603,0.26810756,0.64049196,0.28734782,-0.71844536,0.29501656,0.5271598,-0.94691706,-0.0133983,-0.22014993,0.5403918,0.3531153,1.5621202,-1.6916842,-0.1585797,-0.67043144,1.5778179,-0.8651866,0.4492602,0.14479879,0.67993593,-0.4480153,0.8390086,-0.7122033,0.62000716,-0.4780628,0.69207585,0.5837121,0.23130661,0.4077491,0.5471965,0.1379285,2.4889197,-0.4049541,0.8663529,-0.41927326,1.650679,-1.1105623,-1.5654123,1.0451634,-1.4581274,0.91584295,-0.025723994,-0.47867796,-0.18030033,-0.28254804,2.0688477,-0.2715705,2,1
168,-1.1800036,-0.9322801,-1.0451803,0.8463104,1.2039396,0.7836236,-0.16492683,-0.7331689,0.15310858,-0.1902139,-0.20947835,0.22577232,-0.74610174,0.4310837,0.5818077,-0.31690627,0.48209828,0.7927976,-0.7583903,-0.5425114,0.5939552,0.43585807,1.1939875,0.80513,-0.5699672,0.34714988,0.43537754,-1.4356822,1.4710175,-0.5887421,-1.5168293,0.65466255,1.6925957,-0.9969822,0.7436051,0.9214489,-0.7931049,-3.1421745,1.1589571,1.3413213,-0.9439109,-0.4847613,0.39488658,0.26414308,0.16206746,0.29019168,-0.7009542,0.2947722,0.51691467,-0.93530464,-0.009064047,-0.2284967,0.53366107,0.3534078,0.42718312,-1.6849116,-0.13446064,-0.6399943,1.5758811,-0.83795756,0.45098078,0.13345249,0.6816443,-0.44800478,0.21218503,-0.6987734,0.6157726,-0.47599784,0.725135,0.5985173,0.2371045,0.35612214,0.549362,0.13559449,0.679926,-0.42479342,0.8642039,-0.4293636,1.6702566,-1.1069599,-1.582345,1.029726,-1.4611079,0.90661275,0.0048003965,-0.47710037,-0.1744253,-0.2840862,2.0618763,-0.25231493,2,1
169,-1.205671,-0.95799094,-1.0451803,0.82090217,1.1559843,0.7836236,-0.1566002,-0.73115635,0.15310858,-0.1902139,-0.20947835,0.21167816,-0.74610174,0.4310837,0.5818077,-0.30345285,0.48209828,0.7001501,-0.76327515,-0.5448798,0.5918706,0.38742682,1.1261708,0.7525264,-0.5699672,0.34714988,0.43537754,-1.3850071,1.4456915,-0.5887421,-1.4562999,0.5944079,1.7029155,-0.99830234,1.4479724,0.9223388,-0.7940851,-3.13814,1.1780175,1.3105319,-0.9439921,-0.49779874,0.38148746,0.2633701,-0.00908761,0.29262206,-0.6840982,0.2944401,0.507345,-0.9242426,-0.009064047,-0.30917892,0.53366107,0.3534078,-0.00082696596,-1.6799152,-0.113096,-0.6125689,1.5730165,-0.81417614,0.4612745,0.06947738,0.6847998,-0.44876117,0.23659849,-0.6867371,0.61105245,-0.47439206,0.7545745,0.61116534,0.2371045,0.34223312,0.549362,0.13559449,-0.0033960624,-0.44463256,0.8620901,-0.43932766,1.6891129,-1.1036379,-1.598445,1.0304968,-1.4712794,0.90744835,0.01601038,-0.4774236,-0.1744253,-0.2840862,2.0568428,-0.23399857,2,1
170,-1.243703,-0.98013556,-1.0066246,0.76748985,1.0923655,0.8524981,-0.14841215,-0.7219129,0.16294365,-0.19878191,-0.19259527,0.19122624,-0.7144639,0.4466113,0.6022112,-0.22776668,0.43626633,0.57221156,-0.7853299,-0.546979,0.58923364,0.32312503,1.0090222,0.6858655,-0.6020587,0.35454708,0.47602063,-1.1974806,1.3908334,-0.5168273,-1.3643788,0.51495343,1.7137437,-0.91700095,2.748506,0.92410237,-0.79392105,-3.1315305,1.1971649,1.2816926,-0.9372906,-0.51386315,0.3637307,0.25426465,0.3534646,0.2946094,-0.6669654,0.29391173,0.4984699,-0.913218,0.024311539,-0.43186703,0.49737522,0.35484648,0.69824755,-1.6766976,-0.093447305,-0.58768696,1.5679686,-0.7952027,0.47482598,-0.018460177,0.7031585,-0.44952467,0.40713793,-0.675938,0.6060276,-0.47318974,0.7803338,0.6224412,0.2607348,0.24299215,0.5757823,0.12927474,0.587319,-0.4618318,0.85931563,-0.4454136,1.7040837,-1.098057,-1.6168475,0.953089,-1.4960303,0.8571104,0.036999967,-0.4744553,-0.13679376,-0.28890347,2.0537398,-0.21787378,2,1
171,-1.2755524,-0.9756728,-0.92951447,0.7044341,1.0477364,0.99791306,-0.13203643,-0.70342654,0.18343595,-0.21591759,-0.15882973,0.17460111,-0.6511894,0.47766584,0.64301723,-0.07639708,0.34460407,0.47592965,-0.8210244,-0.54709774,0.58687687,0.2779493,0.89154774,0.6431588,-0.6662406,0.36934102,0.55738455,-0.8224344,1.3115506,-0.37300038,-1.2850196,0.45988908,1.7179984,-0.75158757,2.480668,0.9271762,-0.7922137,-3.121963,1.216934,1.2536296,-0.9239398,-0.5235336,0.32825303,0.23557891,0.9226517,0.29625818,-0.64905655,0.29316676,0.49011454,-0.90188456,0.09106171,-0.5408452,0.42480484,0.35772368,1.8249562,-1.6747614,-0.07446546,-0.5643821,1.5603896,-0.7805587,0.4840103,-0.08413147,0.7344633,-0.44982806,0.2783773,-0.66592413,0.6008585,-0.4722332,0.8032944,0.6331999,0.30800572,0.049444664,0.6286219,0.116620585,1.5396745,-0.4753663,0.8554762,-0.44610655,1.7140317,-1.0892367,-1.6357112,0.7955124,-1.5283797,0.75465524,0.07661104,-0.4673131,-0.06153212,-0.29854566,2.0520213,-0.20416343,2,1
172,-1.2755524,-0.9482208,-0.92951447,0.7044341,1.0477364,1.0450816,-0.13203643,-0.70342654,0.18849492,-0.21591759,-0.15882973,0.17460111,-0.6511894,0.47766584,0.64301723,-0.07639708,0.34460407,0.47592965,-0.8210244,-0.54709774,0.5865112,0.2779493,0.89154774,0.6431588,-0.6662406,0.36934102,0.5578711,-0.8224344,1.3115506,-0.37300038,-1.2863412,0.46019715,1.7203053,-0.7482694,0.17600928,0.9307511,-0.79090476,-3.11182,1.2365884,1.2262063,-0.9242597,-0.5235336,0.328469,0.23265697,0.05823042,0.29790697,-0.63135695,0.29238185,0.48190275,-0.8907301,0.09106171,-0.5408452,0.42480484,0.35772368,0.15543456,-1.6728252,-0.055962414,-0.5413646,1.5525032,-0.76565474,0.4839087,-0.08413147,0.73447686,-0.44987118,0.018689321,-0.65591025,0.595562,-0.47125372,0.8258529,0.64375865,0.30807737,0.049444664,0.6286221,0.11653066,0.13072746,-0.48890072,0.85174394,-0.44685918,1.7237918,-1.0805053,-1.6379995,0.79100657,-1.5306534,0.7525548,0.076458216,-0.46619287,-0.061532006,-0.29859355,2.050303,-0.19045317,2,1
173,-1.310025,-0.9456515,-0.92951447,0.6535817,0.9353096,1.0494965,-0.13203643,-0.70342654,0.18896839,-0.22955513,-0.15882973,0.15941097,-0.6511894,0.47766584,0.64301723,-0.07639708,0.34460407,0.44384116,-0.8499742,-0.54719406,0.58498496,0.25058514,0.74071634,0.6084906,-0.6662406,0.36934102,0.55791664,-0.8224344,1.2850555,-0.37300038,-1.2062873,0.3197509,1.7343798,-0.74795884,1.906936,0.934326,-0.78906363,-3.0999439,1.2545905,1.2050833,-0.92428964,-0.52908313,0.32848924,0.23238356,-0.007324048,0.2991102,-0.61386305,0.29138774,0.47451308,-0.88019913,0.09106171,-0.55731434,0.42480484,0.35772368,-0.00082696596,-1.6715043,-0.038689684,-0.51958144,1.5442871,-0.75185335,0.4918301,-0.14791079,0.7597568,-0.45007196,0.18226784,-0.6468149,0.5906888,-0.4704648,0.8441984,0.65448415,0.30808428,0.04416368,0.6286221,0.116522245,-0.0027693529,-0.50243527,0.8485928,-0.4477722,1.7328925,-1.0721239,-1.6524903,0.79058474,-1.5445256,0.7523583,0.08738137,-0.46625167,-0.061532006,-0.29859802,2.0491562,-0.17736168,2,1
174,-1.3480574,-0.9161428,-0.86963964,0.6339596,0.8314115,1.0911788,-0.12663515,-0.69461644,0.20283185,-0.23481734,-0.15133874,0.1443288,-0.6424761,0.50177926,0.6667813,0.012736114,0.34852383,0.41839775,-0.87675864,-0.5472774,0.5844093,0.24002631,0.59129876,0.56232905,-0.6458618,0.38248095,0.57484263,-0.6828212,1.2257525,-0.29177892,-1.111358,0.19010541,1.7380688,-0.6308843,2.812898,0.9384297,-0.7847786,-3.0846632,1.2724766,1.1859674,-0.91744447,-0.5356667,0.31552118,0.2214868,0.36107078,0.29999688,-0.5961482,0.2902371,0.4675747,-0.8697886,0.16827984,-0.56874,0.4004905,0.36126837,1.6165588,-1.6704972,-0.022091903,-0.49756533,1.5349729,-0.7402267,0.49951237,-0.220954,0.78307587,-0.45015764,0.22977549,-0.6386828,0.58655787,-0.46974528,0.85918,0.66457707,0.342946,-0.049546022,0.6123494,0.11565661,0.8680918,-0.51298827,0.84638673,-0.44524607,1.7379342,-1.0604507,-1.6615837,0.6802864,-1.557595,0.6810205,0.106998846,-0.46201077,-0.05004559,-0.30263487,2.048272,-0.16645318,2,1
175,-1.3711013,-0.8886472,-0.8138486,0.63745064,0.77502257,1.130018,-0.12160227,-0.6864072,0.21574977,-0.22414434,-0.1443587,0.13573687,-0.6343571,0.52424794,0.68892443,0.09578988,0.366555,0.40622705,-0.8913075,-0.54732037,0.5915446,0.252119,0.50630313,0.53178084,-0.62687296,0.39472455,0.5906141,-0.5527305,1.1800208,-0.2160973,-1.0517312,0.11974282,1.7365234,-0.5217951,2.0294113,0.94281775,-0.77934873,-3.0675395,1.2902746,1.1677438,-0.91106623,-0.5441167,0.3034377,0.21133311,0.4791379,0.30073813,-0.5788879,0.2891086,0.46083337,-0.85952765,0.24023145,-0.5682989,0.3778345,0.36457133,2.1433873,-1.6696249,-0.0061974693,-0.47540313,1.5251786,-0.7295914,0.505798,-0.2658242,0.7954333,-0.44932595,0.18722925,-0.63101804,0.58303595,-0.46894923,0.8724952,0.6741981,0.3754302,-0.13496538,0.59718657,0.11484985,1.1519603,-0.52193755,0.8446867,-0.44092572,1.7407914,-1.0470601,-1.6649237,0.5775113,-1.5648619,0.6145484,0.12122363,-0.45730087,-0.039342616,-0.30639637,2.047497,-0.15668456,2,1
176,-1.3763471,-0.8886472,-0.8138486,0.6450871,0.76402885,1.130018,-0.12160227,-0.6864072,0.21574977,-0.20079778,-0.1443587,0.13449217,-0.6343571,0.52424794,0.68892443,0.09519531,0.39800763,0.40622705,-0.8913075,-0.54742795,0.6071527,0.27857098,0.4939396,0.5258058,-0.62687296,0.39472455,0.5893389,-0.5527305,1.1729198,-0.2160973,-1.0394765,0.10583749,1.7383069,-0.5217951,0.29316404,0.9472058,-0.7740589,-3.0500696,1.3077319,1.1503706,-0.91106623,-0.55405664,0.3034377,0.21133311,-0.0014001053,0.30144283,-0.5626086,0.2881188,0.45416006,-0.8495168,0.24023145,-0.5570249,0.3778345,0.36457133,-0.00082696596,-1.6687526,0.008998287,-0.45336652,1.5155017,-0.71872556,0.5105617,-0.27321157,0.79475385,-0.44750968,0.13906622,-0.6235115,0.5799912,-0.46801117,0.88520145,0.68343693,0.3752417,-0.13661529,0.5971851,0.11508297,-0.008111026,-0.5308867,0.84316313,-0.43674764,1.743454,-1.0338758,-1.666761,0.5775113,-1.5666198,0.6145484,0.120929636,-0.4557901,-0.039343186,-0.30627218,2.0467105,-0.14702256,2,1
177,-1.4143795,-0.8886472,-0.8138486,0.6450871,0.684325,1.130018,-0.12160227,-0.6864072,0.21574977,-0.20079778,-0.1443587,0.12546827,-0.6343571,0.52424794,0.68892443,0.09088478,0.39800763,0.40622705,-0.8913075,-0.54820776,0.6071527,0.27857098,0.4043052,0.4824869,-0.62687296,0.39472455,0.5800947,-0.5527305,1.1214379,-0.2160973,-0.95063174,0.0060873074,1.7512367,-0.5217951,2.4184809,0.951594,-0.76829827,-3.031461,1.3241879,1.1367564,-0.91106623,-0.5577578,0.3034377,0.21133311,-0.0014001053,0.3019193,-0.5468369,0.2870878,0.44791192,-0.8399223,0.24023145,-0.5572184,0.3778345,0.36457133,-0.00082696596,-1.6678803,0.02375319,-0.4316559,1.5056744,-0.7075458,0.51371634,-0.3308829,0.79430455,-0.44767782,0.09533566,-0.61699426,0.5776852,-0.46717745,0.89497495,0.6914644,0.37387422,-0.14857706,0.5971746,0.11677348,-0.04229412,-0.53983605,0.84246004,-0.43284047,1.7452655,-1.0212795,-1.6800808,0.5775113,-1.5793638,0.6145484,0.12073524,-0.45593005,-0.039347447,-0.3053718,2.0458486,-0.13802715,2,1
178,-1.4524114,-0.8703688,-0.7326557,0.7017177,0.6222268,1.0788274,-0.10985273,-0.677447,0.20650932,-0.1631198,-0.13674012,0.11849055,-0.62490463,0.55272865,0.6949809,0.08733447,0.42626292,0.40740132,-0.89080095,-0.55211323,0.6071527,0.34883156,0.315735,0.44249,-0.58064073,0.40773296,0.5729957,-0.41064236,1.058031,-0.11936259,-0.8489115,-0.07338427,1.7434642,-0.39248177,2.97775,0.95533264,-0.7596137,-3.0095918,1.3404444,1.123103,-0.9039645,-0.5755654,0.28083,0.21370041,0.3746592,0.3022224,-0.5329904,0.2864752,0.44153163,-0.83030415,0.32362568,-0.5468135,0.35303053,0.37249565,1.7459165,-1.6669855,0.037792698,-0.40990666,1.4959694,-0.6959937,0.529375,-0.38049462,0.7916242,-0.4485165,0.38301057,-0.61140096,0.5773187,-0.46595192,0.90203476,0.69822687,0.40549138,-0.24447598,0.56055063,0.12025392,0.7782195,-0.5452342,0.8430419,-0.4251378,1.7424414,-1.0045124,-1.6813017,0.46328872,-1.5813265,0.5388807,0.13618588,-0.45756438,-0.035721112,-0.3115118,2.0449038,-0.13148116,2,1
179,-1.46665,-0.8626082,-0.6981828,0.79041815,0.59986174,1.0570928,-0.10194103,-0.6736427,0.20258604,-0.12980285,-0.12389589,0.11598089,-0.6208913,0.56482095,0.6975523,0.08604345,0.43825954,0.40789992,-0.88727957,-0.5537323,0.61573374,0.37866277,0.28262898,0.42768252,-0.56101155,0.41620335,0.57044554,-0.30196923,1.0336937,-0.069636874,-0.81018263,-0.10280464,1.7395153,-0.33757797,1.5603637,0.9589842,-0.75035286,-2.9867663,1.3565673,1.1093762,-0.9015693,-0.58864826,0.26712474,0.2147055,0.23467709,0.30250224,-0.5202965,0.28609827,0.43514788,-0.8206765,0.35903305,-0.54238605,0.34249926,0.3758602,1.2482384,-1.6660876,0.051431626,-0.38837242,1.4861606,-0.6842303,0.53730863,-0.398664,0.78731173,-0.44785824,0.2871691,-0.60593146,0.57724154,-0.46467,0.9086226,0.7047114,0.42621353,-0.29601103,0.54511666,0.12213637,0.7454084,-0.54983866,0.84297067,-0.416191,1.738551,-0.9872058,-1.6828276,0.4147922,-1.5815202,0.50675374,0.14438958,-0.4574147,-0.034134623,-0.31390327,2.0439475,-0.12542695,2,1
180,-1.46665,-0.8626082,-0.6981828,0.85558337,0.59986174,1.0570928,-0.0989949,-0.6736427,0.19991587,-0.112346895,-0.11421072,0.11407575,-0.6208913,0.56482095,0.6975523,0.085087895,0.43825954,0.40789992,-0.8839472,-0.5549371,0.6243825,0.37866277,0.25530416,0.41622764,-0.56276757,0.41917375,0.57044554,-0.25324327,1.0004884,-0.060914647,-0.81018263,-0.10349515,1.7395153,-0.33757797,1.3567397e-05,0.9626359,-0.74114436,-2.9636009,1.3725208,1.0957344,-0.90203154,-0.5950089,0.26288718,0.21621084,-0.039323386,0.3027262,-0.5083734,0.28583434,0.42888784,-0.81117773,0.35903305,-0.5424206,0.34249926,0.3758602,-0.00082696596,-1.6651896,0.06471384,-0.36711094,1.4762235,-0.67226446,0.5436393,-0.41342947,0.78340775,-0.44710287,0.1594835,-0.6007656,0.5774294,-0.4634263,0.91419894,0.71081096,0.4334624,-0.31693885,0.5466294,0.12262957,0.25181347,-0.5542529,0.8429643,-0.40701976,1.7338309,-0.97033244,-1.6845572,0.4155873,-1.5815202,0.50675374,0.14581384,-0.457382,-0.0335233,-0.3136405,2.0429733,-0.11967501,2,1
181,-1.4623406,-0.85740286,-0.6877494,0.87741464,0.5999686,1.0636709,-0.09746545,-0.6728751,0.19350761,-0.10757343,-0.109750845,0.10897767,-0.6213909,0.5669513,0.6981398,0.07999436,0.43441302,0.40200233,-0.8871627,-0.5578288,0.62724227,0.37131658,0.16745487,0.38609362,-0.57445437,0.42005867,0.5760963,-0.22180085,0.9091306,-0.04831341,-0.8180721,-0.10312149,1.7351164,-0.3236403,-0.188716,0.96637094,-0.731856,-2.9399724,1.3883352,1.0819606,-0.9011744,-0.59642076,0.26003695,0.21957587,0.04996385,0.30283934,-0.49706924,0.28563225,0.42283514,-0.8018587,0.36610237,-0.5447589,0.34152943,0.37640288,0.14724271,-1.6644047,0.07757912,-0.34632915,1.4661694,-0.6603168,0.5570686,-0.45272762,0.7844273,-0.44738954,0.39104682,-0.5961875,0.57807636,-0.4622903,0.91766405,0.7165496,0.43627134,-0.350777,0.55593866,0.12175617,0.06616415,-0.55820465,0.8437732,-0.39759713,1.7274961,-0.95384306,-1.681189,0.4049184,-1.5775607,0.49835524,0.14834912,-0.45895192,-0.029041108,-0.31465313,2.0420942,-0.11455723,2,1
182,-1.4243087,-0.8114628,-0.59567106,1.0700835,0.6009118,1.1217246,-0.083967656,-0.66610086,0.19350761,-0.0654458,-0.07039088,0.104336865,-0.62579983,0.58575225,0.7033235,0.055280928,0.40046602,0.3499543,-0.91554,-0.5578288,0.65247995,0.30648348,-0.029095333,0.36276838,-0.64040095,0.42786875,0.625966,0.055689666,0.8061684,0.06289695,-0.8876997,-0.099823795,1.6962938,-0.20063545,-1.854321,0.970759,-0.71976966,-2.913116,1.4044677,1.0654705,-0.8970556,-0.5960064,0.23697276,0.21739082,0.24474367,0.30283177,-0.48745763,0.2858295,0.41686714,-0.7921758,0.4284909,-0.5646642,0.3329706,0.38119265,1.4540098,-1.6645048,0.08950947,-0.32741812,1.4559567,-0.64992976,0.57231086,-0.48680827,0.8078689,-0.44444406,0.43895045,-0.59215736,0.5790003,-0.4614559,0.9172521,0.72373956,0.46186262,-0.44990855,0.6085169,0.11404869,0.70846,-0.55853647,0.84349096,-0.38332838,1.7160534,-0.9347294,-1.6506096,0.29392505,-1.5426167,0.42423493,0.17543747,-0.4556374,-0.0014365407,-0.32358995,2.0422084,-0.11167084,2,1
183,-1.4188756,-0.80490017,-0.582517,1.0988731,0.60172033,1.130018,-0.08203938,-0.66513306,0.20001207,-0.05942757,-0.031030498,0.10367389,-0.6264297,0.5884381,0.704064,0.051750444,0.3956164,0.34251887,-0.9195938,-0.55342317,0.65890706,0.29722163,-0.05717393,0.3594362,-0.6498218,0.42898455,0.6330902,0.09533116,0.7914595,0.078784145,-0.89764655,-0.09848719,1.6907477,-0.18306334,-0.6645859,0.97514707,-0.70812726,-2.8861482,1.4203631,1.049272,-0.89686185,-0.5864698,0.23390657,0.21343794,0.064728506,0.3028242,-0.47799426,0.28602192,0.41130307,-0.78227395,0.4374034,-0.56750774,0.33174786,0.3818769,0.52059114,-1.6646048,0.10109013,-0.30878142,1.4456601,-0.63939285,0.5575094,-0.49167696,0.81366724,-0.44273755,-0.25783056,-0.58812726,0.5799352,-0.46061122,0.9168697,0.7308173,0.4655183,-0.46407017,0.6160281,0.11294756,0.2518666,-0.5588683,0.8429816,-0.36939013,1.7047211,-0.91583204,-1.6461478,0.27614632,-1.5376248,0.41364634,0.18019909,-0.45265368,0.002506969,-0.32486665,2.0423224,-0.10878452,2,1
184,-1.4188756,-0.80490017,-0.582517,1.0994623,0.60723037,1.130018,-0.08203938,-0.66513306,0.20303997,-0.05942757,-0.015325329,0.09747585,-0.6264297,0.5884381,0.704064,0.051750444,0.38589203,0.3193751,-0.9389271,-0.55137235,0.66022056,0.26331353,-0.14268869,0.34707212,-0.6794579,0.42809048,0.6330902,0.09533116,0.74504936,0.078784145,-0.89764655,-0.09158538,1.6907477,-0.18306334,1.3567397e-05,0.9795352,-0.69694555,-2.8591588,1.4361197,1.0331221,-0.89704555,-0.5810203,0.23401299,0.2117432,-0.017372154,0.3026348,-0.46882644,0.28617004,0.40612316,-0.77265084,0.4374034,-0.56737167,0.33174786,0.3818769,-0.00082696596,-1.6651485,0.11202605,-0.29106146,1.4353044,-0.62982225,0.5553908,-0.49473798,0.831452,-0.44213903,-0.17108357,-0.5844247,0.5808486,-0.45998082,0.91458935,0.73848903,0.46330097,-0.4801145,0.6394882,0.11279682,-0.058827017,-0.55920017,0.8429328,-0.3559128,1.6928251,-0.8977248,-1.6461043,0.2752512,-1.5376248,0.41364634,0.18781592,-0.45148516,0.011987069,-0.32494697,2.0428953,-0.10611878,2,1
185,-1.4057606,-0.78384215,-0.55076474,1.2104497,0.61332875,1.1934121,-0.08388927,-0.6648511,0.20303997,-0.07001171,0.008178892,0.086184874,-0.6234485,0.59284985,0.70370644,0.028264968,0.3752912,0.28675935,-0.9683227,-0.54999113,0.67668045,0.20894144,-0.24769275,0.32460093,-0.71176517,0.42634633,0.6277214,0.14438722,0.69445616,0.09465298,-0.9192783,-0.0788054,1.6752537,-0.14791834,-0.51745313,0.9847275,-0.6847829,-2.8305116,1.4519886,1.0159805,-0.89637953,-0.57145536,0.23644078,0.2116542,0.03386959,0.3021917,-0.4597224,0.2861993,0.40165684,-0.76319593,0.44908905,-0.5642125,0.32714525,0.38325223,0.24393506,-1.6661285,0.12236703,-0.2744244,1.4251342,-0.6207706,0.56341153,-0.50376207,0.85686773,-0.43991223,0.24296327,-0.58117783,0.5816684,-0.459607,0.9105814,0.7462548,0.45820042,-0.49739257,0.66507185,0.11347139,-0.15453,-0.5589494,0.84241706,-0.34178928,1.6799419,-0.8796246,-1.6291522,0.24382107,-1.5241392,0.39247409,0.19702886,-0.4495978,0.025744334,-0.325975,2.0438936,-0.10405984,2,1
186,-1.3711013,-0.7281907,-0.46685117,1.5086727,0.61592466,1.3609476,-0.08877811,-0.664106,0.20300794,-0.09798308,0.07029495,0.07420185,-0.6155701,0.60450894,0.70276165,-0.03380157,0.38491252,0.26724008,-0.99030983,-0.54634076,0.72018045,0.16293697,-0.27882844,0.3008354,-0.7077877,0.42431274,0.61353284,0.27403072,0.7043599,0.13659054,-0.9764459,-0.06171258,1.6343068,-0.05503855,-1.7519315,0.9914476,-0.67031395,-2.7986822,1.4681942,0.9969046,-0.8946173,-0.5491671,0.24285582,0.2114373,0.118111655,0.30149588,-0.45041624,0.28605577,0.39815214,-0.7536797,0.47997123,-0.5528786,0.31498158,0.38688698,0.8278441,-1.6673775,0.1321645,-0.25872064,1.4155017,-0.6114188,0.56794214,-0.5187918,0.8760829,-0.43402714,0.13330637,-0.5783836,0.58233345,-0.4594485,0.90570015,0.7534144,0.45111015,-0.49341306,0.6619402,0.11568917,-0.23046698,-0.557592,0.8402103,-0.32593015,1.6660851,-0.86048836,-1.5843519,0.16076773,-1.4884998,0.33652073,0.20062955,-0.44461685,0.033514716,-0.3284604,2.0451229,-0.10287538,2,1
187,-1.3711013,-0.7281907,-0.46685117,1.5640379,0.6322742,1.3609476,-0.08877811,-0.664106,0.20264655,-0.09798308,0.07029495,0.07420185,-0.6155701,0.60450894,0.70276165,-0.03380157,0.49341744,0.26724008,-0.99030983,-0.54634076,0.72018045,0.16293697,-0.27882844,0.3008354,-0.6629316,0.42431274,0.61353284,0.27403072,0.8160491,0.13659054,-0.9764459,-0.03868885,1.6343068,-0.05503855,-0.25131023,0.9981679,-0.6563092,-2.7664728,1.4843804,0.97731936,-0.8945956,-0.5491671,0.24284305,0.21163926,0.016982034,0.30080003,-0.4413077,0.2859051,0.3947081,-0.7443342,0.47997123,-0.5147941,0.31498158,0.38688698,0.11804933,-1.6686268,0.14038068,-0.24275535,1.4072,-0.60170424,0.56794214,-0.5187918,0.8760829,-0.43402714,0.016871994,-0.5755894,0.58295435,-0.45929223,0.90090626,0.7604437,0.45112777,-0.45486277,0.626361,0.11568917,-0.035494488,-0.5562345,0.8362041,-0.31011492,1.6539538,-0.8403419,-1.5843571,0.1608745,-1.4884998,0.33652073,0.20063893,-0.4446967,0.01913743,-0.3284604,2.0463521,-0.10169076,2,1
188,-1.4027635,-0.7281907,-0.46685117,1.5733106,0.6350124,1.3609476,-0.09266789,-0.664106,0.20258604,-0.098484114,0.07029495,0.06883579,-0.6155701,0.60450894,0.70276165,-0.085716106,0.51158977,0.26724008,-0.9953791,-0.54634076,0.72018045,0.13162333,-0.27882844,0.27948686,-0.6554191,0.4238483,0.6038116,0.27403072,0.83475477,0.13659054,-0.9050159,-0.03483282,1.6480975,-0.05503855,1.7087363,1.004888,-0.6430263,-2.734019,1.5005518,0.95826393,-0.89378834,-0.5465762,0.24828596,0.2116732,0.04164543,0.29994678,-0.4325118,0.28569794,0.39162752,-0.73541963,0.47997123,-0.505052,0.31498158,0.38688698,-0.00082696596,-1.6698757,0.14850572,-0.22756374,1.3993107,-0.5909651,0.5695321,-0.535186,0.88042736,-0.43402714,0.034607816,-0.57336074,0.5832115,-0.4594575,0.89543855,0.7662692,0.44855756,-0.4484064,0.6203923,0.11736804,-0.06753228,-0.554877,0.8319361,-0.29463205,1.6419425,-0.82041323,-1.5963421,0.16089231,-1.5020924,0.33652073,0.19851965,-0.44471002,0.016725555,-0.32756618,2.04753,-0.10088734,2,1
189,-1.4407957,-0.77791756,-0.4137809,1.6911646,0.64642876,1.3358526,-0.096741825,-0.6638367,0.1988372,-0.09908594,0.07029495,0.06328177,-0.61033833,0.61305815,0.69887775,-0.13913102,0.59058404,0.27478766,-0.99795866,-0.5465246,0.7216562,0.09942967,-0.23875055,0.24006563,-0.6258851,0.42361197,0.57755303,0.31452042,0.74096215,0.15624598,-0.8007303,-0.013660515,1.6440942,-0.023008619,3.020454,1.01129,-0.62904745,-2.700168,1.516761,0.9377004,-0.89244133,-0.54367834,0.25368455,0.21368405,0.083020866,0.29897904,-0.42407614,0.285476,0.38880444,-0.7268392,0.50182205,-0.47487262,0.30680916,0.39005932,0.45685455,-1.6709801,0.15568611,-0.21229444,1.3927023,-0.57887906,0.5715033,-0.57305557,0.8824579,-0.43389615,0.054984838,-0.5720025,0.5831784,-0.45997095,0.889621,0.7696613,0.4444712,-0.47116688,0.5969121,0.122079656,-0.12533946,-0.55279803,0.8285984,-0.278669,1.6275162,-0.80065125,-1.5900147,0.13335256,-1.5013174,0.31872216,0.19543177,-0.44539693,0.013308279,-0.3282569,2.0485013,-0.10104154,2,1
190,-1.46665,-0.83656925,-0.35118535,1.8301716,0.6598943,1.3062537,-0.09921228,-0.66351914,0.19441545,-0.09949506,0.07029495,0.05995164,-0.6040015,0.62314177,0.69429654,-0.17097357,0.6951344,0.2836899,-0.9964872,-0.5467415,0.72339666,0.08025244,-0.18144047,0.20638253,-0.5910503,0.4252991,0.5524161,0.36227742,0.62558556,0.17956078,-0.7206,0.011311806,1.631095,0.014770172,2.6391366,1.0174578,-0.61465627,-2.6652718,1.5328959,0.91610754,-0.891335,-0.5418155,0.25678396,0.21605563,0.07925899,0.29795042,-0.4159154,0.28524974,0.3861333,-0.7184938,0.52750015,-0.43722233,0.2970563,0.39380112,0.74042535,-1.671978,0.16196989,-0.19689551,1.3871112,-0.56589246,0.5724117,-0.61122686,0.8809849,-0.4337417,0.030744454,-0.5712003,0.58292615,-0.4606996,0.88385713,0.771284,0.44533753,-0.4994161,0.5692733,0.12690492,-0.012592959,-0.5501838,0.82593805,-0.26245412,1.6112787,-0.7811063,-1.5753583,0.10086966,-1.492289,0.297729,0.19251722,-0.44620705,0.009384607,-0.3294614,2.049328,-0.10184575,2,1
191,-1.4690859,-0.8407316,-0.35118535,1.8301716,0.6581826,1.3018383,-0.099445045,-0.66351914,0.19432287,-0.09949506,0.06832736,0.05995164,-0.60351604,0.62314177,0.69429654,-0.176348,0.72839224,0.2836899,-0.99218595,-0.5467801,0.72339666,0.07888941,-0.15209658,0.20350595,-0.5910503,0.43023038,0.55226034,0.36227742,0.6039057,0.17994535,-0.71497273,0.009184063,1.6319087,0.014032424,0.1346267,1.0235697,-0.6007301,-2.630266,1.5487614,0.8949569,-0.8912804,-0.54224724,0.25710514,0.21610737,0.0014885385,0.29692185,-0.4078831,0.2850153,0.38348863,-0.71029985,0.5272231,-0.42467088,0.29672405,0.39380112,-0.008218301,-1.6729761,0.1677995,-0.18166128,1.3818493,-0.5526743,0.57121676,-0.6212385,0.87727654,-0.43375027,-0.039252054,-0.57047427,0.58255523,-0.4614643,0.8784467,0.77240866,0.45742145,-0.50582004,0.5694186,0.12773949,0.38149917,-0.5475593,0.8232829,-0.24660619,1.5948807,-0.7619319,-1.5760653,0.101555705,-1.4932197,0.2981959,0.19067675,-0.44623467,0.009690127,-0.32901695,2.0501554,-0.10270659,2,1
192,-1.5071177,-0.90571946,-0.35118535,1.8301716,0.63145775,1.2328994,-0.10307908,-0.66351914,0.19287749,-0.09949506,0.037607383,0.05995164,-0.60351604,0.62314177,0.69429654,-0.26025867,0.72839224,0.2836899,-0.99218595,-0.5473827,0.72339666,0.057608318,-0.15209658,0.15859398,-0.5910503,0.43023038,0.5498276,0.36227742,0.4821835,0.17994535,-0.6271145,-0.024035895,1.6446108,0.0025139404,2.2363355,1.028863,-0.5872098,-2.5953274,1.5639044,0.87537843,-0.8904288,-0.548988,0.26211902,0.21691498,0.046588805,0.29589325,-0.39995682,0.28472468,0.38071692,-0.70267093,0.5272231,-0.4145968,0.29672405,0.39380112,-0.0020181288,-1.6739739,0.17369671,-0.16753656,1.3771641,-0.53799844,0.5736311,-0.624907,0.87690437,-0.43388486,0.051042613,-0.5708619,0.5822739,-0.46254426,0.87165266,0.7711816,0.45707163,-0.5417456,0.5694144,0.128179,0.049424686,-0.5449349,0.8221192,-0.23146085,1.5767072,-0.7442309,-1.5871041,0.112267956,-1.5057393,0.30548665,0.18683188,-0.4466663,0.009688422,-0.32878274,2.0509822,-0.10431794,2,1
193,-1.54515,-0.91820496,-0.2843837,1.7246121,0.58834904,1.1776396,-0.10797137,-0.6617263,0.19172396,-0.071781196,0.0045603793,0.06474238,-0.59799844,0.6329084,0.70508033,-0.28775528,0.774016,0.31202155,-0.99218595,-0.54758435,0.7236921,0.031529028,-0.07123964,0.1168418,-0.574611,0.43784216,0.547788,0.36511517,0.37596858,0.19477214,-0.5191634,-0.08472041,1.6374196,0.04349017,3.1207464,1.0336233,-0.5733985,-2.5601559,1.578148,0.85729986,-0.88749695,-0.56073904,0.2677791,0.21698666,0.16540137,0.29500517,-0.39307266,0.28464246,0.3775239,-0.69549525,0.55888903,-0.3987536,0.28672984,0.39467102,0.66243416,-1.6744289,0.17949486,-0.15277798,1.3728168,-0.5215412,0.5745242,-0.61900634,0.87676674,-0.4338955,0.03277298,-0.57212716,0.58150303,-0.46399355,0.86526275,0.7670356,0.47578186,-0.557646,0.556669,0.12978044,0.46208346,-0.54176617,0.8222295,-0.21651644,1.5567354,-0.72668904,-1.5773858,0.07571516,-1.502529,0.280229,0.18261376,-0.4467033,0.0119624,-0.32880738,2.0512218,-0.10680061,2,1
194,-1.5621988,-0.90800464,-0.24731746,1.6660402,0.56727827,1.1543263,-0.11029858,-0.6600226,0.19103864,-0.053747255,-0.010501652,0.06740062,-0.59751266,0.63832754,0.71106404,-0.29406738,0.79933125,0.32774192,-0.9902843,-0.54763204,0.72385615,0.019326994,-0.026374558,0.0984624,-0.56548935,0.44295484,0.5469156,0.36668974,0.33000877,0.2029991,-0.46896085,-0.11485114,1.6323792,0.06915301,1.8917146,1.0382569,-0.5598192,-2.524879,1.5920339,0.83978444,-0.88522726,-0.5664861,0.2699415,0.21682528,0.1652623,0.2941505,-0.38660982,0.2846295,0.37424916,-0.68850416,0.57790864,-0.39103663,0.28293478,0.3951537,0.607854,-1.6747544,0.18515241,-0.13805693,1.3685012,-0.50466436,0.574169,-0.6153411,0.8751011,-0.433887,-0.0077611157,-0.57360095,0.5806148,-0.46551162,0.85902417,0.7622365,0.4883842,-0.562639,0.54963034,0.13076533,0.46048054,-0.538468,0.82237834,-0.20184697,1.5364984,-0.70932615,-1.5713109,0.05271404,-1.4990337,0.26436216,0.18030429,-0.4466323,0.011937276,-0.3287697,2.051321,-0.10949037,2,1
195,-1.5621988,-0.894981,-0.24731746,1.6361487,0.5576136,1.1439596,-0.11142384,-0.6591176,0.19078408,-0.050355688,-0.018162742,0.06740062,-0.60080117,0.63832754,0.71106404,-0.29406738,0.79933125,0.32774192,-0.9878564,-0.5477578,0.7230994,0.019326994,-0.026374558,0.086772285,-0.56548935,0.4440901,0.54648423,0.36668974,0.30744252,0.2029991,-0.46938294,-0.12877771,1.6327674,0.07132148,-0.013753005,1.042759,-0.5466384,-2.4897785,1.605519,0.8230825,-0.88405013,-0.5679671,0.27093303,0.21667884,0.07897033,0.29329586,-0.38030687,0.2846132,0.37096736,-0.68173105,0.5797589,-0.39103663,0.28516966,0.3951537,0.052022167,-1.6750802,0.19066001,-0.1235869,1.3641167,-0.48779142,0.5736968,-0.60394263,0.87297744,-0.4340032,-0.020143867,-0.5753846,0.5798373,-0.4670551,0.85246265,0.7568349,0.4911111,-0.56668997,0.5496715,0.13102585,0.09011008,-0.5351699,0.8225214,-0.18753383,1.5160885,-0.6924043,-1.571306,0.050700273,-1.498549,0.26298955,0.178657,-0.4466712,0.010293664,-0.32863098,2.0514205,-0.1123889,2,1
196,-1.5606999,-0.89442915,-0.24499127,1.5327746,0.5252368,1.1092187,-0.11508091,-0.6590899,0.19078408,-0.04952552,-0.043856014,0.06772578,-0.6009408,0.6385219,0.7114573,-0.29334256,0.7992687,0.32894033,-0.9877477,-0.54820687,0.7202722,0.019346498,-0.023428064,0.047614284,-0.566145,0.44437343,0.54456437,0.36473432,0.23184906,0.20337154,-0.4718992,-0.17559543,1.631453,0.072693326,-0.060177226,1.0469342,-0.5338235,-2.4552276,1.6182815,0.8079699,-0.8832407,-0.57331485,0.27597913,0.21667007,0.052498315,0.2924507,-0.37407044,0.28455925,0.36761206,-0.6753345,0.58060366,-0.3911666,0.2851289,0.39513946,0.016866172,-1.6753826,0.19605075,-0.10932546,1.3596386,-0.4708757,0.574648,-0.5657099,0.8727332,-0.43443272,0.025450248,-0.5779371,0.5793196,-0.46870297,0.8450426,0.7498162,0.4915211,-0.57991314,0.5501929,0.13141619,0.0055294572,-0.531858,0.8232277,-0.17367187,1.4949212,-0.67626286,-1.5678922,0.04947056,-1.4972693,0.26211017,0.17484379,-0.44702488,0.010534669,-0.32840872,2.0514963,-0.11581268,2,1
197,-1.5226675,-0.8804227,-0.18596832,1.3747989,0.5007125,1.0826105,-0.11508091,-0.65838915,0.19078408,-0.028461454,-0.064016245,0.07597621,-0.60448533,0.6434541,0.7214361,-0.27495095,0.79768246,0.3593483,-0.9849904,-0.54923487,0.7109452,0.019841412,0.05133427,0.018058952,-0.58278036,0.4515638,0.5314278,0.31511915,0.17469563,0.2128218,-0.5357427,-0.21507257,1.598101,0.10750158,-1.5874171,1.0507853,-0.52100664,-2.421414,1.629902,0.7940696,-0.88252777,-0.58111376,0.2755453,0.21644722,0.047171574,0.29183808,-0.36849698,0.2846878,0.3637445,-0.6690752,0.60203695,-0.39446467,0.28409377,0.3947791,0.4657997,-1.6751252,0.20175883,-0.09444697,1.3545806,-0.45287865,0.57523173,-0.5355786,0.8701504,-0.43574798,0.016476225,-0.58124197,0.5786338,-0.4705243,0.83806694,0.740303,0.50700283,-0.5813679,0.56349874,0.13492444,0.3977467,-0.52821296,0.82549477,-0.16081214,1.4730197,-0.6601877,-1.5337114,0.018270507,-1.4647983,0.23979673,0.17404504,-0.4480307,0.01668048,-0.3261766,2.0509944,-0.11991471,2,1
198,-1.5144244,-0.8773871,-0.17317568,1.3405592,0.49539712,1.0768434,-0.11494537,-0.6577799,0.19191623,-0.014468347,-0.06838578,0.077966355,-0.6052536,0.64452296,0.72359896,-0.23900314,0.7973386,0.36593893,-0.98232305,-0.54945767,0.7089236,0.019948682,0.07824236,0.011653121,-0.58778197,0.4531223,0.5285806,0.30436552,0.16230817,0.21594279,-0.5495801,-0.22362886,1.5908723,0.11504593,-0.72222084,1.0546365,-0.50857127,-2.3876777,1.6413295,0.7804542,-0.8820056,-0.5810809,0.27502275,0.21562465,0.035919383,0.2912314,-0.36334035,0.28488502,0.35988805,-0.6629263,0.6066823,-0.39912033,0.28386942,0.39470097,0.21147448,-1.6748676,0.2071769,-0.07950434,1.349204,-0.43545738,0.57471526,-0.5285956,0.8678173,-0.4360331,-0.011207985,-0.5845466,0.57786775,-0.47231972,0.8313775,0.73077315,0.5103344,-0.58053356,0.56747943,0.13568485,0.17902173,-0.52452856,0.8273885,-0.14822519,1.4513493,-0.64425707,-1.5264779,0.011099012,-1.4577605,0.23496051,0.17341949,-0.44794244,0.01845568,-0.32569283,2.050495,-0.124036886,2,1
199,-1.5144244,-0.8773871,-0.17317568,1.2779139,0.48603365,1.0768434,-0.11486353,-0.65750366,0.19259977,-0.008776213,-0.075976,0.078088276,-0.60666615,0.64452296,0.72359896,-0.21970573,0.79666966,0.36593893,-0.98107344,-0.54986864,0.70526046,0.019948682,0.084705144,-0.00048886513,-0.5876854,0.4531223,0.5243491,0.30436552,0.1397718,0.21659048,-0.5495801,-0.23780063,1.5908723,0.11504593,1.3567397e-05,1.0584875,-0.49667346,-2.3544848,1.6523885,0.7678479,-0.88178366,-0.5812999,0.27476406,0.21515712,0.016721347,0.29062632,-0.35832387,0.28508404,0.35600945,-0.656955,0.60747874,-0.40174183,0.28482413,0.39470097,0.01585386,-1.6746103,0.21241373,-0.06473249,1.3436893,-0.4182099,0.5749284,-0.51549643,0.86665505,-0.436551,-0.0025571994,-0.58817303,0.5771542,-0.4741413,0.8244109,0.7206498,0.5097405,-0.5813756,0.56739616,0.13644415,-0.018438373,-0.5208332,0.8292322,-0.13593787,1.4295211,-0.6287552,-1.5265837,0.010852116,-1.4573901,0.23496051,0.17310669,-0.44818813,0.017712882,-0.32528841,2.0499957,-0.12838155,2,1
200,-1.5041199,-0.8717708,-0.1616746,1.1650634,0.46950448,1.0657018,-0.11392582,-0.6569973,0.19073953,-0.0045366464,-0.08933574,0.07969496,-0.6100957,0.6454272,0.7259164,-0.18030861,0.7875782,0.3671417,-0.9784276,-0.55078304,0.69885606,0.019412313,0.08241816,-0.02254329,-0.5897663,0.4539452,0.51302564,0.30710164,0.06687286,0.21922514,-0.567697,-0.26274824,1.582694,0.12160748,-0.43337217,1.0621973,-0.48513967,-2.3219602,1.6628987,0.7562346,-0.88135505,-0.5831558,0.27308914,0.21602881,0.021296684,0.2900684,-0.35351852,0.2853228,0.3519925,-0.65110976,0.6131758,-0.40795594,0.28647542,0.39455044,0.12661281,-1.6743298,0.21745206,-0.049812265,1.3376949,-0.4016511,0.57595146,-0.49219102,0.8641084,-0.43749946,0.028163318,-0.5922273,0.5765412,-0.47600657,0.8169169,0.7097751,0.51014507,-0.579064,0.56903464,0.13860522,-0.00031668306,-0.51704115,0.83150375,-0.12393556,1.4067837,-0.61402565,-1.5188425,0.005453254,-1.4486887,0.23068993,0.17323539,-0.44932207,0.017148225,-0.32398555,2.049485,-0.13306427,2,1
201,-1.46665,-0.8513481,-0.119853735,1.0697888,0.45649442,1.0251881,-0.11051596,-0.65515107,0.18397525,0.010897337,-0.099739686,0.085537255,-0.6154615,0.6487154,0.7343432,-0.036825143,0.7578837,0.37151515,-0.9688064,-0.5520402,0.69399107,0.01746193,0.07410208,-0.04166998,-0.6020583,0.4569376,0.49313286,0.31705096,-0.08485842,0.22882375,-0.6335748,-0.28218663,1.5529562,0.14546704,-1.985621,1.0655267,-0.47354862,-2.2899773,1.6726887,0.7450525,-0.8797912,-0.5835644,0.26699567,0.21919662,0.10286864,0.28963727,-0.34922704,0.28570962,0.34766492,-0.6452504,0.62988734,-0.42934072,0.28767866,0.3940032,0.44020975,-1.6739873,0.22219501,-0.034040388,1.3305275,-0.38691464,0.576649,-0.47195598,0.85530883,-0.43834367,0.0179541,-0.59665656,0.57601595,-0.47790816,0.80886596,0.6983042,0.5145303,-0.56291246,0.578742,0.14264464,0.13472386,-0.51298815,0.8347889,-0.11216428,1.3821408,-0.60043806,-1.490695,-0.014179563,-1.4189113,0.21516085,0.17390501,-0.45127797,0.020177107,-0.32128206,2.0489435,-0.1381339,2,1
202,-1.46665,-0.8513481,-0.119853735,1.0697888,0.45649442,1.0251881,-0.11051596,-0.65480065,0.18397525,0.012100986,-0.099739686,0.085537255,-0.6154615,0.6487154,0.7343432,-0.021594774,0.7578837,0.37151515,-0.9688064,-0.5520402,0.69399107,0.01746193,0.07410208,-0.04166998,-0.6020583,0.4569376,0.49313286,0.31705096,-0.08485842,0.23005636,-0.6335748,-0.28218663,1.5529562,0.14546704,-0.38608062,1.0688561,-0.4623675,-2.2581644,1.6822705,0.7341862,-0.87943447,-0.58315647,0.26678175,0.21908508,0.037987776,0.28920615,-0.3450703,0.28609344,0.34341526,-0.6395031,0.62988734,-0.42978427,0.28767866,0.3940032,0.08492988,-1.6736445,0.22666089,-0.018456407,1.3232093,-0.3724065,0.576649,-0.47195598,0.85530883,-0.43834367,0.0013737272,-0.60108584,0.57543427,-0.4797567,0.8009671,0.6870528,0.5145303,-0.56160957,0.578742,0.14264464,0.023460494,-0.5088906,0.83754355,-0.100713,1.3578427,-0.58700603,-1.490782,-0.014238718,-1.4189113,0.21516085,0.1740622,-0.45123366,0.020177107,-0.32128206,2.0484018,-0.14322646,2,1
203,-1.46665,-0.8513481,-0.119853735,1.0126671,0.44957733,1.0251881,-0.11051596,-0.654716,0.18013737,0.012391519,-0.099739686,0.085537255,-0.6168388,0.6487154,0.72824776,-0.017918497,0.7277981,0.37151515,-0.9688064,-0.55222845,0.69121635,0.012956493,0.055196643,-0.04166998,-0.6020583,0.4569376,0.49239472,0.31705096,-0.17256702,0.2303539,-0.6335748,-0.291681,1.5529562,0.14546704,1.3567397e-05,1.0721855,-0.45167714,-2.2269385,1.6915512,0.72417426,-0.87911236,-0.583058,0.26658875,0.22118375,0.020494873,0.28877503,-0.3411085,0.28649557,0.33921954,-0.63384426,0.628173,-0.44117317,0.28904593,0.39506546,-0.036741853,-1.6733018,0.23132671,-0.003247826,1.3154415,-0.3580615,0.5766146,-0.47203943,0.8553139,-0.43870836,-0.0034280713,-0.6055151,0.5748098,-0.48158756,0.7928309,0.67624724,0.51442796,-0.5482841,0.57874095,0.14277706,-0.0059528234,-0.50479305,0.84104425,-0.08968597,1.3323141,-0.57477397,-1.490861,-0.013130321,-1.418381,0.21598959,0.17420624,-0.4523676,0.019160962,-0.32228312,2.0478606,-0.14831902,2,1
204,-1.4857597,-0.8434659,-0.10116207,0.9447891,0.44504085,1.0300498,-0.10921169,-0.65330756,0.17653093,0.015415498,-0.10504576,0.088775955,-0.617742,0.6520134,0.7176733,0.052833803,0.69005316,0.37318802,-0.96511185,-0.55363435,0.68470985,0.0100016715,-0.056568645,-0.04014126,-0.5984014,0.45861942,0.48225406,0.3285231,-0.27371368,0.22808291,-0.5846735,-0.2979589,1.5557075,0.15514733,1.1698084,1.0755767,-0.44144773,-2.1959639,1.7007412,0.714647,-0.8777315,-0.583823,0.26380304,0.22272754,0.075943045,0.28843895,-0.33727247,0.2869407,0.33484954,-0.628179,0.6346545,-0.453765,0.2886021,0.3978232,0.12281338,-1.6729273,0.23581974,0.012438869,1.3067431,-0.34500682,0.57929325,-0.46669036,0.8515778,-0.43977436,0.059833657,-0.60990393,0.5745805,-0.48331118,0.7829097,0.66715723,0.51722616,-0.5317788,0.5759014,0.1448564,0.06568632,-0.50077885,0.84465784,-0.07886585,1.3058834,-0.5637279,-1.494832,-0.020959284,-1.4212648,0.21201393,0.17463641,-0.45386502,0.018343192,-0.32395744,2.0473127,-0.15334138,2,1
205,-1.5144244,-0.8316429,-0.073124744,0.8991663,0.44782874,1.0373423,-0.10631757,-0.6511948,0.17489682,0.019951424,-0.113004796,0.093633965,-0.6166347,0.6579834,0.7078082,0.16398655,0.66303265,0.3756973,-0.9593436,-0.5555579,0.67768013,0.0100016715,-0.2056168,-0.03213874,-0.5929161,0.46114224,0.4677694,0.3495162,-0.33914953,0.2246765,-0.5113227,-0.29454258,1.5598342,0.16966765,2.3510609,1.0790287,-0.43167007,-2.1651235,1.709933,0.7053003,-0.8760885,-0.5849705,0.25847045,0.22295181,0.118701234,0.2881969,-0.33351102,0.28742275,0.33029178,-0.6224815,0.64863557,-0.4611865,0.28529072,0.40119517,0.37324342,-1.6725206,0.23999994,0.028692566,1.2972242,-0.3332414,0.58327615,-0.46418372,0.84577477,-0.44101444,0.12289734,-0.61410135,0.5746916,-0.48490188,0.77154964,0.6599837,0.5215236,-0.519553,0.5716432,0.14784515,0.14055051,-0.49684724,0.8479007,-0.06813923,1.279049,-0.5535447,-1.5012602,-0.033807117,-1.426617,0.20545395,0.1760436,-0.45498526,0.019082408,-0.32576716,2.046759,-0.15819234,2,1
206,-1.5144244,-0.8316429,-0.073124744,0.8991663,0.45914763,1.0373423,-0.102510475,-0.6511948,0.17489682,0.019951424,-0.113004796,0.093633965,-0.6121393,0.6621367,0.7078082,0.18438974,0.66303265,0.3756973,-0.9584245,-0.5555579,0.67768013,0.0100016715,-0.2056168,-0.008958081,-0.5929161,0.46114224,0.4677694,0.36488375,-0.33914953,0.2246765,-0.5113227,-0.2803608,1.5598342,0.16966765,0.022943364,1.0824809,-0.42235017,-2.134498,1.7191154,0.6958618,-0.87688506,-0.5849705,0.2532194,0.22295181,-0.052695584,0.28795487,-0.3297846,0.28790477,0.32573918,-0.6167898,0.65907717,-0.45969367,0.28000987,0.40233427,0.2748632,-1.6721143,0.24394046,0.044870526,1.2875813,-0.3216674,0.58299804,-0.4869156,0.8449873,-0.44101444,-0.009519332,-0.617836,0.5746065,-0.48639384,0.76096666,0.6539059,0.5215236,-0.51846665,0.5716432,0.14784515,-0.0019921495,-0.49291554,0.85038203,-0.057480756,1.2525277,-0.543565,-1.5034033,-0.033807117,-1.4286659,0.20634267,0.17956088,-0.45498526,0.02300534,-0.32691628,2.046205,-0.16273141,2,1
207,-1.5520822,-0.8316429,-0.073124744,0.8487319,0.4592591,1.0133911,-0.10247295,-0.6511948,0.17346562,0.019951424,-0.12251035,0.093633965,-0.61209506,0.6621776,0.698056,0.1845907,0.63413167,0.3756973,-0.95841545,-0.5555579,0.67079896,0.0100016715,-0.35764867,-0.008729772,-0.6074757,0.46114224,0.46126577,0.36503512,-0.4056758,0.21450564,-0.42916965,-0.2803511,1.5757191,0.16966765,1.9652487,1.0856293,-0.41392773,-2.1045103,1.7282947,0.6870658,-0.8768041,-0.58592397,0.25311562,0.22374162,-0.007918285,0.28771284,-0.3261471,0.2883685,0.3211904,-0.61131406,0.65526265,-0.47030813,0.28063944,0.40404132,-0.024699176,-1.6717077,0.2479903,0.060613845,1.27754,-0.31021905,0.58104974,-0.45468554,0.84526914,-0.4418161,-0.049920317,-0.6215706,0.57511365,-0.4877313,0.7478189,0.6501032,0.5204224,-0.5093482,0.58305407,0.14901184,-0.030923177,-0.48935726,0.8528505,-0.047380093,1.2257264,-0.5352376,-1.5198095,-0.033390027,-1.4440781,0.20767449,0.17975909,-0.4559648,0.02714876,-0.32801685,2.0456512,-0.16707845,2,1
208,-1.5901141,-0.80573624,-0.059945617,0.7181466,0.45210502,1.0069568,-0.09828136,-0.6496517,0.17228544,0.023485323,-0.13563357,0.09912198,-0.60543233,0.6680841,0.6869703,0.23879866,0.56093115,0.37700063,-0.9543677,-0.5562864,0.6642521,0.016903657,-0.48670432,0.017748846,-0.6194546,0.4607327,0.45594746,0.3263621,-0.4606945,0.1946836,-0.34129977,-0.28688985,1.5874801,0.17919555,2.610423,1.0887746,-0.40627486,-2.0753691,1.7373415,0.67938554,-0.87602335,-0.58631384,0.24637143,0.22389637,0.041155666,0.2876318,-0.32250154,0.28888083,0.3162717,-0.60573494,0.66563684,-0.49034187,0.2737437,0.40756232,0.19523297,-1.6712763,0.2523839,0.07652875,1.2661428,-0.29998392,0.5809138,-0.43891713,0.8416381,-0.44273734,-0.017598605,-0.62460357,0.5758369,-0.48883736,0.73413473,0.64909005,0.5185369,-0.5087734,0.59243715,0.14990334,-0.05765488,-0.48643008,0.8560606,-0.03835363,1.1993406,-0.5283477,-1.534678,-0.0418163,-1.4583457,0.20439076,0.18314317,-0.45679238,0.036062952,-0.3310938,2.045121,-0.1706281,2,1
209,-1.6099732,-0.78730625,-0.050569907,0.63488686,0.44701558,1.0069568,-0.095134094,-0.64855385,0.17171937,0.025999347,-0.14315277,0.103395745,-0.5934222,0.6722859,0.68094766,0.2773623,0.5143795,0.37792778,-0.9511588,-0.55680466,0.6609098,0.035766434,-0.549459,0.04177786,-0.6251938,0.46044147,0.453407,0.2988501,-0.48712066,0.18252599,-0.29448995,-0.2915167,1.592811,0.18597373,1.6691096,1.0919199,-0.3990366,-2.0466552,1.7462461,0.67223495,-0.87551886,-0.586414,0.24135514,0.22385554,0.03930096,0.28761995,-0.31888562,0.28940588,0.31124845,-0.6001529,0.6697611,-0.50256246,0.2638309,0.40974313,0.16909063,-1.670836,0.2568122,0.09235335,1.2542508,-0.2901189,0.5810903,-0.43747824,0.8387172,-0.44323945,0.004658522,-0.6272449,0.57679564,-0.48972687,0.7205946,0.64933854,0.51740587,-0.5101052,0.59693146,0.15031482,-0.04553856,-0.4837302,0.8592771,-0.029834501,1.1733248,-0.5220327,-1.5422173,-0.04789068,-1.467446,0.20180193,0.18556495,-0.4571938,0.045242876,-0.33307457,2.044603,-0.17379679,2,1
210,-1.618404,-0.78730625,-0.050569907,0.60248554,0.4444019,1.0029352,-0.09486471,-0.64855385,0.17147906,0.025999347,-0.14762184,0.10399776,-0.58157974,0.6722859,0.6788792,0.2773623,0.4995398,0.37792778,-0.95062226,-0.55680466,0.6609098,0.058493353,-0.597129,0.05023502,-0.62703764,0.4572673,0.45087233,0.2821089,-0.49553487,0.17369094,-0.27581996,-0.29333547,1.5958855,0.18597373,0.44663143,1.0950141,-0.39218345,-2.0184002,1.7549901,0.6655922,-0.87555915,-0.58654875,0.24097459,0.22398773,-0.0044959937,0.28761995,-0.31531373,0.28991643,0.30624002,-0.59468305,0.66241974,-0.5077033,0.2560256,0.4101025,-0.19955264,-1.6703954,0.26126155,0.10788268,1.242152,-0.28026876,0.58092904,-0.4263351,0.83825725,-0.44323945,-0.007638501,-0.6297358,0.57809883,-0.49042457,0.7066024,0.6505442,0.5092278,-0.51099885,0.5983274,0.15028484,-0.20782955,-0.48135465,0.8625001,-0.021870695,1.1478608,-0.5163705,-1.5455399,-0.047820747,-1.4735045,0.20208229,0.18564552,-0.45724618,0.051605195,-0.33345303,2.0440888,-0.17669739,2,1
211,-1.6564358,-0.78730625,-0.050569907,0.45632297,0.43261155,0.98479337,-0.09486471,-0.64855385,0.170395,0.025999347,-0.16778183,0.10399776,-0.58157974,0.6722859,0.66954845,0.2773623,0.43259752,0.37792778,-0.95062226,-0.55680466,0.6609098,0.058493353,-0.81216854,0.05023502,-0.63535523,0.44294876,0.4394389,0.20658934,-0.53349125,0.13383599,-0.19159916,-0.3015399,1.6097549,0.18597373,2.4613266,1.0979294,-0.3861481,-1.9912847,1.763531,0.6602424,-0.87549174,-0.5871198,0.24093574,0.22458461,0.0028339028,0.28761995,-0.3117652,0.2903977,0.30117092,-0.5894714,0.65872335,-0.5308937,0.2566502,0.41172355,-0.10147416,-1.6699548,0.26612747,0.12296621,1.2293458,-0.27073538,0.58092904,-0.34979025,0.83825725,-0.44323945,-0.002795437,-0.63222677,0.57999784,-0.49096,0.6897605,0.65411675,0.4723373,-0.5150302,0.60462433,0.15014963,-1.1300299,-0.4801179,0.86675066,-0.015396736,1.1234946,-0.51277035,-1.5598432,-0.047505423,-1.4869323,0.20334704,0.18567409,-0.4574823,0.053685743,-0.33516037,2.0435746,-0.17901221,2,1
212,-1.6944681,-0.7965022,-0.046658166,0.29091454,0.38166046,0.90709585,-0.08918389,-0.6470878,0.16442637,0.031229023,-0.23706791,0.115199804,-0.55795795,0.6852829,0.6594668,0.27181312,0.3500319,0.39067873,-0.91645676,-0.5562913,0.6619691,0.13447098,-0.9755952,0.11262267,-0.66260266,0.43210122,0.42166343,0.07511009,-0.53480023,0.06740097,-0.105097964,-0.35152096,1.6213593,0.18621892,2.5853362,1.0998667,-0.3802343,-1.9658902,1.7709675,0.65768284,-0.8747762,-0.5777342,0.23202154,0.22739287,0.037406202,0.28794858,-0.3080828,0.29092377,0.29497355,-0.5845998,0.683114,-0.55732113,0.23462205,0.4168899,0.490211,-1.6692699,0.2719896,0.13781525,1.2151092,-0.26089936,0.5690676,-0.30382842,0.8091581,-0.44300458,-0.28041616,-0.633065,0.5832344,-0.49060178,0.67245686,0.66302305,0.4430551,-0.50686735,0.626105,0.15170342,-0.97163427,-0.4812694,0.8729264,-0.011762109,1.1022877,-0.51268476,-1.5754362,-0.04624162,-1.5069163,0.20722258,0.17963305,-0.4583982,0.07872974,-0.33954445,2.0428834,-0.17898461,2,1
213,-1.705522,-0.79927015,-0.045480613,0.24264063,0.36644554,0.88389564,-0.08219535,-0.64664656,0.16264094,0.03365709,-0.2577151,0.12058365,-0.5508473,0.6891952,0.65652895,0.2701427,0.325873,0.39664254,-0.9061722,-0.5561367,0.6622882,0.1608525,-1.0225575,0.13140261,-0.6707184,0.42898455,0.41643137,0.036316186,-0.46299994,0.047816437,-0.07993377,-0.36648107,1.6247085,0.18629274,1.1325244,1.1017693,-0.37447658,-1.940765,1.7782446,0.6553358,-0.8756171,-0.5738926,0.22203517,0.22823204,-0.035911005,0.28834793,-0.30440128,0.29147682,0.28862122,-0.579599,0.6904941,-0.56451494,0.22798462,0.4184283,0.29000306,-1.6685357,0.2777198,0.15247375,1.2008495,-0.25091475,0.5654973,-0.29079357,0.80039865,-0.44293392,-0.15994556,-0.63384426,0.586426,-0.49017382,0.6553803,0.6719789,0.4346234,-0.52743155,0.6325057,0.15217246,-0.3999387,-0.48250622,0.8781329,-0.008177061,1.0827223,-0.51186687,-1.5829625,-0.045864385,-1.5127926,0.20837611,0.18318021,-0.45867148,0.08624689,-0.3408464,2.0421572,-0.1788735,2,1
214,-1.7227583,-0.81526613,-0.04552229,0.15967055,0.3401555,0.82086015,-0.078126565,-0.64664656,0.16264094,0.034315243,-0.28338486,0.122134395,-0.5508473,0.6891952,0.6530637,0.2701427,0.29754716,0.39828095,-0.9061722,-0.5561367,0.6622882,0.16355866,-1.0225575,0.13140261,-0.6707184,0.42898455,0.41036758,-0.006068542,-0.4076547,0.03844373,-0.040840097,-0.38664377,1.6298386,0.18388642,0.93519974,1.1028723,-0.36880198,-1.9168146,1.7848368,0.65437055,-0.8764308,-0.568816,0.21640563,0.22823204,-0.06467487,0.28877148,-0.3006533,0.29199526,0.2820562,-0.5748692,0.6891436,-0.573162,0.22820415,0.41902733,-0.029113382,-1.6677845,0.2835773,0.16681293,1.1862311,-0.24107827,0.5654973,-0.29079816,0.80039865,-0.44293392,-0.0026284144,-0.63462335,0.58948356,-0.48972338,0.6385534,0.68079317,0.43380573,-0.53510606,0.6325041,0.15327597,-0.02383308,-0.48408702,0.8837326,-0.0053250506,1.0643629,-0.511092,-1.5905449,-0.043715518,-1.5177636,0.21036656,0.18731639,-0.45867148,0.086083196,-0.34086284,2.0414195,-0.17858525,2,1
215,-1.7607902,-0.85011995,-0.046884418,-0.039984383,0.28124845,0.684156,-0.0757397,-0.6459101,0.16363777,0.035382517,-0.33718753,0.12594458,-0.5454644,0.6905836,0.6449835,0.2720113,0.23617168,0.406678,-0.9040216,-0.55602497,0.6628286,0.19242433,-0.982086,0.13691223,-0.67285484,0.4296686,0.39962426,-0.09128458,-0.383584,0.018788442,0.04507116,-0.42476705,1.6413532,0.17810792,2.5837374,1.1026928,-0.36322868,-1.8947973,1.7903732,0.6557428,-0.87620413,-0.55764115,0.21271828,0.22744888,0.010603885,0.2893068,-0.2967023,0.29247043,0.27502954,-0.5704479,0.6876008,-0.58830535,0.22438498,0.4207804,-0.04913354,-1.6668721,0.2898668,0.18099314,1.170822,-0.2311582,0.5645797,-0.3062773,0.7985877,-0.44284663,-0.024111386,-0.6352565,0.5927223,-0.4890766,0.62293345,0.68914545,0.43403944,-0.51926684,0.63420135,0.15533568,-0.00910837,-0.48619497,0.89023685,-0.0035359224,1.0473297,-0.51065546,-1.6039119,-0.03896911,-1.5305945,0.21539181,0.189242,-0.45828885,0.089606136,-0.34153432,2.040531,-0.17792754,2,1
216,-1.7988226,-0.88317454,-0.05342213,-0.30721414,0.21868016,0.55716205,-0.063626096,-0.64217246,0.16869679,0.04079899,-0.37942797,0.14528154,-0.518146,0.69762933,0.6351343,0.28149447,0.17938112,0.44929355,-0.8931071,-0.5554578,0.6655719,0.3389191,-0.7766905,0.1648739,-0.6836976,0.43313977,0.39962426,-0.14265607,-0.26142398,0.003311935,0.12956168,-0.43695074,1.6536642,0.17041826,2.5413842,1.1012199,-0.35796323,-1.8752984,1.7947328,0.66007483,-0.87505364,-0.53957224,0.19400485,0.22347392,0.07152479,0.2902976,-0.29226255,0.29299167,0.26693475,-0.56566817,0.6919127,-0.5837991,0.20302862,0.42429158,0.10360182,-1.665304,0.296955,0.19572815,1.1540117,-0.2198917,0.5599245,-0.38483492,0.78939694,-0.44240367,-0.13313864,-0.635295,0.59716547,-0.4876649,0.6114958,0.69602734,0.44257575,-0.5297238,0.6428291,0.15586533,0.2493808,-0.4887591,0.8964049,-0.0023693554,1.0328518,-0.50965804,-1.6242323,-0.034201648,-1.5510145,0.22299853,0.19901457,-0.4563476,0.10895729,-0.34479418,2.0390255,-0.17663442,2,1
217,-1.8010708,-0.88512844,-0.05380855,-0.32301,0.21498175,0.54965544,-0.061770316,-0.64195156,0.17817584,0.041119155,-0.38192484,0.14642453,-0.51653117,0.69804585,0.6345521,0.28205502,0.17602424,0.45181254,-0.892462,-0.55542433,0.67571443,0.34757835,-0.7255962,0.1665267,-0.68433845,0.43334493,0.45753342,-0.14569262,-0.25420314,0.0023971228,0.13455576,-0.43767092,1.6543919,0.16996375,0.63720334,1.099747,-0.3528306,-1.856064,1.79898,0.664392,-0.87577176,-0.5385041,0.1916203,0.21821053,-0.023820346,0.2912884,-0.28763148,0.29343325,0.25898737,-0.56093425,0.6921677,-0.58353275,0.20176625,0.42449915,0.027647773,-1.6637359,0.30372977,0.21013682,1.1373109,-0.20861584,0.5624779,-0.40460643,0.7884565,-0.4412144,0.029234616,-0.63533336,0.60138285,-0.48628414,0.6009804,0.7022167,0.45098487,-0.5303419,0.6433406,0.14538884,0.26148176,-0.49132323,0.9026557,-0.0014189872,1.018621,-0.50870323,-1.6259552,-0.036575355,-1.5522214,0.22344813,0.20035964,-0.4532754,0.11010172,-0.35058346,2.0375204,-0.1753412,2,1
218,-1.8271127,-0.88512844,-0.060680952,-0.47161835,0.18290375,0.526467,-0.061388414,-0.64195156,0.18125172,0.041119155,-0.39704382,0.14642453,-0.51653117,0.69804585,0.62150764,0.27536482,0.14647941,0.45181254,-0.892462,-0.55542433,0.67905855,0.34757835,-0.71254414,0.1665267,-0.68433845,0.43334493,0.47693694,-0.1721495,-0.27869967,-0.005574245,0.19145748,-0.42667684,1.6633506,0.16699669,1.3611959,1.0979798,-0.3480049,-1.8383336,1.8025963,0.6708014,-0.87603515,-0.5354957,0.19119194,0.21652554,-0.026680568,0.2922792,-0.2830094,0.29383817,0.25102523,-0.5564322,0.68715686,-0.59217787,0.20255521,0.4267538,-0.105775334,-1.6621677,0.3106092,0.2241515,1.1203063,-0.19749722,0.56342524,-0.4096753,0.7883234,-0.44082475,0.037597507,-0.63537174,0.6054834,-0.48491746,0.59066296,0.7082763,0.4536336,-0.51488507,0.64334106,0.14186807,0.11661203,-0.49417996,0.90955514,-0.001018284,1.004496,-0.5084536,-1.6353589,-0.034815505,-1.5607454,0.22708516,0.20061679,-0.45228457,0.10951586,-0.35473308,2.0360155,-0.17389753,2,1
219,-1.8651446,-0.88032615,-0.06965206,-0.6652372,0.15613401,0.50400573,-0.057309333,-0.64140093,0.18605265,0.042150866,-0.4150096,0.14996043,-0.5087876,0.6970605,0.61062175,0.26140696,0.09952439,0.45276377,-0.88936,-0.5552116,0.68862087,0.35860795,-0.64915127,0.16807899,-0.6695703,0.43674523,0.455564,-0.2301695,-0.46948096,-0.026020369,0.27505237,-0.40068215,1.6759135,0.163825,2.5089583,1.0960379,-0.34382024,-1.8220185,1.8059225,0.6786508,-0.87653077,-0.52979344,0.18537283,0.21372367,-0.027642116,0.29337373,-0.27819327,0.29421765,0.2428402,-0.55189514,0.6758528,-0.60546774,0.19846892,0.42838588,-0.2768623,-1.6605811,0.31776047,0.23770534,1.10288,-0.18643378,0.5644147,-0.43312782,0.7853885,-0.43966573,0.020545319,-0.6353692,0.60952437,-0.48352286,0.5817084,0.7133943,0.45914298,-0.4465382,0.631663,0.1462644,0.13432539,-0.4976778,0.9188365,-0.0017463414,0.9880234,-0.51124316,-1.6506759,-0.033462968,-1.5747131,0.23036611,0.20362237,-0.45021164,0.10783241,-0.35403794,2.0345232,-0.17209628,2,1
220,-1.8966196,-0.8561775,-0.07590072,-0.7996402,0.1581669,0.49800014,-0.049432598,-0.64033765,0.1953233,0.044143118,-0.4253379,0.15678832,-0.49383473,0.69515777,0.61571634,0.23958676,0.056464076,0.45460063,-0.8833699,-0.5547398,0.7070857,0.37990615,-0.5267381,0.17107645,-0.63659674,0.44423062,0.41429228,-0.2995728,-0.7984081,-0.05265659,0.3444235,-0.3671154,1.6860282,0.16474615,2.1757653,1.0940433,-0.34035164,-1.8066634,1.8092808,0.6870077,-0.87748766,-0.52363056,0.17413603,0.20831315,-0.067758635,0.29460654,-0.27313188,0.2945798,0.2344014,-0.5471862,0.6640687,-0.61831844,0.18900108,0.4270233,-0.33683327,-1.6589705,0.3251985,0.25073886,1.0851407,-0.17525825,0.5660787,-0.47841513,0.7797555,-0.43741408,0.050199725,-0.6353116,0.6135292,-0.48208728,0.57450944,0.7172961,0.4720936,-0.33946744,0.6056108,0.15489316,0.4026625,-0.5018508,0.93080884,-0.0036409656,0.9684033,-0.5176191,-1.6656823,-0.037142586,-1.5883559,0.2287199,0.209441,-0.44619766,0.10433811,-0.34806755,2.033048,-0.16991083,2,1
221,-1.8966196,-0.7699003,-0.07590072,-0.7996402,0.16995727,0.49800014,-0.049432598,-0.64033765,0.1953233,0.044143118,-0.4253379,0.15678832,-0.49383473,0.69515777,0.64526373,0.2068271,0.056464076,0.45460063,-0.8833699,-0.5543853,0.7070857,0.37990615,-0.5267381,0.17107645,-0.6107528,0.44956124,0.41429228,-0.2995728,-0.7984081,-0.05265659,0.3423571,-0.36080953,1.6877248,0.17787963,0.11084809,1.0920486,-0.33709767,-1.7912444,1.8128077,0.69475156,-0.87748766,-0.52363056,0.17413603,0.20831315,-0.006528017,0.29583937,-0.26818278,0.29493,0.2261013,-0.5425503,0.67549294,-0.6248083,0.18722872,0.42191356,0.25056908,-1.6573597,0.33263817,0.2631233,1.0676771,-0.1636556,0.56465,-0.47841513,0.77995414,-0.43733597,-0.037345786,-0.635254,0.61744136,-0.48067045,0.5674288,0.7211322,0.48550364,-0.33946744,0.58530194,0.15570207,0.4165475,-0.5060237,0.9423502,-0.0054934816,0.9489671,-0.52382845,-1.6674299,-0.048870493,-1.5907156,0.21642044,0.20952697,-0.44613266,0.09744802,-0.34248227,2.0315728,-0.16772544,2,1
222,-1.9314667,-0.7626748,-0.07885359,-0.8760713,0.17094468,0.49356744,-0.049432598,-0.64065874,0.19135015,0.044143118,-0.4253379,0.15678832,-0.49739918,0.69515777,0.6477382,0.16643131,-0.07115124,0.45460063,-0.8968442,-0.5542907,0.7070857,0.37990615,-0.5267381,0.17107645,-0.5960681,0.45000774,0.3801891,-0.41181484,-1.125002,-0.08704089,0.42137387,-0.34177625,1.6968708,0.17770255,1.8775605,1.0899979,-0.33447987,-1.7767229,1.8163314,0.7030115,-0.8775786,-0.52363056,0.17418346,0.21058933,-0.006214869,0.2970722,-0.2634879,0.29529804,0.21794462,-0.5380012,0.67826074,-0.651785,0.189492,0.42148566,0.118450165,-1.655749,0.34144408,0.27435163,1.0486625,-0.1526693,0.5681179,-0.47841513,0.7916142,-0.4373152,0.07001943,-0.6351965,0.62123454,-0.4792716,0.56056976,0.7249707,0.4822924,-0.21418978,0.57367384,0.16193189,0.0022040226,-0.51145893,0.9584661,-0.009791872,0.9255072,-0.53555703,-1.6768324,-0.047510438,-1.598852,0.21619871,0.21453717,-0.44701606,0.09106792,-0.33873248,2.0300972,-0.16489069,2,1
223,-1.9656581,-0.7464028,-0.07994903,-0.9351238,0.17187864,0.36977252,-0.044977557,-0.6407778,0.18987624,0.047718532,-0.4094953,0.1571287,-0.4987215,0.7011305,0.66202444,0.15246357,-0.21838914,0.4630984,-0.9018427,-0.55412626,0.7181923,0.39950776,-0.5065733,0.17289351,-0.56161785,0.45528606,0.34907106,-0.51402783,-1.5545979,-0.1329759,0.49944115,-0.3250595,1.7052617,0.17973313,2.3971002,1.0863924,-0.33215228,-1.7632508,1.8196155,0.71088177,-0.87843615,-0.52567583,0.16798697,0.21143374,-0.048154514,0.29831502,-0.25905448,0.29573044,0.20991866,-0.5332169,0.703588,-0.65105057,0.18659088,0.4205654,0.54027367,-1.6539751,0.35134727,0.2851174,1.0278957,-0.14220947,0.5720809,-0.4838056,0.7955616,-0.43598893,0.113677725,-0.63509077,0.6252737,-0.47774106,0.55428576,0.7285402,0.491951,-0.053913996,0.5466692,0.16832668,0.2077596,-0.5182275,0.9779249,-0.015974246,0.8976769,-0.55308163,-1.6880056,-0.04887776,-1.6082481,0.21419537,0.22079778,-0.44624725,0.0823106,-0.33439818,2.028435,-0.16133754,2,1
224,-1.9848589,-0.7317095,-0.07950274,-0.9628443,0.17272197,0.2594742,-0.040954836,-0.6393624,0.18987624,0.05094703,-0.39518994,0.15743606,-0.4987215,0.7088306,0.6749244,0.1540887,-0.308593,0.47077164,-0.89794433,-0.5539994,0.728221,0.44479614,-0.48836514,0.17599735,-0.53470427,0.46005216,0.33239585,-0.56872517,-1.8331099,-0.16293606,0.5435371,-0.31616354,1.709714,0.18218654,1.5068512,1.0819889,-0.32996014,-1.7503586,1.8227353,0.7184852,-0.87772113,-0.5275226,0.16163154,0.21099848,0.01953645,0.29956296,-0.2547603,0.29618475,0.20200644,-0.5283291,0.73322314,-0.6413003,0.18204305,0.4203216,0.8203025,-1.6521174,0.3615658,0.2956189,1.0063646,-0.13203964,0.57334155,-0.48490772,0.79187095,-0.43479615,0.05081053,-0.6349215,0.62987083,-0.47595203,0.5484044,0.7319647,0.50212413,0.048845693,0.52561015,0.172037,0.3602067,-0.5256232,0.99834085,-0.0229904,0.868004,-0.5732017,-1.6951863,-0.05129834,-1.6144009,0.21245225,0.22387041,-0.44508287,0.07717918,-0.33217612,2.026677,-0.15741889,2,1
225,-1.9848589,-0.7317095,-0.07856104,-0.96797174,0.17272197,0.23909819,-0.040954836,-0.63637626,0.1895558,0.05094703,-0.39518994,0.15743606,-0.4995647,0.71369743,0.6749244,0.15751727,-0.33062944,0.47077164,-0.88971996,-0.5540414,0.728221,0.50300044,-0.48836514,0.17908402,-0.5349457,0.46005216,0.33239585,-0.5801453,-1.8848834,-0.16850212,0.5438114,-0.31441596,1.7094852,0.1825918,0.008548661,1.077327,-0.3278149,-1.7377727,1.8257338,0.7259584,-0.8746238,-0.5275226,0.16005127,0.21025541,0.2116024,0.30081093,-0.2505182,0.29662427,0.19419505,-0.5234869,0.7492023,-0.63679606,0.180243,0.42156047,0.4317865,-1.6502597,0.3716743,0.3058857,0.9846263,-0.12215826,0.5711549,-0.4769641,0.78476965,-0.43480542,-0.07041647,-0.63469505,0.6350752,-0.47388858,0.5427116,0.7353695,0.5021176,0.06831863,0.52580005,0.172037,-0.0035549472,-0.5332232,1.0183218,-0.030291574,0.8380389,-0.5940127,-1.6955955,-0.052052557,-1.6148738,0.2131623,0.2219589,-0.4447964,0.07859309,-0.33342582,2.0249183,-0.15335669,2,1
226,-1.9848589,-0.7317095,-0.07856104,-1.0026673,0.17272197,0.101219006,-0.040954836,-0.63637626,0.18738765,0.05094703,-0.39518994,0.15743606,-0.5052704,0.71369743,0.6749244,0.15751727,-0.47974434,0.47077164,-0.88971996,-0.554325,0.728221,0.50300044,-0.48836514,0.17908402,-0.53657955,0.46005216,0.33239585,-0.657422,-2.235221,-0.20616618,0.5438114,-0.30259055,1.7094852,0.1825918,0.0008480808,1.0711745,-0.32580212,-1.7262584,1.8283798,0.73303753,-0.87449247,-0.5275226,0.15998453,0.21143919,0.027303763,0.30205888,-0.24643424,0.29706433,0.1865118,-0.5187243,0.7520802,-0.609637,0.18405765,0.42156047,0.10978552,-1.6484021,0.38272637,0.3154849,0.9611422,-0.11353154,0.5722971,-0.4769641,0.7846103,-0.4348683,0.021061579,-0.63446856,0.640164,-0.4718578,0.5371112,0.73871326,0.50207466,0.20008709,0.52708507,0.172037,-0.004630079,-0.54200155,1.0404654,-0.03941742,0.8045282,-0.61990815,-1.6956226,-0.051427424,-1.6133937,0.2131623,0.22193897,-0.4453171,0.07627864,-0.33342582,2.02316,-0.14868817,2,1
227,-1.9509484,-0.715225,-0.07519498,-1.0064273,0.17370315,0.01294693,-0.028765477,-0.6335645,0.18715271,0.054166645,-0.42086884,0.15996477,-0.5058888,0.7074813,0.66718256,0.32303768,-0.56407803,0.47938028,-0.8769153,-0.5543557,0.73131925,0.587284,-0.5145272,0.22985055,-0.5378161,0.46314707,0.3935627,-0.70886,-2.273187,-0.21781906,0.4662483,-0.2985435,1.7013439,0.18656889,-1.8554201,1.0640918,-0.3236216,-1.7152697,1.8306952,0.7395422,-0.873758,-0.5205276,0.14155316,0.21070562,0.03927479,0.303381,-0.24225056,0.29752856,0.17832884,-0.51388735,0.7295161,-0.5537953,0.18797284,0.4213005,-0.4580061,-1.6463797,0.392777,0.3266925,0.93575495,-0.10750083,0.5697025,-0.44371775,0.77343863,-0.43451568,-0.0565324,-0.63289714,0.6461829,-0.46911597,0.53293675,0.74507886,0.5176871,0.22265384,0.52834475,0.16148397,0.38661024,-0.55105776,1.062417,-0.049392663,0.77193296,-0.6457506,-1.6947589,-0.05536647,-1.6038504,0.21044216,0.23064722,-0.4447335,0.07387916,-0.33878425,2.0212333,-0.14297058,2,1
228,-1.9370844,-0.69994116,-0.073818736,-0.9721828,0.20187622,-0.017033594,-0.021692555,-0.63085616,0.19587867,0.055482972,-0.43136752,0.16296469,-0.5058888,0.70493996,0.6640173,0.39070967,-0.5919506,0.4828999,-0.8661316,-0.55381507,0.73746705,0.6277184,-0.5252234,0.2862354,-0.5416471,0.46299455,0.41857046,-0.7264662,-2.2451854,-0.22091448,0.43434566,-0.28954244,1.6981741,0.18951222,-1.2962023,1.056896,-0.3219315,-1.7042909,1.8334466,0.7447764,-0.87273735,-0.51650333,0.13058072,0.20513798,0.06360261,0.3047698,-0.23776501,0.2979327,0.170069,-0.5089537,0.7201633,-0.53216803,0.18940455,0.42119417,-0.3343826,-1.644337,0.40239683,0.33790812,0.91031027,-0.10176859,0.566285,-0.41213143,0.76419663,-0.43368265,-0.10096284,-0.6302183,0.6519866,-0.46619293,0.5301866,0.75372493,0.5204929,0.21755576,0.5314051,0.15695654,0.17890854,-0.56014776,1.0831158,-0.05936519,0.74034196,-0.6709898,-1.6959721,-0.060934775,-1.6001706,0.20849621,0.23471014,-0.4418373,0.074052356,-0.34108838,2.0193055,-0.13648939,2,1
229,-1.9370844,-0.6915954,-0.075215764,-0.9387346,0.22900252,-0.017033594,-0.01965174,-0.62933373,0.20440173,0.055254698,-0.4408352,0.16488504,-0.5124799,0.70253474,0.6640173,0.39070967,-0.5919506,0.4828999,-0.860712,-0.553287,0.74223465,0.63355494,-0.5334565,0.3210363,-0.56344515,0.46160942,0.41857046,-0.7264662,-2.2178347,-0.22091448,0.43373752,-0.28185496,1.698679,0.19020611,-0.01637939,1.0497,-0.32056013,-1.6933658,1.836443,0.74932325,-0.8720281,-0.5135788,0.12722082,0.20004405,0.051656794,0.30619174,-0.23311688,0.2982804,0.16177996,-0.50410974,0.71588343,-0.53216803,0.19502667,0.42057714,-0.09047061,-1.6422945,0.41164306,0.34888312,0.8851178,-0.096052945,0.5640319,-0.39225763,0.7596238,-0.43301243,-0.07716959,-0.6269981,0.657561,-0.46322522,0.5280157,0.76350695,0.5166411,0.20926702,0.5484505,0.15674864,-0.13575372,-0.5692378,1.1024765,-0.06925418,0.70958376,-0.69581574,-1.6978637,-0.06424443,-1.598487,0.20757562,0.2352002,-0.43926397,0.07676384,-0.3405767,2.0173883,-0.12964326,2,1
230,-1.9394779,-0.6886285,-0.07944333,-0.92418814,0.22911869,0.0056075607,-0.016156489,-0.6291611,0.20738353,0.050057426,-0.46508607,0.16758406,-0.5295585,0.6965177,0.664145,0.38617954,-0.5684673,0.48579746,-0.86113644,-0.55312985,0.74327064,0.659216,-0.5572902,0.34085983,-0.6111569,0.46143377,0.4275886,-0.7233298,-2.153894,-0.21639395,0.43792152,-0.2856648,1.7003332,0.18887022,0.09329518,1.0427914,-0.31919342,-1.6823401,1.8394557,0.7538682,-0.87260294,-0.507892,0.122323655,0.19837186,-0.031837385,0.30769286,-0.22811478,0.29854786,0.15328789,-0.49933064,0.70555335,-0.5350685,0.20948286,0.41901082,-0.27774045,-1.6401962,0.42035976,0.35967946,0.860546,-0.08994225,0.56381875,-0.36766067,0.7600352,-0.43285716,-0.0076176855,-0.62325275,0.66328835,-0.46004495,0.5262648,0.7744994,0.5165702,0.18815537,0.5859015,0.15510385,-0.011179768,-0.57816195,1.1203456,-0.07888985,0.6804291,-0.71947193,-1.7015667,-0.06393462,-1.5945088,0.20719913,0.23897628,-0.4384732,0.08115861,-0.33987272,2.0154321,-0.122528724,2,1
231,-1.9589121,-0.664538,-0.08754626,-0.80607694,0.23006193,0.18944421,0.012223561,-0.6277596,0.23159425,0.012142566,-0.48428607,0.18949899,-0.5445142,0.69280946,0.6651818,0.34939677,-0.37779295,0.50932455,-0.8645831,-0.5518538,0.75168324,0.8675726,-0.59627867,0.50181854,-0.6517051,0.4600082,0.5008119,-0.6978639,-1.63472,-0.17968905,0.47979686,-0.31659934,1.7071978,0.18915072,1.1215788,1.0379277,-0.3175641,-1.6696156,1.8429177,0.75838524,-0.87727,-0.49526522,0.08256049,0.18479404,-0.2789755,0.30975765,-0.22055504,0.29847914,0.1435824,-0.49337965,0.7020065,-0.55861914,0.22133502,0.41787344,-0.1157011,-1.6377027,0.4275961,0.37075564,0.83861166,-0.080714,0.56208897,-0.21108198,0.76337576,-0.43159688,-0.048128493,-0.6157683,0.6705752,-0.4552369,0.52911925,0.793665,0.5226846,0.016737113,0.6177577,0.14174838,0.16515498,-0.58590454,1.1349534,-0.0869836,0.6589568,-0.73562807,-1.724868,-0.07135526,-1.5966762,0.20613417,0.2696365,-0.43205175,0.085227,-0.3458386,2.0131996,-0.113502294,2,1
232,-1.9614972,-0.66133386,-0.08862396,-0.75708634,0.23018737,0.21494457,0.016748495,-0.62757313,0.23888731,0.007099586,-0.4868398,0.19420213,-0.5465035,0.69231623,0.6653197,0.3445044,-0.33647785,0.5133198,-0.8650415,-0.5511923,0.7559734,0.89528567,-0.60146445,0.52322733,-0.6570983,0.45960352,0.51055115,-0.69105065,-1.5270836,-0.1679199,0.48536655,-0.3280812,1.7081108,0.18918802,0.3898499,1.0330774,-0.31581265,-1.6567639,1.8463211,0.7626479,-0.8782386,-0.4922639,0.0763171,0.18076973,-0.11599664,0.3118749,-0.21299978,0.29838243,0.13395986,-0.4874424,0.7015345,-0.5625266,0.22291142,0.41772214,-0.0297383,-1.6351923,0.4343732,0.38164434,0.8171338,-0.07132095,0.56080693,-0.19025572,0.7639638,-0.43095136,-0.043031737,-0.6082839,0.67762125,-0.4504732,0.5319172,0.8124807,0.52296925,-0.020547552,0.6219929,0.1399384,0.042872608,-0.5933944,1.1486822,-0.094777845,0.6382801,-0.7506859,-1.728357,-0.07351366,-1.5969645,0.20599256,0.2744781,-0.42992228,0.08576739,-0.34665006,2.0109649,-0.10460595,2,1
233,-1.9703948,-0.66133386,-0.093911044,-0.74214786,0.2115579,0.21541527,0.01708523,-0.62757313,0.24071547,-0.010178653,-0.4868398,0.19500482,-0.5465035,0.69231623,0.6653197,0.2516456,-0.32931677,0.5137084,-0.88146335,-0.55097157,0.7573969,0.89528567,-0.60146445,0.52322733,-0.66481024,0.45901483,0.51055115,-0.68951285,-1.5097655,-0.16482852,0.50440204,-0.3436331,1.7113576,0.18689495,0.45537433,1.0282289,-0.31370625,-1.6439353,1.8493694,0.7675064,-0.8783948,-0.49294806,0.07588863,0.17977415,-0.015109668,0.31400022,-0.20487496,0.29812056,0.124522224,-0.48153135,0.7015345,-0.57950246,0.22291142,0.41772214,-0.00082696596,-1.6326795,0.44170374,0.39123565,0.79636097,-0.06074757,0.56497926,-0.19025572,0.7781847,-0.43073684,0.08780572,-0.6007994,0.68442863,-0.44574916,0.53478134,0.83109146,0.52149373,-0.02704921,0.6280378,0.13984632,-0.044191845,-0.6008454,1.1617708,-0.102456175,0.6180059,-0.7654665,-1.7318765,-0.07199193,-1.6001648,0.20744395,0.28094593,-0.42934978,0.08821012,-0.34669915,2.0087297,-0.09572951,2,1
234,-1.9836797,-0.6339117,-0.11086196,-0.6070441,0.15596847,0.26474774,0.024880288,-0.6269931,0.24840555,-0.036970347,-0.47151726,0.20168042,-0.5406162,0.69290817,0.6748805,0.11318416,-0.24278192,0.5202032,-0.9286405,-0.5471118,0.78327847,0.8817692,-0.6008942,0.53705025,-0.675486,0.45820913,0.5307416,-0.63936716,-1.3598189,-0.14121982,0.5297536,-0.40848568,1.7188901,0.18379101,0.79741883,1.0240062,-0.31000072,-1.629443,1.8517735,0.7731692,-0.879407,-0.49155352,0.06480683,0.17542541,-0.055000834,0.31632134,-0.1957323,0.2976894,0.11497796,-0.47503597,0.70410466,-0.5913072,0.2180618,0.41623494,0.05301021,-1.6300422,0.4490188,0.3998203,0.777456,-0.04769212,0.5711465,-0.18040358,0.81989455,-0.42685354,0.18742177,-0.59294873,0.69072366,-0.44105783,0.53834754,0.8504252,0.52234435,-0.08720913,0.63640964,0.13610645,0.004890258,-0.60742974,1.1729792,-0.10881739,0.5998022,-0.77700126,-1.7441593,-0.07151694,-1.6094705,0.20824827,0.3071348,-0.42439866,0.09519564,-0.34719086,2.0064137,-0.08705216,2,1
235,-1.9935538,-0.5551634,-0.13974825,-0.2482446,0.06470281,0.39013174,0.044692304,-0.6255191,0.26795077,-0.058671582,-0.43096554,0.21864723,-0.52492064,0.69452935,0.70012504,0.010598841,-0.022281546,0.5367103,-1.0044531,-0.5373017,0.85050106,0.8474157,-0.597544,0.57218266,-0.68191296,0.45748264,0.5820577,-0.50836927,-0.9765215,-0.0812157,0.5428926,-0.54432404,1.7294811,0.18355119,0.40487933,1.0209224,-0.30370533,-1.6117152,1.8534207,0.77941,-0.8819797,-0.48480904,0.03664117,0.16437225,-0.17634419,0.31899875,-0.18542984,0.2971394,0.10507347,-0.46744597,0.7110075,-0.5765989,0.20512731,0.4123243,0.18263148,-1.6271783,0.4555559,0.40801942,0.76123554,-0.03147038,0.5747878,-0.1556952,0.8878263,-0.41681698,0.103964694,-0.58443177,0.6962949,-0.43639246,0.5431287,0.871179,0.52783227,-0.24134918,0.6414544,0.12680809,0.17277302,-0.6124373,1.181211,-0.112795904,0.58509624,-0.7827313,-1.766566,-0.07713963,-1.6249275,0.20534904,0.35722113,-0.41167653,0.10684275,-0.34819838,2.0039499,-0.07873713,2,1
236,-1.9935538,-0.4632826,-0.13974825,-0.09174538,0.06470281,0.39013174,0.044692304,-0.6255191,0.26795077,-0.058671582,-0.41464537,0.21864723,-0.5174859,0.695716,0.7097151,0.010598841,-0.016570754,0.5367103,-1.0044531,-0.5373017,0.86513186,0.8474157,-0.5782505,0.57218266,-0.68191296,0.45748264,0.5820577,-0.4723653,-0.9542709,-0.0812157,0.5410295,-0.58377177,1.7311481,0.19869669,0.006783595,1.0178384,-0.2967661,-1.5925323,1.8551904,0.78428346,-0.8819797,-0.48714375,0.03664117,0.16437225,-0.025221663,0.3216762,-0.17541665,0.29660672,0.09547352,-0.45982176,0.71475923,-0.575945,0.1989486,0.4109962,0.10943071,-1.6243144,0.4618456,0.41599408,0.7452235,-0.015347399,0.57921994,-0.15906462,0.8871363,-0.4151246,0.12451949,-0.5759149,0.7016329,-0.43176952,0.5481362,0.891287,0.52783227,-0.25390512,0.6414544,0.12680809,0.020592298,-0.6174449,1.1881669,-0.11615139,0.5709018,-0.7882312,-1.7682835,-0.090663984,-1.6289678,0.19472635,0.35692254,-0.41026872,0.11143266,-0.3468586,2.0014863,-0.07042187,2,1
237,-1.9935538,-0.4487994,-0.15999249,-0.067076266,0.00074174337,0.39013174,0.044692304,-0.6255191,0.24481682,-0.06982464,-0.4120728,0.21864723,-0.51631397,0.69590306,0.7112268,-0.03394163,-0.015670562,0.5367103,-1.0575842,-0.5373017,0.86743814,0.7431917,-0.57520926,0.5402081,-0.68191296,0.45701274,0.5820577,-0.46668994,-0.9507635,-0.0812157,0.5352574,-0.59895915,1.7364023,0.19185157,-0.14948505,1.0147545,-0.28859824,-1.5733632,1.8557711,0.7912582,-0.8807085,-0.48738906,0.036120404,0.17696446,0.06591356,0.3243536,-0.16590746,0.2961402,0.0860253,-0.45230862,0.7153507,-0.5738436,0.19797462,0.4107868,0.031692356,-1.6214502,0.46832895,0.42323086,0.72958475,0.001133057,0.5972501,-0.20031667,0.9322953,-0.41485777,0.4462241,-0.56824493,0.7053634,-0.42800775,0.5521138,0.9096197,0.5266782,-0.25588432,0.64145386,0.12673217,-0.032241885,-0.6224525,1.194827,-0.11944893,0.55693525,-0.7936739,-1.7739085,-0.077901624,-1.6345245,0.19889575,0.37684438,-0.41503012,0.11215595,-0.34668785,1.9990227,-0.06267754,2,1
238,-1.971259,-0.42482477,-0.1712325,0.27565116,-0.030677909,0.43905216,0.03383792,-0.6281209,0.23345272,-0.08165367,-0.28094962,0.19446512,-0.4954854,0.70068544,0.710695,-0.055821285,0.10949521,0.53111553,-1.0875226,-0.5348082,0.8984211,0.59654415,-0.5320903,0.45961592,-0.67912674,0.45660016,0.6027355,-0.3887022,-0.8492301,-0.05737064,0.4798096,-0.6917505,1.7350501,0.19079477,-1.3662398,1.0122911,-0.27863467,-1.5508418,1.8563634,0.7962184,-0.8811389,-0.5200819,0.052351568,0.1838858,-0.0037229217,0.32632166,-0.15737118,0.29568362,0.07914888,-0.44455934,0.7198789,-0.5545514,0.18168603,0.41212335,0.09402496,-1.6186936,0.473601,0.4305082,0.716132,0.01867212,0.6066958,-0.29452923,0.9578494,-0.41068995,0.3420307,-0.5624526,0.70807296,-0.42525697,0.55430794,0.9232016,0.528679,-0.30784038,0.6392729,0.12297289,0.037844267,-0.62658465,1.1995466,-0.1211792,0.5439288,-0.7965354,-1.7658904,-0.07330286,-1.6395111,0.20060743,0.3759756,-0.41430226,0.12337482,-0.35003838,1.9964514,-0.05664863,2,1
239,-1.9457794,-0.39742517,-0.17271301,0.66734225,-0.011220603,0.49496162,0.0214328,-0.6310944,0.23619586,-0.0889112,-0.13045987,0.16682826,-0.47048292,0.7064449,0.7100873,-0.02271997,0.25254273,0.52472144,-1.0919099,-0.53195846,0.93383044,0.4874582,-0.4772393,0.38546082,-0.67594254,0.45571747,0.6263674,-0.29102275,-0.7331912,-0.030118976,0.41951603,-0.7879386,1.7307023,0.19477025,-1.9937676,1.010266,-0.26812968,-1.526211,1.8574529,0.7988668,-0.88249856,-0.5574849,0.0712615,0.18322816,-0.09780655,0.32778895,-0.14943144,0.29520616,0.07411179,-0.43667075,0.72540313,-0.53420687,0.16212428,0.4137269,0.15632339,-1.6160127,0.47761977,0.43823284,0.7040611,0.03643369,0.60776156,-0.38067535,0.96164054,-0.40592661,0.031868234,-0.5578737,0.7102326,-0.42312485,0.5554747,0.9335183,0.5299576,-0.36873892,0.6367787,0.118607834,0.056609683,-0.63009906,1.2026508,-0.12167521,0.5316206,-0.797601,-1.7536931,-0.07720029,-1.6428155,0.19934216,0.36372235,-0.41007996,0.13689852,-0.3539808,1.9938042,-0.051755242,2,1
240,-1.9457794,-0.40760988,-0.17271301,0.66734225,0.043375444,0.49496162,0.02070387,-0.6310944,0.24389292,-0.0889112,-0.12868175,0.16454193,-0.46712026,0.7072691,0.71003944,0.070160374,0.25254273,0.5222693,-1.0919099,-0.53195846,0.93383044,0.47890013,-0.46160504,0.37931547,-0.67594254,0.45377272,0.6263674,-0.26703182,-0.7331912,-0.030118976,0.41972798,-0.7744013,1.730507,0.19304815,0.0050816042,1.0082406,-0.25880018,-1.5021825,1.8591977,0.80030394,-0.882814,-0.55960476,0.07247924,0.17902397,-0.024432488,0.32918918,-0.14149886,0.29467982,0.06928148,-0.42897564,0.72636175,-0.5376969,0.15947245,0.41394824,0.024922706,-1.6133788,0.48084435,0.44654834,0.69183886,0.05307568,0.60776156,-0.38955706,0.96164054,-0.40592661,-0.0026284144,-0.5534575,0.71225065,-0.42110905,0.5566083,0.94317913,0.5251881,-0.3730036,0.6367729,0.11828738,-0.15475056,-0.6336134,1.2051623,-0.12189583,0.5194325,-0.7987052,-1.7529951,-0.07788257,-1.6436518,0.20060487,0.36282766,-0.40841612,0.13886607,-0.35437477,1.9911896,-0.04697155,2,1
241,-1.9457794,-0.54542917,-0.17271301,0.66734225,0.043375444,0.49496162,0.010840082,-0.6310944,0.24389292,-0.0889112,-0.12868175,0.13360319,-0.46712026,0.7072691,0.7093915,0.070160374,0.25254273,0.4890873,-1.0919099,-0.53195846,0.93383044,0.3630915,-0.46160504,0.29615587,-0.67594254,0.45309082,0.6263674,-0.26703182,-0.7331912,-0.030118976,0.4225947,-0.7744013,1.7278653,0.16974473,0.07366271,1.0062153,-0.2498521,-1.4791318,1.8607081,0.80212843,-0.8812318,-0.58940214,0.086391926,0.17902397,0.084068276,0.32974887,-0.13429038,0.2940293,0.065924704,-0.42263058,0.7261041,-0.56282914,0.15951063,0.41405833,-0.0026051675,-1.611334,0.48359483,0.45409948,0.68056816,0.067830294,0.60776156,-0.4590513,0.96164054,-0.40592661,-0.0026284144,-0.5510818,0.7135472,-0.4200766,0.55489796,0.9483446,0.52351564,-0.3730036,0.63677084,0.118175015,-0.071142904,-0.63712776,1.2075006,-0.12210659,0.50746274,-0.79981744,-1.7445949,-0.057073433,-1.6410335,0.21544085,0.3526057,-0.40841612,0.13883692,-0.35454565,1.9889867,-0.043562762,2,1
242,-1.9146792,-0.65942687,-0.17015295,0.77660334,0.1513599,0.5038628,0.009042225,-0.6346283,0.24389292,-0.07414713,-0.054888844,0.11004328,-0.44683117,0.71233326,0.69592065,0.16744645,0.27148172,0.43512318,-1.0895612,-0.5295236,0.94115853,0.3108207,-0.35675436,0.23017392,-0.6925822,0.45129386,0.627362,-0.16937202,-0.636508,0.000904107,0.35371232,-0.6577813,1.7180492,0.1520534,-1.6301961,1.004303,-0.2431832,-1.4565564,1.8640134,0.80021685,-0.88462067,-0.5863442,0.090598926,0.18001598,-0.1593899,0.32978284,-0.12840159,0.29355973,0.06398673,-0.41623625,0.7271635,-0.5781442,0.14424299,0.4176422,0.019985488,-1.6102079,0.48465973,0.46196145,0.67044866,0.07896498,0.59964913,-0.5336344,0.96086717,-0.4044938,-0.19260986,-0.5500524,0.71481735,-0.41952744,0.55340683,0.94911057,0.51926374,-0.42899042,0.6498261,0.117700145,-0.120394975,-0.63950324,1.2075994,-0.12043937,0.49616256,-0.7981196,-1.7327656,-0.04075177,-1.6372818,0.22943485,0.34918013,-0.4076169,0.15545413,-0.35841373,1.9876834,-0.041647144,2,1
243,-1.898005,-0.70707804,-0.16795298,0.83518285,0.20925497,0.50863504,0.010208406,-0.63652295,0.24754563,-0.061499882,-0.015325329,0.100435205,-0.4359534,0.7150483,0.6887616,0.21960565,0.28163573,0.40943336,-1.083334,-0.52821815,0.9450873,0.2941132,-0.30053946,0.20292473,-0.70150346,0.45039704,0.6278953,-0.11503986,-0.57830185,0.021228721,0.3167367,-0.5952564,1.7128328,0.14525518,-1.4045967,1.0024159,-0.23712194,-1.4342612,1.8676637,0.7975119,-0.886985,-0.5818258,0.08993715,0.17854172,-0.18759663,0.32969967,-0.12293773,0.29315177,0.062348884,-0.40987787,0.727757,-0.5838993,0.13605365,0.41955283,0.018865699,-1.6092865,0.48530465,0.46977755,0.6606683,0.089227974,0.5936271,-0.5668305,0.95622885,-0.40372556,-0.20317885,-0.5493232,0.7160738,-0.41909274,0.55194515,0.9488719,0.5171476,-0.46241513,0.6568258,0.117456675,-0.08720843,-0.6414893,1.2071528,-0.11831179,0.48511654,-0.7955329,-1.7276621,-0.035459686,-1.6353178,0.23522861,0.3476595,-0.40639466,0.16436616,-0.36047086,1.9865808,-0.04013407,2,1
244,-1.9096205,-0.70707804,-0.16692972,0.83518285,0.20925497,0.50863504,0.011650767,-0.63652295,0.2520635,-0.05564762,-0.015325329,0.09925406,-0.4359534,0.7150483,0.6858326,0.21960565,0.28163573,0.39601132,-1.0751895,-0.52851045,0.9450873,0.28852051,-0.30053946,0.20279199,-0.70150346,0.45018888,0.6278953,-0.1126001,-0.57042295,0.025794951,0.34393817,-0.5952564,1.7151582,0.14576177,0.65328145,1.0005287,-0.23124416,-1.4121789,1.8712858,0.7948839,-0.88747084,-0.5816902,0.08801047,0.17606072,-0.036614366,0.32958183,-0.117631085,0.29275727,0.060756788,-0.40363395,0.7266054,-0.5864556,0.13621894,0.42005005,-0.024947833,-1.6086226,0.48575342,0.47722518,0.65136206,0.09866852,0.5920418,-0.5673442,0.9491135,-0.40379646,-0.057632443,-0.5485975,0.71722525,-0.41870946,0.5504425,0.9486052,0.51663685,-0.46663007,0.65682685,0.11742217,-0.01616013,-0.6433697,1.206639,-0.1161643,0.47421706,-0.792765,-1.7308441,-0.037222296,-1.6375456,0.23529586,0.3459964,-0.40547165,0.16424379,-0.36099085,1.9857671,-0.038677704,2,1
245,-1.9472595,-0.70586365,-0.16631287,0.8348192,0.21180277,0.50923085,0.011991748,-0.63659203,0.25181428,-0.05437282,-0.01589282,0.09557717,-0.43568933,0.71527666,0.67622983,0.21852982,0.2824328,0.35284582,-1.0689633,-0.5294204,0.9453486,0.27062315,-0.29608443,0.20237875,-0.7001206,0.44954056,0.6271524,-0.10790661,-0.5632877,0.027306221,0.4312895,-0.59207284,1.7233962,0.14625959,2.6295125,0.998649,-0.22567931,-1.3902909,1.8749917,0.7922893,-0.8875838,-0.5811747,0.087553106,0.17621712,-0.007382139,0.32938516,-0.11250771,0.29236963,0.059281837,-0.39757347,0.7234404,-0.5941978,0.13647725,0.42173797,-0.08734996,-1.6085703,0.4858221,0.4840001,0.64304703,0.106296815,0.5936294,-0.57058465,0.94321233,-0.40398705,0.044046953,-0.54787976,0.71813333,-0.418441,0.5489649,0.9482584,0.5149387,-0.46993434,0.6557439,0.11744783,-0.056551233,-0.64519453,1.2059398,-0.11394707,0.46352956,-0.78987765,-1.7395171,-0.03758424,-1.6455649,0.23629776,0.34377915,-0.40569216,0.16361433,-0.36267987,1.9856412,-0.037255287,2,1
246,-1.9773049,-0.6812127,-0.15379001,0.82743716,0.2635238,0.5213255,0.018913789,-0.6379936,0.24675526,-0.028494112,-0.027412944,0.09557717,-0.43032944,0.71991205,0.66638064,0.19668977,0.29861334,0.32476836,-1.0689633,-0.5294204,0.9506522,0.2607248,-0.20564611,0.20237875,-0.67204845,0.44954056,0.61206955,-0.012627881,-0.41844082,0.05798531,0.50395787,-0.5274459,1.7271527,0.15636528,2.2600753,0.9969153,-0.22151284,-1.3687485,1.8796557,0.7883146,-0.8898771,-0.58185065,0.078268565,0.1793904,-0.12881872,0.3291885,-0.10855939,0.29225639,0.057509623,-0.3916389,0.73196405,-0.5898279,0.13127467,0.42457762,0.17016625,-1.60903,0.4856486,0.4900176,0.63587403,0.112824485,0.5952835,-0.60390335,0.94294083,-0.40337634,0.04569931,-0.54716194,0.7186581,-0.4183645,0.54909515,0.9467778,0.51273364,-0.53701186,0.6336973,0.12014631,-0.069887444,-0.6459487,1.2030813,-0.109849036,0.45409867,-0.7836432,-1.7471765,-0.044932697,-1.651286,0.23211662,0.35048324,-0.40643975,0.1585702,-0.36410707,1.9861132,-0.036383655,2,1
247,-1.9835212,-0.6450095,-0.15119916,0.8259099,0.27422443,0.5506861,0.020345908,-0.6382836,0.2457086,-0.021230785,-0.029796362,0.09557717,-0.4292205,0.7208711,0.66434294,0.19217126,0.30296746,0.3189594,-1.0666853,-0.5270589,0.9517495,0.25867695,-0.18693522,0.20617057,-0.6584658,0.45003223,0.6089491,0.007084471,-0.3701343,0.06433255,0.5183231,-0.5143792,1.7285285,0.16352634,0.7889499,0.99552226,-0.21744992,-1.3471518,1.8843201,0.78446835,-0.89035153,-0.5816589,0.076347664,0.18004683,-0.057631653,0.32899186,-0.104755715,0.29215866,0.055760287,-0.38580194,0.7337278,-0.5885714,0.13019831,0.42516503,0.08184564,-1.6094897,0.48544416,0.49592304,0.62881273,0.11931042,0.58556134,-0.60908264,0.94247293,-0.4026755,-0.22039396,-0.54634374,0.7191441,-0.41827074,0.54934627,0.9455348,0.51351875,-0.5565362,0.6230338,0.120785296,0.0021055616,-0.6467029,1.2001368,-0.105762996,0.44509804,-0.7772668,-1.749378,-0.05098051,-1.6530597,0.22804226,0.3516921,-0.40611687,0.15506074,-0.36435932,1.9865854,-0.035444368,2,1
248,-1.9956106,-0.6268498,-0.15119916,0.8259099,0.27422443,0.56636745,0.020345908,-0.6382836,0.2457086,-0.02011607,-0.031858243,0.09557717,-0.4292205,0.7208711,0.66246414,0.17951863,0.30355507,0.31663546,-1.0653553,-0.5256801,0.9517495,0.25867695,-0.18693522,0.20838442,-0.6539265,0.4503192,0.6085573,0.007084471,-0.35942706,0.06433255,0.5460631,-0.51455677,1.7313299,0.16648662,0.65842855,0.99421805,-0.2135431,-1.3256923,1.888966,0.7807412,-0.89035153,-0.58198124,0.076347664,0.18004683,-0.0014001053,0.3287952,-0.101027496,0.29206142,0.054017592,-0.38007498,0.7329975,-0.5895093,0.13030215,0.4254841,-0.016122025,-1.6099937,0.4853183,0.5015391,0.62195873,0.12576212,0.5796852,-0.6080819,0.9422325,-0.40234014,-0.2163754,-0.54549927,0.7196142,-0.41817376,0.5496253,0.9443662,0.51418585,-0.559833,0.61947083,0.12090261,0.023309438,-0.64745706,1.1971422,-0.101723365,0.43630075,-0.77092826,-1.7522639,-0.053623915,-1.6557804,0.22641747,0.35158807,-0.40583792,0.15354382,-0.36461866,1.9871091,-0.034487393,2,1
249,-2.0175703,-0.613321,-0.14964785,0.8308846,0.27184078,0.5718012,0.0231156,-0.6381524,0.23840308,-0.014201497,-0.03462004,0.09470844,-0.42650178,0.7212876,0.65405256,0.16184478,0.31727415,0.3135226,-1.0664843,-0.5249237,0.95719284,0.25839904,-0.17497176,0.20545544,-0.6546355,0.4513287,0.60803235,0.012139239,-0.3067501,0.0676014,0.59731877,-0.517666,1.7356228,0.16942734,1.5471573,0.99298275,-0.20970418,-1.3042606,1.8935653,0.777124,-0.89022976,-0.58110994,0.07216844,0.1840187,0.0050497297,0.32857308,-0.09781135,0.29207364,0.052223776,-0.37442148,0.7298051,-0.5862153,0.12873508,0.42701772,-0.074997865,-1.6105363,0.48514572,0.5069423,0.6154965,0.13234653,0.57879514,-0.6134483,0.943404,-0.4015272,-0.02346687,-0.5447325,0.72011435,-0.41808864,0.5500373,0.94288826,0.5165821,-0.57607996,0.6200361,0.12116204,0.05582118,-0.6480912,1.1939077,-0.09751621,0.42845798,-0.7638832,-1.758392,-0.0541523,-1.6606196,0.22575262,0.35516554,-0.4067335,0.15493637,-0.3660276,1.9876693,-0.033644475,2,1
250,-2.0376017,-0.56632674,-0.14425921,0.848165,0.26356074,0.59067583,0.032736484,-0.63768804,0.21302624,0.006462215,-0.03383951,0.09169076,-0.4170578,0.72273433,0.6335754,0.15932217,0.3655937,0.31379327,-1.0704064,-0.5222865,0.976101,0.2574336,-0.133415,0.19528113,-0.6570983,0.4548628,0.6080923,0.029697686,-0.120275915,0.078956194,0.6444754,-0.52846634,1.7391267,0.17964225,1.4243332,0.99192417,-0.20575833,-1.2825724,1.898084,0.77360266,-0.8897976,-0.57547885,0.057647463,0.1978132,0.027364513,0.32828566,-0.09583045,0.292376,0.05030485,-0.36876342,0.72211194,-0.5692518,0.122808345,0.4308606,-0.20427637,-1.6110735,0.4846599,0.51237756,0.6096496,0.13934284,0.5756672,-0.6320894,0.9474797,-0.39870086,-0.09490879,-0.5441645,0.7207022,-0.418032,0.5507976,0.9405918,0.52524865,-0.6329763,0.622001,0.12173051,0.26964563,-0.648418,1.1901107,-0.0927784,0.4229243,-0.75482696,-1.7679286,-0.055989347,-1.6663728,0.22228518,0.36759785,-0.40984142,0.16013311,-0.36960134,1.9882022,-0.03309361,2,1
251,-2.0376017,-0.56632674,-0.14425921,0.848165,0.26356074,0.59067583,0.032736484,-0.6373376,0.21302624,0.011276803,-0.0021595443,0.09169076,-0.4170578,0.72273433,0.6335754,0.15932217,0.39256096,0.32477996,-1.0704064,-0.5218965,0.976101,0.2574336,-0.133415,0.19528113,-0.6570983,0.45597845,0.6105249,0.029697686,0.02151526,0.078956194,0.6444754,-0.52846634,1.7391267,0.17964225,0.26778764,0.99086547,-0.20195788,-1.2612048,1.9024959,0.7701967,-0.8894325,-0.5672149,0.05749056,0.19770925,0.02372734,0.32799825,-0.09417386,0.29274657,0.048683234,-0.36287865,0.72211194,-0.5611128,0.122808345,0.4308606,-0.03907574,-1.6114055,0.48404825,0.5179197,0.60401994,0.1471501,0.57413304,-0.6320894,0.9477332,-0.39860475,-0.056620087,-0.5435964,0.72128034,-0.41797432,0.551544,0.93834037,0.5283407,-0.6516575,0.622012,0.121478625,0.12678446,-0.6487448,1.1859422,-0.08779021,0.41998962,-0.744327,-1.7679926,-0.056043994,-1.6663728,0.22228518,0.36782286,-0.40972027,0.16013753,-0.36973548,1.988495,-0.032542665,2,1
252,-2.0503154,-0.5844091,-0.14425921,0.848165,0.2587284,0.59067583,0.030475741,-0.63707703,0.21302624,0.012391519,0.0051752995,0.08931317,-0.4170578,0.72273433,0.6214253,0.15932217,0.3988047,0.3273237,-1.072702,-0.52180624,0.976101,0.2574336,-0.133415,0.187933,-0.6570983,0.45623684,0.6137055,0.029697686,0.054344054,0.078956194,0.67450476,-0.5345354,1.741225,0.1766808,0.7183616,0.9898069,-0.19821239,-1.2401292,1.906754,0.76708597,-0.8888112,-0.56469,0.06058519,0.19763212,0.036456376,0.3276411,-0.09259903,0.2930932,0.04723613,-0.3572246,0.71746826,-0.5592284,0.12346409,0.4329336,-0.098097175,-1.6117373,0.483392,0.52339363,0.598463,0.15486859,0.5745464,-0.6345939,0.9497498,-0.39858252,-0.0021412128,-0.543223,0.7219498,-0.4179324,0.55205137,0.9357085,0.5294392,-0.65598273,0.6220159,0.12095329,0.043865934,-0.64907163,1.1817923,-0.08289937,0.4170908,-0.733982,-1.7688909,-0.053440437,-1.6681862,0.22577704,0.36642167,-0.40967143,0.15965201,-0.37210652,1.9887652,-0.032122992,2,1
253,-2.064151,-0.6208555,-0.14440075,0.84929955,0.25542012,0.59811133,0.027977163,-0.6369631,0.20302927,0.017941374,0.0184546,0.086483456,-0.41333747,0.7233043,0.6076731,0.16844998,0.39912978,0.32630032,-1.0746297,-0.52160645,0.98275334,0.25718004,-0.114881925,0.17837104,-0.66752315,0.4574118,0.6163634,0.03802055,0.1985111,0.08162252,0.7074974,-0.53876126,1.743216,0.17066918,1.0287046,0.98884255,-0.19459598,-1.2193774,1.910913,0.764242,-0.88770485,-0.5596111,0.06382087,0.2030659,0.066657685,0.32722417,-0.0916791,0.29356,0.04601805,-0.35164312,0.7123326,-0.5580519,0.12141912,0.43542153,-0.14081287,-1.6120888,0.48260182,0.5288974,0.59295124,0.16237211,0.57651377,-0.643421,0.9511746,-0.39776686,0.049443193,-0.54303813,0.7226859,-0.41791967,0.552669,0.9324552,0.53268147,-0.62845093,0.63018423,0.12067143,0.08083605,-0.6493005,1.1770952,-0.07760986,0.41677257,-0.72197926,-1.7696215,-0.045202903,-1.6709421,0.2315232,0.36466086,-0.4111431,0.16447194,-0.37476632,1.9890385,-0.031880513,2,1
254,-2.0725248,-0.6571113,-0.14460622,0.8509469,0.25506932,0.6089071,0.026432507,-0.6369631,0.18851447,0.023686947,0.037735123,0.08456565,-0.4079358,0.7241318,0.5989008,0.18170287,0.39960176,0.3248144,-1.0753133,-0.5213164,0.9924119,0.2568119,-0.087973304,0.17125845,-0.68265927,0.4591178,0.62354386,0.058652405,0.40783063,0.08640597,0.7277312,-0.53930485,1.7441735,0.16466951,0.6507256,0.9879679,-0.19112007,-1.1989325,1.9149958,0.7615929,-0.8865933,-0.55331933,0.06563387,0.21100418,0.07773302,0.32677037,-0.09126855,0.29412246,0.044980187,-0.34608743,0.70915556,-0.55634356,0.11784564,0.43712366,-0.09029086,-1.612459,0.48169604,0.53441405,0.5874852,0.16967458,0.57866144,-0.6539295,0.9514394,-0.39658254,0.064990126,-0.5429767,0.72345495,-0.41793016,0.5534554,0.92873806,0.53787935,-0.5897512,0.6420431,0.119671226,0.16403598,-0.6494028,1.1717013,-0.07183725,0.41882938,-0.7083698,-1.7698679,-0.035653193,-1.6732724,0.23664874,0.36344332,-0.4132994,0.17191856,-0.37701613,1.9893218,-0.03178652,2,1
255,-2.0725248,-0.6571113,-0.14460622,0.8509469,0.25506932,0.6089071,0.026432507,-0.6369631,0.18851447,0.01465949,0.037735123,0.08456565,-0.4079358,0.7241318,0.5989008,0.18170287,0.39960176,0.3248144,-1.0753133,-0.5213164,0.9924119,0.2568119,-0.087973304,0.17125845,-0.68265927,0.4591178,0.64592475,0.09202191,0.40783063,0.08996694,0.7277312,-0.53930485,1.7441735,0.16466951,1.3567397e-05,0.98709345,-0.18774247,-1.1787279,1.9190044,0.75901735,-0.8865933,-0.55534583,0.06563387,0.21100418,-0.0014001053,0.32631657,-0.09059657,0.29461163,0.043977797,-0.34059858,0.70915556,-0.55634356,0.11784564,0.43712366,-0.00082696596,-1.6128293,0.48078698,0.5398284,0.5820875,0.17691337,0.57866144,-0.6539295,0.9514394,-0.39658254,-0.0026284144,-0.54291534,0.72420824,-0.41794014,0.5542288,0.9250757,0.54117215,-0.5947266,0.6420444,0.11568356,0.10000081,-0.6494078,1.1658143,-0.065843225,0.42068002,-0.6948059,-1.7698679,-0.035653193,-1.6732724,0.23664874,0.36344332,-0.4132994,0.17191908,-0.37913996,1.9896052,-0.03174258,2,1
