Timestep,IMU1_tick,IMU1_ax,IMU1_ay,IMU1_az,IMU1_gx,IMU1_gy,IMU1_gz,IMU2_tick,IMU2_ax,IMU2_ay,IMU2_az,IMU2_gx,IMU2_gy,IMU2_gz,IMU3_tick,IMU3_ax,IMU3_ay,IMU3_az,IMU3_gx,IMU3_gy,IMU3_gz,IMU4_tick,IMU4_ax,IMU4_ay,IMU4_az,IMU4_gx,IMU4_gy,IMU4_gz,IMU5_tick,IMU5_ax,IMU5_ay,IMU5_az,IMU5_gx,IMU5_gy,IMU5_gz,move,label
1716,46931,-15704,-2229,4282,-343,1028,77,46931,-684,-3995,-651,35,65,-4,47392,919,-16015,4421,322,340,-152,47392,1755,16160,1307,-94,-210,-47,46931,-2286,15701,3380,-404,427,-3,10,2
1717,47393,-15704,-2229,4293,-332,1028,77,47393,-684,-3995,-651,35,65,-4,47414,919,-16015,4433,322,340,-152,47414,1755,16166,1307,-87,-112,-47,47393,-2286,15701,3380,-404,427,-3,10,2
1718,47415,-15821,-2229,4293,-332,996,77,47415,-688,-3998,-651,33,65,-4,47436,915,-16015,4433,300,340,-152,47436,1755,16166,1307,-87,-112,-51,47415,-2289,15701,3380,-404,427,-3,10,2
1719,47437,-15929,-2214,4326,-337,972,76,47437,-688,-3998,-650,32,63,0,47458,912,-15992,4450,269,351,-140,47458,1746,16177,1320,-57,-46,-78,47437,-2289,15690,3396,-390,287,2,10,2
1720,47459,-15929,-2214,4326,-337,972,76,47459,-681,-3997,-650,32,63,0,47480,912,-15992,4485,269,351,-140,47480,1746,16177,1320,-57,-46,-78,47459,-2279,15690,3396,-326,287,43,10,2
1721,47481,-16013,-2214,4326,-344,954,71,47481,-681,-3997,-650,32,62,0,47502,890,-15992,4485,262,351,-140,47502,1739,16177,1317,-57,-46,-94,47481,-2279,15682,3396,-326,182,43,10,2
1722,47503,-16086,-2217,4356,-356,953,63,47503,-675,-3994,-649,33,60,3,47524,869,-16002,4502,257,395,-113,47524,1739,16185,1314,-47,3,-106,47503,-2268,15682,3413,-268,104,75,10,2
1723,47525,-16086,-2217,4356,-356,953,63,47525,-675,-3993,-646,34,60,3,47546,869,-16002,4502,257,395,-107,47546,1739,16185,1314,-47,13,-106,47525,-2268,15689,3413,-268,104,75,10,2
1724,47547,-16139,-2217,4356,-360,953,62,47547,-675,-3993,-646,34,58,3,47568,869,-16012,4502,253,395,-107,47568,1739,16183,1312,-47,13,-119,47547,-2268,15689,3413,-268,45,75,10,2
1725,47569,-16165,-2227,4369,-363,975,61,47569,-676,-3992,-645,34,55,7,47590,899,-16020,4515,250,439,-99,47590,1709,16180,1309,-43,45,-153,47569,-2262,15703,3425,-222,36,99,10,2
1726,47591,-16165,-2227,4369,-363,985,61,47591,-676,-3992,-643,35,55,7,47612,899,-16020,4515,250,439,-99,47612,1709,16180,1309,-43,45,-153,47591,-2262,15703,3425,-131,36,119,10,2
1727,47613,-16176,-2227,4369,-363,985,61,47613,-676,-3992,-643,35,51,7,47634,899,-16020,4515,244,439,-103,47634,1678,16178,1306,-43,45,-179,47613,-2262,15691,3425,-131,36,119,10,2
1728,47635,-16185,-2224,4380,-362,1007,73,47635,-679,-3991,-644,36,47,4,47656,865,-16017,4534,236,460,-106,47656,1655,16166,1306,-46,57,-191,47635,-2238,15682,3416,-95,38,173,10,2
1729,47657,-16185,-2224,4380,-351,1007,74,47657,-679,-3988,-644,38,47,4,47678,865,-16013,4534,236,460,-106,47678,1655,16166,1327,-46,57,-191,47657,-2214,15682,3415,-95,75,173,10,2
1730,47679,-16209,-2224,4380,-351,1007,74,47679,-681,-3988,-645,38,45,2,47700,839,-16013,4534,230,460,-106,47700,1638,16166,1327,-48,57,-191,47679,-2214,15682,3410,-108,75,173,10,2
1731,47701,-16226,-2222,4400,-342,983,76,47701,-683,-3980,-648,41,43,2,47722,833,-16007,4541,224,462,-66,47722,1627,16175,1334,-51,66,-169,47701,-2190,15684,3410,-167,104,147,10,2
1732,47723,-16226,-2222,4400,-342,983,76,47723,-683,-3980,-648,41,43,3,47744,833,-16007,4541,224,462,-66,47744,1627,16175,1334,-51,66,-149,47723,-2190,15686,3423,-167,104,147,10,2
1733,47745,-16239,-2234,4400,-342,956,76,47745,-683,-3980,-653,41,43,3,47766,833,-16021,4541,219,462,-66,47766,1625,16175,1319,-54,66,-149,47745,-2190,15686,3423,-212,104,128,10,2
1734,47767,-16242,-2234,4416,-353,928,62,47767,-676,-3976,-656,37,43,5,47788,841,-16040,4547,215,463,-66,47788,1625,16182,1305,-64,66,-108,47767,-2213,15688,3437,-232,124,120,10,2
1735,47789,-16242,-2217,4436,-353,928,62,47789,-676,-3976,-656,37,43,7,47810,841,-16040,4547,215,482,-66,47810,1628,16182,1305,-64,66,-108,47789,-2213,15688,3437,-232,138,120,10,2
1736,47811,-16242,-2217,4436,-365,892,56,47811,-676,-3976,-659,33,43,7,47832,841,-16040,4547,199,482,-66,47832,1628,16182,1294,-76,63,-108,47811,-2218,15688,3437,-245,138,115,10,2
1737,47833,-16255,-2197,4467,-375,865,51,47833,-670,-3977,-659,30,44,13,47854,853,-16037,4571,187,497,-38,47854,1635,16198,1294,-99,-84,-69,47833,-2218,15691,3454,-245,167,111,10,2
1738,47855,-16255,-2197,4467,-375,865,51,47855,-670,-3977,-657,30,44,14,47876,868,-16037,4571,187,497,-34,47876,1640,16200,1305,-99,-84,-69,47855,-2218,15691,3454,-241,207,111,10,2
1739,47877,-16255,-2197,4467,-381,855,48,47877,-670,-3977,-657,28,44,14,47898,868,-16037,4564,187,497,-34,47898,1642,16200,1305,-117,-992,-69,47877,-2218,15691,3454,-241,207,108,10,2
1740,47899,-16255,-2195,4486,-381,855,34,47899,-664,-3977,-655,27,45,19,47920,944,-16058,4534,229,424,-13,47920,1644,16212,1109,-201,-2251,78,47899,-2252,15693,3467,-157,661,108,10,2
1741,47921,-16255,-2195,4490,-381,862,34,47921,-661,-3977,-655,27,46,19,47942,944,-16058,4534,257,424,-14,47942,1644,16222,1109,-201,-2251,78,47921,-2252,15693,3467,-136,886,146,10,2
1742,47943,-16255,-2195,4490,-386,862,18,47943,-661,-3983,-655,27,46,19,47964,944,-16144,4518,257,261,-39,47964,1604,16222,962,-201,-2464,-83,47943,-2278,15693,3431,-136,886,146,10,2
1743,47965,-16190,-2194,4559,-416,937,6,47965,-647,-4047,-627,28,54,19,47986,1027,-16209,4518,205,127,-63,47986,1574,16219,885,-128,-2464,-294,47965,-2286,15694,3404,30,1395,344,10,2
1744,47987,-16088,-2194,4568,-416,943,6,47987,-640,-4047,-627,28,70,19,48008,1027,-16209,4538,205,127,-63,48008,1566,16219,885,-128,-2279,-294,47987,-2286,15763,3404,41,1395,344,10,2
1745,48009,-16088,-2194,4568,-438,943,6,48009,-640,-4095,-627,28,70,18,48030,1027,-16209,4538,166,57,-94,48030,1561,16217,885,-156,-2279,-475,48009,-2286,15763,3380,41,1395,344,10,2
1746,48031,-15088,-2187,4643,-457,1015,21,48031,-623,-4100,-625,53,88,0,48052,1043,-16182,4553,166,13,-250,48052,1561,16165,1018,-177,-2016,-985,48031,-2292,15816,3362,175,1470,445,10,2
1747,48053,-15088,-2178,4644,-457,1015,21,48053,-609,-4100,-625,53,88,0,48074,1043,-16151,4564,213,13,-250,48074,1628,16165,1018,-177,-2005,-985,48053,-2292,15816,3362,220,1470,445,10,2
1748,48075,-15088,-2178,4644,-471,1015,21,48075,-609,-4100,-625,53,86,-15,48096,1043,-16151,4564,213,13,-376,48096,1628,16165,1018,-257,-2005,-1501,48075,-2322,15816,3335,220,1340,445,10,2
1749,48097,-15254,-2191,4724,-530,1099,-17,48097,-567,-4061,-594,116,77,-45,48118,1139,-16108,4571,-152,35,-816,48118,1564,16177,1062,-365,-1644,-2009,48097,-2344,15789,3266,430,1239,606,10,2
1750,48119,-15254,-2191,4725,-530,1268,-17,48119,-567,-4061,-587,116,77,-45,48140,1139,-16103,4571,-152,373,-816,48140,1564,16177,1062,-365,-1601,-2009,48119,-2344,15789,3266,443,1239,777,10,2
1751,48141,-15395,-2278,4725,-609,1268,-60,48141,-567,-4061,-587,116,56,-94,48162,1139,-16103,4571,-533,373,-1346,48162,1516,16177,1012,-466,-1601,-2432,48141,-2348,15789,3214,443,1155,777,10,2
1752,48163,-15579,-2343,4654,-849,1471,-120,48163,-521,-4026,-549,158,28,-144,48184,1353,-16012,4340,-1033,814,-2072,48184,1480,16183,1004,-686,-1223,-3061,48163,-2351,15823,3162,665,777,1243,10,2
1753,48185,-15579,-2343,4654,-849,1471,-120,48185,-521,-4026,-549,165,28,-144,48206,1381,-15994,4340,-1033,875,-2072,48206,1480,16183,1004,-686,-1212,-3061,48185,-2351,15823,3162,729,777,1393,10,2
1754,48207,-15579,-2343,4542,-1123,1471,-173,48207,-521,-4026,-549,165,16,-196,48228,1381,-15994,4038,-1623,875,-3161,48228,1409,16183,998,-1020,-1212,-3889,48207,-2384,15823,3123,729,273,1393,10,2
1755,48229,-14579,-2341,4261,-1359,1451,-212,48229,-425,-3999,-434,208,6,-268,48250,1937,-15628,3595,-2468,1296,-4884,48250,1308,16175,993,-1698,-780,-5095,48229,-2419,15866,3056,1044,-289,2454,10,2
1756,48251,-14579,-2296,4261,-1359,1451,-212,48251,-415,-3999,-432,221,6,-268,48272,1994,-15387,3595,-2468,1296,-4884,48272,1308,16175,993,-1698,-780,-5095,48251,-2419,15874,3056,1097,-289,2960,10,2
1757,48273,-14579,-2296,4048,-1508,1207,-212,48273,-415,-3999,-432,221,6,-371,48294,1994,-15387,3263,-3103,1296,-6181,48294,906,16169,993,-2430,-780,-6353,48273,-2419,15874,2985,1097,-710,2960,10,2
1758,48295,-13579,-2108,3825,-1508,467,-42,48295,-360,-3936,-293,355,-1,-522,48316,2081,-15018,2935,-4113,1421,-7154,48316,74,16148,1319,-3021,-431,-7540,48295,-2358,16030,2931,1368,-927,4960,10,2
1759,48317,-13579,-2059,3825,-1423,467,177,48317,-360,-3926,-293,393,-1,-522,48338,2081,-15018,2935,-4113,1421,-7154,48338,74,16148,1344,-3021,-384,-7540,48317,-1680,16030,2931,1368,-927,4960,10,2
1760,48339,-13579,-2059,3725,-1423,-190,177,48339,-360,-3926,-293,393,-6,-711,48360,2081,-15018,2689,-6113,949,-7817,48360,-826,16148,1344,-3499,-384,-8536,48339,-1680,16030,2659,1368,-927,4960,10,2
1761,48361,-12579,-1686,3508,-1359,-967,230,48361,-406,-3771,-217,652,-83,-879,48382,2146,-15002,2504,-7687,-110,-8314,48382,-1501,16347,1583,-3869,563,-9314,48361,-781,16159,2455,1571,-1392,6337,10,2
1762,48383,-12579,-1686,3508,-1204,-967,230,48383,-406,-3724,-217,653,-83,-879,48404,2654,-15002,2504,-7687,-110,-8314,48404,-1501,16399,1583,-3869,563,-9314,48383,-781,16274,2455,1574,-1392,6337,10,2
1763,48405,-12579,-1686,3488,-1204,-1550,5,48405,-406,-3724,-217,653,-172,-1020,48426,2654,-15002,2366,-8694,-694,-8687,48426,-2051,16399,1583,-3869,563,-9897,48405,-781,16274,2283,1574,-1796,6337,10,2
1764,48427,-11579,-1536,3488,-999,-1987,-163,48427,-296,-3598,-119,892,-239,-1144,48448,3191,-14990,1454,-9160,-1132,-9940,48448,-2757,16503,1676,-4062,614,-10524,48427,219,16533,1528,1815,-2099,7370,10,2
1765,48449,-11579,-1536,3553,-936,-1987,-163,48449,-282,-3598,-119,892,-239,-1144,48470,3346,-14947,1454,-9160,-1132,-9940,48470,-2757,16503,1676,-4062,614,-10524,48449,219,16533,1528,1830,-2099,7580,10,2
1766,48471,-11579,-1663,3553,-936,-2145,-289,48471,-282,-3598,-119,892,-239,-1260,48492,3346,-14947,737,-9160,-1132,-10880,48492,-3362,16503,1676,-4207,614,-10878,48471,219,16533,962,1830,-2099,7580,10,2
1767,48493,-10579,-1758,3652,-777,-2145,-433,48493,-5,-3566,18,1025,-224,-1396,48514,4138,-14871,199,-9017,-1087,-11291,48514,-3850,16581,2480,-4463,790,-11143,48493,1070,16069,962,1855,-1582,8527,10,2
1768,48515,-10579,-1758,3652,-777,-1834,-433,48515,33,-3566,18,1025,-220,-1396,48536,4138,-14871,199,-9017,-1087,-11291,48536,-3850,16581,2523,-4463,790,-11143,48515,1211,16069,1577,1855,-1420,8527,10,2
1769,48537,-10579,-1951,3614,-777,-1834,-541,48537,33,-3593,18,1025,-220,-1448,48558,4138,-14871,52,-9017,-1087,-11524,48558,-4233,16581,2523,-4463,790,-11143,48537,1211,15721,1577,1666,-1420,8527,10,2
1770,48559,-9579,-2096,3525,-672,-1531,-541,48559,269,-3593,216,1114,-131,-1483,48580,5043,-14785,-58,-8648,-887,-11771,48580,-5233,15581,2934,-4010,876,-10708,48559,2211,15046,2107,1253,-1049,8705,10,2
1771,48581,-9579,-2096,3525,-672,-1531,-503,48581,269,-3562,232,1114,-131,-1483,48602,5094,-14785,-58,-8648,-887,-11771,48602,-5233,15581,2934,-3842,876,-10666,48581,2211,15046,2107,1253,-1128,8705,10,2
1772,48603,-9579,-2096,3295,-672,-1531,-503,48603,269,-3562,232,1114,-131,-1488,48624,5094,-14785,-504,-8648,-926,-11954,48624,-6233,14581,2934,-3842,326,-10666,48603,2211,14046,2107,1025,-1128,8705,10,2
1773,48625,-8579,-2043,3123,-594,-1530,-256,48625,484,-3413,413,1145,-121,-1488,48646,6094,-14720,-1186,-8053,-956,-12092,48646,-7233,13581,3242,-3493,326,-9792,48625,3211,13687,1107,899,-1172,8280,10,2
1774,48647,-8579,-2043,3123,-594,-1530,-256,48647,484,-3413,525,1145,-121,-1467,48668,6094,-14720,-1186,-8048,-956,-12092,48668,-7233,13581,3242,-3493,381,-9680,48647,3211,13687,1107,899,-1172,8280,10,2
1775,48669,-9579,-2043,2969,-594,-1556,-256,48669,484,-3413,525,1066,-147,-1467,48690,6094,-14795,-1849,-8048,-978,-12092,48690,-8086,13015,3242,-3493,381,-9680,48669,3211,13418,357,839,-1172,7861,10,2
1776,48691,-10579,-2112,2837,-278,-1556,-174,48691,870,-3377,799,979,-166,-1381,48712,7094,-14795,-2613,-7489,-1206,-10910,48712,-8726,13015,3456,-3506,857,-8462,48691,4211,13216,357,794,-1168,7289,10,2
1777,48713,-10579,-2112,2837,-220,-1549,-174,48713,951,-3377,832,979,-166,-1356,48734,7094,-14783,-2613,-7489,-1206,-10807,48734,-8726,13247,3456,-3506,857,-8276,48713,4211,13216,668,794,-1168,7289,10,2
1778,48735,-11579,-2164,2689,-220,-1549,-174,48735,951,-3377,832,914,-166,-1356,48756,7094,-14774,-3302,-7489,-1377,-10807,48756,-9206,13247,3456,-3515,857,-8276,48735,4211,13200,668,680,-1168,6649,10,2
1779,48757,-12362,-2337,2404,1,-1463,-112,48757,1324,-3350,1097,874,-151,-1215,48778,8094,-14774,-3819,-7309,-1377,-9722,48778,-9590,13059,3886,-3515,1088,-7192,48757,5211,13200,902,435,-1311,5985,10,2
1780,48779,-12362,-2337,2404,1,-1443,-33,48779,1408,-3324,1131,874,-151,-1202,48800,8094,-14767,-3819,-7309,-993,-9722,48800,-9590,13059,3886,-3245,1088,-7130,48779,5211,13332,902,435,-1311,5985,10,2
1781,48801,-12756,-2466,2191,1,-1443,-33,48801,1408,-3324,1131,844,-151,-1202,48822,8094,-14767,-4330,-7309,-993,-9722,48822,-9902,12812,3886,-3245,1088,-7130,48801,5211,13332,902,251,-1418,5369,10,2
1782,48823,-12922,-2577,2031,-127,-1304,51,48823,1804,-3230,1374,805,-140,-1077,48844,9094,-14622,-4954,-6993,-650,-8905,48844,-10415,11921,3634,-2616,1261,-6027,48823,6205,13504,-98,251,-1498,4661,10,2
1783,48845,-12922,-2577,2031,-127,-1302,51,48845,1804,-3173,1375,805,-139,-1072,48866,9094,-14363,-4954,-6939,-650,-8804,48866,-10415,11921,3634,-2616,1387,-5987,48845,6211,13504,-98,255,-1498,4661,10,2
1784,48867,-12922,-2583,1919,-303,-1302,51,48867,1804,-3173,1375,749,-139,-1072,48888,9094,-14363,-5492,-6939,-650,-8804,48888,-10705,11252,3445,-2616,1387,-5987,48867,6211,13504,-874,255,-1534,4046,10,2
1785,48889,-12835,-2583,1767,-459,-1093,43,48889,2072,-3084,1564,692,-48,-925,48910,10094,-13900,-6021,-6715,-1124,-7544,48910,-10705,11252,3445,-2212,2219,-4892,48889,7211,12969,-874,315,-1561,3374,10,2
1786,48911,-12835,-2563,1767,-459,-1033,43,48911,2072,-3084,1586,692,-44,-883,48932,10094,-13860,-6021,-6715,-1124,-7226,48932,-10698,11311,4058,-2212,2284,-4808,48911,7211,12969,-602,315,-1561,3374,10,2
1787,48933,-12835,-2563,1635,-552,-1033,27,48933,2072,-3084,1586,647,-44,-883,48954,10094,-13860,-6449,-6715,-1299,-7226,48954,-10698,11311,4058,-2212,2284,-4808,48933,7211,12969,-602,315,-1986,2659,10,2
1788,48955,-12949,-2476,1506,-552,-831,15,48955,2273,-3058,1827,613,27,-712,48976,11094,-12860,-6868,-6676,-1299,-5898,48976,-10693,11268,4518,-1882,3213,-3721,48955,7761,13027,-5,-240,-2304,2063,10,2
1789,48977,-12949,-2456,1506,-523,-831,15,48977,2273,-3058,1827,613,27,-712,48998,11094,-12860,-6868,-6676,-1296,-5898,48998,-10693,11268,4518,-1580,3213,-3701,48977,7761,13027,-5,-240,-2304,2063,10,2
1790,48999,-13034,-2456,1369,-523,-831,15,48999,2273,-3058,1827,588,27,-712,49020,11094,-12860,-7088,-6676,-1296,-5898,49020,-10788,11012,4518,-1580,3213,-3701,48999,7761,13027,-5,-657,-2487,1653,10,2
1791,49021,-13155,-2363,1163,-473,-659,113,49021,2407,-2850,1975,554,44,-579,49042,12094,-11860,-7253,-5887,-1189,-5094,49042,-11031,10820,4166,-1061,2944,-2783,49021,8173,13102,38,-949,-2487,1351,10,2
1792,49043,-13155,-2363,1163,-454,-487,113,49043,2407,-2841,1975,554,44,-579,49064,12094,-11860,-7253,-5374,-1168,-5079,49064,-11031,10820,4166,-1061,2944,-2783,49043,8173,13102,38,-949,-2254,1351,10,2
1793,49065,-13205,-2363,1009,-454,-487,81,49065,2407,-2841,1975,511,44,-579,49086,12094,-11860,-7471,-5374,-1168,-5079,49086,-11204,10820,3902,-1061,2656,-2783,49065,8173,13102,38,-949,-2254,1174,10,2
1794,49087,-13242,-2523,995,-361,-166,24,49087,2565,-2720,2126,394,32,-471,49108,12528,-10860,-8471,-3946,-1072,-4382,49108,-11204,11554,3733,-599,2320,-2317,49087,8487,13158,-205,-608,-1983,1031,10,2
1795,49109,-13242,-2523,995,-334,-142,24,49109,2585,-2720,2168,394,32,-469,49130,12528,-10860,-8471,-3904,-1072,-4283,49130,-11177,11554,3733,-590,2320,-2317,49109,8487,13158,-205,-551,-1727,1031,10,2
1796,49131,-13270,-2643,995,-334,-142,24,49131,2585,-2720,2168,297,23,-469,49152,12528,-10860,-9427,-3904,-1072,-4283,49152,-11177,11554,3629,-590,2059,-2317,49131,8487,13138,-205,-551,-1727,935,10,2
1797,49153,-13366,-2685,1001,-256,128,137,49153,2798,-2641,2317,224,17,-385,49174,12854,-9860,-10144,-2721,-603,-3615,49174,-11267,11525,3378,-215,1625,-2050,49153,8749,13021,-263,-224,-1391,863,10,2
1798,49175,-13366,-2685,1001,-256,128,256,49175,2798,-2641,2317,224,17,-385,49196,12854,-9860,-10144,-2625,-303,-3531,49196,-11297,11525,3378,-215,1625,-2050,49175,8749,13021,-263,-224,-1391,863,10,2
1799,49197,-13438,-2685,1001,-256,128,256,49197,2798,-2641,2317,179,17,-385,49218,12854,-9860,-10682,-2625,-303,-3531,49218,-11365,11503,3217,-215,1286,-2050,49197,8749,13021,-307,-224,-1391,863,10,2
1800,49219,-13645,-2665,1032,-239,306,288,49219,2826,-2571,2395,146,34,-320,49240,13108,-8860,-11108,-1698,-77,-2724,49240,-11438,11436,3096,-243,956,-1836,49219,8945,13246,-406,-2,-1265,867,10,2
1801,49241,-13645,-2665,1032,-239,306,288,49241,2826,-2571,2395,146,34,-319,49262,13108,-8860,-11108,-1698,-77,-2575,49262,-11438,11436,3096,-243,956,-1711,49241,9002,13246,-406,-2,-1265,867,10,2
1802,49263,-13800,-2665,1032,-239,306,288,49263,2826,-2571,2395,138,31,-319,49284,13108,-8860,-11417,-1698,-77,-2575,49284,-11546,11389,3075,-306,797,-1711,49263,9002,13246,-480,-2,-1265,867,10,2
1803,49285,-13917,-2651,974,-204,443,194,49285,2847,-2530,2443,136,28,-218,49306,13424,-8105,-11648,-1141,91,-1751,49306,-11627,11350,3059,-353,678,-1329,49285,9192,13105,-536,147,-993,870,10,2
1804,49307,-13917,-2651,974,-204,443,194,49307,2880,-2530,2443,136,28,-210,49328,13424,-8105,-11648,-1141,235,-1751,49328,-11627,11350,3059,-353,678,-1310,49307,9192,13105,-536,147,-993,870,10,2
1805,49329,-13917,-2651,884,-204,443,124,49329,2880,-2530,2443,134,25,-210,49350,13424,-8105,-11822,-1141,235,-1751,49350,-11688,11308,3047,-353,579,-1310,49329,9192,13102,-620,147,-993,863,10,2
1806,49351,-13659,-2619,732,-185,590,-89,49351,2871,-2500,2479,109,15,-124,49372,13863,-7792,-11952,-405,664,-919,49372,-11688,11084,3047,-243,379,-969,49351,9308,13100,-683,293,-789,824,10,2
1807,49373,-13532,-2619,732,-185,590,-89,49373,2871,-2500,2481,109,15,-123,49394,13863,-7792,-11952,-335,677,-833,49394,-11688,11084,3449,-239,379,-845,49373,9394,13100,-683,360,-673,824,10,2
1808,49395,-13532,-2699,560,-186,590,-304,49395,2871,-2500,2481,63,4,-123,49416,13863,-7792,-11952,-335,677,-833,49416,-11741,10818,3449,-239,229,-845,49395,9394,13099,-683,360,-673,751,10,2
1809,49417,-13127,-2907,340,-186,880,-479,49417,2905,-2520,2560,20,-22,-43,49438,14333,-8792,-10999,664,1047,199,49438,-11780,10716,3808,-84,-22,-239,49417,9650,12657,-328,414,-4,339,10,2
1810,49439,-12765,-2907,340,-236,880,-479,49439,2905,-2520,2560,20,-22,-23,49460,14333,-8792,-10952,915,1047,203,49460,-11780,10716,3808,-33,-22,-80,49439,9673,12657,-328,414,-4,339,10,2
1811,49461,-12765,-3032,175,-248,880,-479,49461,2905,-2571,2560,-60,-64,-23,49482,14333,-9792,-10952,915,1047,203,49482,-11810,10716,3485,-33,-309,-80,49461,9673,12657,-328,350,-4,-145,10,2
1812,49483,-12434,-3032,79,-338,658,-478,49483,2930,-2660,2549,-228,-96,57,49504,14482,-10511,-10237,2202,1325,1251,49504,-11810,10851,3242,188,-849,627,49483,9687,12797,-970,219,504,-853,10,2
1813,49505,-12434,-3030,79,-360,658,-285,49505,2930,-2660,2549,-228,-96,84,49526,14482,-10511,-10087,2202,1325,1314,49526,-11778,10851,3242,188,-849,656,49505,9687,12797,-970,219,504,-853,10,2
1814,49527,-12652,-3030,79,-362,492,-285,49527,2930,-2748,2527,-354,-109,84,49548,14396,-10975,-10087,2202,1325,1314,49548,-11778,10851,3060,188,-1273,656,49527,9687,12797,-1285,121,504,-1384,10,2
1815,49549,-12977,-2932,226,-363,420,-121,49549,2932,-2814,2490,-448,-116,169,49570,14153,-11323,-9098,3081,1668,2420,49570,-11655,10952,2691,255,-1675,1326,49549,9698,12402,-1521,-60,1060,-1814,10,2
1816,49571,-12977,-2932,226,-364,420,-105,49571,2932,-2814,2490,-448,-116,189,49592,14153,-11323,-9087,3081,1668,2560,49592,-11616,11054,2691,255,-1675,1348,49571,9698,12402,-1521,-60,1060,-1814,10,2
1817,49593,-13249,-2932,226,-364,420,-105,49593,2932,-2837,2422,-519,-117,189,49614,14153,-11584,-9087,3081,1668,2560,49614,-11616,11054,2414,255,-2139,1348,49593,9698,12402,-1521,-329,1060,-2155,10,2
1818,49615,-13529,-2859,443,-364,574,194,49615,2927,-2855,2285,-580,-118,309,49636,14221,-12152,-8087,3796,2079,3595,49636,-11362,11350,2414,350,-2704,1876,49615,9518,12506,-1215,-567,1526,-2507,10,2
1819,49637,-13529,-2859,466,-325,591,217,49637,2927,-2855,2285,-580,-118,327,49658,14221,-12152,-8087,3996,2079,3712,49658,-11325,11350,2853,465,-2704,1991,49637,9518,12598,-1215,-567,1526,-2507,10,2
1820,49659,-13848,-2859,466,-325,591,217,49659,2924,-2877,2168,-628,-118,327,49680,14221,-12578,-8087,3996,2079,3712,49680,-11325,11350,2853,465,-3128,1991,49659,9383,12598,-1215,-646,1526,-2900,10,2
1821,49681,-14179,-2802,740,-296,899,430,49681,2822,-2942,2057,-667,-88,461,49702,13740,-12979,-7087,4683,2227,4904,49702,-11039,11411,3239,706,-3411,2857,49681,9186,12745,-619,-656,1876,-3442,10,2
1822,49703,-14179,-2769,740,-296,1057,430,49703,2822,-2942,2057,-667,-73,479,49724,13740,-12979,-7087,4683,2227,5057,49724,-11039,11411,3239,806,-3411,2896,49703,9186,12759,-501,-656,1876,-3442,10,2
1823,49725,-14478,-2769,740,-296,1057,430,49725,2633,-2999,1882,-698,-73,479,49746,13363,-13316,-7087,4683,2227,5057,49746,-11039,11411,3239,806,-3428,2896,49725,8942,12759,-501,-656,1876,-3975,10,2
1824,49747,-14754,-2724,965,-251,1420,522,49747,2485,-3063,1723,-763,-55,625,49768,12886,-13715,-6103,5396,2295,6229,49768,-10663,11686,3328,1103,-3700,3927,49747,8690,12880,-379,-632,1905,-4695,10,2
1825,49769,-14754,-2724,1019,-251,1420,522,49769,2485,-3063,1723,-763,-55,637,49790,12886,-13715,-6087,5396,2295,6319,49790,-10663,12186,3328,1155,-3700,4058,49769,8690,13452,-379,-632,1905,-4695,10,2
1826,49791,-14754,-2724,1019,-251,1420,470,49791,2365,-3133,1579,-812,-55,637,49812,12494,-13715,-6087,5396,2295,6319,49812,-10663,12186,3328,1155,-3847,4058,49791,8327,13452,-379,-632,1887,-5360,10,2
1827,49813,-13754,-2691,1392,-190,1678,346,49813,2189,-3218,1443,-849,-41,791,49834,11496,-13699,-5087,6085,2043,7599,49834,-10204,12685,3457,1627,-3957,5098,49813,7951,13691,-288,-588,1873,-5957,10,2
1828,49835,-13754,-2689,1392,-190,1678,346,49835,2189,-3218,1443,-849,-41,804,49856,11496,-13699,-5087,6085,2043,7723,49856,-10035,12685,3457,1627,-3957,5240,49835,7951,13691,-288,-588,1873,-5957,10,2
1829,49857,-13754,-2689,1392,-190,1678,223,49857,2040,-3279,1292,-876,-41,804,49878,10496,-13699,-5087,6085,1854,7723,49878,-10035,12685,3457,1627,-3957,5240,49857,7669,13691,-288,-645,1863,-6506,10,2
1830,49879,-12754,-2498,1673,-147,1921,90,49879,1835,-3314,1123,-900,-34,946,49900,9496,-13615,-4087,6560,1673,8869,49900,-9389,13059,3419,1965,-3356,6642,49879,7166,13870,-263,-708,1755,-7279,10,2
1831,49901,-12754,-2498,1673,-147,1921,90,49901,1835,-3314,1123,-900,-34,961,49922,9496,-13615,-4087,6560,1673,8950,49922,-9320,13393,3419,1965,-2997,6837,49901,7166,14052,-263,-708,1755,-7279,10,2
1832,49923,-12754,-2498,1673,-147,1921,-9,49923,1675,-3340,990,-900,-34,961,49944,8715,-13615,-4087,6560,1537,8950,49944,-9320,13393,3391,1965,-2997,6837,49923,6718,14052,-263,-883,1645,-8003,10,2
1833,49945,-11754,-2355,1883,-194,2102,-75,49945,1486,-3360,859,-894,-23,1129,49966,7800,-13552,-3191,6653,1048,9870,49966,-8320,13924,3357,2202,-2274,8087,49945,5897,14440,-55,-1182,1592,-8653,10,2
1834,49967,-11754,-2225,1886,-194,2103,-75,49967,1486,-3360,859,-880,-19,1129,49988,7800,-13552,-3191,6653,1048,9870,49988,-8320,14197,3357,2202,-2258,8105,49967,5897,14463,-55,-1182,1592,-8653,10,2
1835,49989,-11754,-2225,1886,-229,2103,-111,49989,1286,-3362,728,-880,-19,1129,50010,7021,-13552,-3191,6653,566,9870,50010,-8320,14197,3331,2202,-2258,8105,49989,5266,14463,-55,-1522,1592,-9156,10,2
1836,50011,-10754,-1953,2097,-229,2472,-138,50011,1035,-3362,580,-830,2,1252,50032,6218,-14163,-2519,6723,550,10493,50032,-7362,14542,3281,2380,-1418,9250,50011,4548,14898,351,-2073,1653,-9580,10,2
1837,50033,-10754,-1912,2097,-154,2480,-138,50033,1035,-3273,580,-830,10,1252,50054,6218,-14163,-2405,6723,550,10493,50054,-7320,14557,3281,2380,-1381,9250,50033,4548,14898,351,-2073,1653,-9580,10,2
1838,50055,-10754,-1912,2097,-154,2480,-177,50055,808,-3273,452,-830,10,1252,50076,5605,-14621,-2405,6723,550,10493,50076,-7320,14557,3213,2380,-1381,9250,50055,4008,14898,351,-2577,1555,-9954,10,2
1839,50077,-9754,-1640,2194,46,2653,-216,50077,637,-3185,324,-798,16,1336,50098,5026,-14707,-1405,6438,552,10605,50098,-6320,14935,3147,2625,-604,9821,50077,3016,15264,767,-2955,1262,-10235,10,2
1840,50099,-9754,-1640,2194,46,2653,-216,50099,637,-3185,324,-798,16,1336,50120,5026,-14707,-1405,6438,698,10605,50120,-6320,14935,3147,2817,-604,9821,50099,3016,15264,775,-2955,1262,-10235,10,2
1841,50121,-9754,-1640,2085,46,2653,-229,50121,520,-3185,229,-798,16,1336,50142,4562,-14707,-1405,6224,698,10385,50142,-6320,14935,2971,2817,-604,9821,50121,2029,15264,775,-2955,1042,-10235,10,2
1842,50143,-8754,-1653,1924,34,2236,-229,50143,432,-3228,191,-794,20,1343,50164,4001,-14772,-473,5813,568,9373,50164,-5320,15174,2474,2854,-363,9476,50143,1288,15323,1401,-2936,907,-9929,10,2
1843,50165,-8754,-1653,1924,34,2236,-222,50165,432,-3228,191,-794,41,1343,50186,4001,-14772,-473,5813,568,9373,50186,-5320,15174,2474,2854,-363,9476,50165,1288,15323,1401,-2936,907,-9647,10,2
1844,50187,-8754,-1662,1617,25,1853,-222,50187,258,-3266,150,-794,41,1266,50208,3399,-14772,-473,5813,568,8575,50208,-5320,15174,2062,2562,-363,9216,50187,772,15323,1401,-2936,806,-9647,10,2
1845,50209,-7754,-1754,1617,18,1389,-166,50209,12,-3411,99,-775,242,1161,50230,2623,-15153,419,5763,627,7647,50230,-4320,15436,1735,2196,-182,8856,50209,385,15508,1582,-3259,486,-9024,10,2
1846,50231,-7754,-1754,1745,18,1389,-166,50231,12,-3411,99,-750,242,1161,50252,2623,-15153,431,5763,1046,7647,50252,-4320,15436,1735,2196,-150,8856,50231,385,15508,1582,-3259,486,-9021,10,2
1847,50253,-8754,-1759,1745,13,1041,-166,50253,-226,-3510,46,-746,212,1035,50274,2041,-15438,431,5726,1046,6951,50274,-4320,15436,1557,1843,-150,8586,50253,-17,15508,1582,-3502,192,-9021,10,2
1848,50275,-9754,-1968,1928,-207,992,-206,50275,-419,-3585,-78,-732,141,901,50296,2002,-15766,1130,5698,1404,6339,50296,-3320,15641,1481,1509,270,7668,50275,-994,15549,1944,-3592,-28,-8476,10,2
1849,50297,-9754,-1968,1928,-207,992,-206,50297,-419,-3585,-78,-732,141,901,50318,2002,-15766,1130,5698,1501,6339,50318,-3320,15641,1481,1509,270,7668,50297,-994,15549,2033,-3592,-28,-8137,10,2
1850,50319,-10754,-2125,1921,-372,973,-236,50319,-536,-3641,-171,-762,141,789,50340,2002,-15897,1130,5064,1501,5027,50340,-3320,15641,1424,984,2,6075,50319,-1819,15549,2033,-3592,-28,-8137,10,2
1851,50341,-11169,-2242,1915,-408,959,-251,50341,-558,-3865,-241,-785,143,685,50362,2558,-15897,1964,3687,890,3027,50362,-2320,15800,1382,513,-620,4242,50341,-2438,15579,2700,-3041,447,-6137,10,2
1852,50363,-11169,-2242,1915,-408,959,-251,50363,-558,-3865,-241,-785,143,685,50384,2558,-15854,1964,3687,890,3027,50384,-2320,15800,1382,513,-620,4242,50363,-2438,15579,2700,-2756,1305,-6137,10,2
1853,50385,-11169,-2242,1915,-408,959,-251,50385,-574,-3865,-358,-785,143,553,50406,1965,-15854,1964,2813,431,1846,50406,-2320,15800,1382,287,-1087,2880,50385,-2438,15579,2700,-2756,1305,-6137,10,2
1854,50407,-10169,-1948,2362,-72,969,19,50407,-690,-3819,-446,-580,130,298,50428,1239,-15814,2473,2158,87,1403,50428,-1422,15860,1428,255,-1437,2082,50407,-2207,15602,2924,-2118,1566,-4364,10,2
1855,50429,-10169,-1948,2415,-72,1494,19,50429,-690,-3819,-446,-580,130,298,50450,1239,-15814,2473,2158,87,1403,50450,-1422,15860,1428,255,-1437,2082,50429,-2207,15602,2924,-2060,1566,-4364,10,2
1856,50451,-10169,-1948,2415,-72,1494,19,50451,-819,-3819,-446,-580,90,155,50472,1219,-15814,2473,1636,87,1213,50472,-1422,15856,1428,233,-1934,1846,50451,-2207,15587,2924,-2060,1566,-4364,10,2
1857,50473,-11169,-2228,2949,26,1895,-84,50473,-915,-3846,-432,-415,2,105,50494,1219,-15934,3084,1137,382,1070,50494,-640,15853,1334,214,-2306,1669,50473,-2161,15565,3046,-1576,1666,-3399,10,2
1858,50495,-11169,-2228,2949,26,1895,-84,50495,-915,-3846,-432,-415,2,105,50516,1534,-15934,3084,1137,382,1070,50516,-604,15853,1334,214,-2306,1669,50495,-2161,15565,3058,-1576,1762,-3399,10,2
1859,50517,-12169,-2517,2949,-126,1759,-162,50517,-915,-3872,-460,-415,-63,88,50538,1534,-16054,3084,762,382,749,50538,-604,15853,1263,181,-2306,1428,50517,-2200,15559,3058,-1576,1762,-3399,10,2
1860,50539,-13038,-2733,3304,-240,1453,-162,50539,-743,-3928,-540,-302,-100,76,50560,1966,-16144,3333,590,263,228,50560,211,15965,1225,108,-2177,1144,50539,-2500,15538,3153,-1261,1994,-2542,10,2
1861,50561,-13038,-2733,3304,-240,1453,-92,50561,-695,-3928,-540,-302,-100,76,50582,1966,-16144,3333,590,263,228,50582,211,15965,1225,108,-1781,1144,50561,-2500,15538,3158,-1261,1994,-2371,10,2
1862,50583,-13628,-2733,3304,-240,1453,-92,50583,-695,-3975,-544,-302,-100,67,50604,1787,-16144,3333,483,-7,-4,50604,211,15965,1225,53,-1781,873,50583,-2543,15522,3158,-1261,1994,-2371,10,2
1863,50605,-13628,-2316,3494,-161,1567,-19,50605,-582,-4006,-544,-218,-48,58,50626,1415,-16064,3528,381,-209,-4,50626,721,15973,1241,-12,-1277,609,50605,-2543,15510,3339,-1024,1772,-1638,10,2
1864,50627,-12628,-2316,3494,-112,1567,-19,50627,-582,-4006,-528,-217,-31,58,50648,1415,-16064,3600,381,-209,63,50648,721,15973,1268,-12,-1224,609,50627,-2431,15510,3339,-1019,1772,-1638,10,2
1865,50649,-12628,-2316,3494,-112,1567,-19,50649,-693,-4006,-528,-217,-31,47,50670,1308,-16064,3600,332,-209,63,50670,721,15973,1268,-38,-1224,411,50649,-2431,15510,3339,-1019,1217,-1638,10,2
1866,50671,-13466,-2426,3673,-110,1402,-30,50671,-777,-3993,-524,-147,-1,36,50692,1308,-16101,3801,295,20,61,50692,1094,16001,1287,-59,-806,301,50671,-2561,15536,3384,-755,664,-1288,10,2
1867,50693,-13466,-2426,3676,-110,1402,-30,50693,-777,-3993,-524,-147,-1,36,50714,1363,-16101,3801,295,231,61,50714,1094,16005,1287,-59,-707,301,50693,-2561,15536,3384,-755,664,-1288,10,2
1868,50715,-14106,-2508,3676,-110,1269,-30,50715,-777,-3993,-532,-147,-1,19,50736,1363,-16101,3801,286,231,40,50736,1094,16005,1287,-74,-707,228,50715,-2658,15536,3384,-755,249,-1288,10,2
1869,50737,-14574,-2508,3836,-108,1178,-26,50737,-704,-4002,-543,-112,-27,2,50758,1597,-16047,3909,286,326,24,50758,1395,16035,1265,-86,21,173,50737,-2712,15562,3435,-557,-62,-956,10,2
1870,50759,-14574,-2373,3836,-93,1178,-7,50759,-699,-4002,-543,-112,-27,2,50780,1597,-16047,3914,300,326,24,50780,1395,16035,1265,-86,222,173,50759,-2712,15562,3435,-557,-62,-939,10,2
1871,50781,-14937,-2373,3836,-93,1178,-7,50781,-699,-4002,-551,-112,-47,-2,50802,1597,-16047,3914,300,260,24,50802,1395,16035,1257,-100,222,67,50781,-2712,15562,3435,-557,-478,-939,10,2
1872,50803,-15230,-2276,3922,36,1244,-15,50803,-637,-4001,-570,-95,-47,-2,50824,1449,-16050,4028,426,-3,110,50824,1638,16051,1257,-110,826,-63,50803,-2685,15559,3447,-408,-1390,-702,10,2
1873,50825,-15230,-2276,3922,36,1353,-15,50825,-637,-4001,-570,-95,-33,8,50846,1449,-16050,4031,426,-3,110,50846,1638,16051,1280,-110,826,-63,50825,-2685,15559,3447,-408,-1390,-702,10,2
1874,50847,-15456,-2276,3922,36,1353,-41,50847,-637,-4001,-587,-95,-33,8,50868,1196,-16093,4031,426,-3,110,50868,1638,16051,1280,-110,826,-175,50847,-2685,15559,3447,-408,-2074,-702,10,2
1875,50869,-15626,-2295,3969,53,1420,-61,50869,-645,-4000,-597,-82,-9,15,50890,1007,-16125,4116,410,50,136,50890,1817,16077,1331,-14,1183,-259,50869,-2690,15578,3456,-370,-2348,-525,10,2
1876,50891,-15626,-2295,4005,53,1420,-61,50891,-645,-4000,-597,-82,-9,15,50912,1007,-16125,4139,410,191,136,50912,1817,16077,1331,17,1183,-259,50891,-2690,15578,3456,-370,-2348,-471,10,2
1877,50913,-15760,-2295,4005,-15,1420,-72,50913,-651,-4006,-601,-82,-9,15,50934,1003,-16125,4139,371,191,81,50934,1817,16077,1331,17,1183,-325,50913,-2690,15578,3456,-370,-2384,-471,10,2
1878,50935,-15869,-2290,4067,-66,1465,-72,50935,-651,-4015,-604,-64,-7,14,50956,1003,-16122,4220,326,419,40,50956,1954,16097,1338,144,1503,-380,50935,-2637,15594,3507,-143,-2384,-237,10,2
1879,50957,-15869,-2286,4071,-66,1465,-46,50957,-644,-4015,-604,-64,-7,14,50978,1077,-16122,4222,326,419,40,50978,1954,16098,1338,144,1503,-380,50957,-2637,15594,3507,-134,-2202,-237,10,2
1880,50979,-15942,-2286,4071,-97,1465,-46,50979,-644,-4015,-606,-64,-7,10,51000,1077,-16122,4222,293,419,37,51000,1954,16098,1338,144,1433,-496,50979,-2637,15594,3507,-134,-2202,-237,10,2
1881,51001,-15966,-2229,4121,-121,1511,-23,51001,-638,-4003,-623,-36,-6,7,51022,1070,-16099,4290,282,358,37,51022,2057,16124,1343,206,1316,-586,51001,-2611,15596,3524,93,-1916,-58,10,2
1882,51023,-15966,-2229,4121,-121,1511,-22,51023,-638,-4003,-623,-33,-6,7,51044,1070,-16099,4290,282,358,40,51044,2057,16124,1347,206,1316,-586,51023,-2611,15596,3524,104,-1880,-27,10,2
1883,51045,-15984,-2229,4121,-129,1511,-22,51045,-638,-4003,-636,-33,-6,7,51066,1065,-16107,4290,279,249,40,51066,2057,16124,1347,206,1205,-623,51045,-2611,15596,3524,104,-1880,-27,10,2
1884,51067,-16026,-2192,4150,-129,1527,-5,51067,-656,-3996,-645,-12,28,11,51088,1001,-16113,4340,277,155,37,51088,1999,16134,1332,247,1034,-629,51067,-2592,15615,3526,348,-1599,179,10,2
1885,51089,-16026,-2192,4150,-90,1527,-5,51089,-656,-3996,-645,-12,28,11,51110,1001,-16113,4340,277,155,37,51110,1999,16134,1332,247,1034,-629,51089,-2485,15624,3526,348,-1599,179,10,2
1886,51111,-16063,-2192,4150,-90,1527,-5,51111,-697,-3996,-645,-12,28,9,51132,940,-16113,4340,275,155,31,51132,1956,16122,1321,247,889,-629,51111,-2485,15624,3506,348,-1599,179,10,2
1887,51133,-16088,-2188,4175,-55,1530,-1,51133,-727,-3989,-643,-3,25,3,51154,824,-16075,4383,247,206,-17,51154,1924,16113,1293,215,701,-608,51133,-2390,15632,3401,360,-1248,304,10,2
1888,51155,-16088,-2188,4175,-55,1525,-1,51155,-727,-3989,-643,-3,25,3,51176,824,-16075,4392,247,224,-17,51176,1924,16113,1293,215,701,-603,51155,-2386,15632,3401,360,-1243,304,10,2
1889,51177,-16104,-2188,4175,-55,1525,-1,51177,-727,-3989,-645,-3,22,-1,51198,737,-16075,4392,226,224,-48,51198,1887,16113,1255,186,557,-603,51177,-2386,15632,3347,321,-1243,304,10,2
1890,51199,-16104,-2185,4194,-129,1456,4,51199,-714,-3982,-651,4,20,-4,51220,686,-16047,4440,210,270,-48,51220,1853,16120,1227,155,421,-535,51199,-2291,15637,3319,235,-912,285,10,2
1891,51221,-16095,-2183,4194,-129,1456,17,51221,-711,-3982,-651,9,20,-4,51242,686,-16047,4448,210,275,-20,51242,1853,16120,1227,155,421,-521,51221,-2291,15637,3319,235,-912,285,10,2
1892,51243,-16095,-2183,4194,-193,1421,17,51243,-711,-3982,-656,9,20,-4,51264,670,-16057,4448,210,275,-20,51264,1839,16120,1226,122,319,-521,51243,-2291,15637,3298,158,-912,250,10,2
1893,51265,-16088,-2201,4227,-305,1378,11,51265,-708,-3977,-659,16,20,1,51286,670,-16068,4450,211,324,-61,51286,1839,16126,1225,87,263,-439,51265,-2251,15671,3274,99,-716,224,10,2
1894,51287,-16088,-2201,4229,-305,1378,11,51287,-708,-3977,-659,16,26,5,51308,671,-16068,4450,211,400,-61,51308,1840,16127,1225,87,263,-439,51287,-2251,15671,3274,99,-716,224,10,2
1895,51309,-16088,-2214,4229,-403,1307,6,51309,-708,-3983,-661,16,26,5,51330,671,-16068,4450,211,400,-92,51330,1840,16127,1221,43,221,-439,51309,-2251,15671,3256,44,-716,204,10,2
1896,51331,-16117,-2214,4251,-477,1254,6,51331,-707,-3987,-663,17,40,10,51812,712,-16058,4458,151,493,-115,51812,1842,16132,1211,10,175,-385,51331,-2221,15692,3243,3,-559,189,11,2
1897,51813,-16117,-2166,4251,-477,1254,16,51813,-706,-3987,-663,17,40,10,51834,719,-16053,4458,151,493,-115,51834,1842,16141,1211,10,175,-385,51813,-2221,15697,3243,3,-559,189,11,2
1898,51835,-16138,-2166,4251,-508,1179,16,51835,-706,-3988,-665,17,40,10,51856,719,-16053,4458,151,493,-133,51856,1842,16141,1211,-10,134,-385,51835,-2221,15697,3243,-27,-559,169,11,2
1899,51857,-16154,-2130,4268,-526,1105,31,51857,-701,-3988,-665,21,45,11,51878,815,-16035,4479,160,522,-156,51878,1824,16135,1215,-25,104,-297,51857,-2214,15706,3263,-74,-441,154,11,2
1900,51879,-16154,-2130,4316,-526,1105,31,51879,-689,-3986,-665,23,45,11,51900,815,-16033,4482,160,522,-156,51900,1824,16135,1218,-25,104,-295,51879,-2214,15706,3283,-74,-441,154,11,2
1901,51901,-16179,-2130,4316,-540,1046,31,51901,-689,-3986,-665,23,45,11,51922,815,-16033,4482,160,522,-156,51922,1813,16131,1218,-39,90,-295,51901,-2214,15706,3283,-124,-441,133,11,2
1902,51923,-16198,-2110,4378,-566,1002,46,51923,-683,-3985,-663,29,52,12,51944,843,-16022,4498,171,516,-144,51944,1813,16131,1218,-49,80,-228,51923,-2198,15705,3321,-165,-279,97,11,2
1903,51945,-16198,-2110,4384,-566,1002,46,51945,-683,-3985,-662,29,52,12,51966,843,-16022,4500,187,516,-144,51966,1817,16142,1218,-49,80,-228,51945,-2198,15704,3335,-165,-276,97,11,2
1904,51967,-16205,-2118,4384,-592,969,46,51967,-683,-3985,-662,29,52,12,51988,843,-16022,4500,187,516,-144,51988,1817,16142,1218,-57,72,-228,51967,-2198,15704,3335,-193,-276,66,11,2
1905,51989,-16210,-2131,4435,-613,920,52,51989,-681,-3987,-665,34,55,13,52010,905,-16020,4487,167,551,-146,52010,1829,16153,1218,-60,68,-188,51989,-2211,15704,3373,-201,-209,44,11,2
1906,52011,-16210,-2131,4435,-613,920,52,52011,-681,-3987,-665,34,55,13,52032,905,-16020,4487,167,551,-146,52032,1829,16155,1218,-60,68,-188,52011,-2211,15707,3373,-201,-209,44,11,2
1907,52033,-16222,-2137,4435,-629,879,52,52033,-681,-3988,-667,34,55,13,52054,905,-16020,4474,152,551,-148,52054,1829,16155,1218,-61,65,-188,52033,-2221,15707,3373,-201,-209,44,11,2
1908,52055,-16232,-2141,4461,-635,849,60,52055,-675,-3989,-669,35,57,13,52076,953,-16019,4463,152,577,-150,52076,1831,16157,1224,-61,63,-169,52055,-2221,15709,3391,-187,-158,50,11,2
1909,52077,-16232,-2141,4461,-635,849,60,52077,-675,-3989,-669,35,58,13,52098,953,-16019,4463,168,577,-150,52098,1831,16157,1224,-61,63,-169,52077,-2221,15709,3391,-183,-158,59,11,2
1910,52099,-16246,-2141,4461,-635,849,60,52099,-677,-3989,-671,35,58,13,52120,953,-16024,4463,168,577,-155,52120,1823,16155,1224,-61,61,-169,52099,-2221,15707,3391,-183,-158,59,11,2
1911,52121,-16250,-2127,4480,-610,896,66,52121,-678,-3987,-673,35,61,12,52142,989,-16024,4469,180,610,-177,52142,1817,16152,1241,-63,54,-157,52121,-2204,15699,3402,-161,-113,71,11,2
1912,52143,-16251,-2127,4480,-605,896,66,52143,-678,-3984,-673,35,61,12,52164,989,-16013,4469,180,610,-177,52164,1817,16152,1241,-63,54,-155,52143,-2204,15699,3402,-161,-113,71,11,2
1913,52165,-16264,-2127,4480,-605,896,62,52165,-678,-3984,-675,35,61,10,52186,989,-16013,4469,180,590,-201,52186,1817,16148,1241,-138,-1003,-155,52165,-2220,15699,3402,-161,-113,71,11,2
1914,52187,-16271,-2133,4487,-583,932,43,52187,-676,-3980,-675,38,58,8,52208,1080,-16013,4444,157,533,-326,52208,1913,16115,1219,-194,-1916,-148,52187,-2247,15700,3406,20,459,95,11,2
1915,52209,-16271,-2133,4487,-583,932,43,52209,-674,-3980,-675,38,58,8,52230,1102,-16005,4444,157,533,-326,52230,1913,16115,1219,-194,-1916,-148,52209,-2247,15700,3406,20,658,307,11,2
1916,52231,-16271,-2133,4487,-583,932,25,52231,-674,-3980,-675,38,58,6,52252,1102,-16005,4426,116,474,-487,52252,1911,16115,1203,-203,-2446,-246,52231,-2252,15727,3369,20,658,307,11,2
1917,52253,-16237,-2123,4494,-566,1047,9,52253,-651,-4019,-646,41,63,-1,52274,1056,-16000,4426,85,370,-607,52274,1841,16115,1191,-203,-2446,-534,52253,-2252,15727,3332,78,1044,555,11,2
1918,52275,-16226,-2096,4552,-534,1092,9,52275,-651,-4019,-646,44,66,-1,52296,1056,-16000,4501,85,370,-607,52296,1841,16115,1188,-200,-2385,-534,52275,-2151,15727,3332,78,1044,555,11,2
1919,52297,-16226,-2096,4552,-534,1092,9,52297,-651,-4048,-646,44,66,-9,52318,1022,-16000,4501,43,322,-607,52318,1788,16115,1188,-197,-2385,-754,52297,-2151,15720,3314,78,1044,555,11,2
1920,52319,-15226,-2072,4638,-489,1210,8,52319,-637,-4051,-654,55,60,-28,52340,1022,-15997,4519,12,294,-570,52340,1770,16115,1132,-197,-2111,-1008,52319,-2103,15720,3291,109,1266,564,11,2
1921,52341,-15226,-2072,4699,-489,1210,8,52341,-637,-4051,-654,71,60,-28,52362,1099,-15997,4519,12,294,-520,52362,1770,16115,1132,-195,-2012,-1008,52341,-2103,15720,3291,109,1266,564,11,2
1922,52363,-15226,-2072,4699,-489,1210,7,52363,-637,-4051,-656,71,55,-46,52384,1099,-15997,4519,-11,273,-520,52384,1756,16115,1115,-195,-2012,-1358,52363,-2141,15720,3288,109,1266,564,11,2
1923,52385,-14226,-2118,4838,-551,1280,-41,52385,-634,-4041,-656,122,27,-61,52406,1259,-15898,4533,-20,257,-455,52406,1649,16143,1115,-320,-1658,-1793,52385,-2169,15720,3286,130,1338,571,11,2
1924,52407,-14226,-2118,4838,-551,1280,-41,52407,-634,-4037,-637,125,27,-61,52428,1259,-15898,4533,-20,257,-436,52428,1649,16143,1122,-320,-1634,-1793,52407,-2169,15743,3286,130,1338,613,11,2
1925,52429,-14226,-2148,4838,-551,1280,-77,52429,-634,-4037,-637,125,27,-73,52450,1259,-15898,4533,-20,245,-436,52450,1486,16143,1127,-414,-1634,-2111,52429,-2188,15743,3284,130,1338,613,11,2
1926,52451,-13226,-2171,4942,-538,1379,-121,52451,-548,-4025,-593,154,38,-102,52472,1368,-15903,4496,51,184,-556,52472,1311,16164,1132,-518,-1344,-2350,52451,-2188,15759,3284,202,1157,710,11,2
1927,52473,-13226,-2171,4942,-538,1424,-121,52473,-548,-4025,-593,154,38,-102,52494,1368,-15903,4496,51,184,-556,52494,1311,16164,1181,-518,-1207,-2350,52473,-2177,15760,3305,256,1157,759,11,2
1928,52495,-13835,-2188,4942,-538,1424,-184,52495,-548,-4025,-593,154,35,-124,52516,1368,-15918,4469,51,184,-742,52516,1233,16164,1181,-596,-1207,-2529,52495,-2177,15760,3305,256,810,759,11,2
1929,52517,-14392,-2305,4856,-672,1455,-234,52517,-496,-4011,-545,172,35,-140,52538,1512,-15929,4157,-199,216,-1392,52538,1121,16180,1185,-744,-695,-2956,52517,-2239,15773,3237,474,165,950,11,2
1930,52539,-14392,-2305,4856,-672,1455,-234,52539,-496,-4011,-542,172,46,-140,52560,1525,-15929,4157,-199,648,-1392,52560,1121,16180,1171,-744,-695,-2956,52539,-2239,15808,3237,561,165,1092,11,2
1931,52561,-14719,-2392,4729,-775,1455,-344,52561,-496,-4011,-542,172,46,-163,52582,1525,-15929,3923,-645,648,-2171,52582,1037,16180,1133,-1035,-695,-3590,52561,-2309,15808,3144,561,-410,1092,11,2
1932,52583,-14964,-2458,4492,-1139,1297,-354,52583,-448,-4005,-459,200,41,-217,52604,1860,-15712,3592,-1935,1027,-3846,52604,864,16205,1094,-1503,-391,-4509,52583,-2467,15884,2995,933,-853,2012,11,2
1933,52605,-14964,-2458,4492,-1139,1297,-354,52605,-434,-4001,-392,208,41,-217,52626,2032,-15622,3592,-1935,1132,-3846,52626,864,16205,1094,-1503,-391,-4509,52605,-2467,15884,2995,1039,-853,2462,11,2
1934,52627,-14964,-2458,4292,-1412,887,-354,52627,-434,-4001,-392,208,41,-298,52648,2032,-15622,3242,-3160,1132,-5483,52648,623,16205,1094,-1937,-391,-5438,52627,-2467,15884,2840,1039,-853,2462,11,2
1935,52649,-13964,-2265,4033,-1572,137,-66,52649,-361,-3975,-243,322,27,-400,52670,2241,-15217,2791,-5145,894,-7331,52670,389,16272,1234,-2400,-163,-6394,52649,-2256,15926,2724,1391,-433,4462,11,2
1936,52671,-13964,-2265,4033,-1572,137,276,52671,-356,-3954,-243,326,27,-400,52692,2241,-14911,2791,-5145,894,-7331,52692,389,16272,1234,-2400,-163,-6394,52671,-1806,15926,2724,1391,-433,4462,11,2
1937,52693,-13964,-2265,3805,-1572,-574,276,52693,-356,-3954,-243,326,27,-508,52714,2241,-14911,2294,-6634,665,-8471,52714,-161,16272,1234,-2819,-163,-7187,52693,-1806,15926,2656,1391,-433,4462,11,2
1938,52715,-12964,-1719,3523,-1418,-1175,987,52715,-304,-3882,-160,482,3,-657,52736,2313,-14378,2080,-7624,258,-9326,52736,-728,16538,1754,-3297,900,-8494,52715,-923,15957,2518,1655,-1269,6004,11,2
1939,52737,-12964,-1719,3523,-1418,-1175,987,52737,-304,-3829,-160,523,3,-657,52758,2313,-14378,2080,-7624,258,-9326,52758,-728,16565,1754,-3297,900,-8494,52737,-923,15957,2518,1708,-1269,6004,11,2
1940,52759,-12964,-1719,3406,-1418,-1619,987,52759,-304,-3829,-160,523,-44,-775,52780,2313,-14378,1953,-7835,-185,-9967,52780,-1154,16565,1754,-3655,900,-9517,52759,-923,15957,2414,1708,-1896,6004,11,2
1941,52781,-11964,-1691,3318,-1275,-1736,309,52781,-265,-3669,-98,889,-86,-1010,52802,3313,-14358,1857,-7993,-1134,-10631,52802,-1650,17429,2144,-3907,1252,-10625,52781,-408,15922,1811,2147,-1896,7161,11,2
1942,52803,-11964,-1691,3318,-1275,-1736,309,52803,-265,-3669,-75,889,-86,-1010,52824,3313,-13907,1857,-7993,-1134,-10631,52824,-1650,17429,2149,-3907,1252,-10625,52803,-408,15922,1811,2147,-1592,7272,11,2
1943,52825,-11964,-1691,3318,-1275,-1743,-198,52825,-265,-3669,-75,889,-124,-1211,52846,3313,-13907,1379,-7993,-2337,-11024,52846,-2067,17429,2149,-3907,1252,-11456,52825,-408,15816,1773,2147,-1592,7272,11,2
1944,52847,-10964,-1760,3372,-806,-1743,-406,52847,-107,-3591,53,1061,-190,-1414,52868,3716,-13311,958,-8210,-2805,-11319,52868,-3036,16429,2689,-3776,1297,-11592,52847,592,15668,1773,2020,-1024,8283,11,2
1945,52869,-10964,-1760,3457,-806,-1689,-406,52869,-9,-3591,86,1061,-190,-1414,52890,3716,-13311,958,-8210,-2805,-11319,52890,-3036,16429,2901,-3205,1297,-11592,52869,592,15668,2171,2020,-1024,8283,11,2
1946,52891,-10964,-1812,3457,-806,-1689,-432,52891,-9,-3591,86,1061,-202,-1566,52912,3716,-13311,642,-8210,-2805,-11532,52912,-4036,15429,2901,-3205,528,-11592,52891,592,15186,2171,1814,-1024,8283,11,2
1947,52913,-9964,-2465,3659,-678,-1453,-432,52913,300,-3532,240,1080,-202,-1632,52934,4019,-13262,405,-7926,-1832,-11969,52934,-5036,14429,3447,-2680,-48,-11204,52913,1592,14824,1683,1603,-1071,8557,11,2
1948,52935,-9964,-2465,3659,-678,-1453,-58,52935,300,-3512,287,1080,-176,-1632,52956,4526,-13262,405,-7926,-1187,-11969,52956,-5036,14429,3447,-2680,-48,-10930,52935,1592,14824,1683,1603,-1071,8557,11,2
1949,52957,-9964,-2465,3659,-678,-1495,-58,52957,300,-3512,287,1080,-176,-1632,52978,4526,-13480,17,-7926,-1187,-11969,52978,-6036,13429,3447,-2680,-48,-10930,52957,1592,14553,1317,1459,-1172,8536,11,2
1950,52979,-8964,-2337,3577,-697,-1526,104,52979,527,-3279,475,1085,-88,-1554,53000,5526,-13647,-623,-7543,18,-11862,53000,-6784,12762,3746,-2976,175,-10000,52979,2592,14349,1216,1351,-1532,8325,11,2
1951,53001,-8964,-1957,3577,-697,-1526,104,53001,545,-3279,596,1085,-88,-1490,53022,5526,-13647,-623,-7543,18,-11733,53022,-6784,12762,3746,-2976,560,-9929,53001,2592,14349,1216,1351,-1532,8325,11,2
1952,53023,-9964,-1957,3381,-711,-1526,104,53023,545,-3279,596,1084,-88,-1490,53044,5526,-13814,-1118,-7660,-968,-11733,53044,-7345,12762,3746,-3198,560,-9929,53023,2592,13994,1216,1270,-1542,7967,11,2
1953,53045,-10964,-1855,3120,-711,-1501,118,53045,937,-3345,841,960,-158,-1330,53066,6526,-13939,-1775,-7747,-1708,-11081,53066,-8093,13369,3970,-3200,1172,-9108,53045,3592,13666,1230,983,-1655,7537,11,2
1954,53067,-10964,-1855,3120,-521,-1489,118,53067,1007,-3345,891,960,-158,-1330,53088,6526,-13939,-1775,-7747,-1708,-10862,53088,-8093,13369,4004,-3200,1192,-9003,53067,3592,13666,1299,983,-1655,7537,11,2
1955,53089,-11925,-2150,2952,-521,-1489,118,53089,1007,-3395,891,866,-167,-1330,53110,6526,-13939,-2569,-7747,-1708,-10862,53110,-8758,12792,4004,-3200,1192,-9003,53089,3592,13645,1299,741,-1739,7100,11,2
1956,53111,-12610,-2371,2795,-490,-1428,105,53111,1362,-3395,1124,781,-167,-1210,53132,7526,-13603,-3345,-7493,-1488,-9830,53132,-9335,12360,4198,-2919,1735,-8224,53111,4592,13629,829,559,-2066,6351,11,2
1957,53133,-12610,-2371,2795,-490,-1428,105,53133,1368,-3295,1124,781,-164,-1210,53154,7526,-12939,-3345,-7172,-935,-9830,53154,-9335,12360,4198,-2879,1813,-8091,53133,4592,13629,829,559,-2066,6351,11,2
1958,53155,-13062,-2371,2561,-490,-1486,57,53155,1368,-3295,1124,706,-164,-1210,53176,7526,-12939,-3933,-7172,-935,-9830,53176,-9797,12337,4198,-2879,1813,-8091,53155,4592,13617,224,520,-2311,5789,11,2
1959,53177,-13380,-2308,2249,-547,-1549,21,53177,1704,-3260,1300,637,-155,-1098,53198,8526,-12853,-4620,-6798,-771,-8912,53198,-10255,12319,4109,-2560,2470,-7134,53177,5592,13546,-229,520,-2311,5340,11,2
1960,53199,-13380,-2243,2249,-547,-1549,21,53199,1752,-3260,1325,637,-125,-1076,53220,8526,-12853,-4620,-6798,-771,-8709,53220,-10255,12319,4109,-2560,2470,-7034,53199,5592,13546,-229,548,-2259,5340,11,2
1961,53221,-13380,-2243,2011,-586,-1549,-6,53221,1752,-3260,1325,588,-125,-1076,53242,8526,-13144,-5194,-6798,-888,-8709,53242,-10558,12306,4042,-2560,2470,-7034,53221,5592,13217,-229,548,-2259,4978,11,2
1962,53243,-13105,-2210,1698,-615,-1504,-22,53243,2064,-3278,1554,552,-85,-968,53264,9526,-13363,-5647,-6558,-976,-7809,53264,-10826,11866,3625,-2193,2479,-6023,53243,6592,13217,147,444,-2049,4295,11,2
1963,53265,-12879,-2210,1698,-615,-1288,-22,53265,2064,-3278,1568,552,-82,-938,53286,9526,-13363,-5647,-6518,-976,-7791,53286,-10826,11866,3625,-2193,2479,-5749,53265,6592,13246,147,444,-1953,4295,11,2
1964,53287,-12879,-2291,1463,-637,-1288,-34,53287,2064,-3278,1568,552,-82,-938,53308,9526,-13363,-6158,-6518,-1225,-7791,53308,-11196,11536,3242,-2193,2457,-5749,53287,6592,13246,-295,366,-1953,3675,11,2
1965,53309,-12422,-2352,1185,-637,-1024,-43,53309,2298,-3261,1781,558,29,-787,53330,10391,-12363,-6746,-5786,-1412,-6955,53330,-11678,11322,2955,-1917,2422,-4566,53309,7389,13024,-627,303,-1592,3084,11,2
1966,53331,-12422,-2352,1185,-623,-1024,-43,53331,2298,-3261,1786,558,29,-772,53352,10391,-12363,-6746,-5786,-1412,-6655,53352,-11678,11322,2955,-1829,2320,-4547,53331,7389,13024,-627,303,-1350,3084,11,2
1967,53353,-12422,-2352,994,-623,-1024,-43,53353,2298,-3261,1786,558,29,-772,53374,10391,-12363,-7245,-5786,-1712,-6655,53374,-11696,11213,2955,-1829,1906,-4547,53353,7389,12858,-627,256,-1350,2631,11,2
1968,53375,-12368,-2321,851,-483,-1244,73,53375,2499,-3181,2020,532,92,-633,53396,11152,-11363,-7707,-5237,-1937,-5463,53396,-11696,11088,3421,-1556,1486,-3604,53375,8068,12551,-476,-47,-890,2151,11,2
1969,53397,-12368,-2321,851,-483,-1244,147,53397,2499,-3153,2028,532,92,-628,53418,11391,-11363,-7707,-5237,-1937,-5437,53418,-11676,11088,3421,-1457,1486,-3335,53397,8068,12551,-460,-47,-836,2151,11,2
1970,53419,-12622,-2375,744,-483,-1409,147,53419,2499,-3153,2028,513,92,-628,53440,11391,-11363,-8707,-5237,-1937,-5437,53440,-11676,11020,3421,-1457,1084,-3335,53419,8068,12551,-460,-416,-836,1731,11,2
1971,53441,-12812,-2416,533,-378,-1409,326,53441,2630,-3049,2163,486,125,-492,53462,12355,-10363,-9625,-4481,-1496,-4392,53462,-11727,10969,3448,-1202,869,-2387,53441,8568,12571,-567,-692,-589,1399,11,2
1972,53463,-12812,-2416,533,-378,-1138,326,53463,2630,-2952,2163,486,125,-487,53484,12359,-10363,-9625,-4422,-1440,-4386,53484,-11727,10969,3448,-1177,869,-2387,53463,8568,12808,-567,-692,-589,1399,11,2
1973,53485,-13042,-2499,374,-378,-1138,326,53485,2630,-2952,2163,466,125,-487,53506,12359,-10363,-10313,-4422,-1440,-4386,53506,-11765,10930,3448,-1177,854,-2387,53485,8568,12808,-647,-804,-589,1078,11,2
1974,53507,-13328,-2561,256,-230,-720,460,53507,2719,-2757,2220,376,142,-375,53528,13021,-9363,-10914,-3228,-1049,-3500,53528,-11765,10930,3552,-666,842,-1869,53507,8941,13033,-944,-804,-603,838,11,2
1975,53529,-13328,-2561,256,-230,-720,460,53529,2719,-2753,2220,376,142,-357,53550,13021,-9363,-10914,-3228,-1037,-3340,53550,-11607,10987,3552,-666,842,-1869,53529,8941,13033,-944,-704,-603,838,11,2
1976,53551,-13669,-2643,244,-321,-720,402,53551,2719,-2753,2220,286,142,-357,53572,13021,-9363,-10914,-3228,-1037,-3340,53572,-11607,10987,3552,-666,842,-1869,53551,8941,12918,-944,-704,-603,727,11,2
1977,53573,-14003,-2725,235,-495,-461,229,53573,2760,-2625,2353,218,153,-259,53594,13252,-8648,-11365,-2604,-578,-2343,53594,-11619,11030,3630,-572,668,-1385,53573,9108,12832,-728,-747,-613,644,11,2
1978,53595,-14003,-2725,235,-495,-461,229,53595,2760,-2625,2354,218,153,-258,53616,13252,-8648,-11365,-2604,-570,-2343,53616,-11619,11030,3630,-572,668,-1353,53595,9108,12832,-728,-747,-613,644,11,2
1979,53617,-14099,-2748,235,-671,-461,34,53617,2760,-2625,2354,189,114,-258,53638,13252,-8648,-11675,-2604,-570,-2343,53638,-11697,11030,3553,-572,483,-1353,53617,9108,12832,-728,-799,-613,524,11,2
1980,53639,-14099,-2748,111,-757,82,-77,53639,2791,-2579,2455,167,78,-185,53660,13750,-7976,-11908,-2089,-139,-1555,53660,-11864,10737,3504,-330,193,-942,53639,9233,13107,-566,-838,-586,379,11,2
1981,53661,-14064,-2693,111,-757,171,-77,53661,2791,-2579,2455,167,78,-184,53682,13750,-7976,-11908,-1888,-38,-1555,53682,-11864,10737,3504,-207,193,-878,53661,9233,13107,-566,-838,-449,379,11,2
1982,53683,-14064,-2693,5,-757,171,-161,53683,2791,-2579,2455,133,42,-184,53704,13750,-7976,-11908,-1888,-38,-1555,53704,-11973,10517,3504,-207,-42,-878,53683,9233,12926,-566,-838,-449,298,11,2
1983,53705,-13701,-2618,-162,-752,472,-186,53705,2795,-2586,2524,29,5,-121,53726,14123,-7625,-11378,-816,428,-737,53726,-12019,10373,3582,66,-225,-341,53705,9331,12790,-632,-593,-248,210,11,2
1984,53727,-13681,-2593,-162,-752,472,-186,53727,2795,-2586,2528,29,5,-108,53748,14130,-7625,-11378,-707,640,-647,53748,-12019,10373,3582,66,-225,-150,53727,9331,12790,-632,-526,-95,210,11,2
1985,53749,-13681,-2593,-304,-752,440,-186,53749,2795,-2673,2528,-49,-23,-108,53770,14130,-7625,-11378,-707,640,-647,53770,-12054,10373,3582,66,-370,-150,53749,9331,12708,-682,-526,-95,33,11,2
1986,53771,-13345,-2518,-447,-644,296,-145,53771,2793,-2794,2582,-120,-44,-16,53792,14325,-7634,-10834,489,1078,295,53792,-12075,10381,3640,156,-658,852,53771,9545,12682,-744,-249,202,-337,11,2
1987,53793,-13345,-2501,-447,-644,296,-145,53793,2793,-2794,2582,-120,-44,-12,53814,14325,-7634,-10834,819,1078,441,53814,-12075,10381,3640,156,-658,890,53793,9545,12682,-744,-249,334,-337,11,2
1988,53815,-13345,-2501,-473,-644,171,-145,53815,2778,-2886,2582,-179,-60,-12,53836,14325,-7641,-10834,819,1078,441,53836,-12075,10381,3563,156,-842,890,53815,9545,12662,-791,-249,334,-693,11,2
1989,53837,-13534,-2473,-473,-302,-51,-99,53837,2745,-2954,2591,-254,-75,89,53858,14170,-7646,-9944,2346,1343,1546,53858,-11904,10514,3563,106,-980,1769,53837,9580,12502,-1065,-65,819,-988,11,2
1990,53859,-13534,-2473,-464,-288,-51,-99,53859,2745,-2954,2591,-254,-75,106,53880,14170,-7646,-9937,2348,1343,1680,53880,-11861,10514,3783,106,-980,1790,53859,9580,12502,-1065,-65,819,-988,11,2
1991,53881,-13776,-2504,-464,-288,-74,-99,53881,2720,-2954,2555,-310,-96,106,53902,14022,-7844,-9937,2348,1343,1680,53902,-11861,10514,3783,-23,-980,1790,53881,9580,12382,-1065,-65,819,-1218,11,2
1992,53903,-14263,-2542,-480,-3,-74,-93,53903,2696,-2927,2473,-325,-125,232,53924,13716,-8844,-9032,3435,1494,2666,53924,-11411,10999,3996,-120,-509,2484,53903,9569,12256,-633,-168,1219,-1589,11,2
1993,53925,-14263,-2542,-480,15,57,-93,53925,2696,-2912,2473,-325,-125,237,53946,13716,-8844,-8969,3435,1494,2696,53946,-11379,10999,3996,-120,-509,2525,53925,9569,12256,-633,-168,1219,-1589,11,2
1994,53947,-14628,-2601,-480,15,57,-93,53947,2678,-2912,2401,-326,-154,237,53968,13431,-9844,-8969,3435,1494,2696,53968,-11379,10999,3996,-120,-509,2525,53947,9557,12256,-633,-391,1219,-1925,11,2
1995,53969,-14695,-2681,-287,252,555,-20,53969,2651,-2881,2278,-326,-176,343,53990,13184,-10636,-7969,4250,1677,3474,53990,-11018,11076,4023,-94,-691,3122,53969,9548,12249,-430,-583,1436,-2354,11,2
1996,53991,-14695,-2681,-263,252,643,-20,53991,2651,-2881,2278,-326,-176,343,54012,13184,-10636,-7969,4354,1801,3577,54012,-11003,11076,4023,16,-691,3135,53991,9548,12249,-430,-583,1436,-2354,11,2
1997,54013,-14731,-2741,-263,252,643,-20,54013,2617,-2881,2184,-326,-179,343,54034,12934,-11491,-7969,4354,1801,3577,54034,-11003,11076,4023,16,-691,3135,54013,9393,12243,-430,-727,1436,-2773,11,2
1998,54035,-14758,-2786,-72,241,1134,-10,54035,2554,-2877,2081,-390,-180,446,54056,12741,-11802,-6969,5353,2031,4611,54056,-10656,11355,3995,223,-669,3901,54035,9225,12239,-305,-814,1563,-3476,11,2
1999,54057,-14758,-2786,-72,241,1134,-10,54057,2554,-2877,2081,-390,-180,466,54078,12741,-11802,-6969,5363,2077,4754,54078,-10634,11358,3995,369,-669,3901,54057,9225,12239,-305,-814,1563,-3476,11,2
2000,54079,-14810,-2811,-72,220,1134,-10,54079,2500,-2919,2001,-468,-180,466,54100,12573,-12035,-6969,5363,2077,4754,54100,-10634,11358,3995,369,-859,3901,54079,9021,12239,-305,-866,1534,-4208,11,2
2001,54101,-15034,-2828,23,205,1547,8,54101,2443,-3040,1925,-564,-173,581,54122,12394,-12255,-5969,6110,2284,5726,54122,-10188,12358,4001,860,-1113,4345,54101,8584,13239,-211,-866,1499,-4824,11,2
2002,54123,-15034,-2828,23,205,1560,13,54123,2443,-3040,1925,-564,-139,582,54144,12394,-12255,-5969,6110,2284,5727,54144,-10115,12358,4001,1288,-1113,4345,54123,8584,13239,-211,-789,1499,-4824,11,2
2003,54145,-15213,-2828,23,160,1560,13,54145,2392,-3131,1825,-649,-139,582,54166,12010,-12490,-5969,6110,2284,5727,54166,-10115,12358,3947,1288,-1304,4345,54145,8257,13239,-211,-789,1499,-5297,11,2
2004,54167,-15347,-2821,499,125,1903,-22,54167,2257,-3199,1669,-750,-103,671,54188,11364,-12779,-5043,6404,2407,6526,54188,-9667,12832,3947,1572,-2119,4995,54167,7986,13600,1,-659,1620,-5856,11,2
2005,54189,-15347,-2808,542,125,2145,-22,54189,2257,-3199,1669,-750,-103,672,54210,11364,-12779,-4986,6404,2407,6670,54210,-9506,12832,3947,1572,-2119,5395,54189,7986,13600,22,-659,1794,-5856,11,2
2006,54211,-15472,-2808,542,98,2145,-48,54211,2156,-3250,1552,-816,-103,672,54232,10867,-12996,-4986,6404,2407,6670,54232,-9506,12832,3907,1572,-2731,5395,54211,7777,13600,22,-659,1794,-6486,11,2
2007,54233,-15499,-2783,1106,94,2502,-58,54233,2026,-3399,1431,-864,-84,775,54254,10417,-13162,-3986,6282,2380,7821,54254,-8956,13443,3764,1785,-3730,6635,54233,7216,13871,208,-840,2208,-7254,11,2
2008,54255,-15499,-2783,1143,94,2502,-58,54255,2026,-3399,1431,-864,-84,805,54276,10417,-13162,-3986,6282,2380,8078,54276,-8954,13584,3764,2100,-3730,6635,54255,7216,14145,208,-840,2208,-7254,11,2
2009,54277,-15499,-2783,1143,91,2502,-58,54277,1929,-3511,1293,-879,-84,805,54298,10062,-13286,-3986,6171,2254,8078,54298,-8954,13584,3641,2100,-3730,6635,54277,6782,14145,208,-1163,2208,-7830,11,2
2010,54299,-14499,-2497,1637,27,2705,-10,54299,1732,-3529,1108,-891,-26,986,54320,9062,-13379,-2986,5896,1753,9206,54320,-7954,14148,3624,2556,-3546,7413,54299,6141,14650,411,-1493,2057,-8260,11,2
2011,54321,-14499,-2374,1661,27,2705,-10,54321,1732,-3529,1108,-891,-11,993,54342,9062,-13379,-2986,5896,1753,9206,54342,-7954,14148,3624,2663,-2526,7413,54321,6141,14650,426,-1493,2057,-8260,11,2
2012,54343,-14499,-2374,1661,-20,2705,-57,54343,1508,-3529,951,-895,-11,993,54364,8165,-13379,-2986,5690,1330,9206,54364,-7954,14148,3612,2663,-2526,7413,54343,5422,14650,426,-1728,1305,-8536,11,2
2013,54365,-13499,-2057,1981,-45,2963,-135,54365,1227,-3456,800,-895,34,1139,54386,7165,-13165,-2166,5554,1060,9943,54386,-7032,14415,3486,2960,-1148,8067,54365,4785,14954,807,-1904,344,-8743,11,2
2014,54387,-13499,-2057,1981,-45,2963,-135,54387,1227,-3373,800,-873,34,1145,54408,7165,-13039,-2166,5554,1060,9943,54408,-7003,14415,3486,2960,-1148,8365,54387,4785,14954,807,-1904,344,-8743,11,2
2015,54409,-13499,-2057,1981,-45,2963,-135,54409,942,-3373,668,-873,34,1145,54430,6241,-13039,-2166,5554,970,9943,54430,-7003,14415,3391,2960,-1148,8365,54409,4250,14954,807,-2036,-352,-8899,11,2
2016,54431,-12499,-1775,2196,-3,2929,-115,54431,699,-3319,518,-882,60,1286,54452,5464,-12879,-1430,6168,903,10276,54452,-6003,14895,3271,3173,-148,9369,54431,3684,15177,1122,-2135,-489,-9042,11,2
2017,54453,-12499,-1773,2196,-3,2929,-101,54453,699,-3319,518,-882,60,1286,54474,5464,-12879,-1286,6168,903,10276,54474,-6003,14895,3271,3183,-148,9369,54453,3684,15182,1122,-2135,-489,-9042,11,2
2018,54475,-12499,-1773,2196,-3,2690,-101,54475,546,-3319,400,-908,60,1286,54496,4863,-12879,-1286,6168,805,10170,54496,-6003,14895,3124,3183,-148,9369,54475,2974,15182,1122,-2135,-489,-9133,11,2
2019,54497,-11499,-1329,1647,-2,2017,-75,54497,431,-3278,307,-922,103,1359,54518,4040,-13227,-549,6228,732,9796,54518,-5003,15044,2921,3364,343,9714,54497,2188,15250,1486,-2088,-328,-9139,11,2
2020,54519,-11499,-1329,1647,-2,2017,-75,54519,431,-3247,307,-922,106,1359,54540,4040,-13227,-449,6228,732,9796,54540,-5003,15044,2921,3364,343,9714,54519,2188,15254,1486,-2022,-318,-9139,11,2
2021,54541,-11499,-1329,1235,-2,1512,-75,54541,345,-3247,238,-922,106,1359,54562,3348,-13870,-449,6228,732,9516,54562,-5003,15044,2195,3329,343,9714,54541,1534,15254,1486,-2022,-318,-9139,11,2
2022,54563,-10499,-996,926,-1,1134,-56,54563,208,-3200,179,-892,160,1312,54584,2741,-14435,178,5899,1135,8417,54584,-4003,15050,1630,2958,660,9716,54563,742,15296,1789,-2231,-200,-8783,11,2
2023,54585,-10499,-996,926,-1,1134,-56,54585,208,-3200,179,-892,160,1312,54606,2741,-14435,214,5899,1324,8417,54606,-4003,15050,1630,2958,711,9716,54585,742,15296,1789,-2231,-38,-8586,11,2
2024,54607,-10499,-996,926,-1,850,-56,54607,11,-3244,134,-892,160,1242,54628,2342,-14899,214,5577,1324,7480,54628,-4003,15050,1227,2506,711,9467,54607,115,15296,1831,-2397,-38,-8586,11,2
2025,54629,-10826,-874,1099,0,750,-42,54629,-210,-3571,101,-926,267,1091,54650,2043,-15268,957,5240,1579,6315,54650,-3003,15208,989,1560,923,7467,54629,-520,15403,2025,-2643,256,-7971,11,2
2026,54651,-10826,-874,1222,0,750,-42,54651,-210,-3571,101,-926,267,1091,54672,2043,-15268,957,5240,1579,6315,54672,-3003,15410,989,1560,923,7467,54651,-520,15403,2090,-2643,256,-7738,11,2
2027,54673,-11288,-874,1222,0,675,-42,54673,-315,-3892,59,-951,266,930,54694,1836,-15942,957,4929,1579,5362,54694,-3003,15410,988,851,361,5467,54673,-1122,15403,2090,-2827,256,-7738,11,2
2028,54695,-11418,-815,1444,211,618,100,54695,-394,-4133,-198,-951,167,642,54716,1620,-16447,1789,3929,1721,4726,54716,-2062,15645,988,322,-59,3588,54695,-1934,15483,2571,-2827,477,-6361,11,2
2029,54717,-11418,-815,1444,211,618,100,54717,-394,-4133,-198,-776,167,642,54738,1620,-16447,1812,3929,1980,4726,54738,-2062,15645,1148,322,-59,3588,54717,-1934,15483,2571,-2650,515,-5823,11,2
2030,54739,-11418,-1375,1444,140,618,100,54739,-453,-4133,-391,-776,93,384,54760,1458,-16447,1812,2715,1980,4157,54760,-2062,15645,1148,322,-59,2483,54739,-1934,15483,2571,-2650,515,-5823,11,2
2031,54761,-10418,-1795,1942,-89,762,154,54761,-674,-4031,-414,-485,38,191,54782,1336,-16317,2283,1804,2257,3242,54782,-1356,15696,1194,470,602,1869,54761,-1851,15490,2872,-2034,-218,-4013,11,2
2032,54783,-10418,-1795,1949,-89,900,154,54783,-674,-4031,-414,-485,38,191,54804,1336,-16317,2283,1804,2257,3242,54804,-1282,15696,1194,470,863,1869,54783,-1838,15490,2872,-1873,-218,-4013,11,2
2033,54805,-10418,-1795,1949,-226,900,154,54805,-839,-4031,-431,-485,-3,108,54826,1336,-16317,2283,1804,2076,2556,54826,-1282,15696,1139,470,863,1511,54805,-1838,15490,2872,-1873,-1169,-4013,11,2
2034,54827,-11418,-1687,2560,-226,1513,216,54827,-869,-3985,-448,-385,-51,86,54848,1403,-16384,2636,1889,1605,2041,54848,-366,15747,1098,352,790,1242,54827,-1950,15495,2937,-1352,-1882,-3163,11,2
2035,54849,-11418,-1687,2560,-147,1513,216,54849,-869,-3985,-448,-385,-51,86,54870,1405,-16384,2765,1889,1605,2041,54870,-355,15832,1098,352,790,1242,54849,-1950,15495,2937,-1352,-1882,-3163,11,2
2036,54871,-12307,-1687,2560,-147,1513,216,54871,-869,-3985,-461,-385,-63,77,54892,1405,-16435,2765,1889,986,1655,54892,-355,15832,1098,264,412,978,54871,-2125,15495,2937,-1352,-1948,-3163,11,2
2037,54893,-12994,-1862,2853,-108,1576,186,54893,-715,-4016,-461,-317,-63,71,54914,1384,-16435,3234,1537,428,1254,54914,326,15934,1118,215,128,687,54893,-2256,15554,2985,-1066,-1948,-2453,11,2
2038,54915,-12994,-1862,2853,-108,1576,186,54915,-715,-4016,-452,-317,-20,71,54936,1384,-16412,3234,1537,428,1254,54936,326,15942,1144,215,128,687,54915,-2256,15597,2985,-1066,-1714,-2349,11,2
2039,54937,-13489,-1993,2853,-108,1576,186,54937,-715,-4036,-452,-317,-20,66,54958,1159,-16412,3234,1273,9,919,54958,326,15942,1144,211,128,427,54937,-2292,15597,2985,-1066,-1714,-2349,11,2
2040,54959,-14022,-1993,3033,-82,1623,241,54959,-816,-4049,-497,-252,25,47,54980,843,-16339,3521,1051,-277,667,54980,739,15993,1142,208,303,199,54959,-2292,15630,3050,-837,-1201,-1609,11,2
2041,54981,-14022,-1970,3033,-78,1623,250,54981,-816,-4049,-497,-242,25,47,55002,843,-16339,3521,1051,-277,667,55002,739,15993,1142,208,303,199,54981,-2263,15630,3071,-660,-1201,-1609,11,2
2042,55003,-14483,-1970,3033,-78,1623,250,55003,-892,-4049,-533,-242,25,29,55024,747,-16339,3521,887,-277,478,55024,739,15993,1123,203,303,28,55003,-2263,15630,3071,-660,-1201,-1609,11,2
2043,55025,-14852,-1987,3203,2,1691,285,55025,-896,-4036,-564,-185,29,8,55046,675,-16284,3781,687,-173,311,55046,1008,16025,1109,43,371,-87,55025,-2213,15648,3115,-375,-1010,-1126,11,2
2044,55047,-14852,-1987,3219,2,1691,285,55047,-896,-4024,-564,-179,29,8,55068,675,-16283,3781,687,-173,311,55068,1008,16025,1109,43,371,-87,55047,-2213,15648,3115,-375,-1010,-1126,11,2
2045,55069,-15156,-2017,3219,2,1691,218,55069,-896,-4024,-587,-179,29,-7,55090,675,-16283,3781,485,-173,187,55090,1008,16025,1109,-76,371,-123,55069,-2213,15648,3115,-375,-1010,-1126,11,2
2046,55091,-15362,-2076,3449,-20,1705,163,55091,-836,-4010,-619,-137,31,-12,55112,710,-16238,3976,334,-196,116,55112,1210,16064,1123,-76,374,-150,55091,-2181,15684,3098,-250,-893,-764,11,2
2047,55113,-15362,-2076,3449,-20,1705,163,55113,-836,-4010,-619,-137,31,-12,55134,710,-16212,3985,334,-196,116,55134,1210,16064,1129,-32,374,-150,55113,-2166,15684,3098,-250,-893,-764,11,2
2048,55135,-15538,-2078,3449,-46,1663,122,55135,-836,-4010,-643,-137,32,-12,55156,685,-16212,3985,334,-214,63,55156,1210,16064,1129,-32,362,-150,55135,-2166,15680,3098,-250,-893,-764,11,2
2049,55157,-15696,-2079,3533,-85,1592,91,55157,-806,-3993,-643,-102,32,-7,55178,503,-16159,4109,411,-214,-5,55178,1349,16054,1139,-15,184,-101,55157,-2084,15675,3119,-277,-734,-554,11,2
2050,55179,-15696,-2079,3533,-85,1592,91,55179,-806,-3993,-635,-102,39,-7,55200,503,-16159,4109,411,-204,-5,55200,1349,16054,1139,-15,184,-64,55179,-2053,15675,3119,-277,-639,-554,11,2
2051,55201,-15828,-2080,3533,-132,1475,64,55201,-807,-3993,-635,-102,39,-7,55222,426,-16159,4109,350,-204,-75,55222,1349,16046,1139,-15,-2,-64,55201,-2053,15671,3119,-349,-639,-554,11,2
2052,55223,-15930,-2091,3613,-231,1335,25,55223,-808,-3987,-628,-71,48,-8,55244,426,-16118,4199,291,139,-145,55244,1477,16046,1156,-127,-365,27,55223,-2049,15666,3190,-605,-285,-518,11,2
2053,55245,-15930,-2091,3645,-231,1335,25,55245,-808,-3987,-628,-71,48,-8,55266,489,-16110,4199,291,139,-145,55266,1482,16053,1165,-127,-365,37,55245,-2049,15666,3199,-605,-119,-518,11,2
2054,55267,-16006,-2091,3645,-312,1282,-4,55267,-808,-3987,-628,-71,48,-12,55288,489,-16110,4199,276,139,-172,55288,1482,16053,1171,-237,-927,37,55267,-2049,15666,3199,-801,-119,-518,11,2
2055,55289,-16061,-2088,3799,-403,1205,-36,55289,-763,-3983,-635,-42,57,-15,55310,618,-16081,4295,276,266,-172,55310,1602,16080,1146,-324,-1349,157,55289,-2071,15682,3261,-958,409,-511,11,2
2056,55311,-16061,-2088,3813,-403,1205,-36,55311,-763,-3983,-635,-40,57,-15,55332,618,-16081,4295,326,266,-146,55332,1602,16099,1146,-324,-1349,188,55311,-2071,15693,3272,-958,450,-511,11,2
2057,55333,-16097,-2088,3813,-446,1147,-59,55333,-763,-3983,-640,-40,57,-15,55354,618,-16090,4295,326,266,-146,55354,1602,16099,1146,-381,-1383,188,55333,-2152,15693,3272,-1047,450,-511,11,2
2058,55355,-16120,-2055,3980,-478,1075,-76,55355,-743,-3989,-644,-18,82,-5,55376,777,-16103,4324,351,326,-109,55376,1730,16104,1146,-381,-1383,285,55355,-2284,15712,3351,-1084,784,-505,11,2
2059,55377,-16120,-2055,3980,-478,1075,-76,55377,-743,-3989,-644,-18,82,0,55398,777,-16103,4324,351,326,-109,55398,1788,16104,1146,-368,-1318,285,55377,-2284,15713,3351,-1084,784,-471,11,2
2060,55399,-16132,-2055,3980,-478,1021,-76,55399,-743,-3999,-644,-18,82,0,55420,777,-16121,4324,325,326,-111,55420,1788,16104,1146,-368,-1318,282,55399,-2383,15713,3351,-1084,784,-471,11,2
2061,55421,-16141,-2030,4092,-476,1020,-72,55421,-728,-4006,-635,-1,70,4,55442,862,-16134,4378,305,371,-168,55442,1931,16108,1180,-322,-788,199,55421,-2388,15728,3443,-678,307,-339,11,2
2062,55443,-16141,-2030,4092,-476,1020,-72,55443,-713,-4006,-635,-1,70,4,55464,862,-16134,4406,305,371,-168,55464,1931,16108,1184,-285,-685,199,55443,-2388,15740,3444,-678,307,-243,11,2
2063,55465,-16192,-2037,4092,-476,1020,-72,55465,-713,-4006,-635,-1,60,-1,55486,862,-16134,4406,266,371,-234,55486,1931,16108,1184,-285,-685,89,55465,-2388,15740,3444,-678,-275,-243,11,2
2064,55487,-16231,-2072,4176,-517,1081,-75,55487,-680,-4005,-631,8,53,-5,55508,908,-16103,4474,226,444,-283,55508,2032,16097,1208,-193,-88,-27,55487,-2372,15708,3496,-474,-711,-97,11,2
2065,55509,-16231,-2072,4188,-517,1141,-75,55509,-680,-4000,-631,8,53,-5,55530,908,-16073,4485,226,444,-283,55530,2032,16097,1208,-193,-88,-27,55509,-2372,15708,3496,-474,-711,-97,11,2
2066,55531,-16234,-2100,4188,-559,1141,-75,55531,-680,-4000,-631,8,53,-5,55552,908,-16073,4485,196,444,-292,55552,2032,16097,1208,-193,-88,-105,55531,-2372,15690,3486,-474,-711,-97,11,2
2067,55553,-16236,-2150,4273,-632,1233,-64,55553,-659,-3999,-624,21,68,-3,55574,921,-16031,4534,191,519,-292,55574,2044,16086,1205,-173,-69,-154,55553,-2300,15676,3486,-507,-680,-70,11,2
2068,55575,-16236,-2150,4279,-632,1233,-57,55575,-659,-3995,-624,21,74,-2,55596,921,-16031,4534,191,519,-278,55596,2044,16086,1205,-173,-69,-154,55575,-2300,15676,3515,-507,-676,-70,11,2
2069,55597,-16238,-2186,4279,-703,1208,-57,55597,-659,-3995,-624,21,74,-2,55618,921,-16031,4534,191,519,-278,55618,2044,16086,1184,-173,-102,-172,55597,-2300,15675,3515,-565,-676,-100,11,2
2070,55619,-16252,-2213,4347,-783,1137,-44,55619,-661,-3993,-617,28,90,2,55640,956,-16025,4571,229,591,-241,55640,2038,16094,1158,-164,-127,-186,55619,-2313,15675,3550,-612,-443,-123,11,2
2071,55641,-16252,-2213,4347,-783,1137,-44,55641,-661,-3993,-615,28,90,6,55662,993,-16025,4571,229,646,-241,55662,2038,16095,1158,-158,-127,-186,55641,-2313,15675,3552,-612,-443,-123,11,2
2072,55663,-16258,-2213,4347,-843,1084,-44,55663,-663,-3993,-615,27,90,6,55684,993,-16031,4571,229,646,-241,55684,2033,16095,1158,-158,-127,-199,55663,-2327,15684,3552,-612,-443,-140,11,2
2073,55685,-16258,-2194,4366,-872,1046,-32,55685,-664,-3995,-618,26,103,16,55706,1057,-16036,4576,219,687,-233,55706,2033,16119,1202,-110,52,-220,55685,-2339,15694,3588,-493,-412,-140,11,2
2074,55707,-16250,-2181,4366,-872,1046,-12,55707,-664,-3995,-618,26,103,16,55728,1057,-16036,4567,219,702,-233,55728,2037,16120,1206,-76,144,-220,55707,-2339,15694,3611,-479,-412,-129,11,2
2075,55729,-16250,-2181,4366,-890,1042,-12,55729,-666,-3995,-625,25,103,16,55750,1057,-16036,4567,206,702,-233,55750,2037,16120,1206,-76,144,-243,55729,-2361,15681,3611,-479,-412,-129,11,2
2076,55751,-16237,-2141,4368,-890,1039,6,55751,-673,-3994,-631,24,106,19,56152,1117,-16035,4560,202,664,-227,56152,2059,16138,1225,-4,434,-253,55751,-2364,15667,3638,-321,-401,-14,12,2
2077,56153,-16237,-2136,4368,-870,1039,6,56153,-673,-3993,-631,24,106,19,56174,1117,-16035,4560,202,664,-225,56174,2060,16138,1225,-4,434,-253,56153,-2364,15667,3650,-287,-401,-13,12,2
2078,56175,-16237,-2136,4368,-870,1037,6,56175,-679,-3993,-635,24,104,19,56196,1117,-16035,4560,193,636,-225,56196,2060,16136,1225,-4,434,-253,56175,-2364,15661,3650,-287,-401,-13,12,2
2079,56197,-16215,-2111,4372,-752,988,19,56197,-680,-3991,-638,26,83,15,56218,1097,-16034,4561,186,579,-190,56218,1994,16135,1223,-13,350,-244,56197,-2362,15656,3599,-177,-328,76,12,2
2080,56219,-16215,-2109,4385,-732,988,19,56219,-680,-3991,-638,26,83,15,56240,1097,-16034,4561,186,579,-181,56240,1994,16135,1223,-13,350,-240,56219,-2332,15656,3599,-177,-311,76,12,2
2081,56241,-16215,-2109,4385,-732,956,19,56241,-680,-3991,-641,26,68,12,56262,1081,-16034,4561,186,536,-181,56262,1914,16134,1217,-20,296,-240,56241,-2332,15656,3523,-177,-311,76,12,2
2082,56263,-16235,-2095,4377,-617,932,32,56263,-677,-3986,-648,28,55,10,56284,1035,-16033,4560,186,502,-143,56284,1854,16134,1212,-28,255,-204,56263,-2249,15677,3466,-159,-208,104,12,2
2083,56285,-16235,-2095,4377,-617,932,32,56285,-677,-3985,-648,28,55,10,56306,1035,-16033,4560,186,502,-141,56306,1854,16142,1212,-28,255,-203,56285,-2249,15677,3466,-159,-208,104,12,2
2084,56307,-16250,-2095,4356,-617,932,32,56307,-677,-3985,-651,28,49,10,56328,1001,-16033,4560,186,502,-141,56328,1833,16142,1212,-39,225,-203,56307,-2249,15677,3436,-159,-208,104,12,2
2085,56329,-16250,-2105,4354,-555,921,13,56329,-677,-3982,-654,30,46,11,56350,963,-16032,4560,197,504,-116,56350,1817,16148,1223,-47,192,-177,56329,-2203,15692,3424,-164,-136,111,12,2
2086,56351,-16238,-2105,4354,-555,921,13,56351,-677,-3982,-654,30,46,13,56372,963,-16032,4560,197,504,-116,56372,1817,16148,1223,-47,192,-177,56351,-2203,15692,3424,-164,-136,111,12,2
2087,56373,-16238,-2112,4354,-555,921,-1,56373,-677,-3987,-656,30,46,13,56394,960,-16032,4560,197,504,-122,56394,1809,16148,1210,-56,154,-179,56373,-2203,15692,3408,-170,-136,111,12,2
2088,56395,-16252,-2112,4352,-551,924,-4,56395,-671,-3990,-658,32,48,15,56416,960,-16023,4572,175,557,-126,56416,1803,16153,1197,-58,126,-180,56395,-2172,15704,3396,-175,-76,117,12,2
2089,56417,-16252,-2112,4352,-551,931,-4,56417,-671,-3990,-658,32,49,15,56438,965,-16023,4572,175,557,-126,56438,1803,16161,1197,-58,126,-180,56417,-2172,15706,3396,-175,-75,117,12,2
2090,56439,-16263,-2112,4352,-551,931,-4,56439,-671,-3990,-661,32,49,15,56460,965,-16023,4572,175,557,-129,56460,1801,16161,1187,-58,113,-181,56439,-2172,15706,3396,-175,-75,117,12,2
2091,56461,-16263,-2107,4347,-548,946,-4,56461,-678,-3987,-664,33,57,17,56482,978,-16021,4574,185,593,-129,56482,1799,16169,1186,-49,103,-181,56461,-2142,15716,3397,-153,-22,131,12,2
2092,56483,-16252,-2102,4347,-548,946,-4,56483,-678,-3987,-664,33,57,17,56504,988,-16021,4574,188,593,-129,56504,1799,16169,1186,-45,103,-180,56483,-2142,15716,3402,-152,-22,131,12,2
2093,56505,-16252,-2102,4347,-548,946,-4,56505,-685,-3987,-665,33,57,17,56526,988,-16021,4573,188,593,-131,56526,1798,16169,1186,-45,95,-180,56505,-2142,15716,3402,-152,-22,131,12,2
2094,56527,-16242,-2082,4342,-518,955,8,56527,-691,-3986,-666,34,58,17,56548,988,-16016,4567,194,625,-131,56548,1795,16172,1185,-35,95,-178,56527,-2132,15722,3406,-139,-8,142,12,2
2095,56549,-16242,-2082,4342,-513,955,13,56549,-691,-3986,-666,36,58,17,56570,988,-16016,4567,194,625,-127,56570,1795,16172,1185,-35,101,-166,56549,-2132,15722,3408,-139,-8,144,12,2
2096,56571,-16242,-2082,4338,-513,955,13,56571,-695,-3986,-667,36,58,16,56592,988,-16016,4567,194,606,-127,56592,1782,16170,1185,-35,101,-166,56571,-2132,15722,3408,-139,-8,144,12,2
2097,56593,-16227,-2067,4335,-467,962,26,56593,-698,-3982,-669,38,56,14,56614,982,-16014,4571,213,537,-118,56614,1772,16167,1189,-24,80,-157,56593,-2128,15728,3413,-129,-11,161,12,2
2098,56615,-16227,-2067,4335,-452,962,26,56615,-698,-3982,-669,38,56,14,56636,982,-16014,4571,213,537,-112,56636,1772,16167,1189,-24,80,-157,56615,-2128,15728,3413,-106,-11,166,12,2
2099,56637,-16233,-2067,4335,-452,962,26,56637,-699,-3982,-669,38,53,12,56658,977,-16014,4571,213,486,-112,56658,1743,16166,1189,-24,64,-157,56637,-2128,15728,3391,-106,-11,166,12,2
2100,56659,-16235,-2067,4350,-397,966,19,56659,-699,-3977,-669,38,48,9,56680,937,-16014,4581,219,484,-107,56680,1721,16166,1189,-16,62,-151,56659,-2109,15725,3372,-103,-7,187,12,2
2101,56681,-16235,-2067,4350,-394,969,19,56681,-697,-3977,-669,38,48,9,56702,937,-16012,4593,219,484,-107,56702,1721,16168,1189,-14,62,-147,56681,-2102,15725,3372,-103,-4,187,12,2
2102,56703,-16240,-2068,4350,-394,969,19,56703,-697,-3977,-669,38,45,7,56724,907,-16012,4596,219,484,-107,56724,1719,16168,1167,-14,62,-147,56703,-2102,15722,3356,-118,-4,187,12,2
2103,56725,-16244,-2096,4364,-379,951,8,56725,-695,-3975,-666,38,44,6,56746,902,-16006,4605,216,492,-100,56746,1718,16188,1151,-12,66,-127,56725,-2080,15721,3344,-130,19,188,12,2
2104,56747,-16244,-2096,4364,-379,951,8,56747,-695,-3975,-666,38,44,6,56768,902,-16002,4614,216,494,-100,56768,1718,16189,1151,-12,66,-127,56747,-2070,15721,3344,-130,20,188,12,2
2105,56769,-16244,-2107,4364,-395,937,8,56769,-695,-3977,-666,38,43,6,56790,900,-16002,4615,214,494,-100,56790,1717,16189,1139,-20,66,-127,56769,-2070,15720,3344,-139,20,187,12,2
2106,56791,-16232,-2107,4359,-407,937,13,56791,-692,-3979,-662,38,43,10,56812,899,-15994,4621,214,499,-95,56812,1701,16203,1139,-26,48,-117,56791,-2050,15720,3345,-146,55,176,12,2
2107,56813,-16230,-2097,4359,-407,951,14,56813,-692,-3979,-662,38,44,10,56834,899,-15994,4622,214,499,-95,56834,1701,16203,1136,-26,48,-117,56813,-2050,15720,3354,-146,55,176,12,2
2108,56835,-16230,-2097,4355,-412,951,14,56835,-692,-3979,-662,38,44,10,56856,898,-15994,4622,213,499,-106,56856,1689,16197,1127,-38,17,-117,56835,-2050,15720,3354,-156,55,162,12,2
2109,56857,-16215,-2097,4352,-416,961,19,56857,-703,-3978,-662,38,49,10,56878,898,-15998,4625,213,492,-144,56878,1689,16188,1127,-109,-670,-42,56857,-2033,15729,3361,-179,81,146,12,2
2110,56879,-16210,-2084,4352,-416,961,19,56879,-703,-3978,-662,40,49,10,56900,906,-15998,4625,225,492,-144,56900,1711,16188,1169,-109,-670,17,56879,-2033,15729,3361,-179,500,146,12,2
2111,56901,-16210,-2084,4352,-416,961,19,56901,-711,-3978,-662,40,46,10,56922,906,-16013,4625,225,487,-190,56922,1711,16182,1169,-162,-1214,17,56901,-2033,15729,3320,-202,500,146,12,2
2112,56923,-16227,-2072,4357,-405,970,6,56923,-711,-3977,-662,41,44,9,56944,1003,-16024,4624,225,446,-251,56944,1732,16182,1169,-227,-1622,93,56923,-1989,15748,3253,-219,1171,161,12,2
2113,56945,-16227,-2061,4359,-405,988,6,56945,-704,-3977,-662,42,44,9,56966,1003,-16024,4624,234,446,-251,56966,1741,16212,1157,-227,-1622,93,56945,-1989,15748,3253,-219,1171,161,12,2
2114,56967,-16240,-2061,4359,-405,988,-3,56967,-704,-3977,-662,42,44,6,56988,945,-16024,4624,234,415,-251,56988,1741,16212,1157,-227,-1840,6,56967,-2004,15748,3253,-220,1171,161,12,2
2115,56989,-16240,-2019,4385,-377,1066,-39,56989,-688,-4000,-661,44,48,-1,57010,901,-16013,4624,250,399,-219,57010,1768,16242,1148,-204,-1889,-153,56989,-2040,15765,3274,-221,1557,111,12,2
2116,57011,-16125,-2019,4497,-377,1071,-39,57011,-683,-4000,-657,44,55,-1,57032,901,-16013,4624,257,399,-219,57032,1774,16242,1144,-204,-1889,-153,57011,-2040,15765,3275,-221,1557,111,12,2
2117,57033,-16125,-2019,4497,-381,1071,-39,57033,-683,-4017,-657,44,55,-11,57054,901,-16023,4579,257,399,-219,57054,1774,16242,1138,-204,-1889,-354,57033,-2075,15765,3275,-222,1557,74,12,2
2118,57055,-16108,-2057,4608,-396,1108,-24,57055,-661,-4024,-656,45,28,-21,57076,998,-16045,4539,259,446,-277,57076,1835,16212,1130,-202,-1645,-700,57055,-2149,15777,3327,-222,1397,59,12,2
2119,57077,-16108,-2057,4608,-396,1108,-16,57077,-653,-4024,-650,54,28,-21,57098,1003,-16045,4539,259,469,-277,57098,1835,16212,1130,-202,-1556,-700,57077,-2149,15777,3340,-192,1397,59,12,2
2120,57099,-16108,-2073,4608,-407,1108,-16,57099,-653,-4024,-650,54,8,-31,57120,1003,-16061,4515,259,469,-326,57120,1835,16212,1121,-270,-1556,-1054,57099,-2214,15773,3340,-192,1130,59,12,2
2121,57121,-16129,-2073,4601,-420,1150,1,57121,-625,-4018,-644,85,8,-56,57142,1105,-16099,4480,261,521,-503,57142,1838,16190,1121,-358,-1302,-1569,57121,-2330,15770,3348,-67,623,72,12,2
2122,57143,-16129,-2071,4601,-420,1150,1,57143,-625,-4018,-637,95,14,-56,57164,1168,-16099,4480,261,521,-503,57164,1838,16190,1142,-358,-1302,-1569,57143,-2330,15770,3348,3,623,133,12,2
2123,57165,-16144,-2071,4595,-430,1150,1,57165,-625,-4018,-637,95,14,-76,57186,1168,-16134,4454,117,521,-750,57186,1727,16187,1142,-490,-1302,-2115,57165,-2417,15770,3348,3,243,133,12,2
2124,57187,-16162,-2089,4587,-444,1136,-23,57187,-604,-4013,-607,139,39,-116,57208,1292,-16160,4363,-279,595,-1040,57208,1513,16185,1162,-718,-1112,-2766,57187,-2475,15772,3295,177,182,420,12,2
2125,57209,-16162,-2089,4587,-444,1136,-23,57209,-604,-3997,-582,161,39,-116,57230,1292,-16160,4363,-279,651,-1040,57230,1513,16185,1162,-718,-963,-2766,57209,-2475,15772,3295,179,182,554,12,2
2126,57231,-16162,-2118,4581,-456,1082,-75,57231,-604,-3997,-582,161,22,-159,57252,1292,-16180,4295,-629,651,-1259,57252,1352,16183,1162,-972,-963,-3416,57231,-2475,15772,3255,179,157,554,12,2
2127,57253,-16111,-2163,4460,-530,940,-320,57253,-539,-3990,-530,242,-8,-239,57274,1676,-16180,3992,-1343,692,-1952,57274,1153,16182,1169,-1267,-259,-4293,57253,-2464,15779,3255,330,138,1155,12,2
2128,57275,-16080,-2163,4460,-530,940,-320,57275,-521,-3990,-521,256,-8,-239,57296,1748,-15991,3992,-1343,692,-1952,57296,1153,16182,1169,-1267,-259,-4293,57275,-2464,15779,3278,477,138,1377,12,2
2129,57297,-16080,-2243,4335,-677,590,-556,57297,-521,-3990,-521,256,-31,-317,57318,1748,-15991,3710,-2151,568,-3242,57318,836,16163,1169,-1495,-259,-5044,57297,-2464,15779,3278,477,-242,1377,12,2
2130,57319,-15080,-2385,4147,-945,45,-733,57319,-440,-3987,-393,350,-54,-411,57340,2219,-15380,3259,-3266,-596,-4984,57340,596,16149,1329,-1684,341,-5704,57319,-2547,15979,3278,1020,-823,2841,12,2
2131,57341,-15080,-2385,4147,-945,45,-733,57341,-431,-3985,-373,358,-54,-411,57362,2219,-15380,3259,-3266,-596,-4984,57362,596,16149,1329,-1684,341,-5704,57341,-2547,15986,3245,1066,-823,3377,12,2
2132,57363,-15080,-2385,3855,-1146,-591,-733,57363,-431,-3985,-373,358,-54,-501,57384,2219,-15380,2921,-4493,-1469,-6819,57384,416,16149,1329,-1938,341,-6199,57363,-2547,15986,3245,1066,-1258,3377,12,2
2133,57385,-14080,-2275,3458,-1146,-1230,-137,57385,-358,-3867,-221,444,-53,-588,57406,1936,-15221,2430,-6108,-1483,-8455,57406,281,16583,1507,-2340,464,-7578,57385,-2401,16326,3207,1589,-1928,5377,12,2
2134,57407,-14080,-1749,3458,-1136,-1230,-81,57407,-317,-3867,-221,464,-53,-588,57428,1936,-15221,2430,-6108,-1483,-8455,57428,281,16689,1516,-2340,464,-7578,57407,-2401,16344,3207,1613,-1928,5377,12,2
2135,57429,-14080,-1749,3160,-1136,-1710,-81,57429,-317,-3867,-221,464,-53,-710,57450,1724,-15221,2094,-7744,-1483,-9684,57450,273,16689,1516,-2694,338,-8910,57429,-2401,16344,3127,1613,-1982,5377,12,2
2136,57451,-13080,-1297,2946,-1060,-1964,-17,57451,-183,-3927,-168,643,-17,-925,57472,1724,-15222,1842,-8971,-1305,-10606,57472,-479,17094,1657,-3069,-145,-9909,57451,-1401,16425,2813,2305,-1982,7035,12,2
2137,57473,-13080,-1297,2946,-843,-1964,-17,57473,-183,-3927,-168,768,3,-925,57494,2494,-15222,1842,-8971,-1305,-10606,57494,-479,17094,1736,-3069,-145,-9909,57473,-1401,16425,2813,2305,-1380,7035,12,2
2138,57495,-13080,-1297,2946,-843,-2108,-271,57495,-204,-3927,-168,768,3,-1124,57516,2494,-15222,1653,-8971,-1305,-11298,57516,-1479,16639,1736,-3069,-763,-10539,57495,-1401,15847,2525,2305,-1380,7035,12,2
2139,57517,-12080,-1429,3056,-601,-2108,-550,57517,-282,-3793,-51,1100,-12,-1328,57538,3232,-14965,1139,-8794,-1979,-11861,57538,-2479,15833,2187,-2901,-1251,-10729,57517,-401,15079,2309,2734,-418,8211,12,2
2140,57539,-12080,-1429,3056,-601,-2077,-550,57539,-282,-3612,-39,1100,-12,-1328,57560,3232,-14879,1139,-8694,-1979,-11861,57560,-2479,15833,2330,-2891,-1251,-10729,57539,-401,15079,2309,2734,-418,8211,12,2
2141,57561,-12080,-1578,3056,-601,-2077,-653,57561,-282,-3612,-39,1100,-38,-1481,57582,3232,-14879,948,-8694,-2484,-11865,57582,-3479,14833,2330,-2891,-1617,-10729,57561,-401,14848,2147,2670,-418,8211,12,2
2142,57583,-11080,-2188,3092,-613,-1727,-718,57583,-215,-3403,149,1107,-91,-1570,57604,3786,-14614,587,-8691,-2484,-11908,57604,-4479,13833,2728,-2718,-1617,-10310,57583,599,14812,1642,2115,-325,8425,12,2
2143,57605,-11080,-2188,3092,-613,-1727,-718,57605,200,-3403,183,1107,-91,-1570,57626,4085,-14614,587,-8691,-2356,-11908,57626,-4479,13833,2728,-2718,-1465,-10102,57605,599,14812,1642,2115,-325,8425,12,2
2144,57627,-11080,-2646,3092,-622,-1727,-718,57627,200,-3403,183,1100,-91,-1570,57648,4085,-14614,316,-8691,-2356,-11908,57648,-5479,13238,2728,-2718,-1465,-10102,57627,599,14812,642,1552,-334,8425,12,2
2145,57649,-10080,-2646,3021,-677,-1620,-199,57649,553,-3246,417,1072,12,-1444,57670,5085,-14666,-602,-9068,-1170,-11901,57670,-6113,13238,3016,-3259,-1124,-9425,57649,1599,14837,-358,1045,-447,8057,12,2
2146,57671,-10080,-2445,3021,-677,-1620,-199,57671,553,-3246,487,1072,12,-1398,57692,5085,-14705,-602,-9068,-1170,-11646,57692,-6113,13596,3016,-3259,-770,-9324,57671,1599,14837,-358,1045,-447,8057,12,2
2147,57693,-10080,-2445,2967,-946,-1620,-199,57693,553,-3246,487,1069,12,-1398,57714,5085,-14666,-1372,-9409,-1170,-11646,57714,-6526,13596,3016,-3850,-770,-9324,57693,1599,14793,-358,718,-883,7612,12,2
2148,57715,-9080,-2125,2873,-1148,-1540,-102,57715,818,-3224,819,1067,20,-1262,57736,6085,-14294,-2053,-9927,-1223,-11173,57736,-6898,14483,3658,-4294,179,-8568,57715,2599,14471,214,613,-1391,7257,12,2
2149,57737,-9080,-2125,2873,-1148,-1422,-102,57737,899,-3224,828,1067,20,-1262,57758,6085,-14294,-2053,-9927,-1223,-10752,57758,-6898,14483,3658,-4294,179,-8568,57737,2599,14471,214,613,-1391,7257,12,2
2150,57759,-10080,-2125,2658,-1148,-1422,-102,57759,899,-3239,828,1066,-51,-1262,57780,6085,-14294,-2801,-10140,-1263,-10752,57780,-7437,14483,3658,-4294,179,-8568,57759,2599,14354,214,613,-1642,6899,12,2
2151,57781,-10996,-2241,2450,-1044,-1170,3,57781,1248,-3250,1062,1007,-104,-1202,57802,7085,-14015,-3362,-10140,-1263,-9854,57802,-7924,13780,4139,-3533,708,-8080,57781,3599,14266,583,619,-1857,6316,12,2
2152,57803,-10996,-2241,2450,-1044,-1170,3,57803,1267,-3250,1062,1007,-104,-1202,57824,7085,-14015,-3362,-9340,-692,-9853,57824,-7924,13780,4139,-3445,708,-8080,57803,3599,14266,583,645,-1857,6316,12,2
2153,57825,-11683,-2330,2272,-1044,-1170,3,57825,1267,-3250,1062,907,-104,-1202,57846,7085,-14015,-3763,-9340,-692,-9853,57846,-8496,12816,4139,-3445,708,-8080,57825,3599,14200,583,645,-2122,5752,12,2
2154,57847,-12294,-2406,2133,-1082,-1275,82,57847,1638,-3091,1237,756,-80,-1157,57868,8085,-13686,-4064,-7915,189,-8970,57868,-9030,12093,5139,-2642,1896,-7465,57847,4599,13783,754,896,-2388,5009,12,2
2155,57869,-12294,-2406,2133,-1082,-1275,82,57869,1652,-3091,1275,756,-80,-1131,57890,8085,-13686,-4064,-7619,189,-8970,57890,-9030,12093,5139,-2623,2473,-7199,57869,4599,13783,754,1120,-2388,5009,12,2
2156,57891,-12738,-2455,1934,-1156,-1354,82,57891,1652,-3091,1275,621,-80,-1131,57912,8085,-13686,-4325,-7619,189,-8970,57912,-9517,12093,5139,-2623,2473,-7199,57891,4599,13470,754,1120,-2587,4437,12,2
2157,57913,-13047,-2492,1594,-1219,-1413,187,57913,1961,-3021,1504,511,-43,-1040,57934,9085,-13439,-4997,-6106,816,-8205,57934,-10021,12494,4139,-1231,2891,-6472,57913,5599,13235,625,1492,-2769,3902,12,2
2158,57935,-13047,-2492,1594,-1219,-1413,187,57935,1981,-3021,1526,511,-43,-1037,57956,9085,-13439,-4997,-6106,816,-8205,57956,-10021,12494,4139,-1231,2891,-6472,57935,5599,13235,625,1551,-2769,3902,12,2
2159,57957,-13065,-2578,1339,-1266,-1413,187,57957,1981,-3021,1526,400,-43,-1037,57978,9085,-13439,-5552,-6106,816,-8205,57978,-10416,11980,3976,-1231,2169,-6472,57957,5599,13058,21,1551,-2769,3479,12,2
2160,57979,-13065,-2655,1148,-1266,-1130,265,57979,2274,-2968,1718,295,-16,-966,58000,9896,-13398,-6552,-5607,866,-7457,58000,-10719,11588,3854,-804,1628,-5927,57979,6524,12693,-725,1568,-2582,2935,12,2
2161,58001,-12930,-2655,1148,-1220,-947,301,58001,2274,-2968,1737,295,-16,-962,58022,9896,-13249,-6552,-5607,866,-7378,58022,-10719,11588,3854,-804,1628,-5699,58001,6599,12693,-725,1568,-2582,2935,12,2
2162,58023,-12930,-2713,971,-1220,-947,301,58023,2274,-2968,1737,277,-16,-962,58044,8896,-13249,-7552,-5607,866,-7378,58044,-10995,11294,3762,-804,1303,-5699,58023,6599,12693,-997,1178,-2582,2524,12,2
2163,58045,-12716,-2713,733,-1167,86,281,58045,2463,-2916,1949,277,52,-847,58066,7896,-13106,-8552,-5475,-278,-6524,58066,-11202,11175,3693,-674,1303,-4913,58045,7186,13226,-1138,417,-2441,2215,12,2
2164,58067,-12655,-2575,733,-1167,167,281,58067,2463,-2910,1949,316,52,-807,58088,7896,-12249,-8552,-5475,-278,-6445,58088,-11202,11175,3693,-674,1486,-4789,58067,7186,13226,-1138,417,-2169,2215,12,2
2165,58089,-12655,-2575,554,-1167,167,163,58089,2463,-2910,1949,316,52,-807,58110,7896,-12249,-8552,-5475,-1136,-6445,58110,-11474,11086,3693,-674,1486,-4789,58089,7186,13226,-1142,-153,-2169,1940,12,2
2166,58111,-12544,-2550,460,-1094,726,75,58111,2660,-2864,2099,321,78,-680,58132,8896,-11249,-8426,-4959,-1136,-4445,58132,-11615,10845,3787,-554,1624,-3908,58111,7821,12925,-1142,-499,-1408,1571,12,2
2167,58133,-12544,-2550,460,-1009,726,75,58133,2660,-2862,2099,321,78,-659,58154,8896,-11249,-8426,-4916,-1074,-4445,58154,-11615,10845,3858,-554,1624,-3853,58133,7821,12925,-1131,-499,-1408,1571,12,2
2168,58155,-12544,-2577,408,-1009,726,72,58155,2660,-2862,2099,310,78,-659,58176,8896,-11249,-8426,-4916,-1074,-4445,58176,-11784,10777,3858,-554,1624,-3853,58155,7821,12925,-1131,-705,-1408,1283,12,2
2169,58177,-12634,-2577,369,-891,608,69,58177,2749,-2812,2211,286,110,-521,58198,9896,-10249,-8303,-3796,-916,-3538,58198,-11926,10777,3549,-423,1525,-2943,58177,8271,13077,-1080,-859,-1022,1035,12,2
2170,58199,-12634,-2551,369,-891,608,69,58199,2749,-2808,2238,286,110,-509,58220,9896,-10249,-8303,-3716,-912,-3538,58220,-11926,10936,3549,-423,1525,-2933,58199,8271,13077,-1080,-859,-1022,1035,12,2
2171,58221,-12740,-2551,340,-891,517,67,58221,2749,-2808,2238,244,110,-509,58242,9896,-10249,-8303,-3716,-912,-3538,58242,-12032,10936,3317,-423,1449,-2933,58221,8271,13077,-1080,-975,-1022,862,12,2
2172,58243,-12909,-2458,340,-668,297,67,58243,2785,-2759,2342,195,110,-387,58264,10820,-9477,-8211,-2622,-790,-2663,58264,-12074,10646,3293,-325,1345,-2063,58243,8589,12903,-1504,-1007,-780,734,12,2
2173,58265,-12909,-2458,353,-668,297,109,58265,2785,-2759,2342,195,110,-386,58286,10820,-9477,-8210,-2583,-428,-2514,58286,-12074,10646,3293,-325,1345,-2063,58265,8589,12903,-1504,-1007,-780,734,12,2
2174,58287,-13035,-2458,353,-668,284,109,58287,2785,-2759,2342,181,108,-386,58308,10820,-9477,-8210,-2583,-428,-2514,58308,-12074,10428,3293,-340,1163,-2063,58287,8589,12773,-1822,-1007,-780,650,12,2
2175,58309,-13035,-2415,362,-500,284,-22,58309,2807,-2705,2444,170,93,-245,58330,9820,-8864,-9210,-1733,-65,-1419,58330,-12003,10428,3275,-788,1004,-1053,58309,8692,12773,-1822,-748,-707,587,12,2
2176,58331,-12928,-2415,362,-500,527,-22,58331,2807,-2705,2445,170,93,-222,58352,9820,-8864,-9210,-1733,-65,-1323,58352,-12003,10714,3275,-788,1004,-947,58331,8692,13012,-1511,-646,-707,587,12,2
2177,58353,-12928,-2415,205,-500,527,-263,58353,2807,-2724,2445,162,24,-222,58374,9820,-8864,-10028,-1733,-65,-1323,58374,-12003,10714,3182,-878,582,-947,58353,8692,13012,-1511,-646,-707,478,12,2
2178,58375,-12419,-2524,83,-179,878,-444,58375,2910,-2775,2521,125,-56,-88,58396,10820,-8553,-10619,-727,236,-391,58396,-12097,11037,3182,-878,155,130,58375,9076,12947,-913,-363,-652,212,12,2
2179,58397,-12175,-2524,83,-166,878,-444,58397,2986,-2775,2523,125,-56,-85,58418,10820,-8553,-10619,-144,236,-234,58418,-12097,11037,3182,-776,155,138,58397,9076,12947,-913,-363,-652,212,12,2
2180,58419,-12175,-2606,4,-166,878,-444,58419,2986,-2825,2523,54,-115,-85,58440,10820,-8553,-10619,-144,236,-234,58440,-12097,11037,3094,-776,-164,138,58419,9076,12898,-1084,-363,-652,-19,12,2
2181,58441,-11928,-2661,-32,156,538,-191,58441,3081,-2895,2572,-44,-145,36,58462,11589,-9553,-9913,1431,1226,855,58462,-12008,10932,3094,-578,-615,1211,58441,9120,12884,-1229,-190,-212,-394,12,2
2182,58463,-11928,-2661,-32,212,538,-191,58463,3081,-2895,2572,-44,-145,56,58484,11764,-9553,-9890,1461,1226,1100,58484,-11958,10932,3134,-578,-615,1330,58463,9120,12884,-1229,-190,-212,-394,12,2
2183,58485,-12079,-2668,-32,212,347,-191,58485,3034,-2900,2572,-122,-168,56,58506,11764,-10473,-9890,1461,1226,1100,58506,-11958,10932,3134,-578,-953,1330,58485,9111,12884,-1337,-190,-212,-758,12,2
2184,58507,-12419,-2704,118,416,337,-138,58507,2998,-2900,2519,-184,-201,190,58528,12218,-11180,-8982,2497,1185,2394,58528,-11514,11160,3164,-498,-1313,2249,58507,9058,12874,-1337,-225,181,-1407,12,2
2185,58529,-12419,-2704,154,416,337,-138,58529,2998,-2865,2519,-184,-201,206,58550,12247,-11180,-8981,2497,1185,2437,58550,-11450,11261,3374,-498,-1313,2249,58529,9058,12874,-1328,-225,432,-1407,12,2
2186,58551,-12941,-2731,154,416,337,-138,58551,2998,-2865,2422,-231,-225,206,58572,12247,-11861,-8981,2497,1185,2437,58572,-11450,11261,3374,-498,-1690,2249,58551,8963,12808,-1328,-341,432,-1894,12,2
2187,58573,-13356,-2854,366,445,621,-98,58573,3020,-2834,2263,-266,-225,338,58594,12580,-12431,-8013,3274,1479,3483,58594,-11113,11430,3583,-416,-2291,2891,58573,8851,12759,-1234,-744,1206,-2305,12,2
2188,58595,-13356,-2854,393,445,662,-72,58595,3020,-2834,2263,-266,-195,358,58616,12593,-12431,-7981,3369,1493,3619,58616,-11113,11430,3583,-351,-2291,2891,58595,8851,12759,-1234,-744,1206,-2305,12,2
2189,58617,-13709,-2929,393,377,662,-72,58617,3003,-2834,2144,-303,-195,358,58638,12593,-12865,-7981,3369,1493,3619,58638,-11113,11430,3583,-351,-2328,2891,58617,8767,12759,-1234,-1046,1206,-2672,12,2
2190,58639,-14067,-2929,648,310,1028,-2,58639,2889,-2852,2028,-383,-170,488,58660,12761,-13260,-7059,4148,1762,4832,58660,-10860,11557,3910,-175,-2328,3482,58639,8632,13067,-1103,-1183,1708,-3204,12,2
2191,58661,-14067,-2902,689,310,1028,-2,58661,2889,-2852,2028,-383,-158,511,58682,12761,-13260,-7030,4148,1762,4967,58682,-10776,11557,3910,-128,-2302,3632,58661,8632,13067,-1103,-1183,1708,-3204,12,2
2192,58683,-14338,-2902,689,294,1028,-2,58683,2742,-2916,1917,-454,-158,511,58704,12651,-13557,-7030,4148,1526,4967,58704,-10776,11557,3910,-128,-2302,3632,58683,8531,13067,-1103,-1199,1708,-3626,12,2
2193,58705,-14613,-2735,1037,282,1288,18,58705,2615,-2977,1792,-536,-124,644,58726,12200,-13972,-6152,4742,1342,6275,58726,-10329,11891,3960,195,-2070,4685,58705,8282,13298,-939,-1211,1982,-4245,12,2
2194,58727,-14613,-2735,1043,282,1288,18,58727,2615,-2977,1792,-536,-121,649,58748,12200,-13972,-6149,4742,1342,6324,58748,-10329,12102,3960,267,-1981,4778,58727,8282,13298,-898,-1211,1982,-4245,12,2
2195,58749,-14613,-2735,1043,282,1288,18,58749,2446,-3098,1675,-629,-121,649,58770,11694,-14303,-6149,4742,1178,6324,58770,-10329,12102,3960,267,-1981,4778,58749,7965,13298,-898,-1211,1982,-4834,12,2
2196,58771,-13613,-2610,1303,310,1426,19,58771,2273,-3189,1486,-703,-96,805,58792,11035,-14551,-5313,5543,1077,7519,58792,-9621,12484,3971,564,-2493,5683,58771,7727,13595,-744,-1214,2037,-5426,12,2
2197,58793,-13613,-2610,1303,310,1426,19,58793,2273,-3189,1486,-703,-94,815,58814,11035,-14551,-5149,5693,1077,7621,58814,-9526,12484,3971,853,-2493,5809,58793,7727,13595,-375,-1214,2037,-5426,12,2
2198,58815,-13613,-2610,1303,310,1426,-53,58815,2125,-3193,1339,-762,-94,815,58836,10138,-14551,-5149,5693,1001,7621,58836,-9526,12484,3971,853,-2886,5809,58815,7468,13555,-375,-1216,2037,-6019,12,2
2199,58837,-12613,-2524,1681,333,1700,-112,58837,1902,-3196,1194,-820,-62,951,58858,9257,-14292,-4149,6468,944,9000,58858,-8865,12771,3900,1397,-3172,7290,58837,7135,13525,25,-1353,1998,-7119,12,2
2200,58859,-12613,-2524,1681,333,1700,-112,58859,1902,-3196,1194,-820,-62,984,58880,9257,-14292,-4149,6468,944,9128,58880,-8664,13484,3900,1493,-3172,7290,58859,7135,13525,25,-1353,1998,-7119,12,2
2201,58881,-12613,-2524,1681,320,1700,-156,58881,1735,-3198,1068,-874,-62,984,58902,8542,-14292,-4149,6468,944,9128,58902,-8664,13484,3847,1493,-3172,7290,58881,6592,13525,25,-1531,1766,-8085,12,2
2202,58903,-11613,-2233,1986,204,1736,-189,58903,1610,-3367,906,-930,-50,1173,58924,7844,-14150,-3160,7043,996,10438,58924,-7664,14089,3807,2154,-3099,8068,58903,5592,14004,212,-1877,1592,-8810,12,2
2203,58925,-11613,-2233,1995,204,1736,-189,58925,1610,-3367,906,-930,-50,1178,58946,7844,-14150,-3149,7043,996,10438,58946,-7664,14089,3807,2169,-2241,8068,58925,5592,14116,212,-1877,1592,-8810,12,2
2204,58947,-11613,-2233,1995,64,1736,-212,58947,1516,-3494,784,-969,-50,1178,58968,7244,-14150,-3149,7043,819,10438,58968,-7664,14089,3661,2169,-2241,8068,58947,4803,14116,212,-2137,1592,-9298,12,2
2205,58969,-10613,-2078,2279,-109,1763,-215,58969,1212,-3494,666,-969,-24,1312,58990,6250,-13939,-2377,7467,554,10886,58990,-6771,14433,3337,2697,-882,8752,58969,4205,14410,498,-2332,1719,-9664,12,2
2206,58991,-10613,-2078,2306,-109,1763,-215,58991,1212,-3253,666,-952,37,1312,59012,6250,-13939,-2216,7467,554,10886,59012,-6771,14433,3337,2697,-882,8863,58991,4205,14410,498,-2332,1842,-9664,12,2
2207,59013,-10613,-2078,2306,-220,1727,-217,59013,923,-3253,577,-952,37,1312,59034,5383,-13939,-2216,7467,356,10886,59034,-6771,14433,3106,2697,-1217,8863,59013,3756,14410,498,-2386,1842,-10032,12,2
2208,59035,-9613,-1719,2412,-220,1148,-219,59035,698,-3113,471,-954,108,1412,59056,4733,-14011,-1517,7593,356,11222,59056,-5771,14674,2796,3093,-1468,9349,59035,3002,14630,788,-2386,2356,-10339,12,2
2209,59057,-9613,-1719,2412,-185,1148,-219,59057,698,-3113,471,-954,108,1412,59078,4733,-14011,-1216,7593,542,11222,59078,-5771,14691,2796,3093,-1468,9349,59057,3002,14772,788,-2344,2356,-10339,12,2
2210,59079,-9613,-1719,2118,-185,552,-233,59079,537,-3113,399,-955,108,1412,59100,4533,-14065,-1216,7544,542,11222,59100,-5771,14691,2564,3093,-1468,9312,59079,2151,14772,788,-2344,2356,-10339,12,2
2211,59101,-8613,-1514,1854,-92,105,-274,59101,415,-3189,337,-955,167,1455,59122,4383,-14260,-268,7507,299,10979,59122,-4771,15066,2146,3326,34,8798,59101,1151,15050,1006,-2414,1825,-10256,12,2
2212,59123,-8613,-1514,1854,-92,105,-274,59123,415,-3189,337,-934,174,1455,59144,4383,-14260,-267,7507,299,10979,59144,-4771,15074,2146,3326,84,8798,59123,1151,15050,1034,-2414,1825,-10009,12,2
2213,59145,-8613,-1514,1616,-92,105,-323,59145,323,-3327,255,-934,174,1430,59166,3431,-14407,-267,7237,117,10328,59166,-4771,15074,1955,3326,84,8413,59145,336,15050,1034,-2470,80,-10009,12,2
2214,59167,-7613,-1713,1396,-168,537,-360,59167,172,-3430,178,-885,273,1299,59188,2565,-14825,444,7035,-19,9250,59188,-3771,15338,1812,3223,1372,8006,59167,-481,15228,1433,-2512,-1415,-9306,12,2
2215,59189,-7613,-1713,1396,-168,708,-360,59189,172,-3430,178,-885,273,1299,59210,2565,-14825,542,7035,-19,9250,59210,-3771,15338,1812,3223,1372,8006,59189,-481,15228,1548,-2512,-1415,-9016,12,2
2216,59211,-8613,-2214,1101,-309,708,-388,59211,-74,-3541,59,-885,273,1159,59232,1946,-15138,542,6883,-19,7929,59232,-3771,15338,1705,3091,1372,7576,59211,-1122,15228,1548,-2512,-1432,-9016,12,2
2217,59233,-9613,-2592,879,-415,1380,-401,59233,-361,-3750,-42,-886,313,992,59254,1482,-15138,1542,5136,706,5929,59254,-2771,15305,1591,2298,1124,5576,59233,-1603,15389,2026,-2082,-1432,-7016,12,2
2218,59255,-9613,-2592,879,-415,1380,-401,59255,-361,-3750,-42,-886,313,992,59276,1482,-15012,1542,5136,706,5929,59276,-2771,15305,1591,2298,1124,5576,59255,-1603,15389,2026,-1900,-834,-7016,12,2
2219,59277,-10611,-2592,879,-415,1380,-401,59277,-402,-3907,-146,-887,313,852,59298,1134,-15012,1542,3825,706,3929,59298,-2771,15305,1506,1665,627,3762,59277,-1603,15389,2026,-1900,-834,-7016,12,2
2220,59299,-11078,-2157,1172,11,1376,-76,59299,-433,-3955,-236,-887,249,586,59320,873,-15188,2152,3109,328,2957,59320,-1771,15447,1442,1210,197,2401,59299,-1545,15449,2290,-1326,-661,-5016,12,2
2221,59321,-11078,-2157,1248,11,1376,-76,59321,-433,-3955,-236,-581,249,586,59342,873,-15188,2152,3109,328,2957,59342,-1771,15447,1442,1210,197,2401,59321,-1545,15449,2290,-1326,-661,-5016,12,2
2222,59343,-11078,-2157,1248,11,1373,-76,59343,-456,-3955,-303,-581,201,359,59364,654,-15320,2152,2572,45,2402,59364,-1771,15447,1400,960,130,1791,59343,-1545,15449,2290,-1326,-661,-5016,12,2
2223,59365,-10078,-2458,1660,72,1371,-160,59365,-626,-3867,-353,-352,118,189,59386,490,-15320,2989,2053,-171,2079,59386,-1184,15554,1369,772,130,1544,59365,-1558,15494,2450,-1160,-693,-3712,12,2
2224,59387,-10078,-2458,1660,72,1371,-160,59387,-626,-3867,-353,-349,118,189,59408,490,-15283,2989,2053,-171,2079,59408,-1042,15561,1369,772,260,1544,59387,-1558,15494,2485,-1160,-693,-3712,12,2
2225,59409,-11078,-2684,1660,-16,1369,-223,59409,-733,-3867,-391,-349,11,148,59430,367,-15283,2989,1664,-333,1836,59430,-1042,15561,1314,631,260,1358,59409,-1568,15494,2485,-1160,-693,-3712,12,2
2226,59431,-12078,-2684,1905,-213,1166,-223,59431,-733,-3890,-429,-289,-68,139,59452,367,-15780,3281,1465,-454,1571,59452,-388,15686,1194,491,188,1146,59431,-1709,15538,2645,-1066,-663,-2926,12,2
2227,59453,-12078,-2658,1905,-213,1166,-161,59453,-674,-3890,-429,-289,-68,139,59474,394,-15780,3281,1465,-454,1571,59474,-388,15740,1194,491,188,1146,59453,-1709,15538,2654,-1066,-663,-2926,12,2
2228,59475,-13015,-2658,1905,-361,1166,-161,59475,-674,-3907,-464,-289,-68,133,59496,394,-16153,3281,1315,-454,909,59496,-388,15740,1104,362,67,914,59475,-1814,15538,2654,-1066,-663,-2926,12,2
2229,59497,-13552,-2507,2033,-361,1264,-72,59497,-665,-3953,-484,-244,14,128,59518,414,-16153,3500,1023,42,413,59518,129,15791,1104,265,-70,644,59497,-1853,15641,2822,-811,-450,-2071,12,2
2230,59519,-13552,-2498,2055,-349,1264,-60,59519,-665,-3953,-484,-244,14,128,59540,414,-16064,3505,1023,42,413,59540,129,15791,1146,265,-70,644,59519,-1853,15641,2822,-788,-306,-2025,12,2
2231,59541,-13552,-2498,2055,-349,1264,-60,59541,-757,-3961,-484,-244,14,114,59562,414,-16064,3505,758,42,247,59562,129,15791,1146,193,-91,333,59541,-1853,15641,2822,-788,-306,-2025,12,2
2232,59563,-12552,-2320,2168,-248,1422,-40,59563,-863,-3967,-482,-184,72,88,59584,376,-15994,3708,606,-4,144,59584,485,15829,1156,131,-91,99,59563,-1801,15653,2859,-527,-165,-1403,12,2
2233,59585,-12552,-2320,2176,-248,1422,-40,59585,-863,-3967,-482,-184,72,88,59606,376,-15968,3708,606,-4,144,59606,485,15854,1156,131,16,99,59585,-1801,15653,2859,-527,-165,-1403,12,2
2234,59607,-12552,-2320,2176,-248,1422,-40,59607,-863,-3967,-482,-184,72,46,59628,376,-15968,3708,587,-41,116,59628,485,15854,1141,85,16,7,59607,-1801,15653,2859,-527,-190,-1403,12,2
2235,59629,-11552,-2332,2358,-190,1548,-25,59629,-858,-3962,-520,-144,45,2,59650,386,-16015,3856,572,-44,46,59650,737,15934,1074,-5,240,-57,59629,-1789,15661,2843,-426,-228,-1016,12,2
2236,59651,-11552,-2332,2358,-190,1548,-4,59651,-820,-3962,-520,-144,45,2,59672,386,-16015,3856,572,-44,46,59672,737,15934,1074,-5,240,-57,59651,-1789,15661,2843,-426,-228,-1016,12,2
2237,59673,-12552,-2341,2358,-190,1548,-4,59673,-820,-3962,-555,-144,25,-15,59694,386,-16061,3856,557,-44,-6,59694,737,15934,1024,-82,240,-89,59673,-1789,15661,2843,-426,-259,-1016,12,2
2238,59695,-13405,-2341,2492,-185,1543,46,59695,-785,-3954,-586,-108,25,-15,59716,317,-16095,3989,503,74,-56,59716,950,15994,1024,-130,194,-113,59695,-1784,15710,2873,-387,-360,-750,12,2
2239,59717,-13405,-2337,2492,-185,1543,46,59717,-785,-3954,-586,-98,33,-4,59738,317,-16095,4019,503,122,-56,59738,950,15998,1047,-130,194,-113,59717,-1793,15710,2873,-387,-360,-750,12,2
2240,59739,-14044,-2337,2492,-222,1540,46,59739,-785,-3955,-610,-98,33,-4,59760,265,-16097,4019,462,122,-93,59760,950,15998,1047,-130,160,-113,59739,-1793,15710,2873,-387,-478,-750,12,2
2241,59761,-14524,-2311,2593,-325,1443,66,59761,-810,-3955,-632,-64,70,12,59782,265,-16097,4098,406,291,-102,59782,1092,16034,1080,-92,134,-67,59761,-1799,15730,2892,-348,-522,-618,12,2
2242,59783,-14524,-2269,2603,-325,1443,66,59783,-810,-3955,-632,-63,70,12,59804,348,-16089,4098,406,291,-102,59804,1092,16034,1080,-92,134,-67,59783,-1805,15730,2892,-348,-522,-618,12,2
2243,59805,-14972,-2269,2603,-402,1370,66,59805,-829,-3962,-632,-63,70,12,59826,348,-16083,4098,406,251,-102,59826,1092,16033,1080,-92,46,-67,59805,-1810,15730,2892,-389,-522,-618,12,2
2244,59827,-15308,-2162,2686,-417,1370,44,59827,-829,-3962,-628,-38,68,15,59848,372,-16083,4157,442,207,-69,59848,1199,16033,1105,-85,-52,-77,59827,-1822,15745,2907,-548,-389,-553,12,2
2245,59849,-15308,-2162,2686,-417,1389,44,59849,-820,-3962,-628,-38,68,15,59870,372,-16079,4183,442,207,-31,59870,1199,16055,1105,-85,-52,-77,59849,-1822,15745,2931,-548,-314,-553,12,2
2246,59871,-15434,-2162,2686,-417,1389,26,59871,-820,-3966,-628,-38,67,10,59892,372,-16079,4183,442,207,-31,59892,1199,16055,1104,-85,-52,-77,59871,-1842,15745,2931,-667,-314,-553,12,2
2247,59893,-15528,-2148,2758,-416,1419,-1,59893,-797,-3966,-666,-19,67,6,59914,390,-16181,4212,485,237,-16,59914,1282,16085,1092,-79,-23,-56,59893,-1966,15762,3018,-667,-293,-510,12,2
2248,59915,-15528,-2148,2794,-416,1441,-1,59915,-797,-3962,-666,-14,67,6,59936,390,-16181,4212,485,318,-16,59936,1295,16085,1092,-79,74,-40,59915,-1966,15762,3020,-653,-293,-510,12,2
2249,59937,-15644,-2148,2794,-420,1444,-27,59937,-797,-3962,-695,-14,67,6,59958,390,-16181,4212,458,318,-101,59958,1295,16085,1083,-79,74,-40,59937,-2059,15762,3020,-653,-293,-510,12,2
2250,59959,-15757,-2138,2836,-426,1458,-46,59959,-790,-3962,-695,-3,79,17,59980,482,-16163,4234,399,438,-279,59980,1367,16088,1076,-67,168,-28,59959,-2059,15755,3084,-488,-278,-330,12,2
2251,59981,-15757,-2119,2836,-426,1517,-46,59981,-790,-3962,-682,-3,95,17,60002,482,-16147,4234,399,438,-279,60002,1367,16088,1076,-67,168,-28,59981,-2055,15755,3084,-488,-203,-283,12,2
2252,60003,-15841,-2119,2836,-426,1517,-53,60003,-790,-3962,-682,-3,95,17,60024,482,-16147,4234,352,417,-384,60024,1367,16088,1076,-67,168,-30,60003,-2055,15755,3084,-488,-203,-283,12,2
2253,60025,-15904,-2025,2878,-347,1572,-53,60025,-800,-3964,-681,-4,126,14,60046,454,-16103,4322,320,395,-396,60046,1407,16104,1069,-58,118,-37,60025,-2026,15757,3083,-416,-100,-114,12,2
2254,60047,-15904,-2025,2937,-346,1572,-49,60047,-800,-3964,-681,-4,126,14,60068,454,-16103,4322,320,395,-396,60068,1407,16120,1069,-58,118,-37,60047,-2024,15757,3083,-416,-80,-114,12,2
2255,60069,-15939,-2025,2937,-346,1559,-49,60069,-815,-3965,-688,-4,126,4,60090,454,-16103,4322,320,364,-396,60090,1407,16120,1069,-58,81,-37,60069,-2024,15757,3083,-416,-80,-114,12,2
2256,60091,-15965,-1992,3055,-283,1519,-41,60091,-826,-3965,-701,-1,98,-5,60112,479,-16117,4388,327,260,-283,60112,1434,16145,1084,-45,67,-31,60091,-2001,15752,3107,-395,-93,-79,12,2
2257,60113,-15965,-1992,3069,-283,1519,-41,60113,-826,-3965,-701,-1,98,-5,60134,495,-16117,4388,327,260,-283,60134,1455,16145,1084,-38,67,-27,60113,-2001,15752,3107,-395,-93,-79,12,2
2258,60135,-15965,-1992,3069,-283,1509,-41,60135,-826,-3965,-708,-1,74,-11,60156,495,-16127,4388,327,260,-283,60156,1455,16145,1084,-38,67,-27,60135,-2019,15752,3107,-395,-103,-79,12,2
2259,60157,-15963,-2002,3161,-284,1502,-31,60157,-809,-3965,-713,9,56,-13,60178,510,-16135,4364,331,284,-275,60178,1491,16163,1071,-23,100,-15,60157,-2049,15762,3138,-375,-103,-53,12,2
2260,60179,-15963,-2002,3161,-284,1502,-31,60179,-809,-3965,-713,14,56,-13,60200,510,-16137,4364,331,311,-275,60200,1491,16163,1071,-23,100,-15,60179,-2049,15762,3138,-368,-91,-36,12,2
2261,60201,-15963,-2017,3161,-288,1497,-31,60201,-809,-3965,-713,14,56,-13,60222,510,-16135,4364,331,311,-277,60222,1491,16163,1071,-23,100,-15,60201,-2052,15762,3138,-368,-91,-36,12,2
2262,60223,-15972,-2020,3223,-322,1390,-8,60223,-799,-3965,-712,25,56,-9,60244,519,-16116,4386,312,368,-277,60244,1510,16165,1071,-17,128,-4,60223,-2052,15748,3180,-332,-82,25,12,2
2263,60245,-15972,-2020,3230,-322,1390,-8,60245,-799,-3964,-712,25,56,-9,60266,519,-16089,4399,312,376,-270,60266,1510,16165,1077,-14,128,6,60245,-2035,15748,3180,-332,-82,25,12,2
2264,60267,-16022,-2020,3230,-362,1309,-8,60267,-799,-3964,-712,25,56,-9,60288,519,-16089,4399,298,376,-270,60288,1528,16165,1077,-14,128,6,60267,-2035,15738,3180,-332,-82,25,12,2
2265,60289,-16059,-1994,3295,-392,1231,-6,60289,-794,-3964,-710,32,58,-7,60310,548,-16068,4420,295,425,-254,60310,1528,16165,1073,-6,146,8,60289,-2004,15726,3205,-348,-30,37,12,2
2266,60311,-16059,-1994,3298,-392,1231,-6,60311,-794,-3964,-707,32,58,-7,60332,550,-16068,4420,295,425,-240,60332,1553,16165,1073,-6,146,8,60311,-2004,15726,3205,-348,-21,37,12,2
2267,60333,-16089,-1994,3298,-405,1172,-8,60333,-794,-3965,-707,32,58,-7,60354,550,-16068,4420,295,425,-240,60354,1560,16163,1070,-6,146,7,60333,-2004,15721,3205,-380,-21,25,12,2
2268,60355,-16111,-2007,3362,-415,1128,-9,60355,-773,-3970,-699,36,59,-6,60376,604,-16058,4436,286,467,-211,60376,1560,16163,1054,-20,116,-2,60355,-2008,15703,3216,-423,164,7,12,2
2269,60377,-16111,-2007,3380,-415,1128,-9,60377,-772,-3970,-697,36,61,-6,60398,608,-16058,4436,286,473,-211,60398,1566,16163,1054,-20,116,-2,60377,-2008,15703,3216,-423,171,7,12,2
2270,60399,-16138,-2017,3380,-419,1096,-10,60399,-772,-3970,-697,36,61,-6,60420,608,-16058,4436,286,473,-211,60420,1566,16163,1042,-33,46,-2,60399,-2011,15698,3216,-458,171,-5,12,2
2271,60421,-16158,-2048,3453,-426,1072,-22,60421,-757,-3970,-689,44,63,-5,60442,679,-16055,4481,283,522,-196,60442,1581,16173,1032,-40,-5,1,60421,-2029,15694,3225,-470,308,-22,12,2
2272,60443,-16158,-2048,3463,-426,1072,-22,60443,-757,-3968,-689,44,64,-2,60464,688,-16055,4509,283,522,-196,60464,1582,16175,1032,-40,-5,15,60443,-2029,15694,3256,-470,308,-22,12,2
2273,60465,-16158,-2072,3463,-446,1072,-31,60465,-757,-3968,-689,44,64,-2,60486,688,-16055,4509,281,522,-196,60486,1582,16175,1032,-40,-5,15,60465,-2089,15694,3256,-470,111,-22,12,2
2274,60487,-16131,-2092,3504,-488,1072,-38,60487,-748,-3978,-681,44,66,4,60508,758,-16053,4553,279,544,-218,60508,1585,16184,1039,-5,1,-3,60487,-2134,15706,3295,-408,-56,7,12,2
2275,60509,-16121,-2092,3504,-488,1076,-38,60509,-748,-3978,-681,44,66,5,60530,758,-16051,4553,279,544,-218,60530,1585,16184,1039,-5,34,-3,60509,-2134,15706,3295,-317,-56,79,12,2
2276,60531,-16121,-2092,3504,-494,1076,-38,60531,-748,-3985,-681,42,66,5,61032,758,-16051,4553,230,544,-242,61032,1572,16161,1039,-5,34,-21,60531,-2134,15706,3295,-317,-181,79,13,2
2277,61033,-16118,-2044,3506,-494,1083,-10,61033,-745,-3990,-675,39,66,8,61054,768,-16048,4535,209,531,-253,61054,1563,16143,1044,0,53,-40,61033,-2078,15715,3290,-202,-199,168,13,2
2278,61055,-16118,-2038,3506,-475,1083,-5,61055,-745,-3990,-675,39,66,8,61076,768,-16048,4535,209,531,-253,61076,1563,16143,1044,0,53,-40,61055,-2078,15719,3290,-202,-199,168,13,2
2279,61077,-16118,-2038,3505,-475,1083,-5,61077,-749,-3990,-676,38,66,8,61098,768,-16060,4521,209,521,-253,61098,1556,16139,1044,0,53,-48,61077,-2078,15719,3286,-202,-199,168,13,2
2280,61099,-16151,-2003,3504,-421,1035,19,61099,-749,-3983,-676,37,61,8,61120,776,-16069,4487,206,512,-214,61120,1551,16139,1050,-2,67,-53,61099,-2050,15729,3280,-142,-180,198,13,2
2281,61121,-16151,-2003,3504,-414,1035,19,61121,-746,-3980,-676,37,61,8,61142,776,-16069,4487,206,512,-201,61142,1551,16154,1050,-2,67,-53,61121,-2050,15730,3280,-142,-127,198,13,2
2282,61143,-16160,-2003,3497,-414,996,19,61143,-746,-3980,-677,36,57,8,61164,776,-16069,4465,206,485,-201,61164,1551,16154,1050,-4,67,-57,61143,-2050,15730,3264,-142,-127,198,13,2
2283,61165,-16167,-2002,3484,-364,970,30,61165,-744,-3979,-678,35,54,7,61186,761,-16068,4465,204,482,-177,61186,1553,16165,1054,-5,91,-59,61165,-2029,15739,3252,-114,-73,220,13,2
2284,61187,-16167,-2002,3484,-361,970,30,61187,-744,-3979,-678,35,54,7,61208,761,-16059,4471,204,482,-177,61208,1553,16165,1054,-5,91,-59,61187,-2029,15739,3252,-114,-69,221,13,2
2285,61209,-16168,-2003,3475,-361,947,30,61209,-744,-3979,-681,35,49,6,61230,755,-16059,4471,204,463,-177,61230,1547,16165,1054,-5,91,-61,61209,-2029,15739,3234,-114,-69,221,13,2
2286,61231,-16169,-2008,3462,-321,915,28,61231,-739,-3978,-683,37,42,4,61252,745,-16052,4495,219,431,-159,61252,1538,16161,1057,-9,109,-74,61231,-2013,15736,3234,-91,-33,239,13,2
2287,61253,-16169,-2008,3462,-321,915,28,61253,-739,-3975,-683,37,42,4,61274,745,-16052,4495,219,431,-159,61274,1538,16161,1057,-9,118,-74,61253,-2008,15736,3234,-87,-26,240,13,2
2288,61275,-16174,-2012,3434,-321,913,27,61275,-739,-3975,-683,37,41,4,61296,724,-16052,4495,219,407,-159,61296,1538,16158,1053,-12,118,-81,61275,-2008,15732,3220,-87,-26,240,13,2
2289,61297,-16184,-2012,3433,-319,911,27,61297,-741,-3975,-681,38,41,4,61318,683,-16039,4508,230,402,-143,61318,1540,16156,1038,-14,140,-86,61297,-1969,15729,3210,-90,37,256,13,2
2290,61319,-16184,-2011,3433,-319,911,27,61319,-741,-3975,-681,38,42,4,61340,683,-16039,4508,230,402,-141,61340,1550,16156,1038,-14,140,-86,61319,-1969,15729,3210,-90,37,256,13,2
2291,61341,-16192,-2011,3432,-319,910,27,61341,-744,-3975,-681,38,42,4,61362,661,-16039,4508,203,402,-141,61362,1550,16156,1027,-14,140,-86,61341,-1969,15728,3210,-108,37,253,13,2
2292,61363,-16194,-2024,3432,-322,902,25,61363,-746,-3975,-680,39,38,3,61384,661,-16029,4513,180,422,-139,61384,1540,16155,1027,-4,169,-64,61363,-1948,15728,3216,-148,85,232,13,2
2293,61385,-16194,-2024,3432,-322,902,25,61385,-746,-3975,-678,39,38,3,61406,661,-16029,4513,180,444,-139,61406,1540,16155,1028,-4,169,-61,61385,-1948,15728,3216,-148,96,232,13,2
2294,61407,-16194,-2034,3429,-324,894,24,61407,-746,-3975,-678,39,35,3,61428,661,-16029,4513,163,444,-170,61428,1529,16147,1028,-4,169,-61,61407,-1948,15728,3216,-178,96,204,13,2
2295,61429,-16194,-2034,3422,-350,890,23,61429,-741,-3974,-676,41,34,3,61450,699,-16020,4530,159,492,-193,61450,1522,16141,1040,-13,163,-46,61429,-1925,15732,3219,-218,170,183,13,2
2296,61451,-16194,-2020,3422,-350,890,23,61451,-731,-3974,-676,42,34,4,61472,699,-16020,4534,159,492,-193,61472,1522,16141,1040,-13,163,-46,61451,-1925,15732,3219,-218,170,183,13,2
2297,61473,-16194,-2020,3422,-371,887,23,61473,-731,-3974,-676,43,34,4,61494,688,-16020,4534,159,492,-193,61494,1522,16141,1040,-21,140,-46,61473,-1925,15732,3219,-270,147,149,13,2
2298,61495,-16172,-2010,3425,-390,883,34,61495,-726,-3972,-677,42,36,5,61516,680,-16041,4550,189,530,-161,61516,1552,16156,1054,-27,102,-37,61495,-1914,15751,3230,-309,109,110,13,2
2299,61517,-16172,-2010,3432,-390,883,34,61517,-726,-3972,-677,42,42,6,61538,680,-16041,4550,189,530,-161,61538,1552,16159,1054,-27,102,-37,61517,-1914,15751,3230,-309,109,110,13,2
2300,61539,-16172,-2016,3432,-427,883,34,61539,-726,-3975,-677,41,42,6,61560,680,-16050,4550,189,530,-161,61560,1550,16159,1054,-31,73,-37,61539,-1927,15751,3230,-316,52,81,13,2
2301,61561,-16156,-2044,3433,-467,884,36,61561,-725,-3977,-675,40,49,8,61582,716,-16050,4548,212,576,-198,61582,1548,16159,1071,-34,51,-34,61561,-1963,15749,3264,-321,9,51,13,2
2302,61583,-16156,-2044,3433,-467,884,36,61583,-725,-3977,-675,40,49,8,61604,717,-16030,4548,212,576,-198,61604,1548,16159,1071,-34,51,-34,61583,-1963,15749,3276,-321,9,51,13,2
2303,61605,-16156,-2044,3422,-496,884,36,61605,-725,-3977,-675,40,49,7,61626,717,-16030,4548,212,576,-226,61626,1546,16139,1071,-64,-93,-34,61605,-1964,15747,3276,-323,9,42,13,2
2304,61627,-15156,-2027,3414,-496,926,44,61627,-723,-3971,-673,43,55,5,61648,809,-16015,4515,241,559,-247,61648,1519,16106,1037,-189,-1248,91,61627,-1964,15715,3280,-329,730,42,13,2
2305,61649,-15156,-2017,3414,-485,979,44,61649,-722,-3971,-670,43,56,5,61670,821,-16015,4515,259,559,-247,61670,1519,16106,1037,-189,-1248,91,61649,-1953,15715,3280,-329,760,60,13,2
2306,61671,-15156,-2017,3414,-485,979,44,61671,-722,-3971,-670,43,56,4,61692,821,-16025,4490,259,525,-247,61692,1519,16106,1037,-210,-2076,91,61671,-1953,15715,3256,-334,760,60,13,2
2307,61693,-15257,-1992,3535,-463,1058,43,61693,-717,-3981,-660,44,62,2,61714,887,-16103,4471,295,463,-138,61714,1562,16194,1055,-210,-2301,-23,61693,-1944,15726,3242,-334,1660,77,13,2
2308,61715,-15257,-1992,3536,-450,1069,43,61715,-715,-3981,-656,44,65,2,61736,887,-16103,4471,295,463,-138,61736,1642,16194,1055,-147,-2301,-23,61715,-1944,15727,3242,-321,1660,77,13,2
2309,61737,-15332,-1992,3536,-450,1069,43,61737,-715,-3997,-656,44,65,1,61758,887,-16162,4457,295,416,-138,61758,1642,16194,1055,-147,-2301,-125,61737,-1972,15727,3242,-321,1660,75,13,2
2310,61759,-15448,-2010,3628,-390,1184,53,61759,-710,-4019,-645,45,68,0,61780,957,-16162,4408,162,375,-189,61780,1734,16192,1001,-99,-1938,-403,61759,-2062,15736,3285,-273,1715,74,13,2
2311,61781,-15448,-2010,3630,-390,1185,53,61781,-710,-4019,-629,47,68,0,61802,957,-16104,4408,162,375,-189,61802,1789,16192,1001,-99,-1938,-403,61781,-2062,15736,3285,-211,1715,74,13,2
2312,61803,-15535,-2010,3630,-390,1185,53,61803,-710,-4020,-629,47,49,-7,61824,957,-16104,4408,62,344,-376,61824,1789,16191,989,-128,-1938,-776,61803,-2129,15736,3285,-211,1610,74,13,2
2313,61825,-15600,-1983,3702,-341,1272,34,61825,-655,-4021,-609,62,32,-45,61846,1061,-16105,4372,-12,319,-643,61846,1816,16190,966,-278,-1682,-1409,61825,-2199,15738,3304,-59,1368,253,13,2
2314,61847,-15600,-1983,3721,-341,1285,34,61847,-655,-4021,-605,89,32,-45,61868,1061,-16105,4372,-12,319,-643,61868,1816,16190,966,-278,-1682,-1409,61847,-2199,15738,3304,51,1368,323,13,2
2315,61869,-15671,-2007,3721,-341,1285,2,61869,-655,-4022,-605,89,19,-77,61890,1061,-16165,4275,-209,240,-923,61890,1766,16190,963,-439,-1682,-2071,61869,-2252,15738,3304,51,861,323,13,2
2316,61891,-15671,-2044,3581,-328,1127,-63,61891,-605,-4022,-558,154,6,-140,61912,1131,-16165,4175,-380,181,-1571,61912,1687,16212,947,-720,-1228,-3029,61891,-2346,15723,3393,385,71,713,13,2
2317,61913,-15644,-2044,3581,-328,1127,-63,61913,-605,-4022,-548,157,6,-140,61934,1131,-16162,4175,-380,181,-1571,61934,1687,16220,947,-720,-998,-3029,61913,-2346,15723,3393,434,71,890,13,2
2318,61935,-15644,-2105,3361,-408,948,-157,61935,-605,-4022,-548,157,-13,-213,61956,1131,-16162,3923,-1192,181,-2274,61956,1628,16220,886,-1088,-998,-4097,61935,-2416,15723,3393,434,-629,890,13,2
2319,61957,-14644,-2176,3154,-627,753,-402,61957,-567,-3980,-467,262,-28,-331,61978,1480,-16013,3558,-2011,196,-3732,61978,1432,16250,840,-1733,-208,-5722,61957,-2469,15794,3266,795,-1154,1895,13,2
2320,61979,-14644,-2176,3154,-627,753,-402,61979,-493,-3980,-435,294,-28,-331,62000,1480,-15946,3558,-2011,200,-3732,62000,1432,16284,840,-1733,-208,-5722,61979,-2508,15853,3266,814,-1154,2422,13,2
2321,62001,-14644,-2270,2999,-911,294,-585,62001,-493,-3980,-435,294,-39,-464,62022,1480,-15946,3209,-2778,200,-5732,62022,1145,16284,840,-2268,-208,-7053,62001,-2508,15853,3102,814,-1388,2422,13,2
2322,62023,-13644,-2340,2768,-1137,-521,-585,62023,-401,-3946,-313,417,-39,-654,62044,1716,-15655,2947,-4778,-39,-7732,62044,507,16337,1150,-2680,-67,-8082,62023,-2508,15988,2974,1099,-1563,4422,13,2
2323,62045,-13644,-2340,2768,-1137,-521,-583,62045,-401,-3946,-285,455,41,-654,62066,1716,-15556,2947,-4778,-39,-7732,62066,507,16594,1150,-2680,-67,-8082,62045,-2174,16018,2974,1110,-1563,4422,13,2
2324,62067,-13644,-2340,2595,-1137,-1384,-583,62067,-401,-3946,-285,455,41,-797,62088,1716,-15556,2751,-6778,-229,-8980,62088,18,16594,1150,-2989,-67,-8854,62067,-2174,16018,2878,1110,-1694,4422,13,2
2325,62089,-12644,-1695,2393,-1116,-2032,242,62089,-356,-3817,-209,708,-59,-975,62110,1811,-15220,2555,-8778,-1056,-9916,62110,-594,16945,1309,-3221,-49,-9704,62089,-1350,16148,2806,1414,-2587,6422,13,2
2326,62111,-12644,-1695,2393,-1037,-2032,242,62111,-356,-3817,-209,717,-59,-975,62132,1811,-15137,2555,-8778,-1056,-9916,62132,-594,16945,1309,-3221,-49,-9704,62111,-1310,16756,2806,1489,-2587,6422,13,2
2327,62133,-12644,-1695,2311,-1037,-2032,242,62133,-356,-3817,-209,717,-59,-1118,62154,1811,-15137,2408,-9026,-1056,-10618,62154,-1478,16945,1309,-3364,-49,-10321,62133,-1310,16756,2339,1489,-3129,6422,13,2
2328,62155,-11644,-1413,2311,-908,-2028,-51,62155,-275,-3746,-94,958,-45,-1325,62176,2811,-14822,2268,-9212,-1030,-11247,62176,-2478,16027,1483,-3431,-91,-10762,62155,-534,16648,1626,2014,-3129,7973,13,2
2329,62177,-11644,-1413,2661,-644,-1952,-51,62177,-266,-3746,-94,967,-45,-1325,62198,2811,-14644,2268,-9212,-1030,-11247,62198,-2478,16027,1694,-3431,-91,-10762,62177,-460,16648,1626,2014,-2819,8017,13,2
2330,62199,-11644,-1441,2661,-644,-1952,-289,62199,-266,-3746,-94,967,-45,-1506,62220,2811,-14644,1944,-9351,-1030,-11534,62220,-3478,15027,1694,-3481,-91,-10762,62199,-460,15936,1626,2014,-2819,8017,13,2
2331,62221,-10644,-1646,2920,-422,-1800,-449,62221,-119,-3370,65,1136,-12,-1642,62242,3640,-14302,1171,-10041,-1106,-11806,62242,-4478,14108,2576,-3518,3,-10723,62221,540,15370,1953,1938,-1670,9071,13,2
2332,62243,-10644,-1646,2920,-422,-1397,-449,62243,-31,-3370,69,1136,-12,-1642,62264,3640,-14302,1171,-10041,-1106,-11806,62264,-4478,14108,2662,-3518,3,-10512,62243,540,15370,1953,1938,-1670,9071,13,2
2333,62265,-10644,-2040,2920,-422,-1397,-449,62265,-31,-3370,69,1136,-24,-1642,62286,3640,-14302,515,-10808,-1163,-11954,62286,-5418,13419,2662,-3523,3,-10512,62265,540,14571,1953,1608,-1670,9071,13,2
2334,62287,-9644,-2336,2833,-416,-916,-159,62287,278,-3335,320,1179,-33,-1538,62308,4262,-14280,-485,-11133,-1163,-12121,62308,-6314,12760,3388,-3526,258,-10046,62287,1540,14085,1614,1262,-1552,8996,13,2
2335,62309,-9644,-2336,2833,-416,-865,-159,62309,331,-3335,337,1179,-33,-1525,62330,4640,-14280,-485,-11133,-571,-12121,62330,-6314,12760,3388,-3526,316,-9900,62309,1540,14085,1614,1262,-1552,8996,13,2
2336,62331,-9644,-2336,2678,-416,-865,-159,62331,331,-3335,337,1164,-33,-1525,62352,4640,-14397,-1304,-11133,-571,-12320,62352,-6921,12266,3388,-3528,316,-9900,62331,1540,13607,1360,1002,-1552,8755,13,2
2337,62353,-10644,-2307,2481,-422,-625,-84,62353,637,-3216,645,1149,-33,-1436,62374,5640,-14397,-1998,-10108,-275,-12320,62374,-7476,12266,3467,-3528,1032,-9263,62353,2540,13249,1152,810,-1834,7949,13,2
2338,62375,-10644,-2179,2481,-422,-625,-84,62375,637,-3216,675,1149,-33,-1404,62396,5640,-14397,-1998,-9994,-275,-11793,62396,-7476,12995,3467,-3514,1032,-9144,62375,2540,13249,1152,810,-1834,7949,13,2
2339,62397,-11525,-2179,2301,-422,-625,-84,62397,637,-3216,675,1046,-72,-1404,62418,5640,-14484,-2830,-9994,-275,-11793,62418,-7893,12995,3467,-3514,1032,-9144,62397,2540,13001,1152,666,-2072,7170,13,2
2340,62419,-12185,-2022,2144,-382,-937,-48,62419,1114,-3309,1001,918,-133,-1313,62440,6640,-14484,-3513,-9063,-138,-10619,62440,-8243,12456,3940,-3330,1172,-8338,62419,3540,13001,1317,446,-2285,6533,13,2
2341,62441,-12185,-2022,2144,-382,-937,-48,62441,1131,-3309,1001,918,-133,-1302,62462,6640,-14350,-3513,-8868,-138,-10588,62462,-8243,12456,3940,-3104,1172,-8283,62441,3540,13027,1317,446,-2285,6533,13,2
2342,62463,-12730,-2193,2027,-382,-1177,-48,62463,1131,-3309,1001,822,-144,-1302,62484,6640,-14350,-4025,-8868,-138,-10588,62484,-8598,12052,3864,-3104,1172,-8283,62463,3540,13027,1317,281,-2411,6005,13,2
2343,62485,-13108,-2416,1833,-315,-1357,-21,62485,1535,-3254,1245,749,-145,-1203,62506,7640,-14249,-4561,-7960,126,-9525,62506,-9144,11829,3864,-2827,1277,-7348,62485,4540,13047,1434,231,-2539,5598,13,2
2344,62507,-13108,-2416,1833,-315,-1357,154,62507,1535,-3253,1297,749,-145,-1157,62528,7640,-13932,-4561,-7960,168,-9388,62528,-9144,11829,4024,-2827,1722,-7085,62507,4540,13047,1434,231,-2539,5598,13,2
2345,62529,-13348,-2492,1554,-315,-1357,154,62529,1535,-3253,1297,687,-145,-1157,62550,7640,-13932,-4963,-7960,168,-9388,62550,-9596,11829,4024,-2827,1722,-7085,62529,4540,13047,1002,206,-2556,5027,13,2
2346,62551,-13365,-2549,1225,-116,-1176,332,62551,1888,-3212,1545,640,-87,-1023,62572,8581,-13621,-5713,-7279,-247,-8401,62572,-9935,12044,4144,-2425,2101,-6112,62551,5540,13425,678,187,-2568,4591,13,2
2347,62573,-13365,-2549,1225,-116,-1043,332,62573,1888,-3212,1579,640,-87,-1003,62594,8640,-13621,-5713,-7279,-247,-8346,62594,-9935,12044,4351,-2235,2101,-5980,62573,5540,13425,678,187,-2568,4591,13,2
2348,62595,-13365,-2591,897,-116,-1043,332,62595,1888,-3212,1579,640,-87,-1003,62616,8640,-13621,-6275,-7279,-558,-8346,62616,-10219,11947,4351,-2235,2101,-5980,62595,5540,13425,435,173,-2575,4179,13,2
2349,62617,-13023,-2810,580,32,-790,319,62617,2124,-3190,1827,655,-12,-857,62638,9640,-13387,-7275,-6764,-889,-7528,62638,-10728,11717,3811,-1791,2169,-4852,62617,6426,13279,-24,167,-2575,3484,13,2
2350,62639,-12963,-2810,580,38,-744,319,62639,2124,-3190,1881,658,-12,-854,62660,9640,-13387,-7275,-6690,-889,-7488,62660,-10728,11717,3811,-1791,2169,-4752,62639,6540,13279,-24,167,-2304,3484,13,2
2351,62661,-12963,-2974,343,38,-744,319,62661,2124,-3190,1881,658,-12,-854,62682,9640,-13387,-8275,-6690,-889,-7488,62682,-11110,11628,3406,-1791,2161,-4752,62661,6540,12993,-369,162,-2304,2962,13,2
2352,62683,-12347,-3070,165,233,-194,467,62683,2388,-3064,2114,617,27,-728,62704,10640,-12387,-9275,-6011,-616,-6593,62704,-11278,11628,3406,-1535,2132,-3732,62683,7361,12955,-627,154,-1471,2408,13,2
2353,62705,-12347,-3070,165,233,-194,467,62705,2388,-3064,2144,617,27,-722,62726,10640,-12387,-9275,-6006,-616,-6567,62726,-11278,11686,3521,-1535,2132,-3646,62705,7361,12955,-627,154,-1471,2408,13,2
2354,62727,-12347,-3070,165,233,-194,467,62727,2388,-3064,2144,566,27,-722,62748,10640,-12387,-10275,-6006,-616,-6567,62748,-11278,11686,3521,-1535,2132,-3646,62727,7361,12955,-627,148,-1471,1843,13,2
2355,62749,-12502,-3042,166,114,-292,404,62749,2566,-2956,2359,507,56,-574,62770,11640,-11387,-11030,-5279,-466,-5403,62770,-11183,11765,3833,-1343,2228,-2784,62749,7976,13034,-577,113,-1169,1371,13,2
2356,62771,-12502,-3042,167,114,-292,404,62771,2566,-2903,2359,507,56,-559,62792,11640,-11387,-11030,-4972,-466,-5324,62792,-11183,11765,3833,-1317,2228,-2707,62771,7976,13161,-577,113,-1169,1371,13,2
2357,62793,-12618,-3042,168,-11,-292,345,62793,2566,-2903,2359,459,56,-559,62814,11640,-11387,-11596,-4972,-466,-5324,62814,-11183,11765,3833,-1317,2228,-2707,62793,7976,13161,-577,113,-1169,964,13,2
2358,62815,-12618,-3142,168,-93,29,197,62815,2700,-2748,2490,407,44,-435,62836,12486,-10393,-12208,-4120,-339,-4241,62836,-11180,11816,3651,-945,2291,-2080,62815,8397,13212,-355,226,-1014,649,13,2
2359,62837,-12546,-3142,168,-93,63,197,62837,2719,-2748,2490,407,44,-433,62858,12486,-10393,-12208,-3601,-204,-3879,62858,-11180,11816,3651,-932,2291,-2003,62837,8397,13212,-143,282,-942,649,13,2
2360,62859,-12546,-3217,144,-166,63,103,62859,2719,-2748,2490,331,25,-433,62880,12486,-10393,-12712,-3601,-204,-3879,62880,-11180,11816,3651,-932,2192,-2003,62859,8397,12962,-143,282,-942,395,13,2
2361,62881,-12126,-3246,110,-264,329,103,62881,2869,-2675,2603,208,0,-336,62902,11486,-9570,-13050,-2244,419,-2507,62902,-11330,11935,3718,-610,1995,-1310,62881,8686,12774,-30,278,-826,141,13,2
2362,62903,-12017,-3246,110,-264,329,195,62903,2869,-2675,2635,208,0,-311,62924,11486,-9570,-13050,-1921,743,-2507,62924,-11330,12030,3718,-462,1995,-1243,62903,8686,12774,-30,278,-763,141,13,2
2363,62925,-12017,-3246,-98,-338,329,195,62925,2869,-2675,2635,107,-19,-311,62946,10486,-9570,-13066,-1921,743,-2507,62946,-11330,12030,3690,-462,1847,-1243,62925,8686,12774,-325,275,-763,-148,13,2
2364,62947,-11505,-3228,-254,-485,408,70,62947,2939,-2722,2753,23,-33,-175,62968,9486,-9168,-13068,-278,1342,-1089,62968,-11301,12095,3590,-61,1199,-476,62947,8895,12900,-546,275,-604,-631,13,2
2365,62969,-11505,-3228,-254,-485,408,70,62969,2939,-2722,2753,23,-33,-167,62990,9486,-9168,-13068,-276,1342,-832,62990,-11301,12095,3590,-8,1199,-449,62969,8895,12900,-546,357,-538,-631,13,2
2366,62991,-11505,-3228,-254,-595,401,-23,62991,2939,-2757,2753,-137,-43,-167,63012,9486,-9168,-13068,-276,1342,-832,63012,-11301,11958,3515,-8,392,-449,62991,8895,12819,-648,357,-538,-1084,13,2
2367,63013,-11631,-3243,-225,-677,232,-23,63013,2972,-2773,2747,-290,-78,-49,63034,10486,-10051,-12924,1380,1792,652,63034,-11253,11797,3508,586,-212,162,63013,9015,12758,-648,219,193,-1619,13,2
2368,63035,-11631,-3243,-195,-677,232,68,63035,2972,-2773,2747,-290,-78,-38,63056,10486,-10051,-12068,1380,1813,652,63056,-11175,11797,3508,586,-212,162,63035,9015,12758,-529,219,193,-1619,13,2
2369,63057,-12045,-3256,-195,-756,232,68,63057,2972,-2773,2696,-394,-88,-38,63078,10486,-10714,-12068,1380,1813,652,63078,-11175,11670,3508,586,-664,162,63057,9015,12746,-529,7,193,-2035,13,2
2370,63079,-12632,-3266,34,-845,455,176,63079,2927,-2762,2621,-457,-92,91,63100,11142,-11228,-11068,2468,2426,1837,63100,-10960,11565,3747,816,-1003,802,63079,8950,12737,-529,-402,670,-2464,13,2
2371,63101,-12632,-3266,69,-845,626,176,63101,2927,-2750,2621,-457,-92,103,63122,11142,-11228,-11068,2468,2426,2081,63122,-10960,11565,3747,816,-1003,870,63101,8950,12737,-477,-402,670,-2464,13,2
2372,63123,-13214,-3266,69,-981,626,176,63123,2887,-2750,2535,-492,-93,103,63144,11142,-11617,-11068,2468,2426,2081,63144,-10960,11378,3747,816,-1428,870,63123,8901,12609,-477,-826,670,-2796,13,2
2373,63145,-13652,-3176,376,-1083,1093,104,63145,2844,-2714,2356,-518,-94,237,63166,11634,-11998,-10068,3277,2814,3505,63166,-10679,11128,3890,987,-1769,1645,63145,8649,12513,-370,-1179,994,-3111,13,2
2374,63167,-13652,-3165,396,-1083,1200,104,63167,2844,-2714,2356,-518,-94,247,63188,11634,-11998,-10068,3277,2814,3604,63188,-10679,11128,3890,987,-1769,1780,63167,8649,12513,-370,-1179,994,-3111,13,2
2375,63189,-13981,-3165,396,-1126,1200,44,63189,2789,-2714,2219,-557,-94,247,63210,11634,-12482,-10068,3277,2814,3604,63210,-10679,11128,3890,987,-2025,1780,63189,8400,12513,-370,-1298,994,-3477,13,2
2376,63211,-14256,-3089,667,-1139,1440,-48,63211,2661,-2824,2051,-675,-65,391,63232,11817,-13089,-9068,4194,2312,4956,63232,-10383,11855,3726,1186,-2217,2731,63211,8214,13001,-81,-1309,1445,-3839,13,2
2377,63233,-14256,-3073,678,-1139,1440,-48,63233,2661,-2824,2051,-675,-65,440,63254,11817,-13089,-9068,4234,2312,5125,63254,-10347,11855,3726,1186,-2217,2802,63233,8214,13001,-81,-1309,1532,-3839,13,2
2378,63255,-14361,-3073,678,-1139,1440,-117,63255,2547,-2983,1917,-797,-65,440,63276,11529,-13544,-9068,4234,1935,5125,63276,-10347,11855,3603,1186,-2794,2802,63255,8046,13001,-81,-1309,1532,-4222,13,2
2379,63277,-14361,-2850,907,-1108,1388,-117,63277,2368,-3164,1775,-908,-27,596,63298,11281,-13867,-8068,5081,1935,6484,63298,-10098,12081,3511,1375,-3226,3623,63277,7695,13504,-11,-1040,1720,-4828,13,2
2380,63299,-13361,-2850,928,-934,1388,-55,63299,2368,-3164,1775,-908,-27,616,63320,11281,-13867,-8068,5280,1956,6484,63320,-10098,12081,3511,1375,-3226,3752,63299,7695,13678,-11,-966,1720,-4828,13,2
2381,63321,-13361,-2850,928,-934,1349,-55,63321,2133,-3244,1645,-967,-27,616,63342,10985,-13867,-8068,5280,1956,6484,63342,-10098,12081,3511,1375,-3426,3752,63321,7304,13678,-11,-966,1720,-5327,13,2
2382,63343,-12361,-2683,1179,-724,1349,-43,63343,1957,-3291,1504,-993,-3,771,63364,10417,-13668,-7068,5814,1422,7612,63364,-9647,12924,3428,1400,-3426,4912,63343,7011,14186,188,-709,1605,-5797,13,2
2383,63365,-12361,-2683,1205,-710,1592,-43,63365,1957,-3291,1504,-993,-3,775,63386,10417,-13668,-7068,5814,1422,7704,63386,-9316,13081,3428,1400,-3404,5042,63365,7011,14186,188,-709,1605,-5797,13,2
2384,63387,-12361,-2683,1205,-710,1592,-43,63387,1832,-3327,1393,-997,-37,775,63408,9696,-13668,-7068,5814,1022,7704,63408,-9316,13081,3366,1400,-3404,5042,63387,6784,14186,188,-709,1424,-6230,13,2
2385,63409,-11361,-2404,1412,-403,1730,-55,63409,1738,-3354,1205,-997,-62,934,63430,9126,-13575,-6068,5925,564,8646,63430,-8691,13983,3319,1551,-2992,6254,63409,6288,14567,346,-684,1289,-6772,13,2
2386,63431,-11361,-2404,1466,-390,1730,-55,63431,1738,-3354,1205,-997,-62,960,63452,9126,-13575,-6068,5925,564,8646,63452,-8412,13983,3319,1563,-2875,6302,63431,6288,14624,346,-684,1289,-6772,13,2
2387,63453,-11361,-2404,1466,-390,1730,-64,63453,1536,-3368,1034,-997,-72,960,63474,8474,-13522,-6068,5925,221,8646,63474,-8412,13983,3310,1563,-2875,6302,63453,5780,14624,346,-684,1217,-7180,13,2
2388,63475,-10361,-2327,1662,-331,1834,-132,63475,1366,-3368,884,-949,-79,1080,63496,7574,-13490,-5068,6090,-242,9238,63496,-7543,14483,3310,1673,-2307,7370,63475,5204,14991,627,-900,1217,-7509,13,2
2389,63497,-10361,-2327,1662,-331,2006,-132,63497,1366,-3329,884,-915,-79,1080,63518,7574,-13412,-5068,6090,-242,9238,63518,-7487,14483,3340,1673,-2213,7383,63497,5204,14991,627,-900,1247,-7509,13,2
2390,63519,-10361,-2327,1662,-331,2006,-183,63519,1207,-3329,763,-915,-79,1080,63540,6725,-13412,-5068,6090,-397,9238,63540,-7487,14483,3340,1673,-2213,7383,63519,4761,14991,627,-1273,1247,-7818,13,2
2391,63541,-9361,-2211,1817,-286,2220,-213,63541,1043,-3295,634,-851,-72,1170,63562,5964,-13337,-4068,6110,-397,9737,63562,-6651,14749,3232,1918,-1637,8384,63541,4093,15269,593,-1583,1083,-8176,13,2
2392,63563,-9361,-2211,1817,-231,2220,-213,63563,1043,-3295,634,-851,-55,1202,63584,5964,-13331,-4068,6110,-340,9740,63584,-6626,14749,3232,1967,-1512,8432,63563,4093,15269,593,-1583,1083,-8176,13,2
2393,63585,-9361,-2211,1817,-231,2220,-236,63585,841,-3308,495,-851,-55,1202,63606,5400,-13331,-4068,6110,-340,9740,63606,-6626,14749,3141,1967,-1512,8432,63585,3535,15269,593,-1815,857,-8445,13,2
2394,63607,-8361,-1966,1791,-227,2306,-370,63607,611,-3318,362,-851,8,1286,63628,4869,-13270,-3068,5992,-114,9745,63628,-5707,14835,3082,2301,-832,9239,63607,2921,15477,813,-1864,791,-8506,13,2
2395,63629,-8361,-1966,1791,-227,2306,-370,63629,611,-3318,362,-851,11,1286,63650,4869,-13270,-3068,5992,-92,9745,63650,-5626,14835,3082,2460,-423,9239,63629,2921,15477,856,-1864,791,-8506,13,2
2396,63651,-8361,-1966,1772,-227,2156,-470,63651,435,-3323,246,-851,11,1286,63672,4332,-13270,-3068,5877,-92,9429,63672,-5626,14835,3028,2460,-423,9239,63651,2422,15441,856,-1864,791,-8506,13,2
2397,63673,-7361,-1692,1758,-224,1987,-470,63673,297,-3327,159,-851,83,1295,63694,3672,-13343,-2068,5817,60,8852,63694,-4626,14974,2893,2756,222,9241,63673,1982,14988,1324,-1857,881,-8402,13,2
2398,63695,-7361,-1692,1758,140,1987,-424,63695,297,-3327,159,-815,88,1295,63716,3672,-13343,-2068,5817,60,8852,63716,-4626,14974,2893,2756,222,9241,63695,1982,14988,1324,-1857,881,-8311,13,2
2399,63717,-7361,-1692,1750,140,1917,-424,63717,132,-3373,93,-815,88,1289,63738,3166,-13587,-2068,5817,60,8310,63738,-4626,14974,2534,2593,213,9148,63717,1543,14703,1324,-1944,330,-8311,13,2
2400,63739,-6361,-1552,1689,560,1871,-283,63739,-36,-3459,16,-783,157,1186,63760,2775,-14395,-1276,6136,127,7752,63760,-3626,15148,2104,2098,-60,8872,63739,756,14603,1492,-2333,-624,-7963,13,2
2401,63761,-6361,-1552,1689,560,1871,-229,63761,-36,-3459,16,-783,157,1186,63782,2775,-14395,-1150,6148,174,7752,63782,-3626,15205,2104,2098,-60,8872,63761,756,14603,1492,-2333,-624,-7860,13,2
2402,63783,-6361,-1552,1689,560,1871,-229,63783,-178,-3531,-81,-783,116,1057,63804,2450,-15110,-1150,6148,174,6953,63804,-3626,15205,1905,1677,-264,8505,63783,-129,14603,1492,-2636,-1000,-7860,13,2
2403,63805,-7361,-1851,1787,804,1955,-148,63805,-383,-3653,-162,-757,85,946,63826,1888,-15697,-150,6198,389,5974,63826,-2626,15470,1755,1196,-417,7405,63805,-869,15390,1597,-2879,-1000,-7246,13,2
2404,63827,-7361,-1851,1787,804,1955,-148,63827,-383,-3653,-162,-753,85,946,63848,1888,-15697,-150,6198,389,5974,63848,-2626,15470,1755,1196,-417,7405,63827,-869,15390,1801,-2879,-964,-7040,13,2
2405,63849,-8361,-1851,1717,804,1882,-148,63849,-536,-3796,-223,-753,79,846,63870,1467,-16135,-150,5216,124,5186,63870,-2626,15470,1755,828,-694,5904,63849,-1554,15390,1801,-3061,-964,-7040,13,2
2406,63871,-9361,-1803,1605,949,1409,-125,63871,-619,-4001,-303,-711,74,687,63892,1327,-16441,822,4090,-129,4065,63892,-1626,15624,1770,521,-1260,4358,63871,-2055,15361,2213,-3061,-719,-6063,13,2
2407,63893,-9361,-1803,1605,949,1409,-125,63893,-619,-4001,-303,-677,74,687,63914,1327,-16441,822,4090,-129,4065,63914,-1626,15624,1770,521,-1260,4358,63893,-2055,15361,2213,-2856,-663,-5688,13,2
2408,63915,-9361,-1803,1605,909,1330,-125,63915,-681,-4001,-308,-677,58,500,63936,1222,-16441,822,2790,-129,2630,63936,-1626,15624,1770,322,-1466,3199,63915,-2431,15339,2213,-2856,-663,-5688,13,2
2409,63937,-8361,-2169,1793,655,1271,-134,63937,-681,-3934,-383,-480,-30,325,63958,1117,-16231,1748,1815,272,1554,63958,-727,15740,1644,229,-1466,2429,63937,-2431,15339,2445,-2422,537,-4133,13,2
2410,63959,-8361,-2169,1793,655,1271,-134,63959,-681,-3934,-383,-480,-30,325,63980,1117,-16231,1748,1815,272,1554,63980,-727,15740,1644,229,-1385,2429,63959,-2384,15446,2445,-2422,537,-4133,13,2
2411,63981,-8361,-2243,1793,494,1271,-141,63981,-681,-3934,-439,-480,-79,231,64002,1038,-16231,1748,1482,272,1181,64002,-727,15740,1550,222,-1385,2017,63981,-2384,15446,2445,-2422,537,-4133,13,2
2412,64003,-9361,-2243,2186,414,1467,-206,64003,-671,-3900,-481,-332,-104,184,64024,1038,-16177,2383,1232,432,902,64024,-53,15827,1541,222,-668,1727,64003,-2421,15526,2698,-2096,104,-3127,13,2
2413,64025,-9361,-2194,2186,414,1467,-206,64025,-671,-3900,-481,-332,-104,184,64046,1110,-16177,2383,1232,432,902,64046,82,15827,1541,229,-668,1727,64025,-2421,15526,2773,-2035,104,-3127,13,2
2414,64047,-10361,-2194,2186,367,1467,-240,64047,-671,-3900,-509,-332,-104,159,64068,1110,-16177,2383,1045,432,692,64068,82,15827,1534,229,-668,1509,64047,-2545,15526,2773,-2035,-220,-3127,13,2
2415,64069,-11361,-2157,2360,320,1495,-265,64069,-676,-3958,-509,-249,-54,140,64090,1136,-16128,2862,770,100,396,64090,792,15864,1463,280,-439,1213,64069,-2692,15560,2964,-1730,-220,-2336,13,2
2416,64091,-11361,-2157,2360,320,1495,-265,64091,-676,-3958,-502,-249,-54,140,64112,1136,-16128,2862,770,100,396,64112,792,15864,1463,280,-439,1213,64091,-2692,15560,2964,-1730,-53,-2231,13,2
2417,64113,-11361,-2157,2360,285,1495,-265,64113,-680,-4002,-502,-249,-54,126,64134,1052,-16128,2862,590,-165,184,64134,792,15864,1392,245,-439,800,64113,-2692,15560,2964,-1730,-53,-2231,13,2
2418,64135,-10361,-2165,2482,258,1516,-225,64135,-701,-4034,-486,-187,-17,55,64156,908,-16091,3256,455,-364,27,64156,1163,15931,1332,149,-267,459,64135,-2637,15586,3137,-1501,577,-1481,13,2
2419,64157,-10361,-2165,2491,258,1690,-225,64157,-701,-4034,-486,-187,-17,55,64178,908,-16091,3256,455,-364,27,64178,1163,15938,1332,149,-213,459,64157,-2623,15586,3137,-1501,577,-1481,13,2
2420,64179,-10361,-2229,2491,238,1690,-225,64179,-705,-4034,-486,-187,-17,1,64200,800,-16091,3256,367,-441,-57,64200,1163,15938,1315,96,-213,223,64179,-2623,15586,3137,-1501,577,-1481,13,2
2421,64201,-11361,-2288,2713,164,1814,-197,64201,-708,-4021,-494,-135,-4,-33,64222,752,-16093,3571,367,-441,-120,64222,1415,15981,1302,81,182,138,64201,-2580,15588,3291,-1320,607,-1089,13,2
2422,64223,-11361,-2288,2749,164,1814,-197,64223,-708,-3998,-494,-131,10,-33,64244,752,-16093,3571,421,-160,-120,64244,1415,15981,1302,81,182,138,64223,-2580,15588,3291,-1287,607,-1089,13,2
2423,64245,-12361,-2416,2749,27,1814,-197,64245,-708,-3998,-500,-131,10,-33,64266,752,-16094,3571,421,-160,-181,64266,1415,15981,1292,69,182,75,64245,-2584,15588,3291,-1287,337,-1089,13,2
2424,64267,-13262,-2512,2942,-202,1854,-176,64267,-686,-3976,-500,-109,30,-26,64288,817,-16095,3805,505,36,-227,64288,1702,16010,1269,52,275,13,64267,-2615,15587,3415,-1046,134,-795,13,2
2425,64289,-13262,-2512,2978,-202,1854,-170,64289,-682,-3976,-494,-109,64,-9,64310,817,-16095,3805,511,36,-227,64310,1710,16010,1269,52,275,13,64289,-2615,15587,3417,-1046,134,-749,13,2
2426,64311,-13938,-2512,2978,-394,1820,-170,64311,-682,-4013,-494,-109,64,-9,64332,791,-16095,3805,511,36,-227,64332,1710,16010,1263,39,275,-51,64311,-2638,15586,3417,-1046,134,-749,13,2
2427,64333,-14464,-2401,3123,-543,1738,-126,64333,-659,-4041,-491,-92,92,1,64354,772,-16069,3980,613,146,-202,64354,1923,16024,1259,29,220,-108,64333,-2638,15579,3512,-865,287,-494,13,2
2428,64355,-14464,-2401,3123,-543,1738,-126,64355,-659,-4041,-491,-88,92,1,64376,772,-16069,4005,613,146,-202,64376,1931,16024,1259,29,220,-108,64355,-2610,15579,3512,-865,293,-491,13,2
2429,64377,-14901,-2401,3123,-655,1677,-126,64377,-672,-4041,-497,-88,92,1,64398,772,-16069,4005,613,146,-202,64398,1931,16024,1256,23,83,-185,64377,-2610,15579,3512,-865,293,-491,13,2
2430,64399,-15248,-2388,3221,-739,1652,-93,64399,-688,-4029,-517,-68,102,3,64420,778,-16054,4119,532,307,-192,64420,2038,16035,1250,23,-19,-254,64399,-2589,15579,3584,-723,415,-312,13,2
2431,64421,-15248,-2388,3232,-739,1652,-84,64421,-688,-4028,-517,-64,102,3,64442,807,-16054,4119,532,362,-192,64442,2044,16035,1250,23,-19,-254,64421,-2589,15579,3584,-706,415,-312,13,2
2432,64443,-15507,-2388,3232,-755,1637,-84,64443,-688,-4028,-533,-64,102,3,64464,807,-16054,4119,461,362,-192,64464,2044,16035,1235,23,-19,-320,64443,-2589,15579,3584,-706,-140,-312,13,2
2433,64465,-15664,-2330,3395,-755,1637,-61,64465,-684,-4018,-557,-41,109,5,64486,927,-16047,4205,408,419,-184,64486,2109,16047,1223,100,460,-435,64465,-2621,15570,3703,-383,-680,-185,13,2
2434,64487,-15664,-2330,3395,-754,1660,-61,64487,-667,-4017,-557,-40,109,6,64508,927,-16047,4205,408,419,-156,64508,2109,16047,1223,116,547,-435,64487,-2621,15570,3703,-383,-680,-185,13,2
2435,64509,-15758,-2330,3395,-754,1660,-61,64509,-667,-4017,-563,-40,109,6,64530,927,-16056,4205,408,419,-156,64530,2109,16047,1223,116,547,-521,64509,-2652,15570,3703,-383,-1048,-185,13,2
2436,64531,-15830,-2279,3491,-739,1678,-44,64531,-673,-4010,-580,-25,116,9,64552,908,-16056,4273,412,462,-177,64552,2117,16059,1244,170,829,-569,64531,-2669,15579,3672,-140,-1307,-17,13,2
2437,64553,-15830,-2279,3491,-733,1678,-43,64553,-673,-4010,-580,-25,122,15,64574,908,-16049,4280,412,517,-177,64574,2117,16096,1250,170,829,-569,64553,-2669,15579,3672,-135,-1307,-17,13,2
2438,64575,-15882,-2279,3491,-733,1660,-43,64575,-684,-4010,-586,-25,122,15,64596,908,-16049,4280,342,517,-177,64596,2117,16096,1250,170,829,-571,64575,-2669,15579,3649,-135,-1344,-17,13,2
2439,64597,-15979,-2241,3567,-756,1626,-29,64597,-696,-4005,-591,-15,128,18,64618,915,-16034,4348,259,578,-185,64618,2123,16102,1248,185,807,-573,64597,-2538,15586,3631,82,-1364,86,13,2
2440,64619,-15979,-2241,3567,-756,1626,-29,64619,-696,-4000,-591,-15,128,18,64640,919,-16034,4348,259,578,-185,64640,2109,16102,1248,185,807,-573,64619,-2538,15586,3631,82,-1364,86,13,2
2441,64641,-16025,-2241,3567,-771,1621,-38,64641,-698,-4000,-595,-15,128,18,64662,919,-16034,4348,200,578,-191,64662,2096,16102,1247,146,637,-574,64641,-2538,15586,3618,82,-1364,86,13,2
2442,64663,-16059,-2243,3624,-782,1599,-44,64663,-699,-3992,-602,-9,133,20,64684,886,-16033,4381,156,624,-266,64684,2071,16106,1247,62,391,-588,64663,-2499,15605,3579,161,-1222,139,13,2
2443,64685,-16059,-2243,3646,-782,1599,-44,64685,-699,-3989,-602,-9,133,20,64706,886,-16033,4381,156,638,-266,64706,2071,16106,1260,62,391,-588,64685,-2499,15605,3579,161,-1127,139,13,2
2444,64707,-16068,-2243,3646,-790,1583,-44,64707,-700,-3989,-608,-9,133,20,64728,861,-16033,4381,123,638,-302,64728,2052,16106,1260,-1,206,-589,64707,-2499,15605,3550,161,-1127,139,13,2
2445,64729,-16075,-2223,3729,-792,1523,0,64729,-720,-3986,-614,1,139,21,64750,860,-16004,4428,80,683,-315,64750,2017,16137,1270,-51,114,-589,64729,-2418,15631,3527,143,-807,156,13,2
2446,64751,-16075,-2157,3734,-792,1523,4,64751,-720,-3984,-614,1,139,21,64772,860,-16004,4428,80,683,-315,64772,2017,16137,1270,-51,114,-555,64751,-2418,15635,3527,143,-807,156,13,2
2447,64773,-16098,-2157,3734,-793,1432,4,64773,-735,-3984,-628,1,139,21,64794,860,-16007,4428,80,683,-315,64794,1990,16137,1270,-78,114,-555,64773,-2418,15635,3510,120,-807,142,13,2
2448,64795,-16115,-2086,3800,-793,1338,40,64795,-747,-3974,-640,9,130,22,64816,886,-16021,4412,166,688,-242,64816,1970,16154,1267,-98,117,-489,64795,-2398,15658,3487,112,-653,132,13,2
2449,64817,-16115,-2086,3800,-772,1338,40,64817,-747,-3974,-640,9,130,25,64838,886,-16021,4412,166,688,-242,64838,1970,16154,1267,-98,117,-489,64817,-2398,15658,3487,112,-653,132,13,2
2450,64839,-16115,-2086,3800,-772,1250,40,64839,-754,-3974,-658,9,120,25,64860,886,-16031,4383,166,688,-242,64860,1943,16154,1267,-108,113,-489,64839,-2398,15658,3473,112,-653,132,13,2
2451,64861,-16106,-2033,3805,-733,1155,61,64861,-757,-3968,-664,9,110,26,64882,900,-16039,4361,155,675,-187,64882,1921,16166,1271,-115,106,-449,64861,-2377,15664,3473,119,-517,144,13,2
2452,64883,-16106,-2033,3805,-710,1155,61,64883,-757,-3968,-664,9,110,26,64904,900,-16039,4361,155,675,-187,64904,1921,16166,1271,-115,106,-449,64883,-2368,15664,3473,128,-513,150,13,2
2453,64905,-16120,-2033,3805,-710,1084,61,64905,-758,-3969,-670,9,105,23,64926,900,-16039,4361,104,675,-187,64926,1893,16166,1271,-115,100,-449,64905,-2368,15664,3473,128,-513,150,13,2
2454,64927,-16134,-2010,3842,-634,1066,86,64927,-758,-3969,-679,10,98,21,64948,918,-16061,4369,104,646,-145,64948,1861,16175,1295,-113,98,-416,64927,-2342,15670,3473,128,-412,166,13,2
2455,64949,-16134,-2010,3842,-633,1066,86,64949,-758,-3967,-679,14,98,21,64970,918,-16061,4369,108,646,-132,64970,1861,16175,1295,-109,98,-407,64949,-2342,15670,3473,128,-412,166,13,2
2456,64971,-16134,-2010,3842,-633,1058,86,64971,-758,-3967,-685,14,93,19,64992,918,-16077,4369,108,624,-132,64992,1837,16175,1295,-108,97,-407,64971,-2342,15670,3470,128,-412,166,13,2
2457,64993,-16123,-1998,3896,-571,1046,90,64993,-752,-3965,-692,19,79,17,65014,924,-16077,4380,111,553,-104,65014,1815,16170,1308,-106,97,-356,64993,-2324,15676,3468,128,-336,186,13,2
2458,65015,-16123,-1998,3896,-559,1046,90,65015,-752,-3965,-692,19,79,17,65036,924,-16077,4380,111,553,-91,65036,1815,16170,1308,-102,102,-356,65015,-2324,15676,3467,138,-330,190,13,2
2459,65037,-16123,-1998,3896,-559,1020,90,65037,-752,-3965,-695,19,69,16,65058,919,-16089,4380,111,500,-91,65058,1799,16163,1308,-102,102,-356,65037,-2324,15676,3467,138,-330,190,13,2
2460,65059,-16142,-1989,3912,-503,1020,88,65059,-745,-3965,-697,22,62,15,65080,876,-16098,4389,113,461,-88,65080,1774,16158,1309,-84,106,-318,65059,-2286,15673,3436,135,-223,209,13,2
2461,65081,-16142,-1989,3912,-503,1020,88,65081,-745,-3965,-697,22,62,15,65102,876,-16098,4389,113,461,-88,65102,1774,16158,1309,-84,106,-318,65081,-2281,15673,3436,135,-223,209,13,2
2462,65103,-16154,-1989,3912,-503,1024,88,65103,-745,-3967,-698,22,58,14,65124,844,-16105,4385,113,432,-88,65124,1763,16156,1309,-84,106,-318,65103,-2281,15673,3426,93,-223,209,13,2
2463,65125,-16161,-1989,3926,-456,1024,87,65125,-748,-3968,-699,25,55,11,65146,844,-16105,4385,102,410,-86,65146,1755,16155,1309,-66,106,-286,65125,-2263,15682,3418,62,-152,220,13,2
2464,65147,-16161,-1989,3951,-452,1027,87,65147,-748,-3968,-699,25,55,11,65168,866,-16104,4395,102,410,-86,65168,1755,16155,1309,-64,109,-283,65147,-2263,15682,3418,62,-152,220,13,2
2465,65169,-16161,-1998,3951,-452,1027,86,65169,-750,-3968,-699,25,50,9,65190,866,-16104,4395,94,396,-86,65190,1753,16151,1309,-64,109,-283,65169,-2263,15682,3416,62,-152,220,13,2
2466,65191,-16158,-2001,3983,-410,1023,83,65191,-750,-3966,-700,29,46,8,65212,882,-16079,4378,94,377,-68,65212,1753,16151,1314,-59,136,-249,65191,-2260,15689,3394,75,-99,248,13,2
2467,65213,-16158,-2001,3983,-405,1023,83,65213,-742,-3965,-700,29,46,8,65234,882,-16079,4378,110,377,-68,65234,1757,16161,1316,-59,136,-249,65213,-2250,15689,3394,75,-94,248,13,2
2468,65235,-16158,-2001,3983,-405,1005,83,65235,-742,-3965,-700,29,45,7,65256,867,-16079,4378,110,371,-68,65256,1757,16168,1316,-59,136,-249,65235,-2250,15689,3377,75,-94,248,13,2
2469,65257,-16156,-2003,3989,-353,977,93,65257,-739,-3969,-700,30,44,5,65278,856,-16073,4365,128,337,-61,65278,1722,16168,1302,-56,165,-235,65257,-2203,15702,3345,96,-81,264,13,2
2470,65279,-16157,-2003,3989,-341,977,98,65279,-739,-3969,-700,30,44,5,65300,856,-16073,4365,128,337,-57,65300,1722,16174,1302,-56,165,-235,65279,-2203,15702,3345,96,-81,264,13,2
2471,65301,-16157,-2003,3981,-341,948,98,65301,-739,-3972,-700,30,43,2,65322,850,-16073,4365,128,316,-57,65322,1696,16174,1302,-56,165,-235,65301,-2203,15702,3325,96,-81,264,13,2
2472,65323,-16173,-2016,3981,-293,926,110,65323,-740,-3973,-700,32,34,-1,65344,845,-16068,4357,139,279,-52,65344,1676,16169,1291,-61,179,-223,65323,-2184,15712,3306,99,-72,276,13,2
2473,65345,-16173,-2016,3981,-293,926,110,65345,-740,-3973,-698,32,34,-1,65806,845,-16068,4357,139,279,-52,65806,1676,16169,1291,-61,179,-223,65345,-2184,15712,3306,99,-33,276,14,2
2474,65807,-16202,-2017,3975,-293,899,110,65807,-741,-3973,-698,32,27,-3,65828,807,-16058,4355,139,273,-52,65828,1676,16165,1291,-65,176,-223,65807,-2184,15712,3273,83,-33,276,14,2
2475,65829,-16227,-2037,3972,-265,879,109,65829,-741,-3972,-695,32,26,-3,65850,779,-16053,4355,131,273,-88,65850,1683,16162,1292,-71,148,-214,65829,-2165,15718,3248,52,26,258,14,2
2476,65851,-16227,-2037,3972,-265,879,109,65851,-732,-3972,-695,32,26,-3,65872,779,-16044,4387,131,322,-88,65872,1683,16162,1292,-71,148,-167,65851,-2165,15718,3248,52,26,258,14,2
2477,65873,-16247,-2047,3972,-280,846,97,65873,-732,-3973,-695,32,26,-3,65894,779,-16044,4390,131,322,-88,65894,1683,16162,1292,-75,130,-167,65873,-2165,15718,3248,-45,26,221,14,2
2478,65895,-16247,-2076,3980,-341,821,86,65895,-720,-3975,-691,33,29,-3,65916,779,-16035,4414,157,358,-94,65916,1687,16179,1294,-86,109,-117,65895,-2162,15715,3256,-126,44,167,14,2
2479,65917,-16247,-2076,3988,-341,821,86,65917,-716,-3975,-686,34,29,-1,65938,784,-16035,4416,157,367,-94,65938,1690,16179,1295,-86,109,-117,65917,-2162,15715,3278,-126,70,167,14,2
2480,65939,-16252,-2092,3988,-389,821,86,65939,-716,-3976,-686,34,29,-1,65960,784,-16035,4416,157,367,-98,65960,1690,16179,1296,-95,91,-117,65939,-2165,15713,3278,-210,70,123,14,2
2481,65961,-16252,-2104,4003,-435,841,90,65961,-705,-3976,-682,38,36,1,65982,810,-16044,4430,178,406,-113,65982,1690,16192,1296,-113,30,-77,65961,-2168,15711,3300,-292,120,71,14,2
2482,65983,-16241,-2104,4007,-435,842,91,65983,-705,-3975,-682,38,37,1,66004,810,-16044,4430,178,419,-113,66004,1682,16194,1296,-113,30,-76,65983,-2168,15710,3300,-292,148,71,14,2
2483,66005,-16241,-2104,4007,-474,842,91,66005,-705,-3975,-682,38,37,1,66026,810,-16054,4430,178,419,-119,66026,1682,16195,1292,-127,-15,-76,66005,-2168,15710,3300,-366,148,23,14,2
2484,66027,-16232,-2084,4045,-513,844,98,66027,-704,-3973,-683,40,42,4,66048,833,-16061,4431,196,445,-119,66048,1682,16200,1285,-127,-15,-28,66027,-2181,15709,3314,-421,162,-35,14,2
2485,66049,-16231,-2084,4045,-513,844,98,66049,-704,-3973,-686,40,42,5,66070,853,-16061,4431,201,445,-101,66070,1693,16201,1285,-120,-14,-28,66049,-2181,15709,3314,-421,162,-35,14,2
2486,66071,-16231,-2084,4045,-532,844,98,66071,-704,-3973,-687,39,42,5,66092,853,-16076,4431,201,445,-101,66092,1693,16201,1279,-120,-14,-28,66071,-2245,15708,3314,-433,162,-56,14,2
2487,66093,-16214,-2069,4050,-537,845,100,66093,-701,-3976,-687,38,45,10,66114,914,-16076,4416,218,468,-96,66114,1721,16205,1279,-108,-14,-25,66093,-2293,15708,3343,-442,173,-56,14,2
2488,66115,-16214,-2069,4050,-537,845,100,66115,-701,-3976,-687,38,45,10,66136,914,-16068,4416,218,468,-96,66136,1733,16205,1279,-108,-14,-25,66115,-2293,15708,3354,-442,225,-47,14,2
2489,66137,-16214,-2069,4050,-537,845,100,66137,-701,-3978,-687,38,45,10,66158,914,-16068,4416,218,468,-96,66158,1733,16205,1286,-108,-14,-25,66137,-2302,15708,3354,-442,225,-47,14,2
2490,66159,-16201,-2060,4081,-508,854,102,66159,-704,-3980,-687,41,47,9,66180,938,-16068,4425,213,486,-93,66180,1732,16202,1291,-78,8,-28,66159,-2309,15724,3384,-437,250,-20,14,2
2491,66181,-16201,-2060,4082,-493,854,102,66181,-704,-3980,-687,41,47,9,66202,938,-16058,4425,213,486,-93,66202,1732,16202,1306,-76,8,-28,66181,-2309,15724,3387,-428,250,-19,14,2
2492,66203,-16202,-2060,4082,-493,854,102,66203,-706,-3980,-687,41,47,8,66224,938,-16058,4425,213,484,-93,66224,1730,16188,1306,-76,8,-28,66203,-2338,15724,3387,-428,214,-19,14,2
2493,66225,-16211,-2066,4063,-448,857,95,66225,-706,-3977,-690,43,47,7,66246,965,-16073,4420,234,458,-114,66246,1730,16166,1322,-52,-24,-26,66225,-2364,15715,3457,-364,187,3,14,2
2494,66247,-16218,-2066,4063,-448,857,95,66247,-695,-3977,-690,43,47,7,66268,965,-16073,4420,234,458,-114,66268,1730,16166,1322,-52,-24,-17,66247,-2364,15715,3457,-359,187,28,14,2
2495,66269,-16218,-2078,4043,-448,857,84,66269,-695,-3977,-690,43,46,6,66290,965,-16081,4417,234,438,-143,66290,1730,16136,1270,-52,-938,-17,66269,-2382,15710,3457,-359,187,28,14,2
2496,66291,-16218,-2089,4034,-422,864,68,66291,-696,-3977,-687,46,45,4,66312,985,-16087,4417,235,429,-208,66312,1800,16114,1200,-105,-1657,65,66291,-2395,15706,3406,-253,648,101,14,2
2497,66313,-16210,-2089,4034,-422,864,68,66313,-696,-3977,-687,46,45,4,66334,985,-16087,4434,235,429,-208,66334,1800,16114,1200,-105,-1657,65,66313,-2395,15706,3406,-244,942,156,14,2
2498,66335,-16210,-2101,4034,-422,864,29,66335,-697,-3981,-687,46,45,3,66356,985,-16087,4434,205,429,-266,66356,1800,16114,1157,-105,-2027,-18,66335,-2395,15703,3402,-244,942,156,14,2
2499,66357,-16203,-2106,4048,-477,904,0,66357,-697,-3997,-675,49,51,1,66378,1031,-16078,4392,205,423,-357,66378,1794,16146,1157,-89,-2231,-141,66357,-2335,15703,3399,-157,1764,322,14,2
2500,66379,-16203,-2106,4069,-477,905,0,66379,-676,-3997,-675,52,54,1,66400,1073,-16078,4392,213,423,-357,66400,1794,16146,1230,-89,-2231,-141,66379,-2335,15708,3399,-128,1764,322,14,2
2501,66401,-16203,-2106,4069,-536,905,-9,66401,-676,-4013,-675,52,54,0,66422,1073,-16120,4377,213,423,-426,66422,1794,16146,1230,-89,-2231,-283,66401,-2335,15708,3363,-128,1764,322,14,2
2502,66423,-16130,-2106,4137,-580,1004,-9,66423,-655,-4025,-666,73,62,-3,66444,1155,-16152,4345,-60,438,-540,66444,1798,16157,1179,-92,-2093,-528,66423,-2305,15712,3336,-56,1987,436,14,2
2503,66445,-16130,-2106,4138,-580,1017,-6,66445,-655,-4025,-666,73,62,-3,66466,1163,-16152,4345,-60,445,-540,66466,1798,16157,1179,-92,-1945,-528,66445,-2305,15712,3336,-41,1987,436,14,2
2504,66467,-16130,-2106,4138,-580,1017,-6,66467,-655,-4034,-666,73,62,-10,66488,1163,-16152,4345,-265,445,-639,66488,1798,16157,1153,-145,-1945,-840,66467,-2329,15712,3317,-41,1945,436,14,2
2505,66489,-16089,-2114,4221,-515,1066,-2,66489,-639,-4034,-657,90,57,-40,66510,1242,-16133,4321,-423,441,-726,66510,1866,16163,1133,-285,-1621,-1334,66489,-2409,15745,3315,91,1581,522,14,2
2506,66511,-16089,-2114,4229,-468,1066,-2,66511,-634,-4022,-647,104,57,-40,66532,1289,-16133,4321,-423,441,-726,66532,1866,16163,1133,-285,-1605,-1334,66511,-2409,15745,3315,136,1581,574,14,2
2507,66533,-16089,-2114,4229,-468,1066,-2,66533,-634,-4014,-647,104,30,-74,66554,1289,-16151,4320,-512,438,-850,66554,1864,16163,1132,-431,-1605,-1849,66533,-2478,15745,3315,136,1192,574,14,2
2508,66555,-16079,-2120,4210,-407,1016,-94,66555,-583,-4013,-600,149,1,-124,66576,1471,-16151,4320,-609,428,-1419,66576,1768,16154,1132,-561,-1167,-2622,66555,-2530,15764,3356,287,736,847,14,2
2509,66577,-16079,-2120,4210,-407,1016,-94,66577,-563,-4007,-600,155,1,-124,66598,1529,-16072,4320,-609,428,-1419,66598,1768,16154,1132,-561,-1125,-2622,66577,-2530,15764,3356,322,736,988,14,2
2510,66599,-16079,-2272,4189,-407,978,-178,66599,-563,-4007,-600,155,-20,-178,66620,1529,-16072,4199,-938,314,-1862,66620,1587,16147,1132,-784,-1125,-3374,66599,-2543,15764,3356,322,370,988,14,2
2511,66621,-15079,-2386,4062,-514,944,-274,66621,-488,-4002,-529,212,-44,-262,66642,1812,-15909,3851,-1691,132,-3052,66642,1420,16142,1167,-1247,-709,-4270,66621,-2553,15781,3254,574,-46,1728,14,2
2512,66643,-15079,-2386,4062,-514,944,-274,66643,-482,-3985,-514,244,-44,-262,66664,1860,-15869,3851,-1691,132,-3052,66664,1420,16142,1218,-1247,-654,-4270,66643,-2553,15782,3254,673,-46,2037,14,2
2513,66665,-15079,-2426,3941,-687,925,-346,66665,-482,-3985,-514,244,-62,-348,66686,1860,-15869,3590,-2281,-115,-3948,66686,1217,16142,1218,-1641,-654,-5224,66665,-2553,15782,3214,673,-569,2037,14,2
2514,66687,-14079,-2426,3729,-869,901,-346,66687,-378,-3964,-391,316,-62,-437,66708,2101,-15460,3337,-3110,-300,-5884,66708,898,16262,1282,-2002,-59,-6187,66687,-2516,15886,3082,1127,-1067,3654,14,2
2515,66709,-14079,-2422,3729,-869,901,-237,66709,-378,-3929,-391,322,-39,-437,66730,2101,-15423,3337,-3110,-300,-5884,66730,898,16292,1282,-2002,-59,-6187,66709,-2392,15898,3082,1151,-1067,4037,14,2
2516,66731,-14079,-2422,3557,-1005,515,-237,66731,-378,-3929,-391,322,-39,-550,66752,2101,-15423,3147,-4229,-350,-7336,66752,567,16292,1282,-2335,-59,-6926,66731,-2392,15898,2983,1151,-1335,4037,14,2
2517,66753,-13079,-2167,3346,-1082,-237,367,66753,-300,-3878,-289,452,6,-652,66774,2184,-14951,2763,-6229,-350,-8633,66774,170,16475,1506,-2660,319,-8053,66753,-1819,15985,2809,1497,-1641,5901,14,2
2518,66775,-13079,-1886,3346,-1082,-237,367,66775,-300,-3840,-289,472,14,-652,66796,2184,-14951,2763,-6229,-350,-8633,66796,170,16521,1506,-2660,319,-8053,66775,-1801,15985,2809,1497,-1641,5901,14,2
2519,66797,-13079,-1886,3188,-1082,-801,367,66797,-300,-3840,-289,472,14,-739,66818,2184,-14951,2310,-7649,-226,-9346,66818,-127,16521,1506,-2986,319,-8954,66797,-1801,15985,2678,1497,-1999,5901,14,2
2520,66819,-12079,-1769,3062,-1048,-1201,68,66819,-294,-3749,-181,738,-45,-928,66840,2321,-14625,1882,-8569,-147,-10206,66840,-949,16942,1805,-3351,414,-9909,66819,-1107,16309,2529,1738,-2268,7358,14,2
2521,66841,-12079,-1769,3062,-936,-1201,68,66841,-294,-3749,-126,805,-45,-928,66862,2912,-14625,1882,-8569,-147,-10206,66862,-949,16942,1805,-3351,414,-9909,66841,-801,16309,2529,1738,-2268,7358,14,2
2522,66863,-12079,-1769,3015,-936,-1446,-189,66863,-294,-3749,-126,805,-113,-1071,66884,2912,-14625,1561,-8634,-621,-11157,66884,-1565,16942,1805,-3598,414,-10626,66863,-801,16309,2129,1738,-2268,7358,14,2
2523,66885,-11079,-1753,3015,-826,-1613,-412,66885,-231,-3650,9,1055,-147,-1267,66906,3337,-14436,1093,-9063,-1468,-11870,66906,-2565,15968,2041,-3741,286,-11048,66885,199,16001,1626,1954,-1741,8495,14,2
2524,66907,-11079,-1753,3076,-822,-1613,-412,66907,-136,-3585,22,1055,-147,-1267,66928,3337,-14436,1093,-9063,-1468,-11870,66928,-2565,15968,2041,-3741,286,-11048,66907,199,16001,1626,1954,-1677,8495,14,2
2525,66929,-11079,-1825,3076,-822,-1613,-471,66929,-136,-3585,22,1055,-163,-1414,66950,3337,-14436,567,-9384,-2103,-12405,66950,-3565,15106,2041,-3741,190,-11048,66929,199,15770,1249,1954,-1677,8495,14,2
2526,66951,-10079,-2128,3169,-800,-1497,-471,66951,83,-3524,200,1143,-163,-1456,66972,3655,-14291,13,-9933,-2103,-12612,66972,-4565,14113,2419,-3773,188,-10662,66951,1199,15472,1161,1594,-1457,8687,14,2
2527,66973,-10079,-2128,3169,-736,-1468,-321,66973,242,-3524,272,1143,-159,-1456,66994,3663,-14291,13,-9933,-2026,-12612,66994,-4565,14113,2872,-3773,188,-10554,66973,1199,15472,1161,1594,-1457,8687,14,2
2528,66995,-10079,-2269,3169,-736,-1468,-321,66995,242,-3524,272,1143,-159,-1456,67016,3663,-14291,-426,-10365,-2026,-12612,67016,-5506,13368,2872,-3858,188,-10554,66995,1199,15383,1161,1117,-1457,8687,14,2
2529,67017,-9079,-2269,3065,-711,-1376,-6,67017,511,-3479,506,1219,-65,-1383,67038,4663,-14285,-774,-10871,-1238,-12973,67038,-6312,12810,3519,-3921,586,-9787,67017,2199,15182,1390,492,-1296,8706,14,2
2530,67039,-9079,-2191,3065,-672,-1376,-6,67039,511,-3479,507,1219,-65,-1380,67060,4663,-14285,-774,-10871,-1238,-12973,67060,-6312,12810,3519,-3921,586,-9773,67039,2199,15182,1390,492,-1389,8706,14,2
2531,67061,-9079,-2191,2954,-672,-1376,-6,67061,511,-3479,507,1219,-65,-1380,67082,4663,-14285,-1508,-11725,-1323,-12973,67082,-6917,12810,3430,-3969,586,-9773,67061,2199,14926,1088,39,-1389,8640,14,2
2532,67083,-10079,-1914,2786,-586,-1307,136,67083,713,-3394,786,1194,-114,-1309,67104,5663,-14255,-2466,-12365,-1391,-12808,67104,-7656,13121,3363,-3969,841,-8761,67083,3199,14192,862,-222,-1389,8007,14,2
2533,67105,-10079,-1914,2786,-497,-1307,136,67105,824,-3394,817,1194,-114,-1297,67126,5663,-14255,-2466,-12365,-1391,-12808,67126,-7656,13121,3363,-3891,841,-8659,67105,3199,14192,862,-222,-1293,8007,14,2
2534,67127,-11079,-1914,2627,-497,-1307,136,67127,824,-3394,817,1135,-157,-1297,67148,5663,-14255,-3297,-12473,-1391,-12808,67148,-8012,13121,3363,-3891,841,-8659,67127,3199,13577,862,-418,-1293,7449,14,2
2535,67149,-11936,-2167,2463,-296,-1047,101,67149,1188,-3377,1094,1091,-190,-1223,67170,6663,-14260,-4066,-12540,-1326,-11161,67170,-8383,12611,4292,-3797,1150,-7632,67149,4199,13115,1117,-616,-1221,6909,14,2
2536,67171,-11936,-2167,2463,-228,-1047,101,67171,1188,-3377,1095,1091,-190,-1196,67192,6663,-14260,-4066,-12540,-922,-11103,67192,-8383,12611,4292,-3687,1175,-7413,67171,4199,13115,1606,-616,-1221,6909,14,2
2537,67193,-12571,-2357,2328,-228,-1047,75,67193,1188,-3377,1095,1058,-190,-1196,67214,6663,-14260,-4617,-12586,-922,-11103,67214,-8756,12160,4292,-3687,1175,-7413,67193,4199,12884,1606,-924,-1407,6240,14,2
2538,67215,-13031,-2499,2152,-235,-1084,55,67215,1469,-3260,1346,1007,-188,-1091,67236,7663,-14167,-5120,-12586,-486,-9813,67236,-9243,11799,4384,-3397,1545,-6242,67215,5199,12884,1191,-1155,-1812,5466,14,2
2539,67237,-13031,-2499,2152,-235,-1084,55,67237,1469,-3205,1349,1007,-175,-1068,67258,7663,-13987,-5120,-12573,-486,-9813,67258,-9243,11799,4384,-3368,1545,-6192,67237,5199,12929,1191,-1155,-1812,5466,14,2
2540,67259,-13183,-2499,1903,-364,-1130,-75,67259,1469,-3205,1349,917,-175,-1068,67280,7663,-13987,-5498,-12573,-486,-9813,67280,-9600,11799,4384,-3368,1545,-6192,67259,5199,12929,880,-1155,-2116,4844,14,2
2541,67281,-13290,-2428,1620,-461,-1146,-173,67281,1807,-3076,1603,819,-163,-920,67302,8663,-13570,-6163,-11273,-868,-8444,67302,-9801,11938,4585,-2888,1808,-5168,67281,6199,12962,647,-1068,-2216,4349,14,2
2542,67303,-13290,-2428,1620,-461,-1146,-173,67303,1811,-3076,1613,819,-154,-910,67324,8663,-12987,-6163,-11219,-868,-8320,67324,-9801,11938,4592,-2816,1808,-5157,67303,6199,12962,647,-927,-2216,4349,14,2
2543,67325,-13353,-2428,1408,-461,-1146,-183,67325,1811,-3076,1613,712,-154,-910,67346,8663,-12987,-7163,-11219,-1094,-8320,67346,-9944,11938,4592,-2816,1808,-5157,67325,6199,12791,647,-927,-2216,3783,14,2
2544,67347,-13367,-2417,1249,-319,-1136,-183,67347,2103,-3037,1887,632,-107,-785,67368,9663,-11987,-8163,-10204,-1094,-7251,67368,-10059,11869,4741,-2490,2005,-4162,67347,7076,12587,940,-642,-2045,3313,14,2
2545,67369,-13367,-2417,1249,-257,-944,-120,67369,2103,-3037,1890,632,-94,-759,67390,9663,-11987,-8163,-10149,-946,-7251,67390,-10059,11869,4741,-2490,2075,-3991,67369,7076,12587,940,-642,-2045,3313,14,2
2546,67391,-13367,-2461,1115,-257,-944,-120,67391,2103,-3037,1890,616,-94,-759,67412,9663,-11987,-9163,-10149,-946,-7251,67412,-10247,11868,4594,-2490,2075,-3991,67391,7076,12483,758,-817,-2045,2930,14,2
2547,67413,-13207,-2574,925,-42,-601,60,67413,2359,-2958,2132,607,-69,-632,67434,10663,-10987,-10163,-8906,-772,-6449,67434,-10427,11868,4484,-2313,2275,-2935,67413,7734,12483,758,-948,-1844,2542,14,2
2548,67435,-13033,-2574,925,-42,-255,96,67435,2359,-2934,2141,607,-44,-632,67456,10663,-10987,-10163,-8556,-772,-6314,67456,-10427,11868,4484,-2313,2275,-2935,67435,7774,12631,758,-948,-1691,2542,14,2
2549,67457,-13033,-2659,777,-42,-255,96,67457,2359,-2934,2141,600,-44,-632,67478,10663,-10987,-11108,-8556,-772,-6314,67478,-10562,11868,4419,-2313,2188,-2935,67457,7774,12631,469,-971,-1691,2230,14,2
2550,67479,-12876,-2777,666,-35,247,272,67479,2467,-2831,2358,586,18,-518,67500,11617,-10094,-11817,-7304,-692,-4983,67500,-10748,11670,4407,-1984,2087,-2091,67479,8364,12742,252,-971,-1388,1755,14,2
2551,67501,-12876,-2777,666,-35,247,272,67501,2467,-2792,2358,586,18,-502,67522,11617,-10011,-11817,-7304,-692,-4983,67522,-10748,11670,4407,-1984,2087,-2091,67501,8394,12742,99,-961,-1388,1755,14,2
2552,67523,-12876,-2933,588,-47,247,268,67523,2467,-2792,2358,551,18,-502,67544,11617,-10011,-12347,-7304,-692,-4983,67544,-10748,11670,4407,-1984,2012,-2091,67523,8394,12742,94,-961,-1388,1286,14,2
2553,67545,-13021,-3092,588,-248,280,230,67545,2548,-2631,2505,485,39,-390,67566,12332,-9169,-12744,-5729,-622,-3717,67566,-10624,11896,4719,-1694,1955,-1553,67545,8785,12797,94,-772,-1202,807,14,2
2554,67567,-13021,-3092,614,-248,280,230,67567,2619,-2631,2505,485,39,-381,67588,12332,-9169,-12744,-5694,-500,-3717,67588,-10624,11922,4746,-1548,1922,-1553,67567,8785,12797,421,-772,-1202,807,14,2
2555,67589,-13177,-3097,614,-399,280,201,67589,2619,-2631,2505,403,39,-381,67610,12332,-9169,-13042,-5694,-500,-3717,67610,-10624,11922,4746,-1548,1913,-1553,67589,8785,12797,421,-772,-1202,434,14,2
2556,67611,-13303,-3097,621,-563,361,180,67611,2699,-2519,2609,310,48,-279,67632,12869,-8605,-13265,-4296,-297,-2785,67632,-10633,11979,5000,-1135,1863,-1117,67611,8925,12832,1168,-659,-1053,68,14,2
2557,67633,-13303,-3089,621,-563,361,180,67633,2699,-2519,2609,310,48,-279,67654,12869,-8605,-13265,-4070,-150,-2785,67654,-10633,11979,5000,-839,1863,-1090,67633,8925,12832,1168,-659,-780,68,14,2
2558,67655,-13409,-3089,621,-709,361,117,67655,2699,-2519,2609,207,48,-279,67676,12869,-8605,-13265,-4070,-150,-2785,67676,-10639,11887,4969,-839,1863,-1090,67655,8925,12702,1168,-659,-780,-206,14,2
2559,67677,-13443,-2999,611,-819,422,70,67677,2736,-2448,2666,78,28,-211,67698,13332,-8182,-13260,-2490,479,-1958,67698,-10639,11818,4875,-285,1825,-648,67677,9109,12604,873,-336,-463,-414,14,2
2560,67699,-13443,-2999,611,-819,432,70,67699,2736,-2448,2666,78,28,-211,67720,13332,-8114,-13260,-2223,520,-1958,67720,-10639,11818,4875,-285,1825,-557,67699,9109,12604,873,-303,-463,-414,14,2
2561,67721,-13443,-2999,542,-823,432,66,67721,2736,-2448,2666,-33,3,-211,67742,13332,-8114,-13260,-2223,520,-1958,67742,-10644,11818,4676,-285,1797,-557,67721,9109,12604,730,-303,-463,-571,14,2
2562,67743,-13229,-2947,470,-826,575,63,67743,2784,-2488,2708,-144,-43,-139,67764,13779,-7746,-13249,-509,1196,-1239,67764,-10648,11998,4527,200,1157,-108,67743,9247,12713,623,136,-30,-784,14,2
2563,67765,-13088,-2947,470,-826,575,63,67765,2790,-2488,2708,-144,-43,-137,67786,13779,-7746,-13240,-498,1196,-1205,67786,-10648,11998,4527,272,1157,-94,67765,9327,12713,623,202,59,-784,14,2
2564,67787,-13088,-2947,436,-829,575,-45,67787,2790,-2518,2708,-227,-85,-137,67808,13779,-7746,-13240,-498,1196,-1205,67808,-10651,11998,4367,272,535,-94,67787,9374,12676,543,202,59,-964,14,2
2565,67809,-12772,-2908,433,-916,532,-126,67809,2831,-2543,2700,-320,-123,-75,67830,13985,-7698,-13113,795,1578,-101,67830,-10651,11980,4250,799,-139,407,67809,9387,12649,483,573,555,-1275,14,2
2566,67831,-12772,-2908,433,-916,532,-126,67831,2831,-2543,2700,-320,-123,-70,67852,13985,-7698,-13105,795,1578,91,67852,-10635,11980,4250,799,-139,413,67831,9387,12649,483,573,684,-1275,14,2
2567,67853,-12772,-2908,433,-938,500,-145,67853,2831,-2578,2686,-390,-123,-70,67874,13943,-7698,-13105,795,1578,91,67874,-10635,11906,4162,799,-645,413,67853,9341,12628,483,573,684,-1536,14,2
2568,67875,-13147,-2828,502,-958,500,-159,67875,2835,-2623,2603,-433,-113,36,67896,13631,-7818,-12105,1848,1865,1168,67896,-10532,11906,4096,1180,-1354,849,67875,9306,12601,449,341,1308,-1740,14,2
2569,67897,-13147,-2805,502,-958,596,-159,67897,2835,-2623,2603,-433,-103,51,67918,13631,-7818,-12105,1848,1865,1230,67918,-10532,11911,4096,1180,-1354,871,67897,9306,12601,449,341,1308,-1740,14,2
2570,67919,-13428,-2805,502,-970,596,-178,67919,2816,-2644,2535,-465,-103,51,67940,13425,-8818,-12105,1848,1865,1230,67940,-10532,11911,4048,1180,-1927,871,67919,9191,12580,449,26,1308,-1933,14,2
2571,67941,-13639,-2627,554,-970,810,-193,67941,2802,-2672,2413,-494,-86,147,67962,13270,-9805,-11105,2961,2101,2524,67962,-10452,11959,4012,1483,-2315,1345,67941,9096,12580,575,-243,1735,-2232,14,2
2572,67963,-13639,-2627,662,-900,922,-193,67963,2802,-2672,2413,-494,-86,156,67984,13270,-9805,-11105,3038,2101,2574,67984,-10416,11963,4012,1483,-2315,1365,67963,9096,12693,575,-243,1735,-2232,14,2
2573,67985,-13797,-2627,662,-900,922,-211,67985,2794,-2731,2321,-537,-86,156,68006,13154,-10678,-11105,3038,2101,2574,68006,-10416,11963,4012,1483,-2315,1365,67985,8952,12693,575,-471,1735,-2546,14,2
2574,68007,-14001,-2495,840,-851,1301,-224,68007,2788,-2788,2234,-590,-73,274,68028,12996,-11556,-10105,3927,1977,3774,68028,-10145,12221,4252,1648,-2197,1925,68007,8753,13039,653,-655,1718,-2917,14,2
2575,68029,-14001,-2495,862,-851,1301,-224,68029,2788,-2788,2234,-590,-73,293,68050,12996,-11556,-10105,3927,1977,3812,68050,-10145,12228,4252,1648,-1873,2060,68029,8753,13039,653,-655,1718,-2917,14,2
2576,68051,-14261,-2495,862,-851,1301,-234,68051,2757,-2861,2147,-630,-73,293,68072,12613,-12215,-10105,3927,1869,3812,68072,-10145,12228,4239,1648,-1873,2060,68051,8543,13039,653,-780,1705,-3234,14,2
2577,68073,-14725,-2440,1048,-823,1288,-234,68073,2660,-2927,2024,-667,-49,411,68094,12190,-12709,-9105,4557,1788,4980,68094,-9941,12494,3901,1667,-1151,2796,68073,8320,13134,923,-927,1492,-3595,14,2
2578,68095,-14725,-2440,1048,-823,1288,-225,68095,2660,-2927,2024,-667,-38,423,68116,12190,-12709,-9105,4557,1788,4992,68116,-9897,12494,3901,1667,-1151,2877,68095,8320,13134,1255,-927,1492,-3595,14,2
2579,68117,-15073,-2440,1048,-823,1288,-225,68117,2533,-2976,1928,-713,-38,423,68138,11826,-13275,-9105,4557,1743,4992,68138,-9897,12494,3647,1632,-1151,2877,68117,8184,13134,1255,-1075,1445,-3954,14,2
2580,68139,-15073,-2391,1179,-778,1490,-185,68139,2396,-3028,1825,-748,4,554,68160,11477,-13700,-8105,5032,1710,5988,68160,-9544,12659,3647,1589,-902,3725,68139,7902,13159,1420,-1186,1291,-4408,14,2
2581,68161,-14073,-2391,1179,-755,1490,-93,68161,2396,-3028,1825,-748,9,563,68182,11477,-13700,-8105,5254,1710,6024,68182,-9544,12659,3773,1589,-902,3773,68161,7902,13205,1420,-1186,1291,-4408,14,2
2582,68183,-14073,-2391,1179,-755,1490,-93,68183,2258,-3073,1700,-765,9,563,68204,11128,-13818,-8105,5254,1685,6024,68204,-9544,12526,3773,1557,-902,3773,68183,7628,13205,1420,-1186,1231,-5051,14,2
2583,68205,-13073,-2323,1277,-620,1574,69,68205,1995,-3109,1583,-778,54,712,68226,10685,-13881,-7105,6274,1665,6852,68226,-9119,12426,3029,1500,-999,4586,68205,7199,13761,1544,-850,1186,-5605,14,2
2584,68227,-13073,-2323,1277,-620,1632,69,68227,1995,-3109,1583,-778,54,722,68248,10685,-13881,-7105,6274,1665,6852,68248,-9033,12426,3029,1500,-999,5051,68227,7199,13761,1888,-850,1186,-5605,14,2
2585,68249,-13073,-2323,1277,-620,1632,69,68249,1797,-3136,1460,-802,54,722,68270,9824,-13881,-7105,6274,1504,6852,68270,-9033,12426,2471,1500,-1072,5051,68249,6877,13761,1888,-850,1152,-6083,14,2
2586,68271,-12073,-2252,1385,-502,1553,171,68271,1659,-3165,1316,-864,6,855,68292,9179,-13602,-6105,6952,1383,7340,68292,-8259,13174,2189,1578,-1369,6138,68271,6446,14184,2080,-535,1127,-6763,14,2
2587,68293,-12073,-2252,1491,-480,1553,171,68293,1659,-3165,1316,-864,6,875,68314,9179,-13601,-6105,6952,1383,7340,68314,-8259,13174,2189,1614,-1369,6201,68293,6446,14328,2080,-459,1127,-6763,14,2
2588,68315,-12073,-2266,1491,-480,1494,171,68315,1556,-3283,1190,-927,-29,875,68336,8492,-13601,-6105,6952,1293,7340,68336,-8259,13174,2189,1614,-1592,6201,68315,5703,14328,2080,-459,1112,-7273,14,2
2589,68337,-11073,-2276,1679,-281,1450,322,68337,1357,-3371,1045,-975,-29,1029,68358,7593,-13720,-5105,7458,920,7715,68358,-7259,13918,2489,1873,-1776,7183,68337,5146,14829,2198,-375,1112,-7655,14,2
2590,68359,-11073,-2276,1697,-281,1450,322,68359,1357,-3371,1045,-975,-10,1029,68380,7593,-13720,-5105,7458,920,7715,68380,-7259,13918,2489,2086,-1776,7195,68359,5146,14829,2198,-375,1137,-7655,14,2
2591,68381,-11073,-2276,1697,-281,1450,322,68381,1160,-3394,910,-979,-10,1029,68402,6845,-13978,-5105,7458,635,7715,68402,-7259,13918,2489,2086,-1776,7195,68381,4728,14829,2198,-475,1137,-7942,14,2
2592,68403,-10073,-2092,1872,-132,1648,315,68403,1001,-3394,804,-982,3,1144,68424,6233,-14083,-4105,7531,421,8025,68424,-6418,14464,2512,2227,-1557,8138,68403,4106,15053,2208,-641,1610,-8266,14,2
2593,68425,-10073,-2092,1907,2,1690,315,68425,1001,-3383,804,-982,3,1144,68446,6233,-14083,-4105,7531,421,8031,68446,-6259,14464,2528,2254,-1428,8204,68425,4106,15053,2208,-641,1610,-8266,14,2
2594,68447,-10073,-2092,1907,2,1690,310,68447,811,-3383,647,-982,3,1144,68468,5774,-14162,-4105,6804,421,8031,68468,-6259,14464,2528,2254,-1428,8204,68447,3623,15053,2208,-937,1610,-8536,14,2
2595,68469,-9073,-1954,1937,214,1891,232,68469,647,-3375,519,-917,11,1245,68490,5236,-14221,-3105,6072,556,8277,68490,-5259,14874,2530,2384,-897,8920,68469,3148,15205,2216,-1274,1140,-8748,14,2
2596,68491,-9073,-1954,1937,214,1891,232,68491,647,-3349,519,-917,11,1245,68512,5236,-14221,-3105,6072,714,8277,68512,-5259,14874,2529,2388,-897,8920,68491,3148,15205,2323,-1274,1140,-8748,14,2
2597,68513,-9073,-1954,1937,214,1891,173,68513,524,-3349,402,-917,11,1245,68534,4488,-14221,-3105,5523,714,8277,68534,-5259,14874,2529,2388,-897,8920,68513,2516,15205,2323,-1441,788,-8898,14,2
2598,68535,-8073,-1807,1933,312,1697,129,68535,428,-3343,314,-824,39,1274,68556,3927,-14554,-2105,5190,1120,8304,68556,-4259,15127,2314,2372,-764,9048,68535,1674,15297,2509,-1566,468,-8898,14,2
2599,68557,-8073,-1805,1933,312,1697,129,68557,428,-3343,314,-824,39,1274,68578,3927,-14554,-2105,5190,1448,8304,68578,-4259,15127,2314,2372,-764,9048,68557,1674,15297,2509,-1566,468,-8873,14,2
2600,68579,-8073,-1805,1449,234,1272,96,68579,356,-3369,245,-824,39,1265,68600,3913,-14804,-2105,5114,1448,8269,68600,-4259,15127,2153,2287,-764,8914,68579,753,15297,2509,-1660,228,-8873,14,2
2601,68601,-7073,-1353,1086,175,954,72,68601,176,-3436,168,-819,144,1192,68622,3902,-15167,-1179,5057,1376,7362,68622,-3259,15317,1735,2062,-625,8642,68601,-47,15409,2625,-1815,-40,-8438,14,2
2602,68623,-7073,-1353,1086,175,954,72,68623,176,-3436,168,-819,144,1192,68644,3902,-15167,-1179,5057,1376,7362,68644,-3259,15317,1735,2062,-345,8642,68623,-47,15410,2625,-1815,-40,-8208,14,2
2603,68645,-7073,-1353,814,131,715,54,68645,27,-3516,110,-829,144,1119,68666,3894,-16167,-1179,5015,1232,6618,68666,-3259,15317,1735,1828,-345,8353,68645,-676,15410,2625,-1954,-281,-8208,14,2
2604,68667,-6073,-1014,610,98,536,40,68667,-180,-3709,17,-848,178,1024,68688,3059,-17167,-257,4301,686,5547,68688,-2259,15343,1587,1229,-299,6799,68667,-1185,15513,2696,-2058,-454,-7265,14,2
2605,68689,-6073,-1014,610,98,536,40,68689,-180,-3709,17,-848,178,1024,68710,3059,-17167,-179,4301,686,5547,68710,-2259,15343,1587,1229,-299,6799,68689,-1185,15513,2696,-2058,-454,-7058,14,2
2606,68711,-7073,-1014,610,98,457,40,68711,-391,-3903,-78,-852,178,909,68732,2433,-18167,-179,3747,276,4738,68732,-2259,15343,1587,779,-299,4830,68711,-1627,15513,2696,-2058,-472,-7058,14,2
2607,68733,-8073,-1167,891,336,457,82,68733,-549,-4139,-179,-852,194,730,68754,2097,-19167,821,3204,-31,3674,68754,-1259,15490,1644,464,-265,3301,68733,-2144,15590,2944,-1977,-472,-5659,14,2
2608,68755,-8073,-1167,912,336,493,109,68755,-549,-4139,-179,-800,194,730,68776,2097,-19167,821,3204,-31,3674,68776,-1259,15490,1644,464,-265,3301,68755,-2144,15590,2944,-1768,-342,-5305,14,2
2609,68777,-8073,-1282,912,336,493,109,68777,-706,-4139,-255,-800,176,516,68798,1845,-19167,821,2399,-31,2876,68798,-1259,15490,1589,358,-265,2236,68777,-2318,15590,2944,-1768,-342,-5305,14,2
2610,68799,-7073,-1691,1393,486,941,55,68799,-773,-4083,-344,-579,88,337,68820,1578,-18271,1657,1572,282,1949,68820,-596,15632,1547,278,26,1451,68799,-2318,15639,2909,-1080,-219,-3742,14,2
2611,68821,-7073,-1691,1591,486,1022,55,68821,-773,-4072,-344,-579,88,337,68842,1578,-18271,1657,1572,282,1949,68842,-596,15632,1547,278,26,1451,68821,-2257,15639,2909,-1080,-219,-3742,14,2
2612,68843,-7073,-1785,1591,486,1022,14,68843,-823,-4072,-441,-579,62,251,68864,1378,-18271,1657,1227,282,1601,68864,-596,15632,1516,218,26,1061,68843,-2257,15617,2882,-1080,-219,-3742,14,2
2613,68865,-8073,-1825,2155,530,1419,10,68865,-823,-4024,-513,-415,49,200,68886,1228,-17739,2282,968,100,1313,68886,-67,15769,1516,172,51,847,68865,-2211,15600,2882,-716,-128,-2693,14,2
2614,68887,-8073,-1825,2155,530,1419,10,68887,-781,-4024,-513,-415,49,200,68908,1228,-17739,2282,968,100,1313,68908,-67,15769,1535,172,51,847,68887,-2211,15600,2885,-716,-128,-2693,14,2
2615,68909,-9073,-1855,2155,530,1419,7,68909,-781,-4024,-571,-415,49,162,68930,1116,-17739,2282,920,-39,1114,68930,-67,15769,1535,129,-58,687,68909,-2211,15600,2885,-716,-128,-2693,14,2
2616,68931,-10073,-1913,2517,568,1434,5,68931,-758,-4011,-615,-340,49,129,68952,910,-17367,2749,884,-143,965,68952,468,15883,1549,71,-268,463,68931,-2232,15650,2940,-596,-58,-1969,14,2
2617,68953,-10073,-1913,2517,578,1434,5,68953,-758,-4011,-615,-340,49,129,68974,910,-17367,2749,884,-218,965,68974,468,15891,1549,71,-268,463,68953,-2232,15653,2940,-596,-58,-1969,14,2
2618,68975,-11073,-1965,2517,578,1434,5,68975,-758,-4031,-615,-340,49,103,68996,755,-17367,2749,763,-143,853,68996,468,15891,1490,27,-403,215,68975,-2261,15653,2940,-596,-58,-1969,14,2
2619,68997,-12073,-2020,2798,565,1432,17,68997,-772,-4046,-614,-283,49,72,69018,698,-17087,3099,672,-92,769,69018,799,15925,1490,-20,-403,29,68997,-2283,15705,2994,-506,-27,-1392,14,2
2620,69019,-12073,-2020,2810,565,1432,56,69019,-772,-4046,-614,-264,49,72,69040,698,-17087,3099,672,33,769,69040,799,15925,1522,-20,-270,29,69019,-2283,15705,2997,-438,-27,-1383,14,2
2621,69041,-12073,-2046,2810,539,1409,56,69041,-775,-4046,-638,-264,17,44,69062,698,-17087,3099,604,33,676,69062,799,15925,1522,-35,-270,-93,69041,-2283,15705,2997,-438,-27,-1383,14,2
2622,69063,-11073,-2046,2107,404,1056,42,69063,-775,-4012,-657,-178,-7,23,69084,751,-16843,3333,549,122,494,69084,1061,15950,1522,-64,38,-185,69063,-2232,15748,3036,-232,-28,-938,14,2
2623,69085,-11073,-1534,2107,404,1056,42,69085,-744,-4012,-657,-178,-7,23,69106,751,-16843,3333,549,122,494,69106,1106,15998,1522,-64,38,-185,69085,-2232,15748,3036,-213,-28,-924,14,2
2624,69107,-11073,-1534,1580,303,792,31,69107,-744,-4012,-668,-178,-7,16,69128,751,-16843,3333,549,122,373,69128,1106,15998,1514,-68,38,-303,69107,-2232,15748,3036,-213,-28,-924,14,2
2625,69129,-10073,-1150,1185,227,594,23,69129,-698,-4015,-676,-126,11,11,69150,770,-16655,3508,547,189,282,69150,1183,16062,1508,-68,50,-391,69129,-2206,15774,3023,-20,-38,-575,14,2
2626,69151,-10073,-1150,1185,227,594,23,69151,-698,-4015,-676,-126,11,11,69172,770,-16655,3508,547,189,282,69172,1183,16062,1508,-16,50,-391,69151,-2206,15781,3023,-20,-38,-550,14,2
2627,69173,-10073,-1150,888,170,445,17,69173,-698,-4015,-677,-126,11,4,69194,770,-16655,3508,536,189,219,69194,1183,16062,1504,-16,48,-420,69173,-2206,15781,3013,-20,-38,-550,14,2
2628,69195,-9073,-862,666,127,333,12,69195,-716,-3999,-677,-89,24,0,69216,646,-16509,3640,528,160,172,69216,1241,16067,1501,63,1,-442,69195,-2142,15781,2989,27,-28,-307,14,2
2629,69217,-9073,-862,666,127,333,12,69217,-716,-3996,-677,-89,24,0,69238,646,-16485,3661,528,160,172,69238,1245,16067,1501,63,1,-442,69217,-2134,15781,2989,27,-28,-307,14,2
2630,69239,-9073,-862,499,95,249,9,69239,-729,-3996,-679,-89,24,-3,69260,584,-16485,3661,522,160,104,69260,1245,16067,1461,63,-49,-442,69239,-2134,15772,2971,-4,-28,-307,14,2
2631,69261,-8073,-646,374,71,186,6,69261,-729,-3981,-690,-58,25,-5,69282,566,-16391,3797,517,279,29,69282,1294,16113,1425,75,-87,-433,69261,-2088,15766,2958,-72,-92,-206,14,2
2632,69283,-8073,-646,374,71,186,6,69283,-729,-3981,-690,-57,34,-5,69304,566,-16391,3797,517,279,29,69304,1294,16113,1425,75,-87,-400,69283,-2088,15766,2958,-72,-92,-206,14,2
2633,69305,-8073,-646,280,53,139,4,69305,-729,-3981,-697,-57,34,-6,69326,553,-16391,3797,514,279,-27,69326,1294,16113,1406,74,-87,-400,69305,-2088,15766,2958,-145,-164,-206,14,2
2634,69327,-7073,-484,210,39,104,3,69327,-724,-3971,-701,-30,41,-6,69348,553,-16324,3937,456,410,-69,69348,1331,16140,1392,48,-73,-342,69327,-2062,15768,2945,-216,-218,-161,14,2
2635,69349,-7073,-484,210,39,104,3,69349,-723,-3971,-701,-23,51,0,69370,570,-16324,3937,456,451,-69,69370,1331,16140,1392,48,-60,-342,69349,-2062,15793,2945,-216,-218,-161,14,2
2636,69371,-7073,-484,157,29,78,2,69371,-723,-3972,-704,-23,51,0,69392,570,-16324,3937,413,451,-100,69392,1331,16140,1384,28,-60,-342,69371,-2062,15793,2945,-269,-218,-161,14,2
2637,69393,-6073,-363,117,21,58,1,69393,-719,-3972,-706,-2,80,11,69414,651,-16266,4012,379,568,-173,69414,1359,16157,1378,13,0,-299,69393,-2042,15798,2973,-300,-216,-114,14,2
2638,69415,-6073,-363,117,21,58,1,69415,-719,-3971,-706,-2,81,11,69436,651,-16266,4033,379,568,-173,69436,1359,16157,1378,13,0,-296,69415,-2042,15798,2981,-300,-208,-114,14,2
2639,69437,-6073,-363,87,15,43,0,69437,-720,-3971,-706,-2,81,11,69458,651,-16266,4033,319,568,-233,69458,1359,16157,1378,1,0,-296,69437,-2042,15798,2981,-300,-208,-114,14,2
2640,69459,-5073,-272,65,11,32,0,69459,-727,-3971,-697,4,93,14,69480,715,-16225,4105,308,582,-235,69480,1380,16169,1365,-7,32,-260,69459,-2062,15803,3008,-293,-178,-72,14,2
2641,69481,-5073,-272,65,11,32,0,69481,-727,-3971,-697,4,93,14,69502,756,-16225,4105,308,582,-235,69502,1380,16169,1365,-7,32,-251,69481,-2062,15803,3008,-286,-175,-68,14,2
2642,69503,-5073,-272,48,8,24,0,69503,-730,-3971,-697,3,93,14,69524,756,-16225,4105,299,582,-235,69524,1380,16169,1355,-8,32,-251,69503,-2077,15803,3008,-286,-175,-68,14,2
2643,69525,-4073,-204,36,6,18,0,69525,-731,-3969,-701,2,97,14,69546,835,-16194,4180,291,580,1765,69546,1383,16171,1348,-9,59,-220,69525,-2088,15798,3024,-217,-150,-2,14,2
2644,69547,-4073,-204,36,6,18,0,69547,-731,-3969,-701,2,97,14,69568,835,-16193,4180,291,580,1765,69568,1383,16171,1348,-9,82,-218,69547,-2088,15798,3024,-217,-118,4,14,2
2645,69569,-4073,-204,36,4,13,0,69569,-732,-3969,-704,2,95,13,69590,835,-16193,4180,291,567,1272,69590,1377,16171,1348,-12,82,-218,69569,-2088,15784,3024,-217,-118,4,14,2
2646,69591,-5073,-714,1036,-67,13,0,69591,-737,-3963,-704,11,86,11,69612,819,-16169,4209,315,557,899,69612,1377,16173,1354,-15,141,-201,69591,-2070,15774,3028,-194,-42,48,14,2
2647,69613,-5073,-714,1036,-67,264,9,69613,-737,-3963,-704,12,86,11,69634,819,-16169,4255,315,552,899,69634,1377,16177,1354,-15,142,-201,69613,-2070,15774,3028,-194,-42,48,14,2
2648,69635,-6073,-1102,1036,-131,264,9,69635,-740,-3963,-708,12,79,9,69656,758,-16169,4255,315,552,620,69656,1372,16177,1354,-15,142,-201,69635,-2070,15774,3033,-194,-42,48,14,2
2649,69657,-7073,-1394,1890,-202,467,16,69657,-740,-3964,-711,23,70,5,69678,758,-16157,4317,333,549,355,69678,1360,16191,1355,-15,132,-194,69657,-2082,15791,3033,-186,-12,68,14,2
2650,69679,-7073,-1394,1898,-202,467,16,69679,-733,-3964,-711,23,70,5,69700,761,-16157,4317,336,549,355,69700,1360,16191,1355,-13,132,-189,69679,-2082,15791,3036,-186,-12,68,14,2
2651,69701,-8073,-1613,1898,-280,467,16,69701,-733,-3965,-715,23,67,2,69722,761,-16157,4317,336,549,156,69722,1351,16191,1355,-13,123,-189,69701,-2082,15791,3036,-186,-12,68,14,2
2652,69723,-9073,-1783,2554,-364,623,25,69723,-728,-3966,-719,26,67,2,69744,761,-16147,4330,244,564,53,69744,1351,16200,1352,-1,118,-156,69723,-2081,15804,3035,-180,10,73,14,2
2653,69745,-9073,-1783,2554,-364,623,25,69745,-728,-3966,-719,26,73,4,69766,764,-16147,4330,244,564,53,69766,1357,16200,1352,-1,118,-156,69745,-2077,15804,3034,-172,10,73,14,2
2654,69767,-10073,-1889,2554,-429,623,25,69767,-732,-3969,-722,26,73,4,69788,764,-16147,4330,244,564,-20,69788,1357,16200,1345,-1,114,-156,69767,-2077,15804,3034,-172,10,67,14,2
2655,69789,-11073,-1968,3046,-493,679,25,69789,-735,-3971,-724,28,82,7,69810,777,-16140,4336,175,565,-75,69810,1369,16205,1339,-10,92,-150,69789,-2073,15805,3033,-154,15,63,14,2
2656,69811,-11073,-1968,3046,-493,679,25,69811,-735,-3971,-724,30,82,7,69832,836,-16140,4336,175,565,-75,69832,1376,16205,1339,-10,92,-150,69811,-2073,15806,3033,-154,15,63,14,2
2657,69833,-12073,-2020,3046,-526,679,25,69833,-735,-3973,-725,30,82,7,69854,836,-16140,4336,162,565,-115,69854,1376,16205,1339,-19,76,-150,69833,-2077,15806,3033,-154,15,63,14,2
2658,69855,-13073,-2042,3403,-531,721,33,69855,-727,-3973,-725,36,82,7,69876,890,-16135,4315,153,566,-137,69876,1376,16208,1352,-19,64,-153,69855,-2077,15777,3037,-168,27,70,14,2
2659,69877,-13073,-2042,3403,-531,727,34,69877,-727,-3972,-725,41,82,7,69898,890,-16135,4315,153,566,-137,69898,1376,16209,1352,-18,64,-153,69877,-2077,15777,3037,-168,29,70,14,2
2660,69899,-13875,-2058,3403,-531,727,34,69899,-727,-3972,-725,41,82,5,69920,890,-16135,4315,152,566,-154,69920,1359,16209,1352,-18,62,-153,69899,-2080,15777,3037,-182,29,70,14,2
2661,69921,-14466,-2079,3674,-517,771,39,69921,-732,-3966,-726,49,78,1,69942,937,-16133,4332,152,570,-166,69942,1346,16212,1344,-15,62,-145,69921,-2095,15781,3046,-193,37,74,14,2
2662,69943,-14466,-2079,3674,-509,771,39,69943,-732,-3966,-726,49,78,1,69964,937,-16133,4332,152,570,-166,69964,1346,16212,1344,-15,75,-130,69943,-2095,15781,3046,-193,37,74,14,2
2663,69965,-14903,-2104,3674,-509,771,35,69965,-736,-3966,-726,49,72,-1,69986,937,-16133,4332,152,548,-176,69986,1346,16212,1333,-15,75,-130,69965,-2106,15781,3046,-193,37,74,14,2
2664,69987,-15214,-2129,3887,-478,803,32,69987,-736,-3965,-718,48,63,-2,70008,977,-16131,4345,152,532,-176,70008,1346,16220,1320,-22,103,-101,69987,-2106,15784,3058,-188,43,91,14,2
2665,70009,-15214,-2129,3887,-463,803,32,70009,-731,-3965,-718,48,63,-2,70030,977,-16131,4345,152,532,-157,70030,1346,16221,1320,-22,103,-99,70009,-2098,15787,3058,-188,58,91,14,2
2666,70031,-15214,-2147,3887,-463,803,32,70031,-731,-3965,-718,48,54,-3,70052,977,-16131,4345,152,520,-157,70052,1345,16221,1311,-24,103,-99,70031,-2098,15787,3058,-188,58,91,14,2
2667,70053,-14214,-2163,4027,-427,862,33,70053,-723,-3965,-715,45,48,-3,70074,991,-16122,4354,153,463,-157,70074,1344,16215,1304,-35,123,-72,70053,-2092,15791,3067,-185,74,106,14,2
2668,70075,-14214,-2163,4027,-413,862,34,70075,-723,-3965,-715,45,48,-3,70096,991,-16122,4354,177,463,-169,70096,1344,16215,1304,-35,139,-72,70075,-2091,15791,3067,-185,74,106,14,2
2669,70097,-14214,-2175,4027,-413,862,34,70097,-723,-3965,-715,44,46,-3,70118,971,-16122,4354,177,463,-172,70118,1344,16211,1304,-46,139,-72,70097,-2090,15791,3067,-185,74,106,14,2
2670,70559,-14695,-2193,4132,-373,906,35,70559,-717,-3965,-711,43,45,-2,70560,953,-16117,4360,177,468,-188,70560,1354,16211,1307,-57,153,-56,70559,-2098,15792,3091,-186,97,120,15,2
2671,70581,-14695,-2193,4147,-373,906,39,70581,-716,-3963,-711,43,45,-2,70582,953,-16117,4360,195,468,-188,70582,1355,16214,1307,-57,153,-56,70581,-2098,15792,3095,-186,113,120,15,2
2672,70603,-15056,-2193,4147,-373,906,39,70603,-716,-3963,-711,42,45,-2,70604,953,-16117,4360,195,468,-197,70604,1355,16214,1307,-65,153,-56,70603,-2104,15792,3095,-197,113,120,15,2
2673,70625,-15360,-2192,4327,-389,966,24,70625,-707,-3961,-713,42,46,-2,70626,989,-16107,4366,209,485,-197,70626,1370,16220,1328,-81,122,-15,70625,-2131,15770,3124,-298,244,36,15,2
2674,70647,-15360,-2186,4353,-389,966,24,70647,-706,-3961,-713,42,48,-2,70648,989,-16107,4366,219,485,-196,70648,1376,16220,1328,-81,122,-5,70647,-2131,15770,3124,-298,244,36,15,2
2675,70669,-15552,-2186,4353,-401,966,11,70669,-706,-3961,-717,41,48,-2,70670,989,-16107,4366,219,485,-196,70670,1376,16220,1328,-93,97,-5,70669,-2161,15753,3124,-316,244,-14,15,2
2676,70691,-15696,-2181,4482,-410,986,-2,70691,-698,-3968,-720,37,50,0,70692,1016,-16104,4370,237,485,-144,70692,1414,16225,1357,-93,78,39,70691,-2224,15740,3200,-324,253,-14,15,2
2677,70713,-15696,-2176,4482,-410,986,-2,70713,-698,-3968,-720,37,50,3,70714,1021,-16104,4370,237,485,-143,70714,1415,16225,1357,-81,78,39,70713,-2224,15740,3206,-324,253,-14,15,2
2678,70735,-15822,-2176,4482,-410,986,-7,70735,-698,-3973,-721,37,50,3,70736,1021,-16104,4370,237,460,-143,70736,1415,16218,1355,-81,64,39,70735,-2272,15738,3206,-324,228,-14,15,2
2679,70757,-15923,-2162,4581,-363,1006,-14,70757,-701,-3979,-721,37,51,1,70758,1051,-16110,4377,240,424,-163,70758,1444,16211,1354,-52,64,44,70757,-2306,15718,3287,-307,209,38,15,2
2680,70779,-15923,-2162,4581,-330,1006,-14,70779,-701,-3979,-720,39,51,1,70780,1054,-16110,4377,240,424,-163,70780,1444,16211,1354,-52,97,44,70779,-2306,15718,3287,-301,209,39,15,2
2681,70801,-15992,-2162,4581,-330,1006,-19,70801,-703,-3979,-720,39,51,-4,70802,1054,-16110,4377,218,397,-178,70802,1444,16206,1344,-52,97,44,70801,-2328,15703,3287,-301,195,39,15,2
2682,70823,-16044,-2200,4678,-251,1001,-25,70823,-703,-3978,-717,43,34,-11,70824,1079,-16108,4408,199,364,-189,70824,1457,16202,1337,-35,122,48,70823,-2342,15686,3312,-275,195,95,15,2
2683,70845,-16044,-2200,4691,-251,1001,-25,70845,-692,-3978,-717,45,34,-11,70846,1079,-16108,4418,199,364,-189,70846,1457,16202,1337,-35,122,57,70845,-2342,15686,3312,-275,286,95,15,2
2684,70867,-16044,-2229,4691,-251,997,-38,70867,-692,-3978,-717,45,21,-14,70868,1079,-16108,4418,185,364,-189,70868,1457,16202,1333,-35,122,57,70867,-2342,15673,3312,-275,286,95,15,2
2685,70889,-16110,-2254,4767,-257,997,-39,70889,-673,-3975,-711,44,21,-14,70890,1069,-16081,4468,185,375,-170,70890,1466,16203,1330,-31,136,104,70889,-2320,15669,3332,-302,329,97,15,2
2686,70911,-16110,-2254,4767,-257,1000,-39,70911,-673,-3975,-707,44,25,-9,70912,1069,-16081,4469,187,375,-170,70912,1494,16203,1330,-31,136,104,70911,-2320,15669,3353,-302,329,97,15,2
2687,70933,-16143,-2273,4767,-280,1000,-39,70933,-673,-3977,-707,43,25,-9,70934,1061,-16081,4469,187,375,-170,70934,1494,16203,1330,-31,136,104,70933,-2320,15669,3353,-328,329,86,15,2
2688,70954,-16174,-2287,4824,-314,981,-35,70954,-665,-3985,-698,39,36,-2,70955,1052,-16060,4507,189,410,-186,70955,1534,16201,1332,-34,134,132,70954,-2318,15670,3385,-357,325,67,15,2
2689,70975,-16174,-2287,4824,-314,981,-8,70975,-665,-3985,-697,39,36,-2,70976,1052,-16060,4507,189,439,-186,70976,1548,16201,1332,-34,134,132,70976,-2318,15670,3404,-357,325,67,15,2
2690,70995,-16191,-2287,4824,-340,981,-8,70995,-665,-3991,-697,36,36,-2,70997,1052,-16060,4507,189,439,-198,70997,1548,16198,1332,-41,112,128,70997,-2323,15670,3404,-379,325,43,15,2
2691,71015,-16198,-2273,4867,-364,971,14,71015,-659,-3995,-688,36,42,0,71018,1063,-16041,4525,192,483,-204,71018,1573,16189,1342,-53,95,105,71018,-2345,15671,3447,-418,332,20,15,2
2692,71035,-16198,-2273,4887,-364,971,14,71035,-657,-3995,-688,37,42,0,71039,1063,-16041,4525,192,483,-204,71039,1573,16189,1342,-53,95,105,71039,-2345,15671,3448,-418,353,20,15,2
2693,71055,-16215,-2273,4887,-378,966,14,71055,-657,-3995,-688,37,42,0,71060,1063,-16041,4525,192,483,-204,71060,1573,16182,1342,-62,95,86,71060,-2361,15670,3448,-447,353,3,15,2
2694,71075,-16244,-2253,4915,-384,960,31,71075,-647,-3991,-687,38,46,0,71081,1067,-16024,4531,220,475,-177,71081,1582,16173,1349,-77,96,72,71081,-2373,15668,3485,-447,403,-9,15,2
2695,71095,-16244,-2253,4915,-384,960,33,71095,-647,-3991,-687,38,46,0,71102,1067,-16024,4531,220,475,-157,71102,1582,16173,1349,-77,96,72,71102,-2373,15668,3498,-441,413,-9,15,2
2696,71115,-16266,-2253,4915,-384,958,33,71115,-648,-3991,-688,38,46,0,71123,1065,-16024,4531,220,455,-147,71123,1582,16169,1349,-96,96,72,71123,-2396,15665,3498,-441,413,-12,15,2
2697,71135,-16286,-2257,4954,-372,953,45,71135,-648,-3988,-691,37,49,2,71144,1063,-16018,4554,241,440,-158,71144,1593,16169,1358,-110,14,80,71144,-2418,15664,3528,-424,448,-12,15,2
2698,71155,-16286,-2257,4954,-372,953,45,71155,-648,-3988,-691,37,49,2,71165,1063,-16018,4554,241,440,-158,71165,1610,16176,1358,-110,14,80,71165,-2418,15664,3528,-423,448,-12,15,2
2699,71175,-16298,-2257,4954,-372,949,45,71175,-648,-3988,-697,36,49,2,71186,1063,-16018,4554,229,440,-166,71186,1610,16176,1358,-116,-47,80,71186,-2439,15664,3528,-423,448,-12,15,2
2700,71195,-16307,-2250,4955,-366,925,45,71195,-648,-3989,-701,35,49,5,71207,1083,-16013,4539,220,458,-166,71207,1658,16182,1330,-117,-163,126,71207,-2478,15669,3546,-392,472,-2,15,2
2701,71215,-16307,-2213,4955,-366,925,45,71215,-647,-3989,-701,35,49,5,71228,1083,-16013,4539,220,458,-154,71228,1658,16182,1330,-117,-163,126,71228,-2478,15669,3546,-385,472,4,15,2
2702,71235,-16307,-2213,4944,-366,902,45,71235,-647,-3989,-702,35,49,5,71249,1083,-16013,4528,220,411,-154,71249,1658,16164,1289,-118,-887,116,71249,-2509,15669,3546,-385,472,4,15,2
2703,71255,-16294,-2171,4936,-315,885,46,71255,-642,-3994,-702,35,50,1,71270,1107,-16038,4493,265,317,-242,71270,1650,16143,1240,-118,-1590,109,71270,-2532,15691,3542,-241,996,120,15,2
2704,71275,-16284,-2171,4936,-312,885,46,71275,-641,-3994,-700,38,50,1,71291,1197,-16038,4493,265,317,-242,71291,1650,16143,1240,-118,-1590,109,71291,-2532,15691,3542,-224,996,202,15,2
2705,71295,-16281,-2171,4936,-312,867,40,71295,-641,-3999,-700,38,50,-6,71312,1197,-16057,4466,265,239,-308,71312,1646,16127,1222,-118,-1945,4,71312,-2532,15673,3529,-224,996,202,15,2
2706,71315,-16277,-2164,4977,-267,858,21,71315,-636,-4018,-691,45,50,-16,71333,1210,-16113,4412,263,117,-357,71333,1611,16127,1208,-95,-2039,-182,71333,-2478,15659,3519,-89,1242,376,15,2
2707,71335,-16248,-2164,4977,-267,858,21,71335,-636,-4018,-689,46,50,-16,71354,1210,-16113,4412,263,117,-357,71354,1611,16128,1208,-95,-2039,-182,71354,-2478,15659,3519,-62,1242,378,15,2
2708,71355,-16248,-2164,4977,-272,858,10,71355,-636,-4040,-689,46,50,-24,71376,1210,-16156,4393,173,-15,-384,71376,1611,16128,1208,-95,-2039,-368,71375,-2478,15659,3494,-62,1242,378,15,2
2709,71377,-15248,-2159,5037,-320,894,2,71377,-606,-4048,-676,59,52,-29,71398,1211,-16210,4380,10,-15,-404,71398,1617,16128,1219,-88,-1757,-528,71395,-2439,15690,3429,100,1221,506,15,2
2710,71399,-15248,-2159,5053,-320,906,2,71399,-606,-4048,-675,63,52,-29,71420,1211,-16210,4380,10,89,-404,71420,1696,16146,1219,-88,-1670,-528,71415,-2439,15690,3429,100,1221,510,15,2
2711,71421,-15397,-2165,5053,-364,906,-3,71421,-606,-4048,-675,63,52,-33,71442,1211,-16210,4380,-114,89,-419,71442,1696,16146,1219,-152,-1670,-782,71435,-2439,15690,3401,100,1048,510,15,2
2712,71443,-15557,-2172,5117,-512,942,-71,71443,-599,-4032,-665,99,64,-38,71464,1309,-16180,4385,-291,315,-564,71464,1853,16141,1227,-230,-1455,-1314,71455,-2471,15718,3380,243,852,663,15,2
2713,71465,-15557,-2172,5117,-512,942,-71,71465,-599,-4032,-665,100,64,-38,71486,1363,-16116,4385,-291,315,-564,71486,1853,16141,1227,-230,-1455,-1314,71475,-2471,15718,3380,262,852,737,15,2
2714,71487,-15557,-2201,5101,-623,942,-122,71487,-599,-4032,-665,100,64,-53,71508,1363,-16116,4385,-446,315,-831,71508,1702,16137,1227,-303,-1455,-1732,71495,-2495,15718,3365,262,654,737,15,2
2715,71509,-15450,-2285,5089,-741,1021,-160,71509,-573,-4035,-645,128,73,-76,71530,1526,-16049,4348,-774,432,-1129,71530,1492,16134,1233,-376,-1293,-2082,71515,-2495,15739,3353,448,496,1024,15,2
2716,71531,-15450,-2285,5089,-741,1071,-160,71531,-564,-4035,-645,128,73,-76,71552,1543,-16049,4348,-774,432,-1129,71552,1492,16134,1235,-376,-1277,-2082,71535,-2467,15752,3353,620,496,1143,15,2
2717,71553,-15450,-2377,5074,-829,1071,-160,71553,-564,-4037,-645,128,46,-117,71574,1543,-16049,4321,-1080,432,-1858,71574,1262,16134,1235,-441,-1277,-2347,71555,-2454,15752,3349,620,261,1143,15,2
2718,71575,-15370,-2474,5002,-970,1231,-140,71575,-513,-4038,-567,165,14,-159,71596,1769,-15857,3777,-2450,829,-3276,71596,1089,16147,1175,-665,-952,-2702,71576,-2587,15778,3341,921,-92,1813,15,2
2719,71597,-14450,-2474,5002,-970,1231,-140,71597,-513,-4038,-559,165,14,-159,71618,1789,-15840,3777,-2450,829,-3276,71618,1089,16147,1175,-665,-952,-2702,71597,-2587,15778,3341,976,-92,2054,15,2
2720,71619,-14450,-2474,4872,-1121,1231,-140,71619,-513,-4038,-559,165,-1,-195,71640,1789,-15840,3350,-3493,829,-4437,71640,959,16114,1163,-1010,-952,-3246,71619,-2687,15778,3327,976,-678,2054,15,2
2721,71641,-13450,-2462,4688,-1299,691,46,71641,-426,-4022,-446,211,-10,-260,71662,2256,-15460,2780,-4378,1168,-6437,71662,959,16089,967,-1741,-774,-4496,71641,-2762,15805,3231,1307,-1117,3569,15,2
2722,71663,-13450,-2222,4688,-1299,691,190,71663,-383,-4000,-426,226,-10,-260,71684,2256,-15460,2780,-4378,1168,-6437,71684,959,16089,967,-1741,-774,-4496,71663,-2762,15840,3231,1307,-1117,4054,15,2
2723,71685,-13450,-2222,4385,-1299,54,190,71685,-383,-4000,-426,226,-10,-323,71706,2256,-15460,2615,-5042,1074,-8437,71706,813,16089,967,-2499,-774,-5706,71685,-2762,15840,3159,1237,-1548,4054,15,2
2724,71707,-12450,-1955,4142,-1190,-546,616,71707,-285,-3954,-293,341,48,-472,71728,2254,-15170,2491,-5815,407,-9811,71728,345,16435,1140,-3068,160,-7179,71707,-1816,15801,2859,1184,-1548,5421,15,2
2725,71729,-12450,-1801,4142,-1170,-546,616,71729,-285,-3925,-293,444,62,-472,71750,2254,-15170,2491,-5815,407,-9811,71750,345,16435,1269,-3068,641,-7179,71729,-1762,15801,2859,1184,-1548,5421,15,2
2726,71751,-12450,-1801,3900,-1170,-1125,616,71751,-285,-3925,-293,444,62,-633,71772,2254,-15170,2149,-6408,-106,-10841,71772,-380,16435,1269,-3419,641,-8284,71751,-1762,15801,2841,1184,-2056,5421,15,2
2727,71773,-11450,-1907,3661,-982,-1753,100,71773,-378,-3857,-234,696,-90,-850,71794,2486,-15070,1763,-7933,-1004,-11614,71794,-958,16765,1564,-3671,1922,-9113,71773,-975,15895,2617,1257,-2437,6247,15,2
2728,71795,-11450,-1907,3661,-982,-1753,100,71795,-378,-3793,-234,785,-90,-850,71816,3232,-15070,1763,-7933,-1004,-11614,71816,-958,16765,1564,-3671,1922,-9113,71795,-934,16185,2617,1278,-2437,6247,15,2
2729,71817,-11450,-1987,3481,-982,-2251,-286,71817,-425,-3793,-234,785,-204,-1036,71838,3232,-15070,1474,-9076,-1762,-11614,71838,-1391,16765,1564,-3678,1922,-9686,71817,-934,16185,2200,1278,-2437,6247,15,2
2730,71839,-10450,-2027,3455,-748,-2598,-455,71839,-425,-3629,-135,1041,-294,-1206,71860,3531,-14874,1143,-10516,-3234,-11838,71860,-2391,15800,1786,-3684,1654,-10116,71839,-177,16473,1800,1364,-2373,7113,15,2
2731,71861,-10450,-2027,3455,-747,-2598,-455,71861,-138,-3629,-108,1041,-294,-1206,71882,3531,-14874,1143,-10516,-3234,-11838,71882,-2391,15800,1811,-3684,1654,-10116,71861,-128,16473,1800,1364,-2373,7202,15,2
2732,71883,-10450,-2057,3455,-747,-2628,-582,71883,-138,-3629,-108,1041,-348,-1371,71904,3531,-14874,457,-11596,-3234,-11838,71904,-3317,15077,1811,-3688,1453,-10116,71883,-128,16473,1500,1364,-2373,7202,15,2
2733,71905,-9450,-2420,3555,-794,-2628,-609,71905,175,-3468,46,1110,-348,-1495,71926,3755,-14959,-57,-11596,-2865,-12006,71926,-4024,14730,2685,-3795,1453,-10075,71905,872,16682,1500,1390,-1959,7891,15,2
2734,71927,-9450,-2420,3555,-794,-2167,-609,71927,242,-3468,47,1110,-300,-1495,71948,3879,-14959,-57,-10736,-2294,-12006,71948,-4024,14730,2685,-3795,1663,-9980,71927,872,16682,1801,1390,-1698,7891,15,2
2735,71949,-9450,-2693,3491,-829,-2167,-629,71949,242,-3468,47,1110,-300,-1495,71970,3879,-15023,-151,-10736,-2294,-12006,71970,-4555,14470,2685,-3795,1663,-9980,71949,872,16682,1801,1378,-1698,7891,15,2
2736,71971,-8450,-2693,3296,-829,-1891,-629,71971,457,-3347,295,1233,-131,-1427,71992,4879,-15023,-222,-10083,-1927,-10006,71992,-5555,13713,3059,-3761,1820,-9548,71971,1872,16413,2026,1225,-1400,8286,15,2
2737,71993,-8450,-2617,3296,-695,-1891,-420,71993,457,-3313,298,1233,-131,-1427,72014,4879,-14801,-222,-10083,-1927,-10798,72014,-5555,13713,3059,-3661,2314,-9533,71993,1872,16413,2026,1225,-1397,8286,15,2
2738,72015,-8450,-2617,3148,-695,-1893,-420,72015,457,-3313,298,1233,-131,-1427,72036,4879,-14801,-612,-11089,-1927,-10798,72036,-6342,13145,3059,-3661,2314,-9533,72015,1872,15413,1997,1059,-1397,8286,15,2
2739,72037,-7450,-2187,3022,-422,-1894,-122,72037,618,-3133,565,1107,-224,-1352,72058,5853,-14380,-1415,-11844,-1653,-11387,72058,-7022,13145,3340,-3561,1845,-8897,72037,2872,14588,1706,895,-1427,8002,15,2
2740,72059,-7450,-2187,3022,-370,-1894,-122,72059,801,-3133,587,1107,-224,-1352,72080,5853,-14380,-1415,-11844,-1653,-11387,72080,-7022,13619,3340,-3561,1845,-8770,72059,2872,14588,1706,895,-1427,8002,15,2
2741,72081,-7450,-2187,2896,-370,-1894,-122,72081,801,-3133,587,1013,-294,-1352,72102,5853,-14380,-2415,-11844,-1653,-11816,72102,-7532,13619,3340,-3561,1324,-8770,72081,2872,14521,1312,772,-1567,7624,15,2
2742,72103,-8450,-2524,2710,-127,-1462,4,72103,1270,-3137,941,995,-309,-1303,72124,6853,-14568,-3415,-10676,-1302,-12044,72124,-8111,13410,3520,-3177,574,-7871,72103,3872,14470,960,681,-1895,7083,15,2
2743,72125,-8450,-2524,2710,-123,-1306,4,72125,1270,-3137,941,995,-309,-1296,72146,6853,-14568,-3415,-10658,-1013,-12044,72146,-8111,13410,3520,-2957,574,-7790,72125,3872,14470,960,681,-1895,7083,15,2
2744,72147,-9450,-2777,2570,-123,-1306,4,72147,1270,-3140,941,995,-309,-1296,72168,6853,-14568,-4415,-10658,-1013,-12044,72168,-8545,13090,3520,-2957,328,-7790,72147,3872,14432,696,681,-2141,6599,15,2
2745,72169,-10450,-2947,2374,-128,-732,4,72169,1579,-3140,1221,996,-242,-1243,72190,7853,-14445,-5190,-9768,-350,-10044,72190,-8992,12792,3709,-2394,229,-6741,72169,4872,14118,498,847,-2322,5970,15,2
2746,72191,-10450,-2947,2374,-128,-732,4,72191,1579,-3040,1233,996,-242,-1186,72212,7853,-14224,-5190,-9734,-350,-10044,72212,-8992,12792,3946,-2394,229,-6663,72191,4872,14118,498,913,-2322,5970,15,2
2747,72213,-11020,-2947,2227,-233,-743,4,72213,1579,-3040,1233,992,-242,-1186,72234,7853,-14224,-5628,-9734,-350,-10044,72234,-9328,12569,3946,-2394,229,-6663,72213,4872,13882,448,913,-2394,5406,15,2
2748,72235,-11242,-2934,1973,-427,-908,-52,72235,1866,-2945,1502,858,-192,-1076,72256,8853,-13804,-5957,-8891,-387,-8044,72256,-9580,12422,4265,-1659,613,-5662,72235,5872,13705,362,1236,-2448,4735,15,2
2749,72257,-11242,-2934,1973,-427,-908,-52,72257,2015,-2919,1506,858,-192,-1066,72278,8853,-13224,-5957,-8867,-387,-8044,72278,-9580,12422,4270,-1375,613,-5662,72257,5872,13705,362,1290,-2448,4735,15,2
2750,72279,-11408,-2934,1782,-584,-1102,-94,72279,2015,-2919,1506,733,-192,-1066,72300,8853,-13224,-6359,-8867,-414,-8044,72300,-9717,12390,4270,-1375,613,-5662,72279,5872,13507,355,1290,-2448,3943,15,2
2751,72301,-11667,-2852,1502,-701,-1247,-125,72301,2342,-2867,1729,597,-140,-924,72322,9853,-12224,-6789,-7641,-414,-7624,72322,-9819,12288,4513,-611,938,-4868,72301,6848,13093,350,1676,-2424,3127,15,2
2752,72323,-11667,-2852,1502,-701,-1247,-125,72323,2362,-2867,1772,597,-134,-922,72344,9853,-12224,-6789,-7466,-153,-7624,72344,-9819,12288,4519,-611,938,-4809,72323,6872,13093,350,1676,-2424,3127,15,2
2753,72345,-11861,-2852,1292,-701,-1247,-125,72345,2362,-2867,1772,495,-134,-922,72366,9853,-12224,-7111,-7466,-153,-7624,72366,-9896,12199,4519,-611,938,-4809,72345,6872,13048,346,1676,-2424,2497,15,2
2754,72367,-12038,-2708,1065,-624,-1088,128,72367,2576,-2827,1973,406,-72,-806,72388,10853,-11224,-7362,-6039,92,-7316,72388,-9963,12083,4706,-578,1182,-4070,72367,7306,13048,83,1312,-2064,1961,15,2
2755,72389,-12038,-2708,1065,-596,-596,128,72389,2576,-2827,2007,406,-40,-790,72410,10853,-11224,-7362,-5852,92,-7316,72410,-9963,12083,4706,-578,1182,-3998,72389,7306,13074,83,1312,-1968,1961,15,2
2756,72411,-12171,-2708,921,-596,-596,128,72411,2576,-2827,2007,341,-40,-790,72432,10853,-11224,-7519,-5852,92,-7316,72432,-10182,11999,4706,-605,1182,-3998,72411,7306,13074,-113,881,-1968,1559,15,2
2757,72433,-12339,-2722,813,-525,219,198,72433,2676,-2725,2174,289,0,-673,72454,11405,-10224,-7679,-4606,270,-6316,72454,-10361,11936,4782,-625,981,-3265,72433,7713,13093,-499,347,-1440,1257,15,2
2758,72455,-12339,-2722,813,-525,219,198,72455,2676,-2725,2174,289,0,-667,72476,11405,-10224,-7679,-4606,270,-5999,72476,-10361,11936,4782,-625,981,-3252,72455,7713,13106,-499,347,-1405,1257,15,2
2759,72477,-12505,-2732,739,-525,219,198,72477,2676,-2725,2174,246,0,-667,72498,11405,-10224,-7739,-4606,270,-5999,72498,-10566,11935,4075,-625,765,-3252,72477,7713,13106,-789,-53,-1405,1031,15,2
2760,72499,-12793,-2732,684,-647,347,251,72499,2732,-2660,2269,192,30,-549,72520,12176,-9640,-7739,-3461,324,-4914,72520,-10807,11888,3747,-571,328,-2550,72499,8018,13151,-1386,-230,-983,754,15,2
2761,72521,-12793,-2708,684,-647,347,251,72521,2736,-2660,2269,192,32,-531,72542,12176,-9640,-7708,-3461,324,-4497,72542,-10807,11888,3747,-527,328,-2443,72521,8018,13151,-1386,-230,-983,754,15,2
2762,72543,-13126,-2708,684,-739,347,251,72543,2736,-2660,2269,153,32,-531,72564,12176,-9640,-7708,-3461,324,-4497,72564,-10911,11683,3501,-527,100,-2443,72543,8018,13151,-1386,-363,-983,546,15,2
2763,72565,-13545,-2677,736,-739,294,155,72565,2759,-2584,2294,126,54,-399,72586,12755,-9210,-7685,-2695,249,-3251,72586,-10979,11403,3501,-380,-71,-1729,72565,8217,13193,-1383,-463,-726,335,15,2
2764,72587,-13545,-2610,736,-737,294,155,72587,2759,-2568,2294,126,54,-395,72608,12755,-9210,-7685,-2695,249,-3251,72608,-10979,11403,3611,-380,-71,-1679,72587,8217,13193,-1383,-463,-726,335,15,2
2765,72609,-13859,-2610,726,-737,254,83,72609,2759,-2568,2294,109,54,-395,72630,12755,-9210,-7685,-2695,193,-3251,72630,-10979,11403,3611,-380,-71,-1679,72609,8217,13193,-1383,-470,-726,211,15,2
2766,72631,-13938,-2603,633,-731,224,14,72631,2775,-2508,2313,96,63,-265,72652,13189,-8898,-7746,-2047,151,-2316,72652,-10923,11424,3777,-270,47,-1020,72631,8423,13333,-1377,-470,-567,55,15,2
2767,72653,-13938,-2603,633,-731,224,14,72653,2775,-2508,2362,96,63,-253,72674,13229,-8898,-7746,-1941,151,-2316,72674,-10829,11654,3861,-270,57,-1014,72653,8423,13333,-1377,-375,-567,55,15,2
2768,72675,-13938,-2603,550,-731,224,-126,72675,2775,-2508,2362,87,55,-253,72696,13229,-8898,-7784,-1941,151,-2316,72696,-10829,11654,3861,-270,57,-1014,72675,8423,13333,-1377,-375,-567,-61,15,2
2769,72697,-13598,-2593,454,-726,279,-231,72697,2830,-2532,2414,60,26,-140,72718,13584,-8659,-7813,-1005,225,-1196,72718,-10716,11928,4363,5,410,-285,72697,8578,13307,-910,-296,-69,-172,15,2
2770,72719,-13275,-2593,454,-707,314,-231,72719,2873,-2532,2414,60,26,-139,72740,13584,-8473,-7813,-942,419,-1196,72740,-10716,11928,4363,72,495,-218,72719,8578,13307,-910,-185,11,-172,15,2
2771,72741,-13275,-2593,382,-707,314,-231,72741,2873,-2564,2414,-24,2,-139,72762,13584,-8473,-7813,-942,419,-1196,72762,-10716,11928,4363,72,495,-218,72741,8578,13288,-910,-185,11,-272,15,2
2772,72763,-12745,-2705,358,-564,433,-193,72763,2946,-2626,2453,-129,-16,-48,72784,13843,-8154,-7807,373,765,-306,72784,-10552,12036,4292,328,707,547,72763,8672,13274,-649,-177,506,-593,15,2
2773,72785,-12745,-2705,358,-564,433,-193,72785,2946,-2626,2453,-129,-16,-28,72806,13843,-8154,-7778,475,795,8,72806,-10552,12036,4292,328,707,601,72785,8784,13274,-649,-177,793,-593,15,2
2774,72807,-12745,-2789,343,-564,433,-193,72807,2946,-2657,2453,-228,-29,-28,72828,13843,-8154,-7778,475,795,8,72828,-10552,11984,4239,328,707,601,72807,8794,13046,-649,-285,793,-859,15,2
2775,72829,-12840,-2789,332,-587,307,-184,72829,2973,-2681,2457,-319,-41,65,72850,13658,-8084,-7641,1538,1077,1055,72850,-10359,11984,4119,358,185,1281,72829,8868,12875,-453,-671,1280,-1203,15,2
2776,72851,-12840,-2715,332,-587,307,-184,72851,2973,-2681,2457,-319,-41,77,72872,13658,-8084,-7633,1538,1174,1133,72872,-10359,12252,4119,358,185,1292,72851,8868,12875,-453,-671,1280,-1203,15,2
2777,72873,-13156,-2715,332,-637,307,-234,72873,2973,-2681,2457,-364,-50,77,72894,13519,-8084,-7633,1538,1174,1133,72894,-10359,12275,3711,358,-367,1292,72873,8864,12872,-453,-1171,1280,-1463,15,2
2778,72895,-13393,-2660,378,-642,602,-286,72895,2978,-2657,2326,-398,-65,173,72916,13519,-9084,-7491,2379,1710,2100,72916,-10253,12375,3405,380,-1307,1791,72895,8756,12872,-347,-1578,1598,-1765,15,2
2779,72917,-13393,-2660,461,-642,721,-286,72917,2978,-2657,2326,-398,-68,174,72938,13754,-9084,-7491,2718,1802,2512,72938,-10253,12392,3405,546,-1307,1810,72917,8756,12897,-347,-1578,1598,-1765,15,2
2780,72939,-13435,-2660,461,-642,721,-335,72939,2978,-2657,2218,-423,-68,174,72960,13754,-10084,-7491,2718,1802,2512,72960,-10253,12392,3405,546,-2012,1810,72939,8570,12897,-347,-1891,1598,-2092,15,2
2781,72961,-13467,-2585,578,-638,1140,-372,72961,2908,-2766,2120,-494,-68,278,72982,13539,-11084,-7216,3603,1991,3936,72982,-10067,12379,3689,689,-2378,2232,72961,8382,12817,-221,-2118,2035,-2407,15,2
2782,72983,-13467,-2580,599,-638,1195,-372,72983,2908,-2766,2120,-494,-67,307,73004,13539,-11084,-7216,3604,1991,4000,73004,-10067,12379,3689,689,-2378,2572,72983,8382,12817,-221,-2118,2035,-2407,15,2
2783,73005,-13600,-2580,599,-638,1195,-400,73005,2816,-2850,2027,-548,-67,307,73026,13292,-11873,-7216,3604,1991,4000,73026,-10067,12369,3689,689,-2581,2572,73005,8241,12757,-221,-2273,2035,-2792,15,2
2784,73027,-13806,-2407,796,-546,1671,-420,73027,2733,-2984,1934,-627,-67,456,73048,12522,-12471,-6398,4336,2056,5273,73048,-9928,12361,3902,898,-2623,3530,73027,8036,12757,488,-2273,2245,-3546,15,2
2785,73049,-13806,-2407,838,-523,1671,-420,73049,2733,-2984,1934,-627,-67,471,73070,12522,-12471,-6323,4723,2056,5311,73070,-9772,12361,3944,898,-2623,3764,73049,8036,12998,488,-2259,2245,-3546,15,2
2786,73071,-13994,-2407,838,-523,1671,-420,73071,2660,-3111,1852,-687,-67,471,73092,11891,-12838,-6323,4723,2056,5311,73092,-9772,12361,3944,898,-2764,3764,73071,7854,12998,488,-2259,2245,-4270,15,2
2787,73093,-14135,-2417,1136,-401,1638,-324,73093,2498,-3206,1743,-732,-67,636,73114,11206,-13113,-5323,5902,1993,6439,73114,-9248,12760,4338,1054,-2764,5136,73093,7543,13603,675,-2181,2318,-5201,15,2
2788,73115,-14135,-2417,1158,-380,1638,-279,73115,2498,-3206,1743,-732,-31,674,73136,11206,-13113,-5323,5902,1993,6530,73136,-8824,13084,4338,1101,-2761,5136,73115,7543,13684,908,-2013,2318,-5201,15,2
2789,73137,-14135,-2424,1158,-380,1605,-279,73137,2316,-3261,1640,-766,-31,674,73158,10646,-13319,-5323,5902,1946,6530,73158,-8824,13084,4338,1101,-2761,5136,73137,7264,13684,908,-2013,2318,-5976,15,2
2790,73159,-13135,-2424,1409,-239,1424,-151,73159,2145,-3303,1541,-789,-6,859,73180,10041,-13943,-4323,6667,1753,7347,73180,-8069,13627,4361,1254,-2760,6257,73159,6762,14210,1223,-1581,2371,-6698,15,2
2791,73181,-13135,-2239,1409,-239,1424,-139,73181,2145,-3303,1541,-789,-6,866,73202,10041,-13943,-4323,6667,1753,7347,73202,-8069,13679,4361,1332,-2672,6276,73181,6762,14210,1223,-1575,2371,-6698,15,2
2792,73203,-13135,-2239,1409,-239,1331,-139,73203,1990,-3329,1453,-806,-6,866,73224,9634,-14411,-4323,6667,1595,7347,73224,-8069,13679,4361,1332,-2606,6276,73203,6365,14210,1223,-1575,2371,-7248,15,2
2793,73225,-12135,-2201,1756,-37,1331,133,73225,1711,-3329,1290,-806,-22,1017,73246,9041,-14791,-3323,6926,1424,7960,73246,-7258,14125,4360,1729,-2606,7344,73225,5786,14604,1434,-1252,2681,-7844,15,2
2794,73247,-12135,-2201,1853,3,1510,133,73247,1711,-3254,1290,-790,-22,1042,73268,9041,-14791,-3323,6926,1424,8020,73268,-7258,14259,4360,1729,-2481,7360,73247,5786,14691,1434,-1252,2681,-7844,15,2
2795,73269,-12135,-2201,1853,3,1510,133,73269,1502,-3254,1118,-790,-34,1042,73290,8596,-15054,-3323,6926,957,8020,73290,-7258,14259,4296,1729,-2481,7360,73269,5216,14691,1434,-1252,2681,-8291,15,2
2796,73291,-11135,-2172,2186,149,1718,190,73291,1378,-3172,954,-774,-81,1194,73312,7596,-15273,-2420,6766,220,8549,73312,-6310,14694,4116,2056,-2072,8187,73291,4607,14937,1592,-1246,3019,-8584,15,2
2797,73313,-11135,-1983,2186,149,1769,190,73313,1378,-3172,954,-764,-81,1199,73334,7596,-15273,-2365,6766,220,8549,73334,-6303,14694,4116,2112,-2023,8187,73313,4607,14937,1592,-1246,3019,-8584,15,2
2798,73335,-11135,-1983,2186,149,1769,190,73335,1285,-3172,824,-764,-104,1199,73356,6845,-15415,-2365,6766,220,8549,73356,-6303,14694,3981,2112,-2023,8187,73335,4030,14937,1592,-1249,2989,-8715,15,2
2799,73357,-10135,-1692,1639,111,1326,142,73357,1129,-3137,706,-752,-104,1327,73378,6227,-15415,-1676,6902,433,8604,73378,-5384,15037,3706,2417,-1629,8290,73357,3075,15118,1908,-1357,2917,-8715,15,2
2800,73379,-10135,-1487,1639,111,1326,142,73379,1129,-3137,706,-745,-86,1327,73400,6227,-15152,-1628,6902,433,8604,73400,-5303,15037,3706,2421,-1606,8290,73379,3075,15118,1908,-1357,2917,-8711,15,2
2801,73401,-10135,-1487,1229,83,994,106,73401,1011,-3137,610,-745,-86,1327,73422,5764,-15152,-1628,6902,433,8604,73422,-5303,15037,3500,2421,-1606,8116,73401,2359,15118,1908,-1438,2227,-8711,15,2
2802,73423,-9135,-1115,921,62,745,79,73423,826,-3171,520,-748,-2,1327,73444,5379,-14930,-951,6392,593,8301,73444,-4303,15294,3313,2664,-1100,7802,73423,1359,15231,2309,-1438,1390,-8465,15,2
2803,73445,-9135,-1115,921,62,745,79,73445,826,-3171,520,-748,-2,1327,73466,5379,-14930,-951,6392,630,8301,73466,-4303,15313,3313,2664,-1012,7802,73445,1359,15231,2309,-1271,1390,-8320,15,2
2804,73467,-9135,-1115,690,46,558,59,73467,677,-3325,434,-748,-2,1309,73488,4852,-14930,-951,5958,630,7858,73488,-4303,15313,3008,2664,-1012,7208,73467,614,15231,2309,-1271,762,-8320,15,2
2805,73489,-8135,-836,517,34,418,44,73489,526,-3446,370,-739,60,1222,73510,4155,-15930,-151,5531,778,7142,73510,-3303,15506,2616,2568,-427,6416,73489,55,15361,2489,-1101,185,-7591,15,2
2806,73511,-8135,-836,517,34,418,44,73511,526,-3446,370,-739,60,1222,73532,4155,-15930,-151,5531,873,7142,73532,-3303,15540,2616,2568,360,6416,73511,55,15431,2489,-1101,185,-7507,15,2
2807,73533,-8135,-836,387,25,313,33,73533,357,-3544,319,-739,60,1107,73554,3632,-16930,-151,4973,873,6527,73554,-3303,15540,2322,2421,360,5822,73533,-251,15431,2489,-1218,-247,-7507,15,2
2808,73555,-7135,-627,290,18,234,24,73555,150,-3665,264,-723,119,965,73576,3136,-16930,788,4178,1173,5989,73576,-2471,15711,2060,2184,1992,5531,73555,-481,15611,2586,-1305,-911,-6702,15,2
2809,73577,-7135,-627,290,18,234,24,73577,150,-3665,264,-701,119,965,73598,3136,-16487,846,4178,1173,5989,73598,-2471,15711,2060,2184,1992,5531,73577,-481,15611,2586,-1305,-911,-6697,15,2
2810,73599,-7135,-627,217,13,175,18,73599,-5,-3695,107,-701,81,856,73620,2764,-16487,846,3582,1173,5613,73620,-2471,15711,2034,2184,1992,5531,73599,-715,15611,2586,-1305,-1477,-6697,15,2
2811,73621,-6135,-470,162,9,131,13,73621,-121,-3695,-45,-633,4,766,73642,2359,-16410,1410,3582,756,5331,73642,-1709,15699,1806,2231,3116,5597,73621,-1039,15664,2749,-1304,-2495,-6090,15,2
2812,73643,-6135,-470,162,9,131,13,73643,-121,-3686,-45,-633,4,766,73664,2359,-16410,1410,4336,756,5331,73664,-1523,15699,1806,2231,3116,5597,73643,-1039,15664,2749,-1152,-2495,-6084,15,2
2813,73665,-6135,-470,121,6,98,9,73665,-233,-3686,-159,-633,4,724,73686,2283,-17410,1410,4336,350,5331,73686,-1523,15699,1635,2231,3116,5597,73665,-1368,15645,2749,-1152,-3248,-6084,15,2
2814,73687,-5135,-352,90,4,73,6,73687,-259,-3914,-159,-628,43,693,73708,2226,-18410,1833,3324,-199,5540,73708,-523,15700,1442,1671,1714,3710,73687,-2049,15645,2915,-1033,-3248,-5166,15,2
2815,73709,-5135,-352,90,4,73,6,73709,-259,-3914,-125,-628,138,693,73730,2226,-18410,1834,3324,-199,5540,73730,-523,15700,1442,1671,1714,3710,73709,-2049,15689,2915,-796,-3244,-4604,15,2
2816,73731,-5135,-352,90,3,54,4,73731,-278,-4085,-125,-628,138,669,73752,2183,-19410,1834,2560,-595,5540,73752,-523,15700,1442,1289,663,2279,73731,-2138,15689,2915,-796,-3244,-4604,15,2
2817,73753,-4135,-587,794,3,54,4,73753,-439,-4096,-330,-615,109,466,73774,1183,-20410,2416,1870,-892,3949,73774,-183,15701,1474,1007,395,1205,73753,-2138,15731,2946,-331,-2037,-2923,15,2
2818,73775,-4135,-587,884,42,274,73,73775,-439,-4096,-330,-394,109,466,73796,1183,-20410,2418,1870,-892,3949,73796,-183,15701,1474,1007,395,1205,73775,-1880,15731,2946,-331,-2037,-2923,15,2
2819,73797,-4135,-700,884,42,274,73,73797,-637,-4096,-484,-394,65,245,73818,375,-20410,2418,1198,-892,3949,73818,-183,15701,1474,800,395,595,73797,-1880,15731,2946,-331,-2037,-2923,15,2
2820,73819,-3135,-700,663,31,205,54,73819,-877,-3930,-484,-255,-14,80,73840,375,-19410,2854,105,-361,3266,73840,198,15736,1296,645,582,209,73819,-1640,15697,2919,-130,-1613,-2085,15,2
2821,73841,-3135,-525,663,31,205,54,73841,-877,-3930,-482,-255,-14,80,73862,418,-19410,2854,105,-361,3109,73862,230,15783,1296,645,582,209,73841,-1640,15697,2919,-130,-1613,-2085,15,2
2822,73863,-3135,-525,497,23,153,40,73863,-877,-3930,-482,-255,-73,37,73884,418,-19410,2854,29,-361,2679,73884,230,15783,1163,469,582,57,73863,-1640,15671,2899,-130,-1613,-2085,15,2
2823,73885,-2351,-393,372,17,114,30,73885,-859,-3920,-539,-173,-114,32,73906,841,-20410,3165,29,-374,2165,73906,587,15880,1062,186,271,6,73885,-1715,15671,2884,-262,-1355,-1719,15,2
2824,73907,-2351,-393,372,17,114,30,73907,-737,-3920,-539,-173,-114,32,73928,841,-20410,3165,281,-374,2165,73928,587,15880,1062,186,271,6,73907,-1715,15719,2884,-262,-1355,-1719,15,2
2825,73929,-2351,-393,279,12,85,22,73929,-737,-3920,-582,-173,-114,32,73950,786,-21410,3165,281,-374,1779,73950,587,15880,1062,-25,-9,-32,73929,-1874,15719,2884,-361,-1355,-1719,15,2
2826,73951,-3351,-832,279,9,63,16,73951,-723,-3978,-584,-168,14,63,73972,361,-22217,3459,345,-182,1432,73972,870,15966,1063,-28,-172,-70,73951,-1993,15728,3008,-361,-989,-1320,15,2
2827,73973,-3351,-832,1155,9,63,16,73973,-723,-3978,-584,-168,62,68,73994,361,-22217,3459,345,31,1432,73994,876,15966,1131,-28,-172,-70,73973,-1993,15728,3008,-311,-909,-1291,15,2
2828,73995,-4351,-1162,1155,-320,63,16,73995,-810,-4021,-585,-168,62,68,74016,42,-22217,3459,316,31,963,74016,876,15966,1131,-28,-172,-100,73995,-1993,15728,3008,-311,-909,-1291,15,2
2829,74017,-5351,-1356,1841,-567,263,70,74017,-946,-4021,-604,-142,176,93,74038,42,-21217,3680,294,336,603,74038,1092,15992,1161,-15,-123,-138,74017,-1934,15734,3097,-239,-648,-974,15,2
2830,74039,-5351,-1356,1844,-567,298,75,74039,-946,-4021,-604,-142,176,93,74060,317,-21217,3680,294,336,603,74060,1092,15992,1161,-15,-123,-138,74039,-1934,15735,3097,-223,-648,-974,15,2
2831,74061,-6351,-1488,1844,-567,298,75,74061,-965,-4021,-621,-142,176,89,74082,317,-21217,3680,294,336,476,74082,1092,15992,1161,-71,-123,-190,74061,-1952,15735,3097,-223,-648,-974,15,2
2832,74083,-7351,-1587,2405,-533,486,68,74083,-965,-4009,-631,-88,121,44,74104,549,-20217,3832,320,349,425,74104,1254,16033,1169,-122,-108,-264,74083,-1966,15743,3152,-159,-452,-736,15,2
2833,74105,-7351,-1587,2477,-466,518,68,74105,-880,-4009,-631,-88,121,44,74126,549,-20217,3832,340,349,425,74126,1254,16040,1169,-122,-108,-264,74105,-1966,15743,3100,-159,-450,-678,15,2
2834,74127,-8351,-1696,2477,-466,518,63,74127,-880,-4009,-639,-88,80,10,74148,549,-20217,3832,340,349,387,74148,1254,16040,1169,-158,-108,-310,74127,-1966,15743,3100,-159,-450,-678,15,2
2835,74149,-9351,-1881,2972,-494,666,59,74149,-795,-3995,-653,-47,54,-7,74170,543,-19217,3946,315,358,358,74170,1340,16071,1164,-167,-92,-331,74149,-1946,15747,3085,-152,-297,-506,15,2
2836,74171,-9351,-1881,2997,-494,666,59,74171,-795,-3985,-653,-44,54,-7,74192,543,-19217,3946,315,395,343,74192,1340,16080,1164,-167,-92,-331,74171,-1946,15747,3085,-152,-297,-506,15,2
2837,74193,-10351,-2019,2997,-549,666,59,74193,-795,-3985,-664,-44,54,-7,74214,539,-19217,3946,297,395,243,74214,1340,16080,1161,-167,-92,-331,74193,-1946,15747,3085,-152,-321,-506,15,2
2838,74215,-11351,-2095,3369,-624,704,69,74215,-782,-3988,-665,-24,63,5,74236,539,-18443,4040,241,560,63,74236,1388,16120,1160,-160,-124,-304,74215,-1947,15754,3105,-146,-339,-377,15,2
2839,74237,-11351,-2095,3370,-624,704,69,74237,-782,-3988,-665,-24,69,11,74258,629,-18443,4040,241,560,63,74258,1456,16143,1160,-137,-124,-267,74237,-1947,15770,3105,-74,-339,-360,15,2
2840,74259,-12351,-2095,3370,-666,704,69,74259,-782,-3991,-665,-24,69,11,74280,629,-18443,4040,199,560,-71,74280,1461,16143,1160,-137,-177,-267,74259,-1973,15770,3105,-74,-339,-360,15,2
2841,74281,-13316,-2067,3600,-666,729,73,74281,-780,-3999,-666,-15,71,23,74302,736,-17860,4122,164,676,-85,74302,1482,16155,1186,-65,-182,-268,74281,-1973,15778,3120,21,-232,-193,15,2
2842,74303,-13316,-2066,3600,-640,733,73,74303,-780,-3999,-666,-15,71,23,74324,736,-17856,4127,164,676,-85,74324,1485,16155,1186,-65,-182,-268,74303,-1973,15778,3120,21,-231,-193,15,2
2843,74325,-14040,-2066,3600,-640,733,73,74325,-780,-3999,-666,-15,71,23,74346,736,-17856,4127,138,620,-85,74346,1485,16154,1186,-65,-182,-310,74325,-1974,15778,3071,21,-231,-193,15,2
2844,74347,-14583,-2023,3788,-555,756,76,74347,-775,-3992,-669,-2,67,9,74368,696,-17416,4181,119,577,-70,74368,1474,16153,1184,-54,-89,-341,74347,-1974,15784,3034,62,-68,-58,15,2
2845,74369,-14583,-2023,3788,-546,758,76,74369,-755,-3992,-669,8,67,9,74390,696,-17416,4181,119,577,-54,74390,1474,16153,1184,-54,-63,-341,74369,-1974,15793,3034,62,-68,-58,15,2
2846,74391,-14975,-2043,3788,-546,758,76,74391,-755,-3992,-671,8,64,-1,74412,666,-17416,4181,119,545,-54,74412,1464,16152,1183,-54,-63,-341,74391,-1975,15793,3027,62,-68,-58,15,2
2847,74413,-15218,-2107,3913,-502,811,66,74413,-749,-3982,-677,27,62,-4,74434,666,-17096,4221,151,544,-47,74434,1457,16148,1182,-47,54,-300,74413,-1976,15811,3027,60,-23,29,15,2
2848,74435,-15218,-2107,3913,-502,827,66,74435,-749,-3981,-677,27,62,-4,74456,706,-17090,4221,151,544,-47,74456,1457,16148,1182,-47,54,-263,74435,-1976,15811,3048,60,-23,29,15,2
2849,74457,-15400,-2155,3913,-502,827,58,74457,-749,-3981,-681,27,62,-4,74478,706,-17090,4221,151,544,-63,74478,1453,16133,1173,-47,54,-263,74457,-1977,15811,3048,59,-23,29,15,2
2850,74479,-15592,-2188,3977,-469,887,40,74479,-746,-3971,-682,25,64,7,74500,759,-16845,4251,162,545,-147,74500,1443,16133,1165,-36,74,-207,74479,-1977,15794,3020,44,24,102,15,2
2851,74501,-15592,-2188,3977,-469,887,40,74501,-746,-3971,-682,25,64,7,74522,759,-16834,4261,162,547,-147,74522,1443,16133,1165,-36,74,-207,74501,-1977,15794,3020,44,30,122,15,2
2852,74523,-15738,-2188,3977,-469,887,27,74523,-746,-3971,-682,22,64,7,74544,713,-16834,4261,162,547,-147,74544,1443,16133,1160,-36,74,-207,74523,-1977,15794,2999,7,30,122,15,2
2853,74545,-15871,-2164,4027,-413,904,17,74545,-744,-3973,-677,20,64,7,74566,672,-16649,4292,171,538,-142,74566,1450,16157,1160,-27,56,-173,74545,-1948,15792,2999,-69,78,182,15,2
2854,74567,-15871,-2164,4052,-413,904,17,74567,-744,-3973,-677,20,64,7,74588,672,-16649,4350,191,538,-134,74588,1450,16157,1164,-27,56,-173,74567,-1948,15792,3007,-69,78,182,15,2
2855,74589,-15971,-2164,4052,-413,904,12,74589,-744,-3974,-677,20,62,7,74610,648,-16649,4350,191,538,-128,74610,1450,16157,1164,-27,56,-173,74589,-1948,15792,3007,-138,67,182,15,2
2856,74611,-16038,-2190,4111,-396,968,11,74611,-740,-3974,-672,29,51,7,74632,630,-16512,4417,213,539,-128,74632,1446,16142,1177,-16,89,-133,74611,-1913,15802,3013,-206,12,139,15,2
2857,74633,-16038,-2190,4113,-396,991,11,74633,-740,-3974,-672,29,51,8,74654,630,-16512,4417,213,539,-128,74654,1446,16142,1177,-16,89,-133,74633,-1913,15802,3030,-206,12,139,15,2
2858,74655,-16088,-2222,4113,-420,991,10,74655,-740,-3974,-672,29,50,8,74676,630,-16512,4417,213,539,-144,74676,1443,16140,1169,-16,89,-133,74655,-1928,15802,3030,-259,-42,107,15,2
2859,74677,-16133,-2246,4172,-463,1079,10,74677,-718,-3974,-661,35,50,9,74698,676,-16430,4457,189,546,-167,74698,1443,16140,1152,-21,41,-124,74677,-1943,15809,3023,-299,-90,96,15,2
2860,74699,-16133,-2246,4181,-463,1079,16,74699,-718,-3974,-661,35,57,9,74720,676,-16430,4457,189,610,-167,74720,1452,16193,1152,-21,41,-124,74699,-1943,15814,3023,-299,-90,96,15,2
2861,74721,-16162,-2250,4181,-495,1079,16,74721,-718,-3980,-661,35,57,9,74742,676,-16430,4457,189,610,-184,74742,1452,16193,1152,-24,-20,-124,74721,-1954,15816,3023,-305,-119,96,15,2
2862,74743,-16162,-2253,4286,-519,1133,24,74743,-728,-3985,-667,38,65,10,74764,747,-16368,4504,173,664,-184,74764,1459,16194,1162,-24,-65,-97,74743,-1954,15818,3018,-305,-119,100,15,2
2863,74765,-16144,-2253,4300,-519,1133,57,74765,-728,-3985,-667,38,65,11,74786,771,-16368,4511,173,664,-169,74786,1459,16194,1162,-4,-65,-97,74765,-1954,15820,3018,-202,-63,111,15,2
2864,74787,-16144,-2253,4300,-519,1133,57,74787,-735,-3988,-671,38,65,11,74808,771,-16368,4511,173,601,-169,74808,1459,16194,1162,-4,-65,-97,74787,-1971,15820,3018,-202,-63,111,15,2
2865,74809,-16122,-2246,4441,-470,1155,81,74809,-735,-3991,-671,38,59,13,74830,805,-16294,4485,178,512,-157,74830,1462,16192,1152,10,-37,-116,74809,-1984,15813,3012,-104,11,134,15,2
2866,74831,-15144,-2226,4441,-454,1155,81,74831,-727,-3991,-660,38,59,13,74852,805,-16294,4485,191,512,-157,74852,1462,16192,1152,10,-37,-116,74831,-1984,15813,3012,-104,11,156,15,2
2867,74853,-15144,-2226,4439,-454,1155,81,74853,-727,-3991,-660,38,53,11,74874,805,-16294,4485,200,487,-178,74874,1462,16192,1145,-8,-38,-145,74853,-1984,15813,3008,-104,11,156,15,2
2868,74875,-15428,-2252,4439,-340,1121,68,74875,-725,-3990,-652,40,46,1,74896,715,-16238,4487,200,487,-194,74896,1445,16191,1142,-22,-39,-167,74875,-1948,15802,2996,-83,123,231,15,2
2869,74897,-15428,-2252,4469,-340,1121,68,74897,-725,-3990,-652,47,46,1,74918,715,-16238,4518,200,489,-194,74918,1445,16191,1142,-22,-39,-167,74897,-1947,15802,2996,-83,123,231,15,2
2870,74919,-15641,-2272,4469,-340,1096,68,74919,-726,-3990,-652,47,38,-8,74940,648,-16238,4518,175,497,-206,74940,1432,16191,1140,-32,-39,-167,74919,-1947,15801,2996,-83,123,231,15,2
2871,74941,-15802,-2303,4491,-311,1077,61,74941,-726,-3987,-647,55,29,-15,74962,606,-16146,4543,140,498,-215,74962,1421,16197,1130,-40,14,-146,74941,-1859,15800,2996,-128,76,181,15,2
2872,74963,-15802,-2303,4503,-311,1077,61,74963,-726,-3985,-647,55,29,-15,74984,606,-16146,4543,140,506,-215,74984,1421,16197,1130,-40,14,-143,74963,-1859,15800,2996,-128,76,181,15,2
2873,74985,-15927,-2326,4503,-342,1063,61,74985,-726,-3985,-647,55,26,-15,75006,601,-16146,4543,139,506,-221,75006,1421,16197,1122,-50,14,-143,74985,-1859,15800,2996,-162,41,142,15,2
2874,75007,-16025,-2336,4506,-430,1050,60,75007,-711,-3981,-640,49,26,-12,75028,597,-16137,4530,139,507,-227,75028,1431,16193,1116,-81,40,-131,75007,-1843,15800,3015,-186,33,106,15,2
2875,75029,-16025,-2336,4506,-430,1050,60,75029,-711,-3981,-640,49,30,-8,75450,597,-16137,4530,139,508,-227,75450,1440,16193,1116,-81,40,-131,75029,-1843,15816,3015,-186,33,106,16,2
2876,75451,-16094,-2341,4506,-496,1050,57,75451,-711,-3986,-640,42,30,-8,75472,594,-16137,4520,139,508,-266,75472,1440,16193,1116,-108,40,-131,75451,-1843,15816,3015,-189,33,81,16,2
2877,75473,-16126,-2341,4527,-555,1039,55,75473,-709,-3990,-642,37,45,-3,75494,592,-16130,4490,154,510,-295,75494,1457,16190,1116,-129,15,-122,75473,-1896,15828,3075,-206,41,60,16,2
2878,75495,-16126,-2296,4536,-555,1039,55,75495,-709,-3990,-642,37,45,-2,75516,592,-16130,4490,154,511,-295,75516,1467,16190,1116,-129,15,-28,75495,-1896,15828,3080,-206,63,60,16,2
2879,75517,-16146,-2296,4536,-568,952,53,75517,-709,-3990,-644,36,45,-2,75538,592,-16131,4467,154,511,-295,75538,1467,16184,1116,-129,-29,-28,75517,-1937,15828,3080,-301,63,-49,16,2
2880,75539,-16165,-2228,4578,-568,886,45,75539,-703,-3989,-644,35,55,5,75560,716,-16146,4441,189,449,-189,75560,1491,16180,1140,-119,-36,22,75539,-2030,15825,3139,-409,135,-130,16,2
2881,75561,-16165,-2228,4578,-548,886,45,75561,-694,-3989,-639,35,55,5,75582,716,-16146,4441,189,449,-189,75582,1491,16180,1147,-115,-36,22,75561,-2030,15825,3147,-409,218,-130,16,2
2882,75583,-16180,-2228,4578,-548,882,39,75583,-694,-3989,-639,34,55,5,75604,716,-16157,4421,189,402,-189,75604,1491,16180,1147,-115,-36,22,75583,-2100,15822,3147,-453,218,-130,16,2
2883,75605,-16214,-2207,4580,-508,881,12,75605,-679,-3992,-641,34,59,1,75626,744,-16157,4412,191,402,-239,75626,1514,16192,1164,-102,5,19,75605,-2154,15806,3218,-482,307,-117,16,2
2884,75627,-16214,-2207,4580,-508,881,12,75627,-679,-3992,-641,35,59,1,75648,744,-16157,4412,191,447,-239,75648,1514,16192,1164,-96,12,19,75627,-2154,15806,3220,-482,307,-85,16,2
2885,75649,-16239,-2207,4580,-508,881,-7,75649,-679,-3994,-644,35,57,-1,75670,744,-16157,4412,163,447,-278,75670,1514,16192,1164,-96,12,17,75649,-2179,15791,3220,-482,307,-85,16,2
2886,75671,-16258,-2197,4598,-492,890,-9,75671,-674,-3996,-645,39,54,-2,75692,801,-16135,4429,141,595,-327,75692,1533,16187,1177,-61,87,2,75671,-2179,15780,3293,-366,171,-20,16,2
2887,75693,-16258,-2192,4598,-492,897,-9,75693,-674,-3996,-645,39,54,-2,75714,818,-16135,4429,141,595,-327,75714,1533,16187,1177,-49,95,2,75693,-2173,15780,3293,-294,171,-5,16,2
2888,75715,-16259,-2192,4598,-492,897,-11,75715,-674,-3997,-645,39,53,-2,75736,818,-16135,4429,125,595,-355,75736,1533,16177,1177,-49,95,-9,75715,-2173,15772,3293,-294,103,-5,16,2
2889,75737,-16260,-2171,4565,-445,990,-12,75737,-663,-3999,-643,41,53,0,75758,873,-16101,4443,113,518,-376,75758,1547,16156,1183,-17,144,-38,75737,-2158,15746,3286,-181,54,102,16,2
2890,75759,-16260,-2161,4565,-405,990,-12,75759,-663,-3999,-638,42,57,0,75780,873,-16101,4443,113,518,-376,75780,1547,16156,1183,-17,144,-38,75759,-2158,15746,3286,-181,54,118,16,2
2891,75781,-16261,-2161,4565,-405,990,-19,75781,-663,-3999,-638,42,57,-2,75802,807,-16101,4443,104,510,-385,75802,1547,16145,1183,-17,144,-59,75781,-2158,15734,3281,-181,54,118,16,2
2892,75803,-16261,-2177,4574,-338,1014,-25,75803,-668,-3997,-630,47,50,-8,75824,758,-16044,4488,97,510,-385,75824,1545,16145,1182,0,165,-59,75803,-2109,15727,3281,-241,74,169,16,2
2893,75825,-16261,-2177,4596,-338,1014,-25,75825,-668,-3994,-630,47,50,-8,75846,758,-16044,4488,97,514,-320,75846,1545,16146,1182,0,165,-55,75825,-2097,15727,3304,-241,74,169,16,2
2894,75847,-16275,-2205,4596,-338,1014,-27,75847,-668,-3994,-630,47,40,-11,75868,758,-16044,4488,97,514,-320,75868,1545,16146,1181,0,165,-55,75847,-2097,15727,3304,-297,74,141,16,2
2895,75869,-16275,-2227,4607,-378,1024,-27,75869,-664,-3990,-631,47,33,-11,75890,852,-16030,4493,143,530,-232,75890,1553,16147,1171,1,163,-27,75869,-2097,15727,3348,-361,89,95,16,2
2896,75891,-16271,-2227,4607,-378,1024,-23,75891,-647,-3990,-631,47,33,-7,75912,852,-16030,4493,143,530,-232,75912,1568,16147,1171,1,163,-27,75891,-2097,15727,3348,-361,89,95,16,2
2897,75913,-16271,-2244,4607,-408,1024,-23,75913,-647,-3990,-631,47,33,-7,75934,852,-16030,4493,143,530,-232,75934,1568,16147,1164,1,161,-27,75913,-2097,15727,3348,-414,89,61,16,2
2898,75935,-16268,-2244,4615,-433,1016,-17,75935,-648,-3992,-628,47,43,0,75956,923,-16019,4496,177,543,-158,75956,1582,16145,1143,-42,-115,-22,75935,-2099,15715,3389,-459,138,35,16,2
2899,75957,-16265,-2230,4615,-433,1016,-12,75957,-648,-3992,-621,47,43,0,75978,923,-16019,4496,177,550,-170,75978,1582,16145,1143,-42,-115,-22,75957,-2099,15715,3389,-459,198,35,16,2
2900,75979,-16265,-2230,4615,-457,1006,-12,75979,-650,-3994,-621,47,43,0,76000,923,-16019,4496,177,550,-123,76000,1574,16138,1143,-97,-322,-22,75979,-2099,15704,3389,-493,198,17,16,2
2901,76001,-16238,-2204,4638,-491,998,-4,76001,-652,-3994,-615,49,42,-2,76022,976,-15997,4533,201,542,-123,76022,1546,16133,1164,-138,-477,-18,76001,-2101,15696,3411,-493,746,-6,16,2
2902,76023,-15265,-2204,4646,-491,998,-4,76023,-652,-3989,-615,50,42,-2,76044,976,-15997,4533,211,542,-108,76044,1546,16133,1164,-138,-477,-18,76023,-2101,15696,3411,-490,901,-6,16,2
2903,76045,-15265,-2204,4646,-521,998,-4,76045,-652,-3989,-615,50,41,-3,76066,976,-15997,4533,211,519,-108,76066,1546,16133,1164,-169,-593,-18,76045,-2104,15690,3409,-490,901,-13,16,2
2904,76067,-15461,-2221,4702,-574,1006,-27,76067,-640,-3984,-624,49,41,-3,76088,1013,-16058,4555,237,502,-142,76088,1551,16147,1180,-193,-1189,109,76067,-2119,15690,3407,-429,1539,-13,16,2
2905,76089,-15461,-2221,4702,-574,1011,-27,76089,-640,-3984,-624,49,45,-2,76110,1013,-16058,4555,237,502,-142,76110,1602,16147,1180,-193,-1189,109,76089,-2119,15699,3407,-383,1539,44,16,2
2906,76111,-15608,-2221,4702,-614,1011,-60,76111,-640,-3984,-631,43,45,-2,76132,1013,-16091,4555,212,502,-168,76132,1602,16147,1129,-211,-1636,109,76111,-2130,15699,3407,-383,1539,44,16,2
2907,76133,-15707,-2190,4714,-614,1049,-85,76133,-639,-4000,-631,31,60,12,76154,1040,-16116,4540,158,535,-242,76154,1683,16118,1073,-224,-1851,-5,76133,-2176,15706,3419,-278,1523,111,16,2
2908,76155,-15707,-2156,4714,-609,1049,-85,76155,-639,-4000,-623,31,60,12,76176,1040,-16116,4540,158,535,-242,76176,1729,16118,1073,-224,-1851,-5,76155,-2176,15706,3419,-243,1523,120,16,2
2909,76177,-15745,-2156,4714,-609,1049,-85,76177,-639,-4013,-623,31,60,12,76198,1040,-16116,4529,114,535,-242,76198,1729,16118,1065,-236,-1851,-183,76177,-2222,15706,3419,-243,1450,120,16,2
2910,76199,-15773,-2095,4747,-541,1048,-52,76199,-633,-4030,-605,42,50,-3,76220,1055,-16116,4520,81,538,-279,76220,1714,16131,1059,-245,-1509,-503,76199,-2242,15703,3435,-117,1242,230,16,2
2911,76221,-15773,-2095,4759,-529,1048,-49,76221,-633,-4030,-604,47,50,-3,76242,1055,-16116,4520,81,538,-279,76242,1714,16131,1059,-245,-1432,-503,76221,-2242,15703,3435,-96,1242,233,16,2
2912,76243,-15822,-2095,4759,-529,1036,-49,76243,-633,-4035,-604,47,41,-24,76264,1055,-16116,4450,56,531,-307,76264,1701,16131,1059,-250,-1432,-777,76243,-2252,15701,3435,-96,989,233,16,2
2913,76265,-15859,-2116,4732,-375,944,-22,76265,-639,-4044,-590,72,14,-52,76286,1083,-16145,4397,-13,526,-446,76286,1691,16138,1087,-254,-895,-1129,76265,-2260,15699,3503,81,568,327,16,2
2914,76287,-15859,-2116,4732,-375,944,-22,76287,-639,-4044,-585,82,14,-52,76308,1083,-16145,4397,-13,526,-446,76308,1691,16138,1087,-254,-895,-1129,76287,-2260,15699,3503,150,568,352,16,2
2915,76309,-15859,-2132,4670,-375,858,-22,76309,-639,-4044,-585,82,-9,-76,76330,1083,-16166,4353,-505,526,-733,76330,1684,16138,1085,-258,-895,-1431,76309,-2377,15699,3437,150,22,352,16,2
2916,76331,-15755,-2237,4575,-372,645,-22,76331,-625,-4032,-570,115,-32,-115,76352,1203,-16172,4046,-1201,678,-1415,76352,1684,16143,1071,-420,-513,-2067,76331,-2474,15738,3387,401,-542,682,16,2
2917,76353,-15749,-2237,4575,-372,645,-22,76353,-616,-4032,-565,123,-32,-115,76374,1203,-16172,4046,-1201,685,-1415,76374,1684,16143,1071,-420,-513,-2067,76353,-2474,15738,3387,413,-542,921,16,2
2918,76375,-15749,-2348,4497,-415,455,-52,76375,-616,-4032,-565,123,-32,-149,76396,1203,-16172,3814,-1888,685,-2723,76396,1684,16143,983,-680,-513,-2842,76375,-2557,15738,3372,413,-996,921,16,2
2919,76397,-15621,-2435,4199,-630,-82,-119,76397,-566,-4023,-483,181,-22,-225,76418,1450,-16031,3373,-3068,799,-4086,76418,1541,16138,889,-1155,44,-4069,76397,-2626,15831,3361,647,-1618,1887,16,2
2920,76419,-15607,-2435,4199,-630,-82,-119,76419,-520,-4023,-424,206,-8,-225,76440,1462,-15833,3373,-3068,798,-4086,76440,1541,16138,889,-1155,324,-4069,76419,-2626,15902,3361,695,-1618,2298,16,2
2921,76441,-15607,-2435,3966,-856,-636,-119,76441,-520,-4023,-424,206,-8,-327,76462,1462,-15833,3041,-4156,373,-6086,76462,1399,16112,889,-1533,324,-5341,76441,-2629,15902,3304,695,-2084,2298,16,2
2922,76463,-14607,-2418,3736,-1025,-1650,-46,76463,-418,-3960,-297,355,43,-496,76484,1674,-15388,2730,-6156,373,-8086,76484,819,16075,917,-1897,899,-6822,76463,-2629,16088,3262,1026,-2279,4298,16,2
2923,76485,-14607,-2345,3736,-1025,-1650,228,76485,-397,-3960,-291,362,43,-496,76506,1674,-15388,2730,-6156,380,-8086,76506,819,16075,1041,-1897,899,-6822,76485,-2275,16088,3262,1027,-2279,4298,16,2
2924,76507,-14607,-2345,3544,-1039,-2509,228,76507,-397,-3960,-291,362,43,-661,76528,1674,-15388,2567,-7720,380,-9238,76528,365,16040,1041,-2282,899,-7981,76507,-2275,16088,3125,1027,-2425,4298,16,2
2925,76529,-13607,-1850,3400,-1049,-3154,541,76529,-339,-3891,-155,572,64,-804,76550,1736,-15055,2445,-9361,693,-10102,76550,-239,16014,1207,-2710,1080,-8890,76529,-1571,15844,3022,1276,-2425,5729,16,2
2926,76551,-13607,-1850,3400,-1049,-3154,541,76551,-339,-3801,-116,642,64,-804,76572,1736,-15228,2445,-9361,693,-10102,76572,-239,16014,1578,-2710,1212,-8890,76551,-1275,15844,3022,1287,-2229,5729,16,2
2927,76573,-13607,-1850,3292,-1049,-3173,305,76573,-339,-3801,-116,642,48,-924,76594,1736,-15228,2353,-10123,693,-10750,76594,-692,15994,1578,-3347,1212,-9532,76573,-1275,15844,2764,1287,-2229,5729,16,2
2928,76595,-12607,-1707,3211,-1016,-3173,128,76595,-292,-3643,-62,920,-97,-1094,76616,2736,-15317,1958,-10123,492,-11569,76616,-1433,15979,1633,-3825,758,-10057,76595,-464,15909,2375,1612,-2013,6815,16,2
2929,76617,-12607,-1707,3211,-1016,-3129,128,76617,-263,-3643,14,920,-97,-1094,76638,2736,-15317,1958,-9622,492,-11569,76638,-1433,15979,1633,-3825,434,-10057,76617,-464,15909,2375,1710,-1573,6896,16,2
2930,76639,-12607,-1734,3171,-1016,-3129,77,76639,-263,-3643,14,920,-206,-1232,76660,2736,-15325,1220,-9622,-555,-11569,76660,-2285,15918,1633,-3866,417,-10405,76639,-464,15909,2083,1710,-1573,6896,16,2
2931,76661,-11607,-2045,3124,-768,-2670,38,76661,14,-3552,178,1050,-284,-1365,76682,3588,-15331,470,-9216,-1384,-11764,76682,-3285,15159,2137,-3897,417,-10666,76661,471,15991,1719,2096,-928,7797,16,2
2932,76683,-11607,-2045,3124,-768,-2420,38,76683,119,-3552,178,1050,-284,-1365,76704,3588,-15331,470,-9216,-1384,-11764,76704,-3285,15159,2137,-3897,498,-10666,76683,471,15991,1719,2096,-914,7797,16,2
2933,76705,-11607,-2278,3089,-987,-2420,9,76705,119,-3552,178,1050,-284,-1379,76726,3588,-15331,-135,-10856,-1384,-11910,76726,-4057,14757,2137,-3945,498,-10666,76705,471,15649,1719,2096,-914,7797,16,2
2934,76727,-10607,-2366,3041,-1151,-1687,-12,76727,406,-3497,329,1148,-177,-1379,76748,4227,-15006,-601,-12086,-769,-12832,76748,-4790,14455,2739,-3981,540,-10533,76727,1471,15392,1446,1847,-975,7990,16,2
2935,76749,-10607,-2366,3041,-1151,-1687,-12,76749,406,-3497,387,1162,-177,-1329,76770,4588,-15152,-601,-12086,-769,-12832,76770,-4790,14455,2739,-3981,540,-10371,76749,1471,15392,1446,1847,-975,7990,16,2
2936,76771,-10607,-2366,2825,-1151,-1687,-12,76771,406,-3497,387,1162,-177,-1329,76792,4588,-15006,-1340,-12263,-769,-13521,76792,-5499,14229,2739,-3981,211,-10371,76771,1471,15200,1128,1661,-1195,7990,16,2
2937,76793,-9607,-2015,2663,-996,-1308,89,76793,619,-3456,614,1236,-114,-1292,76814,5588,-14933,-1900,-12396,-375,-13521,76814,-6454,13523,3134,-3617,-35,-9863,76793,2471,14694,885,1489,-1360,8048,16,2
2938,76815,-9607,-2015,2663,-977,-1308,89,76815,619,-3456,618,1236,-114,-1292,76836,5588,-14823,-1900,-12396,-375,-13243,76836,-6454,13523,3134,-3617,-35,-9742,76815,2471,14694,885,1489,-1360,8048,16,2
2939,76837,-10607,-2015,2542,-977,-1308,89,76837,619,-3456,618,1235,-114,-1292,76858,5588,-14823,-2900,-12496,-729,-13243,76858,-7066,13272,3134,-3617,-35,-9742,76837,2471,14314,885,1392,-1483,8026,16,2
2940,76859,-11607,-1871,2270,-737,-1024,-78,76859,798,-3380,870,1120,-169,-1262,76880,6315,-14983,-3900,-12496,-752,-11243,76880,-7629,13084,3982,-3344,373,-8841,76859,3471,13651,962,1258,-1483,7617,16,2
2941,76881,-11607,-1871,2270,-728,-1024,-78,76881,982,-3380,902,1120,-169,-1234,76902,6315,-14983,-3900,-11403,-752,-11243,76902,-7629,13084,3982,-3271,373,-8824,76881,3471,13651,993,1258,-1466,7617,16,2
2942,76903,-12304,-1888,1851,-728,-1024,-203,76903,982,-3409,902,1034,-210,-1234,76924,6315,-15107,-4849,-11403,-752,-11243,76924,-7947,12943,3982,-3271,373,-8824,76903,3471,13154,993,1056,-1453,7303,16,2
2943,76925,-12802,-2163,1504,-536,-909,-203,76925,1394,-3430,1165,954,-210,-1181,76946,6860,-15394,-5428,-10207,-271,-9243,76946,-8428,12300,4618,-2558,456,-7903,76925,4471,12742,1461,792,-1453,6594,16,2
2944,76947,-12802,-2163,1504,-536,-909,-136,76947,1394,-3430,1171,954,-182,-1180,76968,6860,-15394,-5428,-9574,-51,-9243,76968,-8428,12300,4618,-2558,456,-7809,76947,4471,12742,1461,792,-1453,6594,16,2
2945,76969,-12905,-2369,1236,-536,-1117,-136,76969,1394,-3430,1171,891,-182,-1180,76990,6860,-15497,-5664,-9574,-51,-9243,76990,-9316,11775,4425,-2558,456,-7809,76969,4471,12742,1461,746,-1484,5868,16,2
2946,76991,-12944,-2381,1035,-570,-1273,-172,76991,1657,-3273,1421,756,-167,-1088,77012,7586,-15497,-5841,-8202,101,-8568,77012,-10046,11115,3638,-2035,575,-6447,76991,5471,13050,473,712,-1507,5324,16,2
2947,77013,-12944,-2381,1035,-570,-1273,-172,77013,1657,-3266,1441,756,-167,-1085,77034,7860,-15085,-5841,-8202,101,-8568,77034,-10046,11115,3638,-2035,597,-6413,77013,5471,13050,473,712,-1507,5324,16,2
2948,77035,-12974,-2381,884,-572,-1277,-218,77035,1657,-3266,1441,636,-167,-1085,77056,7860,-15085,-6204,-8202,101,-8568,77056,-10328,10879,3412,-2035,597,-6413,77035,5471,13050,243,712,-1507,4748,16,2
2949,77057,-12996,-2378,791,-572,-1277,-253,77057,1918,-3150,1646,530,-166,-947,77078,8860,-14629,-6577,-8087,-432,-7426,77078,-10328,10702,3412,-2171,1097,-5085,77057,6442,12727,167,694,-1068,4156,16,2
2950,77079,-12996,-2357,791,-389,-1148,-253,77079,1924,-3150,1690,530,-166,-918,77100,8860,-14607,-6577,-8087,-432,-7297,77100,-10100,10702,4197,-2171,1193,-4931,77079,6442,12727,167,694,-1068,4156,16,2
2951,77101,-13006,-2357,721,-389,-1148,-254,77101,1924,-3150,1690,506,-166,-918,77122,8860,-14607,-7577,-8087,-432,-7297,77122,-10100,10702,4197,-2273,1193,-4931,77101,6442,12627,167,580,-1068,3557,16,2
2952,77123,-13006,-2278,523,-198,-894,-254,77123,2241,-3092,1931,506,-112,-732,77144,9860,-13607,-8577,-7844,-182,-6352,77144,-10201,11435,4471,-2273,1759,-3737,77123,7170,12627,231,214,-1091,2950,16,2
2953,77145,-12780,-2278,523,-198,-720,-245,77145,2243,-3058,1931,509,-112,-716,77166,9860,-13607,-8577,-7818,-182,-6352,77166,-10201,11435,4471,-1894,1759,-3737,77145,7170,12846,231,214,-1091,2950,16,2
2954,77167,-12780,-2365,375,-198,-720,-245,77167,2243,-3058,1931,509,-112,-716,77188,9860,-13607,-9511,-7818,-182,-6352,77188,-10395,11297,4471,-1894,1759,-3737,77167,7170,12846,231,-60,-1091,2449,16,2
2955,77189,-12508,-2455,299,-90,-676,-47,77189,2447,-2892,2116,489,-21,-565,77210,10860,-12607,-10260,-6327,-63,-5644,77210,-10422,11193,4677,-1312,2350,-2869,77189,7812,13010,43,-155,-1108,1956,16,2
2956,77211,-12508,-2455,299,-90,-676,-47,77211,2447,-2892,2116,489,-21,-564,77232,10860,-12607,-10260,-6327,-63,-5011,77232,-10422,11193,4677,-1312,2569,-2869,77211,7812,13010,43,-155,-1108,1956,16,2
2957,77233,-12508,-2523,299,-216,-678,-47,77233,2447,-2892,2116,445,-21,-564,77254,10860,-12607,-11182,-6327,-241,-5011,77254,-10422,11193,4677,-1312,2569,-2869,77233,7812,13010,43,-226,-1136,1556,16,2
2958,77255,-12684,-2574,264,-367,-686,-99,77255,2552,-2785,2283,375,40,-432,77276,11730,-11607,-11873,-5248,-374,-3984,77276,-10338,12131,4859,-811,3177,-2358,77255,8118,13142,200,-326,-1157,1182,16,2
2959,77277,-12684,-2574,264,-367,-686,-99,77277,2552,-2785,2305,375,40,-432,77298,11730,-11607,-11873,-5248,-374,-3974,77298,-10309,12131,4859,-811,3177,-2358,77277,8118,13142,331,-326,-1157,1182,16,2
2960,77299,-12842,-2650,238,-480,-686,-99,77299,2552,-2785,2305,322,40,-432,77320,11730,-11607,-12181,-5248,-374,-3974,77320,-10309,12131,4859,-811,3081,-2358,77299,8118,13142,331,-584,-1157,877,16,2
2961,77321,-12981,-2727,-60,-565,-672,-15,77321,2661,-2701,2417,282,50,-326,77342,11329,-10607,-12412,-4439,235,-3034,77342,-10421,11949,4918,-315,2256,-1975,77321,8518,12994,337,-777,-789,636,16,2
2962,77343,-12981,-2727,-60,-565,-496,111,77343,2686,-2691,2417,282,50,-326,77364,11329,-10607,-12412,-3812,235,-2904,77364,-10421,11949,4918,-315,2256,-1975,77343,8518,12994,337,-777,-789,636,16,2
2963,77365,-12981,-2727,-217,-565,-496,111,77365,2686,-2691,2417,252,50,-326,77386,11329,-10607,-12781,-3812,235,-2904,77386,-10505,11949,4918,-315,1611,-1975,77365,8518,12994,42,-777,-789,468,16,2
2964,77387,-12842,-2675,-334,-565,-165,156,77387,2724,-2708,2501,157,57,-246,77408,11568,-9808,-13102,-2602,626,-2030,77408,-10520,11965,5027,-122,1120,-1555,77387,8588,13222,-178,-447,-842,328,16,2
2965,77409,-12834,-2675,-334,-565,-165,156,77409,2724,-2708,2522,157,57,-237,77430,11568,-9746,-13102,-2351,626,-1907,77430,-10520,11965,5088,-122,1120,-1555,77409,8588,13222,-178,-244,-842,328,16,2
2966,77431,-12834,-2675,-422,-565,-165,18,77431,2724,-2732,2522,85,57,-237,77452,11568,-9746,-13338,-2351,626,-1907,77452,-10532,11965,5088,-122,752,-1555,77431,8588,13222,-178,-244,-842,195,16,2
2967,77453,-12670,-2652,-746,-515,-131,-85,77453,2753,-2761,2616,24,1,-143,77474,12324,-9100,-13338,-1255,1049,-968,77474,-10673,12018,4266,-45,109,-1000,77453,8814,13069,208,155,-200,40,16,2
2968,77475,-12670,-2652,-746,-515,-131,-85,77475,2764,-2761,2616,24,1,-139,77496,12324,-9100,-13298,-769,1101,-901,77496,-10673,12018,4266,-45,109,-902,77475,8965,13069,208,197,-200,40,16,2
2969,77497,-12670,-2656,-906,-515,-131,-85,77497,2764,-2775,2616,-25,-40,-139,77518,12324,-9100,-13298,-769,1101,-901,77518,-10778,12018,3649,-45,-401,-902,77497,8965,12954,18,197,-200,-113,16,2
2970,77519,-12455,-2659,-944,-348,-105,73,77519,2861,-2785,2616,-127,-69,-58,77540,12461,-8840,-13166,1029,1411,126,77540,-10778,11557,3649,227,-1123,-294,77519,9134,12868,-124,447,281,-378,16,2
2971,77541,-12455,-2659,-944,-348,-70,73,77541,2861,-2785,2616,-127,-69,-44,77562,12461,-8840,-13155,1032,1457,399,77562,-10729,11557,4301,227,-1123,-239,77541,9167,12868,-124,447,281,-378,16,2
2972,77563,-12533,-2659,-973,-348,-70,73,77563,2861,-2785,2611,-203,-81,-44,77584,12461,-9727,-13155,1032,1457,399,77584,-10729,11211,4301,227,-1664,-239,77563,9192,12546,-124,447,281,-623,16,2
2973,77585,-13050,-2580,-994,-339,18,-1,77585,2772,-2778,2577,-272,-90,79,77606,12563,-10573,-12155,2383,1879,1392,77606,-10682,11099,4280,431,-2051,356,77585,9192,12304,-77,368,864,-908,16,2
2974,77607,-13050,-2580,-994,-339,242,-1,77607,2772,-2778,2577,-272,-90,79,77628,12563,-10573,-12155,2383,1879,1479,77628,-10682,11099,4280,431,-2051,398,77607,9211,12304,107,368,864,-908,16,2
2975,77629,-13437,-2580,-1001,-339,242,-61,77629,2772,-2778,2498,-323,-105,79,77650,12563,-11243,-12155,2383,1879,1479,77650,-10682,11099,4251,431,-2341,398,77629,9211,12304,107,293,864,-1353,16,2
2976,77651,-13727,-2467,-1001,-263,541,-106,77651,2779,-2805,2345,-406,-151,173,77672,11885,-11983,-11155,3641,1997,2333,77672,-10637,11486,4243,717,-2710,1123,77651,9212,12582,348,178,1168,-1795,16,2
2977,77673,-13727,-2467,-875,-216,541,-106,77673,2779,-2805,2345,-406,-151,173,77694,11885,-11983,-11155,3772,1997,2712,77694,-10637,11486,4243,838,-2710,1190,77673,9212,12582,348,178,1168,-1795,16,2
2978,77695,-13945,-2467,-875,-216,541,-106,77695,2779,-2866,2225,-485,-176,173,77716,11274,-12546,-11155,3772,1997,2712,77716,-10637,11049,4243,838,-2986,1190,77695,9102,12582,348,86,1168,-2168,16,2
2979,77717,-14314,-2417,-749,-101,672,-57,77717,2680,-2919,2104,-564,-176,284,77738,10816,-12987,-10155,4941,2322,3828,77738,-10433,10721,4588,982,-2986,2032,77717,8993,12737,273,17,1396,-2865,16,2
2980,77739,-14314,-2417,-618,-101,672,-57,77739,2680,-2919,2104,-564,-152,314,77760,10816,-12987,-10155,4941,2322,3860,77760,-10433,10721,4588,982,-2603,2231,77739,8993,12737,273,17,1467,-2865,16,2
2981,77761,-14314,-2417,-618,-101,672,-57,77761,2499,-2958,2012,-623,-152,314,77782,10569,-13588,-10155,4941,2322,3860,77782,-10433,10721,4588,982,-2603,2231,77761,8647,12737,273,-34,1467,-3444,16,2
2982,77783,-13314,-2407,-425,-4,904,-101,77783,2364,-3033,1915,-680,-108,465,77804,10383,-14080,-9155,5315,1868,5147,77804,-10096,11539,4434,1074,-2040,3150,77783,8388,13193,546,-174,1619,-3908,16,2
2983,77805,-13314,-2407,-425,0,1019,-101,77805,2364,-3033,1915,-680,-108,484,77826,10383,-14080,-9155,5315,1868,5147,77826,-10080,11539,4434,1074,-2040,3177,77805,8388,13193,546,-174,1672,-3908,16,2
2984,77827,-13314,-2407,-425,0,1019,-114,77827,2241,-3079,1787,-724,-108,484,77848,10233,-14522,-9155,5315,1528,5147,77848,-10080,11539,4318,1074,-2040,3177,77827,8175,13193,546,-279,1672,-4326,16,2
2985,77849,-12314,-2309,-264,179,1279,-124,77849,2144,-3150,1660,-761,-109,615,77870,9820,-14756,-8155,5595,1434,6112,77870,-9680,11964,4231,1249,-1976,4188,77849,7939,13298,469,-351,1747,-4803,16,2
2986,77871,-12314,-2309,-113,243,1295,-124,77871,2144,-3150,1660,-761,-109,623,77892,9820,-14756,-8155,5811,1434,6112,77892,-9560,11964,4231,1308,-1976,4347,77871,7939,13298,469,-351,1747,-4803,16,2
2987,77893,-12314,-2382,-113,243,1295,-132,77893,2000,-3202,1539,-797,-110,623,77914,9473,-14756,-8155,5811,1434,6112,77914,-9560,11964,4158,1308,-1976,4347,77893,7727,13298,469,-405,1747,-5318,16,2
2988,77915,-11314,-2437,184,234,1395,-217,77915,1866,-3241,1381,-828,-112,749,77936,9090,-14578,-7155,6431,1604,6924,77936,-9104,12350,4087,1598,-1888,5422,77915,7383,13377,587,-568,1665,-6084,16,2
2989,77937,-11314,-2437,184,234,1395,-217,77937,1866,-3241,1381,-828,-112,749,77958,9090,-14578,-7155,6431,1604,6924,77958,-8892,12476,4087,1598,-1888,5424,77937,7383,13416,587,-568,1665,-6084,16,2
2990,77959,-11314,-2437,184,226,1395,-290,77959,1765,-3271,1258,-849,-114,749,77980,8642,-14578,-7155,6431,1492,6924,77980,-8892,12476,4034,1598,-2068,5424,77959,6825,13416,587,-709,1449,-6659,16,2
2991,77981,-10314,-2375,383,208,1797,-344,77981,1646,-3294,1140,-865,-114,874,78002,8132,-14445,-6155,6639,1407,7433,78002,-7892,13461,3972,1863,-2203,6114,77981,6123,14331,676,-858,1287,-7071,16,2
2992,78003,-10314,-2329,383,208,1797,-344,78003,1646,-3294,1140,-865,-95,890,78024,8132,-14444,-6155,6639,1407,7433,78024,-7892,13461,3972,1937,-2203,6114,78003,6123,14331,676,-858,1287,-7071,16,2
2993,78025,-10314,-2329,383,208,1797,-344,78025,1545,-3357,1050,-871,-95,890,78046,7354,-14444,-6155,6162,1343,7433,78046,-7892,13461,3904,1937,-2203,6114,78025,5584,14331,676,-970,1212,-7299,16,2
2994,78047,-9314,-2150,700,266,2277,-310,78047,1328,-3404,903,-871,-73,970,78068,6571,-14431,-5155,5693,1119,7814,78068,-7071,14006,3813,2188,-2108,6631,78047,5068,14733,875,-1170,1212,-7442,16,2
2995,78069,-9314,-2150,754,307,2491,-241,78069,1328,-3404,903,-857,-73,970,78090,6571,-14148,-5155,5693,1119,7814,78090,-7071,14006,3704,2201,-1765,6821,78069,5068,14733,875,-1170,1305,-7442,16,2
2996,78091,-9314,-2150,754,307,2491,-241,78091,1157,-3404,787,-857,-73,970,78112,5960,-14098,-5155,5430,951,7814,78112,-7071,14006,3584,2201,-1765,6821,78091,4660,14733,875,-1429,1305,-7549,16,2
2997,78113,-8314,-2016,1123,382,3120,-162,78113,1024,-3348,691,-785,-70,1030,78134,5498,-14098,-4155,5243,859,8165,78134,-6181,14511,3413,2386,-1239,7397,78113,4201,15034,996,-1623,1375,-7676,16,2
2998,78135,-8314,-2016,1123,382,3120,-119,78135,1024,-3348,691,-775,-70,1044,78156,5498,-14060,-4155,5243,859,8165,78156,-6115,14511,3413,2393,-1154,7397,78135,4201,15034,996,-1623,1375,-7676,16,2
2999,78157,-8314,-2016,1123,382,3120,-119,78157,905,-3348,597,-775,-70,1044,78178,4924,-14060,-4155,5243,859,8165,78178,-6115,14511,3136,2393,-1154,7397,78157,3727,15034,996,-1647,1375,-7771,16,2
3000,78179,-7314,-1906,1381,372,2928,-24,78179,757,-3431,463,-737,-51,1127,78200,4468,-14059,-3155,5472,887,7951,78200,-5115,14864,2929,2728,-454,7709,78179,3087,15208,1261,-1647,1198,-7787,16,2
3001,78201,-7314,-1906,1381,372,2928,-24,78201,757,-3431,463,-737,15,1127,78222,4468,-14059,-3155,5472,887,7951,78222,-5115,14864,2929,2728,-454,7709,78201,3087,15208,1299,-1628,1198,-7787,16,2
3002,78223,-7314,-1906,1381,365,2757,-24,78223,633,-3494,357,-737,15,1127,78244,4125,-14059,-3155,5472,887,7791,78244,-5115,14864,2749,2728,-454,7709,78223,2512,15208,1299,-1628,1007,-7787,16,2
3003,78245,-6314,-1823,1564,359,2515,25,78245,456,-3573,283,-721,106,1109,78266,3633,-14058,-2155,5207,811,7671,78266,-4115,15124,2521,2851,-101,7637,78245,1906,15298,1470,-1510,564,-7765,16,2
3004,78267,-6314,-1822,1564,359,2515,25,78267,456,-3573,283,-721,113,1109,78288,3633,-14058,-2155,5207,811,7671,78288,-4115,15124,2521,2851,-101,7637,78267,1906,15298,1470,-1510,564,-7721,16,2
3005,78289,-6314,-1822,1173,269,1886,18,78289,266,-3632,221,-721,113,1090,78310,3264,-14111,-2155,4992,811,7581,78310,-4115,15124,2327,2710,-101,7574,78289,1403,15298,1470,-1510,-379,-7721,16,2
3006,78311,-5314,-1366,879,201,1414,13,78311,105,-3713,169,-717,114,1057,78332,2846,-14390,-1155,4804,834,7226,78332,-3115,15419,2009,2476,163,7408,78311,714,15408,1608,-1579,-1267,-7495,16,2
3007,78333,-5314,-1366,879,201,1414,13,78333,105,-3713,169,-717,114,1057,78354,2846,-14390,-1155,4804,900,7226,78354,-3115,15429,2009,2476,233,7408,78333,714,15432,1666,-1579,-1267,-7397,16,2
3008,78355,-5314,-1366,659,150,1060,9,78355,-15,-3774,62,-717,62,1016,78376,2429,-14762,-1155,4690,900,6472,78376,-3115,15429,1766,2236,233,7278,78355,84,15432,1666,-1751,-1267,-7397,16,2
3009,78377,-4314,-1024,494,112,795,6,78377,-133,-3779,-56,-657,5,945,78398,1894,-15762,-230,4421,945,5778,78398,-2115,15657,1558,1932,632,7140,78377,-419,15567,1873,-1993,-973,-6741,16,2
3010,78399,-4314,-1024,494,112,795,6,78399,-133,-3779,-56,-632,5,945,78420,1894,-15762,-155,4421,945,5778,78420,-2115,15657,1558,1932,746,7140,78399,-419,15567,1935,-1993,-973,-6684,16,2
3011,78421,-4314,-1024,370,84,596,4,78421,-285,-3782,-144,-632,-37,890,78442,1493,-16762,-155,4216,945,5238,78442,-2115,15657,1428,1620,746,6724,78421,-796,15567,1935,-2174,-973,-6684,16,2
3012,78443,-3314,-768,277,63,447,3,78443,-399,-3920,-217,-568,-41,816,78464,1378,-17762,795,3693,937,4833,78464,-1115,15733,1428,1156,640,5209,78443,-1442,15629,2137,-2174,-788,-5911,16,2
3013,78465,-3314,-768,277,63,447,3,78465,-399,-3920,-217,-567,-41,816,78486,1378,-17762,803,3693,937,4833,78486,-1115,15733,1440,1156,640,5209,78465,-1442,15629,2338,-2172,-788,-5541,16,2
3014,78487,-3314,-768,207,47,335,2,78487,-484,-4024,-217,-567,-41,759,78508,1292,-18762,803,3158,901,4105,78508,-1115,15733,1440,808,157,3655,78487,-1926,15629,2338,-2172,-788,-5541,16,2
3015,78509,-2485,-576,155,35,251,1,78509,-548,-4034,-251,-414,-22,481,78530,530,-18762,1564,2354,732,2599,78530,-580,15790,1420,547,-231,2489,78509,-1926,15680,2629,-1691,-265,-3851,16,2
3016,78531,-2485,-576,155,35,251,1,78531,-548,-4034,-251,-396,-22,481,78552,530,-18119,1566,2354,732,2599,78552,-580,15790,1420,547,-231,2489,78531,-1884,15680,2629,-1626,-173,-3851,16,2
3017,78553,-2485,-576,116,26,188,0,78553,-709,-4036,-319,-396,-22,273,78574,-41,-18119,1566,1706,732,1731,78574,-580,15790,1366,344,-389,1826,78553,-1884,15680,2629,-1626,-173,-3851,16,2
3018,78575,-1863,-432,87,19,141,0,78575,-830,-4036,-408,-247,-101,135,78596,-41,-17485,2319,1071,843,1235,78596,-179,15873,1325,198,-508,1427,78575,-1789,15691,2685,-1312,149,-2902,16,2
3019,78597,-1863,-432,87,19,141,0,78597,-830,-3972,-408,-247,-101,135,78618,5,-17485,2319,1071,843,1235,78618,-69,15873,1325,198,-508,1427,78597,-1789,15691,2685,-1312,149,-2902,16,2
3020,78619,-1863,-432,65,14,105,0,78619,-830,-3972,-475,-247,-160,74,78640,5,-17485,2319,869,843,901,78640,-69,15873,1307,82,-647,1269,78619,-1789,15691,2685,-1312,142,-2902,16,2
3021,78641,-1397,-324,48,10,78,0,78641,-709,-3928,-514,-208,-160,58,78662,291,-17145,2799,798,894,661,78662,398,15935,1227,-82,-1424,1150,78641,-1881,15707,2765,-1140,137,-2312,16,2
3022,78663,-1397,-324,48,10,78,0,78663,-709,-3928,-514,-208,-130,58,78684,291,-17145,2799,798,894,661,78684,398,15938,1227,-82,-1424,1150,78663,-1881,15715,2765,-1140,137,-2312,16,2
3023,78685,-1397,-324,36,7,58,0,78685,-709,-3957,-514,-208,-130,58,78706,291,-17145,2799,744,872,481,78706,398,15938,1189,-253,-2007,1061,78685,-2023,15715,2765,-1140,137,-2312,16,2
3024,78707,-1047,-243,27,5,43,0,78707,-689,-3993,-496,-185,-1,74,78728,348,-18145,3025,690,855,346,78728,832,16045,1160,-333,-2039,775,78707,-2130,15765,2825,-1028,695,-1848,16,2
3025,78729,-1047,-243,27,5,43,0,78729,-689,-3993,-496,-185,-1,74,78750,348,-18145,3025,690,855,346,78750,842,16045,1160,-333,-2039,775,78729,-2130,15765,2837,-1028,716,-1798,16,2
3026,78751,-1047,-243,20,3,32,0,78751,-723,-4010,-496,-185,-1,66,78772,348,-18145,3025,614,855,245,78772,842,16045,1147,-333,-2039,534,78751,-2153,15765,2837,-1028,716,-1798,16,2
3027,78773,-785,-182,15,2,24,0,78773,-759,-4022,-508,-158,64,47,78794,391,-17654,3277,557,1028,70,78794,1102,16121,1147,-310,-1335,232,78773,-2170,15768,2940,-949,722,-1429,16,2
3028,78795,-785,-182,15,2,24,0,78795,-759,-4022,-508,-155,64,47,78816,555,-17654,3277,557,1028,70,78816,1102,16121,1197,-304,-1024,232,78795,-2170,15768,2940,-949,722,-1429,16,2
3029,78817,-785,-182,11,1,18,0,78817,-776,-4023,-517,-155,64,33,78838,555,-17654,3277,427,1028,-2,78838,1102,16121,1197,-304,-1024,-7,78817,-2223,15768,2940,-949,215,-1429,16,2
3030,78839,-588,-136,8,0,13,0,78839,-776,-4024,-535,-126,61,25,78860,800,-17263,3384,418,1158,-56,78860,1286,16136,1250,-199,-44,-186,78839,-2281,15727,3040,-717,-337,-1152,16,2
3031,78861,-588,-136,8,0,13,0,78861,-746,-4024,-535,-118,61,25,78882,800,-17216,3384,418,1158,-56,78882,1296,16136,1250,-152,-44,-186,78861,-2281,15727,3040,-613,-337,-1058,16,2
3032,78883,-588,-136,6,0,9,0,78883,-746,-4024,-547,-118,59,25,78904,800,-17216,3384,418,1158,-56,78904,1296,16136,1250,-152,-44,-290,78883,-2306,15727,3040,-613,-784,-1058,16,2
3033,78905,-441,-102,4,0,6,0,78905,-707,-4003,-567,-75,59,26,78926,864,-16952,3563,449,894,22,78926,1401,16127,1314,5,345,-362,78905,-2314,15714,3062,-284,-1086,-738,16,2
3034,78927,-441,-102,4,0,6,0,78927,-707,-4003,-567,-69,68,31,78948,864,-16952,3563,449,894,22,78948,1401,16127,1336,5,345,-362,78927,-2314,15714,3062,-284,-1086,-647,16,2
3035,78949,-441,-102,3,0,4,0,78949,-707,-4003,-567,-69,68,31,78970,784,-16952,3563,449,696,22,78970,1401,16120,1336,5,345,-401,78949,-2314,15705,3062,-284,-1086,-647,16,2
3036,78971,-330,-76,2,0,3,0,78971,-730,-4005,-562,-42,77,29,78992,709,-16754,3697,373,579,-35,78992,1448,16115,1354,56,323,-414,78971,-2244,15698,3035,-200,-959,-368,16,2
3037,78993,-330,-76,2,0,3,0,78993,-730,-4005,-562,-42,77,29,79014,709,-16744,3744,373,579,-35,79014,1448,16115,1354,56,323,-414,78993,-2235,15698,3035,-200,-959,-368,16,2
3038,79015,-330,-76,1,0,2,0,79015,-738,-4005,-573,-42,77,20,79036,671,-16744,3744,288,579,-35,79036,1448,16115,1354,56,287,-414,79015,-2235,15698,3021,-200,-959,-368,16,2
3039,79037,-247,-57,0,0,1,0,79037,-743,-3993,-588,-23,78,12,79058,671,-16578,3880,225,626,-77,79058,1483,16129,1325,55,260,-372,79037,-2192,15699,3012,-237,-895,-293,16,2
3040,79059,-247,-57,0,0,1,0,79059,-743,-3993,-588,-23,78,12,79080,727,-16578,3889,225,663,-77,79080,1483,16135,1325,55,260,-370,79059,-2192,15711,3012,-237,-895,-293,16,2
3041,79081,-247,-57,0,0,0,0,79081,-743,-3993,-601,-23,78,12,79102,727,-16578,3889,225,663,-77,79102,1483,16135,1313,43,259,-370,79081,-2192,15711,3012,-265,-895,-293,16,2
3042,79103,-185,-42,0,0,0,0,79103,-731,-3980,-609,-5,78,12,79124,799,-16493,3914,241,689,-40,79124,1513,16141,1294,35,259,-302,79103,-2224,15736,3026,-271,-831,-237,16,2
3043,79125,-185,-42,0,0,0,0,79125,-731,-3978,-609,-5,85,19,79146,799,-16493,3914,241,691,-40,79146,1548,16141,1294,35,262,-302,79125,-2224,15736,3026,-271,-746,-201,16,2
3044,79147,-185,-42,0,0,0,0,79147,-731,-3978,-615,-5,85,19,79168,799,-16493,3914,241,691,-62,79168,1548,16141,1294,30,262,-302,79147,-2248,15736,3026,-271,-746,-201,16,2
3045,79169,-138,-31,0,0,0,0,79169,-742,-3976,-622,7,91,27,79190,853,-16432,3933,253,715,-78,79190,1549,16145,1297,30,242,-281,79169,-2251,15747,3030,-265,-487,-99,16,2
3046,79191,-138,-31,0,0,0,0,79191,-742,-3976,-622,8,91,27,79212,853,-16432,3994,253,715,-78,79212,1549,16145,1297,63,242,-281,79191,-2251,15747,3036,-265,-455,-91,16,2
3047,79213,-138,-31,0,0,0,0,79213,-752,-3976,-622,8,91,27,79234,853,-16432,3994,253,715,-90,79234,1549,16133,1297,63,242,-281,79213,-2251,15747,3036,-265,-455,-91,16,2
3048,79235,-103,-23,0,0,0,0,79235,-771,-3979,-621,18,87,24,79256,897,-16387,4057,247,671,-122,79256,1549,16124,1292,114,291,-275,79235,-2203,15754,3047,-100,-237,74,16,2
3049,79257,-103,-23,0,0,0,0,79257,-771,-3979,-621,18,87,24,79278,897,-16364,4092,247,671,-122,79278,1549,16124,1292,114,291,-275,79257,-2203,15754,3047,-100,-237,89,16,2
3050,79279,-103,-23,0,0,0,0,79279,-778,-3982,-621,18,84,19,79300,897,-16364,4092,216,568,-122,79300,1549,16120,1262,114,291,-303,79279,-2203,15754,3047,-100,-237,89,16,2
3051,79301,-77,-17,0,0,0,0,79301,-778,-3987,-617,20,74,8,79322,873,-16245,4164,193,477,-90,79322,1512,16120,1239,109,256,-324,79301,-2142,15737,3027,-45,-195,206,16,2
3052,79323,-77,-17,0,0,0,0,79323,-770,-3987,-612,20,74,8,79344,873,-16245,4166,193,477,-90,79344,1512,16127,1239,109,256,-324,79323,-2123,15737,3027,-45,-195,206,16,2
3053,79345,-77,-17,0,0,0,0,79345,-770,-3987,-612,20,61,0,79366,855,-16245,4166,193,408,-90,79366,1485,16127,1238,63,229,-324,79345,-2123,15724,3012,-45,-195,206,16,2
3054,79367,-57,-12,0,0,0,0,79367,-748,-3977,-605,29,50,-5,79388,842,-16183,4246,193,362,-48,79388,1464,16132,1238,24,209,-314,79367,-2069,15724,3001,-78,-223,192,16,2
3055,79389,-57,-12,0,0,0,0,79389,-748,-3977,-605,30,50,-5,79410,842,-16183,4246,193,362,-43,79410,1464,16141,1238,24,209,-292,79389,-2069,15751,3001,-78,-224,192,16,2
3056,79411,-57,-12,0,0,0,0,79411,-748,-3977,-605,30,46,-5,79432,838,-16183,4246,193,362,-43,79432,1464,16141,1237,8,202,-292,79411,-2069,15751,3001,-98,-244,181,16,2
3057,79433,-42,-9,0,0,0,0,79433,-741,-3971,-610,32,46,-1,79454,838,-16137,4278,193,384,0,79454,1472,16151,1237,8,193,-251,79433,-2083,15771,3022,-98,-244,181,16,2
3058,79455,-42,-9,0,0,0,0,79455,-741,-3971,-610,32,48,5,79476,880,-16137,4278,193,384,0,79476,1490,16156,1247,11,193,-251,79455,-2083,15771,3022,-43,-237,184,16,2
3059,79477,-42,-9,0,0,0,0,79477,-745,-3971,-610,32,48,5,79498,880,-16147,4278,193,344,0,79498,1490,16156,1247,11,193,-251,79477,-2100,15771,3022,-43,-237,184,16,2
3060,79499,-31,-6,0,0,0,0,79499,-756,-3978,-614,25,53,13,79520,885,-16155,4296,212,273,18,79520,1515,16168,1249,11,193,-259,79499,-2113,15782,3021,24,-167,202,16,2
3061,79521,-31,-6,0,0,0,0,79521,-756,-3978,-614,25,53,13,79542,885,-16155,4296,212,273,18,79542,1515,16181,1251,2,193,-259,79521,-2113,15806,3021,29,-115,235,16,2
3062,79543,-31,-6,0,0,0,0,79543,-759,-3981,-617,25,53,13,79564,855,-16155,4296,212,220,18,79564,1515,16181,1251,2,182,-283,79543,-2113,15806,2996,29,-115,235,16,2
3063,79565,-23,-4,0,0,0,0,79565,-759,-3983,-620,27,33,7,79586,800,-16148,4310,231,180,31,79586,1488,16181,1245,2,174,-301,79565,-2070,15814,2978,97,-24,273,16,2
3064,79587,-23,-4,0,0,0,0,79587,-757,-3983,-620,27,33,7,80028,800,-16144,4313,231,180,31,80028,1488,16181,1245,5,174,-301,79587,-2070,15814,2978,97,-7,279,17,2
3065,80029,-23,-4,0,0,0,0,80029,-757,-3983,-626,27,18,1,80050,758,-16144,4313,231,180,31,80050,1468,16180,1245,5,161,-304,80029,-2070,15801,2949,97,-7,279,17,2
3066,80051,-17,-3,0,0,0,0,80051,-754,-3978,-628,31,11,-3,80072,724,-16132,4321,210,201,-2,80072,1439,16175,1240,7,155,-304,80051,-2032,15783,2927,122,67,295,17,2
3067,80073,-17,-3,0,0,0,0,80073,-751,-3978,-628,31,11,-3,80094,724,-16132,4323,210,201,-2,80094,1439,16175,1240,9,155,-243,80073,-2013,15783,2927,122,67,295,17,2
3068,80095,-17,-3,0,0,0,0,80095,-751,-3978,-628,31,11,-3,80116,699,-16132,4323,195,201,-17,80116,1425,16175,1221,9,147,-243,80095,-2013,15783,2881,118,67,295,17,2
3069,80117,-12,-2,0,0,0,0,80117,-744,-3980,-627,34,14,-2,80138,680,-16117,4331,183,263,-28,80138,1406,16183,1199,7,141,-190,80117,-1968,15801,2860,51,72,299,17,2
3070,80139,-12,-2,0,0,0,0,80139,-744,-3980,-627,34,19,-1,80160,680,-16105,4336,183,280,-28,80160,1406,16183,1199,7,141,-184,80139,-1968,15801,2860,51,72,299,17,2
3071,80161,-12,-2,0,0,0,0,80161,-744,-3981,-627,34,19,-1,80182,680,-16103,4336,183,280,-35,80182,1400,16183,1199,5,141,-184,80161,-1968,15801,2851,-16,72,282,17,2
3072,80183,-9,-1,0,0,0,0,80183,-739,-3981,-622,34,23,2,80204,711,-16103,4344,188,310,-41,80204,1396,16183,1199,-5,151,-142,80183,-1943,15831,2851,-66,45,240,17,2
3073,80205,-9,-1,0,0,0,0,80205,-739,-3980,-622,34,25,2,80226,711,-16103,4349,193,322,-41,80226,1396,16183,1199,-5,151,-142,80205,-1943,15833,2851,-66,45,240,17,2
3074,80227,-9,-1,0,0,0,0,80227,-739,-3980,-622,34,25,2,80248,711,-16116,4349,193,322,-45,80248,1396,16176,1199,-18,151,-142,80227,-1944,15833,2851,-70,32,224,17,2
3075,80249,-6,-543,1000,-154,0,0,80249,-747,-3982,-622,35,30,0,80270,730,-16116,4356,196,338,-58,80270,1401,16176,1199,-35,145,-130,80249,-1945,15856,2818,-73,30,212,17,2
3076,80271,-6,-543,1000,-154,89,0,80271,-747,-3982,-619,35,30,0,80292,730,-16112,4356,196,353,-58,80292,1401,16176,1199,-35,145,-130,80271,-1945,15856,2818,-73,30,212,17,2
3077,80293,-774,-950,1000,-154,155,0,80293,-753,-3984,-619,35,30,-1,80314,730,-16112,4356,196,353,-68,80314,1400,16172,1188,-48,141,-130,80293,-1945,15856,2793,-73,30,203,17,2
3078,80315,-1350,-1252,1789,-151,116,0,80315,-757,-3985,-620,36,30,-3,80336,703,-16104,4364,179,364,-68,80336,1400,16169,1188,-61,141,-120,80315,-1926,15851,2784,-75,56,187,17,2
3079,80337,-1350,-1252,1789,-115,116,0,80337,-757,-3985,-620,37,30,-3,80358,700,-16104,4364,179,364,-68,80358,1400,16169,1188,-61,156,-113,80337,-1926,15851,2784,-75,56,187,17,2
3080,80359,-1350,-1479,1789,-115,87,0,80359,-757,-3985,-624,37,30,-5,80380,683,-16104,4364,179,364,-75,80380,1400,16167,1182,-67,156,-113,80359,-1926,15847,2784,-81,56,163,17,2
3081,80381,-1012,-1649,2380,-86,65,0,80381,-758,-3982,-627,39,30,-6,80402,659,-16110,4363,184,341,-80,80402,1388,16167,1177,-82,164,-92,80381,-1916,15847,2778,-95,59,145,17,2
3082,80403,-1012,-1649,2385,-86,65,0,80403,-758,-3982,-627,39,34,-6,80424,659,-16110,4363,184,341,-80,80424,1388,16189,1177,-82,164,-90,80403,-1916,15860,2778,-95,59,145,17,2
3083,80425,-2012,-1769,2385,-158,65,0,80425,-758,-3985,-629,39,34,-6,80446,640,-16110,4362,177,341,-84,80446,1388,16189,1177,-93,146,-90,80425,-1916,15860,2778,-108,58,127,17,2
3084,80447,-3012,-1859,2840,-212,300,19,80447,-758,-3988,-631,40,36,-6,80468,626,-16106,4358,163,352,-118,80468,1386,16196,1203,-93,132,-60,80447,-1904,15853,2781,-140,52,107,17,2
3085,80469,-3012,-1859,2840,-212,300,19,80469,-758,-3988,-631,40,36,-5,80490,626,-16102,4358,163,368,-118,80490,1386,16196,1203,-93,132,-49,80469,-1901,15853,2781,-140,52,107,17,2
3086,80491,-3012,-1894,2840,-245,300,19,80491,-758,-3990,-633,39,36,-5,80512,615,-16102,4355,152,368,-144,80512,1386,16178,1203,-101,132,-49,80491,-1901,15847,2781,-164,47,81,17,2
3087,80513,-2320,-1894,2130,-245,225,14,80513,-747,-3990,-637,39,37,-4,80534,615,-16096,4338,138,412,-167,80534,1384,16164,1222,-107,134,-19,80513,-1887,15843,2783,-199,20,40,17,2
3088,80535,-2259,-1420,2130,-183,225,14,80535,-747,-3989,-637,40,41,-4,80556,654,-16093,4338,138,421,-167,80556,1384,16164,1222,-107,134,-19,80535,-1887,15840,2783,-199,20,40,17,2
3089,80557,-2259,-1420,1597,-183,168,10,80557,-747,-3989,-637,40,41,-4,80578,654,-16093,4313,127,421,-225,80578,1384,16157,1222,-112,131,-19,80557,-1887,15843,2783,-230,0,8,17,2
3090,80579,-1694,-1065,1197,-137,126,7,80579,-732,-3987,-639,40,45,-6,80600,691,-16086,4294,119,456,-268,80600,1396,16157,1238,-116,121,-1,80579,-1884,15846,2786,-315,-15,-17,17,2
3091,80601,-1694,-1065,1197,-137,126,7,80601,-732,-3987,-639,42,45,-6,80622,691,-16086,4294,119,461,-268,80622,1396,16183,1238,-116,121,-1,80601,-1884,15850,2804,-315,-15,-17,17,2
3092,80623,-1694,-1065,897,-137,94,5,80623,-732,-3987,-639,42,45,-7,80644,691,-16086,4280,119,461,-268,80644,1396,16183,1238,-117,108,-1,80623,-1887,15850,2804,-398,-52,-49,17,2
3093,80645,-1270,-798,672,-102,70,3,80645,-714,-3985,-640,42,46,-7,80666,722,-16087,4280,122,501,-256,80666,1419,16188,1250,-118,86,16,80645,-1910,15858,2843,-460,-106,-73,17,2
3094,80667,-1270,-798,672,-102,70,3,80667,-710,-3985,-640,42,46,-4,80688,745,-16087,4283,149,501,-251,80688,1419,16188,1250,-118,86,16,80667,-1910,15858,2852,-460,-106,-73,17,2
3095,80689,-1270,-798,504,-102,52,2,80689,-710,-3985,-640,41,46,-4,80710,745,-16088,4283,149,501,-251,80710,1419,16188,1250,-118,49,16,80689,-1927,15857,2852,-504,-146,-81,17,2
3096,80711,-952,-598,378,-76,39,1,80711,-693,-3984,-637,40,58,1,80732,714,-16090,4285,171,533,-251,80732,1442,16191,1265,-155,-95,23,80711,-1940,15846,2922,-537,-159,-87,17,2
3097,80733,-952,-598,378,-76,39,1,80733,-693,-3983,-634,40,59,1,80754,714,-16090,4292,171,533,-251,80754,1442,16192,1265,-155,-95,23,80733,-1940,15846,2922,-537,-159,-87,17,2
3098,80755,-952,-983,378,-76,39,0,80755,-693,-3983,-634,40,59,1,80776,691,-16091,4292,171,533,-251,80776,1442,16192,1265,-189,-293,23,80755,-1950,15842,2922,-561,-159,-92,17,2
3099,80777,-1952,-1275,1378,-215,246,0,80777,-698,-3981,-627,40,69,3,80798,691,-16100,4299,178,664,-288,80798,1548,16197,1300,-222,-1438,92,80777,-1958,15839,3041,-579,-61,-148,17,2
3100,80799,-1952,-1275,1378,-215,276,0,80799,-698,-3981,-625,40,69,3,80820,718,-16100,4299,178,664,-288,80820,1562,16197,1300,-222,-1438,92,80799,-1958,15839,3041,-579,-57,-148,17,2
3101,80821,-2952,-1494,1378,-319,276,0,80821,-708,-3991,-625,40,69,3,80842,718,-16115,4267,178,664,-316,80842,1562,16197,1271,-257,-2297,92,80821,-2082,15839,3041,-579,-57,-190,17,2
3102,80843,-3952,-1658,2018,-397,568,0,80843,-715,-4024,-568,36,102,5,80864,850,-17115,4243,255,635,-670,80864,1598,16184,1237,-298,-2433,-249,80843,-2222,15840,3082,-321,589,-190,17,2
3103,80865,-3952,-1658,2018,-397,568,20,80865,-715,-4024,-568,36,102,5,80886,930,-17115,4243,255,635,-670,80886,1598,16184,1237,-298,-2433,-249,80865,-2222,15862,3082,-223,627,-75,17,2
3104,80887,-4952,-1790,2018,-496,568,20,80887,-715,-4062,-568,36,102,-3,80908,930,-18115,3985,255,448,-950,80908,1598,16184,1165,-349,-2433,-678,80887,-2327,15862,3027,-223,627,-75,17,2
3105,80909,-5952,-1889,2610,-570,653,82,80909,-709,-4092,-525,61,86,-60,80930,1149,-19115,3954,-794,448,-1538,80930,1623,16200,1100,-518,-2218,-1449,80909,-2406,15879,2944,85,1140,300,17,2
3106,80931,-5952,-1889,2610,-570,653,82,80931,-688,-4092,-525,87,86,-60,80952,1157,-19115,3954,-794,628,-1538,80952,1625,16200,1100,-518,-2043,-1449,80931,-2406,15890,2944,101,1140,411,17,2
3107,80953,-5952,-1990,2610,-672,653,82,80953,-688,-4104,-525,87,64,-121,80974,1157,-19115,3757,-1591,628,-2114,80974,1625,16139,1052,-816,-2043,-2347,80953,-2465,15890,2893,101,1140,411,17,2
3108,80975,-4952,-2077,2922,-827,526,35,80975,-644,-4104,-491,183,18,-214,80996,1404,-18137,3599,-2737,607,-2546,80996,1480,16093,1036,-1296,-1496,-3539,80975,-2521,15842,2893,372,1147,1228,17,2
3109,80997,-4952,-2077,2922,-827,526,35,80997,-599,-4090,-489,207,18,-214,81018,1447,-18115,3599,-2737,443,-2546,81018,1480,16093,1036,-1296,-1479,-3539,80997,-2521,15842,2970,429,1147,1589,17,2
3110,81019,-4952,-2206,2922,-968,351,0,81019,-599,-4090,-489,207,-20,-303,81040,1447,-18115,3100,-3644,333,-3804,81040,1372,16069,1036,-1895,-1479,-4639,81019,-2622,15842,2970,429,1067,1589,17,2
3111,81041,-3952,-2229,3102,-1227,154,-24,81041,-415,-3975,-420,350,-34,-487,81062,1697,-17289,2632,-4601,127,-4787,81062,1104,16066,1130,-2421,-849,-6069,81041,-2639,15791,2882,772,633,3277,17,2
3112,81063,-3952,-2229,3102,-1227,154,-24,81063,-415,-3953,-364,355,-34,-487,81084,1697,-17289,2632,-4601,127,-4787,81084,1104,16066,1132,-2421,-804,-6069,81063,-2639,15791,2882,772,633,3589,17,2
3113,81085,-3952,-2229,3102,-1401,-87,-24,81085,-415,-3953,-364,355,-34,-626,81106,1697,-17289,2281,-5346,127,-6784,81106,903,16066,1132,-2816,-804,-7491,81085,-2639,15791,2688,772,308,3589,17,2
3114,81107,-2952,-1962,3162,-1494,-455,263,81107,-284,-3859,-327,478,-6,-761,81128,1406,-16778,1848,-7304,495,-8654,81128,-85,16141,1533,-2997,-275,-8584,81107,-1684,15952,2543,927,-52,5287,17,2
3115,81129,-2952,-1953,3162,-1494,-455,263,81129,-284,-3797,-327,534,-6,-761,81150,1406,-16778,1848,-7304,495,-8654,81150,-85,16141,1533,-2997,-275,-8584,81129,-1684,15952,2543,927,-52,5425,17,2
3116,81151,-2952,-1953,3117,-1494,-455,263,81151,-284,-3797,-327,534,-6,-929,81172,1406,-16778,1848,-8768,495,-9998,81172,-892,16141,1533,-3133,-275,-9476,81151,-1684,15952,2366,927,-681,5425,17,2
3117,81173,-2214,-1464,2337,-1120,-341,197,81173,-249,-3674,-248,736,30,-1066,81194,2308,-16231,1154,-9763,899,-11056,81194,-1656,16258,1715,-3367,248,-10087,81173,-860,16180,2147,1165,-1596,6665,17,2
3118,81195,-2214,-1464,2337,-1120,-341,197,81195,-249,-3594,-248,752,30,-1066,81216,2406,-16231,1154,-9763,771,-11056,81216,-1656,16258,1715,-3367,248,-10087,81195,-860,16180,2147,1181,-1596,6665,17,2
3119,81217,-2214,-1464,1752,-1120,-341,147,81217,-249,-3594,-248,752,30,-1186,81238,2406,-16231,633,-10398,1465,-11799,81238,-2411,16258,1715,-3710,248,-10545,81217,-860,16180,1766,1181,-1839,6665,17,2
3120,81239,-1660,-1098,1752,-840,-255,110,81239,-216,-3424,-76,1004,40,-1323,81260,3405,-15761,242,-10925,857,-12141,81260,-3228,16827,1842,-4016,589,-10711,81239,140,16261,1480,1371,-1930,7595,17,2
3121,81261,-1214,-1098,2097,-840,-255,110,81261,-145,-3424,-71,1004,40,-1323,81282,3405,-15761,242,-10925,857,-12141,81282,-3228,16827,1842,-4016,589,-10711,81261,140,16261,1480,1371,-1930,7595,17,2
3122,81283,-1214,-1098,2097,-840,-305,-34,81283,-145,-3473,-71,1004,1,-1435,81304,3405,-15761,-50,-11324,415,-12290,81304,-4012,16827,1842,-4246,589,-10711,81283,140,16261,1404,1371,-1930,7595,17,2
3123,81305,-214,-1368,2355,-793,-422,-142,81305,221,-3509,174,1126,-28,-1519,81326,4351,-15348,-535,-12137,-168,-12401,81326,-4735,16369,2145,-4510,696,-10504,81305,1140,15814,1404,1241,-1636,8226,17,2
3124,81327,-214,-1368,2355,-793,-422,-142,81327,221,-3509,174,1126,-28,-1519,81348,4405,-15306,-535,-12137,-168,-12401,81348,-4735,16369,2528,-4510,777,-10378,81327,1140,15814,1435,1241,-1636,8226,17,2
3125,81349,-214,-1571,2355,-793,-510,-142,81349,221,-3509,174,1126,-28,-1519,81370,4405,-15306,-1197,-12747,-537,-12607,81370,-5377,15428,2528,-4510,837,-10378,81349,1140,15310,1435,1041,-1636,8226,17,2
3126,81371,786,-1640,2469,-630,-576,-34,81371,521,-3445,463,1236,9,-1507,81392,5387,-14965,-1823,-13175,-814,-13207,81392,-6377,14428,3043,-4465,389,-9805,81371,2140,14872,1560,891,-1577,8290,17,2
3127,81393,786,-1640,2469,-630,-576,21,81393,535,-3439,481,1236,9,-1469,81414,5405,-14965,-1823,-13175,-814,-13207,81414,-6377,14428,3070,-4154,389,-9600,81393,2140,14872,1560,891,-1577,8290,17,2
3128,81415,-214,-1691,2405,-630,-614,21,81415,535,-3439,481,1236,3,-1469,81436,5405,-14965,-2382,-13175,-814,-13433,81436,-7377,13428,3070,-4154,53,-9600,81415,2140,14537,1560,891,-1653,8119,17,2
3129,81437,-1214,-1729,2405,-507,-614,143,81437,834,-3334,767,1184,-60,-1420,81458,6405,-14798,-3382,-11815,-618,-13561,81458,-7848,13304,3565,-3786,53,-8638,81437,3140,14285,1216,1028,-1839,7547,17,2
3130,81459,-1214,-1729,2405,-416,-603,143,81459,894,-3285,795,1184,-60,-1417,81480,6405,-14798,-3382,-11762,-458,-13561,81480,-7848,13304,3911,-3786,208,-8373,81459,3140,14285,1216,1127,-1839,7547,17,2
3131,81481,-2214,-2151,2357,-416,-603,143,81481,894,-3285,795,1118,-107,-1417,81502,6405,-14800,-4359,-11762,-458,-13561,81502,-8202,13304,3911,-3786,208,-8373,81481,3140,14103,991,1127,-1849,6960,17,2
3132,81503,-3214,-2468,2266,-400,-870,-13,81503,1362,-3205,1104,1045,-115,-1283,81524,7405,-14800,-5042,-10702,-50,-12074,81524,-8665,13287,4247,-3262,649,-7386,81503,4140,13820,822,1304,-1901,6330,17,2
3133,81525,-3214,-2468,2266,-400,-870,-13,81525,1363,-3205,1153,1045,-115,-1278,81546,7405,-14667,-5042,-10676,114,-11761,81546,-8665,13287,4247,-3226,814,-7326,81525,4140,13820,822,1304,-1901,6330,17,2
3134,81547,-4214,-2468,2181,-451,-1204,-125,81547,1363,-3205,1153,977,-115,-1278,81568,7405,-14667,-5554,-10676,185,-11761,81568,-9012,13274,4247,-3226,814,-7326,81547,4140,13608,822,1304,-2002,5826,17,2
3135,81569,-5214,-2422,1988,-571,-1455,-182,81569,1735,-3145,1425,863,-106,-1143,81590,8405,-14303,-5938,-9861,21,-10676,81590,-9287,13097,4412,-2546,1142,-6493,81569,5140,13319,923,1376,-2016,5012,17,2
3136,81591,-5214,-2422,1988,-571,-1455,-182,81591,1768,-3119,1437,863,-106,-1135,81612,8405,-13667,-5938,-9750,21,-10381,81612,-9287,13097,4412,-2541,1142,-6366,81591,5140,13319,923,1376,-2016,5012,17,2
3137,81613,-6214,-2473,1844,-661,-1455,-197,81613,1768,-3119,1437,773,-106,-1135,81634,8405,-13667,-6387,-9750,-101,-10381,81634,-9540,12266,4412,-2541,1142,-6366,81613,5140,13102,909,1344,-2016,4336,17,2
3138,81635,-7214,-2511,1673,-721,-1307,-223,81635,2124,-3009,1650,663,-89,-1003,81656,9405,-12667,-6835,-9054,-199,-8774,81656,-9770,11643,4718,-1842,1252,-5462,81635,6140,12939,909,964,-1709,3679,17,2
3139,81657,-7214,-2511,1673,-721,-967,-223,81657,2124,-3009,1654,663,-59,-992,81678,9405,-12667,-6835,-9047,-199,-8680,81678,-9770,11643,4718,-1842,1252,-5414,81657,6140,12939,909,964,-1695,3679,17,2
3140,81679,-8214,-2511,1454,-721,-967,-223,81679,2124,-3009,1654,568,-59,-992,81700,9405,-12667,-7171,-9047,-257,-8680,81700,-9930,11643,4718,-1842,1252,-5414,81679,6140,12862,898,364,-1695,3114,17,2
3141,81701,-9214,-2452,1155,-688,-523,-91,81701,2331,-2926,1834,490,1,-829,81722,10405,-11667,-8171,-7759,-257,-7386,81722,-10090,11789,4709,-1393,1292,-4523,81701,6892,12815,787,-86,-1465,2582,17,2
3142,81723,-9214,-2452,1155,-658,-498,-52,81723,2331,-2926,1897,490,1,-829,81744,10405,-11667,-8171,-7693,-62,-7386,81744,-10090,11789,4709,-1295,1292,-4471,81723,6892,12815,787,-86,-1455,2582,17,2
3143,81745,-10193,-2452,911,-658,-498,-52,81745,2331,-2926,1897,419,1,-829,81766,10405,-11667,-9171,-7693,-62,-7386,81766,-10142,11789,4702,-1295,1051,-4471,81745,6892,12815,189,-350,-1455,2178,17,2
3144,81767,-10922,-2399,755,-611,-117,124,81767,2492,-2807,2092,364,66,-693,81788,11405,-10667,-10171,-6592,83,-6311,81788,-10386,11655,4702,-918,870,-3703,81767,7456,12826,-259,-548,-1228,1842,17,2
3145,81789,-10922,-2399,755,-611,-117,124,81789,2492,-2800,2092,364,68,-693,81810,11405,-10667,-10171,-6592,154,-6033,81810,-10386,11655,4702,-918,870,-3665,81789,7456,12859,-259,-548,-1228,1842,17,2
3146,81811,-11469,-2399,749,-611,-117,124,81811,2492,-2800,2092,321,68,-693,81832,11405,-10667,-10938,-6592,154,-6033,81832,-10386,11640,4759,-918,870,-3665,81811,7456,12859,-337,-697,-1228,1480,17,2
3147,81833,-12051,-2411,749,-640,119,98,81833,2603,-2704,2238,289,98,-552,81854,12162,-9917,-11497,-5761,117,-4033,81854,-10382,11629,4759,-808,1028,-3015,81833,7737,13203,-337,-860,-937,1208,17,2
3148,81855,-12051,-2411,749,-640,119,98,81855,2603,-2699,2238,289,98,-537,81876,12162,-9917,-11497,-5761,117,-4033,81876,-10379,11629,4925,-808,1028,-3015,81855,7737,13203,-201,-860,-937,1208,17,2
3149,81877,-12538,-2459,744,-721,119,79,81877,2603,-2699,2238,265,98,-537,81898,12162,-9917,-11820,-5761,90,-4033,81898,-10377,11620,4925,-808,1028,-3015,81877,7737,13203,-201,-1004,-937,1068,17,2
3150,81899,-12920,-2495,610,-782,85,79,81899,2705,-2595,2360,239,105,-420,81920,12349,-9409,-12136,-4736,90,-3133,81920,-10378,11402,5049,-729,728,-2460,81899,7955,13206,-36,-1235,-511,963,17,2
3151,81921,-12920,-2495,610,-782,85,126,81921,2705,-2595,2360,239,105,-419,81942,12349,-9287,-12136,-4546,201,-3133,81942,-10378,11402,5049,-729,728,-2438,81921,8041,13206,-36,-1235,-511,963,17,2
3152,81943,-13207,-2495,463,-782,85,126,81943,2705,-2595,2360,217,105,-419,81964,12349,-9287,-12373,-4546,201,-3133,81964,-10759,11238,5042,-729,440,-2438,81943,8041,13206,-36,-1235,-511,913,17,2
3153,81965,-13481,-2431,285,-773,60,90,81965,2754,-2540,2404,149,80,-328,81986,12918,-8749,-12599,-3133,302,-2337,81986,-11090,11115,4773,-670,287,-1869,81965,8265,13239,-734,-1226,-469,843,17,2
3154,81987,-13481,-2308,285,-738,60,90,81987,2754,-2540,2404,149,80,-327,82008,12918,-8749,-12599,-3133,426,-2311,82008,-11090,11115,4773,-508,287,-1821,81987,8265,13347,-734,-1158,-469,843,17,2
3155,82009,-13686,-2308,165,-738,60,63,82009,2754,-2540,2404,65,61,-327,82030,12918,-8749,-12934,-3133,426,-2311,82030,-11316,11115,4626,-508,287,-1821,82009,8265,13347,-926,-1158,-469,796,17,2
3156,82031,-13785,-2162,108,-611,81,63,82031,2791,-2546,2445,2,43,-248,82052,12898,-8512,-13185,-2081,585,-1507,82052,-11316,11158,4615,-565,333,-1111,82031,8315,13453,-1061,-870,-312,761,17,2
3157,82053,-13785,-2162,108,-562,81,82,82053,2791,-2546,2447,2,43,-229,82074,12898,-8512,-13185,-2081,881,-1441,82074,-11264,11158,4615,-565,398,-1009,82053,8315,13453,-1061,-870,-312,761,17,2
3158,82075,-13785,-2162,66,-562,81,82,82075,2791,-2570,2447,2,30,-229,82096,12898,-8512,-13405,-2081,881,-1441,82096,-11264,11158,4615,-608,398,-1009,82075,8315,13453,-1061,-870,-312,737,17,2
3159,82097,-13692,-2209,-28,-422,265,58,82097,2838,-2607,2534,6,12,-98,82118,12940,-8308,-13405,-1288,1072,-564,82118,-11225,11190,4705,-608,619,-256,82097,8616,13485,-706,-694,-4,717,17,2
3160,82119,-13496,-2209,-28,-422,550,58,82119,2846,-2607,2534,6,12,-95,82140,13276,-8156,-13380,-1077,1114,-549,82140,-11079,11487,4705,-258,619,-214,82119,8616,13485,-706,-694,-4,717,17,2
3161,82141,-13496,-2269,-135,-422,550,-15,82141,2846,-2635,2534,6,-3,-95,82162,13276,-8156,-13380,-1077,1114,-549,82162,-11079,11487,4705,-258,619,-214,82141,8616,13485,-706,-694,-4,607,17,2
3162,82163,-12999,-2400,-231,-319,533,-143,82163,2889,-2663,2560,-35,-33,6,82184,13589,-8012,-13362,363,1289,136,82184,-10921,11487,4501,123,647,477,82163,8839,13421,-440,-454,308,329,17,2
3163,82185,-12999,-2400,-231,-319,533,-143,82185,2889,-2663,2560,-35,-33,6,82206,13804,-8012,-13340,779,1404,222,82206,-10921,11593,4501,512,540,477,82185,8842,13421,-440,-304,308,329,17,2
3164,82207,-12999,-2512,-251,-319,520,-246,82207,2889,-2695,2558,-140,-56,6,82228,13804,-8012,-13340,779,1404,222,82228,-10921,11593,4501,512,456,477,82207,8842,13409,-440,-304,308,77,17,2
3165,82229,-13026,-2596,-251,-242,516,-316,82229,2886,-2719,2517,-234,-73,94,82250,14036,-7979,-12340,1857,1600,1225,82250,-10802,11672,4559,944,226,1261,82229,8901,13313,-312,-174,474,-130,17,2
3166,82251,-13026,-2596,-173,-218,516,-316,82251,2886,-2719,2517,-234,-73,105,82272,14036,-7979,-12340,1857,1600,1242,82272,-10802,11672,4559,944,226,1262,82251,8901,13313,-312,-174,474,-130,17,2
3167,82273,-13066,-2596,-173,-218,516,-458,82273,2886,-2737,2486,-304,-86,105,82294,14036,-8028,-12340,1857,1600,1242,82294,-10802,11672,4559,944,-455,1262,82273,8901,13241,-312,-236,474,-299,17,2
3168,82295,-13179,-2460,-41,-142,888,-575,82295,2908,-2774,2387,-370,-137,201,82316,13735,-9028,-11340,2665,1747,2208,82316,-10486,11758,4603,1145,-965,1903,82295,8945,13065,-216,-337,653,-633,17,2
3169,82317,-13179,-2460,24,-108,922,-575,82317,2908,-2774,2387,-370,-137,204,82338,13735,-9028,-11340,2977,1748,2208,82338,-10407,11771,4603,1145,-965,1930,82317,8945,13065,-216,-337,797,-633,17,2
3170,82339,-13282,-2460,24,-108,922,-652,82339,2908,-2810,2288,-420,-155,204,82360,13499,-10028,-11340,2977,1748,2208,82360,-10407,11771,4424,1145,-965,1930,82339,8945,12727,-216,-454,797,-955,17,2
3171,82361,-13662,-2384,301,-34,1250,-708,82361,2907,-2867,2202,-459,-168,316,82382,12575,-10813,-10340,4027,1859,3678,82382,-10111,12136,4290,1291,-823,2451,82361,9075,12204,274,-654,1615,-1428,17,2
3172,82383,-13662,-2384,310,-34,1293,-708,82383,2907,-2867,2202,-459,-168,338,82404,12575,-10813,-10340,4057,1901,3825,82404,-10083,12136,4290,1291,-823,2451,82383,9122,12204,428,-654,1615,-1428,17,2
3173,82405,-14009,-2384,310,-34,1293,-708,82405,2847,-2901,2120,-490,-168,338,82426,11882,-11691,-10340,4057,1901,3825,82426,-10083,12136,4189,1291,-823,2451,82405,9122,12204,428,-904,1615,-1958,17,2
3174,82427,-14269,-2356,551,-13,1572,-540,82427,2732,-2927,2043,-522,-149,450,82448,11362,-12514,-9340,4981,2218,5047,82448,-9861,12368,3778,1480,-679,2899,82427,9101,12252,554,-1091,1938,-2744,17,2
3175,82449,-14269,-2356,599,-13,1572,-496,82449,2732,-2927,2043,-522,-82,476,82470,11362,-12514,-9340,5193,2218,5051,82470,-9708,12368,3778,1480,-305,3122,82449,9101,12961,554,-1091,1938,-2744,17,2
3176,82471,-14269,-2356,599,-29,1572,-496,82471,2554,-2927,1972,-548,-82,476,82492,10972,-13221,-9340,5193,2218,5051,82492,-9708,12336,3470,1480,-305,3122,82471,8931,12961,554,-1091,1938,-3469,17,2
3177,82493,-13269,-2335,924,-68,1896,-352,82493,2401,-2915,1856,-595,-38,609,82514,10541,-13942,-8340,5991,1955,5966,82514,-9427,12336,3470,1573,-128,3802,82493,8639,12952,648,-966,1987,-4211,17,2
3178,82515,-13269,-2334,927,-68,1906,-352,82515,2401,-2915,1856,-595,-38,615,82536,10541,-13942,-8340,5991,1955,6003,82536,-9392,12492,3771,1573,-128,3949,82515,8639,12952,872,-966,1987,-4211,17,2
3179,82537,-13269,-2334,927,-68,1906,-352,82537,2268,-2940,1762,-666,-38,615,82558,10205,-14410,-8340,5991,1758,6003,82558,-9392,12492,3771,1573,-128,3949,82537,8420,12946,872,-966,1987,-4915,17,2
3180,82559,-12269,-2258,1200,-56,2242,-244,82559,2055,-3047,1595,-737,-16,748,82580,9697,-14757,-7340,6590,1758,6717,82580,-9025,12609,3676,1728,-143,5026,82559,8019,12946,1111,-875,1611,-5819,17,2
3181,82581,-12269,-2258,1200,-56,2242,-217,82581,2055,-3047,1595,-737,-16,772,82602,9697,-14757,-7340,6661,1769,6838,82602,-8910,13319,3676,1728,-143,5269,82581,8019,13384,1111,-875,1611,-5819,17,2
3182,82603,-12269,-2258,1200,-56,2242,-217,82603,1869,-3143,1438,-791,-16,772,82624,9316,-14757,-7340,6661,1769,6838,82624,-8910,13319,3605,1728,-433,5269,82603,7448,13384,1111,-875,1329,-6615,17,2
3183,82625,-11269,-2201,1406,-38,2254,-116,82625,1707,-3224,1290,-831,-16,932,82646,8316,-14553,-6340,7164,1777,7638,82646,-8217,13939,3410,2040,-1200,6275,82625,6878,13820,1267,-792,1252,-7337,17,2
3184,82647,-11269,-2090,1406,-38,2254,-116,82647,1707,-3224,1290,-831,-16,945,82668,8316,-14396,-6340,7164,1777,7638,82668,-8174,14108,3410,2040,-1200,6291,82647,6878,13921,1267,-792,1252,-7337,17,2
3185,82669,-11269,-2090,1406,-38,2254,-116,82669,1567,-3275,1168,-849,-23,945,82690,7462,-14335,-6340,7164,1720,7638,82690,-8174,14108,3264,2040,-1770,6291,82669,6348,13921,1267,-792,1252,-7919,17,2
3186,82691,-10269,-1964,1588,-7,2246,-18,82691,1346,-3314,1020,-860,-30,1084,82712,6733,-14107,-5340,7405,1425,8177,82712,-7353,14600,3155,2098,-2198,7357,82691,5666,14323,1328,-854,1576,-8356,17,2
3187,82713,-10269,-1806,1623,84,2246,57,82713,1346,-3314,1020,-860,-30,1091,82734,6733,-14043,-5340,7405,1425,8177,82734,-7353,14600,3155,2098,-2198,7409,82713,5666,14323,1328,-854,1666,-8356,17,2
3188,82735,-10269,-1806,1623,84,2246,57,82735,1155,-3344,900,-868,-37,1091,82756,6186,-14043,-5340,7405,1204,8177,82756,-7353,14600,3084,2098,-2198,7409,82735,5135,14323,1328,-912,1666,-8683,17,2
3189,82757,-9269,-1816,1957,259,2451,191,82757,1012,-3406,785,-872,-41,1201,82778,5659,-13842,-4340,7586,1038,8581,82778,-6353,14817,3031,2142,-1967,8410,82757,4623,14688,1374,-1214,1672,-8853,17,2
3190,82779,-9269,-1816,1965,343,2467,191,82779,1012,-3406,785,-872,-41,1202,82800,5659,-13827,-4340,7586,1038,8581,82800,-6353,14817,3031,2269,-1956,8410,82779,4623,14688,1504,-1214,1672,-8853,17,2
3191,82801,-9269,-1824,1965,343,2467,191,82801,847,-3406,668,-872,-41,1202,82822,5255,-13827,-4340,7491,1038,8556,82822,-6353,14817,2922,2269,-1956,8410,82801,3964,14688,1504,-1469,1672,-8921,17,2
3192,82823,-8269,-1916,2158,480,2692,254,82823,683,-3371,562,-844,0,1274,82844,4766,-13665,-3340,6870,1162,8516,82844,-5353,15091,2909,2451,-920,8839,82823,3096,14962,1718,-1660,1448,-8932,17,2
3193,82845,-8269,-1916,2158,480,2692,254,82845,683,-3352,562,-816,0,1274,82866,4766,-13662,-3340,6870,1319,8516,82866,-5353,15091,2909,2517,-920,8839,82845,3096,14962,1913,-1660,1448,-8932,17,2
3194,82867,-8269,-1985,2158,480,2692,254,82867,560,-3352,475,-816,0,1274,82888,4399,-13662,-3340,6315,1319,8470,82888,-5353,15091,2830,2517,-920,8839,82867,2336,14962,1913,-1661,1374,-8932,17,2
3195,82889,-7269,-2020,2242,536,2609,243,82889,462,-3395,357,-774,74,1288,82910,4082,-13856,-2340,5889,1248,7962,82910,-4353,15326,2338,2861,-92,8918,82889,1608,15123,2055,-1661,1129,-8675,17,2
3196,82911,-7269,-2020,2242,536,2609,243,82911,462,-3395,357,-771,107,1288,82932,4082,-13856,-2340,5889,1248,7962,82932,-4353,15326,2338,2861,-92,8918,82911,1608,15184,2055,-1639,1129,-8565,17,2
3197,82933,-7269,-2020,1681,402,1956,182,82933,389,-3428,268,-771,107,1263,82954,3517,-14004,-2340,5480,1195,7575,82954,-4353,15326,1969,2760,-92,8918,82933,1036,15184,2055,-1639,945,-8565,17,2
3198,82955,-6269,-1515,1260,301,1467,136,82955,151,-3454,195,-738,196,1205,82976,2796,-14331,-1340,5173,1155,6909,82976,-3353,15502,1543,2534,649,8754,82955,600,15351,2206,-1823,-188,-8133,17,2
3199,82977,-6269,-1515,1260,301,1467,136,82977,151,-3454,195,-738,196,1205,82998,2796,-14331,-1340,5173,1155,6909,82998,-3353,15502,1543,2534,649,8754,82977,600,15351,2206,-1823,-188,-8054,17,2
3200,82999,-6269,-1515,1260,301,1467,102,82999,-59,-3473,150,-738,196,1139,83020,2327,-14576,-1340,4853,1155,6399,83020,-3353,15502,1316,2332,649,8431,82999,186,15351,2206,-1994,-1038,-8054,17,2
3201,83021,-7269,-1676,1514,447,1599,102,83021,-257,-3658,126,-780,237,1021,83042,2265,-15576,-340,4602,838,5439,83042,-2353,15653,1146,1489,595,6737,83021,-551,15395,2470,-2130,-1678,-7528,17,2
3202,83043,-7269,-1676,1563,612,1690,102,83043,-257,-3658,126,-780,237,1021,83064,2265,-15576,-340,4602,838,5439,83064,-2353,15663,1146,1489,595,6737,83043,-551,15395,2479,-2130,-1678,-7300,17,2
3203,83065,-8269,-1797,1563,612,1690,102,83065,-406,-3948,108,-780,237,902,83086,2265,-16576,-340,3746,182,4690,83086,-2353,15663,1146,835,30,4752,83065,-1447,15395,2479,-2130,-1678,-7300,17,2
3204,83087,-9022,-2003,1790,677,1858,174,83087,-456,-4165,-19,-765,139,692,83108,2218,-17576,660,2882,-688,3061,83108,-1353,15799,1272,344,-513,3263,83087,-2119,15459,2840,-1994,-1567,-5819,17,2
3205,83109,-9022,-2003,1902,677,1874,189,83109,-456,-4165,-19,-668,139,692,83130,2218,-17576,660,2882,-688,3061,83130,-1353,15799,1272,344,-513,3263,83109,-2119,15459,2840,-1785,-812,-5304,17,2
3206,83131,-9022,-2286,1902,467,1874,189,83131,-493,-4165,-115,-668,65,445,83152,1730,-17576,660,1955,-688,1476,83152,-1353,15799,1272,-2,-1071,2358,83131,-2119,15459,2840,-1785,-812,-5304,17,2
3207,83153,-8022,-2498,2375,168,2012,254,83153,-600,-4148,-187,-524,21,260,83174,1177,-17214,1506,1229,-203,287,83174,-579,15885,1245,-286,-1860,1695,83153,-2054,15507,3075,-1310,495,-3730,17,2
3208,83175,-8022,-2498,2383,168,2291,254,83175,-600,-4123,-187,-456,21,260,83196,1177,-17126,1506,1229,-1,287,83196,-579,15885,1245,-286,-1860,1695,83175,-1998,15525,3075,-1269,495,-3730,17,2
3209,83197,-8022,-2498,2383,-103,2291,217,83197,-681,-4123,-241,-456,4,162,83218,1024,-17126,1506,695,-1,-223,83218,-579,15885,1224,-391,-2607,1254,83197,-1998,15525,3075,-1269,495,-3730,17,2
3210,83219,-9022,-2451,3098,-405,2126,164,83219,-681,-4055,-330,-307,4,117,83240,1024,-16797,2220,300,529,-422,83240,0,15949,1224,-470,-3012,1104,83219,-1842,15577,3123,-923,1336,-2868,17,2
3211,83241,-9022,-2451,3098,-405,2126,164,83241,-666,-4055,-330,-307,13,117,83262,1251,-16797,2220,300,529,-422,83262,0,15966,1242,-470,-3012,1104,83241,-1842,15596,3123,-923,1336,-2868,17,2
3212,83263,-10022,-2451,3098,-632,1879,113,83263,-666,-4055,-419,-307,13,95,83284,1251,-16797,2220,125,529,-422,83284,0,15966,1242,-488,-3033,1104,83263,-1842,15596,3123,-923,1336,-2868,17,2
3213,83285,-11022,-2416,3532,-809,1676,56,83285,-573,-4039,-486,-249,48,85,83306,1394,-16591,2660,125,465,-365,83306,468,16035,1255,-488,-3033,1113,83285,-2031,15654,3126,-850,1349,-2433,17,2
3214,83307,-11022,-2384,3532,-809,1676,56,83307,-573,-4039,-486,-249,59,85,83328,1394,-16591,2660,157,465,-217,83328,561,16035,1255,-424,-2765,1113,83307,-2031,15654,3126,-850,1349,-2433,17,2
3215,83329,-12022,-2384,3532,-864,1542,29,83329,-573,-4039,-486,-249,59,85,83350,1357,-16591,2660,157,417,-217,83350,561,16035,1255,-424,-2765,1113,83329,-2187,15654,3126,-850,1349,-2433,17,2
3216,83351,-12975,-2289,3858,-905,1283,29,83351,-622,-4050,-486,-215,129,97,83372,1329,-17591,2895,181,350,-22,83372,1097,16077,1236,-376,-2110,949,83351,-2340,15658,3180,-902,1359,-2107,17,2
3217,83373,-12975,-2288,3858,-905,1283,56,83373,-622,-4050,-486,-215,129,97,83394,1329,-17591,2895,181,350,-22,83394,1104,16077,1236,-376,-2110,949,83373,-2340,15658,3190,-902,1423,-2075,17,2
3218,83395,-13689,-2288,3858,-905,1089,56,83395,-659,-4061,-494,-215,129,97,83416,1329,-18591,2895,181,350,-22,83416,1104,16077,1236,-410,-2110,710,83395,-2468,15652,3190,-902,1423,-2075,17,2
3219,83417,-14224,-2143,4042,-891,944,79,83417,-659,-4073,-530,-181,114,63,83438,1391,-18591,3071,78,580,-132,83438,1512,16108,1242,-499,-1728,396,83417,-2564,15624,3300,-901,1192,-1601,17,2
3220,83439,-14224,-2143,4064,-822,944,79,83439,-649,-4073,-530,-171,114,63,83460,1404,-17991,3145,78,580,-132,83460,1512,16108,1248,-499,-1728,396,83439,-2564,15624,3336,-634,1192,-1568,17,2
3221,83461,-14224,-2143,4064,-822,935,79,83461,-649,-4073,-551,-171,88,25,83482,1404,-17991,3145,74,580,-215,83482,1512,16098,1248,-499,-1728,144,83461,-2592,15624,3336,-634,418,-1568,17,2
3222,83483,-13224,-2137,4227,-642,935,133,83483,-619,-4068,-567,-102,69,-2,83504,1593,-17477,3333,74,642,-221,83504,1713,16071,1386,-454,-1262,-79,83483,-2613,15637,3370,-241,-563,-1178,17,2
3223,83505,-13224,-2137,4297,-635,1086,133,83505,-618,-4039,-567,-102,69,-2,83526,1593,-17477,3333,132,642,-221,83526,1713,16071,1386,-454,-774,-79,83505,-2613,15664,3370,-129,-563,-1178,17,2
3224,83527,-13224,-2137,4297,-635,1086,133,83527,-618,-4039,-579,-102,55,-15,83548,1593,-17477,3333,132,642,-221,83548,1713,16071,1386,-454,-774,-247,83527,-2628,15664,3370,-129,-1299,-1178,17,2
3225,83549,-13911,-2132,4470,-497,1357,72,83549,-584,-4014,-591,-60,45,-22,83570,1485,-17137,3474,213,490,-169,83570,1808,16074,1398,-344,391,-272,83549,-2628,15671,3364,-76,-1588,-868,17,2
3226,83571,-13911,-2124,4470,-497,1357,72,83571,-584,-4012,-591,-60,45,-22,83592,1485,-17137,3474,213,490,-166,83592,1808,16074,1398,-344,391,-272,83571,-2603,15671,3364,-76,-1588,-862,17,2
3227,83593,-14439,-2124,4470,-497,1357,24,83593,-584,-4012,-598,-60,38,-22,83614,1344,-17137,3474,213,490,-166,83614,1808,16074,1398,-344,391,-272,83593,-2603,15629,3361,-120,-1588,-862,17,2
3228,83615,-14835,-2125,4536,-488,1373,-11,83615,-612,-4013,-601,-51,38,-17,83636,1239,-16877,3570,208,567,-128,83636,1880,16066,1368,-261,326,-226,83615,-2575,15620,3358,-227,-1525,-672,17,2
3229,83637,-14835,-2125,4536,-488,1373,-11,83637,-612,-4013,-601,-51,46,-9,83658,1239,-16877,3570,208,567,-128,83658,1889,16066,1368,-261,326,-226,83637,-2575,15620,3358,-227,-1521,-672,17,2
3230,83659,-15119,-2127,4536,-489,1373,-28,83659,-612,-4014,-601,-51,46,-9,83680,1221,-16877,3570,160,567,-128,83680,1889,16066,1346,-261,326,-226,83659,-2575,15614,3358,-308,-1521,-672,17,2
3231,83681,-15357,-2146,4586,-490,1357,-29,83681,-610,-4015,-600,-45,56,0,83702,1221,-16657,3719,160,625,-158,83702,1941,16072,1346,-216,368,-221,83681,-2557,15614,3387,-441,-1311,-536,17,2
3232,83703,-15357,-2146,4596,-490,1357,-29,83703,-610,-4015,-600,-32,57,0,83724,1221,-16657,3719,190,625,-158,83724,1941,16080,1378,-216,368,-221,83703,-2557,15614,3397,-441,-741,-536,17,2
3233,83725,-15535,-2146,4596,-490,1345,-30,83725,-610,-4015,-603,-32,57,0,83746,1209,-16657,3719,190,614,-158,83746,1941,16080,1378,-216,368,-221,83725,-2562,15623,3397,-566,-741,-536,17,2
3234,83747,-15669,-2143,4700,-482,1234,-51,83747,-621,-4002,-605,-6,71,2,83768,1209,-16492,3800,212,590,-125,83768,1979,16089,1402,-183,417,-191,83747,-2566,15623,3416,-659,-217,-395,17,2
3235,83769,-15669,-2141,4700,-482,1234,-51,83769,-621,-4002,-605,-6,71,2,83790,1212,-16492,3800,220,590,-117,83790,1979,16089,1402,-183,473,-181,83769,-2566,15626,3416,-659,-217,-395,17,2
3236,83791,-15669,-2141,4700,-482,1161,-66,83791,-629,-4002,-605,-6,71,2,83812,1215,-16492,3800,220,480,-117,83812,1979,16089,1402,-183,473,-181,83791,-2569,15626,3416,-659,-217,-395,17,2
3237,83813,-14669,-2118,4762,-448,1123,-87,83813,-629,-4001,-597,-1,80,9,83834,1215,-16405,3861,263,398,-52,83834,2004,16095,1412,-168,857,-153,83813,-2577,15628,3511,-598,-499,-289,17,2
3238,83835,-14669,-2118,4762,-448,1123,-87,83835,-625,-4001,-597,-1,80,9,83856,1217,-16405,3861,263,398,-52,83856,2013,16095,1412,-168,972,-153,83835,-2577,15628,3511,-585,-499,-289,17,2
3239,83857,-14995,-2120,4762,-448,1095,-102,83857,-625,-4004,-597,-5,80,9,83878,1217,-16405,3861,263,398,-52,83878,2013,16095,1412,-168,972,-153,83857,-2594,15623,3511,-585,-790,-289,17,2
3240,83879,-15268,-2180,4787,-428,1095,-114,83879,-632,-4013,-591,-11,84,12,83900,1217,-16350,3975,183,491,-158,83900,2075,16105,1455,-81,1216,-184,83879,-2594,15619,3572,-346,-1008,-79,17,2
3241,83901,-15268,-2180,4787,-428,1098,-114,83901,-632,-4013,-591,-11,84,12,83922,1217,-16350,4017,183,491,-158,83922,2075,16105,1455,-76,1216,-184,83901,-2547,15616,3572,-346,-1008,-79,17,2
3242,83923,-15268,-2186,4787,-428,1098,-114,83923,-637,-4020,-591,-11,84,12,83944,1217,-16350,4017,130,491,-220,83944,2075,16105,1455,-76,1216,-207,83923,-2547,15616,3572,-346,-1008,-79,17,2
3243,83945,-14268,-2186,4799,-417,1097,-72,83945,-639,-4025,-586,-10,83,8,83966,1217,-16230,4092,106,444,-225,83966,2057,16112,1488,-46,1127,-207,83945,-2484,15603,3575,-288,-768,17,17,2
3244,83967,-14268,-2152,4799,-413,1097,-47,83967,-639,-4025,-586,-2,83,8,83988,1218,-16230,4092,106,444,-225,83988,2057,16112,1493,-46,1127,-195,83967,-2484,15603,3575,-288,-643,17,17,2
3245,83989,-14268,-2152,4799,-413,1097,-47,83989,-639,-4025,-586,-2,71,5,84010,1219,-16230,4092,106,366,-225,84010,2043,16112,1493,-46,990,-195,83989,-2484,15603,3575,-288,-643,17,17,2
3246,84011,-14731,-2190,4834,-367,1107,-9,84011,-638,-4010,-594,11,62,3,84032,1219,-16217,4127,178,294,-160,84032,2037,16118,1476,-77,693,-136,84011,-2497,15612,3577,-282,-319,21,17,2
3247,84033,-14731,-2190,4834,-367,1107,-9,84033,-638,-4010,-594,11,62,3,84054,1219,-16217,4127,178,294,-160,84054,2037,16131,1476,-77,693,-135,84033,-2497,15612,3577,-282,-267,21,17,2
3248,84055,-15083,-2227,4834,-367,1107,-9,84055,-638,-4010,-600,11,56,3,84076,1206,-16217,4127,178,294,-160,84076,2035,16131,1464,-77,634,-135,84055,-2506,15612,3577,-298,-267,21,17,2
3249,84077,-15377,-2255,4860,-366,1052,3,84077,-637,-4007,-608,18,53,3,84098,1183,-16207,4150,194,342,-149,84098,2035,16145,1464,-76,634,-102,84077,-2528,15620,3577,-353,76,24,17,2
3250,84099,-15377,-2255,4869,-366,1052,3,84099,-634,-4007,-608,18,53,6,84120,1183,-16192,4153,194,342,-149,84120,2046,16145,1465,-42,663,-102,84099,-2528,15620,3577,-353,76,24,17,2
3251,84121,-15597,-2255,4869,-367,1009,3,84121,-634,-4007,-614,18,52,6,84142,1166,-16192,4153,194,342,-149,84142,2046,16145,1465,-42,663,-102,84121,-2545,15620,3577,-364,76,24,17,2
3252,84143,-15748,-2187,4880,-368,976,20,84143,-631,-4008,-619,21,52,9,84164,1153,-16172,4203,242,314,-102,84164,2092,16145,1470,9,789,-142,84143,-2567,15626,3611,-364,251,25,17,2
3253,84165,-15748,-2187,4880,-368,976,30,84165,-631,-4008,-619,21,52,9,84186,1153,-16172,4203,242,314,-66,84186,2092,16145,1477,40,789,-142,84165,-2567,15626,3611,-268,251,25,17,2
3254,84187,-15854,-2187,4880,-368,976,30,84187,-631,-4012,-622,21,52,9,84208,1143,-16172,4203,242,293,-62,84208,2092,16141,1477,40,737,-197,84187,-2600,15626,3611,-268,104,25,17,2
3255,84209,-15933,-2151,4885,-325,1000,42,84209,-638,-4017,-623,24,59,4,84230,1130,-16160,4209,232,284,-144,84230,2056,16137,1481,60,666,-238,84209,-2602,15622,3598,-63,-34,109,17,2
3256,84231,-15933,-2151,4885,-325,1003,42,84231,-638,-4017,-623,29,59,4,84252,1130,-16157,4209,232,284,-144,84252,2056,16137,1481,60,666,-238,84231,-2602,15622,3598,-63,-34,131,17,2
3257,84253,-15980,-2151,4885,-325,1003,42,84253,-645,-4017,-624,29,59,-4,84274,1115,-16157,4209,182,284,-207,84274,2018,16135,1481,60,601,-238,84253,-2602,15613,3575,-63,-68,131,17,2
3258,84275,-15980,-2137,4894,-306,1017,51,84275,-650,-4010,-624,39,50,-12,84296,1104,-16113,4213,144,326,-253,84296,1989,16133,1479,63,546,-235,84275,-2554,15606,3559,-111,-68,166,17,2
3259,84297,-14980,-2137,4901,-306,1017,51,84297,-650,-4010,-622,41,50,-12,84318,1104,-16098,4213,144,326,-253,84318,1989,16133,1479,63,546,-227,84297,-2545,15606,3559,-111,-51,166,17,2
3260,84319,-14980,-2137,4906,-311,1010,51,84319,-650,-4010,-622,41,43,-17,84340,1104,-16098,4213,144,326,-253,84340,1967,16133,1478,53,449,-227,84319,-2545,15606,3555,-186,-51,146,17,2
3261,84341,-15309,-2141,4906,-326,995,47,84341,-630,-4000,-626,48,40,-17,84362,1117,-16099,4234,146,389,-239,84362,1960,16135,1477,30,349,-178,84341,-2540,15610,3555,-335,42,68,17,2
3262,84363,-15309,-2141,4916,-326,995,47,84363,-630,-3998,-626,48,40,-16,84384,1120,-16099,4234,146,389,-239,84384,1960,16136,1477,30,349,-152,84363,-2540,15613,3558,-335,125,68,17,2
3263,84385,-15556,-2159,4916,-371,983,35,84385,-630,-3998,-626,48,40,-16,84406,1120,-16100,4234,146,389,-239,84406,1958,16136,1465,0,209,-152,84385,-2540,15613,3558,-477,125,3,17,2
3264,84407,-15742,-2173,4924,-437,937,21,84407,-631,-3996,-622,41,50,-11,84428,1144,-16101,4250,160,420,-233,84428,1958,16142,1455,-57,104,-54,84407,-2561,15613,3563,-584,451,-45,17,2
3265,84429,-15742,-2173,4939,-437,937,21,84429,-631,-3996,-622,41,53,-7,84450,1145,-16101,4265,160,425,-233,84450,1965,16144,1455,-57,104,-54,84429,-2561,15615,3563,-584,451,-45,17,2
3266,84451,-15881,-2173,4939,-485,903,11,84451,-632,-3996,-622,36,53,-7,84472,1145,-16101,4265,160,425,-233,84472,1965,16144,1448,-82,104,-54,84451,-2583,15615,3563,-609,451,-57,17,2
3267,84473,-15993,-2167,4956,-520,889,-8,84473,-633,-3995,-619,32,62,1,84494,1244,-16098,4254,190,440,-226,84494,1991,16149,1443,-82,164,0,84473,-2616,15606,3599,-609,449,-57,17,2
3268,84495,-15993,-2151,4972,-520,889,-8,84495,-633,-3994,-617,32,62,1,84516,1266,-16098,4254,216,440,-189,84516,1995,16149,1443,-80,252,0,84495,-2616,15606,3599,-592,449,-45,17,2
3269,84517,-16077,-2151,4972,-546,889,-24,84517,-633,-3994,-617,29,62,1,84538,1266,-16098,4254,217,440,-189,84538,1995,16149,1441,-80,252,0,84517,-2651,15605,3599,-592,429,-45,17,2
3270,84539,-16125,-2152,4997,-566,896,-53,84539,-631,-3992,-612,22,68,6,84560,1339,-16096,4270,235,403,-145,84560,2032,16152,1439,-72,353,23,84539,-2677,15596,3629,-551,304,1,17,2
3271,84561,-16125,-2152,4997,-566,921,-53,84561,-631,-3992,-611,22,72,6,84582,1339,-16096,4278,236,403,-145,84582,2042,16152,1439,-72,353,23,84561,-2677,15596,3629,-547,304,18,17,2
3272,84583,-16161,-2152,4997,-566,921,-53,84583,-631,-3992,-611,17,72,6,84604,1288,-16096,4278,236,376,-145,84604,2042,16152,1439,-87,353,23,84583,-2683,15591,3629,-547,210,18,17,2
3273,84605,-16188,-2130,4990,-490,949,-48,84605,-629,-3990,-614,13,82,4,84626,1250,-16095,4297,239,355,-140,84626,2074,16144,1454,-99,139,26,84605,-2685,15585,3685,-510,192,61,17,2
3274,84627,-16188,-2130,4990,-489,949,-46,84627,-629,-3990,-614,13,82,4,84648,1250,-16089,4301,239,355,-140,84648,2074,16144,1471,-99,139,26,84627,-2685,15585,3697,-508,192,61,17,2
3275,84649,-16230,-2130,4984,-489,949,-46,84649,-629,-3990,-616,13,79,2,84670,1250,-16089,4301,231,355,-140,84670,2074,16131,1471,-104,-92,26,84649,-2685,15581,3697,-508,192,61,17,2
3276,84671,-16261,-2138,4980,-426,930,-39,84671,-620,-3985,-617,18,75,1,84692,1253,-16070,4314,225,381,-136,84692,2089,16120,1433,-104,-265,74,84671,-2685,15578,3733,-430,431,84,17,2
3277,84693,-16261,-2138,4980,-426,930,-39,84693,-620,-3985,-617,24,75,1,84714,1253,-16065,4314,225,381,-136,84714,2089,16120,1433,-97,-265,74,84693,-2685,15578,3733,-430,431,84,17,2
3278,84715,-16280,-2144,4980,-426,916,-39,84715,-620,-3988,-617,24,72,1,84736,1253,-16065,4314,225,381,-136,84736,2089,16113,1389,-97,-265,74,84715,-2685,15575,3733,-430,416,84,17,2
3279,84737,-16286,-2151,5021,-403,905,-55,84737,-609,-3996,-616,27,70,3,84758,1226,-16046,4327,233,407,1864,84758,2108,16113,1371,-76,-82,66,84737,-2688,15572,3759,-393,207,98,17,2
3280,84759,-16286,-2151,5021,-403,905,-55,84759,-602,-3996,-614,27,70,3,84780,1226,-16044,4361,233,407,1864,84780,2114,16113,1371,-72,-43,66,84759,-2688,15572,3759,-393,207,98,17,2
3281,84781,-16286,-2156,5021,-407,897,-67,84781,-602,-3999,-614,27,69,3,84802,1206,-16044,4361,233,407,1864,84802,2114,16113,1371,-72,-43,36,84781,-2691,15570,3759,-393,-1,98,17,2
3282,84803,-15286,-2156,5014,-489,897,-74,84803,-581,-4005,-609,29,69,12,84824,1194,-16031,4367,241,426,1385,84824,2133,16113,1393,-37,175,-20,84803,-2691,15569,3791,-360,-168,85,17,2
3283,84825,-15286,-2156,5014,-489,942,-74,84825,-581,-4005,-609,29,74,12,84846,1194,-16031,4367,242,426,1385,84846,2146,16113,1393,-37,175,-20,84825,-2689,15569,3804,-353,-168,85,17,2
3284,84847,-15286,-2156,5009,-554,942,-74,84847,-581,-4008,-609,29,74,12,84868,1194,-16046,4366,242,426,1023,84868,2146,16113,1393,-37,175,-77,84847,-2689,15568,3804,-353,-273,72,17,2
3285,84869,-15486,-2127,5005,-604,995,-71,84869,-587,-4011,-611,29,88,18,85390,1199,-16057,4365,254,432,738,85390,2170,16118,1409,-29,217,-132,84869,-2687,15568,3826,-272,-324,62,18,2
3286,85391,-15486,-2120,5005,-604,1008,-64,85391,-587,-4011,-611,29,92,18,85412,1199,-16057,4365,254,444,738,85412,2170,16129,1409,-29,217,-132,85391,-2687,15573,3826,-268,-324,62,18,2
3287,85413,-15677,-2120,5005,-638,1008,-64,85413,-593,-4011,-615,29,92,18,85434,1199,-16057,4365,254,444,526,85434,2159,16129,1409,-29,217,-146,85413,-2687,15573,3826,-268,-324,62,18,2
3288,85435,-15822,-2098,5028,-638,987,-35,85435,-600,-4009,-623,29,81,17,85456,1193,-16041,4376,261,465,399,85456,2114,16141,1425,-23,192,-157,85435,-2676,15572,3820,-201,-310,84,18,2
3289,85457,-15822,-2093,5029,-576,987,-31,85457,-600,-4007,-623,32,81,17,85478,1193,-16041,4376,261,465,399,85478,2114,16141,1425,-23,192,-157,85457,-2660,15572,3820,-201,-272,95,18,2
3290,85479,-15931,-2093,5029,-576,968,-31,85479,-604,-4007,-628,32,71,16,85500,1182,-16041,4376,261,449,307,85500,2075,16141,1425,-23,171,-158,85479,-2660,15569,3816,-201,-272,95,18,2
3291,85501,-16013,-2069,5051,-500,942,-6,85501,-607,-4002,-632,34,62,14,85522,1167,-16047,4382,234,437,307,85522,2043,16146,1436,-27,155,-158,85501,-2630,15569,3813,-168,-166,121,18,2
3292,85523,-16013,-2069,5051,-500,942,-6,85523,-607,-4002,-632,34,62,14,85544,1167,-16047,4382,231,437,307,85544,2043,16146,1436,-27,155,-157,85523,-2630,15569,3810,-168,-166,121,18,2
3293,85545,-16070,-2069,5051,-500,922,-6,85545,-609,-4002,-635,34,57,14,85566,1156,-16052,4382,223,437,238,85566,2019,16146,1436,-35,134,-157,85545,-2630,15568,3810,-168,-166,121,18,2
3294,85567,-16133,-2067,5068,-467,897,8,85567,-612,-3998,-637,34,54,14,85588,1148,-16052,4389,206,464,186,85588,2001,16149,1440,-45,109,-152,85567,-2607,15568,3802,-140,-92,140,18,2
3295,85589,-16133,-2067,5072,-467,897,8,85589,-612,-3998,-637,34,54,15,85610,1148,-16039,4389,206,464,186,85610,2001,16149,1440,-45,109,-142,85589,-2607,15568,3802,-140,-92,140,18,2
3296,85611,-16181,-2067,5072,-467,885,8,85611,-615,-3998,-639,32,51,15,85632,1142,-16039,4389,204,464,186,85632,1987,16149,1440,-52,90,-142,85611,-2607,15566,3796,-140,-92,140,18,2
3297,85633,-16196,-2066,5082,-468,876,21,85633,-617,-3998,-643,30,49,17,85654,1137,-16029,4412,202,484,132,85654,1977,16146,1441,-52,90,-138,85633,-2585,15564,3796,-119,-46,150,18,2
3298,85655,-16196,-2066,5082,-468,876,22,85655,-617,-3998,-643,30,49,17,85676,1137,-16029,4412,202,484,132,85676,1977,16146,1441,-47,107,-138,85655,-2585,15564,3797,-119,-46,150,18,2
3299,85677,-16202,-2066,5082,-468,870,22,85677,-618,-3998,-645,29,49,17,85698,1137,-16029,4412,201,484,84,85698,1969,16146,1434,-47,107,-148,85677,-2585,15564,3797,-119,-128,150,18,2
3300,85699,-16206,-2059,5089,-457,858,32,85699,-620,-3999,-646,28,52,18,85720,1144,-16045,4430,187,483,38,85720,1969,16147,1421,-32,120,-180,85699,-2582,15570,3797,50,-190,181,18,2
3301,85721,-16206,-2059,5089,-441,858,32,85721,-620,-3999,-646,28,52,18,85742,1164,-16045,4433,187,483,38,85742,1969,16150,1421,-32,120,-180,85721,-2582,15570,3797,58,-190,208,18,2
3302,85743,-16206,-2059,5089,-441,813,32,85743,-621,-4000,-647,28,52,17,85764,1164,-16045,4433,176,482,14,85764,1970,16150,1411,-32,120,-195,85743,-2582,15570,3778,58,-190,208,18,2
3303,85765,-16211,-2059,5114,-420,777,37,85765,-622,-4001,-648,29,48,16,85786,1170,-16030,4448,171,461,4,85786,1967,16160,1404,-14,160,-205,85765,-2543,15570,3755,133,-151,265,18,2
3304,85787,-16211,-2059,5114,-420,777,37,85787,-622,-4001,-648,31,48,16,85808,1165,-16030,4448,171,461,4,85808,1967,16160,1404,-12,160,-205,85787,-2542,15570,3755,133,-151,265,18,2
3305,85809,-16222,-2059,5099,-420,768,37,85809,-623,-4001,-650,31,45,15,85830,1145,-16030,4448,171,445,4,85830,1965,16160,1393,-12,160,-209,85809,-2542,15570,3738,133,-151,265,18,2
3306,85831,-16232,-2054,5066,-399,763,49,85831,-624,-3995,-651,34,43,14,85852,1142,-16047,4462,176,433,-3,85852,1963,16168,1381,2,170,-212,85831,-2513,15585,3699,164,-187,298,18,2
3307,85853,-16232,-2054,5066,-399,763,49,85853,-624,-3995,-651,34,43,14,85874,1141,-16047,4462,178,433,-3,85874,1941,16168,1381,2,170,-212,85853,-2501,15586,3699,164,-187,298,18,2
3308,85875,-16238,-2054,5041,-399,759,49,85875,-629,-3995,-651,34,41,13,85896,1140,-16047,4462,178,433,-53,85896,1938,16168,1372,2,160,-214,85875,-2501,15586,3657,164,-187,298,18,2
3309,85897,-16244,-2050,5022,-383,733,73,85897,-634,-3991,-649,36,40,11,85918,1140,-16033,4446,170,457,-91,85918,1909,16165,1366,0,137,-214,85897,-2466,15597,3596,123,-187,301,18,2
3310,85919,-16244,-2050,5022,-383,733,73,85919,-634,-3991,-649,36,40,11,85940,1144,-16032,4446,170,457,-91,85940,1909,16165,1366,0,137,-214,85919,-2463,15598,3596,123,-159,301,18,2
3311,85941,-16244,-2050,4989,-383,695,73,85941,-642,-3991,-651,36,40,10,85962,1144,-16032,4446,164,457,-91,85962,1879,16165,1358,-3,120,-214,85941,-2463,15598,3572,47,-159,286,18,2
3312,85963,-16235,-2047,4958,-359,666,74,85963,-648,-3988,-654,39,40,9,85984,1164,-16041,4454,164,457,-65,85984,1845,16170,1352,-12,109,-202,85963,-2414,15614,3566,-55,-103,240,18,2
3313,85985,-16235,-2047,4958,-354,666,74,85985,-648,-3987,-654,39,40,9,86006,1165,-16041,4454,174,457,-65,86006,1845,16170,1352,-12,109,-182,85985,-2414,15614,3566,-55,-93,240,18,2
3314,86007,-16235,-2070,4948,-354,664,72,86007,-649,-3987,-656,39,37,8,86028,1165,-16048,4454,174,457,-65,86028,1845,16170,1337,-26,101,-182,86007,-2414,15614,3562,-138,-93,198,18,2
3315,86029,-16234,-2087,4941,-341,662,71,86029,-649,-3984,-658,38,37,8,86050,1160,-16054,4435,181,480,-63,86050,1863,16179,1324,-36,15,-150,86029,-2400,15626,3562,-193,-44,167,18,2
3316,86051,-16234,-2087,4941,-341,662,71,86051,-644,-3984,-658,38,38,9,86072,1160,-16054,4435,181,480,-63,86072,1863,16179,1324,-36,15,-150,86051,-2400,15627,3583,-193,-44,167,18,2
3317,86073,-16234,-2087,4941,-348,653,70,86073,-644,-3984,-658,36,38,9,86094,1157,-16058,4435,181,480,-75,86094,1863,16179,1316,-44,-139,-157,86073,-2400,15627,3583,-193,-44,159,18,2
3318,86095,-16233,-2083,4942,-368,638,64,86095,-640,-3990,-654,34,41,13,86116,1143,-16058,4450,183,507,-86,86116,1875,16172,1309,-48,-277,-186,86095,-2394,15637,3599,-181,-14,159,18,2
3319,86117,-16233,-2083,4942,-368,638,62,86117,-635,-3990,-654,34,41,13,86138,1143,-16043,4450,183,507,-86,86138,1875,16172,1309,-48,-277,-186,86117,-2379,15637,3599,-175,-14,179,18,2
3320,86139,-16233,-2083,4916,-383,638,60,86139,-635,-3994,-654,33,41,13,86160,1129,-16043,4450,183,507,-93,86160,1826,16163,1309,-48,-278,-197,86139,-2379,15637,3586,-175,-14,179,18,2
3321,86161,-16232,-2085,4890,-395,652,57,86161,-637,-3996,-655,33,43,12,86182,1111,-16030,4460,193,508,-93,86182,1776,16156,1305,-38,-279,-197,86161,-2351,15636,3586,-161,17,165,18,2
3322,86183,-16232,-2085,4890,-395,656,57,86183,-637,-3996,-655,33,43,12,86204,1111,-16030,4460,193,508,-76,86204,1776,16156,1305,-38,-279,-188,86183,-2351,15636,3601,-161,18,165,18,2
3323,86205,-16232,-2099,4870,-395,656,57,86205,-645,-3996,-655,33,43,11,86226,1098,-16030,4434,193,508,-76,86226,1739,16151,1302,-38,-280,-188,86205,-2351,15636,3601,-161,18,155,18,2
3324,86227,-16241,-2099,4859,-401,678,55,86227,-651,-3993,-653,37,35,9,86248,1088,-16052,4413,182,505,-63,86248,1711,16059,1300,-73,-1499,-115,86227,-2418,15636,3563,-148,417,155,18,2
3325,86249,-16241,-2097,4859,-401,678,55,86249,-651,-3993,-651,38,35,9,86270,1088,-16052,4413,182,505,1924,86270,1711,16059,1300,-73,-1499,-115,86249,-2418,15636,3563,-99,1042,161,18,2
3326,86271,-16241,-2097,4859,-405,671,53,86271,-651,-3993,-651,38,29,7,86292,1088,-16096,4349,170,502,1924,86292,1711,15990,1226,-104,-2260,-115,86271,-2468,15636,3535,-99,1042,161,18,2
3327,86293,-16197,-2075,4878,-408,665,52,86293,-632,-4028,-630,41,29,6,86314,1267,-16161,4297,28,450,1315,86314,1711,15957,1181,-125,-2524,-396,86293,-2468,15650,3514,-15,1810,354,18,2
3328,86315,-16116,-2064,4909,-408,665,52,86315,-632,-4028,-630,44,31,6,86336,1267,-16161,4297,28,450,1315,86336,1711,15957,1181,-125,-2524,-396,86315,-2400,15679,3514,-15,1810,354,18,2
3329,86337,-16116,-2064,4909,-408,665,52,86337,-632,-4054,-630,44,31,5,86358,1267,-16200,4254,-88,411,875,86358,1827,15957,1181,-143,-2524,-715,86337,-2400,15679,3500,-15,1810,354,18,2
3330,86359,-16023,-2059,4947,-317,684,84,86359,-602,-4074,-607,55,32,-9,86380,1338,-17200,4222,-273,382,545,86380,1827,16035,1147,-193,-2219,-1252,86359,-2368,15689,3488,90,1807,480,18,2
3331,86381,-16023,-2059,4947,-317,710,84,86381,-602,-4074,-607,85,32,-9,86402,1338,-17200,4222,-273,382,545,86402,1827,16035,1147,-193,-2219,-1252,86381,-2368,15711,3488,116,1807,480,18,2
3332,86403,-16023,-2059,4947,-317,710,84,86403,-602,-4074,-607,85,32,-48,86424,1338,-17200,4194,-428,382,298,86424,1786,16035,1039,-295,-2219,-1926,86403,-2368,15711,3479,116,1610,480,18,2
3333,86425,-15023,-2083,5040,-313,808,-20,86425,-600,-4065,-590,131,10,-103,86446,1394,-16896,4066,-759,528,-223,86446,1585,16061,958,-469,-1990,-2432,86425,-2517,15732,3465,298,1303,625,18,2
3334,86447,-15023,-2083,5040,-313,920,-20,86447,-600,-4045,-581,149,10,-103,86468,1540,-16864,4066,-759,567,-223,86468,1585,16061,958,-469,-1990,-2432,86447,-2517,15732,3465,345,1303,767,18,2
3335,86469,-15023,-2205,5040,-356,920,-150,86469,-600,-4045,-581,149,8,-159,86490,1540,-16864,3970,-1051,567,-1044,86490,1278,16061,958,-637,-1990,-2824,86469,-2628,15732,3454,345,1073,767,18,2
3336,86491,-14023,-2296,5040,-438,1162,-251,86491,-482,-4017,-547,196,-16,-201,86512,1951,-16456,3764,-1669,667,-1770,86512,1204,16079,1048,-796,-1581,-3118,86491,-2770,15748,3454,606,853,1364,18,2
3337,86513,-14023,-2296,5040,-438,1162,-251,86513,-477,-4017,-496,196,-16,-201,86534,1973,-16449,3764,-1669,706,-1770,86534,1204,16079,1048,-796,-1473,-3118,86513,-2770,15748,3454,652,853,1548,18,2
3338,86535,-14023,-2348,5017,-617,1162,-285,86535,-477,-4017,-496,196,-21,-233,86556,1973,-16449,3459,-2239,706,-3191,86556,1183,16079,1048,-972,-1473,-3529,86535,-2811,15748,3446,652,283,1548,18,2
3339,86557,-13023,-2385,4813,-795,1158,-285,86557,-363,-3997,-403,228,-24,-268,86578,2297,-16054,2982,-3421,1334,-5191,86578,1167,16093,1060,-1472,-982,-4596,86557,-2842,15934,3446,1231,-893,2737,18,2
3340,86579,-13023,-2385,4813,-795,1158,-245,86579,-358,-3997,-382,231,-24,-268,86600,2297,-16048,2982,-3421,1585,-5191,86600,1167,16100,1060,-1472,-982,-4596,86579,-2842,15934,3442,1231,-893,3174,18,2
3341,86601,-13023,-2385,4475,-910,831,-245,86601,-358,-3997,-382,231,-24,-322,86622,2297,-16048,2531,-4324,1585,-7191,86622,1112,16100,1060,-2043,-982,-5632,86601,-2842,15934,3124,1231,-1775,3174,18,2
3342,86623,-12023,-2191,4128,-910,354,191,86623,-265,-3975,-219,301,33,-441,86644,2523,-15552,2214,-6324,2245,-8961,86644,140,16173,1234,-2768,-614,-6705,86623,-2140,16130,2896,1478,-2483,5129,18,2
3343,86645,-12023,-1972,4128,-859,354,411,86645,-265,-3962,-219,341,33,-441,86666,2523,-15552,2214,-6324,2245,-8961,86666,140,16298,1358,-2768,-111,-6705,86645,-2137,16255,2896,1478,-2483,5129,18,2
3344,86667,-12023,-1972,3801,-859,-379,411,86667,-265,-3962,-219,341,33,-576,86688,2523,-15552,1976,-8324,2245,-10416,86688,-261,16298,1358,-3318,-111,-7754,86667,-2137,16255,2725,1478,-3014,5129,18,2
3345,86689,-11023,-1611,3458,-784,-1152,523,86689,-340,-3817,-149,520,-1,-773,86710,2888,-15184,1798,-10239,1432,-11507,86710,-889,16736,1701,-3798,777,-8704,86689,-1470,16545,2427,1664,-3431,6595,18,2
3346,86711,-11023,-1557,3458,-777,-1152,523,86711,-340,-3784,-149,700,-1,-773,86732,2941,-15184,1798,-10239,1432,-11507,86732,-889,16905,1701,-3798,777,-8704,86711,-1470,16547,2427,1815,-3431,6595,18,2
3347,86733,-11023,-1557,3171,-777,-1152,392,86733,-396,-3784,-149,700,-85,-981,86754,2941,-15184,1638,-11675,1187,-12157,86754,-1483,16905,1701,-3901,777,-9712,86733,-1470,16547,1660,1815,-3689,6595,18,2
3348,86755,-10023,-1167,2378,-582,-864,294,86755,-396,-3635,-34,969,-167,-1187,86776,3363,-14908,1421,-12578,1187,-12637,86776,-2406,17251,1762,-3934,963,-10468,86755,-597,15547,1012,2226,-3689,7792,18,2
3349,86777,-10023,-1167,2378,-582,-864,294,86777,-223,-3635,-27,969,-167,-1187,86798,3363,-14908,1421,-12578,3187,-12637,86798,-2406,17251,1882,-3934,963,-10468,86777,-470,15547,1012,2226,-2587,7792,18,2
3350,86799,-10023,-1167,2378,-582,-864,220,86799,-223,-3635,-27,969,-212,-1402,86820,3363,-14908,625,-12578,3187,-12997,86820,-3307,16554,1882,-3958,963,-10569,86799,-470,14645,1012,2226,-2587,7792,18,2
3351,86821,-9023,-1744,2812,-572,-765,-218,86821,18,-3620,64,1133,-216,-1563,86842,3738,-14791,28,-11410,2583,-13267,86842,-4192,15813,2046,-3976,1013,-10569,86821,530,14645,1144,2255,-2068,8175,18,2
3352,86843,-9023,-1744,2812,-572,-765,-218,86843,25,-3620,64,1133,-216,-1563,86864,4330,-14791,28,-11410,2583,-13267,86864,-4192,15813,2412,-3990,1013,-10556,86843,530,15220,1144,2255,-2068,8175,18,2
3353,86865,-9023,-2177,2812,-572,-879,-281,86865,25,-3620,64,1133,-216,-1583,86886,4330,-14991,-419,-11410,2090,-13470,86886,-4856,14987,2412,-3976,1013,-10556,86865,530,15220,1144,2251,-2068,8175,18,2
3354,86887,-8023,-2351,2975,-565,-1258,-281,86887,334,-3568,319,1241,-192,-1583,86908,5235,-15141,-1275,-11751,1721,-13589,86908,-5648,13987,3229,-3938,1055,-9974,86887,1530,15436,1243,1691,-1687,8435,18,2
3355,86909,-8023,-2351,2975,-565,-1258,-7,86909,348,-3547,376,1241,-155,-1529,86930,5330,-15141,-1275,-11751,1552,-13589,86930,-5648,13987,3229,-3927,1313,-9732,86909,1530,15436,1243,1691,-1679,8435,18,2
3356,86931,-8023,-2351,2975,-565,-1518,-7,86931,348,-3547,376,1241,-155,-1529,86952,5330,-15141,-1955,-12509,1415,-13589,86952,-6242,13280,3229,-3927,1313,-9732,86931,1530,15197,1243,1121,-1679,8435,18,2
3357,86953,-9023,-2226,3050,-624,-1577,-47,86953,610,-3328,663,1267,-123,-1400,86974,6237,-14901,-2955,-12709,1031,-13271,86974,-6888,12750,3901,-4009,1412,-8702,86953,2530,14428,1770,181,-1208,8281,18,2
3358,86975,-9023,-2226,3050,-624,-1577,-47,86975,610,-3328,705,1267,-123,-1383,86996,6244,-14815,-2955,-12709,1031,-13271,86996,-6888,12750,3901,-4009,1412,-8626,86975,2530,14428,1770,181,-1208,8281,18,2
3359,86997,-10023,-2226,2885,-624,-1577,-77,86997,610,-3328,705,1267,-149,-1383,87018,6244,-14815,-3856,-12713,805,-13271,87018,-7373,12686,3901,-4009,1412,-8626,86997,2530,13852,1770,-523,-1208,8024,18,2
3360,87019,-11023,-2270,2761,-487,-1522,-99,87019,952,-3211,994,1206,-188,-1273,87040,6957,-14571,-4659,-12713,635,-11897,87040,-8038,12638,4159,-3856,1462,-7586,87019,3530,13631,1505,-876,-1434,7230,18,2
3361,87041,-11023,-2270,2761,-487,-1522,-99,87041,1000,-3211,1006,1206,-188,-1272,87062,7244,-14424,-4659,-11485,635,-11897,87062,-8038,12638,4159,-3765,1462,-7586,87041,3530,13631,1505,-876,-1434,7230,18,2
3362,87063,-11820,-2303,2585,-487,-1522,-116,87063,1000,-3211,1006,1123,-193,-1272,87084,7244,-14424,-5223,-11485,596,-11897,87084,-8279,12602,4159,-3765,1462,-7586,87063,3530,13465,1312,-876,-1603,6612,18,2
3363,87085,-12418,-2328,2308,-494,-1528,-150,87085,1415,-3123,1277,988,-193,-1129,87106,8244,-14097,-5646,-10561,590,-10727,87106,-8460,12547,4353,-3516,1499,-6723,87085,4530,13430,1312,-692,-1688,6044,18,2
3364,87107,-12418,-2328,2308,-494,-1528,-150,87107,1415,-3123,1315,988,-179,-1097,87128,8244,-13424,-5646,-10561,590,-10727,87128,-8460,12547,4905,-3273,1499,-6723,87107,4530,13430,1572,-565,-1688,6044,18,2
3365,87129,-12914,-2328,1957,-494,-1532,-175,87129,1415,-3123,1315,872,-179,-1097,87150,8244,-13424,-5963,-10561,590,-10727,87150,-8596,12506,4905,-3273,1499,-6723,87129,4530,13354,1572,-565,-1688,5547,18,2
3366,87151,-13286,-2225,1693,-400,-1535,-194,87151,1726,-3010,1569,781,-167,-961,87172,9244,-12424,-6963,-9706,590,-9850,87172,-8922,12457,4759,-2735,1549,-5788,87151,5530,13257,1783,-193,-1702,5135,18,2
3367,87173,-13286,-2225,1693,-400,-1535,-194,87173,1726,-3010,1569,781,-167,-961,87194,9244,-12424,-6963,-9703,590,-9850,87194,-8922,12457,4759,-2697,1549,-5788,87173,5530,13257,1783,-142,-1702,5135,18,2
3368,87195,-13286,-2225,1496,-400,-1535,-226,87195,1726,-3010,1569,665,-188,-961,87216,9244,-12488,-7963,-9703,477,-9850,87216,-9166,12428,4650,-2697,1549,-5788,87195,5530,13125,1560,-142,-1702,4598,18,2
3369,87217,-13004,-2330,1349,-400,-1068,-250,87217,2095,-2981,1771,518,-203,-857,87238,10209,-12536,-8963,-8155,390,-9153,87238,-9473,12399,4650,-1912,1147,-5066,87217,6530,12763,1339,175,-1522,4064,18,2
3370,87239,-12976,-2330,1349,-400,-1068,-250,87239,2116,-2981,1785,518,-203,-855,87260,10209,-12536,-8963,-8107,390,-8349,87260,-9473,12399,4984,-1849,1147,-5066,87239,6530,12763,1339,175,-1522,4064,18,2
3371,87261,-12976,-2409,1157,-430,-1068,-250,87261,2116,-2981,1785,408,-203,-855,87282,10209,-12536,-9907,-8107,390,-8349,87282,-9809,12200,4984,-1849,923,-5066,87261,6530,12492,1173,175,-1522,3552,18,2
3372,87283,-12733,-2443,856,-489,-946,-84,87283,2309,-2978,2008,325,-136,-745,87304,10788,-12530,-10907,-6567,565,-6707,87304,-10099,12051,4846,-1429,590,-4134,87283,7408,12395,507,0,-1301,3044,18,2
3373,87305,-12733,-2443,856,-489,-946,-84,87305,2309,-2978,2008,325,-93,-728,87326,10788,-12524,-10907,-6567,565,-6707,87326,-10099,12051,4846,-1429,590,-4028,87305,7408,12395,507,0,-1301,3044,18,2
3374,87327,-12733,-2443,631,-595,-946,-84,87327,2309,-2978,2008,275,-93,-728,87348,10788,-12524,-11667,-6567,456,-6707,87348,-10317,12051,4742,-1429,472,-4028,87327,7408,12322,8,-171,-1301,2487,18,2
3375,87349,-12564,-2469,391,-692,-758,18,87349,2454,-2933,2195,237,-11,-577,87370,11390,-11524,-12237,-5709,375,-5139,87370,-10453,12157,4742,-1114,383,-3202,87349,8067,12183,8,-539,-677,1946,18,2
3376,87371,-12564,-2469,391,-692,-560,18,87371,2471,-2920,2195,237,15,-576,87392,11684,-11524,-12237,-5709,375,-5139,87392,-10453,12157,5078,-1037,383,-3055,87371,8115,12183,242,-539,-677,1946,18,2
3377,87393,-12564,-2469,178,-775,-560,18,87393,2471,-2920,2195,215,15,-576,87414,11684,-11524,-12661,-5709,317,-5139,87414,-10545,12157,5078,-1037,383,-3055,87393,8115,12079,242,-1003,-677,1460,18,2
3378,87415,-12444,-2461,-74,-925,94,45,87415,2593,-2877,2322,198,58,-417,87436,12461,-10524,-12979,-4754,273,-3722,87436,-10614,12122,5259,-703,389,-2060,87415,8615,12079,556,-1351,-314,1088,18,2
3379,87437,-12438,-2461,-74,-925,94,45,87437,2593,-2877,2322,198,58,-417,87458,12461,-10524,-12979,-4690,273,-3719,87458,-10614,12122,5259,-703,389,-2015,87437,8615,12540,556,-1351,-314,1088,18,2
3380,87459,-12438,-2461,-263,-1037,94,-76,87459,2593,-2877,2322,185,58,-417,87480,12461,-10524,-12979,-4690,273,-3719,87480,-10614,12096,5259,-703,389,-2015,87459,8615,12540,518,-1351,-314,640,18,2
3381,87481,-12385,-2346,-346,-1037,58,-167,87481,2664,-2881,2417,102,68,-301,87502,13031,-9881,-12925,-3127,510,-2635,87502,-10601,11803,5256,-43,340,-1188,87481,8920,12525,489,-1349,-18,299,18,2
3382,87503,-12385,-2346,-346,-1003,58,-167,87503,2664,-2881,2417,102,68,-301,87524,13031,-9881,-12870,-2716,510,-2533,87524,-10601,11803,5256,-43,340,-1064,87503,8920,12525,489,-1101,10,299,18,2
3383,87525,-12385,-2346,-346,-1003,-143,-256,87525,2664,-2881,2417,21,54,-301,87546,13031,-9881,-12870,-2716,510,-2533,87546,-10601,11528,5254,-43,230,-1064,87525,8920,12492,467,-1101,10,48,18,2
3384,87547,-12697,-2295,-299,-893,-143,-296,87547,2658,-2861,2471,-52,35,-210,87568,13388,-9154,-12756,-866,689,-1401,87568,-10591,11377,4776,282,142,-211,87547,9149,12468,163,-716,509,-157,18,2
3385,87569,-12697,-2295,-298,-775,-141,-296,87569,2658,-2855,2471,-52,35,-196,87590,13388,-9154,-11870,-812,689,-1289,87590,-10558,11377,4776,282,142,-151,87569,9149,12468,163,-665,595,-157,18,2
3386,87591,-13072,-2295,-298,-775,-139,-326,87591,2653,-2855,2471,-107,-1,-196,87612,13355,-9154,-11870,-812,689,-1289,87612,-10558,11377,4612,282,42,-151,87591,9149,12450,-64,-665,595,-403,18,2
3387,87613,-13522,-2257,-171,-520,-139,-326,87613,2646,-2840,2472,-126,-31,-80,87634,13176,-8673,-10870,575,740,-184,87634,-10388,11687,4612,481,-42,782,87613,9266,12380,-148,-333,1089,-778,18,2
3388,87635,-13522,-2237,-171,-518,-58,-317,87635,2640,-2829,2472,-126,-31,-52,87656,13176,-8673,-10870,616,740,-54,87656,-10388,11687,4736,481,-42,801,87635,9266,12380,-148,-307,1089,-778,18,2
3389,87657,-13869,-2237,-171,-518,-58,-317,87657,2640,-2829,2462,-126,-35,-52,87678,13017,-8673,-10870,616,740,-54,87678,-10388,11657,4736,481,-170,801,87657,9266,12269,-148,-307,1089,-1059,18,2
3390,87679,-14217,-2177,-52,-286,215,-207,87679,2597,-2770,2376,-107,-38,83,87700,12882,-9583,-9870,1598,1017,1019,87700,-9842,11634,5041,253,-324,1609,87679,9354,12157,852,-173,1408,-1306,18,2
3391,87701,-14217,-2154,-52,-269,225,-207,87701,2597,-2770,2376,-107,-38,83,87722,12882,-9583,-9870,1620,1124,1035,87722,-9766,11634,5375,253,-324,1625,87701,9354,12157,852,-173,1408,-1306,18,2
3392,87723,-14478,-2154,-52,-269,225,-207,87723,2565,-2770,2305,-107,-41,83,87744,12829,-10266,-9870,1620,1124,1035,87744,-9766,11634,5375,82,-439,1625,87723,9192,12157,852,-263,1408,-1565,18,2
3393,87745,-14678,-2108,67,-67,495,-311,87745,2565,-2745,2241,-113,-52,187,87766,12741,-10778,-9048,2371,1245,2005,87766,-9299,12021,5870,29,-444,2213,87745,9071,12339,1679,-384,1726,-1902,18,2
3394,87767,-14678,-2108,67,-54,556,-311,87767,2589,-2745,2241,-113,-52,194,87788,12741,-10778,-9048,2481,1245,2006,87788,-9299,12021,5870,29,-444,2213,87767,9071,12339,1679,-384,1726,-1902,18,2
3395,87789,-14786,-2108,67,-54,556,-389,87789,2589,-2745,2184,-119,-69,194,87810,12085,-11162,-9048,2481,1245,2006,87810,-9299,12021,5577,29,-444,2213,87789,9071,12339,1679,-475,1726,-2251,18,2
3396,87811,-14860,-2158,164,102,943,-389,87811,2607,-2726,2142,-148,-82,262,87832,11593,-11698,-8449,3806,1335,2769,87832,-9048,12216,5357,267,-315,2653,87811,9078,12476,1993,-648,1661,-2776,18,2
3397,87833,-14860,-2158,164,102,943,-344,87833,2607,-2726,2142,-148,-82,268,87854,11593,-11698,-8449,4011,1503,2777,87854,-9048,12216,5357,286,-274,2653,87833,9078,12476,1993,-648,1661,-2776,18,2
3398,87855,-14860,-2217,164,102,943,-344,87855,2601,-2727,2109,-196,-92,268,87876,11593,-12100,-8449,4011,1503,2777,87876,-9048,12216,5304,286,-274,2653,87855,9078,12476,1993,-812,1612,-3352,18,2
3399,87877,-14721,-2350,290,-39,1326,-267,87877,2582,-2814,2071,-298,-92,323,87898,11797,-12588,-7449,5210,1917,3739,87898,-8837,12342,5265,513,-253,3169,87877,8662,12856,2083,-949,1469,-3836,18,2
3400,87899,-14706,-2350,425,-39,1387,-267,87899,2582,-2814,2071,-298,-83,337,87920,11797,-12588,-7449,5210,1917,3932,87920,-8759,12533,5265,600,-253,3269,87899,8662,12856,2083,-949,1469,-3836,18,2
3401,87921,-14706,-2422,425,-222,1387,-267,87921,2539,-2879,2043,-383,-83,337,87942,11280,-12954,-7449,5210,1917,3932,87942,-8759,12533,5077,600,-319,3269,87921,8350,12856,2083,-1031,1469,-4369,18,2
3402,87943,-14601,-2476,684,-392,1686,-225,87943,2442,-2934,2011,-492,-26,459,87964,10800,-13261,-6470,5714,1981,4982,87964,-8388,12867,4936,914,-629,3996,87943,7852,13231,2151,-1080,1498,-4942,18,2
3403,87965,-14581,-2476,690,-392,1686,-225,87965,2442,-2934,2011,-492,-26,474,87986,10800,-13261,-6470,5714,1981,5065,87986,-8364,12867,4936,956,-629,4141,87965,7852,13231,2151,-1080,1498,-4942,18,2
3404,87987,-14581,-2524,690,-520,1686,-225,87987,2357,-3028,1950,-609,-26,474,88008,10440,-13460,-6470,5714,1981,5065,88008,-8364,12867,4936,956,-955,4141,87987,7348,13231,2151,-1080,1498,-5517,18,2
3405,88009,-14502,-2560,908,-681,1910,-79,88009,2202,-3098,1862,-696,11,592,88030,10170,-13460,-5470,5924,1879,5947,88030,-8068,12965,5050,1228,-1377,4965,88009,6928,13973,2318,-940,1687,-6017,18,2
3406,88031,-13581,-2560,994,-681,1955,-79,88031,2202,-3098,1862,-696,11,612,88052,10170,-13387,-5470,5924,1879,5988,88052,-7943,12965,5146,1241,-1377,4965,88031,6928,13973,2411,-827,1687,-6017,18,2
3407,88053,-13581,-2560,994,-816,1955,-79,88053,2086,-3170,1720,-771,11,612,88074,9939,-13387,-5470,5924,1479,5988,88074,-7943,12965,5146,1241,-1864,4965,88053,6607,13973,2411,-827,1687,-6497,18,2
3408,88075,-12581,-2521,1246,-903,2097,-74,88075,1934,-3315,1592,-833,39,724,88096,9473,-13332,-4470,5710,1179,6739,88096,-7376,13504,5083,1753,-2012,5323,88075,6192,14256,2488,-619,1848,-6857,18,2
3409,88097,-12581,-2521,1320,-903,2097,-74,88097,1934,-3315,1592,-833,43,727,88118,9473,-13332,-4470,5710,1179,6739,88118,-7185,13667,5083,1753,-2012,5323,88097,6192,14256,2488,-619,1848,-6857,18,2
3410,88119,-12581,-2521,1320,-903,2097,-74,88119,1789,-3424,1492,-879,43,727,88140,9123,-13332,-4470,5556,1179,6739,88140,-7185,13667,5036,1753,-2123,5323,88119,5712,14256,2488,-619,1848,-7086,18,2
3411,88141,-11581,-2478,1812,-896,2203,198,88141,1565,-3424,1329,-879,67,834,88162,8838,-13305,-3470,5440,1429,7231,88162,-6616,14121,4693,2109,-2207,5596,88141,5143,14651,2556,-568,1545,-7245,18,2
3412,88163,-11581,-2478,1812,-892,2249,198,88163,1565,-3374,1329,-842,67,840,88184,8838,-13305,-3470,5440,1429,7231,88184,-6523,14121,4693,2109,-2207,5608,88163,5143,14651,2556,-568,1545,-7245,18,2
3413,88185,-11581,-2478,1812,-892,2249,198,88185,1397,-3374,1201,-842,67,840,88206,8624,-13305,-3470,5353,1429,7231,88206,-6523,14121,4435,2109,-2259,5608,88185,4637,14651,2556,-568,1318,-7299,18,2
3414,88207,-10581,-2200,2134,-845,2473,273,88207,1271,-3345,1058,-814,64,930,88228,7740,-13154,-2502,5159,1120,7585,88228,-5669,14558,4113,2264,-2259,5907,88207,4087,14903,2607,-564,1052,-7299,18,2
3415,88229,-10581,-2200,2134,-826,2473,273,88229,1271,-3345,1058,-804,64,931,88250,7740,-13154,-2502,5159,1120,7585,88250,-5523,14558,4113,2264,-1831,5907,88229,4087,14903,2607,-564,1052,-7273,18,2
3416,88251,-10581,-2200,2134,-826,2473,273,88251,1177,-3391,930,-804,64,931,88272,6974,-13154,-2502,5037,888,7585,88272,-5523,14558,3974,2264,-1831,5907,88251,3523,14903,2607,-564,703,-7273,18,2
3417,88273,-9581,-2063,2329,-647,2518,275,88273,1064,-3467,827,-775,70,1019,88294,6375,-13417,-1774,5030,714,7770,88294,-4733,14875,3868,2343,-562,5991,88273,3079,15092,2629,-650,-301,-7159,18,2
3418,88295,-9581,-2063,2329,-608,2518,301,88295,1064,-3467,827,-768,99,1019,88316,6375,-13417,-1584,5030,714,7770,88316,-4638,14875,3868,2343,-233,5991,88295,3079,15137,2629,-650,-301,-7107,18,2
3419,88317,-9581,-2063,2329,-608,2518,301,88317,894,-3467,721,-768,99,1019,88338,5901,-13614,-1584,5025,714,7770,88338,-4638,14875,3791,2343,-233,5991,88317,2680,15137,2629,-650,-1054,-7107,18,2
3420,88339,-8581,-1943,2334,-405,2552,322,88339,691,-3454,587,-745,151,1052,88360,5499,-13762,-796,4986,667,7668,88360,-3727,15159,3673,2533,1312,6054,88339,2148,15403,2645,-594,-1524,-6903,18,2
3421,88361,-8581,-1943,2334,-306,2596,338,88361,691,-3454,587,-745,151,1052,88382,5499,-13762,-738,4986,667,7668,88382,-3727,15229,3673,2659,1312,6079,88361,2148,15403,2645,-465,-1524,-6900,18,2
3422,88383,-8581,-1943,2334,-306,2596,338,88383,534,-3454,464,-745,151,1052,88404,5167,-13873,-738,4893,667,7575,88404,-3727,15229,3584,2659,1312,6079,88383,1756,15403,2600,-465,-1524,-6900,18,2
3423,88405,-7581,-1877,2338,171,2574,400,88405,384,-3525,315,-767,176,1057,88426,4676,-13971,-11,4706,602,7291,88426,-3053,15442,3223,3008,1446,6471,88405,1453,15451,2533,-327,-1439,-6748,18,2
3424,88427,-7581,-1877,2364,172,2574,412,88427,384,-3525,315,-767,176,1057,88448,4676,-13971,-7,4706,602,7291,88448,-3053,15475,3223,3008,1446,6725,88427,1453,15451,2533,-327,-1134,-6748,18,2
3425,88449,-7581,-1877,2364,172,2293,412,88449,267,-3525,203,-784,176,1056,88470,4047,-14031,-7,4566,553,7277,88470,-3053,15475,2620,3008,1446,6725,88449,1192,15451,2475,-332,-1134,-6748,18,2
3426,88471,-6581,-1827,1773,129,1719,309,88471,179,-3517,97,-784,205,1051,88492,3319,-14076,544,4461,549,7266,88492,-2428,15512,2111,2724,1546,7620,88471,749,15392,2432,-810,-1245,-6846,18,2
3427,88493,-6581,-1407,1773,129,1719,309,88493,179,-3474,97,-774,205,1051,88514,3319,-14076,544,4461,549,7266,88514,-2053,15512,2111,2724,1546,7620,88493,749,15392,2432,-810,-1245,-6846,18,2
3428,88515,-6581,-1407,1329,96,1289,231,88515,59,-3474,32,-774,205,1043,88536,2773,-14110,544,4461,546,7258,88536,-2053,15483,1729,2321,1546,7620,88515,219,15364,2432,-1386,-1328,-6861,18,2
3429,88537,-5581,-1055,996,72,966,173,88537,-107,-3460,-16,-782,216,1037,88558,2386,-15110,984,4503,546,7029,88558,-1066,15461,1628,1712,1363,7299,88537,-241,15343,2549,-2091,-1508,-6861,18,2
3430,88559,-5581,-1055,996,72,966,173,88559,-107,-3460,-16,-782,216,1037,88580,2386,-15110,1041,4503,554,7029,88580,-1053,15461,1628,1712,1363,7299,88559,-241,15343,2555,-2091,-1508,-6787,18,2
3431,88581,-5581,-1055,747,54,724,129,88581,-197,-3607,-52,-807,216,1027,88602,2253,-16110,1041,4503,554,6379,88602,-1053,15461,1623,1167,1017,5751,88581,-813,15343,2555,-2620,-1508,-6787,18,2
3432,88603,-6446,-1075,747,40,543,96,88603,-264,-3879,-89,-826,215,881,88624,2153,-17110,1583,3768,390,5589,88624,-255,15756,1623,688,558,3761,88603,-1813,15451,2915,-2620,-1494,-6001,18,2
3433,88625,-6446,-1075,1058,40,543,96,88625,-264,-3879,-89,-826,215,881,88646,2153,-17110,1693,3768,390,5589,88646,-255,15756,1695,688,558,3761,88625,-1813,15501,2942,-2436,-1257,-5307,18,2
3434,88647,-7095,-1193,1058,30,424,94,88647,-315,-3879,-179,-826,136,618,88668,2078,-18110,1693,3217,390,4142,88668,-255,15756,1695,490,558,2391,88647,-1945,15501,2942,-2436,-1257,-5307,18,2
3435,88669,-7095,-1779,1716,-80,424,94,88669,-434,-3843,-247,-561,76,325,88690,1756,-18110,2280,1616,901,3186,88690,171,15847,1585,370,691,1472,88669,-1945,15568,3160,-1532,-502,-3585,18,2
3436,88691,-6095,-1779,1726,-80,970,112,88691,-434,-3843,-247,-561,76,325,88712,1756,-17389,2280,1616,903,3186,88712,171,15847,1585,370,691,1472,88691,-1910,15568,3160,-1528,-502,-3585,18,2
3437,88713,-6095,-1947,1726,-162,970,112,88713,-618,-3843,-298,-561,59,176,88734,1559,-17389,2280,1277,903,2597,88734,171,15847,1502,280,691,1022,88713,-1910,15515,3160,-1528,-502,-3585,18,2
3438,88735,-7095,-1993,2336,-224,1384,130,88735,-756,-3814,-374,-456,52,136,88756,1559,-17034,2678,1023,824,2088,88756,536,15872,1502,157,684,829,88735,-1898,15475,3237,-904,-487,-2701,18,2
3439,88757,-7095,-1993,2336,-224,1384,130,88757,-756,-3814,-374,-456,52,136,88778,1652,-17034,2678,1023,824,2088,88778,609,15872,1524,157,684,829,88757,-1898,15475,3237,-904,-487,-2701,18,2
3440,88779,-8095,-1993,2336,-270,1384,130,88779,-756,-3849,-469,-456,52,136,88800,1652,-18034,2678,973,653,1680,88800,609,15872,1524,64,637,685,88779,-1909,15475,3237,-904,-533,-2701,18,2
3441,88801,-9095,-1954,2621,-370,1416,21,88801,-674,-3881,-540,-394,65,141,88822,1466,-19034,2906,737,486,1357,88822,1090,15915,1573,-21,424,541,88801,-2106,15530,3217,-671,-533,-2054,18,2
3442,88823,-9095,-1954,2621,-370,1416,21,88823,-674,-3881,-540,-394,111,141,88844,1466,-19034,2906,737,486,1357,88844,1127,15915,1573,-21,424,541,88823,-2106,15530,3217,-671,-511,-2054,18,2
3443,88845,-10095,-1954,2621,-445,1416,-60,88845,-674,-3975,-540,-394,111,141,88866,1236,-19034,2906,540,486,1115,88866,1127,15915,1557,-100,-116,293,88845,-2276,15530,3202,-671,-511,-2054,18,2
3444,88867,-11095,-1925,2834,-569,1440,-60,88867,-739,-4045,-514,-347,190,115,88888,1064,-18359,3077,392,518,844,88888,1383,15985,1557,-163,-521,8,88867,-2404,15557,3202,-555,-43,-1460,18,2
3445,88889,-11095,-1925,2834,-569,1470,-60,88889,-739,-4045,-514,-336,190,115,88910,1064,-18354,3091,392,892,844,88910,1383,15985,1559,-163,-521,8,88889,-2404,15557,3249,-555,-43,-1460,18,2
3446,88911,-11095,-1931,2834,-666,1470,-60,88911,-788,-4045,-557,-336,190,82,88932,1061,-18354,3091,281,892,416,88932,1383,15985,1559,-163,-521,-205,88911,-2404,15557,3249,-555,-43,-1460,18,2
3447,88933,-10095,-2002,3096,-738,1559,-14,88933,-799,-4008,-593,-223,153,46,88954,1061,-17804,3360,210,1197,95,88954,1492,16031,1561,-142,-434,-334,88933,-2366,15577,3275,-388,-246,-1057,18,2
3448,88955,-10095,-2002,3100,-738,1570,-14,88955,-799,-4008,-593,-223,153,46,88976,1072,-17804,3360,210,1197,95,88976,1492,16031,1561,-84,-98,-334,88955,-2366,15590,3275,-366,-246,-1057,18,2
3449,88977,-10095,-2006,3100,-738,1570,-14,88977,-799,-4008,-624,-223,131,23,88998,1072,-17804,3360,210,1197,67,88998,1492,16031,1557,-84,-98,-334,88977,-2426,15590,3269,-366,-650,-1057,18,2
3450,88999,-9095,-2009,3302,-723,1653,-33,88999,-777,-3985,-648,-155,116,23,89020,1287,-17373,3562,218,976,46,89020,1580,16066,1527,13,401,-327,88999,-2471,15611,3252,-254,-957,-758,18,2
3451,89021,-9095,-2009,3302,-701,1683,-33,89021,-745,-3985,-648,-155,116,24,89042,1287,-17373,3562,303,976,46,89042,1586,16066,1527,13,401,-327,89021,-2471,15611,3252,-254,-957,-758,18,2
3452,89043,-10095,-2011,3302,-701,1683,-48,89043,-745,-3985,-648,-155,112,24,89064,1287,-17373,3562,303,810,46,89064,1586,16066,1505,13,401,-327,89043,-2505,15611,3252,-254,-1035,-758,18,2
3453,89065,-11095,-2013,3446,-660,1738,-48,89065,-734,-4003,-638,-114,112,33,89086,1166,-17055,3726,455,673,3,89086,1678,16076,1487,60,348,-376,89065,-2505,15627,3246,-186,-1084,-488,18,2
3454,89087,-11095,-2013,3446,-660,1738,-28,89087,-734,-4003,-638,-114,112,33,89108,1166,-17055,3726,455,673,3,89108,1678,16076,1487,60,348,-376,89087,-2487,15627,3246,-186,-1084,-456,18,2
3455,89109,-12095,-2022,3446,-660,1689,-28,89109,-749,-4017,-638,-114,112,33,89130,994,-17055,3726,455,673,-29,89130,1678,16076,1487,60,252,-413,89109,-2487,15627,3246,-186,-1084,-456,18,2
3456,89131,-12974,-2044,3532,-622,1604,-13,89131,-760,-4026,-645,-81,112,23,89152,865,-16817,3856,442,728,-121,89152,1677,16080,1479,100,164,-413,89131,-2416,15630,3258,-195,-903,-254,18,2
3457,89153,-12974,-2044,3532,-622,1604,-13,89153,-760,-4026,-645,-80,112,23,89174,865,-16817,3856,442,746,-121,89174,1677,16080,1479,100,164,-408,89153,-2386,15630,3258,-195,-899,-254,18,2
3458,89175,-13677,-2071,3532,-622,1541,-13,89175,-761,-4026,-650,-80,91,5,89196,865,-16817,3856,408,746,-187,89196,1677,16080,1473,100,148,-408,89175,-2386,15630,3243,-227,-899,-254,18,2
3459,89197,-14285,-2131,3676,-621,1493,-27,89197,-761,-3998,-658,-51,76,-8,89218,952,-16608,3986,370,801,-187,89218,1701,16097,1452,83,138,-360,89197,-2352,15653,3243,-323,-721,-195,18,2
3460,89219,-14285,-2131,3728,-621,1493,-27,89219,-758,-3998,-658,-46,76,-8,89240,952,-16579,3986,354,801,-170,89240,1704,16098,1452,83,138,-349,89219,-2352,15654,3267,-323,-714,-195,18,2
3461,89241,-14775,-2143,3728,-621,1457,-27,89241,-758,-3998,-661,-46,76,-8,89262,952,-16579,3986,354,801,-170,89262,1704,16098,1437,70,138,-349,89241,-2361,15654,3267,-395,-714,-195,18,2
3462,89263,-15109,-2152,3896,-620,1430,-24,89263,-730,-3988,-663,-16,81,0,89284,988,-16461,4049,329,726,-181,89284,1734,16115,1425,57,151,-294,89263,-2376,15686,3285,-395,-476,-150,18,2
3463,89285,-15109,-2152,3896,-620,1430,-19,89285,-730,-3988,-663,-16,87,5,89306,988,-16454,4049,329,726,-181,89306,1734,16115,1425,57,176,-294,89285,-2376,15686,3285,-344,-476,-77,18,2
3464,89307,-15393,-2152,3896,-620,1404,-19,89307,-730,-3990,-663,-16,87,5,89328,988,-16454,4049,329,670,-190,89328,1734,16115,1414,50,176,-294,89307,-2376,15686,3285,-344,-476,-77,18,2
3465,89329,-15571,-2129,3968,-585,1351,-13,89329,-736,-3992,-651,-2,99,15,89350,1001,-16367,4095,297,628,-197,89350,1757,16114,1403,50,214,-265,89329,-2355,15675,3307,-284,-302,7,18,2
3466,89351,-15571,-2112,3968,-579,1351,-13,89351,-736,-3992,-651,-2,99,15,89372,1001,-16367,4095,297,628,-197,89372,1757,16114,1403,53,214,-265,89351,-2345,15675,3307,-284,-302,7,18,2
3467,89373,-15705,-2112,3968,-579,1311,-13,89373,-736,-3993,-651,-2,92,15,89394,1001,-16367,4095,262,597,-197,89394,1757,16114,1398,53,214,-265,89373,-2345,15669,3307,-284,-302,7,18,2
3468,89395,-15833,-2114,4029,-537,1274,-4,89395,-732,-3993,-647,8,79,7,89416,1040,-16303,4167,247,519,-177,89416,1771,16115,1387,53,225,-261,89395,-2321,15669,3335,-272,-169,66,18,2
3469,89417,-15833,-2114,4029,-513,1274,-4,89417,-728,-3991,-647,8,79,7,89438,1040,-16303,4167,247,519,-176,89438,1771,16121,1387,53,225,-261,89417,-2317,15669,3335,-272,-155,66,18,2
3470,89439,-15929,-2115,4029,-513,1245,-4,89439,-728,-3991,-647,8,69,0,89460,1040,-16303,4167,241,461,-176,89460,1771,16121,1383,49,225,-261,89439,-2317,15669,3335,-274,-155,66,18,2
3471,89461,-16003,-2131,4134,-456,1220,10,89461,-721,-3989,-652,18,62,-4,89482,1072,-16251,4221,241,416,-113,89482,1752,16141,1379,44,230,-256,89461,-2299,15677,3356,-279,41,95,18,2
3472,89483,-16003,-2131,4134,-456,1220,10,89483,-719,-3987,-652,20,62,-4,89504,1072,-16251,4221,281,416,-112,89504,1752,16141,1379,44,230,-230,89483,-2299,15677,3358,-279,41,95,18,2
3473,89505,-16064,-2144,4134,-456,1201,10,89505,-719,-3987,-653,20,60,-4,89526,1072,-16251,4221,281,415,-112,89526,1742,16141,1376,44,230,-230,89505,-2299,15677,3358,-279,-41,95,18,2
3474,89527,-16098,-2155,4209,-414,1181,0,89527,-717,-3985,-654,24,56,0,89548,1096,-16217,4258,314,414,-96,89548,1734,16148,1359,59,248,-174,89527,-2286,15681,3380,-260,-102,116,18,2
3475,89549,-16098,-2155,4209,-414,1181,0,89549,-717,-3985,-654,24,56,3,89570,1096,-16217,4258,314,414,-96,89570,1734,16148,1359,63,248,-168,89549,-2286,15681,3380,-163,-102,173,18,2
3476,89571,-16135,-2163,4209,-414,1166,-7,89571,-717,-3985,-654,24,53,3,89592,1096,-16217,4258,314,375,-102,89592,1734,16145,1342,63,248,-168,89571,-2286,15681,3362,-163,-144,173,18,2
3477,89593,-16151,-2163,4244,-369,1145,-11,89593,-716,-3984,-652,25,49,8,89614,1114,-16188,4283,356,347,-135,89614,1758,16142,1327,83,242,-143,89593,-2276,15684,3348,-76,-144,237,18,2
3478,89615,-16151,-2163,4244,-365,1145,-11,89615,-715,-3984,-652,25,49,8,89636,1114,-16187,4286,356,347,-135,89636,1758,16142,1327,87,242,-143,89615,-2276,15693,3348,-76,-139,250,18,2
3479,89637,-16151,-2169,4244,-365,1129,-11,89637,-715,-3987,-652,25,44,8,89658,1114,-16187,4286,356,317,-135,89658,1758,16140,1316,87,196,-156,89637,-2276,15693,3338,-76,-139,250,18,2
3480,89659,-16140,-2180,4261,-314,1117,-4,89659,-705,-3989,-649,26,40,4,89680,1078,-16160,4308,380,275,-131,89680,1734,16140,1303,100,162,-166,89659,-2269,15706,3337,-45,-135,308,18,2
3481,89681,-16140,-2180,4261,-290,1117,-3,89681,-705,-3989,-649,28,40,4,89702,1078,-16160,4337,380,275,-117,89702,1734,16140,1303,100,162,-166,89681,-2238,15712,3336,-45,-135,308,18,2
3482,89703,-16140,-2190,4261,-290,1108,-3,89703,-705,-3989,-649,28,37,-1,89724,1036,-16160,4337,351,273,-117,89724,1706,16135,1293,81,162,-166,89703,-2238,15712,3336,-45,-135,308,18,2
3483,89725,-16132,-2231,4307,-275,1010,-12,89725,-698,-3983,-646,37,30,-5,89746,1005,-16140,4375,312,273,-112,89746,1685,16135,1285,57,166,-137,89725,-2188,15729,3336,-63,-184,293,18,2
3484,89747,-16127,-2231,4307,-275,1010,-12,89747,-698,-3980,-645,37,30,-5,89768,1005,-16140,4375,312,274,-112,89768,1685,16139,1285,57,168,-105,89747,-2188,15729,3348,-63,-184,293,18,2
3485,89769,-16127,-2262,4307,-284,937,-19,89769,-698,-3980,-645,37,24,-5,89790,1005,-16140,4375,283,274,-112,89790,1685,16139,1284,27,168,-105,89769,-2188,15729,3348,-76,-184,274,18,2
3486,89791,-15127,-2262,4313,-301,937,-19,89791,-677,-3984,-641,39,24,0,89812,1045,-16135,4420,244,282,-133,89812,1726,16150,1284,-8,186,-56,89791,-2156,15733,3358,-86,-155,247,18,2
3487,91193,-15127,-2223,4313,-301,958,-14,91193,-672,-3984,-641,39,30,4,91194,1045,-16104,4420,244,282,-133,91194,1726,16150,1289,-8,186,-56,91193,-2156,15733,3358,-86,-144,247,19,2
3488,91215,-15127,-2223,4313,-308,958,-14,91215,-672,-3987,-641,39,30,4,91216,1045,-16104,4420,216,282,-148,91216,1726,16150,1289,-27,153,-60,91215,-2156,15727,3358,-106,-144,220,19,2
3489,91237,-15371,-2182,4336,-308,973,5,91237,-664,-3987,-648,40,31,5,91238,1064,-16077,4415,195,288,-148,91238,1725,16163,1309,-33,129,-63,91237,-2160,15723,3380,-139,-108,200,19,2
3490,91259,-15371,-2182,4360,-304,973,5,91259,-664,-3983,-648,40,31,5,91260,1064,-16077,4415,195,323,-138,91260,1725,16163,1309,-33,129,-63,91259,-2160,15723,3381,-139,-108,200,19,2
3491,91281,-15554,-2182,4360,-304,973,1,91281,-664,-3983,-655,40,31,5,91282,1064,-16077,4408,180,323,-138,91282,1724,16163,1309,-33,126,-63,91281,-2168,15717,3381,-170,-108,187,19,2
3492,91303,-15712,-2155,4416,-318,998,-1,91303,-664,-3982,-663,41,32,6,91304,1076,-16074,4403,180,355,-131,91304,1723,16177,1324,-24,124,-58,91303,-2176,15702,3399,-195,-67,179,19,2
3493,91325,-15712,-2155,4423,-318,998,-1,91325,-664,-3982,-663,41,36,6,91326,1096,-16074,4403,191,355,-131,91326,1723,16177,1324,-24,124,-58,91325,-2176,15702,3404,-195,-67,179,19,2
3494,91347,-15831,-2155,4423,-329,998,-1,91347,-664,-3982,-663,41,36,6,91348,1111,-16075,4399,191,355,-153,91348,1722,16177,1324,-24,110,-63,91347,-2185,15691,3404,-216,-67,173,19,2
3495,91369,-15928,-2148,4488,-343,1004,5,91369,-667,-3983,-660,42,40,3,91370,1111,-16075,4396,205,380,-170,91370,1704,16189,1336,-35,92,-70,91369,-2191,15686,3418,-241,-2,149,19,2
3496,91391,-15928,-2148,4489,-343,1004,5,91391,-667,-3983,-660,42,40,3,91392,1122,-16075,4396,205,380,-170,91392,1704,16189,1340,-35,92,-70,91391,-2191,15686,3418,-241,1,149,19,2
3497,91413,-16011,-2156,4489,-354,1004,5,91413,-668,-3983,-660,42,40,1,91414,1122,-16079,4396,205,380,-181,91414,1691,16189,1340,-44,80,-76,91413,-2191,15686,3418,-253,1,128,19,2
3498,91435,-16073,-2167,4538,-371,1008,1,91435,-669,-3980,-664,43,44,0,91436,1125,-16087,4399,225,400,-190,91436,1680,16199,1342,-46,71,-76,91435,-2204,15689,3426,-258,22,112,19,2
3499,91457,-16073,-2167,4538,-371,1008,1,91457,-669,-3980,-664,43,44,0,91458,1125,-16087,4399,225,400,-190,91458,1680,16199,1342,-46,71,-71,91457,-2204,15689,3426,-258,22,112,19,2
3500,91478,-16119,-2170,4538,-409,1008,-1,91478,-669,-3980,-667,42,44,0,91479,1125,-16088,4399,225,400,-204,91479,1680,16185,1342,-47,71,-71,91478,-2208,15689,3426,-258,22,108,19,2
3501,91499,-16169,-2170,4568,-438,988,-6,91499,-674,-3978,-667,42,48,1,91500,1127,-16088,4399,206,430,-215,91500,1683,16181,1343,-54,71,-51,91500,-2211,15691,3432,-258,38,105,19,2
3502,91519,-16169,-2162,4568,-438,988,-6,91519,-674,-3978,-667,42,48,1,91521,1134,-16063,4401,206,430,-215,91521,1683,16181,1343,-54,71,-40,91521,-2211,15691,3432,-258,46,105,19,2
3503,91539,-16206,-2162,4568,-445,967,-6,91539,-678,-3978,-667,40,48,1,91542,1134,-16063,4401,192,430,-215,91542,1683,16179,1343,-61,67,-40,91542,-2213,15691,3432,-258,46,100,19,2
3504,91559,-16234,-2133,4591,-445,942,-6,91559,-678,-3980,-667,40,50,3,91563,1136,-16044,4396,182,450,-188,91563,1696,16179,1347,-70,49,-17,91563,-2218,15687,3451,-264,77,80,19,2
3505,91579,-16234,-2133,4591,-441,942,-3,91579,-678,-3980,-667,40,50,3,91584,1141,-16044,4396,182,450,-187,91584,1706,16181,1361,-70,49,-17,91584,-2218,15684,3471,-264,84,80,19,2
3506,91599,-16248,-2133,4591,-441,924,-3,91599,-678,-3982,-667,40,50,3,91605,1141,-16044,4393,182,450,-187,91605,1706,16181,1361,-82,41,-17,91605,-2233,15684,3471,-268,84,65,19,2
3507,91619,-16252,-2116,4628,-435,924,19,91619,-672,-3983,-667,40,52,2,91626,1143,-16059,4390,200,441,-166,91626,1731,16182,1379,-93,35,-19,91626,-2249,15682,3498,-272,112,55,19,2
3508,91639,-16252,-2116,4628,-435,933,19,91639,-672,-3983,-667,40,52,2,91647,1161,-16059,4390,200,441,-166,91647,1731,16182,1379,-93,35,-19,91647,-2249,15682,3498,-272,112,55,19,2
3509,91659,-16255,-2121,4628,-435,933,19,91659,-672,-3983,-667,40,52,0,91668,1161,-16072,4388,200,441,-180,91668,1730,16182,1379,-101,32,-19,91668,-2261,15680,3498,-274,112,55,19,2
3510,91679,-16256,-2133,4666,-434,912,26,91679,-668,-3983,-667,40,54,-1,91689,1162,-16080,4388,175,457,-191,91689,1729,16183,1374,-111,30,0,91689,-2279,15680,3518,-276,143,55,19,2
3511,91699,-16256,-2133,4666,-434,912,26,91699,-668,-3980,-665,40,54,-1,91710,1162,-16080,4393,175,459,-191,91710,1729,16177,1374,-111,30,2,91710,-2279,15677,3524,-276,148,55,19,2
3512,91719,-16258,-2142,4666,-440,896,26,91719,-668,-3980,-665,40,52,-1,91731,1162,-16080,4393,157,459,-199,91731,1729,16177,1374,-121,-24,2,91731,-2297,15676,3524,-276,148,55,19,2
3513,91739,-16259,-2142,4669,-451,888,33,91739,-663,-3978,-661,41,51,0,91752,1189,-16059,4390,150,470,-245,91752,1749,16172,1356,-174,-1569,128,91752,-2359,15665,3544,-157,971,61,19,2
3514,91759,-16259,-2138,4669,-451,888,37,91759,-657,-3978,-659,41,51,0,91773,1273,-16059,4390,150,470,-245,91773,1774,16172,1356,-174,-1569,128,91773,-2359,15665,3544,-157,986,71,19,2
3515,91779,-16259,-2138,4669,-460,888,37,91779,-657,-3978,-659,41,51,0,91794,1273,-16080,4390,141,452,-299,91794,1774,16172,1305,-214,-2289,128,91794,-2359,15659,3522,-157,986,71,19,2
3516,91799,-16258,-2130,4671,-462,895,52,91799,-636,-3997,-637,44,57,1,91815,1363,-16096,4414,134,410,-428,91815,1783,16173,1266,-244,-2539,-11,91815,-2299,15655,3503,-83,1679,190,19,2
3517,91819,-16201,-2127,4692,-462,922,54,91819,-635,-3997,-637,45,57,1,91836,1363,-16096,4416,134,410,-428,91836,1783,16181,1266,-244,-2539,-11,91836,-2299,15655,3503,-83,1679,190,19,2
3518,91839,-16201,-2127,4692,-462,922,54,91839,-635,-4011,-637,45,57,0,91857,1363,-16096,4416,109,407,-525,91857,1775,16181,1266,-244,-2539,-126,91857,-2299,15655,3491,-83,1679,190,19,2
3519,91859,-16194,-2119,4773,-459,969,87,91859,-641,-4022,-639,61,61,-9,91878,1326,-16096,4306,90,407,-525,91878,1775,16187,1296,-241,-2501,-320,91878,-2310,15671,3470,-44,1860,263,19,2
3520,91879,-16194,-2119,4773,-454,969,96,91879,-641,-4022,-639,61,61,-9,91900,1326,-16096,4306,90,431,-502,91900,1797,16187,1319,-241,-2347,-320,91899,-2310,15671,3470,-44,1860,263,19,2
3521,91901,-16194,-2119,4773,-454,969,96,91901,-646,-4024,-640,61,61,-19,91922,1326,-16105,4223,76,431,-502,91922,1797,16187,1329,-241,-2347,-535,91919,-2360,15671,3454,-44,1860,263,19,2
3522,91923,-16189,-2103,4857,-446,984,114,91923,-646,-4026,-641,80,43,-33,91944,1396,-16111,4141,-51,515,-478,91944,1816,16187,1323,-290,-1843,-882,91939,-2413,15683,3384,-8,1732,347,19,2
3523,91945,-16186,-2081,4857,-446,984,114,91945,-628,-4026,-641,86,43,-33,91966,1474,-16111,4141,-51,515,-460,91966,1884,16187,1323,-290,-1830,-882,91959,-2413,15708,3384,-8,1732,380,19,2
3524,91967,-16186,-2081,4857,-446,984,100,91967,-628,-4027,-641,86,29,-53,91988,1474,-16115,4079,-146,515,-460,91988,1884,16187,1319,-337,-1830,-1290,91979,-2437,15708,3352,-8,1558,380,19,2
3525,91989,-16180,-2049,4908,-453,975,47,91989,-578,-4029,-623,120,18,-86,92010,1621,-16118,3865,-218,521,-551,92010,1925,16187,1319,-460,-1615,-2023,91999,-2470,15690,3328,83,1332,542,19,2
3526,92011,-16180,-2049,4908,-453,975,47,92011,-577,-4029,-623,124,18,-86,92032,1621,-16118,3865,-218,521,-551,92032,1925,16187,1320,-460,-1615,-2023,92019,-2470,15690,3328,104,1332,598,19,2
3527,92033,-16192,-2049,4908,-469,960,-2,92033,-577,-4030,-623,124,10,-118,92054,1621,-16120,3704,-272,521,-639,92054,1816,16187,1320,-582,-1615,-2667,92039,-2496,15690,3328,104,1102,598,19,2
3528,92055,-16192,-2113,4799,-491,932,-163,92055,-517,-4030,-577,191,-24,-202,92076,1758,-16120,3584,-1075,526,-963,92076,1570,16202,1321,-737,-1454,-3293,92059,-2592,15676,3390,311,479,998,19,2
3529,92077,-15192,-2113,4799,-491,932,-163,92077,-474,-4021,-574,193,-24,-202,92098,1758,-16060,3584,-1075,550,-963,92098,1570,16234,1321,-737,-1296,-3293,92079,-2592,15676,3412,380,479,1243,19,2
3530,92099,-15192,-2231,4654,-561,901,-335,92099,-474,-4021,-574,193,-49,-284,92120,1758,-16060,3492,-1682,550,-1709,92120,1336,16234,1321,-900,-1296,-3893,92100,-2677,15676,3412,380,-74,1243,19,2
3531,92121,-14192,-2391,4423,-665,709,-525,92121,-397,-4014,-486,272,-65,-378,92142,1861,-15729,3167,-2214,541,-1709,92142,1083,16273,1277,-1374,-866,-4931,92121,-2772,15745,3475,687,-1031,2219,19,2
3532,92143,-14192,-2391,4423,-665,709,-525,92143,-393,-4014,-418,282,-65,-378,92164,2136,-15679,3167,-2214,541,291,92164,1083,16284,1277,-1374,-629,-4931,92143,-2772,15846,3475,797,-1031,2552,19,2
3533,92165,-14192,-2508,4154,-801,252,-545,92165,-393,-4014,-418,282,-65,-458,92186,2136,-15679,2915,-3402,541,291,92186,676,16284,1277,-1816,-629,-5741,92165,-2812,15846,3345,797,-1748,2552,19,2
3534,92187,-13192,-2508,3945,-903,-258,-545,92187,-306,-4006,-301,375,-62,-569,92208,2420,-15281,2694,-4457,534,-1709,92208,151,16311,1380,-2199,40,-6451,92187,-2812,15999,3099,1187,-2132,4552,19,2
3535,92209,-13192,-2495,3945,-903,-258,-211,92209,-306,-4006,-236,439,-60,-569,92230,2420,-15281,2694,-4457,534,-1709,92230,151,16311,1380,-2199,64,-6451,92209,-2165,15999,3099,1238,-2132,4552,19,2
3536,92231,-13192,-2495,3788,-903,-750,-211,92231,-306,-4006,-236,439,-59,-673,92252,2420,-15281,2435,-6457,529,-3709,92252,-22,16311,1380,-2490,64,-7197,92231,-2165,15999,3063,1238,-2132,4552,19,2
3537,92253,-12192,-1906,3558,-851,-1309,371,92253,-278,-3891,-169,588,-59,-761,92274,2600,-15026,2310,-8457,-19,-5709,92274,-372,16637,1516,-3079,497,-8144,92253,-1221,16114,2638,1539,-2420,6085,19,2
3538,92275,-12192,-1906,3558,-753,-1309,371,92275,-278,-3891,-142,606,-59,-761,92296,2600,-15026,2310,-8457,-19,-5709,92296,-372,16704,1516,-3079,497,-8144,92275,-1221,16114,2638,1539,-2420,6085,19,2
3539,92297,-12192,-1906,3385,-753,-1674,371,92297,-290,-3891,-142,606,-82,-871,92318,2600,-15026,2216,-9884,-125,-7709,92318,-1128,16704,1516,-3518,497,-8854,92297,-1221,16072,2319,1539,-2420,6085,19,2
3540,92319,-11192,-1832,3314,-495,-1696,115,92319,-290,-3742,-38,901,-105,-1065,92340,3094,-14962,1943,-10954,-972,-9266,92340,-1966,16546,1738,-3850,634,-9361,92319,-221,16041,1844,1733,-2280,7017,19,2
3541,92341,-11192,-1832,3314,-470,-1696,115,92341,-266,-3732,-12,901,-105,-1065,92362,3175,-14961,1943,-10954,-972,-9266,92362,-1966,16546,1918,-3850,634,-9361,92341,-221,16041,1844,1733,-2280,7017,19,2
3542,92363,-11192,-1849,3314,-470,-1696,-76,92363,-266,-3732,-12,901,-125,-1240,92384,3175,-14961,1453,-11727,-1608,-10434,92384,-2719,16114,1918,-4099,634,-9547,92363,-221,16017,1488,1733,-2280,7017,19,2
3543,92385,-10192,-2107,3409,-269,-1652,-156,92385,-211,-3520,132,1092,-160,-1371,92406,3548,-14961,964,-12277,-2085,-11016,92406,-3677,15659,2294,-4297,743,-9547,92385,650,15986,1194,1510,-1907,7881,19,2
3544,92407,-10192,-2107,3409,-269,-1547,-156,92407,-45,-3520,221,1092,-160,-1371,92428,3606,-14960,964,-12277,-2085,-11016,92428,-3677,15659,2301,-4297,743,-9432,92407,779,15986,1194,1510,-1907,7881,19,2
3545,92429,-10192,-2301,3402,-269,-1547,-156,92429,-45,-3520,221,1092,-166,-1385,92450,3606,-14960,249,-12689,-2085,-11460,92450,-4518,14815,2301,-4445,743,-9432,92429,779,15963,973,1233,-1907,7881,19,2
3546,92451,-9192,-2331,3359,-242,-1331,12,92451,303,-3432,401,1173,-166,-1385,92472,3932,-14960,-297,-12998,-2003,-11793,92472,-5491,14182,2611,-4558,806,-9119,92451,1779,15286,796,958,-1603,8316,19,2
3547,92473,-9192,-2331,3359,-242,-1331,12,92473,303,-3432,401,1173,-121,-1350,92494,4505,-14832,-297,-12998,-1465,-11793,92494,-5491,14182,3009,-4558,806,-8923,92473,1779,15286,796,958,-1586,8316,19,2
3548,92495,-9192,-2331,3308,-242,-1331,12,92495,303,-3432,401,1173,-121,-1350,92516,4505,-14832,-1122,-13067,-1465,-12422,92516,-5952,13957,3009,-4558,806,-8923,92495,1779,14770,664,819,-1586,8316,19,2
3549,92517,-8192,-2148,3120,-262,-1300,138,92517,567,-3338,551,1226,-102,-1289,92538,5504,-14736,-2122,-13067,-1306,-12894,92538,-6298,13788,3807,-4537,853,-8197,92517,2779,14371,588,720,-1363,8083,19,2
3550,92539,-8192,-2058,3120,-262,-1300,138,92539,567,-3338,687,1226,-102,-1273,92560,5505,-14706,-2122,-12992,-1306,-12894,92560,-6298,13788,3837,-4537,855,-8104,92539,2779,14371,588,720,-1363,8083,19,2
3551,92561,-9192,-2058,2934,-262,-1300,138,92561,567,-3338,687,1226,-139,-1273,92582,5505,-14706,-3122,-12992,-1306,-12894,92582,-6895,13662,3837,-4537,855,-8104,92561,2779,13802,588,720,-1363,7639,19,2
3552,92583,-10192,-1931,2779,-163,-1236,92,92583,959,-3246,939,1155,-167,-1199,92604,6505,-14542,-4101,-11725,-1217,-11712,92604,-7343,13567,4523,-4430,1072,-7330,92583,3779,13375,828,866,-1611,7126,19,2
3553,92605,-10192,-1931,2779,-47,-1168,92,92605,966,-3246,939,1155,-167,-1199,92626,6505,-14542,-4101,-11693,-1217,-11455,92626,-7343,13567,4523,-4220,1280,-7232,92605,3779,13375,828,926,-1611,7126,19,2
3554,92627,-11192,-2108,2625,-47,-1168,-85,92627,966,-3246,939,1075,-191,-1199,92648,6505,-14542,-4714,-11693,-1217,-11455,92648,-7915,13567,4523,-4220,1280,-7232,92627,3779,13375,828,926,-1803,6523,19,2
3555,92649,-11997,-2249,2546,120,-1074,-218,92649,1277,-3234,1270,995,-209,-1129,92670,7505,-14459,-5197,-10431,-783,-10246,92670,-8344,13996,4808,-3645,1723,-6424,92649,4779,13791,801,1050,-2075,5849,19,2
3556,92671,-11997,-2249,2546,120,-1074,-218,92671,1351,-3234,1272,995,-209,-1129,92692,7505,-14459,-5197,-10402,-783,-10186,92692,-8344,13996,4808,-3596,1765,-6307,92671,4779,13791,801,1050,-2075,5849,19,2
3557,92693,-12788,-2346,2487,120,-1417,-218,92693,1351,-3234,1272,924,-223,-1129,92714,7505,-14459,-5559,-10402,-783,-10186,92714,-8666,13653,4808,-3596,1765,-6307,92693,4779,13791,780,1050,-2279,5328,19,2
3558,92715,-13382,-2438,2435,234,-1675,-171,92715,1695,-3225,1541,851,-223,-1064,92736,8505,-13459,-5930,-9433,-536,-9427,92736,-8924,12944,5092,-2932,2283,-5453,92715,5760,13532,780,1025,-2375,4832,19,2
3559,92737,-13382,-2438,2435,234,-1675,-64,92737,1703,-3098,1541,851,-221,-1053,92758,8505,-13459,-5930,-9433,-536,-9427,92758,-8924,12944,5105,-2932,2283,-5227,92737,5760,13532,844,1025,-2375,4832,19,2
3560,92759,-13419,-2533,2396,234,-1675,-64,92759,1703,-3098,1541,795,-221,-1053,92780,8505,-13459,-6358,-9433,-536,-9427,92780,-8972,12659,5105,-2932,2283,-5227,92759,5760,13456,844,948,-2375,4401,19,2
3561,92781,-13419,-2604,2035,185,-1475,51,92781,2004,-2938,1765,724,-177,-911,92802,9505,-12459,-7358,-8816,-406,-8925,92802,-9008,12445,5755,-2455,2406,-4368,92781,6579,13399,933,759,-2351,4052,19,2
3562,92803,-13351,-2604,2035,185,-1122,51,92803,2014,-2928,1765,724,-177,-905,92824,9505,-12459,-7358,-8713,-384,-8925,92824,-9008,12445,5771,-2363,2406,-4368,92803,6579,13399,933,759,-2351,4052,19,2
3563,92825,-13351,-2604,1763,164,-1122,51,92825,2014,-2928,1765,667,-177,-905,92846,9505,-12459,-8358,-8713,-384,-8925,92846,-9035,12284,5771,-2363,1935,-4368,92825,6579,13356,933,635,-2351,3717,19,2
3564,92847,-13216,-2597,1491,159,-707,155,92847,2313,-2790,1991,593,-142,-812,92868,10404,-11459,-9358,-7522,-270,-8353,92868,-9505,12164,5952,-1689,1439,-3732,92847,7403,13000,537,542,-2103,3154,19,2
3565,92869,-13105,-2597,1491,159,-707,182,92869,2313,-2790,1991,593,-142,-812,92890,10404,-11459,-9358,-7021,-212,-7487,92890,-9505,12164,5952,-1689,1439,-3732,92869,7408,13000,537,542,-2103,3154,19,2
3566,92891,-13105,-2683,1293,155,-707,182,92891,2313,-2790,1991,521,-142,-812,92912,10404,-11459,-10358,-7021,-212,-7487,92912,-9857,12025,5952,-1689,1067,-3732,92891,7408,12747,206,473,-2103,2700,19,2
3567,92913,-12827,-2756,1189,124,-45,280,92913,2539,-2687,2172,407,-98,-743,92934,11103,-10459,-11256,-5737,-83,-6409,92934,-10161,12025,4952,-1184,721,-3160,92913,8021,12574,-41,255,-1879,2133,19,2
3568,92935,-12827,-2756,1189,124,-37,280,92935,2539,-2687,2172,407,-93,-732,92956,11103,-10459,-11256,-5737,-83,-6059,92956,-10161,11795,4952,-1184,721,-3102,92935,8021,12574,-41,255,-1518,2133,19,2
3569,92957,-12827,-2811,1066,38,-37,280,92957,2539,-2687,2172,322,-93,-732,92978,11103,-10459,-11930,-5737,-83,-6059,92978,-10389,11690,4952,-1184,342,-3102,92957,8021,12444,-226,-79,-1518,1703,19,2
3570,92979,-12849,-2816,1019,-150,465,363,92979,2708,-2592,2307,260,-36,-634,93000,11467,-9504,-12483,-4736,398,-4742,93000,-10607,11513,5083,-850,178,-2475,92979,8451,12347,-365,-422,-935,1302,19,2
3571,93001,-12849,-2816,1019,-150,465,374,93001,2708,-2592,2307,260,-31,-587,93022,11467,-9504,-12483,-4736,398,-4654,93022,-10607,11513,5083,-850,178,-2452,93001,8451,12347,-365,-422,-935,1302,19,2
3572,93023,-12849,-2832,984,-373,465,374,93023,2708,-2592,2307,214,-31,-587,93044,11467,-9504,-12850,-4736,398,-4654,93044,-10607,11513,5083,-850,178,-2452,93023,8451,12347,-447,-679,-935,1001,19,2
3573,93045,-12744,-2844,984,-558,797,150,93045,2776,-2547,2408,173,15,-450,93066,12256,-8972,-12958,-3779,308,-3357,93066,-10564,11519,5284,-526,533,-1746,93045,8598,12637,-506,-776,-498,634,19,2
3574,93067,-12674,-2844,1023,-558,797,150,93067,2776,-2547,2408,173,15,-429,93088,12256,-8972,-12958,-3778,308,-3198,93088,-10554,11644,5284,-526,638,-1716,93067,8598,12637,-506,-776,-469,634,19,2
3575,93089,-12674,-2853,1023,-617,797,-18,93089,2776,-2547,2408,116,15,-429,93110,12256,-8972,-12983,-3778,240,-3198,93110,-10554,11644,5284,-526,638,-1716,93089,8598,12637,-506,-776,-469,329,19,2
3576,93111,-12459,-2890,999,-661,779,-81,93111,2847,-2529,2536,62,6,-296,93132,12848,-8706,-13040,-2767,240,-1917,93132,-10513,11909,5142,-149,878,-981,93111,8785,12725,-281,-749,-316,-15,19,2
3577,93133,-12374,-2890,999,-661,779,-81,93133,2943,-2529,2537,62,6,-289,93154,12848,-8680,-13040,-2514,461,-1861,93154,-10507,11909,5142,-47,878,-956,93133,8785,12725,17,-749,-316,-15,19,2
3578,93155,-12374,-2890,999,-694,749,-81,93155,2943,-2552,2537,-1,0,-289,93176,12848,-8680,-13040,-2514,461,-1861,93176,-10507,11909,5131,-47,878,-956,93155,8785,12725,17,-749,-316,-297,19,2
3579,93177,-12175,-2882,981,-826,522,-78,93177,3032,-2552,2624,-55,-4,-173,93198,13277,-8480,-12972,-1277,759,-833,93198,-10472,12036,5123,300,784,-317,93177,8893,13016,110,-694,-201,-608,19,2
3580,93199,-12175,-2882,981,-826,522,-78,93199,3032,-2533,2624,-55,-4,-163,93220,13277,-8480,-12971,-1102,759,-594,93220,-10472,12036,5123,300,784,-314,93199,8893,13016,110,-694,-154,-608,19,2
3581,93221,-12229,-2882,981,-923,352,-183,93221,3032,-2533,2624,-100,-7,-163,93242,13277,-8480,-12971,-1102,759,-594,93242,-10472,12036,5021,300,701,-314,93221,8893,13016,110,-694,-154,-843,19,2
3582,93243,-12568,-2824,1027,-995,310,-262,93243,3035,-2519,2590,-148,-44,-37,93264,13598,-8330,-12916,-32,967,629,93264,-10377,12185,4674,519,560,245,93243,8909,13071,-19,-680,142,-1064,19,2
3583,93265,-12568,-2824,1027,-995,310,-262,93265,3035,-2519,2590,-148,-44,-34,93286,13598,-8134,-12816,-23,983,694,93286,-10377,12185,4674,519,560,261,93265,8909,13071,-19,-680,166,-1064,19,2
3584,93287,-12852,-2824,1027,-1049,310,-262,93287,3035,-2519,2555,-184,-72,-34,93308,13598,-8134,-12816,-23,983,694,93308,-10377,12185,4567,519,-39,261,93287,8891,13071,-19,-680,166,-1262,19,2
3585,93309,-13065,-2875,1062,-1104,558,-223,93309,3035,-2515,2491,-211,-72,85,93330,13830,-8017,-11816,1250,1273,1678,93330,-10298,12176,4567,572,-488,692,93309,8838,13081,40,-697,613,-1424,19,2
3586,93331,-13065,-2875,1099,-1104,769,-223,93331,3035,-2515,2491,-211,-63,95,93352,13830,-8017,-11816,1524,1319,1680,93352,-10298,12176,4708,572,-488,708,93331,8838,13081,40,-697,909,-1424,19,2
3587,93353,-13224,-2875,1099,-1205,769,-223,93353,2998,-2518,2433,-232,-63,95,93374,13830,-8042,-11816,1524,1319,1680,93374,-10298,12170,4708,572,-879,708,93353,8838,13009,40,-710,909,-1616,19,2
3588,93375,-13496,-2828,1217,-1281,1326,-276,93375,2941,-2545,2376,-274,-43,206,93396,13556,-9042,-10816,2719,1558,2810,93396,-10067,12165,4673,612,-1571,1155,93375,8830,12935,363,-723,1617,-1909,19,2
3589,93397,-13496,-2710,1218,-1281,1326,-276,93397,2941,-2545,2376,-274,-43,206,93418,13556,-9042,-10816,2719,1558,2856,93418,-10067,12165,4673,731,-1571,1177,93397,8824,12935,363,-723,1645,-1909,19,2
3590,93419,-13700,-2710,1218,-1281,1326,-302,93419,2891,-2590,2331,-312,-43,206,93440,13295,-10042,-10816,2719,1558,2856,93440,-10067,12113,4646,731,-2161,1177,93419,8824,12880,363,-764,1645,-2260,19,2
3591,93441,-13974,-2586,1354,-1275,1641,-302,93441,2839,-2650,2232,-407,-25,293,93462,13143,-10858,-9962,3688,1622,3964,93462,-9894,12074,4646,979,-2603,1701,93441,8677,12880,632,-925,2033,-2777,19,2
3592,93463,-13974,-2586,1354,-1273,1641,-277,93463,2839,-2650,2232,-407,-13,332,93484,13143,-10858,-9936,3835,1622,4072,93484,-9894,12074,4718,979,-2603,1851,93463,8677,12893,632,-925,2033,-2777,19,2
3593,93485,-14315,-2586,1354,-1273,1614,-277,93485,2780,-2716,2154,-499,-13,332,93506,12985,-11703,-9936,3835,1622,4072,93506,-9894,12074,4718,979,-2603,1851,93485,8422,12893,632,-1074,2033,-3311,19,2
3594,93507,-14688,-2492,1456,-1220,1578,-210,93507,2692,-2797,2076,-601,19,455,93528,12092,-12465,-9114,4670,1524,5050,93528,-9764,12380,4772,1165,-2521,2628,93507,8204,13211,916,-1191,2033,-3884,19,2
3595,93529,-14688,-2435,1554,-1220,1578,-192,93529,2692,-2797,2076,-601,34,473,93550,12092,-12465,-8936,4670,1524,5249,93550,-9605,12641,4772,1204,-2476,2772,93529,8204,13365,916,-1191,2033,-3884,19,2
3596,93551,-14968,-2435,1554,-1220,1430,-192,93551,2559,-2876,2009,-678,34,473,93572,11423,-13048,-8936,4670,1433,5249,93572,-9605,12641,4565,1204,-2476,2772,93551,7900,13365,916,-1232,2032,-4386,19,2
3597,93573,-14968,-2249,1704,-1000,1430,-122,93573,2441,-2963,1877,-765,73,600,93594,10810,-13539,-7936,5296,1347,6143,93594,-9251,13042,4409,1426,-2589,3690,93573,7571,13565,1206,-1232,2031,-4896,19,2
3598,93595,-13968,-2249,1704,-985,1430,-54,93595,2441,-2963,1877,-765,73,601,93616,10810,-13539,-7936,5296,1347,6279,93616,-9251,13042,4409,1578,-2589,3759,93595,7571,13565,1206,-1172,2031,-4896,19,2
3599,93617,-13968,-2249,1704,-985,1430,-54,93617,2307,-3029,1750,-830,73,601,93638,10356,-13918,-7936,5296,1283,6279,93638,-9251,12944,4292,1578,-2674,3759,93617,7182,13565,1206,-1172,1852,-5332,19,2
3600,93639,-12968,-2157,1860,-789,1411,73,93639,2115,-3066,1626,-896,78,709,93660,10010,-14291,-6936,5916,1221,7076,93660,-8858,12871,4078,1859,-2737,4813,93639,6854,13738,1423,-1047,1718,-6012,19,2
3601,93661,-12968,-2157,1860,-789,1397,73,93661,2115,-3066,1626,-896,78,724,93682,10010,-14291,-6936,6091,1221,7143,93682,-8586,12871,4078,1906,-2737,5286,93661,6854,13738,1423,-1023,1718,-6012,19,2
3602,93683,-12968,-2157,1860,-789,1397,73,93683,1926,-3093,1506,-945,73,724,93704,9627,-14571,-6936,6091,1175,7143,93704,-8586,12871,3917,1906,-2785,5286,93683,6454,13738,1423,-1023,1483,-6656,19,2
3603,93705,-11968,-1974,1988,-673,1259,75,93705,1741,-3192,1322,-988,53,896,93726,9031,-14924,-5936,6908,1026,7674,93726,-7746,13816,3796,2197,-2962,6502,93705,5666,14059,1654,-855,1306,-7193,19,2
3604,93727,-11968,-1896,1988,-673,1259,75,93727,1741,-3192,1322,-988,53,914,93748,9031,-14924,-5936,6908,1026,7724,93748,-7586,13824,3796,2197,-2962,6502,93727,5666,14059,1654,-855,1306,-7193,19,2
3605,93749,-11968,-1896,1988,-673,1155,75,93749,1587,-3314,1169,-1020,38,914,93770,8380,-15146,-5936,6908,914,7724,93770,-7586,13824,3796,2197,-2962,6502,93749,5047,14059,1654,-855,1306,-7592,19,2
3606,93771,-10968,-1720,2084,-354,1155,76,93771,1407,-3413,1030,-1024,12,1072,93792,7892,-15312,-4936,7478,656,8240,93792,-6608,14589,3926,2463,-2716,7149,93771,4349,14600,1806,-758,1368,-7832,19,2
3607,93793,-10968,-1720,2139,-259,1184,162,93793,1407,-3413,1030,-1024,12,1072,93814,7892,-15312,-4936,7478,656,8240,93814,-6586,14589,3926,2463,-2190,7149,93793,4349,14718,1806,-758,1402,-7832,19,2
3608,93815,-10968,-1720,2139,-259,1184,162,93815,1245,-3487,909,-1024,-1,1072,93836,7526,-15312,-4936,7478,272,8240,93836,-6586,14589,3765,2463,-2190,7149,93815,3772,14718,1806,-758,1402,-7832,19,2
3609,93837,-9968,-1754,2394,174,1260,303,93837,1035,-3543,797,-1017,-16,1136,93858,6683,-15129,-3936,7860,-231,8614,93858,-5586,14922,3644,2547,-1700,7634,93837,3213,15065,1899,-815,1263,-7826,19,2
3610,93859,-9968,-1754,2394,250,1495,303,93859,1035,-3543,797,-1012,-16,1136,93880,6683,-15129,-3936,7860,-231,8614,93880,-5586,14922,3644,2547,-1700,7739,93859,3213,15065,1899,-815,1263,-7826,19,2
3611,93881,-9968,-1779,2394,250,1495,303,93881,877,-3589,712,-1005,-33,1136,93902,5805,-15129,-3936,7702,-231,8614,93902,-5586,14922,3546,2547,-1700,7739,93881,2793,15065,1899,-1158,1132,-7866,19,2
3612,93903,-8968,-1779,1795,187,1121,227,93903,831,-3628,576,-986,-45,1184,93924,5146,-14938,-2936,7392,-27,8894,93924,-4586,15350,3462,2756,-1332,8050,93903,2359,15231,1947,-1426,1034,-7986,19,2
3613,93925,-8968,-1334,1795,187,1121,227,93925,831,-3628,576,-964,-45,1184,93946,5146,-14930,-2936,7392,372,8894,93946,-4586,15350,3462,2766,-1154,8050,93925,2359,15231,1947,-1426,1034,-7986,19,2
3614,93947,-8968,-1334,1346,140,840,170,93947,796,-3673,430,-964,-45,1184,93968,4820,-14930,-2936,6712,372,8894,93968,-4586,15350,3399,2766,-1154,8050,93947,1620,15231,1947,-1587,1034,-7986,19,2
3615,93969,-7968,-1000,1009,105,630,127,93969,729,-3691,289,-933,-28,1215,93990,4576,-14766,-1936,6188,824,8330,93990,-3586,15427,3077,2931,-744,8067,93969,917,15285,2172,-1627,1141,-7951,19,2
3616,93991,-7968,-1000,1009,105,630,127,93991,729,-3691,289,-904,59,1215,94012,4576,-14766,-1936,6188,824,8330,94012,-3586,15427,3077,2931,-582,8067,93991,917,15285,2235,-1627,1357,-7893,19,2
3617,94013,-7968,-1000,756,78,472,95,94013,575,-3691,214,-904,59,1211,94034,4393,-14766,-1936,5677,824,7905,94034,-3586,15427,2658,2931,-582,7838,94013,218,15285,2235,-1627,1357,-7893,19,2
3618,94035,-6968,-750,567,58,354,71,94035,358,-3655,158,-811,160,1163,94056,3885,-14672,-936,5088,859,7483,94056,-2586,15598,2266,2806,-101,7467,94035,-305,15325,2388,-1627,1599,-7420,19,2
3619,94057,-6968,-750,567,58,354,71,94057,358,-3655,158,-811,160,1163,94078,3885,-14720,-936,5088,859,7483,94078,-2586,15630,2266,2806,924,7467,94057,-305,15431,2388,-1596,1599,-7254,19,2
3620,94079,-6968,-750,425,43,265,53,94079,173,-3714,72,-811,160,1122,94100,3493,-14860,-936,4808,859,6861,94100,-2586,15630,2050,2800,924,7086,94079,-673,15431,2388,-1569,1265,-7254,19,2
3621,94101,-5968,-562,318,32,198,39,94101,-2,-3796,-27,-748,163,1002,94122,2651,-15860,-91,4405,1207,6265,94122,-1586,15782,1853,2795,2924,6699,94101,-949,15600,2482,-1545,262,-6659,19,2
3622,94123,-5968,-562,318,32,198,39,94123,-2,-3796,-27,-748,163,1002,94144,2651,-15860,64,4405,1207,6265,94144,-1586,15782,1853,2795,2924,6699,94123,-949,15600,2504,-1469,262,-6562,19,2
3623,94145,-5968,-562,238,24,148,29,94145,-96,-3872,-90,-748,163,875,94166,2500,-16860,64,4102,1207,5860,94166,-1586,15782,1679,2792,2924,5871,94145,-1712,15600,2504,-1469,-489,-6562,19,2
3624,94167,-4968,-421,178,18,111,21,94167,-97,-4017,-137,-695,188,755,94188,2387,-16860,833,2949,1290,5557,94188,-586,15872,1564,1987,1541,3871,94167,-2285,15626,2894,-1390,-489,-5195,19,2
3625,94189,-4968,-421,178,18,111,21,94189,-97,-4017,-137,-695,212,755,94210,2387,-16597,833,2949,1290,5557,94210,-586,15872,1564,1987,1541,3871,94189,-2285,15626,2894,-1305,-477,-4733,19,2
3626,94211,-4968,-421,133,13,83,15,94211,-98,-4125,-172,-695,212,612,94232,2302,-16597,833,2084,1290,4361,94232,-586,15872,1478,1399,504,2252,94211,-2294,15626,2894,-1305,-477,-4733,19,2
3627,94233,-3968,-315,99,9,62,11,94233,-331,-4125,-244,-502,295,412,94254,1862,-16385,1731,1463,1210,3256,94254,-251,15900,1449,1056,249,1253,94233,-2294,15631,3028,-1054,-258,-3220,19,2
3628,94255,-3968,-315,99,9,62,11,94255,-331,-4091,-244,-474,295,412,94276,1862,-16349,1731,1463,1210,3256,94276,-251,15900,1449,1056,249,1253,94255,-2201,15631,3028,-1054,-246,-3220,19,2
3629,94277,-3968,-315,74,6,46,8,94277,-593,-4091,-314,-474,295,262,94298,1676,-16349,1731,1210,1150,2428,94298,-251,15900,1427,832,249,912,94277,-2201,15621,3028,-1054,-246,-3220,19,2
3630,94299,-2976,-236,55,4,34,6,94299,-790,-3984,-416,-323,183,156,94320,1537,-16211,2405,1131,1105,1968,94320,112,15911,1383,664,368,791,94299,-2091,15613,3124,-956,-192,-2412,19,2
3631,94321,-2976,-236,55,4,34,6,94321,-790,-3984,-416,-323,183,156,94342,1537,-16211,2405,1131,1105,1968,94342,171,15911,1383,664,368,791,94321,-2091,15613,3124,-956,-192,-2412,19,2
3632,94343,-2976,-236,41,3,25,4,94343,-790,-3984,-474,-323,99,97,94364,1537,-16211,2405,1072,769,1623,94364,171,15911,1315,486,368,739,94343,-2091,15613,3124,-956,-201,-2412,19,2
3633,94365,-2232,-177,30,2,18,3,94365,-691,-3970,-491,-264,37,72,94386,1614,-17211,2875,997,377,1466,94386,681,15976,1204,337,254,700,94365,-2253,15629,3231,-887,-207,-1947,19,2
3634,94387,-2232,-177,30,2,18,3,94387,-691,-3970,-491,-264,37,72,94408,1614,-17211,2875,997,377,1466,94408,737,15976,1204,337,254,700,94387,-2253,15629,3231,-887,-207,-1947,19,2
3635,94409,-2232,-177,22,1,13,2,94409,-691,-3970,-497,-264,37,72,94430,1595,-17211,2875,941,221,1349,94430,737,15976,1204,167,126,616,94409,-2374,15629,3231,-887,-207,-1947,19,2
3636,94431,-1674,-132,16,0,9,1,94431,-681,-4000,-509,-237,77,88,94452,1402,-16968,3280,840,104,1108,94452,1147,16008,1207,33,-61,354,94431,-2413,15648,3330,-835,287,-1395,19,2
3637,94453,-1674,-132,16,0,9,1,94453,-681,-4000,-509,-237,117,88,94474,1402,-16932,3280,840,104,1108,94474,1147,16008,1249,33,-61,354,94453,-2413,15648,3344,-835,287,-1307,19,2
3638,94475,-1674,-132,12,0,6,0,94475,-729,-4019,-545,-237,117,88,94496,1249,-16932,3280,754,104,772,94496,1147,16008,1249,-10,-61,157,94475,-2413,15648,3344,-835,287,-1307,19,2
3639,94497,-1255,-99,9,0,4,0,94497,-792,-4033,-573,-188,146,65,94518,1134,-16723,3584,690,146,520,94518,1335,16033,1263,-20,-50,64,94497,-2327,15654,3429,-609,175,-919,19,2
3640,94519,-1255,-99,9,0,4,0,94519,-792,-4033,-573,-158,146,65,94540,1134,-16723,3584,690,146,520,94540,1335,16033,1263,-20,74,64,94519,-2327,15654,3429,-609,175,-919,19,2
3641,94541,-1255,-99,6,0,3,0,94541,-792,-4033,-593,-158,131,34,94562,1134,-16723,3584,658,146,456,94562,1335,16033,1252,-27,74,29,94541,-2327,15654,3429,-609,-78,-919,19,2
3642,94563,-941,-74,4,0,2,0,94563,-779,-4012,-607,-101,78,-1,94584,1264,-16538,3760,645,165,408,94584,1476,16057,1230,-72,175,6,94563,-2368,15658,3445,-495,-268,-709,19,2
3643,94585,-941,-74,4,0,2,0,94585,-759,-4012,-607,-101,78,-1,94606,1265,-16538,3760,645,165,408,94606,1479,16057,1230,-72,175,6,94585,-2368,15662,3445,-495,-268,-709,19,2
3644,94607,-941,-74,3,0,1,0,94607,-759,-4012,-617,-101,54,-7,94628,1265,-16538,3760,635,12,330,94628,1479,16057,1221,-106,175,-10,94607,-2402,15662,3445,-495,-268,-709,19,2
3645,94629,-705,-55,2,0,0,0,94629,-697,-4002,-633,-63,44,-7,94650,1238,-16431,3943,619,-102,261,94650,1600,16082,1221,-106,191,-20,94629,-2427,15665,3497,-400,-198,-492,19,2
3646,94651,-705,-55,2,0,0,0,94651,-697,-4002,-633,-63,44,-2,94672,1238,-16431,3947,619,-102,261,94672,1603,16082,1239,-98,191,-20,94651,-2427,15659,3497,-377,-198,-463,19,2
3647,94673,-705,-55,1,0,0,0,94673,-697,-4002,-645,-63,44,-2,94694,1212,-16431,3947,606,-102,208,94694,1603,16082,1239,-98,177,-20,94673,-2427,15659,3497,-377,-198,-463,19,2
3648,94695,-528,-41,0,0,0,0,94695,-693,-3998,-645,-47,45,6,94716,1193,-16351,4086,568,-43,143,94716,1698,16085,1252,-66,167,-13,94695,-2403,15659,3544,-246,-239,-294,19,2
3649,94717,-528,-41,0,0,0,0,94717,-693,-3998,-645,-47,46,6,94738,1193,-16351,4086,568,-39,143,94738,1698,16085,1252,-44,167,-13,94717,-2385,15661,3544,-225,-239,-294,19,2
3650,94739,-528,-41,0,0,0,0,94739,-693,-4002,-645,-47,46,6,94760,1186,-16351,4086,465,-39,93,94760,1698,16085,1252,-44,159,-13,94739,-2385,15661,3544,-225,-270,-294,19,2
3651,94761,-396,-30,0,0,0,0,94761,-690,-4006,-645,-35,31,1,94782,1181,-16288,4184,373,84,15,94782,1805,16113,1256,1,101,-62,94761,-2371,15661,3580,-79,-293,-168,19,2
3652,94783,-396,-30,0,0,0,0,94783,-689,-4006,-645,-28,31,1,94804,1181,-16288,4184,373,84,15,94804,1805,16113,1256,1,101,-62,94783,-2371,15662,3580,-71,-293,-146,19,2
3653,94805,-396,-30,0,0,0,0,94805,-689,-4009,-645,-28,20,-4,94826,1181,-16288,4184,318,84,-14,94826,1805,16113,1255,1,57,-135,94805,-2371,15662,3580,-71,-293,-146,19,2
3654,94827,-297,-22,0,0,0,0,94827,-663,-4011,-649,-12,19,-8,94848,1197,-16212,4262,274,139,-36,94848,1837,16126,1255,-33,57,-189,94827,-2366,15662,3576,44,-271,-24,19,2
3655,94849,-297,-22,0,0,0,0,94849,-663,-4011,-649,-8,19,-8,94870,1197,-16212,4262,274,139,-36,94870,1837,16126,1262,-33,69,-189,94849,-2350,15669,3576,44,-271,-24,19,2
3656,94871,-297,-22,0,0,0,0,94871,-663,-4011,-650,-8,19,-8,94892,1183,-16212,4262,241,139,-52,94892,1837,16126,1262,-64,69,-219,94871,-2350,15669,3573,44,-271,-24,19,2
3657,94893,-222,-16,0,0,0,0,94893,-660,-4000,-651,2,44,-5,94914,1171,-16179,4320,211,244,-94,94914,1851,16136,1261,-107,143,-235,94893,-2302,15657,3505,111,-252,49,19,2
3658,94915,-222,-16,0,0,0,0,94915,-660,-4000,-651,2,44,-4,94936,1171,-16179,4320,211,244,-94,94936,1851,16139,1261,-107,143,-235,94915,-2288,15657,3505,111,-215,49,19,2
3659,94937,-222,-16,0,0,0,0,94937,-660,-4000,-652,2,44,-4,94958,1162,-16179,4320,188,244,-130,94958,1851,16139,1260,-149,143,-241,94937,-2288,15657,3454,111,-215,49,19,2
3660,94959,-166,-12,0,0,0,0,94959,-658,-3999,-653,6,51,-3,94980,1162,-16158,4334,173,298,-200,94980,1849,16143,1260,-181,140,-241,94959,-2260,15663,3409,93,-138,84,19,2
3661,94981,-166,-12,0,0,0,0,94981,-658,-3999,-653,6,51,-3,95002,1162,-16158,4334,173,298,-200,95002,1849,16147,1271,-181,140,-232,94981,-2260,15663,3409,93,-132,84,19,2
3662,95003,-166,-12,0,0,0,0,95003,-658,-3999,-655,6,51,-3,95024,1145,-16158,4334,173,298,-253,95024,1845,16147,1271,-191,126,-232,95003,-2260,15663,3369,42,-132,84,19,2
3663,95025,-124,-9,0,0,0,0,95025,-645,-3995,-658,10,56,-3,95046,1123,-16141,4373,180,357,-293,95046,1842,16148,1279,-192,110,-206,95025,-2232,15668,3339,-57,-69,50,19,2
3664,95047,-124,-9,0,0,0,0,95047,-645,-3994,-658,10,66,0,95068,1123,-16141,4373,190,366,-293,95068,1842,16148,1279,-192,110,-202,95047,-2232,15668,3339,-57,-67,50,19,2
3665,95069,-124,-9,0,0,0,0,95069,-645,-3994,-666,10,66,0,95090,1107,-16141,4373,190,366,-293,95090,1832,16148,1279,-193,55,-202,95069,-2232,15668,3318,-176,-67,11,19,2
3666,95091,-93,-6,0,0,0,0,95091,-646,-3990,-672,15,73,4,95112,1107,-16128,4379,202,420,-278,95112,1826,16150,1300,-194,9,-144,95091,-2255,15667,3318,-317,4,-34,19,2
3667,95113,-93,-6,0,0,0,0,95113,-646,-3990,-672,15,73,7,95134,1119,-16128,4379,202,422,-275,95134,1826,16150,1313,-194,9,-114,95113,-2255,15667,3332,-317,123,-34,19,2
3668,95135,-93,-6,0,0,0,0,95135,-646,-3990,-676,15,73,7,95156,1119,-16128,4379,202,422,-275,95156,1826,16150,1313,-194,-20,-114,95135,-2275,15667,3332,-432,123,-88,19,2
3669,95157,-69,-4,0,0,0,0,95157,-643,-3988,-681,20,74,14,95178,1131,-16122,4384,212,454,-232,95178,1852,16151,1317,-174,-20,-29,95157,-2311,15670,3362,-519,328,-129,19,2
3670,95179,-69,-4,0,0,0,0,95179,-643,-3988,-681,20,74,15,95200,1247,-16122,4384,217,454,-213,95200,1900,16151,1317,-153,14,-29,95179,-2311,15699,3362,-519,328,-129,19,2
3671,95201,-69,-4,0,0,0,0,95201,-643,-3989,-685,20,74,15,95222,1247,-16122,4384,217,408,-213,95222,1900,16151,1317,-153,14,-29,95201,-2359,15699,3362,-519,328,-129,19,2
3672,95223,-51,-3,0,0,0,0,95223,-633,-3997,-685,23,75,22,95244,1241,-16117,4390,228,374,-223,95244,1903,16146,1309,-108,40,-65,95223,-2395,15700,3386,-468,218,-90,19,2
3673,95245,-51,-3,0,0,0,0,95245,-633,-3997,-680,23,79,22,95266,1241,-16087,4408,228,374,-223,95266,1903,16146,1309,-108,40,-65,95245,-2395,15700,3386,-410,218,-49,19,2
3674,95267,-51,-3,0,0,0,0,95267,-633,-4003,-680,23,79,22,95288,1219,-16087,4408,228,374,-231,95288,1889,16146,1309,-108,40,-92,95267,-2395,15696,3386,-410,79,-49,19,2
3675,95289,-1051,-503,1000,-85,0,0,95289,-639,-4003,-680,28,85,14,95310,1203,-16061,4432,221,412,-231,95310,1878,16151,1303,-74,65,-101,95289,-2391,15690,3404,-339,-53,10,19,2
3676,95311,-1051,-503,1000,-85,199,5,95311,-639,-4000,-680,32,85,14,95332,1203,-16061,4432,221,415,-223,95332,1878,16151,1303,-68,67,-101,95311,-2390,15690,3413,-339,-53,10,19,2
3677,95333,-2051,-881,1000,-171,199,5,95333,-643,-4000,-686,32,79,8,95814,1191,-16061,4432,221,415,-223,95814,1878,16151,1303,-68,67,-101,95333,-2390,15685,3418,-339,-158,10,20,2
3678,95815,-3051,-1172,2000,-236,355,8,95815,-648,-3996,-691,41,70,6,95836,1187,-16063,4450,222,446,-193,95836,1900,16163,1286,-41,88,-101,95815,-2387,15681,3433,-285,-230,43,20,2
3679,95837,-3051,-1172,2000,-236,355,8,95837,-648,-3990,-691,41,70,6,95858,1187,-16063,4450,223,451,-193,95858,1900,16163,1286,-41,103,-101,95837,-2387,15681,3434,-285,-230,43,20,2
3680,95859,-3051,-1391,2000,-236,355,8,95859,-651,-3990,-691,41,63,5,95880,1187,-16063,4450,224,451,-193,95880,1877,16163,1273,-41,103,-113,95859,-2387,15681,3434,-285,-230,43,20,2
3681,95881,-2288,-1391,1500,-177,266,6,95881,-669,-3988,-690,41,57,4,95902,1185,-16065,4476,224,478,-128,95902,1847,16168,1260,-42,115,-122,95881,-2377,15677,3445,-210,-217,80,20,2
3682,95903,-2288,-1043,1500,-177,266,6,95903,-669,-3988,-688,41,57,4,95924,1185,-16065,4476,224,478,-128,95924,1847,16168,1260,-42,123,-122,95903,-2372,15677,3442,-210,-194,88,20,2
3683,95925,-2288,-1043,1125,-177,199,4,95925,-669,-3988,-688,41,51,3,95946,1183,-16065,4476,224,426,-128,95946,1825,16168,1248,-43,123,-122,95925,-2372,15674,3442,-210,-194,88,20,2
3684,95947,-1716,-782,843,-132,149,3,95947,-662,-3988,-682,41,41,3,95968,1182,-16046,4493,228,387,-86,95968,1823,16172,1239,-43,138,-118,95947,-2341,15665,3438,-150,-133,125,20,2
3685,95969,-1716,-782,843,-132,149,3,95969,-657,-3988,-682,41,41,3,95990,1182,-16046,4493,234,387,-79,95990,1823,16172,1239,-43,138,-118,95969,-2338,15665,3438,-148,-117,125,20,2
3686,95991,-1716,-782,632,-132,111,2,95991,-657,-3988,-682,41,37,3,96012,1175,-16046,4493,234,363,-79,96012,1822,16172,1233,-43,138,-118,95991,-2338,15665,3438,-148,-117,125,20,2
3687,96013,-1287,-586,474,-99,83,1,96013,-648,-3988,-684,41,34,4,96034,1170,-16034,4496,241,363,-51,96034,1807,16174,1230,-54,141,-121,96013,-2315,15675,3440,-102,-98,153,20,2
3688,96035,-1287,-586,474,-99,83,1,96035,-648,-3988,-684,41,34,4,96056,1170,-16034,4496,241,372,-51,96056,1807,16174,1230,-54,141,-121,96035,-2315,15682,3440,-80,-98,153,20,2
3689,96057,-1287,-586,355,-99,62,0,96057,-648,-3988,-684,41,32,4,96078,1170,-16034,4496,204,372,-63,96078,1796,16174,1228,-62,141,-123,96057,-2315,15682,3440,-80,-98,153,20,2
3690,96079,-965,-439,266,-74,46,0,96079,-642,-3987,-683,41,28,5,96100,1172,-16023,4508,171,394,-72,96100,1791,16175,1225,-66,147,-124,96079,-2295,15688,3433,2,-84,190,20,2
3691,96101,-965,-439,266,-74,46,0,96101,-641,-3987,-683,41,28,5,96122,1172,-16009,4517,171,408,-72,96122,1791,16176,1225,-66,147,-124,96101,-2278,15688,3433,2,-71,190,20,2
3692,96123,-965,-439,199,-74,34,0,96123,-641,-3987,-683,40,28,5,96144,1172,-16009,4523,171,408,-72,96144,1787,16176,1222,-69,147,-128,96123,-2278,15688,3428,2,-71,190,20,2
3693,96145,-723,-329,149,-55,25,0,96145,-636,-3988,-682,37,32,10,96166,1147,-16003,4523,177,421,-46,96166,1777,16167,1220,-82,135,-135,96145,-2250,15698,3425,-35,-36,182,20,2
3694,96167,-723,-329,149,-55,25,0,96167,-636,-3988,-680,37,33,10,96188,1147,-16003,4528,179,421,-46,96188,1777,16167,1220,-82,135,-135,96167,-2250,15698,3420,-35,-29,182,20,2
3695,96189,-723,-329,111,-55,18,0,96189,-636,-3989,-680,35,33,10,96210,1138,-16003,4528,179,421,-46,96210,1769,16160,1220,-91,126,-144,96189,-2250,15698,3414,-63,-29,167,20,2
3696,96211,-542,-246,83,-41,13,0,96211,-635,-3989,-678,34,40,13,96232,1137,-15999,4520,185,436,-49,96232,1760,16160,1227,-95,107,-153,96211,-2241,15696,3401,-84,25,155,20,2
3697,96233,-542,-246,83,-41,13,0,96233,-635,-3989,-678,34,41,13,96254,1137,-15998,4520,185,453,-49,96254,1760,16161,1236,-95,107,-153,96233,-2241,15696,3401,-84,30,155,20,2
3698,96255,-542,-246,62,-41,9,0,96255,-635,-3989,-679,34,41,13,96276,1137,-15998,4514,185,453,-51,96276,1751,16161,1236,-95,99,-157,96255,-2241,15696,3401,-103,30,141,20,2
3699,96277,-406,-184,46,-30,6,0,96277,-638,-3985,-686,34,45,13,96298,1141,-16018,4509,171,486,-51,96298,1743,16162,1248,-90,93,-157,96277,-2239,15705,3400,-115,57,135,20,2
3700,96299,-406,-184,46,-30,6,0,96299,-638,-3982,-686,34,45,13,96320,1141,-16018,4509,160,486,-37,96320,1743,16162,1256,-86,93,-154,96299,-2239,15718,3400,-115,57,135,20,2
3701,96321,-406,-184,34,-30,4,0,96321,-643,-3982,-690,34,45,13,96342,1141,-16033,4478,160,486,-37,96342,1737,16162,1256,-86,93,-154,96321,-2239,15718,3400,-115,57,135,20,2
3702,96343,-304,-138,25,-22,3,0,96343,-646,-3983,-692,33,46,14,96364,1161,-16033,4478,152,500,-26,96364,1737,16175,1252,-70,95,-139,96343,-2238,15728,3389,-111,29,147,20,2
3703,96365,-304,-138,25,-22,3,0,96365,-646,-3983,-692,33,46,14,96386,1161,-16021,4482,152,500,-26,96386,1747,16177,1252,-70,95,-139,96365,-2238,15728,3389,-87,29,169,20,2
3704,96387,-304,-138,18,-22,2,0,96387,-648,-3984,-692,33,46,14,96408,1161,-16021,4482,152,500,-26,96408,1747,16177,1252,-70,95,-143,96387,-2238,15728,3388,-87,-7,169,20,2
3705,96409,-228,-601,18,-16,1,0,96409,-648,-3989,-691,33,40,15,96430,1175,-16015,4482,165,454,-35,96430,1738,16186,1253,-48,97,-158,96409,-2237,15735,3380,-8,-34,207,20,2
3706,96431,-228,-601,1018,-16,1,0,96431,-642,-3989,-691,33,40,15,96452,1175,-16015,4485,187,454,-35,96452,1738,16186,1253,-35,97,-158,96431,-2215,15735,3380,-6,-34,209,20,2
3707,96453,-1228,-988,1018,-16,0,0,96453,-642,-3989,-691,34,39,15,96474,1173,-16029,4485,187,454,-55,96474,1738,16186,1253,-35,97,-174,96453,-2215,15735,3365,-6,-54,209,20,2
3708,96475,-2228,-1241,1986,-56,0,0,96475,-637,-3992,-689,37,38,13,96496,1168,-16039,4524,205,440,-70,96496,1730,16193,1255,0,100,-188,96475,-2191,15740,3338,65,-69,257,20,2
3709,96497,-2228,-1241,1986,-56,211,0,96497,-637,-3992,-689,38,38,13,96518,1168,-16039,4524,205,440,-70,96518,1730,16193,1255,0,107,-188,96497,-2183,15740,3338,65,-69,257,20,2
3710,96519,-3228,-1430,1986,-97,211,0,96519,-638,-3992,-689,38,38,12,96540,1165,-16039,4524,205,440,-70,96540,1724,16193,1242,0,107,-198,96519,-2183,15740,3303,65,-69,257,20,2
3711,96541,-4228,-1572,2712,-138,332,17,96541,-638,-3989,-682,43,36,7,96562,1153,-16028,4561,202,441,-66,96562,1690,16183,1230,3,116,-201,96541,-2143,15721,3272,118,-31,293,20,2
3712,96563,-4228,-1572,2713,-138,332,17,96563,-638,-3986,-682,44,36,7,96584,1153,-16010,4562,202,441,-66,96584,1690,16183,1230,3,122,-201,96563,-2134,15721,3272,118,-12,293,20,2
3713,96585,-5228,-1741,2713,-180,332,17,96585,-638,-3986,-682,44,36,3,96606,1153,-16010,4562,202,441,-66,96606,1664,16176,1212,3,122,-201,96585,-2134,15721,3249,118,-12,293,20,2
3714,96607,-6228,-1867,3238,-276,423,21,96607,-638,-3980,-678,46,36,3,96628,1144,-16001,4585,202,477,-74,96628,1645,16163,1194,-3,133,-183,96607,-2073,15716,3231,49,49,269,20,2
3715,96629,-6228,-1867,3238,-276,424,30,96629,-638,-3980,-678,46,38,4,96650,1144,-16001,4585,202,477,-74,96650,1645,16163,1194,-3,133,-183,96629,-2073,15716,3231,49,49,269,20,2
3716,96651,-7228,-1922,3238,-356,424,30,96651,-639,-3980,-678,45,38,4,96672,1144,-16001,4585,184,477,-105,96672,1632,16153,1185,-8,133,-183,96651,-2073,15716,3207,-47,13,215,20,2
3717,96673,-8228,-1963,3624,-419,517,36,96673,-639,-3979,-675,43,44,8,96694,1145,-15994,4564,171,518,-130,96694,1623,16145,1166,-29,104,-172,96673,-2064,15720,3187,-158,-13,166,20,2
3718,96695,-8228,-1963,3624,-419,517,42,96695,-639,-3979,-675,43,47,8,96716,1145,-15994,4564,171,518,-130,96716,1623,16145,1166,-29,104,-172,96695,-2064,15720,3187,-158,-13,166,20,2
3719,96717,-9228,-2000,3624,-467,517,42,96717,-640,-3982,-675,43,47,8,96738,1145,-15994,4564,159,518,-149,96738,1616,16145,1166,-45,74,-172,96717,-2064,15720,3174,-255,-32,121,20,2
3720,96739,-10228,-2022,3914,-505,578,51,96739,-645,-3982,-678,43,54,7,96760,1152,-15979,4562,152,582,-150,96760,1605,16158,1173,-58,51,-167,96739,-2058,15723,3174,-328,-46,64,20,2
3721,96761,-10228,-2022,3940,-505,578,52,96761,-645,-3982,-678,43,54,7,96782,1152,-15979,4562,152,582,-150,96782,1605,16158,1179,-58,51,-152,96761,-2058,15723,3196,-328,-46,64,20,2
3722,96783,-11228,-2034,3940,-526,578,52,96783,-649,-3982,-680,43,53,6,96804,1152,-15979,4560,142,582,-151,96804,1594,16158,1179,-69,51,-152,96783,-2061,15723,3196,-351,-57,22,20,2
3723,96805,-12228,-2035,4176,-542,627,61,96805,-651,-3982,-680,42,52,6,96826,1158,-15978,4559,142,592,-151,96826,1594,16170,1195,-77,59,-121,96805,-2083,15727,3246,-351,-57,21,20,2
3724,96827,-12228,-2035,4176,-542,634,61,96827,-651,-3982,-677,42,52,8,96848,1158,-15978,4559,144,592,-144,96848,1599,16170,1195,-77,67,-118,96827,-2083,15727,3246,-335,-25,21,20,2
3725,96849,-13228,-2036,4176,-542,634,61,96849,-651,-3982,-677,41,52,8,96870,1158,-15978,4558,144,592,-144,96870,1602,16170,1195,-83,67,-118,96849,-2099,15727,3246,-335,-25,20,20,2
3726,96871,-14000,-2046,4349,-516,692,68,96871,-649,-3984,-672,40,55,9,96892,1136,-15959,4538,158,549,-136,96892,1609,16179,1190,-90,80,-106,96871,-2103,15722,3305,-323,17,19,20,2
3727,96893,-14000,-2046,4353,-509,693,76,96893,-649,-3984,-672,40,55,9,96914,1136,-15959,4538,158,549,-136,96914,1611,16179,1190,-90,80,-106,96893,-2103,15722,3306,-323,81,19,20,2
3728,96915,-14567,-2046,4353,-509,693,76,96915,-649,-3986,-672,40,54,8,96936,1136,-15959,4523,158,517,-136,96936,1611,16179,1190,-95,68,-106,96915,-2106,15715,3306,-333,81,16,20,2
3729,96937,-14992,-2041,4487,-484,734,101,96937,-645,-3986,-672,41,52,5,96958,1195,-15967,4492,179,493,-128,96958,1600,16177,1209,-109,-116,-107,96937,-2119,15706,3327,-358,732,12,20,2
3730,96959,-14992,-2041,4487,-470,734,101,96959,-645,-3984,-672,41,52,5,96980,1243,-15967,4492,179,493,-108,96980,1600,16177,1218,-109,-116,-107,96959,-2119,15706,3327,-358,738,12,20,2
3731,96981,-15306,-2041,4487,-470,734,101,96981,-645,-3984,-672,41,50,1,97002,1243,-15992,4492,179,469,-108,97002,1576,16177,1218,-120,-257,-107,96981,-2133,15706,3327,-429,738,9,20,2
3732,97003,-15541,-2037,4613,-436,765,89,97003,-635,-3979,-676,46,49,-1,97024,1323,-16026,4467,228,451,-81,97024,1556,16185,1267,-128,-382,-94,97003,-2161,15703,3340,-482,1353,9,20,2
3733,97025,-15541,-2037,4613,-436,765,89,97025,-635,-3979,-676,46,49,-1,97046,1330,-16026,4467,231,451,-81,97046,1556,16190,1269,-128,-382,-84,97025,-2161,15703,3340,-482,1353,17,20,2
3734,97047,-15723,-2037,4613,-436,765,51,97047,-635,-3979,-681,46,49,-1,97068,1330,-16051,4447,231,414,-81,97068,1556,16190,1269,-128,-572,-84,97047,-2211,15702,3340,-482,1353,17,20,2
3735,97069,-15860,-2046,4707,-466,788,12,97069,-631,-3977,-685,42,50,0,97090,1454,-16074,4432,241,377,-174,97090,1613,16203,1315,-132,-1192,4,97069,-2254,15701,3350,-373,1815,132,20,2
3736,97091,-15860,-2046,4707,-466,788,12,97091,-631,-3977,-685,42,50,3,97112,1454,-16074,4432,241,377,-174,97112,1619,16203,1315,-132,-1192,4,97091,-2254,15701,3350,-364,1815,178,20,2
3737,97113,-15945,-2046,4707,-489,788,-38,97113,-631,-3977,-685,38,50,3,97134,1454,-16091,4424,232,349,-243,97134,1619,16195,1294,-135,-1657,4,97113,-2254,15701,3350,-364,1815,178,20,2
3738,97135,-16005,-2032,4765,-489,831,-75,97135,-622,-3990,-680,33,58,7,97156,1381,-16104,4418,225,279,-290,97156,1689,16184,1255,-137,-2000,-127,97135,-2252,15735,3368,-260,1592,311,20,2
3739,97157,-16005,-2032,4765,-467,831,-75,97157,-622,-3990,-670,33,59,7,97178,1381,-16104,4418,225,279,-290,97178,1689,16184,1255,-137,-2000,-127,97157,-2252,15737,3368,-251,1592,311,20,2
3740,97179,-16005,-2032,4765,-467,831,-75,97179,-622,-4011,-670,30,59,6,97200,1326,-16142,4418,220,279,-325,97200,1689,16182,1203,-139,-2000,-365,97179,-2252,15737,3368,-251,1303,311,20,2
3741,97201,-15997,-2052,4832,-398,885,-66,97201,-606,-4029,-648,30,51,-17,97222,1326,-16170,4413,164,443,-455,97222,1694,16180,1187,-162,-1880,-733,97201,-2256,15748,3359,-44,969,411,20,2
3742,97223,-15990,-2052,4836,-397,888,-48,97223,-605,-4029,-639,52,51,-17,97244,1378,-16170,4413,164,443,-455,97244,1694,16180,1187,-162,-1696,-733,97223,-2256,15748,3359,-41,969,430,20,2
3743,97245,-15990,-2104,4836,-397,888,-48,97245,-605,-4042,-639,52,42,-40,97266,1378,-16170,4371,-310,443,-552,97266,1689,16180,1187,-187,-1696,-1137,97245,-2256,15748,3359,-41,674,430,20,2
3744,97267,-16012,-2149,4890,-345,842,-22,97267,-587,-4059,-615,84,22,-74,97288,1423,-16091,4305,-674,595,-813,97288,1689,16206,1189,-343,-1346,-1742,97267,-2256,15737,3355,145,391,612,20,2
3745,97289,-16012,-2149,4890,-345,842,-21,97289,-587,-4059,-603,104,22,-74,97310,1532,-16091,4305,-674,632,-813,97310,1689,16206,1189,-343,-1245,-1742,97289,-2256,15737,3355,206,391,679,20,2
3746,97311,-16031,-2223,4857,-345,774,-21,97311,-587,-4059,-603,104,6,-104,97332,1532,-16091,4239,-969,632,-1043,97332,1666,16206,1156,-547,-1245,-2422,97311,-2302,15728,3352,206,157,679,20,2
3747,97333,-16043,-2279,4702,-424,681,-17,97333,-546,-4056,-555,155,-37,-164,97354,1937,-16024,3981,-1745,737,-2417,97354,1666,16228,1008,-865,-778,-3495,97333,-2495,15728,3330,563,-591,1200,20,2
3748,97355,-16043,-2279,4702,-424,681,-17,97355,-527,-4041,-548,183,-37,-164,97376,1937,-15969,3981,-1745,737,-2417,97376,1666,16228,1008,-865,-646,-3495,97355,-2495,15875,3330,725,-591,1566,20,2
3749,97377,-16043,-2393,4576,-580,605,-96,97377,-527,-4041,-548,183,-69,-232,97398,1937,-15969,3771,-2687,737,-3571,97398,1627,16228,897,-1324,-646,-4614,97377,-2724,15875,3313,725,-1395,1566,20,2
3750,97399,-15043,-2478,4262,-820,274,-156,97399,-428,-4004,-436,296,-72,-340,97420,2282,-15591,3280,-3833,141,-5571,97420,1253,16381,894,-1743,45,-5951,97399,-2896,16005,3183,1283,-2008,3234,20,2
3751,97421,-15043,-2478,4262,-820,274,-156,97421,-385,-3993,-378,303,-72,-340,97442,2282,-15591,3280,-3833,141,-5571,97442,1253,16381,894,-1743,45,-5951,97421,-2896,16055,3183,1286,-2008,3566,20,2
3752,97443,-15043,-2478,3988,-1093,-209,-156,97443,-385,-3993,-378,303,-72,-498,97464,2282,-15591,2912,-4808,-8,-7311,97464,911,16381,894,-2077,45,-7298,97443,-2896,16055,3042,1286,-2467,3566,20,2
3753,97465,-14043,-2305,3608,-1418,-848,227,97465,-267,-3946,-234,439,0,-656,97486,1915,-15308,2636,-6808,-417,-8616,97486,262,16534,1039,-2431,630,-8709,97465,-2466,16542,2659,1831,-3108,5566,20,2
3754,97487,-14043,-2246,3608,-1418,-848,227,97487,-267,-3920,-234,451,22,-656,97508,1915,-15308,2636,-6808,-417,-8616,97508,262,16534,1039,-2431,630,-8709,97487,-2466,16697,2659,1887,-3108,5566,20,2
3755,97509,-14043,-2246,3319,-1678,-1367,227,97509,-267,-3920,-234,451,22,-797,97530,1640,-15507,2429,-8750,-417,-10007,97530,-253,16534,1039,-2711,630,-9851,97509,-2466,16697,2308,1887,-3108,5566,20,2
3756,97531,-13043,-2063,3177,-1873,-1944,77,97531,-235,-3888,-144,774,71,-919,97552,1640,-15507,1980,-10206,-183,-11457,97552,-879,16908,1072,-2921,1094,-10707,97531,-1710,16258,1585,2441,-2789,7154,20,2
3757,97553,-13043,-1961,3177,-1873,-1944,77,97553,-235,-3888,-144,774,71,-919,97574,2640,-15244,1980,-10206,-183,-11457,97574,-879,16908,1072,-2921,1094,-10707,97553,-1710,16258,1585,2441,-1667,7154,20,2
3758,97575,-13043,-1961,3177,-1873,-2377,-35,97575,-235,-3888,-144,774,54,-1031,97596,2640,-15244,1627,-10943,-582,-12377,97596,-1649,16908,1072,-2921,353,-11126,97575,-1710,15258,1042,2441,-1667,7154,20,2
3759,97597,-12043,-1498,3417,-1318,-2655,-144,97597,-211,-3864,-53,1054,6,-1266,97618,3640,-14985,1108,-10943,-2060,-12576,97618,-2649,15908,1136,-2834,-202,-11126,97597,-710,14418,1042,2251,-669,7856,20,2
3760,97619,-12043,-1498,3417,-1318,-2655,-144,97619,-211,-3864,-29,1054,6,-1266,97640,3640,-14985,1108,-10193,-2060,-12576,97640,-2649,15908,1536,-2834,-202,-11114,97619,-710,14418,1443,2251,-669,7856,20,2
3761,97641,-12043,-1498,3417,-1318,-2655,-238,97641,-211,-3864,-29,1054,-51,-1442,97662,3640,-14985,719,-10193,-3169,-12576,97662,-3649,14908,1536,-2953,-449,-11114,97641,-710,14100,1443,1936,-669,7856,20,2
3762,97663,-11043,-2083,3400,-920,-2311,-308,97663,-159,-3671,157,1108,-113,-1445,97684,4238,-15103,227,-9571,-3169,-11437,97684,-4649,14045,2529,-3042,-634,-10511,97663,290,13880,1903,1384,-514,7901,20,2
3763,97685,-11043,-2083,3400,-920,-2311,-308,97685,220,-3671,227,1108,-113,-1445,97706,4238,-15103,227,-9571,-3119,-11437,97706,-4649,14045,2529,-3042,-634,-10221,97685,290,13880,1903,1384,-514,7901,20,2
3764,97707,-11043,-2522,3295,-920,-2311,-308,97707,220,-3673,227,1108,-136,-1445,97728,4238,-15192,-141,-10359,-3119,-12121,97728,-5612,13581,2529,-3188,-777,-10221,97707,290,13880,1269,746,-514,7883,20,2
3765,97729,-10043,-2549,3118,-621,-2338,-67,97729,510,-3675,477,1148,-136,-1353,97750,5238,-15192,-928,-11231,-2314,-12601,97750,-6414,13233,3105,-3507,-884,-9131,97729,1290,13760,567,268,-810,7757,20,2
3766,97751,-10043,-2549,3118,-621,-2338,61,97751,510,-3675,488,1148,-66,-1326,97772,5238,-14879,-928,-11231,-2314,-12601,97772,-6414,13233,3105,-3507,-884,-9028,97751,1290,13760,567,268,-810,7757,20,2
3767,97773,-10043,-2549,2972,-621,-2358,61,97773,510,-3675,488,1148,-66,-1326,97794,5238,-14879,-1661,-11604,-2314,-12729,97794,-6951,13233,3105,-4053,-884,-9028,97773,1290,13670,544,-24,-1032,7585,20,2
3768,97795,-11043,-2203,2863,-362,-2358,338,97795,728,-3452,846,1205,-40,-1193,97816,6238,-14671,-2661,-11970,-1954,-12729,97816,-7354,13311,3614,-4680,25,-7983,97795,2290,13602,544,-243,-1270,7330,20,2
3769,97817,-11043,-2203,2863,-362,-2239,338,97817,735,-3452,846,1205,-40,-1191,97838,6238,-14671,-2661,-11970,-1954,-11449,97838,-7354,13427,3614,-4680,414,-7790,97817,2290,13602,873,-243,-1270,7330,20,2
3770,97839,-11822,-2203,2680,-362,-2239,338,97839,735,-3452,846,1205,-118,-1191,97860,6238,-14671,-3661,-12560,-1954,-11449,97860,-7656,13427,3614,-5150,414,-7790,97839,2290,13602,873,-741,-1499,6837,20,2
3771,97861,-12597,-2349,2432,-223,-1614,89,97861,1068,-3422,1113,1209,-186,-1089,97882,7238,-14515,-4615,-13018,-1586,-10440,97882,-8007,13433,4164,-5380,945,-6654,97861,3290,13616,1266,-1463,-1671,6392,20,2
3772,97883,-12597,-2349,2432,-223,-1581,89,97883,1173,-3422,1113,1209,-186,-1085,97904,7238,-14293,-4615,-13018,-1202,-10370,97904,-8007,13433,4164,-5380,945,-6654,97883,3290,13616,1266,-1463,-1671,6392,20,2
3773,97905,-12957,-2648,2246,-223,-1581,-18,97905,1173,-3422,1113,1209,-186,-1085,97926,7238,-14293,-5251,-13018,-1202,-10370,97926,-8316,13103,4164,-5380,945,-6654,97905,3290,13616,1266,-1875,-1671,5982,20,2
3774,97927,-13051,-2873,2056,-130,-1088,-92,97927,1505,-3162,1333,1123,-165,-959,97948,8238,-13293,-5808,-11568,-638,-9396,97948,-8548,12856,4577,-4911,1001,-5810,97927,4290,13303,1029,-1875,-1572,5428,20,2
3775,97949,-13051,-2873,2056,-130,-1088,-92,97949,1516,-3162,1381,1123,-165,-947,97970,8238,-13293,-5808,-11018,-638,-9032,97970,-8548,12856,5048,-4788,1001,-5810,97949,4290,13303,1029,-1598,-1516,5428,20,2
3776,97971,-13122,-2873,1823,-130,-1088,-92,97971,1516,-3162,1381,1006,-165,-947,97992,8238,-13293,-6246,-11018,-638,-9032,97992,-8888,12671,5048,-4788,1001,-5810,97971,4290,13068,920,-1598,-1516,4861,20,2
3777,97993,-13502,-2573,1617,-164,-1480,-36,97993,1836,-3054,1608,838,-166,-838,98014,9238,-12293,-7246,-9279,-463,-8005,98014,-9015,12186,5330,-3632,603,-5177,97993,5290,12947,839,-1033,-1400,4309,20,2
3778,98015,-13502,-2573,1617,-164,-1480,-36,98015,1858,-3054,1657,838,-166,-838,98036,9238,-12293,-7246,-9166,-463,-8005,98036,-9015,12186,5330,-3632,603,-5068,98015,5290,12947,839,-1033,-1400,4309,20,2
3779,98037,-13787,-2573,1462,-189,-1774,-36,98037,1858,-3054,1657,685,-166,-838,98058,9238,-12354,-8246,-9166,-463,-8005,98058,-9332,11822,5330,-3632,391,-5068,98037,5290,12947,778,-1033,-1400,3866,20,2
3780,98059,-13892,-2760,1303,-208,-1774,6,98059,2072,-2973,1878,570,-166,-752,98080,10206,-12400,-9246,-7753,-82,-7274,98080,-9570,11729,5474,-3140,242,-4397,98059,6228,12919,542,-676,-1176,3395,20,2
3781,98081,-13892,-2760,1303,-208,-1348,6,98081,2072,-2928,1883,570,-134,-728,98102,10206,-12400,-9246,-7753,-82,-7274,98102,-9570,11729,5474,-3140,242,-4305,98081,6290,12919,542,-676,-1176,3395,20,2
3782,98103,-13892,-2901,1146,-337,-1348,-4,98103,2072,-2928,1883,494,-134,-728,98124,10206,-12432,-10246,-7753,-82,-7274,98124,-9728,11659,5474,-3140,242,-4305,98103,6290,12898,542,-676,-1176,3029,20,2
3783,98125,-13835,-2941,932,-434,-441,-12,98125,2233,-2866,2059,443,-80,-633,98146,10924,-12432,-11003,-7378,-22,-6348,98146,-9905,11597,5582,-2622,244,-3616,98125,7186,12447,714,-935,-1008,2583,20,2
3784,98147,-13804,-2941,932,-434,-441,-12,98147,2267,-2866,2106,443,-80,-631,98168,10924,-11432,-11003,-7378,-22,-5274,98168,-9905,11597,5665,-2347,279,-3584,98147,7212,12447,714,-935,-930,2583,20,2
3785,98169,-13804,-2941,772,-541,-441,-12,98169,2267,-2866,2106,399,-80,-631,98190,10924,-11432,-11760,-7378,-22,-5274,98190,-10037,11266,5665,-2347,279,-3584,98169,7212,12230,714,-1223,-930,2214,20,2
3786,98191,-13520,-2877,587,-731,10,26,98191,2347,-2819,2292,365,-3,-545,98212,11463,-10432,-12353,-6521,23,-3940,98212,-10277,11018,5490,-1731,473,-2872,98191,7878,12230,452,-1439,-763,1725,20,2
3787,98213,-13520,-2817,587,-731,10,26,98213,2347,-2782,2292,365,1,-533,98234,11474,-10432,-12353,-6471,23,-3823,98234,-10277,11018,5490,-1731,595,-2841,98213,7878,12428,452,-1439,-763,1725,20,2
3788,98235,-13520,-2817,540,-874,10,26,98235,2347,-2782,2292,335,1,-533,98256,11474,-10432,-12797,-6471,-476,-3823,98256,-10562,11018,5359,-1731,595,-2841,98235,7878,12428,452,-1601,-763,1358,20,2
3789,98257,-13442,-2667,532,-874,41,6,98257,2407,-2730,2446,260,35,-445,98278,11878,-9588,-13121,-5743,-850,-2735,98278,-10671,11337,5278,-1133,1189,-2096,98257,8365,12577,576,-1835,-644,918,20,2
3790,98279,-13442,-2667,532,-851,41,6,98279,2478,-2730,2451,260,35,-440,98300,11886,-9588,-13121,-5743,-850,-2735,98300,-10671,11337,5278,-1133,1189,-1901,98279,8394,12577,1085,-1835,-644,918,20,2
3791,98301,-13489,-2667,529,-851,41,-8,98301,2478,-2730,2451,196,35,-440,98322,11886,-9588,-13351,-5743,-850,-2735,98322,-10671,11337,5239,-1133,1189,-1901,98301,8394,12577,1085,-2038,-644,582,20,2
3792,98323,-13560,-2642,523,-753,64,-19,98323,2516,-2691,2568,148,46,-363,98344,12779,-9011,-13351,-4803,-662,-1953,98344,-10626,11277,5210,-979,1314,-1159,98323,8618,12824,1559,-2190,-621,290,20,2
3793,98345,-13560,-2642,523,-743,140,-19,98345,2516,-2668,2568,148,46,-336,98366,12779,-9011,-13332,-4538,-662,-1953,98366,-10626,11277,5210,-979,1314,-1094,98345,8618,12888,1559,-2190,-621,290,20,2
3794,98367,-13658,-2642,498,-743,140,-36,98367,2516,-2668,2568,148,46,-336,98388,12779,-9011,-13332,-4538,-662,-1953,98388,-10626,11277,5065,-979,1314,-1094,98367,8618,12888,1559,-2190,-725,62,20,2
3795,98389,-13766,-2675,479,-657,301,-49,98389,2544,-2582,2652,152,23,-235,98410,12744,-8634,-13311,-3505,-521,-1391,98410,-10635,11437,4956,-934,1422,-422,98389,8786,12984,1881,-1711,-725,-109,20,2
3796,98411,-13766,-2675,479,-620,301,-49,98411,2578,-2582,2656,152,23,-234,98432,12744,-8634,-13311,-3379,-521,-1391,98432,-10635,11488,4956,-864,1422,-390,98411,8786,12984,1881,-1552,-657,-109,20,2
3797,98433,-13826,-2675,452,-620,285,-49,98433,2578,-2582,2656,137,6,-234,98454,12744,-8634,-13311,-3379,-521,-1391,98454,-10635,11488,4737,-864,1422,-390,98433,8786,12984,1881,-1552,-657,-237,20,2
3798,98455,-13845,-2665,383,-437,273,69,98455,2625,-2525,2726,123,-8,-144,98476,12777,-8463,-13494,-2246,-133,-1017,98476,-10642,11524,4341,-682,1235,246,98455,8852,13003,1564,-1054,-569,-337,20,2
3799,98477,-13845,-2665,383,-406,273,69,98477,2625,-2525,2726,123,-8,-139,98498,13175,-8463,-13494,-1957,60,-1017,98498,-10642,11524,4341,-633,1235,259,98477,8852,13056,1564,-972,-566,-337,20,2
3800,98499,-13845,-2665,215,-406,273,69,98499,2625,-2525,2726,113,-19,-139,98520,13175,-8463,-13639,-1957,60,-1017,98520,-10642,11524,4044,-633,1095,259,98499,8852,13056,1327,-972,-566,-416,20,2
3801,98521,-13663,-2701,52,-124,364,169,98521,2647,-2460,2775,61,-67,-62,98542,13098,-8259,-13757,-380,528,-662,98542,-10632,11551,4044,-322,852,746,98521,8949,13104,1260,-190,-284,-554,20,2
3802,98543,-13469,-2701,52,-44,364,169,98543,2647,-2460,2775,61,-67,-60,98564,13098,-8259,-13757,43,657,-662,98564,-10631,11797,4236,-122,852,746,98543,8949,13104,1260,-52,-12,-554,20,2
3803,98565,-13469,-2752,52,-44,364,169,98565,2647,-2460,2775,-24,-103,-60,98586,13040,-8259,-13836,43,657,-662,98586,-10631,11797,4236,-122,667,746,98565,8949,13104,1210,-52,-12,-691,20,2
3804,98587,-13234,-2832,83,-70,318,394,98587,2741,-2460,2775,-132,-121,14,98608,13040,-7990,-13841,2043,1405,-255,98608,-10365,12001,4553,623,-91,1111,98587,9018,12949,1172,892,647,-877,20,2
3805,98609,-13234,-2832,171,-70,318,394,98609,2741,-2460,2775,-132,-121,40,98630,13414,-7990,-13841,2043,1573,-102,98630,-10359,12001,4764,623,-91,1130,98609,9018,12949,1172,892,1015,-877,20,2
3806,98631,-13280,-3020,171,-240,318,394,98631,2741,-2460,2775,-214,-135,40,98652,13414,-7990,-13841,2043,1573,-102,98652,-10359,12001,4764,623,-754,1130,98631,9018,12832,1172,892,1015,-1087,20,2
3807,98653,-13315,-3161,318,-415,416,272,98653,2760,-2438,2687,-276,-155,115,98674,13808,-8990,-12841,3595,1963,729,98674,-10119,11904,5160,1026,-1279,1418,98653,9070,12745,1246,1334,1805,-1452,20,2
3808,98675,-13315,-3161,344,-415,665,272,98675,2760,-2438,2687,-276,-155,115,98696,13808,-8990,-12841,3595,1963,980,98696,-10119,11904,5160,1026,-1279,1433,98675,9141,12745,1282,1334,1805,-1452,20,2
3809,98697,-13315,-3217,344,-506,665,91,98697,2760,-2438,2603,-340,-170,115,98718,13581,-9990,-12841,3595,1963,980,98718,-10119,11904,5160,1026,-1653,1433,98697,9141,12676,1282,1334,1805,-1882,20,2
3810,98719,-13211,-3222,647,-574,1466,-44,98719,2798,-2547,2494,-434,-170,174,98740,13269,-10990,-11841,4551,2023,2339,98740,-9888,12145,5168,1184,-1954,1820,98719,9180,12477,1364,978,2030,-2470,20,2
3811,98741,-13211,-3222,647,-574,1498,-44,98741,2804,-2547,2494,-434,-158,204,98762,13269,-10990,-11841,4551,2023,2578,98762,-9815,12145,5168,1220,-1954,1881,98741,9180,12477,1364,978,2030,-2470,20,2
3812,98763,-13355,-3222,647,-597,1498,-44,98763,2804,-2677,2404,-512,-158,204,98784,13035,-11807,-11841,4551,2023,2578,98784,-9815,12145,5168,1220,-2065,1881,98763,9099,12367,1364,513,2030,-3009,20,2
3813,98785,-13791,-3165,1021,-607,2154,-17,98785,2816,-2777,2282,-607,-128,322,98806,12850,-12431,-10841,5220,2185,4059,98806,-9587,12301,5133,1366,-2148,2371,98785,8907,12367,1754,-131,1639,-3780,20,2
3814,98807,-13791,-3133,1021,-607,2154,87,98807,2816,-2777,2282,-607,-119,347,98828,12850,-12431,-10841,5223,2185,4189,98828,-9587,12301,5133,1367,-2148,2508,98807,8907,12553,1754,-131,1639,-3780,20,2
3815,98829,-14206,-3133,1021,-607,2154,87,98829,2761,-2846,2186,-696,-119,347,98850,12659,-12899,-10841,5223,2185,4189,98850,-9587,12301,5133,1367,-2158,2508,98829,8583,12553,1754,-614,1275,-4489,20,2
3816,98851,-14517,-3000,1324,-612,2519,265,98851,2612,-2898,2019,-795,-42,513,98872,12248,-13290,-9841,5860,2189,5612,98872,-9132,12418,5232,1477,-2158,3294,98851,7902,13042,1337,-763,1002,-5350,20,2
3817,98873,-14517,-2981,1370,-614,2519,265,98873,2612,-2898,2019,-795,-40,529,98894,12248,-13290,-9841,5888,2189,5612,98894,-9132,12418,5232,1491,-1633,3317,98873,7902,13042,1337,-763,1002,-5350,20,2
3818,98895,-14517,-2981,1370,-616,2519,265,98895,2442,-2937,1806,-896,-40,529,98916,11720,-13513,-9841,5888,2189,5612,98916,-9132,12418,5232,1491,-1633,3317,98895,7391,13042,1024,-875,834,-6013,20,2
3819,98917,-13517,-2855,1615,-719,2289,251,98917,2227,-3026,1595,-983,19,706,98938,10968,-14100,-8841,6732,2269,6797,98938,-8463,12555,5307,1654,-285,4707,98917,7008,13409,790,-949,708,-6618,20,2
3820,98939,-13517,-2804,1615,-719,2289,251,98939,2227,-3026,1595,-983,19,732,98960,10968,-14100,-8841,6749,2269,7331,98960,-8463,13418,5307,1719,-285,4707,98939,7008,13409,790,-949,708,-6618,20,2
3821,98961,-13517,-2804,1615,-797,2125,240,98961,2065,-3093,1393,-1050,19,732,98982,10404,-14100,-8841,6749,2269,7331,98982,-8463,13418,5307,1719,-285,4707,98961,6635,13409,790,-949,613,-7274,20,2
3822,98983,-12517,-2558,1799,-797,2002,197,98983,1910,-3182,1229,-1131,18,913,99004,9895,-14094,-7841,7422,2329,8601,99004,-7802,14088,5208,1890,-1087,5801,98983,5941,14129,1038,-758,548,-7782,20,2
3823,99005,-12517,-2493,1799,-582,2002,197,99005,1910,-3182,1229,-1131,18,929,99026,9895,-14094,-7841,7422,2329,8601,99026,-7802,14088,5208,2289,-1087,5801,99005,5941,14129,1038,-758,548,-7782,20,2
3824,99027,-12517,-2493,1799,-582,1933,132,99027,1794,-3249,1097,-1181,18,929,99048,9034,-14094,-7841,7422,2020,8601,99048,-7802,14088,5134,2289,-1689,5801,99027,5257,14129,1038,-758,548,-8147,20,2
3825,99049,-11517,-2167,2027,-418,1831,-16,99049,1568,-3274,979,-1181,20,1093,99070,8034,-14089,-6841,7601,1581,8906,99070,-6896,14591,4458,2769,-1912,6864,99049,4744,14669,1079,-982,698,-8409,20,2
3826,99071,-11517,-2152,2094,-400,1831,-16,99071,1568,-3274,979,-1153,20,1093,99092,8034,-14056,-6841,7601,1581,8906,99092,-6802,14591,4458,2769,-1912,6873,99071,4744,14669,1079,-982,712,-8409,20,2
3827,99093,-11517,-2152,2094,-400,1601,-127,99093,1352,-3293,830,-1153,20,1093,99114,7132,-14056,-6841,7601,1082,8906,99114,-6802,14591,4043,2769,-1912,6873,99093,4231,14669,1079,-1247,712,-8598,20,2
3828,99115,-10517,-1715,1570,-300,1200,-127,99115,1134,-3307,710,-1077,26,1215,99136,6456,-13876,-5841,7765,881,8991,99136,-5903,15014,3773,3076,-1900,7932,99115,3588,14851,1110,-1635,835,-8740,20,2
3829,99137,-10517,-1614,1570,-300,1200,-95,99137,1134,-3307,710,-1077,26,1215,99158,6456,-13852,-5841,7765,881,8991,99158,-5903,15014,3773,3102,-1281,7932,99137,3588,14988,1196,-1635,835,-8740,20,2
3830,99159,-10517,-1614,1177,-300,900,-95,99159,910,-3307,589,-1077,26,1215,99180,5939,-13852,-5841,7765,881,8991,99180,-5903,15014,3570,3102,-1281,7932,99159,3106,15091,1196,-1965,771,-8810,20,2
3831,99181,-9517,-1210,882,-225,675,-71,99181,698,-3296,449,-976,52,1299,99202,5543,-13699,-4841,6977,952,8861,99202,-4903,15204,3418,3311,-916,8355,99181,2303,15091,1498,-2212,364,-8810,20,2
3832,99203,-9517,-1210,882,-225,675,-71,99203,698,-3296,449,-976,52,1299,99224,5543,-13686,-4841,6977,1124,8861,99224,-4903,15204,3418,3351,-916,8355,99203,2303,15307,1637,-2212,364,-8718,20,2
3833,99225,-9517,-1210,661,-225,506,-71,99225,551,-3296,344,-976,36,1299,99246,5217,-13686,-4841,6357,1124,8453,99246,-4903,15204,3222,3351,-916,8355,99225,1401,15307,1637,-2212,153,-8718,20,2
3834,99247,-8517,-907,495,-168,379,-53,99247,441,-3331,257,-924,24,1259,99268,4520,-13736,-3841,5921,862,7464,99268,-3903,15347,2758,3414,-720,8349,99247,723,15303,1985,-1891,40,-8263,20,2
3835,99269,-8517,-907,495,-168,379,-53,99269,441,-3331,257,-924,24,1259,99290,4520,-13736,-3841,5921,862,7464,99290,-3903,15382,2758,3414,-720,8349,99269,723,15303,1985,-1891,40,-7948,20,2
3836,99291,-8517,-907,371,-168,284,-53,99291,358,-3379,192,-924,24,1211,99312,3998,-14205,-3841,5594,666,6650,99312,-3903,15382,2381,3272,-720,8232,99291,189,15300,1985,-1891,-44,-7948,20,2
3837,99313,-7517,-680,278,-126,213,-39,99313,134,-3493,115,-885,102,1124,99334,3606,-14741,-2841,5115,666,5277,99334,-2903,15515,2027,2921,-584,7946,99313,-287,15300,2236,-1730,-44,-6827,20,2
3838,99335,-7517,-680,278,-126,213,-39,99335,134,-3493,115,-880,102,1124,99356,3606,-14741,-2841,5115,1127,5277,99356,-2903,15515,2027,2921,-573,7946,99335,-287,15567,2236,-1730,-44,-6579,20,2
3839,99357,-7517,-680,208,-126,159,-39,99357,-47,-3586,54,-880,102,1028,99378,3312,-15036,-2841,4366,1127,4248,99378,-2903,15515,1793,2566,-573,7576,99357,-615,15567,2236,-1730,-5,-6579,20,2
3840,99379,-6517,-510,156,-94,119,-29,99379,-181,-3688,-10,-852,108,892,99400,2684,-15227,-1841,3515,1473,3716,99400,-1903,15589,1626,2105,187,6374,99379,-816,15767,2481,-1597,-5,-5354,20,2
3841,99401,-6517,-510,156,-94,119,-29,99401,-181,-3688,-10,-852,108,892,99422,2684,-15227,-1841,3515,1473,3716,99422,-1903,15655,1626,2105,187,6374,99401,-816,15767,2481,-1597,24,-5354,20,2
3842,99423,-6517,-510,117,-94,89,-29,99423,-282,-3883,-60,-852,108,770,99444,2213,-15227,-1841,3166,1473,3716,99444,-1903,15655,1582,1473,-120,5038,99423,-930,15767,2481,-1597,24,-5354,20,2
3843,99445,-5517,-382,87,-70,66,-21,99445,-344,-4029,-182,-822,143,628,99466,1859,-15060,-841,2922,714,3882,99466,-903,15762,1549,990,-350,3460,99445,-1015,15766,2539,-1785,250,-4789,20,2
3844,99467,-5517,-382,87,-70,66,-21,99467,-344,-4029,-182,-738,143,628,99488,1859,-15060,-841,2922,714,3882,99488,-903,15762,1549,990,-350,3460,99467,-1015,15763,2539,-1785,250,-4789,20,2
3845,99489,-5517,-382,65,-70,49,-21,99489,-347,-4036,-274,-738,105,477,99510,1699,-15060,-841,2922,-476,3882,99510,-903,15762,1521,675,-350,2276,99489,-1079,15762,2539,-2117,250,-4789,20,2
3846,99511,-4517,-286,48,-52,36,-15,99511,-349,-4036,-343,-525,75,323,99532,1579,-16060,159,3008,-1368,3971,99532,-196,15842,1450,453,-319,1433,99511,-1614,15696,2583,-2366,51,-4365,20,2
3847,99533,-4517,-286,48,-52,36,-15,99533,-349,-4026,-343,-525,75,323,99554,1579,-16060,159,3008,-1368,3971,99554,-196,15886,1450,453,-159,1433,99533,-1614,15696,2770,-2366,51,-4354,20,2
3848,99555,-4517,-286,36,-52,27,-15,99555,-445,-4026,-395,-525,61,244,99576,1579,-17060,159,2889,-1368,3944,99576,-196,15886,1446,336,-159,934,99555,-2015,15696,2770,-2366,51,-4354,20,2
3849,99577,-3517,-214,27,-39,20,-11,99577,-523,-3997,-514,-376,61,217,99598,1592,-18060,1082,2067,-568,3159,99598,334,15983,1446,261,-102,575,99577,-2302,15722,3242,-1962,118,-3147,20,2
3850,99599,-3517,-214,27,-39,20,-11,99599,-523,-3997,-514,-376,70,217,99620,1592,-18060,1082,2067,-250,3159,99620,334,15983,1472,261,-102,575,99599,-2302,15722,3242,-1763,118,-3072,20,2
3851,99621,-3517,-214,20,-39,15,-11,99621,-575,-3997,-603,-376,70,197,99642,1469,-18060,1082,1490,-250,2131,99642,334,15983,1472,257,-102,375,99621,-2302,15722,3242,-1763,118,-3072,20,2
3852,99643,-2637,-160,15,-29,11,-8,99643,-620,-3984,-609,-279,161,179,99664,1376,-17527,1907,1110,582,1488,99664,675,16000,1412,254,-59,225,99643,-2251,15741,3271,-1191,-153,-2175,20,2
3853,99665,-2637,-160,15,-29,11,-8,99665,-620,-3984,-609,-279,161,179,99686,1376,-17485,1907,1110,582,1488,99686,675,16000,1412,254,-53,225,99665,-2251,15741,3271,-1191,-153,-2175,20,2
3854,99687,-2637,-160,11,-29,8,-8,99687,-654,-3985,-609,-279,161,155,99708,1376,-17485,1907,1063,582,1141,99708,675,16000,1365,235,-53,112,99687,-2251,15741,3271,-1191,-337,-2175,20,2
3855,99709,-1977,-120,8,-21,6,-6,99709,-698,-3993,-601,-213,177,119,99730,1513,-17053,2551,1028,410,1079,99730,919,16013,1329,181,-6,18,99709,-2239,15727,3273,-950,-337,-1534,20,2
3856,99731,-1977,-120,8,-21,6,-6,99731,-698,-3993,-601,-213,177,119,99752,1513,-17053,2551,1028,410,1079,99752,931,16025,1329,181,48,18,99731,-2239,15727,3273,-950,-329,-1534,20,2
3857,99753,-1977,-120,6,-21,4,-6,99753,-721,-3993,-601,-213,148,85,99774,1396,-17053,2551,1028,-90,1033,99774,931,16025,1302,141,48,-46,99753,-2239,15717,3273,-950,-329,-1534,20,2
3858,99775,-1482,-90,4,-15,3,-4,99775,-721,-3992,-612,-162,108,43,99796,1247,-16847,3034,1036,-465,1032,99796,1110,16055,1281,114,125,-58,99775,-2230,15695,3304,-851,-183,-1111,20,2
3859,99797,-1482,-90,4,-15,3,-4,99797,-719,-3991,-612,-162,108,43,99818,1247,-16847,3052,1036,-465,1032,99818,1111,16055,1281,114,125,-58,99797,-2230,15695,3319,-851,-147,-1111,20,2
3860,99819,-1482,-90,3,-15,2,-4,99819,-719,-3991,-621,-162,82,21,99840,1163,-16847,3052,909,-465,911,99840,1111,16055,1265,104,125,-58,99819,-2243,15693,3319,-851,-147,-1111,20,2
3861,99841,-1111,-67,2,-11,1,-3,99841,-698,-3977,-627,-120,72,21,99862,1161,-16706,3427,731,-41,751,99862,1250,16081,1259,95,129,-17,99841,-2254,15693,3421,-734,-42,-784,20,2
3862,99863,-1111,-67,2,-11,1,-3,99863,-698,-3977,-627,-120,72,21,99884,1161,-16706,3427,731,51,751,99884,1262,16081,1255,95,129,-17,99863,-2254,15697,3421,-681,-42,-768,20,2
3863,99885,-1111,-67,1,-11,0,-3,99885,-698,-3977,-630,-120,72,21,99906,1161,-16706,3427,597,51,449,99906,1262,16081,1255,89,122,-17,99885,-2262,15697,3421,-681,-42,-768,20,2
3864,99907,-833,-50,0,-8,0,-2,99907,-699,-3993,-631,-86,89,32,99928,1258,-16553,3708,498,438,345,99928,1416,16108,1252,84,82,-61,99907,-2262,15709,3446,-475,-69,-509,20,2
3865,99929,-833,-50,0,-8,0,-2,99929,-699,-3993,-631,-86,89,32,99950,1278,-16501,3734,498,438,345,99950,1416,16108,1252,84,82,-61,99929,-2261,15709,3446,-463,-69,-493,20,2
3866,99951,-833,-50,0,-8,0,-2,99951,-700,-4009,-633,-86,89,32,99972,1278,-16501,3734,476,438,321,99972,1416,16108,1251,70,52,-129,99951,-2261,15709,3446,-463,-89,-493,20,2
3867,99973,-624,-37,0,-6,0,-1,99973,-700,-4017,-633,-46,51,12,99994,1222,-16357,3964,459,427,255,99994,1485,16124,1250,55,31,-191,99973,-2233,15696,3448,-264,-111,-274,20,2
3868,99995,-624,-37,0,-6,0,-1,99995,-696,-4017,-633,-44,51,12,100016,1222,-16357,4018,459,427,255,100016,1485,16124,1250,55,31,-191,99995,-2212,15696,3448,-264,-111,-274,20,2
3869,100017,-624,-37,0,-6,0,-1,100017,-696,-4017,-633,-44,22,-9,100038,1147,-16357,4018,440,427,206,100038,1485,16124,1249,30,20,-222,100017,-2212,15687,3448,-264,-111,-274,20,2
3870,100039,-468,-27,0,-4,0,0,100039,-677,-4006,-631,-4,22,-24,100060,1091,-16291,4182,381,601,27,100060,1504,16136,1232,-50,12,-226,100039,-2157,15680,3476,-243,-116,-177,20,2
3871,100061,-468,-27,0,-4,0,0,100061,-677,-4006,-631,-4,22,-24,100082,1091,-16287,4182,381,601,27,100082,1504,16139,1232,-50,12,-226,100061,-2157,15680,3476,-243,-116,-177,20,2
3872,100083,-468,-27,0,-4,0,0,100083,-677,-4006,-631,-4,22,-24,100104,1091,-16287,4182,287,601,-179,100104,1504,16139,1232,-110,6,-226,100083,-2157,15680,3476,-243,-116,-177,20,2
3873,100105,-351,-20,0,-3,0,0,100105,-663,-3994,-631,16,41,-22,100126,1136,-16232,4305,216,646,-179,100126,1519,16150,1239,-155,2,-172,100105,-2161,15694,3470,-228,-108,-145,20,2
3874,100127,-351,-20,0,-3,0,0,100127,-663,-3994,-631,16,42,-15,100148,1136,-16167,4305,216,646,-140,100148,1532,16150,1239,-155,2,-145,100127,-2161,15694,3470,-223,-105,-145,20,2
3875,100149,-351,-20,0,-3,0,0,100149,-663,-3994,-631,16,42,-15,100170,1136,-16167,4305,192,613,-140,100170,1532,16150,1239,-173,2,-145,100149,-2169,15694,3470,-223,-105,-145,20,2
3876,100171,-263,-15,0,-2,0,0,100171,-653,-3993,-631,13,64,-3,100192,1239,-16123,4352,192,434,-80,100192,1556,16158,1239,-184,46,-104,100171,-2198,15696,3481,-190,-96,-122,20,2
3877,100193,-263,-15,0,-2,0,0,100193,-653,-3993,-631,13,64,-3,100214,1239,-16123,4352,204,434,-80,100214,1556,16158,1239,-184,46,-104,100193,-2198,15696,3484,-190,-96,-118,20,2
3878,100215,-263,-15,0,-2,0,0,100215,-653,-3998,-632,11,64,-3,100236,1239,-16123,4352,204,299,-80,100236,1556,16158,1239,-190,46,-104,100215,-2207,15688,3484,-190,-96,-118,20,2
3879,100237,-197,-11,0,-1,0,0,100237,-660,-4002,-643,11,61,-7,100258,1221,-16092,4388,153,297,-115,100258,1574,16164,1242,-195,79,-95,100237,-2209,15679,3492,-174,-56,-91,20,2
3880,100259,-197,-11,0,-1,0,0,100259,-660,-4002,-643,13,61,-7,100280,1221,-16092,4388,153,297,-115,100280,1574,16164,1242,-195,82,-95,100259,-2209,15679,3492,-174,-43,-91,20,2
3881,100281,-197,-11,0,-1,0,0,100281,-666,-4002,-656,13,57,-13,100302,1207,-16092,4388,115,295,-141,100302,1574,16164,1242,-196,82,-95,100281,-2210,15679,3492,-174,-43,-91,20,2
3882,100303,-147,-8,0,0,0,0,100303,-670,-3995,-665,19,47,-18,100324,1197,-16089,4447,87,287,-160,100324,1599,16173,1263,-196,99,-82,100303,-2223,15680,3490,-172,-3,-71,20,2
3883,100325,-147,-8,0,0,0,0,100325,-670,-3994,-665,21,47,-18,100346,1197,-16064,4447,87,287,-160,100346,1599,16177,1263,-196,99,-73,100325,-2223,15680,3490,-172,-3,-71,20,2
3884,100347,-147,-8,0,0,0,0,100347,-670,-3994,-669,21,35,-19,100368,1197,-16064,4447,87,271,-160,100368,1599,16177,1263,-196,99,-73,100347,-2233,15680,3488,-174,-3,-71,20,2
3885,100369,-110,-6,0,0,0,0,100369,-644,-3988,-672,27,26,-19,100390,1203,-16068,4431,141,251,-113,100390,1628,16187,1289,-191,112,-38,100369,-2240,15681,3472,-196,72,-48,20,2
3886,100391,-110,-6,0,0,0,0,100391,-644,-3988,-672,27,26,-19,100412,1203,-16068,4431,141,251,-108,100412,1628,16187,1289,-185,120,-29,100391,-2240,15681,3472,-196,72,-48,20,2
3887,100413,-110,-6,0,0,0,0,100413,-644,-3988,-677,27,22,-19,100434,1203,-16068,4419,141,236,-108,100434,1628,16187,1289,-185,120,-29,100413,-2246,15681,3464,-212,72,-48,20,2
3888,100435,-82,-4,0,0,0,0,100435,-625,-3985,-681,30,22,-17,100456,1208,-16050,4410,176,225,-69,100456,1659,16188,1299,-172,129,-3,100435,-2265,15682,3464,-231,101,-49,20,2
3889,100457,-82,-4,0,0,0,0,100457,-625,-3985,-681,30,24,-14,100478,1209,-16050,4410,176,225,-69,100478,1659,16188,1299,-167,129,-3,100457,-2265,15682,3474,-231,101,-49,20,2
3890,100479,-82,-4,0,0,0,0,100479,-625,-3985,-681,30,24,-14,100500,1209,-16050,4410,176,225,-77,100500,1659,16185,1299,-167,129,-3,100479,-2278,15682,3474,-245,101,-49,20,2
3891,100501,-61,-3,0,0,0,0,100501,-611,-3986,-678,31,32,-7,100522,1294,-16033,4443,189,300,-85,100522,1682,16184,1326,-142,136,17,100501,-2281,15677,3498,-264,137,-34,20,2
3892,100523,-61,-3,0,0,0,0,100523,-611,-3986,-678,31,34,-7,100544,1294,-16033,4452,189,300,-85,100544,1683,16184,1326,-133,162,17,100523,-2281,15677,3498,-264,137,-26,20,2
3893,100545,-61,-3,0,0,0,0,100545,-611,-3987,-678,31,34,-7,100566,1294,-16033,4452,189,273,-88,100566,1683,16184,1323,-133,162,17,100545,-2283,15673,3498,-278,137,-26,20,2
3894,100567,-45,-2,0,0,0,0,100567,-601,-3990,-676,34,48,0,100588,1361,-16020,4462,241,241,-90,100588,1702,16184,1321,-107,165,-1,100567,-2306,15671,3516,-278,124,-4,20,2
3895,100589,-45,-2,0,0,0,0,100589,-601,-3990,-676,34,48,0,100610,1361,-16020,4469,241,241,-90,100610,1715,16181,1321,-95,165,-1,100589,-2306,15671,3517,-272,124,-1,20,2
3896,100611,-45,-2,0,0,0,0,100611,-601,-3992,-676,34,48,0,100632,1327,-16020,4474,241,217,-92,100632,1715,16181,1321,-95,162,-14,100611,-2323,15671,3517,-272,114,-1,20,2
3897,100633,-33,-1,0,0,0,0,100633,-601,-3993,-675,36,59,2,100654,1302,-16015,4474,279,217,-124,100654,1726,16178,1328,-67,158,-32,100633,-2350,15677,3524,-204,56,39,20,2
3898,100655,-33,-1,0,0,0,0,100655,-601,-3993,-675,36,59,2,100676,1302,-16015,4482,279,235,-124,100676,1726,16178,1328,-64,158,-32,100655,-2350,15679,3524,-195,56,42,20,2
3899,100677,-33,-1,0,0,0,0,100677,-606,-3993,-675,36,59,2,100698,1302,-16015,4482,279,235,-150,100698,1726,16176,1328,-64,139,-46,100677,-2365,15679,3509,-195,12,42,20,2
3900,100699,-24,0,0,0,0,0,100699,-611,-3994,-676,33,63,2,100720,1362,-16005,4500,288,249,-170,100720,1733,16176,1321,-50,120,-57,100699,-2376,15672,3497,-96,-20,87,20,2
3901,100721,-24,0,0,0,0,0,100721,-611,-3994,-676,33,63,2,100742,1362,-16005,4517,288,249,-170,100742,1733,16177,1321,-50,120,-57,100721,-2376,15672,3497,-96,-20,87,20,2
3902,100743,-24,0,0,0,0,0,100743,-616,-3994,-677,30,63,2,100764,1362,-16005,4517,288,249,-184,100764,1733,16177,1321,-50,110,-64,100743,-2376,15660,3488,-96,-20,87,20,2
3903,100765,-18,0,0,0,0,0,100765,-620,-3992,-679,28,65,2,100786,1309,-15997,4555,282,262,-189,100786,1730,16177,1316,-44,110,-64,100765,-2348,15650,3488,-116,13,108,20,2
3904,100787,-18,0,0,0,0,0,100787,-620,-3992,-679,28,65,2,100808,1309,-15987,4555,282,264,-189,100808,1730,16180,1316,-44,123,-59,100787,-2348,15650,3495,-116,22,108,20,2
3905,100809,-18,0,0,0,0,0,100809,-623,-3992,-679,28,64,0,100830,1267,-15987,4555,276,264,-189,100830,1721,16180,1316,-44,123,-59,100809,-2348,15642,3495,-154,22,108,20,2
3906,100831,-13,0,0,0,0,0,100831,-625,-3990,-681,30,62,-1,100852,1238,-15974,4572,235,334,-172,100852,1714,16177,1322,-56,146,-39,100831,-2327,15638,3505,-223,73,85,20,2
3907,100853,-13,0,0,0,0,0,100853,-625,-3988,-681,31,62,-1,100874,1238,-15974,4572,235,341,-170,100874,1714,16177,1322,-56,146,-21,100853,-2327,15638,3505,-223,88,85,20,2
3908,100875,-13,0,0,0,0,0,100875,-625,-3988,-682,31,58,-1,100896,1238,-15978,4572,235,341,-170,100896,1714,16174,1321,-69,141,-21,100875,-2327,15638,3505,-302,88,61,20,2
3909,100897,-9,0,0,0,0,0,100897,-621,-3987,-683,33,55,0,100918,1314,-16003,4583,244,402,-153,100918,1732,16172,1295,-79,138,3,100897,-2331,15646,3520,-361,147,43,20,2
3910,100919,-9,0,0,0,0,0,100919,-612,-3987,-683,33,55,2,100940,1320,-16003,4583,244,402,-153,100940,1733,16172,1295,-79,138,3,100919,-2331,15649,3520,-361,147,43,20,2
3911,101381,-9,0,0,0,0,0,101381,-612,-3989,-683,33,55,2,101382,1320,-16003,4583,219,402,-153,101382,1733,16170,1295,-79,138,3,101381,-2334,15649,3520,-361,139,43,21,2
3912,101402,-6,0,0,0,0,0,101402,-607,-3990,-683,33,59,6,101403,1392,-16000,4585,200,434,-140,101403,1753,16170,1286,-78,148,-14,101402,-2338,15656,3550,-292,133,71,21,2
3913,101423,-6,0,0,0,0,0,101423,-607,-3990,-683,33,59,6,101424,1392,-16000,4588,200,434,-129,101424,1753,16171,1286,-78,148,-14,101424,-2338,15656,3550,-292,133,71,21,2
3914,101443,-6,0,0,0,0,0,101443,-607,-3990,-683,33,59,6,101445,1392,-16000,4588,186,422,-129,101445,1753,16171,1284,-80,148,-27,101445,-2338,15656,3550,-292,133,71,21,2
3915,101463,-4,0,0,0,0,0,101463,-604,-3990,-683,32,53,8,101466,1429,-15996,4605,175,413,-112,101466,1758,16172,1283,-81,156,-36,101466,-2335,15662,3575,-241,136,90,21,2
3916,101483,-4,0,0,0,0,0,101483,-600,-3990,-683,32,53,8,101487,1429,-15996,4618,175,413,-112,101487,1758,16172,1283,-87,159,-36,101487,-2335,15662,3576,-241,136,90,21,2
3917,101503,-4,0,0,0,0,0,101503,-600,-3990,-683,32,51,8,101508,1429,-15996,4618,167,409,-112,101508,1758,16172,1283,-87,159,-44,101508,-2335,15662,3576,-241,124,90,21,2
3918,101523,-3,0,0,0,0,0,101523,-599,-3990,-683,32,51,11,101529,1461,-15973,4630,161,406,-100,101529,1762,16165,1290,-91,143,-55,101529,-2333,15662,3589,-191,115,110,21,2
3919,101543,-3,0,0,0,0,0,101543,-599,-3990,-683,32,54,11,101550,1461,-15973,4636,161,406,-100,101550,1762,16165,1290,-91,143,-55,101550,-2323,15656,3589,-191,115,110,21,2
3920,101563,-3,0,0,0,0,0,101563,-600,-3990,-683,32,54,11,101571,1461,-15973,4640,156,404,-100,101571,1762,16165,1290,-93,128,-65,101571,-2323,15656,3589,-191,105,110,21,2
3921,101583,-2,0,0,0,0,0,101583,-604,-3989,-683,33,57,11,101592,1482,-15955,4641,156,404,-102,101592,1739,16168,1296,-95,99,-72,101592,-2314,15652,3598,-176,105,100,21,2
3922,101603,-2,0,0,0,0,0,101603,-604,-3989,-683,33,57,11,101613,1482,-15955,4644,165,434,-102,101613,1739,16170,1298,-95,99,-72,101613,-2314,15652,3598,-176,109,100,21,2
3923,101623,-2,0,0,0,0,0,101623,-611,-3989,-683,33,56,11,101634,1482,-15955,4644,165,434,-103,101634,1722,16170,1298,-96,73,-72,101634,-2314,15649,3598,-176,109,84,21,2
3924,101643,-1,0,0,0,0,0,101643,-616,-3986,-690,32,56,11,101655,1513,-15947,4639,158,459,-103,101655,1709,16172,1312,-101,33,-72,101655,-2319,15644,3605,-204,112,63,21,2
3925,101663,-1,0,0,0,0,0,101663,-616,-3986,-690,32,56,11,101676,1519,-15947,4639,158,459,-91,101676,1709,16172,1312,-101,33,-70,101676,-2319,15644,3605,-204,149,63,21,2
3926,101683,-1,0,0,0,0,0,101683,-618,-3986,-696,31,56,11,101697,1519,-15947,4635,152,459,-80,101697,1707,16169,1312,-105,3,-70,101697,-2328,15641,3605,-238,149,39,21,2
3927,101703,0,0,0,0,0,0,101703,-618,-3985,-700,29,56,14,101718,1551,-15944,4632,147,474,-71,101718,1706,16162,1328,-108,-6,-50,101718,-2356,15641,3613,-264,188,21,21,2
3928,101723,0,0,0,0,0,0,101723,-618,-3985,-700,29,56,14,101739,1551,-15944,4632,147,474,-63,101739,1706,16162,1330,-108,-6,-38,101739,-2356,15652,3613,-264,188,21,21,2
3929,101743,0,0,0,0,0,0,101743,-618,-3985,-704,28,56,14,101760,1551,-15951,4630,147,474,-63,101760,1706,16162,1330,-108,-6,-38,101760,-2380,15652,3613,-264,168,21,21,2
3930,101763,0,0,0,0,0,0,101763,-619,-3988,-706,26,55,17,101781,1572,-15963,4592,170,484,-76,101781,1735,16170,1343,-101,16,-40,101781,-2398,15661,3654,-222,105,26,21,2
3931,101783,0,0,0,0,0,0,101783,-619,-3988,-706,26,55,17,101802,1572,-15963,4592,170,484,-76,101802,1735,16170,1343,-97,16,-40,101802,-2398,15661,3657,-191,105,62,21,2
3932,101803,0,0,0,0,0,0,101803,-619,-3990,-706,25,54,17,101824,1572,-15963,4581,162,484,-106,101824,1735,16170,1331,-97,16,-64,101823,-2398,15655,3657,-191,94,62,21,2
3933,101825,0,0,0,0,0,0,101825,-618,-3990,-703,25,51,15,101846,1578,-15948,4572,156,465,-128,101846,1726,16179,1331,-97,1,-82,101843,-2394,15651,3687,-136,94,105,21,2
3934,101847,0,0,0,0,0,0,101847,-614,-3990,-703,25,51,15,101868,1578,-15944,4572,156,465,-128,101868,1726,16179,1353,-97,1,-82,101863,-2394,15651,3690,-136,94,105,21,2
3935,101869,0,0,0,0,0,0,101869,-614,-3990,-703,25,48,12,101890,1578,-15944,4572,156,450,-128,101890,1726,16182,1353,-97,-59,-82,101883,-2394,15648,3690,-136,94,105,21,2
3936,101891,0,0,0,0,0,0,101891,-617,-3988,-710,31,46,9,101912,1579,-15954,4577,166,450,-109,101912,1733,16157,1369,-113,-1050,-5,101903,-2410,15648,3646,-70,747,137,21,2
3937,101913,0,0,0,0,0,0,101913,-617,-3987,-710,31,46,9,101934,1579,-15954,4577,166,465,-109,101934,1737,16157,1377,-113,-1050,21,101923,-2410,15650,3646,-70,748,145,21,2
3938,101935,0,0,0,0,0,0,101935,-619,-3987,-710,31,46,8,101956,1579,-15961,4577,166,465,-109,101956,1737,16157,1377,-125,-1697,21,101943,-2410,15651,3613,-70,748,145,21,2
3939,101957,0,-494,0,0,0,0,101957,-619,-3988,-705,35,46,7,101978,1633,-15966,4594,185,462,-175,101978,1741,16159,1354,-134,-2017,-6,101963,-2406,15651,3588,-42,1238,233,21,2
3940,101979,0,-494,1000,0,0,0,101979,-600,-3988,-705,35,46,7,102000,1633,-15966,4594,185,462,-175,102000,1741,16167,1354,-134,-2017,-6,101983,-2374,15653,3588,-42,1238,233,21,2
3941,102001,-1000,-865,1000,-116,0,0,102001,-600,-3997,-705,35,46,7,102022,1615,-15970,4594,184,460,-247,102022,1741,16167,1333,-134,-2017,-93,102003,-2374,15653,3570,-42,1238,233,21,2
3942,102023,-2000,-1151,1994,-231,228,-9,102023,-592,-4003,-700,38,49,1,102044,1602,-16009,4571,184,460,-381,102044,1755,16175,1321,-117,-2009,-217,102024,-2411,15661,3531,23,1514,263,21,2
3943,102045,-2000,-1151,1996,-231,255,-9,102045,-592,-4003,-700,42,49,1,102066,1602,-16009,4571,184,497,-381,102066,1755,16181,1321,-110,-1755,-217,102046,-2411,15674,3531,23,1514,263,21,2
3944,102067,-3000,-1415,1996,-349,255,-32,102067,-592,-4008,-700,42,49,-9,102088,1602,-16038,4551,82,497,-533,102088,1755,16181,1308,-110,-1755,-334,102067,-2439,15674,3502,23,1514,263,21,2
3945,102089,-4000,-1613,2781,-519,420,-49,102089,-591,-4013,-688,51,50,-16,102110,1610,-16038,4513,-62,650,-669,102110,1763,16185,1270,-138,-1390,-510,102089,-2460,15679,3480,72,1325,327,21,2
3946,102111,-4000,-1613,2781,-519,420,-49,102111,-591,-4013,-679,54,50,-16,102132,1658,-16024,4513,-62,661,-669,102132,1763,16185,1270,-138,-1362,-510,102111,-2460,15679,3480,72,1325,333,21,2
3947,102133,-5000,-1716,2781,-647,420,-49,102133,-591,-4022,-679,54,50,-20,102154,1658,-16024,4481,-170,661,-782,102154,1763,16185,1241,-183,-1362,-700,102133,-2476,15679,3480,72,1121,333,21,2
3948,102155,-6000,-1784,3311,-716,450,-39,102155,-582,-4030,-660,66,50,-23,102176,1779,-16015,4398,-251,766,-1023,102176,1752,16193,1241,-217,-1063,-951,102155,-2499,15680,3481,202,867,436,21,2
3949,102177,-6000,-1784,3311,-716,450,-39,102177,-576,-4030,-660,68,55,-23,102198,1812,-16015,4398,-251,766,-1023,102198,1752,16199,1250,-217,-927,-951,102177,-2499,15681,3483,214,867,464,21,2
3950,102199,-7000,-1845,3311,-760,448,-39,102199,-576,-4035,-660,68,55,-28,102220,1812,-16015,4311,-312,766,-1229,102220,1743,16199,1250,-243,-927,-1179,102199,-2578,15683,3483,214,600,464,21,2
3951,102221,-8000,-1915,3582,-801,403,-74,102221,-564,-4039,-645,89,54,-48,102242,2007,-16012,4147,-745,772,-1711,102242,1736,16205,1242,-314,-520,-1660,102221,-2649,15686,3485,376,21,759,21,2
3952,102243,-8000,-1915,3582,-801,403,-74,102243,-563,-4039,-632,103,54,-48,102264,2040,-16012,4147,-745,772,-1711,102264,1736,16213,1242,-314,-514,-1660,102243,-2649,15689,3485,465,21,946,21,2
3953,102265,-9000,-1986,3582,-859,287,-100,102265,-563,-4042,-632,103,54,-72,102286,2040,-16012,3882,-1429,750,-2388,102286,1736,16213,1236,-519,-514,-2249,102265,-2742,15689,3483,465,-421,946,21,2
3954,102287,-10000,-2021,3568,-929,-117,-100,102287,-554,-4046,-558,159,55,-138,102308,2220,-15846,3595,-2467,733,-3734,102308,1706,16217,1148,-1007,75,-3446,102287,-2815,15797,3403,784,-1396,1934,21,2
3955,102309,-10000,-2021,3568,-929,-117,-59,102309,-527,-4046,-515,187,55,-138,102330,2234,-15837,3595,-2467,733,-3734,102330,1706,16217,1148,-1007,230,-3446,102309,-2815,15860,3403,832,-1396,2408,21,2
3956,102331,-10000,-2021,3398,-929,-571,-59,102331,-527,-4046,-515,187,55,-218,102352,2234,-15837,3321,-3762,670,-5469,102352,1678,16217,1120,-1532,230,-4842,102331,-2866,15860,3308,832,-2127,2408,21,2
3957,102353,-9000,-2002,3270,-929,-1187,244,102353,-422,-4011,-368,330,57,-374,102374,2466,-15516,2976,-4819,298,-7298,102374,1252,16195,1066,-2023,907,-6624,102353,-2866,16036,3064,1159,-2211,4408,21,2
3958,102375,-9000,-1996,3270,-708,-1187,595,102375,-402,-3984,-367,384,87,-374,102396,2487,-15431,2976,-4819,298,-7298,102396,1252,16195,1066,-2023,969,-6624,102375,-2233,16036,3064,1159,-2211,4408,21,2
3959,102397,-9000,-1996,3220,-708,-2119,595,102397,-402,-3984,-367,384,87,-555,102418,2487,-15431,2481,-6746,19,-8218,102418,458,16195,1066,-2443,969,-8019,102397,-2233,16036,2858,1159,-2211,4408,21,2
3960,102419,-8000,-1531,3183,-648,-2879,731,102419,-361,-3912,-256,623,70,-771,102440,2638,-15214,2481,-8191,-1632,-8908,102440,-173,16462,1692,-2950,1419,-9007,102419,-1684,16168,2487,1421,-2274,5510,21,2
3961,102441,-8000,-1531,3183,-648,-2879,731,102441,-361,-3853,-256,701,70,-771,102462,2638,-15214,2690,-8191,-1632,-8908,102462,-173,16559,1692,-2950,1419,-9007,102441,-1684,16168,2487,1421,-2274,5510,21,2
3962,102463,-8000,-1531,3151,-845,-2998,155,102463,-361,-3853,-256,701,-49,-933,102484,2638,-15273,2690,-9272,-2375,-9990,102484,-707,16559,1692,-3407,1419,-9748,102463,-1684,16168,2487,1421,-2274,5510,21,2
3963,102485,-7000,-1637,3074,-993,-3087,-277,102485,-347,-3649,-133,1055,-224,-1060,102506,3069,-15273,2847,-10083,-3020,-10869,102506,-1347,16828,2162,-3750,1609,-10370,102485,-824,16369,2396,1427,-2261,6337,21,2
3964,102507,-7000,-1637,3074,-993,-3087,-277,102507,-347,-3649,-133,1055,-224,-1060,102528,3520,-15005,2847,-10083,-3020,-10869,102528,-1347,16828,2162,-3750,1609,-10370,102507,-824,16369,2328,1427,-2261,6632,21,2
3965,102529,-7000,-1716,3073,-993,-3087,-277,102529,-347,-3649,-133,1055,-376,-1262,102550,3520,-15005,1847,-10744,-3020,-11568,102550,-2105,16828,2135,-3848,1315,-10837,102529,-824,16369,2328,1427,-2261,6632,21,2
3966,102551,-6000,-1776,3072,-772,-2863,52,102551,100,-3578,78,1139,-469,-1414,102572,4182,-14380,1138,-11240,-2718,-12267,102572,-3031,16518,2135,-3921,1094,-10837,102551,134,16305,1742,1435,-2252,7742,21,2
3967,102573,-6000,-1776,3072,-772,-2863,52,102573,100,-3578,78,1139,-469,-1414,102594,4182,-14380,1138,-11240,-2517,-12267,102594,-3031,16518,2617,-3921,1094,-10742,102573,176,16305,1742,1441,-2252,7811,21,2
3968,102595,-6000,-1888,3072,-772,-2863,52,102595,100,-3578,78,1139,-469,-1426,102616,4182,-14380,606,-11598,-2517,-12617,102616,-3793,16285,2617,-3921,1094,-10742,102595,176,16177,1302,1441,-2252,7811,21,2
3969,102617,-5000,-1972,2875,-606,-2242,-53,102617,300,-3444,296,1286,-180,-1426,102638,4870,-14190,207,-11598,-1850,-13409,102638,-4706,16067,2978,-3863,1138,-10576,102617,1176,15793,1302,1441,-1800,8714,21,2
3970,102639,-5000,-1972,2875,-606,-2173,-53,102639,300,-3444,296,1290,-180,-1418,102660,5182,-14190,207,-11598,-1850,-13409,102660,-4706,16067,2978,-3856,1224,-10576,102639,1176,15793,1427,1592,-1780,8714,21,2
3971,102661,-5000,-1972,2692,-606,-2173,-132,102661,300,-3444,296,1290,-180,-1418,102682,5182,-14190,-242,-11866,-1850,-13409,102682,-5391,15904,2978,-3856,1224,-10576,102661,1176,15475,1427,1592,-1780,8714,21,2
3972,102683,-6000,-1603,2555,-314,-1449,-132,102683,450,-3343,528,1308,-248,-1412,102704,6182,-13922,-1242,-12067,-1494,-13068,102704,-6202,14904,3719,-2967,1306,-10167,102683,2176,14731,1498,1706,-1446,8742,21,2
3973,102705,-6000,-1603,2555,-191,-1424,2,102705,681,-3343,616,1308,-248,-1412,102726,6182,-13922,-1242,-12067,-1494,-12953,102726,-6202,14904,3966,-2967,1306,-9916,102705,2176,14731,1498,1748,-1446,8742,21,2
3974,102727,-7000,-1705,2409,-191,-1424,2,102727,681,-3343,616,1214,-299,-1412,102748,6182,-13957,-2242,-12067,-1494,-12953,102748,-6905,13904,3966,-2967,1306,-9916,102727,2176,14173,1498,1748,-1446,8515,21,2
3975,102749,-8000,-2134,2299,37,-1057,49,102749,1064,-3256,902,1095,-299,-1404,102770,7182,-14059,-3242,-10809,-860,-11686,102770,-7593,12904,4707,-2498,951,-8889,102749,3176,13493,1551,1788,-1143,7979,21,2
3976,102771,-8000,-2134,2299,37,-1057,49,102771,1106,-3256,925,1095,-287,-1344,102792,7182,-14059,-3242,-10612,-860,-11622,102792,-7593,12904,4707,-2498,684,-8492,102771,3176,13493,1934,1788,-955,7979,21,2
3977,102793,-9000,-2456,2215,-151,-1057,-103,102793,1106,-3256,925,996,-287,-1344,102814,7182,-14157,-4181,-10612,-860,-11622,102814,-8212,12722,4707,-2498,684,-8492,102793,3176,13312,1934,1443,-955,7279,21,2
3978,102815,-9959,-2602,1901,-292,-1466,-217,102815,1425,-3242,1220,919,-265,-1227,102836,8182,-14449,-4871,-9248,-253,-10294,102836,-8780,12722,4203,-2158,201,-7114,102815,4176,13312,1590,1124,-587,6453,21,2
3979,102837,-9959,-2602,1901,-292,-1466,-217,102837,1436,-3242,1254,919,-265,-1203,102858,8182,-14449,-4871,-8979,-253,-10144,102858,-8780,13099,4203,-2135,201,-6998,102837,4176,13312,1590,1124,-587,6453,21,2
3980,102859,-10619,-2711,1665,-350,-2005,-217,102859,1436,-3257,1254,814,-265,-1203,102880,8182,-14449,-5389,-8979,-253,-10144,102880,-9103,13099,3825,-2135,-286,-6998,102859,4176,13298,858,1009,-779,5594,21,2
3981,102881,-11114,-2711,1432,-393,-2409,-125,102881,1777,-3268,1554,653,-249,-1062,102902,9182,-14449,-5791,-8076,-1015,-8584,102902,-9400,12562,3804,-1587,-651,-5743,102881,5176,13287,309,922,-923,4772,21,2
3982,102903,-11114,-2654,1432,-393,-2409,-125,102903,1777,-3268,1554,653,-244,-1042,102924,9182,-14293,-5791,-8076,-1015,-8584,102924,-9400,12562,3804,-1587,-651,-5704,102903,5176,13287,309,922,-923,4772,21,2
3983,102925,-11485,-2654,1114,-464,-2522,-126,102925,1777,-3268,1554,532,-244,-1042,102946,9182,-14293,-6110,-8076,-1587,-8584,102946,-9580,12159,3804,-1787,-651,-5704,102925,5176,12553,-79,857,-923,4113,21,2
3984,102947,-12258,-2611,799,-517,-2522,-127,102947,2005,-3149,1737,486,-177,-853,102968,10030,-13293,-6501,-7596,-1658,-7269,102968,-9715,12081,4248,-2107,-499,-4350,102947,6176,12002,-79,86,-565,3451,21,2
3985,102969,-12258,-2579,799,-517,-2425,-127,102969,2005,-3108,1737,486,-150,-825,102990,10030,-13293,-6501,-7596,-1658,-7269,102990,-9715,12081,4248,-2107,-458,-4273,102969,6176,12002,-60,86,-522,3451,21,2
3986,102991,-12597,-2579,396,-517,-2425,-127,102991,2005,-3108,1737,486,-150,-825,103012,10030,-13293,-6794,-7596,-1658,-7269,103012,-9735,12022,4138,-2124,-458,-4273,102991,6176,12002,-60,-500,-522,2863,21,2
3987,103013,-12851,-2475,66,-449,-1912,-29,103013,2231,-2916,1883,492,-80,-657,103034,10798,-12293,-7015,-7084,-1608,-6283,103034,-9750,11935,4055,-2137,75,-3323,103013,6950,12264,207,-931,-423,2303,21,2
3988,103035,-12851,-2475,66,-449,-1845,32,103035,2236,-2915,1883,492,-80,-652,103056,10798,-12293,-7015,-7046,-1451,-6271,103056,-9750,11935,4055,-2137,75,-3323,103035,6950,12264,207,-931,-423,2303,21,2
3989,103057,-13109,-2475,-181,-449,-1845,32,103057,2236,-2915,1883,479,-80,-652,103078,10798,-12293,-7181,-7046,-1451,-6271,103078,-9761,11870,4055,-2137,75,-3323,103057,6950,12149,-159,-983,-556,1842,21,2
3990,103079,-13287,-2464,-382,-412,-1154,137,103079,2365,-2782,2045,459,-17,-512,103100,11578,-11293,-8181,-6116,-1295,-5095,103100,-9761,11870,4576,-2008,475,-2610,103079,7566,12062,-434,-983,-749,1481,21,2
3991,103101,-13287,-2464,-382,-412,-1154,137,103101,2365,-2782,2074,459,-5,-512,103122,11798,-11293,-8181,-6116,-1085,-5095,103122,-9620,11894,4576,-2008,489,-2605,103101,7566,12062,-434,-872,-749,1481,21,2
3992,103123,-13421,-2475,-519,-412,-1154,137,103123,2365,-2782,2074,443,-5,-512,103144,11798,-11293,-9181,-6116,-1085,-5095,103144,-9620,11894,4576,-2008,489,-2605,103123,7566,12062,-434,-872,-801,1171,21,2
3993,103145,-13448,-2483,-654,-405,-776,144,103145,2462,-2728,2254,398,33,-399,103166,12626,-10358,-10181,-5474,-788,-4235,103166,-9802,12216,4673,-1880,800,-1998,103145,7823,13062,56,-847,-823,898,21,2
3994,103167,-13448,-2483,-654,-405,-776,144,103167,2468,-2728,2265,398,33,-399,103188,12626,-10358,-10181,-5474,-676,-4235,103188,-9802,12216,4673,-1880,800,-1997,103167,7823,13062,56,-847,-823,898,21,2
3995,103189,-13448,-2580,-752,-405,-776,144,103189,2468,-2728,2265,351,33,-399,103210,12626,-10358,-11181,-5474,-676,-4235,103210,-9844,12216,4673,-1880,800,-1997,103189,7823,13062,-75,-847,-823,698,21,2
3996,103211,-13034,-2653,-826,-400,-194,79,103211,2610,-2696,2409,311,33,-309,103232,13342,-9552,-11982,-4057,-366,-3425,103232,-9987,12292,4754,-1455,1022,-1455,103211,8212,12902,-173,-828,-796,543,21,2
3997,103233,-12934,-2653,-826,-398,-194,79,103233,2630,-2696,2423,311,33,-308,103254,13342,-9552,-11982,-3831,-238,-3231,103254,-9987,12292,4754,-1437,1022,-1442,103233,8249,12902,-173,-592,-796,543,21,2
3998,103255,-12934,-2675,-881,-398,-194,79,103255,2630,-2696,2423,240,17,-308,103276,13342,-9552,-12674,-3831,-238,-3231,103276,-10081,12292,4754,-1437,963,-1442,103255,8249,12902,-173,-592,-796,364,21,2
3999,103277,-12549,-2675,-908,-296,232,98,103277,2751,-2711,2545,146,-9,-235,103298,13825,-8894,-13102,-2327,115,-2289,103298,-10151,12349,4815,-987,850,-932,103277,8531,13171,-101,-273,-775,148,21,2
4000,103299,-12549,-2640,-908,-296,232,99,103299,2751,-2711,2548,146,-9,-219,103320,13825,-8821,-13102,-2261,343,-2162,103320,-10151,12429,4815,-901,850,-859,103299,8531,13171,-101,-234,-775,148,21,2
4001,103321,-12549,-2640,-908,-296,232,99,103321,2751,-2722,2548,73,-28,-219,103342,13825,-8821,-13406,-2261,343,-2162,103342,-10202,12429,4815,-901,765,-859,103321,8531,13171,-101,-234,-775,-26,21,2
4002,103343,-12354,-2642,-878,-310,560,142,103343,2823,-2722,2623,5,-42,-120,103364,14147,-8358,-13605,-639,801,-1037,103364,-10202,12296,4903,-245,510,-323,103343,8714,13083,-98,78,-304,-221,21,2
4003,103365,-12354,-2642,-878,-310,560,142,103365,2823,-2717,2623,5,-42,-108,103386,14147,-8358,-13605,-601,811,-835,103386,-10132,12296,4903,-102,510,-320,103365,8764,13083,-98,78,-221,-221,21,2
4004,103387,-12354,-2643,-878,-325,560,44,103387,2823,-2717,2623,-62,-53,-108,103408,14132,-8358,-13605,-601,811,-835,103408,-10132,12194,4903,-102,173,-320,103387,8764,12997,-98,78,-221,-419,21,2
4005,103409,-12479,-2644,-755,-331,800,-36,103409,2838,-2712,2615,-148,-68,-17,103430,14121,-8203,-13399,806,1234,427,103430,-10059,12047,5069,627,-250,96,103409,8932,12932,345,54,23,-667,21,2
4006,103431,-12479,-2644,-746,-331,800,-36,103431,2838,-2706,2615,-148,-68,-9,103452,14121,-8203,-13335,1059,1409,441,103452,-10059,12047,5069,627,-250,161,103431,8932,12932,345,54,23,-667,21,2
4007,103453,-12703,-2644,-746,-331,800,-100,103453,2835,-2706,2587,-222,-80,-9,103474,14112,-8203,-13335,1059,1409,441,103474,-10059,11937,5069,627,-631,161,103453,8932,12889,171,-29,23,-902,21,2
4008,103475,-13037,-2573,-545,-219,1220,-181,103475,2804,-2705,2491,-290,-89,89,103496,13971,-8098,-12335,2346,1529,1558,103496,-9984,11937,5213,908,-917,631,103475,8963,12856,41,-159,206,-1127,21,2
4009,103497,-13037,-2487,-516,-214,1398,-181,103497,2804,-2705,2491,-290,-89,102,103518,13971,-8098,-12335,2367,1529,1558,103518,-9923,11956,5213,908,-917,691,103497,8963,12856,41,-159,560,-1127,21,2
4010,103519,-13297,-2487,-516,-214,1398,-241,103519,2794,-2705,2409,-344,-107,102,103540,13553,-9098,-12335,2367,1529,1558,103540,-9923,11956,5213,908,-1075,691,103519,8963,12598,41,-287,560,-1387,21,2
4011,103541,-13647,-2362,-110,76,1804,-241,103541,2788,-2802,2334,-412,-120,202,103562,13239,-10098,-11335,3470,1619,2838,103562,-9755,12260,5135,1117,-1075,1336,103541,9068,12404,267,-521,1011,-1767,21,2
4012,103563,-13647,-2362,-56,76,1804,-147,103563,2788,-2802,2334,-412,-120,218,103584,13239,-10098,-11335,3632,1859,2962,103584,-9747,12260,5135,1117,-1005,1404,103563,9068,12404,383,-521,1011,-1767,21,2
4013,103585,-13910,-2362,-56,76,1804,-147,103585,2784,-2875,2264,-478,-120,218,103606,13007,-11055,-11335,3632,1859,2962,103606,-9747,12260,5077,1117,-1005,1404,103585,8839,12404,383,-697,1011,-2108,21,2
4014,103607,-13910,-2464,341,232,1884,2,103607,2686,-2875,2161,-527,-93,352,103628,12833,-11987,-10335,4529,1686,4071,103628,-9583,12250,4987,1148,-593,2067,103607,8582,12891,524,-697,977,-2572,21,2
4015,103629,-12910,-2464,365,232,1884,2,103629,2686,-2872,2161,-527,-72,372,103650,12833,-11987,-10335,4529,1686,4092,103650,-9583,12250,4987,1148,-560,2221,103629,8582,12891,524,-673,977,-2572,21,2
4016,103651,-12910,-2541,365,213,1884,2,103651,2551,-2872,2069,-563,-72,372,103672,12270,-12686,-10335,4529,1429,4092,103672,-9583,12242,4920,1148,-560,2221,103651,8475,12891,524,-673,977,-2996,21,2
4017,103673,-11910,-2541,687,199,2100,10,103673,2388,-2878,1924,-590,-28,510,103694,11543,-13210,-9335,5073,1200,5111,103694,-9389,12242,4742,1149,153,3075,103673,8395,12667,631,-626,1115,-3511,21,2
4018,103695,-11910,-2454,687,199,2121,10,103695,2388,-2878,1924,-590,-28,522,103716,11543,-13210,-9335,5073,1200,5238,103716,-9292,12459,4742,1149,153,3251,103695,8395,12667,820,-621,1115,-3511,21,2
4019,103717,-11910,-2454,687,199,2121,10,103717,2265,-2906,1802,-633,-32,522,103738,10983,-13466,-9335,5073,1200,5238,103738,-9292,12459,4608,1149,153,3251,103717,8335,12499,820,-621,1115,-4048,21,2
4020,103739,-10910,-2527,944,246,2479,16,103739,2167,-2966,1690,-679,-35,651,103760,10485,-13803,-8335,5923,1298,6116,103760,-8861,12833,4384,1229,771,4119,103739,7952,12499,1015,-600,857,-4866,21,2
4021,103761,-10910,-2527,944,246,2479,34,103761,2167,-2966,1690,-679,-35,663,103782,10485,-13803,-8335,6308,1301,6327,103782,-8826,12913,4384,1269,771,4196,103761,7952,12839,1015,-600,857,-4866,21,2
4022,103783,-10910,-2591,944,246,2479,34,103783,2025,-3053,1603,-734,-35,663,103804,10026,-13997,-8335,6308,1301,6327,103804,-8826,12913,4104,1269,771,4196,103783,7487,12839,959,-600,663,-5697,21,2
4023,103805,-9910,-2639,1176,70,2372,57,103805,1823,-3152,1484,-792,-25,798,103826,9357,-14142,-7335,7081,1362,7384,103826,-8305,13364,3894,1586,638,5200,103805,6904,13704,917,-615,652,-6474,21,2
4024,103827,-9910,-2639,1203,70,2372,60,103827,1823,-3152,1484,-792,-25,816,103848,9357,-14142,-7335,7081,1362,7384,103848,-8305,13365,3894,1610,638,5257,103827,6904,13704,917,-615,652,-6474,21,2
4025,103849,-9910,-2639,1203,-62,2272,60,103849,1654,-3226,1375,-847,-27,816,103870,8581,-14142,-7335,7081,1324,7384,103870,-8305,13365,3794,1610,-13,5257,103849,6450,13704,885,-626,644,-7071,21,2
4026,103871,-8910,-2515,1472,-230,2114,69,103871,1510,-3282,1232,-907,-29,950,103892,7859,-13922,-6335,7409,1179,8177,103892,-7524,13987,3719,1993,-547,6217,103871,5919,14182,885,-653,644,-7643,21,2
4027,103893,-8910,-2512,1492,-230,2114,69,103893,1510,-3282,1232,-907,-29,964,103914,7859,-13922,-6335,7419,1179,8270,103914,-7449,13990,3719,2081,-547,6266,103893,5919,14182,1127,-653,688,-7643,21,2
4028,103915,-8910,-2512,1492,-405,1924,69,103915,1330,-3323,1090,-952,-29,964,103936,7306,-13922,-6335,7419,1070,8270,103936,-7449,13990,3559,2081,-948,6266,103915,5204,14182,1127,-693,688,-8091,21,2
4029,103937,-7910,-2399,1709,-568,1763,71,103937,1134,-3348,931,-961,10,1117,103958,6679,-13961,-5335,7672,956,8523,103958,-6516,14625,3131,2447,-1190,7183,103937,4553,14728,1127,-1080,833,-8452,21,2
4030,103959,-7910,-2374,1709,-568,1763,71,103959,1134,-3348,931,-961,20,1119,103980,6679,-13961,-5335,7672,956,8523,103980,-6449,14688,3131,2447,-1190,7299,103959,4553,14897,1309,-1080,897,-8452,21,2
4031,103981,-7910,-2374,1709,-568,1602,71,103981,945,-3367,812,-961,20,1119,104002,6101,-13990,-5335,7672,924,8523,104002,-6449,14688,2953,2447,-1190,7299,103981,3972,14897,1309,-1371,897,-8717,21,2
4032,104003,-6910,-1780,1281,-426,1201,53,104003,732,-3411,668,-950,74,1244,104024,5486,-14060,-4335,7683,924,8596,104024,-5449,15218,2819,2650,-846,8077,104003,3354,15098,1509,-1649,990,-8916,21,2
4033,104025,-6910,-1780,1281,-426,1201,53,104025,732,-3411,668,-942,93,1244,104046,5486,-14060,-4335,7683,1252,8596,104046,-5449,15218,2819,2650,-654,8077,104025,3354,15098,1509,-1649,990,-8916,21,2
4034,104047,-6910,-1780,960,-426,900,39,104047,562,-3444,536,-942,93,1244,104068,4931,-14113,-4335,7034,1252,8596,104068,-5449,15218,2719,2650,-654,8077,104047,2805,15098,1509,-1649,917,-9026,21,2
4035,104069,-5910,-1335,720,-319,675,29,104069,434,-3444,433,-892,147,1274,104090,4331,-14404,-3335,6548,1707,8560,104090,-4449,15382,2619,2862,-242,8246,104069,1983,15249,1762,-1644,603,-9026,21,2
4036,104091,-5910,-1335,720,-319,675,29,104091,434,-3439,433,-875,147,1274,104112,4331,-14404,-3335,6548,1707,8560,104112,-4449,15382,2619,2862,-242,8246,104091,1983,15249,1762,-1615,603,-8993,21,2
4037,104113,-5910,-1335,540,-319,506,21,104113,338,-3439,361,-875,147,1264,104134,3875,-14450,-3335,6080,1400,8412,104134,-4449,15382,2316,2862,-242,8246,104113,1350,15249,1762,-1615,262,-8993,21,2
4038,104135,-4910,-1001,405,-239,379,15,104135,228,-3483,307,-825,185,1179,104156,3443,-14530,-2335,5736,1067,7959,104156,-3449,15537,2078,2477,-111,7859,104135,663,15360,1952,-1820,-63,-8716,21,2
4039,104157,-4910,-1001,405,-239,379,15,104157,228,-3483,307,-825,185,1179,104178,3443,-14530,-2335,5736,1067,7959,104178,-3449,15572,2078,2477,-111,7859,104157,663,15360,2025,-1820,-63,-8513,21,2
4040,104179,-4910,-1001,303,-239,284,11,104179,145,-3595,262,-825,185,1106,104200,2990,-14590,-2335,5471,817,7541,104200,-3449,15572,1899,2097,-111,7372,104179,129,15360,2025,-2117,-364,-8513,21,2
4041,104201,-3910,-750,227,-179,213,8,104201,83,-3682,134,-811,203,992,104222,2526,-15590,-1335,4908,753,6472,104222,-2449,15715,1765,1794,-13,6778,104201,-445,15444,2316,-2340,-679,-7873,21,2
4042,104223,-3910,-750,227,-179,213,8,104223,83,-3682,134,-811,203,992,104244,2526,-15590,-1335,4908,753,6472,104244,-2449,15814,1765,1794,1,6778,104223,-445,15459,2316,-2340,-679,-7772,21,2
4043,104245,-3910,-750,170,-179,159,6,104245,-44,-3793,38,-811,203,869,104266,2212,-16590,-1335,4483,753,5412,104266,-2449,15815,1608,1330,11,6048,104245,-1231,15459,2316,-2340,-904,-7772,21,2
4044,104267,-2932,-562,127,-134,119,4,104267,-275,-3920,-40,-787,252,758,104288,2174,-17590,-335,3590,851,3933,104288,-1449,15819,1512,827,-54,4860,104267,-1821,15536,2780,-2285,-904,-6447,21,2
4045,104289,-2932,-562,127,-134,119,4,104289,-275,-3920,-40,-729,252,758,104310,2174,-17590,-335,3590,859,3933,104310,-1449,15889,1512,827,-54,4860,104289,-1821,15536,2780,-2058,-668,-5880,21,2
4046,104311,-2932,-562,95,-134,89,3,104311,-408,-4015,-130,-729,252,665,104332,2145,-17590,-335,2761,859,2119,104332,-1449,15889,1440,450,-107,3602,104311,-1939,15536,2780,-2058,-668,-5880,21,2
4047,104333,-2199,-421,71,-100,66,2,104333,-508,-4081,-225,-664,241,529,104354,1766,-17280,665,1837,917,759,104354,-540,15975,1411,167,-447,2473,104333,-1988,15594,3035,-1499,-102,-4176,21,2
4048,104355,-2199,-421,71,-100,66,2,104355,-508,-4081,-225,-553,241,529,104376,1766,-17222,665,1837,917,759,104376,-540,15975,1411,167,-447,2473,104355,-1988,15594,3035,-1367,-102,-4176,21,2
4049,104377,-2199,-421,53,-100,49,1,104377,-583,-4081,-305,-553,232,377,104398,1482,-17222,665,1364,744,631,104398,-540,15975,1411,81,-702,1755,104377,-1988,15594,3035,-1367,-102,-4176,21,2
4050,104399,-1649,-315,39,-75,36,0,104399,-666,-4064,-403,-402,148,263,104420,1482,-16912,1589,1010,497,613,104420,-75,16024,1458,51,-702,1224,104399,-1972,15622,3036,-905,65,-3003,21,2
4051,104421,-1649,-315,39,-75,36,0,104421,-666,-4022,-403,-401,148,263,104442,1511,-16815,1593,1010,497,613,104442,-75,16024,1458,51,-659,1224,104421,-1972,15622,3036,-905,65,-3003,21,2
4052,104443,-1649,-315,29,-75,27,0,104443,-714,-4022,-487,-401,85,200,104464,1511,-16815,1593,823,309,606,104464,-75,16024,1458,49,-659,858,104443,-2013,15622,3036,-905,65,-3003,21,2
4053,104465,-1236,-236,21,-56,20,0,104465,-714,-3981,-549,-302,60,152,104486,1401,-17815,2107,687,-8,606,104486,273,16071,1355,47,-544,608,104465,-2078,15640,3045,-693,138,-2282,21,2
4054,104487,-1236,-236,21,-56,20,0,104487,-668,-3981,-549,-302,60,152,104508,1401,-17815,2107,687,-8,612,104508,325,16071,1355,47,-544,608,104487,-2078,15640,3105,-693,138,-2282,21,2
4055,104509,-1236,-236,15,-56,15,0,104509,-668,-4004,-573,-302,60,116,104530,1206,-18815,2107,585,-117,612,104530,325,16071,1278,33,-544,421,104509,-2171,15640,3105,-693,138,-2282,21,2
4056,104531,-927,-177,11,-42,11,0,104531,-662,-4021,-590,-239,65,83,104552,1036,-18815,2493,311,-117,527,104552,684,16103,1278,-54,-510,237,104531,-2241,15662,3126,-515,192,-1659,21,2
4057,104553,-927,-177,11,-42,11,0,104553,-662,-4021,-590,-239,66,83,104574,1036,-18183,2629,311,114,527,104574,684,16103,1297,-54,-510,237,104553,-2241,15662,3126,-515,192,-1615,21,2
4058,104575,-927,-177,8,-42,8,0,104575,-706,-4021,-603,-239,66,58,104596,933,-18183,2629,106,114,153,104596,684,16103,1297,-119,-510,99,104575,-2241,15662,3126,-515,192,-1615,21,2
4059,104597,-695,-132,6,-31,6,0,104597,-739,-4016,-637,-168,75,39,104618,930,-17609,3034,-39,359,18,104618,900,16127,1311,-126,-321,73,104597,-2165,15667,3134,-404,102,-1155,21,2
4060,104619,-695,-132,6,-31,6,0,104619,-739,-4013,-637,-168,75,39,104640,930,-17609,3034,-39,359,18,104640,900,16127,1311,-126,-228,73,104619,-2165,15667,3142,-404,102,-1155,21,2
4061,104641,-695,-132,4,-31,4,0,104641,-741,-4013,-663,-168,75,19,104662,930,-17609,3034,-39,359,-48,104662,900,16127,1311,-126,-228,73,104641,-2165,15667,3142,-404,-18,-1155,21,2
4062,104663,-521,-99,3,-23,3,0,104663,-741,-4001,-669,-115,64,3,104684,1082,-17205,3338,90,414,-48,104684,1060,16140,1316,-114,12,80,104663,-2190,15678,3172,-411,-152,-916,21,2
4063,104685,-521,-99,3,-23,3,0,104685,-739,-4001,-669,-115,64,3,104706,1088,-17205,3338,106,414,-27,104706,1061,16140,1317,-114,20,80,104685,-2190,15698,3172,-411,-152,-916,21,2
4064,104707,-521,-99,2,-23,2,0,104707,-739,-4001,-669,-115,56,-8,104728,1088,-17205,3338,106,414,-27,104728,1061,16140,1317,-114,20,80,104707,-2216,15698,3172,-437,-199,-916,21,2
4065,104729,-390,-74,1,-17,1,0,104729,-731,-3997,-667,-77,47,-16,104750,1106,-16928,3590,200,424,-11,104750,1193,16157,1321,-99,194,85,104729,-2240,15697,3201,-457,-199,-736,21,2
4066,104751,-390,-74,1,-17,1,0,104751,-727,-3997,-664,-77,47,-16,104772,1106,-16926,3590,200,424,-11,104772,1193,16157,1329,-91,194,89,104751,-2240,15697,3201,-457,-125,-705,21,2
4067,104773,-390,-74,0,-17,0,0,104773,-727,-3997,-664,-77,41,-23,104794,1106,-16926,3590,200,424,-111,104794,1193,16157,1329,-91,194,89,104773,-2254,15696,3201,-472,-125,-705,21,2
4068,104795,-292,-55,0,-12,0,0,104795,-708,-3997,-660,-48,27,-28,104816,1147,-16717,3813,159,458,-186,104816,1292,16162,1341,-74,245,129,104795,-2254,15676,3253,-488,-38,-511,21,2
4069,104817,-292,-55,0,-12,0,0,104817,-708,-3997,-660,-48,27,-28,104838,1147,-16717,3813,159,458,-186,104838,1297,16162,1341,-74,245,129,104817,-2246,15676,3253,-488,20,-511,21,2
4070,104839,-292,-55,0,-12,0,0,104839,-708,-3997,-660,-48,24,-28,104860,1147,-16717,3813,159,458,-186,104860,1297,16162,1341,-75,243,129,104839,-2246,15676,3253,-517,20,-511,21,2
4071,104861,-219,-41,0,-9,0,0,104861,-694,-4002,-657,-27,22,-24,104882,1155,-16536,3961,188,361,-88,104882,1386,16166,1350,-92,207,127,104861,-2245,15680,3283,-603,355,-440,21,2
4072,104883,-219,-41,0,-9,0,0,104883,-686,-4002,-657,-26,22,-24,104904,1155,-16536,3961,198,361,-71,104904,1386,16166,1350,-92,207,127,104883,-2245,15680,3283,-603,377,-440,21,2
4073,104905,-219,-41,0,-9,0,0,104905,-686,-4006,-657,-26,22,-24,104926,1155,-16536,3961,198,307,-71,104926,1386,16166,1350,-94,180,81,104905,-2283,15680,3283,-686,377,-440,21,2
4074,104927,-164,-30,0,-6,0,0,104927,-657,-4006,-657,-3,22,-23,104948,1152,-16447,4029,278,267,-1,104948,1446,16170,1376,-94,160,34,104927,-2337,15696,3335,-748,649,-404,21,2
4075,104949,-164,-30,0,-6,0,0,104949,-657,-3998,-657,-2,23,-23,104970,1152,-16447,4029,278,267,-1,104970,1446,16188,1376,-92,160,34,104949,-2337,15700,3345,-748,649,-404,21,2
4076,104971,-164,-30,0,-6,0,0,104971,-657,-3998,-657,-2,23,-23,104992,1152,-16447,4029,274,267,-1,104992,1446,16188,1376,-92,160,6,104971,-2379,15700,3345,-748,649,-404,21,2
4077,104993,-123,-22,0,-4,0,0,104993,-657,-3999,-657,9,38,-22,105014,1158,-16382,4078,237,279,13,105014,1495,16217,1390,-37,210,6,104993,-2418,15715,3422,-624,456,-316,21,2
4078,105015,-123,-22,0,-4,0,0,105015,-657,-3999,-660,9,38,-22,105036,1177,-16382,4078,237,279,13,105036,1495,16217,1390,-28,330,38,105015,-2418,15715,3422,-613,456,-300,21,2
4079,105037,-123,-22,0,-4,0,0,105037,-658,-4000,-660,9,38,-22,105058,1177,-16382,4078,178,279,-100,105058,1495,16212,1390,-28,330,38,105037,-2440,15706,3422,-613,304,-300,21,2
4080,105059,-92,-16,0,-3,0,0,105059,-663,-4000,-662,16,40,-20,105080,1283,-16333,4116,134,344,-185,105080,1567,16198,1390,2,402,27,105059,-2464,15691,3451,-420,167,-142,21,2
4081,105081,-92,-16,0,-3,0,0,105081,-663,-3998,-662,16,40,-20,105102,1283,-16270,4131,134,344,-185,105102,1579,16198,1397,2,402,27,105081,-2464,15691,3471,-420,167,-118,21,2
4082,105103,-92,-16,0,-3,0,0,105103,-663,-3998,-663,16,38,-20,105124,1283,-16270,4131,134,344,-185,105124,1579,16187,1397,2,368,-8,105103,-2464,15688,3471,-420,64,-118,21,2
4083,105125,-69,-12,0,-2,0,0,105125,-659,-3995,-663,26,30,-19,105146,1353,-16184,4190,163,194,-168,105146,1605,16179,1400,-3,302,-65,105125,-2458,15688,3482,-275,-12,30,21,2
4084,105147,-69,-12,0,-2,0,0,105147,-643,-3995,-657,26,30,-19,105168,1353,-16184,4193,216,194,-145,105168,1605,16179,1400,-3,302,-65,105147,-2458,15693,3482,-275,-12,55,21,2
4085,105169,-69,-12,0,-2,0,0,105169,-643,-3995,-657,26,23,-19,105190,1306,-16184,4193,216,47,-145,105190,1605,16179,1400,-3,241,-120,105169,-2458,15693,3476,-275,-12,55,21,2
4086,105191,-51,-9,0,-1,0,0,105191,-638,-3993,-653,34,18,-24,105212,1242,-16156,4244,282,-28,-115,105212,1600,16187,1378,-3,183,-161,105191,-2420,15677,3465,-230,0,176,21,2
4087,105213,-51,-9,0,-1,0,0,105213,-638,-3993,-653,34,18,-24,105234,1242,-16156,4246,282,-28,-115,105234,1600,16190,1378,-3,183,-161,105213,-2391,15677,3465,-230,0,176,21,2
4088,105235,-51,-9,0,-1,0,0,105235,-638,-3993,-653,34,15,-28,105256,1194,-16156,4246,282,-28,-115,105256,1590,16190,1357,-3,138,-171,105235,-2391,15665,3452,-230,0,176,21,2
4089,105257,-38,-6,0,0,0,0,105257,-634,-3994,-646,38,14,-29,105278,1185,-16144,4285,284,58,-116,105278,1566,16191,1339,-3,104,-171,105257,-2341,15665,3452,-225,7,191,21,2
4090,105279,-38,-6,0,0,0,0,105279,-634,-3994,-644,38,14,-29,105300,1185,-16144,4344,284,107,-116,105300,1566,16191,1339,-3,104,-166,105279,-2341,15671,3459,-225,7,191,21,2
4091,105301,-38,-6,0,0,0,0,105301,-634,-3995,-644,38,14,-29,105322,1178,-16144,4344,284,107,-117,105322,1564,16191,1326,-3,79,-166,105301,-2341,15671,3459,-225,5,191,21,2
4092,105323,-28,-4,0,0,0,0,105323,-622,-3995,-636,39,25,-20,105344,1172,-16135,4379,286,177,-117,105344,1553,16200,1312,8,60,-155,105323,-2330,15687,3482,-188,-132,202,21,2
4093,105345,-28,-4,0,0,0,0,105345,-622,-3995,-636,39,27,-18,105366,1172,-16135,4379,286,177,-117,105366,1553,16200,1312,8,60,-155,105345,-2330,15687,3489,-162,-132,208,21,2
4094,105367,-28,-4,0,0,0,0,105367,-624,-3997,-636,39,27,-18,105388,1168,-16135,4379,286,177,-136,105388,1553,16200,1274,8,60,-155,105367,-2330,15687,3489,-162,-235,208,21,2
4095,105389,-21,-3,0,0,0,0,105389,-635,-4000,-628,40,45,-8,105410,1160,-16130,4410,244,248,-163,105410,1559,16198,1274,21,104,-146,105389,-2298,15685,3479,-106,-285,215,21,2
4096,105411,-21,-3,0,0,0,0,105411,-635,-4000,-628,41,45,-8,105432,1160,-16076,4410,244,248,-163,105432,1559,16198,1274,21,104,-138,105411,-2284,15685,3479,-106,-285,215,21,2
4097,105433,-21,-3,0,0,0,0,105433,-647,-4001,-628,41,45,-8,105894,1160,-16076,4410,213,248,-176,105894,1559,16198,1282,21,104,-138,105433,-2284,15685,3461,-106,-285,213,22,2
4098,105895,-15,-2,0,0,0,0,105895,-659,-4001,-629,46,46,-1,105916,1162,-16040,4399,210,318,-180,105916,1575,16202,1324,6,109,-122,105895,-2260,15689,3445,-95,-270,192,22,2
4099,105917,-15,-2,0,0,0,0,105917,-659,-3998,-629,46,46,-1,105938,1186,-16040,4399,210,318,-180,105938,1575,16202,1330,6,109,-122,105917,-2260,15692,3445,-95,-213,192,22,2
4100,105939,-15,-2,0,0,0,0,105939,-659,-3998,-632,46,45,-1,105960,1186,-16040,4391,210,318,-180,105960,1575,16202,1330,-5,101,-122,105939,-2260,15693,3441,-110,-213,169,22,2
4101,105961,-11,-1,0,0,0,0,105961,-646,-3996,-634,44,45,5,105982,1179,-16053,4385,209,365,-149,105982,1569,16218,1340,-13,95,-123,105961,-2249,15699,3438,-121,-140,159,22,2
4102,105983,-11,-1,0,0,0,0,105983,-646,-3996,-634,44,46,5,106004,1179,-16053,4385,209,370,-149,106004,1569,16218,1346,-13,95,-123,105983,-2249,15699,3438,-121,-140,159,22,2
4103,106005,-11,-1,0,0,0,0,106005,-646,-4003,-635,43,46,5,106026,1179,-16068,4380,209,370,-149,106026,1564,16217,1346,-19,89,-145,106005,-2257,15699,3433,-121,-140,159,22,2
4104,106027,-8,0,0,0,0,0,106027,-646,-4008,-636,42,48,6,106048,1196,-16080,4377,213,391,-163,106048,1515,16203,1358,-19,87,-162,106027,-2263,15705,3408,-83,-90,169,22,2
4105,106049,-8,0,0,0,0,0,106049,-646,-4008,-636,42,48,6,106070,1196,-16080,4377,213,413,-163,106070,1515,16203,1362,-19,87,-162,106049,-2263,15705,3408,-83,-90,176,22,2
4106,106071,-8,0,0,0,0,0,106071,-647,-4008,-637,42,46,3,106092,1196,-16080,4374,213,422,-163,106092,1478,16193,1362,-19,87,-162,106071,-2263,15705,3399,-83,-90,176,22,2
4107,106093,-6,0,0,0,0,0,106093,-648,-3999,-638,43,42,0,106114,1185,-16058,4374,236,388,-150,106114,1446,16182,1371,-21,115,-150,106093,-2228,15712,3383,-107,-15,183,22,2
4108,106115,-6,0,0,0,0,0,106115,-648,-3997,-638,44,42,0,106136,1185,-16058,4374,236,388,-120,106136,1446,16182,1374,-21,120,-130,106115,-2228,15712,3383,-107,-15,183,22,2
4109,106137,-6,0,0,0,0,0,106137,-649,-3997,-640,44,39,0,106158,1185,-16058,4374,227,357,-120,106158,1431,16181,1374,-21,120,-130,106137,-2228,15712,3371,-132,-15,180,22,2
4110,106159,-4,0,0,0,0,0,106159,-649,-3991,-641,43,33,0,106180,1176,-16072,4377,227,334,-114,106180,1420,16180,1377,-20,148,-92,106159,-2218,15718,3362,-155,16,176,22,2
4111,106181,-4,0,0,0,0,0,106181,-640,-3991,-641,43,33,1,106202,1176,-16072,4377,231,334,-114,106202,1420,16180,1377,-22,148,-92,106181,-2218,15718,3362,-155,16,176,22,2
4112,106203,-4,0,0,0,0,0,106203,-640,-3992,-641,39,33,1,106224,1163,-16083,4377,231,334,-114,106224,1420,16180,1371,-22,148,-92,106203,-2218,15718,3349,-181,16,170,22,2
4113,106225,-3,0,0,0,0,0,106225,-633,-3996,-633,35,37,4,106246,1152,-16083,4385,231,350,-114,106246,1444,16202,1367,-24,123,-77,106225,-2225,15719,3332,-200,63,165,22,2
4114,106247,-3,0,0,0,0,0,106247,-630,-3996,-633,35,38,4,106268,1152,-16080,4385,234,396,-114,106268,1444,16202,1367,-24,123,-77,106247,-2225,15719,3332,-200,63,165,22,2
4115,106269,-3,0,0,0,0,0,106269,-630,-3997,-633,35,38,4,106290,1144,-16080,4385,234,396,-136,106290,1444,16202,1359,-25,107,-77,106269,-2230,15719,3332,-214,63,145,22,2
4116,106291,-2,0,0,0,0,0,106291,-623,-3997,-632,35,44,8,106312,1142,-16077,4390,233,453,-153,106312,1446,16198,1353,-26,101,-68,106291,-2240,15719,3352,-224,62,129,22,2
4117,106313,-2,0,0,0,0,0,106313,-623,-3996,-632,36,45,8,106334,1142,-16059,4390,233,453,-153,106334,1446,16198,1353,-26,101,-68,106313,-2240,15741,3352,-224,62,129,22,2
4118,106335,-2,0,0,0,0,0,106335,-623,-3996,-632,36,45,8,106356,1142,-16059,4389,232,453,-163,106356,1446,16198,1348,-29,97,-68,106335,-2248,15741,3352,-224,62,129,22,2
4119,106357,-1,0,0,0,0,0,106357,-626,-3996,-632,36,51,10,106378,1161,-16042,4387,212,496,-171,106378,1447,16202,1348,-42,94,-64,106357,-2254,15749,3367,-207,64,132,22,2
4120,106379,-1,0,0,0,0,0,106379,-626,-3996,-631,36,51,10,106400,1161,-16040,4387,212,496,-171,106400,1447,16202,1352,-42,94,-64,106379,-2254,15749,3369,-202,66,133,22,2
4121,106401,-1,0,0,0,0,0,106401,-627,-3996,-631,36,51,10,106422,1161,-16040,4387,197,496,-177,106422,1447,16201,1352,-52,92,-64,106401,-2254,15740,3369,-202,66,133,22,2
4122,106423,0,0,0,0,0,0,106423,-627,-3996,-626,38,51,12,106444,1162,-16026,4426,197,498,-184,106444,1440,16198,1361,-59,90,-70,106423,-2247,15730,3383,-188,57,117,22,2
4123,106445,0,0,0,0,0,0,106445,-627,-3996,-626,38,51,12,106466,1162,-16026,4426,208,498,-184,106466,1440,16198,1361,-59,90,-70,106445,-2247,15730,3383,-188,57,117,22,2
4124,106467,0,0,0,0,0,0,106467,-627,-3996,-626,38,51,12,106488,1162,-16026,4426,208,498,-190,106488,1435,16198,1361,-64,89,-70,106467,-2247,15726,3381,-188,51,96,22,2
4125,106489,0,0,0,0,0,0,106489,-626,-3994,-621,39,51,11,106510,1163,-16042,4415,216,503,-194,106510,1425,16196,1355,-111,-237,-61,106489,-2240,15719,3374,-182,51,79,22,2
4126,106511,0,0,0,0,0,0,106511,-626,-3994,-621,40,51,11,106532,1166,-16042,4415,216,503,-194,106532,1425,16196,1355,-111,-237,-27,106511,-2240,15719,3374,-182,54,79,22,2
4127,106533,0,0,0,0,0,0,106533,-626,-3994,-623,40,51,10,106554,1166,-16042,4405,216,503,-201,106554,1425,16195,1355,-157,-601,-27,106533,-2240,15714,3369,-195,54,66,22,2
4128,106555,0,0,0,0,0,0,106555,-626,-3991,-627,41,51,9,106576,1169,-16027,4392,219,506,-211,106576,1411,16190,1377,-271,-1361,33,106555,-2229,15704,3365,-224,129,16,22,2
4129,106577,0,0,0,0,0,0,106577,-624,-3990,-627,41,52,9,106598,1169,-16027,4392,219,506,-211,106598,1411,16190,1377,-271,-1361,33,106577,-2229,15704,3365,-224,361,16,22,2
4130,106599,0,0,0,0,0,0,106599,-624,-3990,-627,41,52,8,106620,1169,-16027,4383,219,455,-218,106620,1411,16161,1377,-290,-1802,33,106599,-2229,15704,3365,-224,361,-21,22,2
4131,106621,0,0,0,0,0,0,106621,-610,-3998,-624,44,61,5,106642,1171,-16091,4375,320,391,-224,106642,1446,16161,1367,-290,-1969,10,106621,-2240,15705,3367,-218,1294,-43,22,2
4132,106643,0,0,0,0,0,0,106643,-610,-3998,-624,44,65,5,106664,1260,-16091,4375,320,391,-224,106664,1446,16200,1367,-241,-1969,10,106643,-2240,15705,3367,-179,1294,-43,22,2
4133,106665,0,0,0,0,0,0,106665,-610,-4007,-624,44,65,3,106686,1260,-16160,4353,320,391,-279,106686,1459,16200,1360,-241,-1969,-76,106665,-2249,15705,3367,-179,1294,-43,22,2
4134,106687,-1000,-492,1000,0,0,0,106687,-599,-4022,-619,46,77,-3,106708,1353,-17160,4303,176,568,-428,106708,1518,16231,1352,-204,-1847,-229,106687,-2349,15706,3369,-120,1454,-36,22,2
4135,106709,-1000,-492,1000,0,0,0,106709,-599,-4022,-614,49,77,-3,106730,1353,-17160,4303,176,568,-428,106730,1532,16231,1352,-204,-1710,-229,106709,-2349,15706,3369,-108,1454,-6,22,2
4136,106731,-2000,-861,1000,0,0,0,106731,-599,-4033,-614,49,77,-9,106752,1353,-17160,4266,23,568,-542,106752,1532,16231,1322,-204,-1710,-424,106731,-2424,15706,3365,-108,1405,-6,22,2
4137,106753,-3000,-1151,1837,-88,243,0,106753,-590,-4041,-597,72,56,-22,106774,1532,-16901,4266,-189,598,-655,106774,1589,16203,1322,-272,-1299,-820,106753,-2487,15705,3353,-26,1000,67,22,2
4138,106775,-3000,-1151,1837,-88,243,0,106775,-586,-4041,-597,88,56,-22,106796,1532,-16846,4302,-189,598,-655,106796,1589,16203,1329,-272,-1179,-820,106775,-2487,15705,3353,-3,1000,84,22,2
4139,106797,-4000,-1369,1837,-117,243,-7,106797,-586,-4041,-597,88,38,-46,106818,1532,-16846,4302,-383,525,-809,106818,1589,16182,1329,-382,-1179,-1254,106797,-2561,15700,3345,-3,572,84,22,2
4140,106819,-5000,-1569,2304,-139,248,-29,106819,-563,-4032,-584,122,18,-99,106840,1543,-16596,4125,-531,381,-1070,106840,1620,16166,1276,-563,-577,-2021,106819,-2665,15683,3345,134,192,317,22,2
4141,106841,-5000,-1569,2304,-139,248,-29,106841,-561,-4032,-575,140,18,-99,106862,1543,-16596,4125,-531,381,-1070,106862,1635,16166,1276,-563,-345,-2021,106841,-2665,15683,3352,194,192,452,22,2
4142,106863,-6000,-1719,2304,-175,158,-58,106863,-561,-4032,-575,140,3,-157,106884,1543,-16596,3856,-645,363,-1266,106884,1646,16166,1179,-935,-345,-2917,106863,-2710,15683,3352,194,-141,452,22,2
4143,106885,-6000,-1934,2601,-495,-33,-247,106885,-531,-4015,-479,221,-19,-249,106906,1795,-16409,3461,-1814,210,-1820,106906,1608,16197,1106,-1545,294,-4363,106885,-2795,15719,3358,371,-697,1197,22,2
4144,106907,-5000,-1934,2601,-495,-33,-247,106907,-488,-4012,-469,235,-19,-249,106928,1846,-16351,3461,-1814,210,-1820,106928,1608,16197,1106,-1545,439,-4363,106907,-2795,15756,3364,432,-697,1526,22,2
4145,106929,-5000,-2178,2601,-737,-293,-519,106929,-488,-4012,-469,235,-47,-356,106950,1846,-16351,3285,-2882,-66,-3105,106950,1169,16197,1106,-2003,439,-5622,106929,-2850,15756,3364,432,-1117,1526,22,2
4146,106951,-4000,-2386,2704,-1289,-921,-723,106951,-324,-3986,-334,391,-72,-545,106972,2094,-15945,2858,-4882,-495,-5105,106972,490,16171,1320,-2346,1010,-6614,106951,-2891,15921,3308,621,-1429,3259,22,2
4147,106973,-4000,-2386,2704,-1289,-921,-723,106973,-324,-3949,-334,414,-72,-545,106994,2094,-15945,2858,-4882,-495,-5105,106994,490,16171,1452,-2346,1010,-6614,106973,-2891,15921,3308,681,-1429,3526,22,2
4148,106995,-4000,-2386,2704,-1703,-1392,-723,106995,-324,-3949,-334,414,-72,-687,107016,2094,-15945,2449,-6882,-495,-7105,107016,-27,16098,1452,-2603,1010,-7358,106995,-2891,15921,3308,681,-1566,3526,22,2
4149,107017,-3000,-2343,2028,-1703,-1392,-542,107017,-184,-3858,-233,559,-21,-793,107038,2154,-15493,1951,-8882,-369,-8834,107038,-770,16028,1712,-3005,999,-7984,107017,-2022,15860,3080,891,-1669,5526,22,2
4150,107039,-3000,-1789,2028,-1277,-1044,-542,107039,-184,-3819,-233,561,-21,-793,107060,2154,-15474,1951,-8882,-369,-8834,107060,-770,16028,1759,-3005,999,-7984,107039,-2022,15860,3080,891,-1669,5526,22,2
4151,107061,-3000,-1789,1521,-1277,-1044,-542,107061,-184,-3819,-233,561,-21,-873,107082,2154,-15474,1730,-9844,-369,-10109,107082,-1357,16028,1759,-3496,999,-8597,107061,-2022,15860,2909,891,-1898,5526,22,2
4152,107083,-2250,-1341,1140,-957,-783,-406,107083,-173,-3698,-101,803,-26,-985,107104,2440,-15111,1333,-9844,201,-11087,107104,-1913,16265,1954,-3953,1251,-9155,107083,-1022,16075,2732,1072,-2069,6734,22,2
4153,107105,-2250,-1341,1140,-957,-783,-406,107105,-92,-3682,-101,844,-26,-985,107126,3154,-15111,1333,-9358,201,-11087,107126,-1913,16265,2193,-3953,1313,-9155,107105,-1022,16123,2732,1072,-2069,6734,22,2
4154,107127,-2250,-1341,1140,-957,-783,-406,107127,-92,-3682,-101,844,-30,-1082,107148,3154,-15142,1228,-9358,119,-11640,107148,-2559,16265,2193,-4240,1313,-9573,107127,-1022,16123,2588,1072,-2069,6734,22,2
4155,107149,-1250,-1523,1605,-717,-659,-304,107149,-23,-3564,89,1033,-40,-1184,107170,4154,-15165,957,-9720,-1506,-12225,107170,-3216,16078,2532,-4455,1757,-9781,107149,-151,15689,2543,1212,-1967,7766,22,2
4156,107171,-1250,-1523,1605,-717,-659,-304,107171,74,-3564,147,1033,-40,-1184,107192,4154,-15165,957,-9720,-1506,-12225,107192,-3216,16078,2532,-4455,1757,-9781,107171,-133,15689,2543,1212,-1390,7766,22,2
4157,107193,-1250,-1696,1605,-717,-659,-304,107193,74,-3564,147,1033,-73,-1256,107214,4154,-15165,243,-9991,-2725,-12561,107214,-4195,15938,2532,-4609,1757,-9781,107193,-133,15363,2509,1212,-1390,7766,22,2
4158,107215,-250,-2008,1783,-439,-572,-202,107215,356,-3518,389,1124,-98,-1278,107236,4956,-15060,-703,-10100,-2725,-12813,107236,-4988,15535,2790,-4642,2139,-9750,107215,867,15143,2411,1170,-1100,8232,22,2
4159,107237,-250,-2008,1783,-439,-572,-202,107237,409,-3518,395,1124,-98,-1278,107258,4970,-15054,-703,-10100,-2633,-12813,107258,-4988,15535,2790,-4642,2139,-9724,107237,867,15143,2411,1170,-1100,8232,22,2
4160,107259,-250,-2008,1698,-439,-572,-202,107259,409,-3518,395,1124,-98,-1295,107280,4970,-15054,-1319,-10100,-2633,-12813,107280,-5592,15233,2790,-4642,2139,-9724,107259,867,15143,2338,1138,-1100,8232,22,2
4161,107281,750,-1965,1634,-230,-635,-95,107281,660,-3505,630,1154,-96,-1305,107302,5970,-14579,-1980,-9673,-1863,-12553,107302,-6265,14691,3383,-4189,1339,-9475,107281,1867,15502,2219,1114,-1082,8360,22,2
4162,107303,750,-1965,1634,-230,-635,-95,107303,693,-3505,639,1154,-62,-1305,107324,5970,-14471,-1980,-9673,-1863,-12433,107324,-6265,14691,3513,-4159,1339,-9213,107303,1867,15502,2219,1114,-1082,8360,22,2
4163,107325,-250,-1965,1611,-230,-665,-95,107325,693,-3505,639,1154,-62,-1305,107346,5970,-14471,-2476,-9673,-1863,-12433,107346,-7089,13983,3513,-4159,739,-9213,107325,1867,14635,2219,1096,-1095,8291,22,2
4164,107347,-1250,-1932,1594,-31,-688,16,107347,908,-3366,880,1148,-71,-1263,107368,6970,-14579,-3476,-9110,-1703,-11451,107368,-7798,13452,3784,-3819,289,-8412,107347,2867,13985,2212,1035,-1095,7867,22,2
4165,107369,-1250,-1932,1594,-31,-688,16,107369,910,-3366,947,1148,-71,-1250,107390,6970,-14579,-3476,-9110,-1703,-11272,107390,-7798,13452,3784,-3769,289,-8150,107369,2867,13985,2212,1035,-1044,7867,22,2
4166,107391,-2250,-2042,1525,-31,-688,-119,107391,910,-3366,947,1059,-117,-1250,107412,6970,-14579,-4347,-9110,-1703,-11272,107412,-8330,13090,3784,-3769,-143,-8150,107391,2867,13782,1581,961,-1006,7368,22,2
4167,107413,-3250,-2336,1438,98,-697,-221,107413,1336,-3315,1246,984,-152,-1165,107434,7970,-14494,-5000,-8688,-1583,-10248,107434,-8770,12818,3988,-3477,-467,-7090,107413,3867,13630,1574,760,-1006,6515,22,2
4168,107435,-3250,-2336,1438,98,-697,-221,107435,1336,-3315,1251,984,-152,-1155,107456,7970,-14494,-5000,-8638,-1491,-10248,107456,-8770,12818,4260,-3015,-467,-6988,107435,3867,13630,1574,760,-1006,6515,22,2
4169,107457,-4250,-2557,1299,98,-697,-221,107457,1336,-3315,1251,928,-152,-1155,107478,7970,-14494,-5502,-8638,-1491,-10248,107478,-9100,12372,4260,-3015,-467,-6988,107457,3867,13433,1432,709,-1122,5741,22,2
4170,107479,-5250,-2589,1117,67,-744,-71,107479,1629,-3218,1488,868,-112,-1038,107500,8970,-14077,-5977,-7983,-948,-9191,107500,-9352,11953,4617,-2416,-180,-5888,107479,4867,13285,1432,709,-1588,4864,22,2
4171,107501,-5250,-2589,1117,67,-744,-71,107501,1629,-3125,1537,868,-112,-1009,107522,8970,-13494,-5977,-7835,-948,-9191,107522,-9352,11953,4617,-2408,-180,-5733,107501,4867,13285,1463,839,-1588,4864,22,2
4172,107523,-6250,-2589,916,-154,-744,-77,107523,1629,-3125,1537,804,-112,-1009,107544,8970,-13494,-6384,-7835,-948,-9191,107544,-9541,11823,4617,-2408,-180,-5733,107523,4867,13185,1463,839,-1588,4081,22,2
4173,107545,-7250,-2525,702,-320,-572,-81,107545,1953,-2967,1755,711,-86,-887,107566,9970,-12494,-7384,-7122,-776,-8317,107566,-9656,11815,5121,-1959,314,-4775,107545,5862,13185,1463,853,-1558,3403,22,2
4174,107567,-7250,-2525,702,-320,-565,-81,107567,1957,-2967,1766,711,-86,-886,107588,9970,-12494,-7384,-7021,-776,-8131,107588,-9656,11815,5140,-1953,314,-4749,107567,5862,13316,1389,853,-1490,3403,22,2
4175,107589,-8250,-2525,541,-434,-565,-81,107589,1957,-2967,1766,595,-86,-886,107610,9970,-12494,-8384,-7021,-776,-8131,107610,-9769,11815,5140,-1953,314,-4749,107589,5862,13316,1389,597,-1490,2807,22,2
4176,107611,-9246,-2473,442,-434,-167,-59,107611,2205,-2870,1958,497,-58,-767,107632,10970,-11494,-9384,-6269,-647,-6978,107632,-10105,11857,4897,-1526,696,-3889,107611,6608,13004,1332,364,-1392,2245,22,2
4177,107633,-9246,-2473,442,-434,-139,42,107633,2205,-2870,1991,497,-45,-767,107654,10970,-11494,-9384,-6241,-647,-6978,107654,-10105,11857,4897,-1526,696,-3829,107633,6626,13004,1332,364,-1343,2245,22,2
4178,107655,-9993,-2473,379,-461,-139,42,107655,2205,-2870,1991,423,-45,-767,107676,10970,-11494,-10384,-6241,-647,-6978,107676,-10357,11798,4714,-1526,696,-3829,107655,6626,12770,1133,136,-1343,1720,22,2
4179,107677,-10597,-2441,302,-539,-44,134,107677,2391,-2798,2185,361,-15,-665,107698,11835,-10494,-11347,-5161,-349,-6053,107698,-10546,11588,4584,-1118,894,-2994,107677,7228,12770,820,13,-1281,1286,22,2
4180,107699,-10597,-2439,302,-539,-44,199,107699,2391,-2798,2185,361,-8,-665,107720,11942,-10494,-11347,-5161,-349,-6053,107720,-10546,11588,4584,-1118,894,-2955,107699,7228,12916,820,13,-1281,1286,22,2
4181,107721,-11176,-2439,302,-540,-78,199,107721,2391,-2798,2185,318,-8,-665,107742,11942,-10494,-12066,-5161,-349,-6053,107742,-10577,11431,4584,-1118,894,-2955,107721,7228,12916,522,-78,-1281,904,22,2
4182,107743,-11789,-2476,244,-613,-214,190,107743,2467,-2700,2323,286,40,-540,107764,12606,-9518,-12557,-4334,-677,-5359,107764,-10577,11431,4616,-961,1090,-2095,107743,7653,13365,298,-110,-1235,529,22,2
4183,107765,-11789,-2476,244,-613,-214,190,107765,2467,-2700,2323,286,40,-528,107786,12606,-9518,-12557,-4334,-677,-4771,107786,-10577,11635,4616,-961,1090,-2007,107765,7653,13365,298,-110,-1235,529,22,2
4184,107787,-12333,-2476,201,-613,-214,127,107787,2467,-2700,2323,262,40,-528,107808,12606,-9518,-12689,-4334,-923,-4771,107808,-10515,11635,4557,-961,1090,-2007,107787,7653,13122,298,-110,-1235,248,22,2
4185,107809,-12852,-2448,99,-591,-206,80,107809,2598,-2614,2410,223,37,-408,107830,12727,-8899,-12788,-3638,-923,-3640,107830,-10515,11788,4512,-841,668,-1296,107809,7971,12940,305,13,-1088,25,22,2
4186,107831,-12852,-2424,99,-591,-62,80,107831,2598,-2614,2410,223,37,-401,107852,12727,-8899,-12788,-3473,-558,-3640,107852,-10404,11831,4512,-841,668,-1296,107831,7971,12940,381,13,-1088,25,22,2
4187,107853,-13240,-2424,38,-591,-62,80,107853,2598,-2614,2410,192,35,-401,107874,12727,-8899,-12901,-3473,-558,-3640,107874,-10404,11831,4512,-841,668,-1296,107853,7971,12940,381,13,-1088,-118,22,2
4188,107875,-13240,-2385,-50,-512,122,131,107875,2714,-2574,2491,166,33,-288,107896,13136,-8434,-13241,-2504,-214,-2787,107896,-10228,12127,4821,-504,881,-725,107875,8045,13198,645,15,-855,-269,22,2
4189,107897,-13236,-2382,-50,-505,122,149,107897,2714,-2574,2501,166,33,-284,107918,13136,-8404,-13241,-2408,-179,-2743,107918,-10228,12127,4821,-504,1226,-623,107897,8045,13198,645,15,-847,-269,22,2
4190,107919,-13236,-2382,-116,-505,122,149,107919,2714,-2574,2501,142,28,-284,107940,13136,-8404,-13412,-2408,-179,-2743,107940,-10228,12127,4768,-504,1226,-623,107919,8045,13198,645,15,-847,-383,22,2
4191,107941,-13095,-2356,-166,-396,171,239,107941,2832,-2544,2557,97,23,-201,107962,13067,-7964,-13610,-1343,320,-1904,107962,-10165,12349,4729,-110,1574,-2,107941,8158,13391,601,16,-657,-496,22,2
4192,107963,-13059,-2356,-166,-396,171,239,107963,2832,-2544,2557,97,23,-201,107984,13067,-7964,-13610,-1002,640,-1770,107984,-10165,12349,4729,-49,1574,22,107963,8158,13391,601,95,-657,-496,22,2
4193,107985,-13059,-2356,-234,-396,171,239,107985,2832,-2544,2557,40,8,-201,108006,13067,-7964,-13689,-1002,640,-1770,108006,-10165,12349,4701,-49,1574,22,107985,8158,13391,568,95,-657,-598,22,2
4194,108007,-12735,-2396,-387,-293,207,-32,108007,2921,-2581,2599,-47,-4,-131,108028,13354,-7959,-13689,473,1196,-845,108028,-10073,12631,4680,396,1488,516,108007,8251,13558,544,368,-322,-688,22,2
4195,108029,-12734,-2396,-387,-293,351,-32,108029,2921,-2581,2621,-47,-4,-117,108050,13354,-7959,-13585,724,1196,-747,108050,-10073,12631,4680,596,1488,525,108029,8251,13558,544,368,-152,-688,22,2
4196,108051,-12734,-2521,-502,-293,351,-235,108051,2921,-2635,2621,-124,-13,-117,108072,13354,-8000,-13585,724,1196,-747,108072,-10073,12631,4680,596,1424,525,108051,8251,13447,544,368,-152,-797,22,2
4197,108073,-12557,-2784,-531,-64,487,-235,108073,2921,-2650,2645,-197,-20,-47,108094,13696,-8031,-13373,2339,1613,339,108094,-10004,12359,4350,1014,1102,1000,108073,8487,13364,717,346,396,-941,22,2
4198,108095,-12557,-2784,-531,-64,487,-200,108095,2921,-2650,2645,-197,-20,-43,108116,13696,-8031,-12585,2339,1722,498,108116,-9936,12359,4350,1014,1102,1000,108095,8487,13364,717,346,396,-941,22,2
4199,108117,-12557,-3047,-531,-64,487,-200,108117,2896,-2650,2645,-280,-25,-43,108138,13696,-9031,-12585,2339,1722,498,108138,-9936,12155,4350,1014,450,1000,108117,8487,13364,717,243,396,-1162,22,2
4200,108139,-12963,-3244,-461,-257,497,-153,108139,2861,-2613,2602,-342,-29,63,108160,13932,-9965,-11585,3126,1912,1542,108160,-9820,12155,4102,887,-128,1329,108139,8388,13418,338,-119,644,-1408,22,2
4201,108161,-12963,-3244,-461,-257,497,-153,108161,2861,-2613,2602,-342,-29,96,108182,13932,-9965,-11585,3126,1912,1556,108182,-9753,12388,4102,887,-128,1329,108161,8388,13418,338,-119,644,-1408,22,2
4202,108183,-13357,-3244,-461,-421,497,-354,108183,2835,-2613,2549,-389,-32,96,108204,13866,-10655,-11585,3126,1912,1556,108204,-9753,12388,3875,887,-650,1329,108183,8280,13418,248,-597,644,-1626,22,2
4203,108205,-13730,-2989,-367,-544,664,-505,108205,2828,-2601,2434,-439,-64,201,108226,13628,-11285,-10585,3672,2054,2961,108226,-9615,12624,3705,1011,-1627,1532,108205,8026,13435,181,-1118,965,-2071,22,2
4204,108227,-13730,-2989,-367,-544,723,-505,108227,2828,-2601,2434,-439,-64,201,108248,13628,-11285,-10585,3672,2091,2983,108248,-9615,12624,3705,1052,-1627,1532,108227,8026,13435,181,-1118,1040,-2071,22,2
4205,108249,-14037,-2989,-367,-636,723,-505,108249,2828,-2606,2328,-518,-93,201,108270,13450,-11790,-10585,3672,2091,2983,108270,-9615,12624,3705,1052,-1896,1532,108249,7901,13435,130,-1417,1040,-2404,22,2
4206,108271,-14452,-2847,-125,-636,904,-394,108271,2822,-2690,2184,-591,-114,285,108292,13316,-12362,-9585,4171,2225,4278,108292,-9438,12578,3968,1131,-1985,1722,108271,7741,13532,92,-1642,1337,-2657,22,2
4207,108293,-14452,-2847,-93,-568,1158,-352,108293,2822,-2690,2184,-591,-114,306,108314,13316,-12362,-9585,4171,2225,4323,108314,-9438,12578,3968,1131,-1985,1795,108293,7741,13532,92,-1642,1337,-2657,22,2
4208,108315,-14777,-2847,-93,-568,1158,-352,108315,2772,-2753,2076,-647,-114,306,108336,13216,-12839,-9585,4171,2225,4323,108336,-9438,12578,3968,1131,-1985,1795,108315,7621,13532,92,-1691,1337,-3178,22,2
4209,108337,-15020,-2736,155,-568,1485,-280,108337,2587,-2807,1984,-691,-63,450,108358,12776,-13197,-8585,4549,1927,5363,108358,-9141,12756,3992,1130,-1654,2456,108337,7453,14016,805,-1691,1583,-3618,22,2
4210,108359,-15020,-2708,155,-548,1632,-280,108359,2587,-2807,1984,-691,-63,460,108380,12776,-13197,-8585,4549,1927,5531,108380,-9141,12756,3992,1130,-1654,2461,108359,7453,14016,805,-1670,1640,-3618,22,2
4211,108381,-15020,-2708,155,-548,1632,-280,108381,2448,-2879,1857,-741,-63,460,108402,11943,-13521,-8585,4549,1704,5531,108402,-9141,12756,3969,1130,-1654,2461,108381,7327,14016,805,-1670,1640,-4057,22,2
4212,108403,-14020,-2465,378,-502,1905,-213,108403,2307,-2982,1721,-787,-46,583,108424,11318,-13732,-7585,4923,1704,6485,108424,-8813,12575,3951,1096,-1578,3218,108403,7233,14030,1167,-1549,1342,-4945,22,2
4213,108425,-14020,-2465,398,-390,1905,-123,108425,2307,-2982,1721,-787,-46,600,108446,11318,-13732,-7585,5241,1989,6583,108446,-8767,12575,3951,1096,-1578,3751,108425,7233,14030,1167,-1432,1342,-4945,22,2
4214,108447,-14020,-2465,398,-390,1905,-123,108447,2132,-3119,1588,-828,-46,600,108468,10849,-13891,-7585,5241,1989,6583,108468,-8767,12575,3938,1005,-1578,3751,108447,6555,14030,1167,-1432,1037,-5734,22,2
4215,108469,-13020,-2324,650,-271,1950,-60,108469,1960,-3222,1431,-859,-33,743,108490,10336,-14010,-6585,6051,2399,7696,108490,-8186,13137,3938,937,-1360,5031,108469,5957,14729,1439,-1180,808,-6338,22,2
4216,108491,-13020,-2324,651,-242,1950,-60,108491,1960,-3222,1431,-859,-33,772,108512,10336,-14010,-6585,6051,2399,7696,108512,-8186,13301,3966,937,-1360,5031,108491,5957,14729,1507,-1180,808,-6338,22,2
4217,108513,-13020,-2324,651,-242,1950,-60,108513,1831,-3301,1296,-875,-33,772,108534,9494,-14119,-6585,6051,2114,7696,108534,-8186,13301,3966,937,-1360,5031,108513,5498,14729,1507,-1180,787,-6791,22,2
4218,108535,-12020,-1985,904,-28,2179,-13,108535,1735,-3366,1137,-886,-56,934,108556,8722,-14119,-5585,6378,1654,8384,108556,-7420,14301,3987,1303,-1403,5985,108535,5012,14996,1762,-1041,787,-7135,22,2
4219,108557,-12020,-1985,997,27,2230,8,108557,1735,-3366,1137,-886,-56,934,108578,8722,-13860,-5585,6378,1654,8384,108578,-7192,14301,3987,1312,-1403,5985,108557,5012,14996,1762,-1041,815,-7135,22,2
4220,108579,-12020,-1985,997,27,2230,8,108579,1609,-3414,993,-892,-74,934,108600,8142,-13860,-5585,6378,1265,8384,108600,-7192,14301,3947,1312,-1462,5985,108579,4446,14996,1762,-1041,815,-7409,22,2
4221,108601,-11020,-1791,1268,312,2587,146,108601,1480,-3414,846,-892,-85,1053,108622,7489,-13517,-4585,6610,734,8920,108622,-6426,15017,3885,1598,-1507,6846,108601,3859,15239,1802,-1110,1028,-7598,22,2
4222,108623,-11020,-1791,1419,381,2638,229,108623,1480,-3408,846,-887,-85,1053,108644,7489,-13517,-4585,6714,734,8920,108644,-6251,15017,3885,1813,-1507,6870,108623,3859,15239,1802,-1110,1035,-7598,22,2
4223,108645,-11020,-1791,1419,381,2638,229,108645,1247,-3408,729,-887,-85,1053,108666,6989,-13517,-4585,6714,72,8920,108666,-6251,15017,3870,1813,-1621,6870,108645,3419,15239,1783,-1162,1035,-7697,22,2
4224,108667,-10020,-1646,1771,686,3110,559,108667,1072,-3369,570,-880,-83,1155,108688,6277,-13653,-3585,6966,-439,8997,108688,-5333,15163,3724,2111,-1626,7734,108667,2748,15383,1769,-1182,1214,-7763,22,2
4225,108689,-10020,-1646,1823,686,3110,559,108689,1072,-3369,570,-880,-77,1181,108710,6277,-13653,-3585,7146,-439,8997,108710,-5251,15304,3724,2111,-1626,7734,108689,2748,15383,1769,-1182,1411,-7763,22,2
4226,108711,-10020,-1646,1823,686,3110,559,108711,926,-3398,426,-880,-77,1181,108732,5604,-13755,-3585,7146,-439,8997,108732,-5251,15304,3615,2111,-1626,7734,108711,2150,15383,1769,-1182,1411,-7771,22,2
4227,108733,-9020,-1601,2136,814,3456,545,108733,816,-3420,300,-875,-52,1242,108754,4980,-13851,-2585,7470,-85,8952,108754,-4251,15414,3533,2334,-1502,8118,108733,1680,15455,1987,-1134,1361,-7775,22,2
4228,108755,-9020,-1601,2137,814,3456,545,108755,816,-3420,300,-875,-18,1242,108776,4980,-13851,-2585,7470,-85,8952,108776,-4251,15520,3533,2334,-1502,8118,108755,1680,15455,2007,-1134,1361,-7775,22,2
4229,108777,-9020,-1673,2137,814,3456,495,108777,710,-3430,205,-875,-18,1242,108798,4432,-13926,-2585,7470,-85,8883,108798,-4251,15520,3471,2334,-1502,8118,108777,1189,15455,2007,-1134,1257,-7775,22,2
4230,108799,-8020,-1745,2337,843,3626,301,108799,483,-3438,132,-802,62,1196,108820,4020,-13982,-1585,7430,-95,8610,108820,-3251,15642,3060,2318,-1599,7863,108799,730,15509,2151,-1301,831,-7747,22,2
4231,108821,-8020,-1745,2337,843,3626,301,108821,483,-3438,132,-802,62,1196,108842,4020,-13982,-1585,7430,-95,8610,108842,-3251,15642,3060,2318,-1599,7863,108821,730,15509,2155,-1301,831,-7747,22,2
4232,108843,-8020,-1814,2337,843,3553,139,108843,313,-3524,78,-802,62,1134,108864,3171,-14035,-1585,7078,-102,8119,108864,-3251,15642,2697,2284,-1645,7449,108843,126,15509,2155,-1736,714,-7747,22,2
4233,108865,-7020,-1869,2496,684,3220,17,108865,218,-3650,30,-747,68,1052,108886,2374,-14075,-606,6814,-107,7722,108886,-2251,15765,2424,2230,-1645,6940,108865,-458,15470,2266,-2307,379,-7726,22,2
4234,108887,-7020,-1869,2496,684,3220,17,108887,218,-3650,30,-747,68,1052,108908,2374,-14075,-606,6814,-107,7722,108908,-2251,15781,2424,2230,-1526,6940,108887,-458,15470,2293,-2307,379,-7726,22,2
4235,108909,-7020,-1941,2496,559,3094,-73,108909,146,-3716,-28,-747,10,956,108930,2340,-15075,-606,6814,-107,7453,108930,-2251,15781,2153,2050,-1526,6527,108909,-926,15441,2293,-2735,379,-7726,22,2
4236,108931,-8020,-2390,2714,-252,3094,-257,108931,36,-3718,-128,-685,-33,824,108952,2330,-16075,127,7260,125,6886,108952,-1290,15897,1947,1858,-486,6120,108931,-1926,15441,2594,-2735,590,-6990,22,2
4237,108953,-8020,-2390,2714,-252,3147,-257,108953,36,-3718,-128,-685,-33,824,108974,2330,-16075,394,7260,125,6886,108974,-1290,15903,1947,1858,80,6120,108953,-1926,15442,2783,-2682,590,-6131,22,2
4238,108975,-9020,-3039,2714,-860,3147,-395,108975,-118,-3720,-203,-685,-33,725,108996,2322,-16075,394,5260,125,4886,108996,-1290,15903,1793,1703,80,5470,108975,-2125,15442,2783,-2682,122,-6131,22,2
4239,108997,-10020,-3526,2924,-954,2974,-413,108997,-280,-3876,-310,-654,108,644,109018,1917,-16054,1262,3260,1088,2886,109018,-290,15940,1793,1416,707,3913,108997,-2159,15603,3038,-2071,-228,-4131,22,2
4240,109019,-10020,-3526,2925,-954,2974,-413,109019,-280,-3876,-310,-654,108,644,109040,1917,-16054,1262,3260,1088,2886,109040,-290,15940,1806,1416,707,3913,109019,-2159,15603,3038,-1888,-228,-4131,22,2
4241,109041,-11020,-3526,2925,-954,2763,-413,109041,-402,-3993,-397,-654,108,583,109062,1534,-16054,1262,2710,1088,2144,109062,-290,15940,1806,1201,707,2596,109041,-2181,15603,3038,-1888,-636,-4131,22,2
4242,109063,-11020,-2703,3253,-417,2578,-173,109063,-494,-3993,-462,-422,136,385,109084,1247,-16024,1913,2298,806,1648,109084,184,15968,1770,988,670,1608,109063,-2181,15579,3104,-1342,-942,-2933,22,2
4243,109085,-10020,-2703,3291,-417,2578,-173,109085,-494,-3977,-462,-422,136,385,109106,1247,-16024,2110,2298,806,1648,109106,184,15968,1770,988,670,1608,109085,-2181,15579,3104,-1342,-942,-2933,22,2
4244,109107,-10020,-2703,3291,-417,2438,-263,109107,-563,-3977,-462,-422,67,202,109128,1247,-16024,2110,1732,514,1356,109128,184,15968,1738,830,646,1099,109107,-2197,15555,3104,-1342,-942,-2933,22,2
4245,109129,-9020,-2935,3686,-247,2313,-330,109129,-636,-3978,-453,-286,-31,64,109150,1362,-15862,2750,1270,150,1137,109150,563,15993,1643,710,629,738,109129,-2283,15543,3194,-1209,-780,-2220,22,2
4246,109151,-9020,-2935,3756,-247,2313,-330,109151,-636,-3978,-453,-286,-31,64,109172,1362,-15862,2750,1270,150,1137,109172,589,16031,1643,710,629,738,109151,-2283,15543,3194,-1209,-558,-2220,22,2
4247,109173,-10020,-3109,3756,-361,2219,-330,109173,-659,-3978,-453,-286,-105,19,109194,1362,-15957,2750,1050,-123,972,109194,589,16031,1572,578,616,540,109173,-2382,15543,3194,-1209,-558,-2220,22,2
4248,109195,-11020,-3109,4045,-640,2148,-233,109195,-659,-3978,-516,-208,-142,0,109216,1253,-16028,3137,943,-123,524,109216,943,16080,1500,386,463,428,109195,-2471,15593,3315,-1095,-182,-1685,22,2
4249,109217,-11020,-3020,4045,-640,2148,-230,109217,-626,-3960,-516,-208,-142,0,109238,1253,-16028,3137,943,63,524,109238,948,16083,1500,386,463,428,109217,-2471,15593,3344,-1080,-182,-1685,22,2
4250,109239,-12020,-3020,4045,-717,2085,-230,109239,-626,-3960,-564,-208,-142,0,109260,1171,-16049,3137,805,63,171,109260,948,16083,1491,211,-88,428,109239,-2521,15593,3344,-1080,-182,-1685,22,2
4251,109261,-13020,-2772,4176,-740,1959,-212,109261,-588,-3965,-575,-159,-72,21,109282,1171,-16049,3474,680,324,-93,109282,1247,16060,1484,19,-1204,434,109261,-2558,15628,3407,-921,309,-1258,22,2
4252,109283,-13020,-2772,4176,-740,1959,-212,109283,-588,-3965,-575,-159,2,33,109304,1279,-16033,3484,680,324,-93,109304,1247,16060,1484,19,-1204,434,109283,-2558,15628,3407,-916,309,-1258,22,2
4253,109305,-13820,-2772,4176,-750,1864,-212,109305,-642,-3974,-584,-159,2,33,109326,1279,-16033,3484,586,324,-168,109326,1247,16043,1479,-74,-2041,434,109305,-2586,15628,3407,-916,309,-1258,22,2
4254,109327,-14414,-2673,4371,-756,1734,-199,109327,-715,-3992,-595,-114,102,44,109348,1360,-16020,3737,556,313,-168,109348,1455,16043,1471,-131,-2233,334,109327,-2626,15628,3407,-793,678,-923,22,2
4255,109349,-14414,-2673,4397,-756,1734,-190,109349,-715,-3992,-595,-114,102,44,109370,1360,-15988,3757,556,313,-168,109370,1455,16065,1471,-131,-2233,334,109349,-2626,15632,3407,-793,775,-923,22,2
4256,109371,-14859,-2673,4397,-756,1607,-190,109371,-715,-3994,-604,-114,102,34,109392,1360,-15988,3757,556,304,-196,109392,1455,16065,1453,-131,-2233,259,109371,-2655,15632,3407,-793,775,-923,22,2
4257,109393,-15184,-2548,4582,-726,1512,-121,109393,-692,-3994,-613,-80,63,8,109414,1411,-15987,3919,613,304,-217,109414,1605,16081,1439,-125,-1735,216,109393,-2677,15616,3488,-724,1023,-667,22,2
4258,109415,-15184,-2548,4582,-726,1512,-121,109415,-666,-3993,-613,-59,63,8,109436,1411,-15987,3919,613,365,-217,109436,1611,16081,1439,-106,-1735,216,109415,-2677,15616,3488,-724,1023,-667,22,2
4259,109437,-15404,-2548,4582,-726,1477,-121,109437,-666,-3993,-620,-59,34,-11,109458,1411,-15987,3919,613,365,-259,109458,1611,16081,1439,-106,-1735,184,109437,-2703,15591,3488,-724,961,-667,22,2
4260,109459,-15569,-2491,4757,-711,1451,-86,109459,-630,-3982,-625,-32,34,-15,109480,1442,-16013,4035,432,572,-318,109480,1779,16093,1440,-162,-1531,165,109459,-2731,15566,3556,-654,760,-563,22,2
4261,109481,-15569,-2491,4766,-711,1451,-86,109481,-630,-3982,-625,-32,37,-15,109502,1442,-16013,4035,432,572,-318,109502,1779,16097,1443,-162,-1531,165,109481,-2731,15566,3565,-642,760,-563,22,2
4262,109503,-15703,-2491,4766,-711,1432,-86,109503,-630,-3982,-630,-32,37,-15,109524,1442,-16032,4035,296,572,-444,109524,1779,16097,1443,-204,-1531,165,109503,-2781,15562,3565,-642,718,-563,22,2
4263,109525,-15793,-2464,4904,-724,1313,-81,109525,-625,-3983,-634,-16,63,0,109546,1541,-16044,4116,209,691,-541,109546,1900,16099,1472,-204,-1458,189,109525,-2810,15562,3592,-517,687,-456,22,2
4264,109547,-15793,-2464,4904,-724,1313,-81,109547,-625,-3983,-634,-16,66,0,109568,1541,-16044,4122,209,691,-541,109568,1900,16099,1472,-160,-1378,189,109547,-2810,15565,3592,-517,687,-408,22,2
4265,109569,-15793,-2464,4904,-727,1199,-81,109569,-628,-3984,-637,-16,66,0,109590,1541,-16044,4122,174,691,-541,109590,1900,16099,1472,-160,-1378,189,109569,-2810,15565,3592,-517,663,-408,22,2
4266,109591,-14793,-2389,4975,-727,1106,-76,109591,-630,-3993,-637,-6,84,11,109612,1615,-16016,4181,155,648,-461,109612,2035,16099,1480,-127,-1064,161,109591,-2793,15552,3613,-464,611,-320,22,2
4267,109613,-14793,-2337,4975,-662,1106,-67,109613,-630,-3993,-635,-6,84,11,109634,1615,-16016,4191,155,648,-461,109634,2035,16099,1480,-127,-1064,161,109613,-2793,15552,3657,-464,611,-320,22,2
4268,109635,-14793,-2337,4975,-662,1041,-67,109635,-630,-4000,-635,-6,84,11,109656,1615,-16016,4191,141,616,-461,109656,2035,16099,1473,-127,-1064,123,109635,-2793,15543,3657,-464,611,-320,22,2
4269,109657,-15111,-2264,5073,-660,988,-49,109657,-608,-4005,-641,13,76,5,109678,1671,-16051,4233,110,616,-456,109678,2108,16110,1473,-179,-1008,56,109657,-2865,15533,3705,-397,619,-254,22,2
4270,109679,-15111,-2264,5073,-660,988,-39,109679,-606,-4005,-641,13,76,5,109700,1693,-16051,4233,110,655,-456,109700,2108,16110,1480,-179,-1008,56,109679,-2865,15533,3705,-359,637,-226,22,2
4271,109701,-15350,-2264,5073,-660,959,-39,109701,-606,-4005,-646,13,73,1,109722,1693,-16051,4233,84,655,-464,109722,2108,16110,1480,-218,-1008,6,109701,-2932,15533,3705,-359,637,-226,22,2
4272,109723,-15601,-2265,5144,-683,937,-16,109723,-588,-4003,-650,28,73,1,109744,1766,-16034,4264,64,687,-470,109744,2132,16116,1509,-228,-930,-26,109723,-2981,15525,3709,-275,634,-135,22,2
4273,109745,-15601,-2265,5144,-683,937,-4,109745,-588,-4002,-650,28,75,1,109766,1766,-16034,4264,64,687,-474,109766,2132,16116,1509,-228,-930,-26,109745,-2981,15525,3709,-258,634,-117,22,2
4274,109767,-15767,-2265,5144,-694,936,-4,109767,-588,-4002,-653,28,75,1,109788,1766,-16034,4264,49,687,-470,109788,2132,16116,1509,-228,-930,-50,109767,-3013,15525,3709,-258,586,-117,22,2
4275,109789,-15879,-2198,5201,-702,935,7,109789,-590,-4002,-657,35,77,1,109810,1810,-16021,4288,49,660,-450,109810,2169,16115,1503,-228,-859,-68,109789,-3013,15531,3681,-213,449,-60,22,2
4276,109811,-15879,-2198,5201,-702,935,7,109811,-590,-4002,-657,35,77,1,109832,1810,-16021,4288,57,660,-408,109832,2169,16115,1503,-228,-859,-68,109811,-2988,15540,3681,-213,449,-60,22,2
4277,109833,-15879,-2198,5201,-702,850,7,109833,-590,-4002,-657,35,77,1,109854,1810,-16021,4288,57,660,-408,109854,2169,16115,1500,-228,-859,-78,109833,-2988,15540,3595,-213,323,-60,22,2
4278,109855,-14879,-2226,5261,-638,786,-15,109855,-582,-4010,-657,43,66,0,109876,1843,-16014,4311,63,720,-268,109876,2187,16113,1500,-228,-606,-78,109855,-2949,15572,3531,-103,101,-133,22,2
4279,109877,-14879,-2226,5261,-635,786,-15,109877,-570,-4010,-655,43,66,0,109898,1853,-16011,4311,63,734,-268,109898,2187,16113,1545,-202,-256,-47,109877,-2949,15572,3531,-103,101,-133,22,2
4280,109899,-14879,-2247,5261,-635,786,-32,109899,-570,-4010,-655,43,55,0,109920,1853,-16011,4290,63,734,-268,109920,2187,16104,1545,-202,-256,-47,109899,-3001,15535,3531,-103,-64,-183,22,2
4281,109921,-13879,-2247,5254,-579,845,-41,109921,-555,-4007,-644,36,53,4,109942,2027,-15946,4290,87,568,-168,109942,2245,16098,1548,-119,35,-38,109921,-3097,15458,3711,-72,-229,-183,22,2
4282,109943,-13879,-2185,5254,-573,868,-41,109943,-548,-4007,-644,36,53,9,109964,2027,-15946,4312,164,568,-168,109964,2254,16098,1548,-119,35,-38,109943,-3097,15458,3711,-72,-229,-115,22,2
4283,109965,-13879,-2185,5249,-573,868,-41,109965,-548,-4007,-644,34,53,9,109986,2027,-15946,4312,164,442,-168,109986,2254,16098,1548,-119,35,-95,109965,-3097,15426,3711,-121,-363,-115,22,2
4284,109987,-14418,-2151,5249,-521,1018,-41,109987,-541,-3998,-636,32,53,17,110008,1920,-15985,4337,240,349,-97,110008,2296,16098,1551,-131,172,-151,109987,-3086,15426,3758,-160,-498,-42,22,2
4285,110009,-14418,-2151,5268,-505,1018,-33,110009,-541,-3998,-636,32,53,17,110030,1920,-15985,4337,240,349,-97,110030,2296,16098,1552,-131,172,-151,110009,-3081,15426,3758,-160,-498,-35,22,2
4286,110031,-14418,-2151,5268,-505,1018,-33,110031,-562,-3998,-636,30,53,17,110052,1897,-16014,4337,240,330,-97,110052,2275,16098,1552,-131,172,-185,110031,-3081,15426,3758,-190,-615,-35,22,2
4287,110053,-13418,-2133,5287,-411,1025,-12,110053,-578,-3996,-635,29,42,16,110074,1879,-16014,4372,288,316,-34,110074,2241,16095,1552,-116,405,-211,110053,-3078,15437,3715,-234,-726,28,22,2
4288,110075,-13418,-2133,5287,-411,1025,-12,110075,-578,-3993,-635,29,42,16,110096,1879,-16010,4372,288,316,-26,110096,2241,16095,1552,-116,507,-211,110075,-3078,15439,3715,-234,-726,50,22,2
4289,110097,-13418,-2133,5287,-411,1025,-12,110097,-590,-3993,-635,28,34,16,110118,1866,-16010,4372,288,305,-26,110118,2215,16095,1552,-116,507,-230,110097,-3078,15439,3703,-271,-786,50,22,2
4290,110119,-14108,-2126,5303,-333,1031,-1,110119,-601,-3990,-653,23,29,16,110140,1776,-16007,4372,340,241,28,110140,2195,16105,1552,-104,923,-236,110119,-3076,15449,3694,-299,-786,130,22,2
4291,110141,-14108,-2126,5316,-315,1031,-1,110141,-601,-3986,-653,23,29,20,110162,1776,-16007,4373,340,241,32,110162,2195,16105,1587,-104,923,-236,110141,-3053,15464,3694,-299,-774,130,22,2
4292,110163,-14641,-2126,5316,-315,1006,-1,110163,-609,-3986,-667,19,29,20,110184,1705,-16007,4373,340,236,32,110184,2180,16105,1587,-104,923,-236,110163,-3053,15464,3694,-299,-774,130,22,2
4293,110185,-15042,-2121,5280,-238,987,-3,110185,-615,-3995,-671,16,37,27,110206,1584,-16004,4373,344,233,75,110206,2180,16112,1619,-87,807,-209,110185,-3011,15494,3724,-288,-765,170,22,2
4294,110207,-15042,-2121,5280,-235,987,-3,110207,-615,-3995,-671,16,37,27,110228,1584,-16004,4376,344,233,75,110228,2212,16129,1619,-58,807,-209,110207,-3011,15494,3728,-286,-765,170,22,2
4295,110229,-15343,-2121,5253,-235,974,-3,110229,-618,-4002,-672,16,37,27,110250,1547,-16004,4376,344,233,75,110250,2212,16129,1619,-58,720,-209,110229,-3011,15494,3728,-286,-765,170,22,2
4296,110251,-15577,-2112,5240,-173,964,-2,110251,-618,-4009,-673,16,32,24,110272,1547,-16002,4404,336,240,73,110272,2245,16134,1601,-11,720,-290,110251,-2979,15513,3769,-226,-756,200,22,2
4297,110273,-15577,-2112,5240,-172,964,7,110273,-618,-4009,-673,22,32,24,110294,1552,-16002,4408,336,272,73,110294,2245,16134,1601,13,875,-290,110273,-2974,15513,3769,-222,-756,210,22,2
4298,110295,-15752,-2112,5240,-172,931,7,110295,-618,-4012,-673,22,25,16,110316,1552,-16002,4408,330,272,72,110316,2223,16134,1587,13,875,-392,110295,-2974,15513,3769,-222,-756,210,22,2
4299,110317,-15864,-2144,5293,-154,897,33,110317,-612,-4013,-666,28,18,6,110338,1621,-15998,4428,325,301,64,110338,2199,16133,1587,85,1231,-470,110317,-2943,15521,3791,-59,-912,257,22,2
4300,110339,-15864,-2144,5293,-154,897,33,110339,-599,-4013,-666,31,18,6,110360,1621,-15998,4432,325,303,64,110360,2199,16133,1587,118,1231,-470,110339,-2937,15521,3791,-42,-912,260,22,2
4301,110361,-15864,-2177,5293,-168,897,33,110361,-599,-4013,-666,31,16,1,110382,1621,-15998,4432,325,305,58,110382,2166,16133,1587,118,1231,-504,110361,-2937,15507,3791,-42,-1149,260,22,2
4302,110383,-14864,-2201,5299,-212,898,17,110383,-583,-4003,-662,36,16,1,110404,1587,-16002,4450,328,305,39,110404,2098,16133,1613,196,1240,-526,110383,-2903,15507,3786,119,-1327,321,22,2
4303,110405,-14864,-2201,5299,-212,898,17,110405,-583,-4003,-662,36,23,4,110426,1587,-16002,4474,328,324,39,110426,2098,16133,1613,196,1240,-526,110405,-2884,15509,3786,119,-1327,321,22,2
4304,110427,-15205,-2201,5299,-250,898,5,110427,-583,-4003,-667,36,23,4,110448,1507,-16002,4474,328,324,-10,110448,2040,16133,1613,196,1147,-526,110427,-2884,15509,3775,119,-1327,321,22,2
4305,110449,-15474,-2178,5287,-312,911,5,110449,-605,-3997,-670,33,37,7,110470,1482,-15985,4480,285,417,-47,110470,1997,16133,1591,188,1014,-502,110449,-2834,15523,3756,106,-1155,328,22,2
4306,110471,-15474,-2171,5287,-312,911,16,110471,-605,-3997,-670,33,37,7,110492,1482,-15985,4480,285,417,-47,110492,1997,16133,1591,188,1014,-484,110471,-2812,15527,3756,106,-1058,328,22,2
4307,110493,-15662,-2171,5278,-349,911,16,110493,-621,-3997,-673,31,37,7,110514,1482,-15985,4480,285,417,-47,110514,1960,16133,1576,177,871,-484,110493,-2812,15527,3731,58,-1058,325,22,2
4308,110515,-15823,-2136,5245,-370,926,23,110515,-625,-3993,-678,30,42,8,110536,1577,-15957,4484,294,401,-17,110536,1948,16133,1565,153,716,-452,110515,-2772,15542,3712,18,-816,295,22,2
4309,110537,-15823,-2136,5245,-370,926,23,110537,-625,-3992,-678,30,42,8,110558,1577,-15957,4484,327,401,-17,110558,1948,16141,1565,153,716,-452,110537,-2772,15542,3712,18,-815,295,22,2
4310,110559,-15923,-2136,5229,-374,926,23,110559,-625,-3992,-680,30,42,8,110580,1577,-15957,4484,327,389,-17,110580,1924,16144,1564,135,594,-452,110559,-2772,15542,3705,3,-815,283,22,2
4311,110581,-16019,-2137,5229,-374,942,28,110581,-625,-3990,-682,30,46,10,110602,1536,-15979,4487,334,389,-39,110602,1872,16150,1564,126,496,-424,110581,-2750,15549,3699,-5,-587,283,22,2
4312,110603,-16019,-2137,5229,-373,942,29,110603,-625,-3988,-682,31,47,10,110624,1536,-15979,4510,334,422,-39,110624,1872,16150,1564,126,496,-422,110603,-2750,15549,3699,-5,-585,290,22,2
4313,110625,-16070,-2137,5229,-373,942,29,110625,-625,-3988,-683,31,47,10,110646,1506,-15983,4518,315,422,-69,110646,1833,16150,1564,119,424,-422,110625,-2750,15549,3695,-10,-585,290,22,2
4314,110647,-16111,-2137,5235,-376,946,34,110647,-630,-3989,-685,33,46,10,110668,1483,-15984,4527,285,453,-91,110668,1813,16153,1532,114,370,-365,110647,-2724,15554,3681,-14,-474,307,22,2
4315,110669,-16111,-2137,5237,-376,946,34,110669,-630,-3989,-685,35,46,10,110690,1483,-15984,4533,285,453,-91,110690,1813,16153,1532,114,370,-359,110669,-2701,15554,3681,-14,-474,307,22,2
4316,110691,-16145,-2137,5237,-380,942,29,110691,-630,-3989,-688,35,43,10,110712,1483,-15985,4533,263,453,-93,110712,1801,16153,1507,111,329,-359,110691,-2701,15554,3670,-17,-474,301,22,2
4317,110713,-16170,-2127,5241,-387,923,20,110713,-627,-3984,-690,36,43,10,110734,1500,-15987,4541,248,493,-93,110734,1796,16164,1488,109,298,-306,110713,-2662,15569,3662,-19,-391,297,22,2
4318,110735,-16170,-2116,5241,-387,923,20,110735,-627,-3984,-690,36,43,10,110756,1521,-15987,4541,248,493,-91,110756,1796,16175,1488,109,298,-306,110735,-2662,15569,3662,-19,-391,297,22,2
4319,110757,-16189,-2116,5241,-387,903,15,110757,-627,-3984,-691,36,43,10,112198,1521,-15989,4541,248,486,-91,112198,1793,16175,1485,107,272,-306,110757,-2662,15569,3662,-19,-391,294,23,2
4320,112199,-16201,-2107,5232,-356,883,11,112199,-638,-3986,-692,35,48,12,112220,1528,-15990,4528,236,464,-84,112220,1789,16176,1485,86,254,-271,112199,-2645,15605,3675,44,-442,292,23,2
4321,112221,-16201,-2107,5232,-356,883,11,112221,-638,-3986,-692,35,51,12,112242,1528,-15990,4528,236,464,-83,112242,1789,16176,1486,86,254,-271,112221,-2645,15605,3675,44,-442,292,23,2
4322,112243,-16210,-2110,5232,-356,862,10,112243,-649,-3986,-692,35,51,12,112264,1528,-15991,4519,236,448,-83,112264,1742,16176,1486,65,240,-271,112243,-2645,15605,3675,44,-442,290,23,2
4323,112265,-16223,-2131,5251,-354,827,9,112265,-661,-3982,-692,39,52,8,112286,1548,-15992,4519,205,448,-87,112286,1700,16177,1487,41,225,-226,112265,-2619,15609,3668,-24,-334,259,23,2
4324,112287,-16223,-2131,5251,-354,827,9,112287,-661,-3982,-692,39,52,8,112308,1548,-15992,4534,205,449,-87,112308,1700,16189,1487,41,225,-216,112287,-2613,15609,3668,-24,-306,259,23,2
4325,112309,-16233,-2155,5251,-357,779,8,112309,-661,-3982,-692,39,44,6,112330,1548,-15993,4544,205,449,-87,112330,1683,16189,1470,22,214,-216,112309,-2613,15609,3668,-76,-306,228,23,2
4326,112331,-16240,-2176,5249,-373,743,8,112331,-650,-3979,-692,41,38,6,112352,1569,-15993,4576,225,449,-89,112352,1681,16196,1470,3,183,-163,112331,-2583,15609,3670,-114,-192,205,23,2
4327,112353,-16240,-2176,5249,-373,743,14,112353,-648,-3979,-690,41,38,7,112374,1569,-15993,4585,225,450,-89,112374,1681,16196,1473,3,183,-163,112353,-2583,15609,3675,-114,-192,205,23,2
4328,112375,-16264,-2189,5237,-402,741,14,112375,-648,-3979,-690,41,38,7,112396,1569,-15993,4585,225,450,-90,112396,1681,16196,1473,-11,160,-163,112375,-2583,15609,3675,-120,-192,189,23,2
4329,112397,-16284,-2189,5228,-427,739,23,112397,-644,-3982,-689,40,46,10,112418,1545,-15987,4609,202,451,-97,112418,1683,16199,1473,-24,142,-150,112397,-2566,15603,3681,-124,-131,177,23,2
4330,112419,-16284,-2187,5228,-427,739,24,112419,-644,-3982,-689,40,46,10,112440,1529,-15987,4609,202,480,-97,112440,1683,16199,1473,-24,142,-150,112419,-2566,15603,3681,-124,-131,177,23,2
4331,112441,-16299,-2186,5228,-462,739,24,112441,-644,-3984,-689,40,46,10,112462,1527,-15987,4609,185,480,-103,112462,1683,16199,1469,-31,129,-150,112441,-2566,15596,3681,-127,-131,168,23,2
4332,112463,-16310,-2189,5213,-489,747,34,112463,-644,-3986,-691,40,46,9,112484,1527,-15973,4626,185,514,-107,112484,1688,16201,1466,-40,97,-140,112463,-2548,15587,3682,-127,-67,150,23,2
4333,112485,-16310,-2189,5213,-489,747,34,112485,-644,-3986,-691,40,46,9,112506,1539,-15973,4626,191,514,-107,112506,1691,16201,1466,-40,97,-139,112485,-2548,15587,3682,-126,-55,150,23,2
4334,112507,-16311,-2191,5196,-509,747,34,112507,-644,-3986,-695,40,46,9,112528,1539,-15973,4626,191,514,-128,112528,1691,16201,1464,-47,-11,-139,112507,-2548,15579,3675,-126,-55,137,23,2
4335,112529,-16312,-2202,5167,-519,749,27,112529,-636,-3979,-698,40,46,9,112550,1603,-15991,4603,195,519,-151,112550,1693,16174,1420,-69,-1314,5,112529,-2597,15565,3642,-91,706,137,23,2
4336,112551,-16312,-2202,5167,-519,749,27,112551,-636,-3979,-698,41,48,10,112572,1614,-15991,4603,195,519,-151,112572,1693,16174,1420,-69,-1314,5,112551,-2597,15565,3642,-71,739,171,23,2
4337,112573,-16312,-2202,5149,-519,749,22,112573,-636,-3979,-698,41,48,10,112594,1614,-16010,4600,195,519,-204,112594,1693,16154,1387,-75,-2134,5,112573,-2603,15565,3599,-71,739,171,23,2
4338,112595,-16307,-2175,5149,-503,751,18,112595,-632,-3990,-694,41,54,9,112616,1638,-16027,4600,146,523,-346,112616,1694,16152,1377,-80,-2433,-125,112595,-2603,15581,3557,-30,1487,309,23,2
4339,112617,-16291,-2175,5154,-500,757,18,112617,-632,-3990,-692,43,54,9,112638,1638,-16027,4600,146,523,-346,112638,1694,16152,1377,-80,-2433,-125,112617,-2583,15609,3557,-6,1487,309,23,2
4340,112639,-16291,-2175,5154,-500,757,18,112639,-632,-4005,-692,43,54,1,112660,1638,-16040,4600,125,523,-457,112660,1694,16152,1377,-80,-2433,-237,112639,-2583,15609,3535,-6,1487,309,23,2
4341,112661,-16271,-2181,5197,-486,781,8,112661,-629,-4017,-681,47,51,-8,112682,1656,-16050,4588,109,524,-570,112682,1697,16157,1427,-58,-2271,-341,112661,-2541,15641,3509,70,1595,384,23,2
4342,112683,-16271,-2181,5199,-486,784,8,112683,-622,-4017,-677,49,51,-8,112704,1683,-16050,4588,109,524,-570,112704,1697,16157,1427,-58,-2055,-341,112683,-2541,15641,3509,72,1595,384,23,2
4343,112705,-16271,-2181,5199,-540,784,-1,112705,-621,-4026,-677,49,48,-15,112726,1683,-16057,4565,54,524,-668,112726,1697,16157,1409,-58,-2055,-495,112705,-2546,15641,3489,72,1584,384,23,2
4344,112727,-16249,-2160,5221,-592,818,-50,112727,-614,-4034,-666,63,43,-21,112748,1734,-16074,4507,-52,560,-754,112748,1742,16160,1348,-100,-1664,-791,112727,-2546,15663,3471,177,1244,440,23,2
4345,112749,-16249,-2160,5221,-592,818,-50,112749,-605,-4034,-657,65,43,-21,112770,1734,-16074,4507,-52,684,-754,112770,1742,16160,1348,-100,-1582,-791,112749,-2546,15663,3471,189,1244,476,23,2
4346,112771,-16249,-2160,5206,-631,818,-93,112771,-605,-4048,-657,65,29,-32,112792,1734,-16087,4464,-266,684,-1001,112792,1742,16160,1303,-155,-1582,-1122,112771,-2598,15663,3460,189,951,476,23,2
4347,112793,-16153,-2177,5167,-660,804,-150,112793,-580,-4059,-631,82,14,-58,112814,1781,-16096,4301,-455,817,-1245,112814,1777,16161,1247,-243,-1071,-1668,112793,-2676,15680,3452,342,418,583,23,2
4348,112815,-16153,-2177,5167,-660,804,-150,112815,-579,-4059,-626,104,14,-58,112836,1807,-16096,4301,-455,817,-1245,112836,1777,16161,1247,-243,-1071,-1668,112815,-2676,15686,3452,416,418,685,23,2
4349,112837,-16153,-2208,5120,-738,794,-199,112837,-579,-4059,-626,104,3,-91,112858,1807,-16096,4140,-1154,817,-1715,112858,1777,16161,1205,-349,-1071,-2389,112837,-2768,15686,3400,416,19,685,23,2
4350,112859,-16062,-2261,4986,-852,785,-272,112859,-541,-4059,-595,143,-10,-158,112880,2117,-16072,3887,-2212,887,-2193,112880,1626,16134,1150,-791,-850,-3453,112859,-2891,15722,3310,640,-353,1294,23,2
4351,112881,-15153,-2261,4986,-852,785,-272,112881,-524,-4030,-523,209,-10,-158,112902,2427,-16053,3887,-2212,887,-2193,112902,1626,16134,1150,-791,-850,-3453,112881,-2891,15727,3310,716,-353,1670,23,2
4352,112903,-15153,-2311,4836,-945,778,-290,112903,-524,-4030,-523,209,-32,-243,112924,2427,-16053,3499,-3046,887,-3020,112924,1431,16079,1150,-1281,-850,-4394,112903,-2960,15727,3242,716,-632,1670,23,2
4353,112925,-14153,-2338,4629,-1015,330,-290,112925,-428,-3995,-408,343,-48,-372,112946,2892,-15539,3113,-3947,808,-5020,112946,1129,16079,1155,-1897,-739,-5329,112925,-2960,15808,3191,1103,-903,3370,23,2
4354,112947,-14153,-2338,4629,-1015,330,-233,112947,-396,-3976,-408,350,-48,-372,112968,2892,-15510,3113,-3947,808,-5020,112968,1129,16135,1292,-1897,-684,-5329,112947,-2706,15808,3191,1123,-903,3670,23,2
4355,112969,-14153,-2338,4463,-1015,-175,-233,112969,-396,-3976,-408,350,-48,-480,112990,2892,-15510,2790,-4622,367,-7020,112990,614,16135,1292,-2361,-684,-6237,112969,-2706,15808,3153,1123,-903,3670,23,2
4356,112991,-13153,-1954,4290,-979,-553,77,112991,-264,-3878,-279,488,-24,-589,113012,2770,-15117,2493,-5129,-30,-8753,113012,232,16340,1617,-2754,-148,-7053,112991,-2035,15974,2870,1542,-1248,5234,23,2
4357,113013,-13153,-1954,4290,-904,-553,77,113013,-264,-3878,-279,539,-24,-589,113034,2770,-15117,2493,-5129,-30,-8753,113034,232,16394,1624,-2754,-88,-7053,113013,-2035,16024,2870,1542,-1248,5234,23,2
4358,113035,-13153,-1954,4160,-904,-905,77,113035,-264,-3878,-279,539,-24,-671,113056,2770,-15117,2270,-6426,-261,-9746,113056,-190,16394,1624,-3048,-88,-7878,113035,-2035,16024,2836,1542,-1671,5234,23,2
4359,113057,-12153,-1898,4003,-865,-1263,-136,113057,-209,-3801,-212,689,-77,-795,113078,3228,-14885,1997,-8426,-501,-10491,113078,-428,16742,1873,-3374,456,-8877,113057,-1081,16266,2509,1856,-2017,6407,23,2
4360,113079,-12153,-1898,4003,-821,-1263,-136,113079,-209,-3801,-212,701,-77,-795,113100,3445,-14885,1997,-8426,-501,-10491,113100,-428,16901,1873,-3374,529,-8877,113079,-1081,16369,2509,2068,-2017,6593,23,2
4361,113101,-12153,-1898,3849,-821,-1567,-316,113101,-209,-3801,-212,701,-144,-966,113122,3445,-14885,1791,-9866,-1025,-11179,113122,-607,16901,1873,-3446,529,-9704,113101,-1081,16369,2126,2068,-2017,6593,23,2
4362,113123,-11153,-1856,3687,-755,-2067,-451,113123,-167,-3756,32,884,-206,-1186,113144,3408,-14584,1338,-10946,-1418,-11695,113144,-996,17804,1892,-3446,1566,-10518,113123,-365,16420,1839,2300,-1894,7784,23,2
4363,113145,-11153,-1852,3687,-755,-2067,-451,113145,-73,-3756,32,905,-206,-1186,113166,3408,-14551,1338,-10946,-1418,-11695,113166,-996,17804,1892,-3284,1566,-10518,113145,-325,16420,1839,2300,-1343,7842,23,2
4364,113167,-11153,-1852,3566,-755,-2442,-451,113167,-73,-3782,32,905,-215,-1361,113188,3261,-14551,599,-11756,-1638,-12082,113188,-1876,17045,1892,-3284,1566,-10985,113167,-325,16179,1839,2300,-1343,7842,23,2
4365,113189,-10153,-1807,3475,-763,-2723,-386,113189,171,-3801,121,1051,-215,-1526,113210,3150,-14611,45,-12373,-1638,-12549,113210,-2876,16045,1971,-3191,1635,-10985,113189,675,15179,1999,1528,-599,8569,23,2
4366,113211,-10153,-1807,3475,-763,-2723,-348,113211,171,-3801,121,1058,-176,-1526,113232,3150,-14611,45,-12373,-758,-12549,113232,-2876,16045,2892,-3191,1635,-10869,113211,675,15179,1999,1528,-599,8569,23,2
4367,113233,-10153,-2166,3407,-769,-2763,-348,113233,171,-3801,121,1058,-176,-1558,113254,3150,-14656,-407,-12588,-758,-13319,113254,-3876,15045,2892,-3321,960,-10869,113233,675,14978,1999,622,-690,8569,23,2
4368,113255,-9153,-2435,3098,-807,-2785,45,113255,328,-3388,259,1216,-54,-1558,113276,4150,-14690,-1098,-12760,-176,-13896,113276,-4876,14045,3664,-3669,453,-9997,113255,1675,14827,1623,-57,-758,8577,23,2
4369,113277,-9153,-2435,3098,-807,-2785,45,113277,328,-3388,296,1216,-41,-1457,113298,4150,-14690,-1098,-12760,-176,-13896,113298,-4876,14045,3664,-3669,453,-9641,113277,1675,14827,1623,-57,-758,8577,23,2
4370,113299,-9153,-2435,2866,-807,-2785,45,113299,328,-3388,296,1216,-41,-1457,113320,4150,-14690,-1657,-12760,-537,-13991,113320,-5871,13517,3664,-3964,453,-9641,113299,1675,14714,1551,-465,-758,8572,23,2
4371,113321,-10153,-1922,2511,-639,-2627,-55,113321,543,-3337,669,1182,-43,-1321,113342,5150,-14489,-2657,-12686,-1108,-13991,113342,-6617,13517,3949,-3964,523,-8644,113321,2675,14629,1497,-738,-349,8123,23,2
4372,113343,-10153,-1881,2511,-639,-2565,-55,113343,543,-3337,669,1182,-43,-1321,113364,5150,-14174,-2657,-12686,-1108,-12511,113364,-6617,13524,3949,-3881,523,-8571,113343,2675,14629,1497,-738,-349,8123,23,2
4373,113365,-11153,-1881,2245,-639,-2565,-139,113365,543,-3339,669,1088,-141,-1321,113386,5150,-14174,-3556,-12686,-1526,-12511,113386,-7176,13524,3949,-3881,523,-8571,113365,2675,13935,1491,-738,-349,7585,23,2
4374,113387,-12153,-1506,2045,14,-2447,-196,113387,1001,-3341,977,998,-237,-1243,113408,6150,-13787,-4231,-11261,-1753,-11346,113408,-7870,13135,4139,-3738,607,-7377,113387,3675,13415,1487,-650,-423,7094,23,2
4375,113409,-12153,-1506,2045,14,-2400,-196,113409,1004,-3341,1032,998,-237,-1243,113430,6150,-13787,-4231,-11084,-1753,-11301,113430,-7870,13135,4139,-3738,607,-7245,113409,3675,13415,1487,-650,-423,7094,23,2
4376,113431,-12783,-1745,1901,14,-2400,-229,113431,1004,-3341,1032,936,-237,-1243,113452,6150,-13787,-4836,-11084,-1753,-11301,113452,-8481,12843,4139,-3738,607,-7245,113431,3675,13025,1484,-650,-478,6576,23,2
4377,113453,-13187,-1924,1765,463,-2263,-229,113453,1375,-3297,1312,899,-234,-1128,113474,7150,-13592,-5407,-9836,-1213,-10401,113474,-8939,12624,4319,-3630,1233,-5784,113453,4675,13025,894,-580,-665,5825,23,2
4378,113475,-13187,-1924,1765,463,-2261,-128,113475,1375,-3259,1313,899,-191,-1096,113496,7150,-13592,-5407,-9836,-1213,-10217,113496,-8939,12624,4320,-3630,1233,-5626,113475,4675,13471,894,-580,-665,5825,23,2
4379,113497,-13426,-2036,1577,463,-2261,-128,113497,1375,-3259,1313,871,-191,-1096,113518,7150,-13592,-5854,-9836,-1213,-10217,113518,-9283,12624,4320,-3630,1233,-5626,113497,4675,13471,451,-580,-725,5246,23,2
4380,113519,-13474,-2120,1436,547,-2024,-193,113519,1653,-3140,1551,843,-157,-960,113540,8042,-12592,-6421,-9144,-1780,-9229,113540,-9344,12705,4524,-3351,1702,-4352,113519,5675,13116,379,-213,-770,4727,23,2
4381,113541,-13474,-2120,1436,547,-2024,-193,113541,1806,-3140,1595,843,-157,-957,113562,8150,-12592,-6421,-9144,-1780,-9229,113562,-9344,12705,4525,-3321,1878,-4129,113541,5675,13116,379,-213,-770,4727,23,2
4382,113563,-13474,-2120,1331,547,-2024,-242,113563,1806,-3140,1595,804,-157,-957,113584,8150,-12592,-6846,-9144,-1780,-9229,113584,-9344,12705,4525,-3321,1878,-4129,113563,5675,12850,379,-213,-770,4164,23,2
4383,113585,-13343,-2117,1122,746,-1464,-242,113585,2159,-3010,1887,767,-135,-796,113606,9042,-11592,-7846,-8680,-1397,-8162,113606,-9184,13220,4921,-3047,2585,-3192,113585,6602,12850,747,-73,-885,3627,23,2
4384,113607,-13281,-2117,1122,746,-1391,13,113607,2159,-3010,1896,767,-131,-781,113628,9150,-11592,-7846,-8680,-1397,-8162,113628,-9184,13220,5149,-3047,2699,-3192,113607,6602,13441,839,-73,-885,3627,23,2
4385,113629,-13281,-2117,936,746,-1391,13,113629,2159,-3010,1896,767,-131,-781,113650,9150,-11592,-8846,-8680,-1397,-8162,113650,-9184,13220,5149,-3047,2699,-3192,113629,6602,13441,839,-453,-928,3164,23,2
4386,113651,-12896,-2499,620,641,-989,204,113651,2405,-2912,2164,767,-77,-681,113672,9982,-10592,-9846,-8101,-1150,-7719,113672,-9161,13375,5372,-1963,3053,-2785,113651,7297,12928,1333,-813,-928,2703,23,2
4387,113673,-12896,-2499,620,641,-989,204,113673,2405,-2861,2164,767,-77,-681,113694,10093,-10592,-9846,-8059,-1150,-7719,113694,-9161,13375,5372,-1963,3053,-2785,113673,7297,12928,1411,-813,-737,2703,23,2
4388,113695,-12896,-2823,383,465,-1013,204,113695,2405,-2861,2164,767,-77,-681,113716,10093,-10592,-10846,-8059,-1150,-7719,113716,-9627,13375,4995,-1963,2599,-2785,113695,7297,12544,1411,-915,-737,2287,23,2
4389,113717,-12492,-3091,201,288,-1031,389,113717,2624,-2679,2355,663,-36,-647,113738,9093,-9788,-11834,-6249,-283,-6258,113738,-9977,13356,4712,-1051,1835,-2480,113717,7796,12368,1485,-918,-594,1669,23,2
4390,113739,-12492,-3091,201,288,-1031,540,113739,2652,-2679,2355,663,-36,-647,113760,9093,-9592,-11834,-6249,-283,-6177,113760,-9977,13356,4712,-1051,1835,-2380,113739,7796,12368,1485,-918,-521,1669,23,2
4391,113761,-12492,-3277,117,108,-1031,540,113761,2652,-2679,2355,534,-36,-647,113782,8093,-9592,-12474,-6249,-283,-6177,113782,-10239,13342,4066,-1051,1505,-2380,113761,7796,12368,1485,-918,-521,1126,23,2
4392,113783,-12860,-3474,30,-185,-863,548,113783,2770,-2542,2532,438,17,-568,113804,8093,-8834,-12954,-5074,-10,-5020,113804,-10562,12932,3581,-554,716,-1963,113783,8134,13226,1173,-776,-439,669,23,2
4393,113805,-12860,-3474,30,-185,-805,548,113805,2770,-2542,2532,438,17,-538,113826,9093,-8827,-12954,-5074,-10,-4732,113826,-10562,12932,3581,-554,716,-1794,113805,8134,13226,1173,-768,-439,669,23,2
4394,113827,-13136,-3622,-34,-416,-805,374,113827,2770,-2542,2532,357,17,-538,113848,9093,-8827,-13232,-5074,-10,-4732,113848,-10804,12625,3217,-554,-432,-1794,113827,8134,13086,1173,-768,-439,325,23,2
4395,113849,-13136,-3749,-133,-589,-249,243,113849,2858,-2398,2639,283,12,-433,113870,10034,-8387,-13441,-4033,194,-3156,113870,-10804,12394,3041,-318,-1293,-1291,113849,8488,12981,1191,-389,-678,59,23,2
4396,113871,-12661,-3749,-133,-589,37,243,113871,2970,-2398,2639,283,12,-418,113892,10034,-8387,-13441,-3789,570,-3141,113892,-10646,12394,3041,-318,-1293,-1291,113871,8488,12981,1191,-382,-678,59,23,2
4397,113893,-12661,-3749,-207,-708,37,243,113893,2970,-2398,2639,200,12,-418,113914,9034,-8387,-13664,-3789,570,-3141,113914,-10646,12394,3041,-318,-1293,-1291,113893,8488,12981,1191,-382,-858,-139,23,2
4398,113915,-12215,-3643,-383,-862,668,509,113915,3000,-2373,2770,121,70,-261,113936,8034,-8140,-13820,-2457,1040,-1904,113936,-10127,12410,4021,60,682,-914,113915,8626,13142,1406,-99,-871,-493,23,2
4399,113937,-12215,-3564,-383,-862,668,509,113937,3000,-2373,2777,121,70,-249,113958,8034,-8140,-13820,-2427,1040,-1904,113958,-10127,12410,4041,72,682,-781,113937,8626,13142,1627,-99,-871,-493,23,2
4400,113959,-12215,-3564,-626,-998,668,419,113959,3000,-2373,2777,52,70,-249,113980,8034,-8140,-13878,-2427,1040,-1904,113980,-10127,12410,4041,72,682,-781,113959,8626,13142,1627,-107,-871,-854,23,2
4401,113981,-11834,-3382,-808,-1100,881,235,113981,3023,-2402,2850,-74,54,-123,114002,9034,-7911,-13878,-723,1371,-527,114002,-10212,12660,3984,529,-409,-297,113981,8635,12755,2140,-241,-446,-1196,23,2
4402,114003,-11834,-3374,-808,-1100,881,235,114003,3040,-2402,2850,-74,54,-121,114024,9034,-7911,-13719,-442,1598,-513,114024,-10212,12660,3984,696,-409,-225,114003,8650,12755,2140,-241,-446,-1196,23,2
4403,114025,-11933,-3374,-808,-1100,759,235,114025,3040,-2453,2846,-225,42,-121,114046,9034,-7911,-13719,-442,1598,-513,114046,-10276,12610,3984,696,-1473,-225,114025,8650,12755,2140,-342,-446,-1482,23,2
4404,114047,-12214,-3189,-782,-1063,514,410,114047,3070,-2505,2800,-356,33,-24,114068,10034,-7739,-13578,1495,2335,678,114068,-10335,11709,3719,1187,-2618,369,114047,8549,13121,1726,-342,69,-1721,23,2
4405,114069,-12214,-3116,-717,-1063,514,410,114069,3070,-2505,2800,-356,33,-8,114090,10034,-7739,-13569,1495,2335,838,114090,-10335,11709,3719,1187,-2618,369,114069,8549,13121,1726,-146,573,-1721,23,2
4406,114091,-12476,-3116,-717,-1063,514,410,114091,2907,-2505,2766,-417,33,-8,114112,10034,-7739,-13569,1495,2335,838,114112,-10335,11033,3719,1187,-3438,369,114091,8473,13121,1415,-146,573,-1897,23,2
4407,114113,-13091,-2877,-423,-1035,726,72,114113,2766,-2481,2633,-463,70,143,114134,10849,-7539,-12569,2757,2051,2454,114134,-10325,11033,3749,1060,-3669,1018,114113,8369,13014,1415,23,1355,-2029,23,2
4408,114135,-13091,-2877,-331,-1035,906,72,114135,2766,-2481,2633,-463,70,165,114156,10849,-7539,-12569,2757,2051,2454,114156,-10313,11086,3749,1060,-3669,1107,114135,8369,13014,1415,23,1355,-2029,23,2
4409,114157,-13552,-2877,-331,-1035,906,-181,114157,2766,-2481,2517,-490,-15,165,114178,10849,-7549,-12569,2757,1838,2454,114178,-10313,11086,3749,965,-3669,1107,114157,8338,12943,1415,23,1355,-2128,23,2
4410,114179,-13970,-2785,-27,-755,1256,-222,114179,2805,-2607,2423,-510,-79,297,114200,11287,-8549,-11569,3868,1697,3777,114200,-9595,11377,4576,855,-3578,1876,114179,8196,12903,2092,-65,1644,-2432,23,2
4411,114201,-13970,-2785,139,-755,1256,-222,114201,2805,-2607,2423,-510,-79,310,114222,11287,-8549,-11569,3895,1697,3824,114222,-9595,11874,4576,855,-3376,1954,114201,8196,12903,2092,-65,1644,-2432,23,2
4412,114223,-14343,-2785,139,-755,1256,-222,114223,2805,-2701,2352,-535,-103,310,114244,11287,-9549,-11569,3895,1697,3824,114244,-9595,11874,4576,773,-3376,1954,114223,8090,12903,2092,-185,1644,-2744,23,2
4413,114245,-14623,-2657,481,-545,1286,-221,114245,2729,-2738,2228,-554,-121,481,114266,11616,-10549,-10569,5101,2076,4861,114266,-9416,12347,4920,654,-2253,2746,114245,7947,13307,2135,-275,1760,-3077,23,2
4414,114267,-14623,-2563,510,-545,1286,-215,114267,2729,-2738,2228,-554,-121,483,114288,11616,-10549,-10569,5101,2076,4903,114288,-9416,12347,4920,654,-2223,2746,114267,7947,13315,2135,-275,1760,-3077,23,2
4415,114289,-14623,-2563,510,-545,1286,-215,114289,2633,-2766,2108,-601,-135,483,114310,11616,-11419,-10569,5101,1715,4903,114310,-9416,12347,4920,564,-2223,2746,114289,7560,13315,2135,-275,1756,-3326,23,2
4416,114311,-13623,-2325,759,-214,1697,-158,114311,2550,-2787,1983,-651,-145,621,114332,11275,-12084,-9569,5858,1267,5855,114332,-8676,12702,5178,552,-1358,3297,114311,7270,13624,2498,-208,1753,-3513,23,2
4417,114333,-13623,-2325,759,-185,1697,-94,114333,2550,-2787,1983,-651,-145,623,114354,11275,-12084,-9569,5858,1267,5862,114354,-8676,12702,5178,552,-1043,3297,114333,7270,13624,2498,-172,1753,-3513,23,2
4418,114355,-13623,-2325,759,-185,1697,-94,114355,2412,-2815,1830,-694,-145,623,114376,11019,-12583,-9569,5858,1267,5862,114376,-8676,12702,4178,552,-1043,3297,114355,7052,13624,2498,-172,991,-3653,23,2
4419,114377,-12623,-2414,975,27,2005,46,114377,2261,-2862,1638,-745,-128,755,114398,10700,-13074,-8569,7266,1578,6669,114398,-8184,13151,3178,1056,-2562,4157,114377,6965,14337,3353,-94,991,-4367,23,2
4420,114399,-12623,-2414,975,27,2005,46,114399,2261,-2862,1638,-745,-128,756,114420,10700,-13074,-8569,7439,1578,6834,114420,-8184,13151,3178,1100,-2562,4188,114399,6899,14337,3353,370,1305,-4367,23,2
4421,114421,-12623,-2436,975,27,2005,46,114421,2114,-2952,1492,-868,-128,756,114442,10461,-13113,-8569,7439,1578,6834,114442,-8184,13151,2863,1100,-3701,4188,114421,6899,14337,2618,370,1305,-4905,23,2
4422,114443,-11623,-2436,1244,143,2095,147,114443,1985,-3050,1346,-972,-117,875,114464,9692,-13471,-7569,8421,1763,7705,114464,-7684,13377,2863,1927,-3701,5218,114443,6335,14871,2618,777,1698,-5541,23,2
4423,114465,-11623,-2424,1244,143,2259,147,114465,1985,-3050,1346,-972,-117,901,114486,9692,-13471,-7569,8421,1763,7799,114486,-7517,13377,2863,1931,-3158,5218,114465,6335,14871,2743,777,1814,-5541,23,2
4424,114487,-11623,-2424,1244,143,2259,147,114487,1847,-3137,1217,-1050,-117,901,114508,9064,-13611,-7569,8421,1606,7799,114508,-7517,13377,2821,1931,-3158,5218,114487,5912,14871,2743,777,1814,-6018,23,2
4425,114509,-10623,-2330,1587,167,2663,63,114509,1641,-3391,1077,-1103,-109,1041,114530,8593,-13716,-6569,8600,1606,8428,114530,-7024,13546,2821,2554,-2415,5873,114509,5329,15180,2743,726,2079,-6278,23,2
4426,114531,-10623,-2330,1587,167,2715,63,114531,1641,-3391,1077,-1103,-109,1041,114552,8593,-13716,-6569,8600,1606,8428,114552,-6725,14063,2851,2554,-2305,5873,114531,5329,15180,2837,726,2079,-6278,23,2
4427,114553,-10623,-2344,1587,140,2715,0,114553,1487,-3581,968,-1103,-109,1041,114574,7593,-14094,-6569,8259,1488,8428,114574,-6725,14063,2851,2554,-2305,5873,114553,4891,15180,2837,397,2079,-6473,23,2
4428,114575,-9623,-2381,2012,-50,2952,-16,114575,1187,-3581,828,-1095,-39,1130,114596,6730,-14379,-5569,7447,1488,8765,114596,-6131,14150,2851,2885,-1550,6642,114575,4476,15020,2202,-197,2173,-6678,23,2
4429,114597,-9623,-2381,2012,-50,2952,-16,114597,1187,-3497,828,-987,-13,1130,114618,6730,-14379,-5569,7447,1904,8765,114618,-5928,14494,2812,2885,-1507,6862,114597,4476,15020,2202,-197,2173,-6678,23,2
4430,114619,-9623,-2381,2012,-206,2952,-16,114619,956,-3497,717,-987,-13,1130,114640,6141,-14766,-5569,7222,1904,8765,114640,-5928,14494,2741,2885,-1507,6862,114619,4127,14961,2202,-701,2173,-7021,23,2
4431,114641,-8623,-2163,2093,-309,2783,42,114641,789,-3385,601,-897,24,1235,114662,5699,-14943,-4569,7056,2019,8927,114662,-4965,14737,2658,3217,-851,7618,114641,3549,14961,1939,-1104,1967,-7438,23,2
4432,114663,-8623,-2133,2093,-309,2783,42,114663,789,-3385,601,-883,24,1235,114684,5699,-14943,-4569,7056,2019,8927,114684,-4928,14737,2658,3271,-851,7618,114663,3549,15169,1939,-1104,1967,-7438,23,2
4433,114685,-8623,-2133,2093,-309,2632,-6,114685,664,-3385,435,-883,24,1235,114706,5377,-14991,-4569,7056,1927,8927,114706,-4928,14737,2552,3271,-851,7618,114685,3059,15169,1939,-1406,1599,-7795,23,2
4434,114707,-7623,-1877,2068,-231,2046,-42,114707,470,-3403,310,-825,52,1248,114728,5090,-14991,-3569,6928,1895,8822,114728,-3928,14978,2262,3456,-359,7920,114707,2227,15416,2163,-1628,1105,-8063,23,2
4435,114729,-7623,-1877,2068,-231,2046,-42,114729,470,-3403,310,-825,117,1248,114750,5090,-14840,-3569,6928,1895,8822,114750,-3928,14978,2262,3456,-359,7920,114729,2227,15480,2184,-1628,1105,-8063,23,2
4436,114751,-7623,-1877,1551,-231,1534,-42,114751,314,-3450,259,-825,117,1214,114772,4426,-14840,-3569,5981,1834,8554,114772,-3928,14978,2011,3456,-359,7920,114751,1553,15480,2184,-1794,716,-8063,23,2
4437,114773,-6623,-1407,1163,-173,1150,-31,114773,165,-3497,221,-792,178,1172,114794,3625,-14681,-2569,5112,1825,8013,114794,-2928,14937,1672,3449,83,7816,114773,804,15620,2324,-1919,344,-7946,23,2
4438,114795,-6623,-1407,1163,-173,1150,-31,114795,165,-3497,221,-792,178,1172,114816,3625,-14681,-2569,5112,1825,8013,114816,-2928,14937,1672,3449,254,7816,114795,804,15620,2324,-1919,344,-7662,23,2
4439,114817,-6623,-1407,872,-173,862,-31,114817,49,-3570,179,-792,178,1136,114838,3002,-14681,-2569,4619,1763,7562,114838,-2928,14906,1365,3196,254,7536,114817,235,15620,2324,-1964,23,-7662,23,2
4440,114839,-5623,-1055,654,-129,646,-23,114839,-120,-3629,138,-771,200,1030,114860,2443,-15102,-1569,3962,1716,6792,114860,-1928,14906,1134,2459,714,6637,114839,-214,15632,2429,-2097,-1161,-7104,23,2
4441,114861,-5623,-1055,654,-129,646,-23,114861,-120,-3629,138,-771,200,1030,114882,2443,-15102,-1569,3962,1716,6792,114882,-1928,15193,1134,2459,714,6637,114861,-214,15632,2429,-2097,-1161,-6895,23,2
4442,114883,-5623,-1055,490,-129,484,-23,114883,-266,-3784,87,-771,200,908,114904,2087,-15419,-1569,3372,1716,6126,114904,-1928,15193,1073,1899,714,5571,114883,-652,15616,2429,-2097,-2049,-6895,23,2
4443,114905,-4623,-791,367,-96,363,-17,114905,-387,-3919,44,-724,199,741,114926,1820,-15657,-569,2656,1803,5078,114926,-960,15571,1027,1329,499,4095,114905,-1152,15616,2859,-2095,-2440,-5764,23,2
4444,114927,-4623,-791,367,-96,363,-17,114927,-387,-3919,44,-720,199,741,114948,1820,-15835,-569,2656,1803,5078,114948,-960,15571,1027,1329,499,4095,114927,-1152,15682,2896,-1973,-2440,-5430,23,2
4445,114949,-4623,-791,275,-96,272,-17,114949,-477,-3999,-53,-720,157,594,114970,1620,-15835,-569,2119,1803,3577,114970,-960,15571,993,892,323,2824,114949,-1381,15682,2896,-1973,-2440,-5430,23,2
4446,114971,-3623,-593,206,-72,204,-12,114971,-580,-4052,-154,-529,103,389,114992,1443,-15923,431,1716,1664,2784,114992,-239,15693,967,564,153,1861,114971,-1383,15731,3080,-1819,-1218,-4096,23,2
4447,114993,-3623,-593,206,-72,204,-12,114993,-580,-4052,-154,-479,103,389,115014,1443,-15923,431,1716,1664,2784,115014,-239,15693,967,564,153,1861,114993,-1383,15731,3080,-1738,-1218,-4096,23,2
4448,115015,-3623,-593,154,-72,153,-12,115015,-655,-4052,-229,-479,25,236,115036,1443,-15923,431,1323,1664,2235,115036,-239,15693,948,340,-43,1163,115015,-1385,15724,3080,-1738,-1218,-4096,23,2
4449,115037,-2717,-444,115,-54,114,-9,115037,-655,-4010,-286,-303,-33,130,115058,1612,-15832,1431,1028,1560,1813,115058,218,15784,948,174,-114,729,115037,-1467,15709,3162,-1458,-766,-3165,23,2
4450,115059,-2717,-444,115,-54,114,-9,115059,-652,-4010,-286,-303,-33,130,115080,1612,-15832,1431,1028,1560,1813,115080,218,15784,969,174,-114,729,115059,-1467,15709,3162,-1387,-766,-3165,23,2
4451,115081,-2717,-444,86,-54,85,-9,115081,-652,-4010,-334,-303,-35,93,115102,1612,-15894,1431,810,1362,1497,115102,218,15784,969,120,-167,526,115081,-1568,15709,3162,-1387,-766,-3165,23,2
4452,115103,-2037,-333,64,-40,63,-6,115103,-623,-4001,-376,-244,-35,65,115124,1474,-16010,2227,647,822,1195,115124,561,15947,960,80,-200,395,115103,-1705,15743,3209,-1083,-543,-2467,23,2
4453,115125,-2037,-333,64,-40,63,-6,115125,-623,-4001,-376,-244,-21,65,115146,1474,-16010,2227,647,822,1195,115146,585,15975,960,80,-200,395,115125,-1705,15743,3241,-1064,-543,-2451,23,2
4454,115147,-2037,-333,48,-40,47,-6,115147,-623,-4001,-407,-244,-21,64,115168,1370,-16068,2227,524,760,961,115168,585,15975,886,49,-200,297,115147,-1807,15743,3249,-1064,-543,-2451,23,2
4455,115169,-1527,-249,36,-30,35,-4,115169,-669,-4022,-411,-217,47,64,115190,1311,-16112,2763,389,714,603,115190,860,16025,886,-82,-186,194,115169,-1883,15751,3334,-754,-620,-1831,23,2
4456,115191,-1527,-249,36,-30,35,-4,115191,-669,-4022,-411,-217,52,69,115212,1311,-16112,2763,389,714,603,115212,860,16025,898,-82,-73,194,115191,-1883,15751,3377,-656,-620,-1828,23,2
4457,115213,-1527,-249,27,-30,26,-4,115213,-709,-4038,-414,-217,52,69,115234,1267,-16112,2763,288,679,343,115234,860,16025,898,-180,-73,116,115213,-1936,15751,3377,-656,-754,-1828,23,2
4458,115235,-1145,-186,20,-22,19,-3,115235,-733,-4044,-436,-196,71,64,115256,1241,-16109,3161,288,575,225,115256,1074,16050,959,-254,89,-54,115235,-1976,15783,3441,-256,-858,-1264,23,2
4459,115257,-1145,-186,20,-22,19,-3,115257,-733,-4044,-436,-177,71,64,115278,1241,-16109,3161,315,575,225,115278,1074,16050,959,-254,89,-54,115257,-1976,15786,3414,-198,-858,-1247,23,2
4460,115279,-1145,-186,15,-22,14,-3,115279,-733,-4048,-456,-177,69,50,115300,1207,-16109,3161,315,331,213,115300,1074,16050,959,-290,89,-221,115279,-1976,15786,3414,-198,-934,-1247,23,2
4461,115301,-858,-139,11,-16,10,-2,115301,-715,-4051,-482,-144,65,21,115322,1190,-16080,3460,432,137,204,115322,1122,16060,964,-290,98,-374,115301,-1936,15804,3375,145,-934,-830,23,2
4462,115323,-858,-139,11,-16,10,-2,115323,-691,-4051,-482,-142,65,21,115344,1190,-16080,3464,432,137,204,115344,1122,16060,964,-271,98,-374,115323,-1936,15804,3346,185,-818,-830,23,2
4463,115345,-858,-139,8,-16,7,-2,115345,-691,-4051,-502,-142,42,0,115366,1177,-16080,3464,432,133,189,115366,1122,16052,964,-271,81,-482,115345,-1936,15804,3346,185,-818,-830,23,2
4464,115367,-643,-104,6,-12,5,-1,115367,-694,-4030,-520,-106,25,-8,115388,1167,-16059,3692,328,133,134,115388,1122,16046,968,-234,49,-563,115367,-1908,15766,3205,353,-434,-537,23,2
4465,115389,-643,-104,6,-12,5,-1,115389,-694,-4025,-520,-101,25,-8,115410,1167,-16035,3718,328,172,134,115410,1122,16046,980,-210,49,-563,115389,-1908,15766,3205,353,-434,-537,23,2
4466,115411,-643,-104,4,-12,3,-1,115411,-697,-4025,-535,-101,15,-9,115432,1167,-16035,3718,279,172,128,115432,1122,16046,980,-210,49,-563,115411,-1908,15744,3128,353,-434,-537,23,2
4467,115433,-482,-78,3,-9,2,0,115433,-709,-4003,-569,-67,8,-9,115454,1167,-16001,3926,242,141,128,115454,1136,16092,992,-159,115,-492,115433,-1887,15744,3042,399,-166,-317,23,2
4468,115455,-482,-78,3,-9,2,0,115455,-709,-4003,-569,-66,8,-8,115476,1167,-16001,3926,242,141,210,115476,1136,16092,992,-147,149,-466,115455,-1866,15784,3042,399,-166,-317,23,2
4469,115477,-482,-78,2,-9,1,0,115477,-718,-4003,-577,-66,-2,-8,115498,1167,-16001,3926,242,-2,210,115498,1136,16092,992,-147,149,-466,115477,-1851,15784,2967,399,-166,-317,23,2
4470,115499,-361,-58,1,-6,0,0,115499,-725,-4000,-582,-45,-9,-4,115520,1140,-16029,4038,324,-113,315,115520,1173,16123,981,-96,263,-399,115499,-1850,15796,2892,369,-143,-220,23,2
4471,115521,-361,-58,1,-6,0,0,115521,-725,-4000,-582,-38,-9,-4,115542,1140,-16029,4038,324,-113,315,115542,1173,16123,981,-96,263,-399,115521,-1850,15796,2892,369,-143,-220,23,2
4472,115543,-361,-58,0,-6,0,0,115543,-725,-4005,-582,-38,-18,-4,115564,1119,-16085,4038,324,-180,315,115564,1173,16123,981,-96,263,-399,115543,-1906,15796,2824,322,-143,-220,23,2
4473,115565,-270,-43,0,-4,0,0,115565,-697,-4009,-582,-20,-25,-9,115586,1046,-16127,4125,273,-180,286,115586,1179,16149,958,-93,264,-372,115565,-1948,15805,2773,296,-160,-101,23,2
4474,115587,-270,-43,0,-4,0,0,115587,-697,-4009,-582,-20,-25,-9,115608,1046,-16127,4128,273,-115,286,115608,1179,16149,958,-93,264,-372,115587,-1948,15807,2773,296,-160,-52,23,2
4475,115609,-270,-43,0,-4,0,0,115609,-697,-4009,-582,-20,-25,-13,115630,991,-16127,4128,235,-115,207,115630,1179,16149,958,-109,264,-372,115609,-1948,15807,2773,296,-165,-52,23,2
4476,115631,-202,-32,0,-3,0,0,115631,-697,-4002,-585,-10,-24,-16,115652,949,-16091,4252,201,-56,147,115652,1175,16172,979,-121,264,-351,115631,-1895,15815,2734,297,-177,73,23,2
4477,115653,-202,-32,0,-3,0,0,115653,-697,-4002,-585,-10,-24,-16,115674,949,-16091,4252,201,-50,147,115674,1175,16172,979,-121,264,-339,115653,-1895,15815,2734,353,-177,73,23,2
4478,115675,-202,-32,0,-3,0,0,115675,-697,-4002,-585,-10,-24,-17,115696,949,-16091,4252,201,-50,142,115696,1172,16172,979,-121,264,-339,115675,-1905,15815,2686,353,-177,73,23,2
4479,115697,-151,-24,0,-2,0,0,115697,-688,-4004,-591,-8,-24,-18,115718,953,-16088,4344,215,-67,138,115718,1170,16167,995,-110,265,-288,115697,-1905,15850,2646,331,-94,121,23,2
4480,115719,-151,-24,0,-2,0,0,115719,-675,-4004,-591,-8,-24,-18,115740,953,-16088,4344,215,-80,138,115740,1170,16167,995,-110,265,-288,115719,-1853,15850,2646,331,-94,121,23,2
4481,115741,-151,-24,0,-2,0,0,115741,-675,-4004,-591,-8,-24,-18,115762,953,-16088,4344,215,-80,135,115762,1145,16158,995,-110,241,-288,115741,-1837,15850,2604,250,-94,121,23,2
4482,115763,-113,-18,0,-1,0,0,115763,-669,-3996,-591,-7,-15,-15,115784,873,-16086,4403,193,-80,4,115784,1130,16156,997,-125,241,-255,115763,-1813,15849,2596,170,-42,132,23,2
4483,115785,-113,-18,0,-1,0,0,115785,-669,-3996,-591,-2,-14,-15,115806,873,-16086,4403,193,51,4,115806,1130,16156,997,-125,248,-255,115785,-1801,15849,2596,170,-42,132,23,2
4484,115807,-113,-18,0,-1,0,0,115807,-675,-3996,-591,-2,-14,-15,115828,813,-16086,4403,177,51,-100,115828,1130,16156,997,-136,248,-255,115807,-1801,15849,2590,86,-44,124,23,2
4485,115829,-84,-13,0,0,0,0,115829,-686,-3989,-591,6,-4,-14,115850,813,-16060,4447,169,149,-172,115850,1126,16160,998,-145,276,-195,115829,-1774,15869,2585,0,-45,118,23,2
4486,115851,-84,-13,0,0,0,0,115851,-686,-3989,-591,8,-2,-14,115872,834,-16060,4447,169,149,-172,115872,1126,16172,1020,-145,276,-195,115851,-1774,15869,2585,0,-45,118,23,2
4487,115873,-84,-13,0,0,0,0,115873,-686,-3989,-599,8,-2,-14,115894,834,-16060,4447,163,149,-172,115894,1123,16172,1020,-148,276,-195,115873,-1793,15869,2585,-71,-115,75,23,2
4488,115895,-63,-9,0,0,0,0,115895,-682,-3984,-603,13,4,-16,115916,889,-16062,4473,155,224,-155,115916,1111,16173,1020,-148,276,-146,115895,-1807,15854,2585,-141,-199,43,23,2
4489,115917,-63,-9,0,0,0,0,115917,-682,-3984,-603,13,6,-16,115938,889,-16062,4473,155,224,-155,115938,1111,16173,1020,-144,276,-135,115917,-1807,15854,2585,-141,-199,43,23,2
4490,115939,-63,-9,0,0,0,0,115939,-682,-3984,-606,13,6,-17,115960,889,-16076,4473,149,224,-155,115960,1108,16173,1011,-144,276,-135,115939,-1818,15848,2585,-194,-262,43,23,2
4491,115961,-47,-6,0,0,0,0,115961,-679,-3980,-608,18,17,-17,115982,930,-16087,4481,129,283,-142,115982,1100,16173,1004,-141,268,-84,115961,-1818,15848,2542,-244,-309,47,23,2
4492,115983,-47,-6,0,0,0,0,115983,-679,-3980,-608,18,24,-15,116004,930,-16087,4481,129,283,-204,116004,1100,16173,1004,-141,268,-84,115983,-1798,15848,2542,-244,-309,48,23,2
4493,116005,-47,-6,0,0,0,0,116005,-679,-3980,-610,18,24,-15,116026,898,-16087,4481,103,283,-204,116026,1100,16164,1004,-141,256,-84,116005,-1798,15844,2542,-282,-327,48,23,2
4494,116027,-35,-4,0,0,0,0,116027,-675,-3980,-610,23,42,-14,116048,898,-16065,4487,76,405,-263,116048,1102,16146,1062,-129,227,-33,116027,-1753,15826,2543,-310,-341,18,23,2
4495,116049,-35,-4,0,0,0,0,116049,-675,-3980,-610,23,42,-14,116070,898,-16025,4489,76,462,-263,116070,1102,16146,1062,-129,227,-12,116049,-1753,15826,2543,-310,-341,18,23,2
4496,116071,-35,-4,0,0,0,0,116071,-675,-3980,-610,23,42,-14,116092,872,-16025,4490,56,462,-297,116092,1102,16132,1062,-129,171,-12,116071,-1753,15812,2543,-355,-351,-32,23,2
4497,116093,-26,-3,0,0,0,0,116093,-662,-3977,-610,30,53,-15,116114,872,-16015,4490,56,607,-322,116114,1114,16122,1071,-224,-214,28,116093,-1697,15802,2544,-597,-377,-139,23,2
4498,116115,-26,-3,0,0,0,0,116115,-659,-3977,-610,30,53,-15,116136,872,-16015,4491,56,619,-322,116136,1192,16122,1071,-224,-214,28,116115,-1697,15802,2595,-597,-377,-139,23,2
4499,116137,-26,-3,0,0,0,0,116137,-659,-3977,-610,30,53,-17,116158,853,-16015,4491,41,619,-351,116158,1192,16122,1071,-284,-428,21,116137,-1697,15802,2595,-778,-432,-285,23,2
4500,116159,-19,-2,0,0,0,0,116159,-634,-4008,-611,33,73,-21,116180,853,-16019,4527,-9,781,-382,116180,1190,16163,1079,-284,-536,15,116159,-1766,15815,2694,-880,-432,-427,23,2
4501,116181,-19,-2,0,0,0,0,116181,-634,-4008,-611,38,73,-21,116202,880,-16019,4527,-47,933,-382,116202,1190,16163,1079,-273,-536,15,116181,-1766,15815,2732,-880,-429,-427,23,2
4502,116203,-19,-2,0,0,0,0,116203,-634,-4008,-612,38,73,-21,116224,880,-16019,4527,-47,933,-486,116224,1163,16153,1079,-273,-536,15,116203,-1842,15815,2732,-938,-429,-532,23,2
4503,116225,-14,-1,0,0,0,0,116225,-630,-3984,-617,49,88,-20,116246,1060,-15970,4519,-65,1157,-564,116246,1143,16144,1085,-259,-466,52,116225,-1919,15824,2818,-957,-101,-571,23,2
4504,116247,-14,-1,0,0,0,0,116247,-630,-3984,-617,49,88,-12,116888,1069,-15970,4519,-65,1157,-564,116888,1143,16144,1085,-259,-349,60,116247,-1919,15824,2879,-957,-101,-571,24,2
4505,116889,-14,-1,0,0,0,0,116889,-630,-3984,-620,48,88,-12,116910,1069,-15970,4519,-65,1157,-564,116910,1143,16139,1082,-259,-349,60,116889,-1977,15819,2879,-957,-101,-571,24,2
4506,116911,-10,0,0,0,0,0,116911,-643,-3985,-624,42,117,2,116932,1119,-15973,4537,-32,1004,-437,116932,1150,16137,1082,-232,-157,-4,116911,-2012,15786,2940,-954,-48,-568,24,2
4507,116933,-10,0,0,0,0,0,116933,-644,-3985,-624,42,117,2,116954,1119,-15973,4557,22,1004,-424,116954,1168,16137,1089,-180,-157,-4,116933,-2012,15786,2940,-914,-48,-567,24,2
4508,116955,-10,0,0,0,0,0,116955,-651,-3985,-627,40,103,2,116976,1112,-15975,4557,22,855,-424,116976,1168,16137,1089,-180,-157,-52,116955,-2039,15786,2940,-914,-48,-567,24,2
4509,116977,-7,0,0,0,0,0,116977,-657,-3985,-630,38,84,3,116998,1112,-15977,4587,64,738,-322,116998,1202,16141,1089,-126,-32,-88,116977,-2059,15761,2962,-662,-15,-344,24,2
4510,116999,-7,0,0,0,0,0,116999,-657,-3985,-630,38,84,3,117020,1120,-15977,4594,66,738,-322,117020,1235,16144,1094,-126,-32,-88,116999,-2059,15761,2962,-634,-8,-341,24,2
4511,117021,-7,0,0,0,0,0,117021,-657,-3985,-630,37,73,3,117042,1120,-15978,4594,66,630,-322,117042,1235,16144,1094,-126,-32,-113,117021,-2092,15761,2962,-634,-8,-341,24,2
4512,117043,-5,0,0,0,0,0,117043,-654,-3986,-630,36,66,5,117064,1126,-15980,4600,98,548,-245,117064,1251,16147,1098,-117,-26,-127,117043,-2098,15764,2978,-424,83,-143,24,2
4513,117065,-5,0,0,0,0,0,117065,-654,-3986,-630,36,66,6,117086,1132,-15980,4600,99,548,-238,117086,1251,16147,1098,-117,-26,-127,117065,-2098,15764,2978,-424,83,-143,24,2
4514,117087,-5,0,0,0,0,0,117087,-657,-3987,-630,35,63,6,117108,1132,-15982,4600,99,487,-238,117108,1251,16147,1098,-117,-26,-136,117087,-2110,15764,2978,-424,83,-143,24,2
4515,117109,-3,0,0,0,0,0,117109,-659,-3990,-627,33,61,10,117130,1136,-15982,4610,109,487,-175,117130,1263,16155,1097,-100,-22,-142,117109,-2119,15773,3006,-252,110,-28,24,2
4516,117131,-3,0,0,0,0,0,117131,-659,-3990,-627,33,61,10,117152,1141,-15982,4610,109,502,-175,117152,1290,16174,1097,-94,-9,-142,117131,-2119,15773,3006,-218,134,-28,24,2
4517,117153,-3,0,0,0,0,0,117153,-659,-3992,-627,33,59,10,117174,1141,-15983,4610,109,502,-175,117174,1290,16174,1097,-94,-9,-157,117153,-2126,15773,2997,-218,134,-28,24,2
4518,117175,-2,0,0,0,0,0,117175,-652,-3997,-626,34,54,11,117196,1251,-15983,4616,118,452,-128,117196,1289,16186,1098,-59,31,-175,117175,-2126,15785,2990,-18,315,74,24,2
4519,117197,-2,0,0,0,0,0,117197,-652,-3997,-626,34,54,11,117218,1267,-16010,4616,119,452,-128,117218,1289,16186,1122,-56,43,-175,117197,-2120,15785,2990,-18,337,85,24,2
4520,117219,-2,0,0,0,0,0,117219,-652,-3997,-626,34,50,11,117240,1267,-16011,4616,119,405,-128,117240,1278,16181,1122,-56,43,-195,117219,-2120,15785,2982,-18,337,85,24,2
4521,117241,-1,0,0,0,0,0,117241,-660,-3996,-625,34,47,15,117262,1262,-16028,4621,188,323,-70,117262,1270,16181,1141,-30,83,-210,117241,-2099,15794,2959,101,401,167,24,2
4522,117263,-1,0,0,0,0,0,117263,-660,-3993,-625,34,47,15,117284,1262,-16028,4621,188,323,-63,117284,1268,16182,1141,-30,97,-210,117263,-2086,15794,2959,101,401,167,24,2
4523,117285,-1,0,0,0,0,0,117285,-669,-3993,-626,34,45,15,117306,1252,-16028,4613,188,282,-63,117306,1268,16182,1141,-30,97,-210,117285,-2086,15794,2940,101,401,167,24,2
4524,117307,0,0,0,0,0,0,117307,-676,-3990,-627,33,32,13,117328,1212,-16019,4607,190,268,-8,117328,1268,16182,1141,-36,138,-186,117307,-2055,15795,2899,99,417,216,24,2
4525,117329,0,0,0,0,0,0,117329,-676,-3990,-627,33,32,13,117350,1212,-16019,4607,190,268,-3,117350,1268,16183,1141,-36,138,-186,117329,-2055,15801,2899,99,417,216,24,2
4526,117351,0,0,0,0,0,0,117351,-678,-3990,-631,33,22,11,117372,1177,-16019,4607,190,257,-3,117372,1268,16183,1141,-40,138,-186,117351,-2055,15801,2868,97,415,216,24,2
4527,117373,0,0,0,0,0,0,117373,-678,-3988,-636,32,14,11,117394,1142,-16012,4624,208,228,32,117394,1279,16188,1141,-43,137,-202,117373,-2033,15825,2845,97,381,246,24,2
4528,117395,0,0,0,0,0,0,117395,-672,-3988,-636,32,14,12,117416,1142,-16012,4624,208,228,32,117416,1279,16188,1141,-43,137,-202,117395,-2033,15825,2845,112,381,246,24,2
4529,117417,0,0,0,0,0,0,117417,-672,-3989,-639,32,11,12,117438,1116,-16012,4624,208,206,32,117438,1266,16188,1127,-45,75,-214,117417,-2033,15825,2815,112,355,246,24,2
4530,117439,0,0,0,0,0,0,117439,-664,-3989,-640,31,11,13,117460,1097,-16005,4605,216,206,32,117460,1209,16175,1127,-47,29,-217,117439,-2008,15834,2777,80,312,248,24,2
4531,117461,0,0,0,0,0,0,117461,-664,-3987,-640,31,16,13,117482,1097,-16002,4605,216,231,32,117482,1209,16175,1139,-47,29,-217,117461,-1978,15834,2777,80,312,248,24,2
4532,117483,0,0,0,0,0,0,117483,-677,-3987,-640,31,16,11,117504,1082,-16002,4590,211,231,26,117504,1165,16162,1140,-48,29,-217,117483,-1978,15834,2748,42,229,228,24,2
4533,117505,-1000,0,0,0,0,0,117505,-687,-3984,-639,34,19,10,117526,1071,-15978,4571,191,294,26,117526,1132,16151,1148,-49,46,-190,117505,-1947,15832,2714,-23,150,203,24,2
4534,117527,-1000,0,1000,0,0,0,117527,-687,-3980,-639,34,19,10,117548,1071,-15978,4571,191,294,27,117548,1132,16151,1150,-49,46,-167,117527,-1947,15832,2714,-23,150,203,24,2
4535,117549,-2000,-549,1000,-106,0,0,117549,-687,-3980,-639,34,19,9,117570,1053,-15978,4571,163,294,27,117570,1091,16144,1150,-64,46,-167,117549,-1947,15831,2688,-94,91,169,24,2
4536,117571,-3000,-966,1873,-189,150,6,117571,-678,-3968,-637,35,21,9,117592,997,-15960,4594,154,366,36,117592,1060,16144,1156,-194,-345,-39,117571,-1925,15818,2669,-375,-9,45,24,2
4537,117593,-3000,-966,1875,-189,150,6,117593,-674,-3968,-637,35,23,9,117614,997,-15960,4594,149,366,37,117614,1060,16145,1175,-194,-345,-27,117593,-1925,15818,2669,-375,-9,45,24,2
4538,117615,-4000,-1286,1875,-302,150,-27,117615,-674,-3968,-637,34,23,9,117636,955,-15978,4594,147,366,37,117636,1060,16145,1175,-291,-747,-27,117615,-1925,15818,2669,-589,-9,-98,24,2
4539,117637,-5000,-1578,2551,-486,263,-52,117637,-650,-3967,-636,29,28,12,117658,955,-16006,4614,147,447,44,117658,1208,16169,1184,-324,-1071,5,117637,-1942,15796,2821,-746,43,-285,24,2
4540,117659,-5000,-1578,2551,-486,277,-52,117659,-650,-3967,-631,29,36,14,117680,995,-16006,4614,302,447,44,117680,1228,16169,1191,-324,-1071,5,117659,-1942,15796,2842,-746,43,-285,24,2
4541,117681,-6000,-1731,2551,-632,277,-92,117681,-650,-3986,-631,19,36,14,117702,995,-16123,4551,302,447,-6,117702,1228,16169,1191,-324,-1259,-119,117681,-1955,15796,2842,-746,43,-426,24,2
4542,117703,-7000,-1843,2930,-755,457,-117,117703,-641,-4025,-616,11,76,24,117724,1131,-16227,4454,342,507,-416,117724,1354,16164,1191,-295,-1348,-427,117703,-2171,15809,2963,-606,-99,-426,24,2
4543,117725,-7000,-1843,2930,-755,469,-117,117725,-641,-4025,-616,11,76,24,117746,1131,-16227,4454,342,559,-416,117746,1354,16164,1146,-295,-1348,-427,117725,-2171,15809,2963,-461,-99,-361,24,2
4544,117747,-8000,-1843,2930,-937,469,-135,117747,-641,-4043,-616,11,76,24,117768,1131,-16300,4373,24,559,-949,117768,1354,16164,1146,-295,-1409,-720,117747,-2333,15809,2939,-461,-206,-361,24,2
4545,117769,-9000,-1842,3214,-1097,479,-193,117769,-640,-4057,-593,49,86,-17,117790,1298,-16300,4312,-660,934,-1453,117790,1395,16230,1124,-422,-1452,-1309,117769,-2365,15818,2921,-106,-221,24,24,2
4546,117791,-9000,-1842,3214,-1097,479,-193,117791,-638,-4057,-593,71,86,-17,117812,1298,-16252,4312,-660,934,-1453,117812,1395,16230,1112,-422,-1452,-1309,117791,-2365,15818,2921,-106,-221,148,24,2
4547,117813,-10000,-1870,3214,-1203,479,-203,117813,-638,-4067,-593,71,86,-60,117834,1298,-16252,4192,-1307,934,-1839,117834,1395,16230,1108,-579,-1452,-2000,117813,-2365,15818,2921,-106,-221,148,24,2
4548,117835,-11000,-1891,3367,-1203,465,-244,117835,-635,-4084,-558,131,47,-127,117856,1534,-16145,4078,-1851,963,-2339,117856,1326,16279,1021,-743,-1059,-2873,117835,-2308,15843,2960,162,-149,840,24,2
4549,117857,-11000,-1891,3367,-1133,465,-244,117857,-578,-4084,-558,150,47,-127,117878,1561,-16106,4078,-1851,963,-2339,117878,1326,16286,997,-743,-629,-2873,117857,-2254,15843,2960,178,-149,994,24,2
4550,117879,-11000,-1918,3367,-1133,379,-288,117879,-578,-4084,-558,150,18,-197,117900,1561,-16106,3853,-2264,854,-2904,117900,1274,16286,955,-967,-629,-3745,117879,-2254,15843,2960,178,-411,994,24,2
4551,117901,-10000,-1941,3224,-1191,26,-410,117901,-506,-4035,-532,279,-3,-309,117922,1790,-15888,3511,-2817,464,-3808,117922,1235,16345,951,-1328,313,-4836,117901,-2197,15884,2859,396,-915,1899,24,2
4552,117923,-10000,-1941,3224,-1191,26,-410,117923,-506,-4035,-503,292,-3,-309,117944,1840,-15883,3511,-2817,464,-3808,117944,1235,16359,951,-1328,313,-4836,117923,-2197,15922,2859,449,-915,2189,24,2
4553,117945,-10000,-1955,3108,-1351,-383,-502,117945,-506,-4035,-503,292,-3,-433,117966,1840,-15883,3106,-3633,-343,-4718,117966,716,16359,951,-1634,313,-5654,117945,-2197,15922,2783,449,-1134,2189,24,2
4554,117967,-9000,-1955,2952,-1471,-1043,-502,117967,-452,-4028,-363,427,22,-572,117988,2104,-15716,2611,-4290,-1306,-6239,117988,327,16561,1129,-2048,233,-6268,117967,-2154,16113,2783,665,-1294,3940,24,2
4555,117989,-9000,-1912,2952,-1471,-1043,-450,117989,-452,-4028,-363,438,22,-572,118010,2104,-15708,2611,-4290,-1306,-6239,118010,327,16593,1213,-2048,233,-6268,117989,-1973,16113,2826,676,-1294,4115,24,2
4556,118011,-9000,-1912,2833,-1471,-1545,-450,118011,-452,-4028,-363,438,22,-676,118032,2104,-15708,2240,-5164,-1313,-7405,118032,-263,16593,1213,-2469,184,-6728,118011,-1973,16113,2826,676,-1414,4115,24,2
4557,118033,-8000,-1682,2616,-1355,-2205,-37,118033,-383,-3966,-258,617,6,-789,118054,2292,-15583,2097,-7164,-1313,-8665,118054,-631,17102,1326,-2810,184,-7636,118033,-1415,16405,2706,952,-1653,5559,24,2
4558,118055,-8000,-1491,2616,-1309,-2205,-37,118055,-383,-3966,-258,625,6,-789,118076,2292,-15370,2097,-7164,-519,-8665,118076,-631,17102,1326,-2810,256,-7636,118055,-1415,16569,2706,975,-1653,5559,24,2
4559,118077,-8000,-1491,2454,-1309,-2955,-37,118077,-383,-3966,-258,625,-17,-875,118098,2292,-15370,1989,-8471,-519,-9953,118098,-982,17102,1326,-3041,256,-8428,118077,-1415,16569,2505,975,-1833,5559,24,2
4560,118099,-7000,-1175,2369,-1030,-3517,-161,118099,-299,-3938,-91,847,-35,-1115,118120,2817,-14807,1742,-9238,-266,-10919,118120,-1903,16598,1411,-3239,303,-9136,118099,-904,16794,2276,1468,-1833,7033,24,2
4561,118121,-7000,-1175,2369,-914,-3517,-161,118121,-250,-3938,-91,864,-35,-1115,118142,3006,-14807,1742,-9238,-266,-10919,118142,-1903,16598,1544,-3239,310,-9136,118121,-904,16794,2276,1468,-992,7033,24,2
4562,118143,-7000,-1301,2369,-914,-3583,-259,118143,-250,-3938,-91,864,-51,-1295,118164,3006,-14807,1304,-9813,-266,-11121,118164,-2817,15598,1544,-3387,310,-9404,118143,-904,15853,2105,1468,-992,7033,24,2
4563,118165,-6000,-1638,2507,-864,-3583,-334,118165,-102,-3645,43,1059,-71,-1416,118186,3774,-14512,976,-9876,-1445,-11270,118186,-3791,14598,2507,-3685,326,-9404,118165,96,15046,1976,1494,10,7968,24,2
4564,118187,-6000,-1638,2507,-864,-3395,-334,118187,-70,-3570,116,1059,-78,-1416,118208,3774,-14512,976,-9876,-1445,-11270,118208,-3791,14598,2507,-3685,326,-9383,118187,96,15046,1976,1494,10,7968,24,2
4565,118209,-6000,-2060,2428,-869,-3395,-334,118209,-70,-3570,116,1059,-78,-1416,118230,3774,-14512,524,-9923,-1445,-11270,118230,-4791,13598,2507,-3909,326,-9383,118209,96,14441,1880,1230,10,7968,24,2
4566,118231,-5000,-2377,2225,-872,-2854,-278,118231,217,-3517,314,1189,-78,-1335,118252,4564,-14291,-250,-9923,-921,-11003,118252,-5791,12839,2680,-4077,338,-8851,118231,1096,13987,1708,596,49,7921,24,2
4567,118253,-5000,-2377,2225,-872,-2854,-132,118253,264,-3517,345,1189,-60,-1327,118274,4774,-14291,-250,-9723,-921,-10911,118274,-5791,12839,2680,-4077,423,-8647,118253,1096,13987,1708,596,49,7921,24,2
4568,118275,-5000,-2377,2002,-872,-2854,-132,118275,264,-3517,345,1189,-60,-1327,118296,4774,-14291,-1194,-9723,-921,-10911,118296,-6178,12839,2680,-4238,423,-8647,118275,1096,13987,1429,117,-253,7692,24,2
4569,118297,-6000,-2089,1820,-773,-2449,164,118297,518,-3478,594,1165,-43,-1231,118318,5774,-14070,-2047,-9322,-712,-10395,118318,-6468,13143,3352,-4707,911,-7774,118297,2096,14397,1429,-238,-486,7193,24,2
4570,118319,-6000,-2089,1820,-723,-2346,164,118319,546,-3433,675,1165,-43,-1208,118340,5774,-14070,-2047,-9322,-712,-10346,118340,-6468,13381,3352,-4707,926,-7770,118319,2096,14397,1460,-238,-486,7193,24,2
4571,118341,-7000,-2089,1684,-723,-2346,122,118341,546,-3433,675,1145,-43,-1208,118362,5774,-14070,-2765,-9322,-1006,-10346,118362,-6686,13381,3352,-5058,926,-7770,118341,2096,14397,1460,-335,-486,6819,24,2
4572,118363,-8000,-2068,1414,-518,-1885,-102,118363,818,-3370,941,1130,-82,-1114,118384,6774,-14064,-3304,-9282,-1227,-9558,118384,-7066,14086,3631,-5091,1525,-6984,118363,3096,14050,1825,-408,-418,6448,24,2
4573,118385,-8000,-2068,1414,-323,-1885,-102,118385,853,-3370,941,1130,-82,-1114,118406,6774,-14064,-3304,-9282,-1227,-9558,118406,-7066,14086,3631,-5091,1525,-6869,118385,3096,14050,1936,-408,-418,6448,24,2
4574,118407,-9000,-2308,1167,-323,-1885,-243,118407,853,-3370,941,1119,-112,-1114,118428,6774,-14064,-3709,-9282,-1227,-9558,118428,-7562,13460,3631,-5091,1525,-6869,118407,3096,13623,1936,-495,-418,6170,24,2
4575,118429,-10000,-2488,937,-235,-1742,-243,118429,1270,-3256,1243,1109,-114,-1034,118450,7774,-13712,-4314,-9054,-989,-8789,118450,-7954,12991,4211,-4983,2106,-5981,118429,4096,13470,1805,-561,-401,5544,24,2
4576,118451,-10000,-2488,937,-235,-1742,-212,118451,1270,-3138,1243,1109,-114,-996,118472,7774,-13712,-4314,-8793,-826,-8789,118472,-7954,12991,4251,-4810,2130,-5932,118451,4096,13470,1805,-561,-401,5544,24,2
4577,118473,-11000,-2623,764,-235,-1742,-212,118473,1270,-3138,1243,1044,-114,-996,118494,7774,-13712,-5034,-8793,-826,-8789,118494,-8248,12991,4251,-4810,2130,-5932,118473,4096,13470,1706,-561,-905,4915,24,2
4578,118495,-11940,-2623,384,-300,-1735,-86,118495,1584,-2978,1530,941,-77,-882,118516,8774,-13408,-5774,-8196,-998,-8001,118516,-8469,13503,4540,-4092,2441,-5267,118495,5096,13714,1693,-295,-1388,4429,24,2
4579,118517,-11940,-2560,384,-300,-1635,-86,118517,1625,-2978,1541,941,-68,-865,118538,8774,-13408,-5774,-8196,-998,-7925,118538,-8469,13503,4540,-3575,2441,-5267,118517,5096,13714,1693,-216,-1388,4429,24,2
4580,118539,-12645,-2560,95,-300,-1635,-86,118539,1625,-2978,1541,856,-68,-865,118560,8774,-13408,-6774,-8196,-1127,-7925,118560,-8681,13112,4540,-3575,2441,-5267,118539,5096,13714,1683,-216,-1673,4051,24,2
4581,118561,-13087,-2531,-144,-274,-1493,-34,118561,1891,-2858,1793,761,-69,-784,118582,9611,-12408,-7774,-7901,-1127,-7277,118582,-8992,12819,4732,-2666,2406,-4768,118561,5973,13427,1441,49,-1693,3504,24,2
4582,118583,-13087,-2531,-144,-248,-1464,-34,118583,1901,-2858,1825,761,-69,-784,118604,9611,-12408,-7774,-7901,-1043,-7277,118604,-8992,12819,4732,-2666,2406,-4743,118583,6012,13427,1441,49,-1693,3504,24,2
4583,118605,-13087,-2601,-358,-248,-1464,-34,118605,1901,-2858,1825,680,-70,-784,118626,9611,-12408,-8774,-7901,-1043,-7277,118626,-9239,12728,4732,-2666,2380,-4743,118605,6012,13212,1205,49,-1708,3089,24,2
4584,118627,-12900,-2653,-519,-127,-795,109,118627,2165,-2792,2095,609,-70,-715,118648,10239,-11408,-9774,-7268,-825,-6547,118648,-9424,12687,4977,-1984,2361,-4347,118627,6775,13118,1028,-10,-1913,2711,24,2
4585,118649,-12822,-2653,-519,-127,-386,109,118649,2165,-2792,2116,609,-43,-715,118670,10447,-11408,-9774,-7262,-825,-6473,118670,-9424,12687,4977,-1669,2361,-4309,118649,6775,13118,1028,-10,-1913,2711,24,2
4586,118671,-12822,-2653,-574,-127,-386,109,118671,2165,-2792,2116,534,-43,-715,118692,10447,-11408,-10774,-7262,-825,-6473,118692,-9479,12629,4977,-1669,2346,-4309,118671,6775,13047,1028,-124,-1913,2369,24,2
4587,118693,-12522,-2624,-770,-178,422,121,118693,2385,-2751,2360,468,-23,-654,118714,11136,-10529,-11774,-6789,-661,-5802,118714,-9762,12562,5375,-921,1846,-3983,118693,7347,12740,1231,-376,-1652,2028,24,2
4588,118715,-12522,-2624,-770,-178,422,121,118715,2386,-2751,2360,468,-23,-654,118736,11423,-10529,-11774,-6782,-610,-5777,118736,-9762,12562,5375,-921,1846,-3916,118715,7347,12740,1353,-376,-1638,2028,24,2
4589,118737,-12522,-2651,-917,-223,422,121,118737,2386,-2751,2360,407,-23,-654,118758,11423,-10529,-12651,-6782,-610,-5777,118758,-10095,12550,5375,-921,1210,-3916,118737,7347,12510,1353,-637,-1638,1694,24,2
4590,118759,-12297,-2671,-1032,-296,425,211,118759,2592,-2720,2548,337,16,-584,118780,12423,-9751,-13351,-5420,-214,-4603,118780,-10371,12541,5566,-355,733,-3325,118759,7681,12510,1077,-832,-1521,1411,24,2
4591,118781,-12285,-2671,-1032,-296,425,232,118781,2600,-2720,2548,337,16,-562,118802,12423,-9751,-13351,-5068,-183,-4537,118802,-10371,12541,5566,-355,733,-3283,118781,7681,12668,1077,-832,-1521,1411,24,2
4592,118803,-12285,-2671,-1119,-430,402,232,118803,2600,-2720,2548,262,16,-562,118824,12423,-9751,-13911,-5068,-183,-4537,118824,-10519,12534,5566,-355,524,-3283,118803,7681,12668,870,-832,-1521,1163,24,2
4593,118825,-12107,-2544,-1187,-531,312,223,118825,2731,-2713,2698,155,42,-483,118846,13216,-9160,-14331,-3414,144,-3522,118846,-10630,12083,5655,213,66,-2650,118825,7906,13262,556,-586,-1489,906,24,2
4594,118847,-12107,-2544,-1187,-535,312,223,118847,2731,-2713,2698,155,42,-473,118868,13216,-9160,-14331,-3400,151,-3331,118868,-10630,12083,5655,213,66,-2439,118847,7906,13262,556,-498,-1489,906,24,2
4595,118869,-12107,-2544,-1292,-595,149,182,118869,2731,-2713,2698,88,42,-473,118890,13216,-9160,-14468,-3400,151,-3331,118890,-10726,11745,5428,213,66,-2439,118869,7906,13262,556,-498,-1489,744,24,2
4596,118891,-12040,-2486,-1390,-611,-125,116,118891,2754,-2708,2802,38,26,-341,118912,13724,-8725,-14567,-2065,395,-2110,118912,-10848,11745,5199,314,-96,-1540,118891,8212,13139,631,-189,-1269,575,24,2
4597,118913,-12040,-2486,-1390,-611,-125,116,118913,2754,-2703,2802,38,26,-321,118934,13724,-8717,-14567,-1994,402,-1872,118934,-10848,11896,5199,314,-96,-1481,118913,8212,13139,631,-189,-944,575,24,2
4598,118935,-12040,-2486,-1463,-611,-185,116,118935,2754,-2703,2802,0,13,-321,118956,13724,-8717,-14567,-1994,402,-1872,118956,-10890,11896,5027,314,-96,-1481,118935,8212,13139,631,-189,-944,449,24,2
4599,118957,-12065,-2462,-1618,-568,-230,122,118957,2839,-2696,2853,-87,-2,-179,118978,13920,-8473,-14490,-341,942,-690,118978,-10890,11957,5023,597,-217,-652,118957,8442,13375,687,7,-499,137,24,2
4600,118979,-12065,-2442,-1618,-568,-230,122,118979,2839,-2682,2853,-87,-2,-178,119000,13920,-8473,-14473,-270,942,-633,119000,-10776,11957,5023,597,-217,-508,118979,8442,13375,939,7,-499,137,24,2
4601,119001,-12086,-2442,-1618,-568,-243,122,119001,2839,-2682,2853,-158,-14,-178,119022,13920,-8473,-14473,-270,942,-633,119022,-10776,11726,5020,597,-389,-508,119001,8442,13375,939,7,-499,-126,24,2
4602,119023,-12510,-2431,-1601,-454,-243,79,119023,2798,-2654,2821,-212,-23,-37,119044,13665,-7950,-14149,1401,1383,598,119044,-10639,11553,5018,639,-656,209,119023,8502,13168,1170,174,188,-391,24,2
4603,119045,-12510,-2416,-1601,-454,-236,79,119045,2798,-2634,2821,-212,-23,-35,119066,13665,-7950,-14132,1457,1383,689,119066,-10639,11553,5016,639,-656,209,119045,8502,13168,1170,174,226,-391,24,2
4604,119067,-13155,-2416,-1601,-454,-236,58,119067,2767,-2634,2750,-264,-32,-35,119088,13473,-7950,-14132,1457,1383,689,119088,-10639,11553,5018,639,-1032,209,119067,8502,13106,1170,174,226,-612,24,2
4605,119089,-13769,-2432,-1528,-383,-157,42,119089,2741,-2602,2647,-313,-46,86,119110,13272,-7874,-13132,3133,1861,1740,119110,-10444,11712,5141,907,-1314,747,119089,8542,13106,1142,219,563,-884,24,2
4606,119111,-13769,-2432,-1516,-368,-4,42,119111,2741,-2602,2647,-313,-46,87,119132,13272,-7874,-13132,3133,1999,1740,119132,-10424,11712,5173,967,-1314,910,119111,8542,13267,1142,219,563,-884,24,2
4607,119133,-14253,-2432,-1516,-368,-4,30,119133,2722,-2602,2562,-351,-57,87,119154,13122,-7945,-13132,3133,1999,1740,119154,-10424,11521,5173,967,-1525,910,119133,8542,13267,1142,219,563,-1103,24,2
4608,119155,-14592,-2308,-1278,-247,686,-44,119155,2584,-2584,2420,-380,-67,199,119176,13001,-8945,-12132,4274,2315,2570,119176,-10250,11377,5289,1106,-1658,1456,119155,8541,13168,1191,158,816,-1325,24,2
4609,119177,-14592,-2290,-1278,-229,904,-44,119177,2584,-2584,2420,-380,-67,200,119198,13001,-8945,-12132,4274,2315,2785,119198,-10201,11377,5289,1106,-1658,1588,119177,8541,13168,1365,158,873,-1325,24,2
4610,119199,-14736,-2290,-1278,-229,904,-111,119199,2481,-2584,2303,-424,-87,200,119220,12818,-9902,-12132,4274,2315,2785,119220,-10201,11377,5097,1106,-1658,1588,119199,8540,13094,1365,75,873,-1562,24,2
4611,119221,-14844,-2257,-1077,-20,1714,-161,119221,2470,-2697,2202,-500,-135,319,119242,12571,-10902,-11132,5112,2452,3667,119242,-9957,12069,4780,1210,-1392,2384,119221,8540,13094,1549,-134,1193,-1912,24,2
4612,119243,-14844,-2257,-1031,61,1714,-161,119243,2470,-2697,2202,-500,-135,330,119264,12571,-10902,-11132,5130,2452,3692,119264,-9947,12093,4780,1462,-1377,2442,119243,8540,13172,1549,-134,1193,-1912,24,2
4613,119265,-15116,-2271,-1031,61,1714,-161,119265,2462,-2825,2101,-589,-171,330,119286,12274,-11902,-11132,5130,2452,3692,119286,-9947,12093,4523,1462,-1377,2442,119265,8520,13172,1299,-134,1193,-2323,24,2
4614,119287,-15129,-2312,-753,278,2068,-93,119287,2439,-2921,2001,-656,-171,448,119308,11914,-12716,-10132,5898,2440,4563,119308,-9757,12464,4258,1758,-1011,3258,119287,8304,13531,1102,-123,1373,-2842,24,2
4615,119309,-15129,-2312,-730,278,2068,-86,119309,2439,-2921,2001,-656,-164,456,119330,11914,-12716,-10132,5954,2440,4686,119330,-9728,12464,4258,1758,-1011,3372,119309,8304,13531,1102,-46,1373,-2842,24,2
4616,119331,-15129,-2360,-730,278,2068,-86,119331,2264,-2978,1888,-711,-164,456,119352,11539,-13307,-10132,5954,2390,4686,119352,-9728,12464,4059,1758,-1011,3372,119331,8215,13531,914,-46,1373,-3303,24,2
4617,119353,-14129,-2395,-363,398,2295,-65,119353,2102,-2995,1743,-752,-139,578,119374,11060,-13678,-9132,6572,2210,5555,119374,-9438,12222,3981,1980,-1901,4380,119353,8148,13318,813,13,1634,-3994,24,2
4618,119375,-14129,-2395,-352,398,2295,-65,119375,2102,-2995,1743,-752,-139,590,119396,11060,-13678,-9132,6573,2210,5631,119396,-9380,12222,3981,2039,-1901,4571,119375,8148,13318,813,13,1698,-3994,24,2
4619,119397,-14129,-2421,-352,398,2295,-65,119397,1968,-2995,1624,-783,-139,590,119418,10521,-13855,-9132,6573,2050,5631,119418,-9380,12040,3974,2039,-2236,4571,119397,7945,13158,813,13,1698,-4746,24,2
4620,119419,-13129,-2440,65,420,2783,-108,119419,1856,-2983,1489,-830,-140,717,119440,10010,-13989,-8132,7076,1930,6660,119440,-8720,12040,3917,2250,-2305,5622,119419,7571,13055,1112,-7,2099,-5671,24,2
4621,119441,-13129,-2440,65,420,2783,-108,119441,1856,-2983,1489,-830,-140,734,119462,10010,-13989,-8132,7078,1930,6663,119462,-8380,13040,3917,2250,-2305,5622,119441,7571,13055,1112,-7,2099,-5671,24,2
4622,119463,-13129,-2440,65,372,2783,-140,119463,1772,-3014,1388,-869,-144,734,119484,9627,-14189,-8132,7078,1840,6663,119484,-8380,13040,3821,2250,-2305,5622,119463,7159,13055,1112,-7,1764,-6365,24,2
4623,119485,-12129,-2435,412,333,2915,-174,119485,1675,-3314,1288,-907,-154,878,119506,9340,-14533,-7132,7990,1672,7145,119506,-7500,13669,3746,2621,-1704,6289,119485,6505,13544,1337,98,1513,-6800,24,2
4624,119507,-12129,-2414,412,333,2915,-174,119507,1675,-3314,1288,-907,-154,878,119528,9340,-14533,-7132,7990,1672,7145,119528,-7500,13669,3746,2621,-1704,6289,119507,6505,13544,1337,98,1513,-6800,24,2
4625,119529,-12129,-2414,412,304,2915,-199,119529,1603,-3539,1207,-927,-154,878,119550,8537,-14533,-7132,7990,1546,7145,119550,-7500,13669,3690,2621,-1927,6289,119529,5986,13544,1335,98,1513,-7126,24,2
4626,119551,-11129,-2394,1080,193,3245,-255,119551,1420,-3539,1102,-927,-146,962,119572,7905,-14407,-6132,7563,1332,7507,119572,-6840,14140,3450,2835,-2094,7117,119551,5597,14123,1215,-317,2143,-7682,24,2
4627,119573,-11129,-2394,1091,193,3458,-255,119573,1420,-3466,1102,-873,-146,962,119594,7905,-14407,-6132,7563,1332,7869,119594,-6634,14160,3450,2835,-2094,7117,119573,5597,14123,1215,-317,2294,-7682,24,2
4628,119595,-11129,-2394,1091,91,3458,-298,119595,1287,-3466,947,-873,-146,962,119616,7430,-14407,-6132,7217,1171,7869,119616,-6634,14160,3270,2835,-2094,7117,119595,5180,14123,1215,-657,2294,-8127,24,2
4629,119617,-10129,-2371,1667,-53,3821,-359,119617,1188,-3515,814,-793,-126,1071,119638,6912,-14125,-5132,6983,1031,8454,119638,-5715,14724,3158,2818,-1381,7399,119617,4335,14597,1244,-1038,2200,-8461,24,2
4630,119639,-10129,-2351,1691,-53,3821,-359,119639,1188,-3515,814,-793,-126,1106,119660,6912,-14125,-5132,6983,1031,8454,119660,-5634,14724,3158,2818,-811,7399,119639,4335,14597,1458,-1038,2200,-8461,24,2
4631,119661,-10129,-2351,1691,-168,3821,-359,119661,1113,-3553,714,-793,-126,1106,119682,6387,-14125,-5132,6782,926,8454,119682,-5634,14724,3107,2818,-811,7399,119661,3701,14597,1458,-1315,2124,-8571,24,2
4632,119683,-9129,-2260,2040,-254,4027,-357,119683,918,-3580,601,-766,-24,1183,119704,5716,-13913,-4132,6241,926,8502,119704,-4634,15039,3077,2934,621,7242,119683,2847,14960,1845,-1444,1466,-8648,24,2
4633,119705,-9129,-2162,2040,-254,4027,-328,119705,918,-3580,601,-766,20,1183,119726,5716,-13913,-4132,6241,1151,8502,119726,-4634,15039,3077,3000,621,7242,119705,2847,14960,1882,-1444,1466,-8648,24,2
4634,119727,-9129,-2162,2040,-254,3967,-328,119727,705,-3580,521,-766,20,1183,119748,4919,-14070,-4132,5835,1151,8494,119748,-4634,15039,3054,3000,621,7015,119727,2071,14960,1882,-1444,385,-8648,24,2
4635,119749,-8129,-1621,1530,-190,2975,-246,119749,509,-3557,443,-757,142,1190,119770,4263,-14576,-3132,5401,1346,7922,119770,-3772,15275,2642,3217,869,6788,119749,1417,15124,2200,-1213,-425,-8385,24,2
4636,119771,-8129,-1621,1530,-190,2975,-246,119771,509,-3557,443,-757,142,1190,119792,4263,-14576,-3132,5401,1378,7922,119792,-3634,15298,2642,3217,869,6788,119771,1417,15124,2200,-1213,-425,-8111,24,2
4637,119793,-8129,-1621,1147,-190,2231,-246,119793,358,-3635,403,-757,142,1164,119814,3737,-14884,-3132,5076,1378,7192,119814,-3634,15298,2333,3214,869,6581,119793,871,15124,2200,-1213,-904,-8111,24,2
4638,119815,-7129,-1215,860,-142,1673,-184,119815,120,-3694,298,-751,178,1066,119836,3108,-15115,-2132,4392,1615,6531,119836,-2847,15492,1911,2554,781,6426,119815,372,15251,2266,-1255,-1183,-7445,24,2
4639,119837,-7129,-1215,860,-142,1673,-184,119837,120,-3694,298,-751,178,1066,119858,3108,-15115,-2132,4392,1809,6531,119858,-2704,15492,1911,2554,781,6426,119837,372,15335,2266,-1255,-1183,-7391,24,2
4640,119859,-7129,-1215,645,-142,1254,-184,119859,-57,-3726,188,-751,178,981,119880,2621,-15116,-2132,3837,1809,6036,119880,-2704,15492,1645,2008,715,6308,119859,-2,15335,2266,-1371,-1294,-7391,24,2
4641,119881,-6129,-911,483,-106,940,-138,119881,-218,-3750,45,-724,139,883,119902,2255,-15117,-1132,3462,1509,5696,119902,-1739,15673,1445,1502,715,5956,119881,-420,15409,2364,-1589,-1588,-6782,24,2
4642,119903,-6129,-911,483,-106,940,-138,119903,-218,-3750,45,-724,139,883,119924,2255,-15117,-1132,3462,1509,5696,119924,-1704,15698,1445,1502,948,5956,119903,-420,15409,2413,-1589,-1588,-6780,24,2
4643,119925,-6129,-911,362,-106,705,-138,119925,-305,-3773,-88,-724,139,787,119946,2228,-15128,-1132,3185,252,5441,119946,-1704,15698,1438,1097,948,5526,119925,-786,15409,2413,-1752,-1629,-6780,24,2
4644,119947,-5129,-683,271,-79,528,-103,119947,-360,-3834,-195,-680,167,704,119968,2219,-16128,-132,2977,-690,4657,119968,-726,15819,1433,625,1010,4554,119947,-1439,15462,2530,-1752,-1660,-6087,24,2
4645,119969,-5129,-683,271,-79,528,-103,119969,-360,-3834,-195,-680,170,704,119990,2219,-16128,-132,2977,-690,4657,119990,-704,15852,1433,625,1010,4554,119969,-1439,15462,2764,-1749,-1660,-5657,24,2
4646,119991,-5129,-683,203,-79,396,-103,119991,-401,-3888,-268,-680,170,635,120012,2212,-17128,-132,2105,-753,3246,120012,-704,15852,1429,271,894,3600,119991,-1929,15462,2764,-1749,-1660,-5657,24,2
4647,120013,-4129,-512,152,-59,297,-77,120013,-573,-3929,-352,-581,193,509,120034,1555,-17128,718,1382,-753,1996,120034,-82,15846,1429,76,526,2526,120013,-2025,15548,2880,-1289,-972,-4023,24,2
4648,120035,-4129,-512,152,-59,297,-77,120035,-573,-3929,-352,-573,193,509,120056,1555,-16910,725,1382,-296,1996,120056,-82,15846,1473,76,526,2526,120035,-2025,15548,2880,-1241,-972,-4023,24,2
4649,120057,-4129,-512,114,-59,222,-77,120057,-702,-3929,-415,-573,186,351,120078,1062,-16910,725,840,-296,1394,120078,-82,15846,1473,-40,337,1720,120057,-2025,15548,2880,-1241,-972,-4023,24,2
4650,120079,-3129,-384,85,-44,166,-57,120079,-795,-3910,-495,-389,55,207,120100,1021,-16650,1630,530,187,986,120100,343,15866,1506,-154,260,1158,120079,-1976,15573,2946,-860,-723,-2962,24,2
4651,120101,-3129,-384,85,-44,166,-57,120101,-795,-3910,-495,-389,55,207,120122,1021,-16650,1630,530,187,986,120122,343,15866,1506,-154,260,1158,120101,-1976,15573,2946,-860,-723,-2962,24,2
4652,120123,-3129,-384,63,-44,124,-57,120123,-795,-3910,-529,-389,-43,110,120144,1021,-16650,1630,394,187,868,120144,343,15866,1487,-181,254,755,120123,-1988,15573,2946,-860,-723,-2962,24,2
4653,120145,-2346,-288,47,-33,93,-42,120145,-683,-3934,-554,-293,-69,54,120166,1291,-16483,2303,392,205,780,120166,684,15928,1458,-201,249,508,120145,-2060,15597,2968,-649,-568,-2267,24,2
4654,120167,-2346,-288,47,-33,93,-42,120167,-683,-3934,-554,-293,-69,54,120188,1291,-16483,2303,392,205,780,120188,698,15928,1458,-201,249,508,120167,-2060,15612,2968,-649,-568,-2267,24,2
4655,120189,-2346,-288,35,-33,69,-42,120189,-683,-3952,-571,-293,-69,38,120210,1291,-17483,2303,392,-258,714,120210,698,15928,1434,-201,233,323,120189,-2213,15612,2968,-649,-568,-2267,24,2
4656,120211,-1759,-216,26,-24,51,-31,120211,-652,-3972,-584,-224,-32,36,120232,1071,-18483,2641,434,-315,602,120232,999,15985,1434,-193,176,141,120211,-2327,15642,3005,-491,-378,-1697,24,2
4657,120233,-1759,-216,26,-24,51,-31,120233,-652,-3972,-584,-224,-18,36,120254,1071,-18483,2641,434,-315,602,120254,999,15985,1452,-193,176,141,120233,-2327,15642,3029,-484,-378,-1626,24,2
4658,120255,-1759,-216,19,-24,38,-31,120255,-677,-3978,-593,-224,-18,35,120276,906,-18483,2641,391,-315,400,120276,999,15985,1452,-193,164,-16,120255,-2327,15642,3029,-484,-378,-1626,24,2
4659,120277,-1319,-162,14,-18,28,-23,120277,-723,-3991,-593,-170,53,30,120298,814,-17922,2952,344,147,83,120298,1170,16012,1412,-104,164,-137,120277,-2286,15661,3080,-332,-344,-1146,24,2
4660,120299,-1319,-162,14,-18,28,-23,120299,-723,-3991,-592,-169,53,30,120320,814,-17902,2952,344,248,83,120320,1170,16012,1412,-104,223,-137,120299,-2286,15661,3080,-332,-344,-1143,24,2
4661,120321,-1319,-162,10,-18,21,-23,120321,-748,-3994,-592,-169,53,14,120342,814,-17902,2952,309,248,-154,120342,1170,16012,1382,-104,223,-242,120321,-2286,15661,3080,-332,-344,-1143,24,2
4662,120343,-989,-121,7,-13,15,-17,120343,-748,-3995,-592,-122,31,-4,120364,1000,-17456,3186,289,480,-218,120364,1298,16033,1359,-56,238,-341,120343,-2269,15688,3071,-237,-319,-781,24,2
4663,120365,-989,-121,7,-13,15,-17,120365,-733,-3995,-592,-121,31,-4,120386,1000,-17426,3253,289,480,-218,120386,1298,16049,1359,-56,238,-341,120365,-2269,15688,3071,-237,-295,-781,24,2
4664,120387,-989,-121,5,-13,11,-17,120387,-733,-3995,-604,-121,14,-16,120408,1000,-17426,3253,289,425,-218,120408,1298,16049,1359,-56,226,-394,120387,-2269,15688,3071,-237,-295,-781,24,2
4665,120409,-741,-90,3,-9,8,-12,120409,-688,-3987,-617,-76,14,-19,120430,1054,-17115,3478,352,315,-126,120430,1343,16091,1362,16,216,-394,120409,-2239,15706,3075,-168,-302,-518,24,2
4666,120431,-741,-90,3,-9,8,-12,120431,-688,-3986,-617,-76,21,-19,120452,1054,-17115,3478,458,315,-126,120452,1343,16091,1373,16,216,-376,120431,-2239,15706,3105,-168,-302,-518,24,2
4667,120453,-741,-90,2,-9,6,-12,120453,-688,-3986,-624,-76,21,-19,120474,986,-17115,3478,458,306,-126,120474,1343,16091,1373,16,209,-376,120453,-2239,15706,3105,-168,-326,-518,24,2
4668,120475,-555,-67,1,-6,4,-9,120475,-716,-3984,-624,-60,58,-5,120496,898,-16882,3607,348,306,-94,120496,1407,16111,1345,73,204,-343,120475,-2229,15721,3102,-116,-378,-287,24,2
4669,120497,-555,-67,1,-6,4,-9,120497,-716,-3984,-616,-60,58,-2,120518,898,-16875,3607,348,546,-94,120518,1408,16111,1328,73,204,-343,120497,-2229,15721,3102,-116,-378,-287,24,2
4670,120519,-555,-67,0,-6,3,-9,120519,-737,-3995,-616,-60,58,-2,120540,898,-16875,3607,265,546,-126,120540,1408,16111,1307,73,196,-347,120519,-2229,15721,3100,-116,-396,-287,24,2
4671,120541,-416,-50,0,-4,2,-6,120541,-737,-4003,-611,-48,66,3,120562,985,-16655,3805,173,715,-150,120562,1470,16148,1296,76,186,-369,120541,-2197,15742,3099,-77,-396,-106,24,2
4672,120563,-416,-50,0,-4,2,-6,120563,-735,-4003,-611,-40,66,3,120584,985,-16639,3805,173,715,-150,120584,1470,16148,1295,76,186,-369,120563,-2197,15742,3099,-77,-358,-106,24,2
4673,120585,-416,-50,0,-4,1,-6,120585,-735,-4003,-620,-40,65,3,120606,985,-16639,3805,173,715,-150,120606,1470,16148,1292,75,186,-386,120585,-2197,15742,3099,-77,-358,-106,24,2
4674,120607,-312,-37,0,-3,0,-4,120607,-732,-4003,-627,-16,64,3,120628,1030,-16447,3926,178,678,-103,120628,1420,16179,1289,69,187,-387,120607,-2191,15762,3125,16,-264,23,24,2
4675,120629,-312,-37,0,-3,0,-4,120629,-730,-3998,-627,-14,64,3,120650,1030,-16447,3926,178,678,-42,120650,1420,16179,1289,69,188,-387,120629,-2191,15762,3125,32,-242,23,24,2
4676,120651,-312,-37,0,-3,0,-4,120651,-730,-3998,-630,-14,64,3,120672,1030,-16447,3926,178,511,-42,120672,1383,16179,1249,61,188,-387,120651,-2191,15762,3125,32,-242,23,24,2
4677,120673,-234,-27,0,-2,0,-3,120673,-731,-3990,-630,0,70,9,120694,999,-16375,4017,149,386,38,120694,1355,16173,1219,19,206,-370,120673,-2131,15774,3086,162,-133,113,24,2
4678,120695,-234,-27,0,-2,0,-3,120695,-731,-3984,-629,0,70,9,120716,999,-16375,4018,149,386,38,120716,1355,16173,1219,19,206,-325,120695,-2127,15774,3086,162,-133,113,24,2
4679,120717,-234,-27,0,-2,0,-3,120717,-740,-3983,-629,0,70,9,120738,977,-16375,4018,98,386,-72,120738,1355,16168,1187,-11,206,-325,120717,-2127,15774,3057,162,-133,113,24,2
4680,120739,-175,-20,0,-1,0,-2,120739,-761,-3980,-628,5,66,11,120760,977,-16301,4115,59,389,-72,120760,1357,16168,1186,-34,215,-263,120739,-2083,15784,2973,165,-232,88,24,2
4681,120761,-175,-20,0,-1,0,-2,120761,-761,-3979,-628,5,66,11,120782,986,-16277,4115,59,594,-51,120782,1357,16175,1186,-34,215,-261,120761,-2083,15784,2973,165,-232,88,24,2
4682,120783,-175,-20,0,-1,0,-2,120783,-762,-3979,-633,5,60,11,120804,986,-16277,4115,59,594,-51,120804,1357,16175,1186,-51,215,-261,120783,-2083,15784,2900,149,-306,69,24,2
4683,120805,-131,-15,0,0,0,-1,120805,-762,-3976,-637,7,43,8,120826,1033,-16203,4148,94,387,-26,120826,1359,16178,1191,-75,202,-215,120805,-2080,15781,2846,118,-306,69,24,2
4684,120827,-131,-15,0,0,0,-1,120827,-749,-3976,-637,7,43,8,120848,1033,-16203,4148,141,387,-25,120848,1359,16178,1197,-75,202,-215,120827,-2080,15781,2846,118,-238,71,24,2
4685,120849,-131,-15,0,0,0,-1,120849,-749,-3976,-640,7,31,5,120870,1033,-16203,4148,141,232,-25,120870,1359,16178,1197,-105,197,-215,120849,-2080,15778,2826,80,-238,71,24,2
4686,120871,-98,-11,0,0,0,0,120871,-746,-3970,-645,14,24,-1,120892,999,-16184,4170,202,202,-6,120892,1361,16180,1205,-127,194,-176,120871,-2062,15778,2814,41,-167,94,24,2
4687,120893,-98,-11,0,0,0,0,120893,-746,-3970,-645,16,24,-1,120914,999,-16184,4170,202,202,-6,120914,1361,16180,1205,-127,194,-176,120893,-2053,15784,2814,41,-167,94,24,2
4688,120915,-98,-11,0,0,0,0,120915,-746,-3970,-652,16,20,-6,120936,974,-16184,4170,202,202,-34,120936,1361,16180,1205,-137,191,-176,120915,-2053,15784,2814,12,-167,94,24,2
4689,120937,-73,-8,0,0,0,0,120937,-743,-3967,-657,21,20,-6,120958,974,-16171,4186,183,209,-55,120958,1350,16178,1222,-145,191,-98,120937,-2032,15792,2819,-11,-161,90,24,2
4690,120959,-73,-8,0,0,0,0,120959,-735,-3967,-657,21,20,-1,120980,1002,-16171,4186,183,209,-55,120980,1350,16178,1222,-145,215,-98,120959,-2032,15792,2820,-11,-161,90,24,2
4691,120981,-73,-8,0,0,0,0,120981,-735,-3967,-661,20,20,-1,121002,1002,-16171,4186,165,209,-55,121002,1350,16178,1222,-150,215,-98,120981,-2032,15792,2820,-29,-161,83,24,2
4692,121003,-54,-6,0,0,0,0,121003,-721,-3972,-664,20,26,0,121024,1023,-16151,4193,155,230,-25,121024,1369,16196,1235,-171,200,-92,121003,-2031,15793,2825,-52,-159,63,24,2
4693,121025,-54,-6,0,0,0,0,121025,-721,-3972,-664,22,26,0,121046,1023,-16148,4193,155,230,-16,121046,1369,16196,1240,-171,200,-92,121025,-2031,15793,2825,-52,-159,63,24,2
4694,121047,-54,-6,0,0,0,0,121047,-721,-3976,-667,22,26,-1,121068,1023,-16148,4193,147,230,-16,121068,1369,16196,1240,-183,189,-92,121047,-2031,15793,2821,-88,-159,35,24,2
4695,121069,-40,-4,0,0,0,0,121069,-722,-3976,-675,27,29,-7,121090,1061,-16173,4227,71,288,3,121090,1373,16198,1270,-192,185,-88,121069,-2040,15795,2821,-122,-175,14,24,2
4696,121091,-40,-4,0,0,0,0,121091,-722,-3972,-675,31,29,-7,121112,1061,-16173,4227,71,288,3,121112,1373,16198,1270,-192,185,-61,121091,-2040,15795,2821,-122,-175,14,24,2
4697,121113,-40,-4,0,0,0,0,121113,-723,-3972,-676,31,29,-11,121134,1061,-16191,4210,52,288,-62,121134,1373,16198,1270,-192,182,-61,121113,-2051,15795,2821,-164,-226,14,24,2
4698,121135,-30,-3,0,0,0,0,121135,-723,-3970,-676,38,31,-13,121156,1084,-16191,4210,0,332,-155,121156,1376,16199,1286,-192,164,-28,121135,-2059,15797,2825,-242,-275,19,24,2
4699,121157,-30,-3,0,0,0,0,121157,-712,-3970,-675,38,31,-13,121178,1084,-16173,4220,0,332,-155,121178,1376,16199,1286,-192,164,-28,121157,-2059,15797,2830,-242,-275,32,24,2
4700,121179,-30,-3,0,0,0,0,121179,-712,-3970,-675,38,31,-15,121200,1084,-16173,4220,-1,332,-242,121200,1376,16199,1286,-192,150,-28,121179,-2061,15793,2830,-340,-302,32,24,2
4701,121201,-22,-2,0,0,0,0,121201,-687,-3975,-675,39,36,-16,121222,1102,-16126,4228,-1,362,-307,121222,1379,16200,1298,-191,148,-9,121201,-2061,15790,2877,-413,-302,55,24,2
4702,121223,-22,-2,0,0,0,0,121223,-687,-3975,-675,39,36,-16,121244,1102,-16126,4228,8,362,-307,121244,1386,16200,1306,-183,148,-9,121223,-2058,15790,2877,-413,-202,55,24,2
4703,121245,-22,-2,0,0,0,0,121245,-687,-3978,-675,39,36,-16,123766,1102,-16126,4228,8,362,-307,123766,1386,16200,1306,-183,146,-9,121245,-2058,15790,2877,-426,-202,43,25,2
4704,123767,-16,-1,0,0,0,0,123767,-679,-3981,-678,36,39,-14,123788,1113,-16122,4234,102,371,-288,123788,1420,16204,1309,-155,146,5,123767,-2088,15822,2918,-430,-127,27,25,2
4705,123789,-16,-1,0,0,0,0,123789,-679,-3981,-678,36,39,-12,123810,1113,-16122,4252,102,371,-288,123810,1420,16204,1309,-150,146,9,123789,-2088,15822,2928,-430,-127,27,25,2
4706,123811,-16,-1,0,0,0,0,123811,-679,-3983,-678,36,39,-12,123832,1113,-16122,4252,102,371,-288,123832,1420,16204,1309,-150,139,9,123811,-2127,15822,2928,-430,-127,27,25,2
4707,123833,-1016,-512,1000,-68,0,0,123833,-670,-3984,-678,37,41,-8,123854,1230,-16115,4276,150,402,-275,123854,1434,16207,1319,-125,139,22,123833,-2160,15800,3021,-381,-76,41,25,2
4708,123855,-1016,-512,1000,-68,262,22,123855,-667,-3984,-678,37,41,-8,123876,1230,-16115,4276,150,402,-275,123876,1434,16207,1327,-124,141,24,123855,-2160,15800,3026,-378,-76,46,25,2
4709,123877,-2016,-896,1000,-106,262,22,123877,-667,-3985,-678,37,41,-8,123898,1230,-16115,4276,142,402,-275,123898,1434,16207,1327,-124,141,24,123877,-2185,15782,3026,-378,-76,46,25,2
4710,123899,-2016,-896,750,-106,196,16,123899,-662,-3986,-676,38,42,-8,123920,1211,-16106,4287,142,371,-266,123920,1444,16194,1334,-106,153,42,123899,-2201,15762,3095,-340,-16,55,25,2
4711,123921,-1512,-672,750,-79,196,16,123921,-662,-3986,-675,38,42,-8,123942,1211,-16106,4287,180,371,-262,123942,1445,16194,1334,-106,153,43,123921,-2201,15762,3099,-340,-5,55,25,2
4712,123943,-1512,-672,562,-79,147,12,123943,-662,-3986,-675,38,42,-8,123964,1197,-16106,4287,180,371,-262,123964,1445,16186,1334,-106,153,43,123943,-2201,15753,3099,-348,-5,55,25,2
4713,123965,-1134,-504,421,-59,110,9,123965,-658,-3985,-673,39,39,-8,123986,1197,-16103,4295,168,406,-251,123986,1460,16180,1339,-95,165,66,123965,-2199,15736,3164,-361,56,47,25,2
4714,123987,-1134,-504,421,-59,110,9,123987,-655,-3985,-672,39,39,-7,124008,1203,-16101,4295,168,406,-251,124008,1466,16180,1339,-95,165,66,123987,-2199,15736,3167,-361,56,47,25,2
4715,124009,-1134,-504,315,-59,82,6,124009,-655,-3985,-672,39,39,-7,124030,1203,-16101,4295,168,406,-251,124030,1466,16180,1339,-95,163,66,124009,-2204,15724,3167,-364,56,36,25,2
4716,124031,-850,-378,236,-44,61,4,124031,-638,-3985,-668,39,42,-5,124052,1301,-16101,4307,159,406,-248,124052,1484,16193,1352,-86,151,72,124031,-2221,15716,3221,-364,87,27,25,2
4717,124053,-850,-378,236,-44,61,4,124053,-638,-3985,-665,39,42,-5,124074,1301,-16101,4307,159,432,-248,124074,1484,16193,1352,-86,151,72,124053,-2221,15716,3221,-348,87,27,25,2
4718,124075,-850,-378,177,-44,45,3,124075,-638,-3985,-665,39,42,-5,124096,1301,-16101,4307,159,432,-248,124096,1484,16193,1352,-86,147,72,124075,-2233,15711,3221,-348,87,27,25,2
4719,124097,-637,-283,132,-33,33,2,124097,-636,-3985,-665,41,43,-6,124118,1376,-16071,4316,191,426,-248,124118,1498,16185,1368,-87,147,77,124097,-2242,15706,3261,-326,110,37,25,2
4720,124119,-637,-283,132,-33,33,2,124119,-636,-3985,-665,41,43,-6,124140,1377,-16071,4324,191,426,-248,124140,1515,16185,1368,-87,154,77,124119,-2242,15706,3272,-325,118,37,25,2
4721,124141,-637,-283,99,-33,24,1,124141,-636,-3985,-665,41,41,-7,124162,1377,-16071,4324,178,396,-248,124162,1515,16182,1368,-94,154,77,124141,-2248,15703,3272,-325,118,37,25,2
4722,124163,-477,-212,74,-24,18,0,124163,-627,-3985,-665,42,39,-9,124184,1345,-16051,4337,178,373,-241,124184,1539,16172,1382,-101,156,88,124163,-2254,15697,3307,-326,147,38,25,2
4723,124185,-477,-212,74,-24,18,0,124185,-624,-3985,-659,42,39,-9,124206,1345,-16051,4339,196,373,1752,124206,1540,16172,1382,-101,156,92,124185,-2254,15697,3307,-326,177,38,25,2
4724,124207,-477,-212,55,-24,13,0,124207,-624,-3988,-659,42,39,-9,124228,1313,-16051,4339,196,373,1752,124228,1540,16172,1382,-130,156,92,124207,-2254,15697,3307,-333,177,30,25,2
4725,124229,-357,-159,41,-18,9,0,124229,-615,-3988,-652,41,39,-9,124250,1289,-16036,4350,196,380,1323,124250,1558,16172,1373,-153,146,110,124229,-2247,15696,3333,-374,255,-25,25,2
4726,124251,-357,-159,41,-18,9,0,124251,-614,-3986,-652,41,42,-9,124272,1289,-16025,4350,210,422,1323,124272,1560,16172,1373,-153,146,132,124251,-2247,15696,3351,-374,339,-25,25,2
4727,124273,-357,-159,30,-18,6,0,124273,-614,-3986,-652,40,42,-9,124294,1289,-16022,4350,210,422,1001,124294,1560,16172,1373,-162,138,132,124273,-2247,15696,3351,-456,339,-95,25,2
4728,124295,-267,-119,22,-13,4,0,124295,-610,-3983,-660,33,45,-4,124316,1366,-16039,4320,223,440,759,124316,1606,16177,1393,-169,132,221,124295,-2304,15683,3392,-569,591,-187,25,2
4729,124317,-267,-119,22,-13,4,0,124317,-610,-3983,-660,33,49,0,124338,1366,-16039,4320,258,440,759,124338,1616,16184,1393,-169,132,234,124317,-2304,15683,3398,-569,591,-187,25,2
4730,124339,-267,-119,16,-13,3,0,124339,-610,-3983,-666,23,49,0,124360,1366,-16052,4298,258,440,578,124360,1616,16184,1393,-174,127,234,124339,-2354,15671,3398,-653,591,-256,25,2
4731,124361,-200,-89,12,-9,2,0,124361,-608,-3988,-666,14,60,13,124382,1424,-16067,4285,269,450,405,124382,1670,16186,1397,-176,127,293,124361,-2437,15652,3455,-706,731,-283,25,2
4732,124383,-200,-89,12,-9,2,0,124383,-608,-3988,-666,14,60,13,124404,1424,-16067,4285,269,450,405,124404,1700,16186,1397,-176,129,293,124383,-2437,15652,3456,-706,731,-283,25,2
4733,124405,-200,-89,9,-9,1,0,124405,-608,-3994,-666,10,60,13,124426,1424,-16077,4285,269,437,273,124426,1700,16182,1397,-176,129,293,124405,-2499,15646,3456,-706,731,-283,25,2
4734,124427,-150,-66,6,-6,0,0,124427,-607,-4001,-666,7,62,17,124448,1461,-16085,4305,270,400,149,124448,1780,16170,1401,-167,131,235,124427,-2550,15623,3513,-660,588,-224,25,2
4735,124449,-150,-66,6,-6,0,0,124449,-607,-4001,-666,7,62,17,124470,1461,-16085,4305,251,400,149,124470,1780,16170,1415,-167,133,235,124449,-2550,15623,3513,-586,588,-191,25,2
4736,124471,-150,-66,4,-6,0,0,124471,-607,-4006,-666,7,60,17,124492,1461,-16086,4305,250,398,51,124492,1780,16161,1415,-167,133,154,124471,-2563,15612,3513,-586,407,-191,25,2
4737,124493,-112,-49,3,-4,0,0,124493,-605,-4009,-669,13,57,11,124514,1488,-16086,4321,215,364,-16,124514,1788,16161,1429,-158,136,93,124493,-2573,15604,3548,-445,271,-100,25,2
4738,124515,-112,-49,3,-4,0,0,124515,-605,-4009,-669,14,57,11,124536,1488,-16061,4321,215,364,-16,124536,1788,16166,1429,-158,136,93,124515,-2573,15604,3548,-445,271,-100,25,2
4739,124537,-112,-49,2,-4,0,0,124537,-605,-4009,-673,14,53,3,124558,1488,-16061,4321,189,364,-40,124558,1788,16166,1429,-158,97,52,124537,-2573,15603,3548,-445,238,-100,25,2
4740,124559,-84,-36,1,-3,0,0,124559,-599,-4000,-677,23,50,-3,124580,1515,-16042,4328,170,387,-58,124580,1791,16170,1443,-144,68,47,124559,-2572,15603,3577,-375,238,-63,25,2
4741,124581,-84,-36,1,-3,0,0,124581,-599,-4000,-677,23,50,-3,124602,1515,-16042,4328,170,387,-58,124602,1801,16170,1443,-144,68,47,124581,-2572,15603,3577,-375,272,-63,25,2
4742,124603,-84,-36,0,-3,0,0,124603,-599,-4000,-679,23,50,-3,124624,1515,-16042,4327,170,387,-71,124624,1801,16170,1443,-144,68,46,124603,-2572,15603,3577,-375,272,-63,25,2
4743,124625,-63,-27,0,-2,0,0,124625,-593,-3994,-680,25,50,0,124646,1536,-16031,4326,165,420,-83,124646,1823,16175,1454,-131,75,45,124625,-2579,15604,3594,-356,298,-43,25,2
4744,124647,-63,-27,0,-2,0,0,124647,-592,-3994,-680,25,52,3,124668,1538,-16031,4325,165,420,-83,124668,1825,16175,1454,-131,77,45,124647,-2579,15604,3594,-356,310,-43,25,2
4745,124669,-63,-27,0,-2,0,0,124669,-592,-3994,-680,25,52,3,124690,1538,-16041,4325,165,420,-92,124690,1825,16175,1454,-131,77,42,124669,-2597,15604,3594,-365,310,-43,25,2
4746,124691,-47,-20,0,-1,0,0,124691,-592,-3995,-681,26,61,7,124712,1546,-16050,4324,179,444,-118,124712,1849,16183,1456,-121,76,18,124691,-2614,15604,3618,-371,320,-36,25,2
4747,124713,-47,-20,0,-1,0,0,124713,-592,-3995,-681,26,61,7,124734,1546,-16050,4324,179,444,-118,124734,1849,16183,1456,-121,76,18,124713,-2614,15602,3618,-371,324,-36,25,2
4748,124735,-47,-20,0,-1,0,0,124735,-598,-3995,-682,26,61,7,124756,1546,-16057,4324,179,444,-147,124756,1849,16183,1456,-121,75,0,124735,-2625,15602,3618,-371,324,-36,25,2
4749,124757,-35,-15,0,0,0,0,124757,-603,-3994,-686,32,62,6,124778,1552,-16057,4324,183,465,-162,124778,1854,16187,1465,-109,75,-7,124757,-2644,15600,3636,-362,316,-21,25,2
4750,124779,-35,-15,0,0,0,0,124779,-603,-3993,-686,32,62,6,124800,1610,-16042,4324,183,465,-162,124800,1854,16187,1465,-100,86,-7,124779,-2644,15600,3636,-354,316,-16,25,2
4751,124801,-35,-15,0,0,0,0,124801,-603,-3993,-688,32,62,5,124822,1610,-16042,4324,183,465,-162,124822,1854,16185,1465,-100,86,-9,124801,-2648,15597,3636,-354,221,-16,25,2
4752,124823,-26,-11,0,0,0,0,124823,-602,-3988,-690,36,60,4,124844,1664,-16053,4332,186,444,1838,124844,1854,16182,1470,-73,103,-9,124823,-2651,15597,3651,-267,113,43,25,2
4753,124845,-26,-11,0,0,0,0,124845,-602,-3988,-690,36,60,4,124866,1664,-16053,4332,191,444,1838,124866,1854,16182,1470,-73,107,-9,124845,-2651,15597,3662,-267,113,43,25,2
4754,124867,-26,-11,0,0,0,0,124867,-602,-3988,-690,36,57,4,124888,1664,-16053,4332,191,401,1838,124888,1854,16180,1470,-73,107,-9,124867,-2653,15589,3662,-267,35,43,25,2
4755,124889,-1026,-522,1000,0,0,0,124889,-602,-3994,-688,36,52,3,124910,1674,-16049,4336,186,351,1370,124910,1877,16175,1474,-47,136,-44,124889,-2653,15589,3686,-214,-26,91,25,2
4756,124911,-1026,-522,1000,0,0,0,124911,-601,-3994,-688,36,52,3,124932,1674,-16040,4336,186,351,1370,124932,1877,16175,1474,-47,158,-44,124911,-2645,15597,3686,-214,-26,91,25,2
4757,124933,-1026,-931,1000,-27,0,0,124933,-601,-3997,-688,36,41,1,124954,1657,-16040,4336,183,314,1015,124954,1877,16171,1472,-47,158,-72,124933,-2645,15602,3686,-214,-138,91,25,2
4758,124955,-26,-1268,2000,-76,227,1,124955,-593,-3999,-684,38,33,-2,124976,1643,-16029,4333,180,314,696,124976,1878,16168,1471,-16,197,-99,124955,-2645,15603,3692,-107,-222,159,25,2
4759,124977,-26,-1268,2000,-76,247,1,124977,-593,-3999,-683,38,33,-2,124998,1643,-16029,4333,177,348,696,124998,1878,16168,1471,-16,197,-99,124977,-2637,15607,3692,-92,-222,160,25,2
4760,124999,-26,-1521,2000,-126,247,0,124999,-593,-4000,-683,38,33,-4,125020,1633,-16029,4333,153,348,443,125020,1878,16168,1470,-16,197,-119,124999,-2637,15607,3687,-92,-222,160,25,2
4761,125021,974,-1695,2794,-171,438,0,125021,-587,-4002,-679,40,36,-5,125042,1623,-16019,4337,132,401,271,125042,1868,16171,1469,-17,197,-144,125021,-2614,15618,3683,-64,-201,209,25,2
4762,125043,974,-1695,2794,-171,438,0,125043,-587,-4002,-679,42,36,-5,125064,1623,-16017,4337,132,401,271,125064,1868,16171,1469,-17,197,-144,125043,-2612,15618,3683,-64,-163,209,25,2
4763,125065,974,-1821,2794,-204,438,0,125065,-587,-4002,-679,42,36,-5,125086,1623,-16017,4337,132,401,171,125086,1861,16171,1469,-24,178,-148,125065,-2612,15618,3683,-67,-163,202,25,2
4764,125087,730,-1821,2095,-204,328,0,125087,-582,-3997,-674,42,38,-5,125108,1616,-16010,4348,135,440,96,125108,1845,16173,1470,-29,158,-150,125087,-2594,15610,3672,-75,-119,197,25,2
4765,125109,730,-1365,2095,-153,328,0,125109,-582,-3996,-674,42,39,-4,125130,1616,-16010,4348,135,440,96,125130,1845,16173,1476,-29,158,-150,125109,-2594,15610,3672,-75,-119,197,25,2
4766,125131,547,-1365,1571,-153,246,0,125131,-582,-3996,-674,42,39,-4,125152,1611,-16010,4348,135,440,40,125152,1833,16173,1476,-33,142,-150,125131,-2594,15604,3660,-82,-119,183,25,2
4767,125153,410,-1023,1178,-114,184,0,125153,-581,-3991,-671,41,44,-1,125174,1607,-16034,4361,139,460,-1,125174,1824,16168,1462,-66,37,-126,125153,-2576,15600,3632,-99,-26,173,25,2
4768,125175,410,-1023,1178,-114,184,0,125175,-581,-3991,-671,41,45,0,125196,1607,-16034,4361,139,476,-1,125196,1824,16168,1462,-66,37,-110,125175,-2574,15600,3632,-99,-18,173,25,2
4769,125197,307,-1023,883,-114,138,0,125197,-581,-3991,-671,40,45,0,125218,1607,-16034,4361,139,476,-32,125218,1824,16168,1450,-104,-41,-110,125197,-2574,15600,3611,-111,-18,145,25,2
4770,125219,230,-767,662,-85,103,0,125219,-578,-3990,-672,37,52,7,125240,1613,-16050,4370,144,549,-32,125240,1825,16183,1439,-132,-95,-67,125219,-2559,15602,3595,-136,170,110,25,2
4771,125241,230,-767,662,-85,103,0,125241,-574,-3990,-672,37,52,8,125262,1617,-16050,4370,155,549,-31,125262,1825,16183,1439,-132,-95,-67,125241,-2559,15606,3595,-136,170,110,25,2
4772,125263,172,-767,496,-85,77,0,125263,-574,-3990,-673,34,52,8,125284,1617,-16062,4366,155,549,-31,125284,1825,16183,1433,-132,-95,-67,125263,-2559,15606,3573,-155,170,84,25,2
4773,125285,129,-575,372,-63,57,0,125285,-575,-3997,-674,30,57,15,125306,1672,-16071,4363,167,554,-37,125306,1863,16189,1433,-101,27,-129,125285,-2586,15610,3573,-155,43,80,25,2
4774,125307,129,-575,372,-63,57,0,125307,-575,-3997,-674,30,57,15,125328,1672,-16071,4363,167,554,-37,125328,1863,16189,1449,-100,27,-129,125307,-2586,15610,3585,-92,43,80,25,2
4775,125329,96,-575,279,-63,42,0,125329,-577,-4005,-677,27,57,15,125350,1672,-16071,4363,164,554,-87,125350,1863,16181,1449,-100,27,-206,125329,-2606,15610,3585,-92,-53,80,25,2
4776,125351,72,-431,209,-47,31,0,125351,-582,-4011,-677,27,60,11,125372,1668,-16051,4374,141,517,-125,125372,1850,16181,1461,-76,119,-263,125351,-2606,15612,3584,16,-125,152,25,2
4777,125373,72,-431,209,-47,31,0,125373,-582,-4011,-677,31,60,11,125394,1668,-16051,4374,141,517,-125,125394,1850,16181,1461,-76,119,-263,125373,-2594,15612,3584,16,-125,154,25,2
4778,125395,54,-431,156,-47,23,0,125395,-587,-4011,-679,31,58,4,125416,1654,-16051,4374,135,517,-125,125416,1831,16181,1461,-76,119,-277,125395,-2594,15612,3584,16,-182,154,25,2
4779,125417,40,-323,117,-35,17,0,125417,-591,-4001,-682,35,51,0,125438,1634,-16031,4368,135,507,-121,125438,1779,16186,1460,-48,177,-277,125417,-2571,15616,3572,87,-221,204,25,2
4780,125439,40,-323,117,-35,17,0,125439,-591,-4000,-682,35,51,0,125460,1634,-16031,4368,139,507,-121,125460,1779,16186,1460,-48,177,-273,125439,-2569,15623,3572,87,-221,204,25,2
4781,125461,30,-323,87,-35,12,0,125461,-593,-4000,-684,35,49,0,125482,1619,-16031,4368,139,507,-121,125482,1741,16186,1460,-48,177,-273,125461,-2569,15626,3548,87,-248,204,25,2
4782,125483,22,-242,65,-26,9,0,125483,-595,-3994,-686,36,49,2,125504,1602,-16019,4364,142,510,-120,125504,1712,16183,1460,-42,175,-249,125483,-2550,15628,3514,114,-248,215,25,2
4783,125505,22,-242,65,-26,9,0,125505,-595,-3994,-686,36,55,4,125526,1602,-16019,4364,142,510,-120,125526,1712,16183,1460,-42,175,-237,125505,-2529,15632,3514,114,-242,215,25,2
4784,125527,16,-242,48,-26,6,0,125527,-599,-3994,-688,35,55,4,125548,1595,-16019,4364,142,510,-120,125548,1705,16181,1464,-42,172,-237,125527,-2529,15635,3487,114,-242,215,25,2
4785,125549,12,-181,36,-19,4,0,125549,-606,-3992,-690,34,58,7,125570,1584,-16034,4367,132,515,-118,125570,1692,16166,1464,-43,164,-201,125549,-2502,15635,3456,64,-180,190,25,2
4786,125571,12,-181,36,-19,4,0,125571,-606,-3992,-690,34,58,7,125592,1584,-16034,4367,132,532,-118,125592,1692,16166,1464,-43,164,-201,125571,-2502,15650,3456,64,-180,190,25,2
