Timestep,IMU1_ax,IMU1_ay,IMU1_az,IMU1_gx,IMU1_gy,IMU1_gz,IMU2_ax,IMU2_ay,IMU2_az,IMU2_gx,IMU2_gy,IMU2_gz,IMU3_ax,IMU3_ay,IMU3_az,IMU3_gx,IMU3_gy,IMU3_gz,IMU4_ax,IMU4_ay,IMU4_az,IMU4_gx,IMU4_gy,IMU4_gz,IMU5_ax,IMU5_ay,IMU5_az,IMU5_gx,IMU5_gy,IMU5_gz,IMU1_a_mag,IMU1_g_mag,IMU1_pitch,IMU1_roll,IMU1_jerk_a_mag,IMU1_yaw_int,IMU2_a_mag,IMU2_g_mag,IMU2_pitch,IMU2_roll,IMU2_jerk_a_mag,IMU2_yaw_int,IMU3_a_mag,IMU3_g_mag,IMU3_pitch,IMU3_roll,IMU3_jerk_a_mag,IMU3_yaw_int,IMU4_a_mag,IMU4_g_mag,IMU4_pitch,IMU4_roll,IMU4_jerk_a_mag,IMU4_yaw_int,IMU5_a_mag,IMU5_g_mag,IMU5_pitch,IMU5_roll,IMU5_jerk_a_mag,IMU5_yaw_int,IMU1_qw,IMU1_qx,IMU1_qy,IMU1_qz,IMU2_qw,IMU2_qx,IMU2_qy,IMU2_qz,IMU3_qw,IMU3_qx,IMU3_qy,IMU3_qz,IMU4_qw,IMU4_qx,IMU4_qy,IMU4_qz,IMU5_qw,IMU5_qx,IMU5_qy,IMU5_qz,REL_LH_pitch,REL_LH_roll,REL_RH_pitch,REL_RH_roll,REL_LK_pitch,REL_LK_roll,REL_RK_pitch,REL_RK_roll,REL_THIGH_yaw,REL_ANKLE_yaw,move,label
0,0.7829029,-0.097624905,0.93710047,0.024726048,0.058581065,-0.30721486,0.8957292,0.5401585,-0.80602795,0.20592508,0.2849486,0.08942367,1.1051233,0.66357505,1.6002303,0.15643434,0.20551574,0.33596683,1.5683095,2.169466,0.7870322,0.09890309,0.1791229,0.15214948,-0.87222075,0.48426774,0.3143664,0.101398125,0.1014756,0.14157979,0.8700984,-0.5711934,-0.56854886,0.47801307,1.3567397e-05,0.7754741,0.5422189,0.8603724,-0.5319209,0.1693108,0.42672783,-0.45025334,-0.8393948,0.29957753,-0.0014001053,0.6311292,-0.09264844,0.34889677,-0.88167423,0.8392913,0.78459597,-0.63013524,-0.9661412,0.25943124,-0.00082696596,0.8449247,0.81327325,0.531932,-0.8540958,0.87172514,0.48746523,-0.6418094,-1.4216553,1.8482958,-0.0026284144,0.807376,0.60793716,1.8597145,-0.28721443,0.6877902,0.5606433,-0.65282714,0.78984505,0.178732,-0.0033960624,-0.2669825,0.38483098,0.38632742,0.24604036,-0.11338545,0.2432007,-0.2686847,0.18564896,-0.100319624,0.0016086869,1.4189057,1.0368932,-0.1663111,-0.7789644,0.68142164,1,4
1,0.7829029,-0.09671412,0.93710047,0.024726048,0.058581065,-0.30721486,0.8957292,0.5401585,-0.80602795,0.20592508,0.2849486,0.08942367,1.1049124,0.66360515,1.6004412,0.15526646,0.20732087,0.33632764,1.5681227,2.1696389,0.78837,0.102121234,0.18238994,0.15391585,-0.87222075,0.48426774,0.3145641,0.10068437,0.1014756,0.14157979,0.87008387,-0.5711934,-0.56855476,0.4780962,-0.00033142042,0.7672433,0.54251534,0.8558645,-0.53085643,0.16158126,0.42672783,-0.45025334,-0.8393948,0.29957753,-0.0014001053,0.63085264,-0.09914812,0.35033655,-0.87845325,0.84246624,0.78476685,-0.6296838,-0.9659829,0.25941026,0.0027559362,0.844769,0.8127306,0.5329201,-0.84907466,0.8743919,0.48846686,-0.6414296,-1.421279,1.8481786,0.020828558,0.80714524,0.60920334,1.8593578,-0.28511837,0.68860185,0.56066823,-0.6526729,0.7898445,0.17869663,-0.0027700975,-0.2657606,0.38767672,0.3851432,0.24512348,-0.11102965,0.24320672,-0.26875886,0.18571612,-0.10038856,0.0017714965,1.4188082,1.0367755,-0.16630875,-0.77887356,0.6806375,1,4
2,0.7829029,-0.096217394,0.9365222,0.024726048,0.058581065,-0.3076617,0.8957292,0.54007226,-0.8069625,0.20592508,0.2849486,0.08942367,1.1047975,0.66362166,1.6014179,0.15462944,0.20830548,0.33652446,1.5680209,2.1697857,0.7890998,0.10405945,0.1852115,0.15487933,-0.8726598,0.48429072,0.3161999,0.097699545,0.105344124,0.14203519,0.86977047,-0.5711532,-0.5686823,0.47808334,-0.0076785744,0.75900686,0.5427992,0.8513988,-0.5298011,0.15391819,0.4267097,-0.45025334,-0.8393973,0.29984027,-0.0023587502,0.63057595,-0.10560826,0.3517646,-0.8752609,0.84561265,0.78534764,-0.62943757,-0.9658702,0.25927174,0.013285032,0.8446134,0.8121891,0.5338945,-0.8440987,0.8770337,0.4892179,-0.6408586,-1.4210324,1.8481274,0.027750077,0.8069143,0.61045754,1.8590047,-0.28302148,0.68942094,0.56094563,-0.65131515,0.7901805,0.178407,0.0038788796,-0.26452202,0.3905853,0.3839293,0.24426213,-0.10861424,0.24333723,-0.26860875,0.1858857,-0.1004885,0.0018799896,1.4186616,1.0368276,-0.16632324,-0.7787828,0.6798447,1,4
3,0.7829029,-0.096217394,0.93524987,0.024726048,0.058581065,-0.30864474,0.8957292,0.53988224,-0.80901843,0.20592508,0.2849486,0.08942367,1.1047975,0.66362166,1.6033139,0.15462944,0.20830548,0.33652446,1.5680209,2.169901,0.7890998,0.104461715,0.18749842,0.15487933,-0.8736256,0.48434106,0.31956133,0.09198946,0.11385488,0.1430371,0.8690973,-0.5710649,-0.5689562,0.4779554,-0.02342832,0.7507636,0.543068,0.8469836,-0.52875674,0.14633492,0.42666987,-0.45025334,-0.8394028,0.30041838,-0.004467768,0.6302993,-0.11202259,0.35317916,-0.8721031,0.84872466,0.7864191,-0.62943757,-0.96581227,0.2589923,0.032149553,0.84445775,0.8116488,0.5348523,-0.83917683,0.87964565,0.48966715,-0.640058,-1.4209417,1.8481551,0.01482906,0.8066835,0.6116977,1.8586559,-0.28092366,0.6902487,0.5615257,-0.64851326,0.7909204,0.17781287,0.017755466,-0.26326337,0.39357087,0.38268012,0.24346739,-0.106127344,0.2436171,-0.26818913,0.18617804,-0.100625575,0.0019233031,1.4184561,1.0370834,-0.1663579,-0.7786919,0.6790417,1,4
4,0.7829311,-0.08917983,0.93431777,0.025271535,0.05776793,-0.30873412,0.89688003,0.5395199,-0.8108074,0.20548038,0.2849486,0.088852145,1.1047975,0.66359425,1.6034862,0.15378009,0.20830548,0.33652446,1.5680209,2.1699638,0.7890998,0.10449828,0.18770632,0.15487933,-0.8737134,0.48434561,0.32004672,0.09147037,0.11462858,0.14333057,0.8685524,-0.5714529,-0.56921136,0.4785048,-0.021807067,0.74252033,0.54329914,0.8426784,-0.52775174,0.1389067,0.42654628,-0.45033473,-0.8402535,0.3009583,-0.009097756,0.63000596,-0.1183381,0.354567,-0.86899203,0.85177827,0.78643245,-0.62954915,-0.9658115,0.2589578,0.011697554,0.84430206,0.8111163,0.53577656,-0.83434445,0.8822084,0.48991317,-0.6399852,-1.4208922,1.8481705,0.008865353,0.80645263,0.61291224,1.8583132,-0.27886334,0.69106114,0.5616012,-0.6480903,0.79098713,0.17772661,0.006401887,-0.26199728,0.3964974,0.38145128,0.24267843,-0.103674084,0.24353264,-0.26839468,0.18642978,-0.10100028,0.0025697101,1.4182551,1.0371099,-0.16636905,-0.7786066,0.6782349,1,4
5,0.78295064,-0.083922274,0.9337462,0.026307896,0.057198737,-0.30730423,0.89768565,0.5392782,-0.8119289,0.20516908,0.2857998,0.08845207,1.1048998,0.66356415,1.6040608,0.15259098,0.20961833,0.33695087,1.5682926,2.1700737,0.789262,0.106399916,0.18889435,0.15517908,-0.8737134,0.48434561,0.3201725,0.08952375,0.11462858,0.14347225,0.86820805,-0.5719974,-0.5693746,0.47892782,-0.01516397,0.73429525,0.54352015,0.8384199,-0.5267556,0.131562,0.42646226,-0.45021683,-0.84084857,0.30129933,-0.009662314,0.62971085,-0.124600604,0.35594058,-0.8659005,0.85481334,0.78668416,-0.6292715,-0.96587014,0.25886318,0.003392574,0.8441546,0.8105922,0.5366777,-0.82954526,0.884789,0.49049917,-0.6397801,-1.4210273,1.848178,0.013971248,0.80622965,0.61408395,1.8579849,-0.2768087,0.6919053,0.5616173,-0.6475414,0.7909868,0.17770398,-0.0026562861,-0.26073048,0.39945796,0.38020593,0.24189606,-0.1012415,0.24345793,-0.26859233,0.18656795,-0.10134185,0.0029485007,1.4181263,1.0371531,-0.16628557,-0.7785314,0.67743295,1,4
6,0.78295064,-0.08301165,0.9337462,0.028107928,0.057198737,-0.30337197,0.89768565,0.5392782,-0.8119289,0.20516908,0.28814074,0.08845207,1.1051807,0.6635339,1.6056406,0.15095595,0.21322858,0.33812353,1.5690396,2.1702754,0.789708,0.111629404,0.1921614,0.15600339,-0.8737134,0.48434561,0.3201725,0.08417056,0.11462858,0.14347225,0.868194,-0.57273227,-0.5693804,0.4790111,-0.0027725731,0.7261018,0.54373,0.834224,-0.525768,0.12433626,0.42646226,-0.4497361,-0.84084857,0.30129933,-0.0026712127,0.62941575,-0.13078766,0.35729358,-0.86283517,0.8578263,0.78753865,-0.62829286,-0.9660224,0.25862044,0.023225203,0.84402144,0.8100812,0.53754455,-0.8247882,0.8874094,0.491717,-0.63921595,-1.421478,1.848174,0.037231393,0.8060207,0.61518604,1.8576804,-0.2747573,0.69280785,0.5616173,-0.6463555,0.7909868,0.17770398,-0.0032822506,-0.25946364,0.40248716,0.37892777,0.24112426,-0.09883922,0.24346395,-0.26866663,0.18651463,-0.10158393,0.0027534643,1.4181229,1.0372664,-0.16604072,-0.7784728,0.6766404,1,4
7,0.78295064,-0.08284602,0.93258274,0.028435232,0.056571458,-0.30265704,0.89768565,0.5390452,-0.8128902,0.20476885,0.28856635,0.08793769,1.1054618,0.6635285,1.6059281,0.15065868,0.21831572,0.3383367,1.5693282,2.1704063,0.78978896,0.11290936,0.1935573,0.15615326,-0.87331825,0.48442802,0.32081962,0.07998533,0.118980676,0.1457493,0.8675767,-0.57307935,-0.5696322,0.4789095,-0.014932276,0.7179085,0.5439077,0.83009213,-0.52481276,0.11722986,0.42629325,-0.44971818,-0.8408719,0.3015967,-0.010349547,0.62910557,-0.13687856,0.35862237,-0.8597988,0.86077297,0.7877376,-0.6265288,-0.9662102,0.2585763,0.013099139,0.8438883,0.8095727,0.5383913,-0.82002914,0.89004034,0.49236798,-0.6388394,-1.4216158,1.848196,0.028170044,0.80581164,0.61626434,1.8573828,-0.27272445,0.693708,0.5618901,-0.6431575,0.7906724,0.17759982,0.0034191227,-0.2581132,0.40556958,0.37762424,0.24033749,-0.096280254,0.24371378,-0.268419,0.18668991,-0.10155399,0.0027109885,1.4180237,1.0372789,-0.16605166,-0.77841926,0.67580485,1,4
8,0.78295064,-0.0809832,0.9312424,0.03301715,0.05580479,-0.3018527,0.8978007,0.538838,-0.8139049,0.20427968,0.29154566,0.087309,1.1056663,0.66347915,1.6059281,0.15034017,0.22225417,0.3383367,1.5694641,2.1704903,0.78978896,0.113201916,0.19427013,0.15615326,-0.8729012,0.48450133,0.32139483,0.07713028,0.1228492,0.14777333,0.8668403,-0.5743799,-0.5699329,0.47894564,-0.02740752,0.7097253,0.54407245,0.8260598,-0.5238769,0.11022399,0.42616704,-0.44918302,-0.84097266,0.30190307,-0.014045031,0.62878704,-0.1429093,0.35993564,-0.8567532,0.86371857,0.78762543,-0.62515837,-0.9663607,0.2585599,-0.0025690699,0.84375507,0.809068,0.539223,-0.8152957,0.89265865,0.4927492,-0.638596,-1.4216654,1.8482164,0.013006053,0.8056026,0.6173307,1.8570879,-0.27070665,0.6946026,0.56213,-0.6405065,0.79034173,0.1775073,0.007151244,-0.25674424,0.40864432,0.37632185,0.2395513,-0.093700275,0.24398242,-0.26828927,0.18692793,-0.1015897,0.0027635456,1.4179194,1.037257,-0.16608442,-0.77836835,0.6749597,1,4
9,0.78295064,-0.0741525,0.93011963,0.049817603,0.055038117,-0.29890355,0.8982227,0.538838,-0.8144922,0.20379053,0.30246988,0.08668032,1.1056663,0.6632983,1.6059281,0.14917229,0.22225417,0.3383367,1.5694641,2.1704903,0.78978896,0.113201916,0.19427013,0.15615326,-0.8726598,0.48450133,0.32139483,0.07713028,0.1228492,0.14777333,0.8661407,-0.5784529,-0.57021844,0.47945848,-0.02617542,0.7015694,0.5442214,0.8222547,-0.5229735,0.10341551,0.42625558,-0.44699404,-0.84126616,0.30205828,0.0015733925,0.62845504,-0.14883761,0.3612214,-0.85366565,0.8667,0.78707266,-0.62530273,-0.96639067,0.25849974,-0.0152630415,0.8436219,0.8085718,0.5400267,-0.81063205,0.89523745,0.4927492,-0.638596,-1.4216654,1.8482164,0.00072182197,0.80539364,0.6183794,1.8567971,-0.26871824,0.69548404,0.5621223,-0.6405065,0.7901536,0.1775073,-0.0013767536,-0.25537524,0.41167095,0.3750373,0.2387756,-0.091157116,0.24415687,-0.26866537,0.18719779,-0.10196122,0.0029791915,1.4178579,1.0372032,-0.16602372,-0.778322,0.67411464,1,4
10,0.7833105,-0.072289675,0.92981356,0.054399524,0.05482903,-0.29809922,0.8983378,0.538838,-0.81465244,0.2036571,0.30544922,0.086508855,1.1061773,0.6628325,1.6081496,0.14783455,0.22600506,0.33945197,1.5685133,2.1705532,0.7902215,0.115834944,0.19427013,0.15700969,-0.87259394,0.48450133,0.31895015,0.075053886,0.1228492,0.14777333,0.8666925,-0.57956356,-0.5704164,0.47959834,0.004079193,0.69341344,0.54435664,0.8185069,-0.5220817,0.09670651,0.4262796,-0.44639707,-0.8413462,0.30210054,0.0024291582,0.6281231,-0.15468776,0.36248633,-0.8506229,0.86963785,0.78700256,-0.62419146,-0.9667555,0.2580177,-0.008604719,0.84351015,0.80809337,0.5407887,-0.8060045,0.89789265,0.49274617,-0.6389661,-1.4207798,1.8481803,-0.0026957772,0.8052073,0.6193615,1.8565257,-0.26677695,0.69640195,0.56181115,-0.64004725,0.7901094,0.17794465,-0.011279505,-0.25400627,0.41469756,0.37374806,0.23801136,-0.088650614,0.24432808,-0.2687679,0.18725134,-0.10242591,0.003421179,1.417811,1.0374565,-0.16530445,-0.77830046,0.6732848,1,4
11,0.78371507,-0.072289675,0.92981356,0.054399524,0.054782566,-0.29809922,0.8983378,0.538838,-0.81465244,0.2036571,0.30544922,0.086394556,1.1068289,0.66236395,1.610649,0.14668791,0.23022485,0.34070662,1.5674436,2.1705558,0.7906538,0.11879711,0.19427013,0.1580588,-0.8724402,0.48444644,0.31573257,0.0724584,0.123107105,0.1476519,0.8675271,-0.57957923,-0.57055146,0.47959834,0.03329944,0.68525743,0.5444835,0.8147943,-0.5211979,0.09005949,0.4262796,-0.44638455,-0.8413462,0.30210054,-0.0014001053,0.62778777,-0.16048671,0.363738,-0.8476032,0.8725448,0.7871087,-0.6228969,-0.96721005,0.25749382,0.0026621684,0.8434064,0.80762106,0.5415315,-0.8014076,0.90056694,0.49246117,-0.63939756,-1.4198403,1.8481292,-0.009362591,0.8050317,0.62031454,1.8562618,-0.26486376,0.6973353,0.56126404,-0.63954556,0.79000205,0.17851268,-0.022862952,-0.25264174,0.41771907,0.37245923,0.23726276,-0.086169325,0.24446721,-0.2687679,0.18720806,-0.10283464,0.0038276722,1.4177688,1.0377507,-0.1644735,-0.77828944,0.6724646,1,4
12,0.78371507,-0.072289675,0.92981356,0.054399524,0.054527007,-0.29809922,0.8983378,0.538838,-0.81465244,0.2036571,0.30544922,0.08576586,1.1072505,0.66236395,1.610649,0.14668791,0.23022485,0.34070662,1.5674436,2.1701813,0.7903566,0.11879711,0.19427013,0.15852985,-0.87159514,0.4841441,0.31316197,0.07103087,0.12452556,0.14698397,0.8675271,-0.5796655,-0.57055146,0.47959834,0.008889789,0.6771015,0.544594,0.81114376,-0.5203302,0.08352361,0.4262796,-0.44631547,-0.8413462,0.30210054,-0.0014001053,0.62743735,-0.16619493,0.36496755,-0.8446113,0.87538666,0.7871888,-0.6228969,-0.9675036,0.25749382,0.0020107315,0.8433026,0.8071477,0.54225856,-0.7968884,0.9031985,0.49090946,-0.6394803,-1.4201531,1.8480736,-0.045613233,0.8048664,0.62124777,1.8559998,-0.2629974,0.6982767,0.5601663,-0.63962793,0.78936803,0.17893018,-0.039689634,-0.25129724,0.42070913,0.37117925,0.23656537,-0.08373958,0.24446721,-0.2687679,0.18709418,-0.10283464,0.00369237,1.4177225,1.0377125,-0.16425113,-0.7782834,0.67166156,1,4
13,0.7839511,-0.07721597,0.93081367,0.055545002,0.05288912,-0.3031039,0.89869577,0.53871727,-0.81315714,0.20427968,0.3109113,0.08527054,1.1074038,0.66209537,1.610649,0.14594471,0.2277633,0.34070662,1.5671465,2.169935,0.7904376,0.11879711,0.19427013,0.15870112,-0.8712879,0.48403415,0.3122273,0.07051178,0.12504137,0.14674108,0.8686188,-0.57997996,-0.57038325,0.4792477,0.026125126,0.6688821,0.54466563,0.80755687,-0.519509,0.07704785,0.42607418,-0.44492885,-0.8416341,0.3017284,-0.012278915,0.6270791,-0.17183128,0.36617723,-0.84160244,0.8782511,0.7863971,-0.6238721,-0.967655,0.25740433,-0.016489424,0.84319884,0.8066813,0.54296297,-0.7924727,0.90576607,0.48985434,-0.63951033,-1.4200886,1.8480043,-0.047161497,0.80470103,0.6221699,1.85574,-0.26115337,0.69920444,0.55976707,-0.63965786,0.7891374,0.179082,-0.028344495,-0.24995278,0.42365748,0.36991444,0.23587681,-0.081340745,0.24417642,-0.26865122,0.18686964,-0.10268247,0.0039317254,1.417812,1.0377318,-0.16408002,-0.7782799,0.6708585,1,4
14,0.78428835,-0.084253535,0.9322425,0.05718141,0.05068204,-0.3102534,0.8992073,0.5385446,-0.8110211,0.20521356,0.3188562,0.084889516,1.1074294,0.66171175,1.6108214,0.1448193,0.22398895,0.34076402,1.566722,2.1697779,0.7906945,0.11879711,0.19397312,0.15877606,-0.8712879,0.48401117,0.3122273,0.07051178,0.12504137,0.14672084,0.87017804,-0.58038443,-0.57014287,0.47874665,0.059697088,0.66062635,0.54471403,0.8040131,-0.51871556,0.07061828,0.42578068,-0.44294086,-0.84204525,0.3011968,-0.026265942,0.6267164,-0.17741911,0.36737317,-0.8385881,0.88112473,0.7853276,-0.6253689,-0.9677313,0.2572511,-0.037974484,0.84309614,0.8062196,0.54365176,-0.7881305,0.90829283,0.48914915,-0.6396354,-1.419835,1.8479354,-0.028994614,0.80453765,0.6230819,1.8554817,-0.2593335,0.7001231,0.5597103,-0.639674,0.78913873,0.17907877,-0.0048096958,-0.24860905,0.42657697,0.36866027,0.23519544,-0.07896506,0.243761,-0.26848465,0.18660316,-0.1024849,0.0043436084,1.417965,1.0377891,-0.1639272,-0.7782792,0.67005724,1,4
15,0.78428835,-0.084253535,0.9322425,0.05718141,0.05068204,-0.3102534,0.8992073,0.5385446,-0.8110211,0.20570272,0.32041684,0.084889516,1.1077104,0.66171175,1.6127173,0.14411859,0.22115237,0.34139544,1.566722,2.1697779,0.7905457,0.11879711,0.19070609,0.15960036,-0.8712879,0.48375934,0.3122273,0.07051178,0.12504137,0.14649819,0.87017804,-0.58038443,-0.57014287,0.47874665,0.01866468,0.6523706,0.544751,0.80053586,-0.51793253,0.064306796,0.42578068,-0.44246858,-0.84204525,0.3011968,-0.009170684,0.62635374,-0.18292879,0.36854798,-0.8356154,0.8839622,0.7864558,-0.62650985,-0.96786845,0.25697213,0.012683752,0.8430045,0.80576545,0.5443114,-0.78393304,0.91077745,0.48910406,-0.6410104,-1.419844,1.8479531,-0.011975001,0.8043942,0.62395465,1.8552283,-0.25762704,0.70102644,0.55908847,-0.6398521,0.78915286,0.1790434,-0.020359648,-0.24727276,0.42943874,0.3674267,0.23453522,-0.076644294,0.243761,-0.26848465,0.18654996,-0.10270255,0.0043397266,1.4179798,1.0378966,-0.1636646,-0.7782913,0.6692731,1,4
16,0.78428835,-0.08748247,0.9322425,0.05718141,0.049706277,-0.31239823,0.8992073,0.538441,-0.8110211,0.20592508,0.32112613,0.084889516,1.1078382,0.6619255,1.6135793,0.14380008,0.21986297,0.34168243,1.5674351,2.1698093,0.79047817,0.11879711,0.18922105,0.15997505,-0.8709586,0.4835624,0.3126587,0.07051178,0.12562165,0.14597194,0.8702285,-0.58048606,-0.5701222,0.47845134,0.0012232655,0.6440877,0.5447613,0.7970906,-0.517181,0.058050726,0.42567262,-0.44225395,-0.8420603,0.30121627,-0.0071258964,0.62599105,-0.18838367,0.36970854,-0.8326751,0.886769,0.7876221,-0.62702847,-0.9678952,0.25691652,0.03649493,0.84291285,0.8053102,0.54496336,-0.7797807,0.91323453,0.48948988,-0.64163536,-1.4204313,1.8479689,0.005834037,0.80425066,0.6248151,1.8549774,-0.25594386,0.7019235,0.5586459,-0.6402126,0.788906,0.17893837,-0.022938445,-0.24595205,0.43226907,0.3662044,0.23390809,-0.07436303,0.24373358,-0.2682107,0.1865192,-0.102558985,0.004096657,1.4179852,1.0378169,-0.16366443,-0.7783034,0.66849697,1,4
17,0.78428835,-0.09340237,0.9322425,0.05718141,0.047917385,-0.3163305,0.8992073,0.53825116,-0.8110211,0.20592508,0.32112613,0.084889516,1.1078382,0.66231734,1.6135793,0.14380008,0.21986297,0.34168243,1.5687425,2.1698668,0.79047817,0.11879711,0.18922105,0.15997505,-0.870355,0.48341125,0.31344965,0.07051178,0.12668549,0.14519268,0.87032133,-0.5806722,-0.57008433,0.47790983,0.003441043,0.63578206,0.5447493,0.793672,-0.5164557,0.051840756,0.42547432,-0.44225395,-0.84208775,0.30125162,-0.017623171,0.6256283,-0.19379362,0.37085715,-0.8297619,0.8895501,0.78881973,-0.62702847,-0.96783,0.25704712,0.037933517,0.8428212,0.80485404,0.5456087,-0.7756659,0.9156686,0.49023405,-0.64163536,-1.4215002,1.8479829,0.024300896,0.8041071,0.6256658,1.8547285,-0.25428012,0.7028154,0.5583532,-0.64072496,0.7884418,0.17877556,-0.01470794,-0.24464436,0.43507373,0.364991,0.23330855,-0.07211468,0.24368332,-0.2677084,0.18650715,-0.102114365,0.0036543347,1.4179828,1.0375807,-0.16388288,-0.7783155,0.66772753,1,4
18,0.7847521,-0.095223784,0.9323923,0.05178126,0.04651182,-0.31927964,0.898926,0.53825116,-0.8098463,0.20690343,0.32268676,0.08572776,1.1078382,0.66231734,1.6135793,0.14380008,0.21779995,0.34087062,1.5687425,2.1698668,0.79032946,0.11839484,0.18922105,0.15938626,-0.870355,0.48341125,0.31700876,0.07372371,0.12668549,0.14519268,0.8713857,-0.5796728,-0.5701951,0.47775835,0.026681975,0.627439,0.5446913,0.7902525,-0.51577777,0.04570996,0.42535478,-0.44173127,-0.8419004,0.30094144,-0.013452943,0.6252902,-0.19912902,0.3719831,-0.82692426,0.8923171,0.78881973,-0.62772477,-0.96783,0.25704712,0.012853182,0.84271395,0.8043994,0.54624,-0.7716471,0.9179783,0.49018973,-0.64151084,-1.4215093,1.8480005,0.0058340137,0.80394804,0.626509,1.8544837,-0.2526299,0.70365494,0.55880225,-0.64145434,0.78843164,0.17813851,0.0038417077,-0.24333668,0.43773854,0.3638353,0.23272097,-0.06991168,0.24387383,-0.26773694,0.18661629,-0.10201851,0.0035128049,1.4181203,1.0375767,-0.16422224,-0.7783014,0.6669476,1,4
19,0.785005,-0.096217394,0.93247384,0.048835747,0.045745153,-0.3208883,0.89877254,0.5383374,-0.8092054,0.20743705,0.32353798,0.08647076,1.107423,0.66245437,1.6141058,0.14507413,0.21597143,0.33985376,1.5692095,2.1699717,0.7901809,0.11689547,0.18966655,0.15842278,-0.870794,0.48341125,0.31895015,0.075475655,0.12668549,0.14493969,0.87196606,-0.5791277,-0.5702554,0.47767577,0.02778665,0.61909604,0.5446294,0.78686494,-0.51510423,0.039635323,0.42537972,-0.44147566,-0.8417857,0.3007561,-0.00352842,0.6249605,-0.20442039,0.3730971,-0.82412404,0.8950682,0.7894579,-0.62816215,-0.9675022,0.25701535,0.0125390375,0.8425957,0.80393314,0.54688185,-0.7676562,0.92022127,0.49073985,-0.6410549,-1.4218335,1.8480437,0.009691637,0.8037719,0.6273716,1.854234,-0.25096884,0.70445544,0.55906165,-0.64205354,0.78876823,0.17779088,0.009207171,-0.24203828,0.4403764,0.3626891,0.232152,-0.067745395,0.24398279,-0.26776102,0.18680301,-0.101990975,0.0032882504,1.4182296,1.0374689,-0.16437529,-0.7782716,0.666161,1,4
20,0.785005,-0.096217394,0.93247384,0.048835747,0.045745153,-0.3208883,0.89877254,0.5385274,-0.8092054,0.20743705,0.32353798,0.08709944,1.1065094,0.6627558,1.6152648,0.14787702,0.21442418,0.33859092,1.5702366,2.1702023,0.79003215,0.11407959,0.19064666,0.15700969,-0.8717598,0.48341125,0.31895015,0.075475655,0.12668549,0.14438307,0.87196606,-0.5791277,-0.5702554,0.47767577,0.0023279707,0.610753,0.54456246,0.783516,-0.51443595,0.03362806,0.42557818,-0.44154042,-0.8417584,0.30072072,0.013301218,0.62464076,-0.20965876,0.37419632,-0.82136875,0.89779985,0.79086185,-0.6282887,-0.9667807,0.25694543,0.041944154,0.84246427,0.80345345,0.5475365,-0.76369864,0.92238414,0.4920043,-0.6402012,-1.422536,1.8481175,0.04033852,0.8035754,0.62825716,1.8539785,-0.24929476,0.7052092,0.5590927,-0.6424964,0.7895209,0.17779088,-0.0012482969,-0.24075101,0.44298285,0.36155492,0.2316054,-0.065623164,0.24399409,-0.26777968,0.18708284,-0.10204552,0.0029641115,1.418305,1.0372373,-0.16430475,-0.77822316,0.6653664,1,4
21,0.785005,-0.096217394,0.9321337,0.043926522,0.045745153,-0.3208883,0.89877254,0.5385446,-0.8092054,0.20743705,0.3192818,0.087156594,1.1064264,0.66278315,1.6134547,0.14919353,0.2142835,0.33847612,1.57033,2.170223,0.79001874,0.11382361,0.19103278,0.15688123,-0.8725061,0.48318222,0.32020846,0.079368904,0.1208827,0.14382645,0.8717864,-0.578089,-0.57032865,0.4776414,-0.004281181,0.60240996,0.5444825,0.78016347,-0.5137754,0.02770181,0.42559618,-0.44244444,-0.8417558,0.3007174,0.0052833552,0.6243211,-0.21481358,0.37527594,-0.8187009,0.9004332,0.7899039,-0.62816733,-0.9667741,0.25722072,-0.0048573497,0.8423329,0.8029594,0.54819643,-0.75981206,0.9245089,0.4921189,-0.6400121,-1.4225999,1.8481243,0.016211035,0.8033789,0.62912637,1.853727,-0.2476455,0.70595324,0.5587103,-0.6443923,0.7901119,0.17753339,-0.012526365,-0.23948233,0.4454257,0.36049,0.23099789,-0.06365649,0.24407054,-0.26775074,0.1871577,-0.10180904,0.0029346494,1.4183118,1.0374713,-0.16471961,-0.77817476,0.6645813,1,4
22,0.7852073,-0.09340237,0.93181396,0.037871815,0.046256263,-0.3208883,0.8988237,0.5387518,-0.80877817,0.20761493,0.31261376,0.08738521,1.1064264,0.6627174,1.6117694,0.14993672,0.2139084,0.3379185,1.57033,2.170223,0.78991055,0.112214535,0.19124068,0.1568384,-0.87296706,0.48302191,0.32108924,0.08209416,0.11682075,0.14347225,0.8719911,-0.5766574,-0.570483,0.4778667,0.0023337598,0.594067,0.5444052,0.776814,-0.5131069,0.021813275,0.4257847,-0.44381294,-0.8417667,0.300566,0.008585257,0.6240081,-0.21992888,0.37634617,-0.81610304,0.9030032,0.78874695,-0.62816095,-0.96683675,0.25744668,-0.038693372,0.84219074,0.8024657,0.5488523,-0.7559516,0.9265754,0.49208683,-0.6397873,-1.4226065,1.8481371,-0.0033862458,0.8031812,0.6300141,1.8534663,-0.24601173,0.7066848,0.5584409,-0.6456913,0.79047763,0.1773531,-0.015906341,-0.2382155,0.44783327,0.35943955,0.23038875,-0.061719555,0.24422507,-0.26803198,0.18728542,-0.10177528,0.0029398715,1.4183825,1.0376656,-0.16504355,-0.7781116,0.6637964,1,4
23,0.78576374,-0.085661046,0.9315894,0.030671632,0.047661826,-0.3208883,0.8989643,0.5393213,-0.80760336,0.2081041,0.30246988,0.088013895,1.1064264,0.6625365,1.6108214,0.14993672,0.2128769,0.33638504,1.57033,2.170223,0.7896133,0.107789576,0.19124068,0.15672065,-0.87296706,0.48302191,0.32108924,0.08209416,0.11682075,0.14347225,0.8728999,-0.57472014,-0.57076627,0.4785523,0.0287922,0.58572394,0.54433507,0.77347064,-0.51242274,0.015976578,0.42630333,-0.44584742,-0.8417968,0.3001495,0.036044978,0.62370694,-0.22499026,0.37740365,-0.8136127,0.90547985,0.7876575,-0.6283992,-0.966896,0.25752592,-0.036503818,0.84202987,0.80197465,0.5495003,-0.75212437,0.9285467,0.49199742,-0.6393839,-1.4226245,1.8481723,-0.00547028,0.8029815,0.63093764,1.8531889,-0.24440075,0.7073963,0.5584409,-0.6456913,0.79047763,0.1773531,-0.0053207227,-0.23694868,0.45020685,0.3584018,0.22978742,-0.05980745,0.2445045,-0.26886415,0.18754162,-0.102147415,0.0029542255,1.4185767,1.0377095,-0.16512349,-0.7780228,0.6630102,1,4
24,0.7858649,-0.084253535,0.93154854,0.029362528,0.04802193,-0.31927964,0.8989899,0.5394249,-0.8066688,0.20819305,0.30062553,0.0881282,1.1059664,0.66213375,1.6090977,0.15223,0.21226737,0.33522058,1.5706356,2.1699874,0.78931606,0.104352005,0.19124068,0.15612115,-0.87346095,0.4828983,0.32108924,0.08209416,0.110727824,0.14310794,0.873065,-0.57448494,-0.5708177,0.47867694,0.015820267,0.5774013,0.54426116,0.77017707,-0.5117438,0.0102460375,0.4263421,-0.44621733,-0.84181005,0.29988346,0.01562801,0.6234057,-0.22996272,0.37843975,-0.8111634,0.9079156,0.78536236,-0.62821,-0.9666955,0.2576455,-0.061348908,0.84185207,0.80146223,0.5501697,-0.74833673,0.93042547,0.49110964,-0.63894093,-1.4230888,1.8481505,-0.024558159,0.80276656,0.63189596,1.852898,-0.24280423,0.7080596,0.55815166,-0.64650375,0.79086965,0.17733563,-0.01062706,-0.23569524,0.45254192,0.35738012,0.22911315,-0.058038056,0.24455217,-0.26911592,0.18767011,-0.10213311,0.002762959,1.4186637,1.037719,-0.1652534,-0.77791417,0.66222054,1,4
25,0.7858649,-0.08437776,0.93144643,0.02641696,0.04811486,-0.31784976,0.8989899,0.5394249,-0.80602795,0.20805962,0.29849744,0.0881282,1.1055577,0.661805,1.6077188,0.15426846,0.21189229,0.33443338,1.5709072,2.1697779,0.7890998,0.10201153,0.19124068,0.1556073,-0.87389994,0.4827471,0.32135886,0.08355413,0.104441464,0.14269301,0.87301314,-0.57396007,-0.57083887,0.47865534,-0.0012268575,0.5690833,0.5441816,0.7668731,-0.5110674,0.004553085,0.42629263,-0.446696,-0.8418169,0.29971424,-0.005977447,0.62310445,-0.23488666,0.37946492,-0.80875534,0.9103046,0.78349847,-0.62800324,-0.9665078,0.25773895,-0.069147155,0.84167045,0.8009457,0.55083954,-0.7445784,0.9322735,0.4903349,-0.6386123,-1.4234986,1.8481253,-0.034383606,0.8025481,0.632856,1.8526057,-0.24121958,0.7087087,0.5578271,-0.6476975,0.79121965,0.17726597,-0.016332854,-0.2344481,0.45481092,0.35638675,0.22841592,-0.05632791,0.24457121,-0.269186,0.18776385,-0.1020465,0.0025906547,1.4187098,1.037721,-0.1653848,-0.77780116,0.6614318,1,4
26,0.7858649,-0.08483307,0.9310723,0.01561671,0.04811486,-0.31784976,0.8989899,0.5394249,-0.80602795,0.20757048,0.29069445,0.0881282,1.1055577,0.661805,1.6077188,0.15426846,0.21189229,0.33443338,1.5709072,2.1697779,0.7890998,0.10201153,0.19124068,0.1556073,-0.87389994,0.48259595,0.32234755,0.088907324,0.101249926,0.14235905,0.872823,-0.5716549,-0.5709165,0.47857603,-0.0057750614,0.5607652,0.54408854,0.7635122,-0.51039517,-0.0011024722,0.42629263,-0.44845122,-0.8418169,0.29971424,-0.0023809623,0.6228033,-0.23973334,0.3804733,-0.80643296,0.9125931,0.78349847,-0.62800324,-0.9665078,0.25773895,-0.015466977,0.8414889,0.8004315,0.5514975,-0.740875,0.9340941,0.4903349,-0.6386123,-1.4234986,1.8481253,-0.009433084,0.8023298,0.6338011,1.8523177,-0.23965798,0.7093481,0.5575792,-0.64942664,0.7912253,0.17706758,-0.013686449,-0.23320988,0.45692596,0.3554597,0.22770074,-0.05469117,0.24465114,-0.26911518,0.18784033,-0.10199621,0.0025906547,1.4187098,1.0377234,-0.16549048,-0.77768815,0.6606477,1,4
27,0.78620213,-0.085288554,0.9302627,0.010052933,0.049044155,-0.31356004,0.8992969,0.539563,-0.8062416,0.20672555,0.28232393,0.08858543,1.1052511,0.661805,1.6066463,0.15426846,0.21189229,0.33443338,1.5709072,2.1695683,0.7874782,0.10171897,0.19005267,0.15526474,-0.8730219,0.48255473,0.32261717,0.09166503,0.10037951,0.14226796,0.87309957,-0.57057476,-0.5712002,0.4784529,0.0041470267,0.55250156,0.54400414,0.76015013,-0.5097082,-0.0066701192,0.42648473,-0.45046377,-0.8420126,0.29974484,0.008768776,0.6225154,-0.24449827,0.38146284,-0.80422217,0.9147959,0.78283286,-0.62800324,-0.9663271,0.25789696,-0.014763772,0.8413073,0.79991764,0.5521474,-0.7372232,0.935887,0.4890315,-0.638942,-1.4237622,1.8482677,-0.033152178,0.8021023,0.63472676,1.852036,-0.23813115,0.70994395,0.5574831,-0.6501882,0.7905424,0.17701344,-0.009178488,-0.23197167,0.4589666,0.35456365,0.22699106,-0.05307404,0.2448635,-0.26898912,0.18819004,-0.101795,0.0026204241,1.4188161,1.0373131,-0.16567868,-0.7775706,0.6598574,1,4
28,0.7865815,-0.085661046,0.929453,0.0071074213,0.050089616,-0.3078404,0.89964205,0.53971833,-0.80648184,0.20592508,0.27530122,0.08909981,1.104855,0.661931,1.6050565,0.15465069,0.21193919,0.33453175,1.5707206,2.1693065,0.7853294,0.10138984,0.18847854,0.1548151,-0.8720342,0.48255473,0.32261717,0.09312499,0.10037951,0.142187,0.87346166,-0.5701467,-0.5714984,0.4783373,0.014569616,0.5442697,0.54392177,0.7567964,-0.5090173,-0.012178709,0.4267007,-0.45218933,-0.8422328,0.29977927,0.017666535,0.6222326,-0.2492147,0.38244116,-0.80206114,0.9169584,0.78224343,-0.6279462,-0.966079,0.25817308,-0.023623956,0.8411276,0.7993988,0.5527983,-0.73360497,0.93766963,0.4872918,-0.63938427,-1.4239398,1.8484601,-0.06626832,0.80186975,0.63564056,1.8517587,-0.23662391,0.7105137,0.5574509,-0.6505823,0.7897724,0.17701344,-0.0047398303,-0.2307364,0.4609713,0.3536821,0.22628942,-0.051474772,0.24508087,-0.26886767,0.18858024,-0.101506464,0.0027053754,1.4189625,1.0368177,-0.16595724,-0.7774538,0.65906525,1,4
29,0.7865815,-0.085661046,0.929378,0.0071074213,0.050089616,-0.3029251,0.89964205,0.53971833,-0.80648184,0.20592508,0.27530122,0.08909981,1.104574,0.66262424,1.6029499,0.15675285,0.21219708,0.335073,1.5696932,2.1691623,0.7835456,0.10138984,0.18717171,0.15446183,-0.8720342,0.48255473,0.32261717,0.09312499,0.10037951,0.14174171,0.8734225,-0.570586,-0.57151455,0.47832972,0.002825956,0.53608876,0.54383546,0.7534814,-0.5083337,-0.017570052,0.4267007,-0.45218933,-0.8422328,0.29977927,0.0036843354,0.62194985,-0.25385743,0.3834022,-0.7999355,0.91908526,0.78311926,-0.62763226,-0.9658329,0.25871426,0.013878881,0.84095633,0.7988565,0.5534683,-0.7300506,0.93945295,0.48578668,-0.6397769,-1.4232857,1.8486377,-0.059541516,0.80162954,0.63653183,1.8514907,-0.2351462,0.71104026,0.5574509,-0.65095514,0.7897724,0.17701344,-0.0037544009,-0.22951454,0.462942,0.35281438,0.22561482,-0.049922764,0.24509752,-0.26886103,0.18869169,-0.101079434,0.0029883792,1.4191103,1.0366349,-0.16650318,-0.7773468,0.6582749,1,4
30,0.7865815,-0.085661046,0.92892236,0.005198269,0.050089616,-0.30113775,0.89964205,0.53971833,-0.8066688,0.2049912,0.2723219,0.08909981,1.1044717,0.6628763,1.6021839,0.15751727,0.21229082,0.3352698,1.5693197,2.1691098,0.78289706,0.1024138,0.18669651,0.15433337,-0.8720342,0.48261893,0.32060385,0.09539605,0.102184825,0.14136727,0.87318236,-0.57033443,-0.5716127,0.4782838,-0.006242932,0.5279078,0.54374146,0.75018305,-0.50765747,-0.022904206,0.42671514,-0.45308003,-0.84223074,0.29982862,-0.0006394687,0.621667,-0.25841215,0.3843439,-0.7978642,0.9211504,0.7834377,-0.6275181,-0.96574336,0.25891107,0.015845546,0.8407851,0.7983173,0.55412817,-0.72654146,0.94121337,0.48523962,-0.6400201,-1.4230478,1.8487023,-0.034667842,0.80138934,0.6373931,1.8512335,-0.2336855,0.71156216,0.55735433,-0.65163267,0.7897746,0.17738286,-0.0058058277,-0.22830047,0.46479917,0.35199484,0.22498795,-0.04837721,0.24519947,-0.26879385,0.1888232,-0.10089678,0.003089807,1.4191445,1.0365692,-0.16650489,-0.77723974,0.6574884,1,4
31,0.7865619,-0.084915884,0.9282283,0.0024709408,0.050159313,-0.3007803,0.89971876,0.5396924,-0.8069625,0.20356816,0.267711,0.08911885,1.1044525,0.6628763,1.6019063,0.15751727,0.21229082,0.3352698,1.5692518,2.1691098,0.78277546,0.10387659,0.18669651,0.15433337,-0.8720342,0.48271048,0.31772783,0.09864041,0.10476384,0.14106366,0.8727648,-0.56975704,-0.5717604,0.47828218,-0.014603917,0.51973146,0.5436443,0.7469016,-0.5069849,-0.02819307,0.42671838,-0.4544532,-0.84228593,0.299911,-0.0005689494,0.6213848,-0.26290667,0.38527232,-0.7958326,0.9231743,0.7832775,-0.6275181,-0.96573853,0.258952,-0.0041885804,0.84061396,0.79777956,0.5547818,-0.72306436,0.9429575,0.4851762,-0.64016354,-1.4229972,1.8487167,-0.004111435,0.80114913,0.63823456,1.8509828,-0.23223673,0.7120804,0.55721676,-0.65240675,0.78977776,0.17791079,-0.008904105,-0.22709085,0.46658835,0.3512043,0.22438946,-0.046838146,0.2453291,-0.26874885,0.18897063,-0.10086383,0.0031521942,1.419124,1.0365669,-0.16626507,-0.7771326,0.6567043,1,4
32,0.7863454,-0.076719254,0.92733014,0.0024709408,0.05092598,-0.29684803,0.9005627,0.53940773,-0.80725616,0.20258981,0.26380953,0.089328416,1.1042417,0.6628763,1.5988514,0.15751727,0.21229082,0.3352698,1.5685047,2.1691098,0.7814377,0.10387659,0.18669651,0.15433337,-0.8720342,0.48271048,0.31772783,0.09864041,0.10476384,0.14106366,0.8717173,-0.56987125,-0.5719345,0.47894332,-0.031170417,0.51160043,0.5435565,0.7436944,-0.50630623,-0.03335556,0.42653,-0.45556223,-0.84292346,0.30004174,-0.011746244,0.62110823,-0.26730058,0.38617736,-0.79388744,0.9251383,0.7815117,-0.6275181,-0.965685,0.2594025,-0.041166767,0.8404427,0.79723966,0.55542946,-0.71964955,0.9446702,0.48447943,-0.64016354,-1.4224409,1.8488765,-0.020424843,0.80090886,0.6390544,1.8507394,-0.23080955,0.7125868,0.55721676,-0.65240675,0.78977776,0.17791079,-0.005117317,-0.22588123,0.4683422,0.3504276,0.22380182,-0.045327134,0.24524812,-0.2692702,0.18916288,-0.1009309,0.0038613512,1.419205,1.0365273,-0.16671945,-0.7770236,0.65592015,1,4
33,0.7862471,-0.0715031,0.9269219,0.002798245,0.051344164,-0.29506066,0.9010998,0.5392782,-0.8073897,0.20214513,0.26203611,0.08942367,1.1041459,0.66315585,1.596084,0.15751727,0.21158755,0.33576182,1.5680633,2.1691413,0.78034306,0.10563196,0.18740933,0.15491146,-0.8720342,0.48265556,0.3170807,0.09864041,0.10476384,0.14106366,0.87121826,-0.5699723,-0.5720231,0.47938055,-0.025593575,0.50346947,0.5434672,0.7405336,-0.505632,-0.038457416,0.42645994,-0.45606637,-0.8433222,0.30010107,-0.010550433,0.62083155,-0.27164868,0.38707146,-0.7919652,0.927083,0.78078675,-0.6278143,-0.9656566,0.2599035,-0.03617639,0.8402809,0.7966965,0.55607504,-0.7162988,0.9463865,0.48409972,-0.64019847,-1.4221057,1.8490146,-0.020419525,0.800684,0.6398293,1.8505098,-0.22940083,0.7131346,0.5569995,-0.65240675,0.78978276,0.17801905,-0.008828619,-0.22467162,0.4700717,0.3496608,0.22322062,-0.0438327,0.24517663,-0.26962927,0.18926126,-0.10081675,0.0042994292,1.4192965,1.036508,-0.16716729,-0.77692556,0.65514636,1,4
34,0.7862471,-0.06877089,0.9269219,0.0033982368,0.051471945,-0.29506066,0.9013811,0.5392782,-0.8073897,0.20214513,0.26203611,0.08942367,1.1041459,0.6636682,1.5935559,0.15751727,0.21029815,0.33666384,1.5678766,2.169199,0.7794511,0.1088501,0.18871614,0.15597127,-0.8720342,0.48255473,0.31589434,0.09864041,0.10476384,0.14106366,0.8711755,-0.5700623,-0.57204044,0.4796312,-0.0015641595,0.49533844,0.543377,0.73741114,-0.50496155,-0.043508757,0.42648876,-0.45606637,-0.8435221,0.30010107,0.00095618,0.62055486,-0.27595904,0.38795665,-0.7900621,0.9290117,0.7809296,-0.62835723,-0.9656488,0.26044676,0.0037873774,0.840127,0.79615045,0.5567186,-0.7130015,0.9481059,0.48398435,-0.64026254,-1.4219546,1.849135,-0.0068154307,0.80047184,0.64056706,1.8502918,-0.22800748,0.71371657,0.55660105,-0.65240675,0.7897918,0.17821723,-0.018788261,-0.22346202,0.4717807,0.34890196,0.22264475,-0.042352073,0.24511297,-0.26985312,0.18928139,-0.10055157,0.004511556,1.4193965,1.0365059,-0.16760965,-0.77683675,0.65438116,1,4
35,0.7860926,-0.06877089,0.9265478,0.0033982368,0.051471945,-0.29506066,0.9013811,0.53908837,-0.80768335,0.20214513,0.26203611,0.08942367,1.1043568,0.6636682,1.5935559,0.15751727,0.21029815,0.33666384,1.5678766,2.169199,0.7794511,0.1088501,0.19329002,0.15597127,-0.8720342,0.4824539,0.31589434,0.10042481,0.10831,0.14217688,0.8706597,-0.5700623,-0.5720697,0.47959366,-0.0128854,0.4872074,0.54328054,0.73435134,-0.5043023,-0.048459098,0.4263131,-0.45606637,-0.8435465,0.30021405,-0.009870475,0.6202783,-0.28019392,0.38882402,-0.78819716,0.93090236,0.7809697,-0.62835723,-0.96579576,0.26044676,0.0016340152,0.8399731,0.79560983,0.5573472,-0.7097717,0.9497917,0.48398435,-0.63855875,-1.4219546,1.849135,-0.0041061826,0.8002597,0.64130753,1.8500736,-0.22655769,0.7143502,0.55635196,-0.6515456,0.78979754,0.178203,-0.015051061,-0.22221152,0.473396,0.34818298,0.2220925,-0.04078643,0.24513319,-0.26975998,0.18925324,-0.10052776,0.004529513,1.4193518,1.0366174,-0.16761723,-0.77674794,0.6535949,1,4
36,0.7858677,-0.06628695,0.9260375,0.0118530225,0.05205276,-0.29372007,0.9015728,0.5389848,-0.80797714,0.20281218,0.2662923,0.089328416,1.1044717,0.6636682,1.5926939,0.15751727,0.21029815,0.33666384,1.5678766,2.169199,0.77911323,0.1088501,0.19578485,0.15597127,-0.8719244,0.48239902,0.31760204,0.101398125,0.110727824,0.1432395,0.8698883,-0.5718095,-0.5721209,0.47977054,-0.025169924,0.4790934,0.54320157,0.73143804,-0.50363827,-0.053307217,0.4262472,-0.4549905,-0.84369475,0.30031112,-0.009961236,0.6199988,-0.28441715,0.38968655,-0.7863091,0.9328246,0.7805057,-0.62835723,-0.9659022,0.26057398,-0.010089418,0.83981913,0.7950697,0.55797154,-0.7065714,0.9514627,0.4838835,-0.6376294,-1.421975,1.8491752,-0.004991383,0.8000476,0.64203876,1.8498579,-0.22512102,0.7149784,0.5564286,-0.65064174,0.7897101,0.17788944,-0.0048767105,-0.22094433,0.47500554,0.34746486,0.22153346,-0.039201237,0.24512544,-0.26986665,0.18926239,-0.10054047,0.0046295444,1.419347,1.0366611,-0.1679126,-0.7766601,0.6528001,1,4
37,0.78555864,-0.06082253,0.9253638,0.030453505,0.05333054,-0.29077092,0.90199476,0.5389848,-0.8082708,0.20427969,0.27565593,0.08911885,1.1044717,0.6636682,1.590798,0.15751727,0.21029815,0.33666384,1.5678766,2.169199,0.77836996,0.1088501,0.19578485,0.15597127,-0.871683,0.48239902,0.32135886,0.101398125,0.11179167,0.14424141,0.8688103,-0.5756533,-0.5721983,0.48020467,-0.038610376,0.47099978,0.54314363,0.7287006,-0.50296843,-0.05803264,0.4263131,-0.45262364,-0.8439913,0.3003885,0.002831004,0.61971605,-0.288626,0.39054322,-0.78439337,0.9347847,0.7794369,-0.62835723,-0.9659601,0.26085392,-0.03329687,0.83966523,0.79453015,0.55859095,-0.7034065,0.9531156,0.48366114,-0.6376294,-1.4220198,1.8492639,-0.010189896,0.7998354,0.6427593,1.8496455,-0.22370014,0.7156002,0.5568957,-0.6496868,0.7895111,0.17721681,0.013022181,-0.21965706,0.4766093,0.3467486,0.2209662,-0.037592586,0.24508405,-0.27021343,0.18931618,-0.100596875,0.0048280433,1.41939,1.0366237,-0.1685533,-0.77657324,0.65199494,1,4
38,0.7855305,-0.060325813,0.92530257,0.032144416,0.05356286,-0.29050285,0.9020332,0.539071,-0.8082976,0.2053025,0.28076336,0.08909981,1.1051744,0.66391486,1.5903382,0.1581543,0.2154557,0.3378939,1.569235,2.1691728,0.77830243,0.10921579,0.19964592,0.15672065,-0.871661,0.48235324,0.32170042,0.101398125,0.11188838,0.14433247,0.8687125,-0.57596475,-0.57220525,0.48024416,-0.016393479,0.46290618,0.5430832,0.7260149,-0.50230557,-0.062672086,0.4264092,-0.4512684,-0.84400564,0.30037946,0.0055924477,0.6194333,-0.2927944,0.3913882,-0.78247374,0.93675786,0.7800671,-0.62653905,-0.966423,0.26100358,0.0001675145,0.8395349,0.79398376,0.55920434,-0.7002453,0.95488065,0.48407984,-0.6363605,-1.4232031,1.8492658,0.0043257587,0.7996431,0.6434659,1.8494325,-0.22226864,0.716315,0.55682516,-0.64959997,0.7894955,0.17714909,0.0012059704,-0.21836981,0.47818226,0.34604475,0.22040926,-0.036013227,0.2450854,-0.27025342,0.18914346,-0.10050511,0.004326629,1.4193951,1.0369613,-0.16874029,-0.776514,0.6512032,1,4
39,0.7854743,-0.060325813,0.925221,0.032144416,0.053644177,-0.29050285,0.90193087,0.53913146,-0.8082976,0.20592508,0.28374267,0.089023605,1.1057174,0.6640875,1.5901374,0.15860021,0.2190659,0.33875492,1.5701857,2.1691544,0.7791673,0.10947178,0.20234865,0.1572452,-0.87109035,0.48232114,0.32170042,0.10165767,0.11175943,0.14453487,0.86855376,-0.57593817,-0.5722042,0.480236,-0.0037883455,0.45481256,0.5430207,0.7233541,-0.50164723,-0.067269176,0.4264618,-0.45046318,-0.84392416,0.30036807,0.0042484067,0.6191482,-0.29692778,0.3922253,-0.78056324,0.9387141,0.7805858,-0.6252664,-0.96677893,0.26109055,0.019176736,0.83940685,0.7934388,0.55981195,-0.697108,0.95664424,0.48464444,-0.6354723,-1.4239763,1.849158,0.016762586,0.79945284,0.6441697,1.8492188,-0.22084646,0.71703285,0.55672747,-0.6494892,0.78905237,0.17714456,-0.007530471,-0.21707512,0.4797315,0.34535065,0.21984342,-0.03443564,0.24511756,-0.27025217,0.18900429,-0.10043209,0.003932228,1.41931,1.0370467,-0.1688304,-0.77645826,0.6504089,1,4
40,0.7853198,-0.060325813,0.9249965,0.032144416,0.053644177,-0.29050285,0.9016496,0.53913146,-0.8082976,0.20592508,0.28374267,0.08881404,1.1058578,0.6640875,1.5901374,0.15860021,0.2190659,0.33875492,1.5701857,2.1691544,0.7815456,0.10947178,0.20234865,0.1572452,-0.86952084,0.48232114,0.32170042,0.10237143,0.111404814,0.14509149,0.8681166,-0.57593817,-0.57220113,0.48021352,-0.014243596,0.44671896,0.5429553,0.72072756,-0.5009959,-0.071807146,0.42643312,-0.45044345,-0.84372437,0.30036807,-0.0025248933,0.6188593,-0.30100995,0.3930509,-0.7786694,0.94063807,0.7806125,-0.6252664,-0.96687686,0.26109055,0.0029722336,0.8392789,0.79289764,0.5604102,-0.69401145,0.9583856,0.485355,-0.6354723,-1.4238327,1.8488744,0.022111615,0.7992625,0.64487225,1.8490047,-0.21944237,0.7177398,0.5566773,-0.64918447,0.78782874,0.17714456,-0.005677366,-0.21576744,0.48124418,0.3446715,0.21926023,-0.03285603,0.245196,-0.2702321,0.18896338,-0.100417875,0.0038475837,1.419074,1.036625,-0.1688304,-0.7764037,0.64960796,1,4
41,0.78519046,-0.05846299,0.9248331,0.039017353,0.05406236,-0.2896985,0.90102303,0.5392091,-0.8078169,0.207526,0.2952344,0.08860447,1.1058835,0.6640875,1.5901374,0.15860021,0.2190659,0.33875492,1.5701857,2.1691544,0.78197813,0.10947178,0.20234865,0.15695617,-0.8692355,0.4824448,0.32137692,0.102501206,0.11134034,0.14519268,0.86773455,-0.5773316,-0.57220525,0.4803683,-0.014825383,0.43863556,0.5429014,0.71824175,-0.5003467,-0.076225676,0.42641294,-0.4475711,-0.8432733,0.30022663,-0.0032956603,0.6185653,-0.30507326,0.39386764,-0.7766904,0.94264865,0.7806172,-0.6252664,-0.9668946,0.26109055,-0.00042557705,0.83915097,0.7923613,0.5609972,-0.69096553,0.96009827,0.48548412,-0.6354178,-1.4238065,1.8488227,0.0094715785,0.7990646,0.64556503,1.8487948,-0.21805128,0.7184186,0.55693245,-0.6491291,0.7876003,0.17722005,0.00229624,-0.21445975,0.48272797,0.34400433,0.21868649,-0.031302292,0.24538434,-0.2704449,0.18896048,-0.10051586,0.00352741,1.419087,1.0365459,-0.16879019,-0.77635086,0.64880186,1,4
42,0.7851005,-0.05680703,0.9247243,0.04512656,0.05443408,-0.28898358,0.90051156,0.5392782,-0.8073897,0.20894903,0.30544922,0.08845207,1.1065925,0.66419435,1.590511,0.15955576,0.21871427,0.33887795,1.5699819,2.1691074,0.7824645,0.10958151,0.20181404,0.1564423,-0.8692355,0.48255473,0.32108924,0.102501206,0.11095348,0.14519268,0.86746573,-0.5785701,-0.57220936,0.48050952,-0.011241075,0.43055442,0.5428489,0.715801,-0.49970102,-0.08059353,0.42639977,-0.44502115,-0.84290445,0.30010107,-0.0026238835,0.6182703,-0.30911142,0.3946775,-0.7747034,0.9446673,0.78129077,-0.6252701,-0.9673593,0.26107085,0.013277764,0.8390253,0.79181707,0.56159055,-0.68796134,0.96180195,0.48536417,-0.6355258,-1.4236407,1.8487533,-0.005435574,0.7988581,0.6462526,1.8485878,-0.21667042,0.719064,0.55716735,-0.64916253,0.78759503,0.17728712,0.0068819085,-0.21315205,0.4841964,0.3433433,0.21811146,-0.029768309,0.24553904,-0.27063742,0.18878426,-0.1006206,0.0033282686,1.4190791,1.0368888,-0.1687346,-0.7763011,0.64799005,1,4
43,0.7851005,-0.05680703,0.9247243,0.04512656,0.05443408,-0.28898358,0.90051156,0.5392782,-0.8073897,0.20894903,0.30544922,0.08845207,1.1091924,0.6645861,1.59188,0.16305937,0.21742487,0.33932894,1.569235,2.1689346,0.78424853,0.109983765,0.19985381,0.15550023,-0.8692355,0.48255473,0.32108924,0.102501206,0.10953502,0.14519268,0.86746573,-0.5785701,-0.57220936,0.48050952,-0.0023981368,0.4224733,0.54279333,0.7133968,-0.49906325,-0.084897,0.42639977,-0.44502115,-0.84290445,0.30010107,-0.001662343,0.6179752,-0.31309208,0.39547434,-0.77274525,0.9466562,0.7837595,-0.62528366,-0.9690629,0.26099852,0.064994514,0.838906,0.7912493,0.56220835,-0.68503845,0.9634983,0.48492485,-0.6360996,-1.4230322,1.8484987,-0.015728375,0.79863346,0.6469344,1.8483862,-0.21530914,0.7196373,0.55716735,-0.6492852,0.78759503,0.17728712,-0.0011936445,-0.21184437,0.48564234,0.3426915,0.21752751,-0.028271696,0.24553904,-0.27063742,0.18812324,-0.100677006,0.0035915007,1.4188672,1.0381545,-0.16866165,-0.77625877,0.64716595,1,4
44,0.7851005,-0.05680703,0.9247243,0.042944666,0.05443408,-0.29041344,0.9002046,0.5392782,-0.8073897,0.20894903,0.30544922,0.08845207,1.1099014,0.66478074,1.5927134,0.16401489,0.21707323,0.33945197,1.5690311,2.1688871,0.78516746,0.110093474,0.19931921,0.1552433,-0.8683575,0.4829944,0.3209454,0.10327986,0.10656915,0.14527366,0.86746573,-0.57797873,-0.57220936,0.48050952,1.3567397e-05,0.41437405,0.5427318,0.7110055,-0.49843228,-0.08915902,0.42636845,-0.44502115,-0.8426865,0.30010107,-0.0030614368,0.6176801,-0.31701794,0.39625877,-0.77081203,0.94861174,0.78496045,-0.6252874,-0.9694987,0.26094007,0.052534863,0.8387866,0.79068726,0.5628149,-0.68215775,0.9651697,0.48493403,-0.63625604,-1.4228401,1.8483776,-0.008018468,0.79840887,0.6476074,1.8481864,-0.21396758,0.7202017,0.55820686,-0.6496149,0.7868868,0.1773751,0.02259364,-0.21053371,0.4870389,0.34206173,0.2169005,-0.02682477,0.24562803,-0.27063742,0.1879542,-0.10072258,0.0035144803,1.4187665,1.038192,-0.16855587,-0.7762163,0.64634037,1,4
45,0.7850837,-0.056558587,0.92469716,0.03885367,0.05445731,-0.293452,0.89978266,0.5393127,-0.8073363,0.20903797,0.30530736,0.088528275,1.1099014,0.6648794,1.5932304,0.16401489,0.21627615,0.33940274,1.5688952,2.1688716,0.7856538,0.110093474,0.19878459,0.15496497,-0.8673698,0.4834891,0.3207477,0.104480274,0.10366776,0.14542545,0.867413,-0.57682943,-0.57221115,0.48052964,-0.001253747,0.40624985,0.5426658,0.7086134,-0.49780482,-0.0934083,0.4263573,-0.445031,-0.8423823,0.30008042,-0.0032381746,0.61738724,-0.32091233,0.39703602,-0.7688984,0.95054734,0.78555393,-0.62556595,-0.96946615,0.26089644,0.0198882,0.8386664,0.7901288,0.56341547,-0.6793164,0.966813,0.48496458,-0.63638765,-1.4227073,1.8483157,0.000352353,0.7981769,0.6482755,1.8479893,-0.21263775,0.72073674,0.559372,-0.64995956,0.7860901,0.17748034,0.04522066,-0.2092197,0.48840082,0.3414471,0.21625717,-0.025398232,0.24575406,-0.27066624,0.18796864,-0.100769304,0.0033485151,1.4187232,1.037846,-0.1684558,-0.7761721,0.6455081,1,4
46,0.78499097,-0.05519248,0.9245474,0.029853456,0.054585088,-0.30131653,0.8993608,0.53950256,-0.8070426,0.20952715,0.30452704,0.0889474,1.1099014,0.6648794,1.5932304,0.16401489,0.21189229,0.33913213,1.5681483,2.168785,0.7856538,0.110093474,0.19584425,0.15343413,-0.8673698,0.4834891,0.32055,0.10626467,0.10366776,0.14575942,0.8671214,-0.5741679,-0.5722213,0.48064014,-0.008223898,0.39804402,0.5425881,0.7061958,-0.49718136,-0.09767019,0.42648986,-0.44508538,-0.8420582,0.29996747,0.006069113,0.6171044,-0.32475916,0.3978021,-0.76703155,0.9524495,0.78555393,-0.627098,-0.96946615,0.26089644,0.0046970826,0.83854187,0.78957665,0.56400734,-0.67658055,0.9683716,0.48432967,-0.63711154,-1.4221383,1.8482947,-0.018681804,0.7979117,0.64893526,1.8478014,-0.21132743,0.7211545,0.5593471,-0.65002245,0.7860906,0.17751549,0.00885898,-0.20789567,0.48969024,0.34086278,0.21561302,-0.023979606,0.24589686,-0.27082464,0.18797861,-0.10083931,0.0033565857,1.4187504,1.0378462,-0.16843699,-0.7761196,0.64464825,1,4
47,0.7849572,-0.052377455,0.92449296,0.02658064,0.054631554,-0.3041763,0.8992073,0.5396924,-0.8069358,0.20970502,0.3042433,0.08923317,1.1101698,0.6649945,1.594638,0.16401489,0.20816484,0.33845973,1.5672824,2.1687171,0.786789,0.10727759,0.192696,0.15265264,-0.8673698,0.48339298,0.32047808,0.106913544,0.102088116,0.14588086,0.8669795,-0.57320005,-0.5722397,0.4808934,-0.0071786908,0.3898382,0.5425088,0.7038181,-0.49656498,-0.101873726,0.42666426,-0.44511706,-0.8419229,0.29990387,0.011667885,0.6168256,-0.32855922,0.39855725,-0.76519364,0.95433134,0.78675157,-0.62836367,-0.9695902,0.26072696,0.024253355,0.8384063,0.7890337,0.564589,-0.6739029,0.9698497,0.4840592,-0.63782614,-1.4213847,1.8481427,-0.017071405,0.79764056,0.64963555,1.8475958,-0.21006507,0.7215148,0.55910033,-0.6501623,0.7860961,0.17751484,-0.009900802,-0.20657162,0.49096298,0.34028596,0.2149507,-0.022601772,0.24597101,-0.27108434,0.18794863,-0.10113184,0.0035831786,1.4186493,1.0379404,-0.1682664,-0.7760531,0.64378446,1,4
48,0.7849572,-0.04906571,0.92449296,0.025707904,0.054631554,-0.30471256,0.89918166,0.5398651,-0.8069625,0.20970502,0.30417234,0.08942367,1.110553,0.66515887,1.5967065,0.16401489,0.20511721,0.3376397,1.5664334,2.1686647,0.78843755,0.10325491,0.18972597,0.15233147,-0.86743563,0.48320973,0.3202444,0.107108206,0.09963805,0.1459011,0.8669286,-0.5729661,-0.5722607,0.48119769,-0.0019424286,0.38162553,0.54242676,0.7014583,-0.49595338,-0.10604478,0.42684397,-0.44514877,-0.84187955,0.29987895,0.0138474,0.61654896,-0.33232698,0.39930472,-0.76337594,0.9561971,0.78849465,-0.62937576,-0.9697655,0.2604763,0.057178006,0.8382645,0.7884967,0.56516343,-0.67126334,0.971279,0.48401108,-0.6384709,-1.4206022,1.8479334,-0.0045608794,0.797366,0.65035754,1.8473804,-0.20883232,0.7218419,0.55862063,-0.6503631,0.7861582,0.1775308,-0.020476878,-0.20524684,0.49221712,0.3397175,0.21427557,-0.021251708,0.24601029,-0.27136934,0.1879013,-0.101519965,0.0038898638,1.4184852,1.0380958,-0.16800506,-0.7759783,0.64291793,1,4
49,0.7849572,-0.04906571,0.92449296,0.016107637,0.054631554,-0.31061086,0.89890033,0.5398651,-0.80725616,0.20970502,0.30339208,0.08942367,1.110553,0.66515887,1.5973383,0.16401489,0.20511721,0.3376397,1.5664334,2.1686647,0.78873503,0.10325491,0.18972597,0.15233147,-0.86816,0.48270592,0.31767395,0.10924949,0.09751036,0.14612375,0.8669286,-0.570393,-0.5722607,0.48119769,-0.00059767906,0.37334484,0.54233056,0.6990497,-0.49534744,-0.11022365,0.42683807,-0.4453106,-0.8416766,0.29995632,0.0030260575,0.6162723,-0.33603275,0.40003926,-0.76159436,0.95801675,0.7888504,-0.62937576,-0.96974605,0.26038316,0.025230438,0.83812267,0.7879673,0.5657244,-0.6686718,0.9726821,0.48409972,-0.6384709,-1.4205842,1.8478982,-0.0010180166,0.7970915,0.65106666,1.8471683,-0.20762192,0.7221626,0.5570746,-0.65073323,0.78675795,0.17791983,-0.049798086,-0.20391463,0.49337184,0.3391925,0.21357608,-0.019946314,0.24609314,-0.27132848,0.18790884,-0.10159273,0.0037485575,1.418425,1.0383236,-0.1677039,-0.7759036,0.64204764,1,4
50,0.7849572,-0.04583678,0.9242887,0.004543717,0.05498004,-0.3138282,0.89861906,0.5399168,-0.8078703,0.20997185,0.2992068,0.0897666,1.110553,0.66515887,1.5976257,0.16401489,0.20511721,0.3372461,1.5664334,2.1686647,0.78887004,0.10325491,0.18830033,0.15233147,-0.8684892,0.4824769,0.3165055,0.11080678,0.09654322,0.14622495,0.86677164,-0.5675226,-0.5723251,0.48147422,-0.0037422655,0.3650574,0.54223204,0.6965888,-0.49473488,-0.11439834,0.4269108,-0.44612226,-0.8414627,0.3001089,0.0022799424,0.6160057,-0.33972412,0.40077147,-0.7598772,0.9597817,0.7890127,-0.6293414,-0.9697372,0.2603408,0.0066374014,0.8379733,0.7874432,0.56627816,-0.66609687,0.97404575,0.4841402,-0.63898927,-1.420576,1.8478819,-0.00054438267,0.79681695,0.6517621,1.8469597,-0.20645095,0.72246,0.5563719,-0.65101564,0.7870306,0.17809668,-0.04204468,-0.20258243,0.49449512,0.3386813,0.21288429,-0.018655293,0.24624684,-0.27149478,0.18797582,-0.10180078,0.0035949915,1.4183512,1.0384272,-0.16756698,-0.77581686,0.6411773,1,4
51,0.7849572,-0.039916877,0.9239146,-0.008656613,0.05561893,-0.31481123,0.8983378,0.54001176,-0.80875146,0.21046102,0.2921841,0.09039528,1.110553,0.66515887,1.5976257,0.16401489,0.20511721,0.33652446,1.5664334,2.1686647,0.78887004,0.10325491,0.1856867,0.15233147,-0.8684892,0.4824769,0.3165055,0.11187742,0.09654322,0.14622495,0.8664837,-0.5644042,-0.5724433,0.48198113,-0.010627929,0.3567643,0.5421315,0.6940841,-0.49411687,-0.118569545,0.42704925,-0.4474754,-0.8412398,0.3003237,0.009929768,0.6157475,-0.34340292,0.40150142,-0.75821364,0.961501,0.7890127,-0.6292785,-0.9697372,0.2603408,-0.00082696596,0.83781767,0.7869233,0.56682634,-0.66353583,0.9753764,0.4841402,-0.63993955,-1.420576,1.8478819,-0.0026284144,0.7965424,0.6524457,1.8467542,-0.20531286,0.72273815,0.5563719,-0.6512249,0.7870306,0.17809668,-0.0033960624,-0.20125023,0.49559146,0.3381817,0.21219893,-0.017376246,0.24645957,-0.27183405,0.1880923,-0.10212165,0.0034312324,1.4182662,1.0384272,-0.16756698,-0.77572,0.640307,1,4
52,0.7849572,-0.039916877,0.9239146,-0.008656613,0.05561893,-0.31481123,0.8983378,0.54001176,-0.80875146,0.21046102,0.2921841,0.09060484,1.1109043,0.66518897,1.5978365,0.16401489,0.20795384,0.33607343,1.567087,2.168607,0.7913971,0.10325491,0.18503328,0.15256698,-0.8684892,0.4824769,0.31472585,0.11187742,0.09654322,0.14622495,0.8664837,-0.5644042,-0.5724433,0.48198113,-0.0037422485,0.34847113,0.5420281,0.6916306,-0.49350926,-0.12265678,0.42704925,-0.44749272,-0.8412398,0.3003237,0.0025986668,0.6154955,-0.34701255,0.40221557,-0.75659215,0.96319264,0.789291,-0.6282362,-0.96997005,0.26031974,0.0049997787,0.83765334,0.7864116,0.56735927,-0.6609638,0.9766892,0.48493248,-0.6402428,-1.4210261,1.8475667,0.015931092,0.7962741,0.65312266,1.8465466,-0.20422238,0.7230159,0.5561474,-0.6512249,0.7870355,0.17841542,-0.009011157,-0.199918,0.4966525,0.33769655,0.21152714,-0.016123027,0.24645957,-0.27183405,0.18800195,-0.10213809,0.0032364754,1.418004,1.0386022,-0.16737597,-0.7756109,0.6394409,1,4
53,0.7849572,-0.039916877,0.9239146,-0.013020349,0.05561893,-0.31481123,0.8983378,0.5399255,-0.80915195,0.21046102,0.28686386,0.09071915,1.111096,0.6652054,1.5979513,0.16401489,0.20950109,0.3358274,1.5675285,2.1685755,0.7931809,0.104352005,0.18467689,0.15290956,-0.8689831,0.4824769,0.31312618,0.1099308,0.097026795,0.14607313,0.8664837,-0.56346524,-0.5724433,0.48198113,1.3567397e-05,0.340178,0.5419191,0.68914205,-0.49290326,-0.12673128,0.42699003,-0.44858196,-0.841248,0.30044544,-0.0045344187,0.61524343,-0.35060242,0.40292767,-0.7550313,0.96480817,0.7894426,-0.6276676,-0.9700971,0.26030824,0.0055294735,0.83748907,0.785903,0.56788677,-0.6584151,0.9779902,0.48552004,-0.6405712,-1.4213195,1.8473465,0.02125483,0.7960115,0.6537749,1.8463472,-0.20314786,0.7233056,0.5559612,-0.65094256,0.78742516,0.1787018,-0.011110472,-0.19859135,0.497761,0.33718988,0.21087822,-0.014885442,0.24645622,-0.27176976,0.18795267,-0.10214706,0.003115555,1.4177725,1.0388541,-0.1672118,-0.7755019,0.63858145,1,4
54,0.7849572,-0.039916877,0.9239146,-0.022620615,0.05561893,-0.31481123,0.8983378,0.53973556,-0.8100331,0.21046102,0.27515936,0.09071915,1.111096,0.6652054,1.5979513,0.16401489,0.20950109,0.3358274,1.5677153,2.1685755,0.79407287,0.10676562,0.18467689,0.15338059,-0.8700697,0.4824769,0.31174195,0.10564824,0.09809063,0.14573918,0.8664837,-0.56139964,-0.5724433,0.48198113,1.3567397e-05,0.3318849,0.54180336,0.68661135,-0.49229923,-0.13079043,0.4268598,-0.45095742,-0.84126604,0.30071336,-0.011429887,0.61499137,-0.35416803,0.40363777,-0.75354326,0.9663325,0.7894426,-0.6276676,-0.9700971,0.26030824,-0.0002972572,0.8373248,0.78539795,0.5684079,-0.6558945,0.9792767,0.48586154,-0.64092964,-1.4214247,1.8472402,0.010695735,0.7957557,0.6543963,1.8461578,-0.20209244,0.7236098,0.5558213,-0.6503215,0.7882763,0.1789498,-0.008990871,-0.1972714,0.49892664,0.33665767,0.21025683,-0.013666609,0.24644884,-0.27162826,0.18795267,-0.10214706,0.0030832444,1.4175781,1.0391979,-0.1670798,-0.77539295,0.63773006,1,4
55,0.7850697,-0.03370729,0.92405057,-0.025675246,0.05736136,-0.30319327,0.89948857,0.53945947,-0.8111813,0.20957161,0.26558295,0.09090966,1.1101378,0.6652054,1.5979513,0.16401489,0.20856337,0.3358274,1.5677322,2.1685755,0.79415387,0.10698503,0.18408287,0.15342341,-0.87016845,0.4824769,0.31161615,0.10525892,0.10076636,0.14570881,0.8666925,-0.561173,-0.5724904,0.4825656,0.005005968,0.32373914,0.54172516,0.68408614,-0.4916544,-0.13471317,0.42677745,-0.45316735,-0.84211105,0.3010682,-0.009521297,0.6147449,-0.35766447,0.40433538,-0.7521784,0.96775484,0.789259,-0.62799835,-0.9694304,0.26030824,-0.004676364,0.83716047,0.78489953,0.568919,-0.65342957,0.98052377,0.48589286,-0.64117956,-1.4214343,1.8472304,0.0024627375,0.79549986,0.65500313,1.8459723,-0.20106712,0.72390026,0.55580866,-0.6500797,0.7883537,0.17897223,-0.0056204638,-0.19595146,0.50006914,0.33613402,0.20968974,-0.0124331005,0.2461524,-0.27196276,0.18825772,-0.10251697,0.003699966,1.4174297,1.0387341,-0.1670678,-0.7752821,0.63687867,1,4
56,0.78517085,-0.029360529,0.92414594,-0.027202535,0.058581065,-0.29398826,0.90054995,0.5392782,-0.8119289,0.20894903,0.25962427,0.09104302,1.1092371,0.6652164,1.5977598,0.16333541,0.20762566,0.33592582,1.5680377,2.168586,0.7950728,0.10757015,0.18366706,0.15393727,-0.8704757,0.4824769,0.31111285,0.104090944,0.10257168,0.14570881,0.8668849,-0.5612377,-0.5725308,0.48297474,0.0076148165,0.31562173,0.5416503,0.6815754,-0.49100947,-0.13858677,0.42675436,-0.45456317,-0.842883,0.30129933,-0.004868123,0.61449903,-0.3611304,0.4050261,-0.7508386,0.96916044,0.789012,-0.62843364,-0.9688077,0.26034012,-0.00831191,0.83699805,0.78441083,0.56941676,-0.6509952,0.9817596,0.48633143,-0.6415144,-1.4216309,1.8471236,0.0076360027,0.7952577,0.65559274,1.8457891,-0.20007077,0.72421837,0.555755,-0.64971143,0.7885948,0.17906238,-0.004732508,-0.19463149,0.5012341,0.33559975,0.2091336,-0.011208626,0.24587898,-0.272206,0.18853916,-0.102751054,0.004182111,1.4172493,1.0383688,-0.16705191,-0.77517325,0.63603646,1,4
57,0.78523266,-0.029360529,0.92414594,-0.027202535,0.058581065,-0.2910391,0.9012533,0.5392782,-0.8119289,0.20894903,0.25962427,0.09104302,1.1086047,0.66524655,1.597233,0.1614668,0.20685203,0.33619642,1.5688783,2.1686149,0.79759985,0.10917923,0.18366706,0.15535037,-0.8713208,0.4824769,0.30972877,0.10087901,0.10257168,0.14570881,0.8670127,-0.56149054,-0.57255137,0.48297474,0.0051787794,0.3075281,0.5415743,0.67908937,-0.49037108,-0.14239812,0.4268263,-0.45456317,-0.84338254,0.30129933,0.0030473412,0.6142531,-0.36455315,0.40570718,-0.7495211,0.9705547,0.7886862,-0.6289942,-0.9683787,0.26042774,-0.010899563,0.83683896,0.78393817,0.5698927,-0.64860475,0.98298275,0.48753628,-0.64201695,-1.4221715,1.8468297,0.035863124,0.7950393,0.65615636,1.8456093,-0.1991199,0.7245875,0.5556083,-0.64905536,0.7892577,0.17931038,-0.008407731,-0.19331154,0.5024427,0.33504602,0.20858712,-0.010002534,0.24569629,-0.272206,0.18872583,-0.10268274,0.0043151514,1.4170047,1.038318,-0.16700824,-0.77506834,0.6352103,1,4
58,0.7852438,-0.029360529,0.92414594,-0.027202535,0.058581065,-0.29050285,0.9013811,0.5391229,-0.8126498,0.20814857,0.25962427,0.09087156,1.1084898,0.66525203,1.5971373,0.16112706,0.20671135,0.3372789,1.5693367,2.16862,0.7980593,0.10947178,0.18366706,0.15599269,-0.8719683,0.48189974,0.30591795,0.09912707,0.106923774,0.14552665,0.86703587,-0.56153643,-0.5725551,0.48297474,0.0022358247,0.29943454,0.5414959,0.6766444,-0.48974195,-0.14614667,0.4267328,-0.45480087,-0.8434881,0.30151862,-0.0042673503,0.61400217,-0.36790136,0.40637222,-0.7482192,0.9719207,0.7886268,-0.6291852,-0.96830076,0.2604437,-0.00578841,0.83669966,0.7834675,0.5703604,-0.6462841,0.98424935,0.48787704,-0.64219546,-1.4225304,1.8467761,0.02075171,0.7948311,0.65670544,1.8454311,-0.19819987,0.72497433,0.55372506,-0.6485033,0.78980625,0.17991206,-0.052477136,-0.19199829,0.50364685,0.3344925,0.20813264,-0.008767321,0.24565707,-0.2720902,0.18875979,-0.1026703,0.004237461,1.4168735,1.0384818,-0.16670386,-0.7749881,0.63439447,1,4
59,0.7852438,-0.0278702,0.92449296,-0.02343879,0.05885986,-0.2886261,0.90141946,0.53893304,-0.8136111,0.20717023,0.26068833,0.090661995,1.1083555,0.6652356,1.5971373,0.16093595,0.20671135,0.33819732,1.5696084,2.16862,0.7980593,0.10947178,0.18348886,0.15633525,-0.8724073,0.48138678,0.30275422,0.098088875,0.11156601,0.14536473,0.86719555,-0.5624148,-0.57248944,0.48314595,0.003836589,0.29136476,0.54142815,0.6742729,-0.4891115,-0.149826,0.42661294,-0.45487812,-0.8435326,0.3018079,-0.011511028,0.61374843,-0.37120914,0.40702784,-0.74691695,0.97328407,0.7885507,-0.62929076,-0.96821016,0.2604382,-0.0024185416,0.8365648,0.7830011,0.5708206,-0.6439907,0.98551804,0.48798552,-0.64233905,-1.422762,1.8467761,0.001807003,0.7946252,0.65724784,1.8452543,-0.19729489,0.7253604,0.55207485,-0.6480496,0.79018676,0.18040676,-0.075586565,-0.19068651,0.504842,0.3339417,0.2077139,-0.007521352,0.24557132,-0.27209035,0.18873028,-0.10278294,0.0041699354,1.416759,1.0385683,-0.16643485,-0.7749139,0.63358086,1,4
60,0.7852438,-0.022405779,0.9257653,-0.009638469,0.05988208,-0.28174466,0.90156,0.538743,-0.814786,0.2061919,0.26458982,0.09045244,1.1078637,0.6651753,1.5971373,0.16023524,0.20671135,0.33819732,1.5696084,2.16862,0.7980593,0.10947178,0.18283544,0.15633525,-0.8724073,0.48138678,0.30275422,0.098088875,0.11440292,0.14536473,0.8677819,-0.5656357,-0.5722489,0.48377374,0.017854368,0.28335842,0.54139006,0.6720725,-0.4884724,-0.15335798,0.42651993,-0.45438677,-0.8436474,0.30215347,-0.00954013,0.6134903,-0.37445134,0.40766844,-0.7456048,0.97465694,0.7882723,-0.62938786,-0.96787786,0.26041824,-0.008254333,0.83642983,0.78254515,0.5712662,-0.641729,0.98676676,0.48798552,-0.64258134,-1.422762,1.8467761,-0.0016779698,0.7944193,0.6577797,1.8450807,-0.19641192,0.7257342,0.55207485,-0.64779633,0.79018676,0.18040676,-0.018865425,-0.18937473,0.5060191,0.3333986,0.20733589,-0.0062639443,0.24527648,-0.27246845,0.18862198,-0.10319585,0.0042543,1.4166223,1.0383214,-0.16641471,-0.77484125,0.6327673,1,4
61,0.7852438,-0.019921841,0.92633003,-0.0028200918,0.06016087,-0.27986792,0.90159845,0.53869134,-0.8151064,0.20592508,0.26622137,0.09039528,1.1074741,0.66513693,1.597214,0.15851527,0.2089619,0.33891895,1.5702196,2.1688087,0.79751885,0.11093458,0.18265726,0.15736295,-0.8724073,0.48138678,0.3010286,0.09731023,0.115176626,0.14528377,0.8680411,-0.5671712,-0.57214236,0.48405766,0.013868766,0.27535212,0.54135406,0.6699493,-0.48784307,-0.15681894,0.42649466,-0.4541388,-0.8436788,0.30224767,-0.005424965,0.613232,-0.37764862,0.4082986,-0.74430686,0.97601646,0.7881234,-0.6288759,-0.9676107,0.2603942,-0.0071217217,0.8363088,0.7821079,0.5716818,-0.63948095,0.9880685,0.48880228,-0.64298564,-1.423167,1.8468865,0.016502593,0.79424065,0.6582635,1.8449187,-0.19557734,0.72616774,0.55185837,-0.64763457,0.79019165,0.18071601,-0.008804936,-0.18806593,0.5071912,0.33285686,0.20696647,-0.0050295703,0.24515404,-0.27267224,0.18862073,-0.10339431,0.004102075,1.4166768,1.0381249,-0.16622573,-0.77478474,0.6319736,1,4
62,0.7852438,-0.018638551,0.9265749,0.0006163485,0.06016087,-0.27986792,0.90159845,0.53869134,-0.8152666,0.2057472,0.2668598,0.090319075,1.1071866,0.66511226,1.5973002,0.15679532,0.21168129,0.33973077,1.5713147,2.1690311,0.7968566,0.112580225,0.18283544,0.15851913,-0.8722317,0.48133188,0.29908723,0.096304476,0.11595032,0.14517246,0.8681508,-0.5679104,-0.57209754,0.4841996,0.004426088,0.26734582,0.54131824,0.6678632,-0.4872195,-0.16024038,0.42650706,-0.45405897,-0.8436771,0.30228993,-0.0007423408,0.6129716,-0.38081175,0.40892163,-0.74301594,0.97736347,0.788042,-0.62820345,-0.9674121,0.26037335,-0.003677005,0.8361929,0.78167874,0.57208455,-0.63724273,0.98938775,0.48990858,-0.64329934,-1.4239649,1.8470198,0.037622932,0.7940722,0.658727,1.8447616,-0.19476326,0.7266267,0.5514737,-0.6474455,0.7900633,0.18105632,-0.017072614,-0.18675898,0.5083606,0.33231536,0.20661439,-0.003797518,0.2451085,-0.27277663,0.18865351,-0.10350038,0.0037556228,1.4167708,1.0379255,-0.16602346,-0.77473503,0.6311878,1,4
63,0.7852438,-0.017727928,0.9265749,0.0006163485,0.06016087,-0.27986792,0.90159845,0.53869134,-0.81614774,0.20476885,0.2668598,0.08989995,1.1071866,0.66511226,1.5973002,0.15679532,0.21271281,0.33973077,1.5735558,2.169089,0.79655933,0.112580225,0.18381557,0.15851913,-0.87126595,0.48102957,0.29908723,0.09559072,0.12020571,0.14506112,0.86813664,-0.5679104,-0.5721032,0.48428336,0.00080723374,0.25933948,0.5412803,0.66581434,-0.48660532,-0.16360402,0.42657542,-0.4543253,-0.8436675,0.30252275,0.0028753984,0.6127011,-0.38389856,0.40952942,-0.7417326,0.9786769,0.788042,-0.6278364,-0.9674121,0.26037335,-0.0015869769,0.8360771,0.78125405,0.5724789,-0.63502586,0.9906957,0.49093696,-0.6429318,-1.4258469,1.8470693,0.03541154,0.79390377,0.6591808,1.8446062,-0.19396019,0.72709906,0.55069584,-0.646979,0.7893267,0.18101405,-0.029077513,-0.18545538,0.50953007,0.33177316,0.20632571,-0.002537036,0.24511823,-0.27272862,0.18865915,-0.103553414,0.002934314,1.4167199,1.0376279,-0.16604596,-0.77468866,0.63040364,1,4
64,0.78516525,-0.022902498,0.92714643,0.010925783,0.060242187,-0.27673998,0.90168804,0.5387518,-0.8164681,0.2044131,0.27033573,0.089347474,1.1071866,0.6648629,1.5973002,0.15679532,0.21308789,0.33973077,1.5743709,2.1691098,0.7960727,0.112580225,0.18417197,0.15851913,-0.8709147,0.4809196,0.30072302,0.09533116,0.12175312,0.14502065,0.8683541,-0.5703591,-0.5719213,0.4838643,0.005029046,0.2513728,0.54125595,0.66389734,-0.48599818,-0.16685414,0.4266725,-0.45368123,-0.8437189,0.30259582,0.005715606,0.6124189,-0.3869413,0.41012675,-0.74041957,0.9800017,0.7872783,-0.6277029,-0.96745366,0.26029065,-0.016821813,0.83596116,0.78083444,0.572866,-0.63283765,0.9919871,0.49119824,-0.6427982,-1.4265543,1.8471322,0.016622482,0.79373527,0.65962625,1.8444537,-0.19316734,0.7275658,0.55061805,-0.6468093,0.7890542,0.18070544,-0.01594342,-0.18415178,0.51069444,0.3312328,0.20604068,-0.0012924507,0.24490991,-0.27231568,0.18846375,-0.10335273,0.0026659716,1.4167434,1.0375485,-0.16612695,-0.77464604,0.62961954,1,4
65,0.7850527,-0.03076804,0.9279629,0.025653344,0.060358346,-0.27227157,0.90181583,0.538838,-0.8163346,0.2044131,0.27530122,0.08877594,1.1072248,0.66446286,1.597262,0.15637061,0.21336922,0.33977178,1.5744303,2.1691203,0.79534316,0.112763084,0.18423137,0.15861548,-0.8709147,0.4809196,0.30305982,0.09533116,0.12175312,0.14502065,0.868672,-0.57385725,-0.5716585,0.48322225,0.012179624,0.24342887,0.5412391,0.6620592,-0.48539606,-0.17003359,0.42676535,-0.45262283,-0.8437986,0.30254456,0.006798781,0.61213,-0.38995084,0.41071644,-0.7390922,0.98133063,0.7860386,-0.62765974,-0.9675482,0.26016364,-0.04049803,0.83584607,0.78042287,0.57324183,-0.6306669,0.9932731,0.49104393,-0.6428072,-1.426641,1.8472216,-0.008506835,0.7935693,0.6600615,1.8443041,-0.19238402,0.7280357,0.5509112,-0.6468093,0.78904754,0.18028642,0.008323131,-0.18284816,0.511853,0.33069444,0.20575824,-5.9199207e-05,0.2446067,-0.27176937,0.18816808,-0.10304537,0.0026870559,1.416838,1.037616,-0.16622193,-0.7746066,0.6288371,1,4
66,0.7850527,-0.03076804,0.9279629,0.025653344,0.060358346,-0.27227157,0.90181583,0.538838,-0.814866,0.2044131,0.27530122,0.08877594,1.1076465,0.66398054,1.5968404,0.15169911,0.21646374,0.3402228,1.5750841,2.1692357,0.7932619,0.114774436,0.18488479,0.15967532,-0.8709147,0.4809196,0.30305982,0.09533116,0.12175312,0.14502065,0.868672,-0.57385725,-0.5716585,0.48322225,0.0038154249,0.23548491,0.54121935,0.66025454,-0.4848038,-0.17315458,0.42665157,-0.45262283,-0.84381443,0.30215678,-0.005244412,0.611841,-0.3928858,0.4112901,-0.73778975,0.982635,0.78440505,-0.6271854,-0.96793514,0.2600657,-0.04959101,0.83573884,0.78006166,0.5735484,-0.6285067,0.99459976,0.491131,-0.64290655,-1.4272332,1.8474976,-0.0023126155,0.79342896,0.6604386,1.8441716,-0.19163726,0.7285693,0.5509112,-0.6468093,0.78904754,0.18028642,0.00026615104,-0.18154454,0.51298976,0.3301656,0.2054809,0.0011516277,0.24460019,-0.27197415,0.18801792,-0.103121765,0.0024424505,1.4172211,1.0379035,-0.16612321,-0.7745763,0.6280719,1,4
67,0.7850022,-0.040703446,0.927922,0.025653344,0.059870463,-0.27227157,0.90181583,0.538838,-0.81419855,0.2044131,0.27530122,0.088318706,1.1078382,0.6637614,1.5966489,0.14957574,0.2178703,0.3404278,1.5753812,2.1692724,0.79191065,0.11656635,0.1851818,0.16015705,-0.87065136,0.48127684,0.3050012,0.09572049,0.12349396,0.14532425,0.86869884,-0.57403195,-0.5715879,0.48230645,0.00065490376,0.22754097,0.5411869,0.65842897,-0.48422724,-0.17625374,0.42659977,-0.4525769,-0.84382164,0.30198067,-0.0074296407,0.61153865,-0.39578572,0.4118574,-0.73648226,0.9839103,0.783662,-0.6269698,-0.96811104,0.26002124,-0.0350544,0.83563167,0.77970314,0.5738509,-0.62636995,0.9959119,0.4909874,-0.6430218,-1.4275393,1.8476677,-0.0048840535,0.7932885,0.6607945,1.8440475,-0.19089729,0.72909945,0.55202883,-0.6464512,0.78881645,0.17998883,0.024544373,-0.1802298,0.51411045,0.32964242,0.2052214,0.002393197,0.24452455,-0.27124938,0.18788005,-0.102576844,0.002315247,1.4174321,1.037941,-0.16623686,-0.7745504,0.627301,1,4
68,0.7849094,-0.0589183,0.9278472,0.025653344,0.058976017,-0.27227157,0.90181583,0.538838,-0.81419855,0.2044131,0.27530122,0.08748046,1.1078382,0.6637614,1.5966489,0.14957574,0.2178703,0.3404278,1.5753812,2.1692433,0.7911674,0.118175425,0.1851818,0.16015705,-0.87016845,0.48193184,0.3085603,0.09643425,0.12668549,0.14588086,0.86874795,-0.574352,-0.5714584,0.4806276,0.0018306735,0.21959709,0.5411436,0.65658605,-0.4836639,-0.17933469,0.42659977,-0.4524927,-0.84382164,0.30198067,-0.0014001053,0.6112251,-0.398656,0.41241962,-0.7351704,0.9851616,0.783662,-0.6269698,-0.96811104,0.26002124,-0.00082696596,0.8355244,0.7793468,0.57415026,-0.6242528,0.9972118,0.49065197,-0.6431504,-1.4276073,1.8477491,-0.014760025,0.79314816,0.6611323,1.8439306,-0.19016302,0.72962654,0.554078,-0.64579463,0.78839284,0.179443,0.07576792,-0.17890577,0.5152183,0.3291242,0.2049768,0.003660392,0.24439113,-0.26975036,0.1877524,-0.10151419,0.0022858686,1.4174999,1.0377698,-0.16652755,-0.77452826,0.6265253,1,4
69,0.78478587,-0.072579525,0.92777246,0.031053497,0.05884824,-0.27522072,0.9008312,0.538838,-0.8136111,0.20539144,0.29324815,0.08643266,1.1078382,0.6637614,1.5966489,0.14957574,0.2178703,0.3404278,1.5753812,2.1692433,0.78908634,0.118175425,0.1851818,0.16015705,-0.869927,0.48193184,0.30935127,0.09643425,0.12668549,0.14588086,0.86866564,-0.5752876,-0.57134646,0.4793673,-0.0013164624,0.21161573,0.5410961,0.654813,-0.48311552,-0.18236323,0.42645356,-0.44839403,-0.8431286,0.30182546,-0.009145573,0.6108809,-0.40147775,0.41296503,-0.7336736,0.98654616,0.783662,-0.6269698,-0.96811104,0.26002124,-0.00082696596,0.83541715,0.77899534,0.5744425,-0.6221777,0.9984855,0.4900293,-0.6431504,-1.4277337,1.8479971,-0.02149841,0.7930078,0.661452,1.8438203,-0.18944353,0.7301456,0.5541699,-0.64579463,0.7882023,0.17930132,0.02684346,-0.17758174,0.51630825,0.3286135,0.2047356,0.0049035796,0.24455868,-0.26870686,0.18764208,-0.10071645,0.0017220112,1.4177675,1.0376927,-0.16660307,-0.7745161,0.6257495,1,4
70,0.78471833,-0.08003099,0.9277316,0.033999007,0.058778543,-0.2768294,0.9002942,0.538838,-0.81329066,0.20592508,0.30303738,0.085861124,1.1082534,0.6635696,1.5982289,0.14978808,0.21751866,0.33997676,1.5752537,2.169152,0.7857889,0.11671262,0.18384527,0.16031761,-0.86979526,0.48193184,0.30978265,0.09627203,0.12668549,0.14557725,0.86862063,-0.5757979,-0.57128537,0.47867987,-0.0021370023,0.20363437,0.5410479,0.6530561,-0.48257157,-0.18536404,0.42637372,-0.4461584,-0.84275055,0.301741,-0.009849685,0.61053663,-0.40427437,0.41350535,-0.7321902,0.98791814,0.78404653,-0.6270388,-0.9683836,0.25972456,0.007225547,0.83530134,0.7786503,0.5747287,-0.6201173,0.99971664,0.4886342,-0.6435585,-1.4278978,1.8483679,-0.04325138,0.79287165,0.6617766,1.8437055,-0.1887631,0.73064965,0.55422014,-0.6460172,0.78809834,0.1792239,-0.0008877,-0.17626882,0.51739365,0.32810503,0.20450927,0.006117973,0.24465002,-0.26813763,0.18747613,-0.10051284,0.0013732414,1.4181094,1.0378532,-0.16634499,-0.7744939,0.6249824,1,4
71,0.78471833,-0.08003099,0.9277316,0.033999007,0.058778543,-0.2768294,0.9002942,0.538838,-0.81329066,0.20592508,0.30303738,0.085861124,1.1091669,0.6631476,1.6017051,0.15025523,0.21674503,0.33898452,1.5749737,2.16895,0.781032,0.11349447,0.18090491,0.1606709,-0.86979526,0.48193184,0.30978265,0.095915146,0.12668549,0.14490932,0.86862063,-0.5757979,-0.57128537,0.47867987,-0.00016564173,0.195653,0.5409986,0.65131867,-0.4820331,-0.18833157,0.42637372,-0.4461584,-0.84275055,0.301741,-0.0021042174,0.61019236,-0.40704224,0.4140393,-0.7307231,0.98927486,0.7848924,-0.6271905,-0.9689831,0.25907186,0.024941022,0.83517504,0.7783128,0.57500744,-0.6180745,1.0008968,0.48631307,-0.6444561,-1.4281075,1.8488861,-0.08302175,0.79274064,0.6621078,1.8435854,-0.18812954,0.73113614,0.55422014,-0.6465068,0.78809834,0.1792239,-0.003187038,-0.17496932,0.5184733,0.3275993,0.20430075,0.007297814,0.24465002,-0.26813763,0.18724357,-0.10102204,0.0012825093,1.4185405,1.0382985,-0.16568655,-0.7744596,0.6242256,1,4
72,0.78463393,-0.0899664,0.9277316,0.033999007,0.05819773,-0.27951047,0.89939904,0.538838,-0.81329066,0.20592508,0.30303738,0.085480094,1.10925,0.66310924,1.6020211,0.1502977,0.21644026,0.33889434,1.5749482,2.1689317,0.7805997,0.113201916,0.18063761,0.16070302,-0.8701245,0.4821151,0.3126587,0.09458496,0.12604074,0.14343178,0.8686024,-0.57576495,-0.5711936,0.4777692,-0.0004216693,0.18763766,0.5409329,0.649583,-0.48151657,-0.19127384,0.4262824,-0.4461155,-0.84211475,0.301741,-0.0062343967,0.60983694,-0.4097562,0.41456386,-0.7292563,0.9905815,0.78496915,-0.62728816,-0.96903765,0.25901252,0.010446445,0.8350488,0.7779797,0.5752806,-0.6160729,1.0020523,0.48610222,-0.6445377,-1.4281266,1.8489331,-0.037220042,0.7926096,0.66243196,1.8434671,-0.1875075,0.73161364,0.5550454,-0.6475218,0.7883367,0.17873459,0.01723663,-0.17372182,0.51959467,0.32707587,0.20414603,0.008363936,0.24481498,-0.2673244,0.18713188,-0.10049196,0.0008070942,1.4185797,1.0384353,-0.1658873,-0.7744289,0.6234956,1,4
73,0.7845526,-0.10023307,0.9281671,0.031380743,0.057791162,-0.2813872,0.89831215,0.538838,-0.81318384,0.20592508,0.30303738,0.085213386,1.1087389,0.6629338,1.6020211,0.1502977,0.21608862,0.33863193,1.5748802,2.1689317,0.7791942,0.11232423,0.1799248,0.16057456,-0.87053066,0.4822433,0.31510335,0.09367654,0.12558942,0.14244,0.8688253,-0.5751844,-0.5710065,0.47687268,0.005080287,0.17961884,0.5408629,0.647815,-0.48100072,-0.1942107,0.4261635,-0.44608545,-0.84134376,0.30171275,-0.010601656,0.6094804,-0.41244322,0.41508332,-0.7277949,0.9918669,0.78433496,-0.62739384,-0.96871096,0.25895423,-0.014112489,0.8349175,0.77765065,0.5755498,-0.6140819,1.0031762,0.48565602,-0.6447055,-1.4281539,1.849101,-0.013082399,0.79247516,0.6627596,1.8433477,-0.18690097,0.73206913,0.5556834,-0.64820105,0.78863925,0.17831492,0.024929466,-0.17247951,0.52071476,0.32655337,0.2039988,0.00941019,0.24493703,-0.2665387,0.18707429,-0.09996997,0.00022882702,1.4187304,1.0383149,-0.16605203,-0.77439284,0.62276596,1,4
74,0.78449064,-0.1093405,0.92936444,0.02418056,0.057791162,-0.2813872,0.8970462,0.538838,-0.8128902,0.20592508,0.30303738,0.085213386,1.1073334,0.6624516,1.6020211,0.1502977,0.2155729,0.3379103,1.5746936,2.1689317,0.77532935,0.10991062,0.17796457,0.16022128,-0.87101346,0.4822433,0.31628972,0.09367654,0.12558942,0.14244,0.86947256,-0.57365155,-0.570669,0.47616026,0.021048306,0.17160006,0.540789,0.6459902,-0.48048222,-0.19714265,0.426012,-0.44608545,-0.84044755,0.30163515,-0.013305662,0.6091238,-0.4150916,0.41559538,-0.7263431,0.9931239,0.78259057,-0.6275227,-0.96781266,0.2587938,-0.05064727,0.8347774,0.7773279,0.5758129,-0.6121023,1.0042486,0.48442823,-0.6451668,-1.4282287,1.849562,-0.04183053,0.7923348,0.66309434,1.8432258,-0.1863196,0.73248744,0.5558489,-0.64820105,0.78901243,0.17810228,0.0063674245,-0.1712372,0.52182454,0.32603517,0.20385525,0.010441575,0.24495521,-0.26594353,0.1870902,-0.09964421,-0.0004620943,1.4191446,1.0377984,-0.16600344,-0.77434635,0.6220322,1,4
75,0.78447944,-0.11099628,0.92970467,0.022871455,0.057895713,-0.2765613,0.89681613,0.5389157,-0.81163526,0.20592508,0.30303738,0.085213386,1.1059856,0.66206795,1.6027969,0.15067992,0.21041535,0.33726248,1.5746596,2.169144,0.7721944,0.10749701,0.17627165,0.15957896,-0.8712988,0.4822433,0.3165055,0.09367654,0.123848565,0.14152919,0.86965495,-0.5737604,-0.5705813,0.4760432,0.012822247,0.16364259,0.54071975,0.64417636,-0.479966,-0.19999556,0.4259726,-0.44608545,-0.8402862,0.30128935,-0.007859952,0.6087673,-0.4176789,0.41609448,-0.72491556,0.99435973,0.7815992,-0.62926155,-0.9669134,0.25855178,-0.04152198,0.83462745,0.7770125,0.57607615,-0.61022294,1.0052031,0.48430982,-0.6454559,-1.4282211,1.8499877,-0.021092052,0.79217905,0.66344273,1.8431008,-0.18575458,0.7328453,0.5558849,-0.64912975,0.78923434,0.17806368,-0.00023244169,-0.17002834,0.5229177,0.32552582,0.20372422,0.011377735,0.2449307,-0.2660216,0.18735263,-0.09975889,-0.00057731767,1.4196355,1.0372201,-0.16577989,-0.7742884,0.62130547,1,4
76,0.78446263,-0.11285911,0.92981356,0.019598639,0.05798864,-0.27227157,0.89670104,0.5389848,-0.81056714,0.20592508,0.30261177,0.085213386,1.1050147,0.661805,1.6034862,0.15146556,0.20591427,0.33680326,1.5746596,2.1692774,0.7700321,0.10574166,0.17508364,0.15906511,-0.8716391,0.4822296,0.31715262,0.094357856,0.12114061,0.14071958,0.8697068,-0.5734021,-0.57054025,0.4758838,0.0022883115,0.15569864,0.5406474,0.6423247,-0.47944972,-0.20283647,0.42595044,-0.44617388,-0.8402058,0.3009946,-0.002992372,0.60841066,-0.42023835,0.41658825,-0.7235036,0.99557763,0.7809997,-0.63072807,-0.9662594,0.2583626,-0.022798156,0.8344752,0.7766952,0.5763438,-0.6083752,1.0061262,0.48418757,-0.6456382,-1.4282459,1.8502781,-0.0038567225,0.79201996,0.66379243,1.8429754,-0.1851967,0.73318803,0.5559439,-0.65022284,0.78949845,0.17794594,-0.0018212926,-0.16882688,0.52398384,0.3250291,0.20357843,0.012270416,0.24492109,-0.26603502,0.18756585,-0.099805705,-0.00064704934,1.4199938,1.036841,-0.16565177,-0.77422786,0.6205802,1,4
77,0.7844009,-0.11968981,0.92981356,0.0075983494,0.05798864,-0.27227157,0.89627904,0.5389848,-0.81056714,0.20592508,0.30105114,0.085213386,1.1050147,0.661805,1.6034862,0.1531006,0.20591427,0.33680326,1.5746596,2.1690757,0.7700321,0.10574166,0.17508364,0.15906511,-0.8722427,0.4821791,0.31952536,0.09685601,0.11688522,0.14071958,0.8696877,-0.5708253,-0.5704753,0.4752588,-6.323984e-05,0.14775468,0.5405639,0.64036596,-0.47893152,-0.20569235,0.4259075,-0.4464982,-0.839906,0.3009946,-0.004495779,0.6080541,-0.42276365,0.4170751,-0.72211844,0.9967599,0.7809997,-0.6305145,-0.9662594,0.2583626,-0.0055350685,0.83432305,0.7763683,0.57662326,-0.60655254,1.0070347,0.48339987,-0.6456382,-1.4284061,1.8502294,-0.025287569,0.7918609,0.6641387,1.8428512,-0.18464807,0.73352623,0.55613893,-0.6512038,0.78996515,0.17751399,0.002864151,-0.16762544,0.52498907,0.32456094,0.20338589,0.013103578,0.24497657,-0.2654768,0.18750185,-0.099410035,-0.0009366437,1.4199531,1.0370296,-0.16588178,-0.7741673,0.6198549,1,4
78,0.78413665,-0.12486437,0.9299769,-0.0039656283,0.059103798,-0.2694117,0.89606166,0.5391229,-0.8088583,0.20592508,0.2966531,0.08567061,1.1042482,0.6617392,1.6034096,0.15354651,0.20591427,0.33680326,1.5745916,2.169021,0.7700321,0.1039863,0.17246999,0.15846561,-0.8724073,0.48216543,0.3210354,0.09805643,0.11572467,0.14080054,0.8693111,-0.56818664,-0.5703184,0.47480217,-0.009245434,0.13984703,0.5404947,0.63831264,-0.47838008,-0.20854616,0.4258979,-0.44745943,-0.8397498,0.30051783,-0.0031517409,0.607711,-0.42522964,0.4175513,-0.7208066,0.9978917,0.78060985,-0.63045627,-0.96573836,0.258352,-0.008992971,0.8341709,0.7760451,0.5768981,-0.60475075,1.0079261,0.48315766,-0.64629436,-1.4283917,1.850216,-0.018358646,0.7916859,0.6645051,1.8427204,-0.18413776,0.73378515,0.5563014,-0.6515172,0.7900899,0.17724161,0.0033261557,-0.16642104,0.5259674,0.32410434,0.203193,0.013929374,0.2448787,-0.2653209,0.18754934,-0.09912931,-0.0010451927,1.4201308,1.036693,-0.16601613,-0.77410233,0.61911744,1,4
79,0.78385836,-0.1285902,0.9301605,-0.013293093,0.060358346,-0.26583698,0.89594656,0.5392954,-0.8069358,0.20592508,0.2921841,0.08626119,1.1032453,0.6616652,1.6029596,0.1534191,0.20610182,0.33688524,1.5744303,2.1688848,0.77070785,0.10164583,0.16905443,0.15768412,-0.8724073,0.4821563,0.322006,0.09864041,0.11514438,0.14089161,0.8688935,-0.566039,-0.5701618,0.47448015,-0.016634146,0.13195749,0.54043084,0.63623005,-0.47781798,-0.21138649,0.42591804,-0.44844955,-0.8396637,0.2999779,-0.00024923758,0.60737514,-0.42766693,0.41802165,-0.71953005,0.999003,0.77993894,-0.6304134,-0.9650653,0.25839373,-0.021005912,0.83402026,0.7757242,0.57716936,-0.6029615,1.0088148,0.48276266,-0.64713895,-1.4283214,1.8501022,-0.012366644,0.7915021,0.6648888,1.8425837,-0.18364981,0.7339993,0.5564018,-0.65162337,0.7900876,0.1770665,0.0011597741,-0.16521552,0.52693284,0.32365382,0.20299093,0.014741157,0.24475254,-0.2653185,0.18765615,-0.09889292,-0.0010780338,1.4202497,1.036192,-0.16615152,-0.77403677,0.61837345,1,4
80,0.78385836,-0.1285902,0.9301605,-0.013293093,0.060358346,-0.26387087,0.89594656,0.5393904,-0.8069358,0.20592508,0.2921841,0.08668032,1.1024722,0.6616652,1.6009582,0.15271838,0.20713332,0.33733627,1.5739634,2.1681354,0.77442414,0.099634476,0.16644078,0.15709533,-0.8724073,0.48210582,0.322006,0.09864041,0.11195285,0.14089161,0.8688935,-0.5662054,-0.5701618,0.47448015,-0.0044257916,0.12408835,0.5403669,0.63417476,-0.47726372,-0.2141695,0.42601728,-0.44849485,-0.8396501,0.29996035,0.0048612836,0.6070493,-0.43006825,0.41848356,-0.71828884,1.0001068,0.77866054,-0.63017726,-0.96458757,0.25868887,-0.036549926,0.83387667,0.7754081,0.57743233,-0.6011936,1.0097201,0.4807571,-0.64772516,-1.4282928,1.8494769,-0.058447015,0.79130554,0.66531307,1.8424315,-0.18319763,0.73414576,0.5562773,-0.6519241,0.79009044,0.17705938,-0.005707252,-0.16400999,0.52788293,0.32321125,0.20274833,0.015502312,0.24475813,-0.26532778,0.18784152,-0.09866266,-0.0010756601,1.4197365,1.0358384,-0.16645306,-0.7739762,0.6176208,1,4
81,0.7837798,-0.1285902,0.9301605,-0.013293093,0.060358346,-0.2631559,0.89594656,0.5394249,-0.8069358,0.20592508,0.2852323,0.086832725,1.1021912,0.6617419,1.6002303,0.15246357,0.20832893,0.33750027,1.5737936,2.1678631,0.7759645,0.09890309,0.16549039,0.15688123,-0.87225366,0.48208755,0.3202444,0.10000305,0.1094383,0.14110415,0.86873114,-0.5662659,-0.57013553,0.47448015,-0.0038709296,0.116219275,0.5403026,0.6321455,-0.47671556,-0.21691687,0.4260534,-0.44993135,-0.8396451,0.29995394,0.0033761929,0.6067235,-0.43244353,0.41894424,-0.71712303,1.0011164,0.7784309,-0.629799,-0.9644012,0.2588217,-0.020248195,0.83373314,0.775094,0.5776913,-0.5994332,1.0106238,0.48008475,-0.64793825,-1.4282708,1.849227,-0.04400052,0.791109,0.6657329,1.8422809,-0.18275113,0.7342901,0.5560041,-0.65226823,0.7899768,0.17737229,-0.011919575,-0.16279666,0.528765,0.322799,0.20247684,0.0162474,0.24473312,-0.26533118,0.18788795,-0.09855899,-0.0010698236,1.4195311,1.035654,-0.16642044,-0.77391565,0.61686426,1,4
82,0.78366727,-0.12830034,0.9301741,-0.012638484,0.06045128,-0.2620834,0.89603615,0.5394163,-0.8068557,0.20579165,0.27459183,0.08687083,1.1021912,0.6618515,1.6002303,0.15246357,0.20950109,0.33750027,1.5737597,2.1678448,0.77623487,0.09890309,0.16549039,0.15688123,-0.87199026,0.48209667,0.31772783,0.10194966,0.10750405,0.14145835,0.8685019,-0.5664647,-0.57009697,0.47450808,-0.0088037485,0.108363725,0.540241,0.63014096,-0.47616947,-0.2196284,0.42604735,-0.45214823,-0.8397108,0.29993448,-0.0017236955,0.60639876,-0.43479455,0.41940236,-0.7160114,1.0020646,0.778766,-0.6293811,-0.964383,0.25885817,0.010411924,0.83358955,0.77478147,0.57794744,-0.59768015,1.011525,0.4800802,-0.64793825,-1.42824,1.8491901,-0.0016075658,0.79091245,0.6661492,1.8421313,-0.18230857,0.7344329,0.5556999,-0.6525606,0.7897781,0.1778241,-0.01588317,-0.16157702,0.52960664,0.32240507,0.20218699,0.016985118,0.24466665,-0.26536638,0.18785702,-0.09854824,-0.0010082185,1.4195083,1.0355601,-0.16621657,-0.77385473,0.61610436,1,4
83,0.78366727,-0.12511282,0.9303239,-0.0054383,0.06147351,-0.2502867,0.89702076,0.5393213,-0.80597454,0.20432416,0.2667888,0.08728996,1.1021912,0.6618515,1.6002303,0.15246357,0.20950109,0.33750027,1.5733862,2.1676433,0.77623487,0.09890309,0.16549039,0.15688123,-0.87150735,0.48219752,0.31772783,0.10194966,0.10750405,0.14201497,0.8685301,-0.56865245,-0.5700855,0.4748149,-0.0020236773,0.10064422,0.5402119,0.6282341,-0.47560924,-0.2221858,0.42598006,-0.4542191,-0.84043336,0.29971945,-0.005282998,0.60608524,-0.43704584,0.41984165,-0.71501046,1.0029387,0.778766,-0.6293811,-0.964383,0.25885817,0.0026851543,0.833446,0.7744735,0.57819843,-0.59595895,1.0124098,0.47914347,-0.64793825,-1.4280814,1.8491411,-0.025608724,0.79071593,0.6665598,1.8419836,-0.18187304,0.73457175,0.5559332,-0.6520866,0.7893959,0.17783833,-0.0011017113,-0.16033879,0.5304304,0.3220184,0.20187867,0.017740963,0.24435979,-0.2657539,0.18784562,-0.09874234,-0.00040867153,1.4195527,1.0354056,-0.16620898,-0.7737901,0.6153349,1,4
84,0.7837179,-0.123663895,0.9303919,-0.0011836835,0.06193815,-0.24492463,0.89808196,0.5392782,-0.805574,0.2036571,0.26324204,0.08748046,1.1026511,0.66180223,1.5987366,0.15208136,0.21245496,0.33813992,1.5728598,2.1675515,0.7790728,0.100439034,0.16887626,0.15797317,-0.8712879,0.4822433,0.3170807,0.10194966,0.10750405,0.14226796,0.868647,-0.56985956,-0.5700971,0.4749544,0.0031856783,0.09292478,0.5401825,0.62636095,-0.475056,-0.22470978,0.426012,-0.45516035,-0.8411979,0.29962167,-0.0016502318,0.6057717,-0.4392747,0.42027557,-0.7140275,1.0038121,0.7778581,-0.6284241,-0.9647577,0.25906223,-0.019847084,0.8333148,0.7741648,0.57844317,-0.5942267,1.0133637,0.4794231,-0.6470901,-1.4275328,1.84878,-0.008036169,0.7905483,0.66695756,1.8418361,-0.18141156,0.73481625,0.5559573,-0.6518712,0.789224,0.17796081,0.0003906761,-0.15910058,0.53124124,0.32163787,0.20157368,0.018488493,0.24405974,-0.26593,0.18771179,-0.09867146,0.00039040783,1.419291,1.0356145,-0.1663496,-0.7737399,0.61458504,1,4
85,0.7838106,-0.123663895,0.9303919,0.0006163485,0.06193815,-0.24492463,0.8992073,0.5392782,-0.805574,0.2036571,0.26324204,0.08748046,1.1034943,0.66171175,1.5959978,0.15138063,0.2178703,0.33931255,1.5722061,2.1675515,0.7842754,0.10325491,0.17508364,0.15997505,-0.8712879,0.4822433,0.31589434,0.10194966,0.10750405,0.14226796,0.8688385,-0.57024944,-0.5701281,0.4749544,0.0070861364,0.08520533,0.54015285,0.62451583,-0.4745085,-0.22720581,0.42612657,-0.45516035,-0.8419974,0.29962167,0.007975776,0.6054582,-0.4414847,0.42070493,-0.71305954,1.0046849,0.77619314,-0.62666965,-0.9654442,0.25943628,-0.054716904,0.83319366,0.7738554,0.57868266,-0.5924852,1.0143756,0.48071662,-0.6455352,-1.4266591,1.8481591,0.044180274,0.79040486,0.66734433,1.8416885,-0.18092848,0.7351489,0.55580753,-0.6518712,0.7892275,0.17817323,-0.009190885,-0.15786237,0.53204054,0.32126206,0.20127149,0.0192291,0.2437653,-0.26593,0.18747589,-0.09837963,0.0013557875,1.4187744,1.0361259,-0.16661376,-0.7737015,0.61385137,1,4
86,0.7838106,-0.123663895,0.9303919,0.0006163485,0.06193815,-0.24492463,0.8992073,0.53899336,-0.805574,0.20267875,0.26324204,0.086851776,1.1034943,0.66171175,1.5959978,0.15138063,0.2178703,0.33931255,1.5722061,2.1677532,0.7842754,0.10405945,0.17508364,0.15997505,-0.8692355,0.48269677,0.31332386,0.10266342,0.1110502,0.14360382,0.8688385,-0.57024944,-0.5701281,0.4749544,0.002509764,0.07748583,0.5401217,0.6227073,-0.47397143,-0.22965176,0.42582905,-0.45539463,-0.8420386,0.29967484,-0.013847531,0.60512626,-0.44360662,0.42111775,-0.7120866,1.0055207,0.77619314,-0.62666965,-0.9654442,0.25943628,-0.019846912,0.8330726,0.7735508,0.57891667,-0.59077835,1.0153669,0.48150432,-0.64561945,-1.4264994,1.8482081,0.032336,0.79026127,0.6677073,1.8415507,-0.18045214,0.7354757,0.55653745,-0.6505578,0.7876093,0.17869727,0.012804669,-0.1565751,0.5327776,0.32091138,0.2009672,0.02009289,0.24374847,-0.26590192,0.18747589,-0.09837963,0.0014552047,1.4187942,1.035472,-0.16633461,-0.7736692,0.6130925,1,4
87,0.78406364,-0.12180107,0.9314805,0.0047073974,0.06193815,-0.24269041,0.90003836,0.5387518,-0.806375,0.20214513,0.26537013,0.08631835,1.1034943,0.66164327,1.5958064,0.15138063,0.2178703,0.33931255,1.5722061,2.1678631,0.7842754,0.10449828,0.17508364,0.15997505,-0.8681161,0.48294407,0.31192175,0.10305275,0.11298446,0.14433247,0.8699051,-0.57132185,-0.5699902,0.47523558,0.025526121,0.06979468,0.540099,0.62097055,-0.4734392,-0.23203285,0.42572346,-0.45507103,-0.84265554,0.29993138,-0.01558752,0.60478866,-0.44572318,0.42152777,-0.7111054,1.0063795,0.7758754,-0.62666965,-0.96546143,0.25944173,-0.0074811876,0.8329516,0.7732482,0.5791484,-0.5890871,1.0163493,0.4819337,-0.6456654,-1.4264122,1.8482349,0.017491963,0.7901178,0.66806716,1.8414142,-0.17998013,0.73579955,0.55693555,-0.6498414,0.7867267,0.17898323,0.016508572,-0.15528785,0.533507,0.32056364,0.20066562,0.02094882,0.24335466,-0.26601747,0.18733335,-0.09855339,0.0019462026,1.4187149,1.0351281,-0.16618785,-0.7736387,0.6123336,1,4
88,0.78462,-0.11770259,0.9338754,0.0137076145,0.06193815,-0.23777513,0.901867,0.53856176,-0.8081373,0.20214513,0.27005196,0.08589923,1.1034943,0.6614926,1.5953848,0.15138063,0.2178703,0.33931255,1.5722061,2.1678631,0.7842754,0.10449828,0.17508364,0.15997505,-0.8681161,0.48294407,0.31192175,0.10305275,0.11298446,0.14433247,0.8722513,-0.57368094,-0.569687,0.4758542,0.081653565,0.062137578,0.54008645,0.61932,-0.47291276,-0.23433612,0.42584813,-0.45407808,-0.8439634,0.30043215,0.0067723384,0.6044444,-0.44783163,0.42193395,-0.7101143,1.0072664,0.7751764,-0.62666965,-0.96549934,0.2594538,-0.022120433,0.83283055,0.7729483,0.5793774,-0.5874146,1.0173209,0.4819337,-0.6456654,-1.4264122,1.8482349,-0.00095176307,0.78997433,0.66842306,1.841279,-0.1795133,0.7361198,0.55693555,-0.6498414,0.7867267,0.17898323,-0.0017373891,-0.15400058,0.5342287,0.32021978,0.20036733,0.021795308,0.24250847,-0.26630548,0.18701972,-0.09893557,0.002907114,1.4185168,1.0351564,-0.16620003,-0.7736105,0.61157465,1,4
89,0.78467053,-0.11733009,0.9340932,0.014525791,0.06193815,-0.23732826,0.9020332,0.5385446,-0.8082976,0.20214513,0.2761525,0.085861124,1.1049635,0.6613966,1.5950593,0.15201765,0.21763586,0.3398046,1.5724608,2.1676273,0.7856269,0.10559538,0.17508364,0.16072443,-0.8681161,0.48294407,0.31192175,0.10078169,0.11266209,0.14433247,0.8724646,-0.5738954,-0.5696594,0.47591045,0.035730798,0.05448042,0.54007256,0.617699,-0.47239545,-0.23659723,0.42585945,-0.4528319,-0.84408224,0.3004777,0.0028019696,0.6041001,-0.44989967,0.4223282,-0.7090926,1.0082026,0.77497816,-0.6267055,-0.9665503,0.25946996,-0.012964046,0.8327189,0.7726432,0.57961124,-0.5858017,1.018309,0.4815196,-0.6458901,-1.4267341,1.8480163,-0.012322373,0.78985065,0.6687547,1.841148,-0.17908199,0.73648,0.55693555,-0.6494008,0.7867267,0.17898323,-0.0033960624,-0.15271333,0.5350075,0.3198501,0.20006812,0.02262188,0.24243152,-0.26633164,0.18658482,-0.098958574,0.0028551714,1.418317,1.035937,-0.16621631,-0.77359325,0.6108292,1,4
90,0.78467053,-0.11733009,0.9340932,0.014525791,0.06175229,-0.23732826,0.9020332,0.5385446,-0.80872476,0.20214513,0.2801249,0.08578492,1.1059921,0.6613282,1.5948583,0.15246357,0.21747176,0.340149,1.5727749,2.1674623,0.78657275,0.10636335,0.17508364,0.16124898,-0.86789656,0.48299897,0.3122094,0.098413296,0.11166271,0.14368479,0.8724646,-0.5739637,-0.5696594,0.47591045,1.3567397e-05,0.04682326,0.5400543,0.61609083,-0.47188744,-0.23883633,0.42589247,-0.45201397,-0.8440777,0.30059043,0.00034817457,0.6037537,-0.45195603,0.4227199,-0.7080718,1.0091342,0.77485067,-0.6267306,-0.9672854,0.25947687,-0.0051986603,0.8326082,0.77233934,0.5798437,-0.5842064,1.0192913,0.4812843,-0.6460475,-1.4270755,1.8478632,-0.013963186,0.78972894,0.66908103,1.8410183,-0.17865834,0.73684216,0.55710065,-0.6495418,0.7865517,0.17893945,0.0007282567,-0.15144984,0.5358151,0.31946862,0.19978352,0.02339316,0.24243338,-0.26627213,0.18629964,-0.09895315,0.0027041468,1.4181448,1.0364124,-0.16624658,-0.7735778,0.61009717,1,4
91,0.78467053,-0.11733009,0.9340932,0.014525791,0.061241176,-0.23732826,0.9020332,0.5385446,-0.8098997,0.20214513,0.2801249,0.08557536,1.1059921,0.661298,1.5948583,0.15246357,0.21747176,0.340149,1.5731484,2.1674623,0.78657275,0.10636335,0.17508364,0.16124898,-0.867293,0.48315012,0.31300023,0.096272014,0.10953502,0.14190362,0.8724646,-0.57415175,-0.5696594,0.47591045,1.3567397e-05,0.039166104,0.5400288,0.61449975,-0.471394,-0.24104418,0.4259833,-0.45198983,-0.84406507,0.30090064,0.00515589,0.6034032,-0.4539971,0.4231093,-0.70705783,1.0100498,0.77475786,-0.6267306,-0.96729034,0.25946683,-0.0040315017,0.8324975,0.7720391,0.58007276,-0.58263147,1.020261,0.48143327,-0.6460475,-1.427394,1.8478632,0.00018510861,0.7896073,0.669403,1.8408903,-0.17824179,0.737201,0.5575543,-0.6507779,0.7860706,0.17881912,0.012070005,-0.15022798,0.5366607,0.31907177,0.1995246,0.02407118,0.24243854,-0.26610833,0.18629768,-0.09896097,0.002556948,1.4180222,1.0362216,-0.16630054,-0.7735637,0.6093867,1,4
92,0.78429115,-0.11621243,0.93458295,0.016489502,0.060207333,-0.24698016,0.9000768,0.5385446,-0.81011325,0.20254536,0.28842452,0.085537255,1.1059921,0.6611446,1.5922726,0.15246357,0.21599486,0.3400752,1.5732163,2.1672974,0.78572136,0.10175553,0.17508364,0.16124898,-0.8671832,0.48317766,0.31314406,0.09588271,0.109148175,0.14157979,0.8719233,-0.5741264,-0.5694346,0.47606224,-0.01293599,0.031386606,0.5399833,0.6129972,-0.4709349,-0.24325737,0.42579976,-0.45015392,-0.8426727,0.3009571,-0.008496046,0.6030528,-0.45601395,0.42349055,-0.70596635,1.0110179,0.77282923,-0.62725395,-0.96739554,0.25979784,-0.04228378,0.8323854,0.77173847,0.58030534,-0.58110744,1.0211933,0.48056152,-0.6455508,-1.4276346,1.8479246,-0.02114271,0.78948563,0.6697955,1.8407317,-0.17784113,0.7375462,0.5576367,-0.65100265,0.7859831,0.17879733,0.0048524495,-0.1490061,0.53749204,0.31868127,0.19926998,0.024738109,0.2427753,-0.2662141,0.1860353,-0.09879885,0.0014299315,1.4180509,1.0362644,-0.1666461,-0.77354795,0.6086761,1,4
93,0.7839539,-0.11521882,0.93501854,0.018234976,0.05937097,-0.25555956,0.8983378,0.5385446,-0.8097127,0.20290111,0.29580185,0.085651554,1.1063179,0.66097194,1.5892277,0.15259098,0.2138381,0.33998498,1.5733438,2.1671507,0.78419447,0.09612378,0.17561823,0.1610563,-0.8671832,0.48315012,0.3125508,0.09588271,0.10866461,0.14121547,0.8714421,-0.5740735,-0.56923485,0.47619715,-0.02013014,0.023579817,0.5399333,0.6115224,-0.47048572,-0.24545968,0.42559105,-0.44853878,-0.84144145,0.30085126,-0.019514384,0.6027058,-0.4580092,0.42386618,-0.7048688,1.0119958,0.7706449,-0.6280024,-0.9677456,0.26019043,-0.07327874,0.8322725,0.771437,0.5805416,-0.57962,1.0221022,0.4795828,-0.6447044,-1.4279524,1.848071,-0.039576884,0.78935885,0.67022634,1.8405578,-0.1774333,0.73788136,0.55749416,-0.6513455,0.78598624,0.17889978,-0.006959154,-0.1477976,0.53831315,0.31829616,0.1990248,0.025370948,0.24307206,-0.26639044,0.18570258,-0.09857791,0.00038778278,1.4182147,1.0365257,-0.16698766,-0.7735301,0.607969,1,4
94,0.7839539,-0.11521882,0.93501854,0.018234976,0.05937097,-0.25555956,0.8983378,0.5385446,-0.8082441,0.20290111,0.29580185,0.08607069,1.1075124,0.66082126,1.5864888,0.15305813,0.21074358,0.33989477,1.5738106,2.1671507,0.7813699,0.09049201,0.17757848,0.16034974,-0.8671832,0.48304945,0.3103759,0.09588271,0.106891535,0.1398796,0.8714421,-0.5740735,-0.56923485,0.47619715,-0.004302933,0.01577303,0.5398827,0.610069,-0.47004262,-0.24762961,0.42547756,-0.44858575,-0.8414572,0.3004637,-0.012571087,0.60236764,-0.45996135,0.42423242,-0.70380104,1.0129693,0.76886714,-0.629041,-0.9686894,0.26054546,-0.06156192,0.8321583,0.7711326,0.5807857,-0.57819974,1.0229708,0.4789242,-0.6432198,-1.4285225,1.8484083,-0.029272482,0.7892185,0.6707203,1.8403608,-0.17699683,0.7381974,0.55697155,-0.65260255,0.7859979,0.1792748,-0.020023856,-0.14662477,0.5391151,0.31792128,0.19880229,0.025919443,0.24306561,-0.2665951,0.18533643,-0.09830092,0.00015261651,1.4186485,1.0372316,-0.16714588,-0.7735079,0.607271,1,4
95,0.7839539,-0.11521882,0.93501854,0.014743974,0.05937097,-0.26485398,0.8971102,0.5385446,-0.8078436,0.20290111,0.29580185,0.08618499,1.1078382,0.66078013,1.585742,0.15454452,0.20989962,0.33987018,1.5739379,2.1672137,0.7805997,0.08895607,0.17811309,0.16015705,-0.8669198,0.48302191,0.30834454,0.09821866,0.10357104,0.13951528,0.8714421,-0.57252043,-0.56923485,0.47619715,1.3567397e-05,0.007848313,0.5398208,0.6086294,-0.46960708,-0.2498474,0.42532206,-0.4485986,-0.84058905,0.30035785,-0.012914468,0.60202956,-0.46188387,0.42459384,-0.70273465,1.0139105,0.7683825,-0.629145,-0.96894675,0.26064226,-0.031288985,0.83204424,0.7708172,0.58104426,-0.5767979,1.0238256,0.47898993,-0.642815,-1.4286281,1.8485156,-0.009495174,0.78907806,0.6712063,1.8401669,-0.1765662,0.73850846,0.55663973,-0.65369445,0.78579974,0.17963472,-0.018813606,-0.14545193,0.53982264,0.3175903,0.1985349,0.026420845,0.24341995,-0.266651,0.18523656,-0.098225415,-0.0005309044,1.4187795,1.0373428,-0.16705187,-0.7734857,0.6065731,1,4
96,0.78404945,-0.11372849,0.9351274,0.00983475,0.0595336,-0.27888492,0.8956014,0.5386137,-0.8077902,0.20299006,0.29566,0.0863755,1.1078253,0.66078013,1.5853589,0.15607336,0.20929009,0.33972257,1.5738361,2.1672843,0.78011334,0.08851723,0.17811309,0.16002859,-0.86653566,0.48304945,0.3067268,0.10084658,0.10037951,0.139576,0.87167317,-0.57019335,-0.5692529,0.4763442,0.0055372794,-0.00016592293,0.539754,0.6072097,-0.469173,-0.25210232,0.4252368,-0.44862157,-0.83950734,0.30033082,-0.01086431,0.60169697,-0.4637911,0.42495295,-0.7016802,1.0148388,0.76816416,-0.62914944,-0.9689497,0.26069894,-0.0053985943,0.8319273,0.7704988,0.5813088,-0.5754146,1.0246558,0.47908008,-0.642739,-1.4285145,1.8485907,0.003797289,0.7889343,0.6716936,1.8399731,-0.17613502,0.7388083,0.5564922,-0.6544861,0.7855032,0.17992844,-0.010634344,-0.14427687,0.5404917,0.31727675,0.19824865,0.02690678,0.2438801,-0.26679662,0.18525325,-0.09827427,-0.0012765331,1.4188529,1.037225,-0.16695265,-0.77345836,0.60587174,1,4
97,0.784575,-0.10553186,0.93572605,0.0044345967,0.06042805,-0.29854608,0.8948981,0.53899336,-0.80749655,0.20347923,0.29487967,0.08742332,1.1077551,0.66078013,1.5832521,0.15607336,0.20593773,0.33891073,1.5732758,2.1672843,0.77743757,0.08610362,0.17811309,0.15932202,-0.8660528,0.4832006,0.3067268,0.10084658,0.10037951,0.13990997,0.8729431,-0.5670035,-0.5693523,0.47715297,0.035917353,-0.008384254,0.5396853,0.60585606,-0.46873313,-0.25444323,0.42553973,-0.44874784,-0.83895606,0.3001825,0.014252682,0.6013896,-0.46568576,0.425308,-0.7006773,1.0157627,0.7669639,-0.63028324,-0.96896577,0.26101077,-0.030542264,0.83179754,0.7701851,0.5815753,-0.5740836,1.0253981,0.47805703,-0.6423211,-1.4281989,1.8489103,-0.028076898,0.7887752,0.67220163,1.8397747,-0.17569146,0.73906577,0.5568501,-0.6542055,0.7851185,0.17994958,0.0048164637,-0.14309177,0.5411486,0.31696865,0.19795339,0.027402638,0.2442075,-0.26759723,0.18534504,-0.098542824,-0.0015449873,1.4191774,1.0370816,-0.16725594,-0.7734079,0.6051549,1,4
98,0.7847661,-0.10081243,0.93594384,0.0024709408,0.060753297,-0.3056956,0.8946423,0.53913146,-0.8073897,0.20427969,0.29459593,0.08780433,1.1069694,0.6610103,1.5824862,0.15726247,0.20307766,0.33781192,1.5718241,2.1673577,0.7764646,0.08496995,0.17707355,0.15794104,-0.86587715,0.4832555,0.305846,0.10084658,0.10037951,0.1400314,0.8733775,-0.5658435,-0.56939965,0.47760576,0.026977532,-0.016602527,0.53961706,0.60452586,-0.46829894,-0.2567516,0.42564982,-0.44860727,-0.8387555,0.30012837,0.013179919,0.60108227,-0.4675831,0.42566407,-0.6996859,1.0166751,0.7670874,-0.6310468,-0.96840197,0.26120064,-0.0119505655,0.83165246,0.76986504,0.5818562,-0.5727669,1.0260565,0.47747332,-0.6422858,-1.4269607,1.8490442,-0.02936715,0.78858626,0.6727163,1.839582,-0.17522576,0.7392335,0.5568696,-0.65410346,0.784981,0.18011498,0.0019750115,-0.14190668,0.5417901,0.31666687,0.19766188,0.027892083,0.24433807,-0.2680301,0.18561037,-0.098681316,-0.0011565622,1.4193102,1.0366071,-0.16735934,-0.77333945,0.604418,1,4
99,0.7847661,-0.098328665,0.93594384,0.0021981967,0.060753297,-0.30703616,0.8946423,0.53913146,-0.8073897,0.20516908,0.2943122,0.08780433,1.1058835,0.6613391,1.5825342,0.15896119,0.20073335,0.33666384,1.5700413,2.167478,0.77651864,0.084604256,0.17558855,0.15633525,-0.8660309,0.48329216,0.30458772,0.10104125,0.10044399,0.14009213,0.87333834,-0.56566674,-0.56941557,0.4778325,-0.0014815882,-0.024837855,0.5395476,0.60321355,-0.467869,-0.2590473,0.42564982,-0.44839936,-0.8387555,0.30012837,-0.0014001053,0.6007749,-0.46947864,0.4260196,-0.6987054,1.017576,0.76791453,-0.6315487,-0.96758676,0.26130283,0.026557997,0.8314985,0.769542,0.5821447,-0.5714607,1.026666,0.4772487,-0.64245266,-1.4253402,1.8490672,-0.012130648,0.7883804,0.6732336,1.8393928,-0.17474814,0.73934954,0.55680716,-0.65408915,0.78510225,0.18034552,-0.00733201,-0.14071935,0.5424162,0.3163719,0.19737253,0.028380644,0.24435452,-0.2682325,0.1859424,-0.0987451,-0.0004553641,1.4193293,1.0360506,-0.16733967,-0.7732607,0.60366845,1,4
100,0.7847661,-0.098328665,0.93594384,-0.00080187566,0.060753297,-0.32178205,0.8946423,0.53913146,-0.8073897,0.20516908,0.291191,0.08780433,1.1058835,0.6613391,1.5830606,0.15896119,0.20073335,0.33666384,1.5700413,2.167651,0.77711314,0.084604256,0.17558855,0.15633525,-0.86772096,0.48369518,0.30458772,0.103182524,0.101153225,0.14076005,0.87333834,-0.5637217,-0.56941557,0.4778325,-0.0004536697,-0.03324317,0.53946453,0.6019452,-0.4674504,-0.26140317,0.42564982,-0.44904363,-0.8387555,0.30012837,-0.0014001053,0.6004675,-0.47134095,0.42637107,-0.6977669,1.0184274,0.7682109,-0.6315487,-0.96757054,0.26122484,0.014325512,0.83134454,0.76922464,0.58242613,-0.57017833,1.0272644,0.47810134,-0.64245266,-1.4251673,1.8490381,0.015610062,0.78817445,0.67374253,1.8392066,-0.17427792,0.73946226,0.55785584,-0.6539323,0.78639776,0.18040203,0.023228582,-0.13950975,0.54296666,0.31611064,0.19708337,0.028896922,0.24435452,-0.2682325,0.18594868,-0.09880595,-0.0003805778,1.4193052,1.036562,-0.16723093,-0.773182,0.6029074,1,4
101,0.7848167,-0.09336096,0.9363521,-0.003147396,0.06089269,-0.33009335,0.8950259,0.53897613,-0.80754995,0.20570272,0.28764418,0.08826156,1.1053852,0.6613391,1.5833001,0.15896119,0.20073335,0.33666384,1.5693792,2.1677296,0.7773835,0.084604256,0.17558855,0.1560141,-0.8684892,0.48387843,0.30717623,0.10415583,0.1014756,0.14130655,0.87358034,-0.5624371,-0.5693763,0.47832692,0.005804744,-0.041668944,0.5393844,0.6007054,-0.46703225,-0.2637414,0.42553866,-0.44965535,-0.8390488,0.3001998,-0.007285255,0.60017353,-0.47321764,0.42672512,-0.69687986,1.0192659,0.76825094,-0.6315487,-0.96721524,0.26118943,0.003390931,0.83119065,0.76891035,0.5827044,-0.5689061,1.0278538,0.4782251,-0.6423793,-1.4245235,1.849025,0.011155716,0.78796005,0.6742506,1.8390236,-0.17379726,0.73955154,0.5586582,-0.65365225,0.7869793,0.17996424,0.030957077,-0.13829121,0.5435273,0.31584466,0.19678727,0.029421786,0.24419434,-0.26863632,0.18604784,-0.099146545,0.000113491944,1.419266,1.036533,-0.16742831,-0.7730989,0.6021361,1,4
102,0.7849094,-0.084253535,0.93710047,-0.004947428,0.06114825,-0.3330425,0.8957292,0.53869134,-0.8078436,0.20668107,0.28374267,0.08909981,1.1044717,0.6613391,1.5833001,0.15896119,0.20073335,0.33666384,1.5681652,2.1677296,0.7773835,0.084604256,0.17558855,0.15542531,-0.8684892,0.48387843,0.31192175,0.10415583,0.1014756,0.14175183,0.8740243,-0.5617028,-0.56930435,0.47923332,0.016421927,-0.050111722,0.53930676,0.59948933,-0.46661445,-0.26606497,0.42533493,-0.45023996,-0.8395864,0.30033058,-0.018074723,0.5998907,-0.4751051,0.4270814,-0.6960357,1.0200938,0.7680767,-0.6315487,-0.9665771,0.26118943,-0.006462058,0.83103675,0.7685986,0.5829802,-0.5676425,1.028436,0.4777415,-0.6422448,-1.423487,1.849025,-0.020127993,0.7877386,0.6747573,1.8388431,-0.1733079,0.73962134,0.55925477,-0.6532696,0.78696597,0.17911477,0.01965871,-0.13706526,0.5440957,0.31557456,0.19648539,0.029953808,0.24390076,-0.2693766,0.18622448,-0.09972025,0.00095691805,1.4192142,1.0360537,-0.16788077,-0.77301204,0.6013562,1,4
103,0.7849094,-0.084253535,0.93710047,-0.004947428,0.06114825,-0.3330425,0.8960105,0.53869134,-0.8078436,0.20668107,0.28374267,0.08909981,1.1042609,0.6616104,1.5837214,0.15919477,0.21414284,0.3381071,1.5674181,2.1680753,0.77991056,0.084604256,0.17558855,0.15507203,-0.8698172,0.48387843,0.31192175,0.10415583,0.1014756,0.14175183,0.8740243,-0.5617028,-0.56930435,0.47923332,0.005804744,-0.0585545,0.5392293,0.59829754,-0.4662043,-0.26834187,0.42536345,-0.45023996,-0.8397864,0.30033058,-0.0057765357,0.599608,-0.47695574,0.4274301,-0.6952116,1.0209091,0.7691055,-0.62687737,-0.9663718,0.26121715,0.018735899,0.8309105,0.7682737,0.58324254,-0.566203,1.0292599,0.47954994,-0.64215964,-1.4224234,1.8488073,0.03354753,0.7875077,0.675268,1.8386636,-0.17280835,0.73966134,0.5592969,-0.6532696,0.7880009,0.17911477,0.0057945084,-0.1358393,0.5446532,0.3153099,0.19619712,0.030468417,0.24381916,-0.2693766,0.18630415,-0.09969866,0.0015640609,1.4190332,1.0363193,-0.16790874,-0.77295756,0.60056996,1,4
104,0.7849094,-0.084253535,0.93710047,-0.004947428,0.060799763,-0.3330425,0.89616394,0.53860503,-0.80797714,0.20668107,0.2826786,0.08909981,1.1041459,0.66175836,1.5839512,0.15932217,0.2214571,0.33889434,1.5670106,2.168264,0.7812889,0.08698131,0.17573705,0.15487933,-0.8709806,0.4839242,0.31138247,0.10415583,0.10228154,0.14235905,0.8740243,-0.56182426,-0.56930435,0.47923332,1.3567397e-05,-0.066997275,0.5391454,0.5971131,-0.46580657,-0.2705955,0.4252991,-0.4504569,-0.8399064,0.30038184,-0.0039824275,0.5993252,-0.4787929,0.427777,-0.6944041,1.021705,0.7696669,-0.62432945,-0.96625984,0.2612323,0.022683939,0.8307842,0.76795113,0.5835023,-0.5647766,1.0300765,0.4805363,-0.6423549,-1.421843,1.8486886,0.043573935,0.78727686,0.6757346,1.838503,-0.17230651,0.7397076,0.5593793,-0.65268016,0.7889066,0.17921765,-0.0007620482,-0.13459104,0.54519975,0.3150489,0.19590214,0.031022675,0.2437702,-0.26934955,0.18634762,-0.099686846,0.001903308,1.4189141,1.036602,-0.16786921,-0.7729031,0.5997723,1,4
105,0.7849094,-0.084253535,0.93710047,-0.004947428,0.06003309,-0.3330425,0.89616394,0.5384151,-0.8082708,0.20668107,0.2803377,0.08909981,1.1041459,0.66175836,1.5839512,0.15932217,0.2214571,0.33889434,1.5670106,2.168264,0.7812889,0.092210814,0.17606376,0.15487933,-0.87194633,0.48402503,0.3101961,0.10415583,0.10405462,0.1436949,0.8740243,-0.56209135,-0.56930435,0.47923332,1.3567397e-05,-0.07544006,0.5390537,0.59593725,-0.4654237,-0.2728212,0.42512345,-0.4509341,-0.8399306,0.30049503,-0.0147931455,0.59904236,-0.48061568,0.4281216,-0.6936166,1.0224776,0.7696669,-0.62432945,-0.96625984,0.2612323,0.0011322214,0.83065796,0.76763165,0.58375895,-0.56336594,1.030884,0.4805363,-0.6428868,-1.421843,1.8486886,0.0012216739,0.787046,0.6761478,1.838365,-0.17180184,0.73976135,0.55950993,-0.6513832,0.78965694,0.1794443,0.0014505226,-0.13331604,0.5457322,0.31479263,0.1955991,0.031624503,0.24376027,-0.26928976,0.18634762,-0.099686846,0.0019210969,1.4188694,1.0369053,-0.16774857,-0.77284855,0.5989608,1,4
106,0.7849656,-0.078043945,0.93594384,0.011962143,0.05949875,-0.32499927,0.897187,0.53805274,-0.80909854,0.20757048,0.27870616,0.08967134,1.1041459,0.66175836,1.5838555,0.15868515,0.2214571,0.33889434,1.5670106,2.168264,0.7812889,0.092686206,0.17609344,0.15477228,-0.8720342,0.48403415,0.31008822,0.10415583,0.10550532,0.14381635,0.8734321,-0.56657416,-0.5696115,0.479685,-0.014150828,-0.08378078,0.5389768,0.59498674,-0.46507764,-0.27485117,0.42491275,-0.45104393,-0.8407012,0.30078125,-0.01763525,0.5987764,-0.48246813,0.42847103,-0.6928901,1.0232546,0.76961285,-0.6244138,-0.96626276,0.26124647,-0.0019620496,0.8305318,0.7673235,0.5840022,-0.56198186,1.0316778,0.4805363,-0.6429084,-1.421843,1.8486886,-0.0026284144,0.78681237,0.67655396,1.8382297,-0.17130269,0.7398079,0.5595218,-0.6511612,0.7897252,0.17946479,-0.0013176004,-0.13204105,0.5462563,0.3145402,0.19532315,0.032233637,0.24376212,-0.26954192,0.18664911,-0.099961706,0.002487244,1.4187561,1.0369351,-0.16775191,-0.7727886,0.59814745,1,4
107,0.785005,-0.07369719,0.9351342,0.02379875,0.059173495,-0.31936905,0.897903,0.537811,-0.8096593,0.20819305,0.27771306,0.09007141,1.1045803,0.6619666,1.5837885,0.15662543,0.2215509,0.33902553,1.5670786,2.168358,0.7818835,0.09488041,0.1778755,0.1546117,-0.8720342,0.4839426,0.31008822,0.10415583,0.10679482,0.14381635,0.87301767,-0.5696951,-0.5698264,0.48000118,-0.018400032,-0.09211134,0.5389015,0.5940655,-0.46473747,-0.27684683,0.42477632,-0.4510904,-0.84123904,0.30097443,-0.014810473,0.598512,-0.48430976,0.42881843,-0.6921749,1.0240264,0.77029574,-0.6246563,-0.9665333,0.26132548,0.012799034,0.830408,0.7670346,0.5842219,-0.5606183,1.0324775,0.48110932,-0.6424654,-1.4217907,1.8486407,0.010793712,0.7865761,0.6769293,1.8381093,-0.17076774,0.73987645,0.5592958,-0.651056,0.7897303,0.17945185,-0.009050635,-0.13076605,0.5467746,0.3142898,0.19505847,0.03284449,0.24376398,-0.26972228,0.18675599,-0.10010011,0.0029051034,1.4186397,1.0371381,-0.16783848,-0.77273095,0.59733236,1,4
108,0.785005,-0.07369719,0.9351342,0.02379875,0.059173495,-0.31936905,0.897903,0.537811,-0.8096593,0.20819305,0.27771306,0.09007141,1.1057749,0.66253936,1.5837885,0.15218754,0.22180873,0.33938634,1.5672654,2.1686177,0.78351873,0.100914426,0.18277605,0.15437618,-0.8720342,0.48369062,0.31008822,0.10415583,0.107858665,0.14381635,0.87301767,-0.5696951,-0.5698264,0.48000118,-0.0028193216,-0.100441836,0.5388267,0.59315616,-0.46440125,-0.27881688,0.42477632,-0.4510904,-0.84123904,0.30097443,-0.0034632587,0.5982477,-0.48612806,0.42916128,-0.6914689,1.0247884,0.7722785,-0.62516046,-0.9672717,0.26151553,0.055576537,0.8302887,0.7667769,0.58440274,-0.55928576,1.0332898,0.4826855,-0.64129895,-1.4216465,1.8485086,0.047704138,0.7863359,0.6772503,1.8380141,-0.17016922,0.73998487,0.5586735,-0.650967,0.7897445,0.17941648,-0.02460053,-0.12949106,0.5472872,0.3140417,0.19480863,0.033457104,0.24376398,-0.26972228,0.18646951,-0.09995184,0.0029674906,1.4185299,1.0376923,-0.16804911,-0.77267843,0.5965146,1,4
109,0.7846004,-0.07369719,0.9343993,0.02379875,0.059173495,-0.31936905,0.897903,0.537811,-0.8103802,0.20819305,0.27771306,0.09007141,1.106107,0.66264343,1.5843916,0.15138063,0.22185564,0.33945197,1.5672992,2.1686647,0.783816,0.10201153,0.18366706,0.15433337,-0.8710465,0.48364484,0.31008822,0.102695875,0.10834224,0.14436284,0.87179506,-0.5696951,-0.56984967,0.47992787,-0.029232258,-0.10877239,0.5387514,0.59225893,-0.46407038,-0.28075594,0.42483196,-0.4510904,-0.84123135,0.301165,0.0015511626,0.5979833,-0.4879284,0.42950052,-0.690774,1.0255381,0.7730001,-0.6252521,-0.96746767,0.26146087,0.0369416,0.8301693,0.76652396,0.58457863,-0.55797565,1.034089,0.482972,-0.6410869,-1.4216202,1.8484846,0.02421569,0.7860956,0.67756563,1.8379207,-0.16958043,0.7400916,0.55852866,-0.65015006,0.7889772,0.17941001,-0.015501262,-0.128196,0.54783505,0.31377706,0.19453864,0.034100458,0.2437911,-0.26955622,0.18641643,-0.09994811,0.0029731595,1.4184345,1.0375278,-0.16799736,-0.772626,0.5956865,1,4
110,0.78424054,-0.074318126,0.9337462,0.02772612,0.059347738,-0.31963712,0.89774954,0.5378369,-0.81126136,0.20805962,0.27941555,0.09007141,1.1062093,0.66264343,1.584928,0.14997919,0.22185564,0.33945197,1.5672992,2.1686647,0.783816,0.10201153,0.18366706,0.15394796,-0.87016845,0.48365852,0.31008822,0.101398125,0.10889027,0.14497004,0.87071794,-0.570431,-0.5698664,0.47980592,-0.045247693,-0.117106296,0.5386839,0.5914219,-0.4637413,-0.28265998,0.42491165,-0.45078447,-0.8411091,0.30139282,0.004781581,0.59771895,-0.48971254,0.42983574,-0.69006914,1.0262983,0.7733212,-0.6254224,-0.9675225,0.2613815,0.01094167,0.83005,0.76628876,0.5847333,-0.55668,1.0348824,0.482972,-0.6409827,-1.4216202,1.8484846,-0.0026284144,0.78584516,0.6778823,1.837829,-0.16898394,0.74017507,0.55853444,-0.64930785,0.7882921,0.17941195,-0.0037859539,-0.12689203,0.5483874,0.3135099,0.19426546,0.034758225,0.24385825,-0.26932698,0.18641162,-0.099932835,0.0028833488,1.4183444,1.0372919,-0.16791627,-0.7725735,0.59484696,1,4
111,0.78424054,-0.07659503,0.9337462,0.042126488,0.05998663,-0.32062024,0.897187,0.5379318,-0.8121426,0.20757048,0.28565794,0.09007141,1.1062093,0.66264343,1.584928,0.14484054,0.22185564,0.33945197,1.5672992,2.1686647,0.783816,0.10201153,0.18366706,0.15253487,-0.87016845,0.483709,0.31008822,0.101398125,0.10995411,0.14541534,0.8707539,-0.57312924,-0.56985193,0.47959775,-0.008650794,-0.12544937,0.53863627,0.59073853,-0.46341437,-0.28448898,0.42502174,-0.44966263,-0.8406861,0.3016076,0.0070074727,0.59745467,-0.49146256,0.43016124,-0.68933105,1.0270941,0.7733212,-0.6260468,-0.9675225,0.2613815,0.0016948795,0.82993066,0.7660975,0.58483464,-0.5554094,1.0356684,0.482972,-0.6406006,-1.4216202,1.8484846,-0.0026284144,0.7855676,0.67820466,1.8377417,-0.16836111,0.7401978,0.5586586,-0.6488296,0.78828925,0.17941907,0.00029831476,-0.12557617,0.54892945,0.3132462,0.1939957,0.035436273,0.24401599,-0.2690277,0.18639737,-0.099801086,0.0025725306,1.4182594,1.0372907,-0.16791248,-0.772521,0.59398293,1,4
112,0.7843755,-0.07721597,0.9336373,0.046053857,0.060346734,-0.3208883,0.8970335,0.5380268,-0.8123828,0.20743705,0.28736043,0.09007141,1.1074868,0.6625119,1.5853112,0.14055127,0.22204317,0.33964878,1.5673672,2.1686227,0.78597826,0.10581481,0.18414228,0.1513787,-0.87016845,0.4837227,0.31008822,0.09880263,0.11024426,0.14577967,0.870984,-0.57379794,-0.56991637,0.47953007,0.005989737,-0.1337924,0.53859144,0.5900667,-0.46308812,-0.28629303,0.4251239,-0.4493567,-0.8405608,0.30165318,0.0071895416,0.59719026,-0.4931865,0.4304819,-0.68860364,1.027878,0.77337795,-0.6264935,-0.96842426,0.2612812,0.0003640468,0.82981515,0.7659409,0.5848937,-0.5541743,1.0364662,0.48348236,-0.64044625,-1.4215806,1.8482167,0.009320075,0.7852695,0.6784781,1.8376802,-0.16770652,0.74018776,0.5586927,-0.6479519,0.7882885,0.17942101,-0.00085051387,-0.12425138,0.54954404,0.31294963,0.19371852,0.036118496,0.24413359,-0.2689431,0.18611108,-0.09983645,0.0024976607,1.4180183,1.0379602,-0.16781029,-0.77247286,0.5931006,1,4
113,0.7845384,-0.07746442,0.9335013,0.046053857,0.060555823,-0.32178205,0.89695674,0.5381044,-0.8124897,0.2070813,0.28736043,0.09007141,1.1089242,0.66236395,1.585742,0.13730246,0.22225417,0.33987018,1.5674436,2.1685755,0.7884106,0.110093474,0.18467689,0.15051158,-0.8700147,0.4837227,0.30965686,0.09523383,0.11024426,0.1460529,0.8712524,-0.5736401,-0.56999844,0.47949377,0.010388151,-0.14214672,0.53854656,0.58940446,-0.46276382,-0.2880874,0.42520547,-0.44946468,-0.8404939,0.30166695,0.0057831965,0.596926,-0.49488083,0.43079674,-0.6878824,1.0286535,0.77344203,-0.62680435,-0.96943873,0.26116842,0.0014061752,0.82970095,0.7657976,0.5849366,-0.5529569,1.0372658,0.48405614,-0.64038974,-1.4215358,1.8479152,0.019774925,0.7849638,0.6787321,1.8376287,-0.16704242,0.7401655,0.5586337,-0.6469741,0.78817,0.17949821,-0.004874507,-0.122923255,0.5502003,0.31263357,0.19343838,0.036800556,0.24424548,-0.2689035,0.1857984,-0.099901475,0.0024678635,1.4177622,1.0386659,-0.16765536,-0.7724265,0.59221137,1,4
114,0.7846004,-0.07883052,0.9334263,0.046053857,0.060555823,-0.32669732,0.8965348,0.5381044,-0.81307703,0.2051246,0.28736043,0.09007141,1.1089242,0.66236395,1.585742,0.13730246,0.22225417,0.33987018,1.5674436,2.1685755,0.7884106,0.110093474,0.18467689,0.15051158,-0.86916965,0.4837227,0.30728412,0.09166503,0.11024426,0.1460529,0.87136155,-0.57318765,-0.5700265,0.47936136,0.0057484144,-0.15055208,0.5384978,0.5887657,-0.4624464,-0.28988022,0.42520824,-0.4500584,-0.84018767,0.30182192,0.0006779881,0.5966616,-0.4964889,0.43109375,-0.68717194,1.0294108,0.77344203,-0.62680435,-0.96943873,0.26116842,-0.0002314658,0.8295868,0.7656563,0.5849785,-0.5517592,1.0380517,0.48405614,-0.64038974,-1.4215358,1.8479152,0.003345768,0.784658,0.6789826,1.8375782,-0.16638921,0.7401437,0.55830836,-0.64621943,0.787518,0.17992306,-0.01300586,-0.12159513,0.5509252,0.31228697,0.1931575,0.03747478,0.24439932,-0.26870337,0.18582608,-0.0998177,0.0022428902,1.4177008,1.0384026,-0.16742912,-0.77238005,0.5913221,1,4
115,0.7846621,-0.08135569,0.9333515,0.048344817,0.06088108,-0.32848468,0.8963813,0.53822523,-0.81329066,0.20347923,0.28686386,0.09007141,1.1089242,0.66228724,1.585742,0.13730246,0.22225417,0.3397554,1.5671465,2.1685755,0.7884106,0.110093474,0.18467689,0.15051158,-0.8682478,0.4837227,0.30642122,0.09036729,0.11024426,0.1460529,0.8714894,-0.5733793,-0.57004714,0.47912294,0.0044913683,-0.15895745,0.5384573,0.5881614,-0.46212637,-0.29164332,0.42533538,-0.45065874,-0.840059,0.30185586,0.005413765,0.5963972,-0.49803588,0.4313788,-0.6864761,1.0301522,0.77320707,-0.6267967,-0.9694516,0.2611429,-0.0057497616,0.82947046,0.7655171,0.5850189,-0.5505732,1.0388204,0.4839385,-0.64038974,-1.4212823,1.8479152,-0.0053913435,0.7843523,0.67922914,1.8375281,-0.16574216,0.74012065,0.55817044,-0.645945,0.7868018,0.18007746,-0.011273297,-0.120267004,0.55164045,0.3119447,0.19287668,0.03814351,0.2444731,-0.26847264,0.1858414,-0.09968667,0.0022579983,1.4176874,1.0381227,-0.16732115,-0.77233106,0.5904329,1,4
116,0.78472394,-0.084253535,0.9332835,0.051617634,0.061345726,-0.32848468,0.8964581,0.5384065,-0.81310374,0.20214513,0.2861545,0.09009046,1.1090262,0.66216385,1.5858568,0.13736615,0.22220728,0.33957496,1.5666881,2.1685784,0.7886134,0.11042259,0.18467689,0.1505651,-0.8673698,0.4837227,0.30625948,0.09014019,0.11024426,0.1460529,0.87162584,-0.5738881,-0.57006395,0.4788511,0.005083416,-0.16736276,0.5384211,0.5875778,-0.46180528,-0.29338625,0.42551804,-0.45120963,-0.8400894,0.30177256,0.014001013,0.5961335,-0.49954334,0.43165597,-0.6857918,1.0308845,0.772914,-0.6267944,-0.96954006,0.261085,-0.011189956,0.82935256,0.765379,0.5850587,-0.54939705,1.0395766,0.48382694,-0.6404338,-1.420877,1.8478917,-0.0075975214,0.784048,0.67946863,1.8374803,-0.16510083,0.74010015,0.5581225,-0.645896,0.7861179,0.18010636,-0.005012515,-0.118938886,0.55235445,0.31160262,0.1925963,0.038807902,0.244478,-0.26827386,0.18582353,-0.099559814,0.0024557714,1.4177008,1.037912,-0.16724727,-0.77228004,0.5895446,1,4
117,0.78478587,-0.084253535,0.9332835,0.051617634,0.061345726,-0.32848468,0.89730203,0.53850144,-0.8110478,0.20214513,0.2861545,0.09030002,1.1101506,0.6620132,1.5871209,0.13806689,0.22169153,0.33939454,1.5663146,2.168607,0.79084295,0.11404302,0.18467689,0.15115389,-0.8673698,0.4837227,0.30447984,0.08764203,0.11024426,0.1460529,0.87175363,-0.5738881,-0.5700846,0.4788511,0.0048369956,-0.17576814,0.53838485,0.58700484,-0.4614898,-0.29509726,0.42554393,-0.45122775,-0.8406974,0.30121198,0.004869011,0.59587526,-0.5009969,0.43192068,-0.6851379,1.0316205,0.77338064,-0.62689,-0.97031075,0.26084802,0.0063264687,0.8292315,0.7652406,0.585102,-0.5482523,1.0403064,0.48445955,-0.6409188,-1.4204007,1.8476329,0.011552461,0.78375787,0.6796534,1.8374519,-0.16448101,0.74011326,0.5578992,-0.64535683,0.78612286,0.1804251,-0.009834307,-0.11761077,0.5531159,0.31123903,0.19231994,0.039460044,0.24425113,-0.2685699,0.1855449,-0.09974477,0.0031085177,1.4177074,1.0384865,-0.16683845,-0.77222353,0.5886659,1,4
118,0.7848139,-0.084253535,0.9332835,0.051617634,0.061206333,-0.32848468,0.89768565,0.5385446,-0.81011325,0.20214513,0.2861545,0.09039528,1.1106616,0.6619447,1.5886147,0.13902241,0.2214571,0.33931255,1.5661447,2.16862,0.79153216,0.11568867,0.18467689,0.15142152,-0.8673698,0.4837227,0.30291596,0.08553319,0.10927712,0.14587075,0.87181145,-0.5739391,-0.570094,0.4788511,0.0030621353,-0.18417351,0.53834623,0.5864366,-0.46118096,-0.29678842,0.4255557,-0.45123592,-0.84097373,0.3009571,-2.9508086e-05,0.59561706,-0.5024343,0.43218255,-0.6844911,1.0323483,0.774111,-0.6268611,-0.9706326,0.26060438,0.019801032,0.82911044,0.7650986,0.5851506,-0.54711854,1.041027,0.4846498,-0.64113927,-1.4202039,1.8475538,0.00990002,0.7834677,0.67983466,1.8374245,-0.16386794,0.7401266,0.55770296,-0.6451283,0.7861272,0.18070523,-0.011346549,-0.116289325,0.55389535,0.31086823,0.19203746,0.040080745,0.24414799,-0.26870447,0.18542935,-0.09993479,0.0033967157,1.4177425,1.0387274,-0.16644356,-0.772167,0.58779055,1,4
119,0.7848139,-0.084253535,0.9332835,0.051617634,0.060950775,-0.32848468,0.89768565,0.5385446,-0.81011325,0.20214513,0.2861545,0.09039528,1.1106616,0.6619447,1.5903001,0.14019029,0.2214571,0.33931255,1.5661447,2.16862,0.79093766,0.11568867,0.18467689,0.15142152,-0.8673698,0.4837227,0.30153188,0.08374879,0.10750405,0.14553678,0.87181145,-0.57403255,-0.570094,0.4788511,1.3567397e-05,-0.19257888,0.5383055,0.58587223,-0.46087772,-0.29846314,0.4255557,-0.45123592,-0.84097373,0.3009571,-0.0014001053,0.5953589,-0.5038591,0.4324419,-0.68385017,1.0330695,0.7750603,-0.62672836,-0.9705803,0.26035526,0.029907357,0.8289893,0.76495343,0.5852037,-0.545994,1.0417396,0.48447102,-0.64113927,-1.4202398,1.8476248,-0.009087871,0.7831776,0.68001235,1.8373979,-0.1632605,0.7401402,0.5575294,-0.64515877,0.7861311,0.18095301,-0.010100815,-0.11497346,0.5546895,0.3104913,0.1917499,0.04067526,0.24414799,-0.26870447,0.18544964,-0.10012916,0.0033811887,1.4178015,1.03869,-0.16606024,-0.7721105,0.5869182,1,4
120,0.7849066,-0.08835185,0.9332835,0.04321741,0.060695216,-0.32848468,0.8986702,0.53873444,-0.8092321,0.20312347,0.290056,0.09060484,1.1106616,0.66164327,1.5903001,0.14019029,0.21784684,0.3384105,1.5658646,2.16862,0.79093766,0.11568867,0.18402347,0.15142152,-0.8673698,0.4837227,0.30153188,0.08374879,0.10750405,0.14553678,0.87206703,-0.57238144,-0.5700987,0.47847646,0.0061247847,-0.20098424,0.53824884,0.5851905,-0.4605779,-0.30015475,0.4257861,-0.45015186,-0.8416554,0.30068892,0.01080246,0.59510684,-0.5052821,0.4326969,-0.68320733,1.0338418,0.7741377,-0.62796324,-0.97063106,0.26025513,-0.009305549,0.828851,0.7648193,0.5852557,-0.54493016,1.0423377,0.48435947,-0.641379,-1.4200009,1.8476248,-0.007513265,0.78288746,0.68018436,1.8373727,-0.16267529,0.7401431,0.5575294,-0.64515877,0.7861311,0.18095301,-0.0057624425,-0.1136576,0.55546767,0.31012183,0.19146815,0.041257877,0.24387464,-0.26851147,0.18543456,-0.09997014,0.0039853714,1.4179076,1.0387278,-0.1659592,-0.7720317,0.58604574,1,4
121,0.7849572,-0.09058734,0.93375975,0.03863549,0.060555823,-0.32803783,0.8992073,0.538838,-0.80875146,0.2041018,0.2921841,0.09071915,1.1109811,0.6614651,1.5903481,0.14157051,0.21458828,0.3375085,1.565627,2.168738,0.7907348,0.11587153,0.18307304,0.15152858,-0.8673698,0.4837227,0.30153188,0.08326213,0.10702048,0.14533438,0.87245774,-0.5715219,-0.5699988,0.47831988,0.01269364,-0.20938402,0.53819466,0.58451486,-0.46027842,-0.3018268,0.42591184,-0.44942674,-0.8420272,0.30054274,0.01191175,0.59485483,-0.5067105,0.43295372,-0.68256944,1.0346074,0.77368104,-0.6289013,-0.9708825,0.26018885,-0.020930989,0.8287048,0.76467407,0.5853261,-0.5438868,1.0428888,0.4846651,-0.6417749,-1.4197176,1.8476776,0.0031027202,0.7826001,0.6803458,1.8373502,-0.16210829,0.7401439,0.5575294,-0.64525574,0.7861311,0.18095301,-0.0033960624,-0.11234916,0.55625355,0.30974898,0.19118905,0.04181659,0.24361996,-0.26844895,0.18523858,-0.09992279,0.004381141,1.4180094,1.0389146,-0.16589235,-0.77194387,0.58517903,1,4
122,0.7849572,-0.09058734,0.93480754,0.03863549,0.060555823,-0.3270548,0.8992073,0.538838,-0.80875146,0.20508015,0.2921841,0.09071915,1.1116836,0.661435,1.5904534,0.14460698,0.21175164,0.33660644,1.56544,2.1689973,0.79028904,0.11627379,0.18176624,0.15176408,-0.8673698,0.4837227,0.30153188,0.08219148,0.10595664,0.14488909,0.8730104,-0.57161206,-0.56977326,0.47842523,0.019811658,-0.21777686,0.53814304,0.5838463,-0.45997927,-0.30347547,0.42591184,-0.44913238,-0.8420272,0.30054274,-0.0002908149,0.59460276,-0.508147,0.4332123,-0.68193746,1.0353646,0.77378386,-0.629483,-0.9713745,0.26016322,0.0005483469,0.82854915,0.7645153,0.58541834,-0.54286814,1.0433838,0.48547035,-0.6423583,-1.4193809,1.8477938,0.024568299,0.78231627,0.68049574,1.8373314,-0.16156307,0.74014205,0.5575294,-0.645469,0.7861311,0.18095301,-0.0033960624,-0.111049645,0.5570503,0.3093718,0.19091316,0.042346627,0.24338762,-0.26854306,0.18482539,-0.100009404,0.004526776,1.4181062,1.03928,-0.16586652,-0.7718449,0.58431923,1,4
123,0.7849572,-0.09058734,0.93490285,0.032635346,0.060091175,-0.32517806,0.8992073,0.538838,-0.80875146,0.20516908,0.2921841,0.09071915,1.1117476,0.66143227,1.5904629,0.144883,0.21149376,0.33652446,1.5654231,2.169021,0.7898431,0.11631036,0.18164743,0.15178551,-0.86649173,0.4837227,0.30494717,0.08209416,0.10392566,0.14393778,0.8730609,-0.57069504,-0.56975275,0.47843477,0.008432176,-0.22614713,0.5380778,0.58309805,-0.45969042,-0.30511189,0.42591184,-0.4491056,-0.8420272,0.30054274,-0.0014001053,0.59435064,-0.50955653,0.4334658,-0.6813169,1.0361084,0.7737932,-0.6295359,-0.9714193,0.2601609,0.00054335606,0.8283935,0.76435906,0.5855089,-0.5418678,1.0438699,0.48542222,-0.6424113,-1.4193748,1.8478528,0.006521361,0.7820324,0.6806408,1.8373137,-0.16102773,0.74014074,0.5579302,-0.64638275,0.78543717,0.18034142,0.0066272523,-0.10978357,0.5578573,0.30899218,0.19064279,0.042791512,0.24336652,-0.2685516,0.18478781,-0.10001732,0.004529401,1.4181552,1.0390329,-0.16618992,-0.77174604,0.58347666,1,4
124,0.7850022,-0.090752974,0.9353926,0.025817024,0.05916188,-0.3235694,0.8993096,0.538838,-0.8085378,0.20570272,0.29190037,0.09071915,1.1117476,0.66143227,1.5904629,0.144883,0.21074358,0.33649164,1.5654231,2.169021,0.78955925,0.115432695,0.18152864,0.15178551,-0.86587715,0.4837227,0.30733797,0.08287279,0.10257168,0.14330022,0.8734148,-0.5697376,-0.5696613,0.4784688,0.0084826555,-0.23451056,0.5379988,0.5823057,-0.4594157,-0.30674177,0.4259058,-0.44900283,-0.8421021,0.30048627,-0.0017207775,0.5940986,-0.5109724,0.43372083,-0.6807047,1.0368434,0.7737932,-0.62980175,-0.9714193,0.2601609,-0.00082696596,0.82823724,0.7642048,0.58559924,-0.540889,1.0443398,0.48533666,-0.64238197,-1.419392,1.8478864,-0.006336533,0.7817485,0.68079823,1.83729,-0.160501,0.7401363,0.558211,-0.64718616,0.7849514,0.17991334,0.009634294,-0.108520836,0.5586354,0.3086261,0.19037537,0.043224707,0.24324173,-0.26861173,0.18469769,-0.10003881,0.004577043,1.4182055,1.0388366,-0.16641791,-0.7716463,0.58263576,1,4
125,0.7851259,-0.09120829,0.9367399,0.018616838,0.05750076,-0.32258636,0.89959085,0.538838,-0.80795044,0.20717023,0.29112005,0.09071915,1.1117476,0.66143227,1.5904629,0.144883,0.20868057,0.33640146,1.5654231,2.169021,0.78955925,0.11301908,0.18120193,0.15178551,-0.86587715,0.4837227,0.30733797,0.085014075,0.10257168,0.14330022,0.87438864,-0.5688855,-0.5694099,0.4785624,0.03177287,-0.242866,0.5378984,0.58145034,-0.45916393,-0.30836233,0.42588922,-0.44872013,-0.8423083,0.3003313,-0.0026026347,0.59384656,-0.5124043,0.43398017,-0.680105,1.0375662,0.7737932,-0.63053316,-0.9714193,0.2601609,-0.00082696596,0.8280798,0.76405376,0.5856897,-0.53994477,1.0447836,0.48533666,-0.6423013,-1.419392,1.8478864,-0.0031988998,0.7814646,0.6809791,1.8372555,-0.15998751,0.7401261,0.558211,-0.64767396,0.7849514,0.17991334,-0.0013913728,-0.10725809,0.559361,0.308284,0.19011213,0.04365238,0.24289855,-0.26877716,0.18444979,-0.100098066,0.0047285147,1.4182669,1.0388366,-0.16641791,-0.7715454,0.5817949,1,4
126,0.78514826,-0.0912911,0.93698484,0.01681675,0.057198737,-0.32160327,0.89964205,0.538838,-0.8078436,0.20743705,0.2909782,0.09071915,1.1118625,0.6616543,1.5905491,0.1473674,0.20492966,0.33638504,1.565958,2.169115,0.7890729,0.11093458,0.18114252,0.15207455,-0.86587715,0.4837227,0.30733797,0.08540341,0.10141112,0.14284481,0.87456554,-0.56869936,-0.56936413,0.47857943,0.01695192,-0.25121132,0.53779936,0.5805992,-0.4589151,-0.30995393,0.4258861,-0.44866872,-0.8423457,0.30030304,-0.0020414565,0.59359455,-0.51381296,0.43423492,-0.67951506,1.0382771,0.77454287,-0.63156027,-0.97145927,0.26022193,0.014881516,0.82792246,0.76387954,0.58581686,-0.5390727,1.0451753,0.4857714,-0.6422276,-1.4198033,1.8479675,0.0075549213,0.7811883,0.6811775,1.8372102,-0.15949808,0.74013275,0.558211,-0.6482218,0.7849514,0.17991334,-0.0033960624,-0.10601206,0.56007624,0.30794784,0.18985271,0.044030197,0.24283613,-0.26880726,0.18438917,-0.1000612,0.0045781042,1.4183455,1.0388664,-0.16647948,-0.7714445,0.5809678,1,4
127,0.78514826,-0.0912911,0.93698484,0.015071278,0.05685025,-0.3208883,0.89964205,0.538838,-0.8078436,0.20743705,0.29055256,0.09071915,1.1119648,0.6618515,1.5906256,0.14957574,0.20192896,0.33638504,1.5664334,2.169199,0.7886403,0.10947178,0.18123163,0.15239571,-0.86587715,0.48386016,0.30744585,0.08598739,0.10037951,0.14244,0.87456554,-0.5685099,-0.56936413,0.47857943,1.3567397e-05,-0.2595544,0.5376928,0.57973254,-0.45867595,-0.31153503,0.4258861,-0.44875613,-0.8423457,0.30030304,-0.0014001053,0.5933425,-0.515209,0.43448764,-0.6789341,1.0389767,0.7752098,-0.63235503,-0.9714948,0.26027617,0.023608498,0.82776505,0.763701,0.58595127,-0.53822136,1.0455534,0.48615798,-0.6421612,-1.4201689,1.8480394,0.013212362,0.7809155,0.6813786,1.8371625,-0.15901716,0.740148,0.55856395,-0.64876276,0.7849436,0.17991334,0.0054254634,-0.10476975,0.5607665,0.30762297,0.18959582,0.04439499,0.24283613,-0.26880726,0.1843754,-0.10001891,0.0044199303,1.4184053,1.0388895,-0.16653422,-0.7713436,0.5801448,1,4
128,0.78514826,-0.0912911,0.93698484,0.010271117,0.055572458,-0.3208883,0.89964205,0.538838,-0.8078436,0.20743705,0.28899196,0.09071915,1.1119648,0.6618515,1.5906256,0.14957574,0.20192896,0.33638504,1.5664334,2.169199,0.7886403,0.10947178,0.18155834,0.15263122,-0.86587715,0.48436385,0.30784127,0.088128686,0.10037951,0.14244,0.87456554,-0.5679167,-0.56936413,0.47857943,1.3567397e-05,-0.2678975,0.5375658,0.5788221,-0.45846066,-0.3131053,0.4258861,-0.44907677,-0.8423457,0.30030304,-0.0014001053,0.5930905,-0.51658535,0.4347371,-0.67837125,1.039653,0.7752098,-0.63235503,-0.9714948,0.26027617,0.0044090487,0.82760763,0.76352465,0.5860838,-0.5373824,1.0459259,0.48615798,-0.64211017,-1.4201689,1.8480394,0.00076593645,0.7806472,0.6815753,1.8371147,-0.15854461,0.7401764,0.55985785,-0.64924955,0.78491515,0.17991334,0.037771385,-0.103527434,0.5613984,0.30732527,0.1893434,0.044754602,0.24283613,-0.26880726,0.1843754,-0.10001891,0.0044199303,1.4184053,1.0388781,-0.16653422,-0.7712427,0.57932496,1,4
129,0.7850809,-0.08930405,0.93578726,0.008962014,0.05513105,-0.32017338,0.9001535,0.5386999,-0.8082708,0.20636977,0.28629634,0.091023974,1.111096,0.6618515,1.5906256,0.14957574,0.20042856,0.33631942,1.5664334,2.1690524,0.78831595,0.108594105,0.18164743,0.15269545,-0.86587715,0.48450133,0.30794916,0.08871266,0.10089533,0.14252096,0.8737632,-0.5678496,-0.56961197,0.4786408,-0.019183094,-0.27623138,0.5374356,0.5779241,-0.45825532,-0.31464738,0.4258272,-0.44997916,-0.84272456,0.30044162,-0.0045218957,0.59284735,-0.5179113,0.43497682,-0.67785674,1.0403104,0.77504224,-0.63288337,-0.97088885,0.26027617,-0.0043342393,0.827449,0.7633524,0.58621585,-0.53657407,1.046266,0.48548794,-0.6420157,-1.4203041,1.8480422,-0.018315706,0.7803789,0.6817839,1.8370613,-0.1580815,0.7402035,0.56021076,-0.6492779,0.78490734,0.17991334,0.023068268,-0.10228215,0.56202,0.30703142,0.18910001,0.04512094,0.24293678,-0.26878896,0.18485479,-0.100057736,0.0046397652,1.418353,1.0384247,-0.16653422,-0.77113736,0.57850355,1,4
130,0.785005,-0.08690293,0.9344402,0.0091801975,0.055026505,-0.31936905,0.90072894,0.5385446,-0.80875146,0.20516908,0.28374267,0.09136689,1.109812,0.6619338,1.5906066,0.14974561,0.19874068,0.33622923,1.5665522,2.1688612,0.78714037,0.107606724,0.18176626,0.1529524,-0.8660528,0.48450133,0.30794916,0.08871266,0.1014756,0.14261204,0.8728576,-0.5680025,-0.5698918,0.47872502,-0.036042195,-0.284562,0.53730506,0.5770375,-0.4580547,-0.316172,0.42576084,-0.45089597,-0.84315073,0.30059755,-0.007253348,0.5926076,-0.5192131,0.435212,-0.6773621,1.0409585,0.7750362,-0.633454,-0.96998006,0.2603063,-0.0035879156,0.8272896,0.7631798,0.5863499,-0.5357769,1.0465901,0.48443663,-0.6419498,-1.4206272,1.848136,-0.039011832,0.7801174,0.68198943,1.8370067,-0.1576312,0.7402482,0.5602161,-0.6491605,0.78504413,0.17991334,-0.0032574525,-0.10103575,0.56263584,0.3067403,0.1888619,0.04548758,0.24305102,-0.2687818,0.1854832,-0.10008749,0.004813075,1.4183692,1.0378048,-0.16656463,-0.77102995,0.5776862,1,4
131,0.785005,-0.085992135,0.9344402,0.010380237,0.055026505,-0.31936905,0.90072894,0.5385446,-0.80875146,0.20516908,0.28374267,0.09136689,1.1081257,0.6623859,1.5905011,0.15067992,0.19874068,0.33613905,1.5672059,2.1687171,0.78268075,0.107606724,0.18241966,0.1543655,-0.8670186,0.48450133,0.30794916,0.08871266,0.1014756,0.14261204,0.8728435,-0.5682579,-0.5698976,0.4788082,-0.009992079,-0.2928925,0.53717744,0.57618165,-0.45785826,-0.31766507,0.42576084,-0.45089597,-0.84315073,0.30059755,-0.0029609352,0.5923678,-0.5204941,0.43544307,-0.67687553,1.041596,0.77603763,-0.6333232,-0.96873116,0.2604721,0.022216238,0.82712877,0.7629995,0.5864947,-0.5349779,1.0468962,0.4828001,-0.6420858,-1.4215679,1.8486328,-0.05577675,0.77988654,0.6821632,1.8369564,-0.1572224,0.74037385,0.56024677,-0.6491605,0.7857967,0.17991334,-0.0024951382,-0.09978937,0.5632414,0.3064539,0.18863231,0.045844164,0.24305698,-0.26885602,0.18597345,-0.10001083,0.004406079,1.4187824,1.0371813,-0.16673183,-0.770921,0.57688946,1,4
132,0.785005,-0.085661046,0.9333447,0.010816606,0.055026505,-0.31936905,0.90072894,0.53842384,-0.80912524,0.2045465,0.28274953,0.09136689,1.1075124,0.6625503,1.5904629,0.15101966,0.20218688,0.33610624,1.5674436,2.1686647,0.7810592,0.10837471,0.18286516,0.15570365,-0.8673698,0.48411658,0.30820087,0.08916688,0.10282961,0.14339131,0.8722599,-0.56835073,-0.57013553,0.47872853,-0.014126699,-0.30122298,0.5370471,0.57533306,-0.45766866,-0.3191421,0.42566347,-0.45128912,-0.84316427,0.30071884,-0.006552249,0.5921281,-0.52174014,0.4356678,-0.6764048,1.0422143,0.7764021,-0.6320485,-0.968277,0.26053238,0.018247053,0.8269679,0.7628177,0.5866339,-0.5341272,1.0472417,0.4822049,-0.64231753,-1.4219099,1.8488134,-0.037477665,0.7796775,0.682314,1.8369097,-0.15684155,0.74054974,0.55933946,-0.6485077,0.78609085,0.17981414,-0.025665287,-0.09851437,0.56382585,0.30617523,0.1883965,0.046260484,0.24329658,-0.26872078,0.18638413,-0.09991337,0.004268012,1.4188845,1.0369627,-0.16684543,-0.770812,0.5760927,1,4
133,0.7850162,-0.08574386,0.9317051,0.011580391,0.055038124,-0.31856462,0.9007801,0.538234,-0.8096593,0.20352368,0.28118894,0.091290675,1.1075124,0.6625503,1.5904629,0.15101966,0.20710988,0.33610624,1.5674436,2.1686647,0.7808564,0.10947178,0.18316215,0.15688123,-0.86734784,0.48356697,0.3085603,0.08981574,0.10492506,0.14450452,0.8714193,-0.56858176,-0.5704918,0.4785563,-0.03194782,-0.30954337,0.5369171,0.5744965,-0.45748362,-0.32059833,0.4255117,-0.45191407,-0.8432225,0.3008954,-0.013853783,0.59188604,-0.52295834,0.43588746,-0.67594266,1.042817,0.7764021,-0.6302956,-0.968277,0.26053238,-0.00082696596,0.8268071,0.7626356,0.58676964,-0.5332483,1.0476089,0.48214456,-0.64257795,-1.4219222,1.8488376,-0.004046385,0.779481,0.6824503,1.8368657,-0.15647736,0.7407542,0.5580264,-0.64756256,0.7861029,0.17967267,-0.055897217,-0.09722302,0.56439745,0.30590132,0.18816012,0.046712488,0.24363987,-0.2684739,0.18673527,-0.09980437,0.004305489,1.4188348,1.0369676,-0.16692084,-0.7707037,0.5752959,1,4
134,0.78513986,-0.086654656,0.9308817,0.01998056,0.0551659,-0.30971706,0.90134263,0.538044,-0.8096593,0.20205615,0.27962834,0.09045242,1.1075124,0.6625503,1.5904629,0.15101966,0.20710988,0.33610624,1.5674436,2.1686647,0.77862686,0.10947178,0.18316215,0.15688123,-0.8671064,0.48356697,0.3085603,0.08981574,0.106698126,0.14450452,0.8712547,-0.57112175,-0.57070446,0.47839013,-0.014163335,-0.31776175,0.5368032,0.57373923,-0.45730576,-0.32193834,0.42537105,-0.45261,-0.84364986,0.300931,-0.013210983,0.59162176,-0.52409565,0.4360931,-0.67547727,1.0433757,0.7764021,-0.6302956,-0.968277,0.26053238,-0.00082696596,0.82664627,0.76245666,0.5869031,-0.5323855,1.0479692,0.48147833,-0.64257795,-1.4220568,1.8491036,-0.019641928,0.7792845,0.68257374,1.8368267,-0.15611993,0.7409572,0.5580187,-0.6474237,0.78591466,0.17967267,-0.020006467,-0.09593168,0.5649581,0.30563146,0.18795401,0.047180176,0.24368456,-0.26830658,0.18694498,-0.09969919,0.004561209,1.419042,1.0368916,-0.16692084,-0.77060276,0.57449925,1,4
135,0.78519607,-0.08706856,0.93050754,0.027071625,0.05522398,-0.3056956,0.9018285,0.5379577,-0.8093389,0.20138913,0.27891898,0.09007141,1.1077424,0.66259956,1.5916696,0.1521663,0.21175174,0.33630306,1.5673927,2.1688533,0.77672124,0.11013006,0.1845878,0.15803741,-0.86699665,0.48356697,0.3085603,0.08981574,0.10750405,0.14450452,0.87117964,-0.57297003,-0.5708012,0.4783146,-0.0039291144,-0.32598004,0.536694,0.5730337,-0.45713294,-0.32324606,0.42530593,-0.4529263,-0.8440111,0.3008624,-0.00891417,0.5913574,-0.525215,0.4362949,-0.67501974,1.0439315,0.77727795,-0.6285105,-0.9683919,0.26037058,0.017512266,0.8264892,0.76226395,0.58704257,-0.53145385,1.0483947,0.48162657,-0.642311,-1.4219794,1.8493769,-0.007670835,0.7791186,0.68267167,1.8367913,-0.15577626,0.7412456,0.5580153,-0.64736056,0.7858291,0.17967267,-0.0035881884,-0.09464033,0.565513,0.3053648,0.18775018,0.047642753,0.24363677,-0.26827535,0.18699569,-0.09977764,0.0048601585,1.4192963,1.0369424,-0.16675758,-0.77050626,0.57372314,1,4
136,0.78519607,-0.08706856,0.93050754,0.03307171,0.05522398,-0.3056956,0.9022506,0.5379577,-0.80875146,0.20138913,0.27891898,0.09007141,1.108164,0.66269,1.5938815,0.15426846,0.2202615,0.33666384,1.5672992,2.169199,0.77508616,0.11133685,0.18720143,0.16015705,-0.86699665,0.48356697,0.3085603,0.08981574,0.10750405,0.14450452,0.87117964,-0.5742418,-0.5708012,0.4783146,1.3567397e-05,-0.3341983,0.53658897,0.57237124,-0.4569643,-0.32452685,0.42530376,-0.4529263,-0.8443173,0.3007072,-0.0015725164,0.59109306,-0.52632093,0.43649396,-0.67456883,1.0444851,0.7788828,-0.6252378,-0.96860254,0.2600739,0.051133335,0.82633525,0.76205987,0.58718735,-0.53046495,1.0488744,0.48245248,-0.64182144,-1.4217253,1.8496557,0.027271172,0.77897817,0.6827484,1.8367585,-0.15544407,0.7416051,0.5580153,-0.64736056,0.7858291,0.17967267,-0.0033960624,-0.093349,0.5660628,0.3051006,0.1875482,0.04810107,0.2435118,-0.26835734,0.18691398,-0.100009054,0.005195077,1.4195899,1.0370988,-0.16645835,-0.7704134,0.5729642,1,4
137,0.78519607,-0.087979354,0.93050754,0.03307171,0.05522398,-0.3076617,0.9022506,0.5377679,-0.80875146,0.19992161,0.27891898,0.08860447,1.108164,0.66269,1.5949349,0.15426846,0.2202615,0.33711487,1.5672992,2.169199,0.77508616,0.11133685,0.18720143,0.1602748,-0.8654272,0.48391965,0.30875802,0.09052951,0.110695586,0.14461583,0.8711942,-0.5740635,-0.5707953,0.47823122,0.00035855544,-0.3424415,0.5364835,0.5717273,-0.45679954,-0.32579634,0.42510545,-0.45323023,-0.844345,0.30074257,-0.011958242,0.5907857,-0.5273307,0.43667695,-0.67406756,1.0449809,0.77947694,-0.6252764,-0.96857,0.25991842,0.029961623,0.82619,0.76185995,0.58732694,-0.52950907,1.0493714,0.48245248,-0.6418388,-1.4217253,1.8496557,0.007924363,0.7788409,0.68282247,1.8367261,-0.15512256,0.7419641,0.55886203,-0.6471542,0.78458613,0.1796867,0.0177752,-0.09205357,0.5665779,0.30485022,0.18739064,0.048609857,0.24349442,-0.2682642,0.1869208,-0.10007764,0.0052154073,1.4195758,1.0365725,-0.16629398,-0.77034473,0.5722053,1,4
138,0.7852382,-0.09199486,0.9318002,0.041799244,0.05417852,-0.31007472,0.9023145,0.53762114,-0.80861795,0.19912116,0.28317517,0.087328054,1.108164,0.6625804,1.5955094,0.15426846,0.2202615,0.3373609,1.5672992,2.169199,0.77508616,0.11133685,0.18720143,0.16033904,-0.86457115,0.48411202,0.30985457,0.09091883,0.11243642,0.14467657,0.8720261,-0.57602084,-0.57050544,0.47799432,0.02010678,-0.35070178,0.5363717,0.57119024,-0.45666662,-0.32700986,0.42494854,-0.452463,-0.8444132,0.30073497,-0.015435425,0.5904643,-0.5283225,0.4368546,-0.6735153,1.0455073,0.7794656,-0.6252974,-0.96857065,0.25979716,0.0057260096,0.8260447,0.76166236,0.5874644,-0.5285621,1.0498638,0.48245248,-0.64184827,-1.4217253,1.8496557,-0.0026284144,0.77870363,0.68289614,1.8366939,-0.15480407,0.74232006,0.55944866,-0.6470416,0.7839054,0.1795174,0.022809919,-0.090758115,0.5670943,0.30459914,0.18723454,0.04911409,0.24316788,-0.26805678,0.18663481,-0.100022286,0.005265563,1.4195789,1.0362978,-0.16626182,-0.7702807,0.5714464,1,4
139,0.785331,-0.09973618,0.9346444,0.060999718,0.05187851,-0.31302387,0.9024552,0.5375262,-0.8083243,0.19912116,0.2925388,0.08628024,1.108164,0.66233927,1.5955094,0.15426846,0.2202615,0.3373609,1.5672992,2.169199,0.77508616,0.11133685,0.18720143,0.16033904,-0.86457115,0.48411202,0.3120296,0.09091883,0.11243642,0.14467657,0.8738396,-0.58054084,-0.56987447,0.47757313,0.06313876,-0.3589825,0.5362524,0.5707817,-0.45657206,-0.32815635,0.42484125,-0.45041046,-0.84453017,0.30067515,-0.010622397,0.5901262,-0.52929455,0.43702638,-0.6729019,1.0460705,0.77872795,-0.6252974,-0.968611,0.259717,-0.02218627,0.8258994,0.7614673,0.58759934,-0.5276258,1.0503509,0.48245248,-0.64184827,-1.4217253,1.8496557,-0.0026284144,0.77856636,0.6829689,1.836662,-0.1544891,0.742672,0.5597222,-0.6470416,0.78389937,0.17912816,0.008480892,-0.08946268,0.5676133,0.3043474,0.18708014,0.049612857,0.24247025,-0.26771227,0.1859973,-0.09981824,0.005351464,1.4196025,1.0363253,-0.16638835,-0.7702222,0.57068753,1,4
140,0.78533936,-0.100439936,0.93490285,0.06274519,0.05166942,-0.31329194,0.90246797,0.53751755,-0.8082976,0.19912116,0.29339004,0.08618499,1.1075252,0.66215295,1.5977119,0.15426846,0.21979262,0.33883697,1.5677238,2.169068,0.77400506,0.11206826,0.18393436,0.1610884,-0.86457115,0.48411202,0.31348562,0.09091883,0.11243642,0.14396815,0.8740043,-0.58095175,-0.5698171,0.47753486,0.027616912,-0.36726314,0.53613496,0.57038116,-0.45647877,-0.32928213,0.4248315,-0.45022386,-0.8445408,0.3006697,-0.005017338,0.5897881,-0.5302486,0.43719438,-0.6722996,1.0466232,0.7792787,-0.62557465,-0.968129,0.25933003,0.0022880277,0.8257824,0.7612754,0.5877279,-0.5267544,1.0509092,0.481787,-0.6432468,-1.422256,1.849753,-0.01820611,0.77844894,0.6830037,1.8366389,-0.15426856,0.74302155,0.55990577,-0.6476348,0.7838954,0.17886764,0.0049189497,-0.08819325,0.56813294,0.3040968,0.18695801,0.05006152,0.24240683,-0.26768094,0.18612781,-0.100095846,0.00512959,1.4196856,1.0359657,-0.16613677,-0.7701966,0.56995535,1,4
141,0.78533936,-0.10193026,0.93490285,0.06274519,0.051018905,-0.31650928,0.9023145,0.53751755,-0.8082976,0.19912116,0.29339004,0.08618499,1.107078,0.66203785,1.5992537,0.15426846,0.21946444,0.33987018,1.5681567,2.1689763,0.7732483,0.112580225,0.18164743,0.16161297,-0.8638687,0.48402047,0.31479776,0.091697484,0.11179166,0.14298649,0.8740279,-0.5808541,-0.56980747,0.47739875,0.0005742594,-0.3755847,0.5360035,0.5699851,-0.4564043,-0.3304159,0.42481568,-0.45022386,-0.8444318,0.3006697,-0.0022346433,0.58945,-0.5311937,0.43736133,-0.67170095,1.0471689,0.77971196,-0.6257687,-0.96778893,0.2590643,0.01601409,0.8256683,0.7610852,0.58785474,-0.5258957,1.0514703,0.48137596,-0.64422584,-1.4227436,1.8498213,-0.021616196,0.7783335,0.6830342,1.8366168,-0.15406002,0.743369,0.559823,-0.64868146,0.7833493,0.17861986,-0.003081187,-0.08694425,0.5686301,0.3038575,0.18684572,0.05046822,0.24244145,-0.26755938,0.1862503,-0.100217015,0.004838544,1.4197423,1.0354924,-0.16600063,-0.7701744,0.5692351,1,4
142,0.78533936,-0.10602858,0.93490285,0.06274519,0.049230006,-0.32535684,0.90189254,0.53751755,-0.8082976,0.19912116,0.29339004,0.08618499,1.107078,0.66203785,1.5992537,0.15426846,0.21946444,0.33987018,1.5685302,2.1689763,0.7732483,0.112580225,0.18164743,0.16161297,-0.8619371,0.48376846,0.31598416,0.09383877,0.11001859,0.14165062,0.87409204,-0.58058566,-0.56978124,0.4770245,0.0021161446,-0.38397753,0.53584623,0.56959563,-0.45636234,-0.3315674,0.4247724,-0.45022386,-0.8441318,0.3006697,-0.004529597,0.58911186,-0.5321262,0.437526,-0.6711068,1.0477033,0.77971196,-0.6257687,-0.96778893,0.2590643,0.0017638991,0.82555413,0.7608975,0.5879798,-0.5250479,1.0520244,0.48152417,-0.64422584,-1.4230623,1.8498213,-0.0010073878,0.7782181,0.68306416,1.8365947,-0.15385588,0.74371314,0.5592912,-0.650418,0.78185415,0.17837207,-0.02073217,-0.08572647,0.5690862,0.30363882,0.18674502,0.05081026,0.24253671,-0.26722512,0.18622436,-0.09998018,0.004480307,1.4197423,1.0348881,-0.1661326,-0.7701523,0.5685308,1,4
143,0.78554165,-0.11087206,0.9350253,0.048017457,0.04838203,-0.3317914,0.9000895,0.5376729,-0.8080573,0.20032187,0.29849747,0.08618499,1.1063306,0.66193926,1.5992537,0.15426846,0.21925344,0.33950117,1.5692095,2.1689763,0.77203214,0.1112637,0.17870706,0.16161297,-0.8615859,0.4837227,0.3161999,0.09452008,0.10969622,0.14140774,0.87465066,-0.5771493,-0.5697911,0.4765947,0.0142170405,-0.39243165,0.5356584,0.5690185,-0.45632157,-0.33281407,0.42473164,-0.4488009,-0.8428304,0.30057716,-0.0048077595,0.5887737,-0.53308386,0.4376945,-0.67045677,1.048263,0.779268,-0.625819,-0.9672844,0.25903141,-0.010132219,0.8254329,0.76071465,0.5881013,-0.5242011,1.0525405,0.48143172,-0.6452107,-1.4237152,1.8499665,-0.0028873829,0.7781027,0.68309814,1.8365688,-0.15371619,0.7440137,0.5591946,-0.65079814,0.7815823,0.178327,-0.013064347,-0.08450867,0.56952566,0.30342782,0.18664616,0.051146746,0.24307814,-0.26689026,0.1864299,-0.09973375,0.0032416137,1.4198997,1.0344036,-0.1661235,-0.77012175,0.56782657,1,4
144,0.7857216,-0.114515066,0.9351342,0.034926306,0.047917385,-0.33608106,0.89855516,0.53788865,-0.8077635,0.20138913,0.30303738,0.08641361,1.1054746,0.6618515,1.5993973,0.15516032,0.21808124,0.33885333,1.5698801,2.1689527,0.7706266,0.10910606,0.17538062,0.16119544,-0.86178344,0.48355785,0.3161999,0.09477962,0.10940607,0.14134702,0.87513685,-0.57413816,-0.56980425,0.47627312,0.02036325,-0.40089932,0.535465,0.56840336,-0.45628121,-0.33407518,0.4247774,-0.44756016,-0.84171164,0.3004592,-0.00013612075,0.5884423,-0.53404146,0.4378622,-0.66980755,1.0488319,0.77891755,-0.62607175,-0.9666978,0.2589811,-0.014363912,0.82530403,0.7605268,0.58823335,-0.52336407,1.0530115,0.48118877,-0.6461872,-1.4243908,1.8501284,-0.010187837,0.77797616,0.6831497,1.8365375,-0.15359342,0.74426854,0.5587934,-0.6509308,0.78174514,0.1783037,-0.01342303,-0.08329311,0.56995994,0.30321956,0.18654707,0.0514715,0.24354829,-0.2666654,0.18667038,-0.09956949,0.0021273037,1.4200813,1.0340337,-0.16608505,-0.7700801,0.567116,1,4
145,0.7857216,-0.114515066,0.9351342,0.034926306,0.047917385,-0.33608106,0.89855516,0.5381735,-0.80746984,0.20138913,0.30303738,0.08725186,1.104772,0.6618515,1.5999238,0.15843037,0.21447103,0.33768067,1.570347,2.1688664,0.7694376,0.10548564,0.17276697,0.1596646,-0.8625079,0.4829532,0.3161999,0.09477962,0.108342215,0.14112438,0.87513685,-0.57413816,-0.56980425,0.47627312,0.0043741097,-0.40936708,0.535274,0.567798,-0.4562414,-0.33531824,0.4250523,-0.44764876,-0.84167355,0.30032843,0.016539479,0.58812886,-0.53498477,0.4380261,-0.6691935,1.0494115,0.77908176,-0.6268347,-0.9661918,0.25890338,0.0004472384,0.8251587,0.76032215,0.58839566,-0.52255267,1.0533844,0.480683,-0.64655775,-1.4249293,1.8502496,-0.01861661,0.77782017,0.6832454,1.8364937,-0.15347749,0.74442697,0.5573229,-0.65120727,0.782342,0.17821874,-0.05018765,-0.0820835,0.57039165,0.3030131,0.18644634,0.051768266,0.24356386,-0.26673445,0.18686666,-0.09963017,0.0018663338,1.4202336,1.033899,-0.16605203,-0.77001345,0.56638867,1,4
146,0.78558666,-0.11716446,0.9351342,0.025325926,0.047917385,-0.33608106,0.8973275,0.53825116,-0.8073897,0.20138913,0.30303738,0.08748046,1.1045803,0.662005,1.6000676,0.16034143,0.21348642,0.3373609,1.5708817,2.1688428,0.7691132,0.10449828,0.17205419,0.1592471,-0.86419797,0.4825318,0.31519333,0.097894244,0.1034098,0.14090173,0.87490034,-0.5721033,-0.5697422,0.47603127,-0.0056394367,-0.41783476,0.53507423,0.5670657,-0.45619047,-0.33659974,0.42500252,-0.4476729,-0.8407907,0.30029285,0.0039019291,0.5878153,-0.5359137,0.43818823,-0.66857433,1.0499648,0.77959645,-0.6269039,-0.9660283,0.25893328,0.011823499,0.82501346,0.7601084,0.58857024,-0.52175087,1.0537505,0.4807082,-0.64665884,-1.425424,1.8502827,-0.008503556,0.77766424,0.68333936,1.8364506,-0.1533661,0.7445852,0.55620754,-0.6524689,0.7836854,0.17833951,-0.05132987,-0.08087983,0.570715,0.30285892,0.18628585,0.05197822,0.24386024,-0.2665373,0.18686892,-0.09945374,0.0010036664,1.4202752,1.0343202,-0.16601783,-0.76994693,0.56566435,1,4
147,0.78540695,-0.120641835,0.9353791,0.0124529,0.04831236,-0.33518732,0.8958443,0.53835475,-0.80722946,0.20165597,0.30176046,0.087747194,1.1044525,0.6621776,1.6000676,0.16148804,0.21315823,0.33719686,1.5713402,2.1688428,0.7691132,0.103913136,0.17205419,0.15896875,-0.86587715,0.4822433,0.3140608,0.10165769,0.09818735,0.14071958,0.87471384,-0.56933546,-0.56960714,0.4757388,-0.008688394,-0.4262911,0.534878,0.5662614,-0.4561216,-0.3378996,0.42494762,-0.4478852,-0.8397232,0.30023113,-0.009253894,0.5875096,-0.5368426,0.43835187,-0.6679759,1.050498,0.78010046,-0.62684923,-0.9659106,0.2589907,0.017109592,0.8248651,0.759893,0.58874875,-0.5209556,1.0540981,0.4808908,-0.64653945,-1.4258151,1.8502827,0.0045077754,0.7775008,0.68344474,1.8364043,-0.1532484,0.7447257,0.55540407,-0.6538599,0.7850134,0.17850146,-0.036871698,-0.079678394,0.5709889,0.30272806,0.18610379,0.052154984,0.24415681,-0.2663086,0.18678147,-0.09922375,5.0099545e-05,1.4202995,1.0347695,-0.16598949,-0.76987404,0.5649362,1,4
148,0.7852522,-0.123374216,0.9367264,0.0010526034,0.05048459,-0.33027205,0.89528173,0.5389243,-0.8063483,0.20312347,0.29473773,0.08921413,1.1037499,0.6621776,1.6000676,0.16148804,0.21135311,0.33629483,1.5713402,2.1688428,0.7691132,0.10069498,0.17205419,0.15743788,-0.86587715,0.4822433,0.3140608,0.10308521,0.09818735,0.14071958,0.8751501,-0.56670207,-0.5692483,0.47562647,0.0095185265,-0.43469653,0.5347142,0.56534684,-0.45599017,-0.33921742,0.42541772,-0.44905278,-0.83925074,0.29989222,0.024718855,0.58723915,-0.5378038,0.43852443,-0.6674792,1.0509859,0.77996695,-0.6274078,-0.9654207,0.2589907,0.0007874678,0.82470244,0.7596855,0.5889242,-0.52017343,1.0543735,0.4808908,-0.64588326,-1.4258151,1.8502827,-0.000725473,0.7773043,0.68360615,1.8363429,-0.1530947,0.7447864,0.55540407,-0.65417004,0.7850134,0.17850146,-0.0123227,-0.07847694,0.57122177,0.30261624,0.18592535,0.052328825,0.24398006,-0.26638743,0.18661788,-0.09915268,-0.0002969948,1.4204338,1.0344056,-0.16598949,-0.7697731,0.56418574,1,4
149,0.78519607,-0.124367654,0.93721616,-0.003092836,0.051518414,-0.32785913,0.89507705,0.53913146,-0.80602795,0.2036571,0.2921841,0.08974754,1.102913,0.6621776,1.5999334,0.16282582,0.20987616,0.33556503,1.5712214,2.1686044,0.7698699,0.09798881,0.17309372,0.15613183,-0.8661845,0.482083,0.31267673,0.103604294,0.095028,0.14071958,0.8753088,-0.5657262,-0.56911784,0.47558564,0.00949901,-0.44309396,0.53455704,0.5644446,-0.4558537,-0.34051657,0.42558873,-0.44947737,-0.83907896,0.29976884,0.021230375,0.5869686,-0.5387525,0.43869445,-0.6669889,1.0514678,0.77973264,-0.6276741,-0.96484154,0.25901046,-0.0072550066,0.8245322,0.7594678,0.5891159,-0.5193971,1.0546062,0.48013747,-0.6449197,-1.4258568,1.8501345,-0.020274619,0.7770879,0.68380904,1.8362693,-0.1529018,0.7448138,0.5548435,-0.65449136,0.78526574,0.17872682,-0.017409254,-0.07727551,0.5714431,0.30251074,0.18569778,0.05245414,0.24391578,-0.266416,0.18671401,-0.09911146,-0.0004412893,1.4203594,1.0340773,-0.16588938,-0.7696632,0.56342185,1,4
150,0.78519607,-0.124367654,0.93721616,-0.0033110764,0.051866896,-0.32696542,0.89507705,0.53913146,-0.80602795,0.2036571,0.2916875,0.08974754,1.1020826,0.6621968,1.599742,0.16473685,0.20870401,0.334991,1.5710516,2.168264,0.77095103,0.09579465,0.17457873,0.15506132,-0.8666564,0.48183572,0.3105017,0.10399367,0.09016012,0.14077018,0.8753088,-0.56565326,-0.56911784,0.47558564,1.3567397e-05,-0.4514868,0.53440374,0.56354815,-0.45571443,-0.34180394,0.42558873,-0.4495798,-0.83907896,0.29976884,-0.0014001053,0.5866981,-0.539694,0.43886343,-0.66650724,1.0519394,0.77952635,-0.6277643,-0.9642653,0.2590451,-0.0084802965,0.8243575,0.7592443,0.5893166,-0.5186255,1.0548141,0.47906098,-0.6438841,-1.4259166,1.8499229,-0.042961538,0.7768601,0.6840348,1.836189,-0.15268694,0.74482214,0.55397373,-0.6548478,0.7856534,0.17908157,-0.037153054,-0.0760722,0.5716439,0.30241543,0.18543491,0.052549295,0.24391578,-0.266416,0.18693762,-0.09908445,-0.00046712102,1.4201833,1.033806,-0.16573533,-0.7695481,0.56264937,1,4
151,0.78519607,-0.124367654,0.93721616,-0.0057111005,0.051866896,-0.32696542,0.89507705,0.53913146,-0.80602795,0.2036571,0.2862254,0.08974754,1.1020826,0.66240776,1.599742,0.16473685,0.20870401,0.334991,1.5710516,2.168264,0.77095103,0.09579465,0.17457873,0.15506132,-0.8670186,0.48163408,0.30832666,0.10827619,0.08625938,0.14132679,0.8753088,-0.56513894,-0.56911784,0.47558564,1.3567397e-05,-0.45987964,0.5342499,0.56263953,-0.4555755,-0.34308013,0.42558873,-0.4507066,-0.83907896,0.29976884,-0.0014001053,0.5864276,-0.5406193,0.4390332,-0.6660764,1.0523448,0.78017193,-0.6277643,-0.9642305,0.25911528,0.011153106,0.82418287,0.75902355,0.58951515,-0.5178677,1.0550185,0.47906098,-0.6438841,-1.4259166,1.8499229,-0.015232542,0.7766324,0.6842562,1.8361101,-0.15247598,0.74483025,0.55321354,-0.65549034,0.78595304,0.179443,-0.034134813,-0.074850336,0.5717048,0.3023844,0.18509993,0.05262022,0.24391578,-0.266416,0.18695109,-0.09902964,-0.00046712102,1.4201833,1.0339011,-0.1656137,-0.769433,0.56186736,1,4
152,0.78521305,-0.12262888,0.93701196,-0.0077838767,0.05291235,-0.32428434,0.89507705,0.53897613,-0.8058677,0.20419073,0.28076336,0.090204775,1.1020826,0.66250366,1.5995697,0.16448206,0.20870401,0.33494177,1.570797,2.168264,0.77095103,0.09557523,0.17457873,0.15454747,-0.8671832,0.4814876,0.30733797,0.110222794,0.08448632,0.14224772,0.87520826,-0.56460565,-0.5691786,0.47572348,-0.0023943025,-0.4682385,0.53411806,0.56173474,-0.45541006,-0.34433648,0.425414,-0.45170382,-0.8391029,0.29975554,-0.01064944,0.5861705,-0.5415626,0.4392078,-0.6656944,1.0527263,0.7803682,-0.6277953,-0.96421987,0.25917256,0.0106612025,0.8240072,0.7588076,0.5897085,-0.51711726,1.0552183,0.47895935,-0.64372426,-1.4256991,1.8499229,-0.005009263,0.7763911,0.6844851,1.8360322,-0.15224847,0.7448067,0.55273235,-0.65518504,0.7860923,0.17959936,-0.025792206,-0.07360395,0.5717639,0.30235338,0.1847409,0.05272907,0.24396853,-0.2665461,0.1870151,-0.099072196,-0.00035544427,1.4201885,1.0339495,-0.16558817,-0.76931244,0.5610636,1,4
153,0.7852438,-0.11944136,0.9366378,-0.009583909,0.05482903,-0.31936905,0.89507705,0.53869134,-0.805574,0.20516908,0.27530122,0.09104302,1.1020826,0.66250366,1.5992537,0.16401489,0.20870401,0.3348516,1.57033,2.168264,0.77095103,0.09517296,0.17457873,0.1536054,-0.8671832,0.48138678,0.30733797,0.110222794,0.08448632,0.14347225,0.8750236,-0.5640567,-0.5692899,0.47597614,-0.0068087415,-0.476569,0.53400415,0.56083304,-0.45522255,-0.34557623,0.42509383,-0.45259294,-0.839147,0.29973108,-0.027606597,0.5859246,-0.5425203,0.4393862,-0.66535306,1.0530881,0.78018993,-0.6278521,-0.9642295,0.2592192,-0.0066018864,0.8238308,0.75859547,0.58989763,-0.516373,1.0554143,0.47877294,-0.6434312,-1.4253006,1.8499229,-0.009374162,0.77613837,0.68471926,1.8359547,-0.15200722,0.744757,0.55248326,-0.65409,0.7860978,0.17958534,-0.013012595,-0.07233712,0.5718203,0.3023224,0.18436185,0.052869514,0.24406527,-0.26678458,0.18712108,-0.09919576,-0.00015068961,1.4201982,1.0339589,-0.16564266,-0.76918733,0.5602416,1,4
154,0.7852438,-0.11944136,0.9366378,-0.009583909,0.05482903,-0.3164199,0.8953583,0.53869134,-0.805574,0.20516908,0.27530122,0.09104302,1.1020826,0.66250366,1.598095,0.1621463,0.21386151,0.3348516,1.5695829,2.1682928,0.77303207,0.09517296,0.17653896,0.1536054,-0.8671832,0.4807318,0.30496523,0.110222794,0.08448632,0.14347225,0.8750236,-0.5643181,-0.5692899,0.47597614,-0.0023943025,-0.4848622,0.5338946,0.5599373,-0.45503718,-0.34677243,0.42512235,-0.45259294,-0.83934695,0.29973108,-0.009135407,0.58567876,-0.54345995,0.43956104,-0.66502184,1.0534468,0.77953506,-0.6262885,-0.9642648,0.2593901,-0.016581543,0.8236544,0.7583995,0.5900557,-0.5155546,1.0556744,0.47920766,-0.64273274,-1.4245147,1.8496813,0.005179362,0.7758857,0.6849671,1.8358727,-0.15172887,0.74472857,0.55056787,-0.65409,0.7861405,0.17991853,-0.054673374,-0.07107029,0.5718633,0.30229726,0.18399055,0.05300654,0.24398367,-0.26678458,0.18710737,-0.09906242,0.00033634278,1.4199973,1.0340023,-0.16563761,-0.76906216,0.55941963,1,4
155,0.7852438,-0.11944136,0.93650186,-0.009583909,0.05482903,-0.31481123,0.8955118,0.53860503,-0.805574,0.20516908,0.27352783,0.09104302,1.102402,0.6625722,1.5974629,0.16112706,0.2179641,0.3352616,1.5691755,2.1683083,0.77578884,0.09553865,0.17835069,0.15365893,-0.8671284,0.48012272,0.3025025,0.110222794,0.08642059,0.14418069,0.8749517,-0.56446075,-0.5693192,0.4759623,-0.0017049776,-0.49315527,0.5337852,0.55904925,-0.454854,-0.34795824,0.42504779,-0.45295215,-0.8394684,0.29974723,-0.0045247767,0.5854329,-0.54439247,0.4397359,-0.66470873,1.053782,0.7794476,-0.6250176,-0.9644954,0.25950614,-0.01013539,0.82348585,0.7582017,0.5902122,-0.5147352,1.055975,0.47992966,-0.6421411,-1.4239879,1.849356,0.019822352,0.77563435,0.6852172,1.8357898,-0.15144034,0.74471235,0.5487525,-0.65334463,0.7861381,0.18027458,-0.07489577,-0.06977746,0.57189727,0.30227417,0.18362552,0.053210787,0.24396418,-0.26676378,0.18704668,-0.09896319,0.0006535282,1.4197204,1.0341727,-0.16556504,-0.7689462,0.5585852,1,4
156,0.7852438,-0.11944136,0.9362023,-0.009583909,0.05482903,-0.31481123,0.8955118,0.5384151,-0.805574,0.20516908,0.2696263,0.09104302,1.1031047,0.6627228,1.5974629,0.16112706,0.22080068,0.33616364,1.5691755,2.1683083,0.7793564,0.0963432,0.17998423,0.15377669,-0.86700755,0.4795684,0.29993206,0.110222794,0.090675965,0.14573918,0.8747939,-0.56446075,-0.5693834,0.4759319,-0.005485765,-0.5014485,0.533676,0.5581704,-0.4546735,-0.34913146,0.42484933,-0.45374233,-0.8394958,0.29978257,-0.016546719,0.58518696,-0.545316,0.439911,-0.66441756,1.054089,0.78004175,-0.62409824,-0.96496034,0.25955623,0.016021626,0.82332677,0.75800157,0.5903669,-0.5139146,1.0563238,0.48099396,-0.6416775,-1.4237721,1.8489302,0.034572702,0.77538484,0.68546987,1.8357055,-0.15113963,0.744711,0.54705703,-0.65170497,0.78608155,0.18065757,-0.069392234,-0.06845343,0.5719204,0.30225378,0.18326809,0.053495698,0.24401928,-0.2667179,0.18692972,-0.098904915,0.0007669084,1.419352,1.0344952,-0.1654115,-0.7688412,0.5577359,1,4
157,0.7852438,-0.10784999,0.9351545,-0.0014018675,0.05691996,-0.3076617,0.8969184,0.5383116,-0.805574,0.20650318,0.2664342,0.09161455,1.1031686,0.6627366,1.596697,0.15985303,0.22105856,0.33624563,1.5690056,2.1683083,0.7796808,0.09641633,0.18013272,0.15378739,-0.86699665,0.47951806,0.29969838,0.110222794,0.091062814,0.14588086,0.87405705,-0.5661503,-0.5696834,0.47688404,-0.01966743,-0.509651,0.53362334,0.5574486,-0.45445448,-0.35019374,0.4248839,-0.4540146,-0.8405105,0.29980204,-0.005300315,0.58495784,-0.5462907,0.44009528,-0.6641938,1.0543969,0.7796632,-0.62418497,-0.965026,0.25967377,-0.0019662378,0.8231677,0.7578169,0.59050393,-0.5131113,1.0566688,0.48102298,-0.64163536,-1.4236077,1.8488914,0.011652392,0.7751352,0.6857173,1.835623,-0.1508431,0.74470866,0.546903,-0.6515559,0.7860764,0.18069251,-0.030364797,-0.067129396,0.5719428,0.30223364,0.18291701,0.05377525,0.2439141,-0.26755798,0.18719986,-0.09941581,0.0015836371,1.4193122,1.0345418,-0.16551158,-0.7687308,0.5568866,1,4
158,0.7853114,-0.09907383,0.9344402,0.004761901,0.05838359,-0.30229956,0.8980053,0.53825116,-0.805574,0.20743705,0.26444796,0.092014626,1.1038841,0.662912,1.5960073,0.15862145,0.22218387,0.33624563,1.568717,2.1683295,0.78157276,0.096855186,0.18084553,0.15404433,-0.86699665,0.47951806,0.2982603,0.11009302,0.091062814,0.14588086,0.8736804,-0.5674577,-0.569916,0.477613,-0.01936643,-0.5178397,0.5335774,0.5567543,-0.4542341,-0.35123163,0.4249312,-0.4541549,-0.8412918,0.2998132,0.0027749413,0.5847303,-0.54726183,0.44027904,-0.66397953,1.0547041,0.7799469,-0.62394816,-0.9655166,0.25983375,-0.00031762992,0.82300854,0.7576361,0.59063387,-0.5123011,1.0570289,0.48155552,-0.6414905,-1.4232304,1.8486707,0.008891842,0.77489245,0.6859651,1.8355391,-0.15054242,0.74472845,0.54672295,-0.6515302,0.7860804,0.18095043,-0.007896754,-0.06580536,0.5719595,0.302216,0.18256898,0.054052047,0.24383485,-0.26820293,0.18723881,-0.099752314,0.002320916,1.4191244,1.0349079,-0.16553555,-0.7686198,0.5560419,1,4
159,0.7854969,-0.09725224,0.9344402,0.005961941,0.05838359,-0.30131644,0.8982866,0.53825116,-0.805574,0.20743705,0.26444796,0.092014626,1.1058515,0.6633942,1.5955861,0.15768714,0.22527835,0.33624563,1.5682501,2.168387,0.7867755,0.098061986,0.18280576,0.15475087,-0.86699665,0.47951806,0.29430577,0.10973614,0.091062814,0.14588086,0.8740343,-0.5678007,-0.5699895,0.47777942,0.008098844,-0.5260207,0.5335329,0.5560805,-0.45401815,-0.35224637,0.42495987,-0.4541549,-0.8414917,0.2998132,0.0012290352,0.5845029,-0.5482222,0.44046023,-0.66377014,1.0550102,0.7815598,-0.6229693,-0.9668208,0.2600562,0.043419145,0.82284945,0.7574595,0.5907548,-0.5114756,1.0574167,0.48315078,-0.64109206,-1.4224718,1.8480642,0.04800227,0.7746616,0.6862143,1.8354524,-0.15023379,0.7447873,0.5462279,-0.6514594,0.7860915,0.18165994,-0.020273514,-0.064481325,0.5719672,0.3022026,0.18222514,0.054324962,0.24382897,-0.26835144,0.18680526,-0.09968418,0.0027960797,1.4186198,1.0358813,-0.16538204,-0.7685087,0.5552052,1,4
160,0.7855305,-0.09692115,0.93376654,0.0061801253,0.05838359,-0.30113775,0.8983378,0.53825116,-0.80581427,0.20743705,0.26444796,0.09184316,1.1063242,0.6634819,1.5955094,0.15751727,0.22584097,0.33624563,1.5681652,2.1683974,0.7877214,0.098610535,0.18316215,0.15487933,-0.8668979,0.47943562,0.2935867,0.10879527,0.09541494,0.1456076,0.8737432,-0.56786305,-0.5701478,0.47774172,-0.002328499,-0.53420156,0.53348655,0.5554152,-0.45380825,-0.3532463,0.4249836,-0.4541416,-0.84152555,0.29987657,0.00068283157,0.58427036,-0.54916817,0.44063967,-0.6635568,1.055306,0.7818749,-0.6227914,-0.967138,0.2600966,0.024195563,0.82269037,0.75728565,0.5908738,-0.5106645,1.0577985,0.4834411,-0.6410544,-1.4223337,1.8479538,0.0245438,0.77443075,0.68645376,1.8353697,-0.14992958,0.74484557,0.54593134,-0.6512375,0.7860209,0.18177746,-0.017564464,-0.06316731,0.57200444,0.30217478,0.18197046,0.054639205,0.2439782,-0.26828438,0.18683822,-0.09962875,0.0028806122,1.4185029,1.0360885,-0.16536029,-0.76839936,0.55437374,1,4
161,0.7854715,-0.09443721,0.9328821,0.007325662,0.057825997,-0.2981885,0.898683,0.53825116,-0.8066688,0.20743705,0.26593766,0.091404974,1.1064264,0.6634819,1.5951358,0.15732616,0.22584097,0.33624563,1.5679615,2.1683974,0.7877214,0.09890309,0.18316215,0.15487933,-0.86681,0.47936234,0.29385632,0.108016625,0.099283434,0.14536473,0.87311596,-0.56855655,-0.5703343,0.47787982,-0.020653818,-0.54234505,0.5334335,0.5547596,-0.45361647,-0.35420465,0.42508468,-0.4538067,-0.8417617,0.30010226,0.004606865,0.58402836,-0.55011326,0.44081834,-0.66332245,1.0556111,0.7816833,-0.6228161,-0.9672207,0.2601517,-0.0045251404,0.82253116,0.75711447,0.59099007,-0.5098613,1.0581775,0.48336014,-0.6410854,-1.4221599,1.8479538,-0.0045230417,0.7741999,0.68668973,1.8352882,-0.14962652,0.74490243,0.54578114,-0.6510516,0.7859556,0.18171881,-0.010590364,-0.061855536,0.5720493,0.3021433,0.18173686,0.05496084,0.24407396,-0.26828864,0.18699004,-0.09967317,0.0031293784,1.4184135,1.0361234,-0.16544709,-0.7682931,0.5535433,1,4
162,0.785255,-0.085329786,0.93183434,0.011525774,0.055781543,-0.28737482,0.899949,0.53825116,-0.80901855,0.20743705,0.27139977,0.09035717,1.1064264,0.6634819,1.5937667,0.15662543,0.22584097,0.33624563,1.5672145,2.1683974,0.7877214,0.09890309,0.18316215,0.15487933,-0.86681,0.47936234,0.294845,0.108016625,0.099283434,0.14536473,0.8719743,-0.5710992,-0.57054615,0.47860733,-0.03758639,-0.5503889,0.53336424,0.554125,-0.45346904,-0.3550612,0.4253954,-0.45262206,-0.8426362,0.30072287,0.019858742,0.5837641,-0.5510637,0.4409965,-0.6630346,1.0559475,0.7809116,-0.62290674,-0.9672626,0.26035383,-0.02126346,0.8223721,0.7569487,0.5911006,-0.509071,1.0585523,0.4830637,-0.6410854,-1.4215225,1.8479538,-0.011469832,0.77396905,0.68692344,1.835208,-0.14932404,0.7449555,0.5459049,-0.6510516,0.7859528,0.18154132,-0.0011822912,-0.06054378,0.5720981,0.30211002,0.18150656,0.05527773,0.24393514,-0.26861048,0.18718235,-0.099975914,0.0040476467,1.418168,1.0361534,-0.16574544,-0.7681942,0.552713,1,4
163,0.78519607,-0.082183674,0.93154854,0.012671198,0.05522398,-0.28442574,0.9002942,0.53825116,-0.8096593,0.20743705,0.2740244,0.09007141,1.107142,0.6635696,1.5912483,0.15371634,0.22321533,0.33644247,1.5666032,2.1685233,0.78815395,0.101536155,0.18149891,0.15530755,-0.86681,0.47936234,0.29511464,0.10697842,0.099283434,0.14495993,0.87165225,-0.57179266,-0.5706081,0.47886637,-0.02258257,-0.5584326,0.533296,0.5535019,-0.45332393,-0.35590437,0.42548004,-0.45206973,-0.8428747,0.30089208,0.012056508,0.5834997,-0.5520016,0.44117108,-0.66274136,1.0562922,0.7798976,-0.624232,-0.9678241,0.2607548,-0.03088853,0.82221675,0.75681156,0.59118307,-0.50835574,1.0589094,0.4834411,-0.642064,-1.4208757,1.8479329,0.0024239856,0.7737495,0.6871003,1.8351486,-0.1490629,0.74501157,0.5459386,-0.651202,0.7859521,0.18149301,-0.00086575,-0.05924684,0.5721802,0.30206248,0.18129575,0.055566348,0.24390168,-0.2687525,0.18702567,-0.09982703,0.0045027314,1.4180837,1.0365702,-0.16617571,-0.7680997,0.5518979,1,4
164,0.78519607,-0.08143851,0.93139875,0.012671198,0.05494518,-0.28442574,0.9002942,0.538234,-0.81008655,0.20717022,0.27530122,0.08991899,1.1079468,0.6636682,1.588835,0.15065868,0.2202615,0.33666384,1.5661447,2.1686647,0.7886403,0.10464457,0.1796278,0.15583211,-0.866832,0.47936234,0.29525846,0.10509666,0.0999927,0.14440331,0.8715617,-0.57188344,-0.57064515,0.47891954,-0.0023368006,-0.5664763,0.5332226,0.5528817,-0.4531881,-0.3567377,0.4254951,-0.45187992,-0.8428727,0.30100814,-0.0006051359,0.58323085,-0.5529251,0.44134262,-0.662441,1.0566341,0.77899367,-0.625695,-0.96844286,0.26114392,-0.032374535,0.82206285,0.7566857,0.5912549,-0.5076712,1.0592585,0.48395684,-0.6431892,-1.4203436,1.8479092,0.017501323,0.7735354,0.68725246,1.835098,-0.14881936,0.74507123,0.5459574,-0.6512575,0.78596884,0.18146713,-0.0029295215,-0.057959218,0.5722982,0.30199888,0.18110889,0.055847302,0.24394067,-0.2687387,0.18682213,-0.09955715,0.004731419,1.4180181,1.0370367,-0.16658197,-0.7680083,0.55109125,1,4
165,0.78519607,-0.08143851,0.93057555,0.012671198,0.053411838,-0.28442574,0.9002942,0.538139,-0.8124363,0.20570272,0.27530122,0.08908074,1.1079468,0.6636682,1.588835,0.15065868,0.2202615,0.33666384,1.5661447,2.1686647,0.7886403,0.1054491,0.1796278,0.15606762,-0.8669527,0.47936234,0.29604945,0.10117098,0.10389347,0.1438467,0.8711273,-0.5723829,-0.57082254,0.47883686,-0.012390739,-0.5745201,0.5331243,0.5522546,-0.4530897,-0.35754943,0.42557758,-0.45225462,-0.8428612,0.3016463,0.003766963,0.582942,-0.5538073,0.44150805,-0.66211754,1.0569488,0.77899367,-0.625695,-0.96844286,0.26114392,-0.009239463,0.82190895,0.75656164,0.5913254,-0.50699764,1.0596018,0.48395684,-0.643323,-1.4203436,1.8479092,0.0027393962,0.7733264,0.6873896,1.8350526,-0.14858523,0.7451422,0.5460601,-0.6506317,0.78606087,0.18132524,-0.0003636833,-0.05668832,0.57252145,0.30188704,0.18099679,0.056141544,0.24412808,-0.26832774,0.18699692,-0.09950482,0.0047230134,1.4177655,1.0370739,-0.16665755,-0.76792353,0.5502966,1,4
166,0.785255,-0.07622236,0.9298,0.011143854,0.052854273,-0.2888049,0.9000256,0.5378627,-0.8144122,0.2045465,0.27877718,0.08850922,1.10665,0.6636682,1.588634,0.14887498,0.21993332,0.33666384,1.5659665,2.1686647,0.7886403,0.10574166,0.17838036,0.15615326,-0.86699665,0.47936234,0.29633698,0.0997435,0.105311885,0.1436443,0.87075937,-0.57184875,-0.5710425,0.4792369,-0.014465009,-0.5826193,0.5330209,0.55165064,-0.4529971,-0.35838082,0.42541477,-0.4518452,-0.84268916,0.3022199,-0.007638534,0.5826452,-0.55466884,0.44166762,-0.66175526,1.0572882,0.7786332,-0.62603194,-0.96754485,0.26117367,-0.008381138,0.821755,0.7564582,0.5913719,-0.50633204,1.059933,0.48388577,-0.64382946,-1.4201915,1.8479092,-0.0042862,0.77311736,0.68752056,1.8350091,-0.14837599,0.74519444,0.5460972,-0.6504042,0.78609437,0.1812737,-0.0010635143,-0.055417404,0.5727415,0.30177656,0.18088609,0.056432024,0.24442495,-0.26838213,0.18756217,-0.0997349,0.0046624136,1.4175385,1.0364203,-0.16671498,-0.7678413,0.5495019,1,4
167,0.78533936,-0.06868808,0.9291196,0.008962014,0.052935597,-0.29506066,0.89964205,0.53751755,-0.81601423,0.2036571,0.28374267,0.0881282,1.1046569,0.6637039,1.5881553,0.1459659,0.21944098,0.33668026,1.5657119,2.168691,0.78873503,0.106143974,0.17647955,0.1562068,-0.86700755,0.47936234,0.2961033,0.09948392,0.105311885,0.1435937,0.8704573,-0.57080024,-0.57126516,0.4798589,-0.011517513,-0.59075046,0.5329166,0.55106235,-0.45290586,-0.35922247,0.42513925,-0.45106572,-0.84244937,0.3027076,-0.024743514,0.58234394,-0.5555169,0.44182363,-0.6613716,1.0576411,0.7780924,-0.6265657,-0.96616405,0.26125616,-0.018621318,0.8216014,0.7563703,0.5914007,-0.5056726,1.0602572,0.48391557,-0.6445777,-1.419948,1.8479046,-0.003358458,0.77290976,0.68764055,1.8349695,-0.14818437,0.7452377,0.5460685,-0.6503916,0.7861036,0.18131553,-0.004117902,-0.054148357,0.5729673,0.3016645,0.18077838,0.056716807,0.24475223,-0.26868004,0.1883174,-0.10006422,0.0045916205,1.4173415,1.0353982,-0.16677594,-0.76776093,0.5487092,1,4
168,0.78533936,-0.06777728,0.9291196,0.008962014,0.05383004,-0.29506066,0.89964205,0.53751755,-0.81601423,0.2036571,0.28374267,0.0881282,1.103111,0.66409564,1.5860485,0.14199518,0.21918309,0.3368607,1.5657119,2.1689792,0.78977555,0.110568896,0.17517273,0.15679559,-0.8671284,0.47936234,0.29353285,0.0966289,0.105311885,0.1430371,0.8704432,-0.5705128,-0.57127106,0.47994238,-0.003948971,-0.5988813,0.5328292,0.5504978,-0.4527955,-0.3600541,0.42513925,-0.45106572,-0.84244937,0.3027076,-0.008694936,0.58204275,-0.5563506,0.4419766,-0.660995,1.0579875,0.77781534,-0.62714285,-0.9650852,0.26169747,-0.012559391,0.8214509,0.7563167,0.5913885,-0.50502974,1.0605817,0.48535195,-0.6456147,-1.4196582,1.8478506,0.03289185,0.7727163,0.6876833,1.834959,-0.14802748,0.74530035,0.54575086,-0.6502533,0.78620505,0.18177682,-0.012057047,-0.05289789,0.573256,0.30152413,0.18069284,0.056966048,0.24475825,-0.2687546,0.18874168,-0.09977275,0.004716981,1.4172966,1.0346378,-0.1669754,-0.7676842,0.5479356,1,4
169,0.78533936,-0.06736338,0.9288338,0.008962014,0.054236602,-0.29720548,0.89964205,0.53751755,-0.8164948,0.2036571,0.28374267,0.0881282,1.1024084,0.6642738,1.5850908,0.14019029,0.2190659,0.33694267,1.5657119,2.1691098,0.79024845,0.112799644,0.17457873,0.157834,-0.8671832,0.47947228,0.29128587,0.09338454,0.106279016,0.14278409,0.8702863,-0.5701919,-0.57133526,0.47995174,-0.003926584,-0.6070396,0.53273994,0.5499473,-0.4526887,-0.36089137,0.42517662,-0.45106572,-0.84244424,0.30283457,0.0005760996,0.5817415,-0.5571825,0.44212955,-0.6606221,1.0583303,0.7776892,-0.6274051,-0.96459484,0.26189798,-0.006635615,0.82130045,0.7562637,0.5913767,-0.50439376,1.0609024,0.4860052,-0.64625925,-1.4195265,1.8478259,0.031017203,0.7725433,0.68771416,1.8349482,-0.14789796,0.7454072,0.5457432,-0.6496834,0.7862481,0.1821954,-0.007914177,-0.05164742,0.5735941,0.3013607,0.18062338,0.05722606,0.24482651,-0.26869583,0.18899527,-0.099622175,0.0047701807,1.417226,1.034291,-0.1669548,-0.7676075,0.54717577,1,4
170,0.78533936,-0.06736338,0.9283099,0.008962014,0.054236602,-0.30113775,0.89964205,0.53751755,-0.81737596,0.2036571,0.28374267,0.0881282,1.1024084,0.6642738,1.5850908,0.14019029,0.2190659,0.33694267,1.5657119,2.1691098,0.79024845,0.113201916,0.17457873,0.1592471,-0.8671832,0.47967377,0.28930855,0.08981574,0.10805209,0.14278409,0.8700102,-0.5698432,-0.57144815,0.47989932,-0.010192694,-0.6152204,0.53264856,0.5494086,-0.45258468,-0.3617333,0.425245,-0.45106572,-0.84243464,0.30306715,0.004199151,0.58144027,-0.5580135,0.44228226,-0.6602524,1.05867,0.7776892,-0.6274051,-0.96459484,0.26189798,-0.00082696596,0.82115,0.75621086,0.59136486,-0.5037635,1.06122,0.4860052,-0.6465767,-1.4195265,1.8478259,-0.0026284144,0.7723874,0.6877349,1.8349371,-0.14779133,0.74555093,0.54599416,-0.64875394,0.7862425,0.1825784,0.0062970957,-0.050396934,0.5739745,0.30117777,0.18056737,0.05749505,0.24494666,-0.26852614,0.18910654,-0.099588946,0.004763199,1.4171339,1.0342888,-0.16675079,-0.76753086,0.54642737,1,4
171,0.78540134,-0.07237249,0.9280106,0.011362094,0.055258833,-0.30113775,0.8999233,0.53761256,-0.81737596,0.20561378,0.28452298,0.08854733,1.1024084,0.6642738,1.5850908,0.13668667,0.21880801,0.33694267,1.5657119,2.1691098,0.79024845,0.113201916,0.17457873,0.1592471,-0.8671832,0.47967377,0.28930855,0.08981574,0.1105344,0.14334069,0.87005794,-0.5700207,-0.57150143,0.47941002,-0.0024410232,-0.6234013,0.53257763,0.54890555,-0.4524591,-0.3625621,0.42537275,-0.4503522,-0.8426209,0.30304936,0.007344087,0.5811513,-0.55891275,0.44244796,-0.6599006,1.0590295,0.7776892,-0.6278921,-0.96459484,0.26189798,-0.00082696596,0.82099956,0.75619787,0.59130645,-0.5031566,1.061533,0.4860052,-0.6465767,-1.4195265,1.8478259,-0.0026284144,0.77223134,0.68775475,1.8349261,-0.14768681,0.7456918,0.54599416,-0.64808047,0.7862425,0.1825784,2.504667e-05,-0.049126018,0.5743453,0.30099756,0.18053123,0.057826053,0.24492556,-0.26809865,0.18915902,-0.09927927,0.0048999814,1.417141,1.0342888,-0.16675079,-0.76745003,0.5456685,1,4
172,0.7854349,-0.0751047,0.9278472,0.013216686,0.056571465,-0.30024403,0.9001407,0.5377938,-0.81684196,0.20668107,0.2849486,0.08877594,1.1027597,0.66413677,1.5864793,0.13360772,0.21855016,0.33665565,1.565627,2.1692147,0.7901809,0.11484756,0.17472723,0.15978236,-0.86723804,0.47967377,0.28930855,0.089329086,0.11188838,0.1436443,0.87008435,-0.57005686,-0.57153046,0.47914314,0.001265506,-0.6315709,0.53252286,0.5484197,-0.4523152,-0.36338058,0.42554283,-0.44996303,-0.84275484,0.30287445,0.011293128,0.5808624,-0.559794,0.44260982,-0.65955275,1.0593863,0.7781171,-0.6282998,-0.96482027,0.26164737,0.008142662,0.8208436,0.7562031,0.59122753,-0.50255334,1.061827,0.48636046,-0.64674944,-1.4193758,1.8478596,0.0056919702,0.77208954,0.6877411,1.8349262,-0.14759442,0.7458666,0.54599607,-0.64760596,0.7862854,0.1825784,-0.0033509883,-0.04785512,0.57472825,0.30081195,0.18049547,0.058153775,0.2449008,-0.26795277,0.18910018,-0.09930592,0.005063629,1.4172382,1.0344735,-0.16649798,-0.7673629,0.54491913,1,4
173,0.7854349,-0.0751047,0.9278472,0.014416726,0.058232587,-0.2982779,0.9002814,0.5380785,-0.81566715,0.20668107,0.2849486,0.08877594,1.1035327,0.66383535,1.5895342,0.1310384,0.21829228,0.33602425,1.56544,2.1694453,0.79003215,0.118467994,0.17505394,0.16095996,-0.86735886,0.47967377,0.28930855,0.08825844,0.11188838,0.1436443,0.87008435,-0.56992334,-0.57153046,0.47914314,0.00011789272,-0.6397268,0.53248703,0.5479543,-0.4521493,-0.36418664,0.42576346,-0.44996303,-0.84282607,0.30251062,0.016207092,0.58057344,-0.56065375,0.44276762,-0.65920985,1.0597396,0.7790597,-0.6286124,-0.96531624,0.26109606,0.027875783,0.820681,0.7562306,0.591124,-0.50195444,1.0620979,0.48714206,-0.64712936,-1.419044,1.8479334,0.023996761,0.7719648,0.6876864,1.8349397,-0.14751656,0.7460822,0.5459999,-0.6473701,0.78637964,0.1825784,-0.0032518252,-0.046584204,0.5751247,0.30061996,0.18046017,0.058477554,0.24487175,-0.2681449,0.1889078,-0.09973606,0.0052595586,1.4174435,1.03488,-0.16594185,-0.767268,0.5441812,1,4
174,0.7854349,-0.0800724,0.927643,0.014525791,0.05838359,-0.29809922,0.9002942,0.5381044,-0.8155603,0.20668107,0.2849486,0.08877594,1.1037307,0.663808,1.5898117,0.13080484,0.21826883,0.33596683,1.5654231,2.169466,0.79001874,0.11879711,0.17508364,0.161067,-0.8673698,0.47981125,0.2920049,0.08718781,0.1160793,0.1436443,0.8700543,-0.5699112,-0.57154274,0.47866717,-0.0007032931,-0.64788276,0.5324493,0.5474785,-0.4519858,-0.3649863,0.42578346,-0.44996303,-0.8428325,0.30247766,0.0060338145,0.5802845,-0.5614982,0.44292212,-0.6588731,1.0600866,0.7791692,-0.6286408,-0.9654504,0.26104596,0.012232132,0.82051843,0.7562574,0.59102243,-0.50136703,1.0623637,0.4872131,-0.64716387,-1.4190137,1.8479402,0.009020012,0.77184,0.6876326,1.834953,-0.14744018,0.7462938,0.54667616,-0.64674866,0.7863731,0.18211389,0.013564213,-0.045313306,0.5755616,0.30040807,0.18049562,0.05885475,0.24488175,-0.2677372,0.18886779,-0.09947382,0.0052773757,1.4174622,1.0349771,-0.16613872,-0.7671732,0.5434434,1,4
175,0.78540134,-0.08537137,0.92744577,0.01583495,0.05889471,-0.29666933,0.90039647,0.5381735,-0.8149194,0.20703682,0.28693482,0.088318706,1.1038201,0.66354495,1.5898117,0.13080484,0.21826883,0.33570442,1.5650496,2.169466,0.79001874,0.11879711,0.17508364,0.161067,-0.8671941,0.4799074,0.29461133,0.08650649,0.119012915,0.1436443,0.8699638,-0.57013595,-0.57154006,0.47816145,-0.0025850588,-0.6560205,0.53242344,0.5470157,-0.45181054,-0.36577004,0.42581633,-0.44940206,-0.8429021,0.30229563,0.00034431103,0.57998216,-0.5623328,0.44307455,-0.6585039,1.0604402,0.77838016,-0.62861484,-0.9655564,0.26095867,-0.01705634,0.82035077,0.75628656,0.59091944,-0.5007775,1.0626111,0.4870649,-0.64716387,-1.4186952,1.8479402,-0.0060976385,0.77171516,0.6875801,1.8349662,-0.14736186,0.7465016,0.5472337,-0.6463287,0.7862234,0.18165971,0.02067958,-0.04404239,0.5760042,0.30019367,0.18053685,0.059235502,0.24485065,-0.2673818,0.18882409,-0.09922188,0.005466324,1.4175342,1.0349953,-0.16629255,-0.7670768,0.5427055,1,4
176,0.7853086,-0.0903803,0.92729604,0.019435015,0.060300276,-0.29273707,0.90067774,0.53836334,-0.81315714,0.20801517,0.29239693,0.08706134,1.1038201,0.6628216,1.5898117,0.13080484,0.21826883,0.33498278,1.5640224,2.169466,0.79001874,0.11879711,0.17508364,0.161067,-0.8667113,0.4799074,0.2965887,0.08650649,0.119012915,0.1436443,0.8697723,-0.570754,-0.57150936,0.47768712,-0.0063799275,-0.6641266,0.5324182,0.54657763,-0.45161438,-0.36652705,0.42590705,-0.4478594,-0.8430934,0.30179486,0.0051414007,0.57965636,-0.5631548,0.44322395,-0.6580767,1.0608065,0.77616376,-0.6285434,-0.9656765,0.26071864,-0.064032204,0.8201744,0.75631964,0.5908136,-0.5001823,1.0628271,0.48665765,-0.64716387,-1.417819,1.8479402,-0.015637897,0.7715904,0.68752986,1.8349794,-0.14728002,0.74670327,0.54746586,-0.6463287,0.7858408,0.18130496,0.007893773,-0.042771492,0.57644874,0.29997817,0.18057583,0.059613112,0.24474093,-0.26722273,0.18874726,-0.09910888,0.0059859464,1.4177324,1.0349299,-0.16623934,-0.7669779,0.54196763,1,4
177,0.7852916,-0.0912911,0.9272689,0.020089567,0.060555823,-0.2920221,0.90072894,0.53839785,-0.8125965,0.20819305,0.29402846,0.086832725,1.10474,0.6622461,1.5930866,0.1325248,0.21615897,0.33433497,1.5638356,2.1692774,0.79001874,0.11517666,0.17535095,0.16203049,-0.86662346,0.4799074,0.29694813,0.0859225,0.119012915,0.14300674,0.86973727,-0.5708663,-0.5715038,0.47760087,-0.0033197922,-0.67223275,0.5324131,0.5461463,-0.45142138,-0.36727172,0.42590487,-0.4474477,-0.8431308,0.30164036,0.0011019916,0.57933056,-0.5639589,0.44336954,-0.65765136,1.0611742,0.77642345,-0.6290531,-0.96631336,0.2600438,-0.020701969,0.8199881,0.7563482,0.59072167,-0.49962285,1.0629811,0.48584703,-0.64686674,-1.417808,1.8478942,-0.026816975,0.7714911,0.6875338,1.834962,-0.14723486,0.74695486,0.547508,-0.6467169,0.7857713,0.18124048,0.0008228252,-0.041523974,0.5769068,0.2997581,0.18064028,0.05994754,0.2447199,-0.26722726,0.18849468,-0.09958086,0.006018145,1.4177554,1.035375,-0.16559294,-0.76686746,0.541259,1,4
178,0.785241,-0.093526594,0.9272689,0.020089567,0.060555823,-0.2920221,0.90072894,0.53839785,-0.8123828,0.20819305,0.29459593,0.08654695,1.1055577,0.6618515,1.5964576,0.13418105,0.2142835,0.33387575,1.563963,2.1691098,0.79001874,0.11195854,0.17558855,0.1628869,-0.8665576,0.48019588,0.298512,0.08481941,0.11978664,0.14222749,0.8696681,-0.5708663,-0.5714726,0.47739598,-0.0016435694,-0.6803388,0.53240746,0.54571044,-0.4512291,-0.3680129,0.42588827,-0.44729948,-0.8431331,0.3015839,-0.0029348936,0.57899636,-0.5647521,0.4435136,-0.6572164,1.0615311,0.77727264,-0.62950367,-0.966846,0.25941485,0.026214259,0.8197996,0.7563754,0.59063363,-0.49907392,1.0631204,0.4852427,-0.6466027,-1.4180486,1.8478535,-0.028277652,0.77139753,0.6875497,1.834938,-0.14719899,0.7472167,0.54841495,-0.64702106,0.7856997,0.18100068,0.019272797,-0.040289465,0.5773924,0.29952538,0.18073109,0.06026969,0.24468677,-0.2670741,0.18825719,-0.099941805,0.0059157955,1.4177437,1.0357417,-0.16508631,-0.7667571,0.54056084,1,4
179,0.7850555,-0.101723395,0.9272689,0.020089567,0.060555823,-0.2920221,0.90072894,0.53839785,-0.8123828,0.20819305,0.29459593,0.085499145,1.1055577,0.6618515,1.5981427,0.1346482,0.2142835,0.33387575,1.5644299,2.1691098,0.79001874,0.11195854,0.17558855,0.1628869,-0.8663162,0.481254,0.3042462,0.08267814,0.12262357,0.14144823,0.86941385,-0.5708663,-0.5713579,0.47664475,-0.0077195843,-0.68844485,0.53240013,0.545259,-0.4510369,-0.3687523,0.42588827,-0.4471838,-0.8431331,0.3015839,-0.0017289806,0.5786398,-0.5655265,0.4436556,-0.6567551,1.0618582,0.7782246,-0.6294522,-0.9667942,0.25916612,0.029181918,0.8196111,0.7564007,0.59054804,-0.49853206,1.0632555,0.48542833,-0.6466027,-1.4184468,1.8478535,-0.0028524015,0.77130395,0.6875647,1.8349144,-0.14716601,0.7474767,0.5517396,-0.646871,0.78543735,0.18012081,0.102389835,-0.039075773,0.57794607,0.29926232,0.18087709,0.06058467,0.24456874,-0.26640335,0.1881644,-0.099660374,0.0057434356,1.4177437,1.0355972,-0.16530392,-0.7666542,0.5398734,1,4
180,0.78491503,-0.108595334,0.92732334,0.018780407,0.06064875,-0.28487253,0.90093356,0.53839785,-0.81131476,0.2078373,0.2962984,0.08475616,1.1055577,0.66156656,1.5986025,0.13477561,0.2142835,0.33387575,1.5646931,2.169068,0.78980243,0.11020316,0.17487572,0.1628869,-0.86598694,0.48154253,0.30581006,0.08209416,0.123397246,0.14123571,0.869261,-0.5711819,-0.571255,0.47602057,-0.006959764,-0.6964603,0.53239864,0.5447516,-0.45083773,-0.36944926,0.42582673,-0.4468545,-0.8432899,0.30130193,-0.0046609854,0.57826984,-0.5662524,0.4437877,-0.6562704,1.0621886,0.77761245,-0.62943816,-0.9668276,0.25900346,-0.0027783888,0.81942254,0.7564273,0.590462,-0.49799836,1.0633886,0.48530382,-0.6467013,-1.4187174,1.847869,-0.003168458,0.7712103,0.6876066,1.8348792,-0.14715114,0.74772096,0.55263805,-0.64683,0.78516024,0.179881,0.06440064,-0.03786206,0.5784907,0.29900312,0.18101956,0.060896568,0.24439864,-0.2659949,0.18804991,-0.099392265,0.00574162,1.4178683,1.03551,-0.16526759,-0.7665556,0.539186,1,4
181,0.7848139,-0.11381131,0.92738456,0.017307678,0.060753297,-0.2768294,0.9011637,0.53839785,-0.81011325,0.20743705,0.2982137,0.08424178,1.1054299,0.66124594,1.5993303,0.13469066,0.21470553,0.33395776,1.5649139,2.1690104,0.78955925,0.10822841,0.17407382,0.16303678,-0.8656906,0.48154253,0.30581006,0.08209416,0.123397246,0.1411345,0.8691669,-0.5715369,-0.5711743,0.4755489,-0.0037403074,-0.70444167,0.53239906,0.544225,-0.45063668,-0.37012798,0.4257574,-0.44651955,-0.84346634,0.30098465,-0.0075141364,0.5778948,-0.5669585,0.44391546,-0.65577865,1.062519,0.77701825,-0.6293039,-0.9667694,0.25878945,-0.026961066,0.8192356,0.7564559,0.5903727,-0.49746364,1.0635294,0.4850937,-0.6468265,-1.4189657,1.8478839,-0.010627704,0.7711207,0.687656,1.8348393,-0.14714873,0.74796754,0.5526289,-0.6469093,0.78492904,0.179881,-0.0037848225,-0.03665209,0.5790308,0.29874617,0.18116435,0.061200332,0.2442435,-0.26574123,0.18799292,-0.0992607,0.0057638492,1.4180062,1.0353733,-0.16505168,-0.7664606,0.53850317,1,4
182,0.7848139,-0.11381131,0.92738456,0.017307678,0.060753297,-0.2768294,0.9011637,0.53839785,-0.81011325,0.20743705,0.2982137,0.08424178,1.1047271,0.66124594,1.603333,0.13422352,0.21702638,0.33440876,1.5652874,2.1689527,0.78955925,0.10822841,0.17407382,0.16386108,-0.8656906,0.48154253,0.30581006,0.08209416,0.123397246,0.1405779,0.8691669,-0.5715369,-0.5711743,0.4755489,-0.0009874436,-0.712423,0.5323994,0.5437066,-0.45043892,-0.3707955,0.4257574,-0.44651955,-0.84346634,0.30098465,-0.0030304773,0.57751983,-0.56765294,0.44404092,-0.65529495,1.0628437,0.7791492,-0.6285654,-0.96615654,0.2581991,0.04278796,0.81905574,0.756492,0.5902688,-0.49691015,1.0637099,0.48501652,-0.6469047,-1.4193298,1.84787,-0.006795391,0.77104896,0.6876983,1.8347979,-0.14717177,0.74825084,0.5526289,-0.64734507,0.78492904,0.179881,-0.0034997293,-0.035458803,0.5795646,0.29849374,0.18132582,0.0614727,0.2442435,-0.26574123,0.18823071,-0.09972122,0.005606346,1.4179946,1.0349182,-0.16445619,-0.76637375,0.53784096,1,4
183,0.7848139,-0.11381131,0.92738456,0.017307678,0.06002147,-0.2768294,0.9011637,0.53839785,-0.81011325,0.20712575,0.29722056,0.08410842,1.1044717,0.66124594,1.6047885,0.13405365,0.2178703,0.33491722,1.565542,2.1689317,0.78955925,0.108996384,0.17636077,0.16453552,-0.86653566,0.48176697,0.30643928,0.08277547,0.12475124,0.14016296,0.8691669,-0.5717976,-0.5711743,0.4755489,1.3567397e-05,-0.7204044,0.5323859,0.54318565,-0.45026267,-0.37144873,0.4257574,-0.44680142,-0.84346634,0.30098465,-0.0014001053,0.5771409,-0.568324,0.44416285,-0.6548207,1.0631485,0.7799243,-0.62833196,-0.96593374,0.25798446,0.039747756,0.8188825,0.7565258,0.5901672,-0.4963739,1.0639082,0.4850364,-0.6461744,-1.4195634,1.8478647,-0.0031546669,0.77098715,0.6877309,1.8347591,-0.14716429,0.74858546,0.55328906,-0.6476798,0.7855742,0.17979991,0.013105659,-0.034273345,0.5800733,0.2982524,0.18152207,0.06174433,0.2442435,-0.26574123,0.18831716,-0.09988868,0.005505225,1.4179903,1.0350132,-0.16428286,-0.76629597,0.5371894,1,4
184,0.7848167,-0.11356286,0.9272486,0.017689487,0.05891794,-0.27629322,0.9012021,0.5384065,-0.81005985,0.20654766,0.29573095,0.083898865,1.1044014,0.66124594,1.6047885,0.13405365,0.2178703,0.3354092,1.5657119,2.1689293,0.7895323,0.110093474,0.1796278,0.16507079,-0.86774296,0.48208755,0.30733797,0.083813675,0.12668549,0.13985936,0.8690973,-0.5723191,-0.5712062,0.4755578,-0.0016549976,-0.72837895,0.53236395,0.5426667,-0.4501011,-0.37208664,0.42576626,-0.4472563,-0.843493,0.30096897,-0.0009335948,0.57675916,-0.56897444,0.44428146,-0.65435326,1.0634402,0.7799109,-0.6283821,-0.96588475,0.25798446,-0.001106615,0.818713,0.75655836,0.590067,-0.49584788,1.0641164,0.4850853,-0.6450903,-1.419712,1.8478675,-0.0005317316,0.770931,0.6877574,1.8347219,-0.14713937,0.74894875,0.554232,-0.6479466,0.78649586,0.1796839,0.034321908,-0.033092342,0.5805659,0.29801878,0.18173784,0.06201507,0.24426553,-0.2657574,0.18836756,-0.09989428,0.005460487,1.4179987,1.0353494,-0.16434462,-0.7662235,0.5365441,1,4
185,0.7848476,-0.11083065,0.9257517,0.021889599,0.058279045,-0.2703948,0.901624,0.53850144,-0.8094724,0.20508015,0.29495063,0.0836893,1.1036285,0.66124594,1.6047885,0.13405365,0.2178703,0.3354092,1.5657119,2.1689005,0.7892349,0.110093474,0.1796278,0.16507079,-0.86774296,0.48208755,0.30733797,0.08452744,0.12668549,0.13985936,0.86832994,-0.5739572,-0.5715569,0.47565535,-0.020009771,-0.7362855,0.53233695,0.5421825,-0.44996533,-0.3726526,0.42586318,-0.44783047,-0.84378517,0.30079597,0.004198176,0.57637185,-0.5695467,0.44438478,-0.6538994,1.0637174,0.77976406,-0.6283821,-0.9653459,0.25798446,-0.0041828463,0.8185435,0.7565902,0.5899687,-0.49532574,1.0643164,0.4848836,-0.6450903,-1.4197526,1.847896,-0.0069922456,0.77087486,0.6877825,1.8346857,-0.14711525,0.7493057,0.554232,-0.6481099,0.78649586,0.1796839,0.008390828,-0.031911317,0.58102846,0.29779872,0.18195014,0.062281147,0.24450748,-0.26593587,0.18892236,-0.09995602,0.0056576184,1.4180908,1.0349491,-0.16434462,-0.7661528,0.5358987,1,4
186,0.7848616,-0.109588765,0.92507124,0.024780607,0.05798864,-0.26771373,0.90181583,0.5385446,-0.8092054,0.2044131,0.29459593,0.08359404,1.1029322,0.6614104,1.6053056,0.13698395,0.21857357,0.33580282,1.566323,2.1687772,0.7888566,0.110532306,0.18105341,0.1653277,-0.86826974,0.48208755,0.30733797,0.08485187,0.12668549,0.13985936,0.8679811,-0.5749121,-0.57171637,0.47569972,-0.018341206,-0.7441921,0.53231126,0.54171646,-0.449832,-0.37320706,0.4259072,-0.44809145,-0.8439181,0.3007174,0.0037316654,0.5759846,-0.57011265,0.44448683,-0.6534504,1.0639912,0.7804276,-0.6278342,-0.96481764,0.25796303,0.01139567,0.8183816,0.75658697,0.5899104,-0.49479997,1.0645398,0.48453215,-0.6446052,-1.420394,1.8479111,-0.013433815,0.7708255,0.6878015,1.8346508,-0.147078,0.74969774,0.55424845,-0.6481842,0.7869068,0.1796839,-0.0029802555,-0.03073031,0.58148587,0.29758096,0.18216318,0.062541775,0.2446175,-0.26601696,0.18928447,-0.10000079,0.005477746,1.4181346,1.0347227,-0.16432303,-0.7660909,0.5352579,1,4
187,0.7848616,-0.109588765,0.92507124,0.02658064,0.05798864,-0.26771373,0.90181583,0.5385446,-0.8092054,0.2044131,0.29459593,0.08359404,1.1022998,0.66171175,1.6062536,0.14235616,0.21986297,0.33652446,1.5674436,2.1685755,0.7884106,0.11133685,0.18366706,0.16579874,-0.8692355,0.48208755,0.30733797,0.08485187,0.12668549,0.13985936,0.8679811,-0.57529724,-0.57171637,0.47569972,1.3567397e-05,-0.7520987,0.53228664,0.5412654,-0.4497009,-0.37375206,0.4259072,-0.44809145,-0.8439181,0.3007174,-0.0014001053,0.57559735,-0.5706732,0.4445879,-0.6530056,1.0642626,0.7817668,-0.62682974,-0.96429807,0.25792375,0.042519893,0.8182259,0.7565546,0.58988565,-0.49427113,1.0647826,0.48405614,-0.643716,-1.4215358,1.8479152,-0.019859595,0.7707818,0.6878147,1.8346168,-0.14702977,0.7501191,0.5542791,-0.6481842,0.78766,0.1796839,-0.0022179415,-0.029549286,0.5819394,0.29736543,0.18237683,0.062797874,0.2446175,-0.26601696,0.18948598,-0.100031435,0.004983676,1.4181379,1.0346411,-0.16428341,-0.7660365,0.53462094,1,4
188,0.7848616,-0.109588765,0.9239487,0.02658064,0.057477526,-0.26771373,0.9013938,0.5385446,-0.8092054,0.20294558,0.29459593,0.08296535,1.1022998,0.6621941,1.6062536,0.14235616,0.22192597,0.33652446,1.5674436,2.1685755,0.7884106,0.11173912,0.18366706,0.16579874,-0.8692355,0.4823899,0.30812895,0.08592252,0.12278473,0.14019333,0.8673902,-0.5754753,-0.5719585,0.4755849,-0.014116862,-0.76000524,0.53224874,0.5408131,-0.44959015,-0.374285,0.4258641,-0.44844756,-0.8436182,0.3007174,-0.0036844339,0.5751916,-0.5711548,0.4446744,-0.65254086,1.064502,0.78324145,-0.6260868,-0.9642187,0.25808436,0.04536088,0.8180703,0.75651795,0.58986217,-0.49371454,1.0650457,0.48405614,-0.64375186,-1.4215358,1.8479152,-0.008709998,0.7707381,0.6878209,1.8345864,-0.1469819,0.7505327,0.5551251,-0.6485814,0.78764105,0.1795847,0.018166218,-0.028356003,0.5823519,0.29716983,0.1825072,0.06301381,0.24498929,-0.26591444,0.18975548,-0.09983351,0.0047634225,1.4181379,1.0345744,-0.16449822,-0.76598805,0.5339776,1,4
189,0.7848616,-0.10710483,0.9229622,0.030126201,0.057024494,-0.26771373,0.9009079,0.53858775,-0.80907184,0.20170043,0.29566,0.08233667,1.1022998,0.6624571,1.6062536,0.14235616,0.22305124,0.33627844,1.5674436,2.168484,0.78820777,0.11195854,0.18366706,0.16579874,-0.86901605,0.48255473,0.30891976,0.08650649,0.12065704,0.1403755,0.86683214,-0.57639015,-0.5721874,0.47571212,-0.021046683,-0.7679119,0.5322118,0.5404171,-0.44949096,-0.3747897,0.42584905,-0.44851363,-0.8432683,0.30067423,-0.003440539,0.5747774,-0.57160753,0.44475535,-0.6520572,1.0647384,0.7840459,-0.6256588,-0.9641753,0.25817192,0.032870024,0.8179099,0.7564823,0.5898382,-0.49315554,1.0652913,0.48363748,-0.6437714,-1.4216204,1.847917,-0.01243289,0.7706945,0.68782705,1.8345561,-0.1469352,0.750943,0.5556248,-0.648798,0.7874584,0.17946608,0.020630585,-0.02716274,0.5827625,0.2969747,0.18263514,0.063229,0.24536794,-0.26605093,0.18999797,-0.099845774,0.004469639,1.4181565,1.0344684,-0.1646497,-0.7659368,0.5333344,1,4
190,0.7848616,-0.10164041,0.9221387,0.037926376,0.056641154,-0.26771373,0.9003453,0.5386827,-0.80877817,0.20072208,0.2980009,0.081707984,1.1022998,0.6624571,1.6062536,0.14235616,0.22305124,0.33573723,1.5674436,2.1682823,0.787762,0.11195854,0.18366706,0.16579874,-0.86853313,0.48255473,0.30971074,0.08650649,0.12065704,0.1403755,0.86631316,-0.5781894,-0.57240045,0.47612977,-0.019335825,-0.7758184,0.5321758,0.54008883,-0.44940555,-0.37526056,0.42586783,-0.4482317,-0.8428579,0.3005788,-0.00016279316,0.5743533,-0.5720253,0.44482967,-0.65155065,1.0649711,0.7840459,-0.6256089,-0.9641753,0.25817192,0.0019810381,0.8177439,0.7564485,0.5898138,-0.49259353,1.0655158,0.48271683,-0.6437714,-1.4218066,1.847921,-0.034002673,0.7706508,0.68783283,1.8345263,-0.14688987,0.75134957,0.55570906,-0.648798,0.78707963,0.17932461,0.0015913217,-0.025969457,0.5831711,0.29678068,0.18276025,0.063443296,0.24575493,-0.26647416,0.19020791,-0.10011006,0.004087637,1.4181976,1.0343155,-0.16472512,-0.7658823,0.5326911,1,4
191,0.7848055,-0.10114369,0.92206395,0.03863549,0.05660631,-0.26771373,0.9002942,0.5387776,-0.80875146,0.20063314,0.2982137,0.08165083,1.1040884,0.66253936,1.6057749,0.1461783,0.22258236,0.33494997,1.5675285,2.1681852,0.7877214,0.10793584,0.18426108,0.16665517,-0.8684892,0.48255473,0.30978265,0.08650649,0.12065704,0.1403755,0.86614984,-0.5783529,-0.57240117,0.47616774,-0.010667579,-0.78372496,0.5321409,0.5397664,-0.44932157,-0.37572297,0.42595977,-0.44820604,-0.8428081,0.30055413,0.004008403,0.5739291,-0.5724331,0.44490218,-0.6510531,1.0651994,0.784365,-0.6252434,-0.9654223,0.2582698,0.005860157,0.8175637,0.75637555,0.58984196,-0.49203405,1.0656878,0.48236004,-0.64319944,-1.421958,1.8479023,-0.022743512,0.77062976,0.6879003,1.8344642,-0.14687161,0.7517995,0.5557167,-0.648798,0.7870452,0.17931168,-0.0020551193,-0.024776194,0.58357203,0.29659006,0.18288316,0.06365384,0.24577597,-0.26652116,0.18972479,-0.100057736,0.003985539,1.4181918,1.0352278,-0.16483074,-0.76581126,0.5320631,1,4
192,0.7847661,-0.10130932,0.92206395,0.03863549,0.05660631,-0.26771373,0.9001407,0.538838,-0.80875146,0.20063314,0.2982137,0.08126981,1.1053405,0.6625968,1.6054397,0.14885378,0.22225417,0.33443338,1.567588,2.1681302,0.7877214,0.105119966,0.18467689,0.16725466,-0.86783075,0.48248145,0.30992648,0.08637672,0.12220447,0.1403755,0.86607116,-0.5783529,-0.5723869,0.47615254,-0.0035335836,-0.7916315,0.53210616,0.5394461,-0.44923818,-0.37618136,0.4260072,-0.44815162,-0.84269035,0.30054274,0.0039784117,0.5734937,-0.57283384,0.44497448,-0.650542,1.0654109,0.78458863,-0.62499076,-0.9662951,0.25833833,0.007866226,0.8173821,0.75629914,0.589875,-0.49147886,1.0658532,0.48216903,-0.6427991,-1.422052,1.8478887,-0.010933999,0.77061105,0.6879739,1.8343991,-0.14685626,0.75225055,0.5555332,-0.64860344,0.78653526,0.17927566,-0.007986903,-0.023582911,0.5839749,0.2963983,0.18302728,0.06388765,0.24580942,-0.26651365,0.18937217,-0.09999466,0.0038582794,1.4181851,1.03567,-0.16491908,-0.7657423,0.5314366,1,4
193,0.7847661,-0.101764634,0.92206395,0.03863549,0.05660631,-0.26771373,0.89971876,0.538838,-0.80875146,0.20063314,0.2982137,0.080221996,1.1053405,0.6625968,1.6054397,0.14885378,0.22225417,0.33443338,1.567588,2.1681302,0.7877214,0.105119966,0.18467689,0.16725466,-0.86601985,0.48227993,0.3103219,0.08601984,0.12645985,0.1403755,0.86607844,-0.5783529,-0.57238394,0.47611073,-0.00030196065,-0.7995382,0.53207165,0.53912914,-0.44915575,-0.37663442,0.4259641,-0.44800186,-0.84239054,0.30054274,-0.0035598727,0.57303876,-0.5732219,0.44504574,-0.6500057,1.0655944,0.78458863,-0.62499076,-0.9662951,0.25833833,0.00051041384,0.8172005,0.75622344,0.5899078,-0.49093077,1.0660164,0.48216903,-0.6427991,-1.422052,1.8478887,-0.003906164,0.77059233,0.6880463,1.834335,-0.14684115,0.7526956,0.5550282,-0.64806825,0.78513306,0.17917646,-0.020611571,-0.022389628,0.58438164,0.29620317,0.18320894,0.06416279,0.24592875,-0.26647615,0.18936926,-0.09996819,0.0036379977,1.4181851,1.0351034,-0.1649719,-0.7656797,0.5308102,1,4
194,0.7846398,-0.10818125,0.9219415,0.034708064,0.05618812,-0.27012673,0.8994119,0.53860503,-0.80754995,0.20103338,0.30076745,0.07934564,1.1053405,0.66247356,1.6054397,0.14885378,0.2178234,0.33428577,1.567588,2.1679654,0.7877214,0.10281605,0.18467689,0.16725466,-0.8656906,0.4822433,0.3103938,0.08595495,0.12723354,0.1403755,0.8658542,-0.57744503,-0.57232666,0.47550878,-0.0052502584,-0.80747527,0.5320208,0.5387468,-0.44908038,-0.3771236,0.42559665,-0.44722146,-0.84221905,0.30026886,-0.022103578,0.57256377,-0.57359475,0.44511446,-0.649425,1.0657798,0.78421146,-0.6265599,-0.9663155,0.2582973,-0.008725696,0.81701607,0.75615567,0.58994406,-0.49046683,1.0661125,0.48152494,-0.64256555,-1.4221823,1.8478485,-0.017718839,0.7705736,0.6881583,1.8342541,-0.14683165,0.7531297,0.55493623,-0.647971,0.78487813,0.17915834,-0.012577551,-0.021196365,0.58478063,0.29601118,0.18338765,0.064433604,0.24593967,-0.26608327,0.18930484,-0.09961924,0.0034556678,1.4182601,1.0350157,-0.16494015,-0.76562047,0.5301837,1,4
195,0.78452724,-0.11381131,0.9218326,0.03121712,0.05581641,-0.27227157,0.8992073,0.53839785,-0.80648184,0.20152256,0.30346298,0.078736015,1.1051679,0.6623146,1.6055545,0.14974563,0.21226732,0.33415458,1.5676135,2.1678185,0.7879646,0.100219585,0.18289481,0.1673189,-0.8656906,0.48220208,0.3103938,0.08595495,0.12674996,0.1403755,0.86565405,-0.57663804,-0.57227623,0.4749805,-0.008373621,-0.81541926,0.5319666,0.53835213,-0.44900697,-0.37761816,0.42527694,-0.44642407,-0.8421151,0.3000256,-0.031020844,0.57208425,-0.57396936,0.44518292,-0.6488339,1.0659695,0.7837575,-0.62841606,-0.9662182,0.2582275,-0.01559615,0.81683105,0.7560823,0.58999395,-0.49005023,1.0661705,0.4810352,-0.6429608,-1.4223051,1.8477839,-0.024156945,0.7705566,0.6882822,1.8341671,-0.14685977,0.7535372,0.5548343,-0.64802384,0.7848804,0.17915252,-0.005939991,-0.020003082,0.58517647,0.29582125,0.18355665,0.064695224,0.24593012,-0.2657401,0.18929285,-0.09933932,0.003326202,1.4183025,1.0349443,-0.16487281,-0.76556194,0.52955836,1,4
196,0.78452724,-0.11381131,0.9218326,0.03121712,0.05581641,-0.27227157,0.8992073,0.53839785,-0.80648184,0.20201172,0.3050236,0.078736015,1.1045356,0.66213375,1.6059761,0.15301569,0.20633622,0.33415458,1.5677067,2.1678185,0.7888566,0.09820824,0.1763607,0.16755442,-0.8656906,0.4820509,0.3103938,0.08595495,0.12497688,0.1403755,0.86565405,-0.57663804,-0.57227623,0.4749805,-0.0017836443,-0.8233632,0.53191316,0.5379634,-0.44893476,-0.3781056,0.42527694,-0.44595528,-0.8421151,0.3000256,-0.0077472553,0.5716047,-0.5743529,0.44525266,-0.648241,1.0661695,0.7833235,-0.63010794,-0.96579474,0.2581052,-0.015044238,0.816646,0.7559902,0.59007865,-0.48970976,1.0661669,0.48133928,-0.6451713,-1.4223307,1.8476776,0.0014188188,0.7705442,0.6884136,1.8340738,-0.14698508,0.75388026,0.5544615,-0.6482177,0.7848886,0.17913117,-0.015267496,-0.01880982,0.58556646,0.29563427,0.18370137,0.0649349,0.24593012,-0.2657401,0.1894572,-0.09943473,0.0033150874,1.4182141,1.0346329,-0.16476083,-0.76550335,0.52893615,1,4
197,0.78452724,-0.117123224,0.9218326,0.027289696,0.05581641,-0.2765613,0.89890033,0.53825974,-0.80648184,0.20214513,0.30544922,0.078736015,1.1043631,0.66208446,1.605095,0.1539075,0.20471868,0.33448258,1.5688189,2.1678395,0.7890998,0.09765971,0.17457873,0.16761865,-0.86735886,0.4820097,0.3092434,0.087252714,0.1234617,0.13859431,0.8657068,-0.5754194,-0.57225466,0.47467634,0.0012732042,-0.8313616,0.5318503,0.5375341,-0.44886062,-0.37864015,0.42510143,-0.4458274,-0.841917,0.30005148,-0.010692067,0.5711252,-0.57473296,0.4453219,-0.6476535,1.0663623,0.7826413,-0.63060445,-0.96570975,0.25821856,-0.020078959,0.8164672,0.7558955,0.5901659,-0.48938447,1.0661839,0.48193675,-0.6457741,-1.4232483,1.8476536,0.015248058,0.77053165,0.68854195,1.8339815,-0.14711602,0.7542239,0.55426764,-0.6500624,0.7861952,0.17933151,-0.013330874,-0.017681932,0.58591163,0.29547307,0.1839106,0.06504457,0.24598876,-0.26545486,0.18946889,-0.09915374,0.00277251,1.4181839,1.0350978,-0.16476852,-0.76545215,0.5283475,1,4
198,0.7845384,-0.12084887,0.92188704,0.020362198,0.05581641,-0.2826384,0.8982482,0.5381044,-0.80648184,0.2025009,0.30459794,0.078964636,1.1042482,0.66208446,1.6039746,0.1539075,0.20434359,0.3348516,1.5700413,2.1678631,0.7890998,0.09765971,0.17368768,0.16761865,-0.8692355,0.4820097,0.30794916,0.08871266,0.12230116,0.13659054,0.8658178,-0.5734002,-0.57222235,0.47433984,0.0036158182,-0.8393961,0.5317801,0.53706354,-0.4487839,-0.37921196,0.4248729,-0.44593322,-0.8414759,0.30008042,-0.02047396,0.5706525,-0.5751264,0.44539467,-0.64708287,1.0665448,0.78198504,-0.630777,-0.9656639,0.25838366,-0.023416575,0.8162908,0.75580037,0.59025425,-0.48907194,1.0662032,0.48251513,-0.6461018,-1.4242728,1.8476592,0.019948497,0.7705192,0.68866545,1.8338909,-0.1472651,0.7545542,0.5541638,-0.65207815,0.7876626,0.17956334,-0.007714687,-0.016578559,0.58623815,0.29532206,0.18414319,0.065105304,0.24613552,-0.26513904,0.18945482,-0.0988119,0.0020052106,1.4181772,1.0356568,-0.16481154,-0.76540154,0.52777153,1,4
199,0.7846004,-0.12084887,0.9221864,0.00656199,0.05581641,-0.28951982,0.8965603,0.5381044,-0.80648184,0.20445755,0.29991618,0.080221996,1.1036158,0.66208446,1.6039746,0.1539075,0.20228061,0.3348516,1.5700413,2.1678631,0.7890998,0.09765971,0.16878714,0.16761865,-0.8692355,0.4820097,0.30794916,0.08871266,0.12230116,0.13659054,0.866103,-0.5698346,-0.57217824,0.47437066,0.008706102,-0.8475022,0.5316925,0.53647536,-0.44869873,-0.37987173,0.42470127,-0.44651523,-0.8402762,0.30008042,-0.016781885,0.57020986,-0.5755909,0.44548425,-0.64657897,1.0666922,0.78186554,-0.63150936,-0.9652232,0.25838366,-0.009691289,0.8161144,0.7557089,0.5903432,-0.48879105,1.0661987,0.48251513,-0.64790374,-1.4242728,1.8476592,0.0033921457,0.77050674,0.68877304,1.833806,-0.14748646,0.75482416,0.5541638,-0.65207815,0.7876626,0.17956334,-0.0045477054,-0.015475188,0.5865589,0.29517356,0.18437205,0.06516523,0.24657984,-0.2651665,0.18958235,-0.098831445,0.0011236932,1.4181772,1.0353295,-0.16481154,-0.765341,0.5271955,1,4
200,0.7846228,-0.11911027,0.9227715,0.0015436447,0.05581641,-0.2920221,0.89594656,0.5381649,-0.80648184,0.20516908,0.2982137,0.081346005,1.1026256,0.66210365,1.602768,0.15539385,0.20087402,0.3350238,1.5708138,2.1678815,0.7865458,0.09561181,0.16471818,0.16634472,-0.8710793,0.48233026,0.30719414,0.08871266,0.118464895,0.1354571,0.86642957,-0.56853807,-0.5720709,0.4745904,0.011542809,-0.8556082,0.5316081,0.53590286,-0.44861326,-0.38051945,0.42470205,-0.44681886,-0.8398312,0.30006903,-0.0063184616,0.5697867,-0.57605624,0.44557232,-0.64610994,1.0668586,0.78105515,-0.6318247,-0.9645668,0.2585679,-0.019174863,0.8159413,0.75559884,0.5904557,-0.4885225,1.0661911,0.48213005,-0.6490707,-1.4250723,1.8479685,-0.011646551,0.7704605,0.68890446,1.8337183,-0.14771345,0.7549889,0.55492014,-0.6533327,0.7890847,0.17974363,0.015511236,-0.014413447,0.5868739,0.29503208,0.18459064,0.06509531,0.24665083,-0.26536876,0.1897312,-0.098826736,0.00045081213,1.4184388,1.0354164,-0.16490139,-0.7652778,0.5266181,1,4
201,0.7846228,-0.11662633,0.92345196,0.0014890846,0.05581641,-0.2923796,0.8958315,0.53825116,-0.80648184,0.20516908,0.29736248,0.08229857,1.1015396,0.6621365,1.6010443,0.15751727,0.19993629,0.3352698,1.5719175,2.167934,0.78289706,0.092686206,0.16145113,0.16452481,-0.8739109,0.48278832,0.30606177,0.08906953,0.11256538,0.13372654,0.8667475,-0.568495,-0.5719403,0.4748883,0.012189928,-0.86371887,0.5315254,0.53534096,-0.44852793,-0.38116178,0.4247805,-0.44712505,-0.8397369,0.3000529,0.005617591,0.56937486,-0.5765207,0.44566038,-0.64566743,1.0670241,0.77997565,-0.6318949,-0.96385705,0.25883296,-0.037207153,0.8157701,0.75547856,0.59058166,-0.48826152,1.0661815,0.48168233,-0.6498018,-1.4261937,1.8484164,-0.020845937,0.770395,0.6890491,1.8336294,-0.14794303,0.7550933,0.55600023,-0.6553351,0.7912703,0.18001083,0.03981418,-0.0133795375,0.5871741,0.29490033,0.18480185,0.06493813,0.24655478,-0.26564336,0.18987791,-0.09880853,-0.00010363401,1.4188179,1.0357723,-0.16502647,-0.76521325,0.5260421,1,4
202,0.7846228,-0.11662633,0.92345196,0.0008890927,0.05581641,-0.29631186,0.8945656,0.53825116,-0.80648184,0.20516908,0.28799886,0.08229857,1.1015396,0.6621968,1.6010443,0.15751727,0.19993629,0.3352698,1.5719175,2.1682222,0.78289706,0.092686206,0.16145113,0.16452481,-0.876084,0.48278832,0.30546853,0.092995204,0.10795539,0.132502,0.8667475,-0.56802046,-0.5719403,0.4748883,0.0038186887,-0.8718748,0.53143984,0.5347969,-0.44844562,-0.38181877,0.42465243,-0.44904852,-0.83883697,0.3000529,-0.006414978,0.568963,-0.5769771,0.4457543,-0.64529175,1.0670705,0.7801599,-0.6318949,-0.9638471,0.25885305,-0.008100572,0.81559885,0.7553599,0.5907057,-0.48800534,1.0661725,0.48280776,-0.6498018,-1.4259655,1.8484867,0.019677004,0.7703295,0.6891885,1.8335432,-0.14816643,0.7551946,0.55599755,-0.65764654,0.7929664,0.18011715,0.010028147,-0.012386526,0.5873595,0.29482582,0.18499807,0.06465012,0.24692215,-0.26564336,0.18988177,-0.098792806,-0.0006661229,1.4188763,1.0364504,-0.16499008,-0.76514864,0.5254871,1,4
203,0.7844205,-0.11389412,0.9243908,0.0006163485,0.056095198,-0.2997079,0.8936832,0.53856176,-0.8056809,0.20570272,0.27948648,0.08344164,1.1010414,0.6622242,1.6007569,0.15751727,0.19993629,0.335073,1.5719175,2.1683528,0.78216726,0.092686206,0.16145113,0.16368979,-0.87707174,0.4829807,0.30519888,0.09477962,0.10585993,0.13194539,0.8667807,-0.56757057,-0.5716882,0.47523496,0.00080466975,-0.8800512,0.531364,0.534282,-0.4483536,-0.3824746,0.4248261,-0.4507659,-0.8381737,0.29978353,0.0040991553,0.5685846,-0.57744783,0.445852,-0.64500034,1.0670978,0.779987,-0.6318744,-0.96350396,0.25890452,-0.0023371023,0.8154239,0.75524265,0.5908288,-0.4877424,1.0661494,0.48310035,-0.64971554,-1.4259061,1.8486055,0.018614039,0.7702418,0.6893318,1.8334619,-0.14835927,0.7552474,0.55647117,-0.65869725,0.79372627,0.18019241,0.008405412,-0.011393496,0.5875417,0.29475272,0.18519218,0.064365394,0.24693313,-0.26609516,0.18976635,-0.098972075,-0.0011277425,1.4190818,1.0365025,-0.16500191,-0.7650686,0.52491724,1,4
204,0.78404945,-0.10888501,0.92611223,0.0006163485,0.05660631,-0.30265704,0.89312065,0.53913146,-0.8042123,0.20668107,0.27168348,0.085537255,1.1001279,0.6622242,1.6002303,0.15751727,0.19993629,0.33471218,1.5719175,2.1683528,0.7808295,0.092686206,0.16145113,0.16215894,-0.87707174,0.48333338,0.30519888,0.09477962,0.10585993,0.13194539,0.8668412,-0.567141,-0.5712259,0.47587052,0.0022550276,-0.8882445,0.5312965,0.53379136,-0.44825348,-0.38312942,0.42525136,-0.4523116,-0.8377076,0.29928944,0.03340231,0.56823426,-0.5779302,0.4459528,-0.644779,1.0671091,0.7795177,-0.6318368,-0.96288306,0.25898218,-0.016026333,0.81524575,0.75512654,0.59095114,-0.4874738,1.0661147,0.48270077,-0.64955753,-1.4259871,1.8487651,-0.017104037,0.77013576,0.6894778,1.8333843,-0.14852656,0.7552597,0.55734205,-0.65869725,0.7937058,0.1802418,0.030252222,-0.010400465,0.5877213,0.2946805,0.18538454,0.064083405,0.24664712,-0.26692358,0.18955159,-0.099313825,-0.0015052484,1.41941,1.036033,-0.16505395,-0.7649758,0.52433497,1,4
205,0.78404945,-0.10706359,0.926262,0.0024163807,0.05660631,-0.30265704,0.89312065,0.53913146,-0.8036248,0.20668107,0.27168348,0.085537255,1.0976685,0.6624352,1.599177,0.1600866,0.20328864,0.33471218,1.5714506,2.168814,0.77993745,0.09349075,0.16177784,0.16215894,-0.87707174,0.48333338,0.30519888,0.09477962,0.10337762,0.13194539,0.86689126,-0.56752646,-0.5712054,0.47605276,0.002001567,-0.8964379,0.5312331,0.53334147,-0.44815725,-0.38375843,0.4252061,-0.4523116,-0.8377138,0.29913422,0.008487191,0.56788385,-0.5783929,0.44604978,-0.6445627,1.0671203,0.77910846,-0.63029695,-0.9611654,0.2592077,-0.014768697,0.8150676,0.7549762,0.5911061,-0.48712704,1.0661069,0.48404852,-0.6495455,-1.425278,1.8489835,0.023824131,0.7700297,0.6896004,1.8333184,-0.14867637,0.7552745,0.55734205,-0.65891355,0.7937058,0.1802418,0.008479783,-0.009407435,0.58789706,0.294611,0.18553144,0.06377232,0.24662353,-0.26716822,0.19019789,-0.09925324,-0.0011938716,1.4196529,1.0347571,-0.16528146,-0.7648829,0.5237526,1,4
206,0.7838388,-0.10606998,0.92634356,0.0033982368,0.05660631,-0.30265704,0.89312065,0.53913146,-0.80330443,0.20668107,0.27061942,0.085537255,1.0963271,0.6625503,1.5986025,0.16148804,0.20628937,0.3351222,1.5711958,2.1691701,0.7794511,0.09392958,0.16507459,0.1626942,-0.87657785,0.48342493,0.30519888,0.09510406,0.10202364,0.13300802,0.8664837,-0.5677368,-0.5711241,0.47615212,-0.009088008,-0.9046313,0.5311714,0.53289545,-0.44806054,-0.38438156,0.42518142,-0.4525253,-0.8377172,0.29904974,-0.0040137954,0.5675334,-0.57885194,0.44614676,-0.6443575,1.0671189,0.7788848,-0.62908375,-0.96022856,0.25933072,-0.010183951,0.81489736,0.75482374,0.5912595,-0.48677486,1.0661391,0.485193,-0.64846665,-1.4248083,1.849128,0.041385755,0.76993775,0.68972653,1.8332485,-0.14878419,0.7553621,0.55755204,-0.65828717,0.7933156,0.18025473,0.0018494419,-0.008375394,0.58805615,0.29454693,0.18563047,0.06352851,0.24653833,-0.26730168,0.19048116,-0.099220194,-0.0009881675,1.4198068,1.0339035,-0.16539867,-0.76479924,0.5231598,1,4
207,0.783375,-0.10606998,0.92634356,0.0033982368,0.05660631,-0.30265704,0.89312065,0.53913146,-0.80330443,0.20668107,0.2682785,0.085537255,1.0963271,0.6625503,1.5986025,0.16148804,0.20886816,0.33602425,1.5711958,2.1694007,0.7794511,0.09392958,0.17193541,0.1638718,-0.8754913,0.48362657,0.30519888,0.09581782,0.10202364,0.13534577,0.86552626,-0.5677368,-0.5709695,0.47615212,-0.033180848,-0.91282463,0.5311113,0.5324543,-0.44796324,-0.3849976,0.42518142,-0.45299542,-0.8377172,0.29904974,-0.0016179067,0.56718296,-0.57930744,0.44624346,-0.6441654,1.0671027,0.7788848,-0.6282624,-0.96022856,0.25933072,-0.001606693,0.8147365,0.7546688,0.5914109,-0.4864163,1.0662191,0.48609304,-0.6461078,-1.424626,1.849184,0.03090768,0.7698629,0.6898562,1.8331742,-0.14884171,0.75553715,0.5580133,-0.6566496,0.792457,0.18028298,0.013389516,-0.0072965575,0.5881941,0.2944892,0.18567209,0.06336543,0.24637903,-0.26730168,0.19032873,-0.099220194,-0.0009093319,1.4198533,1.0335565,-0.16538359,-0.7647266,0.5225544,1,4
208,0.78265846,-0.099032424,0.9284529,0.024126112,0.05556085,-0.28925166,0.8940158,0.5386999,-0.8043725,0.20668107,0.26806572,0.085156225,1.0963271,0.6625503,1.5978365,0.16148804,0.20910256,0.33610624,1.5709412,2.1694214,0.7794511,0.09392958,0.1725591,0.16397884,-0.87539256,0.48364484,0.30519888,0.09588271,0.1055698,0.1359631,0.86504906,-0.573703,-0.5703207,0.47701085,-0.02388847,-0.920848,0.5310843,0.53225917,-0.44789913,-0.3853789,0.42490312,-0.45299268,-0.838404,0.29941237,-0.016139625,0.5668214,-0.57977456,0.4463427,-0.64397115,1.0670891,0.7784522,-0.6281877,-0.96025157,0.25944373,-0.009891185,0.8145757,0.7545147,0.5915618,-0.4860646,1.0662984,0.48607317,-0.64589334,-1.4243923,1.8491889,0.008409519,0.769788,0.6899845,1.8331015,-0.14889641,0.75570756,0.5580555,-0.6558766,0.7923789,0.18028557,0.0039475732,-0.006202842,0.58832884,0.2944308,0.1857562,0.0632788,0.24543044,-0.26787707,0.18968044,-0.099675566,-0.00030352952,1.419714,1.0335419,-0.16549625,-0.76465756,0.5219413,1,4
209,0.7821863,-0.09410612,0.9299837,0.03929004,0.05482903,-0.27986792,0.8946423,0.53839785,-0.8051201,0.20668107,0.26948446,0.084889516,1.0967103,0.66260505,1.5966871,0.1611483,0.21519785,0.33709028,1.5706611,2.1693797,0.7804781,0.09700149,0.17469756,0.16453552,-0.87548035,0.48364484,0.30519888,0.09588271,0.10805209,0.13624646,0.8648048,-0.5780184,-0.5698648,0.47761747,-0.011431779,-0.9288543,0.5310618,0.53209865,-0.44783914,-0.38573042,0.42470825,-0.45267573,-0.8388849,0.29966605,-0.020561332,0.5664587,-0.58023816,0.44644046,-0.6437661,1.0670924,0.7780423,-0.62614244,-0.9605445,0.25963154,-0.014844353,0.81443363,0.7543518,0.59170467,-0.48564014,1.0665162,0.48610452,-0.6454704,-1.4241246,1.8490565,-0.0033167363,0.7697279,0.690067,1.8330455,-0.14892364,0.75594157,0.55805856,-0.65543973,0.7924473,0.18028557,-0.0033216893,-0.0051076617,0.5884616,0.29437262,0.18584447,0.06319997,0.24476446,-0.26828465,0.18911734,-0.09991302,0.00016560218,1.4195032,1.0337873,-0.16568565,-0.76461095,0.5213374,1,4
210,0.7821863,-0.09410612,0.93013346,0.04109013,0.05482903,-0.27986792,0.8946423,0.53839785,-0.8051201,0.20668107,0.27338597,0.084889516,1.0977644,0.6627558,1.5950019,0.16021399,0.23195973,0.3397964,1.5703808,2.1692646,0.7833024,0.10544914,0.18057825,0.16606638,-0.8757218,0.48364484,0.30519888,0.09588271,0.10805209,0.13624646,0.86488354,-0.57840127,-0.56983256,0.4776326,0.00072024943,-0.9368606,0.5310413,0.5319558,-0.4477808,-0.38607103,0.42470825,-0.45189157,-0.8388849,0.29966605,-0.0043479106,0.566096,-0.5806963,0.44653487,-0.64354277,1.0671247,0.7777493,-0.62051815,-0.96130586,0.25993037,-0.011017159,0.81432474,0.7541732,0.5918336,-0.48508725,1.0669764,0.4863872,-0.6443072,-1.4238061,1.8486915,0.0059109153,0.7696936,0.6900705,1.8330189,-0.14890328,0.7562879,0.5580666,-0.65543973,0.79263556,0.18028557,-0.0031171662,-0.0040124618,0.5885931,0.29431534,0.18593255,0.06312142,0.24473119,-0.26829818,0.18879019,-0.099689424,0.00030341782,1.4192,1.0344288,-0.1659871,-0.76460284,0.5207508,1,4
211,0.7820852,-0.09410612,0.9301605,0.04141738,0.05388811,-0.27986792,0.8946423,0.53808725,-0.8063216,0.20668107,0.27409533,0.08454659,1.0986458,0.6630298,1.5946954,0.16004413,0.23500726,0.3402884,1.57033,2.1689606,0.783816,0.10698503,0.18164743,0.16634472,-0.87586445,0.48343876,0.30358115,0.09442273,0.11675634,0.13843244,0.8646893,-0.57878375,-0.5697928,0.47763535,-0.0036085339,-0.9448669,0.53100437,0.53180367,-0.447747,-0.38639843,0.4244763,-0.45170704,-0.8389167,0.30004126,-0.013679058,0.56572324,-0.58116615,0.4466326,-0.64330834,1.0671468,0.7785804,-0.6194956,-0.9618849,0.26006657,0.013234212,0.8142158,0.75399613,0.591962,-0.48454797,1.0674329,0.4853336,-0.6440957,-1.4239717,1.8485565,-0.02369109,0.7696593,0.69007665,1.8329911,-0.14888541,0.7566294,0.5573593,-0.6524934,0.7927634,0.1805463,-0.020964907,-0.0028370265,0.588749,0.29423815,0.18607557,0.06329314,0.24467734,-0.26810253,0.18852639,-0.09958486,0.0002551614,1.418939,1.0349107,-0.16598564,-0.76459813,0.520123,1,4
212,0.7819699,-0.09298829,0.930773,0.04665402,0.052703258,-0.2787955,0.8944122,0.5377334,-0.80763006,0.20668107,0.27771318,0.08424178,1.0992591,0.663249,1.5943508,0.1597256,0.23500726,0.3402884,1.57033,2.1686857,0.783816,0.10698503,0.18164743,0.16634472,-0.87598515,0.4832555,0.30214307,0.09312499,0.12449333,0.1403755,0.86475754,-0.5803834,-0.56962955,0.47779927,-0.0016836463,-0.9528595,0.53096765,0.53171694,-0.44773054,-0.38667992,0.42418435,-0.45093247,-0.83879,0.30045304,-0.025045553,0.5653482,-0.5816405,0.44672856,-0.6430397,1.0672053,0.77917254,-0.61953676,-0.96228707,0.26019028,0.023921601,0.8141068,0.75382316,0.59208614,-0.48401543,1.0678865,0.4842594,-0.6440957,-1.424189,1.8484896,-0.045027833,0.76962495,0.69008327,1.8329633,-0.14886841,0.7569681,0.55673057,-0.64987457,0.79287225,0.18077812,-0.030929342,-0.0016437438,0.5889094,0.2941571,0.18623012,0.06351908,0.24456085,-0.26803148,0.1882094,-0.09959215,6.800022e-05,1.4187206,1.0352534,-0.16598696,-0.7645941,0.51948607,1,4
213,0.78187716,-0.08888998,0.9330181,0.0658545,0.05142547,-0.27486324,0.89356816,0.5374485,-0.8085112,0.20668107,0.29097828,0.08424178,1.0992591,0.663249,1.5930866,0.15855773,0.23500726,0.3402884,1.57033,2.1685991,0.783816,0.10698503,0.18164743,0.16634472,-0.87610596,0.4832555,0.30214307,0.09312499,0.12449333,0.1403755,0.86568815,-0.585229,-0.56914085,0.47840035,0.02668282,-0.96081597,0.5309412,0.53181005,-0.44774592,-0.38684684,0.42386976,-0.44822937,-0.8382213,0.30073902,-0.026703019,0.56497324,-0.5821157,0.44681814,-0.64268625,1.0673674,0.7784589,-0.6196875,-0.96232533,0.2603769,-0.01366271,0.81399786,0.75365996,0.59219944,-0.4834923,1.0683359,0.48392245,-0.6440957,-1.4242574,1.8484687,-0.021316124,0.7695907,0.6900908,1.8329358,-0.14885218,0.75730205,0.5567344,-0.64987457,0.79296637,0.18077812,-0.009175497,-0.00045048047,0.58906716,0.29407695,0.18638289,0.063741386,0.24428955,-0.26841712,0.18771297,-0.09982694,-0.00037934908,1.4185898,1.0353199,-0.16617522,-0.7645901,0.5188491,1,4
214,0.7818519,-0.08777232,0.9336305,0.071090855,0.051076993,-0.27379084,0.893338,0.53737086,-0.80875146,0.20703682,0.29686594,0.08439419,1.10115,0.66362166,1.5918994,0.154502,0.23313178,0.340354,1.5712807,2.1683452,0.7833834,0.11166604,0.18449871,0.16565956,-0.87605107,0.4829623,0.30099264,0.09312499,0.12449333,0.1403755,0.86594194,-0.5865504,-0.56900764,0.47856423,0.018227953,-0.96877235,0.5309155,0.5319021,-0.44776085,-0.38701138,0.42378387,-0.4469355,-0.8380662,0.30081707,-0.015034923,0.5646027,-0.5826017,0.44690773,-0.64232457,1.0675585,0.77928805,-0.6208725,-0.96361816,0.26067585,0.0083832,0.81389016,0.75353837,0.59226817,-0.48303306,1.0687754,0.4831798,-0.6433916,-1.4252956,1.8484584,-0.024322493,0.7695382,0.6900339,1.8329407,-0.14876026,0.7576454,0.55586463,-0.64987457,0.7929438,0.18094331,-0.025090434,0.0007428022,0.58921665,0.2940011,0.18653302,0.06396083,0.24421558,-0.26852226,0.18708006,-0.09969751,-0.0009425361,1.4185504,1.0362712,-0.16638885,-0.76458603,0.51819986,1,4
215,0.7818519,-0.08777232,0.9336305,0.071090855,0.051076993,-0.27379084,0.8929799,0.53737086,-0.8092321,0.20743705,0.2994196,0.08456565,1.1032772,0.66404086,1.5909513,0.1502977,0.23102191,0.3404278,1.5723505,2.1680648,0.78289706,0.11693204,0.18770632,0.16488878,-0.8759084,0.4825777,0.29969838,0.09312499,0.123784065,0.14086129,0.86594194,-0.5865504,-0.56900764,0.47856423,1.3567397e-05,-0.9767288,0.53089,0.5319934,-0.44777563,-0.38717437,0.4237851,-0.44630927,-0.83780646,0.30094406,-0.0013373197,0.56423384,-0.58309674,0.44699883,-0.64195675,1.0677545,0.78043896,-0.6221593,-0.96506095,0.26095492,0.039357062,0.81378293,0.75343287,0.5923197,-0.48259932,1.0692097,0.4823669,-0.6425996,-1.4264593,1.8484483,-0.033091027,0.7694789,0.68995404,1.832958,-0.14864056,0.75799114,0.55474734,-0.64954865,0.7928585,0.18112123,-0.047653545,0.001953913,0.589361,0.2939273,0.18664931,0.064196944,0.24432163,-0.2684552,0.18652028,-0.09947977,-0.0016368644,1.4184918,1.0373085,-0.16657554,-0.764582,0.51753694,1,4
216,0.7818519,-0.08777232,0.9336305,0.071090855,0.051076993,-0.27379084,0.89101076,0.53737086,-0.8118755,0.20743705,0.2994196,0.08456565,1.1032772,0.66404086,1.5909513,0.1502977,0.23102191,0.3404278,1.5723505,2.1679497,0.78289706,0.11693204,0.18770632,0.16488878,-0.875667,0.48227537,0.29969838,0.09312499,0.119883336,0.14353299,0.86594194,-0.5865504,-0.56900764,0.47856423,1.3567397e-05,-0.98468524,0.53086483,0.5320834,-0.44779003,-0.3873348,0.42379162,-0.44630927,-0.836378,0.30164227,-0.0009920177,0.563865,-0.5836142,0.4470971,-0.6415751,1.067924,0.78043896,-0.6221593,-0.96506095,0.26095492,0.009888865,0.8136757,0.7533293,0.5923703,-0.48217252,1.069637,0.48191613,-0.6425996,-1.4265506,1.8484203,-0.022705682,0.7694196,0.68987644,1.8329747,-0.14852366,0.7583317,0.5539929,-0.6477561,0.7926876,0.18107896,-0.036572207,0.00324524,0.5894938,0.29385555,0.18661784,0.064512916,0.2449047,-0.2680865,0.18652028,-0.09947977,-0.002725957,1.4181921,1.0372394,-0.16659805,-0.7645779,0.5168327,1,4
217,0.78181255,-0.09124969,0.9354879,0.06879989,0.051727496,-0.27629313,0.8891311,0.53761256,-0.81395817,0.20712575,0.30537826,0.08496572,1.1032772,0.66404086,1.5908171,0.14791949,0.22921678,0.340026,1.5723505,2.1677978,0.7826133,0.11693204,0.18708262,0.16361487,-0.87550235,0.48216543,0.30171168,0.09312499,0.11846487,0.14450452,0.86689806,-0.58562446,-0.5685722,0.47843322,0.022890158,-0.9926733,0.5308528,0.5321544,-0.44777745,-0.38752756,0.42401704,-0.44520617,-0.8349847,0.30214706,0.010725596,0.56350785,-0.58412987,0.44719023,-0.6411513,1.0681555,0.7803635,-0.623068,-0.965065,0.26097474,-0.0024103103,0.8135607,0.7532572,0.59238946,-0.4817757,1.0700159,0.48123842,-0.64272,-1.4266882,1.8484172,-0.024263404,0.7693266,0.6898103,1.832995,-0.14837766,0.7585866,0.55396837,-0.64710426,0.7925596,0.18070287,-0.014293924,0.004536587,0.58963746,0.2937788,0.1865863,0.06482541,0.2450249,-0.267703,0.18608958,-0.09938134,-0.0038091294,1.4179899,1.0371907,-0.16681835,-0.76456106,0.5161057,1,4
218,0.78175634,-0.096217394,0.93814147,0.065527074,0.0526568,-0.27986792,0.8874688,0.5379577,-0.8155603,0.20668107,0.31389064,0.0855563,1.1033474,0.6639943,1.5905777,0.14422476,0.2263333,0.33945197,1.5724438,2.1676195,0.78204566,0.11704175,0.18598372,0.16151664,-0.87539256,0.48215175,0.30458772,0.09312499,0.11820698,0.14450452,0.86826444,-0.58430153,-0.5679503,0.478246,0.05230331,-1.0006796,0.53084815,0.5322145,-0.44774947,-0.38773853,0.42433566,-0.44363248,-0.8337365,0.30250517,0.025598465,0.56315804,-0.5846428,0.44728035,-0.6407051,1.0684226,0.78009915,-0.62451047,-0.965129,0.2609946,-0.0077212476,0.81344146,0.7532067,0.592387,-0.48140344,1.0703636,0.48041025,-0.6429332,-1.4269434,1.8484415,-0.032340635,0.76920694,0.6897508,1.8330196,-0.14821047,0.75877416,0.55429137,-0.6471284,0.79246646,0.1801855,0.010034906,0.005827933,0.58978695,0.29369912,0.18655045,0.06513173,0.24489366,-0.26734656,0.18545173,-0.09924737,-0.0048367004,1.4178684,1.0372007,-0.16711394,-0.7645367,0.5153608,1,4
219,0.78175634,-0.096217394,0.93814147,0.065527074,0.0526568,-0.27986792,0.8874688,0.5379577,-0.8155603,0.20668107,0.31389064,0.08576586,1.1041204,0.6634819,1.5900512,0.14095472,0.22298089,0.33945197,1.5734711,2.1673892,0.7802619,0.11824856,0.18369678,0.15845491,-0.87539256,0.48200056,0.30458772,0.09312499,0.11537006,0.14450452,0.86826444,-0.58430153,-0.5679503,0.478246,0.016354145,-1.0086858,0.5308436,0.5322734,-0.4477219,-0.38794553,0.42433566,-0.44365555,-0.8337365,0.30250517,0.007036965,0.56281376,-0.5851477,0.4473689,-0.6402751,1.0686909,0.7783788,-0.6260986,-0.965769,0.26090243,-0.041261222,0.8133221,0.7531955,0.59234655,-0.48110443,1.070676,0.47938797,-0.64338624,-1.4281111,1.8485985,-0.03736548,0.7690135,0.68968725,1.833064,-0.14799716,0.75877875,0.5539182,-0.647394,0.79247516,0.18016437,-0.009115916,0.0071192794,0.5899345,0.29362214,0.1864716,0.06539612,0.24489366,-0.26734656,0.18520343,-0.09931924,-0.005341885,1.4179989,1.0376796,-0.16703227,-0.7645104,0.5145661,1,4
220,0.7817058,-0.09845289,0.93814147,0.058981445,0.0526568,-0.28844732,0.8867783,0.5379577,-0.8155603,0.20668107,0.31389064,0.085861124,1.1044717,0.663249,1.5898117,0.13946833,0.2214571,0.33945197,1.5739379,2.1672843,0.7794511,0.11879711,0.18265726,0.15706322,-0.8763145,0.48193184,0.30696046,0.09312499,0.110985726,0.14535461,0.8681958,-0.5821357,-0.5679191,0.47804216,-0.0016339225,-1.016801,0.53082263,0.53227264,-0.44769093,-0.38824445,0.424267,-0.44366604,-0.83324534,0.30250517,-0.0050366702,0.56246954,-0.5856463,0.44745672,-0.6398419,1.0689461,0.77759707,-0.6268205,-0.96605986,0.26086053,-0.036855064,0.81320274,0.7531842,0.5923063,-0.48080856,1.0709846,0.4789227,-0.6435921,-1.4286418,1.8486698,-0.026583262,0.76882005,0.6896246,1.8331077,-0.1477862,0.7587833,0.55407757,-0.6470449,0.79319113,0.17972961,-0.0045015235,0.00844183,0.59009165,0.29354018,0.1863115,0.06565913,0.24506189,-0.2671646,0.18505974,-0.099222854,-0.0059323837,1.4180583,1.0381849,-0.16722156,-0.7644841,0.51375544,1,4
221,0.78161305,-0.1025512,0.93814147,0.046981156,0.0526568,-0.3041763,0.8855124,0.5379577,-0.8155603,0.20668107,0.31389064,0.085861124,1.1044717,0.663249,1.5898117,0.13946833,0.2214571,0.33945197,1.5739379,2.1672843,0.7794511,0.11879711,0.18265726,0.15706322,-0.8780046,0.48193184,0.31131056,0.09312499,0.105311885,0.14691311,0.86806935,-0.57816494,-0.56786174,0.4776684,-0.004654328,-1.0250069,0.5307879,0.532222,-0.4476572,-0.38861987,0.42414108,-0.44366604,-0.8323449,0.30250517,-0.011703722,0.56212527,-0.5861395,0.44754425,-0.639406,1.0691904,0.77759707,-0.6268205,-0.96605986,0.26086053,-0.00082696596,0.8130834,0.75317323,0.5922663,-0.4805153,1.0712901,0.4789227,-0.6435921,-1.4286418,1.8486698,-0.0026284144,0.7686267,0.68956244,1.8331511,-0.14757717,0.7587879,0.55468106,-0.64618355,0.79449654,0.17895024,0.019917324,0.0097903805,0.5902578,0.29345438,0.18608367,0.06592098,0.24537037,-0.26683083,0.18500328,-0.09898629,-0.006593927,1.4180583,1.0387124,-0.16763665,-0.76445794,0.51293135,1,4
222,0.78161305,-0.106194206,0.9386654,0.031380743,0.05291236,-0.32776976,0.8852311,0.53814757,-0.81467915,0.20668107,0.30998912,0.08690893,1.1042609,0.66291744,1.5898117,0.13946833,0.21423659,0.33873034,1.5739379,2.167169,0.7794511,0.11879711,0.18200384,0.1548258,-0.8780046,0.48213333,0.31131056,0.09312499,0.105311885,0.14691311,0.8684041,-0.5726227,-0.5677256,0.47738904,0.0063782493,-1.0335121,0.5307181,0.5320555,-0.44760993,-0.38923085,0.42424327,-0.44459313,-0.83212733,0.302237,0.0003713452,0.56181175,-0.5866183,0.44763002,-0.63905346,1.0694128,0.77654165,-0.6293731,-0.965968,0.26075047,-0.022939641,0.8129503,0.7531768,0.5922314,-0.4803343,1.071454,0.47847342,-0.6432944,-1.4287333,1.8486419,-0.0131528005,0.76837397,0.6895232,1.8331999,-0.1473098,0.7586548,0.55517876,-0.64618355,0.79448485,0.17897849,0.017270915,0.011138931,0.5904195,0.29337063,0.18586026,0.06617755,0.245319,-0.26672307,0.18490478,-0.09889532,-0.0067934035,1.4181411,1.0386394,-0.16751055,-0.7644054,0.5120673,1,4
223,0.78161305,-0.10818125,0.93895113,0.022871455,0.053051747,-0.34063888,0.88507766,0.53825116,-0.81419855,0.20668107,0.30786106,0.08776623,1.1034751,0.662627,1.5907694,0.1395745,0.2078366,0.33776268,1.5746171,2.1671062,0.7803294,0.11824856,0.18135044,0.15285602,-0.87855345,0.4822433,0.31131056,0.09312499,0.10273286,0.14691311,0.86858696,-0.5695996,-0.5676514,0.4772367,0.008754096,-1.0420172,0.5306489,0.5318907,-0.44756302,-0.38983625,0.4242989,-0.44512662,-0.8320086,0.30209056,0.0044995323,0.56150657,-0.5870954,0.44771478,-0.6387163,1.0696422,0.77604294,-0.6315889,-0.9654389,0.26051262,-0.023333564,0.81280607,0.7531878,0.5921961,-0.48017645,1.0715468,0.47876224,-0.6429769,-1.4293091,1.8485217,-0.001600012,0.7681014,0.6895038,1.8332444,-0.1470307,0.7584774,0.55546844,-0.6463628,0.79490626,0.17899401,0.010632629,0.01248748,0.5905792,0.2932889,0.18559846,0.06639271,0.245291,-0.26666427,0.18503688,-0.09898451,-0.007129802,1.418099,1.0384167,-0.16726238,-0.76433736,0.51118994,1,4
224,0.78161305,-0.10818125,0.93895113,0.022871455,0.053051747,-0.34063888,0.88507766,0.53825116,-0.81419855,0.20668107,0.30786106,0.088394925,1.1019995,0.6623859,1.5928762,0.13980807,0.20242123,0.33649984,1.5761112,2.1671062,0.7822619,0.11704175,0.18069702,0.1512074,-0.8797606,0.4822433,0.31131056,0.09312499,0.09705901,0.14691311,0.86858696,-0.5695996,-0.5676514,0.4772367,0.0007419245,-1.0505223,0.5305802,0.53172797,-0.44751638,-0.39043513,0.4242989,-0.44518775,-0.8320086,0.30209056,-0.00090848247,0.56121147,-0.5875715,0.44779852,-0.63839763,1.0698801,0.7762125,-0.6334003,-0.9643853,0.26012132,0.0023348741,0.8126487,0.75320774,0.5921601,-0.48004624,1.071554,0.47993731,-0.64263546,-1.4304664,1.8482909,0.036445238,0.76780504,0.6895082,1.833284,-0.14673765,0.7582466,0.5555087,-0.6467573,0.7958477,0.17899401,-0.0007958883,0.013836031,0.5907383,0.29320988,0.18529058,0.0665582,0.245291,-0.26666427,0.18544567,-0.09928984,-0.007630518,1.4179071,1.0380144,-0.16686766,-0.7642505,0.5102965,1,4
225,0.78152865,-0.10818125,0.93895113,0.011962029,0.053051747,-0.35672534,0.88507766,0.53825116,-0.81419855,0.20668107,0.2979299,0.08845207,1.1018654,0.66236395,1.5946954,0.13982931,0.20192896,0.33638504,1.5764169,2.167054,0.78243756,0.11693204,0.18063761,0.15105754,-0.8811874,0.48238078,0.31149036,0.092476115,0.0923523,0.14782393,0.8684132,-0.5658124,-0.5676231,0.4772367,-0.004140383,-1.0592316,0.5304851,0.5314905,-0.44746673,-0.391186,0.4242989,-0.44725332,-0.8320086,0.30209056,-0.0014001053,0.56091636,-0.5880404,0.44788912,-0.63816845,1.0699981,0.77714646,-0.633565,-0.96423995,0.25984538,0.02067462,0.8124913,0.7532309,0.5921202,-0.4799181,1.0715599,0.4799075,-0.6426045,-1.4307581,1.8482571,0.011685006,0.7675087,0.6895122,1.8333226,-0.1464514,0.7580213,0.555919,-0.6460957,0.7969515,0.17898129,0.007411022,0.01521804,0.59091026,0.29312456,0.18488693,0.066708006,0.2452619,-0.26666427,0.18547417,-0.09950509,-0.0077567166,1.417879,1.0383525,-0.16659613,-0.7641638,0.5093859,1,4
226,0.7814697,-0.10784999,0.93908715,0.004325533,0.053051747,-0.37120312,0.88579375,0.53838927,-0.8136645,0.20721473,0.2875732,0.08944274,1.101431,0.66236395,1.5958731,0.13982931,0.20192896,0.33638504,1.5765357,2.167122,0.78243756,0.11693204,0.18063761,0.15084343,-0.8821093,0.4824769,0.31161615,0.09202191,0.08941869,0.1484615,0.8683586,-0.5628615,-0.5675762,0.47728053,-0.0037889385,-1.0680021,0.5303855,0.5312625,-0.4474182,-0.39196652,0.42447305,-0.4493097,-0.8325039,0.30192372,0.007822312,0.5606504,-0.58853096,0.4479843,-0.638028,1.0701054,0.7777293,-0.633565,-0.9639011,0.2596715,0.022926511,0.81233394,0.7532543,0.59208006,-0.47978768,1.0715632,0.48022076,-0.64253473,-1.4308054,1.8482738,0.0027859996,0.7672066,0.6895175,1.833362,-0.14615986,0.7577855,0.5562037,-0.6456075,0.7976642,0.17897223,0.009817323,0.016603384,0.59108216,0.29303896,0.18447675,0.066855095,0.24501131,-0.2667916,0.18555938,-0.09966846,-0.007413225,1.4179587,1.0383888,-0.16642547,-0.7640674,0.5084697,1,4
227,0.7814697,-0.106939375,0.93946147,0.004325533,0.053051747,-0.3800507,0.88776296,0.53876895,-0.8121959,0.20868222,0.27820957,0.09216705,1.1002365,0.66236395,1.5959787,0.13982931,0.20192896,0.33638504,1.5765357,2.1674101,0.78243756,0.11693204,0.18063761,0.15025464,-0.8821093,0.4824769,0.31161615,0.09202191,0.08941869,0.1484615,0.8685424,-0.5620371,-0.56750166,0.47740123,0.005173711,-1.0768439,0.53028286,0.53106403,-0.44737244,-0.39277238,0.42495197,-0.4509993,-0.8338662,0.30146497,0.03318367,0.5604352,-0.5890592,0.4480861,-0.63802737,1.0702144,0.77756435,-0.633565,-0.9630648,0.25965595,-0.0016923902,0.8121766,0.7532777,0.59204036,-0.47965306,1.0715626,0.48134464,-0.642343,-1.4305764,1.8483437,0.03263404,0.76689464,0.68952495,1.8334028,-0.14585796,0.75753045,0.5562037,-0.6456075,0.7976642,0.17897223,-0.0013632863,0.017988728,0.5912528,0.29295474,0.18407178,0.06700015,0.24437846,-0.26714152,0.18581034,-0.09975702,-0.006313297,1.4181986,1.0377675,-0.16640979,-0.76395434,0.50754684,1,4
228,0.781672,-0.10677374,0.9386721,0.0053073894,0.053051747,-0.38165927,0.88835114,0.538838,-0.811208,0.20894903,0.27650714,0.09266236,1.0996169,0.66246253,1.5984111,0.14002042,0.20256193,0.33638504,1.5770705,2.1674623,0.7819512,0.117590316,0.18197414,0.14966585,-0.8821093,0.4824769,0.31161615,0.09202191,0.08941869,0.1484615,0.86853826,-0.562093,-0.5677402,0.47733682,0.0023215588,-1.0856858,0.5301793,0.5308794,-0.44733307,-0.39356226,0.42500624,-0.4513065,-0.834285,0.30119136,0.015305731,0.56022006,-0.58956766,0.44818383,-0.63802993,1.070325,0.77912384,-0.6333148,-0.96254283,0.25932992,0.029949581,0.81201917,0.7533029,0.5919968,-0.47950512,1.0715662,0.48161817,-0.6417097,-1.4310205,1.8484147,0.018129684,0.7665699,0.68952715,1.8334485,-0.14552246,0.7572747,0.5562037,-0.6456075,0.7976642,0.17897223,-0.0033960624,0.01937407,0.59142023,0.29287145,0.18367347,0.06714264,0.24445337,-0.2672285,0.18624805,-0.09997059,-0.0061977105,1.418366,1.0373799,-0.16608092,-0.7638413,0.50661534,1,4
229,0.7818519,-0.10677374,0.93791014,0.0061801253,0.053051747,-0.38165927,0.8885557,0.538838,-0.81056714,0.20894903,0.2758687,0.09266236,1.0992591,0.6625667,1.600556,0.14076363,0.20312455,0.33638504,1.5775459,2.167486,0.78151864,0.118175425,0.18334036,0.14923765,-0.88194466,0.4825318,0.31167,0.09182725,0.08951541,0.14885621,0.86850554,-0.56227607,-0.5679644,0.47726005,-0.0013663758,-1.0945277,0.53007597,0.53069896,-0.44729528,-0.3943444,0.4249771,-0.45143536,-0.8344372,0.30102214,-0.0041045784,0.5600049,-0.59006894,0.4482808,-0.6380386,1.0704281,0.7805865,-0.63302314,-0.9622113,0.2590481,0.0520107,0.8118618,0.75332177,0.59196055,-0.479354,1.0715696,0.48177174,-0.64111286,-1.4314336,1.848472,0.0020333405,0.7662423,0.6895285,1.833495,-0.14517789,0.75702256,0.5563405,-0.64521086,0.7975325,0.17897029,2.5141702e-05,0.02077389,0.5915909,0.2927861,0.18326302,0.06730892,0.24462216,-0.26724932,0.18659759,-0.10014186,-0.0062646214,1.4184806,1.0370804,-0.16579764,-0.76372826,0.5056745,1,4
230,0.7818519,-0.10677374,0.93791014,0.0061801253,0.053051747,-0.38165927,0.8885557,0.538838,-0.81056714,0.20894903,0.2735278,0.09266236,1.0992591,0.662627,1.600556,0.14286579,0.20312455,0.33638504,1.5775459,2.1675725,0.78151864,0.118175425,0.18399377,0.14923765,-0.88134104,0.48273343,0.31186786,0.091113485,0.08987002,0.1503034,0.86850554,-0.56227607,-0.5679644,0.47726005,-0.00028212767,-1.1033696,0.5299741,0.53052163,-0.44725773,-0.39511517,0.4249771,-0.45190787,-0.8344372,0.30102214,-0.0019796214,0.5597897,-0.59056216,0.44837752,-0.6380617,1.07051,0.7807714,-0.632769,-0.9622015,0.25906813,0.015186401,0.8117044,0.7533232,0.5919456,-0.47920188,1.0715698,0.48210865,-0.6408751,-1.4313648,1.848493,0.007972846,0.76591474,0.68953115,1.8335407,-0.1448289,0.75678056,0.55684245,-0.6437566,0.79704934,0.1789634,0.012569239,0.02221235,0.5917711,0.29269397,0.18281633,0.06754014,0.24462216,-0.26724932,0.18660145,-0.10012623,-0.006234852,1.418498,1.0368779,-0.1658216,-0.76361525,0.5047138,1,4
231,0.7820318,-0.107105,0.93703926,0.006616493,0.055003278,-0.37450975,0.89009017,0.53876895,-0.8088583,0.20859328,0.27175438,0.09327199,1.0992591,0.66264343,1.600556,0.1434391,0.20312455,0.33638504,1.5763234,2.1675959,0.78151864,0.118175425,0.18417197,0.14898072,-0.8811764,0.48278832,0.31192175,0.09091883,0.09357737,0.15069807,0.8684205,-0.56240666,-0.5682098,0.47714195,-0.0020243616,-1.1121207,0.52991295,0.5303438,-0.4471714,-0.39584482,0.4249267,-0.45241714,-0.8355559,0.3005838,-0.004069828,0.5595925,-0.5910176,0.44846407,-0.6381396,1.0706191,0.78082144,-0.63269967,-0.9621988,0.25907362,0.0023339756,0.811547,0.7533246,0.59193116,-0.479052,1.07157,0.48171213,-0.64072126,-1.4303033,1.8484988,-0.007610142,0.7655804,0.6895373,1.8335869,-0.14446776,0.7565209,0.5569792,-0.6431561,0.7969176,0.17896146,0.0068672583,0.023650793,0.5919482,0.29260114,0.18243705,0.06781853,0.24441837,-0.26737538,0.18684433,-0.10004725,-0.0049536554,1.4186764,1.0368226,-0.16582811,-0.76349634,0.50374854,1,4
232,0.78234655,-0.1074775,0.93605953,0.0071074213,0.057198737,-0.36628783,0.8918164,0.53869134,-0.8069358,0.20819305,0.27047756,0.093957834,1.099374,0.66259956,1.6009582,0.14377883,0.20382783,0.33649984,1.5746427,2.1675959,0.7817618,0.11824856,0.18446897,0.14869167,-0.8811764,0.48278832,0.31192175,0.090853944,0.09763931,0.15069807,0.868556,-0.56257015,-0.5685235,0.4770091,0.0017351274,-1.1208355,0.52986676,0.5301658,-0.44706765,-0.39655545,0.42486995,-0.45284513,-0.8368146,0.30009064,-0.0064058425,0.55940187,-0.59145606,0.44854626,-0.6382378,1.0707382,0.7809363,-0.6324162,-0.96227396,0.25899976,0.0015796599,0.81139183,0.75332195,0.5919193,-0.47889462,1.0715857,0.48111236,-0.64051855,-1.4288551,1.8484697,-0.025258137,0.7652435,0.689547,1.8336328,-0.14409554,0.7562578,0.5569792,-0.6429134,0.7969176,0.17896146,-0.0033960624,0.025089234,0.59212655,0.29250765,0.1820843,0.068113506,0.2442278,-0.26751727,0.1871244,-0.10002078,-0.003402245,1.4188473,1.0368782,-0.16575359,-0.7633778,0.5027815,1,4
233,0.7829648,-0.1074775,0.93605953,0.0071074213,0.057198737,-0.3653047,0.8918164,0.53869134,-0.8069358,0.20819305,0.27047756,0.093957834,1.1000065,0.66235846,1.6031702,0.14564742,0.20769596,0.3371313,1.5729617,2.1675959,0.78309983,0.11865083,0.1861025,0.14869167,-0.8811764,0.48278832,0.31192175,0.09049706,0.09763931,0.15069807,0.86983055,-0.56266105,-0.5687303,0.4770091,0.035022955,-1.1295401,0.52981985,0.52998775,-0.4469684,-0.3972499,0.42486995,-0.45284513,-0.8368146,0.30009064,-0.0027349798,0.5592113,-0.59188724,0.44862694,-0.6383344,1.0708555,0.78156847,-0.63085693,-0.96268725,0.25859344,0.014816503,0.8112466,0.75330126,0.59191954,-0.47869956,1.0716714,0.48084038,-0.63995445,-1.4273398,1.8483101,-0.015879972,0.7649065,0.6895629,1.8336772,-0.14369422,0.7560096,0.5569792,-0.64283985,0.7969176,0.17896146,-0.0033960624,0.026527695,0.5923119,0.2924112,0.18173711,0.06840345,0.24444078,-0.26751727,0.18716781,-0.100337744,-0.0027466782,1.4187145,1.0371853,-0.16534375,-0.76327074,0.5018144,1,4
234,0.78318954,-0.1074775,0.93605953,0.0071074213,0.057198737,-0.36494726,0.8918164,0.5385705,-0.8069358,0.20694788,0.26948446,0.093957834,1.1002365,0.6622708,1.6046448,0.14632693,0.20910256,0.3373609,1.5723505,2.1675959,0.7839647,0.1190531,0.18669651,0.1491413,-0.88010085,0.48282042,0.31368333,0.09014018,0.10170123,0.15069807,0.87029403,-0.5626941,-0.56880546,0.4770091,0.027727906,-1.1382447,0.52977353,0.529812,-0.44687018,-0.39793554,0.42474374,-0.45343247,-0.8368318,0.30011317,-0.0080835335,0.55902076,-0.59226274,0.44869694,-0.63844097,1.07096,0.7821773,-0.6302899,-0.9628172,0.25834695,0.019152075,0.8111013,0.75328237,0.591918,-0.47850677,1.0717554,0.48085567,-0.6399199,-1.4267659,1.8482069,-0.005757662,0.76458156,0.68957126,1.8337208,-0.14331266,0.7557906,0.55724436,-0.64248765,0.79607195,0.17865048,0.0032337182,0.027966157,0.5925127,0.29230526,0.18145663,0.06875223,0.24451114,-0.26750523,0.1871915,-0.10053016,-0.0024856525,1.4186198,1.0369402,-0.1652607,-0.7631638,0.5008555,1,4
235,0.78323734,-0.106277026,0.9360324,0.007925597,0.056989647,-0.36342797,0.8921104,0.53836334,-0.8068824,0.20494676,0.2679948,0.09391973,1.1002365,0.6622543,1.6056025,0.1463057,0.20910256,0.3373609,1.5722401,2.1675854,0.7845052,0.1194188,0.18669651,0.14978361,-0.87856436,0.4828662,0.3161999,0.08981574,0.10750405,0.15069807,0.87035906,-0.56307435,-0.56883496,0.477116,0.0015733269,-1.1469302,0.52972627,0.52964413,-0.44677895,-0.3985973,0.4245529,-0.45435217,-0.83707106,0.30013785,-0.017231032,0.55882907,-0.59259605,0.4487585,-0.6385559,1.0710596,0.7826693,-0.63029253,-0.96279085,0.25820038,0.016281538,0.810956,0.7532651,0.5919149,-0.47831574,1.0718386,0.48093283,-0.64016354,-1.4266473,1.8481399,0.0014618373,0.76426333,0.68957525,1.833764,-0.14294238,0.75558805,0.55762327,-0.64202267,0.79486394,0.17820624,0.011757836,0.029404618,0.5927225,0.29219434,0.18121469,0.069133915,0.24444388,-0.2675877,0.1872308,-0.1007121,-0.002258529,1.4185542,1.0364324,-0.16534948,-0.7630572,0.49990106,1,4
236,0.7837628,-0.09307128,0.93573284,0.016925814,0.05468964,-0.34671596,0.8953456,0.53798366,-0.8062949,0.20250088,0.26721448,0.09350061,1.1002365,0.6620735,1.6056025,0.14607212,0.20910256,0.3373609,1.5710261,2.1674705,0.7845052,0.1194188,0.18669651,0.14978361,-0.87856436,0.4828662,0.3161999,0.08981574,0.10750405,0.15069807,0.8710764,-0.5672581,-0.56915957,0.47829148,0.018731203,-1.1554229,0.5296668,0.5295415,-0.44675186,-0.39907065,0.42443785,-0.45523915,-0.83943194,0.3000534,-0.012827058,0.5586262,-0.59282696,0.44879696,-0.6386977,1.0711806,0.78211594,-0.63032144,-0.9628205,0.25814015,-0.007785451,0.81081074,0.75325125,0.591908,-0.47812888,1.0719206,0.47999844,-0.64016354,-1.4257026,1.8481119,-0.024600202,0.76394516,0.6895823,1.8338063,-0.14257191,0.75538397,0.55762327,-0.64202267,0.79486394,0.17820624,0.0013395406,0.03084306,0.59292907,0.2920852,0.18097705,0.06950856,0.24381456,-0.2686819,0.18753919,-0.10150318,-0.00011522337,1.4185643,1.0364544,-0.16528872,-0.76295424,0.49894667,1,4
237,0.7840017,-0.08706856,0.9355968,0.023962375,0.053644177,-0.3391196,0.89689285,0.537811,-0.80602795,0.20138913,0.2668598,0.093310095,1.101003,0.66189265,1.6072114,0.14583854,0.21079049,0.33923054,1.5696592,2.1670878,0.78580254,0.11985763,0.18740933,0.15106826,-0.87856436,0.48272872,0.3161999,0.08981574,0.10750405,0.15069807,0.8714025,-0.56977975,-0.569307,0.4788258,0.017171443,-1.1639155,0.52961165,0.5294791,-0.44672817,-0.39952314,0.42439318,-0.45564234,-0.84055966,0.30001515,-0.007084366,0.5584233,-0.593056,0.44883513,-0.6388388,1.0713016,0.7826186,-0.62986785,-0.9633354,0.257843,0.0033793708,0.8107013,0.75323254,0.59189713,-0.47797623,1.0721396,0.4783489,-0.6403141,-1.4247599,1.8478637,-0.053188343,0.7636609,0.6895814,1.833843,-0.14223146,0.7552621,0.5572838,-0.64202267,0.7948719,0.17818682,-0.011877843,0.03228152,0.5931337,0.291977,0.18074201,0.06987901,0.24350627,-0.26917934,0.18748486,-0.10207324,0.0011212077,1.4183731,1.0368402,-0.16499925,-0.76289314,0.49801517,1,4
238,0.7840017,-0.08706856,0.9355968,0.029362528,0.053644177,-0.3391196,0.8970335,0.537811,-0.80602795,0.20138913,0.2668598,0.093310095,1.1024084,0.66171175,1.6101607,0.14560497,0.21388495,0.34265828,1.5681652,2.1664827,0.7881809,0.120662175,0.18871614,0.15342341,-0.87856436,0.4824769,0.3161999,0.08981574,0.10750405,0.15069807,0.8714025,-0.5709163,-0.569307,0.4788258,1.3567397e-05,-1.1724082,0.5295602,0.5294501,-0.44670734,-0.39995807,0.4244076,-0.45564234,-0.8406596,0.30001515,-0.00022606767,0.5582204,-0.5932824,0.4488728,-0.63897943,1.0714223,0.78400046,-0.6290122,-0.9642545,0.25734836,0.043904196,0.81062174,0.7532099,0.59188306,-0.47785202,1.0724728,0.4761042,-0.6405901,-1.4238187,1.8474324,-0.08388157,0.76340514,0.68957436,1.8338752,-0.14191613,0.7552088,0.55666196,-0.64202267,0.79488665,0.17815146,-0.027427815,0.033719983,0.59333706,0.29186946,0.18050916,0.07024597,0.2434655,-0.26917934,0.1871282,-0.10245914,0.0016019009,1.4180142,1.037529,-0.16451916,-0.76286685,0.49710286,1,4
239,0.7840017,-0.08706856,0.9353723,0.029362528,0.051471945,-0.3391196,0.8970335,0.53771603,-0.80602795,0.19943246,0.2668598,0.09310053,1.1024084,0.66171175,1.6101607,0.14560497,0.21388495,0.34265828,1.5681652,2.1664827,0.7881809,0.120662175,0.18904285,0.15342341,-0.8789266,0.48237604,0.31679317,0.090172626,0.11211405,0.15069807,0.87128377,-0.5715981,-0.5693553,0.47880334,-0.0028237836,-1.1809009,0.5294691,0.5293942,-0.4467437,-0.40036756,0.4243084,-0.4562294,-0.8406734,0.30003297,-0.0062396955,0.5580114,-0.59342164,0.44889316,-0.63911235,1.0715343,0.78400046,-0.6290122,-0.9642545,0.25734836,0.014960478,0.8105422,0.7531878,0.591869,-0.47773013,1.0727992,0.4761042,-0.64046806,-1.4238187,1.8474324,-0.031305954,0.7631493,0.68956816,1.8339064,-0.14160101,0.75516117,0.55650026,-0.6417255,0.7951731,0.17803112,-0.015918728,0.035158444,0.5935308,0.29176465,0.18036105,0.07066844,0.24350968,-0.26914978,0.18717583,-0.102444924,0.0016119822,1.4180071,1.0376447,-0.16458331,-0.76284266,0.49619046,1,4
240,0.7841562,-0.08582668,0.93514776,0.036999136,0.04959012,-0.33599165,0.8966499,0.5376643,-0.805761,0.19836517,0.27288944,0.09289097,1.1024084,0.66171175,1.6101607,0.14560497,0.21388495,0.34265828,1.5681652,2.1664827,0.7881809,0.11993077,0.18922105,0.15342341,-0.8791241,0.48232114,0.31711665,0.09117837,0.11462858,0.15125467,0.8714644,-0.5740792,-0.56946313,0.47889426,0.0027875786,-1.1893537,0.5293777,0.5294226,-0.44680604,-0.40070495,0.42419472,-0.4552994,-0.84041095,0.2999722,-0.010282903,0.5577996,-0.59355104,0.4489074,-0.6391851,1.0717068,0.78400046,-0.6290122,-0.9642545,0.25734836,-0.00082696596,0.81046265,0.753166,0.5918548,-0.4776092,1.0731227,0.4761042,-0.6403482,-1.4238187,1.8474324,-0.0026284144,0.76289344,0.6895748,1.8339319,-0.14129005,0.75511277,0.55641216,-0.64123374,0.7953294,0.17796534,-0.0078042895,0.036617335,0.5936944,0.29167205,0.18019168,0.0711195,0.24372788,-0.2692632,0.1872821,-0.10250249,0.00141918,1.4180312,1.0377079,-0.16461828,-0.76281935,0.4952676,1,4
241,0.7844964,-0.08309447,0.9349232,0.053799532,0.048056774,-0.32911023,0.89580595,0.5376643,-0.8051735,0.19836517,0.28615454,0.09268141,1.1024084,0.66171175,1.6101607,0.14560497,0.21388495,0.34265828,1.5681652,2.1664827,0.7881809,0.1183217,0.18922105,0.15342341,-0.8791241,0.48232114,0.31711665,0.09296279,0.11462858,0.15247922,0.8720043,-0.5787194,-0.5696424,0.47912145,0.018537339,-1.1977592,0.52928597,0.5295521,-0.44689983,-0.40095595,0.42406386,-0.45254904,-0.8398171,0.29981676,-0.011961619,0.55758446,-0.5936705,0.4489148,-0.63918537,1.0719519,0.78400046,-0.6290122,-0.9642545,0.25734836,-0.00082696596,0.8103831,0.7531446,0.5918408,-0.47748947,1.0734427,0.4761042,-0.6402309,-1.4238187,1.8474324,-0.0026284144,0.7626377,0.6895964,1.833951,-0.14098409,0.7550634,0.55641216,-0.64050853,0.7953294,0.17796534,-0.0037634044,0.038100746,0.59382266,0.29159442,0.17999686,0.07160492,0.24415481,-0.26954794,0.1874588,-0.102646224,0.0009828615,1.4180926,1.0377079,-0.16461828,-0.7627972,0.4943321,1,4
242,0.78452724,-0.08284602,0.93490285,0.05532682,0.047917385,-0.32848468,0.8957292,0.53800946,-0.80485314,0.20014396,0.28736043,0.09266236,1.1042609,0.6615748,1.6094904,0.14857775,0.21458828,0.34183824,1.5695236,2.166771,0.78980243,0.11598122,0.19278511,0.15395868,-0.8794533,0.48232114,0.31603816,0.09312499,0.11462858,0.15259053,0.8720534,-0.5791412,-0.5696587,0.47914207,0.008230503,-1.2061646,0.52919626,0.52968,-0.44699156,-0.40120262,0.4243921,-0.45176536,-0.8397162,0.29966795,0.012197288,0.55736923,-0.5938538,0.44893593,-0.63918144,1.0721917,0.7835525,-0.628348,-0.9655882,0.2574014,-0.010203743,0.8102878,0.75309324,0.59186465,-0.47734317,1.0737201,0.47825646,-0.6388582,-1.4246517,1.847309,0.047778066,0.76239604,0.6896639,1.8339459,-0.14064679,0.755095,0.5562872,-0.64044267,0.7955893,0.17815836,-0.0065230816,0.03958417,0.59394133,0.29152173,0.17980726,0.072079696,0.24421278,-0.26964507,0.18695739,-0.10261789,0.00054835825,1.4180492,1.0388037,-0.16456895,-0.7627566,0.49340618,1,4
243,0.78448224,-0.0849987,0.93473953,0.05532682,0.047917385,-0.32848468,0.8954734,0.53825116,-0.80466616,0.20138913,0.28736043,0.09258616,1.1055577,0.6614789,1.6090211,0.15142311,0.21508056,0.34126422,1.5704743,2.1672032,0.79093766,0.11444529,0.19527994,0.15433337,-0.87977165,0.4823394,0.3148518,0.09442276,0.1126943,0.15174043,0.8719083,-0.5791412,-0.5696651,0.47892898,-0.003460675,-1.21457,0.52910626,0.52979887,-0.44708204,-0.40145078,0.4246042,-0.45138633,-0.8395016,0.2995735,0.020639919,0.55715185,-0.59404063,0.4489583,-0.6391709,1.0724232,0.7832394,-0.627785,-0.9665218,0.25743854,-0.013016682,0.810191,0.753031,0.59190226,-0.47719374,1.0739897,0.48066238,-0.6379048,-1.4250525,1.8472792,0.083967455,0.76215583,0.689734,1.8339394,-0.14030708,0.7551337,0.55619335,-0.6416137,0.79583997,0.17837337,-0.007616663,0.041036375,0.594019,0.29147103,0.17962319,0.07247287,0.24430698,-0.2695047,0.18660145,-0.102454074,0.00021723766,1.4180616,1.0395985,-0.1644919,-0.7627149,0.49249724,1,4
244,0.7843587,-0.0909186,0.9342904,0.05532682,0.047917385,-0.32848468,0.8947701,0.53825116,-0.80466616,0.20138913,0.28736043,0.09237659,1.1055577,0.6614789,1.6090211,0.15352528,0.21508056,0.34126422,1.5704743,2.167837,0.79093766,0.11444529,0.19527994,0.15433337,-0.88001305,0.4823899,0.31366542,0.09799156,0.10737507,0.14940266,0.87150896,-0.5791412,-0.56968266,0.47834298,-0.013014732,-1.2229753,0.5290156,0.52990216,-0.44717085,-0.40170228,0.42453304,-0.45137116,-0.83900166,0.2995735,-0.00294179,0.5569306,-0.59422207,0.44898096,-0.6391494,1.0726409,0.7832394,-0.6275155,-0.9665218,0.25743854,-0.0027022588,0.8100941,0.7529546,0.59195733,-0.47704354,1.0742538,0.48313627,-0.6379048,-1.4245512,1.8474337,0.08645672,0.76191556,0.68979925,1.8339351,-0.13996874,0.7551706,0.5561761,-0.64483416,0.7960288,0.17859311,-0.004604592,0.042433973,0.594026,0.2914579,0.17944792,0.07272507,0.24452926,-0.26898146,0.18661883,-0.102083184,6.677147e-05,1.4181902,1.0396749,-0.16437492,-0.7626745,0.4916164,1,4
245,0.7839567,-0.09199486,0.93420887,0.048453882,0.04802193,-0.32928902,0.8939518,0.53871727,-0.80346465,0.20299007,0.29566005,0.09216703,1.1055577,0.6614789,1.6072975,0.1539075,0.2140256,0.3406738,1.5704743,2.167952,0.79093766,0.11279964,0.19527994,0.15433337,-0.880057,0.48239902,0.31344965,0.09893241,0.10640797,0.14897764,0.8706538,-0.5775901,-0.5695593,0.47823647,-0.025650661,-1.2313911,0.52892107,0.5299182,-0.4472457,-0.40199256,0.42484468,-0.44914845,-0.8383657,0.29916933,0.013051676,0.5567042,-0.5944386,0.4490054,-0.63903975,1.0729347,0.78226346,-0.6278076,-0.96657485,0.25769246,-0.02127335,0.80998594,0.7528798,0.592016,-0.47689724,1.0744655,0.48358628,-0.6377734,-1.4244602,1.8474619,0.03950662,0.7616754,0.68989146,1.8339189,-0.13963881,0.755204,0.556173,-0.6454781,0.7960631,0.178633,-0.0037070701,0.043831576,0.5940241,0.29144883,0.17927557,0.072973095,0.24466169,-0.26909977,0.18647663,-0.10181765,-0.0003610295,1.4183736,1.039728,-0.16460979,-0.7626226,0.49073556,1,4
246,0.7836195,-0.09174641,0.93424976,0.042344674,0.04811486,-0.33000395,0.893338,0.53913146,-0.8023164,0.20454651,0.30303738,0.092014626,1.1057876,0.66137195,1.6057367,0.15441711,0.21210328,0.34000137,1.57078,2.1681094,0.79032946,0.10980089,0.19465622,0.15385161,-0.88008994,0.48239902,0.31318003,0.099191956,0.10534411,0.14849186,0.8699761,-0.5762113,-0.56943953,0.47826326,-0.028677272,-1.2398087,0.52882636,0.5299162,-0.44731683,-0.40228945,0.42512718,-0.44713542,-0.83788204,0.2987889,0.025021194,0.5564768,-0.594665,0.4490311,-0.63891083,1.0732439,0.7810965,-0.6283839,-0.96680087,0.25788677,-0.038899813,0.80987245,0.7528025,0.59208196,-0.4767667,1.0746435,0.48413944,-0.637624,-1.4246334,1.8475726,0.010324391,0.7614224,0.6900123,1.8338928,-0.13931157,0.7551991,0.5561401,-0.64603883,0.79608965,0.17868131,-0.004219239,0.04521135,0.59402025,0.29144248,0.17910706,0.073175386,0.24473572,-0.26932448,0.18627091,-0.10168307,-0.0007913159,1.4186163,1.0399066,-0.16478007,-0.7625648,0.48985535,1,4
247,0.7836195,-0.09083579,0.9343993,0.042344674,0.04811486,-0.33000395,0.893338,0.53913146,-0.80202276,0.20503567,0.30303738,0.092014626,1.1066308,0.6609802,1.6056311,0.1562857,0.20849307,0.33946016,1.5719005,2.1686857,0.7880999,0.104169175,0.19236931,0.15208526,-0.8802106,0.48239902,0.31219137,0.099191956,0.10144338,0.14671072,0.87004066,-0.5762113,-0.5694131,0.47836152,-0.004253765,-1.2482265,0.5287337,0.5299175,-0.44738668,-0.402581,0.42510468,-0.4469899,-0.83788526,0.2987113,0.0028103024,0.55624926,-0.5948986,0.4490586,-0.63878316,1.0735483,0.779999,-0.6293854,-0.967457,0.25777164,-0.036891237,0.8097514,0.7527176,0.59216565,-0.47667608,1.0747627,0.48616716,-0.6375047,-1.4252687,1.8479788,0.05781681,0.7611354,0.69019485,1.8338475,-0.13898651,0.75509435,0.5560194,-0.6479039,0.7961867,0.17885837,-0.007237478,0.04654354,0.594017,0.29143977,0.17894702,0.07325819,0.24470718,-0.26945332,0.1859903,-0.101834975,-0.0010638753,1.4189849,1.0404333,-0.16456965,-0.7624982,0.4889766,1,4
248,0.7836195,-0.09058734,0.9344402,0.036235467,0.04811486,-0.33000395,0.89303106,0.53913146,-0.80194265,0.20516908,0.30303738,0.092014626,1.1068608,0.6608733,1.6056025,0.15679532,0.20750841,0.33931255,1.5722061,2.1688428,0.7874917,0.102633215,0.1917456,0.1516035,-0.88024354,0.48243567,0.30789527,0.101268336,0.09960582,0.14565821,0.8700584,-0.5749204,-0.5694059,0.4783883,0.001280879,-1.2566442,0.5286348,0.5298389,-0.44744852,-0.4029015,0.42506763,-0.4469502,-0.8376678,0.29869017,-0.0040123444,0.55602187,-0.59512854,0.44908607,-0.63865364,1.073844,0.7796999,-0.6296586,-0.96763587,0.25774026,-0.01962994,0.8096303,0.7526344,0.59224814,-0.47658685,1.0748805,0.48672032,-0.6374722,-1.4254419,1.8480897,0.03622966,0.7608484,0.6903752,1.8338029,-0.1386661,0.7549911,0.5555707,-0.64939517,0.79622316,0.17963299,-0.01625954,0.04785495,0.5939266,0.2914794,0.17880079,0.073295705,0.24478847,-0.2694884,0.18591377,-0.10187647,-0.0012985109,1.4190854,1.0405809,-0.16412541,-0.76243156,0.48810858,1,4
249,0.7836251,-0.091166876,0.9346715,0.026962562,0.048579495,-0.3308976,0.89263475,0.53913146,-0.80199605,0.20570272,0.30360487,0.09205273,1.1068608,0.6608733,1.6051427,0.15679532,0.20647696,0.33924696,1.5722061,2.1688428,0.7868972,0.10256008,0.1911516,0.1513466,-0.8798265,0.4824769,0.30336538,0.103604294,0.09873539,0.14502065,0.87020123,-0.57273626,-0.56935436,0.47835863,0.0034326215,-1.2650734,0.5285395,0.5297075,-0.44749203,-0.40325442,0.4250318,-0.4466753,-0.8373855,0.29870418,-0.0045204186,0.5557955,-0.59538007,0.4491174,-0.6385191,1.0741423,0.77943957,-0.6300198,-0.9676501,0.25780803,-0.0062751845,0.809508,0.7525524,0.59233207,-0.47651508,1.0749806,0.48654228,-0.6376007,-1.4254779,1.8481606,-0.0067921514,0.76055455,0.69055253,1.8337607,-0.13835108,0.7548664,0.5550891,-0.65050066,0.7959091,0.18045011,-0.023234311,0.04915855,0.5938034,0.29153463,0.17865781,0.07331825,0.24485059,-0.26945445,0.18585737,-0.10180478,-0.0015215294,1.4191387,1.0404646,-0.16375858,-0.7623631,0.48724002,1,4
250,0.78365606,-0.09435457,0.93594384,0.013762174,0.051135063,-0.33581287,0.8923535,0.53913146,-0.8022897,0.20863774,0.30672604,0.09226229,1.1068608,0.6608733,1.6026148,0.15679532,0.2008037,0.33888614,1.5722061,2.1688428,0.78362685,0.10215781,0.18788454,0.14993349,-0.8775327,0.4824769,0.30336538,0.103604294,0.09873539,0.14502065,0.87098765,-0.56871,-0.5690704,0.47819534,0.022237992,-1.273554,0.52846986,0.529473,-0.44746593,-0.40370464,0.4250261,-0.44516334,-0.83718246,0.29878178,-0.0025813957,0.5555742,-0.5957323,0.44916853,-0.6383647,1.074468,0.77800894,-0.63200665,-0.9677282,0.25818074,-0.0362413,0.80938,0.752474,0.5924253,-0.47651947,1.0750041,0.48556435,-0.6383078,-1.425676,1.8485503,-0.0296934,0.7602301,0.69072145,1.8337287,-0.13805254,0.75464255,0.5550121,-0.65050066,0.7941203,0.18045011,-0.010863748,0.050462157,0.5936815,0.29158875,0.17850639,0.07334985,0.24464096,-0.2692677,0.18554726,-0.10141061,-0.0017564722,1.4194324,1.0397997,-0.16413458,-0.7622864,0.48635077,1,4
251,0.78390336,-0.09667271,0.9364065,0.008962014,0.05206437,-0.33760032,0.89225113,0.53913146,-0.80239654,0.20970502,0.30786106,0.09287193,1.1070844,0.6607966,1.6004889,0.1575385,0.19595097,0.33875492,1.5715525,2.1687143,0.78054565,0.100219615,0.18607281,0.14897001,-0.8766986,0.4824769,0.299968,0.103604294,0.09828407,0.14502065,0.8717782,-0.56724596,-0.56903857,0.4780302,0.029188395,-1.2820342,0.5283995,0.52923775,-0.4474413,-0.40415132,0.4250239,-0.44464904,-0.8371087,0.29881003,-0.001680214,0.55536854,-0.5960871,0.4492187,-0.6382349,1.0748068,0.77661437,-0.6336125,-0.96796244,0.25846878,-0.046383947,0.809252,0.75238985,0.59253347,-0.47657457,1.074993,0.48388195,-0.6384562,-1.4254066,1.8488868,-0.054525003,0.7598938,0.69091284,1.8336895,-0.13775371,0.75438297,0.5545588,-0.6505317,0.7934798,0.1810589,-0.015775576,0.05176578,0.5935398,0.2916526,0.17834912,0.073374376,0.24463835,-0.2691053,0.18542501,-0.101081386,-0.0016941968,1.419701,1.0397149,-0.1641009,-0.7622046,0.4854535,1,4
252,0.78424054,-0.098370075,0.9364065,0.0077620298,0.05206437,-0.33831528,0.89225113,0.53913146,-0.8024233,0.20970502,0.30729356,0.093633965,1.1074038,0.66068697,1.5987653,0.15860021,0.19196561,0.33878773,1.5706186,2.168531,0.77784294,0.09765971,0.1851818,0.1483277,-0.876545,0.4824769,0.29504272,0.10373406,0.09738141,0.14507125,0.87250006,-0.5669254,-0.5691404,0.47787526,0.02763824,-1.2905233,0.5283269,0.52898943,-0.44741666,-0.40460637,0.4250259,-0.4448176,-0.8371083,0.29881716,-0.001290963,0.5551718,-0.596442,0.44926855,-0.6381242,1.0751454,0.77536535,-0.63487697,-0.9682568,0.2586866,-0.04269008,0.8091247,0.7523023,0.59265,-0.47665957,1.0749643,0.4819864,-0.63830096,-1.4249189,1.8491648,-0.073662564,0.7595506,0.691117,1.8336463,-0.13745524,0.7541035,0.55393696,-0.650574,0.7933744,0.18194136,-0.028050995,0.053071234,0.5933813,0.2917239,0.17818157,0.073394924,0.24474336,-0.26896316,0.18541117,-0.10081337,-0.0014833543,1.4199295,1.0398911,-0.16385059,-0.76212054,0.48455065,1,4
253,0.78424054,-0.09882538,0.9364065,-0.0054383,0.05206437,-0.34617972,0.89225113,0.53913146,-0.802717,0.20970502,0.30105114,0.093633965,1.1074038,0.66068697,1.5987653,0.15860021,0.19196561,0.33914855,1.5706186,2.168531,0.77784294,0.09765971,0.1851818,0.1483277,-0.8748548,0.4824769,0.29425174,0.105161585,0.09454449,0.14562786,0.87250733,-0.56339914,-0.5691375,0.47783372,0.00882583,-1.2991034,0.5282337,0.5286155,-0.44738287,-0.40516505,0.4250487,-0.44611347,-0.8371052,0.29889452,-9.036246e-05,0.5549751,-0.5967941,0.4493233,-0.6380631,1.0754117,0.77536535,-0.6349043,-0.9682568,0.2586866,-0.013909216,0.8090036,0.75221455,0.5927654,-0.47675312,1.0749565,0.4819864,-0.63830096,-1.4249189,1.8491648,-0.024826633,0.75920737,0.69131726,1.833604,-0.13716212,0.7538292,0.5537825,-0.650552,0.7920584,0.18208304,-0.015203212,0.05439527,0.5931773,0.29181558,0.1779444,0.07341605,0.24474162,-0.26888508,0.18540832,-0.10078707,-0.0014856443,1.4198986,1.0393592,-0.16377506,-0.76204383,0.48363832,1,4
254,0.7844093,-0.10002603,0.93677384,-0.015038565,0.052621946,-0.35297176,0.8925581,0.5390797,-0.80317086,0.20997185,0.2914038,0.09454841,1.1074038,0.66068697,1.5976162,0.15860021,0.19196561,0.33931255,1.5702112,2.168531,0.7764646,0.09765971,0.1851818,0.1483277,-0.8740865,0.48258683,0.2938923,0.105810456,0.093254976,0.14612375,0.87306774,-0.5605653,-0.5691071,0.47776112,0.013516072,-1.307724,0.5281442,0.5282163,-0.44733208,-0.4057633,0.42506033,-0.4480652,-0.83732605,0.2990241,-0.00012416542,0.5548052,-0.5971723,0.44938588,-0.6381018,1.07563,0.7747158,-0.6349167,-0.96829224,0.25885624,-0.014428153,0.80888253,0.752125,0.5928827,-0.47684604,1.0749499,0.4814134,-0.63830096,-1.4246546,1.8493292,-0.01605463,0.7588643,0.6915082,1.8335652,-0.13686936,0.75355715,0.5539841,-0.6503233,0.79145396,0.18216284,-0.00046908582,0.055728227,0.59297395,0.29190636,0.17769966,0.07345101,0.24462017,-0.26875198,0.18536457,-0.10060878,-0.0012090355,1.4199843,1.0391413,-0.16390371,-0.7619583,0.48272136,1,4
255,0.78471833,-0.10184745,0.9374475,-0.021638758,0.053644177,-0.35887015,0.89312065,0.5389848,-0.8037583,0.21046102,0.27891898,0.09622491,1.1074038,0.66068697,1.5955094,0.15860021,0.19196561,0.33931255,1.5694641,2.168531,0.7739375,0.09765971,0.1851818,0.1483277,-0.8740865,0.48278832,0.2938923,0.105810456,0.093254976,0.14656903,0.8740898,-0.5583086,-0.56905377,0.4776627,0.037791967,-1.3163788,0.5280577,0.52779627,-0.44726717,-0.4063945,0.42506298,-0.45056352,-0.8377334,0.29919687,-0.0011866438,0.55465764,-0.5975712,0.44945538,-0.6382238,1.0758078,0.77352554,-0.6349167,-0.9683574,0.25916725,-0.039363727,0.8087615,0.75203407,0.59300166,-0.47693846,1.074944,0.4803621,-0.63830096,-1.4241699,1.849631,-0.040669423,0.7585211,0.6916921,1.8335296,-0.13657685,0.7532872,0.5544818,-0.6499223,0.79144245,0.18219109,0.015837003,0.057068624,0.59277123,0.29199645,0.17744862,0.073497504,0.24439895,-0.2685729,0.18528679,-0.10030381,-0.00069999736,1.4201669,1.0391852,-0.16420244,-0.76186544,0.4818006,1,4
