Timestep,IMU1_ax,IMU1_ay,IMU1_az,IMU1_gx,IMU1_gy,IMU1_gz,IMU2_ax,IMU2_ay,IMU2_az,IMU2_gx,IMU2_gy,IMU2_gz,IMU3_ax,IMU3_ay,IMU3_az,IMU3_gx,IMU3_gy,IMU3_gz,IMU4_ax,IMU4_ay,IMU4_az,IMU4_gx,IMU4_gy,IMU4_gz,IMU5_ax,IMU5_ay,IMU5_az,IMU5_gx,IMU5_gy,IMU5_gz,IMU1_a_mag,IMU1_g_mag,IMU1_pitch,IMU1_roll,IMU1_jerk_a_mag,IMU1_yaw_int,IMU2_a_mag,IMU2_g_mag,IMU2_pitch,IMU2_roll,IMU2_jerk_a_mag,IMU2_yaw_int,IMU3_a_mag,IMU3_g_mag,IMU3_pitch,IMU3_roll,IMU3_jerk_a_mag,IMU3_yaw_int,IMU4_a_mag,IMU4_g_mag,IMU4_pitch,IMU4_roll,IMU4_jerk_a_mag,IMU4_yaw_int,IMU5_a_mag,IMU5_g_mag,IMU5_pitch,IMU5_roll,IMU5_jerk_a_mag,IMU5_yaw_int,IMU1_qw,IMU1_qx,IMU1_qy,IMU1_qz,IMU2_qw,IMU2_qx,IMU2_qy,IMU2_qz,IMU3_qw,IMU3_qx,IMU3_qy,IMU3_qz,IMU4_qw,IMU4_qx,IMU4_qy,IMU4_qz,IMU5_qw,IMU5_qx,IMU5_qy,IMU5_qz,REL_LH_pitch,REL_LH_roll,REL_RH_pitch,REL_RH_roll,REL_LK_pitch,REL_LK_roll,REL_RK_pitch,REL_RK_roll,REL_THIGH_yaw,REL_ANKLE_yaw,move,label
0,0.861444,0.6286518,0.45003176,-0.094895154,0.03903098,-0.39229417,-0.521144,0.52886117,0.597044,0.13561797,0.36453924,0.07614507,-0.7864992,0.73158497,-0.5951738,0.121058404,0.23739846,0.36384785,-0.9334484,-0.5955879,-0.506814,0.0019197242,0.15236278,0.14414191,-0.15222292,0.50311077,-0.3909208,0.12070209,-0.24214624,0.123343244,0.79927653,-0.54332215,-0.7071142,0.50078833,1.3567397e-05,0.77439475,0.43428433,0.92100227,-0.66455406,0.16911922,0.415867,-0.44932088,0.18863362,-0.08207684,-0.0014001053,0.63073975,0.9235395,0.06015364,0.008757066,-0.15545076,0.62762356,-0.62246996,0.42167324,0.6577699,-0.00082696596,0.8454593,0.41163567,0.873708,-0.17914368,0.24987905,0.47897846,-0.6308493,0.83783334,-0.59058535,-0.0026284144,0.80716395,0.22647248,-0.62973046,0.6167526,0.6283063,0.55623627,-0.61073065,0.2277278,0.30823985,-0.0033960624,-0.26765195,0.12848014,0.48775467,0.04476337,0.07510928,0.8055502,-0.49056816,0.86066633,0.1960459,0.22391815,-0.45868707,-0.22120441,-0.49916002,-0.77971625,0.68162304,1,0
1,0.861444,0.6286518,0.45003176,-0.094895154,0.03903098,-0.39229417,-0.521144,0.52886117,0.597044,0.13561797,0.36453924,0.07668358,-0.783881,0.7339086,-0.5939557,0.13546358,0.23839246,0.36280477,-0.9341683,-0.5952547,-0.507387,0.021043343,0.13179423,0.14020807,-0.15222292,0.50311077,-0.3909208,0.12070209,-0.24214624,0.123343244,0.79927653,-0.54332215,-0.7071142,0.50078833,1.3567397e-05,0.7629221,0.43442953,0.91508144,-0.6635995,0.15787551,0.415867,-0.44941303,0.18863362,-0.08207684,-0.0014001053,0.6300762,0.9159322,0.06211744,0.013643116,-0.1520556,0.6338227,-0.6207689,0.41834348,0.6577809,0.1290239,0.8456748,0.4093879,0.8754829,-0.17432742,0.25575098,0.47770482,-0.6382599,0.8386841,-0.5906153,-0.032454677,0.8065266,0.22404826,-0.6306543,0.6170861,0.6259164,0.55623627,-0.61073065,0.2277278,0.30823985,-0.0033960624,-0.26663858,0.13111609,0.4865503,0.039524864,0.072795294,0.8055502,-0.49056816,0.85937446,0.19605444,0.22428627,-0.45871204,-0.21873093,-0.499171,-0.7801857,0.6806722,1,0
2,0.861444,0.6286518,0.44834533,-0.11517568,0.03903098,-0.39833558,-0.521144,0.52886117,0.59614146,0.13561797,0.3205823,0.07679281,-0.7821984,0.7343799,-0.59370863,0.15250038,0.23859406,0.36259323,-0.9343143,-0.5951872,-0.50750315,0.024922188,0.1276223,0.13941017,-0.15160465,0.503214,-0.39314857,0.12289528,-0.18366916,0.12379933,0.7985838,-0.5383159,-0.70751363,0.5005889,-0.01655788,0.75137293,0.434531,0.9090233,-0.66265357,0.14663658,0.41587692,-0.4597664,0.18863097,-0.08182527,-0.0008723115,0.6294127,0.9085539,0.06401201,0.01801685,-0.14916798,0.6343454,-0.61875206,0.41690993,0.65778303,0.036446497,0.84589034,0.40696877,0.87738633,-0.16964132,0.2614774,0.4774466,-0.639763,0.83885664,-0.5906214,-0.014727744,0.80588925,0.2216593,-0.63156253,0.61741406,0.62356424,0.5563715,-0.62840194,0.22725253,0.30865413,-1.2621923e-05,-0.26560846,0.13370906,0.48536676,0.035281908,0.071438804,0.80596054,-0.49025723,0.8592119,0.19618236,0.22436288,-0.45881668,-0.21785808,-0.49895254,-0.7806552,0.6797129,1,0
3,0.8641824,0.6390839,0.4437151,-0.13695073,0.039714012,-0.43068707,-0.5218959,0.52886117,0.59343934,0.14346248,0.2737832,0.08111359,-0.7816124,0.7343799,-0.5942717,0.15968315,0.23859406,0.36204216,-0.9347422,-0.5951872,-0.50750315,0.024922188,0.11839141,0.13635275,-0.15129003,0.50326645,-0.39428222,0.13382229,-0.1539116,0.13142723,0.80265975,-0.53049576,-0.70939285,0.50130296,0.09330159,0.73943275,0.43457866,0.90304285,-0.66173327,0.13528465,0.41605058,-0.46913895,0.18914568,-0.08107224,0.007923521,0.628876,0.90110916,0.06594527,0.021795323,-0.14656228,0.63388675,-0.6179497,0.41654107,0.65789187,-0.0143383555,0.8460953,0.40451983,0.87929225,-0.16502498,0.2670714,0.47757494,-0.6399532,0.8392293,-0.5906214,0.00038648956,0.80517095,0.21935855,-0.63245654,0.61746085,0.6212361,0.5564405,-0.6345871,0.22701067,0.30886504,-0.00081343646,-0.2643026,0.13589017,0.4843179,0.031014623,0.07075469,0.80810666,-0.49049723,0.860921,0.1958153,0.22414595,-0.45911458,-0.21768175,-0.49895,-0.78107065,0.67855704,1,0
4,0.8669858,0.6497645,0.43985316,-0.14867833,0.04131318,-0.4606615,-0.5226656,0.52886117,0.591143,0.15149376,0.24877101,0.085537255,-0.780446,0.7352138,-0.5998819,0.16685036,0.23872375,0.35743958,-0.93532115,-0.5949118,-0.500923,0.022089235,0.10072359,0.12937218,-0.15129003,0.5026582,-0.39666936,0.14386684,-0.1539116,0.13899915,0.80719376,-0.5248954,-0.71110886,0.50213796,0.14462627,0.72723913,0.43460718,0.89719045,-0.66080904,0.1239414,0.416223,-0.47335032,0.18967402,-0.08043218,0.01077743,0.6284258,0.89363474,0.06790016,0.025229102,-0.14408001,0.6350824,-0.6171297,0.41538,0.65906286,0.023616344,0.8462156,0.40194482,0.8812346,-0.16035192,0.27232078,0.47763148,-0.63810897,0.83975124,-0.58977437,-0.00027752644,0.8042953,0.21716937,-0.63334465,0.61702543,0.6188635,0.55473506,-0.631713,0.22689834,0.30924436,-0.046032604,-0.26281145,0.13776465,0.48336935,0.02659229,0.070367314,0.81009,-0.49090478,0.8621617,0.1962004,0.22398359,-0.45866323,-0.21686462,-0.49992925,-0.78135896,0.6771999,1,0
5,0.8669858,0.6488814,0.438946,-0.15231484,0.04317797,-0.467811,-0.5226656,0.52886117,0.591143,0.15149376,0.23874533,0.085537255,-0.7780288,0.73694193,-0.61031336,0.18170287,0.23899259,0.3490709,-0.93561316,-0.59434116,-0.48728684,0.016218554,0.08369533,0.12139315,-0.15202172,0.50117785,-0.4031501,0.14663535,-0.1481518,0.14115812,0.8068344,-0.5230376,-0.71131825,0.5019231,-0.008587023,0.7149548,0.43463776,0.89142215,-0.65985966,0.11270227,0.416223,-0.47545403,0.18967402,-0.08043218,-0.0014001053,0.6279756,0.8863023,0.06981305,0.028508937,-0.14174059,0.63773805,-0.61532736,0.41293782,0.6612587,0.06869552,0.8462156,0.3991661,0.8832566,-0.15557043,0.2771182,0.4774756,-0.6338835,0.8400423,-0.5880191,-0.007199608,0.80326116,0.21507634,-0.6342311,0.6161407,0.61641634,0.55046326,-0.6318421,0.22719082,0.3102903,-0.13226932,-0.26124102,0.1394762,0.4824767,0.022241103,0.07019338,0.81030566,-0.4907129,0.8614206,0.19804959,0.22410953,-0.45720318,-0.21493225,-0.50158733,-0.7815068,0.67569524,1,0
6,0.8669858,0.64420074,0.43413785,-0.17158805,0.04317797,-0.50570345,-0.5226656,0.52886117,0.591143,0.15149376,0.18560922,0.085537255,-0.7780288,0.73694193,-0.61031336,0.18170287,0.23899259,0.3490709,-0.93561316,-0.59434116,-0.48728684,0.016218554,0.08369533,0.12139315,-0.15589955,0.50001264,-0.41127986,0.16130854,-0.117624834,0.15260066,0.8049286,-0.5154129,-0.71242785,0.5007842,-0.05417012,0.70228046,0.43461075,0.88567185,-0.65893507,0.10133171,0.416223,-0.4866037,0.18967402,-0.08043218,-0.0014001053,0.6275253,0.87921506,0.071655706,0.031309616,-0.13988617,0.63773805,-0.61532736,0.41293782,0.6612587,0.00014311346,0.8462156,0.39642105,0.8852383,-0.15086973,0.28184047,0.4774756,-0.6338835,0.8400423,-0.5880191,-0.0026921984,0.80222696,0.21301462,-0.6351024,0.6152704,0.6140087,0.5465559,-0.63252646,0.22997464,0.31166595,-0.121041395,-0.25932983,0.1407143,0.48174298,0.017965605,0.07090999,0.81144875,-0.489696,0.86251426,0.1987704,0.22410953,-0.45720318,-0.21380736,-0.5008546,-0.7816546,0.6740152,1,0
7,0.8702358,0.6406736,0.43132067,-0.19770141,0.05580247,-0.5386151,-0.52124035,0.52886117,0.5922591,0.17194109,0.12950794,0.08739536,-0.7780288,0.73694193,-0.6165843,0.18170287,0.20796168,0.33044693,-0.93561316,-0.59434116,-0.48728684,0.010104065,0.067142285,0.114084296,-0.15595445,0.4999962,-0.4113949,0.16151619,-0.11719285,0.1551597,0.8110573,-0.5035696,-0.71391577,0.50001764,0.13736883,0.6891954,0.4347871,0.87989974,-0.65772897,0.08974421,0.4159388,-0.49056932,0.18868639,-0.08074331,-0.01645293,0.6271296,0.87171286,0.073622555,0.033380967,-0.13859703,0.6368308,-0.6246525,0.4131213,0.66247,-0.019828407,0.8458586,0.39366156,0.88701105,-0.14603385,0.28499535,0.4774756,-0.6283261,0.8400423,-0.5880191,-0.0026284144,0.8009992,0.2109767,-0.6360034,0.6138376,0.61153394,0.5465007,-0.63054717,0.23001403,0.31168535,-0.024589699,-0.25733063,0.14190622,0.48101515,0.013667411,0.07174439,0.81257844,-0.48917565,0.86405206,0.20020066,0.2248352,-0.45708016,-0.21392776,-0.5020661,-0.7813678,0.6721594,1,0
8,0.8709511,0.6399119,0.43071556,-0.2033888,0.061409224,-0.5457408,-0.5209266,0.5289568,0.5925048,0.18185495,0.1173258,0.08780433,-0.78234106,0.7359715,-0.6217797,0.19251241,0.16195676,0.31527635,-0.926782,-0.5939354,-0.47921112,0.005115932,0.053638466,0.109869264,-0.15595445,0.4992866,-0.4161692,0.15900287,-0.11719285,0.1556873,0.81241184,-0.5001632,-0.71423984,0.49985248,0.062716335,0.6761044,0.43500602,0.87423396,-0.6564578,0.07832488,0.41597584,-0.4894816,0.18844236,-0.08081451,-0.0025297042,0.6267347,0.86411625,0.07561359,0.035397306,-0.13734707,0.63561714,-0.6351726,0.41676494,0.6633751,-0.030163884,0.8452841,0.39081743,0.88873345,-0.14145425,0.28679058,0.47441265,-0.62470436,0.832409,-0.5869709,-0.0743577,0.79969954,0.20900892,-0.63689864,0.61208785,0.60906315,0.5443558,-0.6298744,0.22987364,0.3124919,-0.057012852,-0.25533015,0.14312443,0.4802751,0.009434382,0.0725665,0.81281275,-0.48906586,0.8657852,0.20101137,0.22171168,-0.45618024,-0.21669124,-0.5025495,-0.7808269,0.6702545,1,0
9,0.8709511,0.6399119,0.43071556,-0.21501814,0.06292553,-0.5625958,-0.5209266,0.5290079,0.5925048,0.18475734,0.09231361,0.0874919,-0.78465307,0.7354513,-0.623825,0.1983079,0.14095326,0.30934045,-0.9212119,-0.59371775,-0.47488135,0.0031631007,0.04835179,0.108471856,-0.15433452,0.49853048,-0.42167687,0.15100443,-0.08943615,0.15875778,0.81241184,-0.4957071,-0.71423984,0.49985248,1.3567397e-05,0.66279966,0.43520394,0.8686017,-0.65517783,0.06690539,0.41602933,-0.49228156,0.18842815,-0.08081593,0.0027988038,0.6263306,0.8566526,0.07756415,0.03714453,-0.13639046,0.63507307,-0.6397126,0.41869682,0.6637174,-0.017720884,0.8446508,0.38797742,0.8904198,-0.13700016,0.2882001,0.4725217,-0.6234184,0.827588,-0.586409,-0.06549194,0.7983808,0.20708214,-0.6377814,0.6102681,0.60661685,0.5421887,-0.6313889,0.22846009,0.31342828,-0.07146001,-0.25321695,0.14457744,0.4794352,0.0055621616,0.07396923,0.8128069,-0.4890666,0.8665347,0.20127842,0.21963625,-0.45571217,-0.2186975,-0.50239605,-0.78022045,0.6682788,1,0
10,0.8717905,0.6474187,0.431151,-0.2344805,0.066271,-0.5949831,-0.51894885,0.52937615,0.592932,0.19305843,0.0522298,0.08705499,-0.7862203,0.73510057,-0.62479544,0.1983079,0.13470174,0.30776596,-0.92031544,-0.59392726,-0.47488135,0.0031631007,0.04470853,0.108471856,-0.15201074,0.49812746,-0.42484057,0.14386684,-0.05569403,0.16205288,0.81437683,-0.48757696,-0.7144004,0.50081927,0.047015563,0.64915884,0.4354317,0.86305237,-0.65383077,0.055408165,0.4160337,-0.49481848,0.18695188,-0.080945514,-0.0011708676,0.62591684,0.8491028,0.07953838,0.03852487,-0.13577682,0.634776,-0.6411322,0.4199934,0.6638695,-0.0070430352,0.84398735,0.38518,0.8920538,-0.13264376,0.289394,0.47313595,-0.6235188,0.82667553,-0.58643526,0.009712664,0.7970621,0.20519418,-0.6386472,0.6084098,0.6042629,0.54115146,-0.6337112,0.226568,0.31396934,-0.038214196,-0.25102222,0.14618762,0.47852877,0.0020252673,0.075844154,0.81236976,-0.48999828,0.8671961,0.2007852,0.2203261,-0.45568267,-0.22042523,-0.50226146,-0.77958184,0.6662612,1,0
11,0.8736265,0.664248,0.4324056,-0.24975361,0.07358921,-0.6262623,-0.5146226,0.53018165,0.5938665,0.211217,0.02326409,0.086832725,-0.79027873,0.73409003,-0.6269181,0.19841264,0.12102657,0.30432186,-0.9186402,-0.5944761,-0.4742147,0.0033435093,0.03549347,0.108656704,-0.15073031,0.49805963,-0.42532834,0.14266644,-0.04704357,0.16205288,0.8187926,-0.47921667,-0.71468294,0.50301945,0.13091365,0.6352187,0.4357418,0.85765797,-0.652365,0.043882318,0.41604313,-0.49137104,0.18372247,-0.081228875,-0.00077543297,0.62549824,0.84124744,0.08160017,0.039602682,-0.13539025,0.63372654,-0.6442169,0.42340925,0.6641777,-0.02615519,0.84327406,0.38242558,0.8936228,-0.1283943,0.2902418,0.4750552,-0.62394387,0.8248568,-0.58642185,0.053403556,0.79574823,0.20336221,-0.63949144,0.6064509,0.60205966,0.5410637,-0.63479155,0.22555701,0.31405237,-0.004862248,-0.24882747,0.14781512,0.4776162,-0.0013563291,0.07779245,0.81134266,-0.4921127,0.8687998,0.199633,0.22191189,-0.45555946,-0.22337131,-0.5025281,-0.7788868,0.6642468,1,0
12,0.8736265,0.6665883,0.4341365,-0.24975361,0.07358921,-0.6262623,-0.5146226,0.53018165,0.5938665,0.211217,0.02326409,0.086832725,-0.79389006,0.7326958,-0.6269181,0.19901288,0.12102657,0.30432186,-0.90904164,-0.59499437,-0.47039485,0.0043772217,0.02835744,0.10971582,-0.15073031,0.49767125,-0.4281229,0.13578838,-0.04704357,0.16205288,0.819468,-0.47921667,-0.7142884,0.50350845,0.022514699,0.62127846,0.43603146,0.8523716,-0.6509078,0.03255879,0.41604313,-0.49137104,0.18372247,-0.081228875,-0.0013829124,0.62507963,0.8335179,0.083626315,0.040662244,-0.13500953,0.6314314,-0.6440978,0.42673084,0.664036,-0.057751846,0.8425607,0.3797001,0.89516246,-0.12419301,0.29104978,0.47501013,-0.6251197,0.81607497,-0.5860156,-0.0023217064,0.79445755,0.20161405,-0.6403054,0.6044044,0.59997934,0.5398775,-0.63394016,0.2254785,0.3145277,-0.038123984,-0.24663274,0.14958504,0.47664636,-0.0046856655,0.07970342,0.81093615,-0.49254933,0.86969954,0.1992129,0.2181122,-0.45522153,-0.22587049,-0.502132,-0.7781916,0.662248,1,0
13,0.8736265,0.66665465,0.43418553,-0.24975361,0.07358921,-0.632399,-0.5146226,0.53018165,0.5938665,0.211217,-0.011806881,0.086832725,-0.7939923,0.73265636,-0.6269181,0.19902986,0.12102657,0.3060111,-0.90876997,-0.595009,-0.47028673,0.01645991,0.02815548,0.114303395,-0.14756511,0.49740875,-0.4316581,0.12757364,0.0047559943,0.15843932,0.81948715,-0.47865996,-0.7142772,0.50352234,0.003747799,0.6072605,0.43628848,0.84722275,-0.6494694,0.02141992,0.41604313,-0.49496636,0.18372247,-0.081228875,-0.0014001053,0.62466097,0.82604176,0.08558146,0.041357875,-0.13499972,0.63136667,-0.64468837,0.42682487,0.664032,-0.011937307,0.8418798,0.37703124,0.89667964,-0.1201413,0.29193187,0.47500858,-0.63147384,0.8158264,-0.5860041,-0.002872534,0.7932876,0.20010403,-0.6410106,0.60259247,0.5981606,0.539243,-0.64127964,0.22295085,0.3151492,-0.025269037,-0.24457064,0.1516911,0.47557488,-0.0069824085,0.08217274,0.81092465,-0.49256176,0.8697249,0.19920099,0.21800466,-0.45521197,-0.22696172,-0.5017969,-0.7775344,0.6603989,1,0
14,0.8772911,0.68734777,0.43522066,-0.24145526,0.07775479,-0.6338587,-0.51059306,0.5314008,0.5956074,0.22184831,-0.04558681,0.089316994,-0.7939923,0.73265636,-0.6331616,0.19464572,0.12102657,0.30641294,-0.90876997,-0.59517986,-0.47028673,0.019326994,0.02815548,0.115387484,-0.1468122,0.49734885,-0.4324802,0.12566596,0.021281047,0.15757978,0.827851,-0.47885832,-0.71510184,0.50616175,0.20008759,0.59324014,0.43661323,0.8423918,-0.64796376,0.010544456,0.41653803,-0.49358386,0.18058838,-0.08174814,0.024808379,0.62431526,0.8184398,0.087594636,0.04161204,-0.13513683,0.63048416,-0.64569134,0.4270062,0.6652428,-0.019310877,0.8411999,0.37443575,0.89813936,-0.11614949,0.2928159,0.47572675,-0.6329773,0.8157211,-0.58602554,0.014184904,0.7921212,0.19862047,-0.6417014,0.60081416,0.5963763,0.53910005,-0.643242,0.22235015,0.3152939,-0.010103522,-0.24251242,0.15377857,0.4745136,-0.009147002,0.08468383,0.81049496,-0.4951929,0.8706081,0.19847503,0.22026175,-0.45502433,-0.22733915,-0.50294125,-0.7768543,0.6585541,1,0
15,0.87935936,0.6990274,0.43580484,-0.23022582,0.08010591,-0.62956893,-0.50831866,0.5327104,0.59872615,0.2278488,-0.059944347,0.09178601,-0.79491216,0.733029,-0.63668555,0.1857161,0.14240673,0.31093952,-0.9026576,-0.5953391,-0.46888128,0.02956656,0.030056309,0.12052602,-0.1468122,0.4973122,-0.43693808,0.11865815,0.023653746,0.15320787,0.8325715,-0.48080638,-0.7155673,0.50765145,0.1657191,0.5792743,0.43694866,0.8377733,-0.6464511,-6.031537e-05,0.41744363,-0.49242747,0.17865524,-0.08265282,0.05346333,0.62402266,0.81092584,0.08959661,0.04169317,-0.13526815,0.63181263,-0.6417884,0.4274598,0.66596353,0.022121357,0.8406067,0.3719327,0.89956003,-0.11204776,0.29429674,0.4748359,-0.63939214,0.81025696,-0.5858723,-0.019058598,0.79109085,0.19733626,-0.6422998,0.5992713,0.5948062,0.5386625,-0.646351,0.22232096,0.3161039,-0.014331005,-0.2406147,0.15605591,0.4733968,-0.011066201,0.08692614,0.81018543,-0.49700084,0.8712429,0.19809446,0.21931788,-0.45453876,-0.22768793,-0.5032369,-0.776258,0.6568836,1,0
16,0.87935936,0.6990274,0.43580484,-0.22286202,0.08010591,-0.62474304,-0.50831866,0.5334095,0.6011293,0.2278488,-0.07232514,0.092986226,-0.795947,0.73344827,-0.63663644,0.17845406,0.16682045,0.3175052,-0.89578134,-0.5954098,-0.4673002,0.04146154,0.041799888,0.12680148,-0.14720659,0.49727097,-0.44462922,0.103279844,0.034575906,0.14226322,0.8325715,-0.48278794,-0.7155673,0.50765145,1.3567397e-05,0.5653502,0.43726626,0.83327985,-0.6449557,-0.010440039,0.418148,-0.49320906,0.1784705,-0.08334107,0.04778277,0.62375414,0.80360323,0.09155073,0.041619666,-0.13549161,0.6338741,-0.6370748,0.42785355,0.66599613,0.056064572,0.8401083,0.3695076,0.9009629,-0.107931845,0.29630396,0.4733774,-0.6465875,0.80417657,-0.5856862,-0.04765546,0.79017806,0.19618213,-0.6428287,0.59809667,0.5932758,0.5379272,-0.6532424,0.22258164,0.31750348,-0.025701517,-0.2390612,0.15875472,0.47215894,-0.012367273,0.08876468,0.81011,-0.4973643,0.8713956,0.19811986,0.21682279,-0.4541118,-0.22787504,-0.5025244,-0.77576447,0.6554693,1,0
17,0.8799327,0.70005953,0.43532673,-0.21717452,0.07889472,-0.621907,-0.50681144,0.5337616,0.6025213,0.228756,-0.104965344,0.09428171,-0.795947,0.73344827,-0.63652277,0.1775877,0.16765504,0.32091108,-0.89578134,-0.5954098,-0.4673002,0.04232946,0.06400393,0.1279448,-0.14811824,0.49755126,-0.4508152,0.08595495,0.059824467,0.1283325,0.8336459,-0.48465517,-0.7158327,0.5077223,0.025717217,0.55146194,0.43753678,0.8289155,-0.6435136,-0.020590527,0.41822043,-0.49453166,0.17732993,-0.083737634,0.002431271,0.6235236,0.7964828,0.09346007,0.041224692,-0.13591161,0.6338901,-0.637735,0.42785028,0.66597414,-0.00041493805,0.8396594,0.3671435,0.9023495,-0.10397212,0.2984294,0.4733774,-0.64653814,0.80417657,-0.5856862,-0.0026284144,0.78928816,0.19499934,-0.6433539,0.59726477,0.5915435,0.5380629,-0.6613969,0.2233067,0.3186566,-0.0034036296,-0.23789558,0.16191478,0.47079247,-0.012871187,0.090261854,0.809918,-0.497637,0.871656,0.19805786,0.2176608,-0.453955,-0.2275797,-0.50188804,-0.77531624,0.65427005,1,0
18,0.8835074,0.7064956,0.43234572,-0.18171178,0.071342625,-0.60422385,-0.49741396,0.5359571,0.611201,0.2344126,-0.13002957,0.10235938,-0.795947,0.73344827,-0.63652277,0.17218576,0.16765504,0.32091108,-0.89578134,-0.5954098,-0.4673002,0.04232946,0.06400393,0.1279448,-0.14811824,0.49929908,-0.4508152,0.08595495,0.059824467,0.1283325,0.8403459,-0.49629778,-0.71748805,0.5081643,0.18598641,0.53776217,0.4376531,0.82491285,-0.64228463,-0.03024766,0.41867143,-0.49324116,0.17021811,-0.08621032,0.026320932,0.623492,0.78958786,0.09536762,0.040258907,-0.13618676,0.6338901,-0.638618,0.42785028,0.66597414,-0.0008101872,0.83921057,0.36487722,0.90365696,-0.10006799,0.30054325,0.4733774,-0.64653814,0.80417657,-0.5856862,-0.0026284144,0.7883983,0.19383463,-0.6438699,0.596447,0.5898402,0.5424174,-0.6613969,0.22359642,0.31880778,0.1222059,-0.23672993,0.1650139,0.46945092,-0.013364859,0.09173262,0.8087204,-0.49933746,0.8732876,0.19777812,0.22288604,-0.45297638,-0.2274626,-0.50180745,-0.77480274,0.6530708,1,0
19,0.88365906,0.70676875,0.4322192,-0.17651543,0.071022026,-0.60105425,-0.4959767,0.5360504,0.61156946,0.23465271,-0.13109359,0.10270228,-0.7952554,0.7338932,-0.6431321,0.17195643,0.20667855,0.3335625,-0.88808376,-0.59505534,-0.46547133,0.067570016,0.09656159,0.14866242,-0.14915794,0.4993733,-0.4561671,0.07102655,0.059824467,0.11422564,0.8406302,-0.4977875,-0.7175583,0.50818306,0.039324738,0.524093,0.4377542,0.8210259,-0.6410722,-0.03967875,0.4184984,-0.49318635,0.16919346,-0.08631522,-0.0057232524,0.62346035,0.78282315,0.09723852,0.039298385,-0.13644204,0.6339956,-0.6270616,0.42728236,0.6673,0.0013881944,0.8390042,0.3625667,0.9051188,-0.09614972,0.30389702,0.46995303,-0.65919614,0.79762584,-0.5854159,-0.08282452,0.7880573,0.1929751,-0.64417565,0.597003,0.58865637,0.5420952,-0.6649528,0.22439116,0.3197903,0.010631401,-0.23608217,0.16858707,0.4679853,-0.013225582,0.09237496,0.8083745,-0.49940965,0.87313646,0.19880061,0.2208045,-0.45271003,-0.22671957,-0.50262165,-0.7745723,0.6525078,1,0
20,0.88365906,0.70676875,0.43054995,-0.1755699,0.06581796,-0.60043466,-0.4957107,0.5360504,0.61156946,0.23465271,-0.13109359,0.10270228,-0.7950782,0.73400724,-0.6448251,0.17308892,0.22692716,0.3372406,-0.886112,-0.5949645,-0.4650029,0.08729826,0.11598964,0.16002145,-0.15024373,0.49898246,-0.45753804,0.05612842,0.076674074,0.10122055,0.83995926,-0.49968997,-0.71795166,0.507991,-0.01603041,0.51042527,0.43771914,0.8171648,-0.64000964,-0.048935335,0.4184491,-0.49318635,0.16900836,-0.08631522,-0.006165467,0.62342876,0.7761627,0.09907811,0.038352326,-0.13669175,0.63402295,-0.6203559,0.4271369,0.6676396,0.00020968246,0.8388171,0.36023173,0.9065945,-0.092156015,0.30743834,0.46907595,-0.6631816,0.79594785,-0.5853467,-0.040158503,0.78790104,0.1923299,-0.64437145,0.59805536,0.5876341,0.5409151,-0.66393495,0.22516528,0.32000658,-0.035577774,-0.23580211,0.17258559,0.4663999,-0.012376382,0.09269101,0.80870414,-0.4992382,0.87346774,0.19918713,0.22021449,-0.45265236,-0.22629872,-0.5028489,-0.77436423,0.65225834,1,0
21,0.8846017,0.71581006,0.42860365,-0.1470637,0.05828833,-0.57046026,-0.49281833,0.5357138,0.61240256,0.2356933,-0.111174606,0.10924063,-0.7950782,0.73400724,-0.6476635,0.17624572,0.23301458,0.33750027,-0.886112,-0.5949645,-0.4650029,0.09517296,0.12257323,0.16361485,-0.15073031,0.4987504,-0.45753804,0.049553193,0.08667848,0.09564435,0.8411892,-0.5107668,-0.7187038,0.5088737,0.025121458,0.49713767,0.4375666,0.8135807,-0.6391316,-0.057624906,0.4175545,-0.49170575,0.16708662,-0.08653783,-0.048769772,0.623589,0.7695992,0.10093629,0.037327502,-0.13645503,0.6336311,-0.61777693,0.4272174,0.66819006,-0.0090390295,0.8386327,0.35786387,0.90809023,-0.088192396,0.31096762,0.46907595,-0.66362274,0.79594785,-0.5853467,-0.0026284144,0.7877968,0.19175571,-0.6445326,0.59923625,0.5866678,0.54029167,-0.66278976,0.22550592,0.31998676,-0.026037592,-0.23563409,0.17666812,0.46479505,-0.011317275,0.09291102,0.8086946,-0.50014395,0.87424034,0.19905788,0.22162643,-0.45256427,-0.22622086,-0.5034148,-0.77409637,0.6521017,1,0
22,0.8857134,0.7264739,0.4274769,-0.10482997,0.053051747,-0.5351059,-0.48940673,0.53531677,0.6133852,0.23692068,-0.082781136,0.1169525,-0.79369164,0.73396665,-0.6523812,0.18032832,0.24249816,0.3407367,-0.88669837,-0.5948611,-0.46466953,0.10798219,0.13532068,0.16815677,-0.15100102,0.4987504,-0.45753804,0.04331103,0.08667848,0.092898406,0.8431096,-0.52448,-0.71931547,0.5100493,0.0602629,0.4841589,0.4373582,0.81035054,-0.6383723,-0.06578386,0.41649944,-0.48970205,0.16481999,-0.086800545,-0.07468122,0.62390494,0.7631166,0.1028077,0.03629018,-0.13577741,0.63195413,-0.61396855,0.42646632,0.6691012,-0.038965218,0.8385103,0.35545462,0.90964645,-0.084295824,0.3147489,0.46886355,-0.6599953,0.79651505,-0.5852925,-0.0075976877,0.7878129,0.191376,-0.64460135,0.6008153,0.5857355,0.5402664,-0.66067296,0.22571681,0.31998676,-0.004027024,-0.23556687,0.18090592,0.4631377,-0.010155898,0.09296808,0.80839956,-0.5013324,0.8745518,0.19902466,0.22353719,-0.45241532,-0.22557764,-0.50433385,-0.7738498,0.652078,1,0
23,0.8857134,0.7264739,0.42732227,-0.0837676,0.0521875,-0.5351059,-0.48940673,0.5351384,0.6133852,0.23692068,-0.07079762,0.1169525,-0.7903,0.73386747,-0.65573215,0.18314677,0.26676026,0.3486527,-0.88813245,-0.5946083,-0.46385425,0.13931282,0.1665002,0.179266,-0.15234363,0.49905333,-0.45753804,0.024422321,0.08747798,0.08532447,0.84304774,-0.5291156,-0.719352,0.51003164,-0.0014692716,0.4711801,0.43713626,0.80737394,-0.6376526,-0.07370355,0.41631275,-0.48907265,0.16486795,-0.0867958,-0.011286205,0.6242209,0.7567041,0.104655445,0.035359327,-0.13501476,0.6289841,-0.60531676,0.42439693,0.6697416,-0.07781662,0.8385036,0.3530096,0.91128486,-0.080437325,0.3190886,0.46834478,-0.65112275,0.7979024,-0.5851601,-0.017670503,0.7880534,0.19134998,-0.64450127,0.60314995,0.5848528,0.54089665,-0.6541024,0.22681205,0.32001284,0.011987957,-0.23571911,0.18561585,0.46131393,-0.008737482,0.092681885,0.80845666,-0.5013142,0.8737848,0.19953546,0.22410224,-0.45230693,-0.22359776,-0.5049661,-0.77373827,0.65231836,1,0
24,0.8857134,0.7264739,0.42626446,-0.0837676,0.046277177,-0.5351059,-0.48940673,0.5339187,0.6133852,0.23692068,-0.07079762,0.1169525,-0.7903,0.73386747,-0.65573215,0.18314677,0.27404952,0.3486527,-0.88813245,-0.5946083,-0.46385425,0.13931282,0.1665002,0.179266,-0.15699705,0.50112474,-0.45753804,-0.0003386374,0.0929455,0.079460174,0.84262383,-0.53067577,-0.7196013,0.5099109,-0.011609897,0.45820132,0.43679368,0.8044123,-0.63706994,-0.08146373,0.41503596,-0.48907265,0.16519573,-0.08676424,-0.07889385,0.6245368,0.7503949,0.10646984,0.034449283,-0.13426937,0.6289841,-0.60273385,0.42439693,0.6697416,-0.0049514044,0.838497,0.3505745,0.9128994,-0.07655275,0.3234577,0.46834478,-0.65112275,0.7979024,-0.5851601,-0.0034342392,0.7882939,0.1913222,-0.64440256,0.6054446,0.5839857,0.5456275,-0.6445759,0.23077452,0.32019076,0.13206297,-0.23605515,0.1909814,0.45924565,-0.0070356675,0.09214869,0.80884725,-0.50118953,0.8740305,0.19961186,0.22386138,-0.45231953,-0.22199655,-0.5048712,-0.7736267,0.6526533,1,0
25,0.8869499,0.73806524,0.42547885,-0.023402398,0.042535204,-0.5017414,-0.49025914,0.53292906,0.6076889,0.23869948,0.0010846944,0.11771454,-0.7903,0.73386747,-0.65700895,0.18314677,0.2744621,0.3486527,-0.88926435,-0.5950274,-0.46385425,0.13931282,0.1665002,0.17569758,-0.15726048,0.5023412,-0.45753804,-0.001740198,0.093254976,0.079128236,0.8449536,-0.54741514,-0.720168,0.5112429,0.053690262,0.44564578,0.43643424,0.8021435,-0.6366181,-0.0884382,0.41421655,-0.4823985,0.16604136,-0.08515304,-0.05850262,0.6248751,0.74382514,0.1083522,0.0342299,-0.1327811,0.62880987,-0.6025877,0.42443267,0.6699893,-0.0044789626,0.8384903,0.3481712,0.91448104,-0.0727448,0.32774514,0.4704359,-0.65177995,0.7986374,-0.585213,0.046349958,0.78843987,0.19131249,-0.64431494,0.60755974,0.5829515,0.54863447,-0.6440366,0.23117752,0.32029536,0.09576138,-0.23639119,0.19623598,0.45721588,-0.00536413,0.09162554,0.80977625,-0.5015283,0.874603,0.19896194,0.2235581,-0.45300117,-0.22186024,-0.50506544,-0.7735079,0.65292454,1,0
26,0.8877018,0.74558574,0.42527926,-0.00680202,0.041598164,-0.49256623,-0.49049363,0.53267586,0.60612243,0.23965411,0.039413963,0.1179241,-0.78943086,0.7335233,-0.6573601,0.18492478,0.26783708,0.3483094,-0.89028645,-0.59538937,-0.46498573,0.15462342,0.15126783,0.17090659,-0.16288924,0.5026436,-0.45753804,-0.015662841,0.08077038,0.079128236,0.8464769,-0.5519942,-0.72044957,0.51214284,0.04855933,0.43311566,0.43607274,0.79997253,-0.6361803,-0.09525219,0.41401112,-0.4783192,0.16626881,-0.08471043,-0.020785863,0.6252148,0.7372581,0.110229716,0.03423364,-0.13107695,0.62706214,-0.60467756,0.42410403,0.6700238,-0.0382149,0.8384771,0.3457974,0.916039,-0.06909399,0.3318353,0.47207245,-0.6586953,0.7993371,-0.5853982,0.046224445,0.7884792,0.19167148,-0.6441287,0.6092424,0.5819437,0.54887474,-0.63973194,0.23560597,0.32032123,0.017330237,-0.23672722,0.2018389,0.45503646,-0.003898401,0.090879895,0.8101591,-0.50209814,0.87475294,0.19841933,0.22369371,-0.45333025,-0.2198266,-0.5050865,-0.7733808,0.6531239,1,0
27,0.88795877,0.7482904,0.42527926,-0.00680202,0.04045048,-0.49256623,-0.49049363,0.53267586,0.6036872,0.23994465,0.051000234,0.11589707,-0.7888883,0.7333085,-0.65204734,0.18603462,0.2637017,0.3480951,-0.8907302,-0.5955434,-0.4656921,0.16418035,0.14175972,0.16852859,-0.17524423,0.50375754,-0.44852152,-0.026819125,0.066117264,0.08020502,0.8470236,-0.552266,-0.7205304,0.5124748,0.018833121,0.4205855,0.43568552,0.7978378,-0.6357758,-0.10194736,0.41403717,-0.47709292,0.16626205,-0.08403287,-2.0042793e-05,0.62549496,0.7307054,0.11208611,0.034376368,-0.12940702,0.62673235,-0.605982,0.423743,0.66897184,-0.01748217,0.83846146,0.34347555,0.9175525,-0.065533176,0.33582398,0.47273484,-0.66289896,0.7996477,-0.58550465,0.01969222,0.7884832,0.19215395,-0.64391005,0.61076087,0.58095944,0.5512399,-0.6364272,0.245435,0.3187765,0.05222268,-0.23702373,0.20762913,0.4527717,-0.0026294552,0.089970365,0.8102398,-0.50203675,0.8746926,0.19738849,0.22383304,-0.45368695,-0.2155866,-0.50484806,-0.7732707,0.6532791,1,0
28,0.88789237,0.74731064,0.426181,0.0012018514,0.038481146,-0.48368296,-0.49037263,0.5333295,0.5995379,0.2437335,0.09968634,0.10879101,-0.78931165,0.73316586,-0.6454763,0.18603462,0.26137146,0.34568858,-0.8908909,-0.5955434,-0.4656921,0.16418035,0.13655818,0.16751514,-0.1861798,0.5051352,-0.43634853,-0.029868832,0.0576323,0.08206376,0.8472456,-0.55526865,-0.7202954,0.5124562,0.0053213947,0.40816805,0.4352803,0.7957858,-0.63541067,-0.10842009,0.4147437,-0.46868324,0.16599028,-0.08289632,0.03652917,0.62558913,0.72384185,0.11398221,0.035217386,-0.12748988,0.627436,-0.6067214,0.42393348,0.6676825,0.019683892,0.83839977,0.34119615,0.918999,-0.06196527,0.33959344,0.47278145,-0.66490227,0.79978806,-0.58550465,-0.001542329,0.7884604,0.19265051,-0.64369375,0.61212724,0.5800219,0.5546412,-0.6357179,0.2542158,0.31668013,0.1069483,-0.23726691,0.21343476,0.45048973,-0.0014991198,0.08902323,0.8098867,-0.50142,0.8745349,0.19639432,0.22409347,-0.4541366,-0.21217978,-0.50466394,-0.7731678,0.65338886,1,0
29,0.8877199,0.7447716,0.42859414,0.02194416,0.037056226,-0.4598274,-0.49003497,0.5350878,0.59659004,0.25355247,0.22757994,0.09687265,-0.7908856,0.7326426,-0.64526176,0.1866688,0.24767438,0.33807433,-0.89135504,-0.5955091,-0.46498573,0.16520432,0.119474486,0.16458905,-0.18736804,0.5051352,-0.4337025,-0.029868832,0.0576323,0.08342931,0.847851,-0.5622626,-0.7196686,0.51241666,0.017713638,0.39598498,0.43488333,0.79387164,-0.6350708,-0.11456436,0.416554,-0.44602674,0.1652735,-0.08212549,0.1160841,0.6254153,0.7163594,0.11598342,0.037327107,-0.12490866,0.6267437,-0.61102784,0.42531934,0.66758883,-0.017870095,0.83822,0.33894584,0.9203543,-0.058389325,0.34277484,0.47288537,-0.6714323,0.80019754,-0.58541334,0.00047265875,0.7883763,0.19322295,-0.64346886,0.6131454,0.57920104,0.55474466,-0.6358597,0.25515252,0.316199,0.00038658702,-0.23747168,0.21915185,0.44823426,-0.00042629056,0.08814403,0.8089484,-0.50097764,0.8744548,0.19634627,0.22479726,-0.45436576,-0.21283084,-0.5048258,-0.773015,0.6534375,1,0
30,0.8877199,0.7447716,0.42917112,0.02194416,0.037056226,-0.45351198,-0.48985422,0.5355757,0.59659004,0.25355247,0.24061331,0.09687265,-0.79449695,0.7314809,-0.6436377,0.19147053,0.18969157,0.32764354,-0.891715,-0.59525,-0.45963797,0.17295712,0.09218965,0.16231951,-0.1963647,0.5051352,-0.4337025,-0.029868832,0.0576323,0.08342931,0.84808207,-0.5628962,-0.7195327,0.5124816,0.007392075,0.38387144,0.43449348,0.7919689,-0.6347296,-0.12056559,0.41703138,-0.44372776,0.16501649,-0.08213925,0.034763686,0.6252416,0.70896673,0.117957145,0.039506007,-0.12224889,0.6254473,-0.6291264,0.42844144,0.667158,-0.03246525,0.8378667,0.33681044,0.92156845,-0.05526383,0.3445714,0.47276542,-0.6815658,0.80054426,-0.58472127,-0.005581853,0.78824,0.19403926,-0.6431819,0.6136743,0.5786588,0.55397147,-0.6358597,0.26214918,0.316199,-0.024856359,-0.23767646,0.22476888,0.44601792,0.0006716362,0.08723983,0.80870354,-0.5010428,0.87553215,0.19596899,0.22513612,-0.4537848,-0.2123228,-0.50439113,-0.7726597,0.653451,1,0
31,0.887351,0.7447716,0.42921188,0.02194416,0.03598831,-0.45306513,-0.4898415,0.53561026,0.59378463,0.25355247,0.24153548,0.0821106,-0.7947524,0.73139864,-0.6423909,0.19181028,0.18558906,0.3269055,-0.8917404,-0.59516287,-0.45925963,0.17350568,0.090259135,0.16215894,-0.2031992,0.50573665,-0.41434404,-0.01239902,0.06398313,0.0949926,0.8472747,-0.56318116,-0.71942955,0.51248616,-0.018177971,0.37175792,0.43408358,0.7900958,-0.6344166,-0.12644906,0.41709635,-0.44209135,0.16499034,-0.081360355,0.007165786,0.62463474,0.7015004,0.11985375,0.042212617,-0.12017718,0.6255134,-0.630407,0.42862982,0.6669076,-0.004952464,0.8375134,0.33471423,0.9227536,-0.052197628,0.34633762,0.47246745,-0.6822828,0.80061054,-0.5846637,-0.010184901,0.78810376,0.19484058,-0.6428998,0.61419386,0.57812715,0.55641365,-0.6417717,0.26764423,0.31273323,0.053739917,-0.23745675,0.22979058,0.4439929,0.0013878383,0.08707362,0.8085866,-0.5006356,0.87550366,0.19577079,0.22518404,-0.45404497,-0.21024218,-0.50598454,-0.77244663,0.65324616,1,0
32,0.8862324,0.7485967,0.43263465,0.023624204,0.035077598,-0.4209518,-0.48839742,0.5364077,0.5893949,0.24487785,0.33402723,0.06915839,-0.7997368,0.7307516,-0.64205766,0.19181028,0.16224277,0.3210122,-0.8917404,-0.5951426,-0.45925963,0.17350568,0.08141631,0.16215894,-0.205024,0.50591385,-0.40864465,-0.0045909025,0.082401626,0.10255306,0.8461157,-0.56690913,-0.7183619,0.51333624,-0.032016408,0.36005178,0.433702,0.7881446,-0.6340941,-0.1320044,0.41771528,-0.42475748,0.16375777,-0.08016376,0.03173835,0.62374246,0.694026,0.12169208,0.04613721,-0.117480665,0.6266422,-0.6369347,0.43234095,0.66677827,0.023537174,0.8370471,0.33269677,0.9238282,-0.049265634,0.34736118,0.47238186,-0.68560684,0.8006229,-0.5846611,-0.0061081853,0.78796744,0.19565733,-0.6426164,0.61455446,0.57774585,0.55714893,-0.64311975,0.26911628,0.31171274,0.028607756,-0.23705217,0.23461792,0.44202766,0.0021517372,0.08744803,0.8069837,-0.50076294,0.87589115,0.1951317,0.22609496,-0.4545164,-0.21240419,-0.5063974,-0.77219534,0.6529462,1,0
33,0.88557005,0.7511054,0.4348795,0.024726048,0.034686517,-0.39989054,-0.48745033,0.5369307,0.5870577,0.23918866,0.39468724,0.063514195,-0.8057001,0.7299825,-0.64198685,0.18961044,0.14536995,0.3149019,-0.8903583,-0.5948907,-0.4571596,0.17458814,0.07078157,0.1669121,-0.205024,0.50567657,-0.40864465,-0.0028432815,0.093254976,0.105278745,0.8455144,-0.5693077,-0.71767974,0.5138938,-0.020490585,0.34849906,0.43333262,0.7861852,-0.6337694,-0.13738246,0.4181153,-0.41367376,0.16295092,-0.079529636,0.028795853,0.62275517,0.68662167,0.12348942,0.05045983,-0.11456297,0.6279727,-0.6415151,0.4367858,0.6666875,0.03337757,0.8364952,0.33074746,0.9248019,-0.046324458,0.34795243,0.47126335,-0.68975514,0.79951924,-0.58437026,-0.028822249,0.7879571,0.19649437,-0.6423081,0.61495215,0.57774335,0.5565577,-0.6428624,0.26908132,0.3116916,-0.018176405,-0.2365901,0.23933747,0.4400986,0.0029361206,0.087999836,0.8059516,-0.50092584,0.87694323,0.19470805,0.22621025,-0.45452544,-0.21572018,-0.50631714,-0.7718753,0.6527015,1,0
34,0.88557005,0.7511054,0.4348795,0.024726048,0.034686517,-0.39989054,-0.48831984,0.5369307,0.5846368,0.23475349,0.39468724,0.0632551,-0.80919564,0.72953534,-0.6418949,0.18675657,0.14334446,0.31198913,-0.8885654,-0.5945638,-0.45357758,0.17599243,0.06450884,0.17361219,-0.20368066,0.5050158,-0.4068519,0.0045106485,0.103777416,0.11009597,0.8455144,-0.5693077,-0.71767974,0.5138938,1.3567397e-05,0.33694628,0.43296528,0.7842592,-0.63344765,-0.14267439,0.41830337,-0.41485223,0.16354926,-0.07885729,0.008559284,0.62176025,0.6794509,0.12521856,0.05474107,-0.11170462,0.62877846,-0.6419034,0.43938637,0.6666248,0.021086,0.83590406,0.3288447,0.9257142,-0.043350395,0.34840134,0.4699523,-0.69208056,0.7980674,-0.5838871,-0.043478567,0.78807545,0.19734067,-0.6419766,0.61545604,0.5780601,0.5551665,-0.6426221,0.2679473,0.3113069,-0.043897275,-0.23595123,0.2437459,0.4382753,0.0036636973,0.08898426,0.80619586,-0.50057083,0.8779522,0.19465919,0.22514248,-0.45438963,-0.21811034,-0.5064589,-0.77151215,0.6524526,1,0
35,0.8855654,0.75289935,0.43516305,0.031908177,0.0347446,-0.3936346,-0.49094546,0.53684443,0.5775342,0.21936978,0.3987071,0.06254259,-0.8095683,0.72953534,-0.6418949,0.18636726,0.14334446,0.31198913,-0.8885654,-0.5945638,-0.45121902,0.17599243,0.06366731,0.17508024,-0.19976693,0.5040451,-0.4019218,0.025112322,0.13309006,0.123343244,0.84560037,-0.57140774,-0.71762216,0.51414376,0.0020713718,0.32547292,0.43261296,0.7824368,-0.6331299,-0.14779174,0.4187789,-0.41801855,0.16537963,-0.076882035,0.030074714,0.6207492,0.67275274,0.12681332,0.059060536,-0.10887294,0.62902147,-0.6419733,0.4396309,0.6666248,0.0042604236,0.835313,0.32697377,0.92660606,-0.04042245,0.34884354,0.47033733,-0.6917365,0.798012,-0.58359635,0.008459049,0.78822374,0.19817947,-0.641643,0.615983,0.5784444,0.5534691,-0.64203006,0.26478273,0.31032392,-0.055699226,-0.23493786,0.24757376,0.43664828,0.0042907842,0.090897426,0.8068835,-0.4997509,0.87799037,0.19450097,0.22377367,-0.45492947,-0.2195708,-0.5069824,-0.77115417,0.65203124,1,0
36,0.88552564,0.7681115,0.43756706,0.09281156,0.035237126,-0.34058508,-0.4929334,0.53611255,0.57376045,0.19234385,0.4327944,0.06254259,-0.81272817,0.72953534,-0.6418949,0.18306608,0.14334446,0.31198913,-0.8885654,-0.5945638,-0.45121902,0.17599243,0.056531273,0.17508024,-0.19790554,0.5040451,-0.4019218,0.02832208,0.13627945,0.123343244,0.84633,-0.5892159,-0.7171335,0.5162637,0.019521236,0.3145932,0.4323599,0.7811789,-0.63282216,-0.15214555,0.41842476,-0.4173867,0.16694887,-0.07581147,-0.019724995,0.61973816,0.66690975,0.1281752,0.06366325,-0.105748214,0.6310809,-0.6425654,0.44170466,0.6666248,0.047400698,0.8347219,0.32517064,0.92744595,-0.037523866,0.34927744,0.47033733,-0.6941376,0.798012,-0.58359635,-0.0017607282,0.78837204,0.19902356,-0.6413111,0.61639285,0.5789231,0.5536266,-0.64261305,0.2633348,0.31032392,-0.0031190405,-0.2339245,0.25124127,0.43508598,0.004945117,0.09283097,0.80702066,-0.5010786,0.87831336,0.19315901,0.22262071,-0.4553532,-0.22169644,-0.5069824,-0.7707963,0.6516099,1,0
37,0.8855223,0.7747572,0.43777117,0.1325506,0.035879888,-0.33608106,-0.49310216,0.5360504,0.5734401,0.19004928,0.4356885,0.062788986,-0.81299645,0.7299961,-0.64672494,0.16081561,0.20913856,0.3177162,-0.88823605,-0.5938524,-0.44667488,0.16369519,0.05131589,0.18241836,-0.19774753,0.5039858,-0.4019218,0.028594602,0.13655023,0.123343244,0.8463395,-0.5976598,-0.71712255,0.5170963,0.003784523,0.30371347,0.4321522,0.7804151,-0.6325308,-0.15618852,0.41839468,-0.41738653,0.16708213,-0.07572057,-0.006795126,0.61873436,0.6611674,0.1295096,0.06817243,-0.10267231,0.6321077,-0.62494034,0.44170296,0.66761005,0.029425835,0.8342407,0.3234642,0.9281881,-0.033873867,0.3511896,0.4679918,-0.68943065,0.79804796,-0.58294535,-0.057556465,0.78871477,0.19960834,-0.6410348,0.6169963,0.57987595,0.5534921,-0.6426625,0.26320297,0.31031877,-0.005956383,-0.23291114,0.25483626,0.43355107,0.005587176,0.094729885,0.80706376,-0.50177395,0.8783018,0.19340083,0.22253838,-0.45484757,-0.22174838,-0.5079791,-0.77056414,0.65131956,1,0
38,0.8855223,0.7781076,0.43777117,0.14341995,0.036068846,-0.33608106,-0.49310216,0.53552914,0.57102096,0.17572398,0.4356885,0.06286646,-0.8120962,0.7305271,-0.6482437,0.1539075,0.22982632,0.31951702,-0.88813245,-0.5936287,-0.445246,0.15982853,0.049866512,0.18472572,-0.19575882,0.5033679,-0.40047416,0.041005388,0.1556973,0.12996522,0.8463068,-0.5998394,-0.71714157,0.5175046,-0.0010431145,0.29283372,0.43195072,0.7797162,-0.6322441,-0.16014135,0.41787887,-0.4207311,0.16721493,-0.07503233,-0.028717678,0.6177312,0.6560135,0.13068798,0.072637625,-0.09961633,0.6330643,-0.61938256,0.44079074,0.6679581,0.02316877,0.8337696,0.32178766,0.92891026,-0.030216252,0.3532177,0.46725452,-0.6878866,0.7980593,-0.5827406,-0.03207432,0.78907555,0.20016004,-0.64076734,0.6176087,0.5808586,0.5522373,-0.6397426,0.26156992,0.31000003,-0.035584684,-0.23165469,0.2579764,0.43217668,0.0062359963,0.09727763,0.8071376,-0.5017751,0.8779667,0.19341397,0.2224457,-0.45494974,-0.22173065,-0.5085,-0.7703437,0.6509163,1,0
39,0.8855223,0.7801499,0.4359586,0.18112282,0.03657067,-0.31935114,-0.49310216,0.5348594,0.568009,0.15721259,0.4443711,0.06423814,-0.8114761,0.73079306,-0.6482437,0.1419824,0.22982632,0.31951702,-0.88813245,-0.5936287,-0.445246,0.1514028,0.04794192,0.18472572,-0.19438915,0.502955,-0.39947712,0.049553193,0.16888466,0.13452603,0.8455581,-0.60892713,-0.7175801,0.5175564,-0.018012889,0.28216618,0.4317969,0.77943236,-0.6319788,-0.16368932,0.4172151,-0.4230766,0.16738583,-0.074174404,-0.04432293,0.6167683,0.65143,0.13172255,0.077090725,-0.096439116,0.63353896,-0.62069684,0.44020095,0.66798455,0.013222819,0.8332985,0.32030562,0.9294863,-0.026591763,0.3552838,0.46725452,-0.68744504,0.7980593,-0.5827406,-0.0026284144,0.7894363,0.20054196,-0.64055943,0.6181689,0.5818714,0.5514051,-0.63773155,0.26044706,0.30978155,-0.032803845,-0.23030004,0.26090235,0.43087882,0.006881086,0.100060456,0.8076591,-0.5013683,0.87817013,0.19340172,0.22232014,-0.45528936,-0.22174622,-0.5086429,-0.7701101,0.6504625,1,0
40,0.8857416,0.7815463,0.43349153,0.23244038,0.03750539,-0.29657993,-0.49310216,0.53443646,0.5661773,0.14544584,0.45618913,0.06651792,-0.81119937,0.73073363,-0.6476213,0.120414265,0.22799774,0.3200145,-0.8890889,-0.593606,-0.4429036,0.13724051,0.04287699,0.18579268,-0.19510253,0.5027763,-0.40119082,0.049553193,0.16888466,0.13452603,0.8450409,-0.62122446,-0.7182249,0.5174584,-0.019385608,0.27170306,0.43169314,0.7795438,-0.63172853,-0.1668527,0.4167954,-0.42323238,0.16749392,-0.07365181,-0.030126857,0.6158563,0.6471978,0.13267316,0.08150264,-0.09314473,0.63324857,-0.6237109,0.44004226,0.6678577,-0.00690763,0.8328369,0.3191001,0.9298619,-0.023032043,0.35740936,0.46782142,-0.68565893,0.7988533,-0.58244896,0.010639678,0.7898253,0.20072322,-0.6404165,0.6186837,0.58301723,0.55076253,-0.63773155,0.26096714,0.31007722,-0.019458842,-0.22894539,0.26376536,0.42960563,0.007519248,0.102796055,0.80836755,-0.5010048,0.87874407,0.19336486,0.22258426,-0.45525327,-0.22141825,-0.5083574,-0.7698708,0.65002775,1,0
41,0.8863822,0.7820707,0.4329526,0.23244038,0.038241077,-0.29657993,-0.49323344,0.5343859,0.5659815,0.14414136,0.45618913,0.06772448,-0.8103902,0.7305601,-0.64580184,0.10481435,0.2226527,0.32146868,-0.89188474,-0.59353966,-0.43550184,0.12936582,0.035729095,0.18891148,-0.19742927,0.50225425,-0.40662178,0.050885573,0.16931021,0.13531274,0.84624857,-0.62101406,-0.71851766,0.51746345,0.036611546,0.26123992,0.43159842,0.77965945,-0.6314714,-0.16996914,0.4167692,-0.42373246,0.16759844,-0.07359581,-0.0027905663,0.6149717,0.6430815,0.13359727,0.08581222,-0.08986881,0.6324001,-0.6272926,0.4395785,0.66748685,-0.022623619,0.832397,0.31811556,0.9300932,-0.019608531,0.35956326,0.46956873,-0.6821947,0.801161,-0.5815279,0.047081098,0.79027826,0.20081538,-0.6402941,0.6192004,0.5843828,0.5488303,-0.6374543,0.26267323,0.31101835,-0.062323917,-0.22756186,0.26650396,0.4283802,0.008130363,0.10553142,0.8087117,-0.5009799,0.87885267,0.19307223,0.223506,-0.45450947,-0.22038431,-0.5074821,-0.7696477,0.64962125,1,0
42,0.8863822,0.7820707,0.42775998,0.23244038,0.038241077,-0.29657993,-0.49449846,0.5338979,0.5640946,0.1315712,0.45618913,0.06772448,-0.8103902,0.7305601,-0.64580184,0.10481435,0.2226527,0.32146868,-0.89188474,-0.59353966,-0.43015397,0.12936582,0.035729095,0.18891148,-0.19975595,0.50225425,-0.41068667,0.06372458,0.17341083,0.14289339,0.8441662,-0.62101406,-0.71974176,0.5168952,-0.05119836,0.25077677,0.4314851,0.7797567,-0.63123715,-0.1730423,0.41651618,-0.4262172,0.16860531,-0.07305542,-0.016189212,0.614087,0.63942873,0.13439567,0.0900814,-0.086643964,0.6324001,-0.6272926,0.4395785,0.66748685,-0.0027914762,0.831957,0.31714466,0.9303179,-0.016246838,0.36167756,0.4704527,-0.6821947,0.8010333,-0.58086884,0.024514353,0.7907312,0.20093533,-0.64016366,0.61970854,0.58572054,0.54831,-0.6347822,0.26446512,0.31175783,-0.022938674,-0.22592893,0.2687518,0.4273266,0.008512354,0.10865493,0.81038374,-0.50018704,0.8800592,0.19343193,0.22271097,-0.45417494,-0.21966016,-0.50708824,-0.76942474,0.6490865,1,0
43,0.8871337,0.78365207,0.4223073,0.2699468,0.043270126,-0.27951047,-0.50048536,0.53253084,0.5622077,0.117868476,0.46793145,0.06966516,-0.8103902,0.72909474,-0.6461677,0.09210646,0.2199661,0.32146868,-0.89404666,-0.59353966,-0.4296243,0.11632741,0.035729095,0.18795729,-0.19998644,0.50225425,-0.41108933,0.06623571,0.17381704,0.14635044,0.84365,-0.62839454,-0.7212272,0.51648885,-0.022439169,0.2405302,0.4315016,0.7802804,-0.63092875,-0.17575106,0.416223,-0.4261666,0.17313972,-0.07248679,-0.019644165,0.6132593,0.63623416,0.13507038,0.09441258,-0.08333847,0.62750673,-0.62914217,0.44059807,0.6674119,-0.10332004,0.83151704,0.31638128,0.9303884,-0.012945397,0.36377257,0.47116783,-0.6807106,0.80290884,-0.5808036,0.018311854,0.79115885,0.20079774,-0.6401251,0.62016934,0.58702004,0.5482586,-0.63280755,0.26464263,0.31183115,-0.0073217,-0.22419666,0.270897,0.4263015,0.008769308,0.11187539,0.8137647,-0.49952394,0.88191885,0.19363074,0.22019094,-0.45434567,-0.22034588,-0.5069737,-0.769183,0.6484835,1,0
44,0.8877182,0.7915341,0.42065263,0.28251436,0.04495525,-0.27379084,-0.50244945,0.532089,0.5616381,0.11369424,0.47186607,0.070315436,-0.8112726,0.7275764,-0.6481799,0.07800139,0.2109702,0.31661412,-0.90356606,-0.593488,-0.42309085,0.09572149,0.039831724,0.17644122,-0.2013942,0.5024802,-0.41108933,0.06665099,0.16872777,0.14725721,0.84421855,-0.6308676,-0.7218101,0.51727766,0.011943563,0.23030737,0.43153256,0.78087795,-0.63061905,-0.17836465,0.41613305,-0.42606717,0.17462565,-0.07231425,-0.0093546,0.61243784,0.6331276,0.13572015,0.09869048,-0.08007106,0.62278795,-0.63207406,0.44228327,0.6676525,-0.12274277,0.830984,0.31578723,0.9302791,-0.009590082,0.3654999,0.47481835,-0.6804467,0.8110893,-0.57999194,0.08617853,0.7912871,0.2004026,-0.64022166,0.62028694,0.5877154,0.5487031,-0.6329904,0.26577216,0.3118512,0.007711083,-0.22245346,0.27298638,0.42529705,0.008933815,0.114978366,0.8149718,-0.50013715,0.8831472,0.1933191,0.22263864,-0.453739,-0.2211412,-0.5072056,-0.7688305,0.6476732,1,0
45,0.88795877,0.7968496,0.41808075,0.28251436,0.04495525,-0.27379084,-0.5059403,0.5312432,0.5616381,0.11369424,0.47186607,0.07004872,-0.8119105,0.7268336,-0.6495461,0.07088233,0.20511721,0.3131044,-0.9099245,-0.59323055,-0.41836745,0.08398257,0.049658637,0.1683466,-0.21255292,0.5035413,-0.40328792,0.071874425,0.15308814,0.15965445,0.84368134,-0.6308676,-0.72250855,0.51764953,-0.008165141,0.22008455,0.43155226,0.78147185,-0.6303257,-0.18093568,0.4159039,-0.42601737,0.17728744,-0.072286956,-0.01353654,0.61160856,0.6300453,0.13635235,0.10295824,-0.076916106,0.6205616,-0.6337456,0.44325465,0.6678446,-0.066196665,0.83041066,0.31525955,0.9301003,-0.006242191,0.3670526,0.47638154,-0.67973137,0.8166817,-0.5793766,0.05739151,0.7912871,0.19989103,-0.6403751,0.6203769,0.5880379,0.55105335,-0.6251592,0.2746474,0.31052795,0.0585887,-0.22025518,0.27481788,0.42434058,0.008387034,0.11846262,0.81677777,-0.5004547,0.8842125,0.19323364,0.22310263,-0.453238,-0.21827643,-0.50810415,-0.7684337,0.6465424,1,0
46,0.88871384,0.8030095,0.4084728,0.2976203,0.043562844,-0.2704663,-0.5124599,0.52964246,0.56207955,0.11920856,0.4639495,0.06604543,-0.81204253,0.7265164,-0.65188134,0.06737161,0.20511721,0.31001997,-0.91273165,-0.59291625,-0.41836745,0.078540936,0.05945976,0.16104555,-0.22704001,0.50493735,-0.38991416,0.07933645,0.1360022,0.18230067,0.84151214,-0.6344709,-0.725005,0.5173531,-0.061899908,0.20990391,0.43151793,0.78221786,-0.6301228,-0.18335016,0.41545087,-0.42605072,0.18226649,-0.072358154,-0.030355189,0.610665,0.62676716,0.1369988,0.10729315,-0.07412287,0.61927986,-0.6328983,0.44362813,0.66826874,-0.027671568,0.8297782,0.31475988,0.92986363,-0.002815965,0.36843777,0.47589257,-0.6737566,0.81932247,-0.57933575,-0.022948213,0.7910937,0.19930317,-0.6405849,0.62030965,0.5878829,0.55441517,-0.60835665,0.28618574,0.30822217,0.10141982,-0.21741195,0.27637866,0.4234117,0.0069414065,0.12264508,0.82138157,-0.50022763,0.88681793,0.19375217,0.22058704,-0.45317584,-0.21389137,-0.50976014,-0.7680053,0.6449494,1,0
47,0.8914131,0.8221848,0.39000118,0.34478143,0.039228458,-0.26011738,-0.51723117,0.52842104,0.5634538,0.13755685,0.43930623,0.054769743,-0.8125344,0.72524816,-0.6610672,0.05351147,0.20354342,0.29628447,-0.9220937,-0.59283,-0.41776833,0.054792527,0.063146554,0.13212132,-0.22844407,0.5052909,-0.3829756,0.07933645,0.134328,0.19766577,0.84009343,-0.64571244,-0.7301607,0.5176894,-0.045664206,0.19982538,0.43137985,0.7833697,-0.63010806,-0.18542774,0.41506016,-0.4261345,0.18592867,-0.072701566,-0.026702536,0.60946447,0.622959,0.13772187,0.11174138,-0.07198435,0.61415815,-0.62861747,0.44509363,0.6699367,-0.12672588,0.82892346,0.31433737,0.9294195,0.0010240652,0.36923406,0.47840467,-0.6520784,0.8275222,-0.5792506,0.06970849,0.7902682,0.1984692,-0.640987,0.6193855,0.5864814,0.555747,-0.5934152,0.28735954,0.3069938,0.03791957,-0.21413034,0.27786246,0.4224534,0.0049748276,0.12739925,0.82818764,-0.5007094,0.89246815,0.1948406,0.22144419,-0.45296904,-0.21450572,-0.512097,-0.7674019,0.64270496,1,0
48,0.8953054,0.8221848,0.39000118,0.34632325,0.039228458,-0.26011738,-0.51723117,0.52842104,0.5634538,0.15075555,0.43930623,0.054769743,-0.8134372,0.7221112,-0.682451,0.020799678,0.1859829,0.25015718,-0.9290526,-0.5918675,-0.41108358,-0.021185152,0.10428369,0.062976465,-0.24411064,0.5052909,-0.3829756,0.07933645,0.1156473,0.19766577,0.84882075,-0.6459884,-0.7311226,0.5176894,0.22095056,0.18974678,0.43123126,0.78452176,-0.6301098,-0.18746041,0.41506016,-0.42344344,0.18592867,-0.072701566,-0.00397323,0.6082638,0.6187538,0.13854825,0.11608599,-0.069915585,0.60152394,-0.6102846,0.4484733,0.6738157,-0.299566,0.82726353,0.31408802,0.92831355,0.0063023935,0.36775422,0.47756195,-0.57385236,0.83401984,-0.57830137,-0.016601777,0.787775,0.19659932,-0.6420183,0.61658806,0.5813159,0.5545236,-0.5946208,0.299549,0.3069938,-0.032243077,-0.21084873,0.2792834,0.421525,0.0028447572,0.13173798,0.8291785,-0.5007094,0.8947275,0.19786695,0.22425556,-0.4521794,-0.21209066,-0.51601,-0.76585865,0.63933676,1,0
49,0.895746,0.8221848,0.3708995,0.3464978,0.015934054,-0.26011738,-0.51723117,0.52766377,0.5634538,0.15224975,0.42152482,0.03614538,-0.81353945,0.72175616,-0.6848718,0.017096462,0.18399492,0.24493524,-0.92984045,-0.59077376,-0.41032687,-0.029786374,0.29245806,0.055148754,-0.2739453,0.5079889,-0.36562806,0.06632437,-0.047277987,0.28074566,0.8424123,-0.65114266,-0.73576325,0.51551247,-0.11093906,0.17966817,0.4304942,0.7853732,-0.63077044,-0.18938927,0.41426942,-0.42106256,0.18613863,-0.07267712,-0.04326807,0.60651684,0.6144901,0.13927564,0.12091157,-0.06874781,0.6000936,-0.60820925,0.44885588,0.6742549,-0.08446002,0.8256036,0.31383288,0.9272246,0.0114848735,0.36629707,0.4733346,-0.52964836,0.8353741,-0.5780647,-0.10562957,0.7852818,0.19414863,-0.6431471,0.6169771,0.5733018,0.56047666,-0.5011903,0.32317904,0.3040937,0.13922091,-0.20451732,0.28030017,0.42030162,-0.0053434954,0.1381094,0.8340449,-0.49875256,0.89944977,0.19958761,0.22468722,-0.45199212,-0.2028261,-0.5179977,-0.76449484,0.6343997,1,0
50,0.90139663,0.83699137,0.3448869,0.4155724,-0.048063632,-0.25407004,-0.5156243,0.5269769,0.5642281,0.19867656,0.40490207,-0.007508347,-0.8153302,0.71818024,-0.6958874,0.0002648956,0.17017125,0.20284298,-0.92984045,-0.59042275,-0.41032687,-0.08917602,0.35786024,0.0073387753,-0.28394577,0.50895053,-0.35944566,0.06168711,-0.1045879,0.3460612,0.84508276,-0.65115595,-0.7433935,0.5143959,0.023425547,0.16966628,0.42843336,0.7865261,-0.6330521,-0.19052891,0.4132376,-0.39315128,0.18521288,-0.072871014,-0.065616585,0.60361433,0.6081881,0.14028834,0.12696975,-0.06924996,0.58803517,-0.5779354,0.45284995,0.67608225,-0.2533962,0.8231367,0.31357577,0.92559266,0.018107079,0.3625642,0.47186235,-0.47174126,0.8355946,-0.57801867,-0.05924453,0.781522,0.19075462,-0.64478856,0.6157985,0.56260556,0.5626476,-0.4293142,0.33110854,0.30306005,0.085705526,-0.19648579,0.28095132,0.4189485,-0.01573971,0.14664951,0.84152746,-0.49785772,0.90852004,0.20172001,0.22546281,-0.45187736,-0.20258884,-0.5203915,-0.76256853,0.6277345,1,0
51,0.9056831,0.8482238,0.33031762,0.46908635,-0.09031554,-0.24948245,-0.51440525,0.5266604,0.5648155,0.23933986,0.39709908,-0.03558957,-0.82711387,0.7116851,-0.7164207,-0.021456102,0.030240329,0.09340169,-0.9292632,-0.5896034,-0.41584042,-0.16556314,0.5380116,-0.07115244,-0.2974539,0.50895053,-0.36751306,0.05153873,-0.16991451,0.37314948,0.8491082,-0.64993876,-0.7479569,0.51413745,0.13395266,0.15969984,0.42581874,0.7878454,-0.63601387,-0.19129635,0.4126686,-0.37124953,0.18445376,-0.07302456,-0.04331074,0.60020995,0.6008008,0.1414797,0.13349414,-0.07047328,0.57185537,-0.48777726,0.46579257,0.6795305,-0.41462588,0.8188107,0.31345838,0.92274415,0.026554879,0.35175022,0.46733016,-0.35780174,0.83574486,-0.5785921,-0.10877122,0.7760583,0.18595554,-0.6470696,0.6150831,0.54587275,0.56108433,-0.39356765,0.34158608,0.30452263,-0.042471427,-0.1878486,0.28153187,0.4174924,-0.027690085,0.15492915,0.84591854,-0.49770808,0.91803926,0.20457394,0.22608557,-0.45229343,-0.20796946,-0.52309096,-0.75863725,0.6196097,1,0
52,0.9056831,0.8482238,0.3206566,0.4707555,-0.117775425,-0.24948245,-0.5153105,0.525065,0.5648155,0.24750455,0.3937509,-0.051325727,-0.8427516,0.70601135,-0.73468596,-0.03488451,-0.16392517,-0.02286211,-0.92839724,-0.5883745,-0.42411074,-0.21256271,0.8214388,-0.13448493,-0.32168758,0.50954497,-0.38385642,-0.0059231496,-0.268031,0.44265056,0.8455335,-0.6271765,-0.750267,0.5129542,-0.08549681,0.14973341,0.42259255,0.78888506,-0.63964677,-0.19193135,0.41117474,-0.35910264,0.18552881,-0.0729733,-0.08050413,0.596344,0.59313595,0.14264281,0.14050104,-0.072314605,0.561307,-0.38698974,0.48066148,0.6826235,-0.28386548,0.8128822,0.31346413,0.91886497,0.036185175,0.33453256,0.46053186,-0.23495196,0.8359703,-0.5794523,-0.20658894,0.76938844,0.18002042,-0.6497726,0.6160698,0.5236934,0.5596333,-0.30647123,0.36044315,0.3075392,-0.056141187,-0.17666008,0.28293294,0.41518393,-0.043575548,0.16576163,0.8487371,-0.49662435,0.9260851,0.20773605,0.22539328,-0.45302916,-0.21139504,-0.5246044,-0.75298685,0.6093595,1,0
53,0.9047718,0.8558188,0.28325713,0.49100325,-0.2186135,-0.23318161,-0.51868635,0.5182181,0.56646746,0.26282594,0.37211055,-0.10882449,-0.84411436,0.7041291,-0.7347677,-0.03642468,-0.17912884,-0.034486856,-0.92839724,-0.5883745,-0.42496124,-0.21256271,0.86529255,-0.1436772,-0.3348811,0.51152,-0.39794922,-0.14624415,-0.26845223,0.6762782,0.8296227,-0.5418321,-0.75906765,0.50939935,-0.4429205,0.13997377,0.41751808,0.78928065,-0.64536375,-0.19197352,0.40464956,-0.3185082,0.18980142,-0.0732194,-0.40458423,0.59112775,0.5845943,0.14373109,0.14904329,-0.076096654,0.5560632,-0.37412512,0.4829573,0.6824658,-0.11066476,0.8067307,0.31339815,0.9148545,0.045889143,0.31675038,0.4603905,-0.21569866,0.83599144,-0.57955736,-0.005931431,0.762475,0.17397682,-0.65244615,0.61725277,0.5008242,0.5626024,-0.046619296,0.37087706,0.3102722,0.08710343,-0.1587547,0.28619048,0.4108199,-0.06725585,0.18653087,0.859547,-0.49358016,0.93565,0.20986295,0.22226323,-0.45301938,-0.20888415,-0.5229897,-0.7475198,0.5954899,1,0
54,0.8926974,0.9564533,0.21296301,0.7592866,-0.346014,-0.01719434,-0.5235658,0.49772578,0.5883554,0.4658347,0.23275346,-0.17802319,-0.862171,0.6791888,-0.7358504,-0.05683204,-0.3805777,-0.18851492,-0.92839724,-0.5883745,-0.43622974,-0.21256271,0.86529255,-0.26547506,-0.3348811,0.51152,-0.39794922,-0.14624415,-0.26845223,0.7126082,0.7761481,-0.4233719,-0.77399004,0.5143833,-1.4148661,0.13274734,0.41000795,0.79099494,-0.65426564,-0.18849282,0.3839448,-0.23019336,0.19909443,-0.07874077,-1.2167168,0.58403474,0.56906873,0.14620315,0.15850367,-0.084112026,0.48658058,-0.20366877,0.51337665,0.68037665,-1.5660183,0.79784894,0.31333557,0.90893316,0.05849469,0.28896183,0.45852247,-0.11464421,0.8362722,-0.5809507,-0.04969648,0.7525784,0.16833144,-0.6553387,0.6138944,0.4724165,0.5626024,-0.0070484634,0.37087706,0.3102722,0.0068276785,-0.13961633,0.28864872,0.406289,-0.09195149,0.20878227,0.87871253,-0.5009463,0.96215993,0.20507836,0.2155569,-0.45199326,-0.23148137,-0.5208822,-0.73948216,0.5789758,1,0
55,0.89115965,0.984587,0.20401056,0.83449197,-0.36223945,0.16462411,-0.52418727,0.49511597,0.61057264,0.56737757,0.21500526,-0.18683615,-0.87628835,0.6552286,-0.74496424,-0.115998685,-0.40623382,-0.35457832,-0.9275597,-0.5889237,-0.4706652,0.01069684,1.5979049,-0.46926495,-0.3348811,0.50976884,-0.39794922,-0.2670861,-0.26845223,0.71723515,0.7692079,-0.41403732,-0.77598166,0.5172151,-0.42546555,0.12747845,0.40271378,0.7925575,-0.6629692,-0.18380493,0.38109803,-0.19718996,0.20033574,-0.084940396,-0.3745224,0.5769417,0.5511697,0.1492822,0.16766329,-0.0921711,0.41731265,-0.024016036,0.54144007,0.67996764,-1.74688,0.78615934,0.31272247,0.9009229,0.076882176,0.254453,0.45497283,0.23260815,0.83603585,-0.58528346,-0.09462985,0.7376938,0.16495992,-0.6574354,0.6156008,0.42231038,0.5582321,0.007411977,0.37068886,0.3101154,-0.11264691,-0.12047797,0.2945525,0.40003872,-0.11635592,0.23044503,0.881271,-0.506749,0.975011,0.20296691,0.21454267,-0.45314392,-0.25240463,-0.5205532,-0.7281673,0.55910057,1,0
56,0.88371056,0.9903826,0.16832742,0.8500196,-0.446694,0.22301164,-0.5350818,0.4784488,0.6179244,0.5960161,0.14516598,-0.23985915,-0.88075995,0.6473645,-0.7483604,-0.13740252,-0.30370274,-0.4099903,-0.9272427,-0.5891315,-0.48315167,0.09517296,1.875108,-0.5405048,-0.2393994,0.4915457,-0.39709833,-0.40372115,-0.1115878,0.90884364,0.73987585,-0.31103718,-0.7832105,0.51326716,-0.70237404,0.122495234,0.39344677,0.7932027,-0.673699,-0.17868005,0.36580357,-0.15100063,0.21294352,-0.086574376,-0.8138718,0.5682933,0.5327245,0.15210982,0.17827797,-0.10300136,0.3944514,0.033561494,0.5505927,0.6799135,-0.7738155,0.77406,0.3113012,0.8927837,0.09729214,0.2211233,0.45371982,0.35913047,0.8359329,-0.5868558,-0.0499972,0.72208124,0.16142389,-0.65926063,0.6179868,0.36973923,0.5201577,0.22299471,0.29357544,0.30830693,-0.98058325,-0.094305836,0.3017502,0.39116257,-0.14675847,0.26515043,0.8938639,-0.5040864,0.98568696,0.20542367,0.20523487,-0.4538051,-0.2903648,-0.52146184,-0.7168849,0.5351165,1,0
57,0.86765575,1.0819122,0.11810768,1.0757447,-0.5934809,0.52913564,-0.54940575,0.45328057,0.63801444,0.7442344,0.06009435,-0.3380064,-0.88075995,0.6390093,-0.7519629,-0.1687949,-0.22211114,-0.47661433,-0.9272427,-0.58949447,-0.49715438,0.09517296,1.875108,-0.6422478,-0.15755023,0.47757146,-0.38432023,-0.47606617,0.013240962,1.0613209,0.6853369,-0.12416071,-0.7927893,0.52071023,-1.51677,0.12139547,0.38174543,0.7944409,-0.68739545,-0.16944961,0.34228846,-0.035071712,0.23067898,-0.09173287,-1.490573,0.5572367,0.50838596,0.15582947,0.19128323,-0.11791969,0.36696053,0.10446258,0.5573686,0.6798526,-0.5766415,0.76068324,0.30920032,0.8836605,0.12074037,0.18599801,0.45303145,0.4463184,0.8360365,-0.5886371,-0.018751863,0.70377326,0.15726958,-0.6611798,0.6162011,0.31264126,0.4927123,0.39171338,0.22772853,0.30469343,-0.9651847,-0.06466635,0.30872658,0.38099444,-0.17984135,0.3059413,0.9109705,-0.513457,0.99775684,0.20066492,0.19224906,-0.45324534,-0.32200655,-0.523325,-0.70490235,0.50753236,1,0
58,0.85169804,1.2261411,0.083718106,1.4839737,-0.7188804,1.0812461,-0.5583157,0.43452126,0.6696715,0.99306524,0.013616735,-0.42617497,-0.8758472,0.6215674,-0.75917685,-0.233958,-0.14456746,-0.6168965,-0.9214745,-0.59047717,-0.52628255,0.15319712,2.0152624,-0.86212057,-0.14830482,0.4723733,-0.36525175,-0.5131298,0.013240962,1.0613209,0.6361156,0.04205846,-0.798862,0.5384317,-1.501992,0.12561288,0.36848587,0.7971707,-0.7032227,-0.15496647,0.32431313,0.104477905,0.24284358,-0.10042061,-1.2156155,0.5443066,0.47695217,0.1608652,0.20605409,-0.1358943,0.30608773,0.2587551,0.5682236,0.6796587,-1.5259459,0.74517167,0.3060899,0.87290835,0.14934747,0.14740764,0.4508723,0.6692302,0.83105624,-0.59237015,-0.060190916,0.680811,0.15295915,-0.6629597,0.60962677,0.24476284,0.48220277,0.39493108,0.21969596,0.30069843,-0.24942978,-0.035026807,0.3158409,0.3701259,-0.21247123,0.3459899,0.9221916,-0.53386956,1.0079539,0.18929663,0.18115664,-0.4529125,-0.33331633,-0.5252572,-0.6910432,0.47681195,1,0
59,0.85070187,1.2261411,0.08159523,1.6706767,-0.7295116,1.3290428,-0.5583157,0.43311512,0.6696715,1.0473424,0.013616735,-0.43761712,-0.8583893,0.60637224,-0.76463956,-0.28973565,0.13255438,-0.7423323,-0.8977101,-0.59193665,-0.5513818,0.35939044,2.5133114,-1.0737358,-0.13879302,0.4522813,-0.36213595,-0.6556634,0.031960454,1.0765734,0.6331293,0.06802049,-0.79919547,0.5381592,-0.071424015,0.13229457,0.3552246,0.800673,-0.7190096,-0.13846679,0.322854,0.1299397,0.24328624,-0.10039071,-0.07866233,0.5310408,0.4440612,0.16613635,0.22092842,-0.15410866,0.24370986,0.40035588,0.568856,0.67931074,-1.5896908,0.7277748,0.3011422,0.8610166,0.18447636,0.108341776,0.4461262,0.9731473,0.8099086,-0.5956616,-0.13310476,0.65345395,0.14928906,-0.66378105,0.6028635,0.16242877,0.43356282,0.42414021,0.20870852,0.29820028,-1.4675484,-0.0048273667,0.32537237,0.3573903,-0.24515888,0.38630262,0.92271584,-0.5336104,1.008528,0.18919766,0.17168136,-0.455662,-0.3382259,-0.52623665,-0.67509377,0.44284204,1,0
60,0.83445704,1.2261411,0.04697715,1.6706767,-0.90288144,1.3290428,-0.5583157,0.4101832,0.6696715,1.0473424,0.013616735,-0.62421125,-0.8583893,0.60637224,-0.76463956,-0.28973565,0.1580668,-0.7423323,-0.8444379,-0.59193665,-0.5513818,0.35939044,2.5133114,-1.0737358,0.016321462,0.42587,-0.3113252,-0.8322002,0.33723035,1.3253057,0.58442974,0.28089225,-0.8046343,0.5337147,-1.2363992,0.13897625,0.33799818,0.8027478,-0.7383828,-0.121510655,0.29906017,0.28613046,0.2505051,-0.09990158,-1.3386236,0.51263684,0.4094301,0.17047702,0.24248596,-0.17831042,0.24370986,0.4013809,0.568856,0.67931074,-0.19779207,0.7103779,0.29551557,0.849039,0.21904501,0.07053899,0.43095955,0.9731473,0.76310533,-0.5956616,-0.39307687,0.6260969,0.14393255,-0.66415316,0.5957907,0.08135678,0.38979277,0.7140018,0.08057132,0.28610942,-1.3378537,0.03394294,0.33635882,0.34005842,-0.2835779,0.4435089,0.93126506,-0.52938336,1.0138887,0.19201091,0.1461269,-0.45585567,-0.39000535,-0.53267646,-0.66083145,0.40446305,1,0
61,0.8197127,1.2653196,0.0133498,2.1438882,-1.0553912,1.832178,-0.52294195,0.39060247,0.6418096,1.4552567,0.35445175,-0.8609651,-0.8583893,0.5959327,-0.76463956,-0.32812393,0.16167703,-0.8320784,-0.83689946,-0.59193665,-0.56367916,0.35939044,2.5133114,-1.2232401,0.038271457,0.42213255,-0.30413502,-0.85718155,0.38042858,1.3605033,0.5393579,0.5049707,-0.81051254,0.5357928,-1.3144721,0.15204057,0.31821057,0.8071544,-0.7605495,-0.09777596,0.27176294,0.6007265,0.23075226,-0.091186546,-1.7024255,0.4880623,0.35494962,0.17809118,0.27375636,-0.20669962,0.21002853,0.4987991,0.5775076,0.67825127,-0.7063019,0.6912604,0.28893298,0.8354109,0.25634634,0.029301276,0.42694077,1.1095288,0.7567411,-0.5971885,-0.16879076,0.5947792,0.13611872,-0.6644664,0.5827107,-0.0061147157,0.38359907,0.75501955,0.062438864,0.28439844,-0.38016427,0.07271315,0.34518528,0.322473,-0.3212389,0.49961144,0.92925817,-0.52663684,1.0230391,0.18986891,0.15788606,-0.46057442,-0.4037595,-0.532519,-0.64658695,0.3634152,1,0
62,0.81472063,1.2810341,0.0018267066,2.3336933,-1.1067226,2.0339859,-0.5087534,0.38405013,0.6306342,1.6188712,0.66207,-0.9453362,-0.8878684,0.58181727,-0.7506192,-0.5644926,0.32395503,-0.92628354,-0.77782017,-0.567665,-0.5686117,0.48884273,2.2144186,-1.3725878,0.038271457,0.409145,-0.30413502,-0.94947916,0.38042858,1.3605033,0.5240436,0.58276635,-0.81256163,0.53687865,-0.58211577,0.16615702,0.29792267,0.8120056,-0.7827066,-0.07321303,0.26216462,0.7262091,0.22241966,-0.087718755,-0.8090496,0.46247065,0.29671937,0.18615685,0.3077278,-0.2335425,0.18841568,0.6228219,0.60930645,0.6737107,-0.6202027,0.67074317,0.28303972,0.81854945,0.29914206,-0.010614323,0.30775726,1.1987683,0.71765274,-0.5948398,-2.8042397,0.56044066,0.12951548,-0.6638958,0.5596443,-0.09371554,0.35144588,0.76398176,0.05936999,0.2830467,-0.80717283,0.11148342,0.35501444,0.30336875,-0.3584617,0.55446714,0.927968,-0.5257751,1.0373961,0.18563908,0.14709565,-0.45999306,-0.42862162,-0.52865857,-0.6310429,0.32033178,1,0
63,0.8097926,1.2810341,-0.015721854,2.3336933,-1.1846347,2.0339859,-0.5087534,0.37289265,0.61679226,1.6188712,0.8046998,-1.0408049,-0.9124698,0.5735318,-0.7356091,-0.7489009,0.45938185,-0.9748601,-0.7285164,-0.5474094,-0.559963,0.5968753,1.9649817,-1.4471796,0.108511865,0.39159358,-0.28457767,-1.1089376,0.60243016,1.4376433,0.50717026,0.6768969,-0.8162166,0.5344187,-0.40362597,0.18027346,0.2754987,0.8163171,-0.8061701,-0.048668865,0.25071663,0.8166284,0.22587986,-0.083234504,-0.6076096,0.43407834,0.2368433,0.19357938,0.34573945,-0.26235598,0.18208903,0.69376284,0.6328286,0.6695496,-0.18585199,0.6496398,0.27721262,0.8000291,0.3439702,-0.049045935,0.21028575,1.2275903,0.6847666,-0.5912628,-3.1434174,0.5248584,0.12283241,-0.6625818,0.53205866,-0.17998044,0.32019082,0.8724702,-0.0011636334,0.27748713,-1.033373,0.15308543,0.36653012,0.28095335,-0.39529133,0.61579686,0.9331456,-0.5212104,1.0501246,0.18394962,0.1303243,-0.45879245,-0.47055656,-0.52742213,-0.6157342,0.27495357,1,0
64,0.7959408,1.2321789,-0.055989597,2.436999,-1.3711392,1.9395692,-0.5168409,0.339684,0.54773146,1.6315986,1.0077225,-1.2605182,-0.92152077,0.5705595,-0.7301278,-0.8120744,0.45938185,-0.9860154,-0.7285164,-0.5474094,-0.54563856,0.5968753,1.8795581,-1.4790289,0.22484773,0.38047552,-0.2521858,-1.2454671,0.9706904,1.5654064,0.46300906,0.90777814,-0.8237702,0.5195697,-1.237188,0.19319215,0.24898405,0.82098484,-0.8327086,-0.023798266,0.21903056,1.0267556,0.24233995,-0.060937617,-1.9507929,0.40049502,0.17202713,0.20035341,0.39208713,-0.29501778,0.18034765,0.7118917,0.6414531,0.6680105,-0.033210974,0.6283225,0.27136412,0.78046733,0.3885054,-0.086663105,0.2125465,1.248599,0.6844702,-0.58943135,0.06463524,0.4884323,0.114315175,-0.66093755,0.502115,-0.26502186,0.31286642,1.0398039,-0.097180866,0.27014735,-0.2360038,0.19810931,0.37837037,0.25538895,-0.4315997,0.68522024,0.94764537,-0.49617594,1.0609157,0.19214763,0.11810249,-0.46609277,-0.51576316,-0.52977884,-0.60188043,0.22724643,1,0
65,0.77425575,1.0459794,-0.09868689,2.830724,-1.5901428,1.579723,-0.54766417,0.28354803,0.37189883,1.6801064,1.7814945,-1.495265,-0.9572984,0.55836344,-0.72962344,-1.0605037,0.47694895,-1.0315816,-0.7235868,-0.5475019,-0.54402596,0.6010444,1.5257113,-1.6049188,0.22484773,0.38021895,-0.2521858,-1.2526048,0.9728611,1.5654064,0.40121105,1.1935356,-0.8294867,0.47850397,-1.7929854,0.20251766,0.21778086,0.8287971,-0.8627899,0.0015498569,0.17053212,1.2998445,0.28323135,-0.0042635375,-3.1162305,0.36149144,0.0974529,0.20731501,0.45082688,-0.32778722,0.16931993,0.7863302,0.6767217,0.6665158,-0.2736661,0.6063052,0.26670784,0.7580712,0.43474242,-0.12340367,0.2120369,1.3310632,0.6798679,-0.5892376,-0.014561709,0.44935587,0.10363875,-0.65931654,0.46368462,-0.3491934,0.312235,1.0407206,-0.097258225,0.2701189,-0.01917831,0.24313292,0.3877242,0.2294553,-0.46715495,0.75332713,0.9702247,-0.42957687,1.0802335,0.21697442,0.086067416,-0.4883591,-0.54199404,-0.5282862,-0.5889893,0.17775348,1,0
66,0.77425575,1.0459794,-0.09868689,2.830724,-1.5901428,1.579723,-0.54766417,0.28354803,0.37189883,1.6801064,1.7814945,-1.495265,-0.9844737,0.53996795,-0.7189315,-1.2228628,0.8493655,-1.0962528,-0.6190818,-0.5494639,-0.50983816,0.6894269,0.92628247,-1.7003905,0.22484773,0.37478143,-0.2521858,-1.4039226,0.9728611,1.5654064,0.40121105,1.1935356,-0.8294867,0.47850397,-0.24148501,0.21184322,0.18632382,0.8367014,-0.8918074,0.026517745,0.17053212,1.2998445,0.28323135,-0.0042635375,-0.42093584,0.32248762,0.022867896,0.213691,0.5082768,-0.35983402,0.13454677,0.8996339,0.71163124,0.6619605,-0.7956523,0.58310634,0.2597121,0.73394394,0.48797745,-0.15575026,0.20123474,1.381833,0.5823023,-0.5851308,-0.2675429,0.4078692,0.09249972,-0.65738624,0.41173285,-0.42773554,0.298851,1.0571802,-0.09889864,0.26951548,-0.3537559,0.28815684,0.39833406,0.20122248,-0.5023497,0.8193954,0.9702247,-0.42957687,1.0937778,0.21342047,0.04385316,-0.48494333,-0.56858987,-0.5240124,-0.57471925,0.12663627,1,0
67,0.75983536,0.9037041,-0.13636051,2.830724,-1.774647,1.3408326,-0.59695137,0.24626523,0.25017968,1.6801064,1.7814945,-1.6673645,-0.9887037,0.5371046,-0.7172673,-1.2481347,0.90733397,-1.1063192,-0.58974665,-0.54976934,-0.50451666,0.703184,0.8329785,-1.7152511,0.35581753,0.37049147,-0.19812955,-1.5788563,1.2721615,1.7000626,0.35801095,1.4169761,-0.8355554,0.44309667,-1.0334011,0.21813819,0.14932781,0.8438548,-0.92411494,0.049895965,0.14695983,1.4588974,0.3332111,0.03709005,-1.2496254,0.27843547,-0.057253733,0.2189474,0.5721216,-0.39814883,0.12913404,0.9172701,0.71706516,0.6612514,-0.26192915,0.55990756,0.25182977,0.7096377,0.5397525,-0.187182,0.1967419,1.3897353,0.55507815,-0.5844916,-0.15916646,0.36638278,0.079457276,-0.65488493,0.36050543,-0.5047935,0.31725624,1.2387251,-0.20426376,0.25872695,0.38883668,0.3381236,0.40851408,0.16804789,-0.53843594,0.89584506,0.9968763,-0.37612113,1.1018673,0.23527864,-0.0046472494,-0.50077635,-0.61520374,-0.5290433,-0.56210697,0.072976515,1,0
68,0.7427309,0.71943533,-0.17629114,2.765442,-1.9678882,1.087072,-0.6723674,0.2089171,0.10190547,1.7042983,1.8728235,-1.8383721,-1.001214,0.5282601,-0.7172673,-1.2481347,0.90733397,-1.1375462,-0.58419806,-0.5507193,-0.50451666,0.6663798,0.54457283,-1.7439815,0.411424,0.36902955,-0.17517869,-1.6431288,1.3992373,1.7572342,0.3087267,1.6493684,-0.8410786,0.3970475,-1.4271975,0.221942,0.107639305,0.84946984,-0.95868707,0.07126324,0.13243638,1.6290644,0.40310615,0.087992154,-1.0703112,0.23057942,-0.14406909,0.22355045,0.6414479,-0.4404462,0.11177634,0.9482447,0.7339165,0.6601678,-0.36439535,0.53611004,0.24262689,0.6846207,0.5913295,-0.21940856,0.19958979,1.4086579,0.549526,-0.5846157,0.048254512,0.32413507,0.06366514,-0.6526481,0.30418044,-0.5771997,0.325955,1.3147169,-0.2488908,0.25418615,0.33709508,0.3890018,0.41589463,0.13373706,-0.57400554,0.97292835,1.0310949,-0.30812,1.1138492,0.2635804,-0.058403,-0.5210231,-0.6457554,-0.5303686,-0.55004483,0.018334879,1,0
69,0.733122,0.6110579,-0.19723417,2.7083209,-2.0684288,0.95378226,-0.7200453,0.19008842,0.017385999,1.7814367,1.9527351,-1.9240669,-1.0185765,0.51163614,-0.6891844,-1.241947,1.0012299,-1.2276092,-0.5315636,-0.55304444,-0.5075329,0.6153575,0.14435346,-1.7838551,0.411424,0.36718363,-0.17517869,-1.7245959,1.3992373,1.7572342,0.2816521,1.7697008,-0.84365684,0.36990887,-0.88168275,0.224666,0.063737646,0.8543701,-0.99351126,0.09157756,0.12848555,1.7277501,0.44569594,0.117168136,-0.28620127,0.18111789,-0.23644802,0.22805731,0.71222997,-0.48409122,0.078656435,1.0459256,0.76033276,0.651558,-0.8094974,0.510775,0.23059154,0.6583325,0.64560056,-0.25352412,0.19893083,1.4402705,0.49994618,-0.5853014,0.011864704,0.28107166,0.044870157,-0.65072703,0.24207197,-0.6450826,0.32144335,1.3244203,-0.24955754,0.25396854,-0.116180174,0.43987992,0.42230904,0.0980249,-0.6091244,1.0481018,1.0511345,-0.26847878,1.1266394,0.2740408,-0.1111466,-0.5331393,-0.6656484,-0.5217994,-0.5367154,-0.036856394,1,0
70,0.7308831,0.5475808,-0.2055577,2.6430457,-2.099096,0.91594875,-0.74544924,0.1841621,-0.0068235644,1.8789319,1.8938569,-1.9502943,-1.0297529,0.49615893,-0.6382879,-1.2311687,1.1647868,-1.3368955,-0.43987975,-0.55564696,-0.512787,0.5825765,-0.11321869,-1.8095219,0.44800818,0.35851783,-0.14995266,-1.9210094,1.3419605,1.7795328,0.27504122,1.8049145,-0.8445955,0.35434017,-0.15813178,0.22690998,0.018537024,0.85824573,-1.0277379,0.11076085,0.13071322,1.7642534,0.4668611,0.12584093,0.11656574,0.13088714,-0.33276987,0.23234096,0.7822278,-0.5291181,0.04773086,1.1688662,0.7805642,0.6377534,-0.82224584,0.48390093,0.21549232,0.6308334,0.70277464,-0.28904322,0.19162256,1.4664956,0.41425607,-0.5863066,-0.21921879,0.23750892,0.02347454,-0.6487769,0.17661075,-0.70990473,0.31079355,1.3671298,-0.28151965,0.24807882,-0.3217717,0.4915765,0.4285387,0.05972537,-0.6461707,1.1217633,1.0607402,-0.24999633,1.1354139,0.2731249,-0.16377309,-0.5374074,-0.6935932,-0.5110109,-0.5218421,-0.0928052,1,0
71,0.72146916,0.28066465,-0.24121717,2.361675,-2.22799,0.7568723,-0.85227036,0.1589059,-0.10862282,1.8832694,1.6050546,-2.060572,-1.0309244,0.49565762,-0.6301739,-1.2311687,1.1647868,-1.3408908,-0.43987975,-0.55564696,-0.512787,0.58167195,-0.11981645,-1.8103564,0.5980003,0.3361711,-0.046007805,-2.1444802,1.1071312,1.8709546,0.24709743,1.9528215,-0.8487016,0.2884716,-0.8044484,0.22754867,-0.03032898,0.8583266,-1.0628312,0.12649077,0.13984765,1.8524189,0.55599606,0.16238822,0.58374083,0.078083046,-0.43191978,0.23519199,0.853278,-0.580217,0.04847254,1.1728773,0.781451,0.6357977,0.020304373,0.45695028,0.19941738,0.6030225,0.7584113,-0.3236645,0.19162256,1.4675139,0.41425607,-0.5863066,-0.0026284144,0.19392411,0.00043174913,-0.64627695,0.11204873,-0.7733005,0.2994066,1.4729362,-0.40779036,0.22538596,-0.34804854,0.5459251,0.43172827,0.018320058,-0.68970937,1.19541,1.1013521,-0.17187777,1.1398052,0.3132912,-0.22926256,-0.5518704,-0.74527705,-0.52112466,-0.50772446,-0.1501331,1,0
72,0.7143596,0.0788099,-0.2876633,1.9453721,-2.3237047,0.636879,-0.9330537,0.129875,-0.1856082,2.0146284,0.16937126,-2.1437721,-1.0664059,0.4804766,-0.6301739,-1.2311687,1.1647868,-1.4618882,-0.43987975,-0.55564696,-0.512787,0.5542786,-0.31962606,-1.8356236,0.5980003,0.3361711,-0.030256368,-2.1444802,1.1071312,1.8709546,0.22168352,2.0598235,-0.8565119,0.2267514,-0.741863,0.22671548,-0.08292734,0.85267967,-1.0981545,0.13711388,0.13987075,1.9105456,0.62745285,0.19235496,0.084793404,0.02291844,-0.5306016,0.23582597,0.9143608,-0.6498894,0.03234718,1.2943534,0.82065606,0.63354343,-0.34504643,0.4277561,0.18013151,0.57266283,0.8158351,-0.36279675,0.19162256,1.4983523,0.41425607,-0.5863066,-0.0026284144,0.14969173,-0.025791166,-0.6437136,0.044698786,-0.83320993,0.3011036,1.4729362,-0.40749303,0.22235969,-0.009807937,0.6002741,0.43076602,-0.023395404,-0.7319708,1.2670392,1.1385642,-0.10093859,1.1627139,0.35059884,-0.28176337,-0.56372905,-0.77428085,-0.5204624,-0.4917633,-0.20789759,1,0
73,0.7131523,0.044533905,-0.2955501,1.8746818,-2.3399577,0.6165035,-0.94677114,0.12494546,-0.19868073,2.036934,-0.07441538,-2.1578999,-1.1165777,0.46645302,-0.57185984,-1.1646464,0.94720817,-1.6110771,-0.34116787,-0.52491426,-0.49455252,0.5328926,-0.41663092,-1.8520983,0.5980003,0.32488543,-0.027581764,-2.3344367,0.9395631,1.8709546,0.21736808,2.0779932,-0.8578381,0.21627098,-0.22652788,0.22588234,-0.13575551,0.84723777,-1.1320438,0.14782347,0.13987462,1.9204158,0.6395866,0.19744344,-0.00094482244,-0.03224582,-0.629871,0.23575674,0.97405005,-0.7181329,0.0436613,1.4231623,0.86527944,0.6175545,0.16764908,0.39609566,0.15892796,0.538965,0.87192655,-0.41029593,0.04820036,1.5185035,0.33125663,-0.5798317,-3.361541,0.10513676,-0.054165773,-0.6406604,-0.023563419,-0.8919096,0.27408695,1.4907349,-0.41225746,0.22034095,-0.6701625,0.65462273,0.4296049,-0.06713974,-0.77707326,1.3340508,1.1448829,-0.088892855,1.1813339,0.3447581,-0.32659012,-0.56035703,-0.80935484,-0.50540864,-0.47292337,-0.26587924,1,0
74,0.7131523,0.044533905,-0.32137042,1.5990015,-2.3782728,0.6165035,-0.98475283,0.10948759,-0.22827473,2.036934,-0.74930155,-2.2205694,-1.1363934,0.4613155,-0.5455154,-1.1069225,0.84954655,-1.6688192,-0.2961829,-0.51111966,-0.482294,0.5253812,-0.44494307,-1.8575673,0.69531286,0.30759576,0.088768035,-2.492767,0.7554432,1.887286,0.2110083,2.1214292,-0.86491877,0.20223483,-0.15212551,0.22504912,-0.1903751,0.8386874,-1.1653078,0.15589955,0.13889739,1.9925416,0.67420214,0.21007101,-0.053149488,-0.08924841,-0.72693133,0.23337123,1.029746,-0.7950542,0.049998958,1.469286,0.8823103,0.6105094,0.20382638,0.36393076,0.13613254,0.50471765,0.9259666,-0.45868728,-0.015562786,1.525198,0.2933013,-0.57639396,-2.316585,0.060515877,-0.084054805,-0.637069,-0.09110789,-0.9493313,0.27039066,1.5218663,-0.49463633,0.19540012,-0.26255876,0.7095708,0.4259175,-0.11260551,-0.82525873,1.398527,1.1663059,-0.06969066,1.1949205,0.34814584,-0.3684453,-0.5624946,-0.85529506,-0.5115857,-0.4540983,-0.3242137,1,0
75,0.7173003,0.07856266,-0.36109868,1.1975368,-2.4328642,0.62830025,-1.0457551,0.08453745,-0.27384487,2.0505416,-1.5373381,-2.318177,-1.1747215,0.4465023,-0.5453596,-1.0813625,0.7659947,-1.7281075,-0.29556146,-0.51111966,-0.47855705,0.5185792,-0.44494307,-1.8575673,0.78457654,0.29638278,0.19959271,-2.5597913,0.65554523,1.9022664,0.21065283,2.1849272,-0.87728447,0.18713643,-0.057672646,0.2243656,-0.24698403,0.8267989,-1.1980171,0.16115251,0.13776122,2.1066754,0.7299005,0.22996025,-0.07829489,-0.14852014,-0.8239701,0.22878522,1.0830114,-0.8800854,0.041930605,1.524196,0.9232765,0.6078277,-0.16961806,0.33062902,0.11155697,0.46864635,0.97863036,-0.50967276,-0.015000083,1.5250884,0.29265887,-0.57590634,0.0151900435,0.015894875,-0.11540227,-0.632988,-0.15746889,-1.0054642,0.27875188,1.5430944,-0.56811523,0.1723495,0.2747994,0.7648752,0.4190316,-0.15892114,-0.8742736,1.4612107,1.2017787,-0.045705218,1.2230026,0.35561025,-0.409646,-0.5699599,-0.9154196,-0.5211577,-0.43469146,-0.38273156,1,0
76,0.72553885,0.14509943,-0.39051175,0.92513055,-2.4685144,0.6499275,-1.093719,0.06479093,-0.30762193,2.0754895,-1.8471167,-2.391733,-1.2650046,0.41075918,-0.53362757,-1.0203502,0.5852711,-1.867302,-0.2689611,-0.5029126,-0.46873334,0.4572944,-0.44168586,-1.8552192,0.78457654,0.28955147,0.20710652,-2.5597913,0.6267564,1.9022664,0.22212587,2.2282934,-0.88824815,0.18397695,0.33708227,0.2238849,-0.304912,0.81303674,-1.229853,0.16479433,0.13732167,2.194626,0.7738006,0.24518748,-0.030738778,-0.20938747,-0.9231146,0.22277063,1.1355952,-0.96838725,0.024626635,1.655994,1.0200067,0.5983363,-0.444287,0.29520154,0.08421888,0.42960557,1.0303259,-0.5669688,-0.051349286,1.5217491,0.26865017,-0.57339656,-0.85391295,-0.028664038,-0.14901298,-0.6287073,-0.22242227,-1.060517,0.26339158,1.5422679,-0.57129544,0.16981792,-0.38130045,0.82017964,0.4085994,-0.20520914,-0.92256105,1.522008,1.2309915,-0.034842573,1.271338,0.35020494,-0.45228842,-0.57389814,-0.98856145,-0.5129314,-0.4133274,-0.44120753,1,0
77,0.72834456,0.16346875,-0.39095634,0.9201845,-2.4685144,0.6499275,-1.096362,0.06443187,-0.30846938,2.0754895,-1.8484032,-2.391733,-1.3535842,0.3727629,-0.48155493,-0.74958026,0.4633672,-2.0022764,-0.15124315,-0.46659243,-0.42525938,0.2412697,-0.4272713,-1.8445625,0.78750354,0.25888368,0.21037602,-2.5596962,0.4972901,1.9022179,0.22835238,2.228309,-0.8892581,0.18775223,0.18023674,0.22340424,-0.36293957,0.79963136,-1.2602906,0.16867028,0.13799968,2.194688,0.77581084,0.24555033,0.034505017,-0.2702545,-1.0232276,0.21604827,1.1868603,-1.0549456,0.0137604615,1.7756039,1.1156205,0.5777522,-0.27560806,0.25772136,0.05222541,0.38920012,1.0800806,-0.6317175,-0.21220918,1.5075686,0.16240154,-0.56228983,-4.548755,-0.07299736,-0.18668056,-0.6248068,-0.28547308,-1.1149552,0.19153018,1.5385032,-0.5886714,0.16432823,-2.172465,0.87548196,0.39381528,-0.25105172,-0.9714398,1.5801674,1.2328523,-0.038022134,1.3094294,0.33175576,-0.49973655,-0.56480324,-1.0666106,-0.49509102,-0.38956735,-0.4995304,1,0
78,0.72834456,0.16346875,-0.41451597,0.65806776,-2.4685144,0.6499275,-1.2364224,0.045403324,-0.3533775,2.0754895,-1.9165782,-2.391733,-1.3535842,0.3727629,-0.47343454,-0.7090656,0.4633672,-2.0022764,-0.15124315,-0.46659243,-0.42525938,0.2412697,-0.4272713,-1.8304913,0.9426185,0.23577353,0.3836414,-2.554652,0.38793933,1.8996432,0.2231866,2.2291377,-0.8956799,0.17290667,-0.09752818,0.22292353,-0.42139152,0.78382534,-1.2890377,0.1699093,0.17393318,2.1979644,0.8823426,0.2647786,1.9372885,-0.3311219,-1.1262252,0.20811851,1.2374185,-1.1421211,0.015327935,1.77353,1.1149552,0.5756975,-0.0101626,0.22024092,0.018219518,0.34894907,1.1265665,-0.6943848,-0.21220918,1.4921849,0.16240154,-0.56228983,-0.7089776,-0.11696514,-0.2251715,-0.6203873,-0.34660575,-1.1671656,0.20464632,1.532851,-0.7190338,0.12635995,-0.007306267,0.930692,0.37428078,-0.2970484,-1.0213569,1.6357288,1.2829504,-0.014611192,1.3155007,0.3395493,-0.57800776,-0.57241255,-1.1187948,-0.5132407,-0.3658072,-0.55755955,1,0
79,0.7470138,0.1668109,-0.44019416,0.42614967,-2.3827708,0.70558685,-1.3525909,0.030256798,-0.4654199,2.4263065,-1.9708444,-2.3855808,-1.4272591,0.3449523,-0.4719407,-0.70161265,0.38739058,-2.0886257,-0.15124315,-0.48076037,-0.42525938,0.07087253,-0.4272713,-1.8279029,0.97115284,0.23152237,0.41551462,-2.5537243,0.36782363,1.8991696,0.26201826,2.1233182,-0.9058631,0.15652806,0.9038632,0.22314893,-0.4772262,0.7661779,-1.3150615,0.168979,0.21209341,2.253634,0.9644276,0.3061569,2.4052386,-0.39180845,-1.2461866,0.20248112,1.2847152,-1.2313439,0.016476505,1.8626798,1.1932557,0.56901425,0.029887898,0.18110517,-0.018596364,0.30578044,1.1721236,-0.7596371,-0.15159114,1.4897677,0.15940803,-0.56444937,1.4170253,-0.16093273,-0.268043,-0.6166172,-0.40570274,-1.2186302,0.20705906,1.5318112,-0.7430147,0.119375564,0.12342371,0.9859019,0.35196793,-0.34306213,-1.0699844,1.6897676,1.326945,0.021865655,1.3559169,0.34470212,-0.6396126,-0.5905834,-1.1866516,-0.5102191,-0.34005553,-0.6155885,1,0
80,0.75596005,0.16839504,-0.45031098,0.33907944,-2.3064911,0.8233633,-1.3954405,0.024736807,-0.51461023,2.5925868,-1.9906212,-2.3826647,-1.5175419,0.31139496,-0.44222963,-0.5551255,0.33167118,-2.20375,-0.07766885,-0.50114125,-0.42151156,-0.10592522,-0.3840273,-1.7917188,0.97115284,0.2208841,0.41551462,-2.5537243,0.29657802,1.8705767,0.2811056,2.0283976,-0.9101459,0.15005931,0.69314915,0.22469293,-0.53109616,0.7477407,-1.3389846,0.16795382,0.22704741,2.2797344,0.99404573,0.32409292,1.2057189,-0.45245445,-1.370392,0.19679028,1.3302835,-1.3195359,0.030066732,1.978514,1.2854773,0.5529914,0.28830627,0.14017363,-0.05997989,0.26094025,1.2158091,-0.8293495,-0.068612404,1.4503733,0.084248506,-0.56699955,2.2935817,-0.20394164,-0.3132073,-0.61324686,-0.46143812,-1.2686609,0.18210074,1.5019634,-0.74899733,0.117432736,-0.6273155,1.040062,0.3278223,-0.38814676,-1.1177452,1.7400476,1.3434459,0.03711376,1.3959183,0.3362956,-0.6938934,-0.59980243,-1.2575771,-0.49509063,-0.31219453,-0.67243135,1,0
81,0.75605375,0.16839504,-0.46806917,0.25302592,-2.2722237,0.9112426,-1.4295563,0.020331815,-0.525451,2.5925868,-2.2954934,-2.3826647,-1.5707748,0.29180318,-0.41366142,-0.36279327,0.31272137,-2.2750924,-0.0069248304,-0.5142811,-0.41790798,-0.19826388,-0.3424468,-1.7561817,1.0348086,0.19288269,0.49725333,-2.5582407,0.0857815,1.8091565,0.27787977,1.9869193,-0.91485983,0.13678586,-0.075319946,0.22696821,-0.5842408,0.72811866,-1.3614346,0.16609626,0.23789322,2.2983413,1.0180811,0.32888666,0.5729219,-0.51310045,-1.4927933,0.18951868,1.3725543,-1.4095538,0.042742044,2.0479217,1.3384105,0.5404583,0.35599875,0.0983447,-0.10496737,0.21588598,1.2565087,-0.9009373,-0.016451728,1.4114923,0.013344488,-0.56846726,1.6391841,-0.2463263,-0.35946444,-0.6098463,-0.51481503,-1.317265,0.14981154,1.4403255,-0.8127078,0.095781274,-1.0169424,1.0923146,0.3019555,-0.4315529,-1.1663272,1.7843633,1.3581125,0.05149811,1.4211015,0.334919,-0.74223113,-0.6029205,-1.3226438,-0.4939797,-0.2832861,-0.7278722,1,0
82,0.75961494,0.17288819,-0.5094858,0.040132612,-2.2382166,0.9723247,-1.5083753,-0.0012885141,-0.5504576,2.5865862,-2.9999027,-2.3905444,-1.5895133,0.28435203,-0.41366142,-0.2633842,0.30777004,-2.2954185,-0.0069248304,-0.5158255,-0.4206035,-0.20877677,-0.3424468,-1.7547429,1.1577291,0.15856414,0.65509224,-2.5669613,-0.18898624,1.7436429,0.27837077,1.9486071,-0.92642325,0.10631051,-0.029012118,0.2300184,-0.63641125,0.70633084,-1.3823363,0.16217491,0.25351936,2.3496857,1.0808791,0.34313443,1.1098984,-0.57397777,-1.6118385,0.1798328,1.4103435,-1.5047609,0.045592606,2.067369,1.358526,0.53836346,0.058879793,0.056125946,-0.15249443,0.17078893,1.2941481,-0.97187,-0.010305537,1.4101228,0.013198266,-0.5690378,0.1413138,-0.2886827,-0.40647307,-0.60615295,-0.56712157,-1.3647137,0.1338018,1.376721,-0.92462575,0.05757944,-0.50604516,1.142778,0.2742354,-0.473376,-1.2162937,1.8229052,1.3956566,0.08623566,1.440303,0.3525742,-0.7884336,-0.6090333,-1.3828119,-0.5122133,-0.25399867,-0.7823738,1,0
83,0.7766928,0.19513538,-0.5436533,-0.18391559,-2.0743666,1.2652333,-1.5704302,-0.06417453,-0.56998867,2.5578113,-3.5546987,-2.4283302,-1.6797963,0.24843878,-0.41348955,-0.26209676,0.28402692,-2.39302,-0.0063585853,-0.5232756,-0.43357572,-0.25920883,-0.34219718,-1.7544452,1.1577291,0.15843882,0.65509224,-2.5669613,-0.19037102,1.7432845,0.3126457,1.7500751,-0.93838125,0.08326529,0.9870672,0.23602709,-0.68405324,0.6814881,-1.4002495,0.15630528,0.2280197,2.4235995,1.1594535,0.36706865,-1.6268605,-0.63573724,-1.7294184,0.16762397,1.4456666,-1.6045867,0.05937443,2.1715598,1.4554354,0.5282112,0.34619114,0.012416981,-0.20357923,0.12319877,1.3307068,-1.043439,0.019337445,1.4107634,0.011953086,-0.5717857,0.83227175,-0.33103096,-0.45486778,-0.6023825,-0.6182188,-1.4111842,0.13351443,1.3764031,-0.9247056,0.057552483,-0.010584139,1.1932281,0.24469854,-0.5151183,-1.265054,1.860262,1.4400465,0.11945349,1.4896878,0.35924014,-0.8467026,-0.62079036,-1.4548343,-0.5019865,-0.22326152,-0.836863,1,0
84,0.77681196,0.3437464,-0.5436533,-0.18391559,-1.9098628,1.2652333,-1.5704302,-0.06417453,-0.56998867,2.5578113,-3.5546987,-2.4283302,-1.7700794,0.20971175,-0.37708312,0.010700739,0.28402692,-2.4206035,0.1136234,-0.5327154,-0.44331628,-0.2633437,-0.28930676,-1.6913526,1.1577291,0.13189812,0.65509224,-2.5669613,-0.4837937,1.6673348,0.31066415,1.5445646,-0.94182754,0.12215316,0.11563959,0.24203579,-0.72532403,0.65895134,-1.4149114,0.1507018,0.2280197,2.4235995,1.1594535,0.36706865,-0.27017766,-0.69749683,-1.84791,0.15457016,1.4794819,-1.7016405,0.083207645,2.1990938,1.5506033,0.505649,0.5577243,-0.03181839,-0.2591256,0.07652753,1.3617288,-1.1169981,0.05536385,1.3405895,-0.10330651,-0.5743633,0.98247373,-0.37171564,-0.50169957,-0.5983223,-0.66572225,-1.4548169,0.072585955,1.3090202,-0.94164467,0.05183571,-1.5336925,1.2409033,0.21321279,-0.55332905,-1.3151628,1.8893989,1.4435968,0.084727965,1.530008,0.31702292,-0.8965726,-0.62293446,-1.5323755,-0.48227155,-0.19190995,-0.88880366,1,0
85,0.77683556,0.3731882,-0.5724927,-0.31930128,-1.8772724,1.2652333,-1.6670914,-0.10838577,-0.5817906,2.5406754,-3.5546987,-2.4572625,-1.7879657,0.20203944,-0.3611883,0.22839,0.590899,-2.426068,0.13739349,-0.53458554,-0.445246,-0.26416284,-0.27882844,-1.6636871,1.2821137,0.10852367,0.8164409,-2.5665936,-0.6913578,1.5928758,0.30549356,1.5087166,-0.95005274,0.10422674,-0.1332919,0.24804448,-0.76672214,0.6349339,-1.4289097,0.14332137,0.23656155,2.447043,1.2478511,0.3845146,0.45091504,-0.7601054,-1.9699728,0.14008804,1.5144149,-1.798877,0.089795314,2.2162228,1.5683444,0.4986604,0.23840696,-0.07605402,-0.32072344,0.033386983,1.391291,-1.1881622,0.062500976,1.310119,-0.12614103,-0.574874,0.33565587,-0.41199884,-0.54823405,-0.5940725,-0.71177316,-1.4967258,0.09183411,1.2448171,-1.0474564,0.013961449,0.1688458,1.2863978,0.18187843,-0.59003043,-1.3656564,1.9132305,1.488151,0.10994864,1.5449978,0.32291716,-0.97140014,-0.630263,-1.5883123,-0.4953942,-0.16083696,-0.9393518,1,0
86,0.79934436,0.26348174,-0.6254509,-0.48674908,-1.7013224,1.2198337,-1.7773484,-0.15935466,-0.6148202,2.5223184,-3.4267714,-2.492859,-1.8420504,0.17883962,-0.35684723,0.31021136,0.74433357,-2.4384959,0.13739349,-0.53458554,-0.445246,-0.26602057,-0.27882844,-1.6561043,1.3443054,0.09946563,0.8974189,-2.5524006,-0.76607364,1.56317,0.3532113,1.2975556,-0.9632932,0.01872066,1.1125904,0.25347725,-0.80206347,0.6086746,-1.4399452,0.1315602,0.24997938,2.4659097,1.3469267,0.4126663,0.82352835,-0.82354337,-2.097225,0.124752045,1.5510459,-1.8947409,0.106103584,2.2353387,1.6264743,0.48911577,0.35064808,-0.120527774,-0.38525903,-0.009493156,1.4188861,-1.2567679,0.062500976,1.3018765,-0.12614103,-0.574874,-0.0026284144,-0.45218265,-0.5948996,-0.5895882,-0.7568244,-1.5374901,0.1075469,1.2169198,-1.0986671,-0.0044705104,0.5874373,1.3313532,0.14947277,-0.6261134,-1.4152405,1.9352443,1.54223,0.20116907,1.5806013,0.36959234,-1.0441931,-0.64140356,-1.6521888,-0.4955831,-0.12975825,-0.9895559,1,0
87,0.82287997,0.15291241,-0.66429275,-0.5872894,-1.5102627,1.1740769,-1.8397621,-0.18844502,-0.6421622,2.512452,-3.297838,-2.5141554,-1.9323338,0.1401125,-0.35668635,0.4519539,0.85802436,-2.457175,0.18493395,-0.53738713,-0.43041342,-0.33608896,-0.29778934,-1.6177963,1.3443054,0.09274548,0.8977257,-2.5382812,-0.82149714,1.5362501,0.40575597,1.0653939,-0.972935,-0.054541923,1.6628048,0.25852457,-0.8326885,0.581334,-1.4487207,0.117289655,0.25919846,2.473111,1.4022356,0.43224773,0.6507704,-0.8873962,-2.227546,0.10877239,1.5879952,-1.9885397,0.1354924,2.2650378,1.7237264,0.47463772,0.7237762,-0.16527899,-0.45376328,-0.051204,1.4436015,-1.3245724,0.078089744,1.2626193,-0.17114212,-0.5733723,0.36245742,-0.4913516,-0.6418151,-0.58552635,-0.79969674,-1.5758547,0.09252801,1.1921551,-1.1033467,-0.006183451,-0.37839445,1.3753206,0.11663987,-0.6610323,-1.4638488,1.9545935,1.5747377,0.27693087,1.6278366,0.404669,-1.1043007,-0.6479035,-1.7263241,-0.48189062,-0.098492034,-1.0385679,1,0
88,0.82460994,0.12632068,-0.6741309,-0.5872894,-1.4823211,1.1630843,-1.8560498,-0.19578165,-0.65062857,2.500904,-3.3226569,-2.5199356,-2.0051563,0.10887519,-0.35635886,0.74049824,1.089464,-2.469702,0.2817118,-0.5430903,-0.4002187,-0.47491515,-0.3363879,-1.5306244,1.3743048,0.07613574,0.91359603,-2.4874666,-0.9611104,1.4671757,0.40914533,1.0309477,-0.9745376,-0.07532699,0.10611476,0.26343244,-0.8624126,0.55372405,-1.456802,0.102800205,0.26248616,2.47859,1.4160945,0.43805623,0.17269525,-0.9514188,-2.358356,0.09191621,1.6239499,-2.0807052,0.16377269,2.2982519,1.8012942,0.46216395,0.74047536,-0.2102101,-0.5270306,-0.09048386,1.4648883,-1.3923036,0.10982386,1.1726319,-0.26275057,-0.5703151,0.92745996,-0.52873063,-0.68851507,-0.5823177,-0.8393826,-1.6106861,0.07014986,1.1263319,-1.1374824,-0.013508791,-0.7556967,1.4172581,0.08353047,-0.69332254,-1.5115229,1.969768,1.5820454,0.29855865,1.6595109,0.40809315,-1.15412,-0.6476593,-1.79774,-0.47320917,-0.067071505,-1.0853297,1,0
89,0.82460994,-0.01117368,-0.7250002,-0.5872894,-1.4823211,1.1062456,-1.9402664,-0.23371665,-0.6944043,2.441196,-3.4509852,-2.549823,-2.0051563,0.10887519,-0.35635886,0.74049824,1.089464,-2.469702,0.2817118,-0.5430903,-0.4002187,-0.47491515,-0.3363879,-1.4831157,1.5294187,0.060988065,0.9956554,-2.2247255,-1.0996206,1.3933715,0.40515715,1.030592,-0.98179233,-0.18279758,-0.11267274,0.26775867,-0.89245677,0.5238819,-1.4644464,0.086579815,0.27948567,2.5069196,1.4877526,0.4680899,1.0728685,-1.0161482,-2.4900258,0.07336372,1.65978,-2.1731524,0.16377269,2.2982519,1.8012942,0.46216395,0.006099006,-0.25514102,-0.60107887,-0.12965855,1.483347,-1.4564536,0.10982386,1.120994,-0.26275057,-0.5703151,0.006061383,-0.56509435,-0.73360044,-0.5791848,-0.8768985,-1.6429768,0.11310073,1.0204408,-1.26455,-0.034005206,1.2689881,1.4570103,0.047266148,-0.72100276,-1.5572282,1.9823052,1.6187671,0.4103867,1.6666613,0.47611767,-1.2067686,-0.65954447,-1.8490874,-0.48412588,-0.035883356,-1.1302828,1,0
90,0.846485,-0.012470373,-0.788062,-0.65449107,-1.2274846,0.6778105,-2.0196493,-0.27298072,-0.72733927,2.215881,-3.6001692,-2.5938458,-2.0945876,0.07112721,-0.37311682,0.74049824,1.089464,-2.4755569,0.2817118,-0.54631716,-0.4002187,-0.7298806,-0.47693056,-1.4826676,1.5308816,0.060845263,0.99642926,-2.0501018,-1.1009269,1.3926754,0.45147324,0.7227719,-0.99672544,-0.2884045,1.0886176,0.26665667,-0.9137751,0.49534118,-1.4686912,0.06433326,0.2947608,2.5265877,1.5571868,0.4959217,0.99004775,-1.0821608,-2.6169057,0.051336914,1.6973271,-2.2650568,0.20503804,2.3044493,1.8962882,0.45109722,0.86349994,-0.3001841,-0.6766347,-0.1692752,1.4989737,-1.5164561,0.12367676,1.137274,-0.26245946,-0.5707686,0.32180548,-0.6014582,-0.7848771,-0.5778539,-0.9137545,-1.6735308,0.11350572,0.9906312,-1.2657484,-0.034198433,0.22451156,1.4967622,0.007453656,-0.74630475,-1.600169,1.9956877,1.6624911,0.51938784,1.7182354,0.5343284,-1.2576574,-0.67093545,-1.9201385,-0.4730652,-0.0049855406,-1.1752357,1,0
91,0.8511725,0.07325579,-0.80147237,-0.66889143,-1.1644706,0.58611804,-2.0364897,-0.28131774,-0.7343083,2.1677203,-3.6318774,-2.6032193,-2.184871,0.03759568,-0.42702898,0.5863611,1.2977433,-2.478455,0.3762265,-0.55651516,-0.44791192,-1.0365396,-0.60492396,-1.3374989,1.5308816,0.050646648,0.99642926,-2.0132134,-1.1899377,1.323833,0.4600002,0.6466461,-1.0028956,-0.28702253,0.43104178,0.26550302,-0.9344471,0.46787444,-1.4725982,0.043027684,0.29799965,2.530745,1.5719206,0.5018249,0.3339919,-1.148186,-2.7440073,0.028787093,1.7336041,-2.354708,0.25425494,2.3161495,1.9898871,0.45417392,1.2070353,-0.34526008,-0.7556997,-0.20799786,1.5159788,-1.5695593,0.16506088,1.0093228,-0.3500431,-0.5781871,1.0330064,-0.63397616,-0.8363457,-0.5793474,-0.9446055,-1.697329,0.0910724,0.92737776,-1.2734604,-0.03686737,-0.5641923,1.5339873,-0.02969017,-0.7692912,-1.642088,2.0041304,1.6748614,0.5212713,1.7606314,0.5358541,-1.3063781,-0.6794422,-1.9927856,-0.47759038,0.025946472,-1.2162976,1,0
92,0.8495232,0.118428335,-0.82706416,-0.7320207,-1.160041,0.26326767,-2.0783494,-0.30857185,-0.7393851,2.068095,-3.7045925,-2.6262126,-2.222347,0.024188902,-0.45354527,0.50514,1.5540053,-2.479321,0.42603013,-0.56152457,-0.4730435,-1.1693408,-0.6564994,-1.252685,1.6216094,0.03527664,0.98632467,-1.7957011,-1.2864101,1.2283256,0.45314392,0.6486919,-1.0090992,-0.32613423,-0.17266147,0.26025373,-0.955474,0.4415286,-1.4763602,0.019497404,0.3018643,2.545407,1.6140153,0.5152273,0.20324033,-1.2148855,-2.8695762,0.0043706964,1.7703321,-2.44341,0.27552998,2.3332536,2.0284817,0.45704478,0.66253775,-0.3903444,-0.83794445,-0.245044,1.5324531,-1.6177951,0.18530369,0.9313293,-0.3962273,-0.582045,0.7031044,-0.6652374,-0.88723385,-0.5815152,-0.9732169,-1.7185241,0.09487138,0.8120878,-1.3556103,-0.038850524,-0.05282249,1.568357,-0.06749731,-0.78711593,-1.6810716,2.0097585,1.6984335,0.5632743,1.7817198,0.56285,-1.3572888,-0.6879548,-2.0546522,-0.4815426,0.056666825,-1.2550437,1,0
93,0.83260506,0.11731067,-0.8719932,-1.0331774,-1.0802513,-0.4865614,-2.1493628,-0.35176507,-0.74474853,1.9140987,-3.819334,-2.6692271,-2.2544272,0.014940987,-0.5052555,0.4853031,1.7087858,-2.4798965,0.42603013,-0.56152457,-0.50836277,-1.1697358,-0.6813587,-1.2438966,1.7174579,0.024716536,0.97564954,-1.5659128,-1.3387766,1.1657509,0.40875006,0.60131,-1.0156358,-0.42320856,-1.1126922,0.24691254,-0.974611,0.41698444,-1.4790949,-0.010995225,0.31109622,2.5761528,1.6830288,0.5358224,0.5584295,-1.2826129,-2.9937425,-0.022305747,1.8081583,-2.5316608,0.29545087,2.3456686,2.0616996,0.4719306,0.41642788,-0.4354397,-0.92229664,-0.280957,1.5472841,-1.6621466,0.1795823,0.9239168,-0.396469,-0.5865119,-0.13661979,-0.69634223,-0.9380396,-0.58371425,-1.0015227,-1.7385125,0.11137308,0.72206604,-1.438104,-0.039459746,0.5445261,1.6011835,-0.10623785,-0.80172575,-1.7178249,2.0141683,1.7333363,0.6608346,1.8010502,0.635908,-1.4080993,-0.6998204,-2.1126637,-0.49688327,0.08706242,-1.2928904,1,0
94,0.8000061,0.11490955,-0.9104296,-1.5368406,-0.90443784,-1.3646293,-2.2069144,-0.38270015,-0.73365504,1.8093808,-3.9007976,-2.7094479,-2.339119,-0.010485162,-0.6405957,0.4356976,1.755822,-2.489069,0.44753632,-0.562626,-0.60706764,-1.1705843,-0.7347601,-1.2091017,1.7174579,0.022233415,0.9733272,-1.5659128,-1.3387766,1.1481891,0.32726407,0.47808912,-1.0191686,-0.51452434,-2.4309816,0.22518517,-0.98993886,0.39443108,-1.4801333,-0.049754187,0.32131985,2.6089253,1.7367727,0.5451063,0.6847242,-1.3512286,-3.1172848,-0.05078921,1.8466047,-2.6190436,0.3484833,2.3583727,2.1499176,0.5113388,1.3314791,-0.48070505,-1.008675,-0.31639272,1.5602988,-1.702941,0.17092744,0.8918956,-0.4169773,-0.5991337,-0.27645862,-0.72652525,-0.98803073,-0.58634233,-1.0287585,-1.7559751,0.10558285,0.705889,-1.4403014,-0.03964456,-0.14813954,1.6333655,-0.14362866,-0.81591994,-1.7535156,2.0173059,1.7589116,0.7472793,1.8387591,0.7244533,-1.4564592,-0.713993,-2.179085,-0.536735,0.117364705,-1.3297845,1,0
95,0.8000061,0.11490955,-0.9104296,-1.5368406,-0.8798114,-1.3646293,-2.2069144,-0.38270015,-0.67176485,1.8093808,-3.9007976,-2.7094479,-2.4271452,-0.04150567,-0.77593637,0.3966834,2.0182364,-2.5333421,0.567519,-0.5687712,-0.73446,-1.1705843,-0.7347601,-1.0149809,1.7174579,0.008380379,0.96037036,-1.5659128,-1.3387766,1.050212,0.32726407,0.4522087,-1.0191686,-0.51452434,-0.055992328,0.20345762,-1.0044831,0.37203625,-1.4806825,-0.087910734,0.3166448,2.6089253,1.7424706,0.5197666,-0.2765033,-1.4198447,-3.2399168,-0.0799232,1.8839502,-2.703992,0.40561032,2.4278119,2.2439854,0.55279803,1.4359648,-0.5266672,-1.1004862,-0.35049555,1.572387,-1.7403446,0.19120769,0.69221926,-0.52849656,-0.6160169,0.5491964,-0.75248754,-1.0316647,-0.5902727,-1.0500818,-1.7666702,0.07327985,0.6156374,-1.4525613,-0.040675823,-0.9556615,1.6625955,-0.17524207,-0.82813865,-1.7868361,2.0158594,1.7612374,0.7338978,1.8752553,0.7567995,-1.5088973,-0.7180085,-2.2539184,-0.5791065,0.14848036,-1.3623158,1,0
96,0.76122457,0.113195695,-0.9589725,-2.0660217,-0.8792306,-2.1490042,-2.2720282,-0.41473836,-0.6703054,1.7161003,-3.9007976,-2.7664983,-2.4292212,-0.0422372,-0.779128,0.39576337,2.0244246,-2.534386,0.57034844,-0.5689161,-0.73746413,-0.8940278,-0.69213396,-0.99430037,1.8689141,-0.017734813,0.9551035,-1.6227736,-0.9802027,0.931566,0.23079927,0.5655584,-1.0225921,-0.64813495,-2.307583,0.17177981,-1.021348,0.3490786,-1.4808644,-0.13620503,0.33273715,2.6530423,1.7991891,0.53372395,0.80052143,-1.4901339,-3.3646467,-0.11110472,1.9231831,-2.7876983,0.4069575,2.4294493,2.246204,0.55377567,0.27009058,-0.57262903,-1.1921941,-0.3843159,1.5812601,-1.7731917,0.19168597,0.6430316,-0.5311264,-0.616415,0.10490901,-0.77802294,-1.0682373,-0.5924977,-1.0720534,-1.7752414,0.087450445,0.47847697,-1.5895318,-0.046703786,0.18705311,1.6875548,-0.19060163,-0.8413326,-1.8127238,2.0105388,1.7879148,0.8605784,1.8794903,0.84213233,-1.5517075,-0.7238629,-2.310915,-0.5833032,0.17904624,-1.3923626,1,0
97,0.7215061,0.11144043,-1.0187306,-2.5030227,-0.72390413,-2.7666767,-2.3809361,-0.45547664,-0.5357232,1.4479629,-3.7767055,-2.88554,-2.4292212,-0.06575489,-0.8442499,0.39576337,2.0244246,-2.5602968,0.57034844,-0.5689161,-0.76790047,-0.82989913,-0.68224967,-0.9905664,1.9040343,-0.023714649,0.9539531,-1.6359587,-0.761708,0.90458983,0.13237496,0.5426126,-1.0253361,-0.832412,-2.8338017,0.13433322,-1.0345726,0.32465595,-1.4787878,-0.19338228,0.3616,2.7322273,1.8936528,0.49383372,1.7051986,-1.5635681,-3.4880264,-0.14611866,1.9697955,-2.869033,0.3653183,2.4563727,2.2900958,0.57317436,-0.87298447,-0.61908805,-1.2853106,-0.41846502,1.5875016,-1.803092,0.18758163,0.6327176,-0.5313879,-0.6202881,-0.09874776,-0.8035482,-1.1044655,-0.5946093,-1.0937662,-1.783496,0.09091301,0.43491435,-1.6212256,-0.048095834,0.16070265,1.7124112,-0.20231296,-0.85556567,-1.8358648,2.0060468,1.8292983,1.0040662,1.8992242,0.9739071,-1.6212254,-0.7112985,-2.356328,-0.6036133,0.20915964,-1.4223495,1,0
98,0.7044574,0.11068701,-1.045643,-2.677415,-0.621507,-3.0084834,-2.4329882,-0.473959,-0.46104747,1.3111831,-3.5447667,-2.9442525,-2.377691,-0.09905124,-0.8871047,0.48569018,2.0936387,-2.5937252,0.63882935,-0.5664018,-0.79209244,-0.4611503,-0.57347804,-0.87752557,1.9040343,-0.0374591,0.9539531,-1.6610832,-0.68660766,0.8427093,0.09017393,0.5037423,-1.0264182,-0.917471,-1.4865324,0.09526864,-1.046278,0.29999352,-1.4756045,-0.2524691,0.3755304,2.7576787,1.9387875,0.4698269,1.0848271,-1.6379104,-3.6131144,-0.18168691,2.0182924,-2.946512,0.23851644,2.5000565,2.332072,0.5789845,-2.8854518,-0.6660576,-1.3804431,-0.45226324,1.5900708,-1.8313107,0.18349525,0.4853337,-0.5960785,-0.6231092,-0.123536326,-0.8260787,-1.1271765,-0.5951847,-1.1127174,-1.7865644,0.061851498,0.38040963,-1.6334825,-0.051950436,-0.72988516,1.734996,-0.20831938,-0.8688289,-1.8569506,1.9982882,1.8488355,1.0673437,1.9165765,1.032279,-1.682377,-0.7041451,-2.392463,-0.6115273,0.23957069,-1.4491497,1,0
99,0.689844,0.11068701,-1.0639346,-2.7897382,-0.60355467,-3.0084834,-2.48186,-0.49316707,-0.46104747,1.2011105,-3.3641634,-2.988337,-2.3206258,-0.12147339,-0.89454705,0.6065879,2.170288,-2.6148226,0.7146668,-0.56361735,-0.80018073,-0.05278884,-0.45024163,-0.7496136,1.9611049,-0.057752922,0.99704427,-1.6889067,-0.4113482,0.72118795,0.054531693,0.5127923,-1.0258415,-0.9802071,-0.852605,0.05620423,-1.0585426,0.27304074,-1.4716858,-0.31311098,0.39393073,2.7797208,1.9748427,0.47873607,0.972954,-1.7135458,-3.7400925,-0.21843964,2.0689387,-3.0211136,0.12367892,2.5325406,2.3515863,0.57349867,-3.1780477,-0.71330154,-1.4766055,-0.4855225,1.5889226,-1.857547,0.1814916,0.31898102,-0.6675578,-0.6238537,-0.06461037,-0.8462847,-1.1395001,-0.5946086,-1.1294029,-1.7857153,0.055917583,0.27608326,-1.6904492,-0.066862054,-0.40991166,1.7539268,-0.20072652,-0.88210803,-1.8718212,1.9871174,1.862958,1.1280699,1.9235792,1.0677085,-1.7397947,-0.70829,-2.4299796,-0.61393553,0.26987764,-1.4725041,1,0
100,0.65012574,0.115130335,-1.111713,-3.1141167,-0.5672889,-2.9551003,-2.615765,-0.548374,-0.43668708,0.9048457,-3.2832248,-3.1031768,-2.3206258,-0.12786701,-0.89492685,0.65494627,2.170288,-2.6173868,0.7146668,-0.56361735,-0.80018073,-0.05278884,-0.44393328,-0.7434238,2.0906105,-0.06926488,1.0975115,-1.6736149,0.213276,0.6009342,-0.042284943,0.5545396,-1.0240887,-1.1446475,-2.7860332,0.017816922,-1.0713277,0.24093142,-1.4664388,-0.37841642,0.44248885,2.8693852,2.0772023,0.4927717,3.1070473,-1.7918373,-3.8681846,-0.258318,2.1250443,-3.0937636,0.11512791,2.5366697,2.362299,0.570724,-0.1799309,-0.76059484,-1.5724849,-0.51850396,1.5847023,-1.8806616,0.1814916,0.31186464,-0.6675578,-0.6238537,-0.0026284144,-0.86636657,-1.1513312,-0.594001,-1.1456143,-1.7847351,0.11599469,0.15520403,-1.7886881,-0.09158206,1.8601779,1.7695158,-0.17621009,-0.89683414,-1.8775067,1.9748551,1.9029319,1.2823218,1.9260079,1.1696275,-1.8150005,-0.71384424,-2.4776351,-0.62430286,0.29936993,-1.4940556,1,0
101,0.61040723,0.14204422,-1.149697,-3.5350451,-0.3476208,-2.6317499,-2.7551026,-0.61875534,-0.2891316,0.62327224,-2.792967,-3.1928391,-2.3206258,-0.16659427,-0.8972277,0.65494627,2.170288,-2.6329172,0.7146668,-0.56361735,-0.80018073,-0.05278884,-0.44393328,-0.7434238,2.0906105,-0.06926488,1.113771,-1.5809901,0.213276,0.6009342,-0.13881661,0.508337,-1.0213985,-1.2783786,-2.7778509,-0.01714582,-1.0790304,0.20385167,-1.4579381,-0.44975471,0.48370022,2.9145455,2.2016327,0.45532945,2.6410675,-1.872325,-3.9993348,-0.30010217,2.1883745,-3.1608264,0.06333384,2.5527313,2.4271867,0.55391777,-1.2647943,-0.80813706,-1.668458,-0.55182916,1.578129,-1.8996474,0.1814916,0.31186464,-0.6675578,-0.6238537,-0.0026284144,-0.8864486,-1.1629376,-0.5933396,-1.1615902,-1.7837442,0.119092114,0.13081457,-1.7872902,-0.09502627,0.15411565,1.7851046,-0.153198,-0.9104613,-1.8822247,1.9636095,1.9509487,1.3819668,1.9485316,1.2411621,-1.9064223,-0.6990272,-2.5252724,-0.60918397,0.32843158,-1.5156072,1,0
102,0.6089086,0.1430598,-1.1511302,-3.5509279,-0.32922152,-2.604964,-2.7603602,-0.62141097,-0.2835641,0.61264795,-2.740703,-3.1962223,-2.2337492,-0.20532124,-0.8990075,0.88539565,2.0979142,-2.633503,0.83012164,-0.56910306,-0.77812654,0.4122347,-0.25004837,-0.5531347,2.0906105,-0.077736504,1.1143845,-1.5774952,0.213276,0.49316642,-0.14245887,0.50185376,-1.021297,-1.2834246,-0.55549407,-0.051923346,-1.0869105,0.16720615,-1.4487225,-0.51955914,0.4852553,2.914305,2.2063277,0.45391664,0.52357364,-1.9528121,-4.1307282,-0.34204385,2.2494473,-3.2249482,-0.1130424,2.5553553,2.4689429,0.5335643,-3.9151857,-0.85567904,-1.7624613,-0.5856091,1.5650669,-1.9182734,0.22959149,0.09898117,-0.7714674,-0.62161046,1.1238595,-0.90148914,-1.1547711,-0.59101456,-1.171742,-1.775507,0.10177276,0.05545041,-1.7951363,-0.09773101,-0.42064708,1.7967376,-0.123291,-0.9211099,-1.8845687,1.9468639,1.9527605,1.3857266,1.964632,1.2284763,-1.9548309,-0.6966023,-2.5594618,-0.59009284,0.357493,-1.5317267,1,0
103,0.57874525,0.14039375,-1.1511302,-3.7903845,-0.32669383,-2.601318,-2.839826,-0.68412405,-0.2835641,0.4522714,-2.7322617,-3.2320065,-2.2120304,-0.21463762,-0.8994308,0.94300747,2.0798209,-2.612291,0.85898507,-0.5704745,-0.7520165,0.52848965,-0.19137645,-0.50544786,2.1965117,-0.07985433,1.2363209,-1.317369,0.44372383,0.3573844,-0.21541607,0.55713224,-1.0180923,-1.2832638,-1.745241,-0.086693585,-1.0956285,0.12955426,-1.4386802,-0.5905426,0.5060309,2.9454587,2.2867727,0.4871758,1.0987248,-2.0343492,-4.262811,-0.3860229,2.3120794,-3.2874506,-0.15664762,2.5339434,2.4787695,0.5286345,-1.6842479,-0.90281415,-1.8549023,-0.61836344,1.5496215,-1.9334893,0.24438109,0.045168776,-0.79715216,-0.61843204,0.5811845,-0.916329,-1.1456121,-0.58852476,-1.1813588,-1.7672775,0.1774956,-0.08504998,-1.8621333,-0.12407553,1.7976768,1.80422,-0.08462616,-0.9275719,-1.8790355,1.9287131,1.982294,1.4031469,1.9652859,1.2245283,-2.025049,-0.7071202,-2.5938349,-0.5991513,0.38573506,-1.5455755,1,0
104,0.5390268,0.13883728,-1.1504879,-3.930192,-0.24088717,-2.3756433,-2.9814818,-0.7843553,-0.2692806,0.2634811,-2.4616153,-3.258594,-2.2120304,-0.23619327,-0.9001088,0.94300747,2.0316873,-2.5999064,0.85898507,-0.5715872,-0.7399911,0.52848965,-0.1854205,-0.50538075,2.2583425,-0.07985433,1.3075135,-1.1241472,0.57827145,0.29383773,-0.31149742,0.555459,-1.0138152,-1.2809223,-2.7645278,-0.11860107,-1.1014253,0.091387995,-1.4269497,-0.6612994,0.5536772,2.9545565,2.417409,0.53928137,2.8154395,-2.116386,-4.399923,-0.43042824,2.376845,-3.3462465,-0.1814308,2.516565,2.5170567,0.5145167,-0.5199294,-0.94982064,-1.9456744,-0.65125877,1.5322435,-1.9448789,0.25076184,0.044823203,-0.7964785,-0.61702293,0.16410016,-0.931168,-1.1364391,-0.5859987,-1.1907477,-1.7592402,0.22425196,-0.16855192,-1.9000968,-0.13908118,1.7001017,1.8104367,-0.044415295,-0.93218493,-1.8706306,1.9108386,2.031209,1.4285718,1.9759247,1.2120315,-2.1207387,-0.72656786,-2.6376176,-0.59290206,0.4136627,-1.5587728,1,0
105,0.5133598,0.14628892,-1.1496061,-3.8890088,-0.13104194,-1.964831,-3.0920796,-0.85821444,-0.2526974,0.15300575,-2.1473906,-3.2652063,-2.1800904,-0.27492043,-0.9145418,0.928462,1.8604625,-2.5607498,0.90054053,-0.5742148,-0.7231666,0.59449863,-0.13923606,-0.4521751,2.2583425,-0.07985433,1.3075135,-1.0761436,0.57827145,0.25578567,-0.37374872,0.4958893,-1.0114841,-1.2782657,-1.9553742,-0.14634037,-1.104268,0.052487016,-1.4137146,-0.7302547,0.59491247,2.9436715,2.5145495,0.5772313,2.8674686,-2.198556,-4.5406666,-0.47474042,2.441962,-3.401526,-0.2738357,2.4597948,2.5806425,0.49640647,-2.1254694,-0.9960764,-2.032044,-0.6844579,1.513618,-1.9523172,0.27373335,-0.008122866,-0.8326678,-0.61517996,0.5760403,-0.9445975,-1.1232247,-0.5833566,-1.1980591,-1.7496258,0.22425196,-0.19563827,-1.9000968,-0.13908118,-0.0033960624,1.8152565,-0.0029406627,-0.93533784,-1.8611374,1.8915452,2.068457,1.4462405,1.9982972,1.1962206,-2.2077682,-0.7400528,-2.6848528,-0.57463324,0.44067043,-1.5703018,1,0
106,0.5073646,0.1641725,-1.1492795,-3.7901702,-0.10650855,-1.6077131,-3.1150758,-0.8714525,-0.2526974,0.1350754,-2.1473906,-3.2652063,-2.1034353,-0.30780187,-0.94729143,0.8935533,1.583646,-2.4587448,1.0002728,-0.5774208,-0.68203855,0.7529191,-0.028394189,-0.32199326,2.2741468,-0.07950258,1.3207818,-1.0048541,0.5931954,0.15083836,-0.3886145,0.44944337,-1.0118845,-1.2781543,-0.3577181,-0.17063147,-1.1064305,0.012602383,-1.3997433,-0.79654783,0.60579467,2.9435291,2.5312989,0.5878233,0.57483935,-2.2807257,-4.68134,-0.5193781,2.5052094,-3.4548392,-0.42654926,2.3279338,2.626563,0.49228027,-3.9636443,-1.0408068,-2.1116374,-0.7172155,1.4942703,-1.9560993,0.31568897,-0.13776396,-0.92090994,-0.61032957,1.2140931,-0.9553861,-1.1024871,-0.5805321,-1.2016472,-1.7369229,0.23629297,-0.24573274,-1.9095113,-0.14172466,0.29761094,1.8170247,0.042485647,-0.9355118,-1.849192,1.8688946,2.0757058,1.4517347,2.016508,1.1929309,-2.2582545,-0.7402098,-2.72277,-0.5718789,0.46589777,-1.5784813,1,0
107,0.46764606,0.1641725,-1.1492795,-3.7901702,-0.10650855,-1.6077131,-3.2674258,-0.9591548,-0.2526974,0.016286595,-2.1473906,-3.2652063,-2.1034353,-0.30780187,-0.94729143,0.8935533,1.583646,-2.4055476,1.0002728,-0.5774208,-0.67707276,0.7529191,-0.028394189,-0.30550134,2.3788493,-0.077172145,1.408685,-0.5325594,0.6920667,0.06058501,-0.48464608,0.44944337,-1.0071853,-1.2781543,-2.644508,-0.19492273,-1.1090533,-0.02682405,-1.3853393,-0.86130893,0.67788863,2.9425867,2.6422644,0.65799594,4.392433,-2.362896,-4.8237114,-0.56502825,2.5675108,-3.5067894,-0.42654926,2.27241,2.626563,0.49228027,-0.1962866,-1.0846713,-2.1885443,-0.7482271,1.47338,-1.9574127,0.3163911,-0.15479949,-0.9208226,-0.6097036,0.076198235,-0.96580386,-1.0814033,-0.5778332,-1.2045648,-1.7238706,0.31606537,-0.3746681,-1.9718832,-0.15923794,2.2917862,1.81598,0.08780097,-0.92935073,-1.8313112,1.8472881,2.116157,1.4887918,2.0118763,1.1929309,-2.3397453,-0.7674586,-2.7479742,-0.5812067,0.49011442,-1.5849639,1,0
108,0.42792788,0.20466754,-1.1180075,-3.513879,-0.09327765,-1.1610277,-3.3873901,-1.0299717,-0.25233957,-0.0738983,-1.6645111,-3.1773882,-2.1034353,-0.3445196,-0.97731787,0.7990871,1.3518113,-2.4027874,1.0002728,-0.5801233,-0.6768151,0.7529191,-0.028394189,-0.3046457,2.3842816,-0.07373702,1.4132454,-0.50109965,0.69719636,0.05590245,-0.5816672,0.35764632,-1.0053082,-1.1659654,-2.7868412,-0.21354721,-1.1091496,-0.06439945,-1.3708909,-0.91826314,0.7384793,2.8332486,2.7257135,0.7258259,3.9813917,-2.4424896,-4.9691434,-0.6072153,2.6276677,-3.5517673,-0.46376142,2.2476594,2.7017295,0.48078063,-0.78025603,-1.1285356,-2.2617865,-0.78123957,1.4530424,-1.9530278,0.32793552,-0.15568335,-0.9193897,-0.6099722,0.27106363,-0.9762216,-1.0606797,-0.5751327,-1.20733,-1.7110687,0.32678413,-0.38318294,-1.971981,-0.15905851,0.6690304,1.814935,0.13175118,-0.92324257,-1.8134373,1.8261087,2.1482844,1.4244305,2.039189,1.1129478,-2.4004374,-0.79452443,-2.8038511,-0.5695108,0.5151767,-1.5914463,1,0
109,0.417811,0.25391933,-1.1096061,-3.3040562,-0.08972312,-1.041024,-3.4174955,-1.0477746,-0.2522435,-0.0964711,-1.5347836,-3.094196,-2.0361485,-0.3832466,-1.019982,0.6728353,1.013949,-2.2300346,1.0456984,-0.5830565,-0.63154995,0.8068474,0.04449861,-0.18759827,2.3842816,-0.07284661,1.4132454,-0.49923092,0.67852,0.005481099,-0.6072137,0.29786235,-1.0074586,-1.1353241,-1.0821179,-0.23186167,-1.109219,-0.10059559,-1.3564968,-0.9722887,0.75375235,2.7419486,2.7465858,0.7430704,1.4513768,-2.5201938,-5.1095552,-0.64821607,2.6842256,-3.5936925,-0.6032329,2.0381002,2.7707293,0.4761506,-3.0888946,-1.1690875,-2.3238266,-0.81197095,1.4355357,-1.9454376,0.35852778,-0.26249006,-0.9575804,-0.60462797,0.77149355,-0.9835384,-1.0331391,-0.5728481,-1.2052433,-1.6945555,0.32855162,-0.37426758,-1.971138,-0.1587663,0.07598085,1.8120391,0.17738983,-0.9158412,-1.7949347,1.8023099,2.159019,1.4061754,2.0680792,1.0899408,-2.4322968,-0.79690355,-2.8547678,-0.5646847,0.53699356,-1.5948871,1,0
110,0.3962657,0.2774773,-1.1096061,-3.2208104,-0.08972312,-1.041024,-3.4845502,-1.0762265,-0.2522435,-0.0964711,-1.5347836,-3.0576065,-1.9948398,-0.4009661,-1.0412221,0.61090684,0.8447641,-2.1239772,1.0735865,-0.58441156,-0.60376054,0.83995545,0.09790206,-0.115083374,2.4204628,-0.07007256,1.437638,-0.26542017,0.6435743,-0.053560685,-0.65978336,0.27629995,-1.0061657,-1.1350163,-1.2628784,-0.25017625,-1.1095248,-0.13610476,-1.341971,-1.0246235,0.79285854,2.7039225,2.7812562,0.7756171,2.069392,-2.597301,-5.250056,-0.68893534,2.7381392,-3.6343672,-0.6827205,1.9130533,2.8006928,0.47520486,-2.4037983,-1.2085077,-2.3816276,-0.84165084,1.4182482,-1.9358537,0.37541118,-0.32839745,-0.98126215,-0.6012973,0.56806123,-0.9897781,-1.0034674,-0.57065815,-1.2013266,-1.6770499,0.35921818,-0.39969957,-1.9907979,-0.16287063,0.76321954,1.8074799,0.22044064,-0.90417635,-1.7743049,1.7785326,2.1718385,1.4230881,2.0784302,1.0890082,-2.4680164,-0.8070129,-2.884971,-0.56591666,0.5576853,-1.5967462,1,0
111,0.35654727,0.30152118,-1.1012127,-3.1003702,-0.1308169,-1.0191462,-3.61332,-1.126647,-0.25749838,-0.06146406,-1.4050543,-2.9217181,-1.9948398,-0.41411877,-1.053081,0.5476119,0.8101055,-2.1239772,1.0735865,-0.58566886,-0.60376054,0.83995545,0.10843581,-0.11428403,2.4645092,-0.06669538,1.4673337,0.020931423,0.61499023,-0.08775333,-0.75620085,0.25395185,-1.0021788,-1.1015073,-2.7721555,-0.2682132,-1.1108552,-0.17076342,-1.3280678,-1.0731584,0.87010556,2.5588384,2.842167,0.84015137,4.8633413,-2.6704216,-5.386236,-0.72634214,2.7860677,-3.672051,-0.6927879,1.9093856,2.8298504,0.4694601,-0.21169649,-1.247928,-2.438537,-0.8712785,1.4011898,-1.9233342,0.38074178,-0.32880664,-0.9805555,-0.6014436,0.1222175,-0.9960031,-0.974187,-0.56842345,-1.1972384,-1.6598865,0.3965516,-0.43784395,-2.0147316,-0.16786733,1.216518,1.8020506,0.26026404,-0.8893893,-1.7521087,1.7556674,2.1925929,1.4272451,2.0858133,1.0633162,-2.512463,-0.8326726,-2.9163024,-0.5627829,0.5796862,-1.598148,1,0
112,0.32226223,0.36263183,-1.07988,-2.7942543,-0.23526263,-0.96354103,-3.7331288,-1.1667632,-0.27085426,0.027511328,-1.0753285,-2.5609424,-1.9824896,-0.45284578,-1.0881654,0.3562369,0.68756986,-2.0922692,1.0789206,-0.58932513,-0.6004686,0.84525806,0.12801632,-0.098036975,2.4645092,-0.06669538,1.4673337,0.025285352,0.5950458,-0.09516871,-0.8401569,0.19715123,-1.0009639,-1.0163395,-2.4802706,-0.28571045,-1.1138885,-0.20410728,-1.3156062,-1.1155081,0.9454381,2.1740534,2.889704,0.9034696,4.9250317,-2.7353392,-5.5096006,-0.7569091,2.824129,-3.7040493,-0.74086356,1.8642539,2.9141252,0.4514592,-1.1337352,-1.2867401,-2.49277,-0.9006099,1.3867077,-1.9062607,0.39816993,-0.33841527,-0.98314667,-0.6014594,0.48009923,-1.0017977,-0.9443923,-0.56621194,-1.1922861,-1.6425636,0.3965516,-0.43558952,-2.0147316,-0.16786733,-0.0033960624,1.7963493,0.29885125,-0.8745283,-1.7302005,1.7325487,2.2107444,1.3846304,2.1173124,0.9953643,-2.5485108,-0.8577427,-2.9789066,-0.54462427,0.60367084,-1.5991197,1,0
113,0.32226223,0.36263183,-1.07988,-2.7942543,-0.23526263,-0.96354103,-3.7331288,-1.1667632,-0.27085426,0.027511328,-1.0753285,-2.4483938,-1.8922065,-0.49157277,-1.1243011,0.13325723,0.43575957,-1.8604746,1.1179147,-0.5926938,-0.5764037,0.88402206,0.2711563,0.020734476,2.4645092,-0.06669538,1.4673337,0.025285352,0.44924575,-0.1493776,-0.8401569,0.19715123,-1.0009639,-1.0163395,-0.15363829,-0.3032077,-1.117156,-0.23699856,-1.3030404,-1.1568037,0.9454381,2.056843,2.889704,0.9034696,0.30378887,-2.797407,-5.6243806,-0.78556454,2.8583205,-3.7333663,-0.9052551,1.6024691,2.9884448,0.42660552,-3.956136,-1.3217158,-2.536094,-0.92628515,1.3780265,-1.8860706,0.42652974,-0.4086575,-1.0152199,-0.5988586,0.7766652,-1.004876,-0.90867627,-0.5642054,-1.1821723,-1.6229395,0.3965516,-0.41624627,-2.0147316,-0.16786733,-0.0033960624,1.7889304,0.3362042,-0.8579694,-1.7095386,1.7062044,2.2107444,1.3846304,2.146147,0.9759736,-2.5623882,-0.8555796,-3.0341156,-0.51955307,0.6241134,-1.5973775,1,0
114,0.2851668,0.36263183,-1.07988,-2.7942543,-0.40224352,-0.96354103,-3.8335576,-1.2081171,-0.28389522,0.027511328,-1.0753285,-2.4409611,-1.8862444,-0.49413034,-1.1266875,0.11853155,0.4191299,-1.8451667,1.1314716,-0.59291625,-0.57481444,0.886582,0.28060937,0.029426059,2.5021758,-0.04831591,1.4291322,0.45868084,0.22557126,-0.20225094,-0.9296977,0.27655593,-0.9951109,-1.0163395,-2.1419487,-0.3207051,-1.126285,-0.27375168,-1.2920587,-1.1941829,1.0083336,2.0491023,2.9317105,0.9768395,3.3291004,-2.859475,-5.7425876,-0.81384546,2.8904068,-3.7628162,-0.9161116,1.5851808,2.993353,0.4249642,-0.926616,-1.3566921,-2.578661,-0.9517488,1.3684591,-1.8649611,0.43144393,-0.4137788,-1.0270094,-0.5986869,0.24717633,-1.007932,-0.87378967,-0.5621565,-1.172107,-1.6036413,0.4462437,-0.3731441,-2.0263834,-0.1540892,1.2388266,1.7797017,0.36309677,-0.83296996,-1.6881534,1.6802754,2.2218602,1.4233761,2.1422822,0.9746931,-2.5983522,-0.88447136,-3.0424697,-0.51055884,0.6445564,-1.5946895,1,0
115,0.24544846,0.35065424,-1.0688418,-2.5997946,-0.5483815,-0.92844886,-3.9261568,-1.2454388,-0.31799984,0.0716256,-0.83929926,-2.0472383,-1.8862444,-0.52244496,-1.1290624,0.048756428,0.4091978,-1.8451667,1.1346331,-0.5949732,-0.57481444,0.87108856,0.28060937,0.029670142,2.513019,-0.041320957,1.4181348,0.58344567,0.16395229,-0.21644138,-1.0249364,0.32497,-0.9864921,-0.974857,-2.7434256,-0.3377572,-1.1380512,-0.31115404,-1.2827113,-1.2258041,1.0682064,1.6337205,2.9646244,1.0667394,3.8923357,-2.9099927,-5.8386564,-0.83276415,2.9101708,-3.7861068,-0.9283596,1.5846807,3.052474,0.34384647,-0.2573682,-1.3916682,-2.620074,-0.9781663,1.3605443,-1.8400393,0.44101715,-0.41779813,-1.0285825,-0.5989283,0.23703846,-1.0109866,-0.8398751,-0.5601702,-1.1619464,-1.584706,0.4639144,-0.36110368,-2.028127,-0.149579,0.7081113,1.7703451,0.3881636,-0.8078176,-1.6668265,1.6545842,2.2264159,1.4338083,2.156725,0.88514864,-2.6232157,-0.92024857,-3.087093,-0.4263287,0.66879195,-1.5919344,1,0
116,0.22671343,0.34292665,-1.0617205,-2.105745,-0.6116511,-0.77702165,-3.9672456,-1.2618368,-0.33758077,0.10008641,-0.68490374,-1.793224,-1.8385473,-0.5611721,-1.1323105,-0.05809345,0.40279004,-1.7227086,1.1485149,-0.597024,-0.55897284,0.83105665,0.27573055,0.07707045,2.513019,-0.04022174,1.3678032,0.58344567,0.028192548,-0.22800268,-1.0697505,0.2674916,-0.9820186,-0.94809395,-1.532982,-0.35301188,-1.1493775,-0.34748495,-1.2746127,-1.2508925,1.0951525,1.365689,2.9780579,1.1111131,2.0390372,-2.9562633,-5.925918,-0.8481279,2.9252183,-3.8066792,-1.0167891,1.4537058,3.1249428,0.17717205,-1.924212,-1.4242964,-2.6552937,-1.003269,1.3570169,-1.8122174,0.4560096,-0.44785753,-1.0391968,-0.5972098,0.40500674,-1.0127851,-0.80540305,-0.5587864,-1.1499349,-1.5641776,0.4561651,-0.34691882,-2.0318518,-0.13891749,-0.17377514,1.7605642,0.4095296,-0.78183794,-1.6476244,1.6275527,2.2272906,1.4333428,2.1804323,0.73817056,-2.637678,-0.9363789,-3.1424322,-0.2525163,0.6916817,-1.5881147,1,0
117,0.21378617,0.34292665,-1.063035,-1.635134,-0.64440686,-0.6125888,-3.981539,-1.2668787,-0.3490037,0.09804078,-0.68219876,-1.793224,-1.777649,-0.5872946,-1.1345015,-0.13704155,0.40279004,-1.5663563,1.1689724,-0.59794784,-0.5326546,0.79270715,0.2695014,0.13951083,2.5133727,-0.03484915,1.2803055,0.65582806,-0.20787166,-0.24276394,-1.1008991,0.20440279,-0.9795363,-0.9531116,-0.74510723,-0.36680776,-1.1606826,-0.38363925,-1.2673957,-1.2711732,1.1049562,1.3656017,2.9812217,1.1298773,0.5177348,-3.002534,-6.0132556,-0.8631987,2.9396358,-3.826829,-1.1196055,1.2868911,3.1687696,0.031184422,-2.801948,-1.4548284,-2.6850843,-1.0268806,1.3565402,-1.7829062,0.46971697,-0.48332056,-1.056,-0.5940646,0.40274838,-1.0134115,-0.77033305,-0.557901,-1.1362797,-1.5421551,0.44995916,-0.31303942,-2.035164,-0.11933761,-0.25374192,1.7504042,0.4248295,-0.7536734,-1.6307865,1.5995923,2.2260249,1.4477324,2.1949897,0.62744784,-2.647273,-0.9411882,-3.176328,-0.09482179,0.71212465,-1.5833105,1,0
118,0.17406791,0.3395541,-1.0704231,-1.4835734,-0.7417442,-0.5732425,-4.02233,-1.28047,-0.38497913,0.08443294,-0.64740187,-1.72718,-1.777649,-0.5920441,-1.1347007,-0.14782564,0.40803194,-1.5663563,1.176341,-0.59794784,-0.51623297,0.78586125,0.2661551,0.14468789,2.5143251,-0.020207744,1.2176719,0.85094345,-0.3769644,-0.2419044,-1.1965396,0.28021497,-0.9716483,-0.98166627,-2.752219,-0.38010454,-1.1742172,-0.42183492,-1.2610369,-1.2882812,1.1332347,1.2959117,2.9891598,1.184538,1.8195537,-3.0468667,-6.097064,-0.8764104,2.9515755,-3.845741,-1.1202054,1.2873126,3.174438,-0.023749933,-0.013392445,-1.48536,-2.7141917,-1.0513505,1.3559984,-1.7519077,0.47437826,-0.48660848,-1.062074,-0.5920367,0.13177116,-1.0139328,-0.7359545,-0.5570221,-1.1225903,-1.5202521,0.46769002,-0.27132004,-2.0275445,-0.10199751,0.5404831,1.7402757,0.4334719,-0.7229267,-1.6150203,1.5724092,2.2211392,1.5020965,2.1894143,0.6026623,-2.6557333,-0.9611325,-3.1774592,-0.030170875,0.73320365,-1.5784514,1,0
119,0.13434967,0.31205517,-1.1017717,-0.2477779,-0.815459,-0.2524204,-4.040763,-1.28047,-0.42724538,0.018439576,-0.3636758,-1.1886705,-1.777649,-0.63077116,-1.1363248,-0.23575708,0.45077342,-1.5663563,1.176341,-0.59794784,-0.51623297,0.7300411,0.23887037,0.14468789,2.5143251,-0.018913109,1.2176719,0.85094345,-0.3769644,-0.23489587,-1.2917466,0.20933422,-0.96189207,-1.1042118,-2.740391,-0.38983065,-1.1873668,-0.46124285,-1.2568617,-1.2941681,1.1483316,0.7283799,2.9843433,1.2178042,1.0239758,-3.07734,-6.1468787,-0.87904805,2.9519649,-3.8561263,-1.125097,1.2907503,3.2206552,-0.47167376,-0.115848824,-1.5158918,-2.742275,-1.0819443,1.3594899,-1.7107756,0.47437826,-0.5072606,-1.062074,-0.5920367,0.007349103,-1.0144538,-0.70357865,-0.55646086,-1.1090002,-1.4986161,0.4702736,-0.27773216,-2.02631,-0.10161235,0.10890177,1.7303731,0.4407299,-0.6929941,-1.5994596,1.545805,2.2091227,1.6290927,2.1977293,0.33076134,-2.6521945,-0.9742968,-3.2112932,0.4218802,0.75883377,-1.5737083,1,0
120,0.13116464,0.3098501,-1.1042855,-0.14867833,-0.8213703,-0.22669335,-4.042241,-1.2791235,-0.4306347,0.01314751,-0.316947,-1.145487,-1.6946054,-0.6338767,-1.1383224,-0.37310073,0.48010567,-1.3531481,1.2002894,-0.59542817,-0.47600296,0.5986305,0.23668239,0.24628133,2.5143251,-0.01880924,1.2176719,0.85094345,-0.3769644,-0.23433383,-1.2993814,0.20365025,-0.96110964,-1.1140387,-0.64456135,-0.39955676,-1.2003336,-0.49998674,-1.2526371,-1.2995584,1.1497785,0.68264395,2.9831104,1.2178317,0.23735878,-3.1078131,-6.1962814,-0.88149095,2.9524724,-3.8659651,-1.2560539,1.0696435,3.2202668,-0.50599253,-2.764585,-1.5423359,-2.762536,-1.1061499,1.3670057,-1.671968,0.47718072,-0.513987,-1.0835783,-0.58676076,0.06299563,-1.0122834,-0.67028636,-0.5573838,-1.0910379,-1.4736549,0.47048092,-0.27824637,-2.0262108,-0.101581514,0.014883601,1.7204705,0.44696146,-0.66375494,-1.5839832,1.5194447,2.2078133,1.6378827,2.1968076,0.3102062,-2.6605928,-0.9699193,-3.210965,0.456516,0.77969277,-1.5671515,1,0
121,0.10268733,0.3098501,-1.1295197,-0.14867833,-0.8490324,-0.2846522,-4.042241,-1.2787093,-0.45471573,-0.04318124,-0.30956966,-1.145487,-1.6690537,-0.6312388,-1.1388968,-0.41319045,0.4880763,-1.287546,1.207658,-0.59465283,-0.45431277,0.55957407,0.23668239,0.2777576,2.5149925,-0.010454867,1.2433552,1.0110508,-0.3384166,-0.22715524,-1.3675158,0.23830125,-0.9532547,-1.2112736,-1.6298736,-0.4100181,-1.2153378,-0.54139525,-1.2480814,-1.3058476,1.1509873,0.6823557,2.9788108,1.2354175,0.065360874,-3.1382864,-6.2445383,-0.88384783,2.9535046,-3.8749688,-1.2960893,1.0015262,3.217457,-0.4661385,-1.4424413,-1.5684233,-2.781545,-1.129208,1.3737845,-1.634125,0.47955605,-0.51539886,-1.0899707,-0.5839892,0.067487486,-1.0098728,-0.63755673,-0.5583395,-1.0728326,-1.4486523,0.49237052,-0.2569518,-2.0164483,-0.10435978,0.5438076,1.7108315,0.4499541,-0.6332864,-1.5669533,1.4954178,2.1979668,1.7339967,2.1879754,0.4028457,-2.6601996,-0.9745733,-3.204933,0.41483328,0.8001356,-1.5605686,1,0
122,0.062969126,0.38836414,-1.1747018,0.28138557,-0.88119835,-0.40964934,-4.004609,-1.268236,-0.49373502,-0.12820773,-0.18894975,-0.8686121,-1.6690537,-0.6294514,-1.1388968,-0.5423398,0.45434636,-1.287546,1.207658,-0.5948432,-0.4480028,0.4782575,0.23668239,0.27790466,2.5154448,-0.0047937846,1.2607591,1.1320393,-0.2902751,-0.22229083,-1.4638145,0.26550102,-0.94609106,-1.39655,-2.7646983,-0.42185712,-1.231985,-0.5843835,-1.2439768,-1.3100879,1.127961,0.39403564,2.9609957,1.2445459,-1.2036777,-3.1606371,-6.270466,-0.88027745,2.948549,-3.8786514,-1.2959955,1.0072452,3.2164068,-0.4394659,0.0019550817,-1.5945109,-2.80032,-1.15175,1.3817018,-1.593919,0.48138207,-0.5294422,-1.0897005,-0.5832355,0.050156284,-1.0074598,-0.6070918,-0.55967057,-1.0542619,-1.4244388,0.5072036,-0.24160732,-2.0098329,-0.10624244,0.5222083,1.7012966,0.45137054,-0.60266024,-1.5489373,1.4727081,2.1833153,1.9042637,2.1805074,0.5409282,-2.6469936,-0.97755873,-3.2014794,0.38692442,0.8232456,-1.5540375,1,0
123,0.035615858,0.50409514,-1.2123173,0.85743797,-0.8991757,-0.524471,-3.9357493,-1.2447139,-0.52414256,-0.1909699,-0.008345327,-0.49774992,-1.6409467,-0.62143385,-1.1267623,-0.8604253,0.31602284,-1.2153836,1.2111318,-0.5951903,-0.43022442,0.27520722,0.29026163,0.31426814,2.5150583,-0.0047937846,1.2607591,1.1487759,-0.26077965,-0.22229083,-1.5312712,0.2704828,-0.9446925,-1.5588356,-2.0867262,-0.43472382,-1.2493725,-0.62762964,-1.240373,-1.3119292,1.084833,0.008466246,2.932231,1.2230016,-2.7822533,-3.1753128,-6.27496,-0.87111205,2.9381118,-3.8771353,-1.3382568,0.95252985,3.196978,-0.36424154,-0.8860163,-1.6192149,-2.8162284,-1.1709344,1.3942078,-1.5513582,0.48684484,-0.5058376,-1.0920639,-0.5810937,0.13270374,-1.0040833,-0.5785284,-0.56197906,-1.0326468,-1.4006982,0.5069871,-0.24038216,-2.009576,-0.10624244,-0.00881031,1.6917615,0.45216024,-0.57260245,-1.530627,1.4504423,2.1701338,2.0378017,2.171591,0.7023378,-2.626882,-0.96725154,-3.1869426,0.31104133,0.8472609,-1.5468572,1,0
124,0.031306736,0.54018825,-1.2170746,0.85743797,-0.89965665,-0.53803736,-3.8829026,-1.2175277,-0.52803206,-0.19512936,0.046176556,-0.49774992,-1.5604583,-0.59706676,-1.0916312,-1.2759302,0.049290463,-1.0087355,1.2210797,-0.59545434,-0.3754176,0.0056498535,0.4462904,0.421684,2.512101,-0.004786789,1.2594912,1.1849922,-0.23215874,-0.2239047,-1.5422298,0.2714882,-0.94555175,-1.5847551,-0.26698422,-0.44776264,-1.2669233,-0.67076695,-1.2365661,-1.3137625,1.0528065,0.009884089,2.9070446,1.176852,-2.0855856,-3.1899886,-6.2778215,-0.861904,2.928522,-3.8745587,-1.4589497,0.7739067,3.1388767,-0.13784759,-3.1055257,-1.6408584,-2.8258004,-1.183129,1.4133923,-1.5094038,0.50009453,-0.38040042,-1.0991857,-0.5743897,0.37467718,-0.99848884,-0.5499121,-0.5655783,-1.005057,-1.3764732,0.5051062,-0.23100987,-2.0077124,-0.105981715,-0.05393889,1.6821673,0.4520717,-0.5427599,-1.511693,1.4288114,2.1607387,2.0365765,2.1498957,0.8953749,-2.6114585,-0.9434123,-3.1430287,0.082803816,0.86770386,-1.538152,1,0
125,-0.008411466,0.59401584,-1.2609241,0.85743797,-0.90408933,-0.6630822,-3.8829026,-1.2175277,-0.5638829,-0.23346837,0.046176556,-0.49774992,-1.5604583,-0.5840932,-1.0881124,-1.2759302,0.049290463,-1.0087355,1.2210797,-0.59545434,-0.3395111,0.0056498535,0.47021705,0.45194426,2.4950383,-0.004722004,1.2478046,1.5188061,0.031648304,-0.23877993,-1.6350162,0.28075436,-0.9253028,-1.7610826,-2.462657,-0.4622155,-1.2866693,-0.7169998,-1.2319431,-1.3175547,1.0546776,0.011754891,2.9010544,1.2021219,-0.07217119,-3.2046645,-6.280822,-0.85270745,2.919208,-3.871711,-1.4559152,0.7739067,3.1161706,-0.03667321,-0.19861732,-1.6625017,-2.8352602,-1.1940618,1.4309648,-1.469482,0.50629616,-0.34731674,-1.0982615,-0.5699881,0.18954656,-0.99217963,-0.5208535,-0.56911737,-0.97649455,-1.3515537,0.4934878,-0.14462279,-1.9973156,-0.10357847,-0.32699183,1.6720861,0.45044485,-0.51039404,-1.486633,1.411274,2.1374342,2.2073755,2.121128,1.0859188,-2.6066575,-0.94975114,-3.12196,-0.017976534,0.88814676,-1.5287145,1,0
126,-0.0481299,0.6902348,-1.2965875,1.5689046,-0.9045075,-0.846468,-3.7287226,-1.1622925,-0.58742994,-0.24790044,0.2577378,-0.0100411,-1.5604583,-0.5828693,-1.0877804,-1.6404092,-0.153559,-1.0087355,1.1842428,-0.59545434,-0.33612368,-0.3145275,0.4724743,0.45479906,2.4934287,0.004547115,1.2467023,1.5677401,0.24140054,-0.2401833,-1.728029,0.3061193,-0.9049667,-1.912794,-2.6752007,-0.4788452,-1.3060093,-0.7619197,-1.2284868,-1.3159553,0.9593449,-0.33929634,2.8367658,1.1291592,-5.029452,-3.2050333,-6.2433834,-0.83341444,2.898765,-3.8598504,-1.4556289,0.83302546,3.1140285,-0.027128262,0.018060884,-1.6841453,-2.8439796,-1.2049835,1.4542415,-1.4209538,0.49607655,-0.31211057,-1.0661592,-0.56957275,-0.21250707,-0.9858705,-0.49867246,-0.5744184,-0.946123,-1.328546,0.51096773,-0.12692513,-1.9876568,-0.10062703,0.374664,1.6620051,0.45095164,-0.47948185,-1.4586008,1.3956494,2.0902443,2.304319,2.1002533,1.1893929,-2.5455332,-0.92053217,-3.1164653,-0.026033023,0.9132877,-1.5192772,1,0
127,-0.059932932,0.82500005,-1.306932,1.8023527,-0.8138126,-0.9027701,-3.670765,-1.1414253,-0.59404653,-0.25144914,0.3349068,0.14998709,-1.6239121,-0.55565065,-1.0653317,-1.9850602,-0.41107124,-0.8458225,1.1450024,-0.5944657,-0.32417676,-0.64008474,0.63031274,0.5642224,2.484489,0.007586534,1.1959921,1.5734632,0.30205867,-0.2513418,-1.758654,0.20626314,-0.90885156,-2.002199,-1.1840005,-0.49570158,-1.3228573,-0.8043376,-1.2241088,-1.3163743,0.9234916,-0.45275566,2.812734,1.1003528,-3.0326035,-3.2039118,-6.20218,-0.8133774,2.8774028,-3.8469102,-1.3458205,0.7578103,3.0600502,0.08816627,2.2991788,-1.7026652,-2.8465624,-1.2101312,1.4838346,-1.3723441,0.48286963,-0.14891554,-1.0322354,-0.5679744,-0.36860114,-0.9766624,-0.4764989,-0.5813662,-0.90789455,-1.3042482,0.50270194,-0.11594951,-1.9832144,-0.08939425,-0.106031284,1.6515143,0.45106903,-0.4488532,-1.4301714,1.3796997,2.0844376,2.3689423,2.08314,1.3359346,-2.5131989,-0.9078031,-3.0745723,-0.13635443,0.935272,-1.5076756,1,0
128,-0.079792336,0.89959806,-1.3200102,1.8023527,-0.74929166,-0.93939996,-3.665524,-1.1394736,-0.59404653,-0.25144914,0.34042087,0.14998709,-1.6690537,-0.5362871,-1.0354214,-2.1451676,-0.54691625,-0.7299252,1.1256853,-0.59322554,-0.3156776,-0.7969497,0.74259996,0.65318763,2.4719245,0.014157039,1.1328596,1.6690695,0.51506674,-0.28187937,-1.8056083,0.13111623,-0.8993475,-2.0716152,-1.1437633,-0.51302284,-1.3390447,-0.846549,-1.21908,-1.317811,0.92028004,-0.4514849,2.8105125,1.0974479,-0.24045433,-3.20279,-6.161582,-0.7937178,2.856259,-3.8339179,-1.2663844,0.69050175,3.0152466,0.14961259,2.3267577,-1.7198645,-2.8459334,-1.213335,1.5155617,-1.3233786,0.47374108,-0.030710375,-1.0158828,-0.5667631,-0.2817242,-0.96593404,-0.4543465,-0.5888652,-0.8663239,-1.2788689,0.49745002,-0.050624795,-1.9740328,-0.0746586,-0.23828378,1.6400207,0.45308465,-0.41788155,-1.3970222,1.3651195,2.0737402,2.429395,2.0563896,1.4278123,-2.5044913,-0.905646,-3.0375793,-0.19049037,0.9557151,-1.4945337,1,0
129,-0.11951058,0.9552369,-1.3422225,2.0085423,-0.68567115,-1.0982395,-3.611818,-1.116057,-0.5796917,-0.19261451,0.46138322,0.31001833,-1.6958835,-0.5362871,-1.0158266,-2.2165148,-0.6074708,-0.7299252,1.112457,-0.59222895,-0.3231129,-0.8216785,0.74259996,0.6688194,2.4632032,0.024008462,1.0948272,1.8034562,0.82070565,-0.31364557,-1.897136,0.09341593,-0.8717592,-2.1615996,-2.6245654,-0.5321703,-1.3535006,-0.8868966,-1.2138184,-1.3191373,0.88819087,-0.30214858,2.7859695,1.0567486,-1.7006214,-3.196974,-6.11013,-0.77077013,2.8309097,-3.8180192,-1.22273,0.7120158,3.0102715,0.120691836,0.9247383,-1.7370636,-2.8440826,-1.2172157,1.5480077,-1.2716647,0.46469504,-0.013516875,-1.0050104,-0.56753767,-0.23591436,-0.95491105,-0.43339762,-0.5963809,-0.82462406,-1.2531474,0.5056771,0.034140058,-1.9621468,-0.064113975,0.25261858,1.6276977,0.456874,-0.38679174,-1.3592371,1.352194,2.0353024,2.4882553,2.0272675,1.4622052,-2.481755,-0.89018434,-3.0290804,-0.15570013,0.9776994,-1.4807665,1,0
130,-0.15548173,1.1248001,-1.3538923,2.6425195,-0.48563442,-1.4254003,-3.4481459,-1.0436463,-0.5359445,-0.0119483685,0.87249255,0.7977241,-1.7861667,-0.53263354,-1.0129538,-2.4421613,-0.8215851,-0.7080571,1.0689851,-0.5914914,-0.34833106,-0.9012837,0.7455304,0.6835218,2.4623253,0.02588449,1.0929098,1.8034562,0.8396871,-0.3178827,-1.9840066,-0.032828275,-0.85865897,-2.275864,-2.543484,-0.55453867,-1.3627319,-0.9207191,-1.2084664,-1.320436,0.7907028,0.15822628,2.7103784,0.9314739,-6.323466,-3.1800554,-6.0328703,-0.7392919,2.7954876,-3.7948806,-1.080168,0.76625025,3.0159137,0.12973112,3.5828304,-1.7538434,-2.8398426,-1.2209538,1.5833714,-1.2154003,0.44553712,0.011992845,-0.9678274,-0.57053083,-0.54521847,-0.94349855,-0.41425028,-0.6041908,-0.78225803,-1.2270489,0.50865805,0.039477937,-1.9599622,-0.0632037,0.09242282,1.615219,0.4597967,-0.3563522,-1.3214822,1.3391771,1.9909534,2.524134,2.0165448,1.5415823,-2.4101284,-0.8430989,-3.0323894,-0.16433369,1.0028403,-1.466657,1,0
131,-0.15548173,1.1248001,-1.3538923,2.7018816,-0.420456,-1.4254003,-3.4481459,-1.0325463,-0.5359445,0.0025075001,1.3226503,0.7977241,-1.8764505,-0.49390608,-0.9825019,-2.5291936,-1.1350266,-0.47625944,1.0355097,-0.5914914,-0.37545225,-0.94625056,0.7765935,0.83936393,2.4530182,0.02588449,1.0725852,1.8034562,0.8396871,-0.3627951,-1.9840066,-0.08011615,-0.85865897,-2.275864,-0.24889554,-0.57690734,-1.369633,-0.9522042,-1.2027459,-1.3223234,0.7939457,0.21401113,2.701951,0.91831475,-0.43374804,-3.1631362,-5.963717,-0.70621246,2.761536,-3.768379,-0.91938907,0.6461439,2.9456675,0.22554594,4.004106,-1.7665986,-2.8256652,-1.2192456,1.6239309,-1.1619586,0.43227062,0.16273534,-0.93888885,-0.5738648,-0.3928724,-0.92834675,-0.39236116,-0.612919,-0.7341801,-1.1948524,0.4999271,0.070696,-1.9553851,-0.059049554,-0.23085716,1.6012471,0.4630825,-0.32579973,-1.2829539,1.3238416,1.9875135,2.517185,1.9892905,1.6163363,-2.3914154,-0.84066457,-2.9783561,-0.25877494,1.0232834,-1.4492595,1,0
132,-0.15548173,1.1248001,-1.3538923,2.7083209,-0.41338563,-1.6393526,-3.4481459,-1.0313421,-0.5359445,0.0040756245,1.371482,0.7977241,-1.8862444,-0.48970503,-0.9664088,-2.5386345,-1.1690277,-0.45111483,1.0318785,-0.5914914,-0.37839422,-0.95112836,0.77996314,0.8688138,2.4520087,0.036272593,1.056791,1.9036111,1.286914,-0.45616302,-1.9840066,-0.06894162,-0.85865897,-2.275864,1.3567397e-05,-0.6019898,-1.3768277,-0.9816823,-1.1973596,-1.3244003,0.79429734,0.22006246,2.7010367,0.916887,0.052057486,-3.146217,-5.896049,-0.6739956,2.7277772,-3.7417324,-0.9006328,0.63311523,2.9332845,0.22087087,1.0750844,-1.7793534,-2.8104007,-1.2180591,1.6633731,-1.107623,0.4308312,0.190833,-0.93574965,-0.57422644,-0.099351756,-0.91286296,-0.37161914,-0.6213662,-0.68629324,-1.162233,0.5177292,0.22715095,-1.9463096,-0.05300261,0.397357,1.5840266,0.473949,-0.29518205,-1.2340568,1.3088064,1.9871405,2.5164309,1.9844861,1.6126889,-2.3893855,-0.84040046,-2.9654903,-0.25083825,1.0437262,-1.4299669,1,0
133,-0.12812817,1.057106,-1.2965413,2.844239,-0.18725364,-1.8375839,-3.3236842,-0.9612823,-0.53542477,0.13046709,2.1406515,1.1685903,-1.9463074,-0.48970503,-0.9619427,-2.5386345,-1.3109578,-0.45111483,1.0083288,-0.59256214,-0.38668093,-0.95112836,0.7551015,0.8731943,2.4527564,0.04096996,1.0520455,1.9385839,1.5001892,-0.48706478,-1.9270953,-0.12671103,-0.90180886,-2.0588644,1.3614239,-0.6289695,-1.3731406,-0.9966069,-1.1919631,-1.3287722,0.7316452,0.66660607,2.6190376,0.84359926,-3.319019,-3.118419,-5.811956,-0.63107127,2.6847312,-3.703568,-0.8070166,0.648576,2.9415169,0.21560907,1.9662923,-1.7921085,-2.7922406,-1.2181464,1.7026163,-1.0515801,0.42818308,0.19177985,-0.9145262,-0.5753881,-0.06464074,-0.8973386,-0.3523549,-0.6296241,-0.63919115,-1.1291941,0.5268663,0.290658,-1.9428214,-0.050760455,0.33165392,1.566411,0.48499313,-0.26549652,-1.183418,1.2944136,1.9981227,2.2839553,2.0302098,1.4712318,-2.319956,-0.81236464,-2.9701965,-0.24433623,1.0677415,-1.4104438,1,0
134,-0.10770733,1.006569,-1.2504553,2.9457088,-0.018434422,-1.9297991,-3.2307673,-0.9019859,-0.5350367,0.22482483,2.714876,1.445461,-2.0064125,-0.47088927,-0.911771,-2.469521,-1.4919319,-0.33849573,0.9701116,-0.59336156,-0.40873525,-0.88483346,0.7012584,0.9579522,2.4533148,0.041768674,1.0373569,1.9385839,1.542824,-0.54467434,-1.8849831,-0.17408921,-0.9356101,-1.8832928,1.40837,-0.6566575,-1.3644007,-1.0045655,-1.186651,-1.3339747,0.6873842,0.9999739,2.5522213,0.78251237,-3.322257,-3.0857027,-5.7211876,-0.58404803,2.6375682,-3.6598012,-0.6974613,0.5849321,2.900568,0.2126136,2.868557,-1.8027042,-2.7674522,-1.216339,1.7430755,-0.9979357,0.41874358,0.2621735,-0.8806616,-0.578209,-0.24197187,-0.8795689,-0.33098355,-0.6378585,-0.59020704,-1.0910759,0.5262498,0.34189206,-1.9436153,-0.047550876,0.00026588014,1.5466805,0.49699444,-0.23565058,-1.1310766,1.2769917,2.005671,2.094916,2.0476382,1.357765,-2.256212,-0.79053694,-2.940098,-0.23960507,1.0908515,-1.3883198,1,0
135,-0.10770733,0.98570436,-1.2456291,2.9457088,-0.018434422,-1.9680496,-3.2307673,-0.89166623,-0.53557074,0.15100344,2.714876,1.445461,-2.0289388,-0.44312292,-0.837503,-2.366936,-1.6026326,-0.17230447,0.939659,-0.58288443,-0.43215132,-0.78524727,0.64919204,1.0937772,2.4554658,0.047283303,0.9956199,1.9294996,1.6182613,-0.689884,-1.8849543,-0.17015404,-0.9355294,-1.8538969,-0.0030441363,-0.6848308,-1.3554902,-1.0115193,-1.1815733,-1.3388251,0.6911223,0.9988103,2.5438876,0.7734171,0.25208265,-3.0529866,-5.6298714,-0.5385814,2.591564,-3.6146502,-0.63839024,0.47378516,2.8291562,0.20799007,1.586302,-1.8110148,-2.7367017,-1.2120265,1.7843499,-0.9474451,0.36329988,0.3803894,-0.85920024,-0.57969826,-1.374072,-0.8591381,-0.30694452,-0.6460203,-0.5387231,-1.0473639,0.53155154,0.4681595,-1.9431874,-0.037609868,0.10252236,1.5225023,0.5133291,-0.20491292,-1.0741688,1.2534025,2.0021865,2.0638635,2.0198522,1.3355514,-2.2408035,-0.7881764,-2.886876,-0.22964634,1.1112944,-1.3621148,1,0
136,-0.10452226,0.91071707,-1.2381028,2.9130046,0.007896657,-2.1004643,-3.2162747,-0.88188463,-0.5393036,-0.1243433,2.7776666,1.4815629,-2.0300174,-0.44312292,-0.8367561,-2.3650036,-1.6191857,-0.17230447,0.9364358,-0.54883426,-0.43411177,-0.7795424,0.6367035,1.1287084,2.462457,0.065527424,0.93042314,1.8999759,1.8634281,-0.88551605,-1.8756843,-0.15184149,-0.92988956,-1.7850288,0.23174486,-0.71433616,-1.3452306,-1.0155369,-1.1767812,-1.3436668,0.6855742,1.0375284,2.531594,0.76772845,-0.294009,-3.0192113,-5.5318055,-0.49421397,2.5478468,-3.565362,-0.6366335,0.4759615,2.8291018,0.20733,0.036420953,-1.8193256,-2.7049348,-1.208037,1.8243091,-0.8963985,0.21784501,0.41476497,-0.87295455,-0.57541823,-4.1548586,-0.83798605,-0.28367463,-0.65387547,-0.4871154,-1.0024639,0.5616721,0.6688154,-1.9359298,-0.019583121,0.9119593,1.4927264,0.5368666,-0.17358279,-1.0097384,1.223058,1.9913585,1.9993623,2.0142722,1.2914456,-2.2377224,-0.782365,-2.8839033,-0.21937916,1.132085,-1.332544,1,0
137,-0.06480354,0.82119834,-1.1442484,2.5051796,0.33625162,-2.201512,-3.0355506,-0.75990576,-0.5642108,-0.56619006,3.5606804,1.9317626,-2.0434697,-0.44312292,-0.8367561,-2.3650036,-1.8256063,-0.17230447,0.8962413,-0.54883426,-0.45855898,-0.7795424,0.48096853,1.1287084,2.462457,0.06954105,0.93042314,1.8999759,1.8634281,-0.88551605,-1.7836726,-0.0829619,-0.95777744,-1.3059645,2.3836236,-0.74502087,-1.3208407,-0.9997611,-1.1717589,-1.3526013,0.61512494,1.5675083,2.38108,0.6841911,-4.030347,-2.973288,-5.39774,-0.44145408,2.4995015,-3.4964485,-0.6159416,0.5110184,2.8317444,0.20733,0.4676069,-1.8276366,-2.6693525,-1.205466,1.8637415,-0.84331167,0.20463961,0.4032561,-0.83653516,-0.57852256,-0.7875436,-0.8168337,-0.2633189,-0.66176254,-0.4382773,-0.955412,0.5699076,0.6688154,-1.9322199,-0.018567605,0.31717578,1.46295,0.5568668,-0.14337069,-0.94604564,1.1928785,1.9586531,1.5274585,2.0427847,0.9882173,-2.1113784,-0.75188893,-2.884367,-0.2188382,1.1568648,-1.3029729,1,0
138,-0.059932932,0.81022096,-1.1307144,2.455169,0.3765168,-2.2139032,-3.0133886,-0.74494785,-0.56726515,-0.6203725,3.656699,1.9869692,-2.053991,-0.4091449,-0.7379615,-1.9779438,-1.9866757,0.031065948,0.84783626,-0.5163551,-0.5192014,-0.61583865,0.28067213,1.3336707,2.462457,0.07003318,0.93042314,1.8786538,1.8634281,-1.0780206,-1.7724133,-0.07451538,-0.9613032,-1.2365546,0.7157942,-0.7757053,-1.2968237,-0.9837021,-1.1667353,-1.361262,0.60648584,1.6324984,2.362623,0.6739472,-1.2155167,-2.9273655,-5.2673063,-0.39064503,2.450884,-3.4269886,-0.5619008,0.34799373,2.7420604,0.19828343,1.2189984,-1.832048,-2.6226482,-1.1990836,1.9025015,-0.8012017,0.046038553,0.6013123,-0.80779636,-0.5819569,-3.7797472,-0.7902516,-0.23735353,-0.6696586,-0.38528392,-0.8950953,0.5709176,0.8437509,-1.931765,-0.018442959,0.063608594,1.4261074,0.58189064,-0.11181565,-0.8767021,1.1515365,1.9547515,1.4600682,2.011464,0.9372255,-2.085383,-0.75069183,-2.8175604,-0.2096461,1.1770931,-1.2661077,1,0
139,-0.059932932,0.76483494,-1.1299633,2.22116,0.3765168,-2.3911188,-3.0133886,-0.74494785,-0.5822839,-0.908661,3.656699,1.9869692,-2.0572822,-0.3965408,-0.6859767,-1.8343647,-2.0370345,0.1065059,0.8317089,-0.50430703,-0.54058444,-0.55511296,0.21345663,1.4371549,2.4104555,0.08806697,0.93076605,1.8707442,1.8360751,-1.3423904,-1.7710818,-0.08472278,-0.9555764,-1.2303232,0.03173199,-0.80863774,-1.2743795,-0.9675204,-1.1613319,-1.372237,0.6074189,1.6533004,2.3608725,0.6817811,0.048002277,-2.8814425,-5.1313696,-0.34268904,2.4057517,-3.3540916,-0.54026794,0.2859253,2.7032206,0.18428157,0.70167977,-1.8359145,-2.5737574,-1.1924156,1.939802,-0.7600484,-0.01219344,0.70496887,-0.7987924,-0.58308965,-2.2163417,-0.76218337,-0.21180624,-0.6772138,-0.33118445,-0.83202124,0.5803049,1.0962582,-1.8806242,-0.014021185,0.2312694,1.3811935,0.6115391,-0.078306906,-0.80056864,1.0969919,1.9481375,1.4586407,1.9907508,0.9223571,-2.0802014,-0.75473404,-2.7680426,-0.19316646,1.1966853,-1.2240893,1,0
140,-0.041197576,0.67740345,-1.0846034,1.9069713,0.5314021,-2.887394,-2.9281409,-0.6924736,-0.6184341,-1.3280419,3.930991,2.1343,-2.0572822,-0.3965408,-0.6739648,-1.8343647,-2.0370345,0.1065059,0.8129189,-0.50430703,-0.54058444,-0.55511296,0.117225625,1.4586564,2.3697286,0.10933606,0.9310343,1.8880478,1.8146524,-1.4935154,-1.7221336,0.07709635,-0.94574565,-1.027743,1.1805732,-0.8471897,-1.2465794,-0.93955535,-1.1559861,-1.3861771,0.57951564,1.8572663,2.2865727,0.6655476,-1.4640971,-2.831198,-4.979504,-0.2936852,2.3604767,-3.2711864,-0.53828824,0.2859253,2.6989512,0.17594364,0.056560293,-1.8397813,-2.5242605,-1.1859258,1.9754328,-0.7184261,-0.015965044,0.72754043,-0.7808436,-0.58308965,-0.090955704,-0.73376423,-0.18856543,-0.6845323,-0.27865773,-0.7671432,0.6025351,1.2449857,-1.8342305,-0.00881702,0.6228853,1.3328621,0.6395755,-0.044546645,-0.72183996,1.0371501,1.9076837,1.2691704,1.9794049,0.78762674,-2.0178454,-0.74830997,-2.7461236,-0.18198378,1.2176967,-1.1800761,1,0
141,-0.012158536,0.5969827,-1.0142975,1.7040594,0.77146804,-3.4414763,-2.7960103,-0.61051756,-0.6562338,-1.6281077,4.356132,2.3626566,-2.0561652,-0.3861281,-0.6405594,-1.7373741,-1.9599754,0.16882938,0.75918084,-0.49435368,-0.5382222,-0.5630342,-0.12549266,1.5303361,2.3342366,0.12041095,0.9310343,1.9148676,1.7032946,-1.5704302,-1.6478931,0.3403003,-0.93750775,-0.71651435,2.2686641,-0.89082074,-1.2122077,-0.8985325,-1.1508061,-1.4020582,0.53544927,2.1481533,2.1730278,0.6305033,-2.9868314,-2.776113,-4.8145013,-0.24284153,2.3129659,-3.1787426,-0.525215,0.22960676,2.6701617,0.17300466,0.27300084,-1.8424528,-2.473374,-1.1773475,2.009351,-0.68028086,-0.068291515,0.8068443,-0.73311496,-0.58136857,-1.2660813,-0.7034462,-0.16695946,-0.6920409,-0.22677246,-0.69570225,0.6073215,1.3180143,-1.8003702,-0.006118755,0.27618176,1.2817073,0.6635653,-0.010691304,-0.64266235,0.9717976,1.8528522,0.9727466,1.9601159,0.5883385,-1.9137704,-0.73301035,-2.7110543,-0.1775819,1.2389028,-1.1333308,1,0
142,-0.012158536,0.5915347,-1.0142975,1.6914331,0.77146804,-3.4790127,-2.7960103,-0.608353,-0.6588007,-1.6484877,4.356132,2.3626566,-2.048435,-0.3499587,-0.5245223,-1.3879223,-1.6674676,0.38531625,0.67368037,-0.45977974,-0.53001684,-0.5905492,-0.45049706,1.780482,2.2007084,0.12278366,0.92502797,1.936822,1.2848887,-1.8546981,-1.647723,0.34343135,-0.9369202,-0.71784264,0.004082938,-0.934928,-1.1787031,-0.85764265,-1.1453283,-1.4178425,0.53671753,2.1507201,2.1709843,0.63040787,0.07833658,-2.7210276,-4.653188,-0.194235,2.265176,-3.0856833,-0.48556086,0.023917692,2.5690625,0.16279583,1.0363265,-1.8418751,-2.4199352,-1.162823,2.0413556,-0.65262777,-0.22974735,1.087129,-0.66395986,-0.57539034,-4.605077,-0.6679335,-0.14475812,-0.7002253,-0.1710859,-0.61059463,0.54292583,1.5808667,-1.7081923,-0.0043751914,-1.957799,1.222247,0.6862912,0.025715182,-0.5611611,0.8891836,1.851413,0.9738824,1.920312,0.5812144,-1.8823475,-0.7279999,-2.5987031,-0.16635509,1.2563162,-1.0788127,1,0
143,-0.012158536,0.5090381,-1.0142975,1.5002433,0.77146804,-4.047398,-2.7960103,-0.608353,-0.69767064,-1.9570851,4.356132,2.3626566,-1.9901121,-0.3499587,-0.5245223,-1.1979545,-1.2914089,0.38531625,0.67368037,-0.45977974,-0.53001684,-0.5905492,-0.45049706,1.7980329,2.0455945,0.15871073,0.8340768,2.2692604,0.8064822,-2.113585,-1.6451471,0.39084285,-0.92802346,-0.73795485,0.0657023,-0.98576933,-1.1479199,-0.81502324,-1.1396518,-1.4364275,0.53936756,2.1895893,2.1667309,0.6486306,0.15666713,-2.6659424,-4.488091,-0.14926617,2.2200968,-2.9894888,-0.5727356,-0.12842578,2.5524595,0.16279583,-1.808034,-1.8412975,-2.3709033,-1.1470673,2.068568,-0.63143533,-0.22974735,1.1060997,-0.66395986,-0.57539034,-0.5564508,-0.6319868,-0.12564693,-0.70756984,-0.11562752,-0.52566296,0.52902883,1.8657383,-1.5765008,0.022024758,-0.606151,1.1539109,0.69578165,0.06868686,-0.47697246,0.7881554,1.8405118,1.0014652,1.9051017,0.5939447,-1.8792224,-0.7352114,-2.533154,-0.15229404,1.2737297,-1.0194361,1,0
144,0.022126963,0.46441948,-0.9350248,1.3170371,1.0549064,-4.1251493,-2.6400075,-0.526751,-0.70298773,-2.2065492,4.3068027,2.5797422,-1.9821341,-0.3499587,-0.5245223,-1.1719682,-1.2399668,0.38531625,0.59517384,-0.45977974,-0.53001684,-0.6360572,-0.80958503,1.8004338,2.024376,0.16485466,0.82163537,2.3147354,0.7410397,-2.1489987,-1.5537016,0.6915514,-0.91020995,-0.49570388,2.200034,-1.0366114,-1.1064421,-0.75836354,-1.1320081,-1.4576211,0.48736265,2.4109032,2.0419466,0.6050056,-2.726758,-2.6044881,-4.301482,-0.10407592,2.1682682,-2.8851652,-0.58466053,-0.14926523,2.5501885,0.16279583,-0.62094146,-1.8407198,-2.3216782,-1.1313909,2.094324,-0.60982543,-0.24145181,1.1330149,-0.5857474,-0.57539034,-0.27674204,-0.59603953,-0.11154122,-0.71507335,-0.066083275,-0.43519843,0.5297848,1.9047067,-1.5574893,0.02591214,-0.054961774,1.0855742,0.6969319,0.109061435,-0.3935719,0.6881751,1.7712284,0.7621053,1.8866628,0.44060954,-1.7537001,-0.71794766,-2.5237846,-0.15022361,1.2932347,-0.960059,1,0
145,0.035615858,0.45130515,-0.9038366,1.255248,1.1664191,-4.054249,-2.5786316,-0.48320785,-0.6895301,-2.2880874,4.287395,2.6656833,-1.9225123,-0.32438377,-0.51853406,-0.77559286,-0.802354,0.53839105,0.48560688,-0.47510782,-0.5920723,-0.6802433,-1.218367,2.0002692,1.9219402,0.16533828,0.78422177,2.3147354,0.7410397,-2.247989,-1.517863,0.80190945,-0.9036804,-0.39931294,1.3693494,-1.0865536,-1.063929,-0.70034045,-1.1234969,-1.4785118,0.47236678,2.4963615,1.9852085,0.5751604,-1.4470496,-2.5420098,-4.115124,-0.060851507,2.1149716,-2.7791448,-0.6463318,-0.27763,2.4873796,0.19622375,-1.2925678,-1.8372071,-2.2744017,-1.1085113,2.1165578,-0.60310864,-0.19906224,1.3795437,-0.473532,-0.58586675,0.9257143,-0.5547984,-0.09965731,-0.72302836,-0.0133023625,-0.3295997,0.47776392,2.011557,-1.4865671,0.033410218,-1.288224,1.0136039,0.6926524,0.14787056,-0.30662045,0.5829962,1.7413435,0.6602704,1.8558587,0.40567833,-1.6634604,-0.714851,-2.4484675,-0.17995064,1.3096503,-0.89524543,1,0
146,0.035615858,0.4381874,-0.9038366,1.1928126,1.1664191,-3.9960113,-2.5786316,-0.47381228,-0.6784759,-2.385001,4.176382,2.6661217,-1.8735389,-0.30337656,-0.5136153,-0.45001033,-0.44289893,0.66412663,0.420979,-0.48769835,-0.6430446,-0.70183134,-1.4380966,2.164414,1.7668263,0.17555696,0.7340776,2.4187992,0.7896142,-2.3781214,-1.5174613,0.7967504,-0.90257496,-0.40359318,0.009623458,-1.136033,-1.0225416,-0.64353704,-1.1141993,-1.4993128,0.47697222,2.4993408,1.9787413,0.5655487,0.3336677,-2.4795234,-3.928809,-0.020983823,2.061699,-2.6730714,-0.6969883,-0.38306877,2.4357884,0.22368148,-1.4586103,-1.8321854,-2.2281408,-1.0819179,2.1363938,-0.6036783,-0.16046107,1.574183,-0.40663356,-0.59447205,1.2394385,-0.5108349,-0.0906876,-0.73058844,0.04114787,-0.21744707,0.42312837,2.1633265,-1.3703532,0.045499574,-1.7766324,0.93797296,0.679447,0.1863512,-0.2148544,0.47344196,1.737565,0.6590166,1.8347528,0.4298099,-1.6297636,-0.71820515,-2.363181,-0.20120977,1.324307,-0.82671416,1,0
147,0.04573302,0.41130683,-0.91182184,0.9620996,1.2500577,-3.8846905,-2.5325975,-0.4588053,-0.6407942,-2.6498,3.9156296,2.7061067,-1.8735389,-0.30337656,-0.5136153,-0.45001033,-0.44289893,0.66412663,0.39041677,-0.49213967,-0.6430446,-0.70183134,-1.4380966,2.164414,1.6512233,0.19220123,0.7024577,2.5883002,0.8687333,-2.4576435,-1.4935611,0.88584137,-0.9064714,-0.4347077,0.576004,-1.1841004,-0.9803852,-0.58730334,-1.1025435,-1.5232131,0.45636407,2.5498416,1.9504799,0.54249763,-1.0926576,-2.415864,-3.7331297,0.014993681,2.0077093,-2.5655231,-0.6969883,-0.38306877,2.4357884,0.22368148,-0.00082696596,-1.8271633,-2.1818883,-1.0553274,2.155003,-0.6035452,-0.14323539,1.574183,-0.3759888,-0.5950407,0.40078887,-0.46687138,-0.08545855,-0.7371101,0.094992846,-0.10645653,0.40513504,2.2675753,-1.275424,0.055304505,-0.57562155,0.86021733,0.65542966,0.22424458,-0.119979516,0.36241582,1.7300435,0.6746279,1.8385932,0.44950405,-1.5957401,-0.709556,-2.3248208,-0.19598755,1.3393488,-0.7570898,1,0
148,0.08339025,0.3907821,-0.9415437,0.48188302,1.5613704,-3.4703424,-2.3612533,-0.40294728,-0.4973468,-3.0478578,3.6181095,2.8549368,-1.8688539,-0.301367,-0.51427543,-0.44473124,-0.44640625,0.6761545,0.2704348,-0.50965995,-0.64301485,-0.68311137,-1.435962,2.1706948,1.6431745,0.19220123,0.7005726,2.5883002,0.8687333,-2.46036,-1.4070374,1.221845,-0.92767584,-0.5245702,2.5125992,-1.2280358,-0.93333405,-0.5300689,-1.0856891,-1.5551492,0.3794603,2.722137,1.8455449,0.45533064,-4.942643,-2.348773,-3.5167866,0.0474928,1.9508245,-2.4531107,-0.7016083,-0.37171677,2.4308228,0.22642735,-0.097596124,-1.821911,-2.1353455,-1.0282965,2.1725123,-0.602968,-0.074957624,1.5800949,-0.25585654,-0.59727585,1.9176624,-0.42274144,-0.083410494,-0.7425417,0.14899245,0.004066424,0.40160772,2.2705011,-1.2695336,0.055675212,-0.09157519,0.78236204,0.6229015,0.25933486,-0.026075719,0.25259453,1.709057,0.70884085,1.8575665,0.50852567,-1.4666638,-0.67692053,-2.3187518,-0.19855997,1.3552481,-0.6873021,1,0
149,0.08339025,0.3907821,-0.9415437,0.48188302,1.5613704,-3.4703424,-2.3612533,-0.40294728,-0.4358343,-3.0478578,3.6181095,2.8549368,-1.778571,-0.26264,-0.5269974,-0.34299484,-0.5139974,0.9079492,0.1504528,-0.52872455,-0.64244187,-0.32234776,-1.394825,2.291736,1.4880604,0.19220123,0.66424286,2.5883002,0.8687333,-2.5127094,-1.4070374,1.221845,-0.92767584,-0.5245702,0.3295325,-1.2719715,-0.88780993,-0.4733209,-1.0681797,-1.5858699,0.37564018,2.722137,1.8505116,0.4289691,-0.8608414,-2.281682,-3.306902,0.07689886,1.8937763,-2.340626,-0.7906432,-0.15294607,2.3351252,0.27934426,-1.9624858,-1.8124449,-2.082876,-0.9928581,2.190797,-0.6060854,0.005261833,1.6940267,-0.13889979,-0.59956634,2.212629,-0.37557122,-0.07773469,-0.7446503,0.20793447,0.11886792,0.3336292,2.3268886,-1.1560203,0.06282113,-1.7909217,0.70268476,0.58100086,0.29140583,0.06922103,0.14101775,1.711084,0.6949197,1.820438,0.54981124,-1.4197085,-0.66839385,-2.201792,-0.24813421,1.3662297,-0.6145285,1,0
150,0.08339025,0.3907821,-0.96146566,-0.014280156,1.5613704,-3.4703424,-2.3612533,-0.40294728,-0.4265494,-3.3194835,3.4180667,2.8549368,-1.7649434,-0.25679445,-0.53696156,-0.32763845,-0.52419984,0.942937,0.13234234,-0.5316022,-0.5651649,-0.26789296,-1.1017063,2.3100061,1.3329449,0.19791736,0.5998708,2.5692232,0.46485493,-2.5206113,-1.4089967,1.2349685,-0.93345946,-0.5862859,-0.04685598,-1.3159074,-0.8458769,-0.4219336,-1.0483501,-1.6211095,0.37506357,2.756521,1.8512613,0.4249901,-0.0729634,-2.21459,-3.091385,0.101459056,1.8377649,-2.2280257,-0.8058176,-0.119924165,2.3231335,0.2914853,-0.6969082,-1.8029789,-2.0305727,-0.95738226,2.20725,-0.60819465,0.029641455,1.6885821,-0.121267624,-0.5899209,0.949375,-0.32840052,-0.075484216,-0.7454244,0.27044502,0.226954,0.27830702,2.3249054,-1.0374596,0.076665476,-1.731024,0.6230065,0.5302783,0.32077667,0.15705149,0.024925306,1.7173482,0.7479285,1.8214859,0.59834707,-1.4126302,-0.6587963,-2.1449742,-0.25300792,1.3772111,-0.541754,1,0
151,0.1090577,0.41346827,-0.96976614,-0.52740216,1.7580734,-3.257301,-2.2444637,-0.37606746,-0.3107084,-3.5971541,3.0198405,2.91984,-1.7649434,-0.25679445,-0.54031307,-0.32763845,-0.6385388,0.942937,0.054805305,-0.5384442,-0.53300333,-0.26789296,-0.9821649,2.3100061,1.2780708,0.20029904,0.5753349,2.5612745,0.29657826,-2.514973,-1.3490324,1.4781871,-0.94484806,-0.60583866,1.42326,-1.3571407,-0.8003222,-0.36831877,-1.0241075,-1.6615974,0.31987342,2.8391547,1.782303,0.36575314,-2.923881,-2.1455948,-2.862745,0.12180406,1.7785015,-2.1143153,-0.8065406,-0.10940742,2.3241556,0.29321593,-0.02465411,-1.7935126,-1.9763442,-0.92254674,2.2221286,-0.6087035,0.066162184,1.6791482,-0.047758587,-0.5866514,0.92132705,-0.28123015,-0.0767874,-0.74520725,0.33322886,0.3330659,0.25953206,2.3144248,-0.9952,0.08198437,-0.7418294,0.5435358,0.47191796,0.34751853,0.24225995,-0.09013251,1.7009338,0.7341066,1.8331071,0.6120734,-1.3301598,-0.63263494,-2.1286564,-0.2519208,1.3888177,-0.4690865,1,0
152,0.13116464,0.56531626,-0.962475,-0.7912945,1.9274902,-2.85707,-2.1438746,-0.35291633,-0.2109366,-3.738833,2.7486417,2.97574,-1.7249113,-0.23962265,-0.57373893,-0.29370576,-0.9775141,1.0410397,-0.06517669,-0.5495075,-0.50073767,-0.27476823,-0.83680016,2.3218806,1.2092923,0.20029904,0.52700865,2.503939,0.1383912,-2.5101166,-1.2992144,1.6750253,-0.96092254,-0.5311762,1.6480936,-1.3941447,-0.7521873,-0.31232324,-0.99769354,-1.7016987,0.27233922,2.897987,1.7229106,0.31473356,-3.435752,-2.0755575,-2.6316483,0.13907586,1.7171994,-2.0001595,-0.8474528,0.027904717,2.2855186,0.3269687,-0.8577604,-1.7821656,-1.9148719,-0.8851199,2.2360618,-0.60845315,0.1244297,1.6844442,0.06467749,-0.5840024,1.5928557,-0.23374529,-0.08178184,-0.7440763,0.39840356,0.43626088,0.22883296,2.303749,-0.94355476,0.09155144,-0.7708255,0.46417877,0.4080073,0.3709651,0.32380447,-0.20565112,1.6932513,0.6404927,1.8339605,0.5911489,-1.2378745,-0.6102414,-2.0790854,-0.2808736,1.3985711,-0.39626566,1,0
153,0.13116464,0.7919233,-0.9499873,-0.8741969,1.9274902,-2.4858532,-2.1438746,-0.35291633,-0.2109366,-3.7813208,2.6142988,2.97574,-1.656348,-0.21021232,-0.6309879,-0.2355888,-1.3894169,1.2090614,-0.15629429,-0.55836314,-0.44547573,-0.2865436,-0.587832,2.3422184,1.0541784,0.20883317,0.38312125,2.3138506,-0.19687966,-2.481488,-1.3035499,1.6658971,-0.9752088,-0.41238916,-0.1313961,-1.427697,-0.7044192,-0.25626925,-0.97089326,-1.7385031,0.27233922,2.8993816,1.7229106,0.31473356,-0.0014001053,-2.0055203,-2.4049034,0.15341774,1.6550958,-1.8874048,-0.91752386,0.2475675,2.219345,0.38477755,-1.8605074,-1.7684572,-1.8457513,-0.8440303,2.2488797,-0.60784,0.17789458,1.6935147,0.14879966,-0.5781478,1.5839329,-0.18586563,-0.090368755,-0.74205244,0.46642825,0.53583556,0.17658332,2.2566495,-0.8226124,0.121539004,-1.6605973,0.3858727,0.34223822,0.3900141,0.39931178,-0.3217719,1.7079682,0.53441966,1.8223674,0.56106347,-1.2014769,-0.60537165,-1.9810559,-0.32321674,1.4055685,-0.32371932,1,0
154,0.13266361,0.79139334,-0.94687355,-1.2172592,1.9288843,-2.4516277,-2.1370542,-0.35052714,-0.2042713,-3.9536383,2.061129,2.9716043,-1.656348,-0.21021232,-0.6331228,-0.2355888,-1.405885,1.2090614,-0.16082235,-0.55859226,-0.44547573,-0.28697273,-0.587832,2.3399115,0.90491825,0.24296832,0.13865577,1.9463055,-0.45423818,-2.364413,-1.2995678,1.6851988,-0.9743539,-0.40406835,0.09526992,-1.4608152,-0.6586569,-0.20259993,-0.94273144,-1.7758312,0.27003667,2.9011223,1.7177424,0.311276,-0.123329654,-1.9356043,-2.1753159,0.16319855,1.5911219,-1.7786334,-0.9179221,0.25070944,2.2198708,0.3858909,-0.009170326,-1.7547492,-1.7766881,-0.803127,2.2590795,-0.6059124,0.17936875,1.691011,0.15295383,-0.5781784,0.031892143,-0.13804704,-0.10219003,-0.7391621,0.5330625,0.63368213,0.17790213,2.1025412,-0.6926609,0.17594638,0.03651659,0.3109782,0.27921924,0.40349564,0.46730438,-0.43374035,1.7049781,0.5251635,1.8217288,0.5566654,-1.1958826,-0.6040289,-1.9289339,-0.29536167,1.412526,-0.25296915,1,0
155,0.17238182,0.7773514,-0.86436725,-1.5210041,1.9658238,-1.5447366,-1.9563322,-0.28722087,-0.027658857,-4.016489,1.6420567,2.8620174,-1.656348,-0.21021232,-0.68969494,-0.2355888,-1.8422458,1.2090614,-0.28080434,-0.5646633,-0.44547573,-0.2983435,-0.587832,2.2787857,0.90491825,0.24296832,0.13865577,1.9463055,-0.45423818,-2.296473,-1.1940547,1.7242254,-0.95169955,-0.18358895,2.6193137,-1.4828628,-0.6094722,-0.14979029,-0.9128449,-1.806928,0.2090237,2.799424,1.5808007,0.21965632,-3.3541436,-1.8687814,-1.9451802,0.16752113,1.5279716,-1.6739376,-0.92847717,0.3339624,2.2338002,0.41539067,-0.23024756,-1.7410407,-1.7009186,-0.76417816,2.265797,-0.60157114,0.21842566,1.6246744,0.26302913,-0.5789892,0.94659656,-0.091786705,-0.117550425,-0.7354717,0.5963875,0.72732097,0.17790213,2.0280652,-0.6926609,0.17594638,0.0022595536,0.23848364,0.2106968,0.4148894,0.5310267,-0.53954506,1.6257458,0.27989963,1.8048044,0.4401263,-1.0476413,-0.56844646,-1.9392813,-0.32511973,1.418468,-0.18450359,1,0
156,0.17893904,0.7750331,-0.83934534,-1.5711505,1.9719222,-1.3950148,-1.9264961,-0.26485404,0.0475002,-4.0268655,1.5728705,2.8439255,-1.5809692,-0.17787851,-0.7344029,-0.067459926,-2.2661624,1.1432614,-0.4007876,-0.5694672,-0.46971396,-0.30022076,-0.382457,2.107884,0.7754109,0.24296832,0.1233836,1.6400341,-0.8711668,-2.2852566,-1.1749603,1.7306683,-0.94332904,-0.12306883,0.968719,-1.5049111,-0.5615778,-0.0969681,-0.88256943,-1.8359433,0.20593351,2.7826343,1.5504894,0.182866,-0.8203245,-1.8019581,-1.7215837,0.16974224,1.4649394,-1.5694588,-0.9921237,0.37572867,2.146114,0.4613692,-1.3787848,-1.7285942,-1.6202883,-0.72883385,2.2672575,-0.60005605,0.25206104,1.43155,0.372479,-0.5826619,0.97063106,-0.049786147,-0.1347904,-0.73173445,0.6555533,0.80833554,0.14004532,2.0106132,-0.58899283,0.17897396,-0.94975466,0.16598834,0.14863753,0.41947123,0.58821404,-0.64947695,1.604751,0.20642857,1.7625338,0.43769175,-0.9780148,-0.55694246,-1.8322515,-0.36988834,1.4258826,-0.11890808,1,0
157,0.17893904,0.7683763,-0.8343215,-1.7290338,1.9687053,-1.3950148,-1.9264961,-0.25960344,0.06777131,-4.0268655,1.4854186,2.7521915,-1.5477526,-0.1636302,-0.7499883,0.080229476,-2.4212213,1.1142659,-0.4449309,-0.57114244,-0.4803949,-0.11236998,-0.29195604,2.037021,0.6202961,0.26903272,0.11665375,1.3311709,-1.3137993,-2.1044395,-1.1740875,1.738227,-0.94092405,-0.11518898,0.030623632,-1.526959,-0.5156127,-0.04616899,-0.8514029,-1.8645742,0.20901036,2.6992052,1.5470951,0.17331938,0.25135502,-1.7378263,-1.5074934,0.16903114,1.40499,-1.4690282,-1.0194024,0.3885489,2.1064608,0.47948408,-0.88718915,-1.716397,-1.539172,-0.6942733,2.2647862,-0.6001545,0.26404172,1.3485534,0.41270137,-0.5842213,0.4326332,-0.008628209,-0.14996424,-0.7263716,0.71334636,0.8853601,0.16221769,1.8190457,-0.45217216,0.18427086,0.32097948,0.10013107,0.095103234,0.41962585,0.63236535,-0.7526299,1.6008879,0.19435076,1.7447786,0.4468372,-0.95811754,-0.5544617,-1.7475063,-0.38534075,1.4327046,-0.057295155,1,0
158,0.16188979,0.7623655,-0.7930438,-2.2220433,1.9582597,-1.1759727,-1.8489202,-0.21206108,0.15978226,-3.8129215,1.3621268,2.553781,-1.5477526,-0.1636302,-0.7499883,0.14668791,-2.5547702,1.052278,-0.4964338,-0.57133317,-0.48810142,0.057249974,-0.29195604,1.9492778,0.5317657,0.29434586,0.13017642,1.1741469,-1.5475804,-1.9411709,-1.2067255,1.7633625,-0.91714424,-0.05048014,-0.7797057,-1.5462282,-0.47058657,0.00048905564,-0.81843704,-1.8927668,0.20445113,2.469994,1.4681821,0.12891951,-0.24282292,-1.6786516,-1.3097442,0.16640231,1.3489721,-1.3748583,-1.0194024,0.3864651,2.1064608,0.47948408,-0.00082696596,-1.7053887,-1.4576523,-0.66291064,2.2585557,-0.600555,0.27340254,1.2500696,0.45972463,-0.58521223,0.2166007,0.03020497,-0.16352311,-0.7201429,0.76685387,0.956753,0.2032367,1.6481216,-0.36886334,0.1854921,1.3336911,0.038137652,0.04412726,0.41739097,0.6692646,-0.8503637,1.5441816,0.113120936,1.7213405,0.4058791,-0.87979263,-0.53771544,-1.7138419,-0.38469025,1.4392862,0.0007635187,1,0
159,0.13116464,0.7695192,-0.71865565,-2.8536012,1.9446706,-0.78122824,-1.7091177,-0.12384221,0.32559884,-3.3697302,1.282244,2.3454916,-1.5273106,-0.15486152,-0.735126,0.23115097,-2.8250775,0.9020705,-0.6164158,-0.5716768,-0.5019896,0.09399648,-0.2753233,1.7418209,0.49664444,0.29755074,0.15454613,1.1464263,-1.58637,-1.9411709,-1.2659132,1.7963609,-0.87520236,0.073231496,-1.7861495,-1.5618026,-0.42592663,0.043087922,-0.78363967,-1.9198662,0.19831386,2.179312,1.324057,0.04860789,-0.4404671,-1.623985,-1.1311554,0.16333115,1.2955174,-1.2864735,-1.0293403,0.37708953,2.0757947,0.4776831,-0.2089809,-1.6966984,-1.3754368,-0.6371787,2.2479062,-0.60268414,0.2965471,1.0225621,0.56901556,-0.58699787,0.64299977,0.06464047,-0.17572454,-0.7139128,0.813299,1.0188353,0.20665674,1.6503439,-0.33855227,0.18124501,0.15220983,-0.023855766,-0.008888063,0.41355938,0.70508075,-0.94690716,1.4421477,-0.039761182,1.6681036,0.32616943,-0.7266133,-0.5074189,-1.6788126,-0.3851355,1.4470935,0.055858895,1,0
160,0.13116464,0.80036837,-0.71865565,-2.8680403,1.9425251,-0.78122824,-1.7091177,-0.11288504,0.32559884,-3.1211889,1.2792168,2.337603,-1.4391572,-0.117048085,-0.6710345,0.5953847,-2.9528654,0.7360597,-0.73356754,-0.5716768,-0.5011696,0.2524601,-0.20309217,1.5290866,0.3415304,0.2984974,0.15510343,1.0255549,-1.7536439,-1.934423,-1.2665628,1.795541,-0.87657857,0.08454648,-0.018755877,-1.5773772,-0.38280258,0.08504329,-0.7485856,-1.9453224,0.20727913,2.1146648,1.3158075,0.0473261,0.5719574,-1.5695499,-0.9658813,0.1606957,1.241345,-1.2003014,-1.0721954,0.35616595,1.9435512,0.46991634,-1.0849265,-1.6905301,-1.2939694,-0.6163479,2.2315168,-0.6121167,0.32374102,0.78773534,0.6748595,-0.58689517,0.7658836,0.09461091,-0.18419944,-0.7073321,0.85361284,1.0707043,0.17702892,1.6526663,-0.21245216,0.18127951,-0.90697145,-0.08560148,-0.06115539,0.40698808,0.73880297,-1.0435175,1.4401984,-0.05054186,1.6181521,0.31294802,-0.67475617,-0.5068263,-1.5296181,-0.37728244,1.4577681,0.10781802,1,0
161,0.13116464,0.80036837,-0.71865565,-3.4801564,1.8515718,-0.78122824,-1.7091177,-0.11288504,0.32559884,-3.1211889,1.1508883,2.0031886,-1.4391572,-0.117048085,-0.6710345,0.5953847,-2.9528654,0.7360597,-0.73356754,-0.5716768,-0.4664091,0.2524601,-0.18168414,1.5290866,0.18641639,0.33863232,0.17873035,0.969155,-1.7536439,-1.6483603,-1.2665628,1.7607856,-0.87657857,0.08454648,-0.0028393709,-1.5929515,-0.34477812,0.117407985,-0.71274656,-1.972036,0.20727913,1.8186318,1.3158075,0.0473261,0.0857497,-1.5246934,-0.81559646,0.15350503,1.1994867,-1.126412,-1.0721954,0.35616595,1.9435512,0.46991634,-0.16560908,-1.6843613,-1.2140274,-0.5956512,2.2122498,-0.62067807,0.32942536,0.7872465,0.6741372,-0.58253896,0.24998732,0.12458134,-0.19364367,-0.70050114,0.8932663,1.1210812,0.25108427,1.3448468,-0.073309116,0.18274187,1.7475507,-0.13709378,-0.1059325,0.40062255,0.7606897,-1.1234848,1.4401984,-0.05054186,1.6181521,0.31294802,-0.6750687,-0.503203,-1.4733913,-0.37650362,1.4652973,0.15450253,1,0
162,0.16376363,0.9477928,-0.6397308,-3.9207985,1.708606,-0.46711424,-1.5607889,-0.023383386,0.31475812,-2.6182332,0.6530949,1.6930835,-1.4391572,-0.117048085,-0.6710345,0.5953847,-2.9528654,0.6400801,-0.7999403,-0.5719502,-0.46017855,0.2524601,-0.17784688,1.3503897,0.15861316,0.34582618,0.18296541,0.95904565,-1.6882013,-1.5970852,-1.1732725,1.6570232,-0.8558184,0.21397904,2.231671,-1.6045413,-0.30908147,0.14360991,-0.67804384,-1.9945358,0.2171277,1.4082056,1.1607563,0.041545343,0.52010953,-1.4871756,-0.6892898,0.14723468,1.1586953,-1.0664642,-1.0721954,0.32476038,1.9435512,0.46991634,-0.00082696596,-1.6800332,-1.1374313,-0.5786458,2.1905386,-0.6300079,0.349128,0.59152794,0.7332068,-0.581794,0.48580468,0.14981762,-0.20061119,-0.6943249,0.9251603,1.1621451,0.26435828,1.2825352,-0.048368536,0.18300389,0.70392716,-0.18858607,-0.15300298,0.39397135,0.7830672,-1.20092,1.3555255,-0.1691737,1.5976902,0.23102243,-0.53559124,-0.5002955,-1.463313,-0.37636402,1.4725648,0.19799691,1,0
163,0.17893904,1.0164216,-0.60298985,-4.07485,1.649642,-0.3208883,-1.491739,0.018356562,0.30971158,-2.3635144,0.43207073,1.5766279,-1.3861023,-0.093117476,-0.65313756,0.67141736,-2.8453777,0.5658939,-0.86664796,-0.5722834,-0.44412786,0.32336235,-0.052304093,1.1319176,0.11778119,0.34582618,0.15470771,0.9358115,-1.6577367,-1.5970852,-1.1298441,1.61162,-0.8461541,0.2742323,1.590379,-1.6152606,-0.2748119,0.16793123,-0.64353406,-2.0151038,0.22177856,1.2367308,1.0885271,0.03884649,0.373757,-1.4512601,-0.57155544,0.14099817,1.1183482,-1.0101933,-1.0922558,0.27287588,1.8639557,0.47531462,-0.4210023,-1.6766723,-1.0646095,-0.5624954,2.1666071,-0.6414089,0.37163156,0.35198954,0.79202753,-0.57983094,0.63252544,0.17043617,-0.20395626,-0.68867105,0.9518067,1.1918865,0.25492808,1.2782129,-0.015638683,0.1883713,-0.23913768,-0.24007878,-0.20143795,0.3866086,0.8055037,-1.276757,1.3160883,-0.22440307,1.5572836,0.19709621,-0.4570725,-0.49759465,-1.390959,-0.37895077,1.4804355,0.23837988,1,0
164,0.17893904,1.0164216,-0.60298985,-4.165415,1.5832639,-0.3208883,-1.491739,0.018427916,0.3056386,-2.3440306,0.24146487,1.4806181,-1.3358831,-0.07046596,-0.6361972,0.7433861,-2.6598754,0.53796494,-0.9005438,-0.57247823,-0.42893508,0.39047486,0.06652847,1.0038632,0.06206868,0.35832134,0.0723835,0.90220845,-1.5957012,-1.4810704,-1.1298441,1.5571429,-0.8461541,0.2742323,1.3567397e-05,-1.6259801,-0.24328919,0.18807901,-0.60989714,-2.0342295,0.22195096,1.1483862,1.0883968,0.040285625,0.008875999,-1.4181612,-0.45847815,0.13325903,1.0804687,-0.9597689,-1.1112437,0.20823616,1.7886147,0.48042426,-0.5364598,-1.6736615,-0.9958403,-0.54597425,2.1412556,-0.65377367,0.38469943,0.21145655,0.821619,-0.5779571,0.4095464,0.18883866,-0.20553331,-0.68325037,0.9760141,1.2156811,0.26809636,1.147134,0.031588092,0.20566547,0.2484104,-0.28731263,-0.24667245,0.3799225,0.82381237,-1.3442434,1.3160353,-0.22364308,1.5280528,0.2010827,-0.44417337,-0.49660572,-1.3159072,-0.37489405,1.4877896,0.27507865,1,0
165,0.1873701,1.0149313,-0.5825775,-4.34693,1.4224857,-0.30024338,-1.4533769,0.03647485,0.2979096,-2.2248914,-0.24665329,1.2607596,-1.3358831,-0.07046596,-0.6363696,0.7412201,-2.500928,0.530363,-0.9035746,-0.5725332,-0.43493536,0.39047486,0.06652847,0.9689842,0.029688949,0.38228005,-0.033082273,0.8801752,-1.4402598,-1.259517,-1.1043451,1.421408,-0.8398732,0.2864438,0.6099875,-1.6364378,-0.21552718,0.20144905,-0.5781204,-2.0513065,0.22319597,0.9286613,1.0519332,0.041233737,0.06736084,-1.390136,-0.35363352,0.1241122,1.0452067,-0.9197404,-1.1112788,0.15065005,1.7886475,0.48049688,-0.0015623247,-1.6707963,-0.93063956,-0.5291986,2.1150024,-0.66581184,0.3848385,0.17335354,0.82441276,-0.5787144,0.0006335259,0.20631696,-0.206672,-0.67802435,0.9983574,1.2373923,0.31063378,0.89455277,0.062476385,0.22887439,1.3298532,-0.32849404,-0.28703856,0.3748988,0.8367883,-1.3999727,1.2946818,-0.23404703,1.5218749,0.19341007,-0.41617396,-0.49761063,-1.30345,-0.362606,1.4936478,0.30804116,1,0
166,0.22671343,1.0079765,-0.48732403,-4.3919854,1.2600226,-0.20390424,-1.2743605,0.12083334,0.298451,-1.6686879,-0.83655643,1.0849955,-1.3350309,-0.07010045,-0.6373477,0.73103917,-2.4974034,0.49460322,-0.9178185,-0.5728008,-0.46313542,0.39143106,0.068014234,0.8051851,0.029397607,0.38343433,-0.033967093,0.8799242,-1.264243,-1.2529995,-0.9853554,1.2704202,-0.8105636,0.34342846,3.4292936,-1.6459235,-0.19033796,0.20975481,-0.5485061,-2.0650399,0.22815397,0.6427054,0.8824356,0.0326535,0.31361824,-1.3662108,-0.26579133,0.1170549,1.0074468,-0.8897701,-1.1117795,0.14069267,1.7876127,0.4810835,-0.012014342,-1.6684774,-0.86740804,-0.5135621,2.087384,-0.6777543,0.3855322,-0.00547838,0.8375369,-0.5822748,0.016727373,0.22033873,-0.20544158,-0.6735332,1.015032,1.2523574,0.31334957,0.8682488,0.062974684,0.22918795,0.079052925,-0.3694852,-0.32887307,0.37040412,0.8514027,-1.4523474,1.1953052,-0.2894635,1.4925852,0.15779872,-0.28596178,-0.49717692,-1.3024797,-0.36303064,1.4987974,0.33857667,1,0
167,0.22671343,1.0079765,-0.48732403,-4.3919854,1.2600226,-0.20390424,-1.2743605,0.13595851,0.3558123,-1.6429191,-0.83655643,1.0849955,-1.244748,-0.031373423,-0.6557539,0.7232364,-2.1239953,0.46435404,-0.9284969,-0.5739483,-0.48433554,0.49273428,0.22542626,0.69534045,-0.001470108,0.38343433,-0.1277128,0.8533291,-1.264243,-1.2529995,-0.9853554,1.2704202,-0.8105636,0.34342846,0.5557423,-1.6554093,-0.16616721,0.21742348,-0.5190264,-2.0776966,0.24074061,0.63618106,0.87454385,0.0121130515,0.7214202,-1.3422859,-0.1803397,0.10978305,0.9701695,-0.86014813,-1.1474556,0.00412326,1.661775,0.50729614,-0.75581264,-1.666733,-0.8122655,-0.49644145,2.060597,-0.68974936,0.39013317,-0.11410708,0.84675246,-0.58507574,0.10912161,0.23147798,-0.20125066,-0.6694171,1.0297982,1.2588221,0.2996978,0.8669579,0.086951405,0.24689272,-0.33399838,-0.4104764,-0.37130934,0.36555853,0.8659952,-1.5035275,1.1920841,-0.3003106,1.4437628,0.17824966,-0.27617618,-0.49137795,-1.1993115,-0.38004297,1.5046176,0.36716968,1,0
168,0.22671343,1.0037292,-0.48732403,-4.3919854,1.1275979,-0.20390424,-1.2743605,0.13888371,0.3669057,-1.6379356,-1.2125903,0.9774902,-1.2272878,-0.023883844,-0.65931356,0.7217274,-2.037883,0.458504,-0.930562,-0.5741703,-0.48843548,0.5265003,0.25586888,0.6740971,-0.02332946,0.4060954,-0.1870317,0.7416668,-1.1495801,-1.0523714,-0.9852905,1.150896,-0.8104696,0.3422317,0.0015640919,-1.664895,-0.14537127,0.21918379,-0.49224964,-2.0880911,0.2431748,0.57070696,0.87301755,0.008140711,0.26268518,-1.3215146,-0.09664796,0.10081183,0.93420976,-0.83842146,-1.1543553,-0.027071273,1.6374384,0.51236546,-0.296913,-1.664989,-0.7585357,-0.47936937,2.032873,-0.7013141,0.39102325,-0.13420905,0.8485347,-0.58561736,0.04006948,0.24261716,-0.19690186,-0.66524684,1.0443461,1.2651439,0.34717372,0.636614,0.10894274,0.26066223,1.1141931,-0.44410264,-0.402108,0.3617625,0.8742836,-1.5414735,1.1913642,-0.30133966,1.4342281,0.18296221,-0.27428368,-0.49025658,-1.1723464,-0.3778229,1.509402,0.39197403,1,0
169,0.2506945,1.0016427,-0.42926386,-4.380814,0.98017347,-0.25805044,-1.1652442,0.1908789,0.39515945,-1.3772323,-1.5970675,0.8622534,-1.2272878,-0.023883844,-0.6676485,0.7217274,-2.0310564,0.44017014,-0.93541574,-0.5746844,-0.48843548,0.5334631,0.25586888,0.6364598,-0.031134916,0.41722715,-0.20726499,0.6893417,-1.0932542,-0.9469083,-0.9113854,1.0225644,-0.7946383,0.36749715,1.7683309,-1.6750677,-0.1270258,0.2170364,-0.46779445,-2.0963554,0.25431952,0.44751695,0.7715544,-0.0047972808,0.5887458,-1.3033307,-0.022665763,0.09313175,0.89675635,-0.8224091,-1.1559986,-0.031981442,1.6388129,0.5156984,-0.035247676,-1.6635959,-0.70648634,-0.46299148,2.0042324,-0.7130053,0.39466384,-0.17342436,0.8524792,-0.58568305,0.08262658,0.2527594,-0.19180995,-0.6613015,1.0571551,1.2695353,0.37179178,0.5163042,0.11746772,0.26574412,0.92704403,-0.4757097,-0.42985442,0.35824832,0.8806725,-1.5754322,1.1336416,-0.33073324,1.4191574,0.16957042,-0.19802971,-0.4851913,-1.1699225,-0.3784782,1.5137472,0.41506785,1,0
170,0.27448782,1.0126686,-0.3716582,-4.3335648,0.8984448,-0.31177267,-1.056982,0.2424669,0.423192,-1.1185702,-1.7952622,0.8003151,-1.195179,-0.008356077,-0.6778176,0.7359262,-1.9922647,0.3975833,-0.9631305,-0.5751944,-0.469061,0.5504564,0.25536394,0.5803717,-0.037603047,0.41722715,-0.2114414,0.6496297,-1.0932542,-0.94005364,-0.83824605,0.94600695,-0.7791671,0.3958409,2.3432639,-1.6856911,-0.10994044,0.2135525,-0.44467595,-2.1030889,0.26537696,0.35658735,0.6708856,-0.017633935,0.78237087,-1.2863483,0.044403516,0.08653154,0.8583793,-0.80898136,-1.1610534,-0.04688014,1.5903927,0.5260391,-0.11826557,-1.6629016,-0.65682864,-0.44742313,1.9748397,-0.7255561,0.4086745,-0.23074304,0.8759733,-0.58332855,0.35414943,0.26175058,-0.18550615,-0.6574748,1.0682063,1.2718012,0.37064922,0.5075174,0.12260061,0.26652545,-0.031959035,-0.50715035,-0.45626074,0.35424265,0.88705117,-1.6084499,1.0766144,-0.36282212,1.3851225,0.15969777,-0.11390082,-0.478153,-1.1318789,-0.38849333,1.518513,0.43730044,1,0
171,0.27448782,1.0347192,-0.3716582,-4.2612367,0.8748955,-0.32553607,-1.056982,0.2424669,0.423192,-1.1185702,-1.827043,0.7840448,-1.1309637,0.022698274,-0.68161595,0.76842546,-1.9146845,0.3487921,-1.0089269,-0.5751724,-0.43031347,0.58444154,0.25435415,0.54288226,-0.054103702,0.4202795,-0.22135422,0.560034,-1.0786307,-0.90358317,-0.83855695,0.91344935,-0.77954805,0.40122625,-0.009302312,-1.696489,-0.093718804,0.20952748,-0.42244238,-2.1087794,0.26537696,0.34908357,0.6708856,-0.017633935,-0.0014001053,-1.2698436,0.10971289,0.079689816,0.8208594,-0.7965937,-1.1679019,-0.070861585,1.4908285,0.5401066,-0.18055435,-1.6629058,-0.60970956,-0.43239537,1.944785,-0.73916674,0.42938107,-0.26667902,0.9151477,-0.5784866,0.6055099,0.26999974,-0.17811967,-0.65360224,1.0782386,1.2727513,0.375385,0.46403491,0.13630792,0.26871067,0.10053813,-0.53725195,-0.4788244,0.34977198,0.8925272,-1.6386371,1.0770068,-0.3676312,1.3468692,0.16726443,-0.096951,-0.47412565,-1.0523778,-0.40152013,1.5239375,0.45834416,1,0
172,0.27448782,1.0347192,-0.3716582,-4.2612367,0.7560325,-0.39500538,-1.056982,0.2424669,0.423192,-1.1185702,-1.9874536,0.70192206,-1.1309637,0.022698274,-0.68161595,0.78913283,-1.9146845,0.3487921,-1.0089269,-0.5750614,-0.43031347,0.58444154,0.25435415,0.54288226,-0.07209693,0.43568614,-0.22922985,0.50867796,-1.0048194,-0.71950185,-0.83855695,0.8246717,-0.77954805,0.40122625,-3.0120822e-05,-1.7079939,-0.07988686,0.2015082,-0.40234813,-2.113208,0.26537696,0.31120908,0.6708856,-0.017633935,-0.0014001053,-1.2552707,0.17283835,0.0720787,0.7852132,-0.78794974,-1.1679019,-0.067159414,1.4908285,0.5401066,-0.0016698246,-1.6629102,-0.56372654,-0.4173689,1.9138539,-0.75278056,0.42891732,-0.26667902,0.91522366,-0.57847196,-0.012777259,0.27824894,-0.17087784,-0.6497712,1.0880849,1.2737029,0.41082144,0.2603356,0.15368077,0.27185252,1.0576329,-0.5619348,-0.49289393,0.34650636,0.8928729,-1.6598265,1.0770068,-0.3676312,1.3468692,0.16726443,-0.09691816,-0.47411326,-1.0453576,-0.39984673,1.5287278,0.47660038,1,0
173,0.3140189,1.0673295,-0.27595016,-3.9474134,0.66429424,-0.4871031,-0.93161225,0.30013308,0.43258196,-0.7964136,-2.0640454,0.63480663,-1.1309637,0.022698274,-0.6953556,0.7892304,-1.9146845,0.3033437,-1.0515586,-0.57506084,-0.43031347,0.58444154,0.25351858,0.49604926,-0.072181694,0.43575868,-0.22926702,0.50843596,-1.0044715,-0.7186345,-0.7152725,0.69323194,-0.7567639,0.43922022,2.949177,-1.7206626,-0.06712331,0.19427699,-0.38529837,-2.1144361,0.28406042,0.21366218,0.5572239,-0.024076113,0.9879415,-1.242655,0.22277759,0.06717684,0.7487511,-0.7819491,-1.1705317,-0.065119654,1.4927944,0.5453066,-0.055912513,-1.6637859,-0.5202561,-0.40390468,1.8822337,-0.76740026,0.44304028,-0.31402874,0.952374,-0.57847184,0.32592404,0.28525734,-0.16291627,-0.64623284,1.0960974,1.2725931,0.41098848,0.2593758,0.15376264,0.27186742,0.18045908,-0.5866177,-0.50701153,0.34328783,0.8931934,-1.6805869,1.0071428,-0.4049605,1.325175,0.14727287,0.0026656366,-0.4715638,-1.0467848,-0.4050844,1.5338924,0.49402055,1,0
174,0.32226223,1.0741297,-0.2559924,-3.8807504,0.64528114,-0.5062397,-0.90546924,0.31215814,0.43454003,-0.71678346,-2.0798593,0.6208919,-1.096622,0.0533877,-0.6982207,0.7449956,-1.8571832,0.29267251,-1.0754712,-0.5739461,-0.39943764,0.56396246,0.25267905,0.42957088,-0.0828758,0.43575868,-0.24476911,0.47791302,-1.0044715,-0.7186345,-0.6895643,0.66563684,-0.7520128,0.44714293,1.216015,-1.7333369,-0.05471564,0.18685356,-0.3684439,-2.1153765,0.28795636,0.1913377,0.5335223,-0.025419608,0.406526,-1.2300489,0.2709812,0.06236966,0.712741,-0.7760741,-1.1357188,-0.09193466,1.4153441,0.5570552,0.7171243,-1.6646888,-0.47836483,-0.39018926,1.8508096,-0.78052634,0.4516791,-0.3815863,0.9730631,-0.5744745,0.26710945,0.29075748,-0.15410489,-0.64312315,1.1017231,1.2688482,0.40840527,0.2584229,0.16214561,0.2747492,-0.06796996,-0.61130065,-0.5203465,0.3397596,0.8937692,-1.700943,0.99257433,-0.41274473,1.2904432,0.15142424,0.029031374,-0.4677074,-0.9858626,-0.41540095,1.5390855,0.5104243,1,0
175,0.32226223,1.0741297,-0.2559924,-3.880118,0.59881586,-0.597099,-0.90546924,0.31215814,0.43454003,-0.7103353,-2.0798593,0.58644086,-1.0788379,0.06928039,-0.6991783,0.72208834,-1.7478935,0.2920542,-1.0832508,-0.5733688,-0.3834483,0.5533572,0.25233454,0.400202,-0.10039507,0.44293445,-0.29474026,0.419659,-0.89808613,-0.63826275,-0.6895643,0.63803244,-0.7520128,0.44714293,1.3567397e-05,-1.7471641,-0.043712556,0.17766783,-0.3527919,-2.1159875,0.28795636,0.16737169,0.5335223,-0.025419608,-0.0014001053,-1.2184532,0.31711406,0.057331894,0.6785345,-0.7714726,-1.1175851,-0.13281411,1.3751439,0.5629203,0.5685651,-1.6655977,-0.43890965,-0.37601256,1.8198484,-0.79293555,0.45462748,-0.4114583,0.97976536,-0.57240444,0.10055006,0.29586414,-0.14518413,-0.6401504,1.1066549,1.2644774,0.41992557,0.15919696,0.1770525,0.28475985,0.2680638,-0.63303334,-0.5289023,0.33716634,0.8929482,-1.7152554,0.99257433,-0.41274473,1.2748464,0.15600017,0.031931285,-0.4659855,-0.9499758,-0.41598555,1.5439538,0.5250453,1,0
176,0.3376254,1.0745823,-0.21879686,-3.7521915,0.52661544,-0.7360504,-0.87037736,0.32937935,0.42928508,-0.6092018,-2.0775325,0.524367,-1.0788379,0.06928039,-0.704781,0.6985235,-1.6652024,0.2920542,-1.0886343,-0.5734261,-0.3834483,0.52196956,0.25233454,0.37609014,-0.11285532,0.45039704,-0.3383604,0.37551442,-0.7874473,-0.5546776,-0.64087796,0.56694084,-0.7439537,0.45622817,1.1646724,-1.7623574,-0.033832647,0.16804284,-0.3389081,-2.1155171,0.29583523,0.11300176,0.5017835,-0.0248225,0.41581252,-1.2083308,0.357554,0.053032458,0.6457717,-0.7685122,-1.1186179,-0.16493772,1.3758398,0.5649276,-0.023742715,-1.6665065,-0.40133864,-0.36176577,1.7892104,-0.80449456,0.45672932,-0.43779126,0.9843867,-0.5724122,0.04659757,0.300332,-0.13653593,-0.63755065,1.110456,1.2591437,0.43329766,0.056516945,0.18804066,0.29361895,0.4414495,-0.65271264,-0.5342851,0.3353007,0.89111817,-1.7253591,0.9713175,-0.42054224,1.2671732,0.15181565,0.05725004,-0.4662282,-0.9460525,-0.41329196,1.5483384,0.53817946,1,0
177,0.37003663,1.0755372,-0.14032659,-3.4702528,0.47624198,-0.82984495,-0.7963452,0.36571035,0.41819885,-0.3958433,-2.0672748,0.46899757,-1.0737221,0.07640505,-0.71449983,0.6404176,-1.6078438,0.2951245,-1.1019121,-0.57356733,-0.3791967,0.43255115,0.24986333,0.3138932,-0.117135786,0.45039704,-0.3383604,0.36556026,-0.7874473,-0.5546776,-0.5381655,0.4744007,-0.7269518,0.47539508,3.0677857,-1.7784448,-0.024318751,0.15970631,-0.32663193,-2.113529,0.3124572,0.04739763,0.434825,-0.02356278,1.0975597,-1.1994289,0.39054826,0.050185513,0.6135977,-0.76672614,-1.1078341,-0.19501857,1.3615711,0.5705535,0.21573839,-1.6673564,-0.36544314,-0.3474241,1.7591624,-0.8145881,0.46265355,-0.5062511,0.99565184,-0.57190263,0.16192602,0.3034871,-0.12840457,-0.6357188,1.1119752,1.2518189,0.43287352,0.05634816,0.19143115,0.29361895,-0.0139980465,-0.67239165,-0.5393896,0.33334744,0.88940316,-1.7352906,0.9264727,-0.43699238,1.2448796,0.1440731,0.11132007,-0.46630275,-0.9340828,-0.41896716,1.5522534,0.5504289,1,0
178,0.37003663,1.0755372,-0.14032659,-3.404724,0.47624198,-0.82984495,-0.7963452,0.36571035,0.41819885,-0.3958433,-2.0382004,0.46899757,-1.045915,0.11513203,-0.71449983,0.5948012,-1.296063,0.31181377,-1.1123506,-0.5736784,-0.35608673,0.30643895,0.23643084,0.2523136,-0.14040288,0.45039704,-0.3383604,0.31145304,-0.7874473,-0.5546776,-0.5381655,0.45910317,-0.7269518,0.47539508,0.056807213,-1.794532,-0.014957001,0.15179841,-0.31470704,-2.1111536,0.3124572,0.04094163,0.434825,-0.02356278,0.018944932,-1.1905272,0.42253995,0.047354344,0.58212537,-0.7646987,-1.0395025,-0.3094655,1.2774633,0.5822015,1.6928668,-1.6679453,-0.33364448,-0.33122814,1.7314705,-0.82257235,0.47075143,-0.57640326,1.0038908,-0.569043,0.22431558,0.3053109,-0.12120331,-0.6347937,1.1109724,1.2427306,0.43056807,0.05543061,0.2098607,0.29361895,-0.07162663,-0.6920708,-0.5431944,0.33086354,0.88813,-1.744989,0.9264727,-0.43699238,1.2122474,0.1531608,0.114884846,-0.46392423,-0.8641553,-0.43071723,1.5558639,0.56178135,1,0
179,0.37003663,1.0462608,-0.14032659,-3.4034877,0.43371722,-0.91535366,-0.7963452,0.36571035,0.40820184,-0.3958433,-2.037652,0.40665203,-1.0453905,0.11586251,-0.7032129,0.5642017,-1.2612499,0.31212854,-1.1125474,-0.5736805,-0.35565084,0.3040602,0.23617747,0.2511521,-0.1598653,0.4597334,-0.28800967,0.27084246,-0.6779246,-0.4565845,-0.5378143,0.438144,-0.72662574,0.4697855,0.008414144,-1.8117039,-0.006878078,0.14210217,-0.3038903,-2.1086369,0.31266296,0.0062612165,0.43474534,-0.020572726,0.009495671,-1.1834544,0.45199016,0.04416432,0.5535597,-0.7648993,-1.0361819,-0.32708955,1.2746376,0.5785953,0.35903478,-1.6685344,-0.3031886,-0.3153483,1.7040613,-0.8294965,0.47090426,-0.5777265,1.0040462,-0.56898904,0.039416745,0.30713475,-0.11415597,-0.633874,1.1099817,1.2338213,0.4563383,-0.06163708,0.22712523,0.28525004,0.6291224,-0.708149,-0.5408401,0.32936284,0.8847402,-1.7479424,0.92610437,-0.43040428,1.2108299,0.15389778,0.11501064,-0.46506268,-0.85507977,-0.43153676,1.5588738,0.5712813,1,0
180,0.40094945,1.0223415,-0.065483905,-3.0236776,0.3988083,-1.0300317,-0.73994184,0.3919126,0.4000687,-0.23881947,-1.9557203,0.33493498,-1.0453905,0.11586251,-0.70066255,0.549774,-1.2547125,0.31212854,-1.1139482,-0.57489055,-0.35565084,0.18659756,0.23617747,0.21488251,-0.1641638,0.46496668,-0.2766325,0.2618968,-0.65317714,-0.43441966,-0.4385615,0.33426884,-0.7119441,0.48034772,2.376037,-1.8301064,0.0013535535,0.1360032,-0.2949878,-2.104281,0.32551038,-0.060023528,0.38521978,-0.019694388,0.68115985,-1.1781071,0.47364706,0.042450197,0.52689314,-0.7660453,-1.0357226,-0.33209664,1.2743576,0.5777307,0.01758842,-1.6691232,-0.27352956,-0.29969457,1.6765237,-0.8360059,0.47641438,-0.60465133,1.0043666,-0.5691566,0.12641981,0.30799767,-0.10880872,-0.6339234,1.107154,1.223716,0.46993452,-0.08808547,0.23146036,0.28367642,0.46989045,-0.7241579,-0.5384684,0.3279212,0.88134897,-1.7507321,0.8907654,-0.4393721,1.1962504,0.14653793,0.15153679,-0.46554956,-0.85311997,-0.43150282,1.5613171,0.5800982,1,0
181,0.417811,1.0129029,-0.024660766,-2.7814615,0.38500825,-1.0820444,-0.7074084,0.4062046,0.39686453,-0.1495535,-1.894876,0.30350077,-1.0267385,0.13814878,-0.6934193,0.4887503,-1.121243,0.3113282,-1.1147122,-0.5759554,-0.36642206,0.05084556,0.2013924,0.16950071,-0.19067512,0.46667057,-0.2766325,0.24289785,-0.65317714,-0.43441966,-0.38446715,0.27203098,-0.7039763,0.4868003,1.9123049,-1.8488535,0.00957149,0.13122489,-0.2868308,-2.0992188,0.3320743,-0.096198745,0.35697055,-0.019583793,0.52283156,-1.1732415,0.49251363,0.0412143,0.50114834,-0.7672475,-0.99484813,-0.3879818,1.2252457,0.58149415,0.85531616,-1.6697274,-0.24619596,-0.2837211,1.650684,-0.8406401,0.4792428,-0.6199246,1.0045729,-0.57064134,0.0972405,0.30790874,-0.10471526,-0.63479435,1.1020112,1.2129496,0.47186294,-0.088111654,0.25262734,0.2838496,0.09538709,-0.7401669,-0.53569967,0.32624662,0.87827325,-1.7535306,0.8710269,-0.44507563,1.1693429,0.14538991,0.17238134,-0.46682832,-0.8080834,-0.43520695,1.5636199,0.58827376,1,0
182,0.417811,1.0017835,-0.024660766,-2.743253,0.3759538,-1.1164038,-0.705481,0.4062046,0.39686453,-0.14561048,-1.8772647,0.28062415,-1.0064048,0.16244464,-0.68491775,0.42591292,-0.97573876,0.31045568,-1.1131921,-0.57639664,-0.3781645,-0.027299622,0.16347076,0.14159405,-0.23258245,0.47045773,-0.26527187,0.21261705,-0.6207481,-0.39540434,-0.38433433,0.25986376,-0.70386684,0.48488855,0.0031906825,-1.8680363,0.017398087,0.12628396,-0.27908537,-2.0941014,0.3316182,-0.10881675,0.35561308,-0.019583793,-0.0333594,-1.1690471,0.51020783,0.039885502,0.47673652,-0.7691036,-0.95017743,-0.44818506,1.1716448,0.5854031,1.2365803,-1.6703429,-0.22072718,-0.26756123,1.6260731,-0.84386337,0.47851622,-0.6205646,1.0032957,-0.5721603,-0.021112911,0.3073195,-0.10122819,-0.6360543,1.095585,1.2020139,0.47877467,-0.13281283,0.28621557,0.28215432,0.14906923,-0.75474375,-0.5303771,0.32479548,0.8744132,-1.7539127,0.87036014,-0.44336852,1.148439,0.14964958,0.17282613,-0.46809188,-0.7546927,-0.44005296,1.5657153,0.59537536,1,0
183,0.424556,0.972242,-0.00833065,-2.6517403,0.35179496,-1.2045342,-0.69470865,0.41076177,0.39731312,-0.12212909,-1.8566637,0.22110818,-1.0064048,0.16244464,-0.6835695,0.41296238,-0.97573876,0.31014076,-1.1098053,-0.57639664,-0.38053226,-0.039412204,0.16347076,0.13591567,-0.26155663,0.47889516,-0.23996244,0.19129944,-0.52969927,-0.30440366,-0.36220813,0.2299999,-0.7007701,0.48265147,0.5310369,-1.8881004,0.024756616,0.121622495,-0.27217337,-2.0886867,0.33383548,-0.13408324,0.3464605,-0.019974906,0.11600778,-1.1662331,0.5255088,0.038571976,0.45441037,-0.77230793,-0.94993144,-0.45054176,1.1715094,0.5849712,0.0055856835,-1.6709645,-0.19590387,-0.2517039,1.6014647,-0.8466589,0.476924,-0.6148391,1.0004454,-0.5724547,-0.046708684,0.30657986,-0.097967364,-0.6373996,1.0889785,1.1909873,0.4997746,-0.23920076,0.31031507,0.2783776,0.6498169,-0.76675963,-0.5212414,0.32418266,0.86897284,-1.7497408,0.8634342,-0.44157746,1.145334,0.15072866,0.17831746,-0.46818185,-0.74485373,-0.4416289,1.5673648,0.60105824,1,0
184,0.46427423,0.9441581,0.087830566,-2.1128628,0.32831788,-1.2727405,-0.6312752,0.43759677,0.39995477,0.016142696,-1.7353532,0.17075753,-1.0064048,0.16244464,-0.6835695,0.34843934,-0.97573876,0.30828643,-1.1098053,-0.57639664,-0.39447463,-0.11073795,0.16347076,0.1024781,-0.26155663,0.47889516,-0.23996244,0.19129944,-0.41898233,-0.28037435,-0.23365895,0.09754227,-0.6839691,0.49455753,3.5976171,-1.9088824,0.03265544,0.12140135,-0.2672033,-2.081156,0.34689158,-0.17853579,0.29256487,-0.022278616,0.8073724,-1.1646456,0.53522015,0.038434032,0.43371955,-0.7755038,-0.94993144,-0.46207952,1.1715094,0.5849712,-0.0006220329,-1.6716154,-0.17167296,-0.23653753,1.5772943,-0.84827197,0.47455016,-0.58112425,1.0008643,-0.57418764,-0.06878453,0.30510473,-0.09550035,-0.63927376,1.0811739,1.1789731,0.4997746,-0.2796215,0.31031507,0.2783776,0.017479071,-0.77804315,-0.51188505,0.32434338,0.86411047,-1.7433057,0.82412815,-0.4534257,1.1287745,0.14319265,0.21809697,-0.46871173,-0.74485373,-0.4416289,1.5686458,0.60586876,1,0
185,0.4655854,0.9432309,0.09100505,-2.0495987,0.32754284,-1.2749921,-0.6291811,0.4402519,0.40661052,0.020707414,-1.6314933,0.16909534,-0.9977618,0.1998931,-0.66485476,0.2908811,-0.8379705,0.29432833,-1.0993634,-0.57693356,-0.40509263,-0.13558316,0.1354631,0.08469532,-0.28690547,0.47889516,-0.23996244,0.17267673,-0.41532725,-0.2795811,-0.22941515,0.08302465,-0.6834144,0.49495056,0.7252643,-1.9296644,0.04046384,0.12150485,-0.26247048,-2.0734627,0.3490101,-0.20759776,0.29024982,-0.024352122,0.2510097,-1.1630578,0.54418224,0.03842589,0.41435638,-0.7775887,-0.8525928,-0.51548177,1.109196,0.5886656,2.0379946,-1.6725329,-0.14993364,-0.22141635,1.555039,-0.848519,0.47134662,-0.5673768,0.9917678,-0.57558036,-0.08891842,0.30318782,-0.09309287,-0.6413071,1.0722584,1.1668086,0.49795884,-0.28067377,0.33022338,0.2783776,-0.04878855,-0.78932655,-0.50226694,0.32423586,0.8595849,-1.7370281,0.82261187,-0.4548717,1.1040516,0.14582618,0.21586213,-0.46904945,-0.6905187,-0.44535562,1.5702381,0.61038154,1,0
186,0.4655854,0.9271356,0.09100505,-2.038508,0.3144955,-1.2904351,-0.6291811,0.44068342,0.40821257,0.020707414,-1.6071388,0.14029002,-0.99565387,0.20902675,-0.6542919,0.2773623,-0.7803165,0.29093894,-1.0968168,-0.5770646,-0.4075701,-0.14106856,0.12863213,0.080627374,-0.29842192,0.4794887,-0.22249016,0.16813469,-0.2537773,-0.20143303,-0.2292232,0.074324034,-0.6832727,0.49244168,0.0046035135,-1.9506422,0.047866642,0.12092676,-0.25808024,-2.0657485,0.3494216,-0.21760133,0.29011914,-0.02483935,0.039135985,-1.1623151,0.55220914,0.038259182,0.39640635,-0.7806283,-0.8277439,-0.5364071,1.0934414,0.58774763,0.94730705,-1.6734595,-0.12912366,-0.20635834,1.5330864,-0.84849465,0.4705849,-0.5642953,0.9895458,-0.5759061,-0.03582488,0.3012558,-0.090778455,-0.6433006,1.0634421,1.154804,0.5002359,-0.3820529,0.3394183,0.27524778,0.044011246,-0.7977413,-0.48956835,0.32573545,0.85424584,-1.7245848,0.82241255,-0.45288867,1.0977995,0.14669801,0.21499676,-0.4691276,-0.6750998,-0.4460966,1.5715636,0.6134084,1,0
187,0.48788008,0.9090284,0.13364711,-1.7689123,0.2998173,-1.3078084,-0.61041415,0.4529393,0.41710943,0.047872625,-1.4096096,0.11226722,-0.99565387,0.20902675,-0.6508484,0.253273,-0.76650846,0.29093894,-1.0968168,-0.57737625,-0.4075701,-0.15035243,0.12863213,0.080627374,-0.30148393,0.47982952,-0.2090373,0.17405455,-0.14492376,-0.15657048,-0.16157871,0.00846272,-0.6781964,0.49610046,1.6193982,-1.9717886,0.055558916,0.12290508,-0.25487146,-2.0567596,0.35789955,-0.27282938,0.2730506,-0.028047029,0.44753465,-1.1621704,0.5579147,0.03859539,0.38098025,-0.7820921,-0.82710767,-0.5447334,1.0931219,0.5867034,0.018659577,-1.6743861,-0.10888111,-0.19166556,1.5114273,-0.8478613,0.4718799,-0.5622076,0.98931956,-0.5759479,0.02770771,0.29932386,-0.08874142,-0.64530766,1.0547353,1.143004,0.50211644,-0.441835,0.3419246,0.27282643,0.061655454,-0.8052706,-0.476404,0.32785577,0.8488938,-1.7101651,0.8102162,-0.45784977,1.092672,0.14356744,0.22743946,-0.46789297,-0.67384964,-0.4463329,1.5726926,0.6159798,1,0
188,0.5133598,0.8988943,0.18238105,-1.459144,0.29160228,-1.3175318,-0.5889661,0.46694604,0.43011832,0.07891868,-1.1838611,0.09913973,-0.98911595,0.22291014,-0.63925254,0.17786644,-0.6634082,0.29280865,-1.094279,-0.5778785,-0.4087341,-0.16540949,0.13826303,0.0857802,-0.30331895,0.47982952,-0.2051259,0.18082015,-0.12650955,-0.15657048,-0.08439636,-0.06307146,-0.6724876,0.501928,2.4301,-1.9930193,0.063516274,0.126996,-0.2525193,-2.046805,0.3675343,-0.33379975,0.25355995,-0.032524873,0.67100376,-1.1622889,0.5620094,0.039343905,0.3672959,-0.7820804,-0.7922411,-0.5894274,1.0684502,0.58663666,0.72947747,-1.6752766,-0.09013156,-0.17702168,1.4915377,-0.84529036,0.4728953,-0.56091475,0.9867958,-0.5761597,0.03209748,0.2975283,-0.08718951,-0.6473382,1.0464734,1.1315057,0.50235784,-0.44359928,0.3433829,0.2721124,0.0055193193,-0.81279993,-0.46374068,0.33004063,0.8437687,-1.6957859,0.7963799,-0.46541816,1.0774733,0.13982685,0.24066778,-0.46629733,-0.65493286,-0.44664592,1.5736934,0.61864316,1,0
189,0.5133598,0.89852995,0.18238105,-1.4552386,0.28976217,-1.3175318,-0.5889661,0.46694604,0.43680963,0.07891868,-1.1838611,0.09913973,-0.9736895,0.25560886,-0.6119413,0.06510667,-0.41511375,0.29804212,-1.0880965,-0.5782223,-0.4114755,-0.17588311,0.16192639,0.09791643,-0.30824462,0.4805651,-0.20801298,0.18653058,-0.08423693,-0.14401263,-0.08439204,-0.064953476,-0.6724847,0.50187504,0.00011495762,-2.0142505,0.0713151,0.13088852,-0.25023487,-2.0368884,0.36740595,-0.33379975,0.25359833,-0.03443723,-0.009827022,-1.1624075,0.56604666,0.040055513,0.3538303,-0.78205943,-0.7101479,-0.68681973,1.0103211,0.58647954,2.1318462,-1.6760874,-0.07375726,-0.16196613,1.4745629,-0.83994055,0.4717271,-0.5633446,0.98128355,-0.5765465,-0.03614246,0.2959771,-0.08617474,-0.6493655,1.0389522,1.1203468,0.5035927,-0.45775983,0.34732318,0.2727158,0.025736475,-0.8198684,-0.45119348,0.3325965,0.838785,-1.6803894,0.7963926,-0.4663808,1.0549177,0.13973774,0.2382545,-0.4658623,-0.6101588,-0.44616604,1.5746005,0.621234,1,0
190,0.5133598,0.89618963,0.18238105,-1.4552386,0.27794155,-1.3175318,-0.5889661,0.46694604,0.43680963,0.07891868,-1.1838611,0.09913973,-0.9735089,0.25560886,-0.6119413,0.06510667,-0.37999284,0.30337337,-1.0867767,-0.5782223,-0.4114755,-0.17588311,0.16822287,0.09791643,-0.31212246,0.48529062,-0.22655883,0.2232134,0.18731576,-0.06334294,-0.08436497,-0.071765035,-0.67246604,0.50153506,0.0007662724,-2.035481,0.078821465,0.13421306,-0.2481834,-2.0269325,0.36740595,-0.33379975,0.25359833,-0.03443723,-0.0017796443,-1.162526,0.56994104,0.040750835,0.34058717,-0.78203344,-0.7103195,-0.7008668,1.0101848,0.58647954,0.091100186,-1.6768117,-0.05810465,-0.14682797,1.4578938,-0.83423007,0.4712725,-0.5624145,0.9801423,-0.5765465,-0.016372385,0.29442585,-0.08525833,-0.6513559,1.031641,1.1092643,0.51338005,-0.5487251,0.35083628,0.2765913,0.27896145,-0.8244364,-0.43806762,0.33746403,0.8341995,-1.6585381,0.79637337,-0.46607715,1.0548463,0.13995299,0.23776071,-0.4658623,-0.6086379,-0.4441018,1.575407,0.6225386,1,0
191,0.5512048,0.8944068,0.23506592,-1.0585723,0.26768523,-1.2489318,-0.5664081,0.47996312,0.45370984,0.11964155,-0.9440855,0.10196185,-0.9735004,0.25560886,-0.6119413,-0.024968619,-0.37833643,0.30362484,-1.0867145,-0.5782223,-0.41384125,-0.17588311,0.16851984,0.09791643,-0.31230536,0.48551357,-0.2274335,0.23106022,0.30257925,-0.05776659,0.021581976,-0.16399275,-0.6705216,0.50840473,2.5345643,-2.0558417,0.08707486,0.14138763,-0.24767572,-2.014773,0.3759698,-0.39274004,0.23387045,-0.03988051,0.45208198,-1.1625617,0.5716237,0.042238444,0.3292709,-0.7791989,-0.7103275,-0.69723755,1.0101783,0.58647954,-0.0017249787,-1.677536,-0.042590477,-0.13277592,1.442107,-0.8268008,0.47085458,-0.56237066,0.98015714,-0.57684064,-0.014575334,0.2928746,-0.084425695,-0.65329856,1.0244724,1.0983729,0.51384175,-0.5402799,0.35100198,0.2767742,0.057771172,-0.8289393,-0.42619014,0.34285748,0.8310924,-1.6354817,0.7863182,-0.47508618,1.0529273,0.13560466,0.25226164,-0.4639526,-0.6085662,-0.44400445,1.5762409,0.62380975,1,0
192,0.5611342,0.893968,0.25018707,-0.9284798,0.26514056,-1.2138816,-0.5604895,0.48337847,0.45814395,0.14163925,-0.88117546,0.10371199,-0.9565046,0.2846543,-0.60229826,-0.076511815,-0.15916096,0.3087533,-1.0868944,-0.57772255,-0.41589448,-0.1499111,0.2000024,0.099732056,-0.31230536,0.48551357,-0.24648757,0.23266508,0.32946074,-0.05730175,0.04995608,-0.19447237,-0.6696367,0.5103784,1.2182744,-2.0759425,0.095338196,0.14883074,-0.24729787,-2.0023906,0.3782167,-0.40614292,0.22869444,-0.04130873,0.2141142,-1.1625636,0.5727296,0.0438556,0.31812996,-0.77626485,-0.6406046,-0.69737786,0.96004647,0.5903533,1.459563,-1.6781622,-0.029800173,-0.1175908,1.4290805,-0.81740516,0.4684945,-0.56372935,0.98073274,-0.5770294,-0.059880134,0.29137152,-0.08338359,-0.6550822,1.0180876,1.0871291,0.51211333,-0.53693855,0.3509215,0.28024817,-0.046599805,-0.83343905,-0.4147906,0.3481773,0.8280994,-1.6126431,0.7832938,-0.47760278,1.0326049,0.13737774,0.25631362,-0.4635446,-0.5713577,-0.44606188,1.576971,0.6251117,1,0
193,0.5611342,0.8933277,0.25097087,-0.91277033,0.25894216,-1.2035862,-0.5604895,0.48337847,0.45814395,0.1484698,-0.88117546,0.10432163,-0.94515616,0.302191,-0.5964761,-0.09336309,-0.026829513,0.31184974,-1.0870031,-0.5774208,-0.41675934,-0.13225034,0.2190106,0.100828275,-0.31714317,0.48689488,-0.2684177,0.24546084,0.50447273,-0.012770349,0.050311774,-0.20222327,-0.6694055,0.51039076,0.012257185,-2.0959713,0.10340305,0.15593843,-0.24705996,-1.989969,0.3782167,-0.40489835,0.22869444,-0.04130873,-0.0014001053,-1.1625557,0.5736334,0.045482934,0.30713645,-0.77337205,-0.59949815,-0.6981425,0.92895967,0.5926922,1.2551308,-1.6787555,-0.018106427,-0.102172665,1.4169406,-0.8073629,0.46713227,-0.56497693,0.9810694,-0.5770968,-0.04882133,0.28988445,-0.082267836,-0.6567739,1.0120373,1.075871,0.5132712,-0.51535183,0.35478047,0.28438526,0.013865466,-0.8363041,-0.40324926,0.35489509,0.8258075,-1.5853348,0.7830558,-0.4776138,1.0203162,0.1391947,0.2564593,-0.46360078,-0.54670525,-0.44621772,1.5776659,0.6255834,1,0
194,0.5748108,0.8909488,0.2650767,-0.7691552,0.24721828,-1.1457404,-0.5543909,0.4869066,0.46607074,0.16816418,-0.800738,0.10385805,-0.94385386,0.302191,-0.5964761,-0.095016524,-0.026829513,0.31184974,-1.0870857,-0.5774208,-0.41675934,-0.12987818,0.2190106,0.09994258,-0.3229402,0.48855025,-0.28091067,0.26079372,0.71418566,0.040590636,0.086436614,-0.24113777,-0.67011994,0.51182175,0.86424166,-2.1152666,0.11162342,0.16398704,-0.24747267,-1.976585,0.3805354,-0.41844204,0.22341238,-0.043710932,0.12137924,-1.1625615,0.5735588,0.047392014,0.29693374,-0.7696684,-0.6006841,-0.69773704,0.9279787,0.5926922,-0.03335647,-1.6793488,-0.0066841696,-0.08700766,1.4047947,-0.7972682,0.46716052,-0.5649758,0.9811409,-0.5770968,-0.001962503,0.2883739,-0.08115781,-0.65842074,1.0060573,1.0647271,0.51590925,-0.48948497,0.3594627,0.2868293,0.08294525,-0.83781624,-0.39164892,0.36268276,0.8240948,-1.5544176,0.7816358,-0.4801602,1.0206397,0.13828893,0.26037106,-0.46265015,-0.5440845,-0.44491598,1.5783566,0.62534344,1,0
195,0.6089086,0.8869304,0.3003534,-0.41110313,0.2365066,-0.9966967,-0.5391864,0.4959272,0.48583317,0.22393592,-0.5949465,0.10270228,-0.9410557,0.30767158,-0.5951162,-0.09913876,-0.003900495,0.3116529,-1.0872917,-0.57736313,-0.41581327,-0.12066193,0.22073334,0.09672807,-0.3229402,0.48855025,-0.28091067,0.26079372,0.71418566,0.040590636,0.17652775,-0.32688394,-0.6718847,0.51566714,2.664023,-2.1331036,0.12042443,0.17434882,-0.24891755,-1.9613676,0.3865497,-0.4508694,0.21017851,-0.049709074,0.3893943,-1.162593,0.57142246,0.04993533,0.288093,-0.76435584,-0.5867541,-0.68967795,0.9193342,0.5934769,0.29094484,-1.6799457,0.004219026,-0.07194562,1.3929187,-0.7869618,0.4671506,-0.56441116,0.98133326,-0.5769714,-0.0024769995,0.28679192,-0.07987535,-0.65998584,1.0001242,1.0535495,0.51590925,-0.48948497,0.3594627,0.2868293,-0.0033960624,-0.83932847,-0.38044438,0.3702085,0.8224053,-1.5238858,0.7780522,-0.48676157,1.0190252,0.13646726,0.2701775,-0.4601721,-0.53766286,-0.44570768,1.5790431,0.6250554,1,0
196,0.6089086,0.8869304,0.30112264,-0.41110313,0.2365066,-0.96259356,-0.5391864,0.49751288,0.48583317,0.27107403,-0.5578516,0.10270228,-0.9212837,0.3463986,-0.5855071,-0.09913876,0.15811956,0.31026217,-1.0872917,-0.5769559,-0.40912864,-0.055538416,0.23290657,0.08961692,-0.3229402,0.48855025,-0.28091067,0.26079372,0.71418566,0.040590636,0.17686868,-0.32970876,-0.67167073,0.5157598,0.1631594,-2.1505687,0.12914065,0.18441945,-0.25027785,-1.946128,0.3882003,-0.44140905,0.2097189,-0.04977695,0.1202406,-1.1626246,0.56764394,0.05288408,0.27953237,-0.7589173,-0.48832297,-0.6398742,0.8582506,0.5990224,2.3526506,-1.6805657,0.0132881515,-0.056139905,1.3825655,-0.77578896,0.4665768,-0.5694621,0.9814328,-0.5760854,-0.017843807,0.2850483,-0.07745288,-0.6611915,0.9943871,1.0418662,0.51590925,-0.48948497,0.3594627,0.2868293,-0.0033960624,-0.84084064,-0.36965233,0.377459,0.82074064,-1.4937681,0.7776441,-0.48688015,0.99511504,0.1407351,0.27055827,-0.45940816,-0.4922864,-0.45130166,1.5797564,0.62465835,1,0
197,0.6089086,0.85837156,0.30116984,-0.41110313,0.22232854,-0.9605025,-0.5391864,0.49761015,0.48583317,0.27396423,-0.5555772,0.090064995,-0.9154951,0.34877312,-0.5833934,-0.0923778,0.16805357,0.31017688,-1.0856023,-0.576931,-0.40871873,-0.041842207,0.25177822,0.08918091,-0.34230548,0.48934013,-0.23917729,0.2771497,0.74497926,0.09429528,0.17720208,-0.3397552,-0.6714616,0.511953,0.009644357,-2.168034,0.13742554,0.19360295,-0.2518743,-1.930924,0.38830155,-0.44012716,0.2096907,-0.049780983,0.02168858,-1.163027,0.5636049,0.0557155,0.2716152,-0.75402546,-0.48599145,-0.63780916,0.85096747,0.59896284,0.46619102,-1.6811858,0.022082373,-0.040566336,1.3721107,-0.7646847,0.46596026,-0.56688887,0.97997683,-0.5760311,-0.019791394,0.28330472,-0.07503747,-0.6623299,0.9890718,1.0300477,0.52044004,-0.48271167,0.3748817,0.27930856,0.10986968,-0.8403813,-0.35727382,0.38507053,0.81725556,-1.4610116,0.7774171,-0.4834829,0.9920832,0.14309822,0.26994902,-0.45936137,-0.4806454,-0.4552473,1.5803479,0.62324715,1,0
198,0.63813543,0.8447381,0.3269267,-0.21765764,0.20662035,-0.8340986,-0.5293456,0.5016492,0.4802793,0.31235087,-0.37335506,0.06709192,-0.91420734,0.34877312,-0.5829644,-0.09047526,0.16805357,0.30471873,-1.085127,-0.576931,-0.40871873,-0.0391117,0.2568787,0.08283479,-0.34775487,0.49032468,-0.2274335,0.2817523,0.75364465,0.109407775,0.25257048,-0.39481682,-0.6740028,0.51324946,1.8045617,-2.1838958,0.1460504,0.20400201,-0.25430328,-1.9141471,0.39068738,-0.4393234,0.2016063,-0.04839026,0.12493431,-1.1640233,0.55693454,0.059135858,0.26602328,-0.7480265,-0.48703355,-0.6362819,0.84997183,0.5988505,-0.039418958,-1.6819104,0.030526537,-0.025382603,1.3617132,-0.7538089,0.46579674,-0.56165224,0.97956544,-0.5760311,-0.009401492,0.28139296,-0.072585896,-0.6634682,0.98360854,1.0180621,0.52361256,-0.48080572,0.37930024,0.27727062,0.100385375,-0.83979326,-0.34521994,0.39245683,0.81369686,-1.4284675,0.77673537,-0.48390624,0.9942018,0.14218988,0.2757108,-0.45991173,-0.47812027,-0.45621932,1.5808666,0.62165636,1,0
199,0.65668297,0.8411862,0.3461425,-0.094895154,0.19918369,-0.7538813,-0.5231004,0.5042125,0.47675475,0.3367114,-0.2577151,0.054769743,-0.9120418,0.36941534,-0.5784197,-0.07687839,0.20673013,0.29785728,-1.0844235,-0.5775624,-0.41055122,-0.017623233,0.30341733,0.07461385,-0.34775487,0.49080828,-0.2274335,0.2817523,0.7436875,0.109407775,0.3016084,-0.4279963,-0.6748809,0.5150891,1.6694679,-2.199182,0.15470657,0.21475537,-0.25696227,-1.8969024,0.39220136,-0.43893865,0.19647591,-0.04750765,0.11359621,-1.1652238,0.5493892,0.06272826,0.26130694,-0.74168015,-0.42595345,-0.62229383,0.82534915,0.60170424,1.2785347,-1.6827376,0.038192738,-0.01011904,1.351633,-0.7430727,0.46787414,-0.54588896,0.97855544,-0.5763433,0.0460249,0.27930972,-0.069990106,-0.6645525,0.9787801,1.0050889,0.5248168,-0.48430032,0.37935075,0.27732044,0.03978067,-0.83920515,-0.33354324,0.39952934,0.81003684,-1.3964854,0.7755457,-0.48508283,0.9855141,0.14325199,0.27904326,-0.4605209,-0.45980865,-0.45907146,1.581438,0.6199501,1,0
200,0.65668297,0.8392544,0.34974948,-0.094895154,0.19349173,-0.7538813,-0.5231004,0.5042125,0.47363958,0.3367114,-0.2577151,0.04827964,-0.90932053,0.39535522,-0.57270855,-0.059792053,0.25566068,0.29358765,-1.0835395,-0.57835585,-0.4128539,0.009379983,0.3624539,0.069343984,-0.3473963,0.491706,-0.23078896,0.27630174,0.7039447,0.11583075,0.30321792,-0.43206355,-0.673901,0.5152618,0.050025705,-2.2144685,0.16311662,0.22512856,-0.2596624,-1.8797475,0.3922547,-0.43666437,0.19646138,-0.046631213,0.0014261,-1.1666149,0.54174584,0.06624152,0.25691676,-0.735662,-0.34919795,-0.6060417,0.79440737,0.60529023,2.0936987,-1.6836222,0.0451964,0.0052301553,1.3418163,-0.7323755,0.4704848,-0.52944684,0.9772864,-0.5767356,0.07702506,0.27712923,-0.06731538,-0.665576,0.9746011,0.9913772,0.52676785,-0.49714297,0.37915128,0.2780224,0.04537537,-0.83838135,-0.32160994,0.4061618,0.80563635,-1.3650925,0.77453035,-0.48477426,0.9725434,0.14594042,0.27850485,-0.4611939,-0.4369039,-0.46231505,1.5820135,0.61805695,1,0
201,0.66174185,0.83362705,0.35461196,-0.07358737,0.17587672,-0.7429417,-0.52351475,0.50472516,0.4635802,0.3394332,-0.22502494,0.029378312,-0.90932053,0.39535522,-0.57313955,-0.059792053,0.25652808,0.29358765,-1.0835395,-0.57855386,-0.4128539,0.009379983,0.36391914,0.06811063,-0.3464488,0.49407855,-0.23965685,0.2618968,0.63197947,0.1328056,0.31647992,-0.44907868,-0.6741892,0.5150898,0.31756237,-2.229616,0.17120849,0.23502128,-0.26267326,-1.8624377,0.39304247,-0.42800108,0.19655876,-0.04382556,0.042053092,-1.1684433,0.53350335,0.06974052,0.2534664,-0.72994703,-0.34927773,-0.60574085,0.7944354,0.6053984,-0.0024956681,-1.6845068,0.05199384,0.020334058,1.3320113,-0.72165036,0.4713084,-0.528167,0.9771443,-0.57676196,0.01666753,0.274916,-0.06471077,-0.6665762,0.97045916,0.97779095,0.53192395,-0.5194782,0.3786241,0.27987745,0.15545706,-0.8370792,-0.3088331,0.41226402,0.79995465,-1.3342061,0.7748671,-0.48313898,0.9728385,0.14613374,0.27837175,-0.46232614,-0.43713775,-0.46143618,1.5824455,0.61589575,1,0
202,0.7014601,0.8295315,0.3927879,0.09370366,0.15568314,-0.6570523,-0.52676773,0.50875044,0.44923985,0.36080247,0.0316319,0.015646324,-0.90932053,0.39535522,-0.576523,-0.059792053,0.25652808,0.29358765,-1.0835395,-0.5801087,-0.4128539,0.009379983,0.36391914,0.058427356,-0.3464488,0.49407855,-0.23965685,0.2618968,0.63197947,0.1328056,0.4201692,-0.49827427,-0.6767151,0.5189154,2.7964754,-2.243812,0.17930935,0.24565145,-0.2664709,-1.8440093,0.39812034,-0.40717307,0.19762546,-0.039981138,0.30238134,-1.1706232,0.52328086,0.07372334,0.2526007,-0.72251534,-0.34990326,-0.60574085,0.79465544,0.60624796,-0.015596971,-1.6853911,0.058570493,0.035178322,1.3222152,-0.710914,0.47777742,-0.52149296,0.97602797,-0.5769689,0.16816373,0.27247894,-0.062070884,-0.6675879,0.9660424,0.96399516,0.53192395,-0.5194782,0.3786241,0.27987745,0.0077504613,-0.8357771,-0.29655144,0.4181163,0.7943575,-1.3037646,0.7779044,-0.484525,0.97541344,0.14437506,0.27710503,-0.46401966,-0.43730122,-0.46229312,1.5827621,0.6135836,1,0
203,0.7044574,0.8292224,0.40082532,0.10632811,0.15415925,-0.6505707,-0.5270132,0.50916696,0.44815767,0.3624151,0.051000234,0.014610049,-0.9008901,0.43115976,-0.57915574,-0.050913334,0.300639,0.29380196,-1.0722249,-0.581287,-0.41267735,0.0098578315,0.3821593,0.05084233,-0.3464488,0.49407855,-0.24670334,0.22289498,0.5300389,0.1328056,0.43026084,-0.50198674,-0.67557186,0.51977235,0.7445311,-2.2580085,0.18723576,0.25612798,-0.27014098,-1.825773,0.39862114,-0.40560126,0.19767404,-0.039696347,0.079652674,-1.1728033,0.51322454,0.077622175,0.25176105,-0.7152109,-0.24797302,-0.59103113,0.7516073,0.61329305,2.1315033,-1.6862715,0.06450978,0.050312422,1.3126959,-0.6998561,0.47885546,-0.5109941,0.9654026,-0.5771035,0.053354613,0.26986027,-0.05950773,-0.6686302,0.9616515,0.94972193,0.53128755,-0.55425346,0.37859738,0.281158,-0.019305617,-0.834475,-0.28282708,0.42276853,0.7875178,-1.2751837,0.77674663,-0.48513985,0.95758474,0.14932923,0.27247205,-0.4642443,-0.4053333,-0.46871787,1.5830737,0.61114925,1,0
204,0.7044574,0.822044,0.40237743,0.10632811,0.13223937,-0.6505707,-0.5287087,0.50920093,0.43753588,0.35152876,0.051000234,0.007031499,-0.89835244,0.44193736,-0.57987136,-0.048240725,0.31391698,0.2989687,-1.0688189,-0.5816063,-0.40931606,0.0100016715,0.3876498,0.048779104,-0.32842547,0.49664807,-0.26734278,0.18832102,0.2948237,0.118044265,0.43101862,-0.515929,-0.6751262,0.5190476,0.03004026,-2.272205,0.19465451,0.2656374,-0.27421454,-1.807486,0.39918178,-0.40609702,0.19879606,-0.03671792,0.029650412,-1.1752057,0.50337756,0.081350744,0.25128695,-0.708283,-0.21727677,-0.5881049,0.7386442,0.6153944,1.110739,-1.6870536,0.07034892,0.065369785,1.3031284,-0.6885252,0.47958738,-0.5079854,0.9621353,-0.576729,0.017544422,0.26722682,-0.057003234,-0.669638,0.9573297,0.93560266,0.5369621,-0.635056,0.3647174,0.28516442,0.13496965,-0.83371466,-0.2678986,0.42591712,0.7782319,-1.2507637,0.7767454,-0.48291966,0.9521161,0.15142736,0.270234,-0.46511152,-0.40131238,-0.46870372,1.5831976,0.6089836,1,0
205,0.7230669,0.7963114,0.41370365,0.09792788,0.10578546,-0.6459831,-0.52983916,0.5116692,0.42458045,0.306116,0.133192,-0.0017929395,-0.89835244,0.44193736,-0.57987136,-0.048240725,0.31391698,0.3023702,-1.0688189,-0.5819713,-0.40711063,0.005442618,0.34278226,0.048779104,-0.31641003,0.49836105,-0.27968833,0.17309856,0.15847188,0.10820348,0.47699314,-0.53042334,-0.67775697,0.517114,1.1003058,-2.2863433,0.2015444,0.27412283,-0.2786752,-1.7892076,0.40221676,-0.40764898,0.19881986,-0.03320789,0.16713537,-1.1778045,0.4946194,0.084742084,0.25201973,-0.7007209,-0.21727677,-0.5891059,0.7386442,0.6153944,-0.00082696596,-1.6877979,0.076056816,0.080222495,1.2935416,-0.6770922,0.4814768,-0.5191222,0.96181417,-0.57650393,0.045263372,0.26459336,-0.054380104,-0.6705767,0.95233583,0.92244464,0.54087293,-0.68194544,0.35546955,0.28757846,0.13558058,-0.8331634,-0.25283283,0.42844924,0.76813084,-1.2280962,0.7794652,-0.47933957,0.95470905,0.15265132,0.27007756,-0.46631327,-0.40504932,-0.467418,1.5832131,0.6069254,1,0
206,0.74759763,0.76869935,0.42863357,0.08685489,0.09017716,-0.6399358,-0.52903956,0.5151156,0.41683707,0.25582045,0.24153548,-0.006765272,-0.8992655,0.45417652,-0.57670623,-0.03316039,0.3107756,0.30563006,-1.0658993,-0.58262783,-0.40590343,-0.0026905166,0.23030896,0.050357055,-0.31641003,0.49836105,-0.28579044,0.16295458,0.09137054,0.10336673,0.53752935,-0.5372774,-0.68126374,0.5153523,1.8775855,-2.300428,0.20806003,0.2819637,-0.2833099,-1.7710375,0.4058028,-0.40925902,0.19724475,-0.031210093,0.24406624,-1.1805058,0.48685035,0.08785703,0.25372282,-0.6924783,-0.17809458,-0.5917397,0.7272042,0.6166699,0.81987035,-1.6884798,0.081662044,0.095089324,1.2836765,-0.66572297,0.48343042,-0.54321915,0.9587921,-0.57644176,0.057028797,0.2620017,-0.05137859,-0.6713842,0.94590086,0.9111242,0.5403411,-0.67747283,0.3554453,0.28868693,-0.016691342,-0.8327896,-0.23764902,0.43043464,0.7574067,-1.2069689,0.7824348,-0.47671145,0.953727,0.15476152,0.26992723,-0.46705204,-0.39656094,-0.46811423,1.5831219,0.6049867,1,0
207,0.74759763,0.765785,0.42863357,0.08345127,0.088318616,-0.6399358,-0.5267958,0.51565653,0.4164526,0.24955922,0.24153548,-0.0071615283,-0.90182745,0.48851946,-0.56782484,0.009154925,0.30196095,0.31498715,-1.0577065,-0.5831203,-0.402516,-0.008648976,0.08066589,0.05658322,-0.3142853,0.4987201,-0.30455205,0.13179138,-0.11311114,0.08979489,0.5375605,-0.5374383,-0.6812457,0.51499534,0.0007611287,-2.3145125,0.21438731,0.28959486,-0.28788245,-1.7530615,0.4059414,-0.4107257,0.19552514,-0.031129876,0.007524911,-1.183219,0.47942716,0.09085414,0.25542247,-0.68433225,-0.06814942,-0.59917283,0.6951038,0.620249,2.8287656,-1.6890224,0.08725002,0.11028759,1.2731922,-0.654494,0.48328984,-0.57138586,0.9512674,-0.57608753,-0.006664506,0.25954816,-0.04787167,-0.67200667,0.9378389,0.90211165,0.5397438,-0.6593817,0.3537552,0.29212984,-0.026862146,-0.8328002,-0.22151901,0.43128088,0.7449337,-1.1890209,0.7817144,-0.47635025,0.94125485,0.15777972,0.26793495,-0.46678925,-0.37339792,-0.46989092,1.5828644,0.60333884,1,0
208,0.74759763,0.7400411,0.42863357,0.05338473,0.071900874,-0.6399358,-0.5267958,0.51565653,0.41305616,0.19424981,0.24153548,-0.010661884,-0.90182745,0.48851946,-0.56782484,0.009154925,0.30196095,0.31684154,-1.0577065,-0.5831203,-0.402516,-0.008648976,0.08066589,0.072470054,-0.29551628,0.50189215,-0.31903327,0.10794724,-0.2561793,0.08979489,0.5378366,-0.53885925,-0.6810862,0.511842,0.0073648198,-2.328597,0.22025871,0.29620332,-0.29259273,-1.7353052,0.40600836,-0.4236819,0.19550698,-0.030179866,0.0032520338,-1.186023,0.47385278,0.09330711,0.2574109,-0.67629075,-0.06814942,-0.59954983,0.6951038,0.620249,0.23189044,-1.6895335,0.09267294,0.12523712,1.2627075,-0.64317316,0.48328984,-0.5867851,0.9512674,-0.57608753,-0.0029603594,0.25746784,-0.044654943,-0.6725395,0.93049407,0.8939638,0.5476498,-0.6104334,0.33942682,0.29506555,0.21284461,-0.8328107,-0.20442095,0.4313067,0.7307233,-1.1731118,0.7815426,-0.4730327,0.9410976,0.15977576,0.26794827,-0.4671653,-0.37918785,-0.4683273,1.5825402,0.6019424,1,0
209,0.77280045,0.7350708,0.44351605,-0.021599254,0.06295646,-0.64338547,-0.52860564,0.5183217,0.41034687,0.1624006,0.35014933,-0.010975563,-0.90380013,0.48851946,-0.56782484,0.009154925,0.29532492,0.31700772,-1.0577065,-0.583491,-0.402516,-0.008648976,-0.04429664,0.07389373,-0.2938343,0.5021764,-0.32033095,0.105810456,-0.26900026,0.09122725,0.5996522,-0.5273465,-0.6847603,0.512899,1.4800808,-2.3427248,0.22568606,0.30168915,-0.29722947,-1.7180448,0.40918756,-0.41104794,0.19600299,-0.02955855,0.16766863,-1.188827,0.46888572,0.09562213,0.26050636,-0.6671886,-0.06658928,-0.6020363,0.6965082,0.620249,0.031848587,-1.6900443,0.09796856,0.13985263,1.2521752,-0.63189965,0.4848347,-0.58347213,0.9510077,-0.5761369,0.033544425,0.25538749,-0.040774494,-0.67288345,0.92124,0.8880007,0.5483582,-0.60603803,0.33814278,0.29532865,0.05440178,-0.83276856,-0.18780403,0.43129674,0.71666735,-1.1573871,0.78553003,-0.47364855,0.94526374,0.15910666,0.26747146,-0.4674521,-0.38074997,-0.46818718,1.5822158,0.60051894,1,0
210,0.7808964,0.73421526,0.4488411,-0.04482116,0.060555823,-0.6444936,-0.52918696,0.5191778,0.40957433,0.15376173,0.38503987,-0.0081178835,-0.9044337,0.5159209,-0.5707934,0.028690355,0.28920788,0.32488006,-1.0538014,-0.58381957,-0.4126512,0.0034191525,-0.14948328,0.08706132,-0.2938343,0.5021764,-0.3235666,0.09315738,-0.26900026,0.09168737,0.6197361,-0.52360725,-0.6858111,0.51338947,0.8097766,-2.3568575,0.2309562,0.30701804,-0.30178198,-1.7010063,0.41020697,-0.40823495,0.19616286,-0.029386252,0.090014316,-1.1915472,0.46409833,0.09789312,0.26356018,-0.6580063,0.019138139,-0.6057022,0.6718921,0.6251297,1.802068,-1.6904044,0.10325826,0.15473357,1.2411572,-0.62051404,0.4832012,-0.58057684,0.9476853,-0.5774359,-0.0328189,0.25365606,-0.03651345,-0.6729939,0.9113989,0.88400644,0.5480835,-0.6042857,0.3381295,0.29591608,-0.010264244,-0.8327213,-0.17124356,0.4310948,0.7028546,-1.1418467,0.7866777,-0.47399548,0.936749,0.1626042,0.2659165,-0.4686009,-0.36246902,-0.47279787,1.5817429,0.59932786,1,0
211,0.7808964,0.73421526,0.4492221,-0.0732256,0.057407048,-0.6451311,-0.5299167,0.5191778,0.40957433,0.14678289,0.38503987,-0.006117535,-0.90425146,0.5351016,-0.5728713,0.04236499,0.28641814,0.33039063,-1.0510678,-0.5839663,-0.41974583,0.01577972,-0.19501375,0.097347625,-0.28334358,0.5027972,-0.32583147,0.074348755,-0.25681224,0.09630757,0.61990005,-0.5187548,-0.6857172,0.51343155,0.0055456515,-2.3709974,0.2360027,0.31185374,-0.30623856,-1.6842669,0.41034773,-0.41070673,0.19667096,-0.029386252,0.0060514524,-1.1942327,0.4596613,0.100052886,0.26656055,-0.64891213,0.07865543,-0.60771674,0.6542182,0.6285462,1.7575444,-1.6907023,0.10843863,0.16957158,1.2299643,-0.6090756,0.4817106,-0.58080167,0.94541794,-0.5783342,-0.05183289,0.25209704,-0.032122754,-0.6729815,0.90154403,0.8808058,0.5501759,-0.6049188,0.33002478,0.2963862,0.04694288,-0.83250445,-0.15452334,0.43075362,0.68922865,-1.1260135,0.7867884,-0.47403306,0.92979944,0.16524306,0.2645622,-0.4693481,-0.35261485,-0.4759938,1.5812086,0.5981658,1,0
212,0.78651994,0.74234015,0.45183474,-0.11274651,0.051664002,-0.6467755,-0.53125334,0.5197669,0.40980217,0.13466336,0.3696042,-0.0015656148,-0.9039994,0.5351016,-0.57381105,0.04236499,0.28131694,0.33039063,-1.0511403,-0.5839663,-0.42297465,0.021192059,-0.19501375,0.09882638,-0.2688331,0.5036558,-0.32291707,0.060584027,-0.22152278,0.1026981,0.63330555,-0.5122721,-0.6867343,0.5146945,0.32069334,-2.385156,0.24080159,0.3162087,-0.3106585,-1.667802,0.41121474,-0.41872308,0.19743654,-0.029479995,0.047509685,-1.1967849,0.45579833,0.102070384,0.26924348,-0.63994026,0.078302614,-0.60962486,0.6540875,0.6287563,-0.009395875,-1.6909999,0.113500714,0.18412578,1.2187421,-0.5976757,0.48119947,-0.5824562,0.94557023,-0.57873446,-0.014596477,0.2505659,-0.027793353,-0.6729403,0.8918944,0.87769103,0.5535841,-0.61283755,0.31884012,0.29593915,0.104757436,-0.83212113,-0.13789617,0.43040273,0.6760463,-1.1096412,0.7881487,-0.47521028,0.9307512,0.16460752,0.26406553,-0.46964395,-0.3570374,-0.4764438,1.5807182,0.5969368,1,0
213,0.8033025,0.76844263,0.459632,-0.11344107,0.047522433,-0.6490514,-0.5322303,0.52152526,0.41048217,0.12730207,0.32353798,0.012659199,-0.903901,0.5388341,-0.576629,0.04441615,0.26136687,0.33135495,-1.0513564,-0.583981,-0.43310267,0.023598293,-0.1877789,0.099980384,-0.2688331,0.5036558,-0.3142193,0.060493186,-0.16651656,0.1026981,0.6732937,-0.51295614,-0.6897805,0.51868683,1.1720564,-2.399336,0.24541624,0.32053098,-0.31513053,-1.6514776,0.41322163,-0.43745178,0.19762416,-0.029759327,0.12879406,-1.1990093,0.45259658,0.103980735,0.27114475,-0.63106924,0.08955565,-0.61712855,0.6509056,0.6299132,0.23263234,-1.6912792,0.11859407,0.19840805,1.2072848,-0.5863856,0.4796546,-0.585451,0.9460281,-0.57999176,-0.046852566,0.24906527,-0.023624925,-0.6728994,0.8825658,0.87455654,0.5543243,-0.6287822,0.31887805,0.294361,0.019271916,-0.83173794,-0.12190919,0.43016434,0.66370076,-1.0928717,0.7913633,-0.47892284,0.9325191,0.16298327,0.26412582,-0.47057918,-0.35465848,-0.4784515,1.5803137,0.5957285,1,0
214,0.8033025,0.78716546,0.459632,-0.11344107,0.047522433,-0.6490514,-0.5322303,0.52152526,0.41048217,0.12730207,0.32353798,0.019121397,-0.9029079,0.5765159,-0.5767643,0.065123804,0.21365485,0.34109044,-1.0513564,-0.584129,-0.43806848,0.04789071,-0.11473879,0.11163072,-0.2688331,0.5036558,-0.3142193,0.059576113,-0.16651656,0.1026981,0.67310375,-0.51295614,-0.68988895,0.52093863,0.10524359,-2.413517,0.24991569,0.3248819,-0.31952247,-1.6353455,0.41322163,-0.44079536,0.19762416,-0.029759327,0.010839437,-1.201063,0.4495628,0.105872,0.27279186,-0.6221466,0.20795304,-0.6353916,0.61741984,0.6352657,2.7235794,-1.6913903,0.124144286,0.21275353,1.1947918,-0.5751954,0.47945368,-0.6156858,0.9460617,-0.58062685,-0.011908626,0.24784268,-0.019657595,-0.67276275,0.8749575,0.87086064,0.5543243,-0.6285856,0.31887805,0.294361,-0.0012650478,-0.8313546,-0.10637834,0.42987275,0.6515457,-1.0763781,0.791475,-0.4809336,0.91963404,0.16573396,0.26414034,-0.47110736,-0.32978332,-0.48385084,1.579769,0.59470755,1,0
215,0.8033025,0.7891083,0.459632,-0.11344107,0.046492454,-0.66489965,-0.5322303,0.52152526,0.41048217,0.12166915,0.2893937,0.019791946,-0.9021575,0.580426,-0.57677835,0.07292083,0.20870401,0.3437626,-1.0475928,-0.5841444,-0.4385838,0.050411407,-0.09286387,0.11283962,-0.2770352,0.504468,-0.30761626,0.058659036,-0.10934792,0.10731294,0.673084,-0.51159626,-0.68990016,0.5211723,-0.0013801149,-2.4278986,0.25423244,0.32921013,-0.3238629,-1.6195133,0.41322163,-0.44939026,0.19762416,-0.029759327,-0.0014001053,-1.2031164,0.44693327,0.107612595,0.27411404,-0.6137197,0.21975514,-0.6371155,0.61350197,0.63582116,0.7493716,-1.6914694,0.12947911,0.22690862,1.1822845,-0.5640255,0.47817928,-0.62203825,0.94280714,-0.58069277,-0.033440743,0.24662015,-0.015856968,-0.6726447,0.8676941,0.86696655,0.5563271,-0.64159775,0.32539308,0.29324177,0.04666834,-0.8308019,-0.09141201,0.4297478,0.6403069,-1.0590984,0.79148656,-0.48114228,0.91812515,0.1660194,0.26273218,-0.4711622,-0.32424018,-0.48500732,1.5791872,0.5935994,1,0
216,0.8128317,0.8130444,0.4640995,-0.09686962,0.045570903,-0.6922168,-0.53160375,0.5216945,0.41074386,0.116691485,0.25755283,0.033047773,-0.90193605,0.580426,-0.57677835,0.0748531,0.17217466,0.34433115,-1.0463053,-0.5841444,-0.4385838,0.050411407,-0.087973304,0.11283962,-0.2798411,0.50510496,-0.30535737,0.058377862,-0.089790784,0.10889165,0.6957476,-0.51233315,-0.69162285,0.5245069,0.54216504,-2.4425812,0.2583987,0.3338809,-0.3282512,-1.6038848,0.41327187,-0.46351326,0.1971422,-0.029840967,0.0012597747,-1.2047814,0.44485444,0.10930483,0.27468702,-0.60518575,0.21958959,-0.65069604,0.61335033,0.63582116,-0.006583251,-1.6915451,0.13505341,0.24063873,1.1693336,-0.55317605,0.4777499,-0.6231381,0.9416926,-0.58069277,-0.019323295,0.24539757,-0.012146748,-0.67252696,0.86056966,0.86309826,0.5579068,-0.6460561,0.32766643,0.29289347,0.047423616,-0.8302296,-0.07685753,0.42960677,0.62930465,-1.0419508,0.79306453,-0.48416317,0.9197642,0.16390866,0.26260406,-0.4711299,-0.32320887,-0.48519275,1.5787286,0.5924811,1,0
217,0.82022214,0.8306299,0.46738163,-0.080912925,0.045152724,-0.7083031,-0.5311434,0.5218187,0.4109361,0.11445023,0.2427414,0.04278661,-0.90344197,0.5933448,-0.5706037,0.07190863,0.14533713,0.34933445,-1.0448927,-0.5840173,-0.43811536,0.03215565,-0.04328783,0.11424986,-0.28653738,0.50536877,-0.30535737,0.058377862,-0.089790784,0.10889165,0.7132575,-0.5139676,-0.6929968,0.5269569,0.5774683,-2.4573863,0.26244813,0.33872142,-0.33262828,-1.5884303,0.41330877,-0.47181618,0.19678812,-0.029901009,0.0013321296,-1.2062743,0.4430119,0.1109622,0.27494484,-0.59666127,0.2628874,-0.66080564,0.6033777,0.6362373,0.90607446,-1.6915245,0.14079924,0.25416136,1.1560934,-0.54213494,0.47682697,-0.62627405,0.9405447,-0.58061814,-0.024236774,0.2442124,-0.009138617,-0.67257667,0.85430205,0.8586696,0.55810106,-0.6460561,0.3329101,0.29291892,0.008007785,-0.8296572,-0.062709756,0.42942134,0.6184871,-1.0250905,0.7943354,-0.4863826,0.91724926,0.16268264,0.26236755,-0.47104406,-0.31368175,-0.48559895,1.5782146,0.59138805,1,0
218,0.82078797,0.8296198,0.46738163,-0.07542193,0.045152724,-0.7133911,-0.5316114,0.5218187,0.4109361,0.113546014,0.23668344,0.04278661,-0.9056283,0.61210185,-0.560782,0.06495661,0.14533713,0.3565988,-1.0427727,-0.5838327,-0.43611622,0.0056498535,0.021591678,0.11629743,-0.2962598,0.5054246,-0.30382228,0.058773674,-0.09083959,0.11119635,0.714515,-0.5145174,-0.6931485,0.5268358,0.038591553,-2.4722564,0.2663859,0.343577,-0.33694404,-1.5731782,0.413399,-0.47329342,0.19711354,-0.029901009,0.0033821573,-1.2077671,0.44124752,0.11256663,0.27515393,-0.5883361,0.3258931,-0.6610407,0.5888623,0.63666123,1.6938391,-1.6914047,0.14655694,0.26753342,1.1428047,-0.5307154,0.47568247,-0.63082707,0.93878204,-0.58034617,-0.03837338,0.24306598,-0.0068374244,-0.67279583,0.84891,0.8536619,0.55770105,-0.64512175,0.3404888,0.2926461,-0.018186072,-0.8290003,-0.048883382,0.429202,0.6077348,-1.0084076,0.7946245,-0.48627442,0.91176707,0.16308996,0.26136577,-0.4708179,-0.29983634,-0.48617187,1.5775843,0.5902776,1,0
219,0.8216108,0.82561255,0.46779796,-0.073196515,0.04526424,-0.7306453,-0.5333607,0.5218395,0.4110002,0.11029674,0.2174171,0.04340385,-0.90581995,0.61210185,-0.5580573,0.056060962,0.14564657,0.3565988,-1.0425531,-0.5838327,-0.4319216,0.0029291138,0.021591678,0.11629743,-0.29602274,0.50559145,-0.2989401,0.060032487,-0.094175115,0.119400404,0.7165454,-0.51308835,-0.6932535,0.52639776,0.048752792,-2.4872997,0.27019122,0.34845325,-0.3411969,-1.5581901,0.413757,-0.47834316,0.19832422,-0.029919995,0.020927994,-1.2092419,0.43967268,0.11409012,0.27522457,-0.5802868,0.32648158,-0.6612712,0.5888773,0.63608783,0.013580097,-1.6912847,0.15218374,0.28057933,1.1296561,-0.51920927,0.4763021,-0.6302051,0.9384767,-0.579826,0.0150993895,0.2419196,-0.0046213474,-0.67301923,0.843599,0.84873307,0.5585532,-0.6417244,0.34034434,0.29177746,0.022690784,-0.8281018,-0.035212893,0.42897424,0.59679365,-0.99165833,0.7952268,-0.4858933,0.91187644,0.16291992,0.26034412,-0.47037762,-0.29990578,-0.48605615,1.5769601,0.5890429,1,0
220,0.8313023,0.8162511,0.47270223,-0.046984665,0.046577655,-0.74327624,-0.536433,0.52208334,0.41175497,0.10589712,0.2174171,0.050673816,-0.908077,0.61210185,-0.5580573,0.051559303,0.14929125,0.3565988,-1.0425531,-0.5838327,-0.4319216,-0.029116193,0.021591678,0.11629743,-0.29323068,0.5054619,-0.2989401,0.060032487,-0.094175115,0.1296988,0.7400949,-0.5165228,-0.69469905,0.5257746,0.6112788,-2.5024898,0.27388945,0.35362425,-0.34543356,-1.5433918,0.4145907,-0.48248333,0.20039465,-0.030142605,0.048449144,-1.2105213,0.438397,0.115560934,0.2750884,-0.5721676,0.32813752,-0.6600309,0.59039915,0.63608783,0.038010206,-1.6911645,0.15758778,0.29331666,1.1166879,-0.5076626,0.4763021,-0.62287927,0.9384767,-0.579826,-0.00075852405,0.24077325,-0.0030575248,-0.6734245,0.8383241,0.8439717,0.55842066,-0.636713,0.3381561,0.29176494,-0.004208737,-0.82685745,-0.021670066,0.42875463,0.5855966,-0.9746732,0.797561,-0.48545453,0.9138917,0.16331436,0.25882295,-0.47028935,-0.30192056,-0.48606282,1.5763998,0.5876303,1,0
221,0.8325851,0.8151473,0.47328058,-0.016692972,0.04673253,-0.74476564,-0.53679526,0.52211213,0.41184396,0.105378345,0.22007014,0.051531058,-0.90953773,0.6295237,-0.55041695,0.03567472,0.15615074,0.354043,-1.0407538,-0.5833429,-0.43242705,-0.05432251,-0.06690253,0.11816587,-0.29290143,0.5054467,-0.2989401,0.05962802,-0.09980172,0.13091314,0.74318105,-0.5221235,-0.6949081,0.5257011,0.18810262,-2.5176797,0.2775248,0.35906398,-0.34966218,-1.528665,0.41468897,-0.4824014,0.20063882,-0.030168949,0.012758092,-1.2118009,0.43712312,0.11700222,0.2749829,-0.56416,0.38620985,-0.6577548,0.5770535,0.6367769,1.2225722,-1.6910936,0.16286795,0.30565327,1.1039937,-0.49590135,0.47357833,-0.6085765,0.93727136,-0.5798246,-0.066413514,0.23967637,-0.0015281008,-0.67383987,0.8317084,0.84088767,0.5584049,-0.6348851,0.3378981,0.29176345,-0.0044585825,-0.8256131,-0.0085031595,0.42847008,0.5744834,-0.95805186,0.797876,-0.4854028,0.90891975,0.16389845,0.25812206,-0.47027788,-0.29211086,-0.4867587,1.5758966,0.586251,1,0
222,0.83263606,0.81037825,0.47328058,-0.00680202,0.04673253,-0.7490554,-0.5388821,0.52211213,0.41184396,0.09555929,0.22103485,0.051531058,-0.90997213,0.6362796,-0.5476387,0.030091705,0.16591561,0.35311368,-1.0400996,-0.5831648,-0.43261078,-0.062114164,-0.09908127,0.11935915,-0.28626367,0.5054027,-0.29238257,0.05916949,-0.18447997,0.13489647,0.74334,-0.5235342,-0.6948958,0.5251317,0.005515611,-2.5329242,0.28105924,0.36448708,-0.35382462,-1.5141374,0.41509426,-0.48437268,0.20208834,-0.030168949,0.020061314,-1.2130804,0.43622115,0.11831549,0.27494562,-0.55627054,0.4086051,-0.65418506,0.57180196,0.63708186,0.747015,-1.6910291,0.16790809,0.31777522,1.0915092,-0.48408672,0.47258815,-0.60398114,0.936833,-0.5798241,-0.04048952,0.23859967,-4.4542045e-05,-0.6742465,0.8250266,0.83808714,0.5593241,-0.6117728,0.3327563,0.2905711,0.019581003,-0.82422245,0.0048529916,0.42787445,0.5620039,-0.94267184,0.79845494,-0.48489434,0.9068702,0.16449684,0.2568674,-0.47027752,-0.29028752,-0.48770148,1.5754013,0.58481014,1,0
223,0.8360799,0.8053085,0.4778619,0.014133172,0.05079977,-0.7547691,-0.54160994,0.52228653,0.41220352,0.08050474,0.19954103,0.053711787,-0.90997213,0.636604,-0.5476387,0.030091705,0.17164038,0.3515124,-1.0400996,-0.5831648,-0.43279275,-0.062114164,-0.13887809,0.119755246,-0.2809993,0.50536877,-0.28309166,0.058929402,-0.2481747,0.13796689,0.75292814,-0.5256561,-0.69471675,0.5249914,0.2297129,-2.5482247,0.28459612,0.37024838,-0.35787234,-1.4997536,0.41579926,-0.4932911,0.20393506,-0.030278118,0.042337224,-1.2142961,0.43591392,0.11945773,0.27469322,-0.5486419,0.4096455,-0.6520578,0.5715449,0.6371239,0.029404432,-1.6909955,0.172719,0.32964846,1.0791951,-0.47237137,0.4725576,-0.594699,0.9368381,-0.5798466,-0.00333713,0.23752947,0.0015968984,-0.6745939,0.8178056,0.8359907,0.5604134,-0.594304,0.3286963,0.28888467,0.030698687,-0.8227628,0.018122539,0.4271113,0.5489826,-0.92798764,0.7990244,-0.48482665,0.906594,0.16461846,0.25551277,-0.47025308,-0.29173708,-0.488642,1.5749629,0.5833381,1,0
224,0.84137446,0.8031834,0.48558372,0.046053857,0.058303826,-0.7584391,-0.5433166,0.5226858,0.41306153,0.0690908,0.16676849,0.057036825,-0.9091076,0.6407785,-0.545343,0.030994859,0.17435978,0.34840506,-1.0400012,-0.5831749,-0.43521267,-0.06070013,-0.21919583,0.121121235,-0.28077397,0.5048907,-0.2761459,0.058929402,-0.28083363,0.13796689,0.767902,-0.5290488,-0.6943111,0.5255207,0.45549133,-2.5635586,0.2881786,0.37642676,-0.36176857,-1.4855016,0.41653058,-0.504329,0.20501094,-0.030537514,0.046176676,-1.2154415,0.43607292,0.12046788,0.27417475,-0.5412851,0.42281115,-0.6510687,0.567611,0.63718855,0.27493545,-1.6910082,0.17731361,0.3412743,1.067031,-0.46079016,0.4721687,-0.5750167,0.9368119,-0.5801482,-0.012048667,0.23649539,0.0035117653,-0.6748443,0.8097094,0.83503175,0.55984634,-0.58453184,0.32849202,0.28757954,-0.01351912,-0.8213031,0.031179106,0.42620802,0.5356273,-0.91400963,0.7990456,-0.48543623,0.904668,0.16433392,0.254711,-0.4704013,-0.2888974,-0.48940244,1.5746018,0.5818904,1,0
225,0.8415221,0.8031834,0.4880858,0.046053857,0.062728055,-0.7584391,-0.5433166,0.5231392,0.41411355,0.0690908,0.16435672,0.057036825,-0.90617126,0.65495735,-0.53720087,0.034529604,0.18500294,0.3461434,-1.0396667,-0.58320934,-0.44248924,-0.05542189,-0.28589714,0.12722749,-0.28052157,0.50326645,-0.27415186,0.060000002,-0.39807984,0.13819964,0.7692884,-0.52767235,-0.69375604,0.5257723,0.040423956,-2.5788927,0.29173964,0.38264683,-0.36550128,-1.4714576,0.41698176,-0.5048443,0.20488763,-0.030853868,0.027707985,-1.2165866,0.43624902,0.12144952,0.2736431,-0.5340664,0.46758598,-0.6470343,0.5542358,0.6373383,1.141456,-1.6910549,0.18166424,0.35273793,1.0550305,-0.4492395,0.47100282,-0.5578332,0.9366973,-0.5810558,-0.03588885,0.23559633,0.005623764,-0.6749872,0.80109125,0.8351936,0.5559953,-0.5493519,0.32810313,0.2870583,-0.12093973,-0.8198349,0.044216428,0.42499912,0.5209708,-0.901618,0.7984236,-0.4858279,0.89893156,0.16429146,0.25475198,-0.4710311,-0.27911872,-0.48983106,1.5742801,0.5805293,1,0
226,0.8415221,0.8031834,0.4880858,0.046053857,0.062728055,-0.7584391,-0.5433166,0.5231392,0.41411355,0.0690908,0.1302695,0.057036825,-0.90617126,0.65495735,-0.53232867,0.041131966,0.20488267,0.3461434,-1.0396667,-0.58320934,-0.44248924,-0.048702806,-0.28589714,0.14795576,-0.27695394,0.50326645,-0.2693249,0.075131685,-0.4873824,0.14148937,0.7692884,-0.52767235,-0.69375604,0.5257723,0.004728284,-2.5942266,0.29520056,0.38878083,-0.36915097,-1.4576194,0.41698176,-0.51212674,0.20488763,-0.030853868,0.001995962,-1.217732,0.43655175,0.12236245,0.27282602,-0.5273128,0.4683911,-0.63951117,0.55404234,0.63634664,0.1503662,-1.6911014,0.18561214,0.3640774,1.043351,-0.43766358,0.47100282,-0.5639798,0.9366973,-0.5810558,-0.00650894,0.23520753,0.0075624455,-0.6750092,0.79342777,0.83631593,0.55667347,-0.52125037,0.32534778,0.28618363,0.00090288185,-0.8182545,0.056773905,0.42371053,0.50503963,-0.8905194,0.7984236,-0.4858279,0.8988565,0.1635177,0.25475198,-0.4710311,-0.2800883,-0.48929667,1.5739584,0.57945424,1,0
227,0.8495198,0.8275583,0.4892542,0.07482562,0.06215808,-0.7551503,-0.540807,0.524833,0.41869906,0.071818314,0.1083641,0.06895523,-0.90617126,0.65495735,-0.5316851,0.042004008,0.20750841,0.3461434,-1.0396667,-0.58320934,-0.44762802,-0.047815334,-0.28589714,0.15069357,-0.27648273,0.503716,-0.2675848,0.08787566,-0.49917758,0.14192387,0.78720194,-0.5333542,-0.6957826,0.5287717,0.42853126,-2.6095195,0.2986033,0.3952652,-0.37286058,-1.4437647,0.4181677,-0.52077514,0.20269041,-0.032216113,0.06139578,-1.2185276,0.4371267,0.123296246,0.2713574,-0.5203985,0.46849754,-0.6385175,0.55401677,0.6362157,0.004822106,-1.6911482,0.18941513,0.37517965,1.0317713,-0.42615795,0.47016084,-0.5647917,0.93683726,-0.5816937,-0.022343883,0.23481868,0.009412043,-0.67503875,0.7858926,0.8374153,0.55798,-0.51848173,0.32504502,0.28591275,0.032698598,-0.816674,0.068557724,0.4225596,0.48931864,-0.8796192,0.7996143,-0.48922578,0.900844,0.16151702,0.25642687,-0.47102264,-0.28019178,-0.48930877,1.5737516,0.5783792,1,0
228,0.8526057,0.8369637,0.48970512,0.08592759,0.06193815,-0.7471607,-0.53983855,0.52548665,0.4267433,0.073288776,0.101648845,0.08018014,-0.90461004,0.6621694,-0.52502406,0.04679445,0.22910441,0.35346633,-1.0433375,-0.58281535,-0.4573596,-0.038533818,-0.24876535,0.15602697,-0.27648273,0.5038894,-0.2671594,0.09202191,-0.49917758,0.14192387,0.79411393,-0.5363246,-0.69656456,0.5299291,0.26550463,-2.6247203,0.30194318,0.4017117,-0.37651515,-1.4300141,0.41850555,-0.5253995,0.2018751,-0.034489684,0.031168077,-1.2190757,0.43792894,0.12422546,0.26956055,-0.513312,0.49172628,-0.6301315,0.54719543,0.6357885,0.48571327,-1.6910543,0.19298851,0.38638255,1.0203298,-0.41416803,0.4681492,-0.57945174,0.94055915,-0.5828518,-0.05434993,0.23457119,0.011100231,-0.6750466,0.7793484,0.83816135,0.5584494,-0.5188457,0.32506862,0.2858528,0.015448959,-0.8150936,0.07991238,0.42142674,0.4738189,-0.8688853,0.80008703,-0.49145988,0.8989681,0.16045119,0.25863627,-0.47108632,-0.27511486,-0.4889097,1.5734621,0.57739943,1,0
229,0.8526057,0.8369637,0.48881605,0.08592759,0.058447074,-0.7417271,-0.53983855,0.52548665,0.4318165,0.07362674,0.101648845,0.085537255,-0.9033478,0.66800034,-0.5196386,0.050667506,0.24993433,0.3593869,-1.0463053,-0.5824969,-0.4636245,-0.026490184,-0.21758014,0.16033904,-0.27526373,0.5038295,-0.26504552,0.109403156,-0.47685176,0.14820516,0.79373914,-0.5380306,-0.69677514,0.529842,-0.008951986,-2.639878,0.30514556,0.40796208,-0.38018337,-1.4163876,0.41840878,-0.5267403,0.2019014,-0.035902712,-0.008456604,-1.2195257,0.43881384,0.1251394,0.26766735,-0.50621593,0.51050663,-0.6220866,0.54168034,0.63544303,0.5409173,-1.69089,0.19635029,0.3975408,1.0090506,-0.40193707,0.4667854,-0.59247303,0.94352466,-0.58358926,-0.0466176,0.23439486,0.012778275,-0.67501444,0.7733768,0.83869255,0.5585747,-0.5249903,0.32412225,0.28546396,-0.00026347773,-0.81328255,0.09044655,0.42060655,0.458557,-0.85765564,0.8003148,-0.49212837,0.89703596,0.16023673,0.25990006,-0.4711404,-0.27140042,-0.48876837,1.5731225,0.57634896,1,0
230,0.85421324,0.8433389,0.48701757,0.11032826,0.05059685,-0.7263258,-0.5396979,0.5252018,0.4382782,0.07705094,0.10294934,0.089169666,-0.9033478,0.66800034,-0.5196386,0.050667506,0.25533247,0.3593869,-1.0463053,-0.5825353,-0.46590376,-0.019217676,-0.21571496,0.1575521,-0.2704135,0.50363284,-0.26165888,0.13748626,-0.4313924,0.15826795,0.7964755,-0.5464562,-0.6976659,0.5304222,0.061535627,-2.6548407,0.30822057,0.414213,-0.38400146,-1.402654,0.41796786,-0.5258937,0.20191623,-0.03769048,-0.024753388,-1.2198695,0.439705,0.12605946,0.2656726,-0.4990936,0.51050663,-0.62006015,0.54168034,0.63544303,-0.00082696596,-1.6907256,0.19954917,0.4084963,0.9979173,-0.38974094,0.4665776,-0.5939223,0.9435594,-0.5838776,-0.0074873087,0.23414467,0.014536583,-0.674964,0.7674183,0.8390331,0.5587356,-0.53790873,0.32033923,0.28483102,0.0020011673,-0.81120336,0.10006913,0.42018005,0.4436705,-0.8456697,0.80123854,-0.49359044,0.897914,0.15986958,0.25990415,-0.4706727,-0.2729291,-0.48910552,1.5728177,0.5751108,1,0
231,0.86005855,0.8665215,0.48565683,0.20058495,0.042388067,-0.6697493,-0.5391864,0.52416617,0.46177533,0.08950254,0.11006182,0.10237841,-0.9027243,0.6685878,-0.51967686,0.051584784,0.25848314,0.3598461,-1.0457485,-0.5827274,-0.4745705,-0.01983202,-0.20433418,0.14696385,-0.2598774,0.50326645,-0.26165888,0.13835143,-0.39614582,0.15826795,0.80860883,-0.57114637,-0.6996788,0.5330389,0.35266864,-2.669238,0.31129685,0.42097557,-0.3880929,-1.3883833,0.41636407,-0.52228904,0.20197028,-0.044191513,-0.10457922,-1.2199088,0.4406465,0.12703678,0.26335067,-0.4916646,0.51196027,-0.61881286,0.5408299,0.63552475,0.029620623,-1.6905522,0.20260097,0.41927108,0.986896,-0.37757438,0.46579674,-0.5944216,0.94317627,-0.58497983,-0.024714781,0.23367167,0.016245939,-0.6749766,0.76139045,0.83874565,0.55859077,-0.5490886,0.3120962,0.28479457,-0.007795516,-0.8091241,0.10927089,0.41983277,0.4293973,-0.8334114,0.80333406,-0.49936026,0.899568,0.15827702,0.2596987,-0.46901676,-0.27562824,-0.48920742,1.5726023,0.5737224,1,0
232,0.86005855,0.8665215,0.48565683,0.22756737,0.042388067,-0.6596447,-0.5391864,0.52416617,0.46177533,0.08950254,0.15216957,0.10237841,-0.89170986,0.67896664,-0.52035356,0.067790575,0.31414646,0.36795893,-1.0359099,-0.58365285,-0.48125526,-0.030685952,-0.0032665457,0.1389449,-0.2598774,0.50326645,-0.26165888,0.13835143,-0.39614582,0.15826795,0.80860883,-0.5769043,-0.6996788,0.5330389,0.045003813,-2.6835146,0.31433377,0.42792064,-0.39215,-1.3741417,0.41636407,-0.51299244,0.20197028,-0.044191513,-0.0145632615,-1.2199485,0.44139037,0.12804209,0.26144913,-0.48395354,0.5376423,-0.59677684,0.5258057,0.6369699,0.5675471,-1.6902319,0.20501128,0.43040377,0.97632354,-0.3647046,0.46532995,-0.6304301,0.9341744,-0.58592874,-0.016919808,0.23299825,0.016895989,-0.67533666,0.75821495,0.83491886,0.55859077,-0.5490886,0.3120962,0.28479457,-0.003957326,-0.80704486,0.118096724,0.4194658,0.41537318,-0.8213716,0.80333406,-0.49936026,0.89373887,0.15940452,0.25580385,-0.46980605,-0.2644673,-0.49066517,1.5722158,0.57219905,1,0
233,0.86005855,0.8665215,0.48565683,0.23151308,0.03818298,-0.65816706,-0.5391864,0.52416617,0.46177533,0.08950254,0.15832706,0.10237841,-0.89009917,0.68048435,-0.52045256,0.072466396,0.3222862,0.36914527,-1.0344713,-0.58378816,-0.48223275,-0.03227313,0.050864555,0.13777226,-0.25365308,0.5030454,-0.25558555,0.1661471,-0.3164001,0.16669403,0.80860883,-0.5788114,-0.6996788,0.5330389,1.3567397e-05,-2.6977918,0.317212,0.4346603,-0.3962229,-1.3600576,0.41636407,-0.511633,0.20197028,-0.044191513,-0.0014001053,-1.219988,0.44211262,0.12902425,0.25958258,-0.4763708,0.5413978,-0.59347516,0.5236087,0.6371813,0.18693827,-1.689912,0.20729052,0.44132173,0.965828,-0.35195622,0.46526194,-0.63485247,0.9328581,-0.5860675,-0.006444894,0.23232484,0.017415058,-0.67571944,0.75550395,0.8307478,0.5590471,-0.56963634,0.30725455,0.28367233,0.0080121355,-0.8046563,0.12575053,0.41968992,0.40234905,-0.80788136,0.80333406,-0.49936026,0.89288646,0.1595694,0.25523427,-0.46992156,-0.26479185,-0.49147615,1.5718292,0.57051647,1,0
234,0.86230785,0.87223434,0.48822325,0.307792,0.035395097,-0.6096571,-0.5329514,0.52440447,0.46889934,0.1169141,0.21706292,0.10255368,-0.89009917,0.68048435,-0.52045256,0.07340918,0.3222862,0.36914527,-1.0344713,-0.58424604,-0.48645988,-0.049095422,0.060974482,0.13777226,-0.25110835,0.502955,-0.25310254,0.1775109,-0.26511222,0.17013891,0.8146079,-0.5977766,-0.6997026,0.5339612,0.14352283,-2.7114527,0.3201958,0.4420474,-0.40042382,-1.3454418,0.4152865,-0.491067,0.19760402,-0.0461886,-0.058463182,-1.2200226,0.44167334,0.13031003,0.25813505,-0.46827576,0.5413978,-0.59344274,0.5236087,0.6371813,-0.00082696596,-1.6895919,0.20946799,0.452024,0.9554181,-0.33929795,0.46650118,-0.6297203,0.9326528,-0.5866509,0.026402658,0.23165141,0.017528838,-0.6762188,0.7528701,0.82661235,0.55923367,-0.5831568,0.30527514,0.2832134,0.0039781886,-0.8022148,0.13293347,0.4200422,0.3899515,-0.7940349,0.8015764,-0.5012384,0.89291,0.15898566,0.25835344,-0.46961653,-0.2655917,-0.4917205,1.5714443,0.56880677,1,0
235,0.8642149,0.8770778,0.49039912,0.3724621,0.034489043,-0.55834174,-0.5276653,0.5249343,0.47493905,0.14015391,0.2888739,0.10270228,-0.88860226,0.68376434,-0.5206345,0.0813437,0.3368367,0.3699243,-1.0321593,-0.5846342,-0.4921833,-0.07586454,0.11119832,0.13784006,-0.25187296,0.502955,-0.25310254,0.1775109,-0.24927078,0.17013891,0.8196941,-0.614825,-0.69972277,0.5347431,0.16639893,-2.7246552,0.32322538,0.44971028,-0.40463805,-1.330573,0.41471487,-0.46852654,0.19381033,-0.047895677,-0.049452003,-1.220054,0.44052523,0.13177295,0.25712714,-0.45973325,0.5509552,-0.5875897,0.5202039,0.6376246,0.1993575,-1.6892568,0.21134809,0.46268678,0.9452052,-0.32661688,0.46645227,-0.614313,0.93052804,-0.58741146,0.0052656736,0.23097977,0.016942736,-0.6769194,0.7510512,0.82175756,0.55917585,-0.5874975,0.30586982,0.2832134,-0.004837689,-0.7997733,0.13982388,0.42039195,0.37790456,-0.7802529,0.8000488,-0.50283813,0.8916089,0.15883668,0.26022142,-0.4695737,-0.2628221,-0.4921677,1.5710429,0.56709814,1,0
236,0.8642149,0.8770778,0.49039912,0.3724621,0.034489043,-0.541183,-0.5276653,0.52548665,0.47493905,0.14015391,0.32594982,0.10270228,-0.88608116,0.6892884,-0.5209409,0.09470694,0.3613425,0.37123635,-1.0282655,-0.5846342,-0.49578688,-0.0969287,0.19578485,0.13795425,-0.2531607,0.5028121,-0.25241706,0.18155986,-0.22211364,0.17196323,0.8196941,-0.6170796,-0.69972277,0.5347431,1.3567397e-05,-2.7376978,0.3261987,0.4572348,-0.4087605,-1.3158201,0.4152907,-0.45992988,0.19365555,-0.04791941,0.037292074,-1.2200856,0.4392738,0.13324046,0.25639278,-0.45103452,0.5670515,-0.577732,0.5144696,0.6383712,0.4269321,-1.6889036,0.21288875,0.47335193,0.93521374,-0.31388867,0.46459952,-0.5952001,0.92724276,-0.58785963,-0.057683025,0.23031035,0.015752008,-0.67778844,0.7502424,0.8159821,0.5587846,-0.59238434,0.30685565,0.28307495,-0.013832361,-0.7972648,0.146314,0.42083952,0.36638618,-0.76618516,0.79998565,-0.50285065,0.88938403,0.15941918,0.2589137,-0.46993697,-0.258164,-0.49299473,1.5706202,0.5653566,1,0
237,0.8643246,0.8773262,0.49046847,0.37494934,0.034454193,-0.53807306,-0.5280259,0.52550215,0.47463462,0.14108776,0.33088684,0.102770865,-0.88608116,0.6892884,-0.5209409,0.09470694,0.3613425,0.37123635,-1.0283012,-0.5846342,-0.49592474,-0.0969287,0.19578485,0.13795425,-0.25291047,0.50225425,-0.24974112,0.1973664,-0.115884006,0.17908514,0.8199634,-0.61786634,-0.69973683,0.534779,0.0064550578,-2.7507012,0.32909906,0.46468955,-0.41280586,-1.3012254,0.41538155,-0.45852602,0.19390026,-0.04783516,0.003414184,-1.2201153,0.4379694,0.13469294,0.25571856,-0.4424245,0.5670515,-0.577732,0.5144696,0.6383712,-0.00082696596,-1.6885505,0.21434686,0.4837996,0.92531043,-0.30124688,0.4645896,-0.5952001,0.9272773,-0.5878768,-0.0028652276,0.22964095,0.014572746,-0.6786409,0.7494501,0.8102971,0.5576551,-0.61149985,0.30659994,0.2825341,-0.037720297,-0.79455024,0.15212412,0.42165178,0.35610074,-0.7507833,0.80009997,-0.50283825,0.8893979,0.15939644,0.2587489,-0.46998447,-0.2582673,-0.49328274,1.5701982,0.56350917,1,0
238,0.86690634,0.88317704,0.49210328,0.43353978,0.033633318,-0.46481445,-0.5365199,0.52586806,0.46746454,0.16308554,0.44718447,0.1043864,-0.88608116,0.6892884,-0.5209409,0.09470694,0.3613425,0.37123635,-1.0291411,-0.5846342,-0.49917158,-0.0969287,0.19578485,0.13795425,-0.24701615,0.50225425,-0.24974112,0.1973664,-0.11087213,0.17908514,0.82630634,-0.6363994,-0.70006853,0.5356257,0.15819332,-2.7628148,0.33211064,0.47245628,-0.4168758,-1.2861245,0.41752332,-0.4254561,0.19966373,-0.045852788,0.116821475,-1.2200996,0.43528506,0.13647501,0.2560727,-0.43291494,0.5670515,-0.577732,0.5144696,0.6383712,-0.00082696596,-1.688197,0.2157106,0.49399164,0.91551447,-0.28871167,0.4643512,-0.5952001,0.92809135,-0.58828056,-0.008443692,0.22897153,0.013385987,-0.67947996,0.7486812,0.80472565,0.55810183,-0.6123967,0.30201507,0.2825341,0.0034407037,-0.79183567,0.15765774,0.4224303,0.34604767,-0.73556304,0.80279416,-0.50254744,0.88972485,0.15886049,0.2548665,-0.47110492,-0.26011997,-0.49328274,1.5697911,0.5616616,1,0
239,0.86732024,0.8841154,0.49236545,0.4429366,0.033501662,-0.45306513,-0.53788215,0.5259268,0.46631455,0.16661358,0.46583647,0.1046455,-0.88183606,0.69517386,-0.52309996,0.105794,0.3710793,0.37279332,-1.0302832,-0.58444774,-0.50177705,-0.08217389,0.21904635,0.13490537,-0.24607079,0.50187373,-0.24974112,0.1973664,-0.110068314,0.17908514,0.82732385,-0.6393718,-0.70012164,0.53576154,0.055125557,-2.7749286,0.33503422,0.48012477,-0.4208591,-1.2712295,0.41786677,-0.4201523,0.20058812,-0.04553477,0.03978991,-1.2200837,0.432634,0.13821764,0.25642505,-0.423561,0.58287877,-0.5733045,0.50746346,0.63951844,0.330688,-1.6878139,0.21682477,0.5041907,0.90578383,-0.27619228,0.46353447,-0.59168345,0.9292798,-0.5885813,-0.022890283,0.22822137,0.012428994,-0.6802474,0.7482242,0.7986788,0.5572267,-0.61254054,0.3012286,0.28249592,-0.023006745,-0.7891211,0.1629598,0.423167,0.33615416,-0.72058654,0.80322623,-0.50250083,0.887059,0.15966952,0.25470155,-0.47148097,-0.25523326,-0.49446028,1.569349,0.5597597,1,0
240,0.86732024,0.8792718,0.49236545,0.4429366,0.033501662,-0.45306513,-0.54237044,0.5254607,0.4627098,0.16661358,0.46583647,0.1046455,-0.87850505,0.69771975,-0.52403396,0.112883314,0.3752912,0.37612376,-1.0307189,-0.58422565,-0.5026788,-0.07414564,0.22910877,0.1335865,-0.24607079,0.5015031,-0.24844687,0.20203833,-0.054941274,0.17963164,0.8273675,-0.6393718,-0.7000971,0.5351888,0.001061982,-2.7870421,0.33787322,0.48767936,-0.42475954,-1.2565377,0.41831762,-0.4201523,0.20381638,-0.04450953,0.022475448,-1.2200677,0.4299317,0.13993101,0.25682887,-0.41441604,0.58869904,-0.57086325,0.5034559,0.64001465,0.20116508,-1.687374,0.21785751,0.5143043,0.8960423,-0.2636433,0.4626062,-0.5905109,0.92983526,-0.5886658,-0.028771477,0.22745574,0.011555794,-0.6809782,0.74783826,0.7926145,0.5564202,-0.6191926,0.30118498,0.282224,-0.029270697,-0.7863865,0.16782689,0.4240594,0.3272577,-0.70499325,0.8045186,-0.501448,0.88547987,0.1604192,0.25257,-0.4719569,-0.2522739,-0.49510568,1.5688409,0.557837,1,0
241,0.86830276,0.87242746,0.4918229,0.40981546,0.03364416,-0.4448431,-0.54871273,0.5247819,0.4595057,0.17206861,0.46844697,0.105697125,-0.87717634,0.69771975,-0.52485615,0.11492176,0.3752912,0.3784854,-1.0310833,-0.5840999,-0.5026788,-0.072682865,0.21417129,0.1316167,-0.24418598,0.5013199,-0.24729645,0.20619108,-0.0059404806,0.1801174,0.8293766,-0.6352878,-0.7004505,0.53432775,0.04840724,-2.7990515,0.34059966,0.4946809,-0.4285002,-1.2421783,0.41890448,-0.41827616,0.20839208,-0.043586336,0.03728184,-1.2200211,0.42700034,0.1416693,0.2572573,-0.40543318,0.5876523,-0.57039565,0.5026176,0.6401769,-0.029600514,-1.686905,0.21883054,0.52425826,0.88633734,-0.2511283,0.4622005,-0.5937669,0.93023866,-0.5886501,-0.016541943,0.22663794,0.010797257,-0.6816779,0.7471394,0.78679115,0.55621254,-0.62510544,0.2996996,0.2819971,-0.011750132,-0.7836405,0.17236683,0.42502198,0.31897095,-0.6891451,0.80675024,-0.50019157,0.885503,0.16109079,0.24938272,-0.4723093,-0.2522514,-0.49539018,1.5683087,0.55587333,1,0
242,0.8702453,0.867929,0.49086177,0.35113427,0.03435197,-0.430276,-0.55288124,0.5243129,0.45959294,0.18173338,0.473072,0.107560314,-0.8759034,0.69852537,-0.5270012,0.122482546,0.3741425,0.3793694,-1.0317292,-0.5841255,-0.50312024,-0.06826276,0.17189173,0.1277421,-0.24084665,0.50126,-0.24729645,0.20619108,-0.0059404806,0.1801174,0.8333143,-0.6279264,-0.7011687,0.53370434,0.11623045,-2.8109248,0.3432169,0.50102127,-0.4320515,-1.2281888,0.4192327,-0.41495216,0.21141541,-0.04358942,0.020585516,-1.2199343,0.4238246,0.14344554,0.25767875,-0.39656866,0.58905286,-0.5700596,0.5012798,0.640697,0.027195003,-1.6864192,0.21968025,0.534111,0.8766259,-0.23877233,0.46245033,-0.6028118,0.9307932,-0.5887082,0.0045431177,0.22574194,0.010320965,-0.6823064,0.745761,0.7814835,0.5563202,-0.62510544,0.2970935,0.28199106,0.0009914796,-0.78089446,0.1767188,0.42594156,0.31079683,-0.67352766,0.8087241,-0.4996365,0.88569194,0.1618912,0.24740136,-0.47235626,-0.2523106,-0.49591815,1.5677702,0.55385697,1,0
243,0.8710944,0.867929,0.49083456,0.34906155,0.036266323,-0.430276,-0.55288124,0.5243129,0.45995966,0.18173338,0.472391,0.107560314,-0.870552,0.70191216,-0.5298944,0.1544893,0.36931318,0.3830858,-1.03159,-0.58423346,-0.50497615,-0.048846636,0.10540637,0.1261249,-0.24075446,0.50099564,-0.24722452,0.2065155,-0.0044704964,0.18044527,0.83518195,-0.62704206,-0.7013997,0.5337017,0.054077495,-2.8227978,0.34578425,0.5072983,-0.43549466,-1.2144108,0.41922635,-0.4151153,0.21141715,-0.04369171,-0.0018089663,-1.2198474,0.4206983,0.14518307,0.25809124,-0.38784963,0.5959436,-0.56862503,0.49543178,0.6416751,0.17362843,-1.6858768,0.2202883,0.5441,0.86667705,-0.22672388,0.4625634,-0.6190959,0.93064606,-0.5889526,0.0007909213,0.22481203,0.010404316,-0.6827703,0.7435107,0.7770281,0.5556761,-0.6247983,0.29698613,0.2819514,-0.02276435,-0.77813643,0.18087961,0.4268265,0.3027554,-0.65810996,0.80896276,-0.49968812,0.88365066,0.162656,0.24733637,-0.4725191,-0.2480098,-0.49692592,1.5671659,0.55181146,1,0
244,0.8710944,0.867929,0.48987296,0.27582356,0.036266323,-0.430276,-0.55288124,0.5243129,0.45995966,0.18173338,0.44832945,0.107560314,-0.870552,0.70191216,-0.5298944,0.16229208,0.36931318,0.3830858,-1.0266707,-0.58423346,-0.50497615,-0.019385999,0.10540637,0.1261249,-0.23749706,0.50054246,-0.24468407,0.21797888,0.04747079,0.19203082,0.83478075,-0.6144891,-0.7016256,0.53360987,-0.001781794,-2.8346713,0.34817317,0.51259965,-0.43869546,-1.2012414,0.41922635,-0.42087886,0.21141715,-0.04369171,-0.001460861,-1.2197607,0.4177193,0.14684935,0.25828087,-0.37954408,0.5959436,-0.56785387,0.49543178,0.6416751,0.025096625,-1.6853347,0.22074012,0.55391884,0.85680324,-0.21488298,0.46094748,-0.6262307,0.9263728,-0.5889526,-0.040876485,0.22388214,0.011072888,-0.68303955,0.7413282,0.7725595,0.55503047,-0.6139469,0.29440227,0.28144526,-0.022804163,-0.77496505,0.18463178,0.4279324,0.2951355,-0.64159554,0.8091955,-0.49960616,0.8838732,0.1627141,0.24548744,-0.4725191,-0.24905385,-0.4971955,1.5665613,0.54955345,1,0
245,0.8729632,0.88000315,0.487165,0.2178585,0.03762154,-0.40733817,-0.54825664,0.5251184,0.46058267,0.18536508,0.42178515,0.11156101,-0.870552,0.70191216,-0.5322405,0.16365393,0.3586466,0.37715426,-1.0258121,-0.58432513,-0.50860226,-0.01424417,0.052044928,0.1261249,-0.23513599,0.50046337,-0.24424061,0.21997961,0.056536216,0.19783103,0.83768135,-0.60618883,-0.7028162,0.5347837,0.06745715,-2.846253,0.35049906,0.5172624,-0.4417101,-1.1883565,0.4191468,-0.42611298,0.20798522,-0.043901503,-0.0056089344,-1.2195563,0.41483647,0.14851181,0.25803554,-0.37141407,0.5955634,-0.572502,0.4955161,0.6421368,-0.008791654,-1.6849061,0.22113962,0.5633822,0.8470562,-0.20355287,0.46047914,-0.6316608,0.92565775,-0.5894153,-0.021281073,0.22295217,0.011936386,-0.683252,0.7383016,0.76904666,0.55505806,-0.6078067,0.29255655,0.28135684,-0.0059836176,-0.771655,0.18827233,0.42899325,0.28746116,-0.62512475,0.80902123,-0.5007651,0.88507944,0.16233139,0.24769959,-0.47282097,-0.24986236,-0.4977083,1.5661281,0.54722404,1,0
246,0.87381756,0.88770866,0.48600382,0.19720313,0.03905886,-0.36853996,-0.54445463,0.5257904,0.46110246,0.18702531,0.4115701,0.11338995,-0.87167627,0.7035518,-0.5358411,0.17430492,0.34778768,0.37112316,-1.0229733,-0.5844131,-0.516087,0.009248314,-0.036644917,0.12650172,-0.23431648,0.5002619,-0.24566424,0.21997961,0.056536216,0.19955824,0.83902,-0.6062278,-0.7033535,0.53558713,0.049495354,-2.8574147,0.3528336,0.5216601,-0.44460708,-1.1755003,0.41909346,-0.4280459,0.20516092,-0.044076413,-0.005263565,-1.2193271,0.4120156,0.15014856,0.25768378,-0.36339566,0.60109097,-0.57601863,0.4951961,0.6430399,0.11299767,-1.6845653,0.22137049,0.5726613,0.8373623,-0.19277199,0.4587471,-0.63071847,0.923322,-0.5903581,-0.044260245,0.22203222,0.013548279,-0.6832385,0.7341133,0.7667891,0.5544929,-0.6058655,0.291884,0.2815947,-0.01666571,-0.7683156,0.19174223,0.43001223,0.27986738,-0.60886055,0.8084219,-0.50157493,0.8854849,0.16252735,0.24876407,-0.47353604,-0.24989647,-0.49849257,1.5658056,0.5448863,1,0
247,0.87381756,0.8897455,0.48600382,0.19720313,0.039820883,-0.34215814,-0.54288185,0.5260735,0.4613214,0.18438673,0.40315223,0.11338995,-0.87272394,0.70507973,-0.5381968,0.18422972,0.3422129,0.36803,-1.020328,-0.5844561,-0.5215168,0.031573035,-0.09655674,0.12685286,-0.23203729,0.49991104,-0.24784406,0.22806466,0.08446297,0.2053828,0.8390018,-0.6088667,-0.7033637,0.53582895,-0.00057433796,-2.8683584,0.35514882,0.52594984,-0.44742832,-1.162718,0.4190775,-0.4306629,0.20399107,-0.044149984,-0.0025384952,-1.2190982,0.4093762,0.15171838,0.25725663,-0.3555692,0.6064039,-0.57725817,0.49486202,0.64368457,0.14935546,-1.684263,0.22148034,0.58177584,0.8277405,-0.18229868,0.45721295,-0.62813365,0.92113256,-0.59103936,-0.051119357,0.22111832,0.015576486,-0.6830932,0.72936994,0.7651804,0.55360436,-0.59832925,0.29005075,0.2819544,-0.030728888,-0.76476246,0.19484006,0.4311609,0.27255324,-0.592099,0.807955,-0.50182974,0.88536537,0.16287728,0.24867621,-0.47407362,-0.25038904,-0.49895132,1.565528,0.54244256,1,0
248,0.87420535,0.8959661,0.4860455,0.20640342,0.039250907,-0.3224253,-0.5411564,0.52625877,0.4625497,0.17810166,0.3874517,0.11385734,-0.87272394,0.70507973,-0.53884286,0.18422972,0.3422129,0.36742648,-1.020328,-0.58457655,-0.521724,0.032382447,-0.11923619,0.12685286,-0.22751705,0.49960688,-0.24943553,0.24314438,0.13655023,0.2164326,0.8398237,-0.61290985,-0.70348674,0.53657174,0.019675354,-2.8790517,0.35744244,0.5302301,-0.45022377,-1.1499263,0.41891485,-0.43585572,0.2027475,-0.044500273,-0.010009403,-1.2188554,0.40704942,0.15319428,0.25670588,-0.34793302,0.6063004,-0.57731545,0.4948849,0.6438115,-0.0029937248,-1.6839722,0.22153266,0.5906954,0.8182436,-0.17193212,0.4576851,-0.6215365,0.92105514,-0.59108,0.00843012,0.22020443,0.017669521,-0.68292123,0.7243279,0.763967,0.5530626,-0.58406794,0.28648275,0.28221235,-0.020584833,-0.76090693,0.19750296,0.43250155,0.26556844,-0.574547,0.8075742,-0.50267804,0.88549554,0.16250613,0.24955642,-0.4739688,-0.2518478,-0.49894202,1.5652684,0.5398434,1,0
249,0.87597746,0.9242295,0.48624328,0.24856442,0.036661275,-0.23277044,-0.5333121,0.52710056,0.46813557,0.1719055,0.3874517,0.11598089,-0.8727328,0.7051131,-0.5418529,0.18385176,0.3423066,0.36468428,-1.0202788,-0.5851356,-0.52267617,0.032806642,-0.2235202,0.12688711,-0.2262937,0.49960688,-0.2494715,0.24314438,0.13655023,0.21727866,0.843584,-0.63134974,-0.7040466,0.5399472,0.108342566,-2.8888423,0.35982275,0.5346259,-0.4530672,-1.1366355,0.41817513,-0.43727207,0.19709386,-0.046093673,-0.048620775,-1.2185631,0.40506944,0.15459204,0.2560405,-0.34025365,0.6059336,-0.57758373,0.4949733,0.6444068,-0.010535516,-1.6837234,0.22150497,0.5993959,0.80892223,-0.16174656,0.45986104,-0.5905306,0.92065305,-0.59126747,0.05866811,0.2192914,0.020075232,-0.68266034,0.7179868,0.76414675,0.55315727,-0.58313525,0.28553057,0.2822188,-0.0005328466,-0.7570268,0.20001188,0.43378764,0.2586572,-0.55722386,0.80584335,-0.50653374,0.8860817,0.16083406,0.2535363,-0.47349414,-0.25229833,-0.49953908,1.565074,0.5372321,1,0
250,0.8766924,0.9242295,0.48682025,0.27400497,0.036661275,-0.23277044,-0.5329507,0.52710056,0.46851295,0.1719055,0.3874517,0.11598089,-0.87336487,0.70747554,-0.5471312,0.15714222,0.34893322,0.36468428,-1.0167993,-0.5859499,-0.5234402,0.06278413,-0.31125116,0.12930794,-0.2262937,0.49960688,-0.25201195,0.24314438,0.13655023,0.21727866,0.84540796,-0.6363149,-0.70409864,0.54000026,0.061366484,-2.8986323,0.36215222,0.5392635,-0.45589927,-1.1234338,0.41809902,-0.43727207,0.19684467,-0.046198808,-0.0129775135,-1.2182708,0.40312806,0.15595317,0.25538853,-0.33271703,0.61322623,-0.57815194,0.49386978,0.64571965,0.15219617,-1.6834744,0.22164162,0.6076457,0.799962,-0.15123765,0.4620202,-0.56304055,0.91709054,-0.5914629,0.058266457,0.2184416,0.02335194,-0.68211347,0.71046156,0.76577854,0.5529293,-0.58313525,0.28551766,0.28267968,-0.008702935,-0.7531466,0.20230335,0.43501443,0.2518788,-0.5402311,0.8057952,-0.50663656,0.8857049,0.16182485,0.25217792,-0.4736151,-0.2514838,-0.500618,1.5648794,0.5346634,1,0
251,0.87682736,0.9242295,0.48692915,0.2788052,0.03506289,-0.23277044,-0.53288245,0.52710056,0.46858415,0.16272697,0.3874517,0.11598089,-0.8734841,0.70792127,-0.54812706,0.15210259,0.40717196,0.36656487,-1.0161428,-0.5861036,-0.52358437,0.06844036,-0.32780448,0.1297647,-0.21748444,0.49976444,-0.2582627,0.2479806,0.17684281,0.22737445,0.8457523,-0.6377166,-0.70410854,0.5400102,0.01709857,-2.9084222,0.36438692,0.54380006,-0.4587146,-1.1104053,0.4180846,-0.43949106,0.19679768,-0.04621874,-0.0029794513,-1.2179786,0.4015631,0.15719746,0.2547761,-0.3252726,0.6146021,-0.55723125,0.49366155,0.6459674,0.05897545,-1.6831894,0.22124103,0.61595243,0.79185945,-0.14000049,0.4624274,-0.55785364,0.9164183,-0.59149975,0.017167876,0.21759187,0.026554996,-0.68157214,0.7030553,0.767378,0.55347717,-0.5685416,0.27865356,0.2838293,0.0091436505,-0.7488958,0.20437284,0.4363501,0.24535565,-0.52229834,0.80578613,-0.50665593,0.88563377,0.16201176,0.25192162,-0.47363785,-0.2541028,-0.5002556,1.5646427,0.5319041,1,0
252,0.87801164,0.9374022,0.48728022,0.3407267,0.030495388,-0.15898739,-0.5265043,0.5287335,0.46950263,0.1475893,0.40087286,0.112048745,-0.8734841,0.70792127,-0.5516682,0.14059798,0.43467274,0.3674724,-1.0161428,-0.586464,-0.52358437,0.06844036,-0.40979552,0.1297647,-0.21323337,0.49984047,-0.26104772,0.2503144,0.19628672,0.23224638,0.8484096,-0.65887386,-0.7044001,0.5416069,0.06358436,-2.9172769,0.36669555,0.5486978,-0.46167934,-1.0967101,0.41855067,-0.43989402,0.19191717,-0.04654554,0.023283076,-1.2178016,0.40044734,0.15829542,0.2544067,-0.31780985,0.614044,-0.54797465,0.49378467,0.6466625,-0.01251622,-1.682896,0.2208142,0.6240295,0.78408504,-0.1285296,0.4639371,-0.5269007,0.9161722,-0.591544,0.032728177,0.21674207,0.030011196,-0.68094736,0.6944042,0.7702973,0.55376226,-0.5614992,0.27534235,0.28434214,0.0074230465,-0.7445588,0.20627105,0.437667,0.23896857,-0.5043612,0.8040945,-0.5082543,0.88596886,0.16154341,0.255401,-0.47354525,-0.25553235,-0.5006836,1.5643582,0.5291004,1,0
253,0.8791683,0.9502685,0.48762313,0.4093395,0.026787493,-0.08692018,-0.52027446,0.5303284,0.47039983,0.13712995,0.43472397,0.108208045,-0.8733742,0.7088482,-0.5582017,0.12242155,0.4618234,0.37062246,-1.0160455,-0.58699626,-0.52180237,0.07179508,-0.5908587,0.13148327,-0.21323337,0.49984047,-0.26321203,0.2503144,0.19628672,0.23224638,0.85100543,-0.680841,-0.7046849,0.5431665,0.08329575,-2.9255285,0.36904022,0.55391026,-0.46472916,-1.0826147,0.41900602,-0.43405384,0.18715014,-0.046864502,0.030936584,-1.217699,0.3994816,0.15932745,0.25438565,-0.3101605,0.615969,-0.5388501,0.49327272,0.6480508,0.035594463,-1.6825423,0.22030179,0.6319533,0.7767546,-0.11647882,0.46641254,-0.45788518,0.91567916,-0.5913878,0.06712375,0.21593781,0.034043353,-0.6801276,0.6834097,0.7757796,0.5535703,-0.5614992,0.27533117,0.28473485,-0.008196348,-0.7402218,0.20800056,0.4389332,0.23268136,-0.4867021,0.8024421,-0.50981534,0.88605094,0.16163945,0.2586901,-0.47328904,-0.25515652,-0.5018749,1.5639791,0.5263274,1,0
254,0.8791683,0.9502685,0.48705745,0.42531797,0.025755187,-0.08692018,-0.52027446,0.5303284,0.47032326,0.13126576,0.47548383,0.10673347,-0.8727188,0.7107796,-0.5642434,0.108785115,0.5169911,0.3772357,-1.0158541,-0.58735037,-0.51752573,0.07838737,-0.78929013,0.13486043,-0.21002421,0.49974862,-0.26890785,0.25124446,0.20414208,0.2325945,0.8507707,-0.6841026,-0.7048177,0.5431155,-0.005597362,-2.9337804,0.3713087,0.5591769,-0.46777138,-1.0686419,0.41900727,-0.42492124,0.18714975,-0.04684314,-0.0013308824,-1.2176394,0.3986003,0.16030706,0.2547271,-0.30234125,0.62088305,-0.51848346,0.49166518,0.6494572,0.12796825,-1.6820918,0.21955816,0.6398527,0.76998085,-0.103623256,0.4684991,-0.38167468,0.91516304,-0.5908997,0.057967987,0.2152003,0.03863383,-0.6791013,0.6702328,0.78372896,0.5531059,-0.5601784,0.2727914,0.285759,-0.017401557,-0.7358721,0.20952412,0.44018328,0.22658473,-0.46916386,0.8025787,-0.5097586,0.8855581,0.16276899,0.25846702,-0.47289157,-0.2549886,-0.5027481,1.563473,0.5235928,1,0
255,0.8791683,0.9502685,0.4842688,0.42531797,0.02066575,-0.08692018,-0.52027446,0.5303284,0.4699459,0.102354385,0.47548383,0.0994636,-0.870552,0.7113217,-0.5642434,0.108785115,0.525937,0.37932184,-1.0158541,-0.58735037,-0.5137059,0.07838737,-0.78929013,0.13486043,-0.19420259,0.4992954,-0.27602133,0.25582984,0.24287023,0.2343109,0.8496145,-0.685447,-0.705472,0.54286426,-0.03326015,-2.9420326,0.3734241,0.5642719,-0.4708616,-1.0548366,0.41901377,-0.43015748,0.18714808,-0.046738245,-0.0009896026,-1.2177501,0.39852664,0.16101663,0.25535595,-0.29478186,0.6211804,-0.5149016,0.48986503,0.6495187,0.0066678463,-1.6816097,0.21876115,0.64763814,0.76331556,-0.09070508,0.4690958,-0.38167468,0.91506594,-0.59042513,0.014173328,0.2144628,0.043100383,-0.6780715,0.6572571,0.79153526,0.5526775,-0.5536667,0.26037803,0.28700504,-0.016278768,-0.7314721,0.21075967,0.44149518,0.22094643,-0.45129317,0.80325216,-0.50947887,0.88550466,0.16297598,0.25842628,-0.47253826,-0.2586676,-0.50214654,1.5628738,0.52083236,1,0
